0,0.469289164941339,0.388089005235602,0.349172066234701,0.27939142461964,0.443527918781726,0.276742581090407,0.412698412698413,0.454419889502762,0.43391360412637,0.471063257065949,0.474326059050064,0.503926701570681,0.511897106109325,0.44885598923284,0.416364952932658,0.350473612990528,0.429778933680104,0.406091370558376,0.485064935064935,0.364177131526768,0.396796056685151,0.377595972309629,0.440217391304348,0.393995098039216,0.423620025673941,0.38122243226213,0.403205128205128,0.494557823129252,0.346808510638298,0.463701765860039,0.42572347266881,0.42360248447205,0.293610911701364,0.284831846259437,0.471978392977718,0.259927797833935,0.407594936708861,0.352756892230576,0.41796875,0.508659397049391,0.379623168178646,0.285614525139665,0.336949152542373,0.528127068166777,0.345583494519665,0.528141361256545,0.531761624099542,0.274170274170274,0.296695402298851,0.414696485623003,0.420156139105749,0.490170380078637,0.292351679771265,0.505798969072165,0.459314055144586,0.486504279131007,0.357328145265888,0.4354127284184,0.292887029288703,0.436211340206186,0.335003579098067,0.274509803921569,0.337247227658187,0.366688185926404,0.382857142857143,0.282744282744283,0.468154957321077,0.381377551020408,0.277815239379636,0.374050632911392,0.371409921671018,0.515837104072398,0.278901734104046,0.300355871886121,0.340865074241446,0.286890871654084,0.401482396541075,0.388349514563107,0.437587657784011,0.273775216138329,0.358103779628443,0.481601032924467,0.381039755351682,0.473469387755102,0.488311688311688,0.428848641655886,0.393842206542656,0.488614183474301,0.468812877263581,0.479398299542184,0.361850443599493,0.448630136986301,0.28921244209133,0.405850091407678,0.43461781427669,0.276052449965493,0.45855614973262,0.482603092783505,0.438867438867439,0.404241645244216,0.503880983182406,0.475924633635729,0.408349641226354,0.372522214627478,0.476128188358404,0.404837683004456,0.446588559614059,0.417105263157895,0.380548302872063,0.466577540106952,0.470119521912351,0.414032869785082,0.433247753530167,0.465379494007989,0.457475994513032,0.565142364106989
0.469289164941339,0,0.518773466833542,0.487955953200275,0.457769181173437,0.474433656957929,0.491834170854271,0.54214675560946,0.297297297297297,0.410762942779292,0.4,0.427980702963473,0.291731669266771,0.373900293255132,0.399275362318841,0.295843520782396,0.484142394822006,0.513461538461539,0.534869617950273,0.39756446991404,0.494303797468354,0.491270319084889,0.490267639902676,0.37037037037037,0.502372479240807,0.457516339869281,0.492073170731707,0.400133600534402,0.333070866141732,0.386281588447653,0.400993612491128,0.423592493297587,0.453451551614946,0.438740588637919,0.499063085571518,0.3149300155521,0.439649359406608,0.509852216748768,0.531594202898551,0.44813829787234,0.411261582323592,0.5,0.451083388049902,0.481314432989691,0.31378763866878,0.44946641556811,0.31269592476489,0.351766513056836,0.46524064171123,0.448158253751705,0.469191270860077,0.405688622754491,0.42846975088968,0.43694614860259,0.375,0.294483294483295,0.289596273291925,0.439820742637644,0.494006309148265,0.451612903225806,0.50096463022508,0.39568345323741,0.52757793764988,0.47639751552795,0.472065285624608,0.495395948434622,0.499054820415879,0.369533527696793,0.465116279069767,0.505775075987842,0.485609308022045,0.512709237445753,0.222940226171244,0.436388508891929,0.417127071823204,0.48962148962149,0.483891345546431,0.531526222746022,0.513043478260869,0.366283524904215,0.442789438050102,0.511164755582378,0.397727272727273,0.499411764705882,0.313971742543171,0.330590875093493,0.434228187919463,0.454428754813864,0.261514441842311,0.414068165337201,0.416903409090909,0.512253436939629,0.39807976366322,0.51668653158522,0.509757539917209,0.394878706199461,0.484542586750789,0.404332129963899,0.393314366998577,0.433086751849361,0.459005810200129,0.33808095952024,0.145648312611012,0.383448275862069,0.463349024882313,0.407697790449038,0.522378908645003,0.194142259414226,0.441295546558704,0.502824858757062,0.410701373825018,0.306748466257669,0.473750790638836,0.495830660679923,0.385233918128655,0.289912629070691,0.527255639097744
0.388089005235602,0.518773466833542,0,0.288717589348283,0.382208588957055,0.376793512164691,0.269457161543492,0.148846960167715,0.555084745762712,0.536059057353776,0.363083164300203,0.481971153846154,0.539292141571686,0.525149700598802,0.346361185983827,0.590223295111648,0.348020434227331,0.305353602115003,0.152083333333333,0.364953886693017,0.315789473684211,0.339770669885335,0.245173745173745,0.384005287508262,0.288009888751545,0.39987714987715,0.229315960912052,0.462434478741992,0.446052631578947,0.448060075093867,0.399743754003844,0.522753128555176,0.409117821195974,0.389030612244898,0.242866622428666,0.507425742574257,0.393596986817326,0.104551920341394,0.290461538461538,0.382057716436637,0.463354037267081,0.264747191011236,0.367398119122257,0.365577889447236,0.51129234629862,0.394441159077469,0.514250309789343,0.488621997471555,0.381528662420382,0.398983481575604,0.284409654272668,0.366574965612105,0.39777922926192,0.325857519788918,0.521270221689635,0.561320754716981,0.521739130434783,0.363636363636364,0.356027482823235,0.362547288776797,0.305263157894737,0.487163814180929,0.292667509481669,0.407319952774498,0.414792899408284,0.309717868338558,0.234543010752688,0.43010752688172,0.419411764705882,0.280534351145038,0.247582205029014,0.468134414831981,0.530649038461538,0.330474934036939,0.409404388714734,0.433755760368664,0.244857332448573,0.307359307359307,0.115,0.342398884239888,0.343098958333333,0.312383322962041,0.451393188854489,0.320720720720721,0.490220820189274,0.612324929971989,0.513264129181084,0.36939151813153,0.58012636415853,0.381902860944777,0.397668393782383,0.438606510565391,0.372218476062036,0.297633872976339,0.288985148514851,0.494555873925501,0.432800473653049,0.394375408763898,0.379288025889968,0.526887871853547,0.388242498469075,0.595550484883058,0.503527902501604,0.485964912280702,0.268309377138946,0.40987812700449,0.233532934131737,0.590615835777126,0.47644603458557,0.16340782122905,0.384259259259259,0.571345369831101,0.411237298266587,0.298291721419185,0.435946462715105,0.551057401812689,0.612557427258805
0.349172066234701,0.487955953200275,0.288717589348283,0,0.344295302013423,0.328522336769759,0.371052631578947,0.280859916782247,0.531788079470199,0.443438914027149,0.353328456474031,0.425133689839572,0.506921555702043,0.462105969148223,0.374377224199288,0.516438356164384,0.302668539325843,0.23841059602649,0.279696132596685,0.367231638418079,0.370517928286853,0.384856070087609,0.33961038961039,0.349056603773585,0.360655737704918,0.348032564450475,0.372924648786718,0.470588235294118,0.446491849751949,0.407994486560992,0.365168539325843,0.440231362467866,0.370873786407767,0.407031778228533,0.361111111111111,0.483085250338295,0.36593707250342,0.278122843340235,0.361809045226131,0.374493927125506,0.416494845360825,0.192458758837392,0.360942760942761,0.328522336769759,0.472260748959778,0.362290862290862,0.471879286694102,0.473539518900344,0.354614850798057,0.406779661016949,0.265162200282087,0.329545454545455,0.369285714285714,0.297627606038821,0.460817146684528,0.514397905759162,0.451393609789259,0.359242325277596,0.321745057941377,0.384154460719041,0.239941477688369,0.443619176232276,0.361812297734628,0.340118187787262,0.326217478318879,0.382842509603073,0.358717434869739,0.40771349862259,0.349508196721311,0.362637362637363,0.363519588953115,0.362673726009265,0.505256241787122,0.295306859205776,0.403910991233985,0.299533022014676,0.364177131526768,0.372225745085606,0.264933239634575,0.339352896914974,0.32274011299435,0.399244332493703,0.415363698164514,0.388957055214724,0.467953135768436,0.528698979591837,0.438391699092088,0.300479123887748,0.557644110275689,0.358490566037736,0.364797728885735,0.343669250645995,0.353631694790902,0.368956743002544,0.368950345694532,0.422978177150192,0.34314381270903,0.362007168458781,0.371249127704117,0.452380952380952,0.312542837559973,0.528883183568678,0.505183137525916,0.447368421052632,0.288614938361131,0.365888181174805,0.334450402144772,0.514304723885562,0.455310880829016,0.333333333333333,0.357658959537572,0.541214057507987,0.366382140512147,0.243831640058055,0.403913347309574,0.530343007915567,0.55584872471416
0.27939142461964,0.457769181173437,0.382208588957055,0.344295302013423,0,0.418422636965683,0.282315112540193,0.434426229508197,0.4296875,0.432871763997592,0.448953709575143,0.48425430778372,0.434118395926162,0.516398330351819,0.398578811369509,0.437458636664461,0.326713645099295,0.412630288166769,0.435643564356436,0.485196374622356,0.387705416920268,0.427195467422096,0.370633510953227,0.418693982074264,0.41643059490085,0.441943127962085,0.365315852205006,0.339563862928349,0.400134048257373,0.244569025928521,0.452147239263804,0.37546468401487,0.414962010520164,0.272850372376439,0.281028938906752,0.429768041237113,0.148997134670487,0.395945140131187,0.37129575828007,0.460082791247782,0.486371895820715,0.289239204934887,0.183137525915688,0.347798742138365,0.473583704646722,0.237942122186495,0.459631277813096,0.46991766941102,0.176261549395878,0.273405698778833,0.32703213610586,0.441558441558442,0.503623188405797,0.210195530726257,0.512529832935561,0.4289356277884,0.478153846153846,0.254674403610574,0.396499698249849,0.189226519337017,0.413056741915802,0.267498267498267,0.254801536491677,0.239819004524887,0.369119420989144,0.401292596944771,0.279039584685269,0.41128010139417,0.358353510895884,0.316049382716049,0.344598672299336,0.319269521410579,0.534124629080119,0.211336599020294,0.226989619377163,0.290342679127726,0.282958199356913,0.44042913608131,0.401919616076785,0.384667114996638,0.225138121546961,0.322916666666667,0.478313253012048,0.381526104417671,0.436974789915966,0.465971796443899,0.429088714544357,0.363080684596577,0.459592843923504,0.459561128526646,0.504488330341113,0.31973203410475,0.415204678362573,0.262594458438287,0.403890160183066,0.377981651376147,0.182312925170068,0.470080197409007,0.495538370017847,0.436560432952496,0.377899877899878,0.508098380323935,0.434262948207171,0.402200488997555,0.337670787247886,0.498800959232614,0.429073856975381,0.442591404746632,0.385481852315394,0.385036496350365,0.473716759431045,0.422660725652451,0.371966019417476,0.404514948139109,0.447714464621165,0.428664072632944,0.619834710743802
0.443527918781726,0.474433656957929,0.376793512164691,0.328522336769759,0.418422636965683,0,0.429082240762813,0.313738019169329,0.501261034047919,0.332467532467532,0.373144399460189,0.28259385665529,0.442517662170841,0.3346911065852,0.391046741277156,0.490590525632706,0.370018975332068,0.179615110477548,0.310388782664117,0.270118964310707,0.430972388955582,0.375222288085359,0.358308157099698,0.388484447385837,0.360071301247772,0.192896935933148,0.419147694103911,0.381538461538461,0.483558994197292,0.479064039408867,0.353408338848445,0.402100061766523,0.216522318454364,0.464917632702868,0.423191870890616,0.515451174289246,0.428483353884094,0.346824408468244,0.350417163289631,0.362651370299554,0.306529209621993,0.329260013577733,0.423100303951368,0.40098704503393,0.409825033647376,0.392751039809863,0.406937958639093,0.387948544346649,0.412170639899624,0.465770171149144,0.31076724693746,0.38013698630137,0.264914772727273,0.384664536741214,0.330163043478261,0.525485436893204,0.479101684341859,0.382566585956417,0.182952182952183,0.433070866141732,0.176261549395878,0.496951219512195,0.449884792626728,0.393305439330544,0.212324179504354,0.338899196042053,0.430113977204559,0.369393139841689,0.214142761841228,0.454962707974756,0.420070011668611,0.367017978921265,0.348032564450475,0.373548387096774,0.466626213592233,0.335995085995086,0.433412604042806,0.374851013110846,0.35892634207241,0.410342511752854,0.386378103119032,0.420806545879603,0.273735273735274,0.36310223266745,0.518955873213176,0.475278121137206,0.308300395256917,0.204483695652174,0.455457967377666,0.343365253077975,0.259887005649718,0.311221326720397,0.397333333333333,0.466216216216216,0.366923532898637,0.413939393939394,0.425671641791045,0.360160965794769,0.255944055944056,0.316929133858268,0.212678936605317,0.374005305039788,0.480706344015697,0.376966645689113,0.338826631509558,0.269796776454099,0.319567979669632,0.482561826252378,0.387198986058302,0.390663390663391,0.344897959183673,0.527426160337553,0.205962059620596,0.176678445229682,0.353099730458221,0.50936329588015,0.613846153846154
0.276742581090407,0.491834170854271,0.269457161543492,0.371052631578947,0.282315112540193,0.429082240762813,0,0.333540372670807,0.501856435643564,0.481395348837209,0.464665415884928,0.500292911540715,0.531231409875074,0.538911644236396,0.42031746031746,0.508495909376967,0.365960099750623,0.427360774818402,0.329200247985121,0.4797583081571,0.310235219326128,0.346199524940618,0.276529338327091,0.446741854636592,0.304715840386941,0.429166666666667,0.247133757961783,0.402628434886499,0.477763659466328,0.380154639175258,0.481103779244151,0.456891495601173,0.423522595596756,0.265582655826558,0.0760401721664275,0.511259890444309,0.286186384666226,0.285260482846252,0.302957151478576,0.369931378665003,0.508917954815696,0.362745098039216,0.295865633074935,0.367801857585139,0.535888077858881,0.410063620589936,0.540216086434574,0.515003061849357,0.267160161507402,0.268474576271186,0.357583230579531,0.446808510638298,0.49546279491833,0.244368600682594,0.529100529100529,0.485924112607099,0.533096926713948,0.390041493775934,0.417804154302671,0.280392156862745,0.430547203848467,0.359058207979071,0.194719471947195,0.351237175618588,0.405055849500294,0.275426405559065,0.111426543647977,0.459277403551745,0.412485414235706,0.148173207036536,0.264817150063052,0.408793820558526,0.52790973871734,0.270397842211733,0.296222664015905,0.372931442080378,0.0836909871244635,0.335735735735736,0.286538461538462,0.428292046936115,0.238387978142076,0.253180661577608,0.482035928143713,0.304373876572798,0.529981829194428,0.546875,0.468933177022274,0.377415458937198,0.503880597014925,0.477777777777778,0.492788461538462,0.38600583090379,0.444726810673443,0.195567144719687,0.319927971188475,0.54510661563696,0.307449494949495,0.494252873563218,0.493768545994065,0.481373690337602,0.395908543922984,0.547147846332945,0.472903225806452,0.44792899408284,0.358514724711908,0.501490757304711,0.300252844500632,0.520340012143291,0.429957550030321,0.219251336898396,0.481299816063765,0.49546279491833,0.393794749403341,0.420228777844672,0.46134817563389,0.497838171710933,0.625465376023827
0.412698412698413,0.54214675560946,0.148846960167715,0.280859916782247,0.434426229508197,0.313738019169329,0.333540372670807,0,0.577464788732394,0.45813679245283,0.385019710906702,0.42179802955665,0.493601462522852,0.469075321494183,0.406269993602047,0.553048780487805,0.374225526641884,0.206206896551724,0.0320933625091174,0.362158647594278,0.339987523393637,0.2640099626401,0.227068633739577,0.43109987357775,0.208679004467135,0.335223692501575,0.274890419536631,0.461494252873563,0.4968671679198,0.499105545617174,0.351755526657997,0.47481181239143,0.350090854027862,0.443837279902854,0.30919395465995,0.538782816229117,0.443645083932854,0.149315068493151,0.212698412698413,0.301298701298701,0.415772870662461,0.273916035788025,0.418562874251497,0.379987722529159,0.459079283887468,0.417481311098332,0.456907477820025,0.433548387096774,0.426129426129426,0.449363250454821,0.3215859030837,0.368064952638701,0.350993377483444,0.395638629283489,0.460356484326982,0.579701834862385,0.472649047326367,0.396816037735849,0.301082113303628,0.411338962605549,0.233265720081136,0.55632183908046,0.318181818181818,0.429965556831229,0.344911639244363,0.243573264781491,0.309644670050761,0.391443167305236,0.356065178032589,0.333333333333333,0.289882060831782,0.42571931884909,0.518208955223881,0.390977443609023,0.459605026929982,0.393002915451895,0.320601127113337,0.230867346938776,0.15448275862069,0.412886259040105,0.406172839506173,0.331917475728155,0.402769037130271,0.251234567901235,0.529055690072639,0.548498845265589,0.45357776463631,0.311362209667294,0.572810011376564,0.344064386317907,0.357750163505559,0.372871403405755,0.436862244897959,0.338729016786571,0.215286624203822,0.433862433862434,0.455696202531646,0.346383543463835,0.369062901155327,0.458997050147493,0.319269521410579,0.53,0.542435424354244,0.473255813953488,0.322222222222222,0.36729396495782,0.16120218579235,0.545887961859356,0.481546572934974,0.230258792302588,0.341137123745819,0.60347728547392,0.365676167374166,0.228590694538098,0.383517196625568,0.585124927367809,0.624255952380952
0.454419889502762,0.297297297297297,0.555084745762712,0.531788079470199,0.4296875,0.501261034047919,0.501856435643564,0.577464788732394,0,0.396046353101568,0.460028050490884,0.427204374572796,0.285492629945694,0.369992716678806,0.451007644197359,0.170710571923744,0.449113591595535,0.558841651263093,0.570422535211268,0.486250838363514,0.456241956241956,0.502667457024303,0.561242093156987,0.438818565400844,0.52463768115942,0.49936948297604,0.508078994614004,0.315899581589958,0.303968253968254,0.376529877609791,0.42043085476025,0.388586956521739,0.479308214947498,0.431492842535787,0.514408338442673,0.21469387755102,0.424037812288994,0.587145338737695,0.462974111980735,0.476375404530744,0.460643394934976,0.525279054497702,0.44611365120836,0.42686962276638,0.323185011709602,0.41502227880331,0.339954163483575,0.352851711026616,0.442501681237391,0.438775510204082,0.502490660024907,0.452123830093593,0.485384092454113,0.467196819085487,0.372278664731495,0.232242617717478,0.308219178082192,0.410737386804657,0.510519801980198,0.44865925441465,0.575151515151515,0.317127898279731,0.474430067775724,0.440731399747793,0.470074812967581,0.51144578313253,0.515451174289246,0.399290780141844,0.478368355995056,0.507228915662651,0.486338797814208,0.474779319041614,0.333333333333333,0.427012278308322,0.426140231449966,0.454770755885998,0.509852216748768,0.521483225426722,0.584994138335287,0.456241032998565,0.448160535117057,0.445625,0.452753229095853,0.513872832369942,0.23739837398374,0.270353302611367,0.387251542152159,0.527592480291086,0.216666666666667,0.406498194945848,0.484501347708895,0.448361162646877,0.45409604519774,0.501194743130227,0.527536231884058,0.403986710963455,0.472887767969735,0.430682617874736,0.479653102068045,0.399182561307902,0.542095699576015,0.259143968871595,0.283387622149837,0.319829424307036,0.453020134228188,0.475997295469912,0.539663461538462,0.216216216216216,0.333333333333333,0.514515132798024,0.4369274136716,0.201775625504439,0.48975791433892,0.565797453001819,0.404438081603436,0.0632798573975045,0.535977859778598
0.43391360412637,0.410762942779292,0.536059057353776,0.443438914027149,0.432871763997592,0.332467532467532,0.481395348837209,0.45813679245283,0.396046353101568,0,0.380597014925373,0.221270521056388,0.384253028263795,0.30849582172702,0.405797101449275,0.348637015781923,0.397363465160075,0.370895041854475,0.456521739130435,0.30822391154112,0.427443837279903,0.370125974805039,0.398929845422117,0.362092391304348,0.394366197183099,0.307439104674128,0.459242250287026,0.248655913978495,0.461335095836087,0.373670212765957,0.336259284267387,0.237276478679505,0.269406392694064,0.430730478589421,0.486392588303416,0.386702849389417,0.430702299564947,0.492263610315186,0.351951951951952,0.35594315245478,0.267045454545455,0.464398235664776,0.446191051995163,0.382871536523929,0.379071379071379,0.370212765957447,0.375257731958763,0.413862718707941,0.426239799121155,0.435494021397105,0.442711457708458,0.370911621433542,0.295278365045807,0.461916461916462,0.30383275261324,0.387399463806971,0.368918918918919,0.391251518833536,0.345222929936306,0.451359516616314,0.376756066411239,0.326936257710761,0.438524590163934,0.358595194085028,0.249503639973527,0.392512077294686,0.485397196261682,0.30117973629424,0.261467889908257,0.477467199087279,0.437718277066356,0.350189633375474,0.34181568088033,0.494876431585292,0.432686286787727,0.329184816428127,0.4933641084824,0.417447306791569,0.488979118329466,0.401773533424284,0.447124304267161,0.38965724594107,0.251594613749114,0.378156194950088,0.395238095238095,0.338095238095238,0.118343195266272,0.294921875,0.323246217331499,0.374237288135593,0.299651567944251,0.33230389129092,0.379850238257318,0.460661345496009,0.405720957384705,0.272485009993338,0.409616555082167,0.353061224489796,0.304735758407687,0.0779122541603631,0.272606382978723,0.245664739884393,0.431787175989086,0.209530483531885,0.454489164086687,0.302083333333333,0.447274881516588,0.329337094499295,0.248088950660181,0.500288850375506,0.348869088416724,0.413770491803279,0.299416720674012,0.37093690248566,0.295774647887324,0.381930184804928,0.605490196078431
0.471063257065949,0.4,0.363083164300203,0.353328456474031,0.448953709575143,0.373144399460189,0.464665415884928,0.385019710906702,0.460028050490884,0.380597014925373,0,0.345145287030475,0.394849785407725,0.407848633496847,0.192492012779553,0.507306889352818,0.428852459016393,0.350938151494093,0.382449246889325,0.193217665615142,0.476518472135254,0.436163714111179,0.450824679291387,0.137190082644628,0.428397318708105,0.390666666666667,0.445879458794588,0.340785907859079,0.387072808320951,0.388028169014084,0.218532818532819,0.404509283819629,0.4,0.440213760855043,0.464375,0.41583452211127,0.434897554527429,0.36158940397351,0.504624277456647,0.401606425702811,0.344452501812908,0.341818181818182,0.439197930142303,0.451509312780989,0.363090772693173,0.476765238382619,0.384333821376281,0.361876396128071,0.445767195767196,0.45043246839654,0.281183932346723,0.184538653366584,0.234192037470726,0.371269951422623,0.408805031446541,0.484501347708895,0.371572871572872,0.440200375704446,0.36940547762191,0.450740502253703,0.335659455687369,0.320588235294118,0.533878504672897,0.48152634766808,0.430283911671924,0.448916408668731,0.47940074906367,0.241749808135073,0.439024390243902,0.483091787439614,0.454434250764526,0.508814589665654,0.388849177984274,0.401639344262295,0.443264764432648,0.472507552870091,0.454659949622166,0.451338199513382,0.363636363636364,0.184385382059801,0.38213058419244,0.513561320754717,0.302718589272594,0.466745144202472,0.406657018813314,0.499015101772817,0.396910678307589,0.405440414507772,0.390261115031757,0.143330571665286,0.22196261682243,0.491696322657177,0.139748953974895,0.512865497076023,0.44,0.38995373430271,0.506990881458967,0.181526104417671,0.19296875,0.409606404269513,0.421086675291074,0.490026595744681,0.388261851015801,0.284692417739628,0.305072463768116,0.253435114503817,0.382140512147078,0.500338983050847,0.274452554744526,0.38797091870456,0.14037985136251,0.501986754966887,0.427660930528999,0.332870048644892,0.230648944487881,0.438075017692852,0.548791405550582
0.474326059050064,0.427980702963473,0.481971153846154,0.425133689839572,0.48425430778372,0.28259385665529,0.500292911540715,0.42179802955665,0.427204374572796,0.221270521056388,0.345145287030475,0,0.423489932885906,0.263696128560993,0.385821404226312,0.42436974789916,0.382276843467012,0.313138189244384,0.419275629220381,0.248538011695906,0.374119154388213,0.427728613569322,0.422341696535245,0.364077669902913,0.461009174311927,0.324018629407851,0.519685039370079,0.331809274983671,0.475552578700603,0.391129032258065,0.30498945888967,0.344759393539881,0.260200668896321,0.491965389369592,0.492941176470588,0.419836956521739,0.507543753771877,0.452909418116377,0.3743961352657,0.403969270166453,0.289398280802292,0.462282398452611,0.499404052443385,0.385109114249037,0.38943661971831,0.45170789163722,0.40551724137931,0.419067215363512,0.503960999390615,0.518563603164942,0.416925948973242,0.336482558139535,0.229618548990277,0.448101265822785,0.268895348837209,0.450296247531271,0.360860513532269,0.461173681090694,0.320580474934037,0.505357142857143,0.315290933694181,0.424142480211082,0.502290950744559,0.437799043062201,0.27593085106383,0.424864212432106,0.495559502664298,0.337265787647467,0.305537459283388,0.507130633200228,0.549062844542448,0.379987333755542,0.285610465116279,0.438697318007663,0.530575539568345,0.380688806888069,0.502633118782914,0.391383495145631,0.459263729631865,0.402370990237099,0.457340025094103,0.475914103308183,0.226872246696035,0.445209409064831,0.427402862985685,0.410239361702128,0.221270521056388,0.290945406125167,0.393265993265993,0.309798270893372,0.21923937360179,0.334591194968553,0.382209867963864,0.503954802259887,0.470890410958904,0.33921568627451,0.478312537136066,0.299353912419239,0.22075055187638,0.219599427753934,0.28782784129119,0.311300639658849,0.443905817174515,0.245970567624387,0.430314707771355,0.212845407020164,0.433536585365854,0.422736555479918,0.285416666666667,0.478468899521531,0.300648882480173,0.455968688845401,0.315651604453176,0.318334452652787,0.306151645207439,0.428280081577158,0.589869281045752
0.503926701570681,0.291731669266771,0.539292141571686,0.506921555702043,0.434118395926162,0.442517662170841,0.531231409875074,0.493601462522852,0.285492629945694,0.384253028263795,0.394849785407725,0.423489932885906,0,0.332603938730853,0.400983146067416,0.29866036249015,0.578171091445428,0.473785166240409,0.483516483516483,0.403739612188366,0.533852606351108,0.449397590361446,0.507899356348742,0.417306350314027,0.465680473372781,0.462317922735909,0.510550996483001,0.353609625668449,0.329510703363914,0.418269230769231,0.360875706214689,0.361543669600542,0.435162094763092,0.461689587426326,0.549031121550206,0.329596412556054,0.393796358732299,0.528681253696038,0.494791666666667,0.429038587311969,0.383532723434201,0.465551839464883,0.455124124761298,0.550508069336521,0.173044925124792,0.444852941176471,0.173519736842105,0.237261146496815,0.468911917098446,0.463606557377049,0.446485117162761,0.410701373825018,0.39943741209564,0.494260204081633,0.333818181818182,0.322461082283173,0.273003802281369,0.432415519399249,0.44914718888187,0.451695457453615,0.47488874761602,0.439918533604888,0.542725173210162,0.472121212121212,0.446927374301676,0.454601226993865,0.554572271386431,0.301400147383935,0.417402269861286,0.551605504587156,0.5,0.479975354282193,0.288301886792453,0.47043534762833,0.423513694054776,0.45658773527626,0.521270221689635,0.502923976608187,0.537136066547831,0.392987582176771,0.483023702754644,0.503541912632822,0.375960866526904,0.440142942227516,0.325018896447468,0.246951219512195,0.391828533154722,0.455396132252027,0.29873980726464,0.357611070648216,0.401530967292971,0.459638554216867,0.427969079409698,0.551274787535411,0.465915826911677,0.335597826086957,0.494820231566118,0.369362920544023,0.400687285223368,0.389523169912693,0.452080706179067,0.297317436661699,0.265486725663717,0.382293762575453,0.477022653721683,0.410220994475138,0.474137931034483,0.296863045141546,0.38560760353021,0.516031457955233,0.356780275562001,0.315321983715766,0.439622641509434,0.476641414141414,0.334308705193855,0.301987767584098,0.553097345132743
0.511897106109325,0.373900293255132,0.525149700598802,0.462105969148223,0.516398330351819,0.3346911065852,0.538911644236396,0.469075321494183,0.369992716678806,0.30849582172702,0.407848633496847,0.263696128560993,0.332603938730853,0,0.434103260869565,0.35933983495874,0.487593052109181,0.363821138211382,0.462668298653611,0.313087490961678,0.502722323049002,0.469411764705882,0.477259303012404,0.412171507607192,0.491076568796776,0.363757495003331,0.559169938306226,0.390826873385013,0.388201019664967,0.44392523364486,0.384456671251719,0.388413429888084,0.34765625,0.529084158415842,0.531727379553466,0.362518089725036,0.534954407294833,0.494314781567923,0.449882075471698,0.430232558139535,0.335719398711525,0.486310299869622,0.588269120184014,0.500611246943765,0.317700453857791,0.484347312463083,0.326636904761905,0.336795252225519,0.542352224253504,0.527329192546584,0.459962756052141,0.41678520625889,0.29459659511473,0.504070131496556,0.0247018739352641,0.403484320557491,0.315750915750916,0.505604719764012,0.370734908136483,0.584152689415847,0.367854741089442,0.470742932281394,0.527409117137911,0.493498817966903,0.343156516044532,0.478494623655914,0.533727810650888,0.400959561343386,0.368894601542416,0.540571428571429,0.550225733634311,0.455108359133127,0.243305279265494,0.498108448928121,0.529556650246305,0.427172582619339,0.544606413994169,0.497096399535424,0.485401459854015,0.440867739678097,0.509023024268824,0.515923566878981,0.323592302209551,0.487428571428571,0.363238512035011,0.348936170212766,0.301398601398601,0.365535248041775,0.346619217081851,0.378551136363636,0.309090909090909,0.418960244648318,0.424895688456189,0.53789592760181,0.505996573386636,0.384615384615385,0.512209648600357,0.391910739191074,0.304535637149028,0.307048150732729,0.369665134602758,0.238385376999238,0.381022979985174,0.361316319677636,0.504396984924623,0.315256688358641,0.493990384615385,0.361918604651163,0.371022342586324,0.540588235294118,0.385643912737509,0.395543175487465,0.357984293193717,0.370493991989319,0.395963813500348,0.375,0.565142364106989
0.44885598923284,0.399275362318841,0.346361185983827,0.374377224199288,0.398578811369509,0.391046741277156,0.42031746031746,0.406269993602047,0.451007644197359,0.405797101449275,0.192492012779553,0.385821404226312,0.400983146067416,0.434103260869565,0,0.511278195488722,0.448914431673052,0.357679180887372,0.403698979591837,0.221882172915073,0.492665036674817,0.474705882352941,0.454271961492178,0.19779353821907,0.455351862803075,0.403783431180691,0.430410790925812,0.271587743732591,0.353995519044063,0.363636363636364,0.288222384784199,0.417261518494484,0.410433689503457,0.410738255033557,0.431001890359168,0.431454418928323,0.376605814739689,0.341931216931217,0.511363636363636,0.437056165267915,0.338593974175036,0.309210526315789,0.398166339227243,0.4725,0.387918486171761,0.456849728424864,0.40228245363766,0.352029520295203,0.387686062246279,0.420066889632107,0.178334561532793,0.233466135458167,0.26530612244898,0.360881542699725,0.43070652173913,0.47765176784523,0.437926330150068,0.411579609817495,0.372368421052632,0.395394736842105,0.356220258327668,0.334291876347951,0.483601669648181,0.462469733656174,0.447660098522167,0.455264759586123,0.435361216730038,0.270833333333333,0.438888888888889,0.478780633592349,0.445658773527626,0.570442783208741,0.412907702984039,0.370192307692308,0.380530973451327,0.518796992481203,0.41491395793499,0.499709133216987,0.349301397205589,0.144648829431438,0.371759890859482,0.478856462179869,0.315600287562904,0.479538904899135,0.4171388101983,0.510597302504817,0.399470899470899,0.408801020408163,0.434370771312585,0.226209048361934,0.271641791044776,0.503195816385822,0.170316301703163,0.483814008240141,0.45373665480427,0.421355498721228,0.471130221130221,0.281974569932685,0.247946228528753,0.409868421052632,0.425206874602164,0.488188976377953,0.363431151241535,0.349626612355737,0.331926863572433,0.308309037900875,0.404472843450479,0.500334001336005,0.326117318435754,0.379016393442623,0.236882716049383,0.484147952443857,0.420720151610866,0.348947725729803,0.280149812734082,0.440111420612813,0.561739130434783
0.416364952932658,0.295843520782396,0.590223295111648,0.516438356164384,0.437458636664461,0.490590525632706,0.508495909376967,0.553048780487805,0.170710571923744,0.348637015781923,0.507306889352818,0.42436974789916,0.29866036249015,0.35933983495874,0.511278195488722,0,0.46343085106383,0.530507385998715,0.546617915904936,0.496250852079073,0.462344466273739,0.475046210720887,0.542806183115339,0.498961937716263,0.496684749849307,0.480756686236138,0.517304189435337,0.353760445682451,0.3703125,0.387710314557425,0.445066480055983,0.353900709219858,0.469206349206349,0.438584316446912,0.522118380062305,0.2912,0.434156378600823,0.626221966647499,0.4234404536862,0.450201884253028,0.449929478138223,0.53861517976032,0.469428007889546,0.445187165775401,0.344909234411997,0.412109375,0.3421875,0.375576036866359,0.451811346548189,0.439499304589708,0.558481322718922,0.465643274853801,0.480809490579204,0.503968253968254,0.359281437125749,0.250606305578011,0.314972847168348,0.426422498364944,0.501272264631043,0.471014492753623,0.542458808618504,0.369903632320237,0.459339263024142,0.435400516795866,0.43961038961039,0.498759305210918,0.526018808777429,0.418637992831541,0.451509312780989,0.500926497838172,0.494451294697904,0.441079657669519,0.336656441717791,0.480458221024259,0.436376210235131,0.418770226537217,0.523067331670823,0.49480122324159,0.600118483412322,0.504626334519573,0.484301937207749,0.452350698856417,0.447313328681089,0.484666265784726,0.311802232854864,0.223567393058918,0.356887937187723,0.502205419029616,0.240384615384615,0.458899213724089,0.487267721954577,0.399739583333333,0.517337031900139,0.484586929716399,0.496980676328502,0.369625520110957,0.434983498349835,0.458981612446959,0.491536899119838,0.357857142857143,0.502225047679593,0.235673930589185,0.313934426229508,0.338362068965517,0.50728476821192,0.475432525951557,0.526022304832714,0.129287598944591,0.367478510028653,0.54421768707483,0.469632768361582,0.25,0.480867346938775,0.541902961562697,0.422881969587256,0.20625528317836,0.514506769825919
0.350473612990528,0.484142394822006,0.348020434227331,0.302668539325843,0.326713645099295,0.370018975332068,0.365960099750623,0.374225526641884,0.449113591595535,0.397363465160075,0.428852459016393,0.382276843467012,0.578171091445428,0.487593052109181,0.448914431673052,0.46343085106383,0,0.361935483870968,0.37183446571958,0.45179584120983,0.259209645010047,0.380273321449792,0.343347639484978,0.430609597924773,0.401281304601048,0.417177914110429,0.365898058252427,0.395705521472393,0.442,0.394375408763898,0.416773367477593,0.365946632782719,0.33832709113608,0.405991077119184,0.346153846153846,0.419205298013245,0.406289308176101,0.381361128142244,0.301665638494756,0.415632754342432,0.505796217205613,0.348413234301148,0.353128991060026,0.0825892857142857,0.514864010120177,0.249837345478204,0.514088916718848,0.506313131313131,0.341463414634146,0.411839592616168,0.367794486215539,0.395904436860068,0.462317922735909,0.315683646112601,0.482608695652174,0.42053629823414,0.441800643086817,0.284699806326662,0.375700934579439,0.368020304568528,0.362644415917843,0.397645519947678,0.337888198757764,0.218,0.322376738305942,0.373325213154689,0.345835982199619,0.465334166146159,0.346583850931677,0.337678460583488,0.372809667673716,0.275839368005267,0.519877675840979,0.30446549391069,0.420125786163522,0.268637532133676,0.379715522572665,0.326958667489204,0.380421313506815,0.445472571050892,0.325581395348837,0.314303638644918,0.481912936848559,0.370958259847149,0.428666224286662,0.468457214241099,0.410336239103362,0.32824427480916,0.484829721362229,0.42782495101241,0.451959544879899,0.245466321243523,0.44769330734243,0.337016574585635,0.400467016929364,0.382846488502175,0.276134122287968,0.418998048145738,0.452559300873908,0.415164698570541,0.339490445859873,0.504907975460123,0.498373454782043,0.354300385109114,0.288934426229508,0.447817836812144,0.385512584407612,0.47172236503856,0.379244074311339,0.347081218274112,0.427828348504551,0.425421530479896,0.365611421477343,0.35048231511254,0.458756345177665,0.436758893280632,0.608255451713396
0.429778933680104,0.513461538461539,0.305353602115003,0.23841059602649,0.412630288166769,0.179615110477548,0.427360774818402,0.206206896551724,0.558841651263093,0.370895041854475,0.350938151494093,0.313138189244384,0.473785166240409,0.363821138211382,0.357679180887372,0.530507385998715,0.361935483870968,0,0.20904729266621,0.199704142011834,0.413793103448276,0.358834244080146,0.336024844720497,0.376016260162602,0.331085223789087,0.213137665967855,0.395432692307692,0.420475319926874,0.485602094240838,0.481897627965044,0.326502732240437,0.441931540342298,0.241838774150566,0.461824953445065,0.427102238354507,0.529850746268657,0.425705329153605,0.287303664921466,0.336380255941499,0.35114006514658,0.289139633286319,0.227505486466715,0.422222222222222,0.389659520807062,0.4364492266308,0.406810035842294,0.4375,0.425403225806452,0.415130324221233,0.464596273291925,0.26010781671159,0.349645390070922,0.201196709050112,0.368283093053735,0.361543669600542,0.561635598316296,0.467432950191571,0.383057090239411,0.17771509167842,0.428483353884094,0.0523882896764253,0.534420289855073,0.43110585452395,0.401688781664656,0.224696356275304,0.350155763239875,0.428397318708105,0.362045760430686,0.230046948356808,0.444639718804921,0.391566265060241,0.363177805800757,0.413633355393779,0.35997357992074,0.468307692307692,0.324341279799247,0.423193685488767,0.352328431372549,0.288639365918098,0.38038942976356,0.39110824742268,0.426461901949203,0.282212885154062,0.365258774538965,0.513941698352345,0.524301336573512,0.33003300330033,0.159010600706714,0.532687651331719,0.303202846975089,0.229197080291971,0.301075268817204,0.378341329677862,0.448295782784518,0.335171568627451,0.426479560707749,0.437161755862898,0.333102493074792,0.238163558106169,0.341863517060367,0.169971671388102,0.421190320470896,0.521035598705502,0.426625386996904,0.304644808743169,0.249820014398848,0.279207920792079,0.516068052930057,0.438978829389788,0.343810134701732,0.313380281690141,0.590269636576788,0.250670241286863,0.0521072796934866,0.355434039644566,0.572296476306197,0.598888006354249
0.406091370558376,0.534869617950273,0.152083333333333,0.279696132596685,0.435643564356436,0.310388782664117,0.329200247985121,0.0320933625091174,0.570422535211268,0.456521739130435,0.382449246889325,0.419275629220381,0.483516483516483,0.462668298653611,0.403698979591837,0.546617915904936,0.37183446571958,0.20904729266621,0,0.358625162127108,0.339751552795031,0.25653798256538,0.228462029355456,0.426498422712934,0.202168367346939,0.333961079723792,0.27601246105919,0.452819332566168,0.491239048811014,0.494642857142857,0.343953185955787,0.467863346844239,0.34282253179891,0.444108761329305,0.305904522613065,0.538598574821853,0.443914081145585,0.154996600951734,0.214150347441567,0.295719844357977,0.412208936438011,0.276333789329685,0.415173237753883,0.378593272171254,0.455357142857143,0.414228341939185,0.45224541429475,0.427835051546392,0.429351121892056,0.44773413897281,0.322479649342517,0.363268062120189,0.350692155570204,0.398142414860681,0.458665033680343,0.578526556253569,0.461491065927295,0.395417156286722,0.293443666454488,0.410810810810811,0.233512786002692,0.566723452583759,0.310810810810811,0.423981640849111,0.344660194174757,0.233590733590734,0.30953885028427,0.382747603833866,0.353790613718412,0.335148215366001,0.289864029666255,0.418672930123312,0.511933174224344,0.383458646616541,0.455197132616487,0.38600583090379,0.319401122894573,0.227735368956743,0.158904109589041,0.409180327868852,0.408588957055215,0.332729468599034,0.400250941028858,0.247073321010474,0.521791767554479,0.541570438799076,0.447399527186761,0.305956112852665,0.568427030096536,0.338245144005358,0.347740667976424,0.369654364381957,0.434202161474889,0.339498806682578,0.213333333333333,0.426807760141094,0.453241537578887,0.33288948069241,0.359254498714653,0.45828437132785,0.319122257053292,0.528135990621336,0.535955746773202,0.466279069767442,0.31767775603392,0.35630689206762,0.146675805346127,0.53960690887433,0.476301930953774,0.221115537848606,0.325268817204301,0.599104143337066,0.359393939393939,0.226478494623656,0.376783398184176,0.580626450116009,0.628592483419307
0.485064935064935,0.39756446991404,0.364953886693017,0.367231638418079,0.485196374622356,0.270118964310707,0.4797583081571,0.362158647594278,0.486250838363514,0.30822391154112,0.193217665615142,0.248538011695906,0.403739612188366,0.313087490961678,0.221882172915073,0.496250852079073,0.45179584120983,0.199704142011834,0.358625162127108,0,0.482968369829684,0.426770708283313,0.434599156118143,0.235518292682927,0.421996413628213,0.288381742738589,0.45400238948626,0.346508563899868,0.428169014084507,0.433333333333333,0.239405204460967,0.394925178919974,0.298735861610113,0.462130937098845,0.487687687687688,0.469483568075117,0.472327044025157,0.349609375,0.465816917728853,0.388815789473684,0.207951070336391,0.372044506258693,0.47940995697603,0.474074074074074,0.371096586782861,0.484759671746776,0.382310984308131,0.373381294964029,0.486503452605148,0.473818646232439,0.316498316498317,0.230890464933018,0.0625521267723103,0.438391699092088,0.315561959654179,0.489208633093525,0.40467997247075,0.453333333333333,0.273291925465839,0.481846153846154,0.200147167034584,0.427230046948357,0.537542662116041,0.501750291715286,0.331806282722513,0.435365853658537,0.487583282858873,0.266764922623434,0.337451235370611,0.50406976744186,0.458606313281715,0.476363636363636,0.27109783420463,0.43786597267404,0.477545857052498,0.438480096501809,0.472981177899211,0.446364719904648,0.357984293193717,0.232100708103855,0.443943298969072,0.512672811059908,0.180353031465848,0.457175925925926,0.453178400546822,0.483850129198966,0.272406492589979,0.289491525423729,0.427132303559436,0.180237154150198,0.0943089430894309,0.436974789915966,0.232198142414861,0.532130777903044,0.430613460393091,0.394212218649518,0.537478210342824,0.238636363636364,0.0572831423895254,0.281799016163036,0.30142566191446,0.366946778711485,0.401306240928882,0.318057455540356,0.360655737704918,0.143083003952569,0.370967741935484,0.481629926519706,0.327586206896552,0.396407953816549,0.19296875,0.513755598208573,0.340118187787262,0.197802197802198,0.263079222720478,0.491017964071856,0.569727891156463
0.364177131526768,0.494303797468354,0.315789473684211,0.370517928286853,0.387705416920268,0.430972388955582,0.310235219326128,0.339987523393637,0.456241956241956,0.427443837279903,0.476518472135254,0.374119154388213,0.533852606351108,0.502722323049002,0.492665036674817,0.462344466273739,0.259209645010047,0.413793103448276,0.339751552795031,0.482968369829684,0,0.278504672897196,0.304024767801858,0.473913043478261,0.296387017758726,0.442261904761905,0.265565438373571,0.417661097852029,0.500315855969678,0.426767676767677,0.458230958230958,0.413981762917933,0.372135102533173,0.363636363636364,0.328095537397863,0.443159922928709,0.415896487985213,0.358675659104844,0.237523689197726,0.336970474967908,0.517590936195587,0.423492063492064,0.393120393120393,0.23973063973064,0.518633540372671,0.316666666666667,0.524188609920392,0.556756756756757,0.392317380352645,0.383141762452107,0.427380952380952,0.455016181229773,0.485872235872236,0.383005707038681,0.501510574018127,0.423151125401929,0.486153846153846,0.327746741154562,0.416766467065868,0.403304773561811,0.41421568627451,0.430914826498423,0.301189730745147,0.292375551354757,0.355134474327628,0.316967060285892,0.329746835443038,0.501201923076923,0.378978978978979,0.247256294383473,0.280856423173803,0.317922735908803,0.519879518072289,0.373000639795266,0.455151515151515,0.320418204182042,0.310870947234584,0.206784083496412,0.35136815920398,0.494643982356648,0.384712571067593,0.252726106478512,0.500596658711217,0.273062730627306,0.447385409941898,0.465474722564735,0.424574209245742,0.38680387409201,0.491803278688525,0.479153702551338,0.478580171358629,0.290161892901619,0.495037220843672,0.237483953786906,0.301529051987768,0.423536439665472,0.338125,0.460049937578028,0.48159324079662,0.428311057108141,0.38878732480195,0.492382693479586,0.518635502210992,0.370300751879699,0.353626943005181,0.470841006752609,0.3215859030837,0.466666666666667,0.404599129894344,0.277705345501956,0.463704630788486,0.434920634920635,0.414489311163896,0.412446613788896,0.484326982175784,0.452151573538857,0.620272314674735
0.396796056685151,0.491270319084889,0.339770669885335,0.384856070087609,0.427195467422096,0.375222288085359,0.346199524940618,0.2640099626401,0.502667457024303,0.370125974805039,0.436163714111179,0.427728613569322,0.449397590361446,0.469411764705882,0.474705882352941,0.475046210720887,0.380273321449792,0.358834244080146,0.25653798256538,0.426770708283313,0.278504672897196,0,0.285885167464115,0.461904761904762,0.13764404609475,0.300928792569659,0.232054455445545,0.400115141047784,0.579784213515048,0.486127167630058,0.368193069306931,0.350813743218806,0.309808612440191,0.378953771289538,0.358657243816254,0.50117508813161,0.417595307917889,0.332936979785969,0.253293413173653,0.172158708809684,0.392,0.419139915202907,0.40337601862631,0.37810650887574,0.465485644471594,0.346465816917729,0.457750759878419,0.511764705882353,0.422601530311948,0.376678876678877,0.406789413118527,0.441413515189089,0.425273390036452,0.414099526066351,0.468272620446533,0.469436201780415,0.480916030534351,0.294437726723096,0.337732453509298,0.411149825783972,0.355542095699576,0.474912485414236,0.343057176196033,0.330194231901118,0.303431667670078,0.232543640897756,0.363313609467456,0.375077495350279,0.315852205005959,0.285886610373945,0.224362958359229,0.341477949940405,0.46646884272997,0.417308832246592,0.426807760141094,0.295766249254621,0.337910447761194,0.190056639395846,0.312272174969623,0.478839177750907,0.408066429418743,0.29587567244471,0.390243902439024,0.186032138442522,0.494649227110583,0.420289855072464,0.375971309025702,0.330143540669856,0.460495283018868,0.422699386503067,0.412515188335358,0.307012374779022,0.474910394265233,0.309005297233667,0.163187855787476,0.347670250896057,0.373613543490951,0.382793017456359,0.421146953405018,0.373876572798083,0.326690821256039,0.451785714285714,0.513529765484065,0.382928275044458,0.378493317132442,0.40657334144857,0.241661422278162,0.462189957652753,0.39833531510107,0.306422018348624,0.387257963772642,0.477980035231944,0.336109458655562,0.356024096385542,0.365069356872636,0.508524397413286,0.652624309392265
0.377595972309629,0.490267639902676,0.245173745173745,0.33961038961039,0.370633510953227,0.358308157099698,0.276529338327091,0.227068633739577,0.561242093156987,0.398929845422117,0.450824679291387,0.422341696535245,0.507899356348742,0.477259303012404,0.454271961492178,0.542806183115339,0.343347639484978,0.336024844720497,0.228462029355456,0.434599156118143,0.304024767801858,0.285885167464115,0,0.454106280193237,0.258901629450815,0.356495468277946,0.261963190184049,0.423913043478261,0.484088127294982,0.434861278648975,0.4296875,0.445845272206304,0.337091988130564,0.386682956627978,0.25126582278481,0.497621878715815,0.38135593220339,0.221369161868202,0.219692307692308,0.337037037037037,0.439421338155515,0.350765306122449,0.355111917725348,0.34430225472273,0.492121212121212,0.337250293772033,0.480652962515115,0.490361445783133,0.368550368550369,0.38244321669736,0.363148479427549,0.448598130841121,0.449275362318841,0.331446540880503,0.475206611570248,0.534136546184739,0.473496128648005,0.351797289334119,0.355089820359281,0.360338573155985,0.33271375464684,0.472877358490566,0.271332105586249,0.344320188346086,0.302551640340219,0.212968849332486,0.255725190839695,0.429866989117291,0.311030741410488,0.284844796104687,0.254467036352434,0.38560561732007,0.474374255065554,0.331651954602774,0.398550724637681,0.363741339491917,0.256475047378395,0.280892103676914,0.224371373307544,0.456965944272446,0.34885164494103,0.244099378881988,0.427884615384615,0.222832722832723,0.494597839135654,0.543001686340641,0.403675163011263,0.246991766941102,0.537591859807801,0.477585176329946,0.445045045045045,0.382169222032936,0.46448087431694,0.274379164142944,0.260869565217391,0.401166180758018,0.396982008125363,0.437689969604863,0.440142942227516,0.394029850746269,0.237973059653624,0.510404624277457,0.485148514851485,0.443293033966609,0.36627547869055,0.433574879227053,0.273067331670823,0.528345996493279,0.460207612456747,0.274670018856065,0.451573849878935,0.56536312849162,0.314285714285714,0.323000619962802,0.430665852168601,0.551585014409222,0.644866385372714
0.440217391304348,0.37037037037037,0.384005287508262,0.349056603773585,0.418693982074264,0.388484447385837,0.446741854636592,0.43109987357775,0.438818565400844,0.362092391304348,0.137190082644628,0.364077669902913,0.417306350314027,0.412171507607192,0.19779353821907,0.498961937716263,0.430609597924773,0.376016260162602,0.426498422712934,0.235518292682927,0.473913043478261,0.461904761904762,0.454106280193237,0,0.457024303497333,0.400262467191601,0.445460085313833,0.323389830508475,0.376479289940828,0.352564102564103,0.282240235814296,0.416938110749186,0.41109709962169,0.399592944369064,0.447434292866083,0.389526542324247,0.394630872483221,0.371577574967406,0.51984126984127,0.430709173715029,0.341480948957584,0.342446043165468,0.405104712041885,0.44309462915601,0.387426900584795,0.452004860267315,0.405289492494639,0.397694524495677,0.407780013413816,0.409060175794456,0.274001401541696,0.223652453740949,0.270801815431165,0.353472222222222,0.413103448275862,0.464189189189189,0.399298245614035,0.426157697121402,0.39622641509434,0.418998048145738,0.363451086956522,0.28656273199703,0.491666666666667,0.460462287104623,0.43,0.47190332326284,0.461538461538462,0.285185185185185,0.428927680798005,0.461165048543689,0.438800489596083,0.511418269230769,0.394644115574348,0.379712131596984,0.407258064516129,0.470940683043739,0.437578814627995,0.490898414562537,0.370468029004614,0.175061932287366,0.362258953168044,0.487819370172311,0.326881720430108,0.477707006369427,0.377551020408163,0.502916396629942,0.387290969899666,0.409468969929623,0.373323923782639,0.220738413197172,0.26410835214447,0.507558139534884,0.0957627118644068,0.475653206650831,0.464539007092199,0.399479505530254,0.470080197409007,0.25609756097561,0.233560090702948,0.396804260985353,0.423913043478261,0.477106834771068,0.381165919282511,0.279829545454545,0.328854314002829,0.294985250737463,0.431273644388398,0.493261455525606,0.297933000712758,0.408914728682171,0.220484753713839,0.481063122923588,0.432347388294525,0.35840108401084,0.289454001495886,0.416607523066004,0.558282208588957
0.393995098039216,0.502372479240807,0.288009888751545,0.360655737704918,0.41643059490085,0.360071301247772,0.304715840386941,0.208679004467135,0.52463768115942,0.394366197183099,0.428397318708105,0.461009174311927,0.465680473372781,0.491076568796776,0.455351862803075,0.496684749849307,0.401281304601048,0.331085223789087,0.202168367346939,0.421996413628213,0.296387017758726,0.13764404609475,0.258901629450815,0.457024303497333,0,0.280647168637212,0.136098509397278,0.410227272727273,0.545874206578188,0.501136363636364,0.378510378510378,0.376546847377725,0.318557919621749,0.382157926461724,0.313701923076923,0.519585253456221,0.411111111111111,0.279707495429616,0.232390126429862,0.202889034799737,0.393162393162393,0.383148831488315,0.397911832946636,0.38973162193699,0.485338120885697,0.363895216400911,0.474029850746269,0.481834425253127,0.407669616519174,0.378934624697337,0.381892048752176,0.437384330660086,0.421402660217654,0.404733727810651,0.48558246828143,0.48953488372093,0.468860164512338,0.326458456098998,0.318264014466546,0.39639115250291,0.329871716554673,0.491117478510029,0.307282415630551,0.345307068366165,0.314319667260844,0.212899185973701,0.321277878239904,0.358208955223881,0.310570071258907,0.261846901579587,0.148100450740502,0.354668232530828,0.488385598141696,0.40887573964497,0.419354838709677,0.317543859649123,0.303268765133172,0.170037926675095,0.267038413878563,0.464566929133858,0.400591715976331,0.276276276276276,0.370710784313726,0.138626339004411,0.510799766491535,0.448174322732627,0.403733955659277,0.328775267538645,0.491107286288009,0.420731707317073,0.419219219219219,0.318604651162791,0.469047619047619,0.282660332541568,0.0655195234943746,0.389242336610758,0.378612716763006,0.391009852216749,0.423919478981646,0.40081919251024,0.324324324324324,0.474970896391153,0.520783847980998,0.409380428488709,0.362971985383678,0.41144578313253,0.200255918106206,0.481920569057499,0.420838183934808,0.261845386533666,0.397412199630314,0.508,0.33175355450237,0.330498177399757,0.341587301587302,0.530189764232317,0.658038147138965
0.423620025673941,0.457516339869281,0.39987714987715,0.348032564450475,0.441943127962085,0.192896935933148,0.429166666666667,0.335223692501575,0.49936948297604,0.307439104674128,0.390666666666667,0.324018629407851,0.462317922735909,0.363757495003331,0.403783431180691,0.480756686236138,0.417177914110429,0.213137665967855,0.333961079723792,0.288381742738589,0.442261904761905,0.300928792569659,0.356495468277946,0.400262467191601,0.280647168637212,0,0.355973317161916,0.380688806888069,0.530879600748596,0.514714714714715,0.347047113470471,0.395291201982652,0.210947930574099,0.445061728395062,0.43542654028436,0.520910209102091,0.423718344657196,0.370324954015941,0.355489614243323,0.276139410187668,0.236597569692638,0.358427714856762,0.423193685488767,0.430127041742287,0.463636363636364,0.383283582089552,0.466324567030148,0.449934980494148,0.41625,0.444925742574257,0.331424936386768,0.409670920080591,0.291899441340782,0.387898089171974,0.358238825883923,0.501847290640394,0.461877756773787,0.340570719602978,0.190902825637491,0.43030303030303,0.200980392156863,0.489596083231334,0.454388984509466,0.381840048105833,0.199460916442049,0.32773631840796,0.444180522565321,0.324306025727827,0.202548625083836,0.437101449275362,0.349969567863664,0.369202226345083,0.33013698630137,0.37997432605905,0.450704225352113,0.324891908585547,0.428826682549136,0.364289994008388,0.364201367308888,0.424202127659574,0.378274760383387,0.413489736070381,0.227434257285004,0.347748815165877,0.510611735330836,0.459139114160948,0.298477829252151,0.201223657375935,0.437896070975919,0.368102288021534,0.282033426183844,0.318742293464858,0.405960264900662,0.467116357504216,0.30067775723968,0.403412553321146,0.423880597014925,0.358148893360161,0.270775623268698,0.297082228116711,0.199588477366255,0.362241494329553,0.472751149047932,0.369949494949495,0.334653465346535,0.272536687631027,0.324050632911392,0.462130937098845,0.379134860050891,0.389809699201964,0.360699865410498,0.520266182698125,0.201492537313433,0.205003474635163,0.305401662049861,0.50187969924812,0.61579754601227
0.38122243226213,0.492073170731707,0.229315960912052,0.372924648786718,0.365315852205006,0.419147694103911,0.247133757961783,0.274890419536631,0.508078994614004,0.459242250287026,0.445879458794588,0.519685039370079,0.510550996483001,0.559169938306226,0.430410790925812,0.517304189435337,0.365898058252427,0.395432692307692,0.27601246105919,0.45400238948626,0.265565438373571,0.232054455445545,0.261963190184049,0.445460085313833,0.136098509397278,0.355973317161916,0,0.413633737723859,0.487745098039216,0.457040572792363,0.423728813559322,0.435763888888889,0.384615384615385,0.325699745547074,0.256962025316456,0.485868911605532,0.354938271604938,0.279950341402855,0.281287246722288,0.296319796954315,0.443908323281062,0.35964353914704,0.345543345543346,0.364734299516908,0.524404761904762,0.327800829875519,0.51570835803201,0.524231678486998,0.355900621118012,0.331639135959339,0.367541766109785,0.441582914572864,0.473150357995227,0.354698195395146,0.549859154929577,0.452279635258359,0.521990740740741,0.277949351451513,0.37120761451517,0.340699815837937,0.387251954299459,0.44984984984985,0.284229828850856,0.305740181268882,0.394812680115274,0.28413962033068,0.275709779179811,0.39454094292804,0.391129032258065,0.215374841168996,0.0867208672086721,0.388042203985932,0.527136258660508,0.366171003717472,0.363467492260062,0.346986541837332,0.235407312379731,0.240717821782178,0.281152160300564,0.430467762326169,0.348286604361371,0.2453300124533,0.409395973154362,0.211953173136168,0.47900182592818,0.514663599769983,0.461009174311927,0.378965922444183,0.514121037463977,0.460885385081868,0.458781362007168,0.363112391930836,0.445404071560765,0.233830845771144,0.117377049180328,0.450680272108844,0.355436081242533,0.436507936507937,0.461084905660377,0.462729357798165,0.38370720188902,0.535917901938426,0.489783281733746,0.441295546558704,0.298256939961265,0.452095808383234,0.261335012594458,0.506547619047619,0.434705882352941,0.179640718562874,0.443833943833944,0.473150357995227,0.394889663182346,0.384661473936489,0.391959798994975,0.499700419412822,0.64452296819788
0.403205128205128,0.400133600534402,0.462434478741992,0.470588235294118,0.339563862928349,0.381538461538461,0.402628434886499,0.461494252873563,0.315899581589958,0.248655913978495,0.340785907859079,0.331809274983671,0.353609625668449,0.390826873385013,0.271587743732591,0.353760445682451,0.395705521472393,0.420475319926874,0.452819332566168,0.346508563899868,0.417661097852029,0.400115141047784,0.423913043478261,0.323389830508475,0.410227272727273,0.380688806888069,0.413633737723859,0,0.378561736770692,0.315648085963734,0.340341655716163,0.266182298546896,0.344512195121951,0.364916773367478,0.421238938053097,0.364611260053619,0.321219987021415,0.466400911161731,0.383640552995392,0.390740740740741,0.338645418326693,0.416349809885932,0.350877192982456,0.391437308868501,0.374407582938389,0.341596130592503,0.369623655913978,0.363328822733424,0.320915032679739,0.36980166346769,0.332496863237139,0.368635437881874,0.369908015768725,0.379027163613392,0.385510996119017,0.382699868938401,0.395333765392093,0.333333333333333,0.369098712446352,0.352165725047081,0.418943533697632,0.254532775453278,0.39281507656066,0.317283950617284,0.347374847374847,0.382422802850356,0.428994082840237,0.284347231715653,0.342490842490842,0.439428571428571,0.403488372093023,0.436512580456407,0.397278029812054,0.365900383141762,0.335496430889033,0.345180722891566,0.407980941036331,0.44488188976378,0.478608100399316,0.335640138408305,0.369455006337136,0.351383874849579,0.320717131474104,0.389965792474344,0.367498314227916,0.374432186891629,0.200276243093923,0.339938080495356,0.309668695064233,0.32425068119891,0.357189757058437,0.376249265138154,0.334242837653479,0.41264367816092,0.404911479154769,0.307839388145316,0.38173018753781,0.352355673523557,0.35370611183355,0.242403781228899,0.373088685015291,0.342210386151798,0.381768334475668,0.224559023066486,0.391194968553459,0.373134328358209,0.417109144542773,0.348505434782609,0.227179135209334,0.428149024246008,0.330405405405405,0.37843137254902,0.335811648079306,0.415254237288136,0.287094547964113,0.325741890959282,0.625840179238238
0.494557823129252,0.333070866141732,0.446052631578947,0.446491849751949,0.400134048257373,0.483558994197292,0.477763659466328,0.4968671679198,0.303968253968254,0.461335095836087,0.387072808320951,0.475552578700603,0.329510703363914,0.388201019664967,0.353995519044063,0.3703125,0.442,0.485602094240838,0.491239048811014,0.428169014084507,0.500315855969678,0.579784213515048,0.484088127294982,0.376479289940828,0.545874206578188,0.530879600748596,0.487745098039216,0.378561736770692,0,0.356669123065586,0.424667133847232,0.447751322751323,0.525710828796128,0.460081190798376,0.468710089399745,0.284126984126984,0.441970310391363,0.476340694006309,0.514688601645123,0.530599369085173,0.473575840768703,0.381195335276968,0.426470588235294,0.462745098039216,0.317749603803487,0.425925925925926,0.329704510108865,0.232039636663914,0.424346629986245,0.46931894807822,0.408026755852843,0.399849397590361,0.443109540636042,0.433949349760438,0.385735080058224,0.330792682926829,0.351087771942986,0.435006435006435,0.494310998735777,0.424832214765101,0.484690553745928,0.38768115942029,0.477639751552795,0.437779195915763,0.517094017094017,0.509445460085314,0.472365038560411,0.386117136659436,0.515834348355664,0.531137724550898,0.480295566502463,0.511194029850746,0.401310997815004,0.426896551724138,0.418395573997234,0.481549815498155,0.474522292993631,0.571510626076967,0.487017099430019,0.322555205047319,0.44406779661017,0.455457967377666,0.467665078284547,0.530023094688222,0.278714859437751,0.404727793696275,0.47244094488189,0.492471769134253,0.372161172161172,0.395588235294118,0.452331245650661,0.50631389055923,0.380239520958084,0.497277676950998,0.536940081442699,0.440288713910761,0.468370607028754,0.420487106017192,0.437976437976438,0.478403141361257,0.504708097928437,0.417739628040057,0.264166666666667,0.441705529646902,0.407821229050279,0.455301455301455,0.500623441396509,0.372637944066516,0.410344827586207,0.441388343156516,0.415462427745665,0.327258921791951,0.506203473945409,0.4765625,0.421203438395416,0.293884034948372,0.523629489603025
0.346808510638298,0.386281588447653,0.448060075093867,0.407994486560992,0.244569025928521,0.479064039408867,0.380154639175258,0.499105545617174,0.376529877609791,0.373670212765957,0.388028169014084,0.391129032258065,0.418269230769231,0.44392523364486,0.363636363636364,0.387710314557425,0.394375408763898,0.481897627965044,0.494642857142857,0.433333333333333,0.426767676767677,0.486127167630058,0.434861278648975,0.352564102564103,0.501136363636364,0.514714714714715,0.457040572792363,0.315648085963734,0.356669123065586,0,0.398104265402844,0.361037234042553,0.470059880239521,0.325874125874126,0.365172189733593,0.351409978308026,0.296842105263158,0.453601953601954,0.432464454976303,0.497851442602824,0.449006622516556,0.375694444444444,0.276150627615063,0.392973324658425,0.420718816067653,0.339974293059126,0.380271622587562,0.442068965517241,0.293909348441926,0.347404844290657,0.403833865814696,0.37463768115942,0.439139206455952,0.296033994334278,0.443704197201865,0.382620882971268,0.401656314699793,0.358016741790084,0.486682808716707,0.279832519190509,0.486687306501548,0.204597701149425,0.332900713822193,0.35828534868842,0.429716399506782,0.487315634218289,0.360709592641262,0.361227336122734,0.443970767356882,0.375868603916614,0.44871025794841,0.398980242192479,0.466180371352785,0.309372797744891,0.300353356890459,0.372955974842767,0.368181818181818,0.496826312752452,0.45628078817734,0.319610778443114,0.311406578026592,0.417177914110429,0.430086149768058,0.466321243523316,0.358024691358025,0.436666666666667,0.38866930171278,0.446703635243376,0.405994550408719,0.403886190145732,0.436582109479306,0.409535452322738,0.352346570397112,0.330981398332264,0.491117478510029,0.326626425217975,0.289115646258503,0.397931034482759,0.428098078197482,0.396981627296588,0.45679012345679,0.471128608923885,0.373244641537324,0.338742393509128,0.414021164021164,0.424832214765101,0.510625737898465,0.379014989293362,0.338134430727023,0.460874922982132,0.408402203856749,0.384829505915101,0.464437689969605,0.484586929716399,0.398620689655172,0.36978417266187,0.568994889267462
0.463701765860039,0.400993612491128,0.399743754003844,0.365168539325843,0.452147239263804,0.353408338848445,0.481103779244151,0.351755526657997,0.42043085476025,0.336259284267387,0.218532818532819,0.30498945888967,0.360875706214689,0.384456671251719,0.288222384784199,0.445066480055983,0.416773367477593,0.326502732240437,0.343953185955787,0.239405204460967,0.458230958230958,0.368193069306931,0.4296875,0.282240235814296,0.378510378510378,0.347047113470471,0.423728813559322,0.340341655716163,0.424667133847232,0.398104265402844,0,0.384515289525049,0.338928340865074,0.450867052023121,0.469806763285024,0.382828993666432,0.451551614946168,0.393576826196474,0.429245283018868,0.341184387617766,0.283636363636364,0.37336093857833,0.451492537313433,0.422320862396956,0.335298452468681,0.467295226870949,0.363896848137536,0.359510086455331,0.468769716088328,0.467515923566879,0.328239202657807,0.221085759244689,0.249251497005988,0.365475387727579,0.38213058419244,0.470742932281394,0.331665475339528,0.413835701050031,0.316844919786096,0.464440321583179,0.327445652173913,0.391689373297003,0.499419953596288,0.453620586475165,0.386792452830189,0.446450060168472,0.471411192214112,0.228870605833957,0.396884735202492,0.476162448499117,0.438848920863309,0.462006079027356,0.354975299929428,0.384358288770053,0.463538363982245,0.422168382798304,0.467917675544794,0.404501216545012,0.39171974522293,0.292075471698113,0.358541525995949,0.526375496313103,0.251282051282051,0.429742388758782,0.375623663578047,0.453534031413613,0.349631614199598,0.362991618310767,0.395918367346939,0.181960784313725,0.212121212121212,0.417874396135266,0.277153558052434,0.516421291053228,0.392359005457853,0.352131147540984,0.49046483909416,0.07166392092257,0.228317272053373,0.356045424181697,0.371280724450194,0.427327528466175,0.395516992046276,0.289564616447823,0.249275362318841,0.175154320987654,0.366966580976864,0.443915703602991,0.287017543859649,0.377820760799484,0.124798711755234,0.472240365774004,0.416925948973242,0.327027027027027,0.181818181818182,0.417186417186417,0.577889447236181
0.42572347266881,0.423592493297587,0.522753128555176,0.440231362467866,0.37546468401487,0.402100061766523,0.456891495601173,0.47481181239143,0.388586956521739,0.237276478679505,0.404509283819629,0.344759393539881,0.361543669600542,0.388413429888084,0.417261518494484,0.353900709219858,0.365946632782719,0.441931540342298,0.467863346844239,0.394925178919974,0.413981762917933,0.350813743218806,0.445845272206304,0.416938110749186,0.376546847377725,0.395291201982652,0.435763888888889,0.266182298546896,0.447751322751323,0.361037234042553,0.384515289525049,0,0.362745098039216,0.400636942675159,0.471851421938479,0.435378590078329,0.396975425330813,0.505358150028201,0.383265067290813,0.352185089974293,0.367197875166003,0.44949494949495,0.42326431181486,0.379072681704261,0.378266850068776,0.280254777070064,0.356551724137931,0.382573179033356,0.407313997477932,0.396286811779769,0.457227138643068,0.410774410774411,0.388631857237277,0.484684684684685,0.386184210526316,0.319473319473319,0.362718707940781,0.335205992509363,0.411050394656952,0.433252427184466,0.440316686967113,0.341200269723533,0.413467217956291,0.265675500969619,0.323473882945249,0.356223175965665,0.468035190615836,0.3079561042524,0.321608040201005,0.439930354033662,0.407189157336476,0.296176279974077,0.440308087291399,0.447871684145589,0.398730158730159,0.257731958762887,0.484149855907781,0.386484884410196,0.506545247581104,0.406207827260459,0.471299093655589,0.347426470588235,0.359075907590759,0.324698795180723,0.439632545931759,0.235125448028674,0.232413793103448,0.373612823674476,0.392015706806283,0.377852348993289,0.410471881060116,0.273650793650794,0.43202614379085,0.419186046511628,0.37181764357608,0.187369882026371,0.314980793854033,0.411458333333333,0.405509288917361,0.236914600550964,0.374534161490683,0.353297442799462,0.440107671601615,0.289700996677741,0.49220623501199,0.416452442159383,0.4387936132466,0.349689011748445,0.307794803464357,0.504004576659039,0.403681788297173,0.317460317460317,0.321904761904762,0.441283292978208,0.345318860244233,0.399597044996642,0.612355212355212
0.42360248447205,0.453451551614946,0.409117821195974,0.370873786407767,0.414962010520164,0.216522318454364,0.423522595596756,0.350090854027862,0.479308214947498,0.269406392694064,0.4,0.260200668896321,0.435162094763092,0.34765625,0.410433689503457,0.469206349206349,0.33832709113608,0.241838774150566,0.34282253179891,0.298735861610113,0.372135102533173,0.309808612440191,0.337091988130564,0.41109709962169,0.318557919621749,0.210947930574099,0.384615384615385,0.344512195121951,0.525710828796128,0.470059880239521,0.338928340865074,0.362745098039216,0,0.422680412371134,0.420533642691415,0.477036129822413,0.386029411764706,0.3729216152019,0.306824925816024,0.321315623023403,0.297261189044756,0.388607594936709,0.404407385348422,0.341387856257745,0.415533980582524,0.367466354593329,0.416773367477593,0.442198357548958,0.392132759680393,0.425364077669903,0.340490797546012,0.403908794788274,0.301075268817204,0.383044554455446,0.344401041666667,0.495813397129187,0.438737623762376,0.351076555023923,0.186872069658406,0.407628128724672,0.232666666666667,0.459214501510574,0.422727272727273,0.354302670623145,0.197643979057592,0.334735576923077,0.427240977881257,0.371337579617834,0.170860927152318,0.418895845190666,0.391129032258065,0.326769230769231,0.343195266272189,0.382371198013656,0.416969696969697,0.309739866908651,0.421358096343587,0.331157270029674,0.384523809523809,0.436224489795918,0.380716934487021,0.397354801610121,0.274614869390489,0.310182460270747,0.47087980173482,0.442002442002442,0.260327868852459,0.196959682749504,0.421933085501859,0.38258064516129,0.289261744966443,0.279853031230863,0.426675094816688,0.43683917640512,0.332354668232531,0.368357487922705,0.395992928697702,0.363518758085382,0.2909211398277,0.262295081967213,0.19653564290473,0.349381912817176,0.467218332272438,0.317119393556538,0.359571788413098,0.289350301406564,0.347457627118644,0.444444444444444,0.342785129174543,0.402244536326048,0.359609120521173,0.500593119810202,0.184053156146179,0.232758620689655,0.34597776324395,0.485609308022045,0.637545126353791
0.293610911701364,0.438740588637919,0.389030612244898,0.407031778228533,0.272850372376439,0.464917632702868,0.265582655826558,0.443837279902854,0.431492842535787,0.430730478589421,0.440213760855043,0.491965389369592,0.461689587426326,0.529084158415842,0.410738255033557,0.438584316446912,0.405991077119184,0.461824953445065,0.444108761329305,0.462130937098845,0.363636363636364,0.378953771289538,0.386682956627978,0.399592944369064,0.382157926461724,0.445061728395062,0.325699745547074,0.364916773367478,0.460081190798376,0.325874125874126,0.450867052023121,0.400636942675159,0.422680412371134,0,0.288577154308617,0.442062960482251,0.22596843615495,0.396144278606965,0.396664681357951,0.391612903225806,0.468248877485568,0.386332882273342,0.257439446366782,0.413619167717528,0.472277889111556,0.349654739485248,0.474934036939314,0.492478744277305,0.243919885550787,0.0834645669291339,0.388853704876504,0.437542662116041,0.486572890025575,0.27080394922426,0.526901669758813,0.431712191872085,0.507896399241946,0.334830019243105,0.438994481912937,0.25987525987526,0.459158415841584,0.278818443804035,0.27733860342556,0.333120612635609,0.413096695226438,0.386897404202719,0.292338709677419,0.428852459016393,0.397412199630314,0.266887417218543,0.307395498392283,0.395232120451694,0.491687979539642,0.293789253314724,0.210948905109489,0.36052303860523,0.252049180327869,0.419200954084675,0.406367041198502,0.388888888888889,0.264643613267466,0.337974683544304,0.458838544990428,0.35956416464891,0.429543907420014,0.481904761904762,0.426767676767677,0.414453366275479,0.435409836065574,0.466666666666667,0.478980891719745,0.395151515151515,0.391154111955771,0.27154046997389,0.386144578313253,0.426625386996904,0.271929824561404,0.462686567164179,0.467680608365019,0.438519447929737,0.427424336009883,0.495250158328056,0.419831223628692,0.39654067905189,0.377158034528553,0.481598984771574,0.414197530864198,0.446009389671362,0.383104125736739,0.361880231809401,0.455439056356488,0.429329794293298,0.413325107958051,0.456226880394575,0.433862433862434,0.434664861205146,0.587561374795417
0.284831846259437,0.499063085571518,0.242866622428666,0.361111111111111,0.281028938906752,0.423191870890616,0.0760401721664275,0.30919395465995,0.514408338442673,0.486392588303416,0.464375,0.492941176470588,0.549031121550206,0.531727379553466,0.431001890359168,0.522118380062305,0.346153846153846,0.427102238354507,0.305904522613065,0.487687687687688,0.328095537397863,0.358657243816254,0.25126582278481,0.447434292866083,0.313701923076923,0.43542654028436,0.256962025316456,0.421238938053097,0.468710089399745,0.365172189733593,0.469806763285024,0.471851421938479,0.420533642691415,0.288577154308617,0,0.492610837438424,0.305029392553886,0.255167958656331,0.29143897996357,0.389778325123153,0.515671200473093,0.353906762967827,0.292367399741268,0.352279825109307,0.538228155339806,0.399650959860384,0.539892021595681,0.508297480024585,0.272788203753351,0.298268974700399,0.359384615384615,0.444516129032258,0.505105105105105,0.234567901234568,0.521841794569067,0.502117362371446,0.51168364289994,0.385985748218527,0.422235363690124,0.279084967320261,0.427453341360626,0.365234375,0.161853593015447,0.356971153846154,0.405754550792719,0.303105590062112,0.0505124450951684,0.463697376449054,0.41869918699187,0.159274193548387,0.27875,0.412322274881517,0.536283185840708,0.262017603249831,0.308349769888231,0.378457916421424,0.123862841147656,0.339520958083832,0.26072821846554,0.426988265971317,0.240627130197682,0.279273638071384,0.484468339307049,0.31328171530673,0.503388786198398,0.566457501426127,0.48463768115942,0.375226586102719,0.514218009478673,0.481230769230769,0.502386634844869,0.397917871602082,0.442466624284806,0.198959687906372,0.329755515802027,0.515607580824972,0.310453400503778,0.48109756097561,0.500590318772137,0.495100864553314,0.391802290536468,0.562715765247411,0.472598323662153,0.455882352941176,0.35828534868842,0.494913225613405,0.328571428571429,0.536014405762305,0.435386473429952,0.251803278688525,0.493009118541033,0.514029850746269,0.39833531510107,0.419024683925346,0.465804066543438,0.507664009809933,0.626022304832714
0.471978392977718,0.3149300155521,0.507425742574257,0.483085250338295,0.429768041237113,0.515451174289246,0.511259890444309,0.538782816229117,0.21469387755102,0.386702849389417,0.41583452211127,0.419836956521739,0.329596412556054,0.362518089725036,0.431454418928323,0.2912,0.419205298013245,0.529850746268657,0.538598574821853,0.469483568075117,0.443159922928709,0.50117508813161,0.497621878715815,0.389526542324247,0.519585253456221,0.520910209102091,0.485868911605532,0.364611260053619,0.284126984126984,0.351409978308026,0.382828993666432,0.435378590078329,0.477036129822413,0.442062960482251,0.492610837438424,0,0.445981554677207,0.525717703349282,0.467300832342449,0.479872204472843,0.477911646586345,0.480936454849498,0.45003223726628,0.408217362491716,0.316808675445391,0.433021806853582,0.336109008327025,0.381831610044313,0.454785478547855,0.459495351925631,0.458121827411167,0.412408759124088,0.476673427991886,0.393127147766323,0.365994236311239,0.280890253261704,0.273425499231951,0.418100701083493,0.556676557863501,0.459511568123393,0.52605459057072,0.329662261380323,0.464702271332106,0.424968474148802,0.491174680462568,0.585034013605442,0.497213622291022,0.411969380654141,0.5,0.486698911729141,0.472087378640777,0.462893081761006,0.368459302325581,0.435570469798658,0.454365079365079,0.451751690227412,0.522658610271903,0.524141942990111,0.528062764031382,0.417877906976744,0.406929347826087,0.483091787439614,0.469061876247505,0.519954389965792,0.101298701298701,0.363048166786484,0.420982735723772,0.503355704697987,0.283987915407855,0.415897799858055,0.478929765886288,0.462378640776699,0.404899135446686,0.48896839594514,0.536794067313177,0.420949902407287,0.457124842370744,0.386981402002861,0.464,0.416666666666667,0.502463054187192,0.342857142857143,0.303102625298329,0.337508698677801,0.418194161575017,0.485714285714286,0.60827664399093,0.304080061585835,0.351994401679496,0.532608695652174,0.390961262553802,0.285388127853881,0.541246290801187,0.526510480887793,0.394586894586895,0.198360655737705,0.543812104787715
0.259927797833935,0.439649359406608,0.393596986817326,0.36593707250342,0.148997134670487,0.428483353884094,0.286186384666226,0.443645083932854,0.424037812288994,0.430702299564947,0.434897554527429,0.507543753771877,0.393796358732299,0.534954407294833,0.376605814739689,0.434156378600823,0.406289308176101,0.425705329153605,0.443914081145585,0.472327044025157,0.415896487985213,0.417595307917889,0.38135593220339,0.394630872483221,0.411111111111111,0.423718344657196,0.354938271604938,0.321219987021415,0.441970310391363,0.296842105263158,0.451551614946168,0.396975425330813,0.386029411764706,0.22596843615495,0.305029392553886,0.445981554677207,0,0.408287629494211,0.390431187241583,0.435913312693498,0.470625394819962,0.305536089698669,0.163426925845932,0.402882205513784,0.447121820615797,0.275906735751295,0.444960212201591,0.471895424836601,0.127915726109857,0.221341023792358,0.32444733420026,0.439516129032258,0.491514770584538,0.233830845771144,0.531914893617021,0.4510058403634,0.501251564455569,0.272667542706965,0.395146235220909,0.16978417266187,0.425093632958802,0.261306532663317,0.277163305139883,0.29244673983215,0.36386292834891,0.389396709323583,0.302110817941952,0.386046511627907,0.335018963337547,0.320659062103929,0.340597758405978,0.371464487743558,0.517048977061376,0.221105527638191,0.147651006711409,0.334790755777639,0.281167108753316,0.447657605552342,0.416411512553582,0.367977528089888,0.227596017069701,0.3308223477715,0.461345065996229,0.363365155131265,0.448275862068966,0.48025078369906,0.41692789968652,0.3729662077597,0.448364336112893,0.448140900195695,0.491588785046729,0.370212765957447,0.403651115618661,0.296696315120712,0.396215257244234,0.394260761072988,0.240162822252374,0.467134652201659,0.483292079207921,0.428660436137072,0.385097056981841,0.501865671641791,0.414464534075104,0.4,0.346461949265688,0.499690785405071,0.426844014510278,0.433333333333333,0.385806451612903,0.389375,0.456072351421189,0.450613298902518,0.364720652856246,0.423244251087632,0.422470433639947,0.42828418230563,0.597288676236045
0.407594936708861,0.509852216748768,0.104551920341394,0.278122843340235,0.395945140131187,0.346824408468244,0.285260482846252,0.149315068493151,0.587145338737695,0.492263610315186,0.36158940397351,0.452909418116377,0.528681253696038,0.494314781567923,0.341931216931217,0.626221966647499,0.381361128142244,0.287303664921466,0.154996600951734,0.349609375,0.358675659104844,0.332936979785969,0.221369161868202,0.371577574967406,0.279707495429616,0.370324954015941,0.279950341402855,0.466400911161731,0.476340694006309,0.453601953601954,0.393576826196474,0.505358150028201,0.3729216152019,0.396144278606965,0.255167958656331,0.525717703349282,0.408287629494211,0,0.291490645745323,0.366232153941651,0.441085749537323,0.261707988980716,0.371936274509804,0.397706698853349,0.495970241785493,0.422792022792023,0.495395948434622,0.471544715447154,0.390818858560794,0.404835709857409,0.263430420711974,0.363881401617251,0.383225806451613,0.334832904884319,0.489514679448772,0.577866514546492,0.50329144225015,0.401519579193454,0.336431226765799,0.368226600985222,0.282821685173089,0.491646778042959,0.303142329020333,0.428897772701314,0.385342789598109,0.300988875154512,0.244924688932547,0.425465838509317,0.387286639199529,0.296662546353523,0.291615289765721,0.47108843537415,0.498798076923077,0.354140127388535,0.416870415647922,0.432126696832579,0.263835263835264,0.310115081768625,0.0743919885550787,0.329896907216495,0.352568167406468,0.346291866028708,0.429274292742927,0.30718954248366,0.508536585365854,0.596004439511654,0.485319516407599,0.335793357933579,0.570215175537939,0.386363636363636,0.378048780487805,0.449944382647386,0.362972793629728,0.308859223300971,0.291085506367495,0.477272727272727,0.430232558139535,0.389210019267823,0.360897435897436,0.499143346659052,0.357798165137615,0.564497716894977,0.49842668344871,0.490285714285714,0.319453480806766,0.387261146496815,0.243839169909209,0.596571428571429,0.483720930232558,0.227873183619551,0.382372002592353,0.591343451377178,0.376646706586826,0.275929549902153,0.430181590482154,0.573341094295693,0.62766740250184
0.352756892230576,0.531594202898551,0.290461538461538,0.361809045226131,0.37129575828007,0.350417163289631,0.302957151478576,0.212698412698413,0.462974111980735,0.351951951951952,0.504624277456647,0.3743961352657,0.494791666666667,0.449882075471698,0.511363636363636,0.4234404536862,0.301665638494756,0.336380255941499,0.214150347441567,0.465816917728853,0.237523689197726,0.253293413173653,0.219692307692308,0.51984126984127,0.232390126429862,0.355489614243323,0.281287246722288,0.383640552995392,0.514688601645123,0.432464454976303,0.429245283018868,0.383265067290813,0.306824925816024,0.396664681357951,0.29143897996357,0.467300832342449,0.390431187241583,0.291490645745323,0,0.315950920245399,0.452520515826495,0.406646525679758,0.377270064440539,0.280745341614907,0.490487514863258,0.316189362945646,0.480142264374629,0.49764982373678,0.374174174174174,0.390653085680048,0.422121896162528,0.473873873873874,0.452127659574468,0.400946185688941,0.44234180958013,0.484883720930233,0.459634649381261,0.333528379169105,0.33749257278669,0.373749264273102,0.352163461538462,0.453747072599532,0.215930304915993,0.31924882629108,0.276801938219261,0.235511713933416,0.284398034398034,0.446009389671362,0.290593169562612,0.274804570054119,0.26994601079784,0.310282621767889,0.503724928366762,0.381152460984394,0.407189157336476,0.296930342384888,0.308664259927798,0.201363073110285,0.280196198651134,0.549343981745579,0.392052194543298,0.214640198511166,0.436694021101993,0.210271903323263,0.472238805970149,0.452576112412178,0.34996993385448,0.312986235786954,0.493432324386065,0.461811722912966,0.450704225352113,0.209876543209877,0.558659217877095,0.251959011452682,0.23752254960914,0.378048780487805,0.350146627565982,0.444510385756677,0.463751438434983,0.352764423076923,0.317498496692724,0.42916915720263,0.574443810610382,0.348321342925659,0.386594853381209,0.441367118444313,0.259716224552745,0.427784577723378,0.40597539543058,0.302367941712204,0.45712596096984,0.497418244406196,0.323040380047506,0.350688210652304,0.438617401668653,0.475624256837099,0.660798916723087
0.41796875,0.44813829787234,0.382057716436637,0.374493927125506,0.460082791247782,0.362651370299554,0.369931378665003,0.301298701298701,0.476375404530744,0.35594315245478,0.401606425702811,0.403969270166453,0.429038587311969,0.430232558139535,0.437056165267915,0.450201884253028,0.415632754342432,0.35114006514658,0.295719844357977,0.388815789473684,0.336970474967908,0.172158708809684,0.337037037037037,0.430709173715029,0.202889034799737,0.276139410187668,0.296319796954315,0.390740740740741,0.530599369085173,0.497851442602824,0.341184387617766,0.352185089974293,0.321315623023403,0.391612903225806,0.389778325123153,0.479872204472843,0.435913312693498,0.366232153941651,0.315950920245399,0,0.348443843031123,0.409654272667971,0.460479041916168,0.418103448275862,0.42741935483871,0.405469678953627,0.433774834437086,0.446640316205534,0.44513329200248,0.391332470892626,0.400862068965517,0.414353419092756,0.387741505662891,0.422544080604534,0.427002583979328,0.457051282051282,0.432835820895522,0.362793572311496,0.340357598978289,0.468339307048984,0.34762833008447,0.468965517241379,0.399520095980804,0.382888349514563,0.321065989847716,0.280826339573919,0.395794681508967,0.334013605442177,0.336050156739812,0.358942839582053,0.291984732824427,0.400122549019608,0.420432220039293,0.42397476340694,0.455274521900062,0.345040049291436,0.38266253869969,0.278803309993635,0.353758686039166,0.440452428476381,0.420125786163522,0.354422604422604,0.339165545087483,0.270963704630788,0.478401031592521,0.405740378343118,0.36439588688946,0.336507936507936,0.441533546325879,0.383423180592992,0.378073089700997,0.349022004889976,0.442773054283846,0.392261904761905,0.231715210355987,0.38380062305296,0.420543806646526,0.361299052774019,0.388127853881279,0.362113402061856,0.329691516709512,0.418619791666667,0.464619492656876,0.376111817026684,0.39110824742268,0.379058979456594,0.287393860222077,0.435643564356436,0.391581632653061,0.353202282815472,0.356070941336971,0.476070528967254,0.34070796460177,0.357739242132306,0.312891986062718,0.483974358974359,0.607981220657277
0.508659397049391,0.411261582323592,0.463354037267081,0.416494845360825,0.486371895820715,0.306529209621993,0.508917954815696,0.415772870662461,0.460643394934976,0.267045454545455,0.344452501812908,0.289398280802292,0.383532723434201,0.335719398711525,0.338593974175036,0.449929478138223,0.505796217205613,0.289139633286319,0.412208936438011,0.207951070336391,0.517590936195587,0.392,0.439421338155515,0.341480948957584,0.393162393162393,0.236597569692638,0.443908323281062,0.338645418326693,0.473575840768703,0.449006622516556,0.283636363636364,0.367197875166003,0.297261189044756,0.468248877485568,0.515671200473093,0.477911646586345,0.470625394819962,0.441085749537323,0.452520515826495,0.348443843031123,0,0.408594815825375,0.487116564417178,0.505761067313523,0.365032918800293,0.462410501193317,0.378766140602582,0.390714285714286,0.482954545454545,0.479897894065092,0.381818181818182,0.352724594992636,0.194227769110764,0.471337579617834,0.338088445078459,0.469414893617021,0.421052631578947,0.415940224159402,0.28118538938663,0.492335990190067,0.292717086834734,0.453342157511582,0.521914648212226,0.469814704124327,0.323878627968338,0.425846153846154,0.51668653158522,0.230943396226415,0.313037723362012,0.527554535017222,0.426829268292683,0.454993834771887,0.291111111111111,0.46010296010296,0.478757133798351,0.408754623921085,0.503283582089552,0.460308056872038,0.436875,0.345158906134516,0.473684210526316,0.487661574618096,0.142295597484277,0.443793911007026,0.461800818553888,0.425975773889637,0.240807498197549,0.294915254237288,0.415478615071283,0.308259587020649,0.207214121258634,0.421884498480243,0.333821376281113,0.547285954113039,0.396214896214896,0.352746525479815,0.509209744503862,0.302564102564103,0.214339622641509,0.241702741702742,0.291780821917808,0.319595083152567,0.414017341040462,0.361631016042781,0.424242424242424,0.206130268199234,0.41198738170347,0.434692467173462,0.349043715846995,0.457920792079208,0.301400147383935,0.478975032851511,0.304172274562584,0.293667362560891,0.238783269961977,0.467796610169492,0.571672354948806
0.379623168178646,0.5,0.264747191011236,0.192458758837392,0.289239204934887,0.329260013577733,0.362745098039216,0.273916035788025,0.525279054497702,0.464398235664776,0.341818181818182,0.462282398452611,0.465551839464883,0.486310299869622,0.309210526315789,0.53861517976032,0.348413234301148,0.227505486466715,0.276333789329685,0.372044506258693,0.423492063492064,0.419139915202907,0.350765306122449,0.342446043165468,0.383148831488315,0.358427714856762,0.35964353914704,0.416349809885932,0.381195335276968,0.375694444444444,0.37336093857833,0.44949494949495,0.388607594936709,0.386332882273342,0.353906762967827,0.480936454849498,0.305536089698669,0.261707988980716,0.406646525679758,0.409654272667971,0.408594815825375,0,0.310699588477366,0.383048620236531,0.429275158339198,0.351057014734145,0.436980609418283,0.400852878464819,0.275862068965517,0.391480730223124,0.213208901651113,0.34641006661732,0.377543859649123,0.271809661139149,0.481070496083551,0.527226137091608,0.485226526592252,0.324983520105471,0.312330623306233,0.324693042291951,0.250718390804598,0.436704621567314,0.356867779204108,0.343911917098446,0.364690721649485,0.389029003783102,0.361239288068556,0.351408450704225,0.358478401031593,0.396745932415519,0.355456285896618,0.401660280970626,0.52779552715655,0.281811646297628,0.355525051475635,0.352715654952077,0.35154707044108,0.418037781840341,0.283161512027491,0.229612034837688,0.298655343241331,0.392120075046904,0.412911903160726,0.395770392749245,0.463847203274216,0.542732376793512,0.456618112729576,0.314093959731544,0.563770794824399,0.345848375451264,0.386583679114799,0.390440720049659,0.329904481998531,0.380387257963773,0.371198013656114,0.435494021397105,0.342592592592593,0.370422535211268,0.384825700615174,0.466288594833018,0.329309188464118,0.541169076052797,0.446491849751949,0.523522316043426,0.262545454545455,0.396433470507545,0.33289124668435,0.519633507853403,0.475047378395452,0.319378798109386,0.356887937187723,0.54040404040404,0.362394274560833,0.248211731044349,0.380252100840336,0.522905759162304,0.565665236051502
0.285614525139665,0.451083388049902,0.367398119122257,0.360942760942761,0.183137525915688,0.423100303951368,0.295865633074935,0.418562874251497,0.44611365120836,0.446191051995163,0.439197930142303,0.499404052443385,0.455124124761298,0.588269120184014,0.398166339227243,0.469428007889546,0.353128991060026,0.422222222222222,0.415173237753883,0.47940995697603,0.393120393120393,0.40337601862631,0.355111917725348,0.405104712041885,0.397911832946636,0.423193685488767,0.345543345543346,0.350877192982456,0.426470588235294,0.276150627615063,0.451492537313433,0.42326431181486,0.404407385348422,0.257439446366782,0.292367399741268,0.45003223726628,0.163426925845932,0.371936274509804,0.377270064440539,0.460479041916168,0.487116564417178,0.310699588477366,0,0.343550446998723,0.458279009126467,0.269181585677749,0.444010416666667,0.467524115755627,0.163161711385062,0.275909402882636,0.32780612244898,0.440711462450593,0.5,0.232005590496157,0.59106529209622,0.456852791878173,0.500307314074985,0.248853962017027,0.417370325693607,0.0707898658718331,0.415792720542875,0.295093296475467,0.273717948717949,0.292063492063492,0.371341463414634,0.382671480144404,0.294921875,0.410025706940874,0.356441717791411,0.303964757709251,0.335380835380835,0.357632398753894,0.51854103343465,0.231955150665732,0.211456859971711,0.328606658446363,0.273084479371316,0.427089337175793,0.391809290953545,0.381830601092896,0.224632610216935,0.334975369458128,0.479878048780488,0.362889019377569,0.448275862068966,0.497261107729763,0.442424242424242,0.375307125307125,0.450314465408805,0.457033736473584,0.492665036674817,0.367664670658683,0.408730158730159,0.2822936357908,0.391481913652275,0.391277641277641,0.241838774150566,0.45126582278481,0.480827754108338,0.450814725407363,0.386223862238622,0.518115942028985,0.427991886409736,0.40679012345679,0.32313829787234,0.48960880195599,0.40829825616356,0.452842377260982,0.404135338345865,0.363295880149813,0.45494923857868,0.462264150943396,0.392965433596119,0.412054120541205,0.438058748403576,0.445022771633051,0.611239414934565
0.336949152542373,0.481314432989691,0.365577889447236,0.328522336769759,0.347798742138365,0.40098704503393,0.367801857585139,0.379987722529159,0.42686962276638,0.382871536523929,0.451509312780989,0.385109114249037,0.550508069336521,0.500611246943765,0.4725,0.445187165775401,0.0825892857142857,0.389659520807062,0.378593272171254,0.474074074074074,0.23973063973064,0.37810650887574,0.34430225472273,0.44309462915601,0.38973162193699,0.430127041742287,0.364734299516908,0.391437308868501,0.462745098039216,0.392973324658425,0.422320862396956,0.379072681704261,0.341387856257745,0.413619167717528,0.352279825109307,0.408217362491716,0.402882205513784,0.397706698853349,0.280745341614907,0.418103448275862,0.505761067313523,0.383048620236531,0.343550446998723,0,0.512901195720579,0.261568123393316,0.505632040050063,0.526608910891089,0.332674571805007,0.422375864236329,0.397553516819572,0.411685695097381,0.476932668329177,0.341207349081365,0.495716034271726,0.405511811023622,0.430135222150676,0.29483088704531,0.394366197183099,0.353278166772756,0.39424280350438,0.393089960886571,0.323364485981308,0.236220472440945,0.321383647798742,0.373107207752877,0.353052234109503,0.476894639556377,0.34548825710754,0.32836747361887,0.369656833232992,0.276178010471204,0.517954960438223,0.331568497683653,0.422596754057428,0.277813095994914,0.377463054187192,0.311455108359133,0.396951219512195,0.467961165048544,0.332236842105263,0.309136420525657,0.489387507580352,0.362139917695473,0.411333333333333,0.449402891263356,0.401991288114499,0.351216469120399,0.467952706907281,0.445442875481386,0.462882096069869,0.251604621309371,0.467813894200127,0.332925336597307,0.394522144522144,0.383570105003088,0.287662337662338,0.42156229825694,0.469938650306748,0.402864259028643,0.357142857142857,0.48641975308642,0.500322788896062,0.34041184041184,0.299595141700405,0.455909943714822,0.38621110433191,0.447112264763141,0.378980891719745,0.348045397225725,0.4373795761079,0.416720674011666,0.38438071995119,0.383458646616541,0.463859208045255,0.418543046357616,0.612779060816012
0.528127068166777,0.31378763866878,0.51129234629862,0.472260748959778,0.473583704646722,0.409825033647376,0.535888077858881,0.459079283887468,0.323185011709602,0.379071379071379,0.363090772693173,0.38943661971831,0.173044925124792,0.317700453857791,0.387918486171761,0.344909234411997,0.514864010120177,0.4364492266308,0.455357142857143,0.371096586782861,0.518633540372671,0.465485644471594,0.492121212121212,0.387426900584795,0.485338120885697,0.463636363636364,0.524404761904762,0.374407582938389,0.317749603803487,0.420718816067653,0.335298452468681,0.378266850068776,0.415533980582524,0.472277889111556,0.538228155339806,0.316808675445391,0.447121820615797,0.495970241785493,0.490487514863258,0.42741935483871,0.365032918800293,0.429275158339198,0.458279009126467,0.512901195720579,0,0.467821782178218,0.0825932504440497,0.21558872305141,0.468396540252828,0.484385382059801,0.420739762219287,0.389140271493213,0.363636363636364,0.472425249169435,0.315192743764172,0.365998515219005,0.270164447924824,0.450856055802156,0.450129533678757,0.46284224250326,0.436789297658863,0.445062586926286,0.544056771141337,0.496024464831804,0.431876606683805,0.455688246385921,0.539449541284404,0.286478227654698,0.414507772020725,0.553141514973576,0.515568862275449,0.483606557377049,0.297839506172839,0.458641560188299,0.454606590450572,0.465346534653465,0.527539779681763,0.496991576413959,0.50560398505604,0.365443425076453,0.473858371939113,0.517386091127098,0.372661870503597,0.445592705167173,0.314553990610329,0.310943396226415,0.388008270158511,0.431448992852502,0.322314049586777,0.320826952526799,0.373362445414847,0.475870494807575,0.39719970523213,0.56278801843318,0.478313253012048,0.354238456237078,0.519975414874001,0.345033607169529,0.374012921751615,0.386740331491713,0.42772667542707,0.314632297194845,0.277960526315789,0.387096774193548,0.464477211796247,0.389647735442128,0.474747474747475,0.343032159264931,0.381551362683438,0.519504643962848,0.323954372623574,0.370860927152318,0.441365979381443,0.440981432360743,0.321969696969697,0.331530139103555,0.527153558052434
0.345583494519665,0.44946641556811,0.394441159077469,0.362290862290862,0.237942122186495,0.392751039809863,0.410063620589936,0.417481311098332,0.41502227880331,0.370212765957447,0.476765238382619,0.45170789163722,0.444852941176471,0.484347312463083,0.456849728424864,0.412109375,0.249837345478204,0.406810035842294,0.414228341939185,0.484759671746776,0.316666666666667,0.346465816917729,0.337250293772033,0.452004860267315,0.363895216400911,0.383283582089552,0.327800829875519,0.341596130592503,0.425925925925926,0.339974293059126,0.467295226870949,0.280254777070064,0.367466354593329,0.349654739485248,0.399650959860384,0.433021806853582,0.275906735751295,0.422792022792023,0.316189362945646,0.405469678953627,0.462410501193317,0.351057014734145,0.269181585677749,0.261568123393316,0.467821782178218,0,0.436875,0.481120584652862,0.287564766839378,0.34301958307012,0.388561320754717,0.466584158415842,0.491145218417946,0.350405996252342,0.480496453900709,0.375079872204473,0.456745311554749,0.11951384199865,0.375890736342043,0.292220113851992,0.405357142857143,0.360050890585242,0.303690260133091,0.168083714846305,0.301587301587302,0.332936271590232,0.382701421800948,0.417992656058752,0.294621026894866,0.353286384976526,0.295468277945619,0.255873015873016,0.516880093131548,0.312620115310698,0.320610687022901,0.230721003134796,0.385428907168038,0.372492836676218,0.427752293577982,0.442211055276382,0.341891045710708,0.226212980466289,0.46643109540636,0.302693208430913,0.447761194029851,0.390517779164067,0.372191863995143,0.34375,0.455308938212357,0.47289156626506,0.505220417633411,0.246600741656366,0.461491442542787,0.306268656716418,0.349827387802071,0.190854870775348,0.218911917098446,0.488179669030733,0.488695652173913,0.367073170731707,0.340412621359223,0.459459459459459,0.463091482649842,0.368484848484848,0.347143753923415,0.506651243493349,0.411290322580645,0.398722044728434,0.393957703927492,0.390459363957597,0.487225193107546,0.363636363636364,0.31131498470948,0.401780415430267,0.453115547489413,0.411054637865311,0.640880056777857
0.528141361256545,0.31269592476489,0.514250309789343,0.471879286694102,0.459631277813096,0.406937958639093,0.540216086434574,0.456907477820025,0.339954163483575,0.375257731958763,0.384333821376281,0.40551724137931,0.173519736842105,0.326636904761905,0.40228245363766,0.3421875,0.514088916718848,0.4375,0.45224541429475,0.382310984308131,0.524188609920392,0.457750759878419,0.480652962515115,0.405289492494639,0.474029850746269,0.466324567030148,0.51570835803201,0.369623655913978,0.329704510108865,0.380271622587562,0.363896848137536,0.356551724137931,0.416773367477593,0.474934036939314,0.539892021595681,0.336109008327025,0.444960212201591,0.495395948434622,0.480142264374629,0.433774834437086,0.378766140602582,0.436980609418283,0.444010416666667,0.505632040050063,0.0825932504440497,0.436875,0,0.231519090170593,0.47209455022981,0.487868852459016,0.439276485788114,0.402808573540281,0.375181422351234,0.488946684005202,0.324163568773234,0.362030905077263,0.269558481797057,0.435003170577045,0.443013522215068,0.447557003257329,0.435761589403974,0.454545454545455,0.532743362831859,0.477941176470588,0.426930440331844,0.449718925671455,0.541993957703927,0.308724832214765,0.404516129032258,0.553747821034282,0.505074626865672,0.465909090909091,0.307283763277693,0.469616908850726,0.446153846153846,0.446993180409175,0.530229746070133,0.492831541218638,0.506773399014778,0.382198952879581,0.489306545690214,0.505086774386595,0.381457891012031,0.430395136778115,0.336641221374046,0.292075471698113,0.381930184804928,0.426451612903226,0.333579335793358,0.347242921013413,0.384560400285919,0.458715596330275,0.412698412698413,0.545874206578188,0.46417820590006,0.324305555555556,0.500924214417745,0.371366279069767,0.382768361581921,0.380658436213992,0.423728813559322,0.31357839459865,0.295253419147224,0.389830508474576,0.482306684141546,0.400423728813559,0.470551378446115,0.325172149961744,0.400956284153005,0.524129505192425,0.352549889135255,0.366885485047411,0.431322207958922,0.436842105263158,0.345642540620384,0.350453172205438,0.537968892955169
0.531761624099542,0.351766513056836,0.488621997471555,0.473539518900344,0.46991766941102,0.387948544346649,0.515003061849357,0.433548387096774,0.352851711026616,0.413862718707941,0.361876396128071,0.419067215363512,0.237261146496815,0.336795252225519,0.352029520295203,0.375576036866359,0.506313131313131,0.425403225806452,0.427835051546392,0.373381294964029,0.556756756756757,0.511764705882353,0.490361445783133,0.397694524495677,0.481834425253127,0.449934980494148,0.524231678486998,0.363328822733424,0.232039636663914,0.442068965517241,0.359510086455331,0.382573179033356,0.442198357548958,0.492478744277305,0.508297480024585,0.381831610044313,0.471895424836601,0.471544715447154,0.49764982373678,0.446640316205534,0.390714285714286,0.400852878464819,0.467524115755627,0.526608910891089,0.21558872305141,0.481120584652862,0.231519090170593,0,0.435603506405934,0.504229017566688,0.397205588822355,0.394932935916542,0.369612856099343,0.487597911227154,0.329368029739777,0.403597122302158,0.329332333083271,0.462835727670206,0.424183006535948,0.463130659767141,0.424749163879599,0.460382513661202,0.531675547661338,0.49605343047966,0.458934169278997,0.431558935361217,0.52120467117394,0.312686567164179,0.446124763705104,0.574382538770821,0.527712264150943,0.518948655256724,0.341536167039523,0.470198675496689,0.454969979986658,0.486060606060606,0.514705882352941,0.52,0.493457943925234,0.347892720306513,0.491888384166126,0.493042952208107,0.394366197183099,0.462686567164179,0.381520119225037,0.346041055718475,0.417058428475487,0.438021836865767,0.346069066862601,0.330060422960725,0.389563974267334,0.489783653846154,0.403930131004367,0.555747126436782,0.479378362223551,0.388479571332887,0.518925518925519,0.365764447695684,0.385431400282885,0.42013422818792,0.444516129032258,0.352205882352941,0.289878542510121,0.429708222811671,0.46578073089701,0.400849858356941,0.43573264781491,0.371641791044776,0.398078242964997,0.490601503759399,0.351632047477745,0.395398993529835,0.423673997412678,0.422769640479361,0.345925925925926,0.369288389513109,0.539026629935721
0.274170274170274,0.46524064171123,0.381528662420382,0.354614850798057,0.176261549395878,0.412170639899624,0.267160161507402,0.426129426129426,0.442501681237391,0.426239799121155,0.445767195767196,0.503960999390615,0.468911917098446,0.542352224253504,0.387686062246279,0.451811346548189,0.341463414634146,0.415130324221233,0.429351121892056,0.486503452605148,0.392317380352645,0.422601530311948,0.368550368550369,0.407780013413816,0.407669616519174,0.41625,0.355900621118012,0.320915032679739,0.424346629986245,0.293909348441926,0.468769716088328,0.407313997477932,0.392132759680393,0.243919885550787,0.272788203753351,0.454785478547855,0.127915726109857,0.390818858560794,0.374174174174174,0.44513329200248,0.482954545454545,0.275862068965517,0.163161711385062,0.332674571805007,0.468396540252828,0.287564766839378,0.47209455022981,0.435603506405934,0,0.251962883654532,0.314229249011858,0.448484848484848,0.50188679245283,0.223902087832973,0.535736102626756,0.466666666666667,0.534525277435265,0.263962765957447,0.397371714643304,0.16557734204793,0.41254752851711,0.26676279740447,0.251329787234043,0.285248041775457,0.363864491844417,0.381627620221948,0.279946164199192,0.412771560236998,0.351606805293006,0.303030303030303,0.344590368980613,0.36738578680203,0.539076923076923,0.23402727925341,0.19208211143695,0.330390920554855,0.264329062710721,0.445481049562682,0.408921933085502,0.369165487977369,0.217579250720461,0.315688775510204,0.482198625858838,0.375074537865236,0.452,0.50186799501868,0.421284634760705,0.363751584283904,0.448966408268734,0.466883116883117,0.504667081518357,0.362238622386224,0.419028340080972,0.27190136275146,0.401186943620178,0.420271940667491,0.224672639558925,0.475703324808184,0.499074645280691,0.429109159347553,0.376030437539632,0.50749063670412,0.428075052119527,0.417347580138278,0.337390128465179,0.505276225946617,0.413750767341928,0.445333333333333,0.390149060272197,0.37420584498094,0.473616473616474,0.469151670951157,0.366792929292929,0.409722222222222,0.44044502617801,0.446595460614152,0.594834543987086
0.296695402298851,0.448158253751705,0.398983481575604,0.406779661016949,0.273405698778833,0.465770171149144,0.268474576271186,0.449363250454821,0.438775510204082,0.435494021397105,0.45043246839654,0.518563603164942,0.463606557377049,0.527329192546584,0.420066889632107,0.439499304589708,0.411839592616168,0.464596273291925,0.44773413897281,0.473818646232439,0.383141762452107,0.376678876678877,0.38244321669736,0.409060175794456,0.378934624697337,0.444925742574257,0.331639135959339,0.36980166346769,0.46931894807822,0.347404844290657,0.467515923566879,0.396286811779769,0.425364077669903,0.0834645669291339,0.298268974700399,0.459495351925631,0.221341023792358,0.404835709857409,0.390653085680048,0.391332470892626,0.479897894065092,0.391480730223124,0.275909402882636,0.422375864236329,0.484385382059801,0.34301958307012,0.487868852459016,0.504229017566688,0.251962883654532,0,0.397727272727273,0.454299255247123,0.499046408137317,0.288313505948216,0.520547945205479,0.438829787234043,0.520100502512563,0.338678640153945,0.43403205918619,0.274793388429752,0.461919504643963,0.285611510791367,0.283552631578947,0.32411575562701,0.410933660933661,0.371482176360225,0.297515110812626,0.43586387434555,0.383177570093458,0.278839815425181,0.285900783289817,0.393958464443046,0.501273885350319,0.299163179916318,0.176733780760626,0.360174781523096,0.262083049693669,0.424657534246575,0.411104179663132,0.407665505226481,0.281009110021023,0.318356867779204,0.469504447268107,0.342121397915389,0.450505050505051,0.477983407785578,0.427577482605946,0.411290322580645,0.438320209973753,0.477553675992193,0.492405063291139,0.38804148871263,0.40521978021978,0.272073250490517,0.376063183475091,0.426443202979516,0.271312584573748,0.481362467866324,0.480151228733459,0.43639798488665,0.424317617866005,0.496192893401015,0.436147941381717,0.402431222008957,0.391820580474934,0.497797356828194,0.409062693978895,0.446908602150538,0.394393741851369,0.370988446726572,0.470396877033182,0.434350132625995,0.403235843186061,0.458024691358025,0.445029624753127,0.442943956785955,0.586688578471652
0.414696485623003,0.469191270860077,0.284409654272668,0.265162200282087,0.32703213610586,0.31076724693746,0.357583230579531,0.3215859030837,0.502490660024907,0.442711457708458,0.281183932346723,0.416925948973242,0.446485117162761,0.459962756052141,0.178334561532793,0.558481322718922,0.367794486215539,0.26010781671159,0.322479649342517,0.316498316498317,0.427380952380952,0.406789413118527,0.363148479427549,0.274001401541696,0.381892048752176,0.331424936386768,0.367541766109785,0.332496863237139,0.408026755852843,0.403833865814696,0.328239202657807,0.457227138643068,0.340490797546012,0.388853704876504,0.359384615384615,0.458121827411167,0.32444733420026,0.263430420711974,0.422121896162528,0.400862068965517,0.381818181818182,0.213208901651113,0.32780612244898,0.397553516819572,0.420739762219287,0.388561320754717,0.439276485788114,0.397205588822355,0.314229249011858,0.397727272727273,0,0.330076762037683,0.340496977837475,0.257668711656442,0.454940957116221,0.531660692951016,0.46927374301676,0.340503995082975,0.295819935691318,0.330140485312899,0.255548083389375,0.391612903225806,0.407147041593439,0.380441264162194,0.357490864799026,0.385484830458061,0.369297163995068,0.338870431893688,0.351614868982328,0.400352733686067,0.380106571936057,0.478857142857143,0.463505926388023,0.270691994572592,0.366368286445013,0.425201380897583,0.345962732919255,0.420298165137615,0.280258899676375,0.283154121863799,0.287909151636607,0.410942956926659,0.374838709677419,0.402044293015332,0.446520618556701,0.550261475886113,0.437086092715232,0.301970756516211,0.475199020208206,0.295059151009047,0.340878828229028,0.41108545034642,0.266571632216679,0.41108545034642,0.383855981416957,0.448680351906158,0.395544852498495,0.331309041835358,0.334214002642008,0.449162679425837,0.321722609246358,0.520286396181384,0.446133509583609,0.400613496932515,0.254794520547945,0.360472751149048,0.340782122905028,0.544197233914612,0.383793969849246,0.31659249841068,0.305096418732782,0.536137440758294,0.338919925512104,0.249664429530201,0.339825386165212,0.48811013767209,0.619909502262443
0.420156139105749,0.405688622754491,0.366574965612105,0.329545454545455,0.441558441558442,0.38013698630137,0.446808510638298,0.368064952638701,0.452123830093593,0.370911621433542,0.184538653366584,0.336482558139535,0.410701373825018,0.41678520625889,0.233466135458167,0.465643274853801,0.395904436860068,0.349645390070922,0.363268062120189,0.230890464933018,0.455016181229773,0.441413515189089,0.448598130841121,0.223652453740949,0.437384330660086,0.409670920080591,0.441582914572864,0.368635437881874,0.399849397590361,0.37463768115942,0.221085759244689,0.410774410774411,0.403908794788274,0.437542662116041,0.444516129032258,0.412408759124088,0.439516129032258,0.363881401617251,0.473873873873874,0.414353419092756,0.352724594992636,0.34641006661732,0.440711462450593,0.411685695097381,0.389140271493213,0.466584158415842,0.402808573540281,0.394932935916542,0.448484848484848,0.454299255247123,0.330076762037683,0,0.237072394590294,0.376146788990826,0.413229018492176,0.440905874026893,0.361008154188288,0.443666454487588,0.39261744966443,0.451443569553806,0.352816901408451,0.369992716678806,0.493887530562347,0.462835727670206,0.429581993569132,0.469819539514624,0.455074337427279,0.299242424242424,0.446417247939125,0.457786116322702,0.462825278810409,0.490909090909091,0.408074981975487,0.393557422969188,0.449089683074848,0.458385093167702,0.441423948220065,0.448168839230292,0.358168147641832,0.212197159565581,0.38375350140056,0.517964071856287,0.304119850187266,0.479500891265597,0.398216939078752,0.488529014844804,0.386629910406616,0.407382992748846,0.456491712707182,0.181441590720795,0.204654895666132,0.456736711990111,0.211175020542317,0.494876431585292,0.453822629969419,0.389487870619946,0.477574226152874,0.204048582995951,0.227521501172791,0.397532556545579,0.425378040762656,0.482264665757162,0.404870624048706,0.31879914224446,0.316446402349486,0.238805970149254,0.401850627891606,0.478932584269663,0.335965541995693,0.382014874915483,0.164725457570715,0.473829201101928,0.458943348185869,0.340620592383639,0.273364485981308,0.43519188993483,0.530783582089552
0.490170380078637,0.42846975088968,0.39777922926192,0.369285714285714,0.503623188405797,0.264914772727273,0.49546279491833,0.350993377483444,0.485384092454113,0.295278365045807,0.234192037470726,0.229618548990277,0.39943741209564,0.29459659511473,0.26530612244898,0.480809490579204,0.462317922735909,0.201196709050112,0.350692155570204,0.0625521267723103,0.485872235872236,0.425273390036452,0.449275362318841,0.270801815431165,0.421402660217654,0.291899441340782,0.473150357995227,0.369908015768725,0.443109540636042,0.439139206455952,0.249251497005988,0.388631857237277,0.301075268817204,0.486572890025575,0.505105105105105,0.476673427991886,0.491514770584538,0.383225806451613,0.452127659574468,0.387741505662891,0.194227769110764,0.377543859649123,0.5,0.476932668329177,0.363636363636364,0.491145218417946,0.375181422351234,0.369612856099343,0.50188679245283,0.499046408137317,0.340496977837475,0.237072394590294,0,0.46218487394958,0.297197640117994,0.489403973509934,0.398180545836249,0.468123861566485,0.277855153203343,0.502457002457002,0.205642167780252,0.451871657754011,0.536557282671272,0.534064665127021,0.325581395348837,0.433950617283951,0.506957047791894,0.269001490312966,0.335747202106649,0.514886164623468,0.476785714285714,0.473587223587224,0.296572280178838,0.452707110241357,0.502518891687658,0.449424591156875,0.493333333333333,0.444176222088111,0.386467143786597,0.276612276612277,0.464607464607465,0.513969732246799,0.185902401239349,0.456088992974239,0.463548830811554,0.475,0.274607703281027,0.31144211238998,0.445564516129032,0.1816,0.0977814297452753,0.424112607099143,0.269378357636224,0.540249433106576,0.433894230769231,0.386928104575163,0.545879602571596,0.241960183767228,0.0919446704637917,0.264367816091954,0.305003427004798,0.353824160114367,0.432588320115357,0.327598072952512,0.380464480874317,0.144,0.372881355932203,0.473469387755102,0.337265787647467,0.416025641025641,0.198738170347003,0.517129928894635,0.343936381709742,0.197924388435878,0.266616314199396,0.495295698924731,0.558849171752398
0.292351679771265,0.43694614860259,0.325857519788918,0.297627606038821,0.210195530726257,0.384664536741214,0.244368600682594,0.395638629283489,0.467196819085487,0.461916461916462,0.371269951422623,0.448101265822785,0.494260204081633,0.504070131496556,0.360881542699725,0.503968253968254,0.315683646112601,0.368283093053735,0.398142414860681,0.438391699092088,0.383005707038681,0.414099526066351,0.331446540880503,0.353472222222222,0.404733727810651,0.387898089171974,0.354698195395146,0.379027163613392,0.433949349760438,0.296033994334278,0.365475387727579,0.484684684684685,0.383044554455446,0.27080394922426,0.234567901234568,0.393127147766323,0.233830845771144,0.334832904884319,0.400946185688941,0.422544080604534,0.471337579617834,0.271809661139149,0.232005590496157,0.341207349081365,0.472425249169435,0.350405996252342,0.488946684005202,0.487597911227154,0.223902087832973,0.288313505948216,0.257668711656442,0.376146788990826,0.46218487394958,0,0.498117942283563,0.506313131313131,0.463430420711974,0.322829581993569,0.387137452711223,0.239357990230286,0.358267716535433,0.286224125624554,0.295262816353017,0.328662420382166,0.377957658779577,0.405109489051095,0.24052377670572,0.402123424021234,0.387037037037037,0.271531886916502,0.360818350898946,0.39073262366938,0.483045425463852,0.131558935361217,0.286012526096033,0.356121814791796,0.210855949895616,0.440866510538642,0.340879689521345,0.358517462580185,0.0604395604395604,0.398299939283546,0.446222791293214,0.417441860465116,0.399585921325052,0.587301587301587,0.471306471306471,0.307742782152231,0.462820512820513,0.397008837525493,0.459563543003851,0.386901152213463,0.343949044585987,0.314321926489227,0.429988331388565,0.463898916967509,0.28580946035976,0.365820178448868,0.444302176696543,0.477784540474741,0.321522309711286,0.550970873786408,0.413623595505618,0.3991088478676,0.217706821480406,0.449387491940683,0.430048661800487,0.508962868117798,0.377370830608241,0.341336794289422,0.366206896551724,0.51219512195122,0.36144578313253,0.353403141361257,0.36986301369863,0.456839309428951,0.592712550607287
0.505798969072165,0.375,0.521270221689635,0.460817146684528,0.512529832935561,0.330163043478261,0.529100529100529,0.460356484326982,0.372278664731495,0.30383275261324,0.408805031446541,0.268895348837209,0.333818181818182,0.0247018739352641,0.43070652173913,0.359281437125749,0.482608695652174,0.361543669600542,0.458665033680343,0.315561959654179,0.501510574018127,0.468272620446533,0.475206611570248,0.413103448275862,0.48558246828143,0.358238825883923,0.549859154929577,0.385510996119017,0.385735080058224,0.443704197201865,0.38213058419244,0.386184210526316,0.344401041666667,0.526901669758813,0.521841794569067,0.365994236311239,0.531914893617021,0.489514679448772,0.44234180958013,0.427002583979328,0.338088445078459,0.481070496083551,0.59106529209622,0.495716034271726,0.315192743764172,0.480496453900709,0.324163568773234,0.329368029739777,0.535736102626756,0.520547945205479,0.454940957116221,0.413229018492176,0.297197640117994,0.498117942283563,0,0.404447533009034,0.317019722425128,0.500886001181335,0.363157894736842,0.573007562536358,0.365591397849462,0.468462549277267,0.526224783861671,0.48606994665086,0.340968586387434,0.47277079593058,0.526409495548961,0.399726214921287,0.364630225080386,0.53352435530086,0.543293718166384,0.453927025355597,0.247524752475248,0.494006309148265,0.521927115503397,0.423147581139008,0.538281706604325,0.492441860465116,0.480511571254568,0.440642458100559,0.500312304809494,0.511304347826087,0.318830242510699,0.480229226361031,0.370289855072464,0.347733711048159,0.300279329608939,0.359058207979071,0.345415778251599,0.377304964539007,0.309143686502177,0.412990196078431,0.425797503467406,0.537549407114625,0.498854524627721,0.387662337662338,0.506563245823389,0.39066852367688,0.307030129124821,0.305923344947735,0.366382140512147,0.238601823708207,0.383308714918759,0.359060402684564,0.49653434152489,0.316510454217736,0.488260084286574,0.361856417693981,0.367637102234259,0.535061873895109,0.380985915492958,0.393180236604036,0.350393700787402,0.366065464261857,0.386871508379888,0.374909877433309,0.56701030927835
0.459314055144586,0.294483294483295,0.561320754716981,0.514397905759162,0.4289356277884,0.525485436893204,0.485924112607099,0.579701834862385,0.232242617717478,0.387399463806971,0.484501347708895,0.450296247531271,0.322461082283173,0.403484320557491,0.47765176784523,0.250606305578011,0.42053629823414,0.561635598316296,0.578526556253569,0.489208633093525,0.423151125401929,0.469436201780415,0.534136546184739,0.464189189189189,0.48953488372093,0.501847290640394,0.452279635258359,0.382699868938401,0.330792682926829,0.382620882971268,0.470742932281394,0.319473319473319,0.495813397129187,0.431712191872085,0.502117362371446,0.280890253261704,0.4510058403634,0.577866514546492,0.484883720930233,0.457051282051282,0.469414893617021,0.527226137091608,0.456852791878173,0.405511811023622,0.365998515219005,0.375079872204473,0.362030905077263,0.403597122302158,0.466666666666667,0.438829787234043,0.531660692951016,0.440905874026893,0.489403973509934,0.506313131313131,0.404447533009034,0,0.325239146431199,0.383773341918867,0.555490311215502,0.46809854706254,0.56563245823389,0.378169014084507,0.481992797118848,0.354397394136808,0.48152634766808,0.522248243559719,0.508505467800729,0.421052631578947,0.49130173965207,0.463266545233758,0.450395617772368,0.402068519715579,0.357658959537572,0.490722968650032,0.441001977587343,0.375637755102041,0.501212121212121,0.489399293286219,0.573988439306358,0.449367088607595,0.488535031847134,0.459672528805337,0.455570291777188,0.487608069164265,0.292851652574942,0.166268894192522,0.407677035076109,0.524092801903629,0.308823529411765,0.479138627187079,0.479524438573316,0.384615384615385,0.474829931972789,0.466786355475763,0.492441860465116,0.363333333333333,0.379174852652259,0.466756212222968,0.485714285714286,0.403322259136213,0.524295140971806,0.308714918759232,0.302435192458759,0.3657876943881,0.485549132947977,0.47117296222664,0.543695014662757,0.254303599374022,0.396366083445491,0.498472816127062,0.473790322580645,0.117986798679868,0.542790152403283,0.563279857397504,0.444444444444444,0.222044728434505,0.555066079295154
0.486504279131007,0.289596273291925,0.521739130434783,0.451393609789259,0.478153846153846,0.479101684341859,0.533096926713948,0.472649047326367,0.308219178082192,0.368918918918919,0.371572871572872,0.360860513532269,0.273003802281369,0.315750915750916,0.437926330150068,0.314972847168348,0.441800643086817,0.467432950191571,0.461491065927295,0.40467997247075,0.486153846153846,0.480916030534351,0.473496128648005,0.399298245614035,0.468860164512338,0.461877756773787,0.521990740740741,0.395333765392093,0.351087771942986,0.401656314699793,0.331665475339528,0.362718707940781,0.438737623762376,0.507896399241946,0.51168364289994,0.273425499231951,0.501251564455569,0.50329144225015,0.459634649381261,0.432835820895522,0.421052631578947,0.485226526592252,0.500307314074985,0.430135222150676,0.270164447924824,0.456745311554749,0.269558481797057,0.329332333083271,0.534525277435265,0.520100502512563,0.46927374301676,0.361008154188288,0.398180545836249,0.463430420711974,0.317019722425128,0.325239146431199,0,0.501190476190476,0.484960098219767,0.509191176470588,0.466624284806103,0.42574931880109,0.5189725627554,0.470730235365118,0.429106808244847,0.478365384615385,0.518050541516245,0.338351254480287,0.437770897832817,0.517805020431991,0.520278099652375,0.440251572327044,0.296489917849141,0.446850393700787,0.503783102143758,0.433476394849785,0.535419126328217,0.457434052757794,0.5,0.421540656205421,0.468810289389067,0.528018486424032,0.392709766162311,0.456304985337243,0.278764478764479,0.289201183431953,0.404494382022472,0.438519447929737,0.320232896652111,0.337243401759531,0.399168399168399,0.43483556638246,0.418833450456781,0.53310502283105,0.477166276346604,0.333558863328823,0.494238932686477,0.327737226277372,0.395061728395062,0.402253147779987,0.437974683544304,0.343186733958183,0.313374805598756,0.343579234972678,0.465629053177691,0.387883008356546,0.499397590361446,0.315274642588412,0.380081300813008,0.533016061867936,0.348550724637681,0.349675558759914,0.471813725490196,0.464556962025316,0.347763347763348,0.311413454270597,0.559440559440559
0.357328145265888,0.439820742637644,0.363636363636364,0.359242325277596,0.254674403610574,0.382566585956417,0.390041493775934,0.396816037735849,0.410737386804657,0.391251518833536,0.440200375704446,0.461173681090694,0.432415519399249,0.505604719764012,0.411579609817495,0.426422498364944,0.284699806326662,0.383057090239411,0.395417156286722,0.453333333333333,0.327746741154562,0.294437726723096,0.351797289334119,0.426157697121402,0.326458456098998,0.340570719602978,0.277949351451513,0.333333333333333,0.435006435006435,0.358016741790084,0.413835701050031,0.335205992509363,0.351076555023923,0.334830019243105,0.385985748218527,0.418100701083493,0.272667542706965,0.401519579193454,0.333528379169105,0.362793572311496,0.415940224159402,0.324983520105471,0.248853962017027,0.29483088704531,0.450856055802156,0.11951384199865,0.435003170577045,0.462835727670206,0.263962765957447,0.338678640153945,0.340503995082975,0.443666454487588,0.468123861566485,0.322829581993569,0.500886001181335,0.383773341918867,0.501190476190476,0,0.344362745098039,0.271548930654569,0.378676470588235,0.366495507060334,0.331727874774232,0.197916666666667,0.327858880778589,0.36234458259325,0.385996409335727,0.369329073482428,0.31890243902439,0.352346999405823,0.2531328320802,0.306924516531503,0.500298151460942,0.296660117878193,0.315891472868217,0.263387297633873,0.364457831325301,0.370864770748694,0.402712264150943,0.408972691807542,0.312903225806452,0.283775447254781,0.417846153846154,0.327887981330222,0.416077170418006,0.414072229140722,0.385365853658537,0.339634146341463,0.448107448107448,0.438202247191011,0.462839879154079,0.276582667486171,0.428842504743833,0.327966607036374,0.320497630331754,0.279974489795918,0.257216164207826,0.436532507739938,0.458682634730539,0.382262996941896,0.34029484029484,0.463592233009709,0.444660194174757,0.372705018359853,0.291721419185282,0.461677730838865,0.387573964497041,0.409646302250804,0.383620689655172,0.345588235294118,0.437189054726368,0.382692307692308,0.327406499080319,0.376068376068376,0.395422759059123,0.40979381443299,0.634252539912917
0.4354127284184,0.494006309148265,0.356027482823235,0.321745057941377,0.396499698249849,0.182952182952183,0.417804154302671,0.301082113303628,0.510519801980198,0.345222929936306,0.36940547762191,0.320580474934037,0.44914718888187,0.370734908136483,0.372368421052632,0.501272264631043,0.375700934579439,0.17771509167842,0.293443666454488,0.273291925465839,0.416766467065868,0.337732453509298,0.355089820359281,0.39622641509434,0.318264014466546,0.190902825637491,0.37120761451517,0.369098712446352,0.494310998735777,0.486682808716707,0.316844919786096,0.411050394656952,0.186872069658406,0.438994481912937,0.422235363690124,0.556676557863501,0.395146235220909,0.336431226765799,0.33749257278669,0.340357598978289,0.28118538938663,0.312330623306233,0.417370325693607,0.394366197183099,0.450129533678757,0.375890736342043,0.443013522215068,0.424183006535948,0.397371714643304,0.43403205918619,0.295819935691318,0.39261744966443,0.277855153203343,0.387137452711223,0.363157894736842,0.555490311215502,0.484960098219767,0.344362745098039,0,0.417775090689238,0.173117522871217,0.490623109497883,0.431700288184438,0.370503597122302,0.237099934683214,0.329643296432964,0.424404761904762,0.352863726135616,0.223753280839895,0.446662863662293,0.373143196672608,0.370642201834862,0.388888888888889,0.365791159513133,0.433210784313725,0.330895795246801,0.408004778972521,0.349101796407186,0.34019975031211,0.404127829560586,0.370393900889454,0.406067677946324,0.263774104683196,0.35705950991832,0.525061124694376,0.475579975579976,0.321705426356589,0.21562082777036,0.468346650276583,0.346594740391099,0.268055555555556,0.307314074984634,0.394459102902375,0.447576099210823,0.317220543806647,0.420644391408115,0.407761194029851,0.341152815013405,0.27359781121751,0.332262210796915,0.226086956521739,0.400773195876289,0.491666666666667,0.384520123839009,0.268839103869654,0.263377345378735,0.240131578947368,0.491282689912827,0.372313527180784,0.31532104259377,0.34364492266308,0.531472684085511,0.136395267919276,0.170988086895585,0.335127860026918,0.517473942366646,0.622556390977444
0.292887029288703,0.451612903225806,0.362547288776797,0.384154460719041,0.189226519337017,0.433070866141732,0.280392156862745,0.411338962605549,0.44865925441465,0.451359516616314,0.450740502253703,0.505357142857143,0.451695457453615,0.584152689415847,0.395394736842105,0.471014492753623,0.368020304568528,0.428483353884094,0.410810810810811,0.481846153846154,0.403304773561811,0.411149825783972,0.360338573155985,0.418998048145738,0.39639115250291,0.43030303030303,0.340699815837937,0.352165725047081,0.424832214765101,0.279832519190509,0.464440321583179,0.433252427184466,0.407628128724672,0.25987525987526,0.279084967320261,0.459511568123393,0.16978417266187,0.368226600985222,0.373749264273102,0.468339307048984,0.492335990190067,0.324693042291951,0.0707898658718331,0.353278166772756,0.46284224250326,0.292220113851992,0.447557003257329,0.463130659767141,0.16557734204793,0.274793388429752,0.330140485312899,0.451443569553806,0.502457002457002,0.239357990230286,0.573007562536358,0.46809854706254,0.509191176470588,0.271548930654569,0.417775090689238,0,0.424,0.303448275862069,0.274887604367373,0.312578616352201,0.381530984204131,0.374166161309885,0.27931488801054,0.412483912483912,0.363747703612982,0.306238185255198,0.340699815837937,0.374149659863946,0.51738865161684,0.246689895470383,0.185611510791367,0.350213544844417,0.264026402640264,0.428406466512702,0.387215734480639,0.389911383776414,0.232005590496157,0.330030959752322,0.478580171358629,0.35929203539823,0.453836150845254,0.504252733900365,0.452294685990338,0.383578431372549,0.448863636363636,0.461489497135582,0.497861942577886,0.379618593563766,0.418589321028345,0.28562421185372,0.388042203985932,0.412158054711246,0.256953642384106,0.462507876496534,0.485088253195374,0.457831325301205,0.394478527607362,0.519661222020569,0.427408412483039,0.415024630541872,0.333333333333333,0.498476538695917,0.400969109630527,0.452365521710953,0.406524466750314,0.358443188951664,0.461343472750317,0.466666666666667,0.391357273280584,0.419275629220381,0.436538461538462,0.449577098243331,0.609133126934985
0.436211340206186,0.50096463022508,0.305263157894737,0.239941477688369,0.413056741915802,0.176261549395878,0.430547203848467,0.233265720081136,0.575151515151515,0.376756066411239,0.335659455687369,0.315290933694181,0.47488874761602,0.367854741089442,0.356220258327668,0.542458808618504,0.362644415917843,0.0523882896764253,0.233512786002692,0.200147167034584,0.41421568627451,0.355542095699576,0.33271375464684,0.363451086956522,0.329871716554673,0.200980392156863,0.387251954299459,0.418943533697632,0.484690553745928,0.486687306501548,0.327445652173913,0.440316686967113,0.232666666666667,0.459158415841584,0.427453341360626,0.52605459057072,0.425093632958802,0.282821685173089,0.352163461538462,0.34762833008447,0.292717086834734,0.250718390804598,0.415792720542875,0.39424280350438,0.436789297658863,0.405357142857143,0.435761589403974,0.424749163879599,0.41254752851711,0.461919504643963,0.255548083389375,0.352816901408451,0.205642167780252,0.358267716535433,0.365591397849462,0.56563245823389,0.466624284806103,0.378676470588235,0.173117522871217,0.424,0,0.525392986698912,0.442431326709527,0.397350993377483,0.230923694779116,0.352941176470588,0.433494558645707,0.363879598662207,0.229124916499666,0.444897959183673,0.387251954299459,0.363864491844417,0.399335548172757,0.359631821170283,0.465644171779141,0.327306733167082,0.420702179176755,0.352043929225137,0.289750328515112,0.372044506258693,0.382333978078659,0.431418522860492,0.287004864489229,0.362989323843416,0.509171410499684,0.532170775706554,0.333114754098361,0.149222065063649,0.515539305301645,0.312676056338028,0.229484386347131,0.319003115264798,0.365635738831615,0.450315910396324,0.334960341671751,0.427791262135922,0.429001203369434,0.327109266943292,0.227011494252874,0.341606792945787,0.147037830121342,0.41437908496732,0.509409474367294,0.413300186451212,0.295283663704716,0.247489239598278,0.283748361730013,0.52431421446384,0.422667501565435,0.341432225063939,0.308503162333099,0.606916426512968,0.246153846153846,0.042911877394636,0.353982300884956,0.594047619047619,0.60377358490566
0.335003579098067,0.39568345323741,0.487163814180929,0.443619176232276,0.267498267498267,0.496951219512195,0.359058207979071,0.55632183908046,0.317127898279731,0.326936257710761,0.320588235294118,0.424142480211082,0.439918533604888,0.470742932281394,0.334291876347951,0.369903632320237,0.397645519947678,0.534420289855073,0.566723452583759,0.427230046948357,0.430914826498423,0.474912485414236,0.472877358490566,0.28656273199703,0.491117478510029,0.489596083231334,0.44984984984985,0.254532775453278,0.38768115942029,0.204597701149425,0.391689373297003,0.341200269723533,0.459214501510574,0.278818443804035,0.365234375,0.329662261380323,0.261306532663317,0.491646778042959,0.453747072599532,0.468965517241379,0.453342157511582,0.436704621567314,0.295093296475467,0.393089960886571,0.445062586926286,0.360050890585242,0.454545454545455,0.460382513661202,0.26676279740447,0.285611510791367,0.391612903225806,0.369992716678806,0.451871657754011,0.286224125624554,0.468462549277267,0.378169014084507,0.42574931880109,0.366495507060334,0.490623109497883,0.303448275862069,0.525392986698912,0,0.346872985170858,0.377059569074778,0.436654366543665,0.483106105512745,0.362919132149901,0.357843137254902,0.442272449602932,0.364563416188655,0.427178549664839,0.438006230529595,0.482577251808021,0.322354590049054,0.269646719538572,0.406172839506173,0.36078431372549,0.504887866589994,0.490952955367913,0.323353293413174,0.27630637079456,0.391630231105559,0.433399602385686,0.466551326412918,0.350877192982456,0.446215139442231,0.358439811701412,0.482509047044632,0.304284676833696,0.383802816901408,0.455386649041639,0.439302884615385,0.289256198347107,0.353202282815472,0.491389207807118,0.368283093053735,0.314304902619208,0.403581267217631,0.442763157894737,0.361559139784946,0.488794669897032,0.443775100401606,0.384105960264901,0.239770279971285,0.400401069518717,0.460223537146614,0.519694297472075,0.377952755905512,0.227272727272727,0.469613259668508,0.394150417827298,0.375876577840112,0.457160342717258,0.524067388688327,0.374035087719298,0.298720842738901,0.572037510656436
0.274509803921569,0.52757793764988,0.292667509481669,0.361812297734628,0.254801536491677,0.449884792626728,0.194719471947195,0.318181818181818,0.474430067775724,0.438524590163934,0.533878504672897,0.502290950744559,0.542725173210162,0.527409117137911,0.483601669648181,0.459339263024142,0.337888198757764,0.43110585452395,0.310810810810811,0.537542662116041,0.301189730745147,0.343057176196033,0.271332105586249,0.491666666666667,0.307282415630551,0.454388984509466,0.284229828850856,0.39281507656066,0.477639751552795,0.332900713822193,0.499419953596288,0.413467217956291,0.422727272727273,0.27733860342556,0.161853593015447,0.464702271332106,0.277163305139883,0.303142329020333,0.215930304915993,0.399520095980804,0.521914648212226,0.356867779204108,0.273717948717949,0.323364485981308,0.544056771141337,0.303690260133091,0.532743362831859,0.531675547661338,0.251329787234043,0.283552631578947,0.407147041593439,0.493887530562347,0.536557282671272,0.295262816353017,0.526224783861671,0.481992797118848,0.5189725627554,0.331727874774232,0.431700288184438,0.274887604367373,0.442431326709527,0.346872985170858,0,0.302679658952497,0.375586854460094,0.314164648910412,0.143540669856459,0.495611468695143,0.38134110787172,0.184655396618986,0.256521739130435,0.346642468239564,0.585147962032384,0.30749354005168,0.293697205977908,0.316546762589928,0.204858831254104,0.321852731591449,0.305590062111801,0.475896168108776,0.297349709114415,0.212507977026165,0.522532800912721,0.280691299165673,0.458385093167702,0.509006391632772,0.433019976498237,0.398364485981308,0.51708164447018,0.526592635885447,0.547052154195011,0.333530106257379,0.496696696696697,0.142763157894737,0.309241706161137,0.42914979757085,0.239382239382239,0.517482517482517,0.550586920067077,0.442105263157895,0.407840842598011,0.510799766491535,0.520464263897373,0.446635730858469,0.403048780487805,0.534246575342466,0.34996993385448,0.464571780653112,0.451083772700644,0.317450495049505,0.532173913043478,0.484197972570066,0.401977894124491,0.440628637951106,0.504997060552616,0.478899082568807,0.638252148997135
0.337247227658187,0.47639751552795,0.407319952774498,0.340118187787262,0.239819004524887,0.393305439330544,0.351237175618588,0.429965556831229,0.440731399747793,0.358595194085028,0.48152634766808,0.437799043062201,0.472121212121212,0.493498817966903,0.462469733656174,0.435400516795866,0.218,0.401688781664656,0.423981640849111,0.501750291715286,0.292375551354757,0.330194231901118,0.344320188346086,0.460462287104623,0.345307068366165,0.381840048105833,0.305740181268882,0.317283950617284,0.437779195915763,0.35828534868842,0.453620586475165,0.265675500969619,0.354302670623145,0.333120612635609,0.356971153846154,0.424968474148802,0.29244673983215,0.428897772701314,0.31924882629108,0.382888349514563,0.469814704124327,0.343911917098446,0.292063492063492,0.236220472440945,0.496024464831804,0.168083714846305,0.477941176470588,0.49605343047966,0.285248041775457,0.32411575562701,0.380441264162194,0.462835727670206,0.534064665127021,0.328662420382166,0.48606994665086,0.354397394136808,0.470730235365118,0.197916666666667,0.370503597122302,0.312578616352201,0.397350993377483,0.377059569074778,0.302679658952497,0,0.300553165334972,0.355791962174941,0.35774818401937,0.431276725717776,0.302937576499388,0.32593037214886,0.287110568112401,0.199208443271768,0.532753623188406,0.322435897435897,0.333545108005083,0.138686131386861,0.364670658682635,0.347189695550351,0.428489042675894,0.448992443324937,0.334810126582278,0.262111801242236,0.453676031081889,0.30868544600939,0.421019108280255,0.377848101265823,0.337078651685393,0.290262172284644,0.473747016706444,0.49311789347696,0.492343934040047,0.192307692307692,0.470012239902081,0.292978208232446,0.336639439906651,0.309657320872274,0.145861601085482,0.470198675496689,0.493310063990692,0.372477064220184,0.327384615384615,0.484235574063058,0.485284909204759,0.373860182370821,0.342205323193916,0.48314606741573,0.405468295520652,0.425679949399114,0.388651616839536,0.371702637889688,0.477423239012643,0.33943754087639,0.326829268292683,0.394721055788842,0.43980343980344,0.432807570977918,0.641374373657838
0.366688185926404,0.472065285624608,0.414792899408284,0.326217478318879,0.369119420989144,0.212324179504354,0.405055849500294,0.344911639244363,0.470074812967581,0.249503639973527,0.430283911671924,0.27593085106383,0.446927374301676,0.343156516044532,0.447660098522167,0.43961038961039,0.322376738305942,0.224696356275304,0.344660194174757,0.331806282722513,0.355134474327628,0.303431667670078,0.302551640340219,0.43,0.314319667260844,0.199460916442049,0.394812680115274,0.347374847374847,0.517094017094017,0.429716399506782,0.386792452830189,0.323473882945249,0.197643979057592,0.413096695226438,0.405754550792719,0.491174680462568,0.36386292834891,0.385342789598109,0.276801938219261,0.321065989847716,0.323878627968338,0.364690721649485,0.371341463414634,0.321383647798742,0.431876606683805,0.301587301587302,0.426930440331844,0.458934169278997,0.363864491844417,0.410933660933661,0.357490864799026,0.429581993569132,0.325581395348837,0.377957658779577,0.340968586387434,0.48152634766808,0.429106808244847,0.327858880778589,0.237099934683214,0.381530984204131,0.230923694779116,0.436654366543665,0.375586854460094,0.300553165334972,0,0.272045028142589,0.395473496128648,0.383639822447686,0.0861709520500347,0.376318874560375,0.37514585764294,0.267731629392971,0.361382909328115,0.337811900191939,0.420861127956337,0.236708860759494,0.413107080163838,0.302663438256659,0.375750300120048,0.46095717884131,0.377639751552795,0.32691149909693,0.303830911492734,0.261687917425622,0.492647058823529,0.426716141001855,0.230769230769231,0.157181571815718,0.436576354679803,0.40828025477707,0.322772277227723,0.230574857864814,0.451310861423221,0.393000573723465,0.31729055258467,0.325668116842759,0.343101343101343,0.406822488945041,0.321801566579634,0.233957219251337,0.156420765027322,0.342726081258191,0.490566037735849,0.327455919395466,0.385954008701057,0.315023163467902,0.348300970873786,0.434727503168568,0.355081555834379,0.42096018735363,0.410386320455985,0.491017964071856,0.172367538564722,0.22630173564753,0.390166028097063,0.476514215080346,0.633454545454545
0.382857142857143,0.495395948434622,0.309717868338558,0.382842509603073,0.401292596944771,0.338899196042053,0.275426405559065,0.243573264781491,0.51144578313253,0.392512077294686,0.448916408668731,0.424864212432106,0.454601226993865,0.478494623655914,0.455264759586123,0.498759305210918,0.373325213154689,0.350155763239875,0.233590733590734,0.435365853658537,0.316967060285892,0.232543640897756,0.212968849332486,0.47190332326284,0.212899185973701,0.32773631840796,0.28413962033068,0.382422802850356,0.509445460085314,0.487315634218289,0.446450060168472,0.356223175965665,0.334735576923077,0.386897404202719,0.303105590062112,0.585034013605442,0.389396709323583,0.300988875154512,0.235511713933416,0.280826339573919,0.425846153846154,0.389029003783102,0.382671480144404,0.373107207752877,0.455688246385921,0.332936271590232,0.449718925671455,0.431558935361217,0.381627620221948,0.371482176360225,0.385484830458061,0.469819539514624,0.433950617283951,0.405109489051095,0.47277079593058,0.522248243559719,0.478365384615385,0.36234458259325,0.329643296432964,0.374166161309885,0.352941176470588,0.483106105512745,0.314164648910412,0.355791962174941,0.272045028142589,0,0.296040226272784,0.385147891755821,0.269206745783885,0.328134373125375,0.27037037037037,0.374255065554231,0.46448087431694,0.356379635449403,0.395960832313342,0.347287735849057,0.246143958868895,0.24346201743462,0.304483188044832,0.473325062034739,0.395973154362416,0.153236459709379,0.418960244648318,0.147909967845659,0.56322505800464,0.470131421744325,0.379793061472915,0.27209595959596,0.492035398230089,0.430442919525889,0.447815533980582,0.339422510312316,0.487893462469734,0.317611940298507,0.208176100628931,0.365883062085594,0.404789719626168,0.452772699573431,0.440963855421687,0.382603406326034,0.276649746192893,0.474535650089874,0.491260923845194,0.4098750743605,0.40609756097561,0.460660660660661,0.141791044776119,0.49546279491833,0.424477611940298,0.256904303147078,0.435294117647059,0.527568195008706,0.235521235521236,0.343246592317224,0.395701643489254,0.520858164481526,0.638908829863604
0.282744282744283,0.499054820415879,0.234543010752688,0.358717434869739,0.279039584685269,0.430113977204559,0.111426543647977,0.309644670050761,0.515451174289246,0.485397196261682,0.47940074906367,0.495559502664298,0.554572271386431,0.533727810650888,0.435361216730038,0.526018808777429,0.345835982199619,0.428397318708105,0.30953885028427,0.487583282858873,0.329746835443038,0.363313609467456,0.255725190839695,0.461538461538462,0.321277878239904,0.444180522565321,0.275709779179811,0.428994082840237,0.472365038560411,0.360709592641262,0.471411192214112,0.468035190615836,0.427240977881257,0.292338709677419,0.0505124450951684,0.497213622291022,0.302110817941952,0.244924688932547,0.284398034398034,0.395794681508967,0.51668653158522,0.361239288068556,0.294921875,0.353052234109503,0.539449541284404,0.382701421800948,0.541993957703927,0.52120467117394,0.279946164199192,0.297515110812626,0.369297163995068,0.455074337427279,0.506957047791894,0.24052377670572,0.526409495548961,0.508505467800729,0.518050541516245,0.385996409335727,0.424404761904762,0.27931488801054,0.433494558645707,0.362919132149901,0.143540669856459,0.35774818401937,0.395473496128648,0.296040226272784,0,0.469975490196078,0.404016538688718,0.17828418230563,0.282212445003143,0.410639569635386,0.540059347181009,0.26566757493188,0.307692307692308,0.380331753554502,0.148921363952679,0.341169379144063,0.24934036939314,0.429415627051871,0.247775496235455,0.272957568081064,0.493413173652695,0.302536231884058,0.508978328173375,0.565342544617156,0.486281377699942,0.37910085054678,0.526658767772512,0.488573193329216,0.509580838323353,0.397084548104956,0.452866242038217,0.202092871157619,0.331332533013205,0.500567536889898,0.306615776081425,0.484662576687117,0.503267973856209,0.497679814385151,0.397699757869249,0.565720903300521,0.477302204928664,0.459171597633136,0.362290862290862,0.503001200480192,0.333333333333333,0.537205081669691,0.449004224502112,0.27124183006536,0.492949110974862,0.512356841470766,0.393629807692308,0.423123486682809,0.474042027194067,0.507730364873222,0.620090634441088
0.468154957321077,0.369533527696793,0.43010752688172,0.40771349862259,0.41128010139417,0.369393139841689,0.459277403551745,0.391443167305236,0.399290780141844,0.30117973629424,0.241749808135073,0.337265787647467,0.301400147383935,0.400959561343386,0.270833333333333,0.418637992831541,0.465334166146159,0.362045760430686,0.382747603833866,0.266764922623434,0.501201923076923,0.375077495350279,0.429866989117291,0.285185185185185,0.358208955223881,0.324306025727827,0.39454094292804,0.284347231715653,0.386117136659436,0.361227336122734,0.228870605833957,0.3079561042524,0.371337579617834,0.428852459016393,0.463697376449054,0.411969380654141,0.386046511627907,0.425465838509317,0.446009389671362,0.334013605442177,0.230943396226415,0.351408450704225,0.410025706940874,0.476894639556377,0.286478227654698,0.417992656058752,0.308724832214765,0.312686567164179,0.412771560236998,0.43586387434555,0.338870431893688,0.299242424242424,0.269001490312966,0.402123424021234,0.399726214921287,0.421052631578947,0.338351254480287,0.369329073482428,0.352863726135616,0.412483912483912,0.363879598662207,0.357843137254902,0.495611468695143,0.431276725717776,0.383639822447686,0.385147891755821,0.469975490196078,0,0.371337579617834,0.505807200929152,0.395536267823931,0.451970443349754,0.354655294953802,0.388590604026846,0.397470039946738,0.412630288166769,0.456108041743401,0.433293269230769,0.433832709113608,0.256788207913111,0.405940594059406,0.453892215568862,0.183141762452107,0.404548174745661,0.407459535538353,0.390260631001372,0.322138450993831,0.359557867360208,0.36794425087108,0.216886134779241,0.276470588235294,0.432269717037929,0.291697830964847,0.52129471890971,0.347962382445141,0.301360544217687,0.469908814589666,0.227896341463415,0.272197962154294,0.316115702479339,0.357189757058437,0.403832991101985,0.333585476550681,0.312285518188058,0.3640081799591,0.276595744680851,0.37620578778135,0.409377186843947,0.286219081272085,0.418722327640734,0.226226993865031,0.439892545332438,0.366925064599483,0.362183754993342,0.115166261151663,0.400564174894217,0.570943075615973
0.381377551020408,0.465116279069767,0.419411764705882,0.349508196721311,0.358353510895884,0.214142761841228,0.412485414235706,0.356065178032589,0.478368355995056,0.261467889908257,0.439024390243902,0.305537459283388,0.417402269861286,0.368894601542416,0.438888888888889,0.451509312780989,0.346583850931677,0.230046948356808,0.353790613718412,0.337451235370611,0.378978978978979,0.315852205005959,0.311030741410488,0.428927680798005,0.310570071258907,0.202548625083836,0.391129032258065,0.342490842490842,0.515834348355664,0.443970767356882,0.396884735202492,0.321608040201005,0.170860927152318,0.397412199630314,0.41869918699187,0.5,0.335018963337547,0.387286639199529,0.290593169562612,0.336050156739812,0.313037723362012,0.358478401031593,0.356441717791411,0.34548825710754,0.414507772020725,0.294621026894866,0.404516129032258,0.446124763705104,0.351606805293006,0.383177570093458,0.351614868982328,0.446417247939125,0.335747202106649,0.387037037037037,0.364630225080386,0.49130173965207,0.437770897832817,0.31890243902439,0.223753280839895,0.363747703612982,0.229124916499666,0.442272449602932,0.38134110787172,0.302937576499388,0.0861709520500347,0.269206745783885,0.404016538688718,0.371337579617834,0,0.416191562143672,0.358024691358025,0.272554002541296,0.368932038834951,0.339069471000637,0.381660470879802,0.259190031152648,0.414918414918415,0.329174093879976,0.390272835112693,0.452020202020202,0.382716049382716,0.322095123419627,0.2996699669967,0.20898315658141,0.493284493284493,0.424691358024691,0.243046357615894,0.161725067385445,0.43646408839779,0.413291139240506,0.336161879895561,0.245471580262336,0.444375,0.410299943406904,0.29940119760479,0.324860508369498,0.344282238442822,0.422693266832918,0.333979328165375,0.243870112657389,0.157249829816202,0.348307291666667,0.47979797979798,0.336039975015615,0.388991960420532,0.33289817232376,0.345454545454546,0.435606060606061,0.36544437538844,0.420899007589025,0.424280350438048,0.497027348394768,0.15959595959596,0.229235880398671,0.400379506641366,0.483752299202943,0.635574837310195
0.277815239379636,0.505775075987842,0.280534351145038,0.362637362637363,0.316049382716049,0.454962707974756,0.148173207036536,0.333333333333333,0.507228915662651,0.477467199087279,0.483091787439614,0.507130633200228,0.551605504587156,0.540571428571429,0.478780633592349,0.500926497838172,0.337678460583488,0.444639718804921,0.335148215366001,0.50406976744186,0.247256294383473,0.285886610373945,0.284844796104687,0.461165048543689,0.261846901579587,0.437101449275362,0.215374841168996,0.439428571428571,0.531137724550898,0.375868603916614,0.476162448499117,0.439930354033662,0.418895845190666,0.266887417218543,0.159274193548387,0.486698911729141,0.320659062103929,0.296662546353523,0.274804570054119,0.358942839582053,0.527554535017222,0.396745932415519,0.303964757709251,0.32836747361887,0.553141514973576,0.353286384976526,0.553747821034282,0.574382538770821,0.303030303030303,0.278839815425181,0.400352733686067,0.457786116322702,0.514886164623468,0.271531886916502,0.53352435530086,0.463266545233758,0.517805020431991,0.352346999405823,0.446662863662293,0.306238185255198,0.444897959183673,0.364563416188655,0.184655396618986,0.32593037214886,0.376318874560375,0.328134373125375,0.17828418230563,0.505807200929152,0.416191562143672,0,0.232221522970422,0.362275449101796,0.546704871060172,0.304010349288486,0.341955835962145,0.327380952380952,0.157575757575758,0.236907730673317,0.276515151515151,0.467080745341615,0.262359920896506,0.287721441661576,0.514613180515759,0.270221689634512,0.494545454545455,0.524137931034483,0.472238122495707,0.408352668213457,0.513341067285383,0.502670623145401,0.506984866123399,0.351808634772462,0.466952264381885,0.136543535620053,0.285714285714286,0.466139954853273,0.273644388398487,0.48452380952381,0.509477311889719,0.480911680911681,0.415017462165308,0.546955036994878,0.516523867809058,0.438228438228438,0.370024875621891,0.502331002331002,0.34777376654633,0.510155316606929,0.43801652892562,0.273477157360406,0.492563950029744,0.475733972438586,0.424641833810888,0.444895591647332,0.501177856301531,0.504206730769231,0.638769670958512
0.374050632911392,0.485609308022045,0.247582205029014,0.363519588953115,0.344598672299336,0.420070011668611,0.264817150063052,0.289882060831782,0.486338797814208,0.437718277066356,0.454434250764526,0.549062844542448,0.5,0.550225733634311,0.445658773527626,0.494451294697904,0.372809667673716,0.391566265060241,0.289864029666255,0.458606313281715,0.280856423173803,0.224362958359229,0.254467036352434,0.438800489596083,0.148100450740502,0.349969567863664,0.0867208672086721,0.403488372093023,0.480295566502463,0.44871025794841,0.438848920863309,0.407189157336476,0.391129032258065,0.307395498392283,0.27875,0.472087378640777,0.340597758405978,0.291615289765721,0.26994601079784,0.291984732824427,0.426829268292683,0.355456285896618,0.335380835380835,0.369656833232992,0.515568862275449,0.295468277945619,0.505074626865672,0.527712264150943,0.344590368980613,0.285900783289817,0.380106571936057,0.462825278810409,0.476785714285714,0.360818350898946,0.543293718166384,0.450395617772368,0.520278099652375,0.2531328320802,0.373143196672608,0.340699815837937,0.387251954299459,0.427178549664839,0.256521739130435,0.287110568112401,0.37514585764294,0.27037037037037,0.282212445003143,0.395536267823931,0.358024691358025,0.232221522970422,0,0.372781065088757,0.527136258660508,0.359054138145613,0.351216469120399,0.331364441819256,0.263257575757576,0.251537515375154,0.286516853932584,0.438364779874214,0.35545905707196,0.207379134860051,0.43046357615894,0.204207920792079,0.462153846153846,0.491238317757009,0.435897435897436,0.365521327014218,0.502033701336432,0.469240048250905,0.47877358490566,0.355529820497973,0.438661710037175,0.229426433915212,0.146546158812137,0.42478386167147,0.338563669281835,0.456298975286317,0.469208211143695,0.436734693877551,0.37120761451517,0.513888888888889,0.493514515132798,0.43768115942029,0.321019108280255,0.474926253687316,0.273295809881176,0.481234866828087,0.439296187683284,0.22568093385214,0.458887545344619,0.464907018596281,0.374117647058824,0.380780780780781,0.405977584059776,0.481503941782899,0.642604387827318
0.371409921671018,0.512709237445753,0.468134414831981,0.362673726009265,0.319269521410579,0.367017978921265,0.408793820558526,0.42571931884909,0.474779319041614,0.350189633375474,0.508814589665654,0.379987333755542,0.479975354282193,0.455108359133127,0.570442783208741,0.441079657669519,0.275839368005267,0.363177805800757,0.418672930123312,0.476363636363636,0.317922735908803,0.341477949940405,0.38560561732007,0.511418269230769,0.354668232530828,0.369202226345083,0.388042203985932,0.436512580456407,0.511194029850746,0.398980242192479,0.462006079027356,0.296176279974077,0.326769230769231,0.395232120451694,0.412322274881517,0.462893081761006,0.371464487743558,0.47108843537415,0.310282621767889,0.400122549019608,0.454993834771887,0.401660280970626,0.357632398753894,0.276178010471204,0.483606557377049,0.255873015873016,0.465909090909091,0.518948655256724,0.36738578680203,0.393958464443046,0.478857142857143,0.490909090909091,0.473587223587224,0.39073262366938,0.453927025355597,0.402068519715579,0.440251572327044,0.306924516531503,0.370642201834862,0.374149659863946,0.363864491844417,0.438006230529595,0.346642468239564,0.199208443271768,0.267731629392971,0.374255065554231,0.410639569635386,0.451970443349754,0.272554002541296,0.362275449101796,0.372781065088757,0,0.49969715324046,0.379898862199747,0.412237330037083,0.118331053351573,0.419716646989374,0.319781553398058,0.469340974212034,0.521178637200737,0.39639079029247,0.344993968636912,0.442189421894219,0.313655336911151,0.467130214917826,0.369720597790773,0.349146110056926,0.314500941619586,0.496096096096096,0.492044063647491,0.466340269277846,0.152304609218437,0.536205864751646,0.342720191731576,0.356639247943596,0.318153067678684,0.225827814569536,0.472358722358722,0.468599033816425,0.344761904761905,0.302103250478011,0.438321853475266,0.541923551171393,0.389059618930547,0.415584415584416,0.451911220715166,0.415683962264151,0.435089974293059,0.422560975609756,0.437793427230047,0.484384568279241,0.414167198468411,0.338480543545398,0.359198998748436,0.461633663366337,0.488805970149254,0.623880597014925
0.515837104072398,0.222940226171244,0.530649038461538,0.505256241787122,0.534124629080119,0.348032564450475,0.52790973871734,0.518208955223881,0.333333333333333,0.34181568088033,0.388849177984274,0.285610465116279,0.288301886792453,0.243305279265494,0.412907702984039,0.336656441717791,0.519877675840979,0.413633355393779,0.511933174224344,0.27109783420463,0.519879518072289,0.46646884272997,0.474374255065554,0.394644115574348,0.488385598141696,0.33013698630137,0.527136258660508,0.397278029812054,0.401310997815004,0.466180371352785,0.354975299929428,0.440308087291399,0.343195266272189,0.491687979539642,0.536283185840708,0.368459302325581,0.517048977061376,0.498798076923077,0.503724928366762,0.420432220039293,0.291111111111111,0.52779552715655,0.51854103343465,0.517954960438223,0.297839506172839,0.516880093131548,0.307283763277693,0.341536167039523,0.539076923076923,0.501273885350319,0.463505926388023,0.408074981975487,0.296572280178838,0.483045425463852,0.247524752475248,0.357658959537572,0.296489917849141,0.500298151460942,0.388888888888889,0.51738865161684,0.399335548172757,0.482577251808021,0.585147962032384,0.532753623188406,0.361382909328115,0.46448087431694,0.540059347181009,0.354655294953802,0.368932038834951,0.546704871060172,0.527136258660508,0.49969715324046,0,0.468911917098446,0.507556675062972,0.474596533173939,0.519713261648746,0.506682161533992,0.505441354292624,0.418038654259127,0.479539641943734,0.550683371298405,0.268545994065282,0.491681009753299,0.365638766519824,0.336933045356371,0.336093857832988,0.351458885941645,0.25642965204236,0.384450784593438,0.271910112359551,0.471113758189398,0.406382978723404,0.576261785912368,0.501730103806228,0.418006430868167,0.553935860058309,0.358680057388809,0.226858877086495,0.33356401384083,0.354472630173565,0.215396578538103,0.237591537835639,0.354619565217391,0.477448453608248,0.266866566716642,0.489374620522162,0.32383808095952,0.373297002724796,0.518050541516245,0.364942528735632,0.367142857142857,0.37083060824068,0.393236074270557,0.346348517715112,0.335074626865672,0.555750658472344
0.278901734104046,0.436388508891929,0.330474934036939,0.295306859205776,0.211336599020294,0.373548387096774,0.270397842211733,0.390977443609023,0.427012278308322,0.494876431585292,0.401639344262295,0.438697318007663,0.47043534762833,0.498108448928121,0.370192307692308,0.480458221024259,0.30446549391069,0.35997357992074,0.383458646616541,0.43786597267404,0.373000639795266,0.417308832246592,0.331651954602774,0.379712131596984,0.40887573964497,0.37997432605905,0.366171003717472,0.365900383141762,0.426896551724138,0.309372797744891,0.384358288770053,0.447871684145589,0.382371198013656,0.293789253314724,0.262017603249831,0.435570469798658,0.221105527638191,0.354140127388535,0.381152460984394,0.42397476340694,0.46010296010296,0.281811646297628,0.231955150665732,0.331568497683653,0.458641560188299,0.312620115310698,0.469616908850726,0.470198675496689,0.23402727925341,0.299163179916318,0.270691994572592,0.393557422969188,0.452707110241357,0.131558935361217,0.494006309148265,0.490722968650032,0.446850393700787,0.296660117878193,0.365791159513133,0.246689895470383,0.359631821170283,0.322354590049054,0.30749354005168,0.322435897435897,0.337811900191939,0.356379635449403,0.26566757493188,0.388590604026846,0.339069471000637,0.304010349288486,0.359054138145613,0.379898862199747,0.468911917098446,0,0.286113049546406,0.340880503144654,0.254594962559564,0.419047619047619,0.356041131105398,0.379675370501059,0.161194029850746,0.356652092442224,0.43568196509373,0.38488994646044,0.430414120841819,0.546116504854369,0.456736711990111,0.296688741721854,0.476099426386233,0.363952679192763,0.44408322496749,0.364364981504316,0.378735232800556,0.328292375551355,0.411834319526627,0.424504950495049,0.306270627062706,0.389416553595658,0.435765009683667,0.475550122249389,0.312830687830688,0.550821667681071,0.411847672778561,0.399489470325463,0.256939501779359,0.434725848563969,0.393258426966292,0.5,0.384062704114958,0.338331160365059,0.396469789545146,0.507237256135935,0.33741935483871,0.35042735042735,0.389002036659878,0.425951086956522,0.589242053789731
0.300355871886121,0.417127071823204,0.409404388714734,0.403910991233985,0.226989619377163,0.466626213592233,0.296222664015905,0.459605026929982,0.426140231449966,0.432686286787727,0.443264764432648,0.530575539568345,0.423513694054776,0.529556650246305,0.380530973451327,0.436376210235131,0.420125786163522,0.468307692307692,0.455197132616487,0.477545857052498,0.455151515151515,0.426807760141094,0.398550724637681,0.407258064516129,0.419354838709677,0.450704225352113,0.363467492260062,0.335496430889033,0.418395573997234,0.300353356890459,0.463538363982245,0.398730158730159,0.416969696969697,0.210948905109489,0.308349769888231,0.454365079365079,0.147651006711409,0.416870415647922,0.407189157336476,0.455274521900062,0.478757133798351,0.355525051475635,0.211456859971711,0.422596754057428,0.454606590450572,0.320610687022901,0.446153846153846,0.454969979986658,0.19208211143695,0.176733780760626,0.366368286445013,0.449089683074848,0.502518891687658,0.286012526096033,0.521927115503397,0.441001977587343,0.503783102143758,0.315891472868217,0.433210784313725,0.185611510791367,0.465644171779141,0.269646719538572,0.293697205977908,0.333545108005083,0.420861127956337,0.395960832313342,0.307692307692308,0.397470039946738,0.381660470879802,0.341955835962145,0.351216469120399,0.412237330037083,0.507556675062972,0.286113049546406,0,0.378908645003066,0.291223404255319,0.476244991413852,0.427958307786634,0.370842179759377,0.276343335659456,0.344632768361582,0.467466835123184,0.372607655502392,0.449498327759197,0.477820025348542,0.431704260651629,0.415488629379226,0.427165354330709,0.46249184605349,0.494981179422836,0.408737283064034,0.408843537414966,0.306369426751592,0.405453467694132,0.405,0.277294038847957,0.476312419974392,0.486604361370717,0.440424204616344,0.42839582052858,0.499685732243872,0.399716513111269,0.405833861762841,0.386990801576873,0.502180685358255,0.432563791008505,0.416326530612245,0.392741412832145,0.396107972379159,0.467313915857605,0.438608010505581,0.402597402597403,0.46177370030581,0.433838051349572,0.427217332430603,0.592382495948136
0.340865074241446,0.48962148962149,0.433755760368664,0.299533022014676,0.290342679127726,0.335995085995086,0.372931442080378,0.393002915451895,0.454770755885998,0.329184816428127,0.472507552870091,0.380688806888069,0.45658773527626,0.427172582619339,0.518796992481203,0.418770226537217,0.268637532133676,0.324341279799247,0.38600583090379,0.438480096501809,0.320418204182042,0.295766249254621,0.363741339491917,0.470940683043739,0.317543859649123,0.324891908585547,0.346986541837332,0.345180722891566,0.481549815498155,0.372955974842767,0.422168382798304,0.257731958762887,0.309739866908651,0.36052303860523,0.378457916421424,0.451751690227412,0.334790755777639,0.432126696832579,0.296930342384888,0.345040049291436,0.408754623921085,0.352715654952077,0.328606658446363,0.277813095994914,0.465346534653465,0.230721003134796,0.446993180409175,0.486060606060606,0.330390920554855,0.360174781523096,0.425201380897583,0.458385093167702,0.449424591156875,0.356121814791796,0.423147581139008,0.375637755102041,0.433476394849785,0.263387297633873,0.330895795246801,0.350213544844417,0.327306733167082,0.406172839506173,0.316546762589928,0.138686131386861,0.236708860759494,0.347287735849057,0.380331753554502,0.412630288166769,0.259190031152648,0.327380952380952,0.331364441819256,0.118331053351573,0.474596533173939,0.340880503144654,0.378908645003066,0,0.384028185554903,0.316163410301954,0.42545871559633,0.474201474201474,0.358910891089109,0.318019093078759,0.399017802332719,0.300351288056206,0.452012383900929,0.350989151244416,0.291984732824427,0.257575757575758,0.474866942637493,0.455596107055961,0.429093122337188,0.140706806282723,0.490419161676647,0.313946587537092,0.315542521994135,0.292317301686446,0.2,0.436851738865162,0.434652278177458,0.321652065081352,0.279522613065327,0.413218035824583,0.51400730816078,0.37394451145959,0.38022113022113,0.416411512553582,0.381956649091974,0.412397216951297,0.38861985472155,0.404081632653061,0.447015834348356,0.388923851478918,0.297413793103448,0.336212214682295,0.418159357628166,0.46319018404908,0.645730416372618
0.286890871654084,0.483891345546431,0.244857332448573,0.364177131526768,0.282958199356913,0.433412604042806,0.0836909871244635,0.320601127113337,0.509852216748768,0.4933641084824,0.454659949622166,0.502633118782914,0.521270221689635,0.544606413994169,0.41491395793499,0.523067331670823,0.379715522572665,0.423193685488767,0.319401122894573,0.472981177899211,0.310870947234584,0.337910447761194,0.256475047378395,0.437578814627995,0.303268765133172,0.428826682549136,0.235407312379731,0.407980941036331,0.474522292993631,0.368181818181818,0.467917675544794,0.484149855907781,0.421358096343587,0.252049180327869,0.123862841147656,0.522658610271903,0.281167108753316,0.263835263835264,0.308664259927798,0.38266253869969,0.503283582089552,0.35154707044108,0.273084479371316,0.377463054187192,0.527539779681763,0.385428907168038,0.530229746070133,0.514705882352941,0.264329062710721,0.262083049693669,0.345962732919255,0.441423948220065,0.493333333333333,0.210855949895616,0.538281706604325,0.501212121212121,0.535419126328217,0.364457831325301,0.408004778972521,0.264026402640264,0.420702179176755,0.36078431372549,0.204858831254104,0.364670658682635,0.413107080163838,0.246143958868895,0.148921363952679,0.456108041743401,0.414918414918415,0.157575757575758,0.263257575757576,0.419716646989374,0.519713261648746,0.254594962559564,0.291223404255319,0.384028185554903,0,0.347255369928401,0.266060999351071,0.4155161078238,0.187060478199719,0.25381679389313,0.478078078078078,0.305988023952096,0.50615763546798,0.573863636363636,0.483739837398374,0.369156041287189,0.508928571428572,0.473684210526316,0.485196374622356,0.407023603914796,0.432415118513773,0.197394136807818,0.318509615384615,0.50561797752809,0.322903629536921,0.482001220256254,0.487179487179487,0.495095210617426,0.38680387409201,0.560300057703405,0.462638076673164,0.454920447849146,0.325930764206401,0.48947684906795,0.272493573264781,0.528985507246377,0.434361766485178,0.160911602209945,0.473489519112207,0.514046622833234,0.383783783783784,0.412227602905569,0.457196029776675,0.506756756756757,0.626209977661951
0.401482396541075,0.531526222746022,0.307359307359307,0.372225745085606,0.44042913608131,0.374851013110846,0.335735735735736,0.230867346938776,0.521483225426722,0.417447306791569,0.451338199513382,0.391383495145631,0.502923976608187,0.497096399535424,0.499709133216987,0.49480122324159,0.326958667489204,0.352328431372549,0.227735368956743,0.446364719904648,0.206784083496412,0.190056639395846,0.280892103676914,0.490898414562537,0.170037926675095,0.364289994008388,0.240717821782178,0.44488188976378,0.571510626076967,0.496826312752452,0.404501216545012,0.386484884410196,0.331157270029674,0.419200954084675,0.339520958083832,0.524141942990111,0.447657605552342,0.310115081768625,0.201363073110285,0.278803309993635,0.460308056872038,0.418037781840341,0.427089337175793,0.311455108359133,0.496991576413959,0.372492836676218,0.492831541218638,0.52,0.445481049562682,0.424657534246575,0.420298165137615,0.448168839230292,0.444176222088111,0.440866510538642,0.492441860465116,0.489399293286219,0.457434052757794,0.370864770748694,0.349101796407186,0.428406466512702,0.352043929225137,0.504887866589994,0.321852731591449,0.347189695550351,0.302663438256659,0.24346201743462,0.341169379144063,0.433293269230769,0.329174093879976,0.236907730673317,0.251537515375154,0.319781553398058,0.506682161533992,0.419047619047619,0.476244991413852,0.316163410301954,0.347255369928401,0,0.299076923076923,0.508050089445438,0.436768149882904,0.29916067146283,0.444312796208531,0.172090112640801,0.532634032634033,0.431585292344786,0.412800939518497,0.350356294536817,0.509184845005741,0.437996334758705,0.439039039039039,0.282882882882883,0.50734861845973,0.273550724637681,0.152173913043478,0.396270396270396,0.378947368421053,0.409371146732429,0.445298639858072,0.414562536699941,0.350089766606822,0.480916030534351,0.555816686251469,0.395032525133057,0.388956310679612,0.429433051869723,0.213367609254499,0.497027348394768,0.420742486741308,0.295173267326733,0.422604422604423,0.502903600464576,0.375364856976065,0.354545454545455,0.428397318708105,0.530576587070472,0.649232914923291
0.388349514563107,0.513043478260869,0.115,0.264933239634575,0.401919616076785,0.35892634207241,0.286538461538462,0.15448275862069,0.584994138335287,0.488979118329466,0.363636363636364,0.459263729631865,0.537136066547831,0.485401459854015,0.349301397205589,0.600118483412322,0.380421313506815,0.288639365918098,0.158904109589041,0.357984293193717,0.35136815920398,0.312272174969623,0.224371373307544,0.370468029004614,0.267038413878563,0.364201367308888,0.281152160300564,0.478608100399316,0.487017099430019,0.45628078817734,0.39171974522293,0.506545247581104,0.384523809523809,0.406367041198502,0.26072821846554,0.528062764031382,0.416411512553582,0.0743919885550787,0.280196198651134,0.353758686039166,0.436875,0.283161512027491,0.391809290953545,0.396951219512195,0.50560398505604,0.427752293577982,0.506773399014778,0.493457943925234,0.408921933085502,0.411104179663132,0.280258899676375,0.358168147641832,0.386467143786597,0.340879689521345,0.480511571254568,0.573988439306358,0.5,0.402712264150943,0.34019975031211,0.387215734480639,0.289750328515112,0.490952955367913,0.305590062111801,0.428489042675894,0.375750300120048,0.304483188044832,0.24934036939314,0.433832709113608,0.390272835112693,0.276515151515151,0.286516853932584,0.469340974212034,0.505441354292624,0.356041131105398,0.427958307786634,0.42545871559633,0.266060999351071,0.299076923076923,0,0.347766323024055,0.356549520766773,0.349005424954792,0.426882389545737,0.311602870813397,0.509852216748768,0.591676040494938,0.48546511627907,0.3426097711812,0.580113636363636,0.385423506237689,0.377027903958468,0.448004496908376,0.363941018766756,0.310281517747858,0.285012285012285,0.479083094555874,0.432590855803048,0.390402075226978,0.369201030927835,0.497690531177829,0.359654534238125,0.566244239631336,0.527760449157829,0.486111111111111,0.325474787164375,0.387387387387387,0.244764397905759,0.594563331405437,0.484741784037559,0.232202262142382,0.383507853403141,0.589306029579067,0.38544798556825,0.283934426229508,0.428752374920836,0.57100766057749,0.623502994011976
0.437587657784011,0.366283524904215,0.342398884239888,0.339352896914974,0.384667114996638,0.410342511752854,0.428292046936115,0.412886259040105,0.456241032998565,0.401773533424284,0.184385382059801,0.402370990237099,0.392987582176771,0.440867739678097,0.144648829431438,0.504626334519573,0.445472571050892,0.38038942976356,0.409180327868852,0.232100708103855,0.494643982356648,0.478839177750907,0.456965944272446,0.175061932287366,0.464566929133858,0.424202127659574,0.430467762326169,0.335640138408305,0.322555205047319,0.319610778443114,0.292075471698113,0.406207827260459,0.436224489795918,0.388888888888889,0.426988265971317,0.417877906976744,0.367977528089888,0.329896907216495,0.549343981745579,0.440452428476381,0.345158906134516,0.229612034837688,0.381830601092896,0.467961165048544,0.365443425076453,0.442211055276382,0.382198952879581,0.347892720306513,0.369165487977369,0.407665505226481,0.283154121863799,0.212197159565581,0.276612276612277,0.358517462580185,0.440642458100559,0.449367088607595,0.421540656205421,0.408972691807542,0.404127829560586,0.389911383776414,0.372044506258693,0.323353293413174,0.475896168108776,0.448992443324937,0.46095717884131,0.473325062034739,0.429415627051871,0.256788207913111,0.452020202020202,0.467080745341615,0.438364779874214,0.521178637200737,0.418038654259127,0.379675370501059,0.370842179759377,0.474201474201474,0.4155161078238,0.508050089445438,0.347766323024055,0,0.367491166077739,0.487789987789988,0.328908554572271,0.48281990521327,0.400296515937732,0.499330655957162,0.406122448979592,0.426805465191932,0.447605829285219,0.238171611868484,0.27901614142967,0.537741369221767,0.136013686911891,0.474358974358974,0.461070559610706,0.397856664434026,0.44987146529563,0.27639751552795,0.247876447876448,0.417849898580122,0.440468445022772,0.498314227916386,0.278917145200984,0.394270122783083,0.333333333333333,0.307692307692308,0.422425032594524,0.486033519553073,0.349928876244666,0.385030343897505,0.24203821656051,0.46398891966759,0.44977607165707,0.370242214532872,0.289128758673863,0.44164265129683,0.527544351073763
0.273775216138329,0.442789438050102,0.343098958333333,0.32274011299435,0.225138121546961,0.386378103119032,0.238387978142076,0.406172839506173,0.448160535117057,0.447124304267161,0.38213058419244,0.457340025094103,0.483023702754644,0.509023024268824,0.371759890859482,0.484301937207749,0.325581395348837,0.39110824742268,0.408588957055215,0.443943298969072,0.384712571067593,0.408066429418743,0.34885164494103,0.362258953168044,0.400591715976331,0.378274760383387,0.348286604361371,0.369455006337136,0.44406779661017,0.311406578026592,0.358541525995949,0.471299093655589,0.380716934487021,0.264643613267466,0.240627130197682,0.406929347826087,0.227596017069701,0.352568167406468,0.392052194543298,0.420125786163522,0.473684210526316,0.298655343241331,0.224632610216935,0.332236842105263,0.473858371939113,0.341891045710708,0.489306545690214,0.491888384166126,0.217579250720461,0.281009110021023,0.287909151636607,0.38375350140056,0.464607464607465,0.0604395604395604,0.500312304809494,0.488535031847134,0.468810289389067,0.312903225806452,0.370393900889454,0.232005590496157,0.382333978078659,0.27630637079456,0.297349709114415,0.334810126582278,0.377639751552795,0.395973154362416,0.247775496235455,0.405940594059406,0.382716049382716,0.262359920896506,0.35545905707196,0.39639079029247,0.479539641943734,0.161194029850746,0.276343335659456,0.358910891089109,0.187060478199719,0.436768149882904,0.356549520766773,0.367491166077739,0,0.401812688821752,0.448693435309114,0.40967365967366,0.410116199589884,0.564621798689696,0.455719557195572,0.332688588007737,0.447385409941898,0.400946585530764,0.457051282051282,0.385593220338983,0.355290819901892,0.313092979127135,0.422222222222222,0.471641791044776,0.29252150893448,0.35989010989011,0.444798978940651,0.463235294117647,0.346228239845261,0.532475490196078,0.418702023726448,0.386436340371081,0.172848664688427,0.456813819577735,0.420988407565589,0.492903225806452,0.362080315997367,0.325930764206401,0.371487320082248,0.495586380832282,0.344408945686901,0.37853470437018,0.376190476190476,0.437667560321716,0.595008051529791
0.358103779628443,0.511164755582378,0.312383322962041,0.399244332493703,0.322916666666667,0.420806545879603,0.253180661577608,0.331917475728155,0.445625,0.38965724594107,0.513561320754717,0.475914103308183,0.503541912632822,0.515923566878981,0.478856462179869,0.452350698856417,0.314303638644918,0.426461901949203,0.332729468599034,0.512672811059908,0.252726106478512,0.29587567244471,0.244099378881988,0.487819370172311,0.276276276276276,0.413489736070381,0.2453300124533,0.351383874849579,0.455457967377666,0.417177914110429,0.526375496313103,0.347426470588235,0.397354801610121,0.337974683544304,0.279273638071384,0.483091787439614,0.3308223477715,0.346291866028708,0.214640198511166,0.354422604422604,0.487661574618096,0.392120075046904,0.334975369458128,0.309136420525657,0.517386091127098,0.226212980466289,0.505086774386595,0.493042952208107,0.315688775510204,0.318356867779204,0.410942956926659,0.517964071856287,0.513969732246799,0.398299939283546,0.511304347826087,0.459672528805337,0.528018486424032,0.283775447254781,0.406067677946324,0.330030959752322,0.431418522860492,0.391630231105559,0.212507977026165,0.262111801242236,0.32691149909693,0.153236459709379,0.272957568081064,0.453892215568862,0.322095123419627,0.287721441661576,0.207379134860051,0.344993968636912,0.550683371298405,0.356652092442224,0.344632768361582,0.318019093078759,0.25381679389313,0.29916067146283,0.349005424954792,0.487789987789988,0.401812688821752,0,0.496531791907514,0.206811145510836,0.48817465130382,0.472436277415531,0.379915305505142,0.357398568019093,0.483490566037736,0.507955215085445,0.543293718166384,0.32009484291642,0.501787842669845,0.224310776942356,0.263636363636364,0.38160237388724,0.318849449204406,0.551587301587302,0.527981910684002,0.38173018753781,0.361127774445111,0.473182359952324,0.505528255528256,0.403206650831354,0.411835748792271,0.557606263982103,0.275969962453066,0.455891425046268,0.414925373134328,0.264462809917355,0.533448673587082,0.450849514563107,0.320341047503045,0.423212192262603,0.477042337507454,0.441671865252651,0.643971631205674
0.481601032924467,0.397727272727273,0.451393188854489,0.415363698164514,0.478313253012048,0.273735273735274,0.482035928143713,0.402769037130271,0.452753229095853,0.251594613749114,0.302718589272594,0.226872246696035,0.375960866526904,0.323592302209551,0.315600287562904,0.447313328681089,0.481912936848559,0.282212885154062,0.400250941028858,0.180353031465848,0.500596658711217,0.390243902439024,0.427884615384615,0.326881720430108,0.370710784313726,0.227434257285004,0.409395973154362,0.320717131474104,0.467665078284547,0.430086149768058,0.251282051282051,0.359075907590759,0.274614869390489,0.458838544990428,0.484468339307049,0.469061876247505,0.461345065996229,0.429274292742927,0.436694021101993,0.339165545087483,0.142295597484277,0.412911903160726,0.479878048780488,0.489387507580352,0.372661870503597,0.46643109540636,0.381457891012031,0.394366197183099,0.482198625858838,0.469504447268107,0.374838709677419,0.304119850187266,0.185902401239349,0.446222791293214,0.318830242510699,0.455570291777188,0.392709766162311,0.417846153846154,0.263774104683196,0.478580171358629,0.287004864489229,0.433399602385686,0.522532800912721,0.453676031081889,0.303830911492734,0.418960244648318,0.493413173652695,0.183141762452107,0.2996699669967,0.514613180515759,0.43046357615894,0.442189421894219,0.268545994065282,0.43568196509373,0.467466835123184,0.399017802332719,0.478078078078078,0.444312796208531,0.426882389545737,0.328908554572271,0.448693435309114,0.496531791907514,0,0.454231433506045,0.459149223497637,0.428950863213811,0.244128113879004,0.282432432432432,0.40472972972973,0.269202087994034,0.152462861610633,0.398656898656899,0.321428571428571,0.570572207084469,0.38071995118975,0.355555555555556,0.499408284023669,0.270110701107011,0.176067073170732,0.24626334519573,0.285034013605442,0.338515901060071,0.400287976961843,0.317718940936864,0.40118968935889,0.154325798908807,0.4,0.431211498973306,0.319119669876204,0.434431323803605,0.266171003717472,0.471279373368146,0.294038847957133,0.286800276434001,0.141950832672482,0.455773126266036,0.5825
0.381039755351682,0.499411764705882,0.320720720720721,0.388957055214724,0.381526104417671,0.36310223266745,0.304373876572798,0.251234567901235,0.513872832369942,0.378156194950088,0.466745144202472,0.445209409064831,0.440142942227516,0.487428571428571,0.479538904899135,0.484666265784726,0.370958259847149,0.365258774538965,0.247073321010474,0.457175925925926,0.273062730627306,0.186032138442522,0.222832722832723,0.477707006369427,0.138626339004411,0.347748815165877,0.211953173136168,0.389965792474344,0.530023094688222,0.466321243523316,0.429742388758782,0.324698795180723,0.310182460270747,0.35956416464891,0.31328171530673,0.519954389965792,0.363365155131265,0.30718954248366,0.210271903323263,0.270963704630788,0.443793911007026,0.395770392749245,0.362889019377569,0.362139917695473,0.445592705167173,0.302693208430913,0.430395136778115,0.462686567164179,0.375074537865236,0.342121397915389,0.402044293015332,0.479500891265597,0.456088992974239,0.417441860465116,0.480229226361031,0.487608069164265,0.456304985337243,0.327887981330222,0.35705950991832,0.35929203539823,0.362989323843416,0.466551326412918,0.280691299165673,0.30868544600939,0.261687917425622,0.147909967845659,0.302536231884058,0.404548174745661,0.20898315658141,0.270221689634512,0.204207920792079,0.313655336911151,0.491681009753299,0.38488994646044,0.372607655502392,0.300351288056206,0.305988023952096,0.172090112640801,0.311602870813397,0.48281990521327,0.40967365967366,0.206811145510836,0.454231433506045,0,0.517261219792865,0.426374926079243,0.374337845791642,0.30424387328153,0.486609686609687,0.455726092089729,0.467128027681661,0.295560747663551,0.495657209033005,0.235792019347037,0.10597302504817,0.331750741839763,0.34830805134189,0.447647058823529,0.460481099656357,0.375147232037691,0.301568154402895,0.466086956521739,0.508886255924171,0.39525462962963,0.415645067133684,0.462471131639723,0.230049875311721,0.471943295924395,0.418591224018476,0.311937612477505,0.452885747938751,0.49486301369863,0.303283582089552,0.36245572609209,0.43905325443787,0.520343839541547,0.66130114017438
0.473469387755102,0.313971742543171,0.490220820189274,0.467953135768436,0.436974789915966,0.518955873213176,0.529981829194428,0.529055690072639,0.23739837398374,0.395238095238095,0.406657018813314,0.427402862985685,0.325018896447468,0.363238512035011,0.4171388101983,0.311802232854864,0.428666224286662,0.513941698352345,0.521791767554479,0.453178400546822,0.447385409941898,0.494649227110583,0.494597839135654,0.377551020408163,0.510799766491535,0.510611735330836,0.47900182592818,0.367498314227916,0.278714859437751,0.358024691358025,0.375623663578047,0.439632545931759,0.47087980173482,0.429543907420014,0.503388786198398,0.101298701298701,0.448275862068966,0.508536585365854,0.472238805970149,0.478401031592521,0.461800818553888,0.463847203274216,0.448275862068966,0.411333333333333,0.314553990610329,0.447761194029851,0.336641221374046,0.381520119225037,0.452,0.450505050505051,0.446520618556701,0.398216939078752,0.463548830811554,0.399585921325052,0.370289855072464,0.292851652574942,0.278764478764479,0.416077170418006,0.525061124694376,0.453836150845254,0.509171410499684,0.350877192982456,0.458385093167702,0.421019108280255,0.492647058823529,0.56322505800464,0.508978328173375,0.407459535538353,0.493284493284493,0.494545454545455,0.462153846153846,0.467130214917826,0.365638766519824,0.430414120841819,0.449498327759197,0.452012383900929,0.50615763546798,0.532634032634033,0.509852216748768,0.400296515937732,0.410116199589884,0.48817465130382,0.459149223497637,0.517261219792865,0,0.372025955299207,0.42838107928048,0.492879256965944,0.303463855421687,0.406767458603312,0.457592339261286,0.464590964590965,0.391941391941392,0.490396158463385,0.529173887926054,0.41578947368421,0.453503184713376,0.373818181818182,0.445578231292517,0.426185704742819,0.495635910224439,0.361577794010226,0.304731355252606,0.351877607788595,0.397364771151179,0.452054794520548,0.568742655699177,0.313513513513514,0.366433566433566,0.495945102932003,0.386066763425254,0.298552932216299,0.527173913043478,0.506926952141058,0.393242271746945,0.222675367047308,0.535845588235294
0.488311688311688,0.330590875093493,0.612324929971989,0.528698979591837,0.465971796443899,0.475278121137206,0.546875,0.548498845265589,0.270353302611367,0.338095238095238,0.499015101772817,0.410239361702128,0.246951219512195,0.348936170212766,0.510597302504817,0.223567393058918,0.468457214241099,0.524301336573512,0.541570438799076,0.483850129198966,0.465474722564735,0.420289855072464,0.543001686340641,0.502916396629942,0.448174322732627,0.459139114160948,0.514663599769983,0.374432186891629,0.404727793696275,0.436666666666667,0.453534031413613,0.235125448028674,0.442002442002442,0.481904761904762,0.566457501426127,0.363048166786484,0.48025078369906,0.596004439511654,0.452576112412178,0.405740378343118,0.425975773889637,0.542732376793512,0.497261107729763,0.449402891263356,0.310943396226415,0.390517779164067,0.292075471698113,0.346041055718475,0.50186799501868,0.477983407785578,0.550261475886113,0.488529014844804,0.475,0.587301587301587,0.347733711048159,0.166268894192522,0.289201183431953,0.414072229140722,0.475579975579976,0.504252733900365,0.532170775706554,0.446215139442231,0.509006391632772,0.377848101265823,0.426716141001855,0.470131421744325,0.565342544617156,0.390260631001372,0.424691358024691,0.524137931034483,0.491238317757009,0.369720597790773,0.336933045356371,0.546116504854369,0.477820025348542,0.350989151244416,0.573863636363636,0.431585292344786,0.591676040494938,0.499330655957162,0.564621798689696,0.472436277415531,0.428950863213811,0.426374926079243,0.372025955299207,0,0.35377358490566,0.494919306634788,0.292914536157779,0.468666666666667,0.486084142394822,0.339297124600639,0.524919093851133,0.494206257242178,0.433591423466349,0.286107290233838,0.392834293026232,0.466622604097819,0.481410256410256,0.345762711864407,0.487583282858873,0.23041825095057,0.34984984984985,0.362908605737158,0.562424969987995,0.474951203643461,0.490113840623128,0.225352112676056,0.398411647915288,0.571837435603892,0.47556142668428,0.173364854215918,0.462522851919561,0.535202863961814,0.421375085091899,0.285606060606061,0.570332480818414
0.428848641655886,0.434228187919463,0.513264129181084,0.438391699092088,0.429088714544357,0.308300395256917,0.468933177022274,0.45357776463631,0.387251542152159,0.118343195266272,0.396910678307589,0.221270521056388,0.391828533154722,0.301398601398601,0.399470899470899,0.356887937187723,0.410336239103362,0.33003300330033,0.447399527186761,0.272406492589979,0.424574209245742,0.375971309025702,0.403675163011263,0.387290969899666,0.403733955659277,0.298477829252151,0.461009174311927,0.200276243093923,0.47244094488189,0.38866930171278,0.349631614199598,0.232413793103448,0.260327868852459,0.426767676767677,0.48463768115942,0.420982735723772,0.41692789968652,0.485319516407599,0.34996993385448,0.36439588688946,0.240807498197549,0.456618112729576,0.442424242424242,0.401991288114499,0.388008270158511,0.372191863995143,0.381930184804928,0.417058428475487,0.421284634760705,0.427577482605946,0.437086092715232,0.386629910406616,0.274607703281027,0.471306471306471,0.300279329608939,0.407677035076109,0.404494382022472,0.385365853658537,0.321705426356589,0.452294685990338,0.333114754098361,0.358439811701412,0.433019976498237,0.337078651685393,0.230769230769231,0.379793061472915,0.486281377699942,0.322138450993831,0.243046357615894,0.472238122495707,0.435897435897436,0.349146110056926,0.336093857832988,0.456736711990111,0.431704260651629,0.291984732824427,0.483739837398374,0.412800939518497,0.48546511627907,0.406122448979592,0.455719557195572,0.379915305505142,0.244128113879004,0.374337845791642,0.42838107928048,0.35377358490566,0,0.223202170963365,0.362659503022163,0.364256480218281,0.27683615819209,0.317757009345794,0.398384925975774,0.454493417286777,0.401989467524868,0.287318361955086,0.425903614457831,0.372983870967742,0.288288288288288,0.0647372429550647,0.25520483546004,0.213392200147167,0.445571331981068,0.241569167240193,0.463054187192118,0.292597765363128,0.430538922155689,0.347977684797768,0.276828434723172,0.490697674418605,0.357873210633947,0.429220779220779,0.273684210526316,0.339181286549708,0.317107093184979,0.403781228899392,0.605490196078431
0.393842206542656,0.454428754813864,0.36939151813153,0.300479123887748,0.363080684596577,0.204483695652174,0.377415458937198,0.311362209667294,0.527592480291086,0.294921875,0.405440414507772,0.290945406125167,0.455396132252027,0.365535248041775,0.408801020408163,0.502205419029616,0.32824427480916,0.159010600706714,0.305956112852665,0.289491525423729,0.38680387409201,0.330143540669856,0.246991766941102,0.409468969929623,0.328775267538645,0.201223657375935,0.378965922444183,0.339938080495356,0.492471769134253,0.446703635243376,0.362991618310767,0.373612823674476,0.196959682749504,0.414453366275479,0.375226586102719,0.503355704697987,0.3729662077597,0.335793357933579,0.312986235786954,0.336507936507936,0.294915254237288,0.314093959731544,0.375307125307125,0.351216469120399,0.431448992852502,0.34375,0.426451612903226,0.438021836865767,0.363751584283904,0.411290322580645,0.301970756516211,0.407382992748846,0.31144211238998,0.307742782152231,0.359058207979071,0.524092801903629,0.438519447929737,0.339634146341463,0.21562082777036,0.383578431372549,0.149222065063649,0.482509047044632,0.398364485981308,0.290262172284644,0.157181571815718,0.27209595959596,0.37910085054678,0.359557867360208,0.161725067385445,0.408352668213457,0.365521327014218,0.314500941619586,0.351458885941645,0.296688741721854,0.415488629379226,0.257575757575758,0.369156041287189,0.350356294536817,0.3426097711812,0.426805465191932,0.332688588007737,0.357398568019093,0.282432432432432,0.30424387328153,0.492879256965944,0.494919306634788,0.223202170963365,0,0.476046088538508,0.386823222439661,0.304113283884019,0.279603223806572,0.419188667095943,0.411562678878077,0.332739156268568,0.371184371184371,0.388489208633093,0.377113133940182,0.305592543275633,0.264100862641009,0.0602322206095791,0.388280746941404,0.464424320827943,0.373531230674088,0.340219496449322,0.299595141700405,0.326505276225947,0.486687306501548,0.391573729863693,0.37629179331307,0.380704041720991,0.555040556199305,0.163945578231293,0.136685552407932,0.350958360872439,0.536892621475705,0.627407407407407
0.488614183474301,0.261514441842311,0.58012636415853,0.557644110275689,0.459592843923504,0.455457967377666,0.503880597014925,0.572810011376564,0.216666666666667,0.323246217331499,0.390261115031757,0.393265993265993,0.29873980726464,0.346619217081851,0.434370771312585,0.240384615384615,0.484829721362229,0.532687651331719,0.568427030096536,0.427132303559436,0.491803278688525,0.460495283018868,0.537591859807801,0.373323923782639,0.491107286288009,0.437896070975919,0.514121037463977,0.309668695064233,0.372161172161172,0.405994550408719,0.395918367346939,0.392015706806283,0.421933085501859,0.435409836065574,0.514218009478673,0.283987915407855,0.448364336112893,0.570215175537939,0.493432324386065,0.441533546325879,0.415478615071283,0.563770794824399,0.450314465408805,0.467952706907281,0.322314049586777,0.455308938212357,0.333579335793358,0.346069066862601,0.448966408268734,0.438320209973753,0.475199020208206,0.456491712707182,0.445564516129032,0.462820512820513,0.345415778251599,0.308823529411765,0.320232896652111,0.448107448107448,0.468346650276583,0.448863636363636,0.515539305301645,0.304284676833696,0.51708164447018,0.473747016706444,0.436576354679803,0.492035398230089,0.526658767772512,0.36794425087108,0.43646408839779,0.513341067285383,0.502033701336432,0.496096096096096,0.25642965204236,0.476099426386233,0.427165354330709,0.474866942637493,0.508928571428572,0.509184845005741,0.580113636363636,0.447605829285219,0.447385409941898,0.483490566037736,0.40472972972973,0.486609686609687,0.303463855421687,0.292914536157779,0.362659503022163,0.476046088538508,0,0.421487603305785,0.437751004016064,0.480374926772115,0.388377037562013,0.511761331038439,0.498283752860412,0.40064308681672,0.473203410475031,0.402346445824707,0.418729096989967,0.355840648210668,0.476772616136919,0.240909090909091,0.253980891719745,0.233044733044733,0.469910371318822,0.428091397849462,0.51797289334119,0.234789391575663,0.246187363834423,0.529238038984052,0.408431237042156,0.298013245033113,0.448552064078866,0.514251061249242,0.375,0.219242902208202,0.569717707442258
0.468812877263581,0.414068165337201,0.381902860944777,0.358490566037736,0.459561128526646,0.343365253077975,0.477777777777778,0.344064386317907,0.406498194945848,0.374237288135593,0.143330571665286,0.309798270893372,0.357611070648216,0.378551136363636,0.226209048361934,0.458899213724089,0.42782495101241,0.303202846975089,0.338245144005358,0.180237154150198,0.479153702551338,0.422699386503067,0.477585176329946,0.220738413197172,0.420731707317073,0.368102288021534,0.460885385081868,0.32425068119891,0.395588235294118,0.403886190145732,0.181960784313725,0.377852348993289,0.38258064516129,0.466666666666667,0.481230769230769,0.415897799858055,0.448140900195695,0.386363636363636,0.461811722912966,0.383423180592992,0.308259587020649,0.345848375451264,0.457033736473584,0.445442875481386,0.320826952526799,0.47289156626506,0.347242921013413,0.330060422960725,0.466883116883117,0.477553675992193,0.295059151009047,0.181441590720795,0.1816,0.397008837525493,0.377304964539007,0.479138627187079,0.337243401759531,0.438202247191011,0.346594740391099,0.461489497135582,0.312676056338028,0.383802816901408,0.526592635885447,0.49311789347696,0.40828025477707,0.430442919525889,0.488573193329216,0.216886134779241,0.413291139240506,0.502670623145401,0.469240048250905,0.492044063647491,0.384450784593438,0.363952679192763,0.46249184605349,0.455596107055961,0.473684210526316,0.437996334758705,0.385423506237689,0.238171611868484,0.400946585530764,0.507955215085445,0.269202087994034,0.455726092089729,0.406767458603312,0.468666666666667,0.364256480218281,0.386823222439661,0.421487603305785,0,0.196540880503145,0.448359659781288,0.226984126984127,0.535550458715596,0.430479659987857,0.369753497668221,0.55307917888563,0.165322580645161,0.197051978277735,0.396921017402945,0.419084461637653,0.471533824514401,0.405185185185185,0.301128349788434,0.310567936736161,0.234254992319508,0.365257595772787,0.470061940812113,0.303571428571429,0.39554682383759,0.120431893687708,0.50065963060686,0.408477842003854,0.307584269662921,0.203791469194313,0.3997113997114,0.554472984942427
0.479398299542184,0.416903409090909,0.397668393782383,0.364797728885735,0.504488330341113,0.259887005649718,0.492788461538462,0.357750163505559,0.484501347708895,0.299651567944251,0.22196261682243,0.21923937360179,0.401530967292971,0.309090909090909,0.271641791044776,0.487267721954577,0.451959544879899,0.229197080291971,0.347740667976424,0.0943089430894309,0.478580171358629,0.412515188335358,0.445045045045045,0.26410835214447,0.419219219219219,0.282033426183844,0.458781362007168,0.357189757058437,0.452331245650661,0.436582109479306,0.212121212121212,0.410471881060116,0.289261744966443,0.478980891719745,0.502386634844869,0.478929765886288,0.491588785046729,0.378048780487805,0.450704225352113,0.378073089700997,0.207214121258634,0.386583679114799,0.492665036674817,0.462882096069869,0.373362445414847,0.505220417633411,0.384560400285919,0.389563974267334,0.504667081518357,0.492405063291139,0.340878828229028,0.204654895666132,0.0977814297452753,0.459563543003851,0.309143686502177,0.479524438573316,0.399168399168399,0.462839879154079,0.268055555555556,0.497861942577886,0.229484386347131,0.455386649041639,0.547052154195011,0.492343934040047,0.322772277227723,0.447815533980582,0.509580838323353,0.276470588235294,0.336161879895561,0.506984866123399,0.47877358490566,0.466340269277846,0.271910112359551,0.44408322496749,0.494981179422836,0.429093122337188,0.485196374622356,0.439039039039039,0.377027903958468,0.27901614142967,0.457051282051282,0.543293718166384,0.152462861610633,0.467128027681661,0.457592339261286,0.486084142394822,0.27683615819209,0.304113283884019,0.437751004016064,0.196540880503145,0,0.417073170731707,0.263920671243326,0.546472564389698,0.435378201310304,0.397295556986478,0.524985302763081,0.201086956521739,0.0574712643678161,0.292221443587947,0.319407008086253,0.380487804878049,0.433261955745896,0.316620879120879,0.354883081155433,0.0652892561983471,0.36664503569111,0.469594594594595,0.329647546648238,0.391220142027114,0.14859437751004,0.508376288659794,0.354016982364468,0.22575976845152,0.257336343115124,0.488294314381271,0.568006843455945
0.361850443599493,0.512253436939629,0.438606510565391,0.343669250645995,0.31973203410475,0.311221326720397,0.38600583090379,0.372871403405755,0.448361162646877,0.33230389129092,0.491696322657177,0.334591194968553,0.459638554216867,0.418960244648318,0.503195816385822,0.399739583333333,0.245466321243523,0.301075268817204,0.369654364381957,0.436974789915966,0.290161892901619,0.307012374779022,0.382169222032936,0.507558139534884,0.318604651162791,0.318742293464858,0.363112391930836,0.376249265138154,0.50631389055923,0.409535452322738,0.417874396135266,0.273650793650794,0.279853031230863,0.395151515151515,0.397917871602082,0.462378640776699,0.370212765957447,0.449944382647386,0.209876543209877,0.349022004889976,0.421884498480243,0.390440720049659,0.367664670658683,0.251604621309371,0.475870494807575,0.246600741656366,0.458715596330275,0.489783653846154,0.362238622386224,0.38804148871263,0.41108545034642,0.456736711990111,0.424112607099143,0.386901152213463,0.412990196078431,0.384615384615385,0.43483556638246,0.276582667486171,0.307314074984634,0.379618593563766,0.319003115264798,0.439302884615385,0.333530106257379,0.192307692307692,0.230574857864814,0.339422510312316,0.397084548104956,0.432269717037929,0.245471580262336,0.351808634772462,0.355529820497973,0.152304609218437,0.471113758189398,0.364364981504316,0.408737283064034,0.140706806282723,0.407023603914796,0.282882882882883,0.448004496908376,0.537741369221767,0.385593220338983,0.32009484291642,0.398656898656899,0.295560747663551,0.464590964590965,0.339297124600639,0.317757009345794,0.279603223806572,0.480374926772115,0.448359659781288,0.417073170731707,0,0.547537227949599,0.335664335664336,0.321511627906977,0.312461632903622,0.222721437740693,0.439127801332526,0.429425837320574,0.319626168224299,0.283042394014963,0.399008674101611,0.563487419543593,0.330665024630542,0.379963347587049,0.410146699266504,0.362617924528302,0.403919089759798,0.390258568851473,0.401858304297329,0.444511825348696,0.386591478696742,0.292383292383292,0.318660880347179,0.423500611995104,0.462477120195241,0.650383810188416
0.448630136986301,0.39807976366322,0.372218476062036,0.353631694790902,0.415204678362573,0.397333333333333,0.444726810673443,0.436862244897959,0.45409604519774,0.379850238257318,0.139748953974895,0.382209867963864,0.427969079409698,0.424895688456189,0.170316301703163,0.517337031900139,0.44769330734243,0.378341329677862,0.434202161474889,0.232198142414861,0.495037220843672,0.474910394265233,0.46448087431694,0.0957627118644068,0.469047619047619,0.405960264900662,0.445404071560765,0.334242837653479,0.380239520958084,0.352346570397112,0.277153558052434,0.43202614379085,0.426675094816688,0.391154111955771,0.442466624284806,0.404899135446686,0.403651115618661,0.362972793629728,0.558659217877095,0.442773054283846,0.333821376281113,0.329904481998531,0.408730158730159,0.467813894200127,0.39719970523213,0.461491442542787,0.412698412698413,0.403930131004367,0.419028340080972,0.40521978021978,0.266571632216679,0.211175020542317,0.269378357636224,0.343949044585987,0.425797503467406,0.474829931972789,0.418833450456781,0.428842504743833,0.394459102902375,0.418589321028345,0.365635738831615,0.289256198347107,0.496696696696697,0.470012239902081,0.451310861423221,0.487893462469734,0.452866242038217,0.291697830964847,0.444375,0.466952264381885,0.438661710037175,0.536205864751646,0.406382978723404,0.378735232800556,0.408843537414966,0.490419161676647,0.432415118513773,0.50734861845973,0.363941018766756,0.136013686911891,0.355290819901892,0.501787842669845,0.321428571428571,0.495657209033005,0.391941391941392,0.524919093851133,0.398384925975774,0.419188667095943,0.388377037562013,0.226984126984127,0.263920671243326,0.547537227949599,0,0.487775790101372,0.474747474747475,0.419648666232921,0.473192019950125,0.263846153846154,0.237003058103976,0.411096256684492,0.433719433719434,0.490666666666667,0.378891419893698,0.298220640569395,0.321094312455004,0.293941660433807,0.439008894536214,0.511141120864281,0.285818181818182,0.403151674326986,0.226698262243286,0.488605898123324,0.44007609384908,0.362765229295003,0.293494704992436,0.429693076374019,0.54463480613165
0.28921244209133,0.51668653158522,0.297633872976339,0.368956743002544,0.262594458438287,0.466216216216216,0.195567144719687,0.338729016786571,0.501194743130227,0.460661345496009,0.512865497076023,0.503954802259887,0.551274787535411,0.53789592760181,0.483814008240141,0.484586929716399,0.337016574585635,0.448295782784518,0.339498806682578,0.532130777903044,0.237483953786906,0.309005297233667,0.274379164142944,0.475653206650831,0.282660332541568,0.467116357504216,0.233830845771144,0.41264367816092,0.497277676950998,0.330981398332264,0.516421291053228,0.419186046511628,0.43683917640512,0.27154046997389,0.198959687906372,0.48896839594514,0.296696315120712,0.308859223300971,0.251959011452682,0.392261904761905,0.547285954113039,0.380387257963773,0.2822936357908,0.332925336597307,0.56278801843318,0.306268656716418,0.545874206578188,0.555747126436782,0.27190136275146,0.272073250490517,0.41108545034642,0.494876431585292,0.540249433106576,0.314321926489227,0.537549407114625,0.466786355475763,0.53310502283105,0.327966607036374,0.447576099210823,0.28562421185372,0.450315910396324,0.353202282815472,0.142763157894737,0.292978208232446,0.393000573723465,0.317611940298507,0.202092871157619,0.52129471890971,0.410299943406904,0.136543535620053,0.229426433915212,0.342720191731576,0.576261785912368,0.328292375551355,0.306369426751592,0.313946587537092,0.197394136807818,0.273550724637681,0.310281517747858,0.474358974358974,0.313092979127135,0.224310776942356,0.570572207084469,0.235792019347037,0.490396158463385,0.494206257242178,0.454493417286777,0.411562678878077,0.511761331038439,0.535550458715596,0.546472564389698,0.335664335664336,0.487775790101372,0,0.255589123867069,0.433618233618234,0.23405612244898,0.525743707093822,0.536231884057971,0.461494580718768,0.421776504297994,0.530147895335609,0.522864019253911,0.438364055299539,0.407207207207207,0.53876404494382,0.330126277811185,0.479831426851294,0.443604651162791,0.300185299567634,0.534285714285714,0.470902612826603,0.430265386787126,0.445845272206304,0.559284116331096,0.497316636851521,0.645658263305322
0.405850091407678,0.509757539917209,0.288985148514851,0.368950345694532,0.403890160183066,0.366923532898637,0.319927971188475,0.215286624203822,0.527536231884058,0.405720957384705,0.44,0.470890410958904,0.465915826911677,0.505996573386636,0.45373665480427,0.496980676328502,0.400467016929364,0.335171568627451,0.213333333333333,0.430613460393091,0.301529051987768,0.163187855787476,0.260869565217391,0.464539007092199,0.0655195234943746,0.30067775723968,0.117377049180328,0.404911479154769,0.536940081442699,0.491117478510029,0.392359005457853,0.37181764357608,0.332354668232531,0.386144578313253,0.329755515802027,0.536794067313177,0.396215257244234,0.291085506367495,0.23752254960914,0.231715210355987,0.396214896214896,0.371198013656114,0.391481913652275,0.394522144522144,0.478313253012048,0.349827387802071,0.46417820590006,0.479378362223551,0.401186943620178,0.376063183475091,0.383855981416957,0.453822629969419,0.433894230769231,0.429988331388565,0.498854524627721,0.492441860465116,0.477166276346604,0.320497630331754,0.317220543806647,0.388042203985932,0.334960341671751,0.491389207807118,0.309241706161137,0.336639439906651,0.31729055258467,0.208176100628931,0.331332533013205,0.347962382445141,0.29940119760479,0.285714285714286,0.146546158812137,0.356639247943596,0.501730103806228,0.411834319526627,0.405453467694132,0.315542521994135,0.318509615384615,0.152173913043478,0.285012285012285,0.461070559610706,0.422222222222222,0.263636363636364,0.38071995118975,0.10597302504817,0.529173887926054,0.433591423466349,0.401989467524868,0.332739156268568,0.498283752860412,0.430479659987857,0.435378201310304,0.321511627906977,0.474747474747475,0.255589123867069,0,0.379008746355685,0.374927452118398,0.410725167580743,0.435217903415783,0.404678362573099,0.332335329341317,0.479651162790698,0.517590936195587,0.420506912442396,0.377871825876663,0.426778242677824,0.18252427184466,0.482185273159145,0.428322692977365,0.269278606965174,0.419963481436397,0.508299942759015,0.342570754716981,0.337575757575758,0.362437185929648,0.533908045977011,0.655950752393981
0.43461781427669,0.394878706199461,0.494555873925501,0.422978177150192,0.377981651376147,0.413939393939394,0.54510661563696,0.433862433862434,0.403986710963455,0.272485009993338,0.38995373430271,0.33921568627451,0.335597826086957,0.384615384615385,0.421355498721228,0.369625520110957,0.382846488502175,0.426479560707749,0.426807760141094,0.394212218649518,0.423536439665472,0.347670250896057,0.401166180758018,0.399479505530254,0.389242336610758,0.403412553321146,0.450680272108844,0.307839388145316,0.440288713910761,0.326626425217975,0.352131147540984,0.187369882026371,0.368357487922705,0.426625386996904,0.515607580824972,0.420949902407287,0.394260761072988,0.477272727272727,0.378048780487805,0.38380062305296,0.352746525479815,0.435494021397105,0.391277641277641,0.383570105003088,0.354238456237078,0.190854870775348,0.324305555555556,0.388479571332887,0.420271940667491,0.426443202979516,0.448680351906158,0.389487870619946,0.386928104575163,0.463898916967509,0.387662337662338,0.363333333333333,0.333558863328823,0.279974489795918,0.420644391408115,0.412158054711246,0.427791262135922,0.368283093053735,0.42914979757085,0.309657320872274,0.325668116842759,0.365883062085594,0.500567536889898,0.301360544217687,0.324860508369498,0.466139954853273,0.42478386167147,0.318153067678684,0.418006430868167,0.424504950495049,0.405,0.292317301686446,0.50561797752809,0.396270396270396,0.479083094555874,0.397856664434026,0.471641791044776,0.38160237388724,0.355555555555556,0.331750741839763,0.41578947368421,0.286107290233838,0.287318361955086,0.371184371184371,0.40064308681672,0.369753497668221,0.397295556986478,0.312461632903622,0.419648666232921,0.433618233618234,0.379008746355685,0,0.351702786377709,0.359893758300133,0.387323943661972,0.277925531914894,0.36200495049505,0.379986919555265,0.419919246298789,0.301369863013699,0.476959904248953,0.383668178872327,0.444055944055944,0.348360655737705,0.341935483870968,0.510698198198198,0.374338624338624,0.360132890365448,0.357098955132145,0.429776974080772,0.337373737373737,0.409360580092287,0.616956850870553
0.276052449965493,0.484542586750789,0.432800473653049,0.34314381270903,0.182312925170068,0.425671641791045,0.307449494949495,0.455696202531646,0.472887767969735,0.409616555082167,0.506990881458967,0.478312537136066,0.494820231566118,0.512209648600357,0.471130221130221,0.434983498349835,0.276134122287968,0.437161755862898,0.453241537578887,0.537478210342824,0.338125,0.373613543490951,0.396982008125363,0.470080197409007,0.378612716763006,0.423880597014925,0.355436081242533,0.38173018753781,0.468370607028754,0.289115646258503,0.49046483909416,0.314980793854033,0.395992928697702,0.271929824561404,0.310453400503778,0.457124842370744,0.240162822252374,0.430232558139535,0.350146627565982,0.420543806646526,0.509209744503862,0.342592592592593,0.241838774150566,0.287662337662338,0.519975414874001,0.218911917098446,0.500924214417745,0.518925518925519,0.224672639558925,0.271312584573748,0.395544852498495,0.477574226152874,0.545879602571596,0.28580946035976,0.506563245823389,0.379174852652259,0.494238932686477,0.257216164207826,0.407761194029851,0.256953642384106,0.429001203369434,0.314304902619208,0.239382239382239,0.145861601085482,0.343101343101343,0.404789719626168,0.306615776081425,0.469908814589666,0.344282238442822,0.273644388398487,0.338563669281835,0.225827814569536,0.553935860058309,0.306270627062706,0.277294038847957,0.2,0.322903629536921,0.378947368421053,0.432590855803048,0.44987146529563,0.29252150893448,0.318849449204406,0.499408284023669,0.34830805134189,0.453503184713376,0.392834293026232,0.425903614457831,0.388489208633093,0.473203410475031,0.55307917888563,0.524985302763081,0.222721437740693,0.473192019950125,0.23405612244898,0.374927452118398,0.351702786377709,0,0.508088675853805,0.522118742724098,0.429602888086643,0.395306859205776,0.497593261131167,0.492679821769574,0.406800242865817,0.389830508474576,0.515938606847698,0.434225844004657,0.424046541693601,0.409090909090909,0.413690476190476,0.515278609946075,0.366382140512147,0.382582582582583,0.431899641577061,0.488767455980571,0.47747183979975,0.625744047619048
0.45855614973262,0.404332129963899,0.394375408763898,0.362007168458781,0.470080197409007,0.360160965794769,0.494252873563218,0.346383543463835,0.430682617874736,0.353061224489796,0.181526104417671,0.299353912419239,0.369362920544023,0.391910739191074,0.281974569932685,0.458981612446959,0.418998048145738,0.333102493074792,0.33288948069241,0.238636363636364,0.460049937578028,0.382793017456359,0.437689969604863,0.25609756097561,0.391009852216749,0.358148893360161,0.436507936507937,0.352355673523557,0.420487106017192,0.397931034482759,0.07166392092257,0.411458333333333,0.363518758085382,0.462686567164179,0.48109756097561,0.386981402002861,0.467134652201659,0.389210019267823,0.444510385756677,0.361299052774019,0.302564102564103,0.370422535211268,0.45126582278481,0.42156229825694,0.345033607169529,0.488179669030733,0.371366279069767,0.365764447695684,0.475703324808184,0.481362467866324,0.331309041835358,0.204048582995951,0.241960183767228,0.365820178448868,0.39066852367688,0.466756212222968,0.327737226277372,0.436532507739938,0.341152815013405,0.462507876496534,0.327109266943292,0.403581267217631,0.517482517482517,0.470198675496689,0.406822488945041,0.452772699573431,0.484662576687117,0.227896341463415,0.422693266832918,0.48452380952381,0.456298975286317,0.472358722358722,0.358680057388809,0.389416553595658,0.476312419974392,0.436851738865162,0.482001220256254,0.409371146732429,0.390402075226978,0.27639751552795,0.35989010989011,0.551587301587302,0.270110701107011,0.447647058823529,0.373818181818182,0.466622604097819,0.372983870967742,0.377113133940182,0.402346445824707,0.165322580645161,0.201086956521739,0.439127801332526,0.263846153846154,0.525743707093822,0.410725167580743,0.359893758300133,0.508088675853805,0,0.211128048780488,0.377181208053691,0.383409536250816,0.449899125756557,0.395280235988201,0.29572529782761,0.218468468468468,0.151273885350318,0.352242744063325,0.458476321207962,0.295664534470505,0.367656765676568,0.0741364785172704,0.490466798159106,0.434918648310388,0.327835051546392,0.171178343949045,0.429572529782761,0.559617058311575
0.482603092783505,0.393314366998577,0.379288025889968,0.371249127704117,0.495538370017847,0.255944055944056,0.493768545994065,0.369062901155327,0.479653102068045,0.304735758407687,0.19296875,0.22075055187638,0.400687285223368,0.304535637149028,0.247946228528753,0.491536899119838,0.452559300873908,0.238163558106169,0.359254498714653,0.0572831423895254,0.48159324079662,0.421146953405018,0.440142942227516,0.233560090702948,0.423919478981646,0.270775623268698,0.461084905660377,0.35370611183355,0.437976437976438,0.428098078197482,0.228317272053373,0.405509288917361,0.2909211398277,0.467680608365019,0.500590318772137,0.464,0.483292079207921,0.360897435897436,0.463751438434983,0.388127853881279,0.214339622641509,0.384825700615174,0.480827754108338,0.469938650306748,0.374012921751615,0.488695652173913,0.382768361581921,0.385431400282885,0.499074645280691,0.480151228733459,0.334214002642008,0.227521501172791,0.0919446704637917,0.444302176696543,0.307030129124821,0.485714285714286,0.395061728395062,0.458682634730539,0.27359781121751,0.485088253195374,0.227011494252874,0.442763157894737,0.550586920067077,0.493310063990692,0.321801566579634,0.440963855421687,0.503267973856209,0.272197962154294,0.333979328165375,0.509477311889719,0.469208211143695,0.468599033816425,0.226858877086495,0.435765009683667,0.486604361370717,0.434652278177458,0.487179487179487,0.445298639858072,0.369201030927835,0.247876447876448,0.444798978940651,0.527981910684002,0.176067073170732,0.460481099656357,0.445578231292517,0.481410256410256,0.288288288288288,0.305592543275633,0.418729096989967,0.197051978277735,0.0574712643678161,0.429425837320574,0.237003058103976,0.536231884057971,0.435217903415783,0.387323943661972,0.522118742724098,0.211128048780488,0,0.296270718232044,0.318454363757495,0.378787878787879,0.407301360057266,0.306484641638225,0.352380952380952,0.106230031948882,0.372523961661342,0.472037283621838,0.317056396148556,0.40379746835443,0.168627450980392,0.502554278416347,0.345230369889682,0.22078853046595,0.258351893095768,0.47941567065073,0.57762938230384
0.438867438867439,0.433086751849361,0.526887871853547,0.452380952380952,0.436560432952496,0.316929133858268,0.481373690337602,0.458997050147493,0.399182561307902,0.0779122541603631,0.409606404269513,0.219599427753934,0.389523169912693,0.307048150732729,0.409868421052632,0.357857142857143,0.415164698570541,0.341863517060367,0.45828437132785,0.281799016163036,0.428311057108141,0.373876572798083,0.394029850746269,0.396804260985353,0.40081919251024,0.297082228116711,0.462729357798165,0.242403781228899,0.478403141361257,0.396981627296588,0.356045424181697,0.236914600550964,0.262295081967213,0.438519447929737,0.495100864553314,0.416666666666667,0.428660436137072,0.499143346659052,0.352764423076923,0.362113402061856,0.241702741702742,0.466288594833018,0.450814725407363,0.402864259028643,0.386740331491713,0.367073170731707,0.380658436213992,0.42013422818792,0.429109159347553,0.43639798488665,0.449162679425837,0.397532556545579,0.264367816091954,0.477784540474741,0.305923344947735,0.403322259136213,0.402253147779987,0.382262996941896,0.332262210796915,0.457831325301205,0.341606792945787,0.361559139784946,0.442105263157895,0.372477064220184,0.233957219251337,0.382603406326034,0.497679814385151,0.316115702479339,0.243870112657389,0.480911680911681,0.436734693877551,0.344761904761905,0.33356401384083,0.475550122249389,0.440424204616344,0.321652065081352,0.495095210617426,0.414562536699941,0.497690531177829,0.417849898580122,0.463235294117647,0.38173018753781,0.24626334519573,0.375147232037691,0.426185704742819,0.345762711864407,0.0647372429550647,0.264100862641009,0.355840648210668,0.396921017402945,0.292221443587947,0.319626168224299,0.411096256684492,0.461494580718768,0.404678362573099,0.277925531914894,0.429602888086643,0.377181208053691,0.296270718232044,0,0.21771978021978,0.195684523809524,0.446549391069012,0.246048109965636,0.469613259668508,0.301808066759388,0.440738534842168,0.343137254901961,0.280054644808743,0.501156069364162,0.366598778004073,0.440284054228535,0.279054497701904,0.348641655886158,0.315679442508711,0.419678714859438,0.602362204724409
0.404241645244216,0.459005810200129,0.388242498469075,0.312542837559973,0.377899877899878,0.212678936605317,0.395908543922984,0.319269521410579,0.542095699576015,0.272606382978723,0.421086675291074,0.28782784129119,0.452080706179067,0.369665134602758,0.425206874602164,0.502225047679593,0.339490445859873,0.169971671388102,0.319122257053292,0.30142566191446,0.38878732480195,0.326690821256039,0.237973059653624,0.423913043478261,0.324324324324324,0.199588477366255,0.38370720188902,0.373088685015291,0.504708097928437,0.45679012345679,0.371280724450194,0.374534161490683,0.19653564290473,0.427424336009883,0.391802290536468,0.502463054187192,0.385097056981841,0.357798165137615,0.317498496692724,0.329691516709512,0.291780821917808,0.329309188464118,0.386223862238622,0.357142857142857,0.42772667542707,0.340412621359223,0.423728813559322,0.444516129032258,0.376030437539632,0.424317617866005,0.321722609246358,0.425378040762656,0.305003427004798,0.321522309711286,0.366382140512147,0.524295140971806,0.437974683544304,0.34029484029484,0.226086956521739,0.394478527607362,0.147037830121342,0.488794669897032,0.407840842598011,0.327384615384615,0.156420765027322,0.276649746192893,0.397699757869249,0.357189757058437,0.157249829816202,0.415017462165308,0.37120761451517,0.302103250478011,0.354472630173565,0.312830687830688,0.42839582052858,0.279522613065327,0.38680387409201,0.350089766606822,0.359654534238125,0.440468445022772,0.346228239845261,0.361127774445111,0.285034013605442,0.301568154402895,0.495635910224439,0.487583282858873,0.25520483546004,0.0602322206095791,0.476772616136919,0.419084461637653,0.319407008086253,0.283042394014963,0.433719433719434,0.421776504297994,0.332335329341317,0.36200495049505,0.395306859205776,0.383409536250816,0.318454363757495,0.21771978021978,0,0.378837361201829,0.468098958333333,0.377487562189055,0.352713178294574,0.310344827586207,0.339540657976412,0.483729662077597,0.397635345364032,0.392965433596119,0.390196078431373,0.575460829493088,0.168262653898769,0.158080451658433,0.350666666666667,0.561570493753718,0.620481927710843
0.503880983182406,0.33808095952024,0.595550484883058,0.528883183568678,0.508098380323935,0.374005305039788,0.547147846332945,0.53,0.259143968871595,0.245664739884393,0.490026595744681,0.311300639658849,0.297317436661699,0.238385376999238,0.488188976377953,0.235673930589185,0.504907975460123,0.421190320470896,0.528135990621336,0.366946778711485,0.492382693479586,0.451785714285714,0.510404624277457,0.477106834771068,0.474970896391153,0.362241494329553,0.535917901938426,0.342210386151798,0.417739628040057,0.471128608923885,0.427327528466175,0.353297442799462,0.349381912817176,0.495250158328056,0.562715765247411,0.342857142857143,0.501865671641791,0.564497716894977,0.42916915720263,0.418619791666667,0.319595083152567,0.541169076052797,0.518115942028985,0.48641975308642,0.314632297194845,0.459459459459459,0.31357839459865,0.352205882352941,0.50749063670412,0.496192893401015,0.520286396181384,0.482264665757162,0.353824160114367,0.550970873786408,0.238601823708207,0.308714918759232,0.343186733958183,0.463592233009709,0.400773195876289,0.519661222020569,0.41437908496732,0.443775100401606,0.510799766491535,0.484235574063058,0.342726081258191,0.474535650089874,0.565720903300521,0.403832991101985,0.348307291666667,0.546955036994878,0.513888888888889,0.438321853475266,0.215396578538103,0.550821667681071,0.499685732243872,0.413218035824583,0.560300057703405,0.480916030534351,0.566244239631336,0.498314227916386,0.532475490196078,0.473182359952324,0.338515901060071,0.466086956521739,0.361577794010226,0.23041825095057,0.213392200147167,0.388280746941404,0.240909090909091,0.471533824514401,0.380487804878049,0.399008674101611,0.490666666666667,0.530147895335609,0.479651162790698,0.379986919555265,0.497593261131167,0.449899125756557,0.378787878787879,0.195684523809524,0.378837361201829,0,0.348714069591528,0.334016393442623,0.536285362853628,0.377003484320558,0.505369928400955,0.232941176470588,0.363945578231293,0.563983786913723,0.451721809588116,0.307861866274798,0.37879767291532,0.428847392144237,0.405536332179931,0.278713629402757,0.562283737024221
0.475924633635729,0.145648312611012,0.503527902501604,0.505183137525916,0.434262948207171,0.480706344015697,0.472903225806452,0.542435424354244,0.283387622149837,0.431787175989086,0.388261851015801,0.443905817174515,0.265486725663717,0.381022979985174,0.363431151241535,0.313934426229508,0.498373454782043,0.521035598705502,0.535955746773202,0.401306240928882,0.518635502210992,0.513529765484065,0.485148514851485,0.381165919282511,0.520783847980998,0.472751149047932,0.489783281733746,0.381768334475668,0.264166666666667,0.373244641537324,0.395516992046276,0.440107671601615,0.467218332272438,0.419831223628692,0.472598323662153,0.303102625298329,0.414464534075104,0.49842668344871,0.574443810610382,0.464619492656876,0.414017341040462,0.446491849751949,0.427991886409736,0.500322788896062,0.277960526315789,0.463091482649842,0.295253419147224,0.289878542510121,0.428075052119527,0.436147941381717,0.446133509583609,0.404870624048706,0.432588320115357,0.413623595505618,0.383308714918759,0.302435192458759,0.313374805598756,0.444660194174757,0.491666666666667,0.427408412483039,0.509409474367294,0.384105960264901,0.520464263897373,0.485284909204759,0.490566037735849,0.491260923845194,0.477302204928664,0.333585476550681,0.47979797979798,0.516523867809058,0.493514515132798,0.541923551171393,0.237591537835639,0.411847672778561,0.399716513111269,0.51400730816078,0.462638076673164,0.555816686251469,0.527760449157829,0.278917145200984,0.418702023726448,0.505528255528256,0.400287976961843,0.508886255924171,0.304731355252606,0.34984984984985,0.445571331981068,0.464424320827943,0.253980891719745,0.405185185185185,0.433261955745896,0.563487419543593,0.378891419893698,0.522864019253911,0.517590936195587,0.419919246298789,0.492679821769574,0.395280235988201,0.407301360057266,0.446549391069012,0.468098958333333,0.348714069591528,0,0.424283765347885,0.442214532871972,0.42180774748924,0.51685393258427,0.3048683160415,0.391519434628975,0.484203739522888,0.404129793510325,0.305533904910366,0.474021808851828,0.5042071197411,0.364661654135338,0.273023634881826,0.50730282375852
0.408349641226354,0.383448275862069,0.485964912280702,0.447368421052632,0.402200488997555,0.376966645689113,0.44792899408284,0.473255813953488,0.319829424307036,0.209530483531885,0.284692417739628,0.245970567624387,0.382293762575453,0.361316319677636,0.349626612355737,0.338362068965517,0.354300385109114,0.426625386996904,0.466279069767442,0.318057455540356,0.370300751879699,0.382928275044458,0.443293033966609,0.279829545454545,0.409380428488709,0.369949494949495,0.441295546558704,0.224559023066486,0.441705529646902,0.338742393509128,0.289564616447823,0.289700996677741,0.317119393556538,0.39654067905189,0.455882352941176,0.337508698677801,0.4,0.490285714285714,0.348321342925659,0.376111817026684,0.361631016042781,0.523522316043426,0.40679012345679,0.34041184041184,0.387096774193548,0.368484848484848,0.389830508474576,0.429708222811671,0.417347580138278,0.402431222008957,0.400613496932515,0.31879914224446,0.327598072952512,0.3991088478676,0.359060402684564,0.3657876943881,0.343579234972678,0.372705018359853,0.384520123839009,0.415024630541872,0.413300186451212,0.239770279971285,0.446635730858469,0.373860182370821,0.327455919395466,0.4098750743605,0.459171597633136,0.312285518188058,0.336039975015615,0.438228438228438,0.43768115942029,0.389059618930547,0.354619565217391,0.399489470325463,0.405833861762841,0.37394451145959,0.454920447849146,0.395032525133057,0.486111111111111,0.394270122783083,0.386436340371081,0.403206650831354,0.317718940936864,0.39525462962963,0.351877607788595,0.362908605737158,0.241569167240193,0.373531230674088,0.233044733044733,0.301128349788434,0.316620879120879,0.330665024630542,0.298220640569395,0.438364055299539,0.420506912442396,0.301369863013699,0.406800242865817,0.29572529782761,0.306484641638225,0.246048109965636,0.377487562189055,0.334016393442623,0.424283765347885,0,0.380490956072351,0.322404371584699,0.433333333333333,0.349514563106796,0.127218934911243,0.450059453032105,0.284904323175053,0.38,0.369430693069307,0.412492269635127,0.291637385804638,0.314407381121363,0.611024844720497
0.372522214627478,0.463349024882313,0.268309377138946,0.288614938361131,0.337670787247886,0.338826631509558,0.358514724711908,0.322222222222222,0.453020134228188,0.454489164086687,0.305072463768116,0.430314707771355,0.477022653721683,0.504396984924623,0.331926863572433,0.50728476821192,0.288934426229508,0.304644808743169,0.31767775603392,0.360655737704918,0.353626943005181,0.378493317132442,0.36627547869055,0.328854314002829,0.362971985383678,0.334653465346535,0.298256939961265,0.391194968553459,0.407821229050279,0.414021164021164,0.249275362318841,0.49220623501199,0.359571788413098,0.377158034528553,0.35828534868842,0.418194161575017,0.346461949265688,0.319453480806766,0.386594853381209,0.39110824742268,0.424242424242424,0.262545454545455,0.32313829787234,0.299595141700405,0.464477211796247,0.347143753923415,0.482306684141546,0.46578073089701,0.337390128465179,0.391820580474934,0.254794520547945,0.316446402349486,0.380464480874317,0.217706821480406,0.49653434152489,0.485549132947977,0.465629053177691,0.291721419185282,0.268839103869654,0.333333333333333,0.295283663704716,0.400401069518717,0.403048780487805,0.342205323193916,0.385954008701057,0.40609756097561,0.362290862290862,0.3640081799591,0.388991960420532,0.370024875621891,0.321019108280255,0.415584415584416,0.477448453608248,0.256939501779359,0.386990801576873,0.38022113022113,0.325930764206401,0.388956310679612,0.325474787164375,0.333333333333333,0.172848664688427,0.411835748792271,0.40118968935889,0.415645067133684,0.397364771151179,0.562424969987995,0.463054187192118,0.340219496449322,0.469910371318822,0.310567936736161,0.354883081155433,0.379963347587049,0.321094312455004,0.407207207207207,0.377871825876663,0.476959904248953,0.389830508474576,0.218468468468468,0.352380952380952,0.469613259668508,0.352713178294574,0.536285362853628,0.442214532871972,0.380490956072351,0,0.334259902710215,0.301650165016502,0.512179487179487,0.362251655629139,0.189054726368159,0.254988913525499,0.499367088607595,0.368587713742875,0.289222373806276,0.322489391796322,0.441453566621803,0.587755102040816
0.476128188358404,0.407697790449038,0.40987812700449,0.365888181174805,0.498800959232614,0.269796776454099,0.501490757304711,0.36729396495782,0.475997295469912,0.302083333333333,0.253435114503817,0.212845407020164,0.410220994475138,0.315256688358641,0.308309037900875,0.475432525951557,0.447817836812144,0.249820014398848,0.35630689206762,0.143083003952569,0.470841006752609,0.40657334144857,0.433574879227053,0.294985250737463,0.41144578313253,0.272536687631027,0.452095808383234,0.373134328358209,0.455301455301455,0.424832214765101,0.175154320987654,0.416452442159383,0.289350301406564,0.481598984771574,0.494913225613405,0.485714285714286,0.499690785405071,0.387261146496815,0.441367118444313,0.379058979456594,0.206130268199234,0.396433470507545,0.48960880195599,0.455909943714822,0.389647735442128,0.506651243493349,0.400423728813559,0.400849858356941,0.505276225946617,0.497797356828194,0.360472751149048,0.238805970149254,0.144,0.449387491940683,0.316510454217736,0.47117296222664,0.387883008356546,0.461677730838865,0.263377345378735,0.498476538695917,0.247489239598278,0.460223537146614,0.534246575342466,0.48314606741573,0.315023163467902,0.460660660660661,0.503001200480192,0.276595744680851,0.33289817232376,0.502331002331002,0.474926253687316,0.451911220715166,0.266866566716642,0.434725848563969,0.502180685358255,0.416411512553582,0.48947684906795,0.429433051869723,0.387387387387387,0.307692307692308,0.456813819577735,0.557606263982103,0.154325798908807,0.462471131639723,0.452054794520548,0.474951203643461,0.292597765363128,0.299595141700405,0.428091397849462,0.234254992319508,0.0652892561983471,0.410146699266504,0.293941660433807,0.53876404494382,0.426778242677824,0.383668178872327,0.515938606847698,0.151273885350318,0.106230031948882,0.301808066759388,0.310344827586207,0.377003484320558,0.42180774748924,0.322404371584699,0.334259902710215,0,0.362337662337662,0.461016949152542,0.330806340454859,0.377517868745939,0.19672131147541,0.499353169469599,0.365695792880259,0.243745532523231,0.257507507507508,0.478844862323707,0.56984667802385
0.404837683004456,0.522378908645003,0.233532934131737,0.334450402144772,0.429073856975381,0.319567979669632,0.300252844500632,0.16120218579235,0.539663461538462,0.447274881516588,0.382140512147078,0.433536585365854,0.474137931034483,0.493990384615385,0.404472843450479,0.526022304832714,0.385512584407612,0.279207920792079,0.146675805346127,0.370967741935484,0.3215859030837,0.241661422278162,0.273067331670823,0.431273644388398,0.200255918106206,0.324050632911392,0.261335012594458,0.417109144542773,0.500623441396509,0.510625737898465,0.366966580976864,0.4387936132466,0.347457627118644,0.414197530864198,0.328571428571429,0.60827664399093,0.426844014510278,0.243839169909209,0.259716224552745,0.287393860222077,0.41198738170347,0.33289124668435,0.40829825616356,0.38621110433191,0.474747474747475,0.411290322580645,0.470551378446115,0.43573264781491,0.413750767341928,0.409062693978895,0.340782122905028,0.401850627891606,0.372881355932203,0.430048661800487,0.488260084286574,0.543695014662757,0.499397590361446,0.387573964497041,0.240131578947368,0.400969109630527,0.283748361730013,0.519694297472075,0.34996993385448,0.405468295520652,0.348300970873786,0.141791044776119,0.333333333333333,0.37620578778135,0.345454545454546,0.34777376654633,0.273295809881176,0.415683962264151,0.489374620522162,0.393258426966292,0.432563791008505,0.381956649091974,0.272493573264781,0.213367609254499,0.244764397905759,0.422425032594524,0.420988407565589,0.275969962453066,0.4,0.230049875311721,0.568742655699177,0.490113840623128,0.430538922155689,0.326505276225947,0.51797289334119,0.365257595772787,0.36664503569111,0.362617924528302,0.439008894536214,0.330126277811185,0.18252427184466,0.444055944055944,0.434225844004657,0.352242744063325,0.372523961661342,0.440738534842168,0.339540657976412,0.505369928400955,0.51685393258427,0.433333333333333,0.301650165016502,0.362337662337662,0,0.522054380664653,0.433996383363472,0.133379888268156,0.351458885941645,0.557225433526012,0.338868388683887,0.276832460732984,0.375406636304489,0.5513353115727,0.626943005181347
0.446588559614059,0.194142259414226,0.590615835777126,0.514304723885562,0.442591404746632,0.482561826252378,0.520340012143291,0.545887961859356,0.216216216216216,0.329337094499295,0.500338983050847,0.422736555479918,0.296863045141546,0.361918604651163,0.500334001336005,0.129287598944591,0.47172236503856,0.516068052930057,0.53960690887433,0.481629926519706,0.466666666666667,0.462189957652753,0.528345996493279,0.493261455525606,0.481920569057499,0.462130937098845,0.506547619047619,0.348505434782609,0.372637944066516,0.379014989293362,0.443915703602991,0.349689011748445,0.444444444444444,0.446009389671362,0.536014405762305,0.304080061585835,0.433333333333333,0.596571428571429,0.427784577723378,0.435643564356436,0.434692467173462,0.519633507853403,0.452842377260982,0.447112264763141,0.343032159264931,0.398722044728434,0.325172149961744,0.371641791044776,0.445333333333333,0.446908602150538,0.544197233914612,0.478932584269663,0.473469387755102,0.508962868117798,0.361856417693981,0.254303599374022,0.315274642588412,0.409646302250804,0.491282689912827,0.452365521710953,0.52431421446384,0.377952755905512,0.464571780653112,0.425679949399114,0.434727503168568,0.49546279491833,0.537205081669691,0.409377186843947,0.435606060606061,0.510155316606929,0.481234866828087,0.435089974293059,0.32383808095952,0.5,0.416326530612245,0.412397216951297,0.528985507246377,0.497027348394768,0.594563331405437,0.486033519553073,0.492903225806452,0.455891425046268,0.431211498973306,0.471943295924395,0.313513513513514,0.225352112676056,0.347977684797768,0.486687306501548,0.234789391575663,0.470061940812113,0.469594594594595,0.403919089759798,0.511141120864281,0.479831426851294,0.482185273159145,0.348360655737705,0.424046541693601,0.458476321207962,0.472037283621838,0.343137254901961,0.483729662077597,0.232941176470588,0.3048683160415,0.349514563106796,0.512179487179487,0.461016949152542,0.522054380664653,0,0.419137466307278,0.546818727490996,0.464604810996564,0.261812548412084,0.471285892634207,0.526608910891089,0.420126671358198,0.243178170144462,0.542727272727273
0.417105263157895,0.441295546558704,0.47644603458557,0.455310880829016,0.385481852315394,0.387198986058302,0.429957550030321,0.481546572934974,0.333333333333333,0.248088950660181,0.274452554744526,0.285416666666667,0.38560760353021,0.371022342586324,0.326117318435754,0.367478510028653,0.379244074311339,0.438978829389788,0.476301930953774,0.327586206896552,0.404599129894344,0.39833531510107,0.460207612456747,0.297933000712758,0.420838183934808,0.379134860050891,0.434705882352941,0.227179135209334,0.410344827586207,0.338134430727023,0.287017543859649,0.307794803464357,0.342785129174543,0.383104125736739,0.435386473429952,0.351994401679496,0.385806451612903,0.483720930232558,0.40597539543058,0.391581632653061,0.349043715846995,0.475047378395452,0.404135338345865,0.378980891719745,0.381551362683438,0.393957703927492,0.400956284153005,0.398078242964997,0.390149060272197,0.394393741851369,0.383793969849246,0.335965541995693,0.337265787647467,0.377370830608241,0.367637102234259,0.396366083445491,0.380081300813008,0.383620689655172,0.372313527180784,0.406524466750314,0.422667501565435,0.227272727272727,0.451083772700644,0.388651616839536,0.355081555834379,0.424477611940298,0.449004224502112,0.286219081272085,0.36544437538844,0.43801652892562,0.439296187683284,0.422560975609756,0.373297002724796,0.384062704114958,0.392741412832145,0.38861985472155,0.434361766485178,0.420742486741308,0.484741784037559,0.349928876244666,0.362080315997367,0.414925373134328,0.319119669876204,0.418591224018476,0.366433566433566,0.398411647915288,0.276828434723172,0.391573729863693,0.246187363834423,0.303571428571429,0.329647546648238,0.390258568851473,0.285818181818182,0.443604651162791,0.428322692977365,0.341935483870968,0.409090909090909,0.295664534470505,0.317056396148556,0.280054644808743,0.397635345364032,0.363945578231293,0.391519434628975,0.127218934911243,0.362251655629139,0.330806340454859,0.433996383363472,0.419137466307278,0,0.434914841849148,0.292054402290623,0.393024815560027,0.369278996865204,0.418851435705368,0.282951289398281,0.321863799283154,0.600478468899522
0.380548302872063,0.502824858757062,0.16340782122905,0.333333333333333,0.385036496350365,0.390663390663391,0.219251336898396,0.230258792302588,0.514515132798024,0.500288850375506,0.38797091870456,0.478468899521531,0.516031457955233,0.540588235294118,0.379016393442623,0.54421768707483,0.347081218274112,0.343810134701732,0.221115537848606,0.396407953816549,0.277705345501956,0.306422018348624,0.274670018856065,0.408914728682171,0.261845386533666,0.389809699201964,0.179640718562874,0.428149024246008,0.441388343156516,0.460874922982132,0.377820760799484,0.504004576659039,0.402244536326048,0.361880231809401,0.251803278688525,0.532608695652174,0.389375,0.227873183619551,0.302367941712204,0.353202282815472,0.457920792079208,0.319378798109386,0.363295880149813,0.348045397225725,0.519504643962848,0.390459363957597,0.524129505192425,0.490601503759399,0.37420584498094,0.370988446726572,0.31659249841068,0.382014874915483,0.416025641025641,0.341336794289422,0.535061873895109,0.498472816127062,0.533016061867936,0.345588235294118,0.31532104259377,0.358443188951664,0.341432225063939,0.469613259668508,0.317450495049505,0.371702637889688,0.42096018735363,0.256904303147078,0.27124183006536,0.418722327640734,0.420899007589025,0.273477157360406,0.22568093385214,0.437793427230047,0.518050541516245,0.338331160365059,0.396107972379159,0.404081632653061,0.160911602209945,0.295173267326733,0.232202262142382,0.385030343897505,0.325930764206401,0.264462809917355,0.434431323803605,0.311937612477505,0.495945102932003,0.571837435603892,0.490697674418605,0.37629179331307,0.529238038984052,0.39554682383759,0.391220142027114,0.401858304297329,0.403151674326986,0.300185299567634,0.269278606965174,0.510698198198198,0.413690476190476,0.367656765676568,0.40379746835443,0.501156069364162,0.392965433596119,0.563983786913723,0.484203739522888,0.450059453032105,0.189054726368159,0.377517868745939,0.133379888268156,0.546818727490996,0.434914841849148,0,0.37664907651715,0.517696460707858,0.406194163192376,0.330345710627401,0.411311053984576,0.510480887792848,0.619909502262443
0.466577540106952,0.410701373825018,0.384259259259259,0.357658959537572,0.473716759431045,0.344897959183673,0.481299816063765,0.341137123745819,0.4369274136716,0.348869088416724,0.14037985136251,0.300648882480173,0.356780275562001,0.385643912737509,0.236882716049383,0.469632768361582,0.427828348504551,0.313380281690141,0.325268817204301,0.19296875,0.463704630788486,0.387257963772642,0.451573849878935,0.220484753713839,0.397412199630314,0.360699865410498,0.443833943833944,0.330405405405405,0.415462427745665,0.408402203856749,0.124798711755234,0.403681788297173,0.359609120521173,0.455439056356488,0.493009118541033,0.390961262553802,0.456072351421189,0.382372002592353,0.45712596096984,0.356070941336971,0.301400147383935,0.356887937187723,0.45494923857868,0.4373795761079,0.323954372623574,0.487225193107546,0.352549889135255,0.351632047477745,0.473616473616474,0.470396877033182,0.305096418732782,0.164725457570715,0.198738170347003,0.366206896551724,0.380985915492958,0.473790322580645,0.348550724637681,0.437189054726368,0.34364492266308,0.461343472750317,0.308503162333099,0.394150417827298,0.532173913043478,0.477423239012643,0.410386320455985,0.435294117647059,0.492949110974862,0.226226993865031,0.424280350438048,0.492563950029744,0.458887545344619,0.484384568279241,0.364942528735632,0.396469789545146,0.467313915857605,0.447015834348356,0.473489519112207,0.422604422604423,0.383507853403141,0.24203821656051,0.371487320082248,0.533448673587082,0.266171003717472,0.452885747938751,0.386066763425254,0.47556142668428,0.357873210633947,0.380704041720991,0.408431237042156,0.120431893687708,0.14859437751004,0.444511825348696,0.226698262243286,0.534285714285714,0.419963481436397,0.374338624338624,0.515278609946075,0.0741364785172704,0.168627450980392,0.366598778004073,0.390196078431373,0.451721809588116,0.404129793510325,0.284904323175053,0.254988913525499,0.19672131147541,0.351458885941645,0.464604810996564,0.292054402290623,0.37664907651715,0,0.497368421052632,0.422686945500634,0.310537334263782,0.161705551086082,0.437981779957954,0.554969217238347
0.470119521912351,0.306748466257669,0.571345369831101,0.541214057507987,0.422660725652451,0.527426160337553,0.49546279491833,0.60347728547392,0.201775625504439,0.413770491803279,0.501986754966887,0.455968688845401,0.315321983715766,0.395543175487465,0.484147952443857,0.25,0.425421530479896,0.590269636576788,0.599104143337066,0.513755598208573,0.434920634920635,0.477980035231944,0.56536312849162,0.481063122923588,0.508,0.520266182698125,0.473150357995227,0.37843137254902,0.327258921791951,0.384829505915101,0.472240365774004,0.317460317460317,0.500593119810202,0.429329794293298,0.514029850746269,0.285388127853881,0.450613298902518,0.591343451377178,0.497418244406196,0.476070528967254,0.478975032851511,0.54040404040404,0.462264150943396,0.416720674011666,0.370860927152318,0.363636363636364,0.366885485047411,0.395398993529835,0.469151670951157,0.434350132625995,0.536137440758294,0.473829201101928,0.517129928894635,0.51219512195122,0.393180236604036,0.117986798679868,0.349675558759914,0.382692307692308,0.531472684085511,0.466666666666667,0.606916426512968,0.375876577840112,0.484197972570066,0.33943754087639,0.491017964071856,0.527568195008706,0.512356841470766,0.439892545332438,0.497027348394768,0.475733972438586,0.464907018596281,0.414167198468411,0.367142857142857,0.507237256135935,0.438608010505581,0.388923851478918,0.514046622833234,0.502903600464576,0.589306029579067,0.46398891966759,0.495586380832282,0.450849514563107,0.471279373368146,0.49486301369863,0.298552932216299,0.173364854215918,0.429220779220779,0.555040556199305,0.298013245033113,0.50065963060686,0.508376288659794,0.386591478696742,0.488605898123324,0.470902612826603,0.508299942759015,0.360132890365448,0.366382140512147,0.490466798159106,0.502554278416347,0.440284054228535,0.575460829493088,0.307861866274798,0.305533904910366,0.38,0.499367088607595,0.499353169469599,0.557225433526012,0.261812548412084,0.393024815560027,0.517696460707858,0.497368421052632,0,0.511614055985706,0.591541135573581,0.458697112155809,0.167757774140753,0.561357702349869
0.414032869785082,0.473750790638836,0.411237298266587,0.366382140512147,0.371966019417476,0.205962059620596,0.393794749403341,0.365676167374166,0.48975791433892,0.299416720674012,0.427660930528999,0.315651604453176,0.439622641509434,0.357984293193717,0.420720151610866,0.480867346938775,0.365611421477343,0.250670241286863,0.359393939393939,0.340118187787262,0.414489311163896,0.336109458655562,0.314285714285714,0.432347388294525,0.33175355450237,0.201492537313433,0.394889663182346,0.335811648079306,0.506203473945409,0.464437689969605,0.416925948973242,0.321904761904762,0.184053156146179,0.413325107958051,0.39833531510107,0.541246290801187,0.364720652856246,0.376646706586826,0.323040380047506,0.34070796460177,0.304172274562584,0.362394274560833,0.392965433596119,0.38438071995119,0.441365979381443,0.31131498470948,0.431322207958922,0.423673997412678,0.366792929292929,0.403235843186061,0.338919925512104,0.458943348185869,0.343936381709742,0.36144578313253,0.350393700787402,0.542790152403283,0.471813725490196,0.327406499080319,0.136395267919276,0.391357273280584,0.246153846153846,0.457160342717258,0.401977894124491,0.326829268292683,0.172367538564722,0.235521235521236,0.393629807692308,0.366925064599483,0.15959595959596,0.424641833810888,0.374117647058824,0.338480543545398,0.37083060824068,0.33741935483871,0.402597402597403,0.297413793103448,0.383783783783784,0.375364856976065,0.38544798556825,0.44977607165707,0.344408945686901,0.320341047503045,0.294038847957133,0.303283582089552,0.527173913043478,0.462522851919561,0.273684210526316,0.163945578231293,0.448552064078866,0.408477842003854,0.354016982364468,0.292383292383292,0.44007609384908,0.430265386787126,0.342570754716981,0.357098955132145,0.382582582582583,0.434918648310388,0.345230369889682,0.279054497701904,0.168262653898769,0.37879767291532,0.474021808851828,0.369430693069307,0.368587713742875,0.365695792880259,0.338868388683887,0.471285892634207,0.369278996865204,0.406194163192376,0.422686945500634,0.511614055985706,0,0.242666666666667,0.362802881466929,0.496924969249693,0.630803242446573
0.433247753530167,0.495830660679923,0.298291721419185,0.243831640058055,0.404514948139109,0.176678445229682,0.420228777844672,0.228590694538098,0.565797453001819,0.37093690248566,0.332870048644892,0.318334452652787,0.476641414141414,0.370493991989319,0.348947725729803,0.541902961562697,0.35048231511254,0.0521072796934866,0.226478494623656,0.197802197802198,0.412446613788896,0.356024096385542,0.323000619962802,0.35840108401084,0.330498177399757,0.205003474635163,0.384661473936489,0.415254237288136,0.4765625,0.484586929716399,0.327027027027027,0.441283292978208,0.232758620689655,0.456226880394575,0.419024683925346,0.526510480887793,0.423244251087632,0.275929549902153,0.350688210652304,0.357739242132306,0.293667362560891,0.248211731044349,0.412054120541205,0.383458646616541,0.440981432360743,0.401780415430267,0.436842105263158,0.422769640479361,0.409722222222222,0.458024691358025,0.249664429530201,0.340620592383639,0.197924388435878,0.353403141361257,0.366065464261857,0.563279857397504,0.464556962025316,0.376068376068376,0.170988086895585,0.419275629220381,0.042911877394636,0.524067388688327,0.440628637951106,0.394721055788842,0.22630173564753,0.343246592317224,0.423123486682809,0.362183754993342,0.229235880398671,0.444895591647332,0.380780780780781,0.359198998748436,0.393236074270557,0.35042735042735,0.46177370030581,0.336212214682295,0.412227602905569,0.354545454545455,0.283934426229508,0.370242214532872,0.37853470437018,0.423212192262603,0.286800276434001,0.36245572609209,0.506926952141058,0.535202863961814,0.339181286549708,0.136685552407932,0.514251061249242,0.307584269662921,0.22575976845152,0.318660880347179,0.362765229295003,0.445845272206304,0.337575757575758,0.429776974080772,0.431899641577061,0.327835051546392,0.22078853046595,0.348641655886158,0.158080451658433,0.428847392144237,0.5042071197411,0.412492269635127,0.289222373806276,0.243745532523231,0.276832460732984,0.526608910891089,0.418851435705368,0.330345710627401,0.310537334263782,0.591541135573581,0.242666666666667,0,0.356756756756757,0.574685062987403,0.607003891050584
0.465379494007989,0.385233918128655,0.435946462715105,0.403913347309574,0.447714464621165,0.353099730458221,0.46134817563389,0.383517196625568,0.404438081603436,0.295774647887324,0.230648944487881,0.306151645207439,0.334308705193855,0.395963813500348,0.280149812734082,0.422881969587256,0.458756345177665,0.355434039644566,0.376783398184176,0.263079222720478,0.484326982175784,0.365069356872636,0.430665852168601,0.289454001495886,0.341587301587302,0.305401662049861,0.391959798994975,0.287094547964113,0.421203438395416,0.398620689655172,0.181818181818182,0.345318860244233,0.34597776324395,0.433862433862434,0.465804066543438,0.394586894586895,0.422470433639947,0.430181590482154,0.438617401668653,0.312891986062718,0.238783269961977,0.380252100840336,0.438058748403576,0.463859208045255,0.321969696969697,0.453115547489413,0.345642540620384,0.345925925925926,0.44044502617801,0.445029624753127,0.339825386165212,0.273364485981308,0.266616314199396,0.36986301369863,0.386871508379888,0.444444444444444,0.347763347763348,0.395422759059123,0.335127860026918,0.436538461538462,0.353982300884956,0.374035087719298,0.504997060552616,0.43980343980344,0.390166028097063,0.395701643489254,0.474042027194067,0.115166261151663,0.400379506641366,0.501177856301531,0.405977584059776,0.461633663366337,0.346348517715112,0.389002036659878,0.433838051349572,0.418159357628166,0.457196029776675,0.428397318708105,0.428752374920836,0.289128758673863,0.376190476190476,0.477042337507454,0.141950832672482,0.43905325443787,0.393242271746945,0.421375085091899,0.317107093184979,0.350958360872439,0.375,0.203791469194313,0.257336343115124,0.423500611995104,0.293494704992436,0.559284116331096,0.362437185929648,0.337373737373737,0.488767455980571,0.171178343949045,0.258351893095768,0.315679442508711,0.350666666666667,0.405536332179931,0.364661654135338,0.291637385804638,0.322489391796322,0.257507507507508,0.375406636304489,0.420126671358198,0.282951289398281,0.411311053984576,0.161705551086082,0.458697112155809,0.362802881466929,0.356756756756757,0,0.406827880512091,0.565481352992194
0.457475994513032,0.289912629070691,0.551057401812689,0.530343007915567,0.428664072632944,0.50936329588015,0.497838171710933,0.585124927367809,0.0632798573975045,0.381930184804928,0.438075017692852,0.428280081577158,0.301987767584098,0.375,0.440111420612813,0.20625528317836,0.436758893280632,0.572296476306197,0.580626450116009,0.491017964071856,0.452151573538857,0.508524397413286,0.551585014409222,0.416607523066004,0.530189764232317,0.50187969924812,0.499700419412822,0.325741890959282,0.293884034948372,0.36978417266187,0.417186417186417,0.399597044996642,0.485609308022045,0.434664861205146,0.507664009809933,0.198360655737705,0.42828418230563,0.573341094295693,0.475624256837099,0.483974358974359,0.467796610169492,0.522905759162304,0.445022771633051,0.418543046357616,0.331530139103555,0.411054637865311,0.350453172205438,0.369288389513109,0.446595460614152,0.442943956785955,0.48811013767209,0.43519188993483,0.495295698924731,0.456839309428951,0.374909877433309,0.222044728434505,0.311413454270597,0.40979381443299,0.517473942366646,0.449577098243331,0.594047619047619,0.298720842738901,0.478899082568807,0.432807570977918,0.476514215080346,0.520858164481526,0.507730364873222,0.400564174894217,0.483752299202943,0.504206730769231,0.481503941782899,0.488805970149254,0.335074626865672,0.425951086956522,0.427217332430603,0.46319018404908,0.506756756756757,0.530576587070472,0.57100766057749,0.44164265129683,0.437667560321716,0.441671865252651,0.455773126266036,0.520343839541547,0.222675367047308,0.285606060606061,0.403781228899392,0.536892621475705,0.219242902208202,0.3997113997114,0.488294314381271,0.462477120195241,0.429693076374019,0.497316636851521,0.533908045977011,0.409360580092287,0.47747183979975,0.429572529782761,0.47941567065073,0.419678714859438,0.561570493753718,0.278713629402757,0.273023634881826,0.314407381121363,0.441453566621803,0.478844862323707,0.5513353115727,0.243178170144462,0.321863799283154,0.510480887792848,0.437981779957954,0.167757774140753,0.496924969249693,0.574685062987403,0.406827880512091,0,0.539305301645338
0.565142364106989,0.527255639097744,0.612557427258805,0.55584872471416,0.619834710743802,0.613846153846154,0.625465376023827,0.624255952380952,0.535977859778598,0.605490196078431,0.548791405550582,0.589869281045752,0.553097345132743,0.565142364106989,0.561739130434783,0.514506769825919,0.608255451713396,0.598888006354249,0.628592483419307,0.569727891156463,0.620272314674735,0.652624309392265,0.644866385372714,0.558282208588957,0.658038147138965,0.61579754601227,0.64452296819788,0.625840179238238,0.523629489603025,0.568994889267462,0.577889447236181,0.612355212355212,0.637545126353791,0.587561374795417,0.626022304832714,0.543812104787715,0.597288676236045,0.62766740250184,0.660798916723087,0.607981220657277,0.571672354948806,0.565665236051502,0.611239414934565,0.612779060816012,0.527153558052434,0.640880056777857,0.537968892955169,0.539026629935721,0.594834543987086,0.586688578471652,0.619909502262443,0.530783582089552,0.558849171752398,0.592712550607287,0.56701030927835,0.555066079295154,0.559440559440559,0.634252539912917,0.622556390977444,0.609133126934985,0.60377358490566,0.572037510656436,0.638252148997135,0.641374373657838,0.633454545454545,0.638908829863604,0.620090634441088,0.570943075615973,0.635574837310195,0.638769670958512,0.642604387827318,0.623880597014925,0.555750658472344,0.589242053789731,0.592382495948136,0.645730416372618,0.626209977661951,0.649232914923291,0.623502994011976,0.527544351073763,0.595008051529791,0.643971631205674,0.5825,0.66130114017438,0.535845588235294,0.570332480818414,0.605490196078431,0.627407407407407,0.569717707442258,0.554472984942427,0.568006843455945,0.650383810188416,0.54463480613165,0.645658263305322,0.655950752393981,0.616956850870553,0.625744047619048,0.559617058311575,0.57762938230384,0.602362204724409,0.620481927710843,0.562283737024221,0.50730282375852,0.611024844720497,0.587755102040816,0.56984667802385,0.626943005181347,0.542727272727273,0.600478468899522,0.619909502262443,0.554969217238347,0.561357702349869,0.630803242446573,0.607003891050584,0.565481352992194,0.539305301645338,0
