ID,Description,GeneRatio,BgRatio,RichFactor,FoldEnrichment,zScore,pvalue,p.adjust,qvalue,geneID,Count
GO:0007264,small GTPase-mediated signal transduction,48/456,491/18986,0.09775967413441955,4.070318362096688,10.813019857900755,1.207897638488004e-16,4.929430262669544e-13,3.932660416677259e-13,AKAP13/GNA13/CDC42SE1/GIT2/RASGRP4/SOS1/RAPGEF1/ADRA2A/NGEF/SYNPO2L/RRAS/RTN4R/ARRB1/ARHGAP28/TIAM2/ARHGEF1/ARHGAP33/IGF1/DOCK4/RAB4B/CCDC88A/CTNNAL1/OBSCN/USP8/KALRN/DOK2/RASL10A/ARHGEF11/SRGAP2/TAGAP/GIT1/ARHGAP32/RHOJ/RALGAPB/RIT1/ABL2/ARHGAP31/ARHGAP24/RHOQ/RASGRF2/RND2/RAB12/ARHGAP15/RAPGEF2/CDC42SE2/ARHGAP20/GRAP2/FGD4,48
GO:0051056,regulation of small GTPase mediated signal transduction,29/456,300/18986,0.09666666666666666,4.024809941520468,8.284199695088427,2.15516131186906e-10,4.397606656868817e-07,3.50837575663737e-07,AKAP13/GNA13/CDC42SE1/GIT2/SOS1/NGEF/SYNPO2L/RTN4R/ARRB1/ARHGAP28/TIAM2/ARHGEF1/IGF1/OBSCN/KALRN/ARHGEF11/SRGAP2/TAGAP/GIT1/ARHGAP32/RALGAPB/ABL2/ARHGAP31/ARHGAP24/RASGRF2/ARHGAP15/CDC42SE2/ARHGAP20/FGD4,29
GO:0030100,regulation of endocytosis,26/456,307/18986,0.08469055374592833,3.526172924167095,7.000119679329659,2.9675686204898752e-08,4.036882513406393e-05,3.22059289234217e-05,PTPN1/SYT7/SH3GL3/FCGR1A/CLU/IL15/ARRB1/CBLB/VAC14/SMAP1/GSG1L/RAB4B/SIRPB1/SCAMP5/ATAD1/ABL2/BMP2K/PTPRC/APLN/ARRB2/ABCA13/APPL1/CD47/PPP3CB/FCN2/STX1B,26
GO:0045785,positive regulation of cell adhesion,34/456,499/18986,0.06813627254509018,2.8369194529409696,6.5231471869088535,5.2801194185642576e-08,5.3870418367901836e-05,4.2977393056892764e-05,EMP2/MYO10/SFRP2/IL15/HLA-DPA1/ICOSLG/RRAS/FRMD5/HLA-A/CYLD/RSU1/ITGB2/SLAMF1/MAGI1/IGF1/PRKCE/CD55/STK4/CD28/ITGA4/SIRPB1/ATM/SMAD3/PIK3R2/ABL2/PTPRC/TNFSF13B/HLA-DRB4/SHB/IL6ST/CD47/EMILIN1/CD274/IL7R,34
GO:0002768,immune response-regulating cell surface receptor signaling pathway,28/456,369/18986,0.07588075880758807,3.1593686112299717,6.571055423455211,9.075552890877137e-08,5.745761488398143e-05,4.5839230022609154e-05,BTLA/SOS1/FCGR1A/PTPN2/MAPK10/LCP2/PDE4D/ICOSLG/HLA-A/FPR3/CYLD/CBLB/PRKCB/PRKCE/CD28/PIK3AP1/BTN3A2/BCAR1/BTRC/PTPRC/SHB/APPL1/FER/CD47/TLR5/MAPK1/FCN2/WNK1,28
GO:0008286,insulin receptor signaling pathway,16/456,130/18986,0.12307692307692308,5.124426450742241,7.402194070262673,9.326400935697498e-08,5.745761488398143e-05,4.5839230022609154e-05,PTPN1/SOS1/PTPN2/SORL1/PRKCB/GKAP1/BCAR1/STXBP4/PIK3R2/RHOQ/GAB1/EIF4EBP2/APPL1/FER/IGF1R/MAPK1,16
GO:0070588,calcium ion transmembrane transport,27/456,348/18986,0.07758620689655173,3.230376588021779,6.587462840440614,9.855508556429061e-08,5.745761488398143e-05,4.5839230022609154e-05,GRIN2A/JPH4/ADRA2A/PDE4D/CACNA1E/TRPM1/CACNG4/PRKCE/ATP2B2/CACNA1A/SLC8A1/XCR1/ITPR2/JPH3/SESTD1/TRPC5/TMCO1/PTPRC/TRPV4/KCNJ8/PLCB3/UBASH3B/CACNA2D3/PPP3CB/ATP2A1/ATP2B1/AKAP5,27
GO:0070371,ERK1 and ERK2 cascade,25/456,319/18986,0.07836990595611286,3.2630066545674534,6.394313444321028,2.4417371354445845e-07,0.00011377003228626753,9.076483056563161e-05,PTPN1/PTPN2/FAM83D/RRAS/ARRB1/AKAP12/SLAMF1/SPRED2/FRS2/PDGFC/IGF1/PSCA/WNK4/MAP2K1/CNKSR3/CXCL17/PTPRC/TRPV4/PDE8B/NOD1/INHBA/ARRB2/RAPGEF2/EMILIN1/MAPK1,25
GO:0060828,regulation of canonical Wnt signaling pathway,23/456,276/18986,0.08333333333333333,3.469663742690058,6.483439842980924,2.5090181097192055e-07,0.00011377003228626753,9.076483056563161e-05,SFRP2/TLE3/INVS/TMEM64/CCNY/FGF9/CYLD/RBMS3/SHISA6/STK4/USP8/SEMA5A/TMEM170B/BTRC/SMAD3/BICC1/RSPO2/CTNND1/LZTS2/SNAI2/SCEL/GPRC5B/WNK1,23
GO:1903522,regulation of blood circulation,22/456,267/18986,0.08239700374531835,3.4306787568171364,6.274684393471116,5.552354676388287e-07,0.00021400134012852513,0.00017072857401243975,PTPN1/BDKRB2/ADRA2A/PDE4D/GJA5/RNF207/ATP2B2/SLC8A1/DOCK4/ITGA4/PDE5A/ATP1A1/SPTBN4/ADORA3/KCNJ8/SCN4B/APLN/MYL3/HRH1/ATP2A1/ATP2B1/RANGRF,22
GO:0002028,regulation of sodium ion transport,12/456,82/18986,0.14634146341463414,6.093068035943517,7.250359850445319,5.768230192143534e-07,0.00021400134012852513,0.00017072857401243975,FGF14/PRKCE/FGF12/WNK4/SLMAP/CNKSR3/ATP1A1/NKAIN4/SPTBN4/SCN4B/WNK1/RANGRF,12
GO:0070372,regulation of ERK1 and ERK2 cascade,23/456,296/18986,0.0777027027027027,3.2352270033191086,6.080129826398414,8.600629418807441e-07,0.00028380292223231075,0.00022641572330428232,PTPN1/PTPN2/FAM83D/RRAS/ARRB1/AKAP12/SLAMF1/SPRED2/FRS2/PDGFC/IGF1/PSCA/MAP2K1/CNKSR3/CXCL17/PTPRC/TRPV4/PDE8B/NOD1/INHBA/ARRB2/RAPGEF2/EMILIN1,23
GO:0034762,regulation of transmembrane transport,31/456,487/18986,0.06365503080082136,2.6503386289131456,5.787798887550721,9.040524354374026e-07,0.00028380292223231075,0.00022641572330428232,GRIN2A/KCNJ16/JPH4/ADRA2A/FGF14/PDE4D/PRKCB/CACNG4/IGF1/PRKCE/DPP10/FGF12/GSG1L/SLC8A1/JPH3/SESTD1/WNK4/SLMAP/STXBP4/RHOQ/KCNJ8/SCN4B/UBASH3B/APPL1/ACTN2/PRKAG2/PPP3CB/ATP2A1/AKAP5/WNK1/RANGRF,31
GO:0006816,calcium ion transport,29/456,445/18986,0.0651685393258427,2.7133550167553717,5.73734282913888,1.2787964238129998e-06,0.0003322704064035901,0.0002650826982566977,GRIN2A/JPH4/ADRA2A/PDE4D/CACNA1E/TRPM1/PRKCB/CACNG4/PRKCE/ATP2B2/CACNA1A/SLC8A1/ANXA6/XCR1/ITPR2/JPH3/SESTD1/TRPC5/TMCO1/PTPRC/TRPV4/KCNJ8/PLCB3/UBASH3B/CACNA2D3/PPP3CB/ATP2A1/ATP2B1/AKAP5,29
GO:0030111,regulation of Wnt signaling pathway,25/456,349/18986,0.07163323782234957,2.982518976524405,5.863974543993691,1.2942007811848273e-06,0.0003322704064035901,0.0002650826982566977,SFRP2/TLE3/INVS/TMEM64/CCNY/FGF9/CYLD/RBMS3/CXXC4/SHISA6/STK4/USP8/SEMA5A/NLK/TMEM170B/BTRC/SMAD3/BICC1/RSPO2/CTNND1/LZTS2/SNAI2/SCEL/GPRC5B/WNK1,25
GO:0007266,Rho protein signal transduction,15/456,139/18986,0.1079136690647482,4.493089738735327,6.4840452983511785,1.3027019118984174e-06,0.0003322704064035901,0.0002650826982566977,AKAP13/GNA13/CDC42SE1/ADRA2A/SYNPO2L/RTN4R/ARRB1/ARHGEF1/CTNNAL1/ARHGEF11/TAGAP/RHOJ/ABL2/CDC42SE2/ARHGAP20,15
GO:0060070,canonical Wnt signaling pathway,24/456,332/18986,0.07228915662650602,3.009828788839569,5.795516289317681,1.7992702491540448e-06,0.0004319306992233916,0.0003445908904417004,SFRP2/TLE3/INVS/TMEM64/CCNY/FGF9/CYLD/RBMS3/SHISA6/STK4/USP8/SEMA5A/TMEM170B/BTRC/SMAD3/BICC1/RSPO2/CTNND1/LZTS2/SNAI2/FZD3/SCEL/GPRC5B/WNK1,24
GO:0002429,immune response-activating cell surface receptor signaling pathway,24/456,336/18986,0.07142857142857142,2.973997493734336,5.726995343130208,2.2181766475128487e-06,0.00047644099465789133,0.00038010085156549815,SOS1/PTPN2/LCP2/PDE4D/ICOSLG/HLA-A/FPR3/CYLD/CBLB/PRKCB/PRKCE/CD28/PIK3AP1/BTN3A2/BCAR1/BTRC/PTPRC/SHB/APPL1/CD47/TLR5/MAPK1/FCN2/WNK1,24
GO:0022409,positive regulation of cell-cell adhesion,24/456,336/18986,0.07142857142857142,2.973997493734336,5.726995343130208,2.2181766475128487e-06,0.00047644099465789133,0.00038010085156549815,MYO10/IL15/HLA-DPA1/ICOSLG/HLA-A/CYLD/ITGB2/SLAMF1/MAGI1/IGF1/CD55/CD28/ITGA4/SIRPB1/ABL2/PTPRC/TNFSF13B/HLA-DRB4/SHB/IL6ST/CD47/EMILIN1/CD274/IL7R,24
GO:0007409,axonogenesis,29/456,459/18986,0.06318082788671024,2.6305947330199135,5.54753230060925,2.3703590083344126e-06,0.0004836717556506369,0.0003858694954093862,SOS1/NEXN/SEMA5B/RTN4R/EFNA5/SLITRK1/PLXNA2/TIAM2/LMO4/ITGA4/SEMA5A/KIF5A/SLITRK2/KALRN/MAP2K1/TRPC5/SEMA6D/SPTBN4/BOC/SLC9A6/CYFIP2/RND2/FZD3/IGF1R/NLGN3/EPHA8/CNTN2/PPP3CB/CNTNAP1,29
GO:0070661,leukocyte proliferation,24/456,341/18986,0.07038123167155426,2.9303904923599324,5.642754788185532,2.866805944551307e-06,0.0005420458802670189,0.00043243990963667047,EMP2/SOS1/CLU/IL15/HLA-DPA1/ICOSLG/HLA-A/SLAMF1/CBLB/IGF1/CD55/CD28/PDE5A/PRLR/ATM/PTPRC/TNFSF13B/SHB/IL6ST/AZI2/CD274/MAPK1/IL7R/PPP3CB,24
GO:0016049,cell growth,30/456,490/18986,0.061224489795918366,2.5491407089151448,5.450044027738539,2.996287624350444e-06,0.0005420458802670189,0.00043243990963667047,GDF9/SFRP2/SH3BP4/SEMA5B/RTN4R/EFNA5/RIMS1/SLITRK1/CGRRF1/WFDC1/IGF1/ACVRL1/ITGA4/SEMA5A/BCAR1/MEAF6/ARHGEF11/TRPC5/SMAD3/IL17RB/SEMA6D/SLC9A6/SPAG9/OGFR/CYFIP2/RND2/INHBA/NLGN3/TSPYL2/PPP3CB,30
GO:0050852,T cell receptor signaling pathway,15/456,149/18986,0.10067114093959731,4.191540091840339,6.1353251272487555,3.1334036249380762e-06,0.0005420458802670189,0.00043243990963667047,PTPN2/LCP2/PDE4D/ICOSLG/HLA-A/CYLD/CBLB/CD28/BTN3A2/BCAR1/BTRC/PTPRC/SHB/MAPK1/WNK1,15
GO:1903037,regulation of leukocyte cell-cell adhesion,26/456,392/18986,0.0663265306122449,2.7615691013247403,5.528487304090619,3.3074989301012376e-06,0.0005420458802670189,0.00043243990963667047,PTPN2/IL15/HLA-DPA1/ICOSLG/HLA-A/CYLD/ITGB2/SLAMF1/CBLB/IGF1/CD55/CD28/ITGA4/SIRPB1/PDE5A/TNFAIP8L2/ABL2/PTPRC/TNFSF13B/HLA-DRB4/SHB/IL6ST/CD47/CD274/IL7R/WNK1,26
GO:0097553,calcium ion transmembrane import into cytosol,17/456,189/18986,0.08994708994708994,3.7450338809987933,5.9495532092870285,3.32054570121918e-06,0.0005420458802670189,0.00043243990963667047,GRIN2A/JPH4/PDE4D/CACNA1E/TRPM1/PRKCE/CACNA1A/SLC8A1/XCR1/ITPR2/JPH3/PTPRC/TRPV4/PLCB3/UBASH3B/PPP3CB/AKAP5,17
GO:0032868,response to insulin,21/456,276/18986,0.07608695652173914,3.167953852021358,5.6913814374701435,3.586686783461891e-06,0.0005629718755118452,0.00044913450288451936,PTPN1/SOS1/PTPN2/SORL1/PRKCB/MYO1C/GKAP1/BCAR1/STXBP4/PIK3R2/TRPV4/RHOQ/KCNJ8/GAB1/EIF4EBP2/APPL1/SORT1/FER/IGF1R/MAPK1/ATP2B1,21
GO:0032970,regulation of actin filament-based process,26/456,395/18986,0.06582278481012659,2.7405951587830337,5.483968557059104,3.7983521090068484e-06,0.0005741138872909981,0.00045802351162410067,AKAP13/NGEF/PDE4D/SYNPO2L/EFNA5/GJA5/ARHGAP28/JAM3/SPTAN1/PRKCE/CCDC88A/SEMA5A/SMAD3/PIK3R2/ABL2/SPTBN4/RHOQ/VIL1/CYFIP2/RND2/FER/CD47/NEB/ACTN2/ATP2A1/RANGRF,26
GO:0032869,cellular response to insulin stimulus,18/456,213/18986,0.08450704225352113,3.5185322461082285,5.798564465448221,4.168542745613233e-06,0.0006075651051731287,0.00048471062827750864,PTPN1/SOS1/PTPN2/SORL1/PRKCB/MYO1C/GKAP1/BCAR1/STXBP4/PIK3R2/RHOQ/GAB1/EIF4EBP2/APPL1/FER/IGF1R/MAPK1/ATP2B1,18
GO:0032943,mononuclear cell proliferation,22/456,305/18986,0.07213114754098361,3.0032499280989358,5.532673063869063,5.016378584360314e-06,0.0006976349688133953,0.0005565676520305477,EMP2/SOS1/IL15/HLA-DPA1/ICOSLG/HLA-A/SLAMF1/CBLB/IGF1/CD55/CD28/PDE5A/PRLR/ATM/PTPRC/TNFSF13B/SHB/IL6ST/AZI2/CD274/IL7R/PPP3CB,22
GO:0038127,ERBB signaling pathway,14/456,136/18986,0.10294117647058823,4.286055211558307,6.033073904415402,5.1284119246267726e-06,0.0006976349688133953,0.0005565676520305477,SOS1/ADRA2A/PTPN2/CBLB/GPRC5A/CCDC88A/BCAR1/MAP2K1/ABL2/VIL1/GAB1/FER/SHC3/MAPK1,14
GO:1903039,positive regulation of leukocyte cell-cell adhesion,21/456,284/18986,0.07394366197183098,3.0787157153446993,5.536818094058628,5.60253671731936e-06,0.0007232364671509835,0.0005769923246103231,IL15/HLA-DPA1/ICOSLG/HLA-A/CYLD/ITGB2/SLAMF1/IGF1/CD55/CD28/ITGA4/SIRPB1/ABL2/PTPRC/TNFSF13B/HLA-DRB4/SHB/IL6ST/CD47/CD274/IL7R,21
GO:0043269,regulation of monoatomic ion transport,29/456,480/18986,0.06041666666666667,2.515506213450293,5.275602598069324,5.671052915665639e-06,0.0007232364671509835,0.0005769923246103231,GRIN2A/KCNJ16/JPH4/ADRA2A/FGF14/PDE4D/PRKCE/DPP10/FGF12/SLC8A1/PXK/JPH3/SESTD1/WNK4/SLMAP/CNKSR3/ATP1A1/NKAIN4/SPTBN4/KCNJ8/SCN4B/UBASH3B/ACTN2/PPP3CB/ATP2A1/ATP2B1/AKAP5/WNK1/RANGRF,29
GO:0007200,phospholipase C-activating G protein-coupled receptor signaling pathway,14/456,138/18986,0.10144927536231885,4.223938469361811,5.962709668235244,6.085862086662249e-06,0.0007526182780505648,0.0006004329006075386,RASGRP4/ADRA2A/FPR3/GPR157/PRKCB/GNA14/NMUR2/ABL2/PLCB3/MC1R/GPR27/PTGER3/ACTN2/HRH1,14
GO:0006936,muscle contraction,24/456,358/18986,0.0670391061452514,2.791237871214349,5.367371722773937,6.586247004815278e-06,0.0007905433537250339,0.0006306892255694631,BDKRB2/ADRA2A/PDE4D/GJA5/RNF207/FGF12/SLC8A1/DOCK4/ANXA6/NMUR2/PDE5A/SLMAP/ARHGEF11/ATP1A1/DTNA/TTN/TRPV4/KCNJ8/SCN4B/PTGER3/MYL3/ATP2A1/ATP2B1/RANGRF,24
GO:0042102,positive regulation of T cell proliferation,12/456,104/18986,0.11538461538461539,4.80414979757085,6.102394717280255,7.473087855802976e-06,0.000871362043986627,0.0006951657364811611,IL15/HLA-DPA1/ICOSLG/HLA-A/SLAMF1/IGF1/CD55/CD28/PTPRC/TNFSF13B/IL6ST/CD274,12
GO:0030178,negative regulation of Wnt signaling pathway,16/456,181/18986,0.08839779005524862,3.6805272850634876,5.684245978857402,8.033167074875393e-06,0.0009106487453490688,0.0007265083556312745,SFRP2/TLE3/INVS/TMEM64/FGF9/CYLD/RBMS3/CXXC4/SHISA6/STK4/NLK/TMEM170B/BICC1/CTNND1/LZTS2/SNAI2,16
GO:0033627,cell adhesion mediated by integrin,11/456,89/18986,0.12359550561797752,5.146018135225704,6.150066072923222,9.20556838046285e-06,0.0010153493124505106,0.0008100376387132746,SFRP2/ITGA8/ITGB2/ITGA11/JAM3/ITGAX/ITGA4/SNAI2/EMILIN1/EPHA8/WNK1,11
GO:0050863,regulation of T cell activation,25/456,393/18986,0.06361323155216285,2.64859827686264,5.180675549238248,1.0518803316210603e-05,0.0011016832200154392,0.0008789141463025712,SOS1/PTPN2/IL15/HLA-DPA1/ICOSLG/HLA-A/CYLD/SLAMF1/CBLB/SLC46A2/IGF1/CD55/CD28/SIRPB1/PDE5A/TNFAIP8L2/ABL2/PTPRC/TNFSF13B/HLA-DRB4/SHB/IL6ST/CD47/CD274/IL7R,25
GO:0098739,import across plasma membrane,17/456,206/18986,0.0825242718446602,3.4359776869357863,5.514538010428993,1.0528215040578812e-05,0.0011016832200154392,0.0008789141463025712,KCNJ16/SLC30A8/SLC47A1/CACNA1E/TRPM1/SLC46A2/LRRC8B/CACNA1A/SLC8A1/SLC12A2/ATP1A1/TRPV4/SLC9A6/KCNJ8/SLC15A3/PPP3CB/AKAP5,17
GO:0046651,lymphocyte proliferation,21/456,297/18986,0.0707070707070707,2.9439571150097463,5.296901353134246,1.1136707401216787e-05,0.0011362225726091427,0.0009064693682095665,EMP2/SOS1/IL15/HLA-DPA1/ICOSLG/HLA-A/SLAMF1/CBLB/IGF1/CD55/CD28/PDE5A/PRLR/ATM/PTPRC/TNFSF13B/SHB/IL6ST/CD274/IL7R/PPP3CB,21
GO:0043410,positive regulation of MAPK cascade,28/456,472/18986,0.059322033898305086,2.469930121914957,5.073031647469357,1.1535374157962644e-05,0.001148191754601111,0.0009160182867927718,PTPN1/ADRA2A/FGF9/ARRB1/AKAP12/SLAMF1/FRS2/AVPI1/PDGFC/IGF1/PRKCE/TMEM106A/PDE5A/MAP2K1/DOK2/NRK/CXCL17/PTPRC/TRPV4/PDE8B/NOD1/SPAG9/PIK3R5/INHBA/ARRB2/RAPGEF2/IGF1R/EPHA8,28
GO:0060047,heart contraction,19/456,253/18986,0.07509881422924901,3.1268115942028984,5.342390453072232,1.2518460723693064e-05,0.0011672457283565232,0.0009312193961249762,PTPN1/PDE4D/GJA5/RNF207/FGF12/ATP2B2/SLC8A1/PDE5A/ATP1A1/TTN/SPTBN4/ADORA3/KCNJ8/SCN4B/APLN/MYL3/ATP2A1/ATP2B1/RANGRF,19
GO:0002698,negative regulation of immune effector process,13/456,128/18986,0.1015625,4.2286526864035086,5.7494792509666395,1.2870879141397585e-05,0.0011672457283565232,0.0009312193961249762,IRAK3/HLA-A/SLAMF1/CD59/CD55/PTPRC/CR1L/ARRB2/APPL1/FER/CD274/IL7R/PPP3CB,13
GO:0098659,inorganic cation import across plasma membrane,13/456,128/18986,0.1015625,4.2286526864035086,5.7494792509666395,1.2870879141397585e-05,0.0011672457283565232,0.0009312193961249762,KCNJ16/SLC30A8/CACNA1E/TRPM1/CACNA1A/SLC8A1/SLC12A2/ATP1A1/TRPV4/SLC9A6/KCNJ8/PPP3CB/AKAP5,13
GO:0099587,inorganic ion import across plasma membrane,13/456,128/18986,0.1015625,4.2286526864035086,5.7494792509666395,1.2870879141397585e-05,0.0011672457283565232,0.0009312193961249762,KCNJ16/SLC30A8/CACNA1E/TRPM1/CACNA1A/SLC8A1/SLC12A2/ATP1A1/TRPV4/SLC9A6/KCNJ8/PPP3CB/AKAP5,13
GO:0007229,integrin-mediated signaling pathway,12/456,111/18986,0.10810810810810811,4.5011853959222385,5.803408345615134,1.4654673436870316e-05,0.0013001243977362555,0.0010372289460009127,EMP2/ANGPTL3/ITGA8/ITGB2/ITGA11/CCM2/ITGAX/ITGA4/TLN1/BCAR1/CD47/DST,12
GO:0050851,antigen receptor-mediated signaling pathway,17/456,212/18986,0.08018867924528301,3.3387330354187355,5.371804347592424,1.5336566659368104e-05,0.001313936536628843,0.0010482481610010477,SOS1/PTPN2/LCP2/PDE4D/ICOSLG/HLA-A/CYLD/CBLB/PRKCB/CD28/BTN3A2/BCAR1/BTRC/PTPRC/SHB/MAPK1/WNK1,17
GO:0051896,regulation of phosphatidylinositol 3-kinase/protein kinase B signal transduction,20/456,280/18986,0.07142857142857142,2.973997493734336,5.220176172834387,1.551436219659328e-05,0.001313936536628843,0.0010482481610010477,PHLDA3/PTPN1/THEM4/RRAS/RCN3/PDGFC/IGF1/NLRC3/PIK3IP1/CCDC88A/CD28/SEMA5A/PIK3AP1/TSPYL5/PIK3R5/ARRB2/FER/IGF1R/TMEM100/EPHA8,20
GO:0006874,intracellular calcium ion homeostasis,21/456,304/18986,0.06907894736842106,2.876168628808865,5.173053741980983,1.5833095394325423e-05,0.001313936536628843,0.0010482481610010477,JPH4/TMEM64/PDE4D/PRKCB/PRKCE/ATP2B2/SLC8A1/ANXA6/XCR1/ITPR2/JPH3/GPR12/FATE1/TRPC5/TMCO1/PTPRC/TRPV4/PLCB3/UBASH3B/ATP2A1/ATP2B1,21
GO:0008016,regulation of heart contraction,17/456,213/18986,0.07981220657276995,3.323058232435549,5.348513182065832,1.630522179474477e-05,0.001313936536628843,0.0010482481610010477,PTPN1/PDE4D/GJA5/RNF207/ATP2B2/SLC8A1/PDE5A/ATP1A1/SPTBN4/ADORA3/KCNJ8/SCN4B/APLN/MYL3/ATP2A1/ATP2B1/RANGRF,17
GO:0055074,calcium ion homeostasis,22/456,329/18986,0.0668693009118541,2.7841678664746974,5.121094251619683,1.655990146961885e-05,0.001313936536628843,0.0010482481610010477,JPH4/TMEM64/PDE4D/PRKCB/PRKCE/ATP2B2/SLC8A1/ANXA6/XCR1/ITPR2/JPH3/GPR12/FATE1/WNK4/TRPC5/TMCO1/PTPRC/TRPV4/PLCB3/UBASH3B/ATP2A1/ATP2B1,22
GO:0034765,regulation of monoatomic ion transmembrane transport,23/456,354/18986,0.06497175141242938,2.7051615620973335,5.080277551956667,1.6935633440285992e-05,0.001313936536628843,0.0010482481610010477,GRIN2A/KCNJ16/JPH4/ADRA2A/FGF14/PDE4D/PRKCE/DPP10/FGF12/SLC8A1/JPH3/SESTD1/WNK4/SLMAP/KCNJ8/SCN4B/UBASH3B/ACTN2/PPP3CB/ATP2A1/AKAP5/WNK1/RANGRF,23
GO:0007159,leukocyte cell-cell adhesion,26/456,430/18986,0.06046511627906977,2.5175234598123217,4.9931828704052705,1.706411086530965e-05,0.001313936536628843,0.0010482481610010477,PTPN2/IL15/HLA-DPA1/ICOSLG/HLA-A/CYLD/ITGB2/SLAMF1/CBLB/IGF1/CD55/CD28/ITGA4/SIRPB1/PDE5A/TNFAIP8L2/ABL2/PTPRC/TNFSF13B/HLA-DRB4/SHB/IL6ST/CD47/CD274/IL7R/WNK1,26
GO:0050870,positive regulation of T cell activation,19/456,260/18986,0.07307692307692308,3.042628205128205,5.202397129039442,1.8372351168048047e-05,0.0013884734280889645,0.00110771310258816,IL15/HLA-DPA1/ICOSLG/HLA-A/CYLD/SLAMF1/IGF1/CD55/CD28/SIRPB1/ABL2/PTPRC/TNFSF13B/HLA-DRB4/SHB/IL6ST/CD47/CD274/IL7R,19
GO:0006941,striated muscle contraction,16/456,194/18986,0.08247422680412371,3.4338940133839753,5.345225578401705,1.9217016073977733e-05,0.0014017891259026547,0.0011183362608279477,PDE4D/GJA5/RNF207/FGF12/SLC8A1/PDE5A/ARHGEF11/ATP1A1/DTNA/TTN/TRPV4/KCNJ8/SCN4B/MYL3/ATP2A1/RANGRF,16
GO:0007173,epidermal growth factor receptor signaling pathway,12/456,114/18986,0.10526315789473684,4.382733148661126,5.682784842214904,1.9235528314273136e-05,0.0014017891259026547,0.0011183362608279477,SOS1/ADRA2A/PTPN2/CBLB/GPRC5A/CCDC88A/BCAR1/ABL2/VIL1/GAB1/FER/SHC3,12
GO:0010959,regulation of metal ion transport,25/456,408/18986,0.061274509803921566,2.5512233402132782,4.968839232816415,1.9826308348767627e-05,0.0014081985042307106,0.0011234496120882621,JPH4/ADRA2A/FGF14/PDE4D/PRKCE/DPP10/FGF12/SLC8A1/JPH3/SESTD1/WNK4/SLMAP/CNKSR3/ATP1A1/NKAIN4/SPTBN4/SCN4B/UBASH3B/ACTN2/PPP3CB/ATP2A1/ATP2B1/AKAP5/WNK1/RANGRF,25
GO:0002021,response to dietary excess,7/456,36/18986,0.19444444444444445,8.095882066276802,6.685025135591678,2.0106705313593443e-05,0.0014081985042307106,0.0011234496120882621,SORL1/GDF3/RASAL2/NMUR2/WNK4/TRPV4/CNTN2,7
GO:0003015,heart process,19/456,262/18986,0.07251908396946564,3.0194020356234095,5.163261625363425,2.044448931376406e-05,0.0014081985042307106,0.0011234496120882621,PTPN1/PDE4D/GJA5/RNF207/FGF12/ATP2B2/SLC8A1/PDE5A/ATP1A1/TTN/SPTBN4/ADORA3/KCNJ8/SCN4B/APLN/MYL3/ATP2A1/ATP2B1/RANGRF,19
GO:0006937,regulation of muscle contraction,15/456,174/18986,0.08620689655172414,3.589307320024199,5.382583188282009,2.070372708989038e-05,0.0014081985042307106,0.0011234496120882621,ADRA2A/PDE4D/GJA5/RNF207/SLC8A1/DOCK4/ANXA6/NMUR2/PDE5A/ATP1A1/TRPV4/MYL3/ATP2A1/ATP2B1/RANGRF,15
GO:0003012,muscle system process,27/456,465/18986,0.05806451612903226,2.417572156196944,4.85500238116585,2.410594173034066e-05,0.001612727019697053,0.001286620841621116,BDKRB2/ADRA2A/PDE4D/GJA5/RNF207/IGF1/FGF12/SLC8A1/DOCK4/ANXA6/NMUR2/PDE5A/SLMAP/ARHGEF11/ATP1A1/DTNA/SMAD3/TTN/TRPV4/KCNJ8/SCN4B/IL6ST/PTGER3/MYL3/ATP2A1/ATP2B1/RANGRF,27
GO:0042391,regulation of membrane potential,27/456,466/18986,0.05793991416309013,2.4123842331149765,4.842563678989384,2.5028236109909037e-05,0.0016474230897506256,0.001314301091476208,GRIN2A/GLRB/GRIA4/RIMS1/GJA5/RNF207/KCNH1/SLC1A7/FGF12/KCNH3/GABRG1/SLC8A1/TMEM25/GNA14/KCNV1/SLMAP/ATP1A1/TRPC5/KCNJ8/SCN4B/ARRB2/GRIK4/NLGN3/ACTN2/STX1B/CNTNAP1/RANGRF,27
GO:0017156,calcium-ion regulated exocytosis,9/456,66/18986,0.13636363636363635,5.677631578947368,5.971554866342341,2.702898651498218e-05,0.0017508776820260679,0.0013968363457116106,SYT7/ADRA2A/UNC13C/DOC2A/RIMS1/SCAMP5/SYT15/PPP3CB/STX1B,9
GO:1901888,regulation of cell junction assembly,19/456,268/18986,0.0708955223880597,2.9518034825870645,5.0480514955519125,2.797408585911826e-05,0.0017837850686103379,0.0014230895980633681,GNA13/PTPN1/RAPGEF1/RTN4R/EFNA5/SLITRK1/ARHGAP33/MYO1C/DOCK4/ACVRL1/IL1RAP/TLN1/SLITRK2/SRGAP2/SMAD3/SNAI2/CYFIP2/RAPGEF2/NLGN3,19
GO:0043491,phosphatidylinositol 3-kinase/protein kinase B signal transduction,21/456,317/18986,0.06624605678233439,2.7582184957662297,4.952129122531225,2.950134424190143e-05,0.0018522305515569191,0.001477694862189492,PHLDA3/PTPN1/THEM4/RRAS/RCN3/PDGFC/IGF1/NLRC3/PIK3IP1/CCDC88A/CD28/SEMA5A/PIK3AP1/TSPYL5/PIK3R2/PIK3R5/ARRB2/FER/IGF1R/TMEM100/EPHA8,21
GO:1904062,regulation of monoatomic cation transmembrane transport,21/456,318/18986,0.0660377358490566,2.7495448526977824,4.935597745410578,3.089856692321489e-05,0.0019044486292052105,0.0015193540309087598,GRIN2A/JPH4/ADRA2A/FGF14/PDE4D/PRKCE/DPP10/FGF12/SLC8A1/JPH3/SESTD1/WNK4/SLMAP/SCN4B/UBASH3B/ACTN2/PPP3CB/ATP2A1/AKAP5/WNK1/RANGRF,21
GO:0006935,chemotaxis,27/456,472/18986,0.057203389830508475,2.3817183318465656,4.768594588846537,3.126637053583659e-05,0.0019044486292052105,0.0015193540309087598,PTPN2/ANGPT2/SEMA5B/EFNA5/FPR3/ITGB2/JAM3/SLAMF1/GPR18/DOCK4/CXCL14/XCR1/SEMA5A/SLC12A2/BCAR1/MAP2K1/SMAD3/CXCL17/SEMA6D/TRPV4/GAB1/ARRB2/FER/IL17RA/MAPK1/HSPB1/WNK1,27
GO:0042330,taxis,27/456,474/18986,0.056962025316455694,2.3716688874083944,4.744187013851142,3.3639225927022e-05,0.0020188482501202467,0.0016106211422953413,PTPN2/ANGPT2/SEMA5B/EFNA5/FPR3/ITGB2/JAM3/SLAMF1/GPR18/DOCK4/CXCL14/XCR1/SEMA5A/SLC12A2/BCAR1/MAP2K1/SMAD3/CXCL17/SEMA6D/TRPV4/GAB1/ARRB2/FER/IL17RA/MAPK1/HSPB1/WNK1,27
GO:0007265,Ras protein signal transduction,12/456,121/18986,0.09917355371900827,4.1291866028708135,5.416836847109407,3.5042717771166384e-05,0.0020461034499026955,0.0016323651247885677,RASGRP4/SOS1/RAPGEF1/ADRA2A/RRAS/IGF1/USP8/DOK2/RIT1/RASGRF2/RAPGEF2/GRAP2,12
GO:0042129,regulation of T cell proliferation,15/456,182/18986,0.08241758241758242,3.4315355696934646,5.170603218338714,3.5096114063511075e-05,0.0020461034499026955,0.0016323651247885677,SOS1/IL15/HLA-DPA1/ICOSLG/HLA-A/SLAMF1/CBLB/IGF1/CD55/CD28/PDE5A/PTPRC/TNFSF13B/IL6ST/CD274,15
GO:0016055,Wnt signaling pathway,27/456,476/18986,0.05672268907563025,2.361703892083149,4.719901747530867,3.6173802628332355e-05,0.0020792294158623143,0.0016587927580345736,SFRP2/TLE3/INVS/TMEM64/CCNY/FGF9/AMOTL1/CYLD/RBMS3/CXXC4/SHISA6/STK4/USP8/SEMA5A/NLK/TMEM170B/BTRC/SMAD3/BICC1/RSPO2/CTNND1/LZTS2/SNAI2/FZD3/SCEL/GPRC5B/WNK1,27
GO:0006898,receptor-mediated endocytosis,19/456,275/18986,0.06909090909090909,2.8766666666666665,4.917620381327727,3.981642809358019e-05,0.002256817264581955,0.001800470937038648,SH3GL3/FCGR1A/CLU/SORL1/ITGB2/ARRB1/CBLB/VAC14/CACNG4/SMAP1/GSG1L/LRP1B/ITGA4/ATAD1/BMP2K/APLN/ARRB2/NLGN3/CNTN2,19
GO:0038179,neurotrophin signaling pathway,7/456,40/18986,0.175,7.286293859649122,6.243324674199955,4.1334409864567505e-05,0.0023107633788671234,0.0018435087196987357,SOS1/RAPGEF1/KIDINS220/BCAR1/CYFIP2/SORT1/RAPGEF2,7
GO:0090257,regulation of muscle system process,18/456,254/18986,0.07086614173228346,2.9505801906340654,4.9095151613477555,4.549633957497432e-05,0.0025090616460198673,0.002001709506477889,ADRA2A/PDE4D/GJA5/RNF207/IGF1/SLC8A1/DOCK4/ANXA6/NMUR2/PDE5A/ATP1A1/SMAD3/TRPV4/IL6ST/MYL3/ATP2A1/ATP2B1/RANGRF,18
GO:0032956,regulation of actin cytoskeleton organization,22/456,352/18986,0.0625,2.6022478070175437,4.759901705648422,4.624415955581096e-05,0.0025162988686301935,0.0020074833053490993,AKAP13/NGEF/SYNPO2L/EFNA5/ARHGAP28/JAM3/SPTAN1/PRKCE/CCDC88A/SEMA5A/SMAD3/PIK3R2/ABL2/SPTBN4/RHOQ/VIL1/CYFIP2/RND2/FER/CD47/NEB/ACTN2,22
GO:0048588,developmental cell growth,17/456,232/18986,0.07327586206896551,3.0509112220205687,4.9305334606573705,4.855275153562788e-05,0.002575883856348153,0.002055019736567363,GDF9/SEMA5B/RTN4R/EFNA5/RIMS1/SLITRK1/IGF1/ITGA4/SEMA5A/TRPC5/SEMA6D/SLC9A6/SPAG9/CYFIP2/RND2/NLGN3/PPP3CB,17
GO:0050671,positive regulation of lymphocyte proliferation,13/456,145/18986,0.0896551724137931,3.7328796128251667,5.182061222568442,4.860158219524817e-05,0.002575883856348153,0.002055019736567363,IL15/HLA-DPA1/ICOSLG/HLA-A/SLAMF1/IGF1/CD55/CD28/PRLR/PTPRC/TNFSF13B/IL6ST/CD274,13
GO:0070665,positive regulation of leukocyte proliferation,14/456,166/18986,0.08433734939759036,3.51146692031283,5.098256823007738,4.9457917912820695e-05,0.002587663628233606,0.002064417545267941,IL15/HLA-DPA1/ICOSLG/HLA-A/SLAMF1/IGF1/CD55/CD28/PRLR/PTPRC/TNFSF13B/IL6ST/CD274/MAPK1,14
GO:0060048,cardiac muscle contraction,13/456,147/18986,0.08843537414965986,3.682092135099654,5.120984358840938,5.6046928419939206e-05,0.002895284998503442,0.002309835437746462,PDE4D/GJA5/RNF207/FGF12/SLC8A1/PDE5A/ATP1A1/TTN/KCNJ8/SCN4B/MYL3/ATP2A1/RANGRF,13
GO:0002697,regulation of immune effector process,24/456,410/18986,0.05853658536585366,2.437227214377407,4.6152079249549764,5.988374838493678e-05,0.0030294017420615083,0.0024168327133948712,ANKRD17/RASGRP4/FCGR1A/IRAK3/HLA-A/CLNK/ITGB2/SLAMF1/CD59/CD55/CD28/IL13RA1/PTPRC/CR1L/NOD1/ARRB2/SHB/APPL1/FER/CD274/GPRC5B/IL7R/PPP3CB/FCN2,24
GO:0032946,positive regulation of mononuclear cell proliferation,13/456,148/18986,0.08783783783783784,3.657213134186819,5.090844881552675,6.012779737980451e-05,0.0030294017420615083,0.0024168327133948712,IL15/HLA-DPA1/ICOSLG/HLA-A/SLAMF1/IGF1/CD55/CD28/PRLR/PTPRC/TNFSF13B/IL6ST/CD274,13
GO:0050727,regulation of inflammatory response,25/456,438/18986,0.05707762557077625,2.3764820155411357,4.5720299380672875,6.341983166732154e-05,0.0030478623020884473,0.0024315604019550336,FCGR1A/PTPN2/IL15/CYLD/BIRC3/WFDC1/CASP12/IGF1/NLRC3/FNDC4/CD28/PIK3AP1/ATM/TNFAIP8L2/SMAD3/CXCL17/GIT1/PTPRC/TRPV4/IL6ST/CD47/IL17RA/PTGER3/TSLP/GPRC5B,25
GO:0007204,positive regulation of cytosolic calcium ion concentration,14/456,170/18986,0.08235294117647059,3.428844169246646,4.990114065428518,6.41470127247778e-05,0.0030478623020884473,0.0024315604019550336,GNA13/BDKRB2/JPH4/FPR3/RIC3/CACNA1A/CD55/SLC8A1/XCR1/JPH3/TRPC5/ABL2/TRPV4/PTGER3,14
GO:0090090,negative regulation of canonical Wnt signaling pathway,13/456,149/18986,0.087248322147651,3.6326680795949606,5.060965601447543,6.446430841681783e-05,0.0030478623020884473,0.0024315604019550336,SFRP2/TLE3/INVS/TMEM64/CYLD/RBMS3/SHISA6/STK4/TMEM170B/BICC1/CTNND1/LZTS2/SNAI2,13
GO:0060560,developmental growth involved in morphogenesis,17/456,238/18986,0.07142857142857142,2.973997493734336,4.8073707360261855,6.674177466818372e-05,0.0030478623020884473,0.0024315604019550336,SFRP2/SEMA5B/RTN4R/EFNA5/RIMS1/SLITRK1/ITGA4/SEMA5A/TRPC5/LZTS2/SEMA6D/SLC9A6/SPAG9/CYFIP2/RND2/NLGN3/PPP3CB,17
GO:0042098,T cell proliferation,16/456,215/18986,0.07441860465116279,3.0984904120767034,4.8543661059632575,6.700590123134244e-05,0.0030478623020884473,0.0024315604019550336,SOS1/IL15/HLA-DPA1/ICOSLG/HLA-A/SLAMF1/CBLB/IGF1/CD55/CD28/PDE5A/PTPRC/TNFSF13B/IL6ST/CD274/PPP3CB,16
GO:0098703,calcium ion import across plasma membrane,7/456,43/18986,0.16279069767441862,6.777947776417789,5.950226156833179,6.714315488793854e-05,0.0030478623020884473,0.0024315604019550336,CACNA1E/TRPM1/CACNA1A/SLC8A1/TRPV4/PPP3CB/AKAP5,7
GO:1902656,calcium ion import into cytosol,7/456,43/18986,0.16279069767441862,6.777947776417789,5.950226156833179,6.714315488793854e-05,0.0030478623020884473,0.0024315604019550336,CACNA1E/TRPM1/CACNA1A/SLC8A1/TRPV4/PPP3CB/AKAP5,7
GO:0031589,cell-substrate adhesion,22/456,361/18986,0.060941828254847646,2.537371822909073,4.626306367889379,6.72157822072924e-05,0.0030478623020884473,0.0024315604019550336,EMP2/ANGPTL3/PTPN1/ANGPT2/RRAS/EFNA5/RSU1/ITGA8/ITGB2/ITGA11/JAM3/PRKCE/ITGAX/STK4/ACVRL1/ITGA4/TLN1/SRGAP2/SMAD3/FER/EMILIN1/ACTN2,22
GO:0032535,regulation of cellular component size,22/456,361/18986,0.060941828254847646,2.537371822909073,4.626306367889379,6.72157822072924e-05,0.0030478623020884473,0.0024315604019550336,RTN4R/EFNA5/ARHGAP28/SPTAN1/PRKCE/SEMA5A/SLC12A2/TRPC5/SEMA6D/PIK3R2/SPTBN4/TRPV4/VIL1/CYFIP2/RND2/FER/NEB/ACTN2/CNTN2/GPRC5B/IL7R/WNK1,22
GO:0071706,tumor necrosis factor superfamily cytokine production,15/456,193/18986,0.07772020725388601,3.2359558221979823,4.897718595590207,6.893859067026557e-05,0.0030580259622321063,0.0024396688895095132,CLU/IRAK3/AKAP12/SLAMF1/GPR18/IGF1/NLRC3/TMEM106A/PTPRC/NOD1/MC1R/ARRB2/CD47/CD274/HSPB1,15
GO:1903555,regulation of tumor necrosis factor superfamily cytokine production,15/456,193/18986,0.07772020725388601,3.2359558221979823,4.897718595590207,6.893859067026557e-05,0.0030580259622321063,0.0024396688895095132,CLU/IRAK3/AKAP12/SLAMF1/GPR18/IGF1/NLRC3/TMEM106A/PTPRC/NOD1/MC1R/ARRB2/CD47/CD274/HSPB1,15
GO:0050670,regulation of lymphocyte proliferation,17/456,240/18986,0.07083333333333333,2.9492141812865498,4.767172743219935,7.401727949156145e-05,0.003248005565645831,0.002591233112251269,SOS1/IL15/HLA-DPA1/ICOSLG/HLA-A/SLAMF1/CBLB/IGF1/CD55/CD28/PDE5A/PRLR/ATM/PTPRC/TNFSF13B/IL6ST/CD274,17
GO:0002707,negative regulation of lymphocyte mediated immunity,8/456,60/18986,0.13333333333333333,5.551461988304093,5.539201193644179,8.914568496792862e-05,0.003870250429299114,0.003087655135563306,HLA-A/SLAMF1/PTPRC/CR1L/ARRB2/CD274/IL7R/PPP3CB,8
GO:0032754,positive regulation of interleukin-5 production,4/456,11/18986,0.36363636363636365,15.140350877192983,7.358946555054241,9.47792900586049e-05,0.0040531771684602065,0.0032335926390712855,PDE4D/IL1RAP/IL17RA/TSLP,4
GO:0032944,regulation of mononuclear cell proliferation,17/456,245/18986,0.06938775510204082,2.8890261367704975,4.668470739911582,9.534550555554517e-05,0.0040531771684602065,0.0032335926390712855,SOS1/IL15/HLA-DPA1/ICOSLG/HLA-A/SLAMF1/CBLB/IGF1/CD55/CD28/PDE5A/PRLR/ATM/PTPRC/TNFSF13B/IL6ST/CD274,17
GO:0070663,regulation of leukocyte proliferation,18/456,270/18986,0.06666666666666667,2.7757309941520467,4.610017258899333,9.984501014244278e-05,0.004200695735992877,0.0033512817837284374,SOS1/IL15/HLA-DPA1/ICOSLG/HLA-A/SLAMF1/CBLB/IGF1/CD55/CD28/PDE5A/PRLR/ATM/PTPRC/TNFSF13B/IL6ST/CD274/MAPK1,18
GO:0072659,protein localization to plasma membrane,19/456,295/18986,0.06440677966101695,2.6816384180790958,4.5664359676764334,0.00010177795515264221,0.004221606851306326,0.003367964505884901,EMP2/ZDHHC3/SORL1/PRKCE/DPP10/CCDC88A/WNK4/SLMAP/PIK3R2/SPTBN4/RHOQ/VIL1/APPL1/RAPGEF2/ACTN2/AKAP5/WNK1/RANGRF/GRIP1,19
GO:0070252,actin-mediated cell contraction,11/456,115/18986,0.09565217391304348,3.98257055682685,5.0325975468336015,0.0001026168467177324,0.004221606851306326,0.003367964505884901,EMP2/PDE4D/GJA5/RNF207/FGF12/ATP1A1/KCNJ8/SCN4B/VIL1/ATP2A1/RANGRF,11
GO:0042327,positive regulation of phosphorylation,26/456,479/18986,0.054279749478079335,2.2599897447166977,4.381438972788963,0.0001034454018942986,0.004221606851306326,0.003367964505884901,PTPN1/SFRP2/ADRA2A/LCP2/CCNY/IL15/FNIP1/EFNA5/ARRB1/LMO4/IGF1/STK4/CCDC88A/PDE5A/STRADA/MAP2K1/PRLR/PTPRC/IL31RA/WEE2/PIK3R5/ARRB2/RAPGEF2/MAPK1/GPRC5B/PRKAG2,26
GO:0046633,alpha-beta T cell proliferation,7/456,46/18986,0.15217391304347827,6.335907704042716,5.683910748885853,0.00010481913163625225,0.004235315606015301,0.0033789012418022745,IL15/HLA-A/CBLB/CD55/CD28/PTPRC/CD274,7
GO:0071375,cellular response to peptide hormone stimulus,20/456,321/18986,0.06230529595015576,2.5941411160299506,4.5187185783939015,0.00010594565164375961,0.004238864748609637,0.0033817327196506556,PTPN1/SOS1/PTPN2/SORL1/PRKCB/MYO1C/GKAP1/BCAR1/STXBP4/PIK3R2/RHOQ/INHBA/GAB1/EIF4EBP2/APPL1/FER/IGF1R/MAPK1/ACTN2/ATP2B1,20
GO:0061337,cardiac conduction,10/456,97/18986,0.10309278350515463,4.2923675167299695,5.099642178124083,0.00011273866990265198,0.004466859338570123,0.0035636249975360508,PDE4D/GJA5/ATP2B2/SLC8A1/ATP1A1/SPTBN4/SCN4B/ATP2A1/ATP2B1/RANGRF,10
GO:0007188,adenylate cyclase-modulating G protein-coupled receptor signaling pathway,18/456,274/18986,0.06569343065693431,2.7352093737994623,4.538549479847214,0.00012021608048779993,0.004717325235295303,0.0037634447059591617,GNA13/ADRA2A/PDE4A/PDE4D/GRM8/GRM7/AKAP12/GPR157/GNA14/GPR12/GNG2/RIC8A/MC1R/GPR161/RAPGEF2/PTGER3/GNAL/AKAP5,18
GO:0045807,positive regulation of endocytosis,13/456,159/18986,0.08176100628930817,3.404198389054397,4.775604085728881,0.00012508772390178632,0.004861742868982762,0.0038786599501576457,FCGR1A/CLU/IL15/ARRB1/SIRPB1/ATAD1/PTPRC/APLN/ARRB2/ABCA13/APPL1/CD47/FCN2,13
GO:0006814,sodium ion transport,17/456,251/18986,0.06772908366533864,2.8199657510309635,4.553268279071154,0.00012792392180669668,0.004901101945427361,0.003910060309575008,GRIN2A/FGF14/PRKCE/FGF12/SLC8A1/WNK4/SLC12A2/SLMAP/CNKSR3/ATP1A1/SLC6A2/NKAIN4/SPTBN4/SLC9A6/SCN4B/WNK1/RANGRF,17
GO:0018108,peptidyl-tyrosine phosphorylation,15/456,204/18986,0.07352941176470588,3.061468008255934,4.643770811373993,0.00012850230535670854,0.004901101945427361,0.003910060309575008,PTPN1/SFRP2/PTPN2/IL15/EFNA5/ITGB2/IGF1/GPRC5A/PRLR/ABL2/PTPRC/IL31RA/FER/IGF1R/GPRC5B,15
GO:0018212,peptidyl-tyrosine modification,15/456,206/18986,0.07281553398058252,3.031745017884517,4.599440786634451,0.00014316610586381244,0.005375419518475787,0.004288467112200469,PTPN1/SFRP2/PTPN2/IL15/EFNA5/ITGB2/IGF1/GPRC5A/PRLR/ABL2/PTPRC/IL31RA/FER/IGF1R/GPRC5B,15
GO:0002221,pattern recognition receptor signaling pathway,18/456,278/18986,0.06474820143884892,2.6958538432411965,4.468349652498828,0.00014415584875775316,0.005375419518475787,0.004288467112200469,ANKRD17/IRAK3/ZDHHC3/CYLD/BIRC3/SLC46A2/PRKCE/NLRC3/PIK3AP1/RIOK3/KCNJ8/NOD1/SLC15A3/ARRB2/APPL1/TLR5/CD274/FCN2,18
GO:0030048,actin filament-based movement,12/456,140/18986,0.08571428571428572,3.5687969924812033,4.785576036087746,0.0001448900139750886,0.005375419518475787,0.004288467112200469,EMP2/PDE4D/GJA5/RNF207/MYO1C/FGF12/ATP1A1/KCNJ8/SCN4B/VIL1/ATP2A1/RANGRF,12
GO:0001558,regulation of cell growth,23/456,408/18986,0.056372549019607844,2.347125472996216,4.315078124617217,0.0001485778993415247,0.005462580245160021,0.0043580032495337696,GDF9/SFRP2/SH3BP4/RTN4R/EFNA5/RIMS1/CGRRF1/WFDC1/IGF1/ACVRL1/SEMA5A/BCAR1/MEAF6/ARHGEF11/TRPC5/SMAD3/IL17RB/SEMA6D/SPAG9/OGFR/RND2/INHBA/TSPYL2,23
GO:0043122,regulation of canonical NF-kappaB signal transduction,19/456,305/18986,0.06229508196721312,2.593715846994536,4.401601924177111,0.0001570359875794674,0.0057123321183742085,0.004557253315655716,AKAP13/TRIM59/ANKRD17/VAPA/IRAK3/BIRC3/PRKCB/PRKCE/NLRC3/TMEM106A/BTRC/RIOK3/GOLT1B/NOD1/ARRB2/AZI2/HSPB1/GPRC5B/TANK,19
GO:0006942,regulation of striated muscle contraction,10/456,101/18986,0.09900990099009901,4.122372763592149,4.935565896078358,0.00015817043111401264,0.0057123321183742085,0.004557253315655716,PDE4D/GJA5/RNF207/SLC8A1/PDE5A/ATP1A1/TRPV4/MYL3/ATP2A1/RANGRF,10
GO:0099003,vesicle-mediated transport in synapse,17/456,258/18986,0.06589147286821706,2.7434550523595815,4.4230812827497585,0.0001779217488812443,0.006369286466529457,0.005081366290763515,GIT2/SYT7/SH3GL3/UNC13C/DOC2A/RIMS1/CBLB/PRKCB/VAC14/GSG1L/ATAD1/GIT1/ABCA13/NLGN3/STXBP5/PPP3CB/STX1B,17
GO:0035023,regulation of Rho protein signal transduction,9/456,84/18986,0.10714285714285714,4.460996240601504,4.9869716986847905,0.00018372118191336417,0.006482618731619223,0.00517178187412741,AKAP13/CDC42SE1/SYNPO2L/RTN4R/ARRB1/TAGAP/ABL2/CDC42SE2/ARHGAP20,9
GO:0032640,tumor necrosis factor production,14/456,188/18986,0.07446808510638298,3.1005505785740946,4.540526949160066,0.0001874415609730626,0.006482618731619223,0.00517178187412741,CLU/IRAK3/AKAP12/SLAMF1/GPR18/IGF1/NLRC3/TMEM106A/PTPRC/NOD1/MC1R/ARRB2/CD47/HSPB1,14
GO:0032680,regulation of tumor necrosis factor production,14/456,188/18986,0.07446808510638298,3.1005505785740946,4.540526949160066,0.0001874415609730626,0.006482618731619223,0.00517178187412741,CLU/IRAK3/AKAP12/SLAMF1/GPR18/IGF1/NLRC3/TMEM106A/PTPRC/NOD1/MC1R/ARRB2/CD47/HSPB1,14
GO:0035725,sodium ion transmembrane transport,14/456,188/18986,0.07446808510638298,3.1005505785740946,4.540526949160066,0.0001874415609730626,0.006482618731619223,0.00517178187412741,GRIN2A/FGF14/PRKCE/FGF12/SLC8A1/WNK4/SLC12A2/SLMAP/ATP1A1/SLC6A2/SLC9A6/SCN4B/WNK1/RANGRF,14
GO:1990778,protein localization to cell periphery,21/456,362/18986,0.058011049723756904,2.4153460308229135,4.265112073322252,0.00019378308258295165,0.006639021998818008,0.005296559161800926,EMP2/GRIN2A/ZDHHC3/SORL1/PRKCE/DPP10/CCDC88A/WNK4/SLMAP/PIK3R2/SPTBN4/RHOQ/VIL1/APPL1/RAPGEF2/ACTN2/STX1B/AKAP5/WNK1/RANGRF/GRIP1,21
GO:0051251,positive regulation of lymphocyte activation,20/456,336/18986,0.05952380952380952,2.4783312447786128,4.288959930964545,0.00019521750547859862,0.006639021998818008,0.005296559161800926,IL15/HLA-DPA1/ICOSLG/HLA-A/CYLD/SLAMF1/IGF1/CD55/CD28/SIRPB1/PRLR/ABL2/PTPRC/TNFSF13B/HLA-DRB4/SHB/IL6ST/CD47/CD274/IL7R,20
GO:0086001,cardiac muscle cell action potential,9/456,85/18986,0.10588235294117647,4.408513931888545,4.940628026813372,0.0002011875440827175,0.006729888257389918,0.005369051543122047,GJA5/RNF207/FGF12/SLC8A1/SLMAP/ATP1A1/KCNJ8/SCN4B/RANGRF,9
GO:0086003,cardiac muscle cell contraction,9/456,85/18986,0.10588235294117647,4.408513931888545,4.940628026813372,0.0002011875440827175,0.006729888257389918,0.005369051543122047,PDE4D/GJA5/RNF207/FGF12/ATP1A1/KCNJ8/SCN4B/ATP2A1/RANGRF,9
GO:0008217,regulation of blood pressure,14/456,190/18986,0.07368421052631578,3.067913204062788,4.493931010733384,0.00020926566296013572,0.006943196508457836,0.0055392271761720135,EMP2/GNA13/PTPN1/GJA5/ACVRL1/WNK4/ATP1A1/SMAD3/KCNJ8/PLCB3/APLN/EMILIN1/ATP2B1/WNK1,14
GO:0043434,response to peptide hormone,24/456,446/18986,0.053811659192825115,2.2405003540240735,4.1587179739550715,0.00021567940145019807,0.0070982873977278906,0.005662957459129564,PTPN1/SOS1/PTPN2/SORL1/PRKCB/MYO1C/GKAP1/BCAR1/STXBP4/SMAD3/PIK3R2/TRPV4/RHOQ/KCNJ8/INHBA/GAB1/EIF4EBP2/APPL1/SORT1/FER/IGF1R/MAPK1/ACTN2/ATP2B1,24
GO:1990138,neuron projection extension,13/456,169/18986,0.07692307692307693,3.2027665317139005,4.512182341340408,0.00022962340320765962,0.007496744867923672,0.005980843672600347,SEMA5B/RTN4R/RIMS1/SLITRK1/ITGA4/SEMA5A/TRPC5/SEMA6D/SLC9A6/SPAG9/CYFIP2/NLGN3/PPP3CB,13
GO:0071214,cellular response to abiotic stimulus,20/456,342/18986,0.05847953216374269,2.434851749256181,4.200495751887246,0.0002463138442033147,0.007915014159005725,0.006314535599841295,BDKRB2/SFRP2/OPN5/BMF/TRPM1/TLK2/CASP8AP2/RAD9B/TSPYL5/NLK/ATM/ATP1A1/TRPV4/BAG3/SNAI2/MC1R/IGF1R/TLR5/TANK/WNK1,20
GO:0104004,cellular response to environmental stimulus,20/456,342/18986,0.05847953216374269,2.434851749256181,4.200495751887246,0.0002463138442033147,0.007915014159005725,0.006314535599841295,BDKRB2/SFRP2/OPN5/BMF/TRPM1/TLK2/CASP8AP2/RAD9B/TSPYL5/NLK/ATM/ATP1A1/TRPV4/BAG3/SNAI2/MC1R/IGF1R/TLR5/TANK/WNK1,20
GO:0010975,regulation of neuron projection development,24/456,452/18986,0.05309734513274336,2.2107591988821613,4.086885098291632,0.0002625989436493494,0.00820663264583728,0.006547186518674398,PTPN1/RAPGEF1/SFRP2/BMP5/NGEF/RTN4R/EFNA5/SLITRK1/PLXNA2/TIAM2/ARHGAP33/CCDC88A/KIDINS220/SEMA5A/MAP2K1/TRPC5/SEMA6D/ABL2/TRPV4/RND2/RAPGEF2/IGF1R/CNTN2/STX1B,24
GO:0048259,regulation of receptor-mediated endocytosis,11/456,128/18986,0.0859375,3.578090734649123,4.590979775680329,0.00026570222513978863,0.00820663264583728,0.006547186518674398,SH3GL3/CLU/ARRB1/CBLB/VAC14/SMAP1/GSG1L/ATAD1/BMP2K/APLN/ARRB2,11
GO:0043243,positive regulation of protein-containing complex disassembly,6/456,38/18986,0.15789473684210525,6.574099722991689,5.395539258400396,0.0002671009490802611,0.00820663264583728,0.006547186518674398,SEMA5A/TRPV4/VIL1/IGF1R/ACTN2/WNK1,6
GO:0002696,positive regulation of leukocyte activation,21/456,371/18986,0.05660377358490566,2.356752730883813,4.1400553875083554,0.0002701817550007841,0.00820663264583728,0.006547186518674398,IL15/HLA-DPA1/ICOSLG/HLA-A/CYLD/SLAMF1/IGF1/CD55/CD28/SIRPB1/PRLR/ABL2/PTPRC/TNFSF13B/HLA-DRB4/SHB/IL6ST/CD47/CD274/TSLP/IL7R,21
GO:0009214,cyclic nucleotide catabolic process,4/456,14/18986,0.2857142857142857,11.895989974937343,6.397704358901347,0.0002714764536113778,0.00820663264583728,0.006547186518674398,PDE4A/PDE4D/PDE5A/PDE8B,4
GO:0038180,nerve growth factor signaling pathway,4/456,14/18986,0.2857142857142857,11.895989974937343,6.397704358901347,0.0002714764536113778,0.00820663264583728,0.006547186518674398,RAPGEF1/KIDINS220/SORT1/RAPGEF2,4
GO:0098840,protein transport along microtubule,4/456,14/18986,0.2857142857142857,11.895989974937343,6.397704358901347,0.0002714764536113778,0.00820663264583728,0.006547186518674398,DLG2/KIF5A/BAG3/HSPB1,4
GO:0099118,microtubule-based protein transport,4/456,14/18986,0.2857142857142857,11.895989974937343,6.397704358901347,0.0002714764536113778,0.00820663264583728,0.006547186518674398,DLG2/KIF5A/BAG3/HSPB1,4
GO:0030308,negative regulation of cell growth,13/456,173/18986,0.07514450867052024,3.1287141263563534,4.4122628685228955,0.00028870652806731076,0.008585970800067833,0.006849819493315574,GDF9/SFRP2/SH3BP4/RTN4R/CGRRF1/WFDC1/ACVRL1/SEMA5A/SMAD3/SEMA6D/SPAG9/INHBA/TSPYL2,13
GO:0001934,positive regulation of protein phosphorylation,24/456,455/18986,0.05274725274725275,2.1961827646038174,4.051387867752152,0.000289274810103655,0.008585970800067833,0.006849819493315574,PTPN1/SFRP2/ADRA2A/LCP2/CCNY/IL15/FNIP1/EFNA5/ARRB1/IGF1/STK4/CCDC88A/PDE5A/STRADA/MAP2K1/PRLR/PTPRC/IL31RA/PIK3R5/ARRB2/RAPGEF2/MAPK1/GPRC5B/PRKAG2,24
GO:0048167,regulation of synaptic plasticity,15/456,220/18986,0.06818181818181818,2.838815789473684,4.303419873204274,0.00029289087398710276,0.008585970800067833,0.006849819493315574,GRIN2A/JPH4/SYT7/UNC13C/SHISA6/JPH3/SORCS2/RASGRF2/EIF4EBP2/RAPGEF2/MAPK1/HRH1/CNTN2/PPP3CB/AKAP5,15
GO:1902305,regulation of sodium ion transmembrane transport,7/456,54/18986,0.12962962962962962,5.397254710851201,5.076101146473372,0.0002940496521344382,0.008585970800067833,0.006849819493315574,FGF14/PRKCE/FGF12/SLMAP/SCN4B/WNK1/RANGRF,7
GO:0002704,negative regulation of leukocyte mediated immunity,8/456,71/18986,0.11267605633802817,4.691376328144305,4.888373001550259,0.0002945444528325157,0.008585970800067833,0.006849819493315574,HLA-A/SLAMF1/PTPRC/CR1L/ARRB2/CD274/IL7R/PPP3CB,8
GO:0070374,positive regulation of ERK1 and ERK2 cascade,14/456,197/18986,0.07106598984771574,2.958901059755989,4.335545950430966,0.0003037729327795151,0.008737934692688323,0.006971055083115589,ARRB1/AKAP12/SLAMF1/PDGFC/IGF1/MAP2K1/CXCL17/PTPRC/TRPV4/PDE8B/NOD1/INHBA/ARRB2/RAPGEF2,14
GO:0051283,negative regulation of sequestering of calcium ion,11/456,130/18986,0.08461538461538462,3.5230431848852906,4.528158163376525,0.00030403987413911833,0.008737934692688323,0.006971055083115589,JPH4/PDE4D/PRKCE/SLC8A1/ANXA6/XCR1/ITPR2/JPH3/PTPRC/PLCB3/UBASH3B,11
GO:0002758,innate immune response-activating signaling pathway,18/456,297/18986,0.06060606060606061,2.5233918128654973,4.150943502105203,0.00032425904452920544,0.009253854270795017,0.007382651635839767,ANKRD17/IRAK3/ZDHHC3/CYLD/BIRC3/SLC46A2/PRKCE/NLRC3/PIK3AP1/RIOK3/KCNJ8/NOD1/SLC15A3/ARRB2/APPL1/TLR5/CD274/FCN2,18
GO:0007215,glutamate receptor signaling pathway,7/456,55/18986,0.12727272727272726,5.299122807017543,5.008693201670602,0.0003300622612789093,0.009354056168605757,0.007462591916196394,GRIN2A/GRIA4/GRM8/GRM7/TRPM1/GRIK4/NLGN3,7
GO:0001911,negative regulation of leukocyte mediated cytotoxicity,5/456,26/18986,0.19230769230769232,8.006916329284751,5.608470649407268,0.0003388733457733802,0.009413231093910276,0.007509801202869391,HLA-A/PTPRC/ARRB2/IL7R/PPP3CB,5
GO:1900078,positive regulation of cellular response to insulin stimulus,5/456,26/18986,0.19230769230769232,8.006916329284751,5.608470649407268,0.0003388733457733802,0.009413231093910276,0.007509801202869391,PTPN1/PTPN2/SORL1/MYO1C/GKAP1,5
GO:0043549,regulation of kinase activity,24/456,460/18986,0.05217391304347826,2.172311212814645,3.9928318146027455,0.0003390700737086034,0.009413231093910276,0.007509801202869391,EMP2/PTPN1/ADRA2A/PTPN2/LCP2/IRAK3/CCNY/LMO4/IGF1/GPRC5A/SLC8A1/CCDC88A/PDE5A/STRADA/MAP2K1/PRLR/PTPRC/WEE2/PIK3R5/RAPGEF2/HSPB1/TSPYL2/GPRC5B/PRKAG2,24
GO:0035249,"synaptic transmission, glutamatergic",10/456,111/18986,0.09009009009009009,3.7509878299351977,4.559914407710555,0.0003430764158523267,0.00943892275419818,0.00753029780593894,GRIN2A/UNC13C/GRIA4/GRM8/GRM7/CACNG4/ATAD1/KCNJ8/GRIK4/NLGN3,10
GO:0022604,regulation of cell morphogenesis,16/456,248/18986,0.06451612903225806,2.6861912846632707,4.192963441208212,0.0003462947752364289,0.00943892275419818,0.00753029780593894,GNA13/MYO10/CDC42SE1/EFNA5/RIMS1/ITGB2/PLXNA2/RHOJ/RHOQ/SPAG9/VIL1/ARHGAP15/CDC42SE2/CNTN2/FGD4/GRIP1,16
GO:0051282,regulation of sequestering of calcium ion,11/456,132/18986,0.08333333333333333,3.469663742690058,4.466558767983198,0.00034693418601561553,0.00943892275419818,0.00753029780593894,JPH4/PDE4D/PRKCE/SLC8A1/ANXA6/XCR1/ITPR2/JPH3/PTPRC/PLCB3/UBASH3B,11
GO:1902905,positive regulation of supramolecular fiber organization,13/456,177/18986,0.07344632768361582,3.058008722370899,4.315200738662893,0.0003603068402545264,0.009737829238931935,0.00776876303176891,CLU/SYNPO2L/PRKCE/CCDC88A/USP8/SEMA5A/SMAD3/GIT1/TRPV4/VIL1/FER/CD47/ACTN2,13
GO:0090030,regulation of steroid hormone biosynthetic process,4/456,15/18986,0.26666666666666666,11.102923976608187,6.140413458495885,0.00036319819114922174,0.009751393539999828,0.0077795845237156715,BMP5/ATP1A1/PDE8B/IGF1R,4
GO:0007249,canonical NF-kappaB signal transduction,19/456,327/18986,0.0581039755351682,2.419215086646279,4.060952648612797,0.0003786283583014987,0.010099230916525597,0.008057086427427146,AKAP13/TRIM59/ANKRD17/VAPA/IRAK3/BIRC3/PRKCB/PRKCE/NLRC3/TMEM106A/BTRC/RIOK3/GOLT1B/NOD1/ARRB2/AZI2/HSPB1/GPRC5B/TANK,19
GO:0007015,actin filament organization,24/456,465/18986,0.05161290322580645,2.1489530277306166,3.9350164018775207,0.0003962604486208366,0.01050090188845217,0.008377536347124044,EMP2/SYNPO2L/ARRB1/ARHGAP28/MYO1C/SPTAN1/PRKCE/CCDC88A/SEMA5A/BCAR1/SMAD3/RHOJ/TTN/PIK3R2/SPTBN4/TRPV4/RHOQ/VIL1/CYFIP2/RND2/FER/CD47/NEB/ACTN2,24
GO:0006929,substrate-dependent cell migration,5/456,27/18986,0.18518518518518517,7.710363872644574,5.4735646474217585,0.00040775155156186593,0.010726966090203738,0.008557888576587307,ITGA11/STK4/PTPRC/SNAI2/EPHA8,5
GO:0019933,cAMP-mediated signaling,7/456,57/18986,0.12280701754385964,5.11318867343798,4.878678908400084,0.00041267671555059713,0.010726966090203738,0.008557888576587307,PDE1C/PDE4A/PDE4D/PDE6A/PDE5A/PDE8B/RAPGEF2,7
GO:0061178,regulation of insulin secretion involved in cellular response to glucose stimulus,7/456,57/18986,0.12280701754385964,5.11318867343798,4.878678908400084,0.00041267671555059713,0.010726966090203738,0.008557888576587307,ADRA2A/EFNA5/PRKCE/STXBP4/PDE8B/GPR27/PPP3CB,7
GO:0071677,positive regulation of mononuclear cell migration,9/456,94/18986,0.09574468085106383,3.9864221724524076,4.553299022587286,0.0004299583000439246,0.011105441914425673,0.008859833591178274,JAM3/SLAMF1/ITGA4/CXCL17/ABL2/TRPV4/CD47/MAPK1/WNK1,9
GO:0051208,sequestering of calcium ion,11/456,136/18986,0.08088235294117647,3.3676148090815277,4.346851833205653,0.0004481008093461629,0.011501254106551515,0.00917560942275857,JPH4/PDE4D/PRKCE/SLC8A1/ANXA6/XCR1/ITPR2/JPH3/PTPRC/PLCB3/UBASH3B,11
GO:0018105,peptidyl-serine phosphorylation,12/456,159/18986,0.07547169811320754,3.1423369745117506,4.255452983857268,0.0004706693559422273,0.012005010260001435,0.009577502091640192,SFRP2/PDE4D/FNIP1/TLK2/PRKCE/STK4/CNKSR3/ATM/SPTBN4/MAPK1/WNK1/MKNK1,12
GO:0009749,response to glucose,14/456,206/18986,0.06796116504854369,2.8296286833588824,4.141892174737181,0.0004772201197926809,0.012096492601701434,0.009650485979200799,SLC30A8/ADRA2A/ANGPT2/EFNA5/PRKCB/PRKCE/RASAL2/STXBP4/SMAD3/PDE8B/GJB6/GPR27/IGF1R/PPP3CB,14
GO:1903779,regulation of cardiac conduction,5/456,28/18986,0.17857142857142858,7.4349937343358405,5.345408464027805,0.00048668513474892604,0.012260259474755352,0.009781137893297131,GJA5/ATP2B2/SLC8A1/ATP2A1/ATP2B1,5
GO:0008277,regulation of G protein-coupled receptor signaling pathway,12/456,160/18986,0.075,3.122697368421053,4.229792453759425,0.0004980286852341123,0.01246401359931234,0.009943691319896586,GIT2/ZDHHC3/PDE4A/PDCL/PDE4D/ARRB1/GIT1/RIC8B/GPR27/APLN/ARRB2/CNTN2,12
GO:0050777,negative regulation of immune response,14/456,207/18986,0.06763285024154589,2.81595897957454,4.121022524237271,0.0005008817030843479,0.01246401359931234,0.009943691319896586,PTPN2/IRAK3/HLA-A/SLAMF1/CD59/NLRC3/CD55/PTPRC/CR1L/ARRB2/FER/CD274/IL7R/PPP3CB,14
GO:0045926,negative regulation of growth,15/456,232/18986,0.06465517241379311,2.691980490018149,4.067638974930857,0.0005136941925846259,0.01270536969659308,0.01013624330248324,GDF9/SFRP2/SH3BP4/RTN4R/CGRRF1/WFDC1/STK4/ACVRL1/SEMA5A/SMAD3/SEMA6D/SPAG9/INHBA/SAV1/TSPYL2,15
GO:0099072,regulation of postsynaptic membrane neurotransmitter receptor levels,10/456,117/18986,0.08547008547008547,3.558629479682111,4.354877072223344,0.0005227523177093791,0.012759673827724556,0.010179566708147398,CBLB/DLG2/VAC14/CACNG4/SHISA6/GSG1L/ATAD1/CTNND1/STX1B/GRIP1,10
GO:1903076,regulation of protein localization to plasma membrane,10/456,117/18986,0.08547008547008547,3.558629479682111,4.354877072223344,0.0005227523177093791,0.012759673827724556,0.010179566708147398,PRKCE/DPP10/WNK4/PIK3R2/RHOQ/VIL1/APPL1/AKAP5/WNK1/RANGRF,10
GO:0051223,regulation of protein transport,23/456,446/18986,0.0515695067264574,2.147146172606404,3.8457525556493612,0.0005266459420006904,0.012759673827724556,0.010179566708147398,SLC30A8/PTPN1/SYT7/DNAJC1/ADRA2A/SORL1/EFNA5/PRKCB/IGF1/PRKCE/SERGEF/SLC12A2/F2RL2/STXBP4/SMAD3/TTN/PIK3R2/BAG3/PDE8B/GPR27/PPP3CB/AKAP5/KIF20B,23
GO:0031346,positive regulation of cell projection organization,20/456,363/18986,0.05509641873278237,2.293992557150452,3.9049032824385477,0.0005289138093394422,0.012759673827724556,0.010179566708147398,CEP135/RAPGEF1/BMP5/EFNA5/SLITRK1/PLXNA2/TIAM2/CCDC88A/KIDINS220/SEMA5A/MAP2K1/TRPC5/ABL2/RHOQ/VIL1/RND2/TAPT1/RAPGEF2/IGF1R/GRIP1,20
GO:0046640,regulation of alpha-beta T cell proliferation,6/456,43/18986,0.13953488372093023,5.809669522643819,4.953077200898754,0.0005330779180607515,0.012759673827724556,0.010179566708147398,HLA-A/CBLB/CD55/CD28/PTPRC/CD274,6
GO:0033674,positive regulation of kinase activity,16/456,258/18986,0.06201550387596899,2.5820753433972525,4.013666902286763,0.0005346494056703992,0.012759673827724556,0.010179566708147398,PTPN1/ADRA2A/LCP2/CCNY/LMO4/IGF1/CCDC88A/PDE5A/STRADA/MAP2K1/PRLR/PTPRC/PIK3R5/RAPGEF2/GPRC5B/PRKAG2,16
GO:0050867,positive regulation of cell activation,21/456,391/18986,0.05370843989769821,2.2362027190738996,3.874627836681353,0.0005402988631227837,0.012819532909326048,0.010227321809294797,IL15/HLA-DPA1/ICOSLG/HLA-A/CYLD/SLAMF1/IGF1/CD55/CD28/SIRPB1/PRLR/ABL2/PTPRC/TNFSF13B/HLA-DRB4/SHB/IL6ST/CD47/CD274/TSLP/IL7R,21
GO:0050772,positive regulation of axonogenesis,8/456,78/18986,0.10256410256410256,4.270355375618533,4.540142301033572,0.0005609935724067142,0.013233611381455495,0.010557670334371567,EFNA5/SLITRK1/PLXNA2/TIAM2/SEMA5A/MAP2K1/TRPC5/RND2,8
GO:0008360,regulation of cell shape,11/456,140/18986,0.07857142857142857,3.2713972431077694,4.231531042300476,0.0005728855076165813,0.013369531438735476,0.010666106279422955,GNA13/MYO10/CDC42SE1/ITGB2/PLXNA2/RHOJ/RHOQ/VIL1/ARHGAP15/CDC42SE2/FGD4,11
GO:0031342,negative regulation of cell killing,5/456,29/18986,0.1724137931034483,7.178614640048398,5.223424424288135,0.0005765835660910178,0.013369531438735476,0.010666106279422955,HLA-A/PTPRC/ARRB2/IL7R/PPP3CB,5
GO:0035872,"nucleotide-binding domain, leucine rich repeat containing receptor signaling pathway",5/456,29/18986,0.1724137931034483,7.178614640048398,5.223424424288135,0.0005765835660910178,0.013369531438735476,0.010666106279422955,CYLD/BIRC3/SLC46A2/NOD1/SLC15A3,5
GO:0150052,regulation of postsynapse assembly,6/456,44/18986,0.13636363636363635,5.677631578947368,4.872921860181482,0.000604898906583284,0.013888641790299356,0.011080248405936601,GNA13/PTPN1/RTN4R/ARHGAP33/DOCK4/CYFIP2,6
GO:0009746,response to hexose,14/456,211/18986,0.06635071090047394,2.7625758709570136,4.0387696842895,0.0006057775639973745,0.013888641790299356,0.011080248405936601,SLC30A8/ADRA2A/ANGPT2/EFNA5/PRKCB/PRKCE/RASAL2/STXBP4/SMAD3/PDE8B/GJB6/GPR27/IGF1R/PPP3CB,14
GO:2001212,regulation of vasculogenesis,4/456,17/18986,0.23529411764705882,9.796697626418988,5.6920921042228,0.0006095848296552922,0.013897853015772333,0.011087597048655213,EMP2/RRAS/RAPGEF2/TMEM100,4
GO:0097191,extrinsic apoptotic signaling pathway,15/456,236/18986,0.0635593220338983,2.6463537020517394,3.9923492146756407,0.0006135438484668983,0.013910402475518955,0.0110976089082346,SFRP2/BMP5/ZDHHC3/TMC8/CYLD/IGF1/CASP8AP2/STK4/SMAD3/EYA4/PTPRC/BAG3/SNAI2/INHBA/SORT1,15
GO:0045766,positive regulation of angiogenesis,13/456,189/18986,0.06878306878306878,2.8638494384108415,4.03968471379677,0.000672092541965525,0.015153644551167444,0.012089457588248729,EMP2/ANGPTL3/SFRP2/ANGPT2/RRAS/PRKCB/ITGAX/ACVRL1/SEMA5A/GAB1/EMILIN1/HSPB1/WNK1,13
GO:0048010,vascular endothelial growth factor receptor signaling pathway,7/456,62/18986,0.11290322580645161,4.700834748160724,4.578667227489352,0.0006926406483500116,0.015525324290777702,0.012385980740369474,PTPN1/FGF9/PRKCB/CLEC14A/BCAR1/EMILIN1/HSPB1,7
GO:0045859,regulation of protein kinase activity,22/456,427/18986,0.05152224824355972,2.145178520070669,3.754566989499274,0.0006999893695534215,0.015525324290777702,0.012385980740369474,PTPN1/ADRA2A/PTPN2/LCP2/IRAK3/CCNY/IGF1/GPRC5A/SLC8A1/CCDC88A/PDE5A/STRADA/MAP2K1/PRLR/PTPRC/WEE2/PIK3R5/RAPGEF2/HSPB1/TSPYL2/GPRC5B/PRKAG2,22
GO:0002218,activation of innate immune response,18/456,317/18986,0.056782334384858045,2.3641872820853393,3.8423162903069303,0.0006999901174964707,0.015525324290777702,0.012385980740369474,ANKRD17/IRAK3/ZDHHC3/CYLD/BIRC3/SLC46A2/PRKCE/NLRC3/PIK3AP1/RIOK3/KCNJ8/NOD1/SLC15A3/ARRB2/APPL1/TLR5/CD274/FCN2,18
GO:1903556,negative regulation of tumor necrosis factor superfamily cytokine production,8/456,81/18986,0.09876543209876543,4.112194065410439,4.403224728570662,0.0007229830716175478,0.015948615758222772,0.012723679320131296,IRAK3/SLAMF1/GPR18/IGF1/NLRC3/MC1R/ARRB2/CD274,8
GO:0007160,cell-matrix adhesion,15/456,241/18986,0.06224066390041494,2.5914500982747324,3.900397206253002,0.0007612112556950495,0.016432637148365233,0.013109827751168746,EMP2/ANGPTL3/RRAS/EFNA5/ITGA8/ITGB2/ITGA11/JAM3/ITGAX/ACVRL1/ITGA4/TLN1/SMAD3/EMILIN1/ACTN2,15
GO:0034113,heterotypic cell-cell adhesion,7/456,63/18986,0.1111111111111111,4.626218323586745,4.522506925144349,0.0007633799330301574,0.016432637148365233,0.013109827751168746,ITGB2/JAM3/ITGAX/ITGA4/PTPRC/CD47/WNK1,7
GO:0035728,response to hepatocyte growth factor,4/456,18/18986,0.2222222222222222,9.25243664717349,5.494873432825079,0.0007689744546506854,0.016432637148365233,0.013109827751168746,BCAR1/VIL1/GAB1/APPL1,4
GO:0055119,relaxation of cardiac muscle,4/456,18/18986,0.2222222222222222,9.25243664717349,5.494873432825079,0.0007689744546506854,0.016432637148365233,0.013109827751168746,PDE4D/SLC8A1/PDE5A/ATP1A1,4
GO:0060039,pericardium development,4/456,18/18986,0.2222222222222222,9.25243664717349,5.494873432825079,0.0007689744546506854,0.016432637148365233,0.013109827751168746,SOS1/BMP5/CCM2/SMAD3,4
GO:0051963,regulation of synapse assembly,12/456,168/18986,0.07142857142857142,2.973997493734336,4.031480078787589,0.0007690844634495858,0.016432637148365233,0.013109827751168746,GNA13/PTPN1/RTN4R/EFNA5/SLITRK1/ARHGAP33/DOCK4/IL1RAP/SLITRK2/SRGAP2/CYFIP2/NLGN3,12
GO:0051897,positive regulation of phosphatidylinositol 3-kinase/protein kinase B signal transduction,13/456,192/18986,0.06770833333333333,2.8191017909356724,3.974184424370665,0.0007784283894984557,0.01645992879556061,0.013131600811119299,PDGFC/IGF1/CCDC88A/CD28/SEMA5A/PIK3AP1/TSPYL5/PIK3R5/ARRB2/FER/IGF1R/TMEM100/EPHA8,13
GO:1904018,positive regulation of vasculature development,13/456,192/18986,0.06770833333333333,2.8191017909356724,3.974184424370665,0.0007784283894984557,0.01645992879556061,0.013131600811119299,EMP2/ANGPTL3/SFRP2/ANGPT2/RRAS/PRKCB/ITGAX/ACVRL1/SEMA5A/GAB1/EMILIN1/HSPB1/WNK1,13
GO:0050770,regulation of axonogenesis,11/456,146/18986,0.07534246575342465,3.1369562605142995,4.066133413567887,0.0008134926528689167,0.01711269853792809,0.013652375340876611,RTN4R/EFNA5/SLITRK1/PLXNA2/TIAM2/SEMA5A/MAP2K1/TRPC5/SEMA6D/RND2/CNTN2,11
GO:0045860,positive regulation of protein kinase activity,15/456,243/18986,0.06172839506172839,2.570121290881525,3.864264091421614,0.0008282007778849574,0.017332755766915443,0.013827935255050867,PTPN1/ADRA2A/LCP2/CCNY/IGF1/CCDC88A/PDE5A/STRADA/MAP2K1/PRLR/PTPRC/PIK3R5/RAPGEF2/GPRC5B/PRKAG2,15
GO:0034284,response to monosaccharide,14/456,218/18986,0.06422018348623854,2.673869306293256,3.899337331559462,0.0008342941190969615,0.01737119540834031,0.013858602096492492,SLC30A8/ADRA2A/ANGPT2/EFNA5/PRKCB/PRKCE/RASAL2/STXBP4/SMAD3/PDE8B/GJB6/GPR27/IGF1R/PPP3CB,14
GO:0043254,regulation of protein-containing complex assembly,22/456,433/18986,0.050808314087759814,2.115453182610105,3.6833096874492837,0.0008404151496905865,0.017409818405519206,0.013889415217702294,CLU/TMC8/SORL1/FNIP1/ARHGAP28/JAM3/BMF/LMO4/SPTAN1/PRKCE/NLRC3/ATM/RIOK3/GIT1/PIK3R2/SPTBN4/SAR1B/VIL1/CYFIP2/FER/STXBP5/STX1B,22
GO:1905475,regulation of protein localization to membrane,13/456,194/18986,0.06701030927835051,2.79003888587448,3.9312154048182344,0.0008569035472257056,0.017563638513708204,0.014012131681579458,ITGB2/MYO1C/PRKCE/DPP10/SHISA6/WNK4/PIK3R2/RHOQ/VIL1/APPL1/AKAP5/WNK1/RANGRF,13
GO:0045598,regulation of fat cell differentiation,11/456,147/18986,0.07482993197278912,3.1156164220073994,4.039398372869238,0.0008607517036857733,0.017563638513708204,0.014012131681579458,DLK2/SFRP2/TMEM64/PTPRQ/GDF3/STK4/SMAD3/TRPV4/SNAI2/SORT1/SAV1,11
GO:0071675,regulation of mononuclear cell migration,11/456,147/18986,0.07482993197278912,3.1156164220073994,4.039398372869238,0.0008607517036857733,0.017563638513708204,0.014012131681579458,BMP5/JAM3/SLAMF1/ITGA4/CXCL17/ABL2/TRPV4/CD47/EMILIN1/MAPK1/WNK1,11
GO:1903305,regulation of regulated secretory pathway,10/456,125/18986,0.08,3.3308771929824563,4.101493747341369,0.0008774406777653935,0.017815101522191894,0.014212746877865211,SYT7/ADRA2A/DOC2A/RIMS1/ITGB2/PRKCB/SCAMP5/SYT15/GIT1/STXBP5,10
GO:0018209,peptidyl-serine modification,12/456,171/18986,0.07017543859649122,2.9218220991074175,3.9601272324397376,0.0008983352376908537,0.018106035796749385,0.014444851937565834,SFRP2/PDE4D/FNIP1/TLK2/PRKCE/STK4/CNKSR3/ATM/SPTBN4/MAPK1/WNK1/MKNK1,12
GO:0023061,signal release,24/456,493/18986,0.0486815415821501,2.026902957190136,3.6240918140872087,0.0009006432900612902,0.018106035796749385,0.014444851937565834,GDF9/SLC30A8/SYT7/ADRA2A/UNC13C/DOC2A/EFNA5/RIMS1/PRKCB/PRKCE/MCTP2/WNK4/F2RL2/STXBP4/GIT1/TRPV4/PDE8B/ADORA3/KCNJ8/GPR27/INHBA/STXBP5/PPP3CB/STX1B,24
GO:0070509,calcium ion import,8/456,84/18986,0.09523809523809523,3.965329991645781,4.27276301895914,0.0009206613107640708,0.01825706196252165,0.014565339416314233,CACNA1E/TRPM1/CACNA1A/SLC8A1/TRPV4/PPP3CB/ATP2A1/AKAP5,8
GO:0002710,negative regulation of T cell mediated immunity,5/456,32/18986,0.15625,6.50561951754386,4.88968360492851,0.0009215767616465229,0.01825706196252165,0.014565339416314233,SLAMF1/PTPRC/CD274/IL7R/PPP3CB,5
GO:0010644,cell communication by electrical coupling,5/456,32/18986,0.15625,6.50561951754386,4.88968360492851,0.0009215767616465229,0.01825706196252165,0.014565339416314233,PDE4D/GJA5/SLC8A1/ATP1A1/GJB6,5
GO:0002699,positive regulation of immune effector process,16/456,272/18986,0.058823529411764705,2.449174406604747,3.7763462483362855,0.0009415683931515023,0.018473752944477312,0.014738213765271239,ANKRD17/RASGRP4/FCGR1A/HLA-A/CLNK/ITGB2/SLAMF1/CD55/CD28/IL13RA1/PTPRC/NOD1/SHB/FER/GPRC5B/FCN2,16
GO:0050708,regulation of protein secretion,16/456,272/18986,0.058823529411764705,2.449174406604747,3.7763462483362855,0.0009415683931515023,0.018473752944477312,0.014738213765271239,SLC30A8/SYT7/DNAJC1/ADRA2A/EFNA5/PRKCB/IGF1/PRKCE/SERGEF/SLC12A2/F2RL2/STXBP4/TTN/PDE8B/GPR27/PPP3CB,16
GO:0010759,positive regulation of macrophage chemotaxis,4/456,19/18986,0.21052631578947367,8.765466297322252,5.312452133299542,0.0009556841739514879,0.018660990975579054,0.01488759078333897,SLAMF1/CXCL17/TRPV4/MAPK1,4
GO:0002274,myeloid leukocyte activation,15/456,247/18986,0.06072874493927125,2.5284998934583425,3.7930685910139474,0.0009772651745531531,0.01899151989214961,0.015151284134801518,CLU/LCP2/IL15/CLNK/ITGB2/SLAMF1/PRKCE/TMEM106A/WNK4/ATM/PTPRC/KCNJ8/IL31RA/FER/TSLP,15
GO:0002706,regulation of lymphocyte mediated immunity,13/456,198/18986,0.06565656565656566,2.7336744639376223,3.846891028064747,0.0010338779992138927,0.019913575402856657,0.0158868927174804,RASGRP4/FCGR1A/HLA-A/CLNK/SLAMF1/CD55/CD28/PTPRC/CR1L/ARRB2/CD274/IL7R/PPP3CB,13
GO:0060326,cell chemotaxis,18/456,328/18986,0.054878048780487805,2.284900513478819,3.682340059462886,0.001034471449499047,0.019913575402856657,0.0158868927174804,ITGB2/JAM3/SLAMF1/GPR18/DOCK4/CXCL14/XCR1/SEMA5A/SLC12A2/BCAR1/CXCL17/TRPV4/GAB1/ARRB2/IL17RA/MAPK1/HSPB1/WNK1,18
GO:0045088,regulation of innate immune response,23/456,470/18986,0.04893617021276596,2.0375046659201197,3.572855185924171,0.001068211662659788,0.02046471655474358,0.016326588762770187,ANKRD17/RASGRP4/PTPN1/PTPN2/IRAK3/ZDHHC3/HLA-A/CLNK/CYLD/BIRC3/SLC46A2/PRKCE/NLRC3/PIK3AP1/RIOK3/KCNJ8/NOD1/SLC15A3/ARRB2/APPL1/TLR5/CD274/FCN2,23
GO:0060078,regulation of postsynaptic membrane potential,11/456,151/18986,0.0728476821192053,3.0330835366562097,3.9346934048706665,0.0010731314243359778,0.02046471655474358,0.016326588762770187,GRIN2A/GLRB/GRIA4/RIMS1/SLC1A7/GABRG1/TMEM25/ARRB2/GRIK4/NLGN3/STX1B,11
GO:0051651,maintenance of location in cell,14/456,224/18986,0.0625,2.6022478070175437,3.7841133913678395,0.001084398141957311,0.020583389848036218,0.016421265376127113,JPH4/PDE4D/SORL1/PRKCE/SLC8A1/ANXA6/XCR1/CCDC88A/ITPR2/JPH3/PTPRC/PLCB3/UBASH3B/ATP2A1,14
GO:0035773,insulin secretion involved in cellular response to glucose stimulus,7/456,67/18986,0.1044776119402985,4.350026184865148,4.309099544018484,0.0011053544858357232,0.02088403544766475,0.016661118054044306,ADRA2A/EFNA5/PRKCE/STXBP4/PDE8B/GPR27/PPP3CB,7
GO:0051209,release of sequestered calcium ion into cytosol,10/456,129/18986,0.07751937984496124,3.2275941792465663,3.982397819043382,0.0011178037247986028,0.021021921663147914,0.016771122584535916,JPH4/PDE4D/PRKCE/SLC8A1/XCR1/ITPR2/JPH3/PTPRC/PLCB3/UBASH3B,10
GO:0051347,positive regulation of transferase activity,17/456,304/18986,0.05592105263157895,2.3283269852262234,3.6625209354776342,0.0011526867630519458,0.021354529167731683,0.01703647421705054,PTPN1/ADRA2A/LCP2/CCNY/LMO4/IGF1/CCDC88A/PDE5A/STRADA/MAP2K1/PRLR/BTRC/PTPRC/PIK3R5/RAPGEF2/GPRC5B/PRKAG2,17
GO:0008625,extrinsic apoptotic signaling pathway via death domain receptors,8/456,87/18986,0.09195402298850575,3.828594474692478,4.148211726970141,0.0011594627332804136,0.021354529167731683,0.01703647421705054,SFRP2/BMP5/ZDHHC3/TMC8/CASP8AP2/STK4/BAG3/SORT1,8
GO:0099068,postsynapse assembly,8/456,87/18986,0.09195402298850575,3.828594474692478,4.148211726970141,0.0011594627332804136,0.021354529167731683,0.01703647421705054,GNA13/PTPN1/RTN4R/ARHGAP33/DOCK4/IL1RAP/CYFIP2/NLGN3,8
GO:0045089,positive regulation of innate immune response,20/456,387/18986,0.05167958656330749,2.1517294528310438,3.590964988038818,0.0011630289692818679,0.021354529167731683,0.01703647421705054,ANKRD17/RASGRP4/IRAK3/ZDHHC3/CLNK/CYLD/BIRC3/SLC46A2/PRKCE/NLRC3/PIK3AP1/RIOK3/KCNJ8/NOD1/SLC15A3/ARRB2/APPL1/TLR5/CD274/FCN2,20
GO:0032634,interleukin-5 production,4/456,20/18986,0.2,8.327192982456141,5.142979191876495,0.0011721182390521678,0.021354529167731683,0.01703647421705054,PDE4D/IL1RAP/IL17RA/TSLP,4
GO:0032674,regulation of interleukin-5 production,4/456,20/18986,0.2,8.327192982456141,5.142979191876495,0.0011721182390521678,0.021354529167731683,0.01703647421705054,PDE4D/IL1RAP/IL17RA/TSLP,4
GO:1901881,positive regulation of protein depolymerization,4/456,20/18986,0.2,8.327192982456141,5.142979191876495,0.0011721182390521678,0.021354529167731683,0.01703647421705054,SEMA5A/TRPV4/VIL1/ACTN2,4
GO:0002833,positive regulation of response to biotic stimulus,21/456,416/18986,0.05048076923076923,2.101815536437247,3.5645081974639394,0.001185878580596165,0.02140327956599267,0.017075366898622716,ANKRD17/RASGRP4/IRAK3/ZDHHC3/CLNK/CYLD/BIRC3/SLC46A2/PRKCE/NLRC3/PIK3AP1/RIOK3/KCNJ8/NOD1/SLC15A3/ARRB2/APPL1/EMILIN1/TLR5/CD274/FCN2,21
GO:0048738,cardiac muscle tissue development,15/456,252/18986,0.05952380952380952,2.4783312447786128,3.7060116545518667,0.001194930947768879,0.02140327956599267,0.017075366898622716,AKAP13/BMP5/FGF9/GJA5/FRS2/IGF1/SLC8A1/TTN/KCNJ8/GJB6/ARRB2/SAV1/NEB/MYL3/ACTN2,15
GO:0019229,regulation of vasoconstriction,7/456,68/18986,0.10294117647058823,4.286055211558307,4.258353533896409,0.0012071963890116825,0.02140327956599267,0.017075366898622716,BDKRB2/ADRA2A/GJA5/DOCK4/ITGA4/HRH1/ATP2B1,7
GO:0042058,regulation of epidermal growth factor receptor signaling pathway,7/456,68/18986,0.10294117647058823,4.286055211558307,4.258353533896409,0.0012071963890116825,0.02140327956599267,0.017075366898622716,SOS1/ADRA2A/PTPN2/CBLB/GPRC5A/CCDC88A/FER,7
GO:0001508,action potential,12/456,177/18986,0.06779661016949153,2.822777282188522,3.821971106835906,0.001211506390527887,0.02140327956599267,0.017075366898622716,GJA5/RNF207/FGF12/SLC8A1/GNA14/KCNV1/SLMAP/ATP1A1/KCNJ8/SCN4B/CNTNAP1/RANGRF,12
GO:0032635,interleukin-6 production,12/456,177/18986,0.06779661016949153,2.822777282188522,3.821971106835906,0.001211506390527887,0.02140327956599267,0.017075366898622716,IRAK3/ARRB1/SLAMF1/NLRC3/TMEM106A/IL1RAP/TRPV4/NOD1/ARRB2/CD47/IL17RA/TSLP,12
GO:0032675,regulation of interleukin-6 production,12/456,177/18986,0.06779661016949153,2.822777282188522,3.821971106835906,0.001211506390527887,0.02140327956599267,0.017075366898622716,IRAK3/ARRB1/SLAMF1/NLRC3/TMEM106A/IL1RAP/TRPV4/NOD1/ARRB2/CD47/IL17RA/TSLP,12
GO:0042310,vasoconstriction,8/456,88/18986,0.09090909090909091,3.7850877192982457,4.1079230944008165,0.0012492023270083178,0.02197411507121097,0.017530774942997856,BDKRB2/ADRA2A/GJA5/SLC8A1/DOCK4/ITGA4/HRH1/ATP2B1,8
GO:0045055,regulated exocytosis,14/456,229/18986,0.0611353711790393,2.545430169309737,3.690926955771509,0.0013383335925296282,0.02327088973862429,0.018565331500680928,SYT7/ADRA2A/UNC13C/DOC2A/CLNK/RIMS1/ITGB2/PRKCB/SCAMP5/SYT15/GIT1/STXBP5/PPP3CB/STX1B,14
GO:0048013,ephrin receptor signaling pathway,6/456,51/18986,0.11764705882352941,4.898348813209494,4.3730368972119775,0.0013400291812243831,0.02327088973862429,0.018565331500680928,NGEF/EFNA5/ANKS1B/KALRN/GIT1/EPHA8,6
GO:1990090,cellular response to nerve growth factor stimulus,6/456,51/18986,0.11764705882352941,4.898348813209494,4.3730368972119775,0.0013400291812243831,0.02327088973862429,0.018565331500680928,PTPN1/RAPGEF1/USP8/KIDINS220/SORT1/RAPGEF2,6
GO:0042326,negative regulation of phosphorylation,15/456,256/18986,0.05859375,2.4396073190789473,3.637853053928678,0.001397225280085116,0.023913576735758762,0.01907806209615854,PTPN1/SFRP2/PTPN2/IRAK3/PDE4D/SPRED2/GPRC5A/SLC8A1/CNKSR3/PTPRC/WEE2/INHBA/ARRB2/HSPB1/PRKAG2,15
GO:0030832,regulation of actin filament length,11/456,156/18986,0.07051282051282051,2.9358693207377415,3.8085809329175064,0.0013976025233942658,0.023913576735758762,0.01907806209615854,ARHGAP28/SPTAN1/PRKCE/SEMA5A/PIK3R2/SPTBN4/VIL1/CYFIP2/FER/NEB/ACTN2,11
GO:0090075,relaxation of muscle,5/456,35/18986,0.14285714285714285,5.947994987468672,4.59618202318882,0.0014004765596290969,0.023913576735758762,0.01907806209615854,PDE4D/SLC8A1/PDE5A/ATP1A1/ATP2A1,5
GO:2000649,regulation of sodium ion transmembrane transporter activity,5/456,35/18986,0.14285714285714285,5.947994987468672,4.59618202318882,0.0014004765596290969,0.023913576735758762,0.01907806209615854,FGF14/FGF12/SLMAP/SCN4B/RANGRF,5
GO:0036465,synaptic vesicle recycling,8/456,90/18986,0.08888888888888889,3.700974658869396,4.02908877525973,0.0014452458293554313,0.024062734427159366,0.019197058920853747,GIT2/SYT7/SH3GL3/GIT1/ABCA13/NLGN3/PPP3CB/STX1B,8
GO:0001915,negative regulation of T cell mediated cytotoxicity,3/456,10/18986,0.3,12.490789473684211,5.701610485118457,0.0014563821130870777,0.024062734427159366,0.019197058920853747,PTPRC/IL7R/PPP3CB,3
GO:0030002,intracellular monoatomic anion homeostasis,3/456,10/18986,0.3,12.490789473684211,5.701610485118457,0.0014563821130870777,0.024062734427159366,0.019197058920853747,WNK4/SLC12A2/WNK1,3
GO:0030644,intracellular chloride ion homeostasis,3/456,10/18986,0.3,12.490789473684211,5.701610485118457,0.0014563821130870777,0.024062734427159366,0.019197058920853747,WNK4/SLC12A2/WNK1,3
GO:0032353,negative regulation of hormone biosynthetic process,3/456,10/18986,0.3,12.490789473684211,5.701610485118457,0.0014563821130870777,0.024062734427159366,0.019197058920853747,BMP5/ATP1A1/PDE8B,3
GO:0060368,regulation of Fc receptor mediated stimulatory signaling pathway,3/456,10/18986,0.3,12.490789473684211,5.701610485118457,0.0014563821130870777,0.024062734427159366,0.019197058920853747,PTPRC/APPL1/CD47,3
GO:0071372,cellular response to follicle-stimulating hormone stimulus,3/456,10/18986,0.3,12.490789473684211,5.701610485118457,0.0014563821130870777,0.024062734427159366,0.019197058920853747,EFNA5/INHBA/EPHA8,3
GO:1905150,regulation of voltage-gated sodium channel activity,3/456,10/18986,0.3,12.490789473684211,5.701610485118457,0.0014563821130870777,0.024062734427159366,0.019197058920853747,FGF14/FGF12/SLMAP,3
GO:1903034,regulation of response to wounding,12/456,181/18986,0.06629834254143646,2.7603954637976154,3.7330419623217552,0.0014668036862514622,0.024137200982226683,0.019256467748623825,ADRA2A/RTN4R/WFDC1/PRKCE/SLC12A2/MAP2K1/SMAD3/GIT1/VIL1/UBASH3B/EMILIN1/IGF1R,12
GO:0042116,macrophage activation,9/456,112/18986,0.08035714285714286,3.345747180451128,3.905784264134826,0.0015218714429899066,0.02494280063791891,0.019899168772639107,CLU/ITGB2/PRKCE/TMEM106A/WNK4/ATM/PTPRC/KCNJ8/IL31RA,9
GO:0007218,neuropeptide signaling pathway,9/456,113/18986,0.07964601769911504,3.3161387983232418,3.8737656680880215,0.0016192933564618522,0.026362565042750915,0.02103184556861156,SORCS1/GLRB/SORL1/NXPH2/NMUR2/SORCS2/SORT1/RAPGEF2/NXPH3,9
GO:0007612,learning,11/456,159/18986,0.06918238993710692,2.880475559969105,3.7353018819856536,0.0016281841707249936,0.026362565042750915,0.02103184556861156,GRIN2A/JPH4/JPH3/ATAD1/RIC8A/GIT1/PDE8B/NLGN3/HRH1/CNTN2/PPP3CB,11
GO:0007162,negative regulation of cell adhesion,17/456,314/18986,0.054140127388535034,2.254176444295452,3.515426779846926,0.0016314032699537493,0.026362565042750915,0.02103184556861156,PTPN1/PTPN2/ANGPT2/EFNA5/JAM3/PLXNA2/CBLB/ACVRL1/SEMA5A/PDE5A/TNFAIP8L2/PTPRC/TRPV4/SNAI2/UBASH3B/CD274/WNK1,17
GO:0048009,insulin-like growth factor receptor signaling pathway,6/456,53/18986,0.11320754716981132,4.713505461767626,4.246804772795222,0.001640796746106036,0.026362565042750915,0.02103184556861156,SOS1/BMP5/IGF1/MAP2K1/IGF1R/MAPK1,6
GO:1990089,response to nerve growth factor,6/456,53/18986,0.11320754716981132,4.713505461767626,4.246804772795222,0.001640796746106036,0.026362565042750915,0.02103184556861156,PTPN1/RAPGEF1/USP8/KIDINS220/SORT1/RAPGEF2,6
GO:0006836,neurotransmitter transport,13/456,209/18986,0.06220095693779904,2.589796860572484,3.6253645800642484,0.001684446180305637,0.026742377046870543,0.02133485657694079,SYT7/UNC13C/DOC2A/RIMS1/SLC29A2/PRKCB/SLC1A7/MCTP2/GIT1/SLC6A2/KCNJ8/STXBP5/STX1B,13
GO:0007189,adenylate cyclase-activating G protein-coupled receptor signaling pathway,12/456,184/18986,0.06521739130434782,2.7153890160183063,3.6679172111832448,0.00168611838004047,0.026742377046870543,0.02133485657694079,GNA13/ADRA2A/PDE4A/PDE4D/GPR157/GPR12/GNG2/MC1R/GPR161/RAPGEF2/PTGER3/GNAL,12
GO:0009306,protein secretion,19/456,371/18986,0.05121293800539083,2.1323000898472597,3.4551506553405895,0.0016970913202185645,0.026742377046870543,0.02133485657694079,SLC30A8/SYT7/DNAJC1/ADRA2A/RCN3/EFNA5/PRKCB/IGF1/PRKCE/SERGEF/SLC12A2/F2RL2/STXBP4/TMEM167A/TTN/PDE8B/KCNJ8/GPR27/PPP3CB,19
GO:0035739,"CD4-positive, alpha-beta T cell proliferation",4/456,22/18986,0.18181818181818182,7.5701754385964914,4.836969466052462,0.0017037534996781037,0.026742377046870543,0.02133485657694079,CBLB/CD55/CD28/CD274,4
GO:0086012,membrane depolarization during cardiac muscle cell action potential,4/456,22/18986,0.18181818181818182,7.5701754385964914,4.836969466052462,0.0017037534996781037,0.026742377046870543,0.02133485657694079,SLC8A1/SLMAP/SCN4B/RANGRF,4
GO:2000561,"regulation of CD4-positive, alpha-beta T cell proliferation",4/456,22/18986,0.18181818181818182,7.5701754385964914,4.836969466052462,0.0017037534996781037,0.026742377046870543,0.02133485657694079,CBLB/CD55/CD28/CD274,4
GO:0097696,cell surface receptor signaling pathway via STAT,11/456,160/18986,0.06875,2.8624725877192985,3.711255600570492,0.0017116184683115723,0.026762892602220405,0.0213512237244916,PTPN2/IL15/IGF1/NLK/PRLR/PTPRC/IL31RA/IL6ST/FER/TSLP/IL7R,11
GO:1902903,regulation of supramolecular fiber organization,20/456,400/18986,0.05,2.0817982456140354,3.4303095663005774,0.0017223920137521638,0.026828556519551832,0.021403609877603223,AKAP13/CLU/SYNPO2L/ARHGAP28/SPTAN1/PRKCE/CCDC88A/USP8/SEMA5A/SMAD3/GIT1/PIK3R2/SPTBN4/TRPV4/VIL1/CYFIP2/FER/CD47/EMILIN1/ACTN2,20
GO:0001933,negative regulation of protein phosphorylation,14/456,236/18986,0.059322033898305086,2.469930121914957,3.564528303086854,0.0017758644417811228,0.027451904495866524,0.021900911955458586,PTPN1/SFRP2/PTPN2/IRAK3/PDE4D/SPRED2/GPRC5A/SLC8A1/CNKSR3/PTPRC/WEE2/ARRB2/HSPB1/PRKAG2,14
GO:0007411,axon guidance,14/456,236/18986,0.059322033898305086,2.469930121914957,3.564528303086854,0.0017758644417811228,0.027451904495866524,0.021900911955458586,SOS1/NEXN/SEMA5B/EFNA5/LMO4/SEMA5A/KIF5A/KALRN/SEMA6D/BOC/CYFIP2/FZD3/EPHA8/CNTN2,14
GO:0051495,positive regulation of cytoskeleton organization,12/456,186/18986,0.06451612903225806,2.6861912846632707,3.625220274230108,0.0018467942441161597,0.028313689651160486,0.02258843732600095,SYNPO2L/DYNC1H1/PRKCE/CCDC88A/SEMA5A/SMAD3/GIT1/TRPV4/VIL1/FER/CD47/ACTN2,12
GO:0097485,neuron projection guidance,14/456,237/18986,0.05907172995780591,2.4595084758309276,3.546841263074413,0.0018471150763792888,0.028313689651160486,0.02258843732600095,SOS1/NEXN/SEMA5B/EFNA5/LMO4/SEMA5A/KIF5A/KALRN/SEMA6D/BOC/CYFIP2/FZD3/EPHA8/CNTN2,14
GO:0002456,T cell mediated immunity,10/456,138/18986,0.07246376811594203,3.0170989066870075,3.7306466196515897,0.0018580791216839903,0.028313689651160486,0.02258843732600095,EMP2/HLA-A/SLAMF1/CD55/BTN3A2/PTPRC/CR1L/CD274/IL7R/PPP3CB,10
GO:0035592,establishment of protein localization to extracellular region,19/456,374/18986,0.05080213903743316,2.1151960784313726,3.4169649591490296,0.00185936506408013,0.028313689651160486,0.02258843732600095,SLC30A8/SYT7/DNAJC1/ADRA2A/RCN3/EFNA5/PRKCB/IGF1/PRKCE/SERGEF/SLC12A2/F2RL2/STXBP4/TMEM167A/TTN/PDE8B/KCNJ8/GPR27/PPP3CB,19
GO:0050729,positive regulation of inflammatory response,11/456,162/18986,0.06790123456790123,2.827133419969677,3.66371619236406,0.0018889687454297086,0.028551412778143114,0.022778090953661165,FCGR1A/IL15/CASP12/CD28/TRPV4/IL6ST/CD47/IL17RA/PTGER3/TSLP/GPRC5B,11
GO:0050730,regulation of peptidyl-tyrosine phosphorylation,11/456,162/18986,0.06790123456790123,2.827133419969677,3.66371619236406,0.0018889687454297086,0.028551412778143114,0.022778090953661165,PTPN1/SFRP2/PTPN2/IL15/EFNA5/ITGB2/IGF1/GPRC5A/PTPRC/IL31RA/GPRC5B,11
GO:0090263,positive regulation of canonical Wnt signaling pathway,9/456,116/18986,0.07758620689655173,3.230376588021779,3.7798211836097426,0.0019419127240226416,0.029243342534082655,0.023330107032052946,SFRP2/FGF9/USP8/SEMA5A/SMAD3/RSPO2/SCEL/GPRC5B/WNK1,9
GO:0060439,trachea morphogenesis,3/456,11/18986,0.2727272727272727,11.355263157894736,5.389104471613853,0.0019669831717227548,0.029296563225549497,0.023372566078134774,MAP2K1/RSPO2/MAPK1,3
GO:0097278,complement-dependent cytotoxicity,3/456,11/18986,0.2727272727272727,11.355263157894736,5.389104471613853,0.0019669831717227548,0.029296563225549497,0.023372566078134774,CD59/CD55/CR1L,3
GO:1905383,protein localization to presynapse,3/456,11/18986,0.2727272727272727,11.355263157894736,5.389104471613853,0.0019669831717227548,0.029296563225549497,0.023372566078134774,DLG2/KIF5A/HSPB1,3
GO:0071322,cellular response to carbohydrate stimulus,11/456,163/18986,0.06748466257668712,2.809789043160047,3.6402176249534524,0.001983098138725573,0.029429176378687506,0.023478363801256258,ADRA2A/EFNA5/PRKCB/PRKCE/STXBP4/SMAD3/PDE8B/GJB6/GPR27/IGF1R/PPP3CB,11
GO:0032412,regulation of monoatomic ion transmembrane transporter activity,12/456,188/18986,0.06382978723404255,2.6576147816349383,3.583081818695673,0.0020198312208901123,0.02981505771495608,0.02378621687469768,JPH4/ADRA2A/FGF14/CACNG4/FGF12/GSG1L/JPH3/SLMAP/SCN4B/ACTN2/ATP2A1/RANGRF,12
GO:0008090,retrograde axonal transport,4/456,23/18986,0.17391304347826086,7.241037376048818,4.698045205941382,0.002023712567273422,0.02981505771495608,0.02378621687469768,DYNC1H1/DLG2/KIF5A/DST,4
GO:0031503,protein-containing complex localization,13/456,214/18986,0.06074766355140187,2.5292875881292014,3.5293179917054727,0.0020762198595316167,0.030439418275217078,0.02428432678400455,ZDHHC3/CBLB/DLG2/VAC14/CACNG4/SHISA6/GSG1L/KIF5A/ATAD1/ATM/IPO9/STX1B/GRIP1,13
GO:0030010,establishment of cell polarity,11/456,164/18986,0.06707317073170732,2.792656183140779,3.6168962834276077,0.002081008992596316,0.030439418275217078,0.02428432678400455,AMOTL1/INSC/JAM3/ARHGEF11/RHOJ/ABL2/SLC9A6/RHOQ/KCNJ8/IGF1R/KIF20B,11
GO:0002090,regulation of receptor internalization,7/456,75/18986,0.09333333333333334,3.8860233918128655,3.9284682146795427,0.0021416913035756826,0.030993766701745962,0.02472658156759831,ARRB1/CBLB/VAC14/GSG1L/ATAD1/APLN/ARRB2,7
GO:0071479,cellular response to ionizing radiation,7/456,75/18986,0.09333333333333334,3.8860233918128655,3.9284682146795427,0.0021416913035756826,0.030993766701745962,0.02472658156759831,SFRP2/TLK2/RAD9B/TSPYL5/ATM/SNAI2/TANK,7
GO:1901184,regulation of ERBB signaling pathway,7/456,75/18986,0.09333333333333334,3.8860233918128655,3.9284682146795427,0.0021416913035756826,0.030993766701745962,0.02472658156759831,SOS1/ADRA2A/PTPN2/CBLB/GPRC5A/CCDC88A/FER,7
GO:0031623,receptor internalization,10/456,141/18986,0.07092198581560284,2.9529053129277094,3.651259372421667,0.0021783968525421068,0.03128392663351212,0.024958068862753716,ITGB2/ARRB1/CBLB/VAC14/CACNG4/GSG1L/ATAD1/APLN/ARRB2/CNTN2,10
GO:1904659,D-glucose transmembrane transport,9/456,118/18986,0.07627118644067797,3.1756244424620874,3.7188786876637114,0.0021841120975088055,0.03128392663351212,0.024958068862753716,PRKCB/SLC2A14/IGF1/RAB4B/STXBP4/RHOQ/APPL1/SORT1/PRKAG2,9
GO:0086065,cell communication involved in cardiac conduction,6/456,56/18986,0.10714285714285714,4.460996240601504,4.068832825037292,0.0021847388117007976,0.03128392663351212,0.024958068862753716,PDE4D/GJA5/SLC8A1/ATP1A1/SCN4B/RANGRF,6
GO:1903829,positive regulation of protein localization,23/456,497/18986,0.04627766599597585,1.9268152776306964,3.2844653127540595,0.002197613660125748,0.03135825645794817,0.02501736860790924,CEP135/SLC30A8/SORL1/CYLD/ITGB2/RIC3/PRKCB/MYO1C/IGF1/PRKCE/DPP10/CCDC88A/F2RL2/SMAD3/TTN/PIK3R2/BAG3/VIL1/GPR27/PPP3CB/AKAP5/KIF20B/RANGRF,23
GO:0031032,actomyosin structure organization,13/456,216/18986,0.06018518518518518,2.5058682586094867,3.4916582560566862,0.002252614723210543,0.032031082527603574,0.02555414391670717,AKAP13/SYNPO2L/FRMD5/ARRB1/ARHGAP28/CCDC88A/OBSCN/SMAD3/TTN/PIK3R2/CD47/NEB/ACTN2,13
GO:0007416,synapse assembly,15/456,269/18986,0.055762081784386616,2.321708080610448,3.42486594713502,0.002263572403390802,0.03207513534110369,0.025589288902367512,GNA13/PTPN1/RTN4R/EFNA5/SLITRK1/PLXNA2/ARHGAP33/GABRG1/DOCK4/IL1RAP/SLITRK2/SRGAP2/KCNJ8/CYFIP2/NLGN3,15
GO:0017158,regulation of calcium ion-dependent exocytosis,5/456,39/18986,0.1282051282051282,5.337944219523167,4.253985954051169,0.0022962154884618954,0.03242510521942213,0.025868492099117256,SYT7/ADRA2A/DOC2A/SCAMP5/SYT15,5
GO:0097120,receptor localization to synapse,7/456,76/18986,0.09210526315789473,3.8348915050784855,3.884610562184587,0.0023112486368474295,0.03252484719646331,0.02594806545832704,ZDHHC3/DLG2/CACNG4/SHISA6/KIF5A/STX1B/GRIP1,7
GO:0009743,response to carbohydrate,14/456,243/18986,0.05761316872427984,2.398779871489423,3.442571513800189,0.00232624526642183,0.03262339151981955,0.026026683338913805,SLC30A8/ADRA2A/ANGPT2/EFNA5/PRKCB/PRKCE/RASAL2/STXBP4/SMAD3/PDE8B/GJB6/GPR27/IGF1R/PPP3CB,14
GO:0071692,protein localization to extracellular region,19/456,382/18986,0.049738219895287955,2.070898778359511,3.3168585537976627,0.0023575200763101614,0.03263286755818462,0.026034243247260093,SLC30A8/SYT7/DNAJC1/ADRA2A/RCN3/EFNA5/PRKCB/IGF1/PRKCE/SERGEF/SLC12A2/F2RL2/STXBP4/TMEM167A/TTN/PDE8B/KCNJ8/GPR27/PPP3CB,19
GO:0045822,negative regulation of heart contraction,4/456,24/18986,0.16666666666666666,6.939327485380116,4.567208459526358,0.002382895009149477,0.03263286755818462,0.026034243247260093,PDE4D/PDE5A/ATP1A1/SPTBN4,4
GO:0045932,negative regulation of muscle contraction,4/456,24/18986,0.16666666666666666,6.939327485380116,4.567208459526358,0.002382895009149477,0.03263286755818462,0.026034243247260093,ADRA2A/DOCK4/PDE5A/ATP2A1,4
GO:0046628,positive regulation of insulin receptor signaling pathway,4/456,24/18986,0.16666666666666666,6.939327485380116,4.567208459526358,0.002382895009149477,0.03263286755818462,0.026034243247260093,PTPN1/PTPN2/SORL1/GKAP1,4
GO:0046641,positive regulation of alpha-beta T cell proliferation,4/456,24/18986,0.16666666666666666,6.939327485380116,4.567208459526358,0.002382895009149477,0.03263286755818462,0.026034243247260093,HLA-A/CD55/CD28/PTPRC,4
GO:0046885,regulation of hormone biosynthetic process,4/456,24/18986,0.16666666666666666,6.939327485380116,4.567208459526358,0.002382895009149477,0.03263286755818462,0.026034243247260093,BMP5/ATP1A1/PDE8B/IGF1R,4
GO:0086064,cell communication by electrical coupling involved in cardiac conduction,4/456,24/18986,0.16666666666666666,6.939327485380116,4.567208459526358,0.002382895009149477,0.03263286755818462,0.026034243247260093,PDE4D/GJA5/SLC8A1/ATP1A1,4
GO:0035051,cardiocyte differentiation,11/456,167/18986,0.0658682634730539,2.742488706796933,3.5479700813530277,0.002398551274305535,0.03267120614758047,0.02606482947019343,AKAP13/FRS2/IGF1/SLC8A1/TTN/KCNJ8/INHBA/ARRB2/NEB/MAPK1/ACTN2,11
GO:1903532,positive regulation of secretion by cell,16/456,298/18986,0.053691275167785234,2.235488048981514,3.372215191475957,0.0024017059162641857,0.03267120614758047,0.02606482947019343,SLC30A8/SYT7/DOC2A/ITGB2/PRKCB/IGF1/PRKCE/SCAMP5/SLC12A2/F2RL2/TTN/GPR27/INHBA/STXBP5/PPP3CB/STX1B,16
GO:0009314,response to radiation,21/456,442/18986,0.04751131221719457,1.9781793284115263,3.2642087043041266,0.0024704931826249094,0.033495291290007494,0.026722278069098954,GRIN2A/SFRP2/MAPK10/MAP4K3/SEMA5B/OPN5/BMF/TRPM1/TLK2/SCARA3/RAD9B/TSPYL5/ATM/RIC8A/PTPRC/PDE8B/CABP4/SNAI2/MC1R/HRH1/TANK,21
GO:1900076,regulation of cellular response to insulin stimulus,7/456,77/18986,0.09090909090909091,3.7850877192982457,3.84149234735306,0.0024909683940765996,0.03360500202953484,0.02680980442805589,PTPN1/PTPN2/SORL1/PRKCB/MYO1C/GKAP1/ATP2B1,7
GO:1904951,positive regulation of establishment of protein localization,17/456,327/18986,0.05198776758409786,2.1645608669993024,3.3322831625805076,0.0024950540590416704,0.03360500202953484,0.02680980442805589,CEP135/SLC30A8/SORL1/ITGB2/PRKCB/MYO1C/IGF1/PRKCE/F2RL2/SMAD3/TTN/PIK3R2/BAG3/GPR27/PPP3CB/AKAP5/KIF20B,17
GO:0043087,regulation of GTPase activity,12/456,193/18986,0.06217616580310881,2.5887646577583854,3.4800876345895713,0.002511159280250883,0.033710661258894256,0.026894098524293565,RAPGEF1/SH3BP4/NGEF/RTN4R/EFNA5/RSU1/TIAM2/SRGAP2/RALGAPB/RAPGEF2/FGD4/WNK1,12
GO:0050866,negative regulation of cell activation,13/456,219/18986,0.0593607305936073,2.471541296162781,3.4359520711568217,0.002540156900296092,0.0339138002777322,0.02705616122442273,PTPN2/CLNK/CBLB/PDE5A/ATM/TNFAIP8L2/PTPRC/IL31RA/INHBA/UBASH3B/FER/EMILIN1/CD274,13
GO:0099590,neurotransmitter receptor internalization,5/456,40/18986,0.125,5.204495614035087,4.175756303434395,0.002573299263872275,0.0339138002777322,0.02705616122442273,CBLB/VAC14/CACNG4/GSG1L/ATAD1,5
GO:0032351,negative regulation of hormone metabolic process,3/456,12/18986,0.25,10.408991228070175,5.114512577521727,0.0025761524347211423,0.0339138002777322,0.02705616122442273,BMP5/ATP1A1/PDE8B,3
GO:0033629,negative regulation of cell adhesion mediated by integrin,3/456,12/18986,0.25,10.408991228070175,5.114512577521727,0.0025761524347211423,0.0339138002777322,0.02705616122442273,JAM3/SNAI2/WNK1,3
GO:0048012,hepatocyte growth factor receptor signaling pathway,3/456,12/18986,0.25,10.408991228070175,5.114512577521727,0.0025761524347211423,0.0339138002777322,0.02705616122442273,PTPN1/PTPN2/BCAR1,3
GO:2001214,positive regulation of vasculogenesis,3/456,12/18986,0.25,10.408991228070175,5.114512577521727,0.0025761524347211423,0.0339138002777322,0.02705616122442273,RRAS/RAPGEF2/TMEM100,3
GO:0008645,hexose transmembrane transport,9/456,121/18986,0.0743801652892562,3.09688995215311,3.629860471323696,0.002591883020852114,0.03401117237330378,0.027133843910968316,PRKCB/SLC2A14/IGF1/RAB4B/STXBP4/RHOQ/APPL1/SORT1/PRKAG2,9
GO:0099173,postsynapse organization,14/456,246/18986,0.056910569105691054,2.369526458422479,3.3915888564933208,0.0026017940430744313,0.03403179964675242,0.02715030018633339,GNA13/PTPN1/GLRB/NGEF/RTN4R/ARHGAP33/SHISA6/DOCK4/IL1RAP/CYFIP2/IGF1R/NLGN3/ACTN2/CNTNAP1,14
GO:0019226,transmission of nerve impulse,7/456,78/18986,0.08974358974358974,3.736560953666217,3.7990905324002897,0.002681247601846875,0.03495640521727466,0.027887943186533364,JAM3/CACNG4/FGF12/SPTBN4/KCNJ8/SCN4B/CNTNAP1,7
GO:0003007,heart morphogenesis,15/456,274/18986,0.05474452554744526,2.2793411448328853,3.3461973955999786,0.002698178790355677,0.03495640521727466,0.027887943186533364,EMP2/SOS1/SFRP2/BMP5/SYNPO2L/GJA5/RNF207/ACVRL1/SMAD3/TTN/KCNJ8/SNAI2/SAV1/TMEM100/MYL3,15
GO:0048762,mesenchymal cell differentiation,15/456,274/18986,0.05474452554744526,2.2793411448328853,3.3461973955999786,0.002698178790355677,0.03495640521727466,0.027887943186533364,EMP2/IL17RD/SFRP2/BMP5/FAM83D/SEMA5B/SPRED2/IGF1/SEMA5A/SMAD3/SEMA6D/SNAI2/TAPT1/TMEM100/MAPK1,15
GO:0001678,intracellular glucose homeostasis,11/456,170/18986,0.06470588235294118,2.694091847265222,3.4805491691087163,0.0027542358652558304,0.03556973596869951,0.0283772536017198,ADRA2A/EFNA5/PRKCE/STXBP4/SMAD3/PIK3R2/PDE8B/GJB6/GPR27/IGF1R/PPP3CB,11
GO:0006813,potassium ion transport,14/456,248/18986,0.056451612903225805,2.350417374080362,3.3580120662419937,0.0028000089584620637,0.03564677313230035,0.028438713240615688,KCNJ16/ADRA2A/GJA5/KCNH1/KCNT2/DPP10/KCNH3/WNK4/KCNV1/SLC12A2/ATP1A1/SLC9A6/KCNJ8/ACTN2,14
GO:0006470,protein dephosphorylation,10/456,146/18986,0.0684931506849315,2.851778418649363,3.5235059517698986,0.0028098166828902614,0.03564677313230035,0.028438713240615688,DAPP1/PTPN1/PTPN2/PTPRQ/PPP4R1/BTRC/TPTE/PTPRC/PPP3CB/PTPMT1,10
GO:0007269,neurotransmitter secretion,10/456,146/18986,0.0684931506849315,2.851778418649363,3.5235059517698986,0.0028098166828902614,0.03564677313230035,0.028438713240615688,SYT7/UNC13C/DOC2A/RIMS1/PRKCB/MCTP2/GIT1/KCNJ8/STXBP5/STX1B,10
GO:0099643,signal release from synapse,10/456,146/18986,0.0684931506849315,2.851778418649363,3.5235059517698986,0.0028098166828902614,0.03564677313230035,0.028438713240615688,SYT7/UNC13C/DOC2A/RIMS1/PRKCB/MCTP2/GIT1/KCNJ8/STXBP5/STX1B,10
GO:0060562,epithelial tube morphogenesis,17/456,331/18986,0.0513595166163142,2.1384030317485556,3.2776488694364145,0.0028272991907480932,0.03564677313230035,0.028438713240615688,GNA13/SFRP2/BMP5/RNF207/LMO4/CCM2/ITGAX/STK4/ACVRL1/WNK4/HHIP/BTRC/SMAD3/RSPO2/LZTS2/FZD3/KIF20B,17
GO:0038093,Fc receptor signaling pathway,6/456,59/18986,0.1016949152542373,4.2341659232827835,3.9029898694833425,0.0028546411148361404,0.03564677313230035,0.028438713240615688,SOS1/FCGR1A/MAPK10/PRKCE/APPL1/FER,6
GO:0048008,platelet-derived growth factor receptor signaling pathway,6/456,59/18986,0.1016949152542373,4.2341659232827835,3.9029898694833425,0.0028546411148361404,0.03564677313230035,0.028438713240615688,PTPN1/PTPN2/CBLB/PDGFC/BCAR1/FER,6
GO:0099504,synaptic vesicle cycle,13/456,222/18986,0.05855855855855856,2.438142089457879,3.381158923668942,0.0028571091309704455,0.03564677313230035,0.028438713240615688,GIT2/SYT7/SH3GL3/UNC13C/DOC2A/RIMS1/PRKCB/GIT1/ABCA13/NLGN3/STXBP5/PPP3CB/STX1B,13
GO:0006887,exocytosis,18/456,360/18986,0.05,2.0817982456140354,3.250781176177183,0.002871716583781345,0.03564677313230035,0.028438713240615688,EXOC1/SYT7/ADRA2A/UNC13C/DOC2A/CLNK/RIMS1/ITGB2/PRKCB/SCAMP5/SYT15/TMEM167A/GIT1/STXBP5L/RAB12/STXBP5/PPP3CB/STX1B,18
GO:0010762,regulation of fibroblast migration,5/456,41/18986,0.12195121951219512,5.077556696619598,4.100101843348959,0.0028738414144414345,0.03564677313230035,0.028438713240615688,GNA13/AKAP12/PRKCE/APPL1/FER,5
GO:0032720,negative regulation of tumor necrosis factor production,7/456,79/18986,0.08860759493670886,3.689262713746391,3.7573830892792572,0.0028824883934474676,0.03564677313230035,0.028438713240615688,IRAK3/SLAMF1/GPR18/IGF1/NLRC3/MC1R/ARRB2,7
GO:0046323,D-glucose import,7/456,79/18986,0.08860759493670886,3.689262713746391,3.7573830892792572,0.0028824883934474676,0.03564677313230035,0.028438713240615688,SLC2A14/IGF1/RAB4B/RHOQ/APPL1/SORT1/PRKAG2,7
GO:0055117,regulation of cardiac muscle contraction,7/456,79/18986,0.08860759493670886,3.689262713746391,3.7573830892792572,0.0028824883934474676,0.03564677313230035,0.028438713240615688,PDE4D/GJA5/RNF207/SLC8A1/PDE5A/ATP2A1/RANGRF,7
GO:0070373,negative regulation of ERK1 and ERK2 cascade,7/456,79/18986,0.08860759493670886,3.689262713746391,3.7573830892792572,0.0028824883934474676,0.03564677313230035,0.028438713240615688,PTPN1/PTPN2/SPRED2/PSCA/CNKSR3/PTPRC/EMILIN1,7
GO:0022898,regulation of transmembrane transporter activity,12/456,197/18986,0.06091370558375635,2.536200908362276,3.40000307525898,0.0029707851965306053,0.03662771718139396,0.029221302632752945,JPH4/ADRA2A/FGF14/CACNG4/FGF12/GSG1L/JPH3/SLMAP/SCN4B/ACTN2/ATP2A1/RANGRF,12
GO:0043409,negative regulation of MAPK cascade,11/456,172/18986,0.06395348837209303,2.662765197878417,3.4364069764372664,0.0030141420555202265,0.03705034255595796,0.029558469808890493,PTPN1/PTPN2/IRAK3/CYLD/SPRED2/PSCA/CNKSR3/PIK3R2/PTPRC/EMILIN1/IGF1R,11
GO:0015749,monosaccharide transmembrane transport,9/456,124/18986,0.07258064516129033,3.02196519524618,3.5435670962743027,0.003057769477158796,0.03736154861163188,0.029806747534989464,PRKCB/SLC2A14/IGF1/RAB4B/STXBP4/RHOQ/APPL1/SORT1/PRKAG2,9
GO:0031644,regulation of nervous system process,9/456,124/18986,0.07258064516129033,3.02196519524618,3.5435670962743027,0.003057769477158796,0.03736154861163188,0.029806747534989464,GRIN2A/RIMS1/FGF12/SHISA6/ITGAX/TMEM25/NLGN3/TMEM100/STX1B,9
GO:0071333,cellular response to glucose stimulus,10/456,148/18986,0.06756756756756757,2.813240872451399,3.473913287488786,0.0031000422922518468,0.03776499281993966,0.03012861212862518,ADRA2A/EFNA5/PRKCE/STXBP4/SMAD3/PDE8B/GJB6/GPR27/IGF1R/PPP3CB,10
GO:0010563,negative regulation of phosphorus metabolic process,16/456,306/18986,0.05228758169934641,2.1770439169819977,3.256229128291504,0.003119509159001183,0.03777660794624281,0.030137878584384378,PTPN1/SFRP2/PTPN2/IRAK3/PDE4D/SPRED2/GPRC5A/SLC8A1/CNKSR3/GIT1/PTPRC/WEE2/INHBA/ARRB2/HSPB1/PRKAG2,16
GO:0045936,negative regulation of phosphate metabolic process,16/456,306/18986,0.05228758169934641,2.1770439169819977,3.256229128291504,0.003119509159001183,0.03777660794624281,0.030137878584384378,PTPN1/SFRP2/PTPN2/IRAK3/PDE4D/SPRED2/GPRC5A/SLC8A1/CNKSR3/GIT1/PTPRC/WEE2/INHBA/ARRB2/HSPB1/PRKAG2,16
GO:0050796,regulation of insulin secretion,11/456,173/18986,0.06358381502890173,2.647373491532299,3.414570701289218,0.003151299819363428,0.03785597447115173,0.03020119656928057,SLC30A8/SYT7/ADRA2A/EFNA5/PRKCB/PRKCE/F2RL2/STXBP4/PDE8B/GPR27/PPP3CB,11
GO:0016079,synaptic vesicle exocytosis,8/456,102/18986,0.0784313725490196,3.265565875472996,3.5989830147036437,0.0031892024609838734,0.03785597447115173,0.03020119656928057,SYT7/UNC13C/DOC2A/RIMS1/PRKCB/GIT1/STXBP5/STX1B,8
GO:0048534,hematopoietic or lymphoid organ development,8/456,102/18986,0.0784313725490196,3.265565875472996,3.5989830147036437,0.0031892024609838734,0.03785597447115173,0.03020119656928057,IL15/LMO4/SLC46A2/MAP2K1/ATM/PTPRC/MAPK1/IL7R,8
GO:0050764,regulation of phagocytosis,8/456,102/18986,0.0784313725490196,3.265565875472996,3.5989830147036437,0.0031892024609838734,0.03785597447115173,0.03020119656928057,SYT7/FCGR1A/IL15/SIRPB1/PTPRC/APPL1/CD47/FCN2,8
GO:0061097,regulation of protein tyrosine kinase activity,5/456,42/18986,0.11904761904761904,4.9566624895572255,4.026871960025162,0.00319894650219569,0.03785597447115173,0.03020119656928057,PTPN1/PTPN2/GPRC5A/PTPRC/GPRC5B,5
GO:0099622,cardiac muscle cell membrane repolarization,5/456,42/18986,0.11904761904761904,4.9566624895572255,4.026871960025162,0.00319894650219569,0.03785597447115173,0.03020119656928057,GJA5/RNF207/ATP1A1/KCNJ8/SCN4B,5
GO:0016082,synaptic vesicle priming,4/456,26/18986,0.15384615384615385,6.405533063427801,4.326692671343777,0.003228100739024945,0.03785597447115173,0.03020119656928057,UNC13C/RIMS1/STXBP5/STX1B,4
GO:0035025,positive regulation of Rho protein signal transduction,4/456,26/18986,0.15384615384615385,6.405533063427801,4.326692671343777,0.003228100739024945,0.03785597447115173,0.03020119656928057,AKAP13/SYNPO2L/RTN4R/ARRB1,4
GO:0048011,neurotrophin TRK receptor signaling pathway,4/456,26/18986,0.15384615384615385,6.405533063427801,4.326692671343777,0.003228100739024945,0.03785597447115173,0.03020119656928057,SOS1/BCAR1/CYFIP2/SORT1,4
GO:0099149,regulation of postsynaptic neurotransmitter receptor internalization,4/456,26/18986,0.15384615384615385,6.405533063427801,4.326692671343777,0.003228100739024945,0.03785597447115173,0.03020119656928057,CBLB/VAC14/GSG1L/ATAD1,4
GO:1903523,negative regulation of blood circulation,4/456,26/18986,0.15384615384615385,6.405533063427801,4.326692671343777,0.003228100739024945,0.03785597447115173,0.03020119656928057,PDE4D/PDE5A/ATP1A1/SPTBN4,4
GO:0002327,immature B cell differentiation,3/456,13/18986,0.23076923076923078,9.6082995951417,4.87047208530781,0.0032897030146722232,0.03824865527885283,0.03051447420717105,FNIP1/ATM/TNFSF13B,3
GO:0016081,synaptic vesicle docking,3/456,13/18986,0.23076923076923078,9.6082995951417,4.87047208530781,0.0032897030146722232,0.03824865527885283,0.03051447420717105,UNC13C/RIMS1/STX1B,3
GO:0030836,positive regulation of actin filament depolymerization,3/456,13/18986,0.23076923076923078,9.6082995951417,4.87047208530781,0.0032897030146722232,0.03824865527885283,0.03051447420717105,SEMA5A/VIL1/ACTN2,3
GO:0007178,cell surface receptor protein serine/threonine kinase signaling pathway,20/456,425/18986,0.047058823529411764,1.9593395252837977,3.1377340460300784,0.0034504702336093473,0.039962477749589144,0.03188174819883652,IL17RD/GDF9/SFRP2/BMP5/SORL1/FGF9/ITGA8/SPRED2/GDF3/ACVRL1/PBLD/NLK/SMAD3/INHBA/VEPH1/ARRB2/APPL1/EMILIN1/TMEM100/RBPMS2,20
GO:0007163,establishment or maintenance of cell polarity,13/456,227/18986,0.05726872246696035,2.384438519205503,3.291787361460756,0.003456690675227877,0.039962477749589144,0.03188174819883652,AMOTL1/INSC/JAM3/DLG2/ARHGEF11/RHOJ/ABL2/SLC9A6/RHOQ/KCNJ8/IGF1R/DST/KIF20B,13
GO:0071331,cellular response to hexose stimulus,10/456,151/18986,0.06622516556291391,2.757348669687464,3.4010546522106586,0.003579666494496361,0.04126728520915155,0.03292271325446698,ADRA2A/EFNA5/PRKCE/STXBP4/SMAD3/PDE8B/GJB6/GPR27/IGF1R/PPP3CB,10
GO:0141091,transforming growth factor beta receptor superfamily signaling pathway,19/456,397/18986,0.04785894206549118,1.9926532325776658,3.1355578176110592,0.0035956461643783777,0.04133473801923425,0.03297652657204543,IL17RD/GDF9/SFRP2/BMP5/SORL1/FGF9/ITGA8/SPRED2/GDF3/ACVRL1/PBLD/NLK/SMAD3/INHBA/VEPH1/ARRB2/APPL1/TMEM100/RBPMS2,19
GO:0002520,immune system development,12/456,202/18986,0.0594059405940594,2.4734236581552893,3.3026252444210495,0.0036388703071110686,0.04159728213815202,0.033185982190460074,IRAK3/IL15/CBLB/LMO4/SLC46A2/CD28/MAP2K1/ATM/SMAD3/PTPRC/MAPK1/IL7R,12
GO:0007369,gastrulation,12/456,202/18986,0.0594059405940594,2.4734236581552893,3.3026252444210495,0.0036388703071110686,0.04159728213815202,0.033185982190460074,SFRP2/ITGA8/ITGB2/GDF3/FRS2/ITGA4/MAP2K1/RIC8A/SMAD3/APLN/INHBA/WNK1,12
GO:0002823,negative regulation of adaptive immune response based on somatic recombination of immune receptors built from immunoglobulin superfamily domains,6/456,62/18986,0.0967741935483871,4.0292869269949065,3.7478292653263696,0.00366746336676572,0.04169057938654847,0.03326041399620693,SLAMF1/PTPRC/CR1L/CD274/IL7R/PPP3CB,6
GO:0086002,cardiac muscle cell action potential involved in contraction,6/456,62/18986,0.0967741935483871,4.0292869269949065,3.7478292653263696,0.00366746336676572,0.04169057938654847,0.03326041399620693,GJA5/RNF207/FGF12/ATP1A1/KCNJ8/SCN4B,6
GO:1905523,positive regulation of macrophage migration,4/456,27/18986,0.14814814814814814,6.168291098115659,4.215714077377101,0.0037185962498880927,0.042154420266092514,0.033630462575742315,SLAMF1/CXCL17/TRPV4/MAPK1,4
GO:0007254,JNK cascade,11/456,177/18986,0.062146892655367235,2.5875458420061452,3.3287414750089175,0.00375093182560631,0.04229813616170993,0.033745117978867104,MAPK10/FGF14/MAP4K3/CYLD/SLAMF1/FGF12/NRK/SMAD3/TRPV4/NOD1/IGF1R,11
GO:0031333,negative regulation of protein-containing complex assembly,10/456,152/18986,0.06578947368421052,2.739208217913204,3.377163619343066,0.00375200325668684,0.04229813616170993,0.033745117978867104,CLU/TMC8/SORL1/JAM3/LMO4/SPTAN1/NLRC3/RIOK3/SPTBN4/VIL1,10
GO:0050807,regulation of synapse organization,16/456,312/18986,0.05128205128205128,2.1351776878092665,3.171556689665929,0.0037671705835983066,0.042325809306107964,0.033767195394264024,GNA13/PTPN1/NGEF/RTN4R/EFNA5/SLITRK1/ARHGAP33/DOCK4/DLGAP4/IL1RAP/SLITRK2/SRGAP2/CYFIP2/CACNA2D3/NLGN3/CNTNAP1,16
GO:0042113,B cell activation,15/456,284/18986,0.0528169014084507,2.1990826538176425,3.1938482424127166,0.0037752008300473653,0.042325809306107964,0.033767195394264024,PTPN2/FNIP1/ICOSLG/CYLD/PRKCB/CD28/ITGA4/PRLR/ATM/PIK3R2/PTPRC/TNFSF13B/INHBA/SHB/IL7R,15
GO:0060485,mesenchyme development,17/456,341/18986,0.04985337243401759,2.0756932654216187,3.1443758908366024,0.003821866019650596,0.04273160335943584,0.03409093467564324,EMP2/IL17RD/SFRP2/BMP5/FAM83D/SEMA5B/FGF9/SPRED2/IGF1/ACVRL1/SEMA5A/SMAD3/SEMA6D/SNAI2/TAPT1/TMEM100/MAPK1,17
GO:0051222,positive regulation of protein transport,14/456,257/18986,0.054474708171206226,2.2681070380230732,3.2108143267976326,0.0038516792809001367,0.04294727635342475,0.03426299688186403,SLC30A8/SORL1/PRKCB/IGF1/PRKCE/F2RL2/SMAD3/TTN/PIK3R2/BAG3/GPR27/PPP3CB/AKAP5/KIF20B,14
GO:0002753,cytoplasmic pattern recognition receptor signaling pathway,11/456,178/18986,0.06179775280898876,2.573009067612852,3.3076529194259945,0.003914242005370416,0.04317397474940285,0.034443855066457654,ANKRD17/ZDHHC3/CYLD/BIRC3/SLC46A2/NLRC3/PIK3AP1/RIOK3/KCNJ8/NOD1/SLC15A3,11
GO:0031929,TOR signaling,11/456,178/18986,0.06179775280898876,2.573009067612852,3.3076529194259945,0.003914242005370416,0.04317397474940285,0.034443855066457654,SH3BP4/FAM83D/FNIP1/GPR137C/RRAGD/CCDC88A/NLK/ATM/SAR1B/EIF4EBP2/TMEM127,11
GO:0008064,regulation of actin polymerization or depolymerization,10/456,153/18986,0.06535947712418301,2.721304896227497,3.3534650056619006,0.003930848506142737,0.04317397474940285,0.034443855066457654,ARHGAP28/SPTAN1/PRKCE/SEMA5A/PIK3R2/SPTBN4/VIL1/CYFIP2/FER/ACTN2,10
GO:0071326,cellular response to monosaccharide stimulus,10/456,153/18986,0.06535947712418301,2.721304896227497,3.3534650056619006,0.003930848506142737,0.04317397474940285,0.034443855066457654,ADRA2A/EFNA5/PRKCE/STXBP4/SMAD3/PDE8B/GJB6/GPR27/IGF1R/PPP3CB,10
GO:1904375,regulation of protein localization to cell periphery,10/456,153/18986,0.06535947712418301,2.721304896227497,3.3534650056619006,0.003930848506142737,0.04317397474940285,0.034443855066457654,PRKCE/DPP10/WNK4/PIK3R2/RHOQ/VIL1/APPL1/AKAP5/WNK1/RANGRF,10
GO:0031400,negative regulation of protein modification process,17/456,342/18986,0.049707602339181284,2.069623986867754,3.1312998121818647,0.00393548605899972,0.04317397474940285,0.034443855066457654,PTPN1/SFRP2/PTPN2/IRAK3/PDE4D/ARRB1/SPRED2/PRKCE/GPRC5A/SLC8A1/CNKSR3/PTPRC/WEE2/ARRB2/HSPB1/PRKAG2/WNK1,17
GO:0045058,T cell selection,6/456,63/18986,0.09523809523809523,3.965329991645781,3.698267513383347,0.003973156359790523,0.04337953859702297,0.034607852275781746,PTPN2/IL15/CYLD/CD28/PTPRC/IL6ST,6
GO:0043244,regulation of protein-containing complex disassembly,9/456,129/18986,0.06976744186046512,2.9048347613219097,3.40538230428135,0.003978568999199402,0.04337953859702297,0.034607852275781746,IRAK3/SPTAN1/SEMA5A/SPTBN4/TRPV4/VIL1/IGF1R/ACTN2/WNK1,9
GO:0002703,regulation of leukocyte mediated immunity,14/456,258/18986,0.05426356589147287,2.2593159254725963,3.194838141360772,0.003986112956109682,0.04337953859702297,0.034607852275781746,RASGRP4/FCGR1A/HLA-A/CLNK/ITGB2/SLAMF1/CD55/CD28/PTPRC/CR1L/ARRB2/CD274/IL7R/PPP3CB,14
GO:0051146,striated muscle cell differentiation,16/456,314/18986,0.050955414012738856,2.1215778299251316,3.14375601370534,0.004006165741761636,0.04348181487268415,0.034689447478355936,AKAP13/SYNPO2L/KCNH1/FRS2/IGF1/SLC8A1/OBSCN/TTN/KCNJ8/SPAG9/ARRB2/SORT1/NEB/ACTN2/PPP3CB/CNTNAP1,16
GO:0008361,regulation of cell size,11/456,179/18986,0.061452513966480445,2.5586347152798194,3.2867079146120353,0.0040831790901214235,0.04405397418723895,0.03514591164733362,RTN4R/EFNA5/SEMA5A/SLC12A2/TRPC5/SEMA6D/TRPV4/RND2/GPRC5B/IL7R/WNK1,11
GO:1903169,regulation of calcium ion transmembrane transport,11/456,179/18986,0.061452513966480445,2.5586347152798194,3.2867079146120353,0.0040831790901214235,0.04405397418723895,0.03514591164733362,JPH4/ADRA2A/PDE4D/PRKCE/SLC8A1/JPH3/SESTD1/UBASH3B/PPP3CB/ATP2A1/AKAP5,11
GO:0032736,positive regulation of interleukin-13 production,3/456,14/18986,0.21428571428571427,8.921992481203008,4.6514879276463015,0.004112855713143357,0.04405397418723895,0.03514591164733362,IL1RAP/IL17RA/TSLP,3
GO:0045916,negative regulation of complement activation,3/456,14/18986,0.21428571428571427,8.921992481203008,4.6514879276463015,0.004112855713143357,0.04405397418723895,0.03514591164733362,CD59/CD55/CR1L,3
GO:0045989,positive regulation of striated muscle contraction,3/456,14/18986,0.21428571428571427,8.921992481203008,4.6514879276463015,0.004112855713143357,0.04405397418723895,0.03514591164733362,ATP1A1/TRPV4/ATP2A1,3
GO:0042692,muscle cell differentiation,20/456,432/18986,0.046296296296296294,1.9275909681611434,3.059353215183318,0.0041365974853764,0.04419228884246358,0.035256257983657224,AKAP13/ANKRD17/SYNPO2L/FGF9/ITGA8/KCNH1/FRS2/IGF1/SLC8A1/OBSCN/TTN/KCNJ8/SPAG9/ARRB2/SORT1/NEB/ACTN2/PPP3CB/RBPMS2/CNTNAP1,20
GO:0006972,hyperosmotic response,4/456,28/18986,0.14285714285714285,5.947994987468672,4.110191148261003,0.0042572481024112895,0.045244347671719976,0.03609558218409572,ICOSLG/SLC12A2/TRPV4/WNK1,4
GO:0010758,regulation of macrophage chemotaxis,4/456,28/18986,0.14285714285714285,5.947994987468672,4.110191148261003,0.0042572481024112895,0.045244347671719976,0.03609558218409572,SLAMF1/CXCL17/TRPV4/MAPK1,4
GO:0051235,maintenance of location,17/456,345/18986,0.04927536231884058,2.051627256547165,3.0923368127876714,0.0042931666503697894,0.045433434181420304,0.03624643390374728,ANGPTL3/JPH4/PTPN2/PDE4D/SORL1/PRKCE/SLC8A1/ANXA6/XCR1/CCDC88A/ITPR2/JPH3/PTPRC/PLCB3/UBASH3B/ATP2A1/STARD4,17
GO:0048599,oocyte development,6/456,64/18986,0.09375,3.903371710526316,3.6497164181858213,0.0042973059529596265,0.045433434181420304,0.03624643390374728,GDF9/IGF1/PDE5A/ATM/WEE2/SHB,6
GO:1990776,response to angiotensin,5/456,45/18986,0.1111111111111111,4.626218323586745,3.820399375117802,0.004332666799827731,0.04556462093521052,0.036351093656767856,PTPN1/SMAD3/INHBA/IGF1R/ACTN2,5
GO:0006970,response to osmotic stress,7/456,85/18986,0.08235294117647059,3.428844169246646,3.5206004185798965,0.00434320939568657,0.04556462093521052,0.036351093656767856,BDKRB2/ICOSLG/SLC12A2/NLK/ATP1A1/TRPV4/WNK1,7
GO:0097009,energy homeostasis,7/456,85/18986,0.08235294117647059,3.428844169246646,3.5206004185798965,0.00434320939568657,0.04556462093521052,0.036351093656767856,SORL1/GDF3/RASAL2/NMUR2/WNK4/TRPV4/CNTN2,7
GO:0055007,cardiac muscle cell differentiation,9/456,131/18986,0.06870229007633588,2.860486139011652,3.3519600250244523,0.004402424098156129,0.04606741729378247,0.03675222060889854,AKAP13/FRS2/IGF1/SLC8A1/TTN/KCNJ8/ARRB2/NEB/ACTN2,9
GO:0050803,regulation of synapse structure or activity,16/456,318/18986,0.050314465408805034,2.0948913163411675,3.0887708332085655,0.004521534727196653,0.04719279596340037,0.03765003879719814,GNA13/PTPN1/NGEF/RTN4R/EFNA5/SLITRK1/ARHGAP33/DOCK4/DLGAP4/IL1RAP/SLITRK2/SRGAP2/CYFIP2/CACNA2D3/NLGN3/CNTNAP1,16
GO:0019722,calcium-mediated signaling,13/456,235/18986,0.05531914893617021,2.303266144083613,3.15358716991248,0.004625433213192875,0.04794465920619463,0.03824986933665897,GRIN2A/IGF1/MCTP2/SLC8A1/XCR1/NMUR2/ITPR2/PTPRC/NUDT4/KCNJ8/TMEM100/PPP3CB/AKAP5,13
GO:0048864,stem cell development,7/456,86/18986,0.08139534883720931,3.3889738882088944,3.4832106440843216,0.0046328028901831434,0.04794465920619463,0.03824986933665897,SEMA5B/SEMA5A/SEMA6D/PTPRC/SNAI2/TAPT1/MAPK1,7
GO:0050810,regulation of steroid biosynthetic process,7/456,86/18986,0.08139534883720931,3.3889738882088944,3.4832106440843216,0.0046328028901831434,0.04794465920619463,0.03824986933665897,BMP5/ATP1A1/PDE8B/SNAI2/IGF1R/MAPK1/STARD4,7
GO:0051057,positive regulation of small GTPase mediated signal transduction,6/456,65/18986,0.09230769230769231,3.8433198380566806,3.6021381340018377,0.004640563682050203,0.04794465920619463,0.03824986933665897,AKAP13/SOS1/SYNPO2L/RTN4R/ARRB1/IGF1,6
GO:0032102,negative regulation of response to external stimulus,20/456,437/18986,0.04576659038901602,1.905536151591794,3.0042514092115624,0.004693132314439643,0.048365335796030764,0.03858548178777729,PTPN2/IRAK3/ANGPT2/RTN4R/HLA-A/CYLD/WFDC1/GPR18/IGF1/NLRC3/FNDC4/SEMA5A/SLC12A2/TNFAIP8L2/SMAD3/CXCL17/GIT1/PTPRC/UBASH3B/ARRB2,20
GO:0098876,vesicle-mediated transport to the plasma membrane,10/456,157/18986,0.06369426751592357,2.651972287406414,3.2605357656171603,0.004714725462569221,0.04846547761396723,0.03866537413688612,EXOC1/SORL1/VPS29/STXBP5L/RAB12/ACTN2/STXBP5/STX1B/AKAP5/GRIP1,10
GO:1905521,regulation of macrophage migration,5/456,46/18986,0.10869565217391304,4.525648360030511,3.755587937772317,0.004767031010173222,0.04888003405155005,0.038996103979015546,SLAMF1/CXCL17/TRPV4/EMILIN1/MAPK1,5
GO:0060079,excitatory postsynaptic potential,8/456,109/18986,0.07339449541284404,3.055850635763721,3.3766677659989166,0.004781824224003068,0.04890883372971559,0.03901908013412872,GRIN2A/GLRB/RIMS1/SLC1A7/TMEM25/ARRB2/NLGN3/STX1B,8
GO:0002092,positive regulation of receptor internalization,4/456,29/18986,0.13793103448275862,5.742891712038718,4.0096587752594886,0.004846154428222528,0.04931959157500283,0.03934677948941404,ARRB1/ATAD1/APLN/ARRB2,4
GO:1903421,regulation of synaptic vesicle recycling,4/456,29/18986,0.13793103448275862,5.742891712038718,4.0096587752594886,0.004846154428222528,0.04931959157500283,0.03934677948941404,SYT7/ABCA13/PPP3CB/STX1B,4
