241,221184,9223,84557,9217,2673,10274,57590,283131,55379,57446,5289,27303,5985,1520,9209,51735,4763,27293,27436,10152,10735,51060,7402,57534,27101,8284,83464,57619,889,2052,59338,152185,11011,26156,8800,4683,10254,124491,9197,57531,54602,59349,146760,7532,79019,440498,10111,7818,51174,57506,30061,55740,79582,57606,56259,59345,113791,8660,8727,26578,85364,116442,58517,84216,54964,253260,57530,79884,57019,80254,966,80315,22822,134218,56616,91860,196528,10579,23787,10758,1457,828,10205,10059,79056,60626,51388,3964,4674,246175,23481,55193,8502,84033,8935,92610,3709,55654,598,6016,140809,5584,71,3575,84152,9826,23603,60485,2176,55109,28981,25923,57111,57646,137970,7454,152137,394,3111,51441,4214,493856,3696,51324,3106,55154,55601,5170,207063,51643,81542,26750,801,285237,11180,29110,197370,6801,57045,56947,55631,8315,55024,53827,56937,145581,10135,92344,79109,2850,1385,81617,4739,91801,55198,10392,55602,115106,441027,55612,9236,2824,256714,63916,6478,128338,9538,3916,219771,29990,79901,4077,9168,90806,7779,57620,7837,81029,2012,6093,3134,6711,7357,84275,4815,54431,84498,9373,64343,6461,2562,821,302,2936,9060,79039,84343,79745,79677,10827,57826,65268,7088,1072,55605,3613,23235,29844,57537,64782,2923,9392,64121,25932,146057,25984,1954,2036,121506,5641,10672,6525,65084,10818,80005,55366,84131,84561,80777,221935,5727,27032,29115,50807,55114,5058,5583,64167,60,57153,55298,339123,23286,5576,127262,55759,3955,54465,7259,64114,51657,4117,54733,11080,8879,51192,81631,5202,9529,131034,5074,3507,9204,80731,55247,54940,91319,55161,2188,55332,118813,8428,51768,5581,5141,728498,57568,27295,1073,84062,54892,116841,59277,129531,23576
1.0,1.0,0.283,0.168,0.103,0.159,0.132,0.069,0.086,0.226,0.161,0.148,0.092,0.19,0.132,0.199,0.117,0.081,0.153,0.17,0.128,0.132,0.086,0.076,0.134,0.037,0.171,0.125,0.147,0.15,0.302,0.163,0.122,0.16,0.095,0.211,0.118,0.206,0.199,0.135,0.14,0.077,0.131,0.088,0.111,0.205,0.164,0.132,0.172,0.162,0.111,0.053,0.123,0.165,0.18,0.071,0.135,0.11,0.115,0.14,0.173,0.098,0.177,0.068,0.137,0.123,0.143,0.192,0.096,0.181,0.146,0.113,0.162,0.059,0.205,0.116,0.255,0.1,0.128,0.115,0.142,0.116,0.226,0.114,0.192,0.162,0.226,0.21,0.073,0.289,0.122,0.157,0.113,0.149,0.118,0.272,0.312,0.158,0.112,0.101,0.188,0.181,0.145,0.098,0.169,0.201,0.162,0.116,0.111,0.306,0.123,0.115,0.322,0.107,0.152,0.103,0.182,0.029,0.171,0.103,0.118,0.126,0.115,0.117,0.11,0.079,0.153,0.07,0.111,0.105,0.128,0.133,0.272,0.142,0.059,0.117,0.103,0.12,0.143,0.092,0.138,0.226,0.14,0.085,0.105,0.116,0.105,0.165,0.204,0.142,0.272,0.145,0.226,0.135,0.147,0.153,0.132,0.154,0.181,0.099,0.156,0.102,0.117,0.214,0.208,0.118,0.08,0.141,0.085,0.087,0.151,0.042,0.1,0.092,0.069,0.071,0.031,0.351,0.115,0.139,0.106,0.059,0.127,0.146,0.166,0.143,0.148,0.134,0.156,0.1,0.272,0.146,0.131,0.108,0.205,0.162,0.144,0.193,0.195,0.117,0.199,0.079,0.114,0.13,0.12,0.145,0.272,0.149,0.136,0.19,0.109,0.221,0.205,0.143,0.279,0.134,0.128,0.069,0.17,0.213,0.18,0.181,0.12,0.23,0.146,0.068,0.095,0.099,0.087,0.228,0.121,0.078,0.088,0.105,0.121,0.104,0.129,0.129,0.091,0.092,0.137,0.137,0.081,0.125,0.134,0.157,0.136,0.073,0.15,0.199,0.093,0.145,0.143,0.199,0.126,0.215,0.165,0.18,0.148,0.137,1.0,0.168,0.089,0.13,0.214,0.111,0.102,0.148,0.195,0.163,0.125,0.18,0.179,0.125,0.132,0.187,0.21,0.199,0.124,0.135,0.12,0.099,0.134,0.126,0.095,0.173
1.0,1.0,0.272,0.172,0.224,0.085,0.099,0.094,0.077,0.226,0.272,0.161,0.102,0.129,0.244,0.186,0.161,0.205,0.186,0.205,0.14,0.099,0.086,0.116,0.19,0.037,0.159,0.19,0.261,0.19,0.332,0.292,0.088,0.245,0.133,0.272,0.162,0.272,0.071,0.169,0.14,0.11,0.146,0.116,0.272,0.205,0.164,0.245,0.197,0.149,0.272,0.063,0.114,0.05,0.086,0.059,0.226,0.11,0.272,0.14,0.272,0.224,0.169,0.07,0.137,0.123,0.199,0.186,0.062,0.085,0.164,0.226,0.308,0.059,0.205,0.193,0.12,0.107,0.12,0.194,0.226,0.272,0.226,0.139,0.13,0.186,0.226,0.08,0.09,0.041,0.107,0.205,0.149,0.151,0.134,0.272,0.166,0.272,0.134,0.206,0.272,0.316,0.396,0.132,0.272,0.272,0.226,0.272,0.19,0.316,0.187,0.154,0.08,0.109,0.245,0.114,0.187,0.029,0.187,0.092,0.139,0.173,0.073,0.19,0.11,0.187,0.087,0.097,0.248,0.06,0.224,0.245,0.272,0.63,0.059,0.139,0.19,0.245,0.194,0.166,0.087,0.226,0.19,0.11,0.055,0.18,0.07,0.272,0.046,0.199,0.272,0.272,0.226,0.272,0.245,0.272,0.272,0.245,0.101,0.173,0.187,0.107,0.071,0.12,0.308,0.19,0.073,0.095,0.203,0.122,0.161,0.052,0.104,0.064,0.077,0.277,0.041,0.187,0.264,0.112,0.272,0.187,0.12,0.194,0.226,0.187,0.245,0.19,0.272,0.176,0.272,0.272,0.205,0.099,0.316,0.107,0.18,0.113,0.086,0.245,0.186,0.14,0.226,0.272,0.149,0.136,0.416,0.226,0.197,0.19,0.113,0.245,0.272,0.213,1.0,0.272,0.09,0.186,0.096,0.245,1.0,0.272,0.12,0.087,0.226,0.106,0.161,0.076,0.104,0.332,0.085,0.19,0.12,0.097,0.066,0.11,0.245,0.272,0.069,0.213,0.169,0.137,0.11,0.19,0.226,0.186,0.123,0.154,0.245,0.186,0.197,0.226,0.226,0.186,0.169,0.197,0.213,0.172,0.205,0.205,1.0,0.112,0.139,0.087,0.12,0.119,0.13,0.224,0.245,0.245,0.073,0.202,0.316,0.256,0.272,0.272,0.08,0.186,0.12,0.149,0.194,0.107,0.109,0.114,0.086,0.201
0.283,0.272,1.0,0.269,0.255,0.16,0.189,0.298,0.224,0.915,0.498,0.313,0.233,0.164,0.281,0.383,0.363,0.284,0.322,0.298,0.356,0.189,0.384,0.317,0.41,0.138,0.311,0.316,0.286,0.464,0.204,0.424,0.202,0.391,0.288,0.489,0.262,0.467,0.272,0.224,0.349,0.232,0.373,0.183,0.519,0.469,0.29,0.204,0.386,0.384,0.292,0.123,0.224,0.202,0.264,0.182,0.442,0.545,0.311,0.756,0.493,0.181,0.292,0.22,0.635,0.49,0.413,0.264,0.224,0.274,0.37,0.415,0.343,0.279,0.469,0.402,0.309,0.294,0.214,0.362,0.427,0.344,0.915,0.462,0.303,0.235,0.915,0.319,0.139,0.502,0.298,0.337,0.303,0.493,0.36,1.0,0.491,0.459,0.394,0.35,0.568,0.19,0.339,0.263,0.528,0.583,0.462,0.332,0.399,0.36,0.419,0.3,0.35,0.413,0.326,0.36,0.37,0.102,0.601,0.296,0.349,0.333,0.214,0.52,0.594,0.171,0.214,0.195,0.373,0.243,0.369,0.241,1.0,0.285,0.279,0.263,0.301,0.208,0.452,0.323,0.241,0.915,0.469,0.334,0.317,0.347,0.284,0.403,0.371,0.416,1.0,0.315,0.915,0.414,0.221,0.365,0.393,0.363,0.254,0.171,0.451,0.313,0.274,0.315,0.243,0.384,0.182,0.241,0.303,0.29,0.456,0.112,0.288,0.232,0.206,0.138,0.127,0.458,0.383,0.277,0.334,0.138,0.256,0.36,0.375,0.467,0.352,0.462,0.325,0.268,1.0,0.448,0.257,0.23,0.292,0.17,0.278,0.271,0.287,0.245,0.383,0.407,0.386,0.445,0.323,0.264,0.443,0.421,0.342,0.847,0.266,0.382,0.46,0.359,0.293,0.397,0.292,0.234,0.274,0.332,0.236,0.644,0.199,0.351,0.5,0.236,0.334,0.191,0.175,0.206,0.339,0.283,0.303,0.126,0.245,0.354,0.383,0.384,0.126,0.286,0.281,0.189,0.242,0.408,0.464,0.317,0.316,0.32,0.239,0.383,0.367,0.464,0.36,0.383,0.166,0.347,0.204,0.279,0.287,0.287,0.272,0.305,0.251,0.251,0.315,0.172,0.333,0.29,0.343,0.242,0.306,0.389,0.454,0.218,0.393,0.55,0.319,0.383,0.219,0.244,0.345,0.283,0.222,0.329,0.163,0.308
0.168,0.172,0.269,1.0,0.178,0.181,0.202,0.094,0.174,0.309,0.207,0.585,0.117,0.196,0.199,0.239,0.157,0.13,0.242,0.233,0.354,0.202,0.204,0.121,0.213,0.055,0.2,0.173,0.213,0.164,0.243,0.194,0.174,0.311,0.152,0.293,0.206,0.526,0.21,0.159,0.234,0.154,0.179,0.156,0.25,0.278,0.353,0.219,0.16,0.232,0.15,0.072,0.169,0.218,0.198,0.094,0.167,0.174,0.135,0.221,0.202,0.109,0.353,0.086,0.344,0.172,0.3,0.237,0.148,0.242,0.267,0.155,0.29,0.09,0.278,0.168,0.252,0.175,0.192,0.167,0.181,0.231,0.309,0.141,0.317,0.17,0.309,0.201,0.314,0.263,0.185,0.192,0.167,0.19,0.182,0.357,0.205,0.2,0.146,0.218,0.216,0.195,0.199,0.131,0.206,0.224,0.23,0.173,0.149,0.297,0.158,0.194,0.23,0.144,0.252,0.119,0.199,0.049,0.213,0.103,0.188,0.195,0.574,0.162,0.179,0.11,0.291,0.11,0.163,0.468,0.168,0.194,0.357,0.197,0.09,0.267,0.283,0.225,0.183,0.099,0.276,0.309,0.184,0.123,0.123,0.116,0.158,0.181,0.394,0.331,0.357,0.146,0.309,0.212,0.226,0.158,0.183,0.233,0.235,0.157,0.178,0.118,0.144,0.293,0.223,0.199,0.303,0.533,0.143,0.258,0.164,0.061,0.484,0.104,0.109,0.083,0.05,0.274,0.139,0.156,0.166,0.084,0.167,0.16,0.238,0.173,0.244,0.167,0.355,0.121,0.357,0.186,0.181,0.148,0.24,0.214,0.166,0.294,0.26,0.224,0.239,0.115,0.161,0.169,0.21,0.19,0.274,0.183,0.196,0.271,0.181,0.282,0.435,0.377,0.167,0.22,0.184,0.091,0.248,0.296,0.168,0.227,0.187,0.337,0.175,0.096,0.13,0.171,0.128,0.256,0.139,0.1,0.148,0.108,0.187,0.164,0.255,0.241,0.198,0.135,0.148,0.236,0.103,0.162,0.17,0.166,0.152,0.106,0.216,0.239,0.133,0.21,0.218,0.239,0.149,0.236,0.149,0.981,0.192,0.196,0.172,0.197,0.129,0.212,0.293,0.206,0.137,0.202,0.3,0.255,0.572,0.212,0.348,0.153,0.219,0.216,0.315,0.239,0.19,0.222,0.184,0.145,0.132,0.147,0.127,0.201
0.103,0.224,0.255,0.178,1.0,0.091,0.15,0.104,0.181,0.574,0.214,0.359,0.123,0.087,0.177,0.252,0.169,0.181,0.199,0.202,0.22,0.15,0.358,0.125,0.225,0.051,0.2,0.134,0.179,0.2,0.109,0.243,0.153,0.245,0.158,0.305,0.201,0.297,0.251,0.186,0.249,0.152,0.277,0.107,0.235,0.274,0.283,0.181,0.156,0.218,0.28,0.168,0.151,0.114,0.155,0.083,0.173,0.344,0.205,0.423,0.212,0.125,0.246,0.096,0.569,0.307,0.26,0.23,0.126,0.131,0.222,0.178,0.166,0.17,0.274,0.179,0.178,0.196,0.222,0.213,0.208,0.219,0.574,0.115,0.276,0.174,0.574,0.206,0.098,0.244,0.148,0.179,0.194,0.178,0.17,0.659,0.19,0.251,0.171,0.251,0.223,0.132,0.296,0.159,0.285,0.23,0.256,0.297,0.182,0.174,0.142,0.206,0.306,0.214,0.204,0.089,0.194,0.047,0.215,0.107,0.19,0.122,0.137,0.185,0.354,0.113,0.207,0.124,0.239,0.155,0.239,0.171,0.659,0.27,0.17,0.14,0.182,0.139,0.208,0.15,0.247,0.574,0.184,0.14,0.117,0.151,0.127,0.203,0.312,0.241,0.659,0.193,0.574,0.266,0.121,0.249,0.228,0.204,0.161,0.076,0.144,0.134,0.159,0.484,0.194,0.211,0.108,0.131,0.262,0.122,0.146,0.192,0.14,0.115,0.102,0.218,0.196,0.175,0.158,0.107,0.216,0.098,0.221,0.232,0.276,0.134,0.273,0.164,0.216,0.14,0.659,0.236,0.308,0.221,0.174,0.114,0.125,0.328,0.421,0.327,0.252,0.131,0.215,0.211,0.355,0.16,0.197,0.181,0.234,0.509,0.12,0.205,0.321,0.22,0.19,0.24,0.141,0.126,0.428,0.207,0.156,0.27,0.155,0.59,0.205,0.122,0.172,0.175,0.187,0.122,0.091,0.168,0.322,0.133,0.188,0.17,0.246,0.203,0.091,0.208,0.234,0.324,0.108,0.248,0.185,0.192,0.154,0.131,0.141,0.252,0.177,0.209,0.223,0.252,0.143,0.15,0.156,0.175,0.176,0.236,0.224,0.151,0.123,0.194,0.484,0.099,0.225,0.24,0.382,0.133,0.191,0.317,0.246,0.195,0.213,0.23,0.725,0.252,0.162,0.143,0.291,0.164,0.177,0.121,0.121,0.163
0.159,0.085,0.16,0.181,0.091,1.0,0.092,0.058,0.139,0.151,0.147,0.263,0.254,0.347,0.171,0.279,0.09,0.143,0.201,0.18,0.171,0.092,0.066,0.131,0.238,0.149,0.22,0.285,0.128,0.124,0.324,0.096,0.087,0.253,0.13,0.131,0.275,0.184,0.078,0.145,0.224,0.255,0.187,0.075,0.147,0.298,0.096,0.31,0.26,0.141,0.216,0.094,0.104,0.058,0.085,0.229,0.119,0.084,0.157,0.114,0.167,0.14,0.178,0.2,0.097,0.194,0.182,0.183,0.078,0.192,0.135,0.127,0.144,0.101,0.298,0.157,0.118,0.182,0.124,0.141,0.163,0.237,0.151,0.134,0.109,0.186,0.151,0.12,0.119,0.058,0.202,0.246,0.219,0.147,0.081,0.172,0.087,0.125,0.113,0.102,0.136,0.083,0.184,0.166,0.19,0.139,0.2,0.161,0.119,0.261,0.163,0.073,0.093,0.124,0.218,0.106,0.144,0.152,0.158,0.072,0.178,0.266,0.179,0.237,0.093,0.18,0.094,0.059,0.184,0.171,0.089,0.144,0.172,0.145,0.101,0.227,0.245,0.247,0.115,0.157,0.094,0.151,0.214,0.158,0.069,0.07,0.091,0.412,0.069,0.106,0.172,0.257,0.151,0.131,0.234,0.143,0.175,0.12,0.097,0.095,0.157,0.121,0.102,0.166,0.123,0.23,0.183,0.196,0.093,0.159,0.156,0.089,0.193,0.081,0.166,0.062,0.062,0.161,0.123,0.106,0.182,0.106,0.154,0.231,0.192,0.181,0.185,0.119,0.253,0.062,0.172,0.12,0.176,0.191,0.235,0.326,0.326,0.115,0.119,0.224,0.279,0.179,0.234,0.228,0.129,0.121,0.328,0.289,0.246,0.135,0.256,0.178,0.238,0.196,0.126,0.18,0.095,0.177,0.138,0.188,0.222,0.133,0.137,0.133,0.115,0.114,0.279,0.154,0.095,0.257,0.1,0.172,0.092,0.215,0.078,0.087,0.191,0.23,0.242,0.174,0.208,0.242,0.173,0.202,0.105,0.176,0.214,0.109,0.231,0.279,0.107,0.108,0.259,0.279,0.18,0.254,0.104,0.206,0.201,0.184,0.085,0.112,0.163,0.11,0.166,0.308,0.128,0.318,0.111,0.241,0.213,0.132,0.237,0.085,0.199,0.234,0.12,0.279,0.126,0.122,0.159,0.11,0.097,0.111,0.092,0.229
0.132,0.099,0.189,0.202,0.15,0.092,1.0,0.061,0.152,0.142,0.149,0.152,0.055,0.081,0.108,0.183,0.121,0.101,0.119,0.493,0.199,1.0,0.062,0.098,0.121,0.054,0.26,0.08,0.183,0.123,0.111,0.136,0.612,0.192,0.104,0.302,0.166,0.223,0.279,0.147,0.202,0.059,0.123,0.114,0.095,0.395,0.107,0.201,0.097,0.348,0.081,0.077,0.206,0.313,0.307,0.073,0.104,0.079,0.077,0.108,0.128,0.057,0.206,0.083,0.091,0.16,0.197,0.339,0.581,0.187,0.308,0.091,0.085,0.095,0.237,0.107,0.363,0.211,0.281,0.131,0.091,0.126,0.142,0.134,0.238,0.133,0.142,0.183,0.072,0.267,0.172,0.185,0.225,0.179,0.175,0.16,0.138,0.113,0.107,0.129,0.132,0.088,0.159,0.107,0.12,0.137,0.193,0.156,0.108,0.17,0.137,0.178,0.299,0.151,0.13,0.121,0.149,0.049,0.18,0.09,0.148,0.089,0.181,0.122,0.088,0.06,0.33,0.053,0.112,0.09,0.088,0.082,0.16,0.099,0.095,0.225,0.072,0.118,0.138,0.062,0.298,0.142,0.102,0.092,0.134,0.071,0.143,0.109,0.283,0.21,0.16,0.083,0.142,0.171,0.102,0.105,0.086,0.146,0.505,0.08,0.155,0.19,0.149,0.459,0.229,0.114,0.079,0.158,0.101,0.194,0.107,0.065,0.092,0.121,0.171,0.061,0.055,0.19,0.11,0.152,0.131,0.048,0.201,0.11,0.176,0.156,0.111,0.122,0.103,0.062,0.16,0.122,0.141,0.129,0.119,0.102,0.096,0.358,0.373,0.138,0.183,0.079,0.094,0.092,0.224,0.221,0.123,0.102,0.195,0.127,0.072,0.181,0.164,0.099,0.168,0.187,0.247,0.068,0.313,0.185,0.097,0.126,0.226,0.415,0.104,0.091,0.082,0.197,0.129,0.106,0.142,0.066,0.145,0.056,0.204,0.164,0.152,0.099,0.071,0.141,0.113,0.07,0.055,0.109,0.098,0.14,0.188,0.071,0.155,0.183,0.082,0.155,0.168,0.183,0.088,0.101,0.111,0.193,0.188,0.166,0.099,0.221,0.061,0.301,0.358,0.077,0.114,0.075,0.225,0.109,0.107,0.196,0.126,0.086,0.114,0.12,0.386,0.183,0.23,0.182,0.172,0.52,0.134,0.141,0.304,0.095
0.069,0.094,0.298,0.094,0.104,0.058,0.061,1.0,0.128,0.416,0.304,0.103,0.181,0.075,0.161,0.112,0.143,0.098,0.323,0.101,0.096,0.061,0.224,0.121,0.195,0.026,0.225,0.139,0.104,0.152,0.104,0.217,0.077,0.172,0.156,0.288,0.094,0.248,0.047,0.093,0.116,0.224,0.117,0.101,0.266,0.132,0.113,0.075,0.29,0.385,0.159,0.047,0.067,0.038,0.082,0.107,0.318,0.306,0.163,0.237,0.4,0.218,0.11,0.113,0.24,0.232,0.25,0.105,0.095,0.091,0.143,0.253,0.156,0.159,0.132,0.184,0.077,0.134,0.068,0.303,0.265,0.187,0.416,0.077,0.08,0.104,0.416,0.055,0.059,0.032,0.206,0.122,0.134,0.162,0.252,0.516,0.327,0.345,0.332,0.17,0.457,0.118,0.157,0.092,0.334,0.491,0.234,0.129,0.237,0.099,0.121,0.173,0.099,0.168,0.123,0.07,0.102,0.02,0.27,0.14,0.12,0.176,0.108,0.129,0.261,0.086,0.056,0.312,0.173,0.146,0.312,0.128,0.516,0.134,0.159,0.112,0.179,0.096,0.3,0.305,0.088,0.416,0.337,0.197,0.082,0.3,0.095,0.234,0.033,0.189,0.516,0.152,0.416,0.184,0.109,0.199,0.231,0.406,0.073,0.097,0.11,0.283,0.081,0.084,0.105,0.186,0.091,0.128,0.166,0.208,0.248,0.046,0.189,0.113,0.114,0.061,0.066,0.071,0.18,0.058,0.123,0.079,0.073,0.173,0.153,0.094,0.166,0.272,0.16,0.166,0.516,0.214,0.083,0.112,0.167,0.068,0.13,0.068,0.062,0.128,0.112,0.141,0.245,0.274,0.099,0.104,0.289,0.282,0.173,0.339,0.141,0.125,0.235,0.183,0.089,0.177,0.064,0.098,0.067,0.155,0.116,0.402,0.06,0.058,0.299,0.098,0.234,0.05,0.06,0.113,0.047,0.12,0.133,0.066,0.111,0.268,0.167,0.211,0.052,0.111,0.237,0.079,0.274,0.245,0.306,0.195,0.135,0.208,0.123,0.112,0.227,0.313,0.164,0.112,0.074,0.211,0.084,0.097,0.12,0.106,0.094,0.12,0.131,0.076,0.084,0.08,0.29,0.187,0.256,0.143,0.125,0.128,0.242,0.154,0.213,0.37,0.055,0.112,0.064,0.077,0.208,0.198,0.083,0.057,0.055,0.135
0.086,0.077,0.224,0.174,0.181,0.139,0.152,0.128,1.0,0.278,0.181,0.198,0.176,0.17,0.166,0.275,0.136,0.151,0.262,0.197,0.189,0.152,0.152,0.142,0.168,0.047,0.237,0.168,0.154,0.181,0.12,0.187,0.129,0.208,0.176,0.295,0.245,0.26,0.238,0.138,0.224,0.222,0.156,0.123,0.204,0.281,0.121,0.251,0.148,0.226,0.258,0.073,0.141,0.121,0.175,0.157,0.144,0.145,0.241,0.193,0.178,0.207,0.23,0.176,0.167,0.619,0.244,0.198,0.14,0.138,0.21,0.183,0.147,0.283,0.281,0.186,0.188,0.288,0.182,0.231,0.215,0.261,0.278,0.102,0.283,0.145,0.278,0.191,0.104,0.207,0.354,0.236,0.284,0.193,0.151,0.323,0.184,0.191,0.204,0.195,0.19,0.106,0.25,0.178,0.29,0.198,0.249,0.217,0.212,0.192,0.202,0.196,0.252,0.297,0.179,0.089,0.224,0.038,0.175,0.145,0.26,0.124,0.203,0.164,0.2,0.153,0.216,0.166,0.198,0.47,0.135,0.194,0.323,0.181,0.283,0.238,0.234,0.165,0.209,0.148,0.294,0.278,0.153,0.158,0.13,0.106,0.234,0.294,0.266,0.228,0.323,0.206,0.278,0.256,0.158,0.213,0.235,0.211,0.168,0.074,0.17,0.334,0.169,0.443,0.164,0.184,0.145,0.151,0.221,0.192,0.151,0.081,0.141,0.13,0.213,0.114,0.114,0.19,0.142,0.098,0.201,0.145,0.213,0.142,0.296,0.123,0.157,0.14,0.182,0.12,0.323,0.153,0.182,0.235,0.175,0.11,0.2,0.294,0.38,0.202,0.275,0.154,0.196,0.189,0.205,0.172,0.168,0.158,0.316,0.242,0.154,0.161,0.24,0.18,0.153,0.202,0.138,0.1,0.381,0.158,0.213,0.202,0.142,0.55,0.158,0.132,0.138,0.182,0.113,0.13,0.081,0.125,0.179,0.155,0.216,0.153,0.254,0.225,0.117,0.255,0.176,0.206,0.157,0.264,0.147,0.151,0.204,0.102,0.167,0.275,0.15,0.177,0.194,0.275,0.157,0.158,0.103,0.175,0.189,0.208,0.077,0.183,0.17,0.199,0.443,0.168,0.16,0.187,0.237,0.144,0.341,0.177,0.198,0.144,0.217,0.21,0.493,0.275,0.146,0.145,0.236,0.24,0.101,0.103,0.096,0.199
0.226,0.226,0.915,0.309,0.574,0.151,0.142,0.416,0.278,1.0,0.915,0.826,0.417,0.197,0.736,0.209,0.826,0.902,0.465,0.266,0.769,0.142,0.374,0.396,0.736,0.059,0.454,0.736,0.341,0.902,0.279,0.902,0.183,1.0,0.345,0.915,0.699,0.915,0.125,0.221,0.769,0.55,0.61,0.18,0.915,0.266,0.248,0.341,0.714,0.48,0.915,0.113,0.158,0.093,0.134,0.233,0.815,0.55,0.915,0.769,0.915,0.346,0.262,0.298,0.648,0.45,0.826,0.209,0.235,0.233,0.784,0.815,0.674,0.233,0.266,0.769,0.171,0.349,0.171,0.693,1.0,0.915,1.0,0.197,0.187,0.209,0.815,0.137,0.143,0.078,0.349,0.45,0.349,0.477,0.678,0.915,0.793,0.915,0.678,0.648,0.915,0.262,1.0,0.209,0.915,1.0,0.815,0.915,0.902,0.262,0.243,0.592,0.214,0.36,0.582,0.166,0.726,0.054,0.769,0.213,0.48,0.556,0.262,0.736,0.484,0.226,0.148,0.346,1.0,0.203,0.652,0.341,0.915,0.815,0.233,0.349,0.902,0.341,0.693,0.45,0.187,1.0,0.902,0.55,0.22,0.499,0.214,0.915,0.093,0.826,0.915,0.915,1.0,0.915,0.341,0.915,1.0,0.553,0.172,0.254,0.243,0.349,0.28,0.171,0.237,0.902,0.262,0.279,0.735,0.508,0.674,0.113,0.529,0.269,0.278,0.199,0.142,0.243,0.584,0.173,0.915,0.226,0.207,0.693,0.815,0.243,0.648,0.736,0.915,0.45,0.915,0.915,0.266,0.253,0.414,0.166,0.499,0.173,0.134,0.349,0.209,0.769,1.0,0.915,0.769,0.206,0.915,1.0,0.714,0.736,0.582,0.341,0.915,0.902,0.291,0.915,0.141,0.48,0.15,0.341,0.463,0.915,0.171,0.148,0.815,0.184,0.674,0.147,0.193,0.279,0.144,0.736,0.55,0.148,0.237,0.586,1.0,1.0,0.146,0.45,0.55,0.157,0.55,0.902,1.0,0.361,0.45,0.592,0.341,0.209,0.714,1.0,1.0,0.209,0.166,0.714,0.191,0.309,0.266,0.334,0.226,0.233,0.489,0.17,0.171,0.195,0.44,0.574,0.362,0.341,0.262,0.515,1.0,0.278,1.0,0.915,0.137,0.209,0.171,0.21,0.693,0.349,0.169,0.158,0.134,0.826
0.161,0.272,0.498,0.207,0.214,0.147,0.149,0.304,0.181,0.915,1.0,0.25,0.234,0.146,0.242,0.334,0.287,0.301,0.318,0.251,0.291,0.149,0.384,0.253,0.344,0.187,0.278,0.257,0.261,0.332,0.184,0.389,0.172,0.364,0.404,0.411,0.237,0.363,0.161,0.196,0.287,0.222,0.322,0.268,0.413,0.388,0.29,0.196,0.364,0.324,0.263,0.122,0.201,0.122,0.167,0.182,0.435,0.545,0.279,0.756,0.491,0.177,0.253,0.221,0.635,0.49,0.432,0.252,0.2,0.218,0.325,0.37,0.324,0.279,0.388,0.371,0.194,0.301,0.199,0.367,0.408,0.335,0.915,0.25,0.199,0.23,0.915,0.186,0.151,0.134,0.247,0.272,0.304,0.302,0.338,1.0,0.35,0.431,0.432,0.341,0.566,0.19,0.294,0.206,0.495,0.586,0.503,0.291,0.411,0.219,0.294,0.387,0.214,0.312,0.306,0.198,0.274,0.087,0.433,0.142,0.369,0.307,0.195,0.35,0.594,0.185,0.182,0.195,0.329,0.243,0.392,0.217,1.0,0.26,0.279,0.267,0.286,0.202,0.452,0.291,0.195,0.915,0.476,0.325,0.192,0.368,0.212,0.356,0.146,0.444,1.0,0.304,0.915,0.351,0.195,0.324,0.377,0.532,0.188,0.169,0.243,0.285,0.282,0.227,0.218,0.366,0.196,0.461,0.27,0.464,0.402,0.12,0.334,0.214,0.237,0.134,0.121,0.216,0.514,0.202,0.297,0.132,0.197,0.4,0.32,0.253,0.335,0.628,0.295,0.254,1.0,0.41,0.215,0.228,0.28,0.156,0.24,0.206,0.212,0.239,0.334,0.388,0.378,0.425,0.263,0.227,0.394,0.39,0.322,0.847,0.259,0.284,0.38,0.337,0.418,0.353,0.343,0.248,0.201,0.306,0.209,0.658,0.19,0.237,0.504,0.241,0.511,0.182,0.152,0.195,0.171,0.282,0.208,0.136,0.199,0.373,0.347,0.375,0.117,0.263,0.238,0.189,0.228,0.418,0.452,0.319,0.255,0.354,0.241,0.334,0.364,0.466,0.451,0.334,0.165,0.31,0.196,0.215,0.284,0.278,0.272,0.213,0.259,0.199,0.227,0.176,0.365,0.271,0.322,0.233,0.306,0.339,0.424,0.246,0.358,0.542,0.223,0.334,0.232,0.197,0.322,0.251,0.171,0.268,0.146,0.296
0.148,0.161,0.313,0.585,0.359,0.263,0.152,0.103,0.198,0.826,0.25,1.0,0.136,0.219,0.251,0.292,0.196,0.205,0.264,0.236,0.323,0.152,0.262,0.155,0.364,0.072,0.19,0.267,0.168,0.228,0.226,0.254,0.18,0.431,0.167,0.267,0.285,0.512,0.132,0.237,0.273,0.242,0.29,0.105,0.316,0.349,0.321,0.252,0.241,0.207,0.249,0.112,0.147,0.123,0.133,0.125,0.203,0.392,0.234,0.537,0.244,0.112,0.468,0.134,0.47,0.392,0.312,0.202,0.212,0.203,0.242,0.202,0.254,0.194,0.349,0.226,0.172,0.241,0.206,0.234,0.268,0.385,0.826,0.153,0.335,0.182,0.674,0.201,0.235,0.263,0.2,0.265,0.257,0.274,0.203,0.795,0.209,0.248,0.2,0.338,0.267,0.129,0.351,0.171,0.298,0.28,0.28,0.313,0.21,0.209,0.186,0.222,0.158,0.239,0.279,0.122,0.206,0.069,0.248,0.101,0.248,0.233,0.399,0.219,0.33,0.129,0.15,0.104,0.294,0.78,0.173,0.206,0.795,0.314,0.194,0.334,0.411,0.212,0.216,0.135,0.207,0.826,0.278,0.184,0.125,0.135,0.129,0.28,0.394,0.257,0.795,0.274,0.826,0.273,0.181,0.283,0.277,0.208,0.169,0.112,0.197,0.184,0.16,0.293,0.184,0.275,0.342,0.411,0.264,0.314,0.189,0.108,0.404,0.129,0.169,0.135,0.104,0.275,0.175,0.143,0.294,0.1,0.211,0.291,0.286,0.189,0.249,0.196,0.467,0.113,0.795,0.254,0.32,0.234,0.242,0.219,0.184,0.274,0.26,0.278,0.292,0.195,0.293,0.254,0.289,0.17,0.324,0.309,0.274,0.575,0.175,0.242,0.535,0.447,0.189,0.292,0.128,0.132,0.248,0.241,0.251,0.315,0.145,0.337,0.226,0.136,0.183,0.196,0.15,0.228,0.119,0.183,0.2,0.136,0.205,0.167,0.345,0.334,0.223,0.249,0.328,0.275,0.149,0.298,0.23,0.194,0.224,0.139,0.231,0.292,0.19,0.251,0.333,0.292,0.151,0.273,0.177,0.621,0.217,0.242,0.161,0.17,0.141,0.143,0.293,0.164,0.273,0.253,0.214,0.186,1.0,0.292,0.389,0.149,0.373,0.286,0.315,0.292,0.147,0.19,0.239,0.187,0.2,0.146,0.145,0.25
0.092,0.102,0.233,0.117,0.123,0.254,0.055,0.181,0.176,0.417,0.234,0.136,1.0,0.184,0.197,0.25,0.126,0.146,0.3,0.094,0.103,0.055,0.399,0.125,0.206,0.056,0.268,0.272,0.108,0.16,0.148,0.232,0.071,0.215,0.16,0.208,0.189,0.195,0.045,0.082,0.149,0.412,0.189,0.135,0.267,0.125,0.197,0.19,0.252,0.185,0.375,0.061,0.064,0.035,0.062,0.185,0.213,0.532,0.205,0.257,0.265,0.342,0.138,0.223,0.256,0.226,0.202,0.168,0.086,0.119,0.197,0.232,0.276,0.126,0.125,0.242,0.068,0.19,0.067,0.273,0.312,0.275,0.417,0.087,0.078,0.188,0.417,0.058,0.164,0.036,0.287,0.182,0.19,0.162,0.17,0.507,0.256,0.303,0.312,0.262,0.294,0.215,0.171,0.227,0.315,0.315,0.256,0.158,0.207,0.162,0.106,0.14,0.078,0.128,0.185,0.064,0.221,0.051,0.197,0.115,0.252,0.187,0.136,0.353,0.274,0.304,0.053,0.218,0.205,0.234,0.239,0.198,0.507,0.181,0.126,0.202,0.352,0.196,0.275,0.364,0.078,0.417,0.344,0.257,0.096,0.3,0.153,0.372,0.038,0.205,0.507,0.25,0.417,0.176,0.227,0.245,0.407,0.263,0.069,0.083,0.092,0.161,0.1,0.084,0.091,0.374,0.132,0.151,0.145,0.302,0.238,0.063,0.172,0.105,0.293,0.139,0.078,0.1,0.187,0.062,0.19,0.199,0.171,0.161,0.16,0.091,0.219,0.186,0.19,0.221,0.507,0.191,0.095,0.194,0.192,0.146,0.243,0.063,0.063,0.184,0.25,0.198,0.285,0.605,0.129,0.093,0.235,0.25,0.243,0.348,0.248,0.144,0.253,0.219,0.104,0.175,0.056,0.228,0.068,0.17,0.267,0.32,0.066,0.061,0.243,0.092,0.399,0.131,0.067,0.2,0.05,0.2,0.092,0.2,0.081,0.258,0.197,0.265,0.143,0.156,0.139,0.119,0.159,0.295,0.218,0.224,0.179,0.195,0.224,0.25,0.274,0.233,0.164,0.25,0.262,0.194,0.08,0.123,0.183,0.202,0.102,0.091,0.355,0.098,0.084,0.152,0.17,0.178,0.184,0.201,0.189,0.114,0.241,0.168,0.207,0.276,0.058,0.25,0.076,0.071,0.306,0.131,0.081,0.069,0.065,0.184
0.19,0.129,0.164,0.196,0.087,0.347,0.081,0.075,0.17,0.197,0.146,0.219,0.184,1.0,0.154,0.193,0.104,0.094,0.165,0.147,0.124,0.081,0.145,0.091,0.217,0.041,0.319,0.3,0.11,0.091,0.282,0.119,0.077,0.234,0.125,0.141,0.506,0.172,0.065,0.126,0.19,0.189,0.16,0.108,0.138,0.211,0.273,0.542,0.359,0.134,0.173,0.056,0.089,0.05,0.082,0.218,0.126,0.108,0.165,0.129,0.159,0.113,0.156,0.197,0.237,0.131,0.146,0.146,0.064,0.165,0.17,0.114,0.212,0.098,0.211,0.183,0.102,0.271,0.093,0.163,0.165,0.272,0.197,0.11,0.092,0.144,0.197,0.09,0.113,0.049,0.218,0.242,0.295,0.132,0.084,0.234,0.108,0.16,0.114,0.118,0.169,0.165,0.169,0.106,0.226,0.177,0.246,0.118,0.115,0.568,0.131,0.067,0.084,0.112,0.255,0.091,0.195,0.034,0.141,0.058,0.174,0.215,0.163,0.145,0.107,0.11,0.078,0.08,0.156,0.209,0.131,0.216,0.234,0.124,0.098,0.253,0.192,0.406,0.114,0.105,0.084,0.197,0.205,0.14,0.06,0.087,0.076,0.3,0.055,0.116,0.234,0.284,0.197,0.13,0.355,0.111,0.21,0.207,0.084,0.088,0.128,0.134,0.064,0.127,0.124,0.179,0.129,0.169,0.09,0.17,0.191,0.047,0.151,0.067,0.188,0.061,0.054,0.127,0.107,0.085,0.122,0.075,0.094,0.203,0.2,0.135,0.234,0.127,0.18,0.088,0.234,0.118,0.171,0.212,0.23,0.238,0.384,0.095,0.094,0.359,0.193,0.158,0.179,0.216,0.092,0.096,0.222,0.226,0.423,0.168,0.31,0.208,0.263,0.245,0.102,0.129,0.082,0.089,0.105,0.243,0.184,0.163,0.086,0.098,0.128,0.087,0.123,0.129,0.071,0.279,0.068,0.143,0.076,0.29,0.077,0.091,0.175,0.239,0.176,0.2,0.171,0.356,0.134,0.23,0.123,0.138,0.215,0.078,0.459,0.193,0.104,0.117,0.174,0.193,0.261,0.232,0.109,0.214,0.163,0.147,0.129,0.102,0.126,0.076,0.127,0.697,0.105,0.323,0.164,0.529,0.174,0.113,0.222,0.129,0.169,0.186,0.09,0.193,0.09,0.105,0.12,0.112,0.085,0.08,0.074,0.209
0.132,0.244,0.281,0.199,0.177,0.171,0.108,0.161,0.166,0.736,0.242,0.251,0.197,0.154,1.0,0.467,0.17,0.261,0.316,0.178,0.222,0.108,0.443,0.183,0.329,0.108,0.199,0.409,0.177,0.207,0.172,0.244,0.092,0.314,0.165,0.264,0.241,0.314,0.111,0.152,0.329,0.294,0.265,0.092,0.276,0.254,0.214,0.23,0.257,0.218,0.287,0.102,0.118,0.076,0.114,0.219,0.203,0.376,0.275,0.521,0.26,0.216,0.184,0.152,0.449,0.418,0.308,0.268,0.097,0.154,0.223,0.24,0.264,0.611,0.254,0.299,0.137,0.185,0.131,0.273,0.412,0.33,0.736,0.135,0.176,0.254,0.736,0.182,0.121,0.156,0.18,0.224,0.198,0.189,0.153,0.847,0.293,0.263,0.183,0.314,0.259,0.177,0.318,0.17,0.456,0.268,0.268,0.24,0.234,0.207,0.153,0.159,0.141,0.167,0.338,0.099,0.304,0.116,0.231,0.31,0.281,0.263,0.141,0.214,0.397,0.324,0.126,0.192,0.33,0.189,0.188,0.21,0.847,0.304,0.611,0.185,0.345,0.206,0.244,0.205,0.145,0.736,0.295,0.23,0.137,0.17,0.126,0.279,0.18,0.228,0.847,0.295,0.736,0.278,0.191,0.294,0.387,0.248,0.118,0.118,0.156,0.142,0.176,0.298,0.162,0.397,0.13,0.159,0.187,0.173,0.193,0.082,0.173,0.093,0.127,0.152,0.156,0.422,0.198,0.132,0.266,0.319,0.155,0.255,0.281,0.15,0.293,0.191,0.342,0.172,0.847,0.268,0.233,0.216,0.216,0.154,0.231,0.164,0.272,0.221,0.467,0.19,0.346,0.276,0.213,0.139,0.276,0.302,0.264,0.645,0.244,0.227,0.283,0.281,0.153,0.276,0.107,0.175,0.259,0.193,0.496,0.32,0.125,0.328,0.242,0.11,0.237,0.143,0.128,0.202,0.094,0.26,0.192,0.135,0.112,0.159,0.296,0.293,0.41,0.234,0.23,0.709,0.163,0.26,0.217,0.274,0.189,0.194,0.196,0.467,0.217,0.278,0.272,0.467,0.173,0.27,0.153,0.209,0.206,0.248,0.244,0.186,0.338,0.125,0.298,0.161,0.18,0.274,0.242,0.189,0.231,0.188,0.329,0.16,0.317,0.292,0.3,0.467,0.141,0.151,0.248,0.144,0.103,0.172,0.097,0.245
0.199,0.186,0.383,0.239,0.252,0.279,0.183,0.112,0.275,0.209,0.334,0.292,0.25,0.193,0.467,1.0,0.296,0.63,1.0,0.467,0.296,0.183,0.07,0.329,0.292,0.224,0.245,0.229,0.334,0.296,0.203,0.284,0.155,0.467,0.248,0.296,0.265,0.296,0.246,0.315,0.296,0.168,0.205,0.111,0.38,0.467,0.185,0.269,0.169,0.38,0.232,0.194,0.258,0.147,0.202,0.185,0.209,0.113,0.296,0.221,0.467,0.26,0.315,0.199,0.141,0.265,0.296,1.0,0.135,0.199,0.329,0.224,0.38,0.15,0.467,0.329,0.264,0.245,0.253,0.151,0.334,0.38,0.209,0.383,0.296,1.0,0.209,0.252,0.26,0.113,0.207,0.467,0.38,0.34,0.232,0.204,0.229,0.265,0.207,0.329,0.218,0.38,0.38,0.275,0.383,0.209,0.38,0.296,0.329,0.228,0.383,0.19,0.252,0.275,0.467,0.301,0.383,0.275,0.383,0.208,0.334,0.184,0.156,0.383,0.147,0.383,0.296,0.271,0.258,0.119,0.15,0.269,0.204,0.296,0.15,0.334,0.329,0.269,0.467,0.129,0.296,0.209,0.218,0.285,0.183,0.133,0.196,0.34,0.163,0.296,0.204,0.467,0.209,0.3,0.269,0.63,0.38,0.38,0.189,0.228,0.383,0.207,0.269,0.253,0.268,0.306,0.275,0.239,0.329,0.204,0.218,0.261,0.239,0.157,0.171,0.224,0.252,0.383,0.301,0.329,0.38,0.383,0.253,0.334,0.329,0.383,0.38,0.301,0.292,0.172,0.204,0.38,0.467,0.329,0.228,0.315,0.172,0.329,0.202,0.269,1.0,0.221,0.296,0.232,0.38,0.317,0.301,0.209,0.265,0.214,0.329,0.467,0.242,0.38,0.334,0.253,0.22,0.274,0.247,0.467,0.38,0.221,0.296,0.296,0.218,0.258,0.38,0.232,0.226,0.38,0.279,0.296,0.329,0.271,0.232,0.15,0.329,0.209,0.329,0.467,0.315,0.093,0.296,0.38,0.218,1.0,0.265,0.232,0.269,1.0,0.277,0.209,0.266,1.0,0.284,0.171,0.253,0.242,0.467,0.467,0.186,0.329,0.334,0.296,0.253,0.146,0.296,0.122,0.329,0.269,0.156,0.315,0.315,0.171,0.329,0.221,0.252,1.0,0.38,0.38,0.253,0.207,0.214,0.38,0.228,0.247
0.117,0.161,0.363,0.157,0.169,0.09,0.121,0.143,0.136,0.826,0.287,0.196,0.126,0.104,0.17,0.296,1.0,0.257,0.231,0.18,0.243,0.121,0.262,0.148,0.216,0.055,0.171,0.204,0.207,0.271,0.116,0.365,0.139,0.258,0.208,0.312,0.179,0.315,0.134,0.152,0.258,0.168,0.173,0.128,0.316,0.244,0.187,0.129,0.225,0.208,0.203,0.087,0.136,0.27,0.13,0.084,0.259,0.392,0.186,0.881,0.316,0.107,0.19,0.121,0.47,0.392,0.265,0.236,0.134,0.168,0.243,0.239,0.184,0.168,0.244,0.3,0.212,0.161,0.144,0.293,0.284,0.212,0.826,0.129,0.201,0.217,0.674,0.216,0.075,0.21,0.169,0.206,0.164,0.453,0.343,0.795,0.279,0.294,0.26,0.252,0.47,0.126,0.306,0.152,0.335,0.421,0.343,0.296,0.282,0.179,0.149,0.286,0.165,0.228,0.214,0.117,0.237,0.048,0.379,0.115,0.174,0.161,0.127,0.178,0.33,0.112,0.148,0.125,0.293,0.148,0.232,0.129,0.795,0.224,0.168,0.148,0.191,0.118,0.279,0.158,0.17,0.826,0.396,0.172,0.322,0.189,0.13,0.246,0.552,0.27,0.795,0.195,0.826,0.281,0.122,0.228,0.303,0.249,0.152,0.095,0.156,0.183,0.194,0.22,0.169,0.282,0.12,0.14,0.248,0.154,0.231,0.097,0.16,0.158,0.116,0.078,0.071,0.19,0.16,0.249,0.237,0.087,0.338,0.181,0.215,0.151,0.335,0.239,0.235,0.129,0.795,0.287,0.161,0.166,0.184,0.128,0.14,0.211,0.201,0.136,0.296,0.259,0.259,0.268,0.22,0.137,0.268,0.281,0.211,0.575,0.151,0.2,0.277,0.344,0.138,0.309,0.116,0.116,0.179,0.205,0.156,0.493,0.118,0.235,0.298,0.11,0.18,0.26,0.116,0.133,0.117,0.205,0.157,0.079,0.351,0.29,0.252,0.289,0.099,0.202,0.177,0.114,0.238,0.271,0.321,0.243,0.202,0.149,0.157,0.296,0.369,0.328,0.326,0.296,0.102,0.195,0.124,0.161,0.182,0.237,0.161,0.173,0.127,0.148,0.22,0.093,0.194,0.175,0.21,0.143,0.2,0.387,0.302,0.127,0.275,0.37,0.216,0.296,0.127,0.125,0.22,0.161,0.121,0.146,0.148,0.193
0.081,0.205,0.284,0.13,0.181,0.143,0.101,0.098,0.151,0.902,0.301,0.205,0.146,0.094,0.261,0.63,0.257,1.0,0.251,0.189,0.341,0.101,0.527,0.318,0.185,1.0,0.143,0.183,0.311,0.397,0.106,0.232,0.099,0.275,0.271,0.249,0.223,0.237,0.095,0.135,0.231,0.149,0.254,0.182,0.37,0.543,0.306,0.182,0.177,0.181,0.243,0.113,0.195,0.068,0.111,0.225,0.327,0.744,0.249,0.881,0.291,0.123,0.16,0.142,0.548,0.619,0.377,0.228,0.106,0.143,0.233,0.226,0.222,1.0,0.543,0.253,0.127,0.285,0.287,0.31,0.24,0.283,0.902,0.242,0.199,0.222,0.736,0.274,0.178,0.229,0.162,0.214,0.265,0.27,0.197,0.847,0.187,0.26,0.234,0.287,0.242,0.122,0.351,0.32,0.376,0.239,0.286,0.437,0.284,0.117,0.303,0.19,0.131,0.249,0.234,0.157,0.331,0.453,0.232,0.104,0.36,0.15,0.115,0.39,0.397,0.222,0.111,0.113,0.429,0.198,0.184,0.137,0.847,0.356,1.0,0.203,0.254,0.134,0.34,0.157,0.171,0.902,0.243,0.18,0.109,0.142,0.179,0.267,0.288,0.376,0.847,0.273,0.902,0.383,0.119,0.352,0.282,0.215,0.116,0.115,0.207,0.161,0.389,0.605,0.174,0.264,0.182,0.145,0.19,0.186,0.166,0.113,0.273,0.145,0.125,0.119,0.075,0.339,0.336,0.197,0.449,0.125,0.33,0.343,0.242,0.338,0.257,0.229,0.294,0.112,0.847,0.335,0.174,0.315,0.175,0.122,0.118,0.144,0.514,0.189,0.63,0.278,0.287,0.402,0.341,0.182,0.225,0.229,0.329,0.645,0.146,0.185,0.233,0.244,0.31,0.417,0.187,0.319,0.88,0.18,0.292,0.268,0.296,0.531,0.26,0.205,0.343,0.136,0.118,0.137,0.231,0.425,0.247,0.088,0.117,0.192,0.421,0.354,0.133,0.373,0.168,0.157,0.237,0.31,0.211,0.222,0.178,0.332,0.166,0.63,0.285,0.284,0.278,0.63,0.134,0.176,0.116,0.139,0.2,0.288,0.205,0.19,0.187,0.196,1.0,0.077,0.209,0.142,0.181,0.12,0.227,0.25,0.336,0.145,0.298,0.237,0.484,0.63,0.318,0.155,0.306,0.155,0.097,0.34,0.099,0.248
0.153,0.186,0.322,0.242,0.199,0.201,0.119,0.323,0.262,0.465,0.318,0.264,0.3,0.165,0.316,1.0,0.231,0.251,1.0,0.258,0.196,0.119,0.476,0.203,0.29,0.224,0.245,0.243,0.245,0.218,0.227,0.322,0.115,0.284,0.222,0.31,0.19,0.325,0.144,0.177,0.25,0.229,0.21,0.188,0.306,0.467,0.185,0.182,0.248,0.31,0.222,0.129,0.158,0.09,0.121,0.149,0.265,0.633,0.232,0.314,0.392,0.245,0.247,0.15,0.303,0.265,0.28,0.441,0.113,0.187,0.283,0.244,0.23,0.15,0.467,0.244,0.173,0.173,0.163,0.259,0.353,0.265,0.465,0.239,0.197,0.434,0.465,0.252,0.199,0.113,0.187,0.25,0.195,0.232,0.252,0.551,0.29,0.303,0.368,0.316,0.331,0.233,0.238,0.19,0.338,0.348,0.305,0.21,0.274,0.193,0.193,0.196,0.173,0.189,0.29,0.163,0.217,0.275,0.327,0.157,0.249,0.221,0.208,0.251,0.295,0.236,0.164,0.253,0.231,0.242,0.27,0.215,0.551,0.203,0.15,0.253,0.28,0.17,0.359,0.23,0.173,0.465,0.414,0.301,0.142,0.354,0.373,0.251,0.163,0.283,0.551,0.241,0.465,0.228,0.198,0.299,0.309,0.309,0.128,0.168,0.24,0.172,0.16,0.253,0.183,0.335,0.232,0.273,0.233,0.25,0.221,0.148,0.284,0.125,0.191,0.175,0.134,0.265,0.219,0.204,0.212,0.235,0.171,0.29,0.224,0.243,0.269,0.274,0.279,0.196,0.551,0.302,0.257,0.167,0.214,0.212,0.213,0.19,0.202,0.174,1.0,0.188,0.309,0.364,0.223,0.191,0.345,0.289,0.211,0.399,0.251,0.284,0.294,0.28,0.219,0.248,0.14,0.229,0.247,0.29,0.271,0.365,0.189,0.296,0.271,0.141,0.352,0.17,0.159,0.258,0.149,0.249,0.235,0.173,0.136,0.32,0.237,0.214,0.265,0.193,0.264,0.242,0.238,0.316,0.252,0.473,0.205,0.262,0.215,1.0,0.337,0.268,0.238,1.0,0.2,0.451,0.159,0.261,0.262,0.267,0.186,0.183,0.232,0.182,0.253,0.168,0.261,0.222,0.26,0.212,0.287,0.208,0.298,0.168,0.261,0.332,0.252,1.0,0.214,0.183,0.257,0.154,0.127,0.197,0.147,0.273
0.17,0.205,0.298,0.233,0.202,0.18,0.493,0.101,0.197,0.266,0.251,0.236,0.094,0.147,0.178,0.467,0.18,0.189,0.258,1.0,0.284,0.493,0.094,0.197,0.241,0.108,0.244,0.156,0.26,0.19,0.192,0.208,0.476,0.312,0.192,0.337,0.217,0.262,0.286,0.279,0.27,0.107,0.192,0.123,0.17,0.549,0.213,0.217,0.16,0.679,0.129,0.141,0.278,0.288,0.444,0.127,0.181,0.138,0.141,0.237,0.214,0.104,0.315,0.152,0.168,0.323,0.3,0.554,0.381,0.203,0.329,0.166,0.163,0.178,0.543,0.215,0.508,0.255,0.474,0.177,0.173,0.22,0.266,0.266,0.298,0.29,0.266,0.274,0.127,0.229,0.2,0.327,0.354,0.276,0.21,0.28,0.177,0.196,0.185,0.19,0.217,0.16,0.267,0.172,0.226,0.22,0.308,0.227,0.194,0.207,0.27,0.19,0.314,0.228,0.272,0.218,0.213,0.116,0.31,0.114,0.19,0.158,0.197,0.25,0.167,0.116,0.345,0.092,0.193,0.152,0.141,0.161,0.28,0.169,0.178,0.322,0.137,0.182,0.204,0.099,0.323,0.266,0.188,0.18,0.156,0.117,0.171,0.21,0.288,0.297,0.28,0.156,0.266,0.262,0.199,0.172,0.163,0.216,0.494,0.145,0.295,0.272,0.19,1.0,0.312,0.178,0.14,0.216,0.178,0.253,0.162,0.136,0.172,0.16,0.261,0.122,0.105,0.283,0.212,0.238,0.224,0.096,0.299,0.192,0.241,0.308,0.227,0.235,0.198,0.102,0.28,0.21,0.304,0.172,0.209,0.204,0.147,0.385,0.82,0.199,0.467,0.154,0.173,0.161,0.371,0.434,0.225,0.181,0.246,0.254,0.132,0.355,0.238,0.201,0.289,0.315,0.298,0.111,0.532,0.369,0.18,0.223,0.3,0.531,0.185,0.173,0.157,0.263,0.185,0.188,0.197,0.128,0.232,0.099,0.206,0.207,0.235,0.16,0.13,0.22,0.226,0.117,0.095,0.225,0.177,0.301,0.289,0.124,0.218,0.467,0.143,0.189,0.211,0.467,0.174,0.171,0.212,0.24,0.354,0.267,0.205,0.293,0.115,0.367,0.605,0.134,0.228,0.125,0.289,0.207,0.194,0.272,0.231,0.148,0.191,0.207,0.484,0.467,0.306,0.312,0.263,0.422,0.207,0.203,0.335,0.179
0.128,0.14,0.356,0.354,0.22,0.171,0.199,0.096,0.189,0.769,0.291,0.323,0.103,0.124,0.222,0.296,0.243,0.341,0.196,0.284,1.0,0.199,0.227,0.176,0.251,0.283,0.221,0.238,0.349,0.295,0.139,0.245,0.191,0.384,0.185,0.355,0.239,0.335,0.23,0.169,0.434,0.155,0.261,0.226,0.292,0.311,0.167,0.234,0.199,0.29,0.216,0.085,0.455,0.201,0.312,0.127,0.22,0.342,0.182,0.753,0.237,0.089,0.266,0.108,0.413,0.372,0.449,0.29,0.181,0.179,0.284,0.185,0.151,0.159,0.311,0.207,0.299,0.261,0.284,0.245,0.246,0.323,0.769,0.177,0.347,0.168,0.627,0.228,0.205,0.258,0.209,0.215,0.232,0.262,0.255,0.756,0.214,0.223,0.186,0.221,0.293,0.092,0.376,0.346,0.299,0.277,0.379,0.441,0.195,0.217,0.227,0.21,0.279,0.304,0.24,0.197,0.427,0.065,0.305,0.108,0.276,0.224,0.258,0.319,0.28,0.127,0.267,0.092,0.426,0.329,0.159,0.127,0.756,0.246,0.159,0.2,0.291,0.19,0.319,0.123,0.309,0.769,0.299,0.198,0.153,0.125,0.193,0.239,0.337,0.371,0.756,0.245,0.769,0.516,0.14,0.246,0.237,0.215,0.273,0.083,0.29,0.164,0.298,0.765,0.453,0.271,0.145,0.236,0.178,0.184,0.187,0.076,0.232,0.287,0.111,0.085,0.068,0.263,0.342,0.195,0.398,0.084,0.298,0.304,0.29,0.234,0.228,0.22,0.342,0.092,0.756,0.258,0.19,0.25,0.189,0.135,0.15,0.325,0.642,0.209,0.296,0.347,0.311,0.268,0.461,0.333,0.264,0.345,0.271,0.521,0.13,0.204,0.323,0.245,0.327,0.446,0.306,0.264,0.685,0.197,0.237,0.332,0.309,0.66,0.23,0.306,0.201,0.283,0.153,0.135,0.228,0.229,0.25,0.074,0.25,0.307,0.491,0.338,0.148,0.295,0.199,0.245,0.147,0.324,0.219,0.178,0.186,0.212,0.169,0.296,0.187,0.329,0.358,0.296,0.105,0.2,0.221,0.345,0.267,0.315,0.14,0.255,0.117,0.345,0.765,0.126,0.188,0.19,0.272,0.137,0.386,0.322,0.421,0.108,0.393,0.271,0.59,0.296,0.319,0.336,0.366,0.194,0.146,0.372,0.128,0.194
0.132,0.099,0.189,0.202,0.15,0.092,1.0,0.061,0.152,0.142,0.149,0.152,0.055,0.081,0.108,0.183,0.121,0.101,0.119,0.493,0.199,1.0,0.062,0.098,0.121,0.054,0.26,0.08,0.183,0.123,0.111,0.136,0.612,0.192,0.104,0.302,0.166,0.223,0.279,0.147,0.202,0.059,0.123,0.114,0.095,0.395,0.107,0.201,0.097,0.348,0.081,0.077,0.206,0.313,0.307,0.073,0.104,0.079,0.077,0.108,0.128,0.057,0.206,0.083,0.091,0.16,0.197,0.339,0.581,0.187,0.308,0.091,0.085,0.095,0.237,0.107,0.363,0.211,0.281,0.131,0.091,0.126,0.142,0.134,0.238,0.133,0.142,0.183,0.072,0.267,0.172,0.185,0.225,0.179,0.175,0.16,0.138,0.113,0.107,0.129,0.132,0.088,0.159,0.107,0.12,0.137,0.193,0.156,0.108,0.17,0.137,0.178,0.299,0.151,0.13,0.121,0.149,0.049,0.18,0.09,0.148,0.089,0.181,0.122,0.088,0.06,0.33,0.053,0.112,0.09,0.088,0.082,0.16,0.099,0.095,0.225,0.072,0.118,0.138,0.062,0.298,0.142,0.102,0.092,0.134,0.071,0.143,0.109,0.283,0.21,0.16,0.083,0.142,0.171,0.102,0.105,0.086,0.146,0.505,0.08,0.155,0.19,0.149,0.459,0.229,0.114,0.079,0.158,0.101,0.194,0.107,0.065,0.092,0.121,0.171,0.061,0.055,0.19,0.11,0.152,0.131,0.048,0.201,0.11,0.176,0.156,0.111,0.122,0.103,0.062,0.16,0.122,0.141,0.129,0.119,0.102,0.096,0.358,0.373,0.138,0.183,0.079,0.094,0.092,0.224,0.221,0.123,0.102,0.195,0.127,0.072,0.181,0.164,0.099,0.168,0.187,0.247,0.068,0.313,0.185,0.097,0.126,0.226,0.415,0.104,0.091,0.082,0.197,0.129,0.106,0.142,0.066,0.145,0.056,0.204,0.164,0.152,0.099,0.071,0.141,0.113,0.07,0.055,0.109,0.098,0.14,0.188,0.071,0.155,0.183,0.082,0.155,0.168,0.183,0.088,0.101,0.111,0.193,0.188,0.166,0.099,0.221,0.061,0.301,0.358,0.077,0.114,0.075,0.225,0.109,0.107,0.196,0.126,0.086,0.114,0.12,0.386,0.183,0.23,0.182,0.172,0.52,0.134,0.141,0.304,0.095
0.086,0.086,0.384,0.204,0.358,0.066,0.062,0.224,0.152,0.374,0.384,0.262,0.399,0.145,0.443,0.07,0.262,0.527,0.476,0.094,0.227,0.062,1.0,0.129,0.261,0.023,0.279,0.261,0.145,0.309,0.116,0.527,0.092,0.374,0.338,0.384,0.292,0.384,0.046,0.087,0.227,0.322,0.22,0.256,0.461,0.094,0.163,0.215,0.437,0.3,0.384,0.046,0.062,0.039,0.069,0.273,0.313,0.527,0.384,0.227,0.384,0.256,0.113,0.338,0.554,0.179,0.459,0.07,0.104,0.459,0.35,0.313,0.362,0.273,0.094,0.464,0.068,0.238,0.068,0.461,0.374,0.733,0.374,0.072,0.118,0.095,0.313,0.049,0.09,0.034,0.146,0.179,0.238,0.175,0.392,0.384,0.322,0.384,0.527,1.0,0.384,0.177,0.459,0.163,0.384,0.384,0.392,0.384,0.309,0.177,0.097,0.367,0.093,0.16,0.363,0.062,0.202,0.018,0.392,0.136,0.484,0.206,0.113,0.261,0.194,0.182,0.051,0.256,0.392,0.094,0.459,0.289,0.384,0.313,0.273,0.238,0.454,0.215,0.461,0.287,0.092,0.374,0.596,0.527,0.153,0.436,0.218,0.384,0.035,0.459,0.384,0.459,0.374,0.384,0.215,0.384,0.384,0.37,0.082,0.104,0.136,0.146,0.172,0.068,0.107,0.622,0.113,0.211,0.361,0.297,0.222,0.047,0.41,0.116,0.189,0.219,0.063,0.091,0.247,0.2,0.384,0.179,0.088,0.461,0.313,0.091,0.554,0.261,0.384,0.194,0.384,0.384,0.169,0.147,0.177,0.061,0.191,0.066,0.054,0.215,0.07,0.227,0.454,0.527,0.459,0.136,0.384,0.374,0.437,0.261,0.363,0.289,0.384,0.392,0.155,0.384,0.055,0.484,0.056,0.289,0.474,0.392,0.068,0.051,0.313,0.089,0.476,0.107,0.082,0.123,0.05,0.484,0.322,0.07,0.107,0.527,0.392,0.384,0.059,0.338,0.322,0.169,0.322,0.527,0.374,0.179,0.179,0.367,0.308,0.07,0.549,0.628,0.374,0.07,0.116,0.437,0.082,0.204,0.124,0.71,0.086,0.273,0.18,0.068,0.068,0.13,0.255,0.358,0.35,0.215,0.113,0.194,0.406,0.41,0.384,0.384,0.049,0.07,0.068,0.074,0.461,0.146,0.078,0.062,0.054,0.407
0.076,0.116,0.317,0.121,0.125,0.131,0.098,0.121,0.142,0.396,0.253,0.155,0.125,0.091,0.183,0.329,0.148,0.318,0.203,0.197,0.176,0.098,0.129,1.0,0.186,0.626,0.121,0.143,0.241,0.22,0.109,0.185,0.101,0.189,0.195,0.22,0.125,0.205,0.091,0.203,0.159,0.172,0.233,0.136,0.276,0.338,0.126,0.106,0.175,0.178,0.139,0.205,0.142,0.063,0.107,0.192,0.32,0.2,0.181,0.309,0.333,0.095,0.184,0.114,0.239,0.298,0.242,0.233,0.103,0.112,0.143,0.205,0.153,0.22,0.338,0.19,0.128,0.166,0.241,0.2,0.188,0.181,0.396,0.255,0.149,0.228,0.396,0.156,0.134,0.079,0.184,0.198,0.181,0.361,0.161,0.44,0.16,0.248,0.183,0.155,0.264,0.099,0.188,0.226,0.304,0.274,0.332,0.221,0.202,0.094,0.27,0.137,0.135,0.237,0.16,0.167,0.158,0.274,0.238,0.119,0.217,0.135,0.113,0.324,0.227,0.14,0.108,0.096,0.2,0.195,0.161,0.161,0.44,0.25,0.22,0.158,0.148,0.099,0.262,0.148,0.143,0.396,0.206,0.143,0.242,0.139,0.137,0.305,0.098,0.267,0.44,0.159,0.396,0.25,0.103,0.198,0.183,0.192,0.107,0.143,0.246,0.226,0.292,0.198,0.139,0.19,0.194,0.14,0.161,0.188,0.169,0.123,0.195,0.118,0.113,0.196,0.202,0.207,0.277,0.171,0.248,0.088,0.215,0.238,0.186,0.348,0.157,0.213,0.181,0.113,0.44,0.35,0.173,0.182,0.169,0.118,0.119,0.15,0.149,0.145,0.329,0.161,0.276,0.293,0.175,0.146,0.215,0.19,0.203,0.36,0.122,0.195,0.204,0.172,0.209,0.27,0.136,0.272,0.172,0.201,0.184,0.288,0.529,0.173,0.261,0.253,0.252,0.099,0.159,0.116,0.221,0.278,0.198,0.083,0.132,0.154,0.198,0.2,0.133,0.216,0.196,0.074,0.152,0.216,0.207,0.294,0.169,0.29,0.119,0.329,0.187,0.211,0.201,0.329,0.1,0.165,0.125,0.131,0.193,0.162,0.116,0.154,0.14,0.148,0.198,0.073,0.168,0.133,0.149,0.107,0.162,0.198,0.223,0.122,0.243,0.252,0.156,0.329,0.324,0.14,0.2,0.192,0.178,0.28,0.097,0.193
0.134,0.19,0.41,0.213,0.225,0.238,0.121,0.195,0.168,0.736,0.344,0.364,0.206,0.217,0.329,0.292,0.216,0.185,0.29,0.241,0.251,0.121,0.261,0.186,1.0,0.072,0.22,0.502,0.173,0.234,0.218,0.33,0.152,0.436,0.201,0.329,0.266,0.394,0.112,0.326,0.602,0.472,0.577,0.11,0.326,0.349,0.214,0.223,0.397,0.283,0.212,0.151,0.158,0.079,0.117,0.154,0.317,0.376,0.231,0.521,0.378,0.131,0.392,0.168,0.449,0.418,0.331,0.224,0.134,0.179,0.272,0.319,0.276,0.196,0.349,0.322,0.16,0.184,0.201,0.276,0.451,0.366,0.736,0.176,0.251,0.211,0.736,0.171,0.122,0.09,0.237,0.246,0.202,0.246,0.22,0.847,0.254,0.35,0.286,0.267,0.45,0.15,0.339,0.164,0.436,0.477,0.333,0.306,0.287,0.228,0.198,0.204,0.142,0.298,0.42,0.141,0.179,0.069,0.328,0.103,0.22,0.43,0.19,0.26,0.485,0.13,0.143,0.134,0.332,0.177,0.274,0.233,0.847,0.228,0.196,0.243,0.286,0.311,0.295,0.226,0.155,0.736,0.603,0.284,0.128,0.264,0.131,0.301,0.112,0.259,0.847,0.282,0.736,0.288,0.238,0.269,0.304,0.257,0.134,0.128,0.21,0.218,0.138,0.211,0.204,0.517,0.158,0.229,0.268,0.236,0.364,0.124,0.239,0.142,0.187,0.156,0.147,0.2,0.234,0.143,0.247,0.103,0.159,0.289,0.257,0.21,0.368,0.314,0.438,0.197,0.847,0.315,0.426,0.227,0.291,0.184,0.276,0.235,0.162,0.278,0.292,0.274,0.418,0.33,0.202,0.168,0.372,0.517,0.26,0.645,0.254,0.256,0.451,0.29,0.208,0.322,0.13,0.152,0.186,0.278,0.299,0.508,0.133,0.19,0.39,0.151,0.233,0.261,0.162,0.209,0.113,0.22,0.209,0.114,0.169,0.235,0.316,0.34,0.284,0.201,0.347,0.563,0.175,0.313,0.345,0.255,0.217,0.238,0.236,0.292,0.271,0.312,0.378,0.292,0.143,0.379,0.224,0.236,0.241,0.324,0.19,0.164,0.183,0.137,0.211,0.229,0.436,0.411,0.221,0.252,0.227,0.361,0.449,0.155,0.358,0.451,0.171,0.292,0.138,0.165,0.251,0.185,0.285,0.142,0.113,0.278
0.037,0.037,0.138,0.055,0.051,0.149,0.054,0.026,0.047,0.059,0.187,0.072,0.056,0.041,0.108,0.224,0.055,1.0,0.224,0.108,0.283,0.054,0.023,0.626,0.072,1.0,0.049,0.051,0.53,0.345,0.057,0.071,0.048,0.108,0.223,0.067,0.068,0.067,0.044,0.088,0.055,0.05,0.378,0.215,0.272,0.108,0.041,0.059,0.051,0.082,0.079,0.126,0.176,0.032,0.05,0.338,0.465,0.029,0.067,0.042,0.248,0.079,0.088,0.043,0.034,0.068,0.419,0.224,0.036,0.049,0.126,0.124,0.082,0.036,0.108,0.066,0.066,0.164,0.494,0.244,0.077,0.082,0.059,0.398,0.134,0.224,0.059,0.05,0.371,0.027,0.058,0.108,0.164,0.092,0.109,0.067,0.054,0.068,0.058,0.066,0.067,0.082,0.19,0.44,0.537,0.067,0.119,0.291,0.066,0.048,0.402,0.172,0.05,0.166,0.108,0.176,0.293,0.101,0.098,0.05,0.421,0.047,0.042,0.554,0.035,0.294,0.055,0.069,0.305,0.034,0.04,0.059,0.067,0.465,0.036,0.077,0.096,0.059,0.334,0.094,0.134,0.059,0.051,0.061,0.034,0.033,0.202,0.149,0.032,0.465,0.067,0.108,0.059,0.225,0.059,0.223,0.082,0.082,0.055,0.102,0.098,0.058,0.583,0.066,0.08,0.087,0.183,0.055,0.066,0.172,0.046,0.126,0.353,0.042,0.044,0.07,0.038,0.44,0.445,0.293,0.633,0.098,0.537,0.43,0.066,0.583,0.082,0.152,0.19,0.051,0.067,0.368,0.108,0.44,0.062,0.088,0.039,0.066,0.05,0.115,0.224,0.156,0.059,0.636,0.292,0.139,0.067,0.059,0.333,0.051,0.066,0.108,0.067,0.082,0.426,0.505,0.217,0.736,0.056,0.108,0.186,0.067,0.626,0.055,0.341,0.157,0.512,0.047,0.057,0.082,0.357,0.636,0.293,0.069,0.043,0.04,0.269,0.263,0.12,0.465,0.088,0.025,0.285,0.142,0.059,0.224,0.068,0.636,0.059,0.224,0.191,0.19,0.183,0.224,0.071,0.051,0.066,0.064,0.108,0.19,0.037,0.066,0.26,0.212,0.066,0.032,0.114,0.04,0.066,0.059,0.042,0.27,0.155,0.044,0.067,0.067,0.05,0.224,1.0,0.082,0.27,0.058,0.059,0.636,0.05,0.104
0.171,0.159,0.311,0.2,0.2,0.22,0.26,0.225,0.237,0.454,0.278,0.19,0.268,0.319,0.199,0.245,0.171,0.143,0.245,0.244,0.221,0.26,0.279,0.121,0.22,0.049,1.0,0.221,0.178,0.184,0.188,0.261,0.151,0.283,0.163,0.433,0.283,0.316,0.26,0.134,0.261,0.228,0.168,0.133,0.262,0.268,0.127,0.302,0.331,0.335,0.281,0.065,0.181,0.179,0.218,0.16,0.245,0.38,0.21,0.286,0.307,0.178,0.256,0.252,0.28,0.252,0.312,0.258,0.166,0.177,0.235,0.213,0.249,0.122,0.268,0.226,0.272,0.39,0.195,0.312,0.246,0.256,0.454,0.124,0.26,0.153,0.454,0.203,0.07,0.373,0.253,0.242,0.411,0.198,0.258,0.548,0.27,0.27,0.301,0.227,0.351,0.129,0.279,0.149,0.35,0.376,0.436,0.228,0.205,0.27,0.138,0.236,0.305,0.192,0.177,0.112,0.261,0.042,0.316,0.118,0.272,0.194,0.226,0.21,0.27,0.132,0.302,0.157,0.231,0.179,0.278,0.179,0.548,0.182,0.122,0.216,0.247,0.218,0.3,0.281,0.301,0.454,0.309,0.224,0.136,0.431,0.163,0.413,0.27,0.276,0.548,0.418,0.454,0.248,0.212,0.215,0.305,0.263,0.226,0.089,0.152,0.173,0.151,0.432,0.235,0.249,0.133,0.171,0.171,0.216,0.226,0.057,0.186,0.134,0.225,0.075,0.059,0.209,0.176,0.135,0.204,0.1,0.188,0.243,0.326,0.149,0.224,0.262,0.195,0.165,0.548,0.237,0.147,0.261,0.194,0.16,0.426,0.328,0.375,0.204,0.245,0.191,0.234,0.413,0.217,0.2,0.26,0.307,0.495,0.382,0.234,0.192,0.452,0.289,0.167,0.239,0.197,0.155,0.375,0.195,0.199,0.372,0.186,0.525,0.281,0.1,0.233,0.211,0.119,0.193,0.111,0.236,0.167,0.298,0.166,0.295,0.28,0.332,0.11,0.266,0.205,0.137,0.204,0.418,0.252,0.224,0.221,0.191,0.22,0.245,0.217,0.293,0.229,0.245,0.316,0.224,0.131,0.19,0.217,0.236,0.159,0.183,0.16,0.263,0.432,0.226,0.207,0.235,0.33,0.202,0.22,0.228,0.264,0.16,0.218,0.344,0.475,0.245,0.191,0.176,0.321,0.234,0.121,0.124,0.124,0.193
0.125,0.19,0.316,0.173,0.134,0.285,0.08,0.139,0.168,0.736,0.257,0.267,0.272,0.3,0.409,0.229,0.204,0.183,0.243,0.156,0.238,0.08,0.261,0.143,0.502,0.051,0.221,1.0,0.123,0.198,0.226,0.228,0.087,0.376,0.152,0.246,0.328,0.289,0.067,0.125,0.387,0.348,0.342,0.083,0.299,0.254,0.214,0.314,0.422,0.196,0.245,0.069,0.093,0.048,0.081,0.217,0.225,0.376,0.262,0.521,0.281,0.154,0.156,0.197,0.449,0.418,0.322,0.186,0.103,0.16,0.24,0.251,0.281,0.196,0.254,0.442,0.1,0.212,0.094,0.387,0.39,0.376,0.736,0.119,0.112,0.184,0.736,0.118,0.091,0.064,0.224,0.248,0.223,0.225,0.143,0.847,0.192,0.261,0.214,0.232,0.321,0.115,0.264,0.162,0.414,0.339,0.296,0.244,0.223,0.269,0.144,0.135,0.099,0.159,0.359,0.091,0.187,0.046,0.238,0.085,0.225,0.412,0.153,0.252,0.485,0.153,0.078,0.114,0.347,0.268,0.203,0.222,0.847,0.241,0.196,0.243,0.322,0.311,0.24,0.231,0.095,0.736,0.461,0.284,0.083,0.192,0.098,0.334,0.075,0.21,0.847,0.317,0.736,0.272,0.253,0.24,0.393,0.214,0.092,0.087,0.146,0.171,0.108,0.156,0.125,0.475,0.136,0.172,0.17,0.259,0.33,0.067,0.188,0.102,0.179,0.081,0.065,0.142,0.186,0.09,0.261,0.098,0.129,0.278,0.233,0.138,0.341,0.213,0.343,0.145,0.847,0.249,0.226,0.227,0.339,0.201,0.351,0.1,0.117,0.291,0.229,0.298,0.406,0.339,0.153,0.122,0.346,0.477,0.306,0.645,0.314,0.174,0.303,0.287,0.135,0.311,0.08,0.174,0.132,0.184,0.403,0.405,0.089,0.128,0.297,0.107,0.243,0.195,0.088,0.199,0.071,0.292,0.115,0.157,0.096,0.175,0.325,0.371,0.451,0.198,0.217,0.4,0.175,0.28,0.256,0.213,0.246,0.194,0.291,0.229,0.229,0.246,0.364,0.229,0.147,0.392,0.114,0.192,0.249,0.235,0.19,0.115,0.2,0.089,0.156,0.293,0.182,0.348,0.167,0.27,0.227,0.176,0.426,0.119,0.36,0.358,0.118,0.229,0.096,0.112,0.231,0.152,0.099,0.092,0.077,0.324
0.147,0.261,0.286,0.213,0.179,0.128,0.183,0.104,0.154,0.341,0.261,0.168,0.108,0.11,0.177,0.334,0.207,0.311,0.245,0.26,0.349,0.183,0.145,0.241,0.173,0.53,0.178,0.123,1.0,0.226,0.152,0.291,0.153,0.22,0.289,0.286,0.177,0.232,0.208,0.169,0.2,0.12,0.226,0.186,0.3,0.266,0.282,0.171,0.142,0.253,0.178,0.118,0.388,0.158,0.27,0.18,0.289,0.197,0.123,0.274,0.289,0.15,0.211,0.085,0.237,0.176,0.385,0.364,0.146,0.135,0.216,0.169,0.186,0.102,0.266,0.156,0.256,0.167,0.348,0.202,0.187,0.154,0.341,0.374,0.277,0.276,0.341,0.191,0.227,0.205,0.128,0.177,0.172,0.164,0.317,0.376,0.181,0.18,0.15,0.169,0.209,0.181,0.243,0.282,0.264,0.216,0.313,0.305,0.158,0.205,0.254,0.211,0.234,0.236,0.21,0.19,0.339,0.218,0.225,0.099,0.249,0.172,0.131,0.261,0.214,0.18,0.243,0.147,0.22,0.095,0.134,0.158,0.376,0.171,0.102,0.132,0.155,0.162,0.252,0.119,0.277,0.341,0.177,0.132,0.104,0.125,0.174,0.173,0.252,0.338,0.376,0.149,0.341,0.294,0.166,0.183,0.19,0.214,0.227,0.197,0.181,0.119,0.331,0.514,0.414,0.184,0.165,0.137,0.187,0.159,0.147,0.112,0.192,0.164,0.084,0.099,0.085,0.284,0.264,0.258,0.261,0.112,0.378,0.261,0.204,0.329,0.192,0.217,0.173,0.131,0.376,0.279,0.191,0.191,0.159,0.128,0.115,0.289,0.574,0.178,0.334,0.158,0.148,0.259,0.41,0.264,0.181,0.159,0.225,0.313,0.134,0.236,0.199,0.285,0.267,0.324,0.316,0.357,0.705,0.249,0.16,0.239,0.439,0.458,0.211,0.185,0.255,0.239,0.126,0.18,0.251,0.355,0.26,0.129,0.217,0.228,0.288,0.185,0.123,0.244,0.161,0.178,0.156,0.183,0.169,0.26,0.139,0.332,0.159,0.334,0.207,0.212,0.234,0.334,0.128,0.137,0.195,0.208,0.225,0.189,0.261,0.278,0.177,0.438,0.82,0.15,0.165,0.128,0.257,0.198,0.115,0.277,0.216,0.135,0.184,0.204,0.421,0.334,0.501,0.366,0.282,0.149,0.133,0.351,0.126,0.155
0.15,0.19,0.464,0.164,0.2,0.124,0.123,0.152,0.181,0.902,0.332,0.228,0.16,0.091,0.207,0.296,0.271,0.397,0.218,0.19,0.295,0.123,0.309,0.22,0.234,0.345,0.184,0.198,0.226,1.0,0.117,0.289,0.141,0.281,0.269,0.336,0.23,0.321,0.163,0.147,0.298,0.181,0.259,0.163,0.327,0.285,0.214,0.17,0.255,0.201,0.238,0.132,0.165,0.119,0.16,0.207,0.315,0.46,0.267,0.808,0.328,0.131,0.203,0.235,0.548,0.528,0.376,0.201,0.179,0.295,0.282,0.273,0.261,0.421,0.285,0.307,0.194,0.319,0.189,0.279,0.305,0.293,0.902,0.226,0.249,0.189,0.736,0.28,0.171,0.414,0.242,0.277,0.282,0.3,0.254,0.847,0.323,0.322,0.362,0.332,0.389,0.109,0.352,0.315,0.419,0.39,0.376,0.337,0.393,0.216,0.416,0.21,0.232,0.338,0.239,0.13,0.363,0.061,0.316,0.159,0.282,0.18,0.172,0.385,0.397,0.173,0.131,0.124,0.449,0.242,0.327,0.154,0.847,0.249,0.421,0.274,0.241,0.146,0.373,0.218,0.199,0.902,0.348,0.208,0.189,0.207,0.191,0.301,0.304,0.382,0.847,0.289,0.902,0.365,0.121,0.337,0.314,0.28,0.168,0.098,0.31,0.254,0.275,0.279,0.19,0.374,0.176,0.214,0.236,0.187,0.246,0.152,0.273,0.24,0.2,0.129,0.117,0.353,0.282,0.266,0.346,0.115,0.242,0.286,0.285,0.231,0.23,0.26,0.287,0.148,0.847,0.355,0.164,0.258,0.332,0.135,0.164,0.177,0.253,0.203,0.296,0.372,0.354,0.393,0.34,0.195,0.296,0.295,0.348,0.645,0.172,0.228,0.318,0.291,0.295,0.357,0.202,0.262,0.235,0.198,0.223,0.451,0.187,0.309,0.348,0.242,0.273,0.142,0.183,0.125,0.19,0.305,0.233,0.099,0.174,0.273,0.333,0.347,0.122,0.291,0.173,0.132,0.305,0.424,0.317,0.213,0.277,0.298,0.175,0.296,0.34,0.344,0.289,0.296,0.112,0.236,0.13,0.172,0.201,0.25,0.19,0.246,0.163,0.237,0.279,0.091,0.252,0.186,0.236,0.13,0.312,0.247,0.393,0.249,0.345,0.368,0.28,0.296,0.242,0.156,0.244,0.227,0.136,0.304,0.107,0.293
0.302,0.332,0.204,0.243,0.109,0.324,0.111,0.104,0.12,0.279,0.184,0.226,0.148,0.282,0.172,0.203,0.116,0.106,0.227,0.192,0.139,0.111,0.116,0.109,0.218,0.057,0.188,0.226,0.152,0.117,1.0,0.17,0.1,0.214,0.129,0.184,0.26,0.221,0.102,0.165,0.191,0.148,0.163,0.101,0.146,0.259,0.22,0.287,0.204,0.173,0.141,0.083,0.134,0.078,0.102,0.209,0.166,0.154,0.182,0.205,0.201,0.141,0.203,0.182,0.186,0.172,0.166,0.18,0.085,0.236,0.136,0.144,0.204,0.1,0.259,0.183,0.143,0.15,0.127,0.15,0.207,0.188,0.279,0.15,0.126,0.167,0.279,0.134,0.16,0.077,0.181,0.255,0.167,0.145,0.12,0.318,0.141,0.186,0.149,0.133,0.224,0.222,0.173,0.102,0.231,0.235,0.184,0.126,0.148,0.322,0.154,0.09,0.112,0.125,0.205,0.14,0.129,0.053,0.193,0.071,0.138,0.21,0.222,0.158,0.162,0.112,0.12,0.091,0.16,0.212,0.166,0.173,0.318,0.134,0.1,0.24,0.169,0.238,0.15,0.137,0.108,0.279,0.223,0.134,0.08,0.158,0.091,0.243,0.092,0.148,0.318,0.207,0.279,0.14,0.297,0.166,0.185,0.168,0.113,0.133,0.16,0.134,0.084,0.168,0.218,0.178,0.165,0.242,0.114,0.15,0.166,0.07,0.197,0.083,0.151,0.081,0.06,0.178,0.157,0.124,0.132,0.081,0.11,0.157,0.179,0.176,0.204,0.176,0.27,0.134,0.318,0.167,0.178,0.13,0.294,0.297,0.337,0.137,0.132,0.221,0.203,0.144,0.178,0.173,0.122,0.128,0.339,0.231,0.204,0.248,0.262,0.222,0.236,0.218,0.165,0.148,0.12,0.101,0.147,0.252,0.191,0.227,0.116,0.145,0.188,0.099,0.14,0.13,0.098,0.492,0.102,0.12,0.102,0.176,0.09,0.122,0.165,0.171,0.18,0.134,0.163,0.267,0.142,0.172,0.167,0.166,0.237,0.103,0.237,0.203,0.124,0.151,0.17,0.203,0.17,0.418,0.214,0.265,0.175,0.145,0.332,0.13,0.13,0.107,0.168,0.335,0.137,0.21,0.177,0.307,0.253,0.16,0.239,0.164,0.193,0.244,0.134,0.203,0.12,0.135,0.133,0.116,0.114,0.117,0.1,0.254
0.163,0.292,0.424,0.194,0.243,0.096,0.136,0.217,0.187,0.902,0.389,0.254,0.232,0.119,0.244,0.284,0.365,0.232,0.322,0.208,0.245,0.136,0.527,0.185,0.33,0.071,0.261,0.228,0.291,0.289,0.17,1.0,0.144,0.336,0.276,0.442,0.204,0.421,0.147,0.217,0.277,0.254,0.225,0.192,0.452,0.281,0.246,0.16,0.316,0.297,0.262,0.11,0.169,0.17,0.141,0.11,0.359,1.0,0.259,0.639,0.44,0.206,0.261,0.143,0.548,0.418,0.377,0.227,0.139,0.164,0.283,0.372,0.283,0.196,0.281,0.318,0.187,0.203,0.185,0.347,0.38,0.278,0.902,0.14,0.233,0.201,0.736,0.191,0.099,0.146,0.182,0.226,0.202,0.25,0.356,0.847,0.35,0.412,0.399,0.335,0.503,0.301,0.356,0.194,0.417,0.535,0.383,0.334,0.346,0.279,0.167,0.333,0.189,0.306,0.252,0.139,0.245,0.068,0.386,0.222,0.222,0.272,0.153,0.235,0.922,0.174,0.177,0.194,0.309,0.172,0.35,0.216,0.847,0.231,0.196,0.185,0.266,0.179,0.385,0.229,0.23,0.902,0.47,0.48,0.2,0.337,0.171,0.327,0.374,0.37,0.847,0.279,0.902,0.338,0.193,0.296,0.353,0.331,0.153,0.136,0.168,0.212,0.197,0.31,0.225,0.341,0.129,0.177,0.341,0.213,0.3,0.096,0.234,0.15,0.148,0.165,0.127,0.226,0.235,0.191,0.239,0.159,0.211,0.258,0.307,0.169,0.294,0.324,0.272,0.214,0.847,0.357,0.243,0.155,0.325,0.113,0.192,0.246,0.279,0.189,0.284,0.243,0.36,0.419,0.246,0.161,0.382,0.382,0.267,0.645,0.221,0.244,0.37,0.391,0.214,0.335,0.138,0.193,0.263,0.262,0.216,0.544,0.145,0.352,0.389,0.132,0.264,0.266,0.155,0.21,0.105,0.23,0.25,0.095,0.263,0.362,0.326,0.336,0.093,0.235,0.301,0.202,0.218,0.374,0.424,0.253,0.213,0.243,0.203,0.284,0.347,0.429,0.37,0.284,0.143,0.273,0.191,0.192,0.19,0.234,0.292,0.161,0.319,0.168,0.31,0.134,0.274,0.274,0.302,0.223,0.227,0.328,0.436,0.221,0.323,0.473,0.315,0.284,0.151,0.149,0.331,0.195,0.154,0.147,0.114,0.247
0.122,0.088,0.202,0.174,0.153,0.087,0.612,0.077,0.129,0.183,0.172,0.18,0.071,0.077,0.092,0.155,0.139,0.099,0.115,0.476,0.191,0.612,0.092,0.101,0.152,0.048,0.151,0.087,0.153,0.141,0.1,0.144,1.0,0.204,0.125,0.22,0.141,0.225,0.193,0.189,0.147,0.09,0.171,0.118,0.128,0.357,0.096,0.14,0.118,0.332,0.107,0.096,0.174,0.318,0.312,0.082,0.124,0.105,0.099,0.121,0.154,0.064,0.204,0.105,0.116,0.226,0.194,0.322,0.564,0.182,0.363,0.116,0.093,0.119,0.206,0.116,0.348,0.181,0.383,0.136,0.106,0.146,0.183,0.116,0.215,0.114,0.183,0.158,0.071,0.202,0.252,0.198,0.197,0.196,0.21,0.218,0.14,0.159,0.134,0.144,0.164,0.078,0.17,0.147,0.142,0.173,0.189,0.183,0.131,0.158,0.129,0.187,0.229,0.165,0.124,0.1,0.174,0.043,0.159,0.095,0.162,0.093,0.137,0.121,0.106,0.072,0.247,0.062,0.12,0.112,0.115,0.094,0.218,0.139,0.119,0.208,0.083,0.117,0.143,0.087,0.24,0.183,0.122,0.099,0.14,0.092,0.158,0.126,0.283,0.187,0.218,0.096,0.183,0.181,0.09,0.126,0.102,0.169,0.53,0.071,0.174,0.226,0.187,0.459,0.21,0.114,0.091,0.173,0.17,0.169,0.132,0.111,0.107,0.179,0.175,0.092,0.085,0.157,0.108,0.148,0.156,0.064,0.185,0.118,0.158,0.136,0.112,0.131,0.129,0.075,0.218,0.136,0.166,0.142,0.142,0.091,0.097,0.336,0.373,0.126,0.155,0.094,0.113,0.117,0.225,0.276,0.138,0.121,0.181,0.156,0.078,0.162,0.222,0.118,0.193,0.201,0.19,0.069,0.241,0.16,0.097,0.156,0.179,0.252,0.129,0.109,0.094,0.172,0.12,0.095,0.14,0.081,0.139,0.064,0.266,0.199,0.16,0.137,0.068,0.148,0.155,0.065,0.072,0.151,0.119,0.133,0.211,0.085,0.15,0.155,0.108,0.229,0.173,0.155,0.081,0.113,0.137,0.173,0.214,0.177,0.088,0.216,0.065,0.241,0.293,0.069,0.155,0.104,0.196,0.096,0.138,0.222,0.14,0.103,0.143,0.147,0.238,0.155,0.182,0.174,0.184,0.345,0.186,0.142,0.237,0.108
0.16,0.245,0.391,0.311,0.245,0.253,0.192,0.172,0.208,1.0,0.364,0.431,0.215,0.234,0.314,0.467,0.258,0.275,0.284,0.312,0.384,0.192,0.374,0.189,0.436,0.108,0.283,0.376,0.22,0.281,0.214,0.336,0.204,1.0,0.223,0.362,0.374,0.381,0.166,0.213,0.42,0.293,0.36,0.177,0.391,1.0,0.498,0.364,0.329,0.275,0.296,0.108,0.176,0.115,0.164,0.149,0.293,0.55,0.272,0.769,0.344,0.157,0.35,0.178,0.648,0.45,0.48,0.257,0.169,0.179,0.334,0.285,0.319,0.233,0.543,0.346,0.194,0.278,0.243,0.275,0.409,0.578,1.0,0.199,0.285,0.229,0.815,0.274,0.149,0.335,0.24,0.296,0.295,0.27,0.251,0.915,0.285,0.339,0.309,0.358,0.394,0.214,0.403,0.198,0.413,0.416,0.397,0.366,0.316,0.32,0.225,0.197,0.217,0.226,0.521,0.154,0.281,0.116,0.361,0.116,0.256,0.452,0.289,0.295,0.484,0.178,0.223,0.153,0.446,0.618,0.274,0.309,0.915,0.332,0.233,0.383,0.45,0.412,0.301,0.214,0.215,1.0,0.455,0.325,0.136,0.223,0.171,0.329,0.239,0.327,0.915,0.366,1.0,0.362,0.338,0.295,0.377,0.393,0.181,0.171,0.268,0.211,0.197,0.365,0.222,0.418,0.256,0.27,0.252,0.322,0.322,0.106,0.274,0.155,0.22,0.14,0.096,0.259,0.247,0.173,0.374,0.131,0.197,0.311,0.311,0.238,0.445,0.292,0.389,0.169,0.915,0.32,0.302,0.263,0.317,0.189,0.239,0.261,0.324,0.408,0.467,0.364,0.507,0.342,0.288,0.227,0.39,0.566,0.35,0.736,0.32,0.342,0.398,0.438,0.261,0.418,0.162,0.171,0.318,0.35,0.292,0.473,0.175,0.427,0.335,0.163,0.268,0.27,0.154,0.237,0.139,0.238,0.213,0.137,0.207,0.28,0.495,0.45,0.219,0.278,0.275,0.398,0.212,0.371,0.343,0.258,0.245,0.202,0.388,0.467,0.263,0.367,0.479,0.467,0.223,0.307,0.176,0.335,0.337,0.411,0.245,0.197,0.202,0.181,0.365,0.292,0.244,0.336,0.341,0.369,0.78,0.269,0.569,0.219,0.458,0.41,0.395,0.467,0.179,0.216,0.281,0.266,0.156,0.164,0.134,0.301
0.095,0.133,0.288,0.152,0.158,0.13,0.104,0.156,0.176,0.345,0.404,0.167,0.16,0.125,0.165,0.248,0.208,0.271,0.222,0.192,0.185,0.104,0.338,0.195,0.201,0.223,0.163,0.152,0.289,0.269,0.129,0.276,0.125,0.223,1.0,0.245,0.184,0.232,0.095,0.176,0.187,0.217,0.208,0.249,0.384,0.284,0.267,0.14,0.289,0.201,0.185,0.11,0.171,0.069,0.108,0.322,0.262,0.23,0.206,0.243,0.418,0.13,0.203,0.436,0.359,0.394,0.285,0.206,0.148,0.349,0.228,0.233,0.253,0.762,0.284,0.391,0.134,0.247,0.157,0.376,0.217,0.237,0.345,0.183,0.207,0.207,0.345,0.136,0.126,0.073,0.207,0.232,0.241,0.233,0.269,0.401,0.191,0.276,0.25,0.378,0.304,0.18,0.312,0.228,0.262,0.316,0.24,0.227,0.37,0.18,0.246,0.192,0.141,0.283,0.237,0.163,0.171,0.15,0.23,0.13,0.223,0.172,0.165,0.236,0.234,0.17,0.124,0.121,0.223,0.158,0.393,0.242,0.401,0.168,0.762,0.196,0.16,0.17,0.276,0.172,0.167,0.345,0.232,0.169,0.144,0.181,0.17,0.22,0.088,0.307,0.401,0.228,0.345,0.246,0.176,0.214,0.202,0.257,0.128,0.125,0.199,0.249,0.274,0.174,0.168,0.322,0.195,0.189,0.24,0.184,0.201,0.116,0.343,0.227,0.171,0.12,0.15,0.153,0.352,0.267,0.213,0.111,0.241,0.277,0.182,0.202,0.25,0.368,0.201,0.148,0.401,0.229,0.195,0.179,0.261,0.142,0.137,0.145,0.133,0.255,0.248,0.227,0.213,0.311,0.232,0.178,0.24,0.222,0.309,0.301,0.189,0.244,0.222,0.298,0.315,0.256,0.243,0.201,0.151,0.274,0.174,0.299,0.158,0.149,0.264,0.212,0.336,0.185,0.122,0.15,0.14,0.24,0.156,0.098,0.195,0.204,0.216,0.29,0.116,0.301,0.179,0.186,0.156,0.239,0.232,0.215,0.231,0.251,0.222,0.248,0.357,0.334,0.21,0.248,0.138,0.246,0.139,0.162,0.202,0.209,0.133,0.39,0.167,0.188,0.174,0.152,0.274,0.217,0.244,0.214,0.211,0.246,0.326,0.33,0.261,0.273,0.136,0.248,0.171,0.138,0.222,0.204,0.125,0.212,0.114,0.21
0.211,0.272,0.489,0.293,0.305,0.131,0.302,0.288,0.295,0.915,0.411,0.267,0.208,0.141,0.264,0.296,0.312,0.249,0.31,0.337,0.355,0.302,0.384,0.22,0.329,0.067,0.433,0.246,0.286,0.336,0.184,0.442,0.22,0.362,0.245,1.0,0.263,0.459,0.376,0.201,0.417,0.205,0.254,0.191,0.38,0.311,0.29,0.239,0.349,0.45,0.288,0.128,0.273,0.261,0.316,0.141,0.39,0.545,0.277,0.756,0.443,0.166,0.338,0.202,0.635,0.49,0.473,0.381,0.256,0.272,0.366,0.355,0.305,0.279,0.311,0.358,0.397,0.308,0.313,0.343,0.399,0.308,0.915,0.181,0.427,0.239,0.915,0.228,0.115,0.258,0.262,0.269,0.3,0.309,0.328,1.0,0.398,0.415,0.387,0.377,0.554,0.183,0.343,0.181,0.498,0.574,0.489,0.335,0.396,0.288,0.225,0.294,0.424,0.297,0.321,0.158,0.307,0.065,0.572,0.166,0.278,0.293,0.288,0.26,0.594,0.156,0.463,0.185,0.358,0.243,0.362,0.208,1.0,0.272,0.279,0.223,0.28,0.203,0.381,0.27,0.557,0.915,0.455,0.301,0.221,0.344,0.242,0.346,0.337,0.486,1.0,0.285,0.915,0.408,0.196,0.314,0.373,0.379,0.323,0.154,0.22,0.271,0.224,0.531,0.329,0.381,0.173,0.248,0.302,0.239,0.384,0.13,0.252,0.222,0.19,0.123,0.115,0.27,0.267,0.199,0.278,0.123,0.258,0.251,0.394,0.217,0.328,0.388,0.275,0.236,1.0,0.4,0.209,0.224,0.274,0.181,0.236,0.492,0.458,0.225,0.296,0.283,0.362,0.394,0.361,0.269,0.376,0.379,0.374,0.847,0.241,0.288,0.411,0.323,0.264,0.387,0.313,0.169,0.471,0.316,0.212,0.651,0.302,1.0,0.477,0.169,0.281,0.289,0.272,0.194,0.17,0.204,0.262,0.12,0.242,0.409,0.362,0.341,0.135,0.25,0.241,0.189,0.213,0.375,0.44,0.321,0.259,0.24,0.223,0.296,0.342,0.436,0.333,0.296,0.153,0.297,0.195,0.28,0.278,0.316,0.272,0.292,0.217,0.426,0.531,0.173,0.301,0.261,0.448,0.234,0.306,0.344,0.413,0.207,0.351,0.533,0.59,0.296,0.305,0.255,0.375,0.308,0.182,0.174,0.193,0.283
0.118,0.162,0.262,0.206,0.201,0.275,0.166,0.094,0.245,0.699,0.237,0.285,0.189,0.506,0.241,0.265,0.179,0.223,0.19,0.217,0.239,0.166,0.292,0.125,0.266,0.068,0.283,0.328,0.177,0.23,0.26,0.204,0.141,0.374,0.184,0.263,1.0,0.254,0.122,0.136,0.288,0.24,0.226,0.137,0.293,0.323,0.324,0.852,0.257,0.208,0.317,0.091,0.119,0.094,0.132,0.235,0.187,0.347,0.265,0.444,0.228,0.124,0.188,0.237,0.514,0.582,0.281,0.174,0.168,0.187,0.34,0.196,0.224,0.304,0.323,0.236,0.154,0.45,0.145,0.229,0.283,0.504,0.699,0.115,0.214,0.145,0.57,0.162,0.103,0.273,0.271,0.336,0.448,0.211,0.175,0.681,0.169,0.23,0.185,0.27,0.241,0.143,0.333,0.192,0.421,0.248,0.303,0.303,0.206,0.485,0.157,0.162,0.171,0.181,0.376,0.09,0.325,0.065,0.208,0.099,0.302,0.247,0.18,0.215,0.285,0.16,0.146,0.092,0.324,0.288,0.185,0.24,0.681,0.297,0.304,0.305,0.304,0.547,0.202,0.157,0.18,0.699,0.288,0.23,0.109,0.123,0.131,0.311,0.226,0.225,0.681,0.355,0.699,0.304,0.338,0.257,0.308,0.294,0.149,0.09,0.167,0.203,0.161,0.343,0.155,0.29,0.171,0.18,0.203,0.242,0.228,0.091,0.181,0.126,0.278,0.101,0.076,0.176,0.151,0.104,0.297,0.11,0.202,0.245,0.324,0.148,0.299,0.165,0.275,0.104,0.681,0.229,0.208,0.296,0.261,0.184,0.395,0.198,0.291,0.564,0.265,0.263,0.304,0.295,0.207,0.148,0.267,0.303,0.605,0.481,0.354,0.232,0.318,0.365,0.173,0.283,0.121,0.163,0.277,0.232,0.282,0.267,0.139,0.425,0.201,0.114,0.189,0.243,0.147,0.215,0.09,0.247,0.158,0.216,0.178,0.166,0.396,0.351,0.211,0.42,0.179,0.32,0.192,0.319,0.201,0.151,0.311,0.134,0.564,0.265,0.186,0.221,0.297,0.265,0.217,0.25,0.106,0.214,0.222,0.259,0.162,0.147,0.149,0.149,0.343,0.481,0.172,0.247,0.252,0.456,0.335,0.192,0.33,0.161,0.31,0.263,0.381,0.265,0.14,0.137,0.225,0.215,0.11,0.107,0.118,0.263
0.206,0.272,0.467,0.526,0.297,0.184,0.223,0.248,0.26,0.915,0.363,0.512,0.195,0.172,0.314,0.296,0.315,0.237,0.325,0.262,0.335,0.223,0.384,0.205,0.394,0.067,0.316,0.289,0.232,0.321,0.221,0.421,0.225,0.381,0.232,0.459,0.254,1.0,0.3,0.207,0.464,0.289,0.334,0.156,0.368,0.311,0.29,0.212,0.328,0.337,0.272,0.11,0.196,0.258,0.221,0.142,0.334,0.545,0.269,0.756,0.38,0.156,0.382,0.176,0.635,0.49,0.4,0.266,0.227,0.27,0.349,0.32,0.285,0.279,0.311,0.337,0.296,0.262,0.251,0.392,0.376,0.333,0.915,0.164,0.335,0.206,0.915,0.228,0.217,0.283,0.274,0.258,0.262,0.299,0.349,1.0,0.36,0.371,0.339,0.367,0.476,0.163,0.366,0.182,0.456,0.493,0.417,0.37,0.33,0.281,0.206,0.355,0.306,0.27,0.335,0.141,0.276,0.065,0.412,0.154,0.287,0.292,0.368,0.248,0.594,0.149,0.273,0.167,0.339,0.468,0.319,0.205,1.0,0.282,0.279,0.268,0.353,0.189,0.355,0.249,0.341,0.915,0.424,0.28,0.206,0.302,0.203,0.326,0.431,0.383,1.0,0.274,0.915,0.365,0.196,0.339,0.359,0.308,0.277,0.138,0.21,0.232,0.227,0.367,0.246,0.429,0.241,0.453,0.309,0.284,0.345,0.118,0.426,0.184,0.177,0.123,0.111,0.306,0.253,0.191,0.275,0.12,0.298,0.288,0.338,0.196,0.332,0.336,0.411,0.203,1.0,0.366,0.252,0.231,0.262,0.195,0.256,0.405,0.329,0.202,0.296,0.261,0.345,0.365,0.288,0.215,0.391,0.365,0.321,0.847,0.243,0.267,0.541,0.367,0.228,0.361,0.207,0.161,0.321,0.277,0.265,0.592,0.202,0.422,0.424,0.159,0.265,0.238,0.172,0.217,0.166,0.21,0.272,0.117,0.332,0.328,0.354,0.339,0.191,0.24,0.271,0.294,0.198,0.365,0.384,0.275,0.242,0.22,0.219,0.296,0.322,0.409,0.375,0.296,0.143,0.339,0.189,0.555,0.237,0.291,0.272,0.259,0.204,0.255,0.367,0.179,0.274,0.328,0.422,0.219,0.572,0.351,0.403,0.199,0.368,0.486,0.462,0.296,0.205,0.191,0.336,0.234,0.185,0.174,0.194,0.294
0.199,0.071,0.272,0.21,0.251,0.078,0.279,0.047,0.238,0.125,0.161,0.132,0.045,0.065,0.111,0.246,0.134,0.095,0.144,0.286,0.23,0.279,0.046,0.091,0.112,0.044,0.26,0.067,0.208,0.163,0.102,0.147,0.193,0.166,0.095,0.376,0.122,0.3,1.0,0.156,0.298,0.046,0.151,0.124,0.083,0.257,0.081,0.138,0.09,0.295,0.088,0.063,0.237,0.291,0.369,0.059,0.101,0.057,0.064,0.078,0.133,0.046,0.247,0.07,0.067,0.147,0.216,0.354,0.185,0.227,0.184,0.084,0.071,0.07,0.257,0.091,0.404,0.149,0.277,0.169,0.079,0.091,0.125,0.136,0.309,0.178,0.125,0.201,0.059,0.433,0.174,0.179,0.152,0.178,0.164,0.15,0.214,0.112,0.098,0.128,0.13,0.08,0.176,0.111,0.114,0.137,0.21,0.184,0.099,0.259,0.143,0.183,0.629,0.163,0.123,0.121,0.205,0.036,0.203,0.148,0.14,0.074,0.21,0.119,0.063,0.054,0.432,0.049,0.104,0.069,0.076,0.073,0.15,0.088,0.07,0.115,0.057,0.098,0.149,0.049,0.368,0.125,0.088,0.077,0.157,0.058,0.163,0.104,0.278,0.237,0.15,0.07,0.125,0.181,0.092,0.1,0.074,0.154,0.328,0.07,0.183,0.117,0.168,0.416,0.26,0.11,0.071,0.174,0.1,0.069,0.17,0.052,0.082,0.16,0.074,0.047,0.04,0.26,0.096,0.181,0.119,0.043,0.238,0.144,0.221,0.167,0.104,0.116,0.089,0.052,0.15,0.121,0.144,0.159,0.111,0.099,0.089,0.468,0.359,0.108,0.246,0.061,0.081,0.082,0.215,0.248,0.118,0.092,0.168,0.104,0.057,0.262,0.232,0.082,0.175,0.176,0.286,0.063,0.356,0.207,0.082,0.114,0.268,0.508,0.094,0.08,0.074,0.228,0.139,0.101,0.163,0.054,0.168,0.053,0.24,0.175,0.143,0.09,0.063,0.106,0.113,0.05,0.044,0.099,0.092,0.182,0.159,0.058,0.083,0.246,0.071,0.155,0.17,0.246,0.082,0.089,0.102,0.198,0.204,0.228,0.071,0.25,0.051,0.374,0.416,0.058,0.109,0.063,0.492,0.101,0.084,0.326,0.118,0.074,0.097,0.113,0.624,0.246,0.274,0.21,0.202,0.187,0.212,0.157,0.192,0.08
0.135,0.169,0.224,0.159,0.186,0.145,0.147,0.093,0.138,0.221,0.196,0.237,0.082,0.126,0.152,0.315,0.152,0.135,0.177,0.279,0.169,0.147,0.087,0.203,0.326,0.088,0.134,0.125,0.169,0.147,0.165,0.217,0.189,0.213,0.176,0.201,0.136,0.207,0.156,1.0,0.18,0.186,0.232,0.091,0.157,0.403,0.177,0.134,0.137,0.221,0.101,0.307,0.21,0.112,0.138,0.11,0.146,0.122,0.145,0.19,0.181,0.085,0.423,0.127,0.145,0.26,0.165,0.244,0.118,0.15,0.13,0.13,0.136,0.152,0.403,0.172,0.199,0.136,0.282,0.162,0.139,0.148,0.221,0.211,0.242,0.202,0.221,0.217,0.124,0.117,0.146,0.226,0.156,0.204,0.169,0.237,0.134,0.204,0.155,0.15,0.189,0.136,0.252,0.167,0.178,0.194,0.19,0.214,0.162,0.15,0.198,0.167,0.17,0.3,0.193,0.174,0.127,0.09,0.229,0.085,0.129,0.14,0.136,0.194,0.143,0.092,0.201,0.078,0.149,0.135,0.13,0.167,0.237,0.157,0.152,0.184,0.111,0.129,0.166,0.089,0.212,0.221,0.162,0.143,0.198,0.105,0.117,0.161,0.149,0.16,0.237,0.125,0.221,0.175,0.16,0.162,0.131,0.164,0.15,0.12,0.233,0.18,0.149,0.252,0.25,0.136,0.117,0.168,0.21,0.124,0.13,0.186,0.137,0.149,0.12,0.251,0.251,0.199,0.175,0.179,0.152,0.08,0.186,0.172,0.235,0.237,0.169,0.196,0.177,0.09,0.237,0.239,0.325,0.165,0.179,0.156,0.128,0.342,0.2,0.137,0.315,0.136,0.169,0.128,0.174,0.167,0.186,0.15,0.139,0.208,0.115,0.27,0.272,0.176,0.244,0.16,0.169,0.093,0.229,0.29,0.124,0.191,0.152,0.24,0.154,0.168,0.123,0.19,0.291,0.157,0.144,0.114,0.253,0.086,0.2,0.126,0.163,0.132,0.107,0.181,0.459,0.105,0.08,0.202,0.141,0.218,0.182,0.105,0.145,0.315,0.122,0.136,0.164,0.315,0.133,0.15,0.312,0.172,0.228,0.164,0.169,0.185,0.096,0.153,0.252,0.123,0.31,0.133,0.175,0.17,0.166,0.31,0.186,0.157,0.17,0.174,0.217,0.315,0.159,0.184,0.209,0.155,0.333,0.178,0.137,0.147
0.14,0.14,0.349,0.234,0.249,0.224,0.202,0.116,0.224,0.769,0.287,0.273,0.149,0.19,0.329,0.296,0.258,0.231,0.25,0.27,0.434,0.202,0.227,0.159,0.602,0.055,0.261,0.387,0.2,0.298,0.191,0.277,0.147,0.42,0.187,0.417,0.288,0.464,0.298,0.18,1.0,0.392,0.439,0.111,0.28,0.311,0.167,0.246,0.309,0.276,0.202,0.076,0.258,0.153,0.205,0.134,0.237,0.342,0.205,0.753,0.293,0.104,0.261,0.141,0.413,0.372,0.376,0.284,0.161,0.207,0.315,0.222,0.196,0.171,0.311,0.254,0.257,0.274,0.209,0.278,0.403,0.34,0.769,0.15,0.305,0.209,0.627,0.228,0.134,0.244,0.226,0.245,0.222,0.243,0.215,0.756,0.251,0.283,0.231,0.234,0.391,0.11,0.333,0.232,0.325,0.366,0.361,0.396,0.242,0.249,0.185,0.195,0.386,0.287,0.377,0.127,0.279,0.048,0.369,0.11,0.226,0.323,0.211,0.253,0.28,0.117,0.269,0.106,0.365,0.177,0.201,0.189,0.756,0.217,0.171,0.222,0.267,0.292,0.25,0.154,0.284,0.769,0.58,0.211,0.142,0.158,0.156,0.264,0.312,0.308,0.756,0.268,0.769,0.406,0.197,0.252,0.269,0.22,0.216,0.094,0.258,0.181,0.174,0.484,0.33,0.471,0.139,0.221,0.204,0.173,0.216,0.071,0.202,0.305,0.155,0.085,0.08,0.259,0.236,0.151,0.307,0.088,0.238,0.283,0.284,0.192,0.309,0.225,0.425,0.113,0.756,0.255,0.251,0.229,0.261,0.172,0.23,0.336,0.421,0.276,0.296,0.378,0.379,0.267,0.288,0.24,0.313,0.449,0.286,0.521,0.206,0.234,0.367,0.26,0.276,0.433,0.191,0.151,0.428,0.241,0.313,0.415,0.201,0.59,0.264,0.27,0.182,0.333,0.145,0.182,0.12,0.175,0.213,0.099,0.181,0.3,0.356,0.323,0.261,0.217,0.207,0.563,0.143,0.318,0.281,0.225,0.216,0.139,0.202,0.296,0.205,0.293,0.399,0.296,0.12,0.311,0.199,0.249,0.238,0.402,0.14,0.192,0.127,0.246,0.484,0.196,0.183,0.333,0.369,0.202,0.209,0.253,0.473,0.128,0.378,0.348,1.0,0.296,0.205,0.197,0.287,0.208,0.15,0.218,0.162,0.253
0.077,0.11,0.232,0.154,0.152,0.255,0.059,0.224,0.222,0.55,0.222,0.242,0.412,0.189,0.294,0.168,0.168,0.149,0.229,0.107,0.155,0.059,0.322,0.172,0.472,0.05,0.228,0.348,0.12,0.181,0.148,0.254,0.09,0.293,0.217,0.205,0.24,0.289,0.046,0.186,0.392,1.0,0.332,0.099,0.317,0.153,0.128,0.227,0.262,0.22,0.325,0.097,0.078,0.036,0.074,0.174,0.196,0.456,0.257,0.342,0.24,0.222,0.207,0.187,0.333,0.245,0.306,0.129,0.092,0.138,0.228,0.193,0.207,0.181,0.153,0.249,0.07,0.204,0.115,0.313,0.349,0.313,0.55,0.083,0.157,0.13,0.45,0.063,0.08,0.038,0.294,0.185,0.202,0.168,0.198,0.545,0.302,0.253,0.296,0.222,0.277,0.082,0.259,0.223,0.325,0.298,0.258,0.234,0.228,0.157,0.119,0.215,0.094,0.235,0.287,0.064,0.162,0.046,0.228,0.127,0.217,0.24,0.172,0.273,0.311,0.182,0.063,0.193,0.288,0.269,0.244,0.257,0.545,0.263,0.181,0.196,0.341,0.212,0.237,0.354,0.146,0.55,0.371,0.274,0.125,0.197,0.113,0.308,0.041,0.199,0.545,0.253,0.55,0.216,0.161,0.26,0.336,0.286,0.074,0.066,0.116,0.202,0.16,0.092,0.105,0.421,0.147,0.186,0.204,0.235,0.238,0.098,0.219,0.138,0.236,0.164,0.174,0.108,0.162,0.062,0.217,0.157,0.182,0.228,0.205,0.096,0.292,0.171,0.387,0.108,0.545,0.2,0.259,0.246,0.198,0.153,0.224,0.123,0.068,0.216,0.168,0.282,0.34,0.357,0.124,0.107,0.242,0.338,0.254,0.376,0.204,0.115,0.295,0.269,0.141,0.227,0.057,0.178,0.074,0.124,0.326,0.327,0.067,0.066,0.218,0.119,0.318,0.223,0.112,0.133,0.05,0.203,0.242,0.124,0.176,0.223,0.256,0.307,0.236,0.228,0.378,0.563,0.315,0.363,0.227,0.166,0.183,0.163,0.222,0.168,0.242,0.287,0.287,0.168,0.148,0.263,0.126,0.172,0.198,0.299,0.11,0.107,0.196,0.103,0.092,0.173,0.243,0.378,0.195,0.152,0.214,0.166,0.298,0.204,0.284,0.285,0.063,0.168,0.072,0.079,0.28,0.17,0.131,0.075,0.11,0.24
0.131,0.146,0.373,0.179,0.277,0.187,0.123,0.117,0.156,0.61,0.322,0.29,0.189,0.16,0.265,0.205,0.173,0.254,0.21,0.192,0.261,0.123,0.22,0.233,0.577,0.378,0.168,0.342,0.226,0.259,0.163,0.225,0.171,0.36,0.208,0.254,0.226,0.334,0.151,0.232,0.439,0.332,1.0,0.146,0.274,0.227,0.169,0.193,0.257,0.204,0.188,0.116,0.167,0.114,0.146,0.15,0.267,0.308,0.187,0.401,0.263,0.096,0.275,0.113,0.364,0.341,0.309,0.175,0.116,0.148,0.251,0.219,0.19,0.154,0.227,0.225,0.159,0.18,0.29,0.283,0.315,0.316,0.61,0.196,0.215,0.153,0.61,0.144,0.141,0.288,0.185,0.193,0.187,0.223,0.221,0.721,0.213,0.259,0.189,0.215,0.287,0.102,0.29,0.199,0.355,0.304,0.248,0.343,0.193,0.224,0.241,0.225,0.157,0.27,0.313,0.144,0.209,0.071,0.227,0.103,0.268,0.274,0.137,0.277,0.379,0.132,0.151,0.094,0.286,0.156,0.18,0.183,0.721,0.221,0.154,0.177,0.228,0.223,0.349,0.16,0.184,0.61,0.391,0.187,0.112,0.166,0.121,0.243,0.211,0.237,0.721,0.236,0.61,0.252,0.165,0.241,0.239,0.185,0.148,0.091,0.172,0.148,0.229,0.2,0.162,0.467,0.128,0.159,0.268,0.226,0.23,0.131,0.216,0.129,0.128,0.123,0.1,0.237,0.368,0.18,0.267,0.09,0.237,0.345,0.222,0.223,0.28,0.265,0.389,0.122,0.721,0.283,0.305,0.267,0.204,0.141,0.196,0.299,0.182,0.223,0.205,0.235,0.322,0.35,0.217,0.165,0.265,0.351,0.236,0.522,0.166,0.206,0.394,0.229,0.237,0.313,0.213,0.281,0.168,0.191,0.256,0.346,0.205,0.221,0.291,0.169,0.265,0.214,0.126,0.154,0.186,0.325,0.196,0.081,0.172,0.159,0.289,0.299,0.21,0.194,0.257,0.62,0.165,0.273,0.224,0.189,0.167,0.318,0.168,0.205,0.215,0.261,0.335,0.205,0.107,0.268,0.165,0.198,0.183,0.287,0.146,0.148,0.153,0.157,0.2,0.168,0.291,0.323,0.185,0.168,0.183,0.334,0.343,0.111,0.288,0.308,0.211,0.205,0.222,0.143,0.292,0.142,0.24,0.257,0.103,0.214
0.088,0.116,0.183,0.156,0.107,0.075,0.114,0.101,0.123,0.18,0.268,0.105,0.135,0.108,0.092,0.111,0.128,0.182,0.188,0.123,0.226,0.114,0.256,0.136,0.11,0.215,0.133,0.083,0.186,0.163,0.101,0.192,0.118,0.177,0.249,0.191,0.137,0.156,0.124,0.091,0.111,0.099,0.146,1.0,0.203,0.137,0.247,0.132,0.14,0.145,0.123,0.063,0.298,0.183,0.133,0.112,0.18,0.193,0.107,0.115,0.198,0.116,0.137,0.097,0.217,0.223,0.169,0.135,0.125,0.145,0.187,0.166,0.158,0.107,0.137,0.118,0.144,0.177,0.151,0.247,0.14,0.15,0.18,0.149,0.135,0.154,0.18,0.097,0.126,0.095,0.133,0.127,0.17,0.13,0.158,0.221,0.131,0.198,0.204,0.167,0.2,0.187,0.198,0.197,0.163,0.21,0.167,0.165,0.176,0.198,0.194,0.151,0.156,0.199,0.164,0.332,0.172,0.038,0.148,0.083,0.2,0.114,0.113,0.152,0.122,0.138,0.139,0.12,0.112,0.101,0.19,0.214,0.221,0.111,0.107,0.149,0.102,0.173,0.336,0.124,0.161,0.18,0.174,0.127,0.162,0.156,0.235,0.131,0.193,0.184,0.221,0.112,0.18,0.167,0.168,0.164,0.131,0.265,0.144,0.102,0.134,0.146,0.328,0.16,0.135,0.136,0.098,0.223,0.116,0.105,0.123,0.061,0.217,0.14,0.148,0.073,0.047,0.129,0.264,0.166,0.176,0.117,0.155,0.229,0.13,0.237,0.182,0.204,0.153,0.119,0.221,0.153,0.102,0.173,0.196,0.066,0.084,0.15,0.151,0.179,0.111,0.134,0.147,0.182,0.192,0.252,0.154,0.135,0.168,0.151,0.122,0.188,0.152,0.129,0.199,0.17,0.218,0.219,0.134,0.225,0.109,0.177,0.16,0.163,0.182,0.135,0.172,0.159,0.09,0.131,0.207,0.166,0.088,0.078,0.181,0.179,0.199,0.167,0.057,0.166,0.086,0.174,0.103,0.158,0.141,0.104,0.129,0.185,0.2,0.111,0.158,0.385,0.141,0.111,0.12,0.117,0.097,0.154,0.163,0.318,0.116,0.11,0.112,0.157,0.16,0.155,0.172,0.159,0.228,0.226,0.128,0.366,0.335,0.185,0.131,0.17,0.155,0.111,0.184,0.108,0.262,0.137,0.087,0.271,0.093,0.157
0.111,0.272,0.519,0.25,0.235,0.147,0.095,0.266,0.204,0.915,0.413,0.316,0.267,0.138,0.276,0.38,0.316,0.37,0.306,0.17,0.292,0.095,0.461,0.276,0.326,0.272,0.262,0.299,0.3,0.327,0.146,0.452,0.128,0.391,0.384,0.38,0.293,0.368,0.083,0.157,0.28,0.317,0.274,0.203,1.0,0.28,0.321,0.214,0.326,0.282,0.344,0.107,0.151,0.061,0.107,0.159,0.362,0.649,0.364,0.756,0.412,0.216,0.199,0.186,0.635,0.49,0.433,0.181,0.157,0.154,0.312,0.375,0.386,0.279,0.28,0.325,0.113,0.313,0.139,0.401,0.393,0.403,0.915,0.221,0.212,0.182,0.915,0.161,0.117,0.097,0.24,0.248,0.314,0.333,0.37,1.0,0.32,0.397,0.414,0.365,0.451,0.16,0.37,0.265,0.479,0.459,0.388,0.424,0.347,0.17,0.239,0.299,0.151,0.264,0.295,0.184,0.27,0.082,0.392,0.301,0.348,0.322,0.167,0.355,0.594,0.239,0.105,0.215,0.486,0.243,0.349,0.247,1.0,0.332,0.279,0.224,0.375,0.204,0.426,0.351,0.171,0.915,0.429,0.367,0.194,0.319,0.21,0.368,0.116,0.392,1.0,0.352,0.915,0.415,0.182,0.372,0.395,0.377,0.121,0.132,0.213,0.256,0.275,0.191,0.169,0.375,0.17,0.19,0.366,0.31,0.335,0.111,0.303,0.19,0.188,0.174,0.141,0.195,0.366,0.116,0.375,0.218,0.253,0.384,0.319,0.252,0.367,0.344,0.349,0.217,1.0,0.415,0.191,0.246,0.277,0.14,0.217,0.132,0.155,0.255,0.38,0.348,0.412,0.428,0.254,0.182,0.382,0.428,0.324,0.847,0.227,0.217,0.375,0.532,0.238,0.396,0.126,0.275,0.172,0.223,0.285,0.536,0.129,0.173,0.413,0.2,0.338,0.237,0.139,0.166,0.16,0.352,0.25,0.123,0.231,0.334,0.457,0.521,0.142,0.366,0.273,0.207,0.282,0.403,0.381,0.313,0.246,0.335,0.264,0.38,0.393,0.41,0.37,0.38,0.143,0.298,0.153,0.258,0.229,0.307,0.272,0.165,0.263,0.15,0.191,0.14,0.328,0.286,0.282,0.194,0.306,0.318,0.504,0.215,0.411,0.455,0.161,0.38,0.142,0.133,0.374,0.237,0.157,0.177,0.1,0.284
0.205,0.205,0.469,0.278,0.274,0.298,0.395,0.132,0.281,0.266,0.388,0.349,0.125,0.211,0.254,0.467,0.244,0.543,0.467,0.549,0.311,0.395,0.094,0.338,0.349,0.108,0.268,0.254,0.266,0.285,0.259,0.281,0.357,1.0,0.284,0.311,0.323,0.311,0.257,0.403,0.311,0.153,0.227,0.137,0.28,1.0,0.213,0.306,0.221,0.428,0.28,0.187,0.294,0.168,0.242,0.178,0.266,0.138,0.28,0.237,0.28,0.171,0.403,0.226,0.168,0.323,0.311,0.467,0.163,0.239,0.208,0.266,0.244,0.178,0.543,0.357,0.311,0.268,0.311,0.2,0.266,0.428,0.266,0.388,0.349,0.467,0.266,0.274,0.168,0.134,0.263,0.543,0.428,0.39,0.246,0.28,0.235,0.28,0.263,0.231,0.28,0.221,0.428,0.321,0.403,0.28,0.428,0.349,0.263,0.253,0.469,0.179,0.274,0.281,0.543,0.334,0.253,0.116,0.469,0.154,0.3,0.211,0.194,0.469,0.167,0.193,0.311,0.136,0.311,0.152,0.178,0.306,0.28,0.323,0.178,0.388,0.278,0.306,0.263,0.132,0.311,0.266,0.254,0.301,0.196,0.161,0.224,0.39,0.178,0.311,0.28,0.28,0.266,0.311,0.306,0.306,0.28,0.306,0.243,0.211,0.469,0.263,0.219,0.311,0.321,0.254,0.194,0.278,0.23,0.231,0.244,0.169,0.278,0.184,0.21,0.185,0.153,0.469,0.342,0.357,0.428,0.193,0.311,0.388,0.311,0.469,0.428,0.334,0.349,0.14,0.28,0.28,0.543,0.237,0.285,0.334,0.191,0.357,0.242,0.484,0.467,0.237,0.266,0.28,0.428,0.373,0.334,0.266,0.323,0.254,0.177,0.543,0.3,0.357,0.388,0.311,0.259,0.178,0.286,0.543,0.263,0.28,0.311,0.311,0.266,0.294,0.284,0.253,0.256,0.259,0.298,0.254,0.311,0.136,0.246,0.186,0.311,0.28,0.183,0.543,0.403,0.117,0.138,0.428,0.266,0.467,0.323,0.179,0.306,0.467,0.221,0.266,0.266,0.467,0.288,0.221,0.311,0.3,0.543,0.543,0.205,0.357,0.177,0.311,0.311,0.167,0.349,0.166,0.357,0.306,0.194,0.403,0.403,0.21,0.357,0.28,0.274,0.467,0.311,0.428,0.311,0.484,0.271,0.294,0.242,0.273
0.164,0.164,0.29,0.353,0.283,0.096,0.107,0.113,0.121,0.248,0.29,0.321,0.197,0.273,0.214,0.185,0.187,0.306,0.185,0.213,0.167,0.107,0.163,0.126,0.214,0.041,0.127,0.214,0.282,0.214,0.22,0.246,0.096,0.498,0.267,0.29,0.324,0.29,0.081,0.177,0.167,0.128,0.169,0.247,0.321,0.213,1.0,0.498,0.217,0.159,0.29,0.071,0.115,0.058,0.095,0.068,0.248,0.128,0.29,0.167,0.29,0.144,0.177,0.08,0.29,0.133,0.22,0.185,0.07,0.094,0.329,0.248,0.321,0.068,0.213,0.233,0.129,0.173,0.129,0.212,0.248,0.498,0.248,0.149,0.139,0.185,0.248,0.091,0.157,0.049,0.115,0.213,0.173,0.16,0.156,0.29,0.188,0.306,0.156,0.29,0.29,0.372,0.439,0.147,0.29,0.29,0.248,0.29,0.214,0.372,0.195,0.173,0.091,0.117,0.498,0.118,0.292,0.034,0.195,0.1,0.149,0.262,0.081,0.214,0.132,0.292,0.099,0.124,0.248,0.067,0.283,0.498,0.29,0.248,0.068,0.149,0.226,0.498,0.212,0.13,0.099,0.248,0.214,0.128,0.064,0.138,0.121,0.29,0.056,0.22,0.29,0.29,0.248,0.29,0.498,0.364,0.292,0.498,0.109,0.262,0.195,0.115,0.079,0.129,0.187,0.214,0.081,0.104,0.223,0.142,0.187,0.06,0.217,0.073,0.086,0.163,0.05,0.195,0.165,0.123,0.29,0.195,0.129,0.212,0.248,0.195,0.498,0.214,0.29,0.156,0.29,0.29,0.217,0.134,0.372,0.118,0.138,0.123,0.095,0.498,0.185,0.167,0.248,0.29,0.167,0.146,0.29,0.248,0.217,0.214,0.246,0.498,0.29,0.353,0.164,0.29,0.1,0.143,0.106,0.498,0.213,0.29,0.129,0.099,0.248,0.115,0.187,0.087,0.113,0.292,0.096,0.214,0.129,0.107,0.076,0.128,0.498,0.302,0.077,0.213,0.177,0.217,0.128,0.214,0.248,0.185,0.133,0.173,0.498,0.185,0.217,0.248,0.248,0.185,0.615,0.217,0.14,0.353,0.213,0.213,0.164,0.123,0.167,0.099,0.129,0.259,0.139,0.283,0.498,0.498,0.081,0.177,0.372,0.319,0.29,0.29,0.091,0.185,0.129,0.159,0.212,0.115,0.117,0.115,0.095,0.279
0.132,0.245,0.204,0.219,0.181,0.31,0.201,0.075,0.251,0.341,0.196,0.252,0.19,0.542,0.23,0.269,0.129,0.182,0.182,0.217,0.234,0.201,0.215,0.106,0.223,0.059,0.302,0.314,0.171,0.17,0.287,0.16,0.14,0.364,0.14,0.239,0.852,0.212,0.138,0.134,0.246,0.227,0.193,0.132,0.214,0.306,0.498,1.0,0.246,0.185,0.27,0.088,0.127,0.1,0.146,0.253,0.147,0.177,0.223,0.26,0.179,0.127,0.188,0.237,0.406,0.243,0.255,0.182,0.149,0.176,0.273,0.149,0.223,0.145,0.306,0.207,0.162,0.406,0.152,0.199,0.207,0.458,0.341,0.115,0.2,0.143,0.341,0.168,0.109,0.273,0.28,0.304,0.418,0.17,0.116,0.383,0.133,0.187,0.142,0.22,0.186,0.148,0.285,0.173,0.406,0.188,0.274,0.257,0.158,0.545,0.149,0.138,0.182,0.151,0.338,0.091,0.306,0.054,0.182,0.081,0.287,0.249,0.181,0.195,0.193,0.157,0.164,0.08,0.276,0.288,0.143,0.233,0.383,0.259,0.145,0.32,0.279,0.585,0.158,0.133,0.188,0.341,0.222,0.214,0.089,0.094,0.12,0.275,0.227,0.206,0.383,0.317,0.341,0.253,0.374,0.199,0.279,0.282,0.172,0.09,0.159,0.15,0.129,0.345,0.165,0.254,0.163,0.172,0.139,0.242,0.213,0.086,0.161,0.102,0.258,0.095,0.066,0.182,0.13,0.101,0.233,0.1,0.171,0.218,0.326,0.147,0.303,0.134,0.233,0.088,0.383,0.182,0.201,0.301,0.262,0.199,0.434,0.211,0.307,0.6,0.269,0.253,0.263,0.248,0.195,0.146,0.238,0.269,0.555,0.307,0.379,0.231,0.285,0.33,0.167,0.235,0.133,0.15,0.299,0.235,0.255,0.2,0.15,0.425,0.156,0.1,0.176,0.213,0.145,0.235,0.088,0.202,0.145,0.239,0.133,0.142,0.357,0.297,0.214,0.335,0.168,0.356,0.183,0.268,0.15,0.139,0.276,0.103,0.596,0.269,0.139,0.17,0.271,0.269,0.24,0.24,0.113,0.226,0.225,0.239,0.245,0.137,0.153,0.159,0.345,0.549,0.143,0.23,0.26,0.514,0.275,0.164,0.3,0.151,0.253,0.218,0.381,0.269,0.151,0.145,0.205,0.209,0.106,0.103,0.126,0.233
0.172,0.197,0.386,0.16,0.156,0.26,0.097,0.29,0.148,0.714,0.364,0.241,0.252,0.359,0.257,0.169,0.225,0.177,0.248,0.16,0.199,0.097,0.437,0.175,0.397,0.051,0.331,0.422,0.142,0.255,0.204,0.316,0.118,0.329,0.289,0.349,0.257,0.328,0.09,0.137,0.309,0.262,0.257,0.14,0.326,0.221,0.217,0.246,1.0,0.258,0.227,0.086,0.111,0.07,0.104,0.295,0.387,0.408,0.24,0.539,0.45,0.16,0.178,0.349,0.739,0.388,0.333,0.147,0.154,0.285,0.237,0.315,0.367,0.43,0.221,0.532,0.124,0.212,0.107,0.323,0.376,0.332,0.714,0.126,0.149,0.144,0.714,0.117,0.103,0.071,0.244,0.244,0.242,0.228,0.241,0.809,0.303,0.401,0.355,0.397,0.573,0.168,0.261,0.134,0.417,0.606,0.378,0.211,0.368,0.231,0.154,0.158,0.128,0.191,0.327,0.114,0.201,0.046,0.342,0.109,0.224,0.383,0.172,0.215,0.43,0.136,0.102,0.169,0.314,0.184,0.402,0.193,0.809,0.203,0.43,0.243,0.268,0.226,0.303,0.261,0.113,0.714,0.501,0.282,0.129,0.335,0.14,0.39,0.082,0.309,0.809,0.327,0.714,0.263,0.26,0.242,0.33,0.289,0.123,0.135,0.154,0.248,0.13,0.148,0.157,0.412,0.145,0.192,0.246,0.23,0.402,0.084,0.23,0.161,0.206,0.094,0.088,0.129,0.207,0.256,0.215,0.097,0.12,0.286,0.268,0.145,0.363,0.372,0.269,0.234,0.809,0.305,0.166,0.188,0.342,0.178,0.342,0.118,0.117,0.218,0.169,0.284,0.376,0.407,0.187,0.151,0.384,0.48,0.361,0.64,0.422,0.197,0.368,0.335,0.158,0.281,0.105,0.136,0.129,0.232,0.247,0.585,0.096,0.125,0.438,0.128,0.245,0.142,0.101,0.261,0.085,0.197,0.131,0.189,0.123,0.311,0.274,0.387,0.209,0.195,0.251,0.263,0.206,0.352,0.417,0.228,0.249,0.204,0.284,0.169,0.416,0.425,0.308,0.169,0.188,0.516,0.15,0.169,0.194,0.222,0.197,0.33,0.197,0.119,0.148,0.243,0.237,0.387,0.229,0.27,0.233,0.201,0.454,0.242,0.337,0.538,0.117,0.169,0.1,0.122,0.227,0.194,0.134,0.097,0.094,0.266
0.162,0.149,0.384,0.232,0.218,0.141,0.348,0.385,0.226,0.48,0.324,0.207,0.185,0.134,0.218,0.38,0.208,0.181,0.31,0.679,0.29,0.348,0.3,0.178,0.283,0.082,0.335,0.196,0.253,0.201,0.173,0.297,0.332,0.275,0.201,0.45,0.208,0.337,0.295,0.221,0.276,0.22,0.204,0.145,0.282,0.428,0.159,0.185,0.258,1.0,0.205,0.11,0.27,0.311,0.485,0.14,0.282,0.404,0.187,0.325,0.346,0.19,0.281,0.144,0.312,0.255,0.427,0.574,0.375,0.198,0.354,0.273,0.194,0.205,0.428,0.261,0.537,0.248,0.431,0.308,0.308,0.258,0.48,0.217,0.299,0.243,0.48,0.23,0.109,0.229,0.232,0.284,0.337,0.246,0.321,0.567,0.347,0.295,0.331,0.257,0.383,0.151,0.294,0.169,0.408,0.407,0.378,0.235,0.246,0.188,0.239,0.313,0.34,0.246,0.233,0.184,0.228,0.082,0.387,0.165,0.206,0.223,0.206,0.243,0.415,0.119,0.346,0.244,0.262,0.187,0.288,0.171,0.567,0.195,0.205,0.251,0.213,0.153,0.331,0.313,0.337,0.48,0.334,0.257,0.159,0.301,0.178,0.253,0.288,0.354,0.567,0.18,0.48,0.322,0.175,0.223,0.261,0.381,0.491,0.135,0.257,0.315,0.186,1.0,0.306,0.254,0.13,0.209,0.213,0.32,0.287,0.095,0.228,0.167,0.274,0.105,0.105,0.251,0.267,0.201,0.235,0.115,0.275,0.236,0.261,0.251,0.237,0.303,0.207,0.183,0.567,0.254,0.23,0.182,0.202,0.162,0.18,0.373,0.82,0.178,0.38,0.179,0.29,0.294,0.356,0.403,0.298,0.296,0.284,0.412,0.17,0.299,0.302,0.255,0.252,0.361,0.3,0.161,0.532,0.318,0.198,0.404,0.288,0.531,0.311,0.165,0.251,0.224,0.157,0.169,0.164,0.191,0.267,0.095,0.208,0.352,0.297,0.241,0.107,0.202,0.3,0.103,0.249,0.311,0.284,0.316,0.274,0.233,0.2,0.38,0.255,0.352,0.246,0.38,0.14,0.23,0.166,0.229,0.31,0.24,0.149,0.296,0.165,0.39,0.605,0.116,0.341,0.184,0.42,0.191,0.153,0.285,0.285,0.18,0.254,0.345,0.484,0.38,0.294,0.293,0.346,0.304,0.169,0.171,0.298,0.189
0.111,0.272,0.292,0.15,0.28,0.216,0.081,0.159,0.258,0.915,0.263,0.249,0.375,0.173,0.287,0.232,0.203,0.243,0.222,0.129,0.216,0.081,0.384,0.139,0.212,0.079,0.281,0.245,0.178,0.238,0.141,0.262,0.107,0.296,0.185,0.288,0.317,0.272,0.088,0.101,0.202,0.325,0.188,0.123,0.344,0.28,0.29,0.27,0.227,0.205,1.0,0.084,0.094,0.057,0.115,0.152,0.219,0.545,0.3,0.756,0.266,0.574,0.153,0.164,0.635,0.49,0.315,0.146,0.115,0.107,0.301,0.275,0.264,0.279,0.28,0.253,0.098,0.263,0.101,0.275,0.409,0.352,0.915,0.09,0.246,0.136,0.915,0.172,0.187,0.322,0.206,0.191,0.271,0.192,0.215,1.0,0.396,0.274,0.217,0.358,0.278,0.14,0.354,0.301,0.407,0.283,0.354,0.312,0.219,0.185,0.155,0.204,0.149,0.189,0.211,0.079,0.346,0.072,0.212,0.204,0.336,0.216,0.131,0.336,0.594,0.352,0.087,0.311,0.362,0.254,0.214,0.192,1.0,0.356,0.279,0.165,0.695,0.2,0.243,0.311,0.175,0.915,0.254,0.264,0.099,0.185,0.174,0.404,0.226,0.25,1.0,0.395,0.915,0.331,0.162,0.419,0.601,0.271,0.108,0.106,0.167,0.18,0.186,0.359,0.136,0.267,0.133,0.133,0.298,0.224,0.234,0.086,0.185,0.126,0.174,0.207,0.099,0.199,0.208,0.077,0.371,0.29,0.304,0.241,0.299,0.111,0.248,0.199,0.271,0.339,1.0,0.283,0.153,0.296,0.191,0.126,0.223,0.125,0.316,0.234,0.232,0.249,0.283,0.443,0.308,0.152,0.26,0.276,0.347,0.847,0.205,0.161,0.36,0.358,0.16,0.288,0.074,0.256,0.308,0.149,0.281,0.335,0.095,0.635,0.25,0.132,0.323,0.175,0.095,0.169,0.072,0.29,0.206,0.247,0.187,0.201,0.433,0.389,0.129,0.315,0.212,0.214,0.229,0.364,0.241,0.164,0.177,0.217,0.23,0.232,0.266,0.267,0.273,0.232,0.209,0.202,0.116,0.155,0.184,0.211,0.272,0.127,0.418,0.115,0.359,0.13,0.187,0.217,0.229,0.155,0.306,0.205,0.323,0.165,0.35,0.293,0.391,0.232,0.097,0.109,0.37,0.187,0.089,0.102,0.077,0.232
0.053,0.063,0.123,0.072,0.168,0.094,0.077,0.047,0.073,0.113,0.122,0.112,0.061,0.056,0.102,0.194,0.087,0.113,0.129,0.141,0.085,0.077,0.046,0.205,0.151,0.126,0.065,0.069,0.118,0.132,0.083,0.11,0.096,0.108,0.11,0.128,0.091,0.11,0.063,0.307,0.076,0.097,0.116,0.063,0.107,0.187,0.071,0.088,0.086,0.11,0.084,1.0,0.101,0.049,0.068,0.074,0.105,0.057,0.126,0.079,0.171,0.065,0.205,0.071,0.066,0.139,0.091,0.159,0.063,0.075,0.102,0.125,0.068,0.069,0.187,0.08,0.096,0.074,0.152,0.09,0.082,0.091,0.113,0.109,0.112,0.186,0.113,0.08,0.068,0.049,0.09,0.121,0.082,0.114,0.077,0.143,0.071,0.228,0.094,0.092,0.121,0.073,0.126,0.144,0.163,0.126,0.11,0.115,0.135,0.064,0.128,0.094,0.07,0.164,0.137,0.084,0.088,0.125,0.143,0.059,0.089,0.066,0.074,0.12,0.065,0.085,0.084,0.051,0.096,0.064,0.074,0.132,0.143,0.145,0.069,0.097,0.073,0.09,0.096,0.069,0.096,0.113,0.082,0.068,0.216,0.057,0.081,0.115,0.055,0.084,0.143,0.088,0.113,0.097,0.074,0.127,0.084,0.147,0.079,0.086,0.118,0.106,0.106,0.112,0.128,0.082,0.194,0.088,0.16,0.075,0.071,0.706,0.097,0.083,0.078,0.42,0.362,0.104,0.094,0.084,0.096,0.064,0.109,0.128,0.13,0.15,0.091,0.095,0.132,0.053,0.143,0.184,0.157,0.106,0.176,0.137,0.059,0.16,0.084,0.093,0.194,0.067,0.232,0.094,0.101,0.089,0.11,0.087,0.098,0.093,0.057,0.136,0.142,0.081,0.12,0.098,0.078,0.091,0.091,0.15,0.082,0.109,0.119,0.085,0.095,0.105,0.149,0.075,0.427,0.087,0.084,0.098,0.366,0.054,0.093,0.071,0.081,0.082,0.131,0.12,0.253,0.049,0.072,0.114,0.088,0.152,0.102,0.092,0.071,0.194,0.09,0.086,0.16,0.194,0.073,0.083,0.166,0.082,0.157,0.118,0.063,0.085,0.065,0.085,0.112,0.052,0.216,0.073,0.08,0.079,0.077,0.165,0.104,0.087,0.123,0.108,0.08,0.194,0.109,0.096,0.112,0.09,0.188,0.105,0.082,0.12
0.123,0.114,0.224,0.169,0.151,0.104,0.206,0.067,0.141,0.158,0.201,0.147,0.064,0.089,0.118,0.258,0.136,0.195,0.158,0.278,0.455,0.206,0.062,0.142,0.158,0.176,0.181,0.093,0.388,0.165,0.134,0.169,0.174,0.176,0.171,0.273,0.119,0.196,0.237,0.21,0.258,0.078,0.167,0.298,0.151,0.294,0.115,0.127,0.111,0.27,0.094,0.101,1.0,0.201,0.313,0.099,0.148,0.081,0.091,0.118,0.155,0.081,0.249,0.089,0.095,0.184,0.263,0.319,0.155,0.158,0.168,0.11,0.104,0.1,0.294,0.121,0.307,0.177,0.271,0.18,0.108,0.112,0.158,0.206,0.243,0.183,0.158,0.17,0.195,0.174,0.136,0.176,0.154,0.165,0.243,0.178,0.13,0.138,0.117,0.121,0.154,0.118,0.214,0.334,0.144,0.16,0.257,0.286,0.123,0.149,0.215,0.14,0.263,0.262,0.146,0.499,0.32,0.063,0.2,0.081,0.169,0.112,0.154,0.254,0.092,0.088,0.29,0.085,0.198,0.093,0.104,0.107,0.178,0.115,0.1,0.137,0.085,0.108,0.225,0.073,0.259,0.158,0.116,0.1,0.129,0.084,0.145,0.127,0.213,0.228,0.178,0.101,0.158,0.325,0.12,0.142,0.102,0.151,0.259,0.108,0.252,0.136,0.281,0.47,0.731,0.131,0.094,0.158,0.129,0.093,0.105,0.086,0.132,0.356,0.089,0.094,0.082,0.224,0.244,0.168,0.245,0.069,0.259,0.187,0.173,0.249,0.131,0.176,0.172,0.088,0.178,0.15,0.184,0.155,0.144,0.118,0.097,0.332,0.515,0.122,0.258,0.18,0.108,0.128,0.357,0.455,0.15,0.118,0.15,0.141,0.083,0.211,0.17,0.133,0.277,0.259,0.326,0.216,0.63,0.223,0.115,0.143,0.352,0.421,0.133,0.322,0.121,0.285,0.139,0.131,0.184,0.131,0.205,0.084,0.178,0.214,0.278,0.119,0.082,0.204,0.164,0.094,0.077,0.215,0.114,0.184,0.141,0.143,0.109,0.258,0.102,0.201,0.144,0.258,0.113,0.114,0.307,0.166,0.23,0.206,0.114,0.307,0.085,0.345,0.754,0.083,0.167,0.093,0.223,0.131,0.114,0.336,0.215,0.105,0.169,0.138,0.385,0.258,0.365,0.451,0.322,0.157,0.149,0.515,0.138,0.108
0.165,0.05,0.202,0.218,0.114,0.058,0.313,0.038,0.121,0.093,0.122,0.123,0.035,0.05,0.076,0.147,0.27,0.068,0.09,0.288,0.201,0.313,0.039,0.063,0.079,0.032,0.179,0.048,0.158,0.119,0.078,0.17,0.318,0.115,0.069,0.261,0.094,0.258,0.291,0.112,0.153,0.036,0.114,0.183,0.061,0.168,0.058,0.1,0.07,0.311,0.057,0.049,0.201,1.0,0.383,0.046,0.076,0.045,0.047,0.054,0.101,0.035,0.172,0.052,0.051,0.105,0.166,0.382,0.28,0.25,0.269,0.061,0.052,0.053,0.168,0.065,0.476,0.102,0.297,0.103,0.057,0.067,0.093,0.094,0.201,0.112,0.093,0.206,0.046,0.268,0.22,0.156,0.103,0.168,0.215,0.114,0.168,0.084,0.074,0.088,0.099,0.06,0.12,0.114,0.081,0.107,0.156,0.125,0.073,0.193,0.097,0.457,0.29,0.184,0.08,0.14,0.176,0.024,0.142,0.104,0.148,0.056,0.162,0.081,0.047,0.038,0.309,0.037,0.076,0.055,0.061,0.053,0.114,0.062,0.053,0.081,0.042,0.075,0.16,0.04,0.259,0.093,0.066,0.055,0.361,0.047,0.144,0.073,0.918,0.177,0.114,0.051,0.093,0.166,0.065,0.074,0.054,0.117,0.462,0.053,0.133,0.091,0.175,0.541,0.208,0.078,0.054,0.136,0.076,0.052,0.131,0.04,0.06,0.146,0.057,0.035,0.031,0.193,0.069,0.392,0.104,0.03,0.152,0.1,0.139,0.114,0.071,0.084,0.07,0.042,0.114,0.111,0.095,0.108,0.083,0.07,0.087,0.355,0.446,0.08,0.147,0.045,0.059,0.061,0.176,0.262,0.087,0.068,0.117,0.076,0.044,0.169,0.148,0.058,0.135,0.289,0.236,0.061,0.294,0.142,0.072,0.084,0.211,0.345,0.07,0.058,0.053,0.294,0.097,0.075,0.178,0.039,0.108,0.04,0.519,0.149,0.119,0.082,0.046,0.079,0.077,0.04,0.034,0.069,0.067,0.116,0.16,0.044,0.061,0.147,0.053,0.195,0.376,0.147,0.058,0.068,0.074,0.208,0.166,0.146,0.05,0.267,0.037,0.302,0.347,0.046,0.077,0.05,0.184,0.074,0.064,0.232,0.089,0.057,0.076,0.084,0.322,0.147,0.215,0.173,0.158,0.143,0.148,0.16,0.114,0.059
0.18,0.086,0.264,0.198,0.155,0.085,0.307,0.082,0.175,0.134,0.167,0.133,0.062,0.082,0.114,0.202,0.13,0.111,0.121,0.444,0.312,0.307,0.069,0.107,0.117,0.05,0.218,0.081,0.27,0.16,0.102,0.141,0.312,0.164,0.108,0.316,0.132,0.221,0.369,0.138,0.205,0.074,0.146,0.133,0.107,0.242,0.095,0.146,0.104,0.485,0.115,0.068,0.313,0.383,1.0,0.088,0.111,0.073,0.094,0.095,0.141,0.069,0.217,0.086,0.08,0.162,0.261,0.559,0.315,0.208,0.274,0.1,0.083,0.131,0.242,0.112,0.591,0.158,0.458,0.147,0.094,0.116,0.134,0.126,0.282,0.134,0.134,0.198,0.064,0.348,0.246,0.172,0.158,0.179,0.224,0.161,0.2,0.124,0.111,0.126,0.142,0.08,0.188,0.147,0.136,0.148,0.232,0.19,0.117,0.244,0.147,0.18,0.379,0.184,0.117,0.118,0.252,0.044,0.189,0.149,0.141,0.084,0.183,0.122,0.086,0.067,0.347,0.071,0.13,0.124,0.093,0.09,0.161,0.102,0.131,0.12,0.078,0.11,0.148,0.081,0.339,0.134,0.103,0.091,0.153,0.074,0.17,0.127,0.256,0.27,0.161,0.088,0.134,0.226,0.092,0.112,0.093,0.187,0.642,0.072,0.227,0.175,0.191,0.82,0.345,0.143,0.082,0.182,0.115,0.098,0.179,0.058,0.095,0.268,0.09,0.057,0.064,0.254,0.115,0.168,0.156,0.058,0.205,0.113,0.205,0.149,0.106,0.123,0.107,0.065,0.161,0.126,0.134,0.167,0.128,0.095,0.095,0.364,1.0,0.126,0.202,0.08,0.1,0.098,0.27,0.599,0.129,0.105,0.18,0.117,0.069,0.228,0.217,0.094,0.218,0.275,0.387,0.073,0.445,0.178,0.101,0.127,0.288,0.458,0.107,0.105,0.087,0.203,0.132,0.099,0.156,0.065,0.17,0.058,0.243,0.228,0.247,0.123,0.067,0.121,0.115,0.06,0.074,0.112,0.102,0.144,0.162,0.074,0.095,0.202,0.087,0.18,0.163,0.202,0.082,0.103,0.101,0.187,0.295,0.186,0.086,0.312,0.061,0.411,0.514,0.067,0.121,0.079,0.26,0.099,0.097,0.218,0.126,0.093,0.176,0.125,0.421,0.202,0.292,0.361,0.213,0.226,0.188,0.152,0.144,0.096
0.071,0.059,0.182,0.094,0.083,0.229,0.073,0.107,0.157,0.233,0.182,0.125,0.185,0.218,0.219,0.185,0.084,0.225,0.149,0.127,0.127,0.073,0.273,0.192,0.154,0.338,0.16,0.217,0.18,0.207,0.209,0.11,0.082,0.149,0.322,0.141,0.235,0.142,0.059,0.11,0.134,0.174,0.15,0.112,0.159,0.178,0.068,0.253,0.295,0.14,0.152,0.074,0.099,0.046,0.088,1.0,0.212,0.116,0.16,0.147,0.213,0.121,0.13,0.59,0.295,0.304,0.233,0.154,0.098,0.313,0.105,0.147,0.168,1.0,0.178,0.394,0.091,0.187,0.16,0.351,0.152,0.211,0.233,0.169,0.12,0.154,0.233,0.078,0.115,0.044,0.293,0.288,0.211,0.154,0.093,0.279,0.131,0.151,0.144,0.316,0.179,0.071,0.223,0.151,0.279,0.192,0.173,0.123,0.38,0.222,0.199,0.082,0.105,0.185,0.15,0.103,0.137,0.086,0.137,0.112,0.212,0.135,0.124,0.202,0.145,0.168,0.07,0.104,0.168,0.198,0.266,0.094,0.279,0.119,1.0,0.248,0.151,0.155,0.171,0.158,0.1,0.233,0.163,0.126,0.086,0.092,0.106,0.243,0.049,0.25,0.279,0.22,0.233,0.165,0.252,0.134,0.151,0.177,0.085,0.074,0.13,0.253,0.181,0.112,0.095,0.27,0.14,0.149,0.132,0.142,0.115,0.071,0.159,0.103,0.187,0.057,0.075,0.135,0.168,0.254,0.159,0.127,0.166,0.167,0.174,0.234,0.149,0.14,0.155,0.104,0.279,0.163,0.113,0.19,0.206,0.156,0.427,0.085,0.083,0.193,0.185,0.117,0.164,0.274,0.167,0.107,0.192,0.176,0.344,0.196,0.376,0.133,0.178,0.227,0.14,0.181,0.108,0.204,0.092,0.14,0.201,0.18,0.181,0.084,0.155,0.124,0.196,0.078,0.072,0.142,0.155,0.211,0.101,0.139,0.112,0.115,0.152,0.211,0.183,0.195,0.12,0.135,0.149,0.177,0.129,0.161,0.275,0.205,0.171,0.185,0.232,0.275,0.152,0.185,0.117,0.263,0.102,0.108,0.154,0.144,0.059,0.45,0.173,0.11,0.112,0.281,0.138,0.129,0.115,0.196,0.165,0.131,0.209,0.208,0.195,0.183,0.078,0.185,0.208,0.097,0.146,0.194,0.08,0.172,0.067,0.162
0.135,0.226,0.442,0.167,0.173,0.119,0.104,0.318,0.144,0.815,0.435,0.203,0.213,0.126,0.203,0.209,0.259,0.327,0.265,0.181,0.22,0.104,0.313,0.32,0.317,0.465,0.245,0.225,0.289,0.315,0.166,0.359,0.124,0.293,0.262,0.39,0.187,0.334,0.101,0.146,0.237,0.196,0.267,0.18,0.362,0.266,0.248,0.147,0.387,0.282,0.219,0.105,0.148,0.076,0.111,0.212,1.0,0.45,0.238,0.627,0.555,0.16,0.194,0.196,0.531,0.45,0.359,0.193,0.168,0.161,0.251,0.361,0.292,0.233,0.266,0.329,0.135,0.207,0.312,0.323,0.38,0.264,0.815,0.245,0.141,0.188,1.0,0.137,0.173,0.078,0.212,0.207,0.208,0.26,0.287,0.915,0.339,0.444,0.393,0.286,0.641,0.196,0.233,0.173,0.499,0.676,0.419,0.225,0.375,0.183,0.235,0.196,0.143,0.23,0.247,0.158,0.22,0.073,0.386,0.123,0.223,0.3,0.169,0.307,0.484,0.158,0.116,0.187,0.288,0.203,0.391,0.187,0.915,0.289,0.233,0.19,0.244,0.166,0.39,0.267,0.137,0.815,0.474,0.279,0.141,0.366,0.181,0.33,0.093,0.532,0.915,0.245,0.815,0.293,0.18,0.277,0.338,0.322,0.13,0.166,0.173,0.275,0.28,0.171,0.172,0.321,0.179,0.188,0.24,0.255,0.422,0.105,0.297,0.176,0.18,0.105,0.098,0.176,0.302,0.191,0.241,0.108,0.245,0.28,0.241,0.363,0.294,0.442,0.244,0.261,0.915,0.423,0.155,0.177,0.253,0.123,0.22,0.132,0.134,0.182,0.209,0.289,0.33,0.454,0.216,0.17,0.385,0.385,0.287,0.902,0.252,0.223,0.345,0.287,0.229,0.411,0.165,0.284,0.15,0.26,0.171,0.736,0.272,0.148,0.577,0.153,0.348,0.114,0.111,0.185,0.246,0.34,0.171,0.123,0.135,0.345,0.287,0.316,0.097,0.241,0.194,0.157,0.247,0.34,0.504,0.279,0.212,0.363,0.203,0.209,0.345,0.423,0.268,0.209,0.133,0.298,0.164,0.174,0.194,0.196,0.226,0.161,0.218,0.174,0.171,0.163,0.268,0.261,0.254,0.232,0.262,0.256,0.389,0.198,0.31,0.609,0.137,0.209,0.317,0.135,0.261,0.214,0.141,0.249,0.103,0.242
0.11,0.11,0.545,0.174,0.344,0.084,0.079,0.306,0.145,0.55,0.545,0.392,0.532,0.108,0.376,0.113,0.392,0.744,0.633,0.138,0.342,0.079,0.527,0.2,0.376,0.029,0.38,0.376,0.197,0.46,0.154,1.0,0.105,0.55,0.23,0.545,0.347,0.545,0.057,0.122,0.342,0.456,0.308,0.193,0.649,0.138,0.128,0.177,0.408,0.404,0.545,0.057,0.081,0.045,0.073,0.116,0.45,1.0,0.545,0.342,0.545,0.316,0.139,0.147,0.333,0.245,0.771,0.113,0.124,0.181,0.415,0.45,0.321,0.116,0.138,0.409,0.091,0.303,0.091,0.649,0.55,0.559,0.55,0.1,0.105,0.113,0.45,0.063,0.078,0.038,0.191,0.245,0.303,0.256,0.579,0.545,0.456,0.545,0.744,0.607,0.545,0.139,0.55,0.139,0.545,0.55,0.579,0.545,0.46,0.139,0.13,0.517,0.108,0.209,0.282,0.079,0.305,0.023,0.579,0.172,0.649,0.284,0.139,0.376,0.258,0.16,0.066,0.316,0.606,0.109,0.562,0.177,0.545,0.45,0.116,0.303,0.647,0.177,0.649,0.383,0.105,0.55,0.798,1.0,0.174,0.577,0.205,0.545,0.041,0.647,0.545,0.545,0.55,0.545,0.177,0.545,0.55,0.497,0.091,0.136,0.13,0.191,0.2,0.091,0.136,0.532,0.139,0.256,0.416,0.415,0.321,0.057,0.44,0.144,0.229,0.264,0.066,0.13,0.331,0.082,0.545,0.157,0.102,0.649,0.45,0.13,0.333,0.376,0.545,0.237,0.545,0.545,0.138,0.184,0.231,0.085,0.257,0.087,0.068,0.191,0.113,0.342,0.647,0.744,0.342,0.152,0.545,0.55,0.408,0.376,0.282,0.177,0.545,0.579,0.175,0.545,0.071,0.649,0.074,0.177,0.63,0.579,0.091,0.066,0.45,0.101,0.633,0.108,0.106,0.154,0.065,0.649,0.456,0.075,0.129,0.744,0.579,0.55,0.082,0.265,0.456,0.09,0.456,0.744,0.55,0.253,0.245,0.517,0.239,0.113,0.649,0.55,0.55,0.113,0.095,0.408,0.101,0.174,0.138,0.463,0.11,0.116,0.242,0.089,0.091,0.099,0.346,0.344,0.296,0.177,0.139,0.263,0.55,0.229,0.55,0.545,0.063,0.113,0.091,0.104,0.649,0.191,0.098,0.081,0.068,0.392
0.115,0.272,0.311,0.135,0.205,0.157,0.077,0.163,0.241,0.915,0.279,0.234,0.205,0.165,0.275,0.296,0.186,0.249,0.232,0.141,0.182,0.077,0.384,0.181,0.231,0.067,0.21,0.262,0.123,0.267,0.182,0.259,0.099,0.272,0.206,0.277,0.265,0.269,0.064,0.145,0.205,0.257,0.187,0.107,0.364,0.28,0.29,0.223,0.24,0.187,0.3,0.126,0.091,0.047,0.094,0.16,0.238,0.545,1.0,0.756,0.283,0.174,0.188,0.189,0.635,0.771,0.317,0.149,0.123,0.17,0.222,0.253,0.302,0.376,0.28,0.297,0.089,0.265,0.096,0.266,0.293,0.367,0.915,0.105,0.205,0.149,0.915,0.161,0.08,0.097,0.277,0.223,0.269,0.225,0.164,1.0,0.215,0.284,0.272,0.346,0.315,0.112,0.405,0.192,0.449,0.322,0.312,0.283,0.305,0.146,0.189,0.173,0.131,0.279,0.252,0.084,0.231,0.065,0.225,0.139,0.241,0.198,0.163,0.233,0.594,0.162,0.072,0.134,0.419,0.44,0.27,0.21,1.0,0.277,0.376,0.229,0.305,0.173,0.286,0.241,0.136,0.915,0.28,0.246,0.144,0.214,0.131,0.386,0.116,0.294,1.0,0.398,0.915,0.317,0.136,0.399,0.365,0.29,0.093,0.084,0.16,0.287,0.165,0.191,0.13,0.32,0.179,0.159,0.241,0.235,0.247,0.141,0.173,0.134,0.168,0.157,0.144,0.145,0.232,0.103,0.291,0.136,0.157,0.256,0.43,0.124,0.26,0.215,0.309,0.153,1.0,0.339,0.189,0.236,0.229,0.146,0.203,0.109,0.155,0.228,0.296,0.243,0.363,0.349,0.21,0.128,0.326,0.328,0.314,0.847,0.175,0.156,0.307,0.339,0.166,0.267,0.072,0.183,0.172,0.155,0.324,0.399,0.084,0.173,0.298,0.136,0.246,0.121,0.167,0.149,0.067,0.235,0.196,0.128,0.16,0.198,0.348,0.389,0.15,0.329,0.211,0.222,0.211,0.335,0.263,0.187,0.207,0.187,0.201,0.296,0.287,0.275,0.248,0.296,0.153,0.28,0.134,0.147,0.201,0.231,0.272,0.162,0.183,0.095,0.191,0.121,0.222,0.222,0.19,0.14,0.317,0.196,0.327,0.294,0.389,0.335,0.161,0.296,0.088,0.114,0.273,0.221,0.111,0.094,0.082,0.308
0.14,0.14,0.756,0.221,0.423,0.114,0.108,0.237,0.193,0.769,0.756,0.537,0.257,0.129,0.521,0.221,0.881,0.881,0.314,0.237,0.753,0.108,0.227,0.309,0.521,0.042,0.286,0.521,0.274,0.808,0.205,0.639,0.121,0.769,0.243,0.756,0.444,0.756,0.078,0.19,0.753,0.342,0.401,0.115,0.756,0.237,0.167,0.26,0.539,0.325,0.756,0.079,0.118,0.054,0.095,0.147,0.627,0.342,0.756,1.0,0.756,0.212,0.19,0.203,0.413,0.372,0.537,0.221,0.155,0.147,0.545,0.627,0.438,0.147,0.237,0.532,0.134,0.268,0.134,0.529,0.769,0.756,0.769,0.158,0.146,0.221,0.627,0.09,0.093,0.044,0.268,0.372,0.268,0.404,0.545,0.756,0.552,0.756,0.435,0.413,0.881,0.184,0.769,0.147,0.756,0.769,1.0,0.756,0.639,0.184,0.213,0.415,0.133,0.288,0.338,0.121,0.873,0.033,1.0,0.165,0.351,0.326,0.181,0.521,0.28,0.205,0.099,0.212,0.769,0.131,0.423,0.26,0.756,0.627,0.147,0.268,0.639,0.26,0.529,0.301,0.123,0.769,0.881,0.342,0.137,0.312,0.139,0.756,0.05,0.537,0.756,0.756,0.769,0.756,0.26,0.756,0.769,0.409,0.11,0.178,0.213,0.268,0.203,0.134,0.171,0.808,0.181,0.208,0.557,0.323,0.438,0.079,0.32,0.188,0.193,0.131,0.079,0.213,0.354,0.127,1.0,0.205,0.134,0.529,0.627,0.213,0.413,0.521,0.756,0.278,0.756,0.756,0.237,0.178,0.337,0.133,0.312,0.127,0.095,0.268,0.221,0.753,0.769,0.756,1.0,0.154,0.756,0.769,0.539,0.521,0.338,0.26,0.756,0.808,0.198,0.756,0.1,0.325,0.108,0.26,0.312,1.0,0.134,0.099,0.627,0.118,0.438,0.085,0.147,0.205,0.096,0.521,0.342,0.102,0.162,0.515,0.769,0.769,0.124,0.372,0.342,0.1,0.342,0.639,0.769,0.23,0.372,0.415,0.26,0.221,0.539,0.769,0.769,0.221,0.137,0.539,0.134,0.221,0.237,0.237,0.14,0.147,0.263,0.128,0.134,0.118,0.273,0.423,0.26,0.26,0.181,0.322,0.769,0.193,0.769,0.756,0.09,0.221,0.134,0.17,0.529,0.268,0.12,0.118,0.095,0.537
0.173,0.272,0.493,0.202,0.212,0.167,0.128,0.4,0.178,0.915,0.491,0.244,0.265,0.159,0.26,0.467,0.316,0.291,0.392,0.214,0.237,0.128,0.384,0.333,0.378,0.248,0.307,0.281,0.289,0.328,0.201,0.44,0.154,0.344,0.418,0.443,0.228,0.38,0.133,0.181,0.293,0.24,0.263,0.198,0.412,0.28,0.29,0.179,0.45,0.346,0.266,0.171,0.155,0.101,0.141,0.213,0.555,0.545,0.283,0.756,1.0,0.207,0.238,0.245,0.635,0.49,0.413,0.332,0.205,0.202,0.292,0.437,0.354,0.279,0.28,0.399,0.168,0.241,0.191,0.345,0.45,0.308,0.915,0.198,0.169,0.346,0.915,0.161,0.16,0.097,0.255,0.246,0.245,0.298,0.334,1.0,0.405,0.502,0.474,0.345,0.728,0.247,0.274,0.195,0.535,0.758,0.481,0.255,0.445,0.224,0.218,0.239,0.182,0.25,0.3,0.164,0.256,0.281,0.473,0.156,0.248,0.37,0.207,0.282,0.594,0.185,0.154,0.237,0.332,0.243,0.462,0.228,1.0,0.256,0.279,0.231,0.298,0.203,0.426,0.335,0.161,0.915,0.559,0.353,0.181,0.447,0.194,0.391,0.116,0.409,1.0,0.295,0.915,0.352,0.22,0.328,0.395,0.379,0.164,0.273,0.222,0.321,0.232,0.191,0.209,0.384,0.319,0.23,0.286,0.316,0.517,0.171,0.355,0.216,0.224,0.134,0.14,0.179,0.296,0.163,0.269,0.142,0.194,0.269,0.284,0.264,0.355,0.505,0.274,0.324,1.0,0.414,0.192,0.191,0.293,0.155,0.272,0.165,0.155,0.213,0.467,0.335,0.39,0.463,0.243,0.202,0.436,0.448,0.322,0.847,0.321,0.268,0.397,0.347,0.229,0.351,0.147,0.252,0.172,0.318,0.242,0.761,0.25,0.173,0.579,0.178,0.458,0.148,0.137,0.228,0.168,0.292,0.195,0.165,0.17,0.427,0.331,0.356,0.17,0.236,0.249,0.189,0.269,0.403,0.547,0.45,0.249,0.326,0.247,0.467,0.399,0.48,0.351,0.467,0.164,0.347,0.205,0.209,0.233,0.233,0.272,0.206,0.256,0.171,0.191,0.204,0.319,0.31,0.312,0.282,0.306,0.274,0.442,0.241,0.364,0.642,0.161,0.467,0.211,0.171,0.281,0.255,0.178,0.181,0.131,0.316
0.098,0.224,0.181,0.109,0.125,0.14,0.057,0.218,0.207,0.346,0.177,0.112,0.342,0.113,0.216,0.26,0.107,0.123,0.245,0.104,0.089,0.057,0.256,0.095,0.131,0.079,0.178,0.154,0.15,0.131,0.141,0.206,0.064,0.157,0.13,0.166,0.124,0.156,0.046,0.085,0.104,0.222,0.096,0.116,0.216,0.171,0.144,0.127,0.16,0.19,0.574,0.065,0.081,0.035,0.069,0.121,0.16,0.316,0.174,0.212,0.207,1.0,0.109,0.104,0.239,0.152,0.212,0.154,0.065,0.067,0.228,0.242,0.217,0.125,0.171,0.163,0.069,0.126,0.072,0.181,0.368,0.181,0.346,0.088,0.102,0.162,0.285,0.069,0.366,0.037,0.14,0.128,0.133,0.113,0.146,0.35,0.401,0.208,0.188,0.253,0.214,0.196,0.165,0.166,0.285,0.226,0.194,0.124,0.147,0.14,0.133,0.11,0.078,0.12,0.15,0.083,0.17,0.072,0.175,0.212,0.174,0.165,0.082,0.204,0.372,0.325,0.054,0.714,0.194,0.171,0.196,0.152,0.35,0.181,0.125,0.108,0.51,0.138,0.173,0.262,0.079,0.346,0.19,0.203,0.059,0.186,0.163,0.231,0.04,0.161,0.35,0.216,0.346,0.157,0.149,0.259,0.408,0.236,0.066,0.132,0.119,0.137,0.09,0.104,0.141,0.161,0.1,0.083,0.228,0.142,0.136,0.063,0.154,0.071,0.12,0.168,0.068,0.131,0.163,0.064,0.163,0.289,0.156,0.14,0.161,0.102,0.173,0.149,0.162,0.491,0.35,0.199,0.121,0.145,0.16,0.097,0.17,0.067,0.075,0.144,0.26,0.125,0.179,0.273,0.239,0.106,0.179,0.187,0.172,0.237,0.159,0.144,0.185,0.218,0.104,0.134,0.057,0.151,0.083,0.153,0.2,0.234,0.076,0.074,0.183,0.104,0.245,0.066,0.061,0.187,0.057,0.155,0.116,0.411,0.08,0.158,0.209,0.204,0.114,0.146,0.172,0.214,0.193,0.222,0.171,0.175,0.109,0.169,0.152,0.26,0.173,0.219,0.143,0.26,0.17,0.138,0.138,0.113,0.128,0.121,0.224,0.091,0.415,0.078,0.104,0.095,0.158,0.16,0.191,0.149,0.139,0.124,0.204,0.164,0.196,0.2,0.069,0.26,0.081,0.08,0.214,0.12,0.067,0.084,0.058,0.134
0.177,0.169,0.292,0.353,0.246,0.178,0.206,0.11,0.23,0.262,0.253,0.468,0.138,0.156,0.184,0.315,0.19,0.16,0.247,0.315,0.266,0.206,0.113,0.184,0.392,0.088,0.256,0.156,0.211,0.203,0.203,0.261,0.204,0.35,0.203,0.338,0.188,0.382,0.247,0.423,0.261,0.207,0.275,0.137,0.199,0.403,0.177,0.188,0.178,0.281,0.153,0.205,0.249,0.172,0.217,0.13,0.194,0.139,0.188,0.19,0.238,0.109,1.0,0.188,0.159,0.335,0.225,0.304,0.166,0.233,0.185,0.174,0.161,0.165,0.403,0.213,0.305,0.214,0.31,0.215,0.167,0.238,0.262,0.222,0.385,0.233,0.262,0.228,0.2,0.179,0.219,0.27,0.226,0.297,0.201,0.306,0.196,0.224,0.2,0.225,0.244,0.138,0.331,0.214,0.227,0.257,0.259,0.308,0.199,0.207,0.225,0.186,0.284,0.397,0.216,0.188,0.183,0.09,0.283,0.121,0.206,0.154,0.57,0.226,0.146,0.126,0.296,0.093,0.179,0.78,0.16,0.224,0.306,0.194,0.165,0.362,0.213,0.175,0.243,0.123,0.289,0.262,0.191,0.176,0.199,0.13,0.314,0.223,0.216,0.229,0.306,0.171,0.262,0.237,0.171,0.201,0.174,0.215,0.228,0.125,0.251,0.229,0.198,0.367,0.288,0.2,0.412,0.368,0.248,0.311,0.176,0.162,0.274,0.168,0.222,0.197,0.21,0.3,0.185,0.216,0.226,0.103,0.242,0.189,0.28,0.256,0.208,0.227,0.262,0.11,0.306,0.279,0.374,0.251,0.232,0.205,0.147,0.42,0.329,0.174,0.315,0.18,0.18,0.185,0.231,0.211,0.228,0.189,0.252,0.227,0.128,0.294,0.442,0.25,0.259,0.21,0.236,0.122,0.321,0.311,0.189,0.231,0.216,0.422,0.192,0.176,0.166,0.262,0.243,0.194,0.274,0.135,0.27,0.146,0.247,0.181,0.207,0.197,0.161,0.225,0.347,0.164,0.14,0.24,0.182,0.254,0.238,0.13,0.178,0.315,0.152,0.188,0.191,0.315,0.166,0.196,0.285,0.386,0.267,0.247,0.169,0.239,0.119,0.266,0.367,0.131,0.375,0.152,0.284,0.183,1.0,0.385,0.218,0.166,0.218,0.229,0.377,0.315,0.222,0.222,0.269,0.215,0.381,0.202,0.18,0.185
0.068,0.07,0.22,0.086,0.096,0.2,0.083,0.113,0.176,0.298,0.221,0.134,0.223,0.197,0.152,0.199,0.121,0.142,0.15,0.152,0.108,0.083,0.338,0.114,0.168,0.043,0.252,0.197,0.085,0.235,0.182,0.143,0.105,0.178,0.436,0.202,0.237,0.176,0.07,0.127,0.141,0.187,0.113,0.097,0.186,0.226,0.08,0.237,0.349,0.144,0.164,0.071,0.089,0.052,0.086,0.59,0.196,0.147,0.189,0.203,0.245,0.104,0.188,1.0,0.359,0.394,0.238,0.157,0.142,0.44,0.136,0.186,0.233,0.762,0.226,0.434,0.109,0.228,0.095,0.317,0.154,0.232,0.298,0.115,0.134,0.145,0.298,0.096,0.06,0.05,0.282,0.278,0.239,0.198,0.121,0.347,0.137,0.216,0.216,0.362,0.278,0.071,0.25,0.13,0.254,0.296,0.232,0.152,0.391,0.197,0.142,0.085,0.112,0.189,0.166,0.091,0.147,0.036,0.174,0.086,0.215,0.144,0.186,0.181,0.157,0.129,0.083,0.073,0.177,0.168,0.406,0.128,0.347,0.128,0.762,0.247,0.152,0.195,0.178,0.162,0.098,0.298,0.195,0.149,0.116,0.136,0.121,0.257,0.058,0.276,0.347,0.267,0.298,0.165,0.215,0.146,0.176,0.185,0.105,0.061,0.136,0.259,0.119,0.135,0.11,0.321,0.157,0.176,0.165,0.14,0.184,0.072,0.141,0.161,0.296,0.064,0.074,0.104,0.118,0.282,0.157,0.08,0.115,0.118,0.169,0.137,0.195,0.19,0.154,0.103,0.347,0.155,0.125,0.167,0.237,0.134,0.361,0.1,0.099,0.199,0.199,0.168,0.177,0.312,0.186,0.127,0.205,0.194,0.383,0.258,0.346,0.15,0.243,0.226,0.132,0.155,0.089,0.104,0.111,0.169,0.18,0.258,0.085,0.104,0.206,0.111,0.171,0.113,0.089,0.129,0.069,0.128,0.081,0.218,0.111,0.176,0.147,0.257,0.132,0.224,0.116,0.111,0.159,0.24,0.195,0.17,0.272,0.107,0.179,0.199,0.3,0.312,0.14,0.199,0.16,0.286,0.088,0.097,0.199,0.191,0.07,0.46,0.127,0.116,0.135,0.239,0.175,0.137,0.136,0.187,0.22,0.118,0.25,0.301,0.209,0.252,0.096,0.199,0.09,0.105,0.151,0.191,0.092,0.08,0.08,0.175
0.137,0.137,0.635,0.344,0.569,0.097,0.091,0.24,0.167,0.648,0.635,0.47,0.256,0.237,0.449,0.141,0.47,0.548,0.303,0.168,0.413,0.091,0.554,0.239,0.449,0.034,0.28,0.449,0.237,0.548,0.186,0.548,0.116,0.648,0.359,0.635,0.514,0.635,0.067,0.145,0.413,0.333,0.364,0.217,0.635,0.168,0.29,0.406,0.739,0.312,0.635,0.066,0.095,0.051,0.08,0.295,0.531,0.333,0.635,0.413,0.635,0.239,0.159,0.359,1.0,0.29,0.47,0.141,0.14,0.295,0.608,0.531,0.386,0.295,0.168,0.817,0.107,0.222,0.107,0.47,0.648,0.635,0.648,0.12,0.217,0.152,0.531,0.075,0.136,0.043,0.222,0.29,0.222,0.306,0.404,0.635,0.491,0.635,0.404,0.767,0.635,0.313,0.648,0.167,0.635,0.648,0.531,0.635,0.548,0.313,0.157,0.38,0.123,0.24,0.652,0.095,0.371,0.028,0.413,0.146,0.312,0.307,0.159,0.449,0.274,0.232,0.08,0.239,0.648,0.122,0.569,0.562,0.635,0.531,0.295,0.222,0.548,0.406,0.47,0.292,0.117,0.648,0.548,0.333,0.126,0.299,0.149,0.635,0.047,0.47,0.635,0.635,0.648,0.635,0.406,0.635,0.648,0.406,0.102,0.165,0.157,0.222,0.177,0.107,0.162,0.548,0.159,0.183,0.601,0.308,0.386,0.066,0.4,0.165,0.167,0.138,0.074,0.157,0.327,0.39,0.635,0.157,0.116,0.47,0.531,0.157,1.0,0.449,0.635,0.301,0.635,0.635,0.268,0.194,0.313,0.101,0.299,0.102,0.08,0.406,0.141,0.413,0.648,0.635,0.413,0.14,0.635,0.648,0.739,0.449,0.652,0.562,0.635,0.548,0.168,0.635,0.083,0.312,0.088,0.562,0.302,0.635,0.107,0.08,0.531,0.113,0.386,0.077,0.123,0.232,0.078,0.449,0.333,0.088,0.146,0.333,0.648,0.648,0.096,0.359,0.333,0.268,0.333,0.548,0.648,0.207,0.29,0.38,0.406,0.141,0.739,0.648,0.648,0.141,0.207,0.739,0.122,0.344,0.168,0.394,0.137,0.39,0.261,0.105,0.107,0.222,0.269,0.569,0.562,0.406,0.159,0.307,0.692,0.285,0.648,0.635,0.075,0.141,0.107,0.126,0.47,0.222,0.107,0.095,0.08,0.47
0.123,0.123,0.49,0.172,0.307,0.194,0.16,0.232,0.619,0.45,0.49,0.392,0.226,0.131,0.418,0.265,0.392,0.619,0.265,0.323,0.372,0.16,0.179,0.298,0.418,0.068,0.252,0.418,0.176,0.528,0.172,0.418,0.226,0.45,0.394,0.49,0.582,0.49,0.147,0.26,0.372,0.245,0.341,0.223,0.49,0.323,0.133,0.243,0.388,0.255,0.49,0.139,0.184,0.105,0.162,0.304,0.45,0.245,0.771,0.372,0.49,0.152,0.335,0.394,0.29,1.0,0.392,0.265,0.302,0.304,0.356,0.467,0.392,0.304,0.323,0.348,0.199,0.771,0.199,0.377,0.45,0.771,0.45,0.235,0.233,0.265,0.45,0.161,0.109,0.087,0.771,0.595,0.771,0.549,0.316,0.49,0.361,0.49,0.771,0.378,0.49,0.139,0.45,0.266,0.771,0.49,0.45,0.49,0.771,0.151,0.525,0.328,0.277,0.771,0.595,0.197,0.357,0.065,0.372,0.196,0.549,0.324,0.335,0.418,0.279,0.261,0.177,0.152,0.464,0.257,0.304,0.185,0.49,0.45,0.304,0.771,0.418,0.201,0.771,0.248,0.233,0.45,0.418,0.288,0.285,0.279,0.273,0.771,0.107,0.392,0.49,0.49,0.45,0.49,0.185,0.619,0.49,0.347,0.218,0.134,0.381,0.771,0.353,0.199,0.21,0.418,0.335,0.347,0.4,0.285,0.392,0.139,0.292,0.344,0.359,0.168,0.186,0.291,0.336,0.207,0.549,0.171,0.27,0.377,0.771,0.291,0.307,0.418,0.49,0.248,0.49,0.49,0.323,0.298,0.528,0.197,0.279,0.207,0.154,0.447,0.265,0.372,0.771,0.49,0.372,0.228,0.49,0.45,0.582,0.418,0.266,0.323,0.49,0.418,0.384,0.49,0.162,0.255,0.175,0.323,0.771,0.49,0.199,0.177,0.45,0.23,0.392,0.191,0.23,0.172,0.171,0.418,0.245,0.19,0.3,0.353,0.771,0.49,0.181,0.771,0.26,0.08,0.245,0.771,0.45,0.313,0.582,0.328,0.272,0.265,0.388,0.45,0.45,0.265,0.176,0.388,0.199,0.193,0.323,0.378,0.123,0.304,0.288,0.223,0.199,0.104,0.411,0.304,0.352,0.185,0.335,0.289,0.49,0.359,0.49,0.49,0.161,0.265,0.199,0.252,0.377,0.447,0.178,0.184,0.154,0.771
0.143,0.199,0.413,0.3,0.26,0.182,0.197,0.25,0.244,0.826,0.432,0.312,0.202,0.146,0.308,0.296,0.265,0.377,0.28,0.3,0.449,0.197,0.459,0.242,0.331,0.419,0.312,0.322,0.385,0.376,0.166,0.377,0.194,0.48,0.285,0.473,0.281,0.4,0.216,0.165,0.376,0.306,0.309,0.169,0.433,0.311,0.22,0.255,0.333,0.427,0.315,0.091,0.263,0.166,0.261,0.233,0.359,0.771,0.317,0.537,0.413,0.212,0.225,0.238,0.47,0.392,1.0,0.313,0.218,0.293,0.346,0.31,0.355,0.591,0.311,0.366,0.285,0.273,0.296,0.412,0.406,0.478,0.826,0.191,0.306,0.189,0.674,0.23,0.124,0.258,0.262,0.26,0.275,0.275,0.373,0.795,0.379,0.37,0.408,0.419,0.417,0.139,0.503,0.24,0.446,0.436,0.55,0.396,0.373,0.213,0.229,0.301,0.296,0.271,0.29,0.128,0.375,0.135,0.39,0.162,0.309,0.333,0.19,0.292,0.33,0.156,0.25,0.238,0.528,0.271,0.433,0.179,0.795,0.303,0.591,0.235,0.397,0.233,0.39,0.275,0.3,0.826,0.41,0.337,0.156,0.253,0.193,0.365,0.337,0.73,0.795,0.384,0.826,0.479,0.188,0.302,0.373,0.48,0.261,0.16,0.219,0.256,0.339,0.765,0.312,0.451,0.165,0.261,0.27,0.28,0.278,0.085,0.283,0.202,0.167,0.113,0.096,0.246,0.294,0.219,0.41,0.126,0.325,0.358,0.401,0.238,0.304,0.299,0.35,0.175,0.795,0.364,0.196,0.266,0.253,0.134,0.213,0.303,0.642,0.272,0.296,0.306,0.463,0.459,0.505,0.27,0.392,0.495,0.401,0.575,0.223,0.229,0.372,0.46,0.301,0.503,0.242,0.325,0.88,0.232,0.313,0.467,0.36,0.66,0.342,0.159,0.31,0.215,0.152,0.165,0.153,0.37,0.368,0.111,0.226,0.465,0.525,0.477,0.148,0.277,0.318,0.245,0.307,0.401,0.37,0.243,0.244,0.34,0.226,0.296,0.362,0.451,0.467,0.296,0.125,0.312,0.148,0.296,0.294,0.324,0.199,0.343,0.192,0.329,1.0,0.144,0.282,0.271,0.381,0.188,0.213,0.29,0.52,0.257,0.446,0.412,0.59,0.296,0.376,0.305,0.435,0.276,0.129,0.197,0.129,0.289
0.192,0.186,0.264,0.237,0.23,0.183,0.339,0.105,0.198,0.209,0.252,0.202,0.168,0.146,0.268,1.0,0.236,0.228,0.441,0.554,0.29,0.339,0.07,0.233,0.224,0.224,0.258,0.186,0.364,0.201,0.18,0.227,0.322,0.257,0.206,0.381,0.174,0.266,0.354,0.244,0.284,0.129,0.175,0.135,0.181,0.467,0.185,0.182,0.147,0.574,0.146,0.159,0.319,0.382,0.559,0.154,0.193,0.113,0.149,0.221,0.332,0.154,0.304,0.157,0.141,0.265,0.313,1.0,0.344,0.223,0.35,0.179,0.195,0.15,0.467,0.201,0.652,0.176,0.527,0.168,0.214,0.176,0.209,0.321,0.3,0.611,0.209,0.252,0.183,0.229,0.196,0.276,0.2,0.262,0.238,0.204,0.201,0.201,0.169,0.182,0.208,0.272,0.25,0.204,0.215,0.203,0.319,0.218,0.233,0.21,0.242,0.206,0.373,0.219,0.27,0.233,0.264,0.275,0.296,0.162,0.183,0.164,0.222,0.243,0.147,0.202,0.431,0.152,0.178,0.119,0.136,0.154,0.204,0.16,0.15,0.213,0.154,0.169,0.26,0.098,0.368,0.209,0.186,0.174,0.167,0.11,0.187,0.196,0.288,0.323,0.204,0.185,0.209,0.257,0.199,0.186,0.2,0.26,0.54,0.193,0.274,0.198,0.215,1.0,0.342,0.184,0.22,0.232,0.183,0.152,0.173,0.183,0.168,0.174,0.138,0.141,0.16,0.292,0.192,0.293,0.218,0.147,0.26,0.19,0.251,0.323,0.213,0.252,0.172,0.138,0.204,0.251,0.281,0.184,0.199,0.236,0.151,0.431,0.82,0.179,1.0,0.152,0.176,0.153,0.355,0.433,0.244,0.164,0.202,0.214,0.213,0.345,0.211,0.199,0.304,0.322,0.367,0.164,0.532,0.378,0.194,0.204,0.405,0.531,0.17,0.157,0.204,0.271,0.217,0.257,0.224,0.175,0.272,0.179,0.222,0.235,0.227,0.131,0.233,0.192,0.206,0.093,0.158,0.19,0.163,0.602,0.22,0.15,0.165,1.0,0.158,0.176,0.231,1.0,0.22,0.157,0.189,0.232,0.375,0.264,0.186,0.328,0.194,0.509,0.605,0.134,0.231,0.104,0.301,0.216,0.156,0.249,0.191,0.139,0.161,0.186,0.484,1.0,0.439,0.337,0.238,0.219,0.181,0.254,0.226,0.186
0.096,0.062,0.224,0.148,0.126,0.078,0.581,0.095,0.14,0.235,0.2,0.212,0.086,0.064,0.097,0.135,0.134,0.106,0.113,0.381,0.181,0.581,0.104,0.103,0.134,0.036,0.166,0.103,0.146,0.179,0.085,0.139,0.564,0.169,0.148,0.256,0.168,0.227,0.185,0.118,0.161,0.092,0.116,0.125,0.157,0.163,0.07,0.149,0.154,0.375,0.115,0.063,0.155,0.28,0.315,0.098,0.168,0.124,0.123,0.155,0.205,0.065,0.166,0.142,0.14,0.302,0.218,0.344,1.0,0.171,0.333,0.157,0.105,0.145,0.163,0.131,0.366,0.246,0.288,0.155,0.133,0.181,0.235,0.1,0.189,0.115,0.235,0.158,0.053,0.202,0.211,0.265,0.264,0.287,0.17,0.279,0.156,0.19,0.178,0.205,0.223,0.065,0.155,0.122,0.175,0.233,0.211,0.159,0.176,0.131,0.125,0.166,0.228,0.176,0.131,0.088,0.164,0.03,0.166,0.097,0.179,0.103,0.16,0.115,0.128,0.082,0.207,0.067,0.132,0.133,0.147,0.085,0.279,0.164,0.145,0.202,0.095,0.108,0.175,0.109,0.225,0.235,0.153,0.106,0.14,0.114,0.139,0.155,0.283,0.215,0.279,0.117,0.235,0.203,0.075,0.154,0.126,0.186,0.526,0.06,0.132,0.31,0.19,0.459,0.182,0.138,0.117,0.19,0.13,0.211,0.148,0.061,0.121,0.176,0.278,0.06,0.066,0.146,0.103,0.117,0.173,0.058,0.24,0.116,0.167,0.122,0.114,0.156,0.127,0.093,0.279,0.155,0.107,0.142,0.186,0.086,0.104,0.251,0.373,0.124,0.135,0.112,0.142,0.155,0.255,0.285,0.171,0.152,0.232,0.201,0.087,0.142,0.184,0.104,0.211,0.235,0.19,0.069,0.241,0.143,0.117,0.208,0.188,0.252,0.172,0.1,0.107,0.143,0.111,0.082,0.112,0.082,0.124,0.074,0.199,0.249,0.165,0.15,0.068,0.178,0.099,0.048,0.091,0.151,0.164,0.136,0.299,0.1,0.213,0.135,0.138,0.199,0.172,0.135,0.072,0.134,0.084,0.145,0.222,0.167,0.062,0.198,0.074,0.267,0.293,0.053,0.15,0.112,0.205,0.081,0.171,0.166,0.159,0.127,0.19,0.198,0.238,0.135,0.19,0.166,0.165,0.38,0.11,0.109,0.414,0.129
0.181,0.085,0.274,0.242,0.131,0.192,0.187,0.091,0.138,0.233,0.218,0.203,0.119,0.165,0.154,0.199,0.168,0.143,0.187,0.203,0.179,0.187,0.459,0.112,0.179,0.049,0.177,0.16,0.135,0.295,0.236,0.164,0.182,0.179,0.349,0.272,0.187,0.27,0.227,0.15,0.207,0.138,0.148,0.145,0.154,0.239,0.094,0.176,0.285,0.198,0.107,0.075,0.158,0.25,0.208,0.313,0.161,0.181,0.17,0.147,0.202,0.067,0.233,0.44,0.295,0.304,0.293,0.223,0.171,1.0,0.209,0.151,0.244,0.591,0.239,0.348,0.351,0.181,0.162,0.284,0.14,0.214,0.233,0.136,0.218,0.154,0.233,0.271,0.103,0.263,0.216,0.262,0.183,0.235,0.169,0.279,0.205,0.191,0.242,0.418,0.22,0.087,0.293,0.135,0.173,0.236,0.187,0.171,0.329,0.237,0.149,0.159,0.258,0.195,0.173,0.124,0.187,0.043,0.2,0.128,0.18,0.141,0.241,0.137,0.119,0.086,0.222,0.068,0.184,0.176,0.481,0.115,0.279,0.13,0.591,0.231,0.121,0.128,0.241,0.117,0.202,0.233,0.205,0.145,0.227,0.144,0.203,0.169,0.294,0.362,0.279,0.209,0.233,0.184,0.139,0.15,0.124,0.202,0.242,0.077,0.167,0.206,0.197,0.271,0.174,0.392,0.142,0.29,0.148,0.126,0.192,0.066,0.206,0.157,0.194,0.077,0.065,0.243,0.117,0.345,0.15,0.069,0.17,0.151,0.177,0.159,0.171,0.168,0.168,0.088,0.279,0.169,0.144,0.146,0.277,0.294,0.186,0.256,0.249,0.149,0.199,0.14,0.192,0.289,0.261,0.163,0.256,0.186,0.249,0.196,0.19,0.204,0.217,0.163,0.15,0.184,0.176,0.081,0.233,0.197,0.172,0.2,0.151,0.295,0.172,0.11,0.125,0.148,0.118,0.204,0.172,0.096,0.116,0.095,0.187,0.167,0.159,0.233,0.124,0.171,0.125,0.126,0.089,0.186,0.153,0.173,0.27,0.1,0.163,0.199,0.348,0.285,0.187,0.199,0.096,0.288,0.106,0.247,0.18,0.239,0.085,0.494,0.078,0.202,0.271,0.157,0.153,0.14,0.205,0.146,0.212,0.207,0.229,0.378,0.193,0.197,0.271,0.199,0.156,0.152,0.159,0.18,0.146,0.161,0.131,0.214
0.146,0.164,0.37,0.267,0.222,0.135,0.308,0.143,0.21,0.784,0.325,0.242,0.197,0.17,0.223,0.329,0.243,0.233,0.283,0.329,0.284,0.308,0.35,0.143,0.272,0.126,0.235,0.24,0.216,0.282,0.136,0.283,0.363,0.334,0.228,0.366,0.34,0.349,0.184,0.13,0.315,0.228,0.251,0.187,0.312,0.208,0.329,0.273,0.237,0.354,0.301,0.102,0.168,0.269,0.274,0.105,0.251,0.415,0.222,0.545,0.292,0.228,0.185,0.136,0.608,0.356,0.346,0.35,0.333,0.209,1.0,0.287,0.239,0.173,0.208,0.241,0.32,0.238,0.275,0.245,0.38,0.37,0.784,0.14,0.209,0.187,0.64,0.228,0.157,0.281,0.232,0.238,0.238,0.25,0.274,0.744,0.357,0.288,0.275,0.313,0.338,0.186,0.268,0.194,0.356,0.36,0.33,0.276,0.413,0.302,0.164,0.258,0.216,0.221,0.445,0.114,0.278,0.061,0.282,0.174,0.31,0.222,0.173,0.22,0.351,0.213,0.195,0.195,0.293,0.155,0.251,0.223,0.744,0.245,0.173,0.245,0.301,0.288,0.304,0.184,0.209,0.784,0.358,0.215,0.174,0.195,0.241,0.253,0.416,0.326,0.744,0.307,0.784,0.3,0.253,0.293,0.315,0.407,0.436,0.107,0.16,0.219,0.209,0.637,0.204,0.287,0.148,0.182,0.353,0.198,0.227,0.118,0.206,0.156,0.211,0.126,0.079,0.213,0.24,0.169,0.256,0.247,0.196,0.281,0.276,0.147,0.318,0.259,0.308,0.199,0.744,0.324,0.151,0.21,0.225,0.156,0.177,0.25,0.521,0.277,0.329,0.254,0.323,0.293,0.293,0.248,0.263,0.319,0.291,0.556,0.218,0.242,0.291,0.252,0.227,0.362,0.25,0.173,0.35,0.25,0.202,0.394,0.195,0.366,0.282,0.124,0.236,0.263,0.154,0.167,0.146,0.198,0.199,0.134,0.214,0.258,0.337,0.314,0.165,0.22,0.171,0.214,0.17,0.285,0.286,0.198,0.249,0.191,0.334,0.329,0.234,0.345,0.359,0.329,0.16,0.219,0.12,0.265,0.365,0.415,0.164,0.22,0.251,0.249,0.411,0.209,0.218,0.229,0.288,0.288,0.201,0.246,0.359,0.176,0.284,0.335,0.341,0.329,0.209,0.161,0.27,0.221,0.124,0.189,0.17,0.269
0.113,0.226,0.415,0.155,0.178,0.127,0.091,0.253,0.183,0.815,0.37,0.202,0.232,0.114,0.24,0.224,0.239,0.226,0.244,0.166,0.185,0.091,0.313,0.205,0.319,0.124,0.213,0.251,0.169,0.273,0.144,0.372,0.116,0.285,0.233,0.355,0.196,0.32,0.084,0.13,0.222,0.193,0.219,0.166,0.375,0.266,0.248,0.149,0.315,0.273,0.275,0.125,0.11,0.061,0.1,0.147,0.361,0.45,0.253,0.627,0.437,0.242,0.174,0.186,0.531,0.467,0.31,0.179,0.157,0.151,0.287,1.0,0.313,0.233,0.266,0.315,0.113,0.206,0.115,0.279,0.442,0.278,0.815,0.129,0.145,0.413,0.815,0.137,0.104,0.078,0.221,0.222,0.207,0.258,0.243,0.915,0.323,0.403,0.336,0.306,0.488,0.202,0.238,0.224,0.495,0.508,0.353,0.222,0.349,0.166,0.162,0.209,0.14,0.221,0.25,0.111,0.322,0.122,0.328,0.297,0.235,0.319,0.162,0.244,0.592,0.221,0.095,0.213,0.287,0.203,0.323,0.221,0.915,0.224,0.233,0.199,0.287,0.163,0.34,0.273,0.129,0.815,0.403,0.313,0.139,0.318,0.181,0.319,0.093,0.298,0.915,0.255,0.815,0.305,0.169,0.309,0.36,0.33,0.116,0.141,0.182,0.259,0.16,0.171,0.145,0.327,0.201,0.183,0.293,0.238,0.378,0.131,0.217,0.171,0.177,0.114,0.109,0.19,0.246,0.103,0.224,0.23,0.141,0.237,0.251,0.162,0.268,0.334,0.245,0.281,0.915,0.348,0.149,0.158,0.26,0.148,0.195,0.115,0.134,0.197,0.224,0.244,0.327,0.369,0.198,0.156,0.351,0.347,0.269,0.736,0.212,0.208,0.338,0.278,0.175,0.295,0.094,0.183,0.15,0.224,0.191,0.559,0.123,0.148,0.44,0.144,0.284,0.105,0.128,0.198,0.094,0.23,0.152,0.12,0.141,0.292,0.319,0.322,0.144,0.224,0.19,0.157,0.205,0.321,0.387,0.229,0.233,0.261,0.203,0.224,0.32,0.359,0.272,0.224,0.163,0.272,0.148,0.161,0.202,0.2,0.226,0.154,0.364,0.138,0.171,0.139,0.285,0.238,0.247,0.197,0.262,0.218,0.363,0.195,0.346,0.471,0.137,0.224,0.116,0.126,0.238,0.221,0.119,0.113,0.101,0.272
0.162,0.308,0.343,0.29,0.166,0.144,0.085,0.156,0.147,0.674,0.324,0.254,0.276,0.212,0.264,0.38,0.184,0.222,0.23,0.163,0.151,0.085,0.362,0.153,0.276,0.082,0.249,0.281,0.186,0.261,0.204,0.283,0.093,0.319,0.253,0.305,0.224,0.285,0.071,0.136,0.196,0.207,0.19,0.158,0.386,0.244,0.321,0.223,0.367,0.194,0.264,0.068,0.104,0.052,0.083,0.168,0.292,0.321,0.302,0.438,0.354,0.217,0.161,0.233,0.386,0.392,0.355,0.195,0.105,0.244,0.239,0.313,1.0,0.444,0.244,0.346,0.108,0.198,0.105,0.28,0.362,0.371,0.674,0.129,0.12,0.211,0.674,0.102,0.13,0.052,0.183,0.2,0.211,0.209,0.173,0.795,0.253,0.408,0.251,0.363,0.39,0.315,0.359,0.142,0.41,0.41,0.318,0.228,0.312,0.245,0.148,0.159,0.098,0.158,0.275,0.107,0.241,0.082,0.23,0.103,0.251,0.269,0.119,0.236,0.404,0.213,0.084,0.158,0.309,0.148,0.396,0.273,0.795,0.227,0.444,0.192,0.27,0.256,0.276,0.236,0.094,0.674,0.313,0.208,0.1,0.246,0.143,0.338,0.061,0.38,0.795,0.404,0.674,0.255,0.259,0.285,0.413,0.312,0.096,0.176,0.147,0.172,0.116,0.143,0.191,0.373,0.124,0.153,0.204,0.187,0.277,0.066,0.18,0.112,0.179,0.13,0.065,0.152,0.222,0.149,0.231,0.149,0.112,0.229,0.288,0.153,0.332,0.258,0.269,0.23,0.795,0.336,0.174,0.174,0.309,0.125,0.211,0.104,0.104,0.253,0.38,0.222,0.286,0.424,0.217,0.125,0.32,0.342,0.302,0.575,0.237,0.252,0.343,0.467,0.177,0.262,0.086,0.16,0.118,0.281,0.303,0.431,0.104,0.112,0.35,0.104,0.234,0.135,0.093,0.323,0.078,0.236,0.117,0.173,0.095,0.192,0.298,0.464,0.128,0.23,0.176,0.262,0.158,0.317,0.306,0.215,0.177,0.191,0.273,0.38,0.375,0.294,0.24,0.38,0.311,0.273,0.172,0.296,0.216,0.239,0.308,0.198,0.236,0.097,0.143,0.183,0.183,0.274,0.247,0.283,0.2,0.185,0.435,0.324,0.298,0.386,0.102,0.38,0.112,0.116,0.22,0.15,0.102,0.106,0.079,0.261
0.059,0.059,0.279,0.09,0.17,0.101,0.095,0.159,0.283,0.233,0.279,0.194,0.126,0.098,0.611,0.15,0.168,1.0,0.15,0.178,0.159,0.095,0.273,0.22,0.196,0.036,0.122,0.196,0.102,0.421,0.1,0.196,0.119,0.233,0.762,0.279,0.304,0.279,0.07,0.152,0.171,0.181,0.154,0.107,0.279,0.178,0.068,0.145,0.43,0.205,0.279,0.069,0.1,0.053,0.131,1.0,0.233,0.116,0.376,0.147,0.279,0.125,0.165,0.762,0.295,0.304,0.591,0.15,0.145,0.591,0.173,0.233,0.444,1.0,0.178,1.0,0.112,0.319,0.112,1.0,0.233,0.376,0.233,0.127,0.298,0.15,0.233,0.078,0.058,0.044,0.376,0.304,0.319,0.291,0.147,0.279,0.181,0.279,0.231,1.0,0.279,0.073,0.712,0.21,0.376,0.279,0.233,0.279,1.0,0.075,0.224,0.168,0.208,0.376,0.259,0.1,0.156,0.029,0.165,0.151,0.291,0.132,0.165,0.196,0.145,0.138,0.084,0.125,0.421,0.198,0.591,0.135,0.279,0.233,1.0,0.231,0.198,0.111,0.231,0.185,0.192,0.233,0.196,0.138,0.131,0.128,0.133,0.376,0.049,0.591,0.279,0.591,0.233,0.298,0.096,0.279,0.279,0.307,0.105,0.071,0.194,0.376,0.184,0.112,0.122,0.591,0.165,0.189,0.363,0.198,0.168,0.069,0.148,0.171,0.174,0.089,0.123,0.165,0.21,0.494,0.291,0.138,0.181,0.21,0.376,0.165,0.295,0.196,0.279,0.117,0.279,0.279,0.178,0.226,0.283,0.107,0.128,0.106,0.083,0.376,0.15,0.147,0.233,0.489,0.591,0.124,0.279,0.233,1.0,0.196,0.259,0.178,0.279,0.494,0.176,0.279,0.087,0.132,0.092,0.178,0.444,0.279,0.112,0.084,0.233,0.175,0.169,0.08,0.128,0.1,0.082,0.196,0.181,0.085,0.245,0.184,0.376,0.489,0.101,0.762,0.181,0.045,0.181,0.231,0.233,0.15,0.304,0.168,0.139,0.15,0.444,0.527,0.233,0.15,0.092,0.43,0.112,0.11,0.22,0.267,0.059,1.0,0.138,0.109,0.112,0.055,0.207,0.17,0.164,0.096,0.165,0.152,0.444,0.485,0.494,0.279,0.078,0.15,0.112,0.133,0.21,0.376,0.103,0.1,0.083,0.231
0.205,0.205,0.469,0.278,0.274,0.298,0.237,0.132,0.281,0.266,0.388,0.349,0.125,0.211,0.254,0.467,0.244,0.543,0.467,0.543,0.311,0.237,0.094,0.338,0.349,0.108,0.268,0.254,0.266,0.285,0.259,0.281,0.206,0.543,0.284,0.311,0.323,0.311,0.257,0.403,0.311,0.153,0.227,0.137,0.28,0.543,0.213,0.306,0.221,0.428,0.28,0.187,0.294,0.168,0.242,0.178,0.266,0.138,0.28,0.237,0.28,0.171,0.403,0.226,0.168,0.323,0.311,0.467,0.163,0.239,0.208,0.266,0.244,0.178,1.0,0.357,0.311,0.268,0.311,0.2,0.266,0.788,0.266,0.388,0.349,0.467,0.266,0.274,0.168,0.134,0.263,0.543,0.428,0.39,0.246,0.28,0.235,0.28,0.263,0.231,0.28,0.221,0.428,0.321,0.403,0.28,0.428,0.349,0.263,0.253,0.469,0.179,0.274,0.281,0.543,0.334,0.253,0.116,0.469,0.154,0.3,0.211,0.194,0.469,0.167,0.193,0.311,0.136,0.311,0.152,0.178,0.306,0.28,0.323,0.178,0.388,0.278,0.306,0.263,0.132,0.311,0.266,0.254,0.301,0.196,0.161,0.224,0.39,0.178,0.311,0.28,0.28,0.266,0.311,0.306,0.306,0.28,0.306,0.243,0.211,0.469,0.263,0.219,0.311,0.321,0.254,0.194,0.278,0.23,0.231,0.244,0.169,0.278,0.184,0.21,0.185,0.153,0.469,0.342,0.357,0.428,0.193,0.311,0.388,0.311,0.469,0.788,0.334,0.349,0.14,0.28,0.28,1.0,0.237,0.285,0.334,0.191,0.357,0.242,0.306,0.467,0.237,0.266,0.28,0.428,0.373,0.334,0.266,0.323,0.254,0.177,1.0,0.3,0.357,0.388,0.311,0.259,0.178,0.286,1.0,0.263,0.28,0.311,0.311,0.266,0.294,0.284,0.253,0.256,0.259,0.298,0.254,0.311,0.136,0.246,0.186,0.311,0.28,0.183,0.543,0.403,0.117,0.138,0.428,0.266,0.467,0.323,0.179,0.306,0.467,0.221,0.266,0.266,0.467,0.53,0.221,0.311,0.3,1.0,1.0,0.205,0.357,0.177,0.311,0.311,0.167,0.349,0.166,0.357,0.306,0.194,0.403,0.403,0.21,0.357,0.28,0.274,0.467,0.311,0.428,0.311,0.263,0.271,0.294,0.242,0.273
0.116,0.193,0.402,0.168,0.179,0.157,0.107,0.184,0.186,0.769,0.371,0.226,0.242,0.183,0.299,0.329,0.3,0.253,0.244,0.215,0.207,0.107,0.464,0.19,0.322,0.066,0.226,0.442,0.156,0.307,0.183,0.318,0.116,0.346,0.391,0.358,0.236,0.337,0.091,0.172,0.254,0.249,0.225,0.118,0.325,0.357,0.233,0.207,0.532,0.261,0.253,0.08,0.121,0.065,0.112,0.394,0.329,0.409,0.297,0.532,0.399,0.163,0.213,0.434,0.817,0.348,0.366,0.201,0.131,0.348,0.241,0.315,0.346,1.0,0.357,1.0,0.138,0.213,0.129,0.614,0.338,0.336,0.769,0.156,0.221,0.194,0.627,0.155,0.09,0.075,0.245,0.252,0.226,0.288,0.228,0.73,0.283,0.377,0.301,0.48,0.444,0.228,0.355,0.166,0.417,0.466,0.348,0.258,0.495,0.23,0.195,0.182,0.15,0.238,0.343,0.124,0.198,0.061,0.315,0.117,0.205,0.258,0.174,0.289,0.364,0.141,0.109,0.152,0.349,0.271,0.423,0.221,0.73,0.239,1.0,0.207,0.269,0.212,0.289,0.213,0.142,0.769,0.367,0.27,0.118,0.227,0.127,0.356,0.093,0.383,0.73,0.332,0.769,0.295,0.19,0.254,0.44,0.287,0.118,0.116,0.196,0.275,0.138,0.2,0.173,0.434,0.162,0.177,0.301,0.249,0.304,0.074,0.213,0.147,0.169,0.096,0.088,0.167,0.223,0.446,0.235,0.104,0.149,0.237,0.265,0.193,0.419,0.302,0.285,0.187,0.73,0.315,0.205,0.209,0.314,0.144,0.218,0.136,0.147,0.23,0.329,0.281,0.34,0.429,0.259,0.154,0.363,0.386,0.456,0.545,0.366,0.249,0.336,0.383,0.175,0.287,0.109,0.16,0.172,0.263,0.304,0.466,0.123,0.173,0.352,0.14,0.239,0.139,0.116,0.199,0.098,0.204,0.164,0.115,0.153,0.246,0.294,0.376,0.192,0.241,0.224,0.197,0.209,0.326,0.373,0.23,0.234,0.205,0.236,0.329,0.47,0.44,0.306,0.329,0.149,0.47,0.148,0.183,0.252,0.277,0.193,0.587,0.179,0.124,0.2,0.15,0.227,0.257,0.216,0.208,0.237,0.226,0.556,0.3,0.412,0.422,0.155,0.329,0.126,0.153,0.258,0.241,0.124,0.116,0.103,0.264
0.255,0.12,0.309,0.252,0.178,0.118,0.363,0.077,0.188,0.171,0.194,0.172,0.068,0.102,0.137,0.264,0.212,0.127,0.173,0.508,0.299,0.363,0.068,0.128,0.16,0.066,0.272,0.1,0.256,0.194,0.143,0.187,0.348,0.194,0.134,0.397,0.154,0.296,0.404,0.199,0.257,0.07,0.159,0.144,0.113,0.311,0.129,0.162,0.124,0.537,0.098,0.096,0.307,0.476,0.591,0.091,0.135,0.091,0.089,0.134,0.168,0.069,0.305,0.109,0.107,0.199,0.285,0.652,0.366,0.351,0.32,0.113,0.108,0.112,0.311,0.138,1.0,0.167,0.509,0.164,0.112,0.123,0.171,0.186,0.324,0.212,0.171,0.351,0.091,0.336,0.22,0.261,0.172,0.262,0.223,0.191,0.259,0.141,0.136,0.142,0.172,0.118,0.213,0.164,0.149,0.179,0.263,0.202,0.138,0.292,0.181,0.228,0.457,0.207,0.162,0.168,0.244,0.063,0.252,0.148,0.177,0.115,0.229,0.156,0.104,0.075,0.454,0.067,0.14,0.103,0.109,0.103,0.191,0.112,0.112,0.158,0.086,0.122,0.217,0.072,0.382,0.171,0.133,0.117,0.252,0.088,0.21,0.137,0.4,0.299,0.191,0.099,0.171,0.24,0.136,0.125,0.103,0.185,0.588,0.105,0.223,0.162,0.25,1.0,0.332,0.14,0.101,0.212,0.128,0.103,0.175,0.081,0.118,0.168,0.106,0.074,0.068,0.318,0.137,0.294,0.175,0.058,0.266,0.161,0.22,0.216,0.143,0.172,0.125,0.078,0.191,0.183,0.187,0.167,0.156,0.138,0.139,0.469,0.82,0.132,0.264,0.1,0.115,0.108,0.3,0.423,0.157,0.128,0.185,0.156,0.093,0.286,0.212,0.123,0.232,0.294,0.374,0.083,0.532,0.271,0.109,0.158,0.338,0.531,0.131,0.113,0.101,0.251,0.167,0.138,0.246,0.079,0.196,0.076,0.257,0.232,0.188,0.13,0.089,0.137,0.142,0.078,0.066,0.137,0.125,0.222,0.251,0.085,0.121,0.264,0.098,0.193,0.211,0.264,0.114,0.126,0.142,0.241,0.272,0.225,0.12,0.353,0.077,0.496,0.605,0.095,0.15,0.089,0.311,0.15,0.126,0.281,0.155,0.108,0.121,0.15,0.484,0.264,0.344,0.286,0.234,0.208,0.196,0.227,0.185,0.117
0.1,0.107,0.294,0.175,0.196,0.182,0.211,0.134,0.288,0.349,0.301,0.241,0.19,0.271,0.185,0.245,0.161,0.285,0.173,0.255,0.261,0.211,0.238,0.166,0.184,0.164,0.39,0.212,0.167,0.319,0.15,0.203,0.181,0.278,0.247,0.308,0.45,0.262,0.149,0.136,0.274,0.204,0.18,0.177,0.313,0.268,0.173,0.406,0.212,0.248,0.263,0.074,0.177,0.102,0.158,0.187,0.207,0.303,0.265,0.268,0.241,0.126,0.214,0.228,0.222,0.771,0.273,0.176,0.246,0.181,0.238,0.206,0.198,0.319,0.268,0.213,0.167,1.0,0.163,0.23,0.198,0.378,0.349,0.142,0.269,0.134,0.349,0.203,0.106,0.489,0.301,0.315,0.91,0.261,0.162,0.392,0.192,0.244,0.294,0.276,0.252,0.102,0.317,0.237,0.362,0.256,0.325,0.332,0.294,0.303,0.216,0.176,0.228,0.312,0.231,0.115,0.38,0.054,0.198,0.198,0.346,0.149,0.201,0.268,0.22,0.195,0.168,0.109,0.284,0.28,0.195,0.202,0.392,0.237,0.319,0.334,0.232,0.263,0.3,0.206,0.26,0.349,0.207,0.203,0.168,0.153,0.188,0.362,0.27,0.269,0.392,0.4,0.349,0.393,0.172,0.325,0.259,0.276,0.177,0.076,0.224,0.313,0.221,0.432,0.211,0.226,0.163,0.207,0.195,0.224,0.187,0.073,0.234,0.231,0.278,0.101,0.097,0.19,0.281,0.123,0.298,0.13,0.231,0.244,0.314,0.157,0.187,0.22,0.246,0.113,0.392,0.223,0.173,0.317,0.232,0.131,0.228,0.214,0.375,0.323,0.245,0.289,0.28,0.316,0.274,0.197,0.231,0.208,0.592,0.315,0.184,0.187,0.329,0.229,0.311,0.308,0.185,0.205,0.375,0.187,0.261,0.261,0.169,0.525,0.231,0.266,0.223,0.202,0.128,0.142,0.107,0.258,0.174,0.189,0.188,0.197,0.341,0.384,0.123,0.62,0.168,0.24,0.184,0.407,0.203,0.151,0.295,0.206,0.287,0.245,0.216,0.244,0.214,0.245,0.209,0.19,0.141,0.177,0.224,0.26,0.107,0.186,0.155,0.203,0.432,0.274,0.257,0.181,0.246,0.228,0.26,0.21,0.308,0.186,0.277,0.254,0.475,0.245,0.19,0.167,0.251,0.331,0.106,0.197,0.144,0.281
0.128,0.12,0.214,0.192,0.222,0.124,0.281,0.068,0.182,0.171,0.199,0.206,0.067,0.093,0.131,0.253,0.144,0.287,0.163,0.474,0.284,0.281,0.068,0.241,0.201,0.494,0.195,0.094,0.348,0.189,0.127,0.185,0.383,0.243,0.157,0.313,0.145,0.251,0.277,0.282,0.209,0.115,0.29,0.151,0.139,0.311,0.129,0.152,0.107,0.431,0.101,0.152,0.271,0.297,0.458,0.16,0.312,0.091,0.096,0.134,0.191,0.072,0.31,0.095,0.107,0.199,0.296,0.527,0.288,0.162,0.275,0.115,0.105,0.112,0.311,0.129,0.509,0.163,1.0,0.187,0.108,0.118,0.171,0.27,0.303,0.2,0.171,0.23,0.148,0.229,0.148,0.197,0.169,0.175,0.206,0.191,0.135,0.164,0.121,0.14,0.147,0.11,0.249,0.186,0.189,0.153,0.233,0.244,0.126,0.152,0.232,0.219,0.306,0.246,0.151,0.165,0.21,0.083,0.208,0.086,0.192,0.103,0.167,0.236,0.104,0.109,0.357,0.067,0.155,0.103,0.097,0.121,0.191,0.176,0.112,0.143,0.088,0.112,0.189,0.077,0.36,0.171,0.12,0.108,0.144,0.079,0.165,0.138,0.288,0.344,0.191,0.098,0.171,0.228,0.12,0.143,0.103,0.159,0.447,0.105,0.184,0.138,0.315,1.0,0.278,0.123,0.125,0.158,0.23,0.122,0.109,0.165,0.174,0.135,0.093,0.134,0.136,0.255,0.207,0.243,0.199,0.078,0.338,0.214,0.21,0.366,0.132,0.166,0.162,0.073,0.191,0.213,0.243,0.193,0.137,0.126,0.102,0.513,0.82,0.13,0.253,0.124,0.116,0.182,0.33,0.375,0.141,0.116,0.196,0.156,0.089,0.22,0.256,0.135,0.278,0.368,0.327,0.231,0.532,0.224,0.109,0.145,0.405,0.531,0.149,0.14,0.174,0.226,0.168,0.126,0.246,0.259,0.25,0.073,0.21,0.181,0.199,0.129,0.093,0.181,0.232,0.078,0.106,0.192,0.112,0.199,0.163,0.233,0.111,0.253,0.129,0.157,0.204,0.253,0.106,0.114,0.183,0.185,0.242,0.187,0.12,0.224,0.094,0.425,0.605,0.088,0.2,0.121,0.241,0.128,0.126,0.282,0.153,0.107,0.128,0.136,0.484,0.253,0.454,0.25,0.298,0.176,0.232,0.29,0.14,0.116
0.115,0.194,0.362,0.167,0.213,0.141,0.131,0.303,0.231,0.693,0.367,0.234,0.273,0.163,0.273,0.151,0.293,0.31,0.259,0.177,0.245,0.131,0.461,0.2,0.276,0.244,0.312,0.387,0.202,0.279,0.15,0.347,0.136,0.275,0.376,0.343,0.229,0.392,0.169,0.162,0.278,0.313,0.283,0.247,0.401,0.2,0.212,0.199,0.323,0.308,0.275,0.09,0.18,0.103,0.147,0.351,0.323,0.649,0.266,0.529,0.345,0.181,0.215,0.317,0.47,0.377,0.412,0.168,0.155,0.284,0.245,0.279,0.28,1.0,0.2,0.614,0.164,0.23,0.187,1.0,0.32,0.317,0.693,0.147,0.222,0.133,0.693,0.133,0.108,0.128,0.233,0.193,0.226,0.257,0.357,0.782,0.296,0.325,0.388,0.423,0.402,0.118,0.377,0.211,0.429,0.42,0.356,0.279,0.443,0.178,0.204,0.342,0.19,0.261,0.243,0.172,0.21,0.046,0.349,0.141,0.281,0.258,0.188,0.257,0.488,0.146,0.17,0.193,0.326,0.265,0.436,0.194,0.782,0.248,1.0,0.176,0.272,0.172,0.427,0.3,0.312,0.693,0.383,0.296,0.139,0.322,0.173,0.303,0.139,0.387,0.782,0.28,0.693,0.286,0.144,0.312,0.416,0.333,0.153,0.101,0.152,0.265,0.263,0.222,0.166,0.409,0.147,0.172,0.276,0.29,0.281,0.101,0.253,0.171,0.159,0.109,0.102,0.172,0.341,0.218,0.271,0.113,0.258,0.371,0.272,0.211,0.288,0.32,0.262,0.167,0.782,0.321,0.193,0.261,0.225,0.116,0.204,0.212,0.208,0.206,0.151,0.28,0.328,0.453,0.257,0.179,0.3,0.352,0.378,0.622,0.209,0.178,0.334,0.353,0.221,0.29,0.177,0.26,0.191,0.189,0.297,0.498,0.156,0.234,0.35,0.151,0.303,0.186,0.126,0.148,0.162,0.283,0.225,0.108,0.248,0.357,0.34,0.354,0.164,0.244,0.274,0.197,0.247,0.354,0.313,0.222,0.197,0.308,0.216,0.151,0.364,0.441,0.313,0.151,0.114,0.285,0.14,0.171,0.199,0.263,0.194,0.414,0.191,0.161,0.222,0.136,0.282,0.262,0.334,0.16,0.235,0.319,0.376,0.25,0.327,0.392,0.22,0.151,0.175,0.13,0.395,0.236,0.144,0.196,0.142,0.235
0.142,0.226,0.427,0.181,0.208,0.163,0.091,0.265,0.215,1.0,0.408,0.268,0.312,0.165,0.412,0.334,0.284,0.24,0.353,0.173,0.246,0.091,0.374,0.188,0.451,0.077,0.246,0.39,0.187,0.305,0.207,0.38,0.106,0.409,0.217,0.399,0.283,0.376,0.079,0.139,0.403,0.349,0.315,0.14,0.393,0.266,0.248,0.207,0.376,0.308,0.409,0.082,0.108,0.057,0.094,0.152,0.38,0.55,0.293,0.769,0.45,0.368,0.167,0.154,0.648,0.45,0.406,0.214,0.133,0.14,0.38,0.442,0.362,0.233,0.266,0.338,0.112,0.198,0.108,0.32,1.0,0.363,1.0,0.136,0.137,0.219,0.815,0.137,0.196,0.078,0.195,0.223,0.204,0.245,0.293,0.915,0.528,0.467,0.361,0.355,0.516,0.275,0.31,0.154,0.599,0.543,0.392,0.27,0.369,0.215,0.163,0.228,0.125,0.201,0.332,0.108,0.342,0.076,0.376,0.199,0.279,0.367,0.142,0.259,0.484,0.324,0.09,0.386,0.382,0.203,0.38,0.209,0.915,0.281,0.233,0.203,0.508,0.26,0.351,0.295,0.118,1.0,0.553,0.309,0.113,0.303,0.212,0.359,0.093,0.328,0.915,0.339,1.0,0.319,0.23,0.363,0.556,0.367,0.107,0.151,0.172,0.216,0.14,0.171,0.179,0.389,0.145,0.166,0.299,0.245,0.344,0.081,0.258,0.14,0.145,0.166,0.086,0.239,0.262,0.106,0.271,0.277,0.124,0.321,0.283,0.156,0.343,0.345,0.349,0.459,0.915,0.375,0.164,0.163,0.275,0.137,0.268,0.113,0.134,0.259,0.334,0.295,0.45,0.403,0.26,0.158,0.428,0.5,0.29,0.736,0.295,0.232,0.381,0.36,0.172,0.348,0.091,0.18,0.15,0.245,0.275,0.574,0.104,0.148,0.419,0.127,0.28,0.143,0.107,0.287,0.084,0.238,0.229,0.195,0.127,0.306,0.363,0.389,0.2,0.199,0.317,0.209,0.316,0.389,0.444,0.275,0.21,0.28,0.236,0.334,0.317,0.445,0.394,0.334,0.216,0.348,0.16,0.191,0.187,0.234,0.226,0.141,0.403,0.112,0.171,0.171,0.269,0.323,0.29,0.239,0.262,0.249,0.486,0.223,0.393,0.499,0.137,0.334,0.113,0.128,0.274,0.196,0.115,0.111,0.088,0.306
0.116,0.272,0.344,0.231,0.219,0.237,0.126,0.187,0.261,0.915,0.335,0.385,0.275,0.272,0.33,0.38,0.212,0.283,0.265,0.22,0.323,0.126,0.733,0.181,0.366,0.082,0.256,0.376,0.154,0.293,0.188,0.278,0.146,0.578,0.237,0.308,0.504,0.333,0.091,0.148,0.34,0.313,0.316,0.15,0.403,0.428,0.498,0.458,0.332,0.258,0.352,0.091,0.112,0.067,0.116,0.211,0.264,0.559,0.367,0.756,0.308,0.181,0.238,0.232,0.635,0.771,0.478,0.176,0.181,0.214,0.37,0.278,0.371,0.376,0.788,0.336,0.123,0.378,0.118,0.317,0.363,1.0,0.915,0.138,0.199,0.172,0.915,0.201,0.121,0.134,0.313,0.324,0.384,0.261,0.198,1.0,0.246,0.31,0.297,0.455,0.334,0.158,0.432,0.207,0.49,0.339,0.374,0.352,0.367,0.319,0.214,0.194,0.158,0.267,0.457,0.108,0.288,0.082,0.277,0.131,0.327,0.367,0.218,0.29,0.594,0.185,0.102,0.158,0.469,0.755,0.284,0.282,1.0,0.355,0.376,0.315,0.477,0.375,0.31,0.259,0.149,0.915,0.393,0.311,0.132,0.224,0.151,0.393,0.146,0.35,1.0,0.491,0.915,0.357,0.267,0.334,0.399,0.468,0.135,0.107,0.203,0.308,0.166,0.244,0.148,0.488,0.219,0.249,0.293,0.333,0.295,0.093,0.242,0.144,0.253,0.13,0.101,0.189,0.257,0.132,0.399,0.145,0.175,0.318,0.38,0.167,0.404,0.246,0.402,0.16,1.0,0.328,0.28,0.292,0.295,0.175,0.278,0.131,0.212,0.437,0.38,0.319,0.497,0.411,0.265,0.16,0.35,0.455,0.444,0.847,0.26,0.284,0.363,0.362,0.194,0.389,0.1,0.213,0.216,0.277,0.378,0.402,0.115,0.237,0.301,0.15,0.31,0.21,0.134,0.196,0.094,0.282,0.186,0.162,0.167,0.236,0.49,0.523,0.228,0.402,0.244,0.398,0.24,0.384,0.283,0.214,0.298,0.212,0.359,0.38,0.319,0.318,0.413,0.38,0.242,0.307,0.132,0.248,0.411,0.447,0.272,0.189,0.213,0.121,0.244,0.322,0.251,0.312,0.275,0.309,0.608,0.22,0.49,0.235,0.454,0.357,0.223,0.38,0.119,0.151,0.282,0.277,0.117,0.114,0.117,0.326
0.226,0.226,0.915,0.309,0.574,0.151,0.142,0.416,0.278,1.0,0.915,0.826,0.417,0.197,0.736,0.209,0.826,0.902,0.465,0.266,0.769,0.142,0.374,0.396,0.736,0.059,0.454,0.736,0.341,0.902,0.279,0.902,0.183,1.0,0.345,0.915,0.699,0.915,0.125,0.221,0.769,0.55,0.61,0.18,0.915,0.266,0.248,0.341,0.714,0.48,0.915,0.113,0.158,0.093,0.134,0.233,0.815,0.55,0.915,0.769,0.915,0.346,0.262,0.298,0.648,0.45,0.826,0.209,0.235,0.233,0.784,0.815,0.674,0.233,0.266,0.769,0.171,0.349,0.171,0.693,1.0,0.915,1.0,0.197,0.187,0.209,0.815,0.137,0.143,0.078,0.349,0.45,0.349,0.477,0.678,0.915,0.793,0.915,0.678,0.648,0.915,0.262,1.0,0.209,0.915,1.0,0.815,0.915,0.902,0.262,0.243,0.592,0.214,0.36,0.582,0.166,0.726,0.054,0.769,0.213,0.48,0.556,0.262,0.736,0.484,0.226,0.148,0.346,1.0,0.203,0.652,0.341,0.915,0.815,0.233,0.349,0.902,0.341,0.693,0.45,0.187,1.0,0.902,0.55,0.22,0.499,0.214,0.915,0.093,0.826,0.915,0.915,1.0,0.915,0.341,0.915,1.0,0.553,0.172,0.254,0.243,0.349,0.28,0.171,0.237,0.902,0.262,0.279,0.735,0.508,0.674,0.113,0.529,0.269,0.278,0.199,0.142,0.243,0.584,0.173,0.915,0.226,0.207,0.693,0.815,0.243,0.648,0.736,0.915,0.45,0.915,0.915,0.266,0.253,0.414,0.166,0.499,0.173,0.134,0.349,0.209,0.769,1.0,0.915,0.769,0.206,0.915,1.0,0.714,0.736,0.582,0.341,0.915,0.902,0.291,0.915,0.141,0.48,0.15,0.341,0.463,0.915,0.171,0.148,0.815,0.184,0.674,0.147,0.193,0.279,0.144,0.736,0.55,0.148,0.237,0.586,1.0,1.0,0.146,0.45,0.55,0.157,0.55,0.902,1.0,0.361,0.45,0.592,0.341,0.209,0.714,1.0,1.0,0.209,0.166,0.714,0.191,0.309,0.266,0.334,0.226,0.233,0.489,0.17,0.171,0.195,0.44,0.574,0.362,0.341,0.262,0.515,1.0,0.278,1.0,0.915,0.137,0.209,0.171,0.21,0.693,0.349,0.169,0.158,0.134,0.826
0.114,0.139,0.462,0.141,0.115,0.134,0.134,0.077,0.102,0.197,0.25,0.153,0.087,0.11,0.135,0.383,0.129,0.242,0.239,0.266,0.177,0.134,0.072,0.255,0.176,0.398,0.124,0.119,0.374,0.226,0.15,0.14,0.116,0.199,0.183,0.181,0.115,0.164,0.136,0.211,0.15,0.083,0.196,0.149,0.221,0.388,0.149,0.115,0.126,0.217,0.09,0.109,0.206,0.094,0.126,0.169,0.245,0.1,0.105,0.158,0.198,0.088,0.222,0.115,0.12,0.235,0.191,0.321,0.1,0.136,0.14,0.129,0.129,0.127,0.388,0.156,0.186,0.142,0.27,0.147,0.136,0.138,0.197,1.0,0.175,0.294,0.197,0.186,0.206,0.094,0.136,0.224,0.169,0.449,0.184,0.217,0.122,0.154,0.144,0.11,0.175,0.145,0.165,0.254,0.206,0.181,0.184,0.175,0.157,0.132,0.506,0.115,0.149,0.227,0.196,0.605,0.157,0.102,0.419,0.142,0.233,0.122,0.12,0.472,0.117,0.128,0.164,0.088,0.15,0.114,0.111,0.136,0.217,0.123,0.127,0.176,0.104,0.122,0.204,0.145,0.195,0.197,0.143,0.131,0.253,0.09,0.311,0.158,0.119,0.194,0.217,0.123,0.197,0.155,0.149,0.125,0.127,0.162,0.137,0.118,0.396,0.166,0.218,0.227,0.182,0.125,0.124,0.155,0.117,0.148,0.12,0.098,0.173,0.099,0.11,0.09,0.084,0.35,0.25,0.307,0.215,0.081,0.222,0.229,0.139,0.676,0.166,0.232,0.156,0.088,0.217,0.253,0.22,0.146,0.164,0.162,0.109,0.184,0.173,0.137,0.383,0.157,0.131,0.219,0.228,0.179,0.177,0.137,0.154,0.181,0.114,0.27,0.153,0.145,0.217,0.213,0.247,0.295,0.201,0.296,0.117,0.171,0.255,0.208,0.156,0.204,0.171,0.133,0.127,0.161,0.643,0.261,0.282,0.098,0.115,0.109,0.163,0.128,0.116,0.188,0.164,0.085,0.14,0.164,0.134,0.3,0.167,0.301,0.134,0.383,0.168,0.146,0.154,0.383,0.138,0.133,0.155,0.154,0.237,0.174,0.139,0.175,0.118,0.331,0.227,0.102,0.187,0.091,0.162,0.16,0.142,0.212,0.177,0.113,0.128,0.16,0.186,0.383,0.38,0.182,0.165,0.141,0.138,0.395,0.13,0.134
0.192,0.13,0.303,0.317,0.276,0.109,0.238,0.08,0.283,0.187,0.199,0.335,0.078,0.092,0.176,0.296,0.201,0.199,0.197,0.298,0.347,0.238,0.118,0.149,0.251,0.134,0.26,0.112,0.277,0.249,0.126,0.233,0.215,0.285,0.207,0.427,0.214,0.335,0.309,0.242,0.305,0.157,0.215,0.135,0.212,0.349,0.139,0.2,0.149,0.299,0.246,0.112,0.243,0.201,0.282,0.12,0.141,0.105,0.205,0.146,0.169,0.102,0.385,0.134,0.217,0.233,0.306,0.3,0.189,0.218,0.209,0.145,0.12,0.298,0.349,0.221,0.324,0.269,0.303,0.222,0.137,0.199,0.187,0.175,1.0,0.188,0.187,0.28,0.112,0.414,0.218,0.23,0.265,0.22,0.244,0.224,0.242,0.166,0.135,0.308,0.17,0.091,0.362,0.23,0.2,0.172,0.273,0.363,0.159,0.248,0.22,0.217,0.422,0.313,0.188,0.134,0.264,0.069,0.227,0.161,0.239,0.099,0.303,0.213,0.185,0.111,0.511,0.101,0.231,0.46,0.134,0.143,0.224,0.198,0.298,0.197,0.157,0.142,0.181,0.1,0.667,0.187,0.127,0.123,0.174,0.085,0.18,0.184,0.337,0.311,0.224,0.16,0.187,0.36,0.114,0.223,0.144,0.21,0.26,0.083,0.257,0.174,0.255,0.531,0.307,0.178,0.154,0.211,0.251,0.149,0.129,0.099,0.166,0.188,0.111,0.13,0.123,0.326,0.2,0.228,0.249,0.11,0.327,0.186,0.386,0.196,0.165,0.142,0.219,0.078,0.224,0.188,0.318,0.286,0.153,0.122,0.105,0.462,0.458,0.173,0.296,0.126,0.145,0.167,0.317,0.268,0.167,0.139,0.277,0.169,0.09,0.243,0.302,0.258,0.272,0.287,0.242,0.147,0.471,0.218,0.2,0.167,0.264,0.746,0.142,0.2,0.13,0.352,0.194,0.124,0.161,0.16,0.295,0.074,0.33,0.195,0.283,0.202,0.092,0.267,0.242,0.091,0.115,0.194,0.134,0.195,0.189,0.129,0.122,0.296,0.182,0.201,0.213,0.296,0.108,0.15,0.266,0.295,0.262,0.278,0.13,0.291,0.098,0.346,0.531,0.074,0.267,0.131,0.324,0.116,0.588,0.364,0.228,0.209,0.237,0.164,0.59,0.296,0.27,0.222,0.302,0.249,0.224,0.21,0.158,0.137
0.162,0.186,0.235,0.17,0.174,0.186,0.133,0.104,0.145,0.209,0.23,0.182,0.188,0.144,0.254,1.0,0.217,0.222,0.434,0.29,0.168,0.133,0.095,0.228,0.211,0.224,0.153,0.184,0.276,0.189,0.167,0.201,0.114,0.229,0.207,0.239,0.145,0.206,0.178,0.202,0.209,0.13,0.153,0.154,0.182,0.467,0.185,0.143,0.144,0.243,0.136,0.186,0.183,0.112,0.134,0.154,0.188,0.113,0.149,0.221,0.346,0.162,0.233,0.145,0.152,0.265,0.189,0.611,0.115,0.154,0.187,0.413,0.211,0.15,0.467,0.194,0.212,0.134,0.2,0.133,0.219,0.172,0.209,0.294,0.188,1.0,0.209,0.252,0.188,0.113,0.147,0.252,0.162,0.237,0.165,0.204,0.183,0.212,0.157,0.155,0.203,0.31,0.198,0.26,0.213,0.199,0.228,0.168,0.243,0.178,0.213,0.118,0.196,0.191,0.268,0.198,0.281,0.275,0.256,0.154,0.154,0.158,0.136,0.233,0.147,0.216,0.211,0.166,0.148,0.119,0.149,0.224,0.204,0.154,0.15,0.195,0.157,0.166,0.245,0.106,0.19,0.209,0.183,0.162,0.129,0.108,0.158,0.191,0.163,0.19,0.204,0.186,0.209,0.173,0.205,0.188,0.205,0.246,0.138,0.19,0.27,0.18,0.156,0.253,0.193,0.168,0.25,0.176,0.174,0.148,0.157,0.213,0.163,0.115,0.124,0.146,0.159,0.254,0.185,0.252,0.174,0.164,0.184,0.192,0.194,0.296,0.211,0.238,0.168,0.147,0.204,0.255,0.258,0.151,0.199,0.244,0.143,0.224,0.202,0.166,1.0,0.149,0.178,0.151,0.213,0.17,0.241,0.16,0.155,0.214,0.218,0.324,0.169,0.196,0.222,0.181,0.174,0.161,0.247,0.352,0.189,0.201,0.241,0.296,0.169,0.155,0.213,0.174,0.187,0.281,0.19,0.175,0.209,0.187,0.141,0.13,0.186,0.129,0.268,0.205,0.182,0.095,0.161,0.183,0.159,0.586,0.203,0.156,0.17,1.0,0.157,0.139,0.193,1.0,0.234,0.155,0.169,0.18,0.3,0.215,0.186,0.209,0.201,0.225,0.253,0.135,0.227,0.117,0.218,0.222,0.156,0.183,0.191,0.139,0.172,0.183,0.252,1.0,0.272,0.205,0.155,0.152,0.135,0.228,0.18,0.201
0.226,0.226,0.915,0.309,0.574,0.151,0.142,0.416,0.278,0.815,0.915,0.674,0.417,0.197,0.736,0.209,0.674,0.736,0.465,0.266,0.627,0.142,0.313,0.396,0.736,0.059,0.454,0.736,0.341,0.736,0.279,0.736,0.183,0.815,0.345,0.915,0.57,0.915,0.125,0.221,0.627,0.45,0.61,0.18,0.915,0.266,0.248,0.341,0.714,0.48,0.915,0.113,0.158,0.093,0.134,0.233,1.0,0.45,0.915,0.627,0.915,0.285,0.262,0.298,0.531,0.45,0.674,0.209,0.235,0.233,0.64,0.815,0.674,0.233,0.266,0.627,0.171,0.349,0.171,0.693,0.815,0.915,0.815,0.197,0.187,0.209,1.0,0.137,0.143,0.078,0.349,0.45,0.349,0.477,0.556,0.915,0.647,0.915,0.556,0.594,0.915,0.262,0.815,0.209,0.915,0.915,1.0,0.915,0.736,0.262,0.243,0.592,0.214,0.36,0.476,0.166,0.592,0.054,0.627,0.213,0.48,0.556,0.262,0.736,0.484,0.226,0.148,0.285,0.815,0.203,0.574,0.341,0.915,1.0,0.233,0.349,0.736,0.341,0.693,0.45,0.187,0.815,0.736,0.489,0.22,0.499,0.214,0.915,0.093,0.674,0.915,0.915,0.815,0.915,0.341,0.915,0.915,0.553,0.172,0.254,0.243,0.349,0.28,0.171,0.237,0.736,0.262,0.279,0.735,0.508,0.674,0.113,0.439,0.269,0.278,0.199,0.142,0.243,0.584,0.173,0.915,0.226,0.207,0.693,0.815,0.243,0.561,0.736,0.915,0.45,0.915,0.915,0.266,0.253,0.414,0.166,0.499,0.173,0.134,0.349,0.209,0.627,0.815,0.915,0.627,0.206,0.915,0.815,0.714,0.902,0.476,0.341,0.915,0.736,0.291,0.915,0.141,0.48,0.15,0.341,0.463,1.0,0.171,0.148,1.0,0.184,0.826,0.147,0.193,0.279,0.144,0.736,0.45,0.148,0.237,0.48,0.815,0.915,0.146,0.45,0.45,0.157,0.45,0.736,0.826,0.361,0.45,0.592,0.341,0.209,0.714,0.815,0.815,0.209,0.166,0.714,0.191,0.309,0.266,0.297,0.226,0.233,0.489,0.17,0.171,0.195,0.44,0.574,0.362,0.341,0.262,0.515,0.915,0.278,0.915,1.0,0.137,0.209,0.171,0.21,0.693,0.349,0.169,0.158,0.134,0.674
0.21,0.08,0.319,0.201,0.206,0.12,0.183,0.055,0.191,0.137,0.186,0.201,0.058,0.09,0.182,0.252,0.216,0.274,0.252,0.274,0.228,0.183,0.049,0.156,0.171,0.05,0.203,0.118,0.191,0.28,0.134,0.191,0.158,0.274,0.136,0.228,0.162,0.228,0.201,0.217,0.228,0.063,0.144,0.097,0.161,0.274,0.091,0.168,0.117,0.23,0.172,0.08,0.17,0.206,0.198,0.078,0.137,0.063,0.161,0.09,0.161,0.069,0.228,0.096,0.075,0.161,0.23,0.252,0.158,0.271,0.228,0.137,0.102,0.078,0.274,0.155,0.351,0.203,0.23,0.133,0.137,0.201,0.137,0.186,0.28,0.252,0.137,1.0,0.075,0.169,0.172,1.0,0.203,0.256,0.15,0.161,0.251,0.161,0.136,0.167,0.161,0.098,0.284,0.216,0.217,0.161,0.23,0.228,0.136,0.319,0.245,0.206,0.251,0.191,0.274,0.147,0.319,0.043,0.245,0.164,0.319,0.095,0.142,0.245,0.07,0.101,0.228,0.067,0.23,0.076,0.091,0.137,0.161,0.21,0.078,0.186,0.127,0.137,0.19,0.066,0.228,0.137,0.118,0.127,0.216,0.072,0.163,0.198,0.199,0.228,0.161,0.161,0.137,0.259,0.137,0.21,0.161,0.153,0.228,0.095,0.245,0.136,0.284,0.23,0.191,0.16,0.093,0.153,0.121,0.098,0.107,0.068,0.127,0.099,0.1,0.071,0.058,0.251,0.169,0.235,0.248,0.101,0.293,0.229,0.228,0.245,0.201,0.147,0.171,0.063,0.161,0.198,0.274,0.242,0.145,0.147,0.41,0.284,0.191,0.137,0.252,0.09,0.137,0.161,0.23,0.181,0.161,0.137,0.203,0.118,0.071,0.274,0.163,0.155,0.186,0.23,0.191,0.119,0.196,0.274,0.168,0.161,0.23,0.228,0.137,0.14,0.136,0.193,0.195,0.134,0.203,0.118,0.23,0.067,0.206,0.137,0.23,0.183,0.089,0.274,0.217,0.054,0.063,0.201,0.137,0.252,1.0,0.087,0.137,0.252,0.117,0.161,0.206,0.252,0.13,0.117,0.156,0.201,0.274,0.274,0.08,0.259,0.077,0.228,0.23,0.069,0.171,0.091,0.284,0.137,0.093,0.277,0.217,0.1,0.161,0.161,0.206,0.252,0.23,0.201,0.23,0.136,0.139,0.237,0.142,0.136
0.073,0.09,0.139,0.314,0.098,0.119,0.072,0.059,0.104,0.143,0.151,0.235,0.164,0.113,0.121,0.26,0.075,0.178,0.199,0.127,0.205,0.072,0.09,0.134,0.122,0.371,0.07,0.091,0.227,0.171,0.16,0.099,0.071,0.149,0.126,0.115,0.103,0.217,0.059,0.124,0.134,0.08,0.141,0.126,0.117,0.168,0.157,0.109,0.103,0.109,0.187,0.068,0.195,0.046,0.064,0.115,0.173,0.078,0.08,0.093,0.16,0.366,0.2,0.06,0.136,0.109,0.124,0.183,0.053,0.103,0.157,0.104,0.13,0.058,0.168,0.09,0.091,0.106,0.148,0.108,0.196,0.121,0.143,0.206,0.112,0.188,0.143,0.075,1.0,0.043,0.085,0.113,0.096,0.096,0.102,0.171,0.272,0.151,0.088,0.138,0.138,0.184,0.098,0.163,0.153,0.146,0.105,0.155,0.095,0.142,0.215,0.077,0.065,0.168,0.143,0.146,0.142,0.064,0.117,0.065,0.154,0.128,0.226,0.21,0.077,0.21,0.077,0.477,0.13,0.291,0.097,0.122,0.171,0.118,0.058,0.146,0.248,0.119,0.135,0.064,0.09,0.143,0.103,0.07,0.048,0.069,0.141,0.106,0.047,0.135,0.171,0.092,0.143,0.148,0.137,0.137,0.227,0.127,0.073,0.133,0.2,0.088,0.138,0.107,0.254,0.095,0.182,0.265,0.122,0.14,0.086,0.064,0.254,0.143,0.071,0.148,0.043,0.182,0.165,0.117,0.146,0.14,0.129,0.139,0.088,0.206,0.136,0.128,0.206,0.386,0.171,0.137,0.134,0.113,0.136,0.132,0.086,0.095,0.08,0.122,0.26,0.124,0.092,0.154,0.227,0.117,0.157,0.108,0.112,0.122,0.114,0.153,0.186,0.131,0.14,0.164,0.117,0.22,0.088,0.179,0.113,0.127,0.159,0.08,0.129,0.218,0.128,0.1,0.066,0.191,0.16,0.171,0.079,0.468,0.058,0.07,0.149,0.107,0.118,0.117,0.105,0.175,0.123,0.145,0.099,0.173,0.087,0.199,0.122,0.26,0.105,0.108,0.109,0.26,0.141,0.131,0.148,0.334,0.115,0.098,0.09,0.079,0.316,0.133,0.107,0.137,0.101,0.116,0.118,0.165,0.342,0.125,0.161,0.091,0.159,0.13,0.075,0.26,0.214,0.084,0.101,0.074,0.085,0.247,0.066,0.11
0.289,0.041,0.502,0.263,0.244,0.058,0.267,0.032,0.207,0.078,0.134,0.263,0.036,0.049,0.156,0.113,0.21,0.229,0.113,0.229,0.258,0.267,0.034,0.079,0.09,0.027,0.373,0.064,0.205,0.414,0.077,0.146,0.202,0.335,0.073,0.258,0.273,0.283,0.433,0.117,0.244,0.038,0.288,0.095,0.097,0.134,0.049,0.273,0.071,0.229,0.322,0.049,0.174,0.268,0.348,0.044,0.078,0.038,0.097,0.044,0.097,0.037,0.179,0.05,0.043,0.087,0.258,0.229,0.202,0.263,0.281,0.078,0.052,0.044,0.134,0.075,0.336,0.489,0.229,0.128,0.078,0.134,0.078,0.094,0.414,0.113,0.078,0.169,0.043,1.0,0.212,0.169,0.373,0.253,0.199,0.097,0.35,0.097,0.078,0.191,0.097,0.054,0.258,0.21,0.117,0.097,0.229,0.207,0.078,0.502,0.126,0.267,0.35,0.146,0.134,0.082,0.502,0.02,0.164,0.305,0.39,0.052,0.154,0.126,0.039,0.052,0.258,0.036,0.229,0.047,0.059,0.07,0.097,0.19,0.044,0.094,0.067,0.134,0.181,0.043,0.258,0.078,0.064,0.063,0.21,0.043,0.174,0.103,0.24,0.258,0.097,0.097,0.078,0.306,0.07,0.289,0.097,0.134,0.281,0.052,0.276,0.078,0.296,0.229,0.205,0.145,0.055,0.134,0.098,0.051,0.244,0.04,0.067,0.199,0.057,0.041,0.031,0.35,0.089,0.221,0.257,0.052,0.302,0.236,0.378,0.126,0.098,0.073,0.097,0.038,0.097,0.198,0.134,0.244,0.081,0.073,0.104,0.334,0.205,0.146,0.113,0.044,0.078,0.097,0.258,0.27,0.097,0.078,0.373,0.064,0.038,0.315,0.336,0.075,0.185,0.267,0.205,0.094,0.19,0.134,0.149,0.097,0.229,0.258,0.078,0.074,0.073,0.235,0.157,0.077,0.218,0.064,0.229,0.036,0.267,0.151,0.373,0.194,0.053,0.373,0.117,0.034,0.038,0.098,0.078,0.113,0.169,0.052,0.07,0.113,0.071,0.206,0.267,0.113,0.068,0.071,0.085,0.263,0.163,0.266,0.041,0.306,0.039,0.258,0.229,0.041,0.09,0.059,0.227,0.07,0.055,0.333,0.117,0.057,0.22,0.097,0.244,0.113,0.229,0.169,0.229,0.273,0.265,0.241,0.133,0.078
0.122,0.107,0.298,0.185,0.148,0.202,0.172,0.206,0.354,0.349,0.247,0.2,0.287,0.218,0.18,0.207,0.169,0.162,0.187,0.2,0.209,0.172,0.146,0.184,0.237,0.058,0.253,0.224,0.128,0.242,0.181,0.182,0.252,0.24,0.207,0.262,0.271,0.274,0.174,0.146,0.226,0.294,0.185,0.133,0.24,0.263,0.115,0.28,0.244,0.232,0.206,0.09,0.136,0.22,0.246,0.293,0.212,0.191,0.277,0.268,0.255,0.14,0.219,0.282,0.222,0.771,0.262,0.196,0.211,0.216,0.232,0.221,0.183,0.376,0.263,0.245,0.22,0.301,0.148,0.233,0.195,0.313,0.349,0.136,0.218,0.147,0.349,0.172,0.085,0.212,1.0,0.318,0.316,0.257,0.193,0.392,0.207,0.235,0.331,0.203,0.291,0.086,0.236,0.205,0.383,0.303,0.269,0.203,0.341,0.271,0.304,0.177,0.297,0.386,0.224,0.111,0.214,0.054,0.215,0.156,0.321,0.177,0.214,0.238,0.258,0.155,0.18,0.122,0.229,0.321,0.199,0.156,0.392,0.169,0.376,0.336,0.193,0.197,0.278,0.262,0.239,0.349,0.229,0.188,0.186,0.16,0.189,0.389,0.296,0.25,0.392,0.232,0.349,0.268,0.209,0.214,0.217,0.297,0.237,0.078,0.259,0.598,0.193,0.23,0.16,0.234,0.177,0.244,0.172,0.207,0.213,0.09,0.187,0.213,0.349,0.087,0.135,0.184,0.182,0.147,0.228,0.126,0.186,0.158,0.319,0.159,0.194,0.209,0.222,0.119,0.392,0.196,0.172,0.269,0.263,0.141,0.333,0.231,0.206,0.256,0.207,0.183,0.277,0.26,0.175,0.211,0.228,0.229,0.326,0.315,0.253,0.189,0.292,0.205,0.2,0.218,0.149,0.128,0.192,0.188,0.279,0.292,0.137,0.258,0.234,0.186,0.224,0.168,0.123,0.134,0.132,0.145,0.143,0.156,0.32,0.239,0.277,0.294,0.167,0.255,0.164,0.227,0.202,0.3,0.216,0.182,0.287,0.132,0.211,0.207,0.193,0.31,0.218,0.207,0.158,0.232,0.112,0.202,0.313,0.242,0.107,0.263,0.16,0.185,0.23,0.257,0.215,0.194,0.239,0.2,0.26,0.2,0.224,0.182,0.268,0.306,0.244,0.207,0.141,0.194,0.202,0.365,0.133,0.131,0.114,0.244
0.157,0.205,0.337,0.192,0.179,0.246,0.185,0.122,0.236,0.45,0.272,0.265,0.182,0.242,0.224,0.467,0.206,0.214,0.25,0.327,0.215,0.185,0.179,0.198,0.246,0.108,0.242,0.248,0.177,0.277,0.255,0.226,0.198,0.296,0.232,0.269,0.336,0.258,0.179,0.226,0.245,0.185,0.193,0.127,0.248,0.543,0.213,0.304,0.244,0.284,0.191,0.121,0.176,0.156,0.172,0.288,0.207,0.245,0.223,0.372,0.246,0.128,0.27,0.278,0.29,0.595,0.26,0.276,0.265,0.262,0.238,0.222,0.2,0.304,0.543,0.252,0.261,0.315,0.197,0.193,0.223,0.324,0.45,0.224,0.23,0.252,0.45,1.0,0.113,0.169,0.318,1.0,0.353,0.313,0.188,0.49,0.216,0.232,0.264,0.236,0.267,0.128,0.269,0.203,0.331,0.275,0.311,0.237,0.272,0.301,0.257,0.156,0.224,0.276,0.352,0.174,0.225,0.116,0.295,0.14,0.335,0.204,0.201,0.276,0.279,0.163,0.201,0.099,0.233,0.257,0.186,0.166,0.49,0.213,0.304,0.404,0.199,0.218,0.267,0.173,0.208,0.45,0.249,0.201,0.188,0.15,0.179,0.285,0.199,0.246,0.49,0.249,0.45,0.268,0.353,0.232,0.235,0.238,0.209,0.115,0.315,0.363,0.213,0.311,0.2,0.27,0.173,0.228,0.184,0.198,0.202,0.107,0.21,0.164,0.285,0.12,0.108,0.247,0.226,0.209,0.249,0.109,0.219,0.211,0.293,0.265,0.234,0.237,0.238,0.114,0.49,0.243,0.267,0.221,0.293,0.211,0.615,0.243,0.242,0.251,0.467,0.197,0.26,0.256,0.239,0.213,0.277,0.239,0.363,0.418,0.393,0.307,0.278,0.312,0.243,0.24,0.181,0.151,0.286,0.309,0.255,0.308,0.188,0.311,0.239,0.182,0.213,0.186,0.168,0.197,0.178,0.186,0.191,0.169,0.195,0.2,0.252,0.248,0.195,0.299,0.205,0.135,0.15,0.306,0.217,0.281,0.92,0.15,0.308,0.467,0.2,0.228,0.214,0.467,0.187,0.242,0.175,0.211,0.299,0.263,0.205,0.254,0.159,0.207,0.311,0.272,0.24,0.163,0.259,0.269,0.335,0.244,0.277,0.171,0.261,0.275,0.274,0.467,0.193,0.217,0.232,0.255,0.153,0.188,0.167,0.259
0.113,0.149,0.303,0.167,0.194,0.219,0.225,0.134,0.284,0.349,0.304,0.257,0.19,0.295,0.198,0.38,0.164,0.265,0.195,0.354,0.232,0.225,0.238,0.181,0.202,0.164,0.411,0.223,0.172,0.282,0.167,0.202,0.197,0.295,0.241,0.3,0.448,0.262,0.152,0.156,0.222,0.202,0.187,0.17,0.314,0.428,0.173,0.418,0.242,0.337,0.271,0.082,0.154,0.103,0.158,0.211,0.208,0.303,0.269,0.268,0.245,0.133,0.226,0.239,0.222,0.771,0.275,0.2,0.264,0.183,0.238,0.207,0.211,0.319,0.428,0.226,0.172,0.91,0.169,0.226,0.204,0.384,0.349,0.169,0.265,0.162,0.349,0.203,0.096,0.373,0.316,0.353,1.0,0.278,0.164,0.392,0.186,0.244,0.295,0.277,0.252,0.105,0.341,0.203,0.367,0.257,0.35,0.283,0.294,0.305,0.242,0.169,0.226,0.289,0.246,0.133,0.325,0.082,0.219,0.195,0.349,0.163,0.194,0.268,0.22,0.206,0.169,0.11,0.264,0.28,0.19,0.204,0.392,0.236,0.319,0.376,0.247,0.257,0.299,0.211,0.261,0.349,0.213,0.208,0.166,0.151,0.183,0.403,0.27,0.265,0.392,0.436,0.349,0.32,0.204,0.31,0.276,0.27,0.188,0.086,0.222,0.331,0.216,0.432,0.166,0.23,0.167,0.212,0.193,0.249,0.186,0.077,0.243,0.158,0.307,0.105,0.099,0.212,0.258,0.141,0.277,0.135,0.253,0.264,0.345,0.188,0.204,0.23,0.243,0.113,0.392,0.229,0.208,0.338,0.243,0.164,0.27,0.216,0.375,0.317,0.38,0.212,0.285,0.336,0.294,0.191,0.244,0.217,0.595,0.315,0.219,0.219,0.356,0.28,0.256,0.259,0.19,0.196,0.375,0.215,0.273,0.261,0.176,0.525,0.233,0.216,0.232,0.189,0.134,0.165,0.121,0.274,0.18,0.215,0.19,0.193,0.316,0.401,0.138,0.612,0.189,0.24,0.187,0.416,0.204,0.18,0.333,0.207,0.318,0.38,0.216,0.244,0.218,0.38,0.247,0.2,0.121,0.175,0.254,0.27,0.149,0.198,0.164,0.204,0.432,0.288,0.271,0.194,0.245,0.243,0.26,0.226,0.262,0.184,0.26,0.268,0.475,0.38,0.196,0.173,0.251,0.341,0.115,0.168,0.194,0.283
0.149,0.151,0.493,0.19,0.178,0.147,0.179,0.162,0.193,0.477,0.302,0.274,0.162,0.132,0.189,0.34,0.453,0.27,0.232,0.276,0.262,0.179,0.175,0.361,0.246,0.092,0.198,0.225,0.164,0.3,0.145,0.25,0.196,0.27,0.233,0.309,0.211,0.299,0.178,0.204,0.243,0.168,0.223,0.13,0.333,0.39,0.16,0.17,0.228,0.246,0.192,0.114,0.165,0.168,0.179,0.154,0.26,0.256,0.225,0.404,0.298,0.113,0.297,0.198,0.306,0.549,0.275,0.262,0.287,0.235,0.25,0.258,0.209,0.291,0.39,0.288,0.262,0.261,0.175,0.257,0.245,0.261,0.477,0.449,0.22,0.237,0.477,0.256,0.096,0.253,0.257,0.313,0.278,1.0,0.214,0.513,0.256,0.281,0.263,0.261,0.329,0.122,0.277,0.284,0.314,0.336,0.299,0.328,0.286,0.191,0.373,0.186,0.239,0.264,0.237,0.34,0.229,0.094,0.417,0.199,0.297,0.189,0.185,0.391,0.295,0.147,0.184,0.112,0.266,0.248,0.217,0.181,0.513,0.266,0.291,0.244,0.192,0.143,0.38,0.221,0.202,0.477,0.269,0.206,0.288,0.183,0.288,0.355,0.283,0.278,0.513,0.215,0.477,0.292,0.145,0.25,0.256,0.262,0.216,0.108,0.373,0.332,0.236,0.257,0.192,0.275,0.168,0.214,0.204,0.231,0.25,0.107,0.191,0.182,0.198,0.118,0.12,0.334,0.238,0.208,0.297,0.111,0.23,0.207,0.257,0.449,0.3,0.267,0.259,0.145,0.513,0.363,0.223,0.216,0.249,0.166,0.172,0.231,0.235,0.191,0.34,0.217,0.254,0.27,0.241,0.203,0.274,0.249,0.281,0.446,0.157,0.272,0.275,0.227,0.221,0.262,0.165,0.128,0.216,0.27,0.208,0.357,0.169,0.28,0.287,0.204,0.212,0.165,0.156,0.146,0.361,0.165,0.235,0.112,0.207,0.229,0.244,0.293,0.123,0.284,0.19,0.093,0.19,0.274,0.269,0.299,0.293,0.166,0.2,0.34,0.26,0.274,0.238,0.34,0.14,0.214,0.155,0.201,0.271,0.273,0.151,0.267,0.151,0.2,0.257,0.098,0.238,0.167,0.245,0.15,0.321,0.249,0.282,0.185,0.315,0.316,0.256,0.34,0.174,0.195,0.221,0.302,0.188,0.224,0.213,0.227
0.118,0.134,0.36,0.182,0.17,0.081,0.175,0.252,0.151,0.678,0.338,0.203,0.17,0.084,0.153,0.232,0.343,0.197,0.252,0.21,0.255,0.175,0.392,0.161,0.22,0.109,0.258,0.143,0.317,0.254,0.12,0.356,0.21,0.251,0.269,0.328,0.175,0.349,0.164,0.169,0.215,0.198,0.221,0.158,0.37,0.246,0.156,0.116,0.241,0.321,0.215,0.077,0.243,0.215,0.224,0.093,0.287,0.579,0.164,0.545,0.334,0.146,0.201,0.121,0.404,0.316,0.373,0.238,0.17,0.169,0.274,0.243,0.173,0.147,0.246,0.228,0.223,0.162,0.206,0.357,0.293,0.198,0.678,0.184,0.244,0.165,0.556,0.15,0.102,0.199,0.193,0.188,0.164,0.214,1.0,0.663,0.32,0.3,0.419,0.257,0.438,0.122,0.253,0.188,0.332,0.452,0.43,0.236,0.262,0.167,0.195,0.303,0.181,0.206,0.183,0.153,0.241,0.034,0.47,0.122,0.207,0.18,0.147,0.201,0.323,0.107,0.191,0.194,0.262,0.134,0.357,0.133,0.663,0.172,0.147,0.142,0.195,0.115,0.352,0.233,0.229,0.678,0.377,0.243,0.13,0.285,0.149,0.226,0.274,0.334,0.663,0.172,0.678,0.282,0.12,0.223,0.262,0.274,0.234,0.1,0.157,0.185,0.217,0.289,0.282,0.279,0.1,0.148,0.283,0.202,0.239,0.083,0.247,0.202,0.118,0.083,0.067,0.183,0.259,0.145,0.22,0.085,0.275,0.249,0.198,0.161,0.208,0.307,0.177,0.146,0.663,0.262,0.16,0.14,0.175,0.096,0.143,0.266,0.327,0.13,0.232,0.227,0.272,0.326,0.252,0.206,0.266,0.308,0.203,0.472,0.158,0.201,0.281,0.376,0.183,0.288,0.217,0.168,0.497,0.212,0.132,0.543,0.23,0.243,0.324,0.178,0.222,0.34,0.1,0.128,0.162,0.21,0.202,0.074,0.358,0.503,0.303,0.243,0.069,0.179,0.247,0.103,0.227,0.326,0.327,0.244,0.178,0.264,0.14,0.232,0.28,0.403,0.277,0.232,0.099,0.196,0.132,0.182,0.188,0.191,0.134,0.242,0.136,0.211,0.459,0.096,0.25,0.188,0.245,0.15,0.174,0.325,0.287,0.135,0.247,0.369,0.231,0.232,0.255,0.225,0.308,0.169,0.137,0.194,0.1,0.171
0.272,0.272,1.0,0.357,0.659,0.172,0.16,0.516,0.323,0.915,1.0,0.795,0.507,0.234,0.847,0.204,0.795,0.847,0.551,0.28,0.756,0.16,0.384,0.44,0.847,0.067,0.548,0.847,0.376,0.847,0.318,0.847,0.218,0.915,0.401,1.0,0.681,1.0,0.15,0.237,0.756,0.545,0.721,0.221,1.0,0.28,0.29,0.383,0.809,0.567,1.0,0.143,0.178,0.114,0.161,0.279,0.915,0.545,1.0,0.756,1.0,0.35,0.306,0.347,0.635,0.49,0.795,0.204,0.279,0.279,0.744,0.915,0.795,0.279,0.28,0.73,0.191,0.392,0.191,0.782,0.915,1.0,0.915,0.217,0.224,0.204,0.915,0.161,0.171,0.097,0.392,0.49,0.392,0.513,0.663,1.0,0.752,1.0,0.663,0.695,1.0,0.303,0.915,0.25,1.0,1.0,0.915,1.0,0.847,0.303,0.279,0.69,0.258,0.399,0.584,0.188,0.727,0.065,0.756,0.239,0.567,0.677,0.306,0.847,0.594,0.246,0.173,0.35,0.915,0.243,0.659,0.383,1.0,0.915,0.279,0.392,0.847,0.383,0.782,0.535,0.224,0.915,0.847,0.608,0.265,0.602,0.256,1.0,0.116,0.795,1.0,1.0,0.915,1.0,0.383,1.0,1.0,0.635,0.211,0.294,0.259,0.392,0.321,0.191,0.273,0.847,0.306,0.318,0.831,0.609,0.795,0.143,0.534,0.313,0.323,0.24,0.182,0.259,0.704,0.195,1.0,0.236,0.252,0.782,0.915,0.259,0.658,0.847,1.0,0.546,1.0,1.0,0.28,0.298,0.454,0.188,0.602,0.195,0.155,0.392,0.204,0.756,0.915,1.0,0.756,0.243,1.0,0.915,0.809,0.847,0.584,0.383,1.0,0.847,0.34,1.0,0.162,0.567,0.172,0.383,0.548,1.0,0.191,0.173,0.915,0.221,0.795,0.187,0.217,0.318,0.168,0.847,0.545,0.186,0.278,0.597,0.915,1.0,0.157,0.49,0.545,0.189,0.545,0.847,0.915,0.432,0.49,0.69,0.383,0.204,0.809,0.915,0.915,0.204,0.181,0.809,0.23,0.357,0.28,0.345,0.272,0.279,0.608,0.192,0.191,0.237,0.533,0.659,0.444,0.383,0.306,0.62,1.0,0.323,1.0,1.0,0.161,0.204,0.191,0.229,0.782,0.392,0.204,0.178,0.155,0.795
0.312,0.166,0.491,0.205,0.19,0.087,0.138,0.327,0.184,0.793,0.35,0.209,0.256,0.108,0.293,0.229,0.279,0.187,0.29,0.177,0.214,0.138,0.322,0.16,0.254,0.054,0.27,0.192,0.181,0.323,0.141,0.35,0.14,0.285,0.191,0.398,0.169,0.36,0.214,0.134,0.251,0.302,0.213,0.131,0.32,0.235,0.188,0.133,0.303,0.347,0.396,0.071,0.13,0.168,0.2,0.131,0.339,0.456,0.215,0.552,0.405,0.401,0.196,0.137,0.491,0.361,0.379,0.201,0.156,0.205,0.357,0.323,0.253,0.181,0.235,0.283,0.259,0.192,0.135,0.296,0.528,0.246,0.793,0.122,0.242,0.183,0.647,0.251,0.272,0.35,0.207,0.216,0.186,0.256,0.32,0.752,1.0,0.407,0.373,0.293,0.49,0.206,0.25,0.149,0.462,0.529,0.352,0.215,0.33,0.305,0.155,0.232,0.382,0.204,0.226,0.108,0.325,0.05,0.382,0.226,0.23,0.235,0.148,0.192,0.354,0.244,0.162,0.471,0.279,0.165,0.353,0.174,0.752,0.237,0.181,0.156,0.434,0.151,0.341,0.277,0.175,0.793,0.408,0.264,0.163,0.302,0.194,0.286,0.255,0.319,0.752,0.218,0.793,0.281,0.166,0.328,0.5,0.37,0.193,0.138,0.186,0.226,0.173,0.252,0.179,0.288,0.12,0.158,0.263,0.204,0.314,0.069,0.235,0.159,0.132,0.164,0.075,0.397,0.215,0.153,0.207,0.243,0.165,0.224,0.255,0.146,0.26,0.353,0.226,0.406,0.752,0.312,0.148,0.158,0.215,0.1,0.209,0.205,0.228,0.17,0.229,0.228,0.327,0.342,0.263,0.173,0.336,0.365,0.244,0.563,0.225,0.252,0.336,0.287,0.145,0.273,0.133,0.13,0.207,0.234,0.162,0.521,0.129,0.277,0.367,0.116,0.24,0.116,0.11,0.2,0.133,0.159,0.237,0.237,0.166,0.316,0.288,0.291,0.107,0.169,0.335,0.122,0.35,0.351,0.411,0.24,0.221,0.231,0.175,0.229,0.266,0.441,0.291,0.229,0.163,0.25,0.152,0.203,0.17,0.196,0.166,0.211,0.463,0.161,0.252,0.123,0.269,0.222,0.332,0.198,0.203,0.244,0.345,0.179,0.286,0.446,0.251,0.229,0.134,0.148,0.259,0.193,0.15,0.14,0.107,0.215
0.158,0.272,0.459,0.2,0.251,0.125,0.113,0.345,0.191,0.915,0.431,0.248,0.303,0.16,0.263,0.265,0.294,0.26,0.303,0.196,0.223,0.113,0.384,0.248,0.35,0.068,0.27,0.261,0.18,0.322,0.186,0.412,0.159,0.339,0.276,0.415,0.23,0.371,0.112,0.204,0.283,0.253,0.259,0.198,0.397,0.28,0.306,0.187,0.401,0.295,0.274,0.228,0.138,0.084,0.124,0.151,0.444,0.545,0.284,0.756,0.502,0.208,0.224,0.216,0.635,0.49,0.37,0.201,0.19,0.191,0.288,0.403,0.408,0.279,0.28,0.377,0.141,0.244,0.164,0.325,0.467,0.31,0.915,0.154,0.166,0.212,0.915,0.161,0.151,0.097,0.235,0.232,0.244,0.281,0.3,1.0,0.407,1.0,0.442,0.348,0.634,0.318,0.278,0.171,0.513,0.658,0.418,0.255,0.42,0.225,0.185,0.218,0.164,0.25,0.312,0.134,0.281,0.065,0.414,0.149,0.226,0.349,0.186,0.248,0.594,0.211,0.134,0.242,0.368,0.243,0.433,0.279,1.0,0.364,0.279,0.228,0.313,0.223,0.385,0.298,0.161,0.915,0.514,0.325,0.208,0.405,0.204,0.356,0.116,0.368,1.0,0.285,0.915,0.33,0.23,0.336,0.434,0.382,0.146,0.187,0.19,0.283,0.188,0.191,0.19,0.367,0.173,0.223,0.289,0.26,0.446,0.214,0.285,0.221,0.216,0.286,0.286,0.175,0.27,0.127,0.25,0.147,0.154,0.239,0.282,0.168,0.348,0.435,0.279,0.322,1.0,0.39,0.188,0.182,0.321,0.139,0.251,0.191,0.155,0.225,0.265,0.325,0.398,0.416,0.24,0.189,0.412,0.416,0.306,0.847,0.34,0.262,0.392,0.338,0.218,0.319,0.122,0.162,0.172,0.299,0.209,0.706,0.114,0.173,0.527,0.166,0.296,0.139,0.198,0.294,0.106,0.211,0.295,0.161,0.162,0.386,0.335,0.353,0.109,0.223,0.268,0.189,0.237,0.394,0.492,0.302,0.236,0.26,0.264,0.265,0.372,0.448,0.283,0.265,0.278,0.326,0.196,0.206,0.21,0.225,0.272,0.18,0.287,0.142,0.191,0.199,0.29,0.308,0.313,0.282,0.306,0.258,0.433,0.26,0.374,0.587,0.161,0.265,0.122,0.15,0.275,0.238,0.172,0.128,0.112,0.31
0.112,0.134,0.394,0.146,0.171,0.113,0.107,0.332,0.204,0.678,0.432,0.2,0.312,0.114,0.183,0.207,0.26,0.234,0.368,0.185,0.186,0.107,0.527,0.183,0.286,0.058,0.301,0.214,0.15,0.362,0.149,0.399,0.134,0.309,0.25,0.387,0.185,0.339,0.098,0.155,0.231,0.296,0.189,0.204,0.414,0.263,0.156,0.142,0.355,0.331,0.217,0.094,0.117,0.074,0.111,0.144,0.393,0.744,0.272,0.435,0.474,0.188,0.2,0.216,0.404,0.771,0.408,0.169,0.178,0.242,0.275,0.336,0.251,0.231,0.263,0.301,0.136,0.294,0.121,0.388,0.361,0.297,0.678,0.144,0.135,0.157,0.556,0.136,0.088,0.078,0.331,0.264,0.295,0.263,0.419,0.663,0.373,0.442,1.0,0.35,0.552,0.146,0.256,0.137,0.426,0.592,0.391,0.238,0.569,0.137,0.221,0.242,0.151,0.289,0.258,0.118,0.202,0.054,0.457,0.151,0.249,0.251,0.189,0.215,0.323,0.141,0.113,0.243,0.291,0.202,0.527,0.189,0.663,0.209,0.231,0.404,0.269,0.143,0.549,0.355,0.133,0.678,0.534,0.411,0.209,0.449,0.222,0.355,0.093,0.401,0.663,0.24,0.678,0.27,0.157,0.296,0.309,0.41,0.134,0.127,0.194,0.397,0.183,0.17,0.158,0.352,0.167,0.3,0.234,0.279,0.321,0.094,0.367,0.211,0.301,0.134,0.1,0.141,0.216,0.117,0.218,0.117,0.129,0.251,0.261,0.167,0.258,0.36,0.246,0.213,0.663,0.298,0.155,0.159,0.272,0.122,0.197,0.132,0.133,0.17,0.207,0.284,0.5,0.459,0.206,0.17,0.376,0.419,0.264,0.472,0.228,0.206,0.33,0.37,0.197,0.282,0.114,0.174,0.149,0.229,0.208,0.556,0.11,0.147,0.404,0.148,0.291,0.141,0.12,0.152,0.096,0.212,0.189,0.111,0.149,0.539,0.293,0.315,0.096,0.201,0.277,0.103,0.303,0.521,0.444,0.27,0.252,0.295,0.228,0.207,0.39,0.476,0.277,0.207,0.135,0.287,0.129,0.153,0.208,0.288,0.134,0.167,0.171,0.138,0.17,0.108,0.307,0.249,0.269,0.179,0.26,0.197,0.357,0.267,0.286,0.472,0.136,0.207,0.114,0.138,0.284,0.237,0.122,0.106,0.103,0.349
0.101,0.206,0.35,0.218,0.251,0.102,0.129,0.17,0.195,0.648,0.341,0.338,0.262,0.118,0.314,0.329,0.252,0.287,0.316,0.19,0.221,0.129,1.0,0.155,0.267,0.066,0.227,0.232,0.169,0.332,0.133,0.335,0.144,0.358,0.378,0.377,0.27,0.367,0.128,0.15,0.234,0.222,0.215,0.167,0.365,0.231,0.29,0.22,0.397,0.257,0.358,0.092,0.121,0.088,0.126,0.316,0.286,0.607,0.346,0.413,0.345,0.253,0.225,0.362,0.767,0.378,0.419,0.182,0.205,0.418,0.313,0.306,0.363,1.0,0.231,0.48,0.142,0.276,0.14,0.423,0.355,0.455,0.648,0.11,0.308,0.155,0.594,0.167,0.138,0.191,0.203,0.236,0.277,0.261,0.257,0.695,0.293,0.348,0.35,1.0,0.359,0.142,0.454,0.162,0.391,0.367,0.315,0.302,0.41,0.169,0.141,0.258,0.176,0.221,0.33,0.093,0.243,0.061,0.283,0.128,0.304,0.194,0.216,0.229,0.387,0.174,0.183,0.257,0.374,0.618,0.453,0.19,0.695,0.32,1.0,0.291,0.364,0.191,0.345,0.221,0.226,0.648,0.378,0.278,0.148,0.284,0.179,0.319,0.235,0.441,0.695,0.413,0.648,0.334,0.169,0.326,0.359,0.349,0.143,0.102,0.146,0.21,0.205,0.376,0.158,0.506,0.193,0.234,0.343,0.251,0.231,0.102,0.255,0.158,0.206,0.191,0.095,0.183,0.209,0.269,0.29,0.158,0.241,0.28,0.38,0.134,0.328,0.248,0.322,0.255,0.695,0.365,0.166,0.212,0.237,0.127,0.173,0.186,0.329,0.231,0.329,0.208,0.345,0.467,0.415,0.156,0.345,0.302,0.433,0.515,0.291,0.193,0.376,0.398,0.195,0.337,0.114,0.223,0.323,0.197,0.301,0.379,0.131,0.447,0.307,0.117,0.282,0.162,0.145,0.149,0.083,0.267,0.229,0.136,0.174,0.302,0.303,0.398,0.13,0.329,0.229,0.211,0.205,0.347,0.306,0.201,0.235,0.248,0.229,0.329,0.557,0.421,0.294,0.329,0.151,0.383,0.13,0.226,0.196,0.379,0.206,0.369,0.237,0.148,0.376,0.127,0.249,0.243,0.266,0.181,0.78,0.252,0.396,0.379,0.399,0.356,0.41,0.329,0.135,0.132,0.303,0.217,0.131,0.105,0.13,0.292
0.188,0.272,0.568,0.216,0.223,0.136,0.132,0.457,0.19,0.915,0.566,0.267,0.294,0.169,0.259,0.218,0.47,0.242,0.331,0.217,0.293,0.132,0.384,0.264,0.45,0.067,0.351,0.321,0.209,0.389,0.224,0.503,0.164,0.394,0.304,0.554,0.241,0.476,0.13,0.189,0.391,0.277,0.287,0.2,0.451,0.28,0.29,0.186,0.573,0.383,0.278,0.121,0.154,0.099,0.142,0.179,0.641,0.545,0.315,0.881,0.728,0.214,0.244,0.278,0.635,0.49,0.417,0.208,0.223,0.22,0.338,0.488,0.39,0.279,0.28,0.444,0.172,0.252,0.147,0.402,0.516,0.334,0.915,0.175,0.17,0.203,0.915,0.161,0.138,0.097,0.291,0.267,0.252,0.329,0.438,1.0,0.49,0.634,0.552,0.359,1.0,0.254,0.297,0.161,0.565,0.935,0.527,0.278,0.538,0.239,0.214,0.252,0.188,0.272,0.316,0.163,0.282,0.065,0.609,0.162,0.231,0.428,0.236,0.285,0.594,0.173,0.15,0.254,0.357,0.243,0.542,0.25,1.0,0.267,0.279,0.249,0.311,0.225,0.451,0.352,0.163,0.915,0.742,0.39,0.196,0.506,0.202,0.433,0.116,0.445,1.0,0.319,0.915,0.365,0.251,0.34,0.426,0.417,0.168,0.212,0.21,0.366,0.185,0.191,0.217,0.448,0.202,0.258,0.332,0.319,0.616,0.122,0.336,0.248,0.255,0.133,0.13,0.17,0.301,0.148,0.263,0.135,0.155,0.27,0.315,0.2,0.387,0.614,0.318,0.381,1.0,0.457,0.188,0.181,0.341,0.149,0.318,0.164,0.155,0.226,0.218,0.465,0.46,0.499,0.289,0.203,0.546,0.568,0.343,0.847,0.371,0.278,0.472,0.385,0.224,0.368,0.147,0.176,0.172,0.332,0.205,0.873,0.133,0.173,0.673,0.176,0.334,0.146,0.145,0.238,0.123,0.229,0.197,0.159,0.181,0.542,0.347,0.398,0.112,0.225,0.274,0.189,0.31,0.441,0.69,0.336,0.292,0.311,0.269,0.218,0.44,0.583,0.364,0.218,0.164,0.429,0.208,0.222,0.236,0.234,0.272,0.21,0.273,0.174,0.191,0.214,0.347,0.375,0.329,0.321,0.306,0.296,0.496,0.267,0.398,0.755,0.161,0.218,0.137,0.172,0.305,0.285,0.181,0.133,0.131,0.326
0.181,0.316,0.19,0.195,0.132,0.083,0.088,0.118,0.106,0.262,0.19,0.129,0.215,0.165,0.177,0.38,0.126,0.122,0.233,0.16,0.092,0.088,0.177,0.099,0.15,0.082,0.129,0.115,0.181,0.109,0.222,0.301,0.078,0.214,0.18,0.183,0.143,0.163,0.08,0.136,0.11,0.082,0.102,0.187,0.16,0.221,0.372,0.148,0.168,0.151,0.14,0.073,0.118,0.06,0.08,0.071,0.196,0.139,0.112,0.184,0.247,0.196,0.138,0.071,0.313,0.139,0.139,0.272,0.065,0.087,0.186,0.202,0.315,0.073,0.221,0.228,0.118,0.102,0.11,0.118,0.275,0.158,0.262,0.145,0.091,0.31,0.262,0.098,0.184,0.054,0.086,0.128,0.105,0.122,0.122,0.303,0.206,0.318,0.146,0.142,0.254,1.0,0.171,0.112,0.222,0.268,0.161,0.098,0.157,0.5,0.126,0.087,0.087,0.098,0.272,0.126,0.182,0.082,0.169,0.097,0.102,0.163,0.08,0.128,0.145,0.202,0.098,0.179,0.121,0.072,0.242,0.264,0.303,0.114,0.073,0.106,0.157,0.263,0.155,0.117,0.083,0.262,0.182,0.107,0.061,0.176,0.131,0.136,0.062,0.146,0.303,0.139,0.262,0.122,0.319,0.162,0.242,0.285,0.09,0.167,0.134,0.112,0.071,0.136,0.22,0.124,0.098,0.101,0.117,0.103,0.166,0.071,0.148,0.066,0.071,0.119,0.058,0.152,0.14,0.11,0.1,0.131,0.087,0.113,0.129,0.156,0.302,0.19,0.123,0.254,0.303,0.168,0.162,0.078,0.552,0.111,0.128,0.11,0.101,0.227,0.38,0.106,0.134,0.147,0.116,0.103,0.213,0.173,0.12,0.229,0.228,0.322,0.164,0.185,0.151,0.128,0.098,0.091,0.113,0.426,0.135,0.232,0.109,0.107,0.2,0.078,0.123,0.076,0.082,0.601,0.086,0.101,0.089,0.151,0.069,0.124,0.162,0.134,0.092,0.107,0.115,0.276,0.091,0.131,0.184,0.256,0.099,0.111,0.27,0.38,0.128,0.153,0.127,0.38,0.311,0.141,0.214,0.2,0.145,0.132,0.316,0.104,0.217,0.096,0.136,0.259,0.122,0.241,0.282,0.442,0.086,0.136,0.386,0.265,0.14,0.215,0.098,0.38,0.125,0.106,0.106,0.091,0.091,0.116,0.086,0.143
0.145,0.396,0.339,0.199,0.296,0.184,0.159,0.157,0.25,1.0,0.294,0.351,0.171,0.169,0.318,0.38,0.306,0.351,0.238,0.267,0.376,0.159,0.459,0.188,0.339,0.19,0.279,0.264,0.243,0.352,0.173,0.356,0.17,0.403,0.312,0.343,0.333,0.366,0.176,0.252,0.333,0.259,0.29,0.198,0.37,0.428,0.439,0.285,0.261,0.294,0.354,0.126,0.214,0.12,0.188,0.223,0.233,0.55,0.405,0.769,0.274,0.165,0.331,0.25,0.648,0.45,0.503,0.25,0.155,0.293,0.268,0.238,0.359,0.712,0.428,0.355,0.213,0.317,0.249,0.377,0.31,0.432,1.0,0.165,0.362,0.198,0.815,0.284,0.098,0.258,0.236,0.269,0.341,0.277,0.253,0.915,0.25,0.278,0.256,0.454,0.297,0.171,1.0,0.261,0.395,0.308,0.425,0.436,0.314,0.242,0.228,0.258,0.225,0.326,0.313,0.154,0.299,0.09,0.292,0.128,0.316,0.233,0.162,0.283,0.484,0.17,0.199,0.139,0.54,0.203,0.333,0.218,0.915,0.321,0.712,0.235,0.351,0.225,0.324,0.207,0.284,1.0,0.296,0.22,0.171,0.183,0.178,0.348,0.337,0.429,0.915,0.481,1.0,0.421,0.189,0.37,0.385,0.306,0.187,0.105,0.256,0.221,0.272,0.765,0.244,0.396,0.133,0.19,0.297,0.195,0.209,0.115,0.207,0.153,0.159,0.171,0.144,0.246,0.277,0.214,0.418,0.128,0.409,0.333,0.426,0.219,0.306,0.225,0.329,0.138,0.915,0.327,0.297,0.32,0.268,0.143,0.206,0.308,0.642,0.278,0.38,0.239,0.381,0.388,0.428,0.223,0.294,0.371,0.397,0.736,0.195,0.258,0.402,0.44,0.318,0.377,0.178,0.231,0.685,0.255,0.367,0.354,0.2,0.66,0.267,0.174,0.246,0.248,0.187,0.181,0.143,0.332,0.34,0.123,0.273,0.226,0.468,0.583,0.132,0.453,0.316,0.323,0.181,0.445,0.258,0.221,0.226,0.204,0.235,0.38,0.376,0.364,0.367,0.38,0.183,0.249,0.225,0.206,0.259,0.334,0.396,0.293,0.167,0.218,0.765,0.145,0.302,0.239,0.336,0.191,0.262,0.444,0.466,0.292,0.431,0.312,0.59,0.38,0.204,0.203,0.379,0.22,0.206,0.188,0.142,0.264
0.098,0.132,0.263,0.131,0.159,0.166,0.107,0.092,0.178,0.209,0.206,0.171,0.227,0.106,0.17,0.275,0.152,0.32,0.19,0.172,0.346,0.107,0.163,0.226,0.164,0.44,0.149,0.162,0.282,0.315,0.102,0.194,0.147,0.198,0.228,0.181,0.192,0.182,0.111,0.167,0.232,0.223,0.199,0.197,0.265,0.321,0.147,0.173,0.134,0.169,0.301,0.144,0.334,0.114,0.147,0.151,0.173,0.139,0.192,0.147,0.195,0.166,0.214,0.13,0.167,0.266,0.24,0.204,0.122,0.135,0.194,0.224,0.142,0.21,0.321,0.166,0.164,0.237,0.186,0.211,0.154,0.207,0.209,0.254,0.23,0.26,0.209,0.216,0.163,0.21,0.205,0.203,0.203,0.284,0.188,0.25,0.149,0.171,0.137,0.162,0.161,0.112,0.261,1.0,0.241,0.164,0.219,0.369,0.157,0.16,0.288,0.161,0.156,0.331,0.18,0.225,0.41,0.123,0.189,0.147,0.274,0.104,0.112,0.449,0.224,0.19,0.127,0.095,0.279,0.234,0.112,0.205,0.25,0.201,0.21,0.157,0.216,0.14,0.291,0.16,0.163,0.209,0.13,0.136,0.15,0.087,0.191,0.246,0.226,0.191,0.25,0.203,0.209,0.371,0.123,0.254,0.217,0.211,0.157,0.079,0.316,0.168,0.373,0.242,0.311,0.163,0.194,0.139,0.183,0.145,0.127,0.148,0.15,0.259,0.142,0.141,0.139,0.28,0.299,0.178,0.422,0.136,0.298,0.252,0.197,0.239,0.146,0.152,0.266,0.083,0.25,0.234,0.171,0.312,0.166,0.136,0.127,0.189,0.265,0.173,0.275,0.228,0.172,0.292,0.23,0.265,0.16,0.141,0.246,0.178,0.118,0.169,0.211,0.199,0.28,0.29,0.17,0.33,0.404,0.161,0.238,0.165,0.188,0.235,0.15,0.329,0.243,0.206,0.147,0.125,0.217,0.261,0.224,0.091,0.181,0.172,0.399,0.252,0.14,0.471,0.186,0.119,0.175,0.283,0.13,0.183,0.179,0.208,0.142,0.275,0.154,0.212,0.228,0.275,0.135,0.125,0.206,0.139,0.216,0.244,0.132,0.198,0.166,0.184,0.384,0.087,0.202,0.119,0.192,0.111,0.189,0.288,0.243,0.114,0.316,0.158,0.216,0.275,0.218,0.168,0.339,0.166,0.132,0.401,0.101,0.167
0.169,0.272,0.528,0.206,0.285,0.19,0.12,0.334,0.29,0.915,0.495,0.298,0.315,0.226,0.456,0.383,0.335,0.376,0.338,0.226,0.299,0.12,0.384,0.304,0.436,0.537,0.35,0.414,0.264,0.419,0.231,0.417,0.142,0.413,0.262,0.498,0.421,0.456,0.114,0.178,0.325,0.325,0.355,0.163,0.479,0.403,0.29,0.406,0.417,0.408,0.407,0.163,0.144,0.081,0.136,0.279,0.499,0.545,0.449,0.756,0.535,0.285,0.227,0.254,0.635,0.771,0.446,0.215,0.175,0.173,0.356,0.495,0.41,0.376,0.403,0.417,0.149,0.362,0.189,0.429,0.599,0.49,0.915,0.206,0.2,0.213,0.915,0.217,0.153,0.117,0.383,0.331,0.367,0.314,0.332,1.0,0.462,0.513,0.426,0.391,0.565,0.222,0.395,0.241,1.0,0.574,0.473,0.36,0.462,0.281,0.288,0.318,0.193,0.347,0.354,0.146,0.385,0.102,0.42,0.228,0.422,0.378,0.197,0.425,0.594,0.319,0.129,0.274,0.425,0.321,0.398,0.237,1.0,0.402,0.376,0.306,0.429,0.293,0.478,0.383,0.182,0.915,0.475,0.371,0.161,0.364,0.179,0.542,0.149,0.417,1.0,0.446,0.915,0.433,0.261,0.424,0.495,0.47,0.143,0.169,0.234,0.386,0.244,0.252,0.205,0.406,0.228,0.206,0.368,0.347,0.437,0.192,0.307,0.188,0.233,0.185,0.164,0.293,0.393,0.168,0.35,0.257,0.231,0.41,0.431,0.259,0.373,0.423,0.442,0.385,1.0,0.499,0.215,0.29,0.348,0.176,0.368,0.156,0.2,0.346,0.383,0.354,0.5,0.54,0.296,0.192,0.489,0.455,0.491,0.847,0.336,0.265,0.483,0.41,0.252,0.453,0.134,0.345,0.229,0.268,0.341,0.619,0.202,0.24,0.498,0.187,0.417,0.159,0.225,0.242,0.162,0.419,0.315,0.19,0.198,0.336,0.432,0.479,0.206,0.361,0.317,0.189,0.352,0.485,0.469,0.298,0.307,0.452,0.283,0.383,0.399,0.471,0.403,0.383,0.22,0.39,0.192,0.215,0.279,0.282,0.272,0.211,0.441,0.154,0.252,0.264,0.464,0.336,0.338,0.276,0.306,0.337,0.481,0.252,0.435,0.56,0.217,0.383,0.221,0.176,0.369,0.294,0.147,0.205,0.118,0.371
0.201,0.272,0.583,0.224,0.23,0.139,0.137,0.491,0.198,1.0,0.586,0.28,0.315,0.177,0.268,0.209,0.421,0.239,0.348,0.22,0.277,0.137,0.384,0.274,0.477,0.067,0.376,0.339,0.216,0.39,0.235,0.535,0.173,0.416,0.316,0.574,0.248,0.493,0.137,0.194,0.366,0.298,0.304,0.21,0.459,0.28,0.29,0.188,0.606,0.407,0.283,0.126,0.16,0.107,0.148,0.192,0.676,0.55,0.322,0.769,0.758,0.226,0.257,0.296,0.648,0.49,0.436,0.203,0.233,0.236,0.36,0.508,0.41,0.279,0.28,0.466,0.179,0.256,0.153,0.42,0.543,0.339,1.0,0.181,0.172,0.199,0.915,0.161,0.146,0.097,0.303,0.275,0.257,0.336,0.452,1.0,0.529,0.658,0.592,0.367,0.935,0.268,0.308,0.164,0.574,1.0,0.511,0.283,0.58,0.247,0.217,0.267,0.198,0.278,0.332,0.171,0.275,0.065,0.574,0.167,0.236,0.463,0.252,0.297,0.594,0.174,0.159,0.272,0.368,0.243,0.58,0.259,1.0,0.272,0.279,0.258,0.322,0.233,0.466,0.366,0.17,1.0,0.706,0.413,0.209,0.534,0.211,0.445,0.116,0.468,1.0,0.326,1.0,0.371,0.263,0.344,0.439,0.433,0.178,0.226,0.213,0.381,0.19,0.191,0.227,0.45,0.214,0.271,0.345,0.339,0.66,0.126,0.363,0.263,0.271,0.136,0.139,0.172,0.314,0.155,0.263,0.136,0.16,0.279,0.324,0.205,0.408,0.654,0.326,0.414,1.0,0.468,0.191,0.183,0.353,0.155,0.342,0.169,0.155,0.231,0.209,0.433,0.486,0.512,0.275,0.209,0.566,0.611,0.351,0.847,0.408,0.288,0.485,0.387,0.231,0.377,0.155,0.182,0.172,0.347,0.209,0.865,0.138,0.173,0.696,0.182,0.349,0.154,0.15,0.249,0.131,0.236,0.208,0.168,0.189,0.53,0.355,0.413,0.114,0.226,0.297,0.189,0.337,0.462,0.742,0.358,0.302,0.326,0.278,0.209,0.454,0.62,0.393,0.209,0.168,0.451,0.216,0.23,0.239,0.241,0.272,0.223,0.292,0.182,0.191,0.222,0.368,0.394,0.339,0.336,0.306,0.314,0.519,0.28,0.411,0.777,0.161,0.209,0.143,0.177,0.313,0.295,0.189,0.136,0.137,0.346
0.162,0.226,0.462,0.23,0.256,0.2,0.193,0.234,0.249,0.815,0.503,0.28,0.256,0.246,0.268,0.38,0.343,0.286,0.305,0.308,0.379,0.193,0.392,0.332,0.333,0.119,0.436,0.296,0.313,0.376,0.184,0.383,0.189,0.397,0.24,0.489,0.303,0.417,0.21,0.19,0.361,0.258,0.248,0.167,0.388,0.428,0.248,0.274,0.378,0.378,0.354,0.11,0.257,0.156,0.232,0.173,0.419,0.579,0.312,1.0,0.481,0.194,0.259,0.232,0.531,0.45,0.55,0.319,0.211,0.187,0.33,0.353,0.318,0.233,0.428,0.348,0.263,0.325,0.233,0.356,0.392,0.374,0.815,0.184,0.273,0.228,1.0,0.23,0.105,0.229,0.269,0.311,0.35,0.299,0.43,0.915,0.352,0.418,0.391,0.315,0.527,0.161,0.425,0.219,0.473,0.511,1.0,0.353,0.359,0.232,0.215,0.278,0.276,0.256,0.283,0.148,0.443,0.213,0.545,0.146,0.314,0.266,0.208,0.321,0.484,0.168,0.238,0.192,0.373,0.222,0.353,0.213,0.915,0.295,0.233,0.259,0.341,0.226,0.382,0.265,0.271,0.815,0.453,0.312,0.159,0.286,0.194,0.509,0.288,0.504,0.915,0.461,0.815,0.428,0.225,0.315,0.415,0.447,0.241,0.17,0.311,0.251,0.253,0.605,0.306,0.37,0.203,0.31,0.28,0.268,0.334,0.102,0.269,0.2,0.221,0.119,0.1,0.241,0.263,0.168,0.38,0.135,0.28,0.313,0.414,0.226,0.311,0.362,0.317,0.207,0.915,0.386,0.225,0.301,0.263,0.177,0.286,0.284,0.514,0.234,0.38,0.332,0.364,0.483,0.448,0.259,0.402,0.399,0.469,0.902,0.271,0.273,0.499,0.403,0.286,0.382,0.211,0.215,0.88,0.276,0.254,0.69,0.403,0.531,0.447,0.175,0.331,0.199,0.16,0.198,0.141,0.299,0.294,0.196,0.221,0.482,0.4,0.419,0.144,0.316,0.277,0.157,0.254,0.574,0.437,0.29,0.28,0.265,0.248,0.38,0.319,0.444,0.359,0.38,0.238,0.309,0.164,0.23,0.298,0.304,0.226,0.27,0.215,0.276,1.0,0.171,0.272,0.27,0.337,0.224,0.262,0.302,0.411,0.184,0.359,0.517,0.484,0.38,0.306,0.309,0.415,0.258,0.146,0.161,0.142,0.319
0.116,0.272,0.332,0.173,0.297,0.161,0.156,0.129,0.217,0.915,0.291,0.313,0.158,0.118,0.24,0.296,0.296,0.437,0.21,0.227,0.441,0.156,0.384,0.221,0.306,0.291,0.228,0.244,0.305,0.337,0.126,0.334,0.183,0.366,0.227,0.335,0.303,0.37,0.184,0.214,0.396,0.234,0.343,0.165,0.424,0.349,0.29,0.257,0.211,0.235,0.312,0.115,0.286,0.125,0.19,0.123,0.225,0.545,0.283,0.756,0.255,0.124,0.308,0.152,0.635,0.49,0.396,0.218,0.159,0.171,0.276,0.222,0.228,0.279,0.349,0.258,0.202,0.332,0.244,0.279,0.27,0.352,0.915,0.175,0.363,0.168,0.915,0.228,0.155,0.207,0.203,0.237,0.283,0.328,0.236,1.0,0.215,0.255,0.238,0.302,0.278,0.098,0.436,0.369,0.36,0.283,0.353,1.0,0.241,0.181,0.221,0.227,0.221,0.38,0.261,0.153,0.363,0.088,0.274,0.123,0.312,0.238,0.174,0.331,0.594,0.161,0.197,0.108,0.493,0.243,0.192,0.188,1.0,0.365,0.279,0.213,0.31,0.177,0.276,0.194,0.291,0.915,0.27,0.254,0.173,0.171,0.189,0.268,0.266,0.311,1.0,0.305,0.915,0.511,0.135,0.361,0.311,0.245,0.182,0.089,0.284,0.186,0.317,0.514,0.317,0.295,0.147,0.194,0.286,0.217,0.244,0.116,0.206,0.273,0.163,0.143,0.118,0.235,0.297,0.151,0.461,0.118,0.301,0.303,0.33,0.204,0.359,0.22,0.361,0.122,1.0,0.292,0.25,0.316,0.206,0.126,0.158,0.32,0.574,0.212,0.296,0.375,0.327,0.297,0.366,0.247,0.261,0.318,0.311,0.847,0.144,0.196,0.364,0.305,0.327,0.418,0.203,0.246,0.705,0.192,0.272,0.355,0.219,0.55,0.27,0.352,0.25,0.299,0.168,0.13,0.145,0.27,0.278,0.104,0.23,0.236,0.488,0.402,0.131,0.355,0.256,0.213,0.196,0.365,0.235,0.194,0.212,0.205,0.235,0.296,0.257,0.29,0.33,0.296,0.132,0.202,0.19,0.179,0.254,0.355,0.272,0.215,0.156,0.269,0.82,0.11,0.285,0.199,0.287,0.135,0.306,0.34,0.433,0.162,0.428,0.296,0.498,0.296,0.23,0.22,0.357,0.208,0.193,0.302,0.14,0.226
0.111,0.19,0.399,0.149,0.182,0.119,0.108,0.237,0.212,0.902,0.411,0.21,0.207,0.115,0.234,0.329,0.282,0.284,0.274,0.194,0.195,0.108,0.309,0.202,0.287,0.066,0.205,0.223,0.158,0.393,0.148,0.346,0.131,0.316,0.37,0.396,0.206,0.33,0.099,0.162,0.242,0.228,0.193,0.176,0.347,0.263,0.214,0.158,0.368,0.246,0.219,0.135,0.123,0.073,0.117,0.38,0.375,0.46,0.305,0.639,0.445,0.147,0.199,0.391,0.548,0.771,0.373,0.233,0.176,0.329,0.413,0.349,0.312,1.0,0.263,0.495,0.138,0.294,0.126,0.443,0.369,0.367,0.902,0.157,0.159,0.243,0.736,0.136,0.095,0.078,0.341,0.272,0.294,0.286,0.262,0.847,0.33,0.42,0.569,0.41,0.538,0.157,0.314,0.157,0.462,0.58,0.359,0.241,1.0,0.149,0.229,0.174,0.16,0.298,0.381,0.126,0.226,0.061,0.383,0.139,0.215,0.243,0.188,0.221,0.397,0.15,0.116,0.172,0.303,0.202,0.466,0.193,0.847,0.229,1.0,0.375,0.243,0.159,0.449,0.276,0.141,0.902,0.446,0.272,0.192,0.288,0.198,0.366,0.093,0.395,0.847,0.365,0.902,0.289,0.158,0.317,0.334,0.492,0.131,0.125,0.2,0.402,0.181,0.17,0.161,0.389,0.211,0.265,0.393,0.213,0.328,0.157,0.266,0.208,0.27,0.124,0.119,0.152,0.214,0.228,0.227,0.122,0.135,0.209,0.303,0.178,0.291,0.349,0.264,0.203,0.847,0.376,0.169,0.169,0.301,0.196,0.193,0.134,0.133,0.207,0.329,0.288,0.479,0.399,0.253,0.158,0.365,0.386,0.359,0.645,0.248,0.22,0.332,0.323,0.201,0.294,0.115,0.137,0.149,0.244,0.202,0.569,0.118,0.147,0.423,0.154,0.25,0.132,0.171,0.163,0.101,0.188,0.164,0.118,0.161,0.325,0.303,0.347,0.16,0.238,0.202,0.132,0.23,0.486,0.443,0.276,0.264,0.208,0.217,0.329,0.364,0.477,0.299,0.329,0.142,0.306,0.145,0.158,0.409,0.365,0.19,0.446,0.178,0.147,0.17,0.123,0.3,0.237,0.23,0.184,0.26,0.201,0.413,0.3,0.334,0.493,0.136,0.329,0.128,0.146,0.22,0.261,0.134,0.118,0.122,0.392
0.306,0.316,0.36,0.297,0.174,0.261,0.17,0.099,0.192,0.262,0.219,0.209,0.162,0.568,0.207,0.228,0.179,0.117,0.193,0.207,0.217,0.17,0.177,0.094,0.228,0.048,0.27,0.269,0.205,0.216,0.322,0.279,0.158,0.32,0.18,0.288,0.485,0.281,0.259,0.15,0.249,0.157,0.224,0.198,0.17,0.253,0.372,0.545,0.231,0.188,0.185,0.064,0.149,0.193,0.244,0.222,0.183,0.139,0.146,0.184,0.224,0.14,0.207,0.197,0.313,0.151,0.213,0.21,0.131,0.237,0.302,0.166,0.245,0.075,0.253,0.23,0.292,0.303,0.152,0.178,0.215,0.319,0.262,0.132,0.248,0.178,0.262,0.319,0.142,0.502,0.271,0.301,0.305,0.191,0.167,0.303,0.305,0.225,0.137,0.169,0.239,0.5,0.242,0.16,0.281,0.247,0.232,0.181,0.149,1.0,0.145,0.175,0.299,0.136,0.333,0.117,0.344,0.042,0.205,0.159,0.215,0.222,0.15,0.15,0.145,0.144,0.182,0.111,0.175,0.123,0.223,0.279,0.303,0.151,0.075,0.269,0.178,0.488,0.207,0.121,0.184,0.262,0.22,0.133,0.142,0.145,0.161,0.224,0.371,0.196,0.303,0.233,0.262,0.193,0.442,0.192,0.213,0.354,0.23,0.144,0.21,0.112,0.159,0.315,0.237,0.204,0.106,0.176,0.131,0.122,0.223,0.054,0.156,0.124,0.178,0.093,0.043,0.333,0.141,0.184,0.163,0.101,0.171,0.194,0.265,0.163,0.318,0.175,0.192,0.158,0.303,0.208,0.219,0.2,0.427,0.183,0.439,0.234,0.287,0.427,0.228,0.141,0.192,0.187,0.169,0.197,0.241,0.247,0.377,0.229,0.352,0.409,0.287,0.255,0.164,0.201,0.146,0.105,0.274,0.386,0.207,0.229,0.146,0.351,0.192,0.084,0.129,0.164,0.112,0.342,0.153,0.128,0.12,0.196,0.161,0.139,0.245,0.218,0.176,0.219,0.148,0.356,0.125,0.191,0.181,0.163,0.283,0.106,0.385,0.228,0.13,0.21,0.243,0.228,0.234,0.242,0.183,0.297,0.184,0.22,0.316,0.198,0.142,0.153,0.315,0.768,0.12,0.292,0.368,0.71,0.143,0.228,0.374,0.238,0.189,0.235,0.319,0.228,0.149,0.188,0.172,0.126,0.172,0.162,0.115,0.2
0.123,0.187,0.419,0.158,0.142,0.163,0.137,0.121,0.202,0.243,0.294,0.186,0.106,0.131,0.153,0.383,0.149,0.303,0.193,0.27,0.227,0.137,0.097,0.27,0.198,0.402,0.138,0.144,0.254,0.416,0.154,0.167,0.129,0.225,0.246,0.225,0.157,0.206,0.143,0.198,0.185,0.119,0.241,0.194,0.239,0.469,0.195,0.149,0.154,0.239,0.155,0.128,0.215,0.097,0.147,0.199,0.235,0.13,0.189,0.213,0.218,0.133,0.225,0.142,0.157,0.525,0.229,0.242,0.125,0.149,0.164,0.162,0.148,0.224,0.469,0.195,0.181,0.216,0.232,0.204,0.163,0.214,0.243,0.506,0.22,0.213,0.243,0.245,0.215,0.126,0.304,0.257,0.242,0.373,0.195,0.279,0.155,0.185,0.221,0.141,0.214,0.126,0.228,0.288,0.288,0.217,0.215,0.221,0.229,0.145,1.0,0.122,0.192,0.337,0.222,0.366,0.152,0.102,0.377,0.141,0.249,0.141,0.143,0.624,0.155,0.167,0.16,0.102,0.311,0.198,0.14,0.149,0.279,0.155,0.224,0.238,0.153,0.138,0.277,0.175,0.234,0.243,0.175,0.155,0.186,0.111,0.229,0.265,0.163,0.233,0.279,0.166,0.243,0.222,0.152,0.181,0.17,0.22,0.144,0.116,0.406,0.367,0.274,0.281,0.182,0.159,0.147,0.177,0.147,0.168,0.146,0.115,0.248,0.126,0.135,0.104,0.111,0.42,0.332,0.209,0.259,0.102,0.244,0.247,0.229,0.564,0.18,0.272,0.208,0.097,0.279,0.223,0.229,0.247,0.206,0.159,0.133,0.192,0.221,0.192,0.383,0.174,0.195,0.224,0.253,0.197,0.213,0.17,0.216,0.231,0.119,0.27,0.191,0.176,0.276,0.212,0.248,0.246,0.257,0.272,0.178,0.213,0.238,0.274,0.226,0.226,0.218,0.15,0.138,0.15,0.35,0.228,0.221,0.088,0.169,0.14,0.238,0.208,0.12,0.233,0.176,0.111,0.362,0.23,0.164,0.221,0.212,0.288,0.153,0.383,0.201,0.2,0.165,0.383,0.133,0.164,0.161,0.172,0.251,0.201,0.187,0.209,0.143,0.26,0.281,0.115,0.237,0.119,0.196,0.156,0.18,0.263,0.219,0.144,0.187,0.199,0.245,0.383,0.291,0.193,0.209,0.227,0.138,0.316,0.133,0.193
0.115,0.154,0.3,0.194,0.206,0.073,0.178,0.173,0.196,0.592,0.387,0.222,0.14,0.067,0.159,0.19,0.286,0.19,0.196,0.19,0.21,0.178,0.367,0.137,0.204,0.172,0.236,0.135,0.211,0.21,0.09,0.333,0.187,0.197,0.192,0.294,0.162,0.355,0.183,0.167,0.195,0.215,0.225,0.151,0.299,0.179,0.173,0.138,0.158,0.313,0.204,0.094,0.14,0.457,0.18,0.082,0.196,0.517,0.173,0.415,0.239,0.11,0.186,0.085,0.38,0.328,0.301,0.206,0.166,0.159,0.258,0.209,0.159,0.168,0.179,0.182,0.228,0.176,0.219,0.342,0.228,0.194,0.592,0.115,0.217,0.118,0.592,0.206,0.077,0.267,0.177,0.156,0.169,0.186,0.303,0.69,0.232,0.218,0.242,0.258,0.252,0.087,0.258,0.161,0.318,0.267,0.278,0.227,0.174,0.175,0.122,1.0,0.206,0.216,0.151,0.116,0.213,0.087,0.251,0.118,0.332,0.146,0.137,0.199,0.438,0.096,0.193,0.126,0.232,0.152,0.213,0.121,0.69,0.179,0.168,0.111,0.176,0.102,0.305,0.206,0.301,0.592,0.24,0.174,0.237,0.215,0.137,0.192,0.918,0.262,0.69,0.159,0.592,0.282,0.089,0.262,0.228,0.223,0.228,0.082,0.128,0.124,0.201,0.299,0.167,0.228,0.1,0.118,0.25,0.32,0.193,0.111,0.162,0.161,0.084,0.096,0.083,0.176,0.184,0.256,0.199,0.087,0.238,0.241,0.226,0.13,0.164,0.178,0.169,0.116,0.69,0.242,0.197,0.169,0.124,0.073,0.119,0.307,0.265,0.124,0.19,0.14,0.208,0.271,0.212,0.198,0.19,0.204,0.217,0.516,0.104,0.148,0.28,0.265,0.16,0.366,0.157,0.202,0.253,0.138,0.169,0.341,0.174,0.345,0.235,0.112,0.308,0.297,0.108,0.098,0.13,0.252,0.196,0.058,0.42,0.243,0.254,0.223,0.064,0.177,0.233,0.117,0.141,0.28,0.199,0.172,0.149,0.217,0.114,0.19,0.248,0.301,0.662,0.19,0.078,0.144,0.127,0.189,0.138,0.188,0.154,0.181,0.124,0.191,0.299,0.08,0.217,0.202,0.242,0.103,0.194,0.266,0.23,0.138,0.222,0.259,0.322,0.19,0.185,0.12,0.314,0.152,0.152,0.164,0.094,0.142
0.322,0.08,0.35,0.23,0.306,0.093,0.299,0.099,0.252,0.214,0.214,0.158,0.078,0.084,0.141,0.252,0.165,0.131,0.173,0.314,0.279,0.299,0.093,0.135,0.142,0.05,0.305,0.099,0.234,0.232,0.112,0.189,0.229,0.217,0.141,0.424,0.171,0.306,0.629,0.17,0.386,0.094,0.157,0.156,0.151,0.274,0.091,0.182,0.128,0.34,0.149,0.07,0.263,0.29,0.379,0.105,0.143,0.108,0.131,0.133,0.182,0.078,0.284,0.112,0.123,0.277,0.296,0.373,0.228,0.258,0.216,0.14,0.098,0.208,0.274,0.15,0.457,0.228,0.306,0.19,0.125,0.158,0.214,0.149,0.422,0.196,0.214,0.251,0.065,0.35,0.297,0.224,0.226,0.239,0.181,0.258,0.382,0.164,0.151,0.176,0.188,0.087,0.225,0.156,0.193,0.198,0.276,0.221,0.16,0.299,0.192,0.206,1.0,0.247,0.15,0.13,0.26,0.043,0.243,0.166,0.187,0.095,0.237,0.151,0.135,0.087,0.46,0.082,0.162,0.186,0.119,0.11,0.258,0.136,0.208,0.153,0.104,0.136,0.194,0.103,0.452,0.214,0.132,0.117,0.193,0.092,0.196,0.173,0.312,0.309,0.258,0.116,0.214,0.272,0.103,0.184,0.129,0.247,0.335,0.078,0.225,0.237,0.232,0.484,0.285,0.153,0.098,0.224,0.144,0.12,0.163,0.06,0.119,0.17,0.114,0.06,0.073,0.388,0.137,0.203,0.177,0.072,0.264,0.158,0.28,0.185,0.135,0.152,0.133,0.073,0.258,0.161,0.163,0.244,0.161,0.112,0.108,0.506,0.421,0.162,0.252,0.099,0.133,0.137,0.264,0.277,0.159,0.133,0.264,0.179,0.077,0.25,0.24,0.112,0.235,0.223,0.31,0.086,0.428,0.226,0.13,0.179,0.298,0.59,0.145,0.131,0.111,0.261,0.164,0.11,0.178,0.08,0.189,0.07,0.305,0.251,0.21,0.159,0.075,0.171,0.144,0.054,0.091,0.155,0.138,0.208,0.213,0.087,0.116,0.252,0.12,0.233,0.195,0.252,0.095,0.12,0.114,0.216,0.317,0.325,0.08,0.288,0.077,0.411,0.484,0.063,0.158,0.092,0.52,0.112,0.153,0.355,0.163,0.113,0.167,0.169,1.0,0.252,0.302,0.279,0.261,0.316,0.184,0.178,0.171,0.122
0.107,0.109,0.413,0.144,0.214,0.124,0.151,0.168,0.297,0.36,0.312,0.239,0.128,0.112,0.167,0.275,0.228,0.249,0.189,0.228,0.304,0.151,0.16,0.237,0.298,0.166,0.192,0.159,0.236,0.338,0.125,0.306,0.165,0.226,0.283,0.297,0.181,0.27,0.163,0.3,0.287,0.235,0.27,0.199,0.264,0.281,0.117,0.151,0.191,0.246,0.189,0.164,0.262,0.184,0.184,0.185,0.23,0.209,0.279,0.288,0.25,0.12,0.397,0.189,0.24,0.771,0.271,0.219,0.176,0.195,0.221,0.221,0.158,0.376,0.281,0.238,0.207,0.312,0.246,0.261,0.201,0.267,0.36,0.227,0.313,0.191,0.36,0.191,0.168,0.146,0.386,0.276,0.289,0.264,0.206,0.399,0.204,0.25,0.289,0.221,0.272,0.098,0.326,0.331,0.347,0.278,0.256,0.38,0.298,0.136,0.337,0.216,0.247,1.0,0.215,0.207,0.234,0.061,0.249,0.145,0.246,0.15,0.189,0.259,0.258,0.145,0.197,0.114,0.28,0.321,0.187,0.203,0.399,0.218,0.376,0.259,0.176,0.122,0.322,0.181,0.249,0.36,0.212,0.183,0.259,0.153,0.177,0.32,0.374,0.268,0.399,0.193,0.36,0.37,0.12,0.277,0.21,0.262,0.183,0.094,0.305,0.449,0.263,0.31,0.269,0.208,0.158,0.201,0.25,0.188,0.191,0.139,0.189,0.295,0.182,0.173,0.209,0.219,0.375,0.256,0.274,0.136,0.247,0.252,0.312,0.205,0.181,0.27,0.27,0.121,0.399,0.237,0.278,0.307,0.236,0.132,0.135,0.302,0.279,0.209,0.275,0.317,0.256,0.246,0.234,0.227,0.222,0.204,0.266,0.33,0.125,0.215,0.304,0.179,0.324,0.304,0.295,0.213,0.263,0.224,0.26,0.284,0.178,0.352,0.239,0.412,0.214,0.245,0.18,0.121,0.155,0.203,0.249,0.102,0.27,0.201,0.323,0.257,0.101,0.315,0.286,0.074,0.16,0.334,0.217,0.224,0.244,0.211,0.166,0.275,0.208,0.261,0.228,0.275,0.115,0.177,0.322,0.149,0.245,0.229,0.109,0.234,0.134,0.244,0.31,0.081,0.335,0.158,0.256,0.126,0.276,0.366,0.262,0.191,0.334,0.256,0.315,0.275,0.208,0.18,0.306,0.304,0.421,0.334,0.133,0.223
0.152,0.245,0.326,0.252,0.204,0.218,0.13,0.123,0.179,0.582,0.306,0.279,0.185,0.255,0.338,0.467,0.214,0.234,0.29,0.272,0.24,0.13,0.363,0.16,0.42,0.108,0.177,0.359,0.21,0.239,0.205,0.252,0.124,0.521,0.237,0.321,0.376,0.335,0.123,0.193,0.377,0.287,0.313,0.164,0.295,0.543,0.498,0.338,0.327,0.233,0.211,0.137,0.146,0.08,0.117,0.15,0.247,0.282,0.252,0.338,0.3,0.15,0.216,0.166,0.652,0.595,0.29,0.27,0.131,0.173,0.445,0.25,0.275,0.259,0.543,0.343,0.162,0.231,0.151,0.243,0.332,0.457,0.582,0.196,0.188,0.268,0.476,0.274,0.143,0.134,0.224,0.352,0.246,0.237,0.183,0.584,0.226,0.312,0.258,0.33,0.316,0.272,0.313,0.18,0.354,0.332,0.283,0.261,0.381,0.333,0.222,0.151,0.15,0.215,1.0,0.146,0.227,0.116,0.288,0.116,0.221,0.331,0.141,0.253,0.225,0.191,0.139,0.142,0.298,0.152,0.238,0.312,0.584,0.239,0.259,0.263,0.269,0.438,0.269,0.159,0.15,0.582,0.363,0.22,0.116,0.162,0.148,0.291,0.178,0.231,0.584,0.326,0.582,0.252,0.404,0.253,0.301,0.487,0.133,0.194,0.269,0.238,0.141,0.311,0.191,0.384,0.17,0.194,0.288,0.186,0.226,0.147,0.216,0.114,0.197,0.142,0.093,0.246,0.207,0.183,0.247,0.141,0.161,0.275,0.279,0.228,0.429,0.245,0.361,0.149,0.584,0.318,0.303,0.187,0.315,0.222,0.206,0.177,0.242,0.403,0.467,0.238,0.396,0.268,0.22,0.167,0.317,0.39,0.299,0.391,0.52,0.37,0.288,0.288,0.204,0.295,0.131,0.143,0.286,0.384,0.323,0.33,0.144,0.311,0.255,0.143,0.207,0.196,0.177,0.253,0.126,0.201,0.185,0.127,0.127,0.171,0.341,0.313,0.279,0.247,0.212,0.528,0.166,0.282,0.263,0.261,0.242,0.166,0.44,0.467,0.257,0.285,0.354,0.467,0.236,0.318,0.164,0.267,0.356,0.374,0.245,0.193,0.177,0.146,0.311,0.317,0.232,0.328,0.307,0.446,0.194,0.207,0.437,0.212,0.304,0.317,0.274,0.467,0.154,0.185,0.218,0.168,0.137,0.152,0.137,0.322
0.103,0.114,0.36,0.119,0.089,0.106,0.121,0.07,0.089,0.166,0.198,0.122,0.064,0.091,0.099,0.301,0.117,0.157,0.163,0.218,0.197,0.121,0.062,0.167,0.141,0.176,0.112,0.091,0.19,0.13,0.14,0.139,0.1,0.154,0.163,0.158,0.09,0.141,0.121,0.174,0.127,0.064,0.144,0.332,0.184,0.334,0.118,0.091,0.114,0.184,0.079,0.084,0.499,0.14,0.118,0.103,0.158,0.079,0.084,0.121,0.164,0.083,0.188,0.091,0.095,0.197,0.128,0.233,0.088,0.124,0.114,0.111,0.107,0.1,0.334,0.124,0.168,0.115,0.165,0.172,0.108,0.108,0.166,0.605,0.134,0.198,0.166,0.147,0.146,0.082,0.111,0.174,0.133,0.34,0.153,0.188,0.108,0.134,0.118,0.093,0.163,0.126,0.154,0.225,0.146,0.171,0.148,0.153,0.126,0.117,0.366,0.116,0.13,0.207,0.146,1.0,0.099,0.058,0.321,0.105,0.166,0.118,0.111,0.344,0.091,0.087,0.148,0.088,0.112,0.093,0.108,0.113,0.188,0.091,0.1,0.14,0.084,0.098,0.229,0.12,0.134,0.166,0.121,0.1,0.268,0.088,0.299,0.127,0.14,0.133,0.188,0.099,0.166,0.142,0.124,0.112,0.101,0.131,0.127,0.114,0.308,0.144,0.224,0.191,0.255,0.099,0.095,0.139,0.096,0.095,0.107,0.073,0.138,0.11,0.09,0.072,0.057,0.231,0.214,0.169,0.172,0.066,0.147,0.178,0.113,0.539,0.132,0.192,0.16,0.095,0.188,0.148,0.174,0.115,0.151,0.122,0.095,0.164,0.141,0.108,0.301,0.111,0.105,0.127,0.181,0.326,0.157,0.12,0.109,0.147,0.086,0.218,0.134,0.119,0.177,0.142,0.187,0.188,0.164,0.243,0.105,0.148,0.16,0.164,0.138,0.148,0.122,0.146,0.102,0.137,0.465,0.127,0.194,0.089,0.123,0.096,0.166,0.113,0.08,0.158,0.124,0.094,0.079,0.133,0.117,0.199,0.134,0.151,0.11,0.301,0.097,0.193,0.128,0.301,0.115,0.117,0.232,0.13,0.186,0.172,0.114,0.146,0.087,0.176,0.191,0.085,0.149,0.094,0.143,0.138,0.116,0.3,0.184,0.105,0.11,0.141,0.147,0.301,0.176,0.142,0.215,0.118,0.114,0.416,0.112,0.108
0.182,0.187,0.37,0.199,0.194,0.144,0.149,0.102,0.224,0.726,0.274,0.206,0.221,0.195,0.304,0.383,0.237,0.331,0.217,0.213,0.427,0.149,0.202,0.158,0.179,0.293,0.261,0.187,0.339,0.363,0.129,0.245,0.174,0.281,0.171,0.307,0.325,0.276,0.205,0.127,0.279,0.162,0.209,0.172,0.27,0.253,0.292,0.306,0.201,0.228,0.346,0.088,0.32,0.176,0.252,0.137,0.22,0.305,0.231,0.873,0.256,0.17,0.183,0.147,0.371,0.357,0.375,0.264,0.164,0.187,0.278,0.322,0.241,0.156,0.253,0.198,0.244,0.38,0.21,0.21,0.342,0.288,0.726,0.157,0.264,0.281,0.592,0.319,0.142,0.502,0.214,0.225,0.325,0.229,0.241,0.727,0.325,0.281,0.202,0.243,0.282,0.182,0.299,0.41,0.385,0.275,0.443,0.363,0.226,0.344,0.152,0.213,0.26,0.234,0.227,0.099,1.0,0.122,0.28,0.226,0.331,0.164,0.142,0.252,0.364,0.313,0.177,0.151,0.295,0.225,0.181,0.207,0.727,0.24,0.156,0.195,0.314,0.238,0.259,0.146,0.203,0.726,0.244,0.192,0.169,0.134,0.21,0.335,0.371,0.303,0.727,0.353,0.726,0.411,0.173,0.297,0.392,0.268,0.225,0.096,0.235,0.16,0.308,0.47,0.344,0.246,0.143,0.177,0.205,0.154,0.199,0.09,0.166,0.297,0.159,0.14,0.079,0.361,0.216,0.26,0.368,0.262,0.291,0.304,0.296,0.164,0.207,0.188,0.221,0.155,0.727,0.286,0.155,0.288,0.205,0.135,0.179,0.23,0.515,0.25,0.383,0.277,0.231,0.307,0.366,0.269,0.242,0.219,0.409,0.482,0.18,0.24,0.342,0.255,0.318,0.362,0.225,0.208,0.63,0.199,0.213,0.327,0.272,0.421,0.221,0.177,0.21,0.186,0.145,0.2,0.151,0.277,0.29,0.162,0.21,0.311,0.399,0.318,0.156,0.353,0.152,0.186,0.137,0.324,0.221,0.196,0.207,0.199,0.208,0.383,0.196,0.286,0.267,0.383,0.235,0.178,0.136,0.197,0.246,0.264,0.187,0.277,0.284,0.239,0.754,0.182,0.162,0.167,0.272,0.193,0.179,0.221,0.321,0.154,0.343,0.27,0.385,0.383,0.304,0.323,0.304,0.178,0.139,0.267,0.11,0.23
0.029,0.029,0.102,0.049,0.047,0.152,0.049,0.02,0.038,0.054,0.087,0.069,0.051,0.034,0.116,0.275,0.048,0.453,0.275,0.116,0.065,0.049,0.018,0.274,0.069,0.101,0.042,0.046,0.218,0.061,0.053,0.068,0.043,0.116,0.15,0.065,0.065,0.065,0.036,0.09,0.048,0.046,0.071,0.038,0.082,0.116,0.034,0.054,0.046,0.082,0.072,0.125,0.063,0.024,0.044,0.086,0.073,0.023,0.065,0.033,0.281,0.072,0.09,0.036,0.028,0.065,0.135,0.275,0.03,0.043,0.061,0.122,0.082,0.029,0.116,0.061,0.063,0.054,0.083,0.046,0.076,0.082,0.054,0.102,0.069,0.275,0.054,0.043,0.064,0.02,0.054,0.116,0.082,0.094,0.034,0.065,0.05,0.065,0.054,0.061,0.065,0.082,0.09,0.123,0.102,0.065,0.213,0.088,0.061,0.042,0.102,0.087,0.043,0.061,0.116,0.058,0.122,1.0,0.102,0.045,0.128,0.041,0.036,0.102,0.029,0.102,0.048,0.066,0.063,0.029,0.035,0.054,0.065,0.136,0.029,0.076,0.091,0.054,0.116,0.09,0.048,0.054,0.046,0.056,0.027,0.026,0.038,0.152,0.023,0.073,0.065,0.116,0.054,0.346,0.054,0.172,0.082,0.082,0.05,0.459,0.102,0.054,0.13,0.063,0.08,0.088,0.444,0.049,0.061,0.087,0.039,0.125,0.075,0.036,0.038,0.068,0.032,0.102,0.077,0.061,0.213,0.102,0.118,0.127,0.061,0.13,0.082,0.058,0.069,0.047,0.065,0.082,0.116,0.09,0.058,0.09,0.032,0.061,0.044,0.054,0.275,0.033,0.054,0.111,0.097,0.073,0.065,0.054,0.099,0.046,0.061,0.116,0.065,0.082,0.076,0.085,0.046,0.132,0.051,0.116,0.368,0.065,0.213,0.048,0.054,0.085,0.2,0.042,0.052,0.082,0.069,0.132,0.063,0.066,0.034,0.034,0.082,0.065,0.197,0.123,0.09,0.02,0.051,0.089,0.054,0.275,0.065,0.111,0.054,0.275,0.079,0.054,0.193,0.275,0.068,0.046,0.063,0.06,0.116,0.116,0.029,0.061,0.076,0.048,0.063,0.025,0.069,0.035,0.061,0.054,0.036,0.09,0.09,0.038,0.065,0.065,0.043,0.275,0.101,0.082,0.063,0.054,0.055,0.111,0.044,0.166
0.171,0.187,0.601,0.213,0.215,0.158,0.18,0.27,0.175,0.769,0.433,0.248,0.197,0.141,0.231,0.383,0.379,0.232,0.327,0.31,0.305,0.18,0.392,0.238,0.328,0.098,0.316,0.238,0.225,0.316,0.193,0.386,0.159,0.361,0.23,0.572,0.208,0.412,0.203,0.229,0.369,0.228,0.227,0.148,0.392,0.469,0.195,0.182,0.342,0.387,0.212,0.143,0.2,0.142,0.189,0.137,0.386,0.579,0.225,1.0,0.473,0.175,0.283,0.174,0.413,0.372,0.39,0.296,0.166,0.2,0.282,0.328,0.23,0.165,0.469,0.315,0.252,0.198,0.208,0.349,0.376,0.277,0.769,0.419,0.227,0.256,0.627,0.245,0.117,0.164,0.215,0.295,0.219,0.417,0.47,0.756,0.382,0.414,0.457,0.283,0.609,0.169,0.292,0.189,0.42,0.574,0.545,0.274,0.383,0.205,0.377,0.251,0.243,0.249,0.288,0.321,0.28,0.102,1.0,0.174,0.242,0.243,0.187,0.436,0.323,0.13,0.237,0.214,0.291,0.144,0.392,0.184,0.756,0.21,0.165,0.23,0.24,0.193,0.381,0.292,0.232,0.769,0.525,0.299,0.219,0.31,0.257,0.326,0.192,0.382,0.756,0.242,0.769,0.3,0.206,0.252,0.319,0.375,0.2,0.152,0.407,0.245,0.192,0.319,0.238,0.356,0.167,0.236,0.27,0.25,0.304,0.137,0.288,0.194,0.165,0.126,0.105,0.342,0.252,0.205,0.269,0.115,0.191,0.285,0.278,0.491,0.282,0.377,0.276,0.192,0.756,0.366,0.252,0.159,0.271,0.206,0.212,0.272,0.29,0.196,0.383,0.323,0.373,0.377,0.325,0.219,0.411,0.431,0.266,0.521,0.224,0.311,0.357,0.349,0.231,0.305,0.206,0.166,0.278,0.325,0.185,0.681,0.197,0.357,0.381,0.17,0.258,0.189,0.293,0.189,0.275,0.197,0.29,0.1,0.19,0.499,0.286,0.284,0.161,0.196,0.299,0.111,0.25,0.391,0.44,0.314,0.266,0.267,0.197,0.383,0.296,0.453,0.324,0.383,0.153,0.305,0.177,0.221,0.294,0.256,0.187,0.226,0.165,0.227,0.319,0.133,0.304,0.232,0.335,0.219,0.181,0.282,0.381,0.175,0.294,0.476,0.324,0.383,0.202,0.233,0.318,0.218,0.181,0.226,0.167,0.275
0.103,0.092,0.296,0.103,0.107,0.072,0.09,0.14,0.145,0.213,0.142,0.101,0.115,0.058,0.31,0.208,0.115,0.104,0.157,0.114,0.108,0.09,0.136,0.119,0.103,0.05,0.118,0.085,0.099,0.159,0.071,0.222,0.095,0.116,0.13,0.166,0.099,0.154,0.148,0.085,0.11,0.127,0.103,0.083,0.301,0.154,0.1,0.081,0.109,0.165,0.204,0.059,0.081,0.104,0.149,0.112,0.123,0.172,0.139,0.165,0.156,0.212,0.121,0.086,0.146,0.196,0.162,0.162,0.097,0.128,0.174,0.297,0.103,0.151,0.154,0.117,0.148,0.198,0.086,0.141,0.199,0.131,0.213,0.142,0.161,0.154,0.213,0.164,0.065,0.305,0.156,0.14,0.195,0.199,0.122,0.239,0.226,0.149,0.151,0.128,0.162,0.097,0.128,0.147,0.228,0.167,0.146,0.123,0.139,0.159,0.141,0.118,0.166,0.145,0.116,0.105,0.226,0.045,0.174,1.0,0.168,0.178,0.094,0.147,0.661,0.244,0.093,0.168,0.18,0.138,0.124,0.124,0.239,0.121,0.151,0.104,0.167,0.073,0.161,0.237,0.124,0.213,0.131,0.296,0.145,0.107,0.191,0.139,0.167,0.141,0.239,0.114,0.213,0.192,0.069,0.167,0.184,0.185,0.13,0.062,0.16,0.172,0.122,0.17,0.102,0.134,0.085,0.108,0.161,0.108,0.145,0.062,0.106,0.114,0.093,0.064,0.079,0.234,0.115,0.091,0.138,0.317,0.119,0.111,0.15,0.141,0.104,0.116,0.106,0.141,0.239,0.13,0.088,0.118,0.124,0.086,0.08,0.123,0.159,0.107,0.208,0.089,0.135,0.141,0.122,0.13,0.136,0.119,0.144,0.193,0.084,0.251,0.16,0.114,0.092,0.127,0.081,0.078,0.137,0.119,0.198,0.175,0.084,0.176,0.133,0.114,0.127,0.073,0.08,0.097,0.111,0.088,0.111,0.076,0.118,0.127,0.168,0.165,0.211,0.155,0.119,0.066,0.123,0.146,0.124,0.15,0.14,0.146,0.099,0.208,0.125,0.155,0.12,0.208,0.089,0.098,0.106,0.104,0.123,0.124,0.092,0.145,0.308,0.123,0.17,0.059,0.142,0.086,0.16,0.08,0.112,0.13,0.134,0.093,0.174,0.15,0.164,0.208,0.09,0.098,0.131,0.151,0.107,0.103,0.081,0.111
0.118,0.139,0.349,0.188,0.19,0.178,0.148,0.12,0.26,0.48,0.369,0.248,0.252,0.174,0.281,0.334,0.174,0.36,0.249,0.19,0.276,0.148,0.484,0.217,0.22,0.421,0.272,0.225,0.249,0.282,0.138,0.222,0.162,0.256,0.223,0.278,0.302,0.287,0.14,0.129,0.226,0.217,0.268,0.2,0.348,0.3,0.149,0.287,0.224,0.206,0.336,0.089,0.169,0.148,0.141,0.212,0.223,0.649,0.241,0.351,0.248,0.174,0.206,0.215,0.312,0.549,0.309,0.183,0.179,0.18,0.31,0.235,0.251,0.291,0.3,0.205,0.177,0.346,0.192,0.281,0.279,0.327,0.48,0.233,0.239,0.154,0.48,0.319,0.154,0.39,0.321,0.335,0.349,0.297,0.207,0.567,0.23,0.226,0.249,0.304,0.231,0.102,0.316,0.274,0.422,0.236,0.314,0.312,0.215,0.215,0.249,0.332,0.187,0.246,0.221,0.166,0.331,0.128,0.242,0.168,1.0,0.17,0.18,0.372,0.351,0.298,0.145,0.131,0.275,0.288,0.178,0.184,0.567,0.259,0.291,0.254,0.29,0.193,0.31,0.239,0.21,0.48,0.244,0.226,0.19,0.191,0.194,0.301,0.631,0.28,0.567,0.311,0.48,0.312,0.176,0.314,0.29,0.222,0.184,0.088,0.212,0.19,0.288,0.456,0.148,0.273,0.179,0.176,0.19,0.3,0.187,0.089,0.259,0.138,0.278,0.119,0.078,0.316,0.288,0.166,0.39,0.224,0.265,0.333,0.278,0.259,0.21,0.219,0.251,0.158,0.567,0.259,0.176,0.347,0.209,0.126,0.253,0.199,0.399,0.235,0.334,0.211,0.245,0.39,0.268,0.194,0.223,0.216,0.384,0.412,0.204,0.175,0.31,0.251,0.245,0.311,0.194,0.376,0.402,0.164,0.277,0.261,0.202,0.549,0.239,0.185,0.386,0.193,0.12,0.145,0.194,0.395,0.199,0.17,0.188,0.212,0.308,0.385,0.16,0.348,0.171,0.262,0.196,0.334,0.19,0.179,0.287,0.313,0.2,0.334,0.25,0.28,0.347,0.334,0.191,0.195,0.119,0.197,0.211,0.298,0.139,0.18,0.277,0.206,0.456,0.158,0.273,0.178,0.215,0.155,0.353,0.27,0.257,0.153,0.249,0.258,0.5,0.334,0.218,0.14,0.322,0.197,0.111,0.277,0.103,0.234
0.126,0.173,0.333,0.195,0.122,0.266,0.089,0.176,0.124,0.556,0.307,0.233,0.187,0.215,0.263,0.184,0.161,0.15,0.221,0.158,0.224,0.089,0.206,0.135,0.43,0.047,0.194,0.412,0.172,0.18,0.21,0.272,0.093,0.452,0.172,0.293,0.247,0.292,0.074,0.14,0.323,0.24,0.274,0.114,0.322,0.211,0.262,0.249,0.383,0.223,0.216,0.066,0.112,0.056,0.084,0.135,0.3,0.284,0.198,0.326,0.37,0.165,0.154,0.144,0.307,0.324,0.333,0.164,0.103,0.141,0.222,0.319,0.269,0.132,0.211,0.258,0.115,0.149,0.103,0.258,0.367,0.367,0.556,0.122,0.099,0.158,0.556,0.095,0.128,0.052,0.177,0.204,0.163,0.189,0.18,0.677,0.235,0.349,0.251,0.194,0.428,0.163,0.233,0.104,0.378,0.463,0.266,0.238,0.243,0.222,0.141,0.146,0.095,0.15,0.331,0.118,0.164,0.041,0.243,0.178,0.17,1.0,0.135,0.185,0.596,0.177,0.088,0.173,0.342,0.12,0.252,0.176,0.677,0.224,0.132,0.211,0.318,0.281,0.256,0.202,0.089,0.556,0.445,0.358,0.083,0.237,0.133,0.299,0.06,0.236,0.677,0.294,0.556,0.245,0.256,0.213,0.28,0.248,0.098,0.452,0.138,0.184,0.094,0.131,0.169,0.322,0.111,0.164,0.18,0.25,0.394,0.059,0.176,0.109,0.141,0.079,0.055,0.162,0.165,0.095,0.205,0.156,0.092,0.24,0.201,0.148,0.317,0.269,0.279,0.216,0.677,0.246,0.165,0.134,0.264,0.16,0.248,0.105,0.098,0.249,0.184,0.333,0.474,0.29,0.137,0.126,0.418,0.663,0.227,0.459,0.255,0.197,0.283,0.249,0.131,0.313,0.093,0.113,0.109,0.23,0.234,0.428,0.095,0.102,0.329,0.095,0.182,0.156,0.083,0.199,0.076,0.166,0.1,0.155,0.088,0.202,0.336,0.373,0.204,0.158,0.194,0.293,0.176,0.238,0.306,0.184,0.194,0.184,0.291,0.184,0.228,0.272,0.453,0.184,0.162,0.322,0.165,0.206,0.183,0.201,0.173,0.113,0.26,0.1,0.131,0.242,0.189,0.331,0.187,0.26,0.163,0.166,0.497,0.145,0.358,0.409,0.095,0.184,0.099,0.111,0.181,0.144,0.105,0.097,0.081,0.228
0.115,0.073,0.214,0.574,0.137,0.179,0.181,0.108,0.203,0.262,0.195,0.399,0.136,0.163,0.141,0.156,0.127,0.115,0.208,0.197,0.258,0.181,0.113,0.113,0.19,0.042,0.226,0.153,0.131,0.172,0.222,0.153,0.137,0.289,0.165,0.288,0.18,0.368,0.21,0.136,0.211,0.172,0.137,0.113,0.167,0.194,0.081,0.181,0.172,0.206,0.131,0.074,0.154,0.162,0.183,0.124,0.169,0.139,0.163,0.181,0.207,0.082,0.57,0.186,0.159,0.335,0.19,0.222,0.16,0.241,0.173,0.162,0.119,0.165,0.194,0.174,0.229,0.201,0.167,0.188,0.142,0.218,0.262,0.12,0.303,0.136,0.262,0.142,0.226,0.154,0.214,0.201,0.194,0.185,0.147,0.306,0.148,0.186,0.189,0.216,0.236,0.08,0.162,0.112,0.197,0.252,0.208,0.174,0.188,0.15,0.143,0.137,0.237,0.189,0.141,0.111,0.142,0.036,0.187,0.094,0.18,0.135,1.0,0.138,0.146,0.1,0.35,0.071,0.148,0.78,0.16,0.16,0.306,0.154,0.165,0.371,0.219,0.144,0.176,0.123,0.303,0.262,0.184,0.142,0.136,0.126,0.142,0.189,0.181,0.19,0.306,0.148,0.262,0.197,0.119,0.142,0.149,0.174,0.194,0.072,0.135,0.224,0.134,0.288,0.173,0.189,0.516,0.482,0.128,0.348,0.171,0.072,0.355,0.151,0.238,0.064,0.073,0.207,0.116,0.115,0.176,0.067,0.143,0.118,0.246,0.14,0.153,0.172,0.239,0.096,0.306,0.143,0.131,0.171,0.218,0.211,0.15,0.256,0.256,0.148,0.156,0.159,0.161,0.171,0.17,0.163,0.227,0.178,0.239,0.227,0.123,0.159,0.349,0.199,0.14,0.175,0.178,0.082,0.243,0.173,0.141,0.224,0.157,0.331,0.181,0.111,0.134,0.178,0.108,0.197,0.102,0.095,0.113,0.145,0.143,0.177,0.16,0.173,0.178,0.161,0.116,0.164,0.145,0.177,0.168,0.164,0.204,0.099,0.147,0.156,0.143,0.173,0.162,0.156,0.109,0.214,0.096,0.532,0.172,0.199,0.073,0.175,0.095,0.228,0.288,0.137,0.16,0.16,0.196,0.13,1.0,0.158,0.172,0.13,0.193,0.219,0.309,0.156,0.161,0.176,0.171,0.202,0.113,0.103,0.117,0.185
0.117,0.19,0.52,0.162,0.185,0.237,0.122,0.129,0.164,0.736,0.35,0.219,0.353,0.145,0.214,0.383,0.178,0.39,0.251,0.25,0.319,0.122,0.261,0.324,0.26,0.554,0.21,0.252,0.261,0.385,0.158,0.235,0.121,0.295,0.236,0.26,0.215,0.248,0.119,0.194,0.253,0.273,0.277,0.152,0.355,0.469,0.214,0.195,0.215,0.243,0.336,0.12,0.254,0.081,0.122,0.202,0.307,0.376,0.233,0.521,0.282,0.204,0.226,0.181,0.449,0.418,0.292,0.243,0.115,0.137,0.22,0.244,0.236,0.196,0.469,0.289,0.156,0.268,0.236,0.257,0.259,0.29,0.736,0.472,0.213,0.233,0.736,0.245,0.21,0.126,0.238,0.276,0.268,0.391,0.201,0.847,0.192,0.248,0.215,0.229,0.285,0.128,0.283,0.449,0.425,0.297,0.321,0.331,0.221,0.15,0.624,0.199,0.151,0.259,0.253,0.344,0.252,0.102,0.436,0.147,0.372,0.185,0.138,1.0,0.485,0.24,0.139,0.109,0.403,0.234,0.184,0.18,0.847,0.248,0.196,0.22,0.299,0.175,0.298,0.299,0.192,0.736,0.25,0.221,0.18,0.172,0.25,0.361,0.163,0.286,0.847,0.279,0.736,0.393,0.183,0.31,0.325,0.216,0.131,0.118,0.47,0.185,0.285,0.281,0.282,0.258,0.157,0.16,0.186,0.237,0.225,0.11,0.254,0.187,0.197,0.113,0.1,0.436,0.403,0.219,0.416,0.168,0.303,0.317,0.223,0.531,0.255,0.272,0.281,0.132,0.847,0.298,0.233,0.302,0.191,0.176,0.192,0.171,0.221,0.194,0.383,0.276,0.235,0.471,0.274,0.202,0.256,0.238,0.308,0.645,0.18,0.254,0.289,0.268,0.314,0.363,0.196,0.392,0.257,0.253,0.271,0.354,0.257,0.274,0.314,0.313,0.409,0.208,0.132,0.154,0.339,0.357,0.281,0.112,0.138,0.167,0.342,0.328,0.147,0.31,0.21,0.132,0.277,0.387,0.239,0.251,0.214,0.32,0.187,0.383,0.26,0.266,0.245,0.383,0.183,0.198,0.232,0.177,0.276,0.268,0.19,0.173,0.237,0.211,0.281,0.118,0.239,0.158,0.202,0.169,0.227,0.287,0.339,0.137,0.297,0.297,0.245,0.383,0.287,0.183,0.348,0.174,0.137,0.423,0.122,0.208
0.11,0.11,0.594,0.179,0.354,0.093,0.088,0.261,0.2,0.484,0.594,0.33,0.274,0.107,0.397,0.147,0.33,0.397,0.295,0.167,0.28,0.088,0.194,0.227,0.485,0.035,0.27,0.485,0.214,0.397,0.162,0.922,0.106,0.484,0.234,0.594,0.285,0.594,0.063,0.143,0.28,0.311,0.379,0.122,0.594,0.167,0.132,0.193,0.43,0.415,0.594,0.065,0.092,0.047,0.086,0.145,0.484,0.258,0.594,0.28,0.594,0.372,0.146,0.157,0.274,0.279,0.33,0.147,0.128,0.119,0.351,0.592,0.404,0.145,0.167,0.364,0.104,0.22,0.104,0.488,0.484,0.594,0.484,0.117,0.185,0.147,0.484,0.07,0.077,0.039,0.258,0.279,0.22,0.295,0.323,0.594,0.354,0.594,0.323,0.387,0.594,0.145,0.484,0.224,0.594,0.594,0.484,0.594,0.397,0.145,0.155,0.438,0.135,0.258,0.225,0.091,0.364,0.029,0.323,0.661,0.351,0.596,0.146,0.485,1.0,0.364,0.075,0.264,0.484,0.132,0.354,0.193,0.594,0.484,0.145,0.21,0.397,0.193,0.488,0.363,0.14,0.484,0.397,0.922,0.113,0.316,0.187,0.594,0.043,0.33,0.594,0.594,0.484,0.594,0.193,0.594,0.594,0.465,0.091,0.141,0.155,0.258,0.165,0.104,0.14,0.397,0.146,0.172,0.441,0.337,0.404,0.065,0.25,0.152,0.154,0.118,0.097,0.364,0.329,0.095,0.594,0.364,0.117,0.488,0.484,0.155,0.312,0.397,0.594,0.333,0.594,0.594,0.167,0.185,0.259,0.101,0.253,0.099,0.076,0.258,0.147,0.28,0.484,0.594,0.28,0.149,0.594,0.484,0.43,0.397,0.225,0.193,0.594,0.397,0.154,0.594,0.079,0.351,0.084,0.193,0.325,0.594,0.104,0.075,0.484,0.122,0.33,0.067,0.118,0.162,0.073,0.485,0.311,0.08,0.164,0.258,0.641,0.703,0.102,0.279,0.311,0.087,0.311,0.397,0.484,0.184,0.279,0.438,0.193,0.147,0.43,0.484,0.484,0.147,0.105,0.43,0.139,0.179,0.167,0.175,0.11,0.145,0.922,0.101,0.104,0.097,0.346,0.354,0.255,0.193,0.146,0.319,0.594,0.154,0.641,0.594,0.07,0.147,0.104,0.123,0.488,0.258,0.097,0.092,0.076,0.33
0.079,0.187,0.171,0.11,0.113,0.18,0.06,0.086,0.153,0.226,0.185,0.129,0.304,0.11,0.324,0.383,0.112,0.222,0.236,0.116,0.127,0.06,0.182,0.14,0.13,0.294,0.132,0.153,0.18,0.173,0.112,0.174,0.072,0.178,0.17,0.156,0.16,0.149,0.054,0.092,0.117,0.182,0.132,0.138,0.239,0.193,0.292,0.157,0.136,0.119,0.352,0.085,0.088,0.038,0.067,0.168,0.158,0.16,0.162,0.205,0.185,0.325,0.126,0.129,0.232,0.261,0.156,0.202,0.082,0.086,0.213,0.221,0.213,0.138,0.193,0.141,0.075,0.195,0.109,0.146,0.324,0.185,0.226,0.128,0.111,0.216,0.226,0.101,0.21,0.052,0.155,0.163,0.206,0.147,0.107,0.246,0.244,0.211,0.141,0.174,0.173,0.202,0.17,0.19,0.319,0.174,0.168,0.161,0.15,0.144,0.167,0.096,0.087,0.145,0.191,0.087,0.313,0.102,0.13,0.244,0.298,0.177,0.1,0.24,0.364,1.0,0.062,0.246,0.153,0.14,0.123,0.162,0.246,0.172,0.138,0.137,0.332,0.166,0.171,0.212,0.102,0.226,0.152,0.181,0.077,0.105,0.179,0.237,0.067,0.154,0.246,0.199,0.226,0.189,0.156,0.257,0.406,0.199,0.073,0.105,0.116,0.135,0.156,0.116,0.1,0.16,0.13,0.11,0.208,0.112,0.12,0.086,0.179,0.092,0.121,0.152,0.071,0.234,0.189,0.09,0.206,0.647,0.187,0.164,0.15,0.158,0.173,0.15,0.164,0.209,0.246,0.164,0.118,0.182,0.178,0.117,0.129,0.077,0.091,0.186,0.383,0.13,0.146,0.241,0.2,0.115,0.174,0.142,0.199,0.217,0.172,0.196,0.173,0.166,0.158,0.16,0.095,0.213,0.106,0.169,0.212,0.18,0.128,0.113,0.172,0.133,0.271,0.086,0.077,0.192,0.101,0.196,0.1,0.198,0.087,0.118,0.19,0.214,0.277,0.193,0.104,0.163,0.13,0.183,0.142,0.207,0.144,0.224,0.165,0.383,0.152,0.151,0.142,0.383,0.199,0.125,0.127,0.117,0.145,0.149,0.187,0.097,0.43,0.117,0.116,0.121,0.162,0.118,0.161,0.16,0.182,0.126,0.188,0.131,0.177,0.168,0.101,0.383,0.141,0.089,0.181,0.124,0.065,0.145,0.067,0.148
0.153,0.087,0.214,0.291,0.207,0.094,0.33,0.056,0.216,0.148,0.182,0.15,0.053,0.078,0.126,0.296,0.148,0.111,0.164,0.345,0.267,0.33,0.051,0.108,0.143,0.055,0.302,0.078,0.243,0.131,0.12,0.177,0.247,0.223,0.124,0.463,0.146,0.273,0.432,0.201,0.269,0.063,0.151,0.139,0.105,0.311,0.099,0.164,0.102,0.346,0.087,0.084,0.29,0.309,0.347,0.07,0.116,0.066,0.072,0.099,0.154,0.054,0.296,0.083,0.08,0.177,0.25,0.431,0.207,0.222,0.195,0.095,0.084,0.084,0.311,0.109,0.454,0.168,0.357,0.17,0.09,0.102,0.148,0.164,0.511,0.211,0.148,0.228,0.077,0.258,0.18,0.201,0.169,0.184,0.191,0.173,0.162,0.134,0.113,0.183,0.15,0.098,0.199,0.127,0.129,0.159,0.238,0.197,0.116,0.182,0.16,0.193,0.46,0.197,0.139,0.148,0.177,0.048,0.237,0.093,0.145,0.088,0.35,0.139,0.075,0.062,1.0,0.056,0.119,0.08,0.088,0.087,0.173,0.127,0.084,0.132,0.066,0.11,0.161,0.054,0.652,0.148,0.106,0.09,0.154,0.067,0.172,0.116,0.337,0.267,0.173,0.079,0.148,0.213,0.108,0.098,0.084,0.175,0.347,0.084,0.18,0.14,0.176,0.531,0.315,0.12,0.084,0.199,0.149,0.081,0.106,0.089,0.095,0.153,0.085,0.067,0.062,0.25,0.114,0.187,0.14,0.051,0.225,0.113,0.317,0.196,0.119,0.145,0.109,0.061,0.173,0.129,0.178,0.152,0.131,0.118,0.095,0.557,0.458,0.126,0.296,0.08,0.093,0.089,0.259,0.254,0.136,0.104,0.192,0.128,0.071,0.235,0.214,0.116,0.207,0.201,0.342,0.071,0.471,0.249,0.092,0.132,0.308,0.66,0.108,0.106,0.085,0.282,0.155,0.118,0.155,0.07,0.179,0.063,0.237,0.2,0.161,0.094,0.074,0.127,0.144,0.056,0.051,0.126,0.106,0.216,0.173,0.066,0.096,0.296,0.085,0.163,0.177,0.296,0.095,0.103,0.136,0.244,0.241,0.21,0.087,0.255,0.06,0.451,0.531,0.07,0.138,0.076,0.319,0.122,0.1,0.245,0.135,0.088,0.102,0.128,0.59,0.296,0.315,0.253,0.233,0.221,0.182,0.161,0.172,0.094
0.07,0.097,0.195,0.11,0.124,0.059,0.053,0.312,0.166,0.346,0.195,0.104,0.218,0.08,0.192,0.271,0.125,0.113,0.253,0.092,0.092,0.053,0.256,0.096,0.134,0.069,0.157,0.114,0.147,0.124,0.091,0.194,0.062,0.153,0.121,0.185,0.092,0.167,0.049,0.078,0.106,0.193,0.094,0.12,0.215,0.136,0.124,0.08,0.169,0.244,0.311,0.051,0.085,0.037,0.071,0.104,0.187,0.316,0.134,0.212,0.237,0.714,0.093,0.073,0.239,0.152,0.238,0.152,0.067,0.068,0.195,0.213,0.158,0.125,0.136,0.152,0.067,0.109,0.067,0.193,0.386,0.158,0.346,0.088,0.101,0.166,0.285,0.067,0.477,0.036,0.122,0.099,0.11,0.112,0.194,0.35,0.471,0.242,0.243,0.257,0.254,0.179,0.139,0.095,0.274,0.272,0.192,0.108,0.172,0.111,0.102,0.126,0.082,0.114,0.142,0.088,0.151,0.066,0.214,0.168,0.131,0.173,0.071,0.109,0.264,0.246,0.056,1.0,0.161,0.12,0.231,0.14,0.35,0.149,0.125,0.088,0.35,0.107,0.206,0.217,0.079,0.346,0.226,0.19,0.065,0.194,0.152,0.159,0.044,0.178,0.35,0.13,0.346,0.154,0.12,0.188,0.346,0.283,0.064,0.145,0.111,0.149,0.072,0.083,0.12,0.147,0.087,0.087,0.208,0.148,0.152,0.052,0.162,0.074,0.075,0.174,0.062,0.12,0.143,0.067,0.119,0.235,0.074,0.136,0.12,0.091,0.156,0.182,0.157,0.625,0.35,0.157,0.104,0.099,0.129,0.073,0.109,0.066,0.064,0.122,0.271,0.116,0.195,0.199,0.238,0.109,0.196,0.203,0.132,0.237,0.157,0.137,0.162,0.192,0.083,0.136,0.056,0.1,0.073,0.15,0.127,0.265,0.068,0.074,0.186,0.085,0.169,0.055,0.058,0.154,0.054,0.112,0.141,0.537,0.084,0.207,0.176,0.17,0.089,0.1,0.215,0.082,0.228,0.218,0.206,0.2,0.092,0.175,0.126,0.271,0.164,0.268,0.142,0.271,0.137,0.142,0.128,0.112,0.109,0.112,0.097,0.093,0.375,0.064,0.083,0.085,0.198,0.142,0.216,0.143,0.095,0.106,0.193,0.13,0.178,0.225,0.067,0.271,0.078,0.08,0.156,0.123,0.069,0.082,0.053,0.12
0.111,0.248,0.373,0.163,0.239,0.184,0.112,0.173,0.198,1.0,0.329,0.294,0.205,0.156,0.33,0.258,0.293,0.429,0.231,0.193,0.426,0.112,0.392,0.2,0.332,0.305,0.231,0.347,0.22,0.449,0.16,0.309,0.12,0.446,0.223,0.358,0.324,0.339,0.104,0.149,0.365,0.288,0.286,0.112,0.486,0.311,0.248,0.276,0.314,0.262,0.362,0.096,0.198,0.076,0.13,0.168,0.288,0.606,0.419,0.769,0.332,0.194,0.179,0.177,0.648,0.464,0.528,0.178,0.132,0.184,0.293,0.287,0.309,0.421,0.311,0.349,0.14,0.284,0.155,0.326,0.382,0.469,1.0,0.15,0.231,0.148,0.815,0.23,0.13,0.229,0.229,0.233,0.264,0.266,0.262,0.915,0.279,0.368,0.291,0.374,0.357,0.121,0.54,0.279,0.425,0.368,0.373,0.493,0.303,0.175,0.311,0.232,0.162,0.28,0.298,0.112,0.295,0.063,0.291,0.18,0.275,0.342,0.148,0.403,0.484,0.153,0.119,0.161,1.0,0.246,0.308,0.194,0.915,0.46,0.421,0.218,0.419,0.216,0.312,0.296,0.184,1.0,0.386,0.326,0.143,0.272,0.141,0.36,0.288,0.354,0.915,0.446,1.0,0.531,0.17,0.374,0.407,0.289,0.132,0.103,0.217,0.224,0.22,0.605,0.261,0.39,0.139,0.165,0.268,0.284,0.326,0.09,0.232,0.189,0.151,0.148,0.132,0.231,0.301,0.142,0.496,0.131,0.292,0.337,0.404,0.179,0.37,0.245,0.419,0.164,0.915,0.351,0.185,0.27,0.242,0.126,0.22,0.166,0.514,0.257,0.258,0.365,0.486,0.401,0.362,0.178,0.374,0.511,0.349,0.736,0.204,0.185,0.368,0.377,0.217,0.48,0.113,0.286,0.88,0.183,0.373,0.409,0.177,0.531,0.333,0.239,0.263,0.207,0.125,0.159,0.109,0.321,0.305,0.094,0.161,0.258,0.554,0.536,0.162,0.376,0.266,0.293,0.342,0.413,0.315,0.184,0.219,0.273,0.266,0.258,0.38,0.338,0.451,0.258,0.129,0.298,0.169,0.17,0.214,0.283,0.248,0.208,0.178,0.168,1.0,0.138,0.226,0.278,0.23,0.167,0.262,0.283,0.526,0.203,0.539,0.368,0.484,0.258,0.187,0.18,0.352,0.208,0.109,0.198,0.093,0.29
0.105,0.06,0.243,0.468,0.155,0.171,0.09,0.146,0.47,0.203,0.243,0.78,0.234,0.209,0.189,0.119,0.148,0.198,0.242,0.152,0.329,0.09,0.094,0.195,0.177,0.034,0.179,0.268,0.095,0.242,0.212,0.172,0.112,0.618,0.158,0.243,0.288,0.468,0.069,0.135,0.177,0.269,0.156,0.101,0.243,0.152,0.067,0.288,0.184,0.187,0.254,0.064,0.093,0.055,0.124,0.198,0.203,0.109,0.44,0.131,0.243,0.171,0.78,0.168,0.122,0.257,0.271,0.119,0.133,0.176,0.155,0.203,0.148,0.198,0.152,0.271,0.103,0.28,0.103,0.265,0.203,0.755,0.203,0.114,0.46,0.119,0.203,0.076,0.291,0.047,0.321,0.257,0.28,0.248,0.134,0.243,0.165,0.243,0.202,0.618,0.243,0.072,0.203,0.234,0.321,0.243,0.222,0.243,0.202,0.123,0.198,0.152,0.186,0.321,0.152,0.093,0.225,0.029,0.144,0.138,0.288,0.12,0.78,0.234,0.132,0.14,0.08,0.12,0.246,1.0,0.155,0.347,0.243,0.291,0.198,0.618,1.0,0.201,0.202,0.169,0.176,0.203,0.172,0.235,0.121,0.119,0.123,0.321,0.052,0.271,0.243,0.243,0.203,0.264,0.108,0.255,0.265,0.271,0.1,0.07,0.175,0.321,0.165,0.103,0.112,0.177,0.78,0.468,0.188,1.0,0.208,0.064,0.468,0.154,0.279,0.087,0.115,0.324,0.189,0.096,1.0,0.13,0.171,0.188,0.322,0.144,0.154,0.172,0.468,0.11,0.243,0.243,0.152,0.419,0.242,0.206,0.13,0.099,0.08,0.321,0.119,0.244,0.203,0.243,0.131,0.115,0.243,0.203,0.277,0.172,0.119,0.152,0.553,0.618,0.156,0.243,0.083,0.186,0.087,0.152,0.321,0.243,0.103,0.08,0.203,0.161,0.161,0.164,0.117,0.212,0.079,0.185,0.165,0.17,0.218,0.165,0.321,0.243,0.272,0.321,0.165,0.145,0.207,0.202,0.203,0.13,0.257,0.152,0.227,0.119,0.184,0.203,0.203,0.119,0.135,0.197,0.103,0.553,0.195,0.212,0.06,0.198,0.15,0.094,0.103,0.122,0.182,0.155,0.147,0.116,0.78,0.135,0.243,0.156,0.4,0.243,0.076,0.119,0.103,0.122,0.234,0.321,0.096,0.093,0.08,0.287
0.128,0.224,0.369,0.168,0.239,0.089,0.088,0.312,0.135,0.652,0.392,0.173,0.239,0.131,0.188,0.15,0.232,0.184,0.27,0.141,0.159,0.088,0.459,0.161,0.274,0.04,0.278,0.203,0.134,0.327,0.166,0.35,0.115,0.274,0.393,0.362,0.185,0.319,0.076,0.13,0.201,0.244,0.18,0.19,0.349,0.178,0.283,0.143,0.402,0.288,0.214,0.074,0.104,0.061,0.093,0.266,0.391,0.562,0.27,0.423,0.462,0.196,0.16,0.406,0.569,0.304,0.433,0.136,0.147,0.481,0.251,0.323,0.396,0.591,0.178,0.423,0.109,0.195,0.097,0.436,0.38,0.284,0.652,0.111,0.134,0.149,0.574,0.091,0.097,0.059,0.199,0.186,0.19,0.217,0.357,0.659,0.353,0.433,0.527,0.453,0.542,0.242,0.333,0.112,0.398,0.58,0.353,0.192,0.466,0.223,0.14,0.213,0.119,0.187,0.238,0.108,0.181,0.035,0.392,0.124,0.178,0.252,0.16,0.184,0.354,0.123,0.088,0.231,0.308,0.155,1.0,0.246,0.659,0.196,0.591,0.21,0.229,0.184,0.386,0.292,0.107,0.652,0.432,0.299,0.15,0.394,0.161,0.29,0.066,0.453,0.659,0.315,0.652,0.242,0.197,0.257,0.314,0.366,0.112,0.125,0.136,0.241,0.136,0.117,0.171,0.46,0.139,0.223,0.238,0.244,0.344,0.074,0.309,0.172,0.21,0.105,0.082,0.109,0.206,0.22,0.178,0.098,0.099,0.226,0.218,0.132,0.428,0.355,0.224,0.288,0.659,0.306,0.159,0.128,0.284,0.097,0.221,0.1,0.094,0.192,0.15,0.247,0.35,0.48,0.257,0.146,0.365,0.39,0.285,0.509,0.271,0.253,0.326,0.343,0.159,0.251,0.092,0.146,0.101,0.314,0.202,0.557,0.089,0.096,0.426,0.118,0.238,0.097,0.096,0.186,0.076,0.178,0.153,0.1,0.123,0.403,0.25,0.35,0.076,0.185,0.236,0.324,0.261,0.37,0.429,0.238,0.204,0.254,0.226,0.15,0.441,0.457,0.249,0.15,0.211,0.311,0.16,0.173,0.154,0.213,0.224,0.344,0.182,0.111,0.117,0.182,0.26,0.454,0.371,0.257,0.191,0.214,0.408,0.567,0.302,0.479,0.091,0.15,0.091,0.11,0.25,0.194,0.121,0.089,0.082,0.254
0.133,0.245,0.241,0.194,0.171,0.144,0.082,0.128,0.194,0.341,0.217,0.206,0.198,0.216,0.21,0.269,0.129,0.137,0.215,0.161,0.127,0.082,0.289,0.161,0.233,0.059,0.179,0.222,0.158,0.154,0.173,0.216,0.094,0.309,0.242,0.208,0.24,0.205,0.073,0.167,0.189,0.257,0.183,0.214,0.247,0.306,0.498,0.233,0.193,0.171,0.192,0.132,0.107,0.053,0.09,0.094,0.187,0.177,0.21,0.26,0.228,0.152,0.224,0.128,0.562,0.185,0.179,0.154,0.085,0.115,0.223,0.221,0.273,0.135,0.306,0.221,0.103,0.202,0.121,0.194,0.209,0.282,0.341,0.136,0.143,0.224,0.341,0.137,0.122,0.07,0.156,0.166,0.204,0.181,0.133,0.383,0.174,0.279,0.189,0.19,0.25,0.264,0.218,0.205,0.237,0.259,0.213,0.188,0.193,0.279,0.149,0.121,0.11,0.203,0.312,0.113,0.207,0.054,0.184,0.124,0.184,0.176,0.16,0.18,0.193,0.162,0.087,0.14,0.194,0.347,0.246,1.0,0.383,0.226,0.135,0.192,0.203,0.274,0.188,0.195,0.123,0.341,0.216,0.189,0.222,0.15,0.16,0.216,0.085,0.176,0.383,0.23,0.341,0.179,0.258,0.204,0.254,0.299,0.092,0.122,0.169,0.162,0.132,0.179,0.152,0.238,0.145,0.154,0.169,0.189,0.198,0.1,0.181,0.121,0.171,0.251,0.328,0.147,0.153,0.092,0.173,0.137,0.122,0.181,0.194,0.15,0.438,0.181,0.234,0.144,0.383,0.191,0.255,0.196,0.252,0.129,0.13,0.141,0.133,0.267,0.269,0.196,0.211,0.227,0.138,0.132,0.217,0.203,0.245,0.307,0.18,0.347,0.228,0.231,0.169,0.171,0.084,0.102,0.153,0.401,0.193,0.262,0.088,0.151,0.21,0.122,0.166,0.139,0.118,0.228,0.085,0.156,0.241,0.161,0.117,0.145,0.222,0.244,0.142,0.22,0.255,0.626,0.14,0.256,0.192,0.149,0.145,0.131,0.299,0.269,0.159,0.183,0.162,0.269,0.238,0.21,0.157,0.201,0.196,0.205,0.245,0.121,0.16,0.102,0.179,0.251,0.165,0.359,0.34,0.324,0.258,0.159,0.287,0.233,0.214,0.243,0.137,0.269,0.093,0.113,0.178,0.143,0.116,0.104,0.079,0.2
0.272,0.272,1.0,0.357,0.659,0.172,0.16,0.516,0.323,0.915,1.0,0.795,0.507,0.234,0.847,0.204,0.795,0.847,0.551,0.28,0.756,0.16,0.384,0.44,0.847,0.067,0.548,0.847,0.376,0.847,0.318,0.847,0.218,0.915,0.401,1.0,0.681,1.0,0.15,0.237,0.756,0.545,0.721,0.221,1.0,0.28,0.29,0.383,0.809,0.567,1.0,0.143,0.178,0.114,0.161,0.279,0.915,0.545,1.0,0.756,1.0,0.35,0.306,0.347,0.635,0.49,0.795,0.204,0.279,0.279,0.744,0.915,0.795,0.279,0.28,0.73,0.191,0.392,0.191,0.782,0.915,1.0,0.915,0.217,0.224,0.204,0.915,0.161,0.171,0.097,0.392,0.49,0.392,0.513,0.663,1.0,0.752,1.0,0.663,0.695,1.0,0.303,0.915,0.25,1.0,1.0,0.915,1.0,0.847,0.303,0.279,0.69,0.258,0.399,0.584,0.188,0.727,0.065,0.756,0.239,0.567,0.677,0.306,0.847,0.594,0.246,0.173,0.35,0.915,0.243,0.659,0.383,1.0,0.915,0.279,0.392,0.847,0.383,0.782,0.535,0.224,0.915,0.847,0.608,0.265,0.602,0.256,1.0,0.116,0.795,1.0,1.0,0.915,1.0,0.383,1.0,1.0,0.635,0.211,0.294,0.259,0.392,0.321,0.191,0.273,0.847,0.306,0.318,0.831,0.609,0.795,0.143,0.534,0.313,0.323,0.24,0.182,0.259,0.704,0.195,1.0,0.236,0.252,0.782,0.915,0.259,0.658,0.847,1.0,0.546,1.0,1.0,0.28,0.298,0.454,0.188,0.602,0.195,0.155,0.392,0.204,0.756,0.915,1.0,0.756,0.243,1.0,0.915,0.809,0.847,0.584,0.383,1.0,0.847,0.34,1.0,0.162,0.567,0.172,0.383,0.548,1.0,0.191,0.173,0.915,0.221,0.795,0.187,0.217,0.318,0.168,0.847,0.545,0.186,0.278,0.597,0.915,1.0,0.157,0.49,0.545,0.189,0.545,0.847,0.915,0.432,0.49,0.69,0.383,0.204,0.809,0.915,0.915,0.204,0.181,0.809,0.23,0.357,0.28,0.345,0.272,0.279,0.608,0.192,0.191,0.237,0.533,0.659,0.444,0.383,0.306,0.62,1.0,0.323,1.0,1.0,0.161,0.204,0.191,0.229,0.782,0.392,0.204,0.178,0.155,0.795
0.142,0.63,0.285,0.197,0.27,0.145,0.099,0.134,0.181,0.815,0.26,0.314,0.181,0.124,0.304,0.296,0.224,0.356,0.203,0.169,0.246,0.099,0.313,0.25,0.228,0.465,0.182,0.241,0.171,0.249,0.134,0.231,0.139,0.332,0.168,0.272,0.297,0.282,0.088,0.157,0.217,0.263,0.221,0.111,0.332,0.323,0.248,0.259,0.203,0.195,0.356,0.145,0.115,0.062,0.102,0.119,0.289,0.45,0.277,0.627,0.256,0.181,0.194,0.128,0.531,0.45,0.303,0.16,0.164,0.13,0.245,0.224,0.227,0.233,0.323,0.239,0.112,0.237,0.176,0.248,0.281,0.355,0.815,0.123,0.198,0.154,1.0,0.21,0.118,0.19,0.169,0.213,0.236,0.266,0.172,0.915,0.237,0.364,0.209,0.32,0.267,0.114,0.321,0.201,0.402,0.272,0.295,0.365,0.229,0.151,0.155,0.179,0.136,0.218,0.239,0.091,0.24,0.136,0.21,0.121,0.259,0.224,0.154,0.248,0.484,0.172,0.127,0.149,0.46,0.291,0.196,0.226,0.915,1.0,0.233,0.191,0.376,0.169,0.251,0.195,0.147,0.815,0.25,0.257,0.165,0.172,0.138,0.262,0.223,0.279,0.915,0.306,0.815,0.335,0.127,0.299,0.338,0.26,0.112,0.095,0.146,0.182,0.202,0.341,0.153,0.258,0.158,0.176,0.234,0.257,0.255,0.141,0.196,0.132,0.15,0.233,0.198,0.199,0.228,0.105,0.334,0.139,0.22,0.264,0.281,0.163,0.313,0.19,0.311,0.166,0.915,0.311,0.167,0.242,0.224,0.131,0.156,0.17,0.313,0.198,0.296,0.297,0.354,0.298,0.238,0.139,0.305,0.298,0.28,0.902,0.142,0.16,0.295,0.265,0.216,0.34,0.094,0.226,0.305,0.156,0.276,0.337,0.149,0.378,0.256,0.159,0.245,0.168,0.151,0.141,0.099,0.285,0.245,0.115,0.138,0.169,0.367,0.333,0.179,0.326,0.207,0.194,0.192,0.289,0.23,0.175,0.197,0.206,0.267,0.296,0.232,0.234,0.295,0.296,0.136,0.197,0.136,0.207,0.202,0.252,0.63,0.131,0.205,0.122,0.341,0.098,0.227,0.207,0.208,0.128,0.34,0.205,0.344,0.172,0.377,0.287,0.347,0.296,0.14,0.127,0.266,0.185,0.12,0.145,0.118,0.25
0.059,0.059,0.279,0.09,0.17,0.101,0.095,0.159,0.283,0.233,0.279,0.194,0.126,0.098,0.611,0.15,0.168,1.0,0.15,0.178,0.159,0.095,0.273,0.22,0.196,0.036,0.122,0.196,0.102,0.421,0.1,0.196,0.119,0.233,0.762,0.279,0.304,0.279,0.07,0.152,0.171,0.181,0.154,0.107,0.279,0.178,0.068,0.145,0.43,0.205,0.279,0.069,0.1,0.053,0.131,1.0,0.233,0.116,0.376,0.147,0.279,0.125,0.165,0.762,0.295,0.304,0.591,0.15,0.145,0.591,0.173,0.233,0.444,1.0,0.178,1.0,0.112,0.319,0.112,1.0,0.233,0.376,0.233,0.127,0.298,0.15,0.233,0.078,0.058,0.044,0.376,0.304,0.319,0.291,0.147,0.279,0.181,0.279,0.231,1.0,0.279,0.073,0.712,0.21,0.376,0.279,0.233,0.279,1.0,0.075,0.224,0.168,0.208,0.376,0.259,0.1,0.156,0.029,0.165,0.151,0.291,0.132,0.165,0.196,0.145,0.138,0.084,0.125,0.421,0.198,0.591,0.135,0.279,0.233,1.0,0.231,0.198,0.111,0.231,0.185,0.192,0.233,0.196,0.138,0.131,0.128,0.133,0.376,0.049,0.591,0.279,0.591,0.233,0.298,0.096,0.279,0.279,0.307,0.105,0.071,0.194,0.376,0.184,0.112,0.122,0.591,0.165,0.189,0.363,0.198,0.168,0.069,0.148,0.171,0.174,0.089,0.123,0.165,0.21,0.494,0.291,0.138,0.181,0.21,0.376,0.165,0.295,0.196,0.279,0.117,0.279,0.279,0.178,0.226,0.283,0.107,0.128,0.106,0.083,0.376,0.15,0.147,0.233,0.489,0.591,0.124,0.279,0.233,1.0,0.196,0.259,0.178,0.279,0.494,0.176,0.279,0.087,0.132,0.092,0.178,0.444,0.279,0.112,0.084,0.233,0.175,0.169,0.08,0.128,0.1,0.082,0.196,0.181,0.085,0.245,0.184,0.376,0.489,0.101,0.762,0.181,0.045,0.181,0.231,0.233,0.15,0.304,0.168,0.139,0.15,0.444,0.527,0.233,0.15,0.092,0.43,0.112,0.11,0.22,0.267,0.059,1.0,0.138,0.109,0.112,0.055,0.207,0.17,0.164,0.096,0.165,0.152,0.444,0.485,0.494,0.279,0.078,0.15,0.112,0.133,0.21,0.376,0.103,0.1,0.083,0.231
0.117,0.139,0.263,0.267,0.14,0.227,0.225,0.112,0.238,0.349,0.267,0.334,0.202,0.253,0.185,0.334,0.148,0.203,0.253,0.322,0.2,0.225,0.238,0.158,0.243,0.077,0.216,0.243,0.132,0.274,0.24,0.185,0.208,0.383,0.196,0.223,0.305,0.268,0.115,0.184,0.222,0.196,0.177,0.149,0.224,0.388,0.149,0.32,0.243,0.251,0.165,0.097,0.137,0.081,0.12,0.248,0.19,0.303,0.229,0.268,0.231,0.108,0.362,0.247,0.222,0.771,0.235,0.213,0.202,0.231,0.245,0.199,0.192,0.231,0.388,0.207,0.158,0.334,0.143,0.176,0.203,0.315,0.349,0.176,0.197,0.195,0.349,0.186,0.146,0.094,0.336,0.404,0.376,0.244,0.142,0.392,0.156,0.228,0.404,0.291,0.249,0.106,0.235,0.157,0.306,0.258,0.259,0.213,0.375,0.269,0.238,0.111,0.153,0.259,0.263,0.14,0.195,0.076,0.23,0.104,0.254,0.211,0.371,0.22,0.21,0.137,0.132,0.088,0.218,0.618,0.21,0.192,0.392,0.191,0.231,1.0,0.228,0.216,0.332,0.201,0.144,0.349,0.27,0.215,0.172,0.176,0.183,0.285,0.119,0.215,0.392,0.234,0.349,0.214,0.533,0.235,0.196,0.244,0.23,0.096,0.224,0.322,0.171,0.227,0.16,0.26,0.3,0.334,0.157,0.293,0.177,0.087,0.278,0.16,0.333,0.115,0.09,0.204,0.174,0.145,0.231,0.106,0.179,0.185,0.267,0.209,0.216,0.203,0.238,0.107,0.392,0.196,0.21,0.217,0.268,0.191,0.404,0.16,0.173,0.233,0.334,0.202,0.355,0.263,0.219,0.172,0.247,0.259,0.299,0.315,0.326,0.235,0.301,0.322,0.207,0.222,0.129,0.132,0.201,0.244,0.23,0.265,0.134,0.208,0.221,0.152,0.202,0.187,0.125,0.185,0.116,0.168,0.134,0.167,0.139,0.188,0.237,0.247,0.191,0.234,0.169,0.169,0.153,0.354,0.194,0.221,0.362,0.137,0.271,0.334,0.212,0.21,0.21,0.334,0.181,0.234,0.14,0.298,0.248,0.278,0.139,0.172,0.131,0.139,0.227,0.301,0.202,0.187,0.183,0.252,0.78,0.178,0.268,0.208,0.245,0.253,0.186,0.334,0.139,0.168,0.184,0.243,0.127,0.13,0.199,0.318
0.103,0.19,0.301,0.283,0.182,0.245,0.072,0.179,0.234,0.902,0.286,0.411,0.352,0.192,0.345,0.329,0.191,0.254,0.28,0.137,0.291,0.072,0.454,0.148,0.286,0.096,0.247,0.322,0.155,0.241,0.169,0.266,0.083,0.45,0.16,0.28,0.304,0.353,0.057,0.111,0.267,0.341,0.228,0.102,0.375,0.278,0.226,0.279,0.268,0.213,0.695,0.073,0.085,0.042,0.078,0.151,0.244,0.647,0.305,0.639,0.298,0.51,0.213,0.152,0.548,0.418,0.397,0.154,0.095,0.121,0.301,0.287,0.27,0.198,0.278,0.269,0.086,0.232,0.088,0.272,0.508,0.477,0.902,0.104,0.157,0.157,0.736,0.127,0.248,0.067,0.193,0.199,0.247,0.192,0.195,0.847,0.434,0.313,0.269,0.364,0.311,0.157,0.351,0.216,0.429,0.322,0.341,0.31,0.243,0.178,0.153,0.176,0.104,0.176,0.269,0.084,0.314,0.091,0.24,0.167,0.29,0.318,0.219,0.299,0.397,0.332,0.066,0.35,0.419,1.0,0.229,0.203,0.847,0.376,0.198,0.228,1.0,0.245,0.252,0.276,0.104,0.902,0.346,0.314,0.085,0.19,0.15,0.407,0.08,0.253,0.847,0.449,0.902,0.311,0.19,0.368,0.573,0.277,0.081,0.113,0.14,0.176,0.128,0.167,0.123,0.315,0.21,0.217,0.26,0.329,0.262,0.071,0.279,0.105,0.162,0.183,0.073,0.21,0.201,0.08,0.377,0.246,0.191,0.286,0.279,0.128,0.292,0.22,0.371,0.329,0.847,0.279,0.159,0.245,0.217,0.151,0.224,0.086,0.125,0.259,0.329,0.3,0.411,0.412,0.287,0.117,0.337,0.424,0.325,0.645,0.227,0.172,0.399,0.386,0.129,0.355,0.068,0.234,0.142,0.173,0.305,0.351,0.09,0.139,0.262,0.118,0.313,0.132,0.088,0.21,0.068,0.268,0.194,0.268,0.112,0.204,0.441,0.432,0.191,0.269,0.25,0.293,0.262,0.367,0.279,0.183,0.182,0.22,0.257,0.329,0.252,0.291,0.39,0.329,0.205,0.254,0.114,0.302,0.174,0.21,0.19,0.116,0.387,0.089,0.167,0.159,0.191,0.253,0.203,0.185,0.78,0.167,0.435,0.145,0.442,0.323,0.127,0.329,0.093,0.103,0.306,0.169,0.083,0.092,0.069,0.271
0.12,0.245,0.208,0.225,0.139,0.247,0.118,0.096,0.165,0.341,0.202,0.212,0.196,0.406,0.206,0.269,0.118,0.134,0.17,0.182,0.19,0.118,0.215,0.099,0.311,0.059,0.218,0.311,0.162,0.146,0.238,0.179,0.117,0.412,0.17,0.203,0.547,0.189,0.098,0.129,0.292,0.212,0.223,0.173,0.204,0.306,0.498,0.585,0.226,0.153,0.2,0.09,0.108,0.075,0.11,0.155,0.166,0.177,0.173,0.26,0.203,0.138,0.175,0.195,0.406,0.201,0.233,0.169,0.108,0.128,0.288,0.163,0.256,0.111,0.306,0.212,0.122,0.263,0.112,0.172,0.26,0.375,0.341,0.122,0.142,0.166,0.341,0.137,0.119,0.134,0.197,0.218,0.257,0.143,0.115,0.383,0.151,0.223,0.143,0.191,0.225,0.263,0.225,0.14,0.293,0.233,0.226,0.177,0.159,0.488,0.138,0.102,0.136,0.122,0.438,0.098,0.238,0.054,0.193,0.073,0.193,0.281,0.144,0.175,0.193,0.166,0.11,0.107,0.216,0.201,0.184,0.274,0.383,0.169,0.111,0.216,0.245,1.0,0.154,0.127,0.126,0.341,0.315,0.174,0.07,0.118,0.12,0.232,0.107,0.172,0.383,0.266,0.341,0.181,0.44,0.169,0.25,0.361,0.124,0.12,0.163,0.118,0.113,0.179,0.155,0.232,0.136,0.151,0.136,0.156,0.194,0.093,0.154,0.102,0.183,0.101,0.061,0.145,0.138,0.098,0.184,0.103,0.112,0.181,0.193,0.148,0.33,0.165,0.205,0.122,0.383,0.176,0.182,0.185,0.302,0.166,0.312,0.138,0.15,0.816,0.269,0.196,0.258,0.211,0.138,0.152,0.22,0.31,0.392,0.307,0.326,0.297,0.238,0.248,0.166,0.205,0.103,0.106,0.153,0.337,0.213,0.246,0.104,0.178,0.185,0.097,0.165,0.185,0.121,0.249,0.079,0.152,0.106,0.199,0.113,0.157,0.278,0.263,0.195,0.211,0.138,0.293,0.148,0.218,0.174,0.152,0.176,0.11,0.424,0.269,0.137,0.186,0.257,0.269,0.236,0.22,0.136,0.23,0.229,0.221,0.245,0.112,0.167,0.104,0.179,0.531,0.141,0.27,0.298,0.573,0.245,0.142,0.343,0.192,0.232,0.228,0.171,0.269,0.108,0.143,0.147,0.155,0.111,0.098,0.082,0.208
0.143,0.194,0.452,0.183,0.208,0.115,0.138,0.3,0.209,0.693,0.452,0.216,0.275,0.114,0.244,0.467,0.279,0.34,0.359,0.204,0.319,0.138,0.461,0.262,0.295,0.334,0.3,0.24,0.252,0.373,0.15,0.385,0.143,0.301,0.276,0.381,0.202,0.355,0.149,0.166,0.25,0.237,0.349,0.336,0.426,0.263,0.212,0.158,0.303,0.331,0.243,0.096,0.225,0.16,0.148,0.171,0.39,0.649,0.286,0.529,0.426,0.173,0.243,0.178,0.47,0.771,0.39,0.26,0.175,0.241,0.304,0.34,0.276,0.231,0.263,0.289,0.217,0.3,0.189,0.427,0.351,0.31,0.693,0.204,0.181,0.245,0.693,0.19,0.135,0.181,0.278,0.267,0.299,0.38,0.352,0.782,0.341,0.385,0.549,0.345,0.451,0.155,0.324,0.291,0.478,0.466,0.382,0.276,0.449,0.207,0.277,0.305,0.194,0.322,0.269,0.229,0.259,0.116,0.381,0.161,0.31,0.256,0.176,0.298,0.488,0.171,0.161,0.206,0.312,0.202,0.386,0.188,0.782,0.251,0.231,0.332,0.252,0.154,1.0,0.338,0.172,0.693,0.401,0.306,0.223,0.345,0.232,0.357,0.233,0.362,0.782,0.267,0.693,0.343,0.16,0.347,0.331,0.371,0.176,0.134,0.205,0.302,0.356,0.206,0.184,0.393,0.171,0.239,0.243,0.304,0.318,0.096,0.31,0.176,0.221,0.13,0.101,0.21,0.436,0.2,0.305,0.14,0.222,0.389,0.289,0.268,0.268,0.377,0.285,0.208,0.782,0.386,0.18,0.22,0.24,0.129,0.201,0.196,0.192,0.186,0.467,0.288,0.427,0.439,0.268,0.215,0.347,0.351,0.294,0.622,0.205,0.228,0.331,0.317,0.263,0.35,0.204,0.321,0.173,0.24,0.263,0.523,0.196,0.217,0.396,0.174,0.348,0.188,0.138,0.164,0.223,0.322,0.217,0.114,0.185,0.361,0.367,0.387,0.117,0.272,0.25,0.144,0.254,0.45,0.358,0.342,0.244,0.364,0.209,0.467,0.36,0.49,0.297,0.467,0.138,0.266,0.149,0.187,0.215,0.317,0.194,0.211,0.216,0.178,0.206,0.125,0.308,0.231,0.316,0.18,0.26,0.405,0.386,0.221,0.304,0.431,0.203,0.467,0.222,0.154,0.423,0.215,0.145,0.273,0.125,0.317
0.092,0.166,0.323,0.099,0.15,0.157,0.062,0.305,0.148,0.45,0.291,0.135,0.364,0.105,0.205,0.129,0.158,0.157,0.23,0.099,0.123,0.062,0.287,0.148,0.226,0.094,0.281,0.231,0.119,0.218,0.137,0.229,0.087,0.214,0.172,0.27,0.157,0.249,0.049,0.089,0.154,0.354,0.16,0.124,0.351,0.132,0.13,0.133,0.261,0.313,0.311,0.069,0.073,0.04,0.081,0.158,0.267,0.383,0.241,0.301,0.335,0.262,0.123,0.162,0.292,0.248,0.275,0.098,0.109,0.117,0.184,0.273,0.236,0.185,0.132,0.213,0.072,0.206,0.077,0.3,0.295,0.259,0.45,0.145,0.1,0.106,0.45,0.066,0.064,0.043,0.262,0.173,0.211,0.221,0.233,0.535,0.277,0.298,0.355,0.221,0.352,0.117,0.207,0.16,0.383,0.366,0.265,0.194,0.276,0.121,0.175,0.206,0.103,0.181,0.159,0.12,0.146,0.09,0.292,0.237,0.239,0.202,0.123,0.299,0.363,0.212,0.054,0.217,0.296,0.169,0.292,0.195,0.535,0.195,0.185,0.201,0.276,0.127,0.338,1.0,0.097,0.45,0.321,0.325,0.182,0.455,0.206,0.323,0.046,0.208,0.535,0.244,0.45,0.233,0.131,0.311,0.301,0.364,0.082,0.096,0.156,0.224,0.123,0.091,0.123,0.243,0.132,0.16,0.185,0.226,0.275,0.071,0.231,0.122,0.193,0.091,0.078,0.108,0.211,0.062,0.211,0.202,0.145,0.222,0.204,0.161,0.215,0.227,0.215,0.202,0.535,0.246,0.099,0.173,0.185,0.095,0.224,0.069,0.071,0.16,0.129,0.178,0.308,0.354,0.136,0.122,0.278,0.314,0.235,0.385,0.177,0.119,0.326,0.245,0.12,0.214,0.059,0.248,0.076,0.13,0.249,0.368,0.084,0.07,0.36,0.142,0.402,0.097,0.076,0.126,0.091,0.221,0.165,0.092,0.116,0.255,0.22,0.275,0.098,0.171,0.228,0.144,0.259,0.338,0.266,0.18,0.177,0.289,0.153,0.129,0.263,0.3,0.205,0.129,0.134,0.219,0.108,0.104,0.161,0.18,0.166,0.115,0.21,0.087,0.091,0.096,0.278,0.224,0.254,0.122,0.161,0.21,0.266,0.196,0.241,0.328,0.066,0.129,0.078,0.084,0.273,0.182,0.083,0.087,0.061,0.208
0.138,0.087,0.241,0.276,0.247,0.094,0.298,0.088,0.294,0.187,0.195,0.207,0.078,0.084,0.145,0.296,0.17,0.171,0.173,0.323,0.309,0.298,0.092,0.143,0.155,0.134,0.301,0.095,0.277,0.199,0.108,0.23,0.24,0.215,0.167,0.557,0.18,0.341,0.368,0.212,0.284,0.146,0.184,0.161,0.171,0.311,0.099,0.188,0.113,0.337,0.175,0.096,0.259,0.259,0.339,0.1,0.137,0.105,0.136,0.123,0.161,0.079,0.289,0.098,0.117,0.233,0.3,0.368,0.225,0.202,0.209,0.129,0.094,0.192,0.311,0.142,0.382,0.26,0.36,0.312,0.118,0.149,0.187,0.195,0.667,0.19,0.187,0.228,0.09,0.258,0.239,0.208,0.261,0.202,0.229,0.224,0.175,0.161,0.133,0.226,0.163,0.083,0.284,0.163,0.182,0.17,0.271,0.291,0.141,0.184,0.234,0.301,0.452,0.249,0.15,0.134,0.203,0.048,0.232,0.124,0.21,0.089,0.303,0.192,0.14,0.102,0.652,0.079,0.184,0.176,0.107,0.123,0.224,0.147,0.192,0.144,0.104,0.126,0.172,0.097,1.0,0.187,0.118,0.114,0.158,0.083,0.192,0.163,0.337,0.318,0.224,0.127,0.187,0.278,0.099,0.176,0.124,0.214,0.311,0.074,0.204,0.194,0.231,0.531,0.284,0.15,0.091,0.196,0.227,0.115,0.109,0.097,0.142,0.161,0.103,0.093,0.097,0.249,0.168,0.182,0.191,0.08,0.298,0.16,0.375,0.193,0.134,0.138,0.16,0.068,0.224,0.159,0.232,0.236,0.143,0.109,0.096,0.545,0.458,0.154,0.296,0.097,0.126,0.141,0.323,0.257,0.148,0.121,0.261,0.16,0.073,0.213,0.247,0.148,0.245,0.244,0.306,0.144,0.471,0.215,0.13,0.158,0.309,0.746,0.137,0.163,0.117,0.316,0.182,0.107,0.167,0.135,0.236,0.066,0.342,0.223,0.223,0.171,0.075,0.208,0.211,0.056,0.122,0.176,0.122,0.201,0.177,0.143,0.112,0.296,0.154,0.211,0.247,0.296,0.094,0.111,0.131,0.235,0.275,0.248,0.087,0.255,0.082,0.47,0.531,0.063,0.19,0.14,0.338,0.106,0.141,0.292,0.161,0.131,0.158,0.149,0.59,0.296,0.325,0.255,0.268,0.295,0.176,0.189,0.164,0.116
0.226,0.226,0.915,0.309,0.574,0.151,0.142,0.416,0.278,1.0,0.915,0.826,0.417,0.197,0.736,0.209,0.826,0.902,0.465,0.266,0.769,0.142,0.374,0.396,0.736,0.059,0.454,0.736,0.341,0.902,0.279,0.902,0.183,1.0,0.345,0.915,0.699,0.915,0.125,0.221,0.769,0.55,0.61,0.18,0.915,0.266,0.248,0.341,0.714,0.48,0.915,0.113,0.158,0.093,0.134,0.233,0.815,0.55,0.915,0.769,0.915,0.346,0.262,0.298,0.648,0.45,0.826,0.209,0.235,0.233,0.784,0.815,0.674,0.233,0.266,0.769,0.171,0.349,0.171,0.693,1.0,0.915,1.0,0.197,0.187,0.209,0.815,0.137,0.143,0.078,0.349,0.45,0.349,0.477,0.678,0.915,0.793,0.915,0.678,0.648,0.915,0.262,1.0,0.209,0.915,1.0,0.815,0.915,0.902,0.262,0.243,0.592,0.214,0.36,0.582,0.166,0.726,0.054,0.769,0.213,0.48,0.556,0.262,0.736,0.484,0.226,0.148,0.346,1.0,0.203,0.652,0.341,0.915,0.815,0.233,0.349,0.902,0.341,0.693,0.45,0.187,1.0,0.902,0.55,0.22,0.499,0.214,0.915,0.093,0.826,0.915,0.915,1.0,0.915,0.341,0.915,1.0,0.553,0.172,0.254,0.243,0.349,0.28,0.171,0.237,0.902,0.262,0.279,0.735,0.508,0.674,0.113,0.529,0.269,0.278,0.199,0.142,0.243,0.584,0.173,0.915,0.226,0.207,0.693,0.815,0.243,0.648,0.736,0.915,0.45,0.915,0.915,0.266,0.253,0.414,0.166,0.499,0.173,0.134,0.349,0.209,0.769,1.0,0.915,0.769,0.206,0.915,1.0,0.714,0.736,0.582,0.341,0.915,0.902,0.291,0.915,0.141,0.48,0.15,0.341,0.463,0.915,0.171,0.148,0.815,0.184,0.674,0.147,0.193,0.279,0.144,0.736,0.55,0.148,0.237,0.586,1.0,1.0,0.146,0.45,0.55,0.157,0.55,0.902,1.0,0.361,0.45,0.592,0.341,0.209,0.714,1.0,1.0,0.209,0.166,0.714,0.191,0.309,0.266,0.334,0.226,0.233,0.489,0.17,0.171,0.195,0.44,0.574,0.362,0.341,0.262,0.515,1.0,0.278,1.0,0.915,0.137,0.209,0.171,0.21,0.693,0.349,0.169,0.158,0.134,0.826
0.14,0.19,0.469,0.184,0.184,0.214,0.102,0.337,0.153,0.902,0.476,0.278,0.344,0.205,0.295,0.218,0.396,0.243,0.414,0.188,0.299,0.102,0.596,0.206,0.603,0.051,0.309,0.461,0.177,0.348,0.223,0.47,0.122,0.455,0.232,0.455,0.288,0.424,0.088,0.162,0.58,0.371,0.391,0.174,0.429,0.254,0.214,0.222,0.501,0.334,0.254,0.082,0.116,0.066,0.103,0.163,0.474,0.798,0.28,0.881,0.559,0.19,0.191,0.195,0.548,0.418,0.41,0.186,0.153,0.205,0.358,0.403,0.313,0.196,0.254,0.367,0.133,0.207,0.12,0.383,0.553,0.393,0.902,0.143,0.127,0.183,0.736,0.118,0.103,0.064,0.229,0.249,0.213,0.269,0.377,0.847,0.408,0.514,0.534,0.378,0.742,0.182,0.296,0.13,0.475,0.706,0.453,0.27,0.446,0.22,0.175,0.24,0.132,0.212,0.363,0.121,0.244,0.046,0.525,0.131,0.244,0.445,0.184,0.25,0.397,0.152,0.106,0.226,0.386,0.172,0.432,0.216,0.847,0.25,0.196,0.27,0.346,0.315,0.401,0.321,0.118,0.902,1.0,0.411,0.151,0.497,0.178,0.387,0.075,0.415,0.847,0.331,0.902,0.307,0.254,0.296,0.374,0.368,0.123,0.154,0.173,0.261,0.15,0.156,0.17,0.529,0.16,0.242,0.276,0.295,0.42,0.081,0.333,0.179,0.216,0.125,0.084,0.148,0.242,0.115,0.252,0.139,0.117,0.316,0.271,0.174,0.351,0.433,0.354,0.255,0.847,0.376,0.177,0.156,0.316,0.16,0.318,0.124,0.117,0.281,0.218,0.436,0.57,0.535,0.255,0.16,0.497,0.676,0.299,0.645,0.335,0.23,0.408,0.361,0.179,0.365,0.108,0.197,0.132,0.262,0.289,0.679,0.112,0.128,0.491,0.13,0.337,0.209,0.112,0.214,0.092,0.247,0.176,0.117,0.13,0.518,0.344,0.406,0.205,0.184,0.28,0.248,0.278,0.439,0.551,0.279,0.252,0.309,0.272,0.218,0.453,0.507,0.469,0.218,0.138,0.428,0.148,0.197,0.208,0.311,0.19,0.153,0.212,0.126,0.156,0.22,0.292,0.383,0.273,0.266,0.227,0.234,0.532,0.214,0.393,0.589,0.118,0.218,0.115,0.137,0.291,0.213,0.132,0.104,0.097,0.346
0.085,0.11,0.334,0.123,0.14,0.158,0.092,0.197,0.158,0.55,0.325,0.184,0.257,0.14,0.23,0.285,0.172,0.18,0.301,0.18,0.198,0.092,0.527,0.143,0.284,0.061,0.224,0.284,0.132,0.208,0.134,0.48,0.099,0.325,0.169,0.301,0.23,0.28,0.077,0.143,0.211,0.274,0.187,0.127,0.367,0.301,0.128,0.214,0.282,0.257,0.264,0.068,0.1,0.055,0.091,0.126,0.279,1.0,0.246,0.342,0.353,0.203,0.176,0.149,0.333,0.288,0.337,0.174,0.106,0.145,0.215,0.313,0.208,0.138,0.301,0.27,0.117,0.203,0.108,0.296,0.309,0.311,0.55,0.131,0.123,0.162,0.489,0.127,0.07,0.063,0.188,0.201,0.208,0.206,0.243,0.608,0.264,0.325,0.411,0.278,0.39,0.107,0.22,0.136,0.371,0.413,0.312,0.254,0.272,0.133,0.155,0.174,0.117,0.183,0.22,0.1,0.192,0.056,0.299,0.296,0.226,0.358,0.142,0.221,0.922,0.181,0.09,0.19,0.326,0.235,0.299,0.189,0.608,0.257,0.138,0.215,0.314,0.174,0.306,0.325,0.114,0.55,0.411,1.0,0.117,0.311,0.256,0.291,0.076,0.276,0.608,0.251,0.55,0.313,0.15,0.222,0.285,0.284,0.1,0.095,0.16,0.217,0.123,0.171,0.134,0.295,0.13,0.193,0.196,0.299,0.355,0.062,0.219,0.126,0.19,0.096,0.07,0.167,0.177,0.103,0.21,0.197,0.116,0.229,0.21,0.16,0.281,0.25,0.231,0.189,0.608,0.245,0.166,0.165,0.205,0.116,0.168,0.115,0.125,0.18,0.285,0.374,0.39,0.399,0.156,0.132,0.319,0.424,0.252,0.393,0.166,0.195,0.28,0.24,0.145,0.267,0.094,0.157,0.144,0.201,0.207,0.409,0.102,0.141,0.296,0.11,0.235,0.146,0.093,0.133,0.08,0.184,0.145,0.103,0.115,0.336,0.324,0.336,0.153,0.181,0.221,0.164,0.229,0.342,0.298,0.208,0.188,0.317,0.283,0.285,0.292,0.318,0.307,0.285,0.118,0.242,0.127,0.134,0.203,0.244,0.11,0.132,0.37,0.104,0.171,0.123,0.214,0.232,0.193,0.154,0.184,0.173,0.364,0.163,0.306,0.362,0.127,0.285,0.106,0.122,0.237,0.178,0.103,0.096,0.081,0.226
0.105,0.055,0.317,0.123,0.117,0.069,0.134,0.082,0.13,0.22,0.192,0.125,0.096,0.06,0.137,0.183,0.322,0.109,0.142,0.156,0.153,0.134,0.153,0.242,0.128,0.034,0.136,0.083,0.104,0.189,0.08,0.2,0.14,0.136,0.144,0.221,0.109,0.206,0.157,0.198,0.142,0.125,0.112,0.162,0.194,0.196,0.064,0.089,0.129,0.159,0.099,0.216,0.129,0.361,0.153,0.086,0.141,0.174,0.144,0.137,0.181,0.059,0.199,0.116,0.126,0.285,0.156,0.167,0.14,0.227,0.174,0.139,0.1,0.131,0.196,0.118,0.252,0.168,0.144,0.139,0.113,0.132,0.22,0.253,0.174,0.129,0.22,0.216,0.048,0.21,0.186,0.188,0.166,0.288,0.13,0.265,0.163,0.208,0.209,0.148,0.196,0.061,0.171,0.15,0.161,0.209,0.159,0.173,0.192,0.142,0.186,0.237,0.193,0.259,0.116,0.268,0.169,0.027,0.219,0.145,0.19,0.083,0.136,0.18,0.113,0.077,0.154,0.065,0.143,0.121,0.15,0.222,0.265,0.165,0.131,0.172,0.085,0.07,0.223,0.182,0.158,0.22,0.151,0.117,1.0,0.124,0.204,0.139,0.552,0.168,0.265,0.106,0.22,0.185,0.069,0.151,0.109,0.184,0.177,0.054,0.186,0.193,0.194,0.22,0.136,0.147,0.096,0.189,0.128,0.097,0.132,0.081,0.132,0.139,0.162,0.185,0.243,0.206,0.102,0.284,0.146,0.071,0.146,0.118,0.158,0.232,0.109,0.135,0.129,0.075,0.265,0.158,0.131,0.146,0.156,0.082,0.094,0.218,0.201,0.101,0.183,0.113,0.255,0.158,0.136,0.133,0.147,0.128,0.152,0.184,0.069,0.153,0.167,0.094,0.129,0.203,0.124,0.079,0.179,0.149,0.108,0.185,0.113,0.235,0.155,0.121,0.109,0.167,0.167,0.079,0.225,0.089,0.224,0.063,0.268,0.145,0.133,0.143,0.06,0.155,0.166,0.043,0.08,0.181,0.139,0.144,0.197,0.088,0.114,0.183,0.144,0.175,0.217,0.183,0.074,0.112,0.113,0.123,0.148,0.179,0.055,0.192,0.063,0.148,0.22,0.047,0.144,0.102,0.164,0.076,0.157,0.205,0.148,0.176,0.168,0.172,0.216,0.183,0.117,0.113,0.185,0.163,0.149,0.151,0.096,0.139
0.116,0.18,0.347,0.116,0.151,0.07,0.071,0.3,0.106,0.499,0.368,0.135,0.3,0.087,0.17,0.133,0.189,0.142,0.354,0.117,0.125,0.071,0.436,0.139,0.264,0.033,0.431,0.192,0.125,0.207,0.158,0.337,0.092,0.223,0.181,0.344,0.123,0.302,0.058,0.105,0.158,0.197,0.166,0.156,0.319,0.161,0.138,0.094,0.335,0.301,0.185,0.057,0.084,0.047,0.074,0.092,0.366,0.577,0.214,0.312,0.447,0.186,0.13,0.136,0.299,0.279,0.253,0.11,0.114,0.144,0.195,0.318,0.246,0.128,0.161,0.227,0.088,0.153,0.079,0.322,0.303,0.224,0.499,0.09,0.085,0.108,0.499,0.072,0.069,0.043,0.16,0.15,0.151,0.183,0.285,0.602,0.302,0.405,0.449,0.284,0.506,0.176,0.183,0.087,0.364,0.534,0.286,0.171,0.288,0.145,0.111,0.215,0.092,0.153,0.162,0.088,0.134,0.026,0.31,0.107,0.191,0.237,0.126,0.172,0.316,0.105,0.067,0.194,0.272,0.119,0.394,0.15,0.602,0.172,0.128,0.176,0.19,0.118,0.345,0.455,0.083,0.499,0.497,0.311,0.124,1.0,0.148,0.27,0.046,0.282,0.602,0.232,0.499,0.216,0.131,0.258,0.259,0.317,0.089,0.113,0.109,0.197,0.112,0.103,0.163,0.302,0.11,0.194,0.201,0.238,0.367,0.056,0.235,0.14,0.18,0.103,0.062,0.087,0.202,0.07,0.154,0.1,0.077,0.22,0.206,0.108,0.237,0.359,0.209,0.267,0.602,0.291,0.106,0.104,0.205,0.078,0.353,0.08,0.077,0.122,0.133,0.191,0.304,0.413,0.132,0.126,0.349,0.362,0.199,0.419,0.181,0.147,0.357,0.234,0.13,0.231,0.073,0.18,0.084,0.172,0.172,0.47,0.072,0.076,0.422,0.094,0.264,0.079,0.075,0.166,0.058,0.188,0.123,0.079,0.096,0.403,0.208,0.242,0.062,0.133,0.192,0.147,0.215,0.306,0.36,0.215,0.164,0.272,0.167,0.133,0.378,0.347,0.209,0.133,0.121,0.258,0.134,0.119,0.129,0.18,0.18,0.104,0.154,0.088,0.103,0.098,0.248,0.275,0.225,0.161,0.154,0.223,0.306,0.222,0.238,0.43,0.072,0.133,0.075,0.085,0.233,0.154,0.099,0.073,0.065,0.193
0.105,0.07,0.284,0.158,0.127,0.091,0.143,0.095,0.234,0.214,0.212,0.129,0.153,0.076,0.126,0.196,0.13,0.179,0.373,0.171,0.193,0.143,0.218,0.137,0.131,0.202,0.163,0.098,0.174,0.191,0.091,0.171,0.158,0.171,0.17,0.242,0.131,0.203,0.163,0.117,0.156,0.113,0.121,0.235,0.21,0.224,0.121,0.12,0.14,0.178,0.174,0.081,0.145,0.144,0.17,0.106,0.181,0.205,0.131,0.139,0.194,0.163,0.314,0.121,0.149,0.273,0.193,0.187,0.139,0.203,0.241,0.181,0.143,0.133,0.224,0.127,0.21,0.188,0.165,0.173,0.212,0.151,0.214,0.311,0.18,0.158,0.214,0.163,0.141,0.174,0.189,0.179,0.183,0.288,0.149,0.256,0.194,0.204,0.222,0.179,0.202,0.131,0.178,0.191,0.179,0.211,0.194,0.189,0.198,0.161,0.229,0.137,0.196,0.177,0.148,0.299,0.21,0.038,0.257,0.191,0.194,0.133,0.142,0.25,0.187,0.179,0.172,0.152,0.141,0.123,0.161,0.16,0.256,0.138,0.133,0.183,0.15,0.12,0.232,0.206,0.192,0.214,0.178,0.256,0.204,0.148,1.0,0.15,0.177,0.214,0.256,0.121,0.214,0.203,0.099,0.182,0.19,0.213,0.19,0.09,0.241,0.174,0.228,0.26,0.161,0.163,0.114,0.21,0.147,0.112,0.14,0.079,0.178,0.15,0.166,0.102,0.064,0.23,0.14,0.133,0.19,0.177,0.173,0.147,0.163,0.332,0.135,0.149,0.136,0.149,0.256,0.223,0.121,0.149,0.179,0.105,0.095,0.201,0.239,0.129,0.196,0.119,0.164,0.19,0.192,0.194,0.169,0.142,0.185,0.182,0.097,0.175,0.191,0.125,0.161,0.187,0.143,0.149,0.221,0.174,0.132,0.191,0.16,0.283,0.163,0.107,0.149,0.131,0.118,0.13,0.369,0.151,0.156,0.102,0.159,0.192,0.174,0.19,0.1,0.159,0.107,0.083,0.104,0.18,0.148,0.151,0.176,0.168,0.148,0.196,0.167,0.197,0.144,0.196,0.132,0.126,0.106,0.156,0.171,0.222,0.07,0.167,0.174,0.18,0.26,0.076,0.15,0.116,0.22,0.114,0.157,0.176,0.188,0.152,0.154,0.179,0.26,0.196,0.175,0.136,0.168,0.166,0.118,0.166,0.114,0.172
0.165,0.272,0.403,0.181,0.203,0.412,0.109,0.234,0.294,0.915,0.356,0.28,0.372,0.3,0.279,0.34,0.246,0.267,0.251,0.21,0.239,0.109,0.384,0.305,0.301,0.149,0.413,0.334,0.173,0.301,0.243,0.327,0.126,0.329,0.22,0.346,0.311,0.326,0.104,0.161,0.264,0.308,0.243,0.131,0.368,0.39,0.29,0.275,0.39,0.253,0.404,0.115,0.127,0.073,0.127,0.243,0.33,0.545,0.386,0.756,0.391,0.231,0.223,0.257,0.635,0.771,0.365,0.196,0.155,0.169,0.253,0.319,0.338,0.376,0.39,0.356,0.137,0.362,0.138,0.303,0.359,0.393,0.915,0.158,0.184,0.191,0.915,0.198,0.106,0.103,0.389,0.285,0.403,0.355,0.226,1.0,0.286,0.356,0.355,0.319,0.433,0.136,0.348,0.246,0.542,0.445,0.509,0.268,0.366,0.224,0.265,0.192,0.173,0.32,0.291,0.127,0.335,0.152,0.326,0.139,0.301,0.299,0.189,0.361,0.594,0.237,0.116,0.159,0.36,0.321,0.29,0.216,1.0,0.262,0.376,0.285,0.407,0.232,0.357,0.323,0.163,0.915,0.387,0.291,0.139,0.27,0.15,1.0,0.131,0.334,1.0,0.509,0.915,0.345,0.224,0.35,0.436,0.303,0.131,0.131,0.223,0.379,0.169,0.236,0.162,0.382,0.197,0.188,0.249,0.274,0.332,0.11,0.231,0.157,0.235,0.12,0.122,0.185,0.274,0.131,0.304,0.163,0.226,0.289,0.404,0.197,0.293,0.314,0.311,0.192,1.0,0.384,0.198,0.317,0.28,0.268,0.347,0.144,0.183,0.271,0.34,0.294,0.383,0.517,0.236,0.171,0.394,0.369,0.446,0.847,0.321,0.23,0.471,0.398,0.199,0.316,0.112,0.258,0.211,0.233,0.324,0.537,0.143,0.22,0.392,0.18,0.423,0.157,0.126,0.237,0.114,0.32,0.183,0.266,0.175,0.275,0.38,0.448,0.188,0.336,0.283,0.189,0.253,0.506,0.361,0.251,0.251,0.238,0.272,0.34,0.31,0.359,0.305,0.34,0.281,0.326,0.157,0.195,0.257,0.232,0.272,0.193,0.283,0.139,0.236,0.208,0.242,0.276,0.241,0.232,0.306,0.226,0.398,0.178,0.377,0.503,0.198,0.34,0.139,0.16,0.327,0.264,0.151,0.136,0.11,0.352
0.204,0.046,0.371,0.394,0.312,0.069,0.283,0.033,0.266,0.093,0.146,0.394,0.038,0.055,0.18,0.163,0.552,0.288,0.163,0.288,0.337,0.283,0.035,0.098,0.112,0.032,0.27,0.075,0.252,0.304,0.092,0.374,0.283,0.239,0.088,0.337,0.226,0.431,0.278,0.149,0.312,0.041,0.211,0.193,0.116,0.178,0.056,0.227,0.082,0.288,0.226,0.055,0.213,0.918,0.256,0.049,0.093,0.041,0.116,0.05,0.116,0.04,0.216,0.058,0.047,0.107,0.337,0.288,0.283,0.294,0.416,0.093,0.061,0.049,0.178,0.093,0.4,0.27,0.288,0.139,0.093,0.146,0.093,0.119,0.337,0.163,0.093,0.199,0.047,0.24,0.296,0.199,0.27,0.283,0.274,0.116,0.255,0.116,0.093,0.235,0.116,0.062,0.337,0.226,0.149,0.116,0.288,0.266,0.093,0.371,0.163,0.918,0.312,0.374,0.178,0.14,0.371,0.023,0.192,0.167,0.631,0.06,0.181,0.163,0.043,0.067,0.337,0.044,0.288,0.052,0.066,0.085,0.116,0.223,0.049,0.119,0.08,0.107,0.233,0.046,0.337,0.093,0.075,0.076,0.552,0.046,0.177,0.131,1.0,0.337,0.116,0.116,0.093,0.459,0.085,0.204,0.116,0.146,0.416,0.06,0.198,0.093,0.337,0.288,0.252,0.162,0.062,0.146,0.111,0.059,0.123,0.044,0.08,0.131,0.066,0.05,0.032,0.265,0.11,0.591,0.288,0.067,0.346,0.258,0.337,0.163,0.127,0.09,0.116,0.041,0.116,0.21,0.178,0.27,0.098,0.09,0.11,0.443,0.252,0.121,0.163,0.05,0.093,0.116,0.337,0.204,0.116,0.093,0.27,0.075,0.041,0.178,0.22,0.093,0.226,0.918,0.252,0.177,0.237,0.178,0.299,0.116,0.288,0.337,0.093,0.09,0.088,0.631,0.178,0.092,0.233,0.075,0.288,0.044,0.918,0.176,0.288,0.202,0.06,0.27,0.149,0.035,0.041,0.127,0.093,0.163,0.199,0.059,0.085,0.163,0.082,0.295,0.918,0.163,0.082,0.082,0.104,0.394,0.192,0.312,0.046,0.357,0.049,0.337,0.288,0.044,0.112,0.066,0.283,0.085,0.062,0.394,0.149,0.066,0.143,0.116,0.312,0.163,0.288,0.153,0.288,0.169,0.149,0.265,0.147,0.093
0.142,0.199,0.416,0.331,0.241,0.106,0.21,0.189,0.228,0.826,0.444,0.257,0.205,0.116,0.228,0.296,0.27,0.376,0.283,0.297,0.371,0.21,0.459,0.267,0.259,0.465,0.276,0.21,0.338,0.382,0.148,0.37,0.187,0.327,0.307,0.486,0.225,0.383,0.237,0.16,0.308,0.199,0.237,0.184,0.392,0.311,0.22,0.206,0.309,0.354,0.25,0.084,0.228,0.177,0.27,0.25,0.532,0.647,0.294,0.537,0.409,0.161,0.229,0.276,0.47,0.392,0.73,0.323,0.215,0.362,0.326,0.298,0.38,0.591,0.311,0.383,0.299,0.269,0.344,0.387,0.328,0.35,0.826,0.194,0.311,0.19,0.674,0.228,0.135,0.258,0.25,0.246,0.265,0.278,0.334,0.795,0.319,0.368,0.401,0.441,0.445,0.146,0.429,0.191,0.417,0.468,0.504,0.311,0.395,0.196,0.233,0.262,0.309,0.268,0.231,0.133,0.303,0.073,0.382,0.141,0.28,0.236,0.19,0.286,0.33,0.154,0.267,0.178,0.354,0.271,0.453,0.176,0.795,0.279,0.591,0.215,0.253,0.172,0.362,0.208,0.318,0.826,0.415,0.276,0.168,0.282,0.214,0.334,0.337,1.0,0.795,0.316,0.826,0.402,0.161,0.282,0.325,0.45,0.267,0.172,0.208,0.264,0.299,0.765,0.272,0.445,0.148,0.29,0.256,0.228,0.259,0.081,0.254,0.168,0.177,0.11,0.095,0.252,0.259,0.252,0.289,0.121,0.308,0.28,0.384,0.277,0.258,0.302,0.288,0.178,0.795,0.351,0.172,0.244,0.233,0.117,0.173,0.314,0.642,0.219,0.296,0.261,0.338,0.512,0.457,0.255,0.34,0.342,0.359,0.575,0.202,0.232,0.351,0.408,0.279,0.449,0.25,0.291,0.685,0.238,0.239,0.499,0.326,0.66,0.358,0.16,0.29,0.181,0.14,0.156,0.181,0.323,0.249,0.115,0.221,0.448,0.36,0.406,0.091,0.285,0.207,0.14,0.216,0.353,0.374,0.228,0.233,0.305,0.193,0.296,0.406,0.424,0.324,0.296,0.121,0.271,0.154,0.321,0.268,0.297,0.199,0.348,0.18,0.34,0.765,0.119,0.22,0.21,0.322,0.183,0.213,0.294,0.43,0.299,0.334,0.419,0.59,0.296,0.348,0.249,0.343,0.277,0.128,0.219,0.128,0.247
0.272,0.272,1.0,0.357,0.659,0.172,0.16,0.516,0.323,0.915,1.0,0.795,0.507,0.234,0.847,0.204,0.795,0.847,0.551,0.28,0.756,0.16,0.384,0.44,0.847,0.067,0.548,0.847,0.376,0.847,0.318,0.847,0.218,0.915,0.401,1.0,0.681,1.0,0.15,0.237,0.756,0.545,0.721,0.221,1.0,0.28,0.29,0.383,0.809,0.567,1.0,0.143,0.178,0.114,0.161,0.279,0.915,0.545,1.0,0.756,1.0,0.35,0.306,0.347,0.635,0.49,0.795,0.204,0.279,0.279,0.744,0.915,0.795,0.279,0.28,0.73,0.191,0.392,0.191,0.782,0.915,1.0,0.915,0.217,0.224,0.204,0.915,0.161,0.171,0.097,0.392,0.49,0.392,0.513,0.663,1.0,0.752,1.0,0.663,0.695,1.0,0.303,0.915,0.25,1.0,1.0,0.915,1.0,0.847,0.303,0.279,0.69,0.258,0.399,0.584,0.188,0.727,0.065,0.756,0.239,0.567,0.677,0.306,0.847,0.594,0.246,0.173,0.35,0.915,0.243,0.659,0.383,1.0,0.915,0.279,0.392,0.847,0.383,0.782,0.535,0.224,0.915,0.847,0.608,0.265,0.602,0.256,1.0,0.116,0.795,1.0,1.0,0.915,1.0,0.383,1.0,1.0,0.635,0.211,0.294,0.259,0.392,0.321,0.191,0.273,0.847,0.306,0.318,0.831,0.609,0.795,0.143,0.534,0.313,0.323,0.24,0.182,0.259,0.704,0.195,1.0,0.236,0.252,0.782,0.915,0.259,0.658,0.847,1.0,0.546,1.0,1.0,0.28,0.298,0.454,0.188,0.602,0.195,0.155,0.392,0.204,0.756,0.915,1.0,0.756,0.243,1.0,0.915,0.809,0.847,0.584,0.383,1.0,0.847,0.34,1.0,0.162,0.567,0.172,0.383,0.548,1.0,0.191,0.173,0.915,0.221,0.795,0.187,0.217,0.318,0.168,0.847,0.545,0.186,0.278,0.597,0.915,1.0,0.157,0.49,0.545,0.189,0.545,0.847,0.915,0.432,0.49,0.69,0.383,0.204,0.809,0.915,0.915,0.204,0.181,0.809,0.23,0.357,0.28,0.345,0.272,0.279,0.608,0.192,0.191,0.237,0.533,0.659,0.444,0.383,0.306,0.62,1.0,0.323,1.0,1.0,0.161,0.204,0.191,0.229,0.782,0.392,0.204,0.178,0.155,0.795
0.145,0.272,0.315,0.146,0.193,0.257,0.083,0.152,0.206,0.915,0.304,0.274,0.25,0.284,0.295,0.467,0.195,0.273,0.241,0.156,0.245,0.083,0.459,0.159,0.282,0.108,0.418,0.317,0.149,0.289,0.207,0.279,0.096,0.366,0.228,0.285,0.355,0.274,0.07,0.125,0.268,0.253,0.236,0.112,0.352,0.28,0.29,0.317,0.327,0.18,0.395,0.088,0.101,0.051,0.088,0.22,0.245,0.545,0.398,0.756,0.295,0.216,0.171,0.267,0.635,0.49,0.384,0.185,0.117,0.209,0.307,0.255,0.404,0.591,0.28,0.332,0.099,0.4,0.098,0.28,0.339,0.491,0.915,0.123,0.16,0.186,0.915,0.161,0.092,0.097,0.232,0.249,0.436,0.215,0.172,1.0,0.218,0.285,0.24,0.413,0.319,0.139,0.481,0.203,0.446,0.326,0.461,0.305,0.365,0.233,0.166,0.159,0.116,0.193,0.326,0.099,0.353,0.116,0.242,0.114,0.311,0.294,0.148,0.279,0.594,0.199,0.079,0.13,0.446,0.243,0.315,0.23,1.0,0.306,0.591,0.234,0.449,0.266,0.267,0.244,0.127,0.915,0.331,0.251,0.106,0.232,0.121,0.509,0.116,0.316,1.0,1.0,0.915,0.322,0.221,0.324,0.446,0.304,0.097,0.103,0.158,0.188,0.149,0.191,0.147,0.429,0.166,0.152,0.285,0.221,0.252,0.093,0.193,0.119,0.208,0.118,0.086,0.158,0.334,0.13,0.352,0.147,0.156,0.32,0.413,0.141,0.313,0.256,0.345,0.161,1.0,0.357,0.188,0.346,0.247,0.187,0.338,0.102,0.155,0.283,0.467,0.282,0.403,0.509,0.255,0.133,0.325,0.419,0.458,0.847,0.284,0.176,0.465,0.473,0.193,0.32,0.099,0.228,0.172,0.177,0.341,0.402,0.097,0.173,0.308,0.144,0.296,0.15,0.118,0.218,0.077,0.382,0.155,0.25,0.122,0.195,0.387,0.551,0.186,0.422,0.213,0.311,0.207,0.469,0.275,0.212,0.22,0.188,0.283,0.467,0.299,0.293,0.353,0.467,0.346,0.271,0.13,0.159,0.283,0.298,0.272,0.182,0.214,0.107,0.191,0.207,0.223,0.287,0.193,0.214,0.306,0.207,0.434,0.242,0.415,0.378,0.161,0.467,0.106,0.12,0.293,0.181,0.101,0.117,0.083,0.322
0.226,0.226,0.915,0.309,0.574,0.151,0.142,0.416,0.278,1.0,0.915,0.826,0.417,0.197,0.736,0.209,0.826,0.902,0.465,0.266,0.769,0.142,0.374,0.396,0.736,0.059,0.454,0.736,0.341,0.902,0.279,0.902,0.183,1.0,0.345,0.915,0.699,0.915,0.125,0.221,0.769,0.55,0.61,0.18,0.915,0.266,0.248,0.341,0.714,0.48,0.915,0.113,0.158,0.093,0.134,0.233,0.815,0.55,0.915,0.769,0.915,0.346,0.262,0.298,0.648,0.45,0.826,0.209,0.235,0.233,0.784,0.815,0.674,0.233,0.266,0.769,0.171,0.349,0.171,0.693,1.0,0.915,1.0,0.197,0.187,0.209,0.815,0.137,0.143,0.078,0.349,0.45,0.349,0.477,0.678,0.915,0.793,0.915,0.678,0.648,0.915,0.262,1.0,0.209,0.915,1.0,0.815,0.915,0.902,0.262,0.243,0.592,0.214,0.36,0.582,0.166,0.726,0.054,0.769,0.213,0.48,0.556,0.262,0.736,0.484,0.226,0.148,0.346,1.0,0.203,0.652,0.341,0.915,0.815,0.233,0.349,0.902,0.341,0.693,0.45,0.187,1.0,0.902,0.55,0.22,0.499,0.214,0.915,0.093,0.826,0.915,0.915,1.0,0.915,0.341,0.915,1.0,0.553,0.172,0.254,0.243,0.349,0.28,0.171,0.237,0.902,0.262,0.279,0.735,0.508,0.674,0.113,0.529,0.269,0.278,0.199,0.142,0.243,0.584,0.173,0.915,0.226,0.207,0.693,0.815,0.243,0.648,0.736,0.915,0.45,0.915,0.915,0.266,0.253,0.414,0.166,0.499,0.173,0.134,0.349,0.209,0.769,1.0,0.915,0.769,0.206,0.915,1.0,0.714,0.736,0.582,0.341,0.915,0.902,0.291,0.915,0.141,0.48,0.15,0.341,0.463,0.915,0.171,0.148,0.815,0.184,0.674,0.147,0.193,0.279,0.144,0.736,0.55,0.148,0.237,0.586,1.0,1.0,0.146,0.45,0.55,0.157,0.55,0.902,1.0,0.361,0.45,0.592,0.341,0.209,0.714,1.0,1.0,0.209,0.166,0.714,0.191,0.309,0.266,0.334,0.226,0.233,0.489,0.17,0.171,0.195,0.44,0.574,0.362,0.341,0.262,0.515,1.0,0.278,1.0,0.915,0.137,0.209,0.171,0.21,0.693,0.349,0.169,0.158,0.134,0.826
0.135,0.272,0.414,0.212,0.266,0.131,0.171,0.184,0.256,0.915,0.351,0.273,0.176,0.13,0.278,0.3,0.281,0.383,0.228,0.262,0.516,0.171,0.384,0.25,0.288,0.225,0.248,0.272,0.294,0.365,0.14,0.338,0.181,0.362,0.246,0.408,0.304,0.365,0.181,0.175,0.406,0.216,0.252,0.167,0.415,0.311,0.29,0.253,0.263,0.322,0.331,0.097,0.325,0.166,0.226,0.165,0.293,0.545,0.317,0.756,0.352,0.157,0.237,0.165,0.635,0.49,0.479,0.257,0.203,0.184,0.3,0.305,0.255,0.298,0.311,0.295,0.24,0.393,0.228,0.286,0.319,0.357,0.915,0.155,0.36,0.173,0.915,0.259,0.148,0.306,0.268,0.268,0.32,0.292,0.282,1.0,0.281,0.33,0.27,0.334,0.365,0.122,0.421,0.371,0.433,0.371,0.428,0.511,0.289,0.193,0.222,0.282,0.272,0.37,0.252,0.142,0.411,0.346,0.3,0.192,0.312,0.245,0.197,0.393,0.594,0.189,0.213,0.154,0.531,0.264,0.242,0.179,1.0,0.335,0.298,0.214,0.311,0.181,0.343,0.233,0.278,0.915,0.307,0.313,0.185,0.216,0.203,0.345,0.459,0.402,1.0,0.322,0.915,1.0,0.147,0.374,0.351,0.304,0.222,0.134,0.306,0.257,0.324,0.765,0.404,0.307,0.178,0.2,0.285,0.257,0.326,0.097,0.212,0.335,0.165,0.12,0.117,0.236,0.365,0.163,0.45,0.15,0.325,0.286,0.364,0.191,0.274,0.273,0.355,0.176,1.0,0.343,0.19,0.279,0.237,0.121,0.186,0.276,0.642,0.248,0.3,0.411,0.333,0.353,0.398,0.291,0.324,0.331,0.352,0.847,0.171,0.217,0.353,0.316,0.38,0.513,0.205,0.264,0.685,0.211,0.377,0.434,0.26,0.66,0.339,0.412,0.267,0.305,0.152,0.145,0.14,0.267,0.282,0.101,0.276,0.329,0.565,0.409,0.128,0.363,0.226,0.189,0.205,0.417,0.307,0.212,0.254,0.246,0.234,0.3,0.305,0.364,0.357,0.3,0.119,0.249,0.247,0.208,0.273,0.287,0.272,0.287,0.202,0.281,0.765,0.111,0.254,0.231,0.295,0.153,0.306,0.341,0.469,0.173,0.464,0.374,0.59,0.3,0.251,0.242,0.366,0.275,0.14,0.332,0.121,0.264
0.147,0.245,0.221,0.226,0.121,0.234,0.102,0.109,0.158,0.341,0.195,0.181,0.227,0.355,0.191,0.269,0.122,0.119,0.198,0.199,0.14,0.102,0.215,0.103,0.238,0.059,0.212,0.253,0.166,0.121,0.297,0.193,0.09,0.338,0.176,0.196,0.338,0.196,0.092,0.16,0.197,0.161,0.165,0.168,0.182,0.306,0.498,0.374,0.26,0.175,0.162,0.074,0.12,0.065,0.092,0.252,0.18,0.177,0.136,0.26,0.22,0.149,0.171,0.215,0.406,0.185,0.188,0.199,0.075,0.139,0.253,0.169,0.259,0.096,0.306,0.19,0.136,0.172,0.12,0.144,0.23,0.267,0.341,0.149,0.114,0.205,0.341,0.137,0.137,0.07,0.209,0.353,0.204,0.145,0.12,0.383,0.166,0.23,0.157,0.169,0.251,0.319,0.189,0.123,0.261,0.263,0.225,0.135,0.158,0.442,0.152,0.089,0.103,0.12,0.404,0.124,0.173,0.054,0.206,0.069,0.176,0.256,0.119,0.183,0.193,0.156,0.108,0.12,0.17,0.108,0.197,0.258,0.383,0.127,0.096,0.533,0.19,0.44,0.16,0.131,0.099,0.341,0.254,0.15,0.069,0.131,0.099,0.224,0.085,0.161,0.383,0.221,0.341,0.147,1.0,0.144,0.234,0.338,0.105,0.142,0.167,0.127,0.077,0.179,0.172,0.201,0.102,0.143,0.121,0.131,0.178,0.062,0.17,0.071,0.172,0.09,0.049,0.157,0.145,0.117,0.134,0.094,0.111,0.157,0.187,0.178,0.326,0.188,0.179,0.139,0.383,0.172,0.186,0.144,0.324,0.172,0.499,0.132,0.133,0.386,0.269,0.16,0.208,0.213,0.127,0.119,0.25,0.266,0.243,0.307,0.523,0.338,0.225,0.293,0.143,0.165,0.11,0.105,0.153,0.411,0.186,0.265,0.11,0.151,0.196,0.092,0.159,0.13,0.09,0.291,0.091,0.133,0.1,0.196,0.08,0.129,0.225,0.205,0.167,0.146,0.147,0.293,0.125,0.207,0.188,0.181,0.297,0.108,0.46,0.269,0.132,0.162,0.198,0.269,0.255,0.242,0.164,0.24,0.182,0.153,0.245,0.121,0.18,0.096,0.179,0.461,0.135,0.251,0.276,0.642,0.125,0.144,0.32,0.198,0.183,0.256,0.137,0.269,0.116,0.129,0.144,0.107,0.105,0.109,0.091,0.192
0.153,0.272,0.365,0.158,0.249,0.143,0.105,0.199,0.213,0.915,0.324,0.283,0.245,0.111,0.294,0.63,0.228,0.352,0.299,0.172,0.246,0.105,0.384,0.198,0.269,0.223,0.215,0.24,0.183,0.337,0.166,0.296,0.126,0.295,0.214,0.314,0.257,0.339,0.1,0.162,0.252,0.26,0.241,0.164,0.372,0.306,0.364,0.199,0.242,0.223,0.419,0.127,0.142,0.074,0.112,0.134,0.277,0.545,0.399,0.756,0.328,0.259,0.201,0.146,0.635,0.619,0.302,0.186,0.154,0.15,0.293,0.309,0.285,0.279,0.306,0.254,0.125,0.325,0.143,0.312,0.363,0.334,0.915,0.125,0.223,0.188,0.915,0.21,0.137,0.289,0.214,0.232,0.31,0.25,0.223,1.0,0.328,0.336,0.296,0.326,0.34,0.162,0.37,0.254,0.424,0.344,0.315,0.361,0.317,0.192,0.181,0.262,0.184,0.277,0.253,0.112,0.297,0.172,0.252,0.167,0.314,0.213,0.142,0.31,0.594,0.257,0.098,0.188,0.374,0.255,0.257,0.204,1.0,0.299,0.279,0.235,0.368,0.169,0.347,0.311,0.176,0.915,0.296,0.222,0.151,0.258,0.182,0.35,0.204,0.282,1.0,0.324,0.915,0.374,0.144,1.0,0.401,0.306,0.12,0.116,0.2,0.209,0.23,0.214,0.185,0.282,0.167,0.181,0.316,0.223,0.24,0.14,0.225,0.192,0.18,0.179,0.129,0.229,0.296,0.11,0.372,0.235,0.229,0.317,0.346,0.161,0.25,0.246,0.34,0.217,1.0,0.36,0.197,0.275,0.23,0.134,0.201,0.159,0.195,0.208,0.63,0.247,0.356,0.35,0.26,0.17,0.311,0.29,0.296,0.847,0.181,0.191,0.373,0.324,0.225,0.346,0.101,0.276,0.172,0.183,0.321,0.4,0.125,0.23,0.342,0.195,0.352,0.155,0.153,0.179,0.104,0.291,0.207,0.125,0.192,0.223,0.389,0.356,0.126,0.333,0.227,0.214,0.2,0.378,0.286,0.218,0.218,0.242,0.207,0.63,0.282,0.31,0.3,0.63,0.177,0.268,0.151,0.165,0.204,0.244,0.272,0.148,0.265,0.123,0.214,0.11,0.263,0.24,0.232,0.151,0.306,0.29,0.37,0.209,0.397,0.35,0.21,0.63,0.13,0.131,0.312,0.198,0.131,0.173,0.11,0.299
0.132,0.272,0.393,0.183,0.228,0.175,0.086,0.231,0.235,1.0,0.377,0.277,0.407,0.21,0.387,0.38,0.303,0.282,0.309,0.163,0.237,0.086,0.384,0.183,0.304,0.082,0.305,0.393,0.19,0.314,0.185,0.353,0.102,0.377,0.202,0.373,0.308,0.359,0.074,0.131,0.269,0.336,0.239,0.131,0.395,0.28,0.292,0.279,0.33,0.261,0.601,0.084,0.102,0.054,0.093,0.151,0.338,0.55,0.365,0.769,0.395,0.408,0.174,0.176,0.648,0.49,0.373,0.2,0.126,0.124,0.315,0.36,0.413,0.279,0.28,0.44,0.103,0.259,0.103,0.416,0.556,0.399,1.0,0.127,0.144,0.205,0.915,0.161,0.227,0.097,0.217,0.235,0.276,0.256,0.262,1.0,0.5,0.434,0.309,0.359,0.426,0.242,0.385,0.217,0.495,0.439,0.415,0.311,0.334,0.213,0.17,0.228,0.129,0.21,0.301,0.101,0.392,0.082,0.319,0.184,0.29,0.28,0.149,0.325,0.594,0.406,0.084,0.346,0.407,0.265,0.314,0.254,1.0,0.338,0.279,0.196,0.573,0.25,0.331,0.301,0.124,1.0,0.374,0.285,0.109,0.259,0.19,0.436,0.116,0.325,1.0,0.446,1.0,0.351,0.234,0.401,1.0,0.362,0.101,0.146,0.164,0.214,0.154,0.191,0.152,0.379,0.159,0.148,0.289,0.256,0.305,0.084,0.234,0.134,0.165,0.254,0.096,0.19,0.274,0.1,0.331,0.216,0.184,0.292,0.372,0.147,0.338,0.309,0.351,0.311,1.0,0.395,0.175,0.254,0.258,0.136,0.278,0.107,0.155,0.267,0.38,0.298,0.372,0.473,0.309,0.138,0.378,0.397,0.372,0.847,0.287,0.227,0.429,0.424,0.168,0.339,0.083,0.231,0.172,0.228,0.344,0.49,0.101,0.173,0.38,0.133,0.336,0.119,0.108,0.273,0.081,0.308,0.233,0.264,0.137,0.263,0.393,0.441,0.171,0.285,0.286,0.25,0.299,0.44,0.385,0.254,0.217,0.256,0.273,0.38,0.323,0.391,0.336,0.38,0.254,0.3,0.135,0.19,0.201,0.215,0.272,0.142,0.45,0.106,0.191,0.174,0.241,0.273,0.273,0.237,0.306,0.218,0.419,0.195,0.394,0.434,0.161,0.38,0.109,0.125,0.345,0.206,0.106,0.11,0.089,0.298
0.154,0.245,0.363,0.233,0.204,0.12,0.146,0.406,0.211,0.553,0.532,0.208,0.263,0.207,0.248,0.38,0.249,0.215,0.309,0.216,0.215,0.146,0.37,0.192,0.257,0.082,0.263,0.214,0.214,0.28,0.168,0.331,0.169,0.393,0.257,0.379,0.294,0.308,0.154,0.164,0.22,0.286,0.185,0.265,0.377,0.306,0.498,0.282,0.289,0.381,0.271,0.147,0.151,0.117,0.187,0.177,0.322,0.497,0.29,0.409,0.379,0.236,0.215,0.185,0.406,0.347,0.48,0.26,0.186,0.202,0.407,0.33,0.312,0.307,0.306,0.287,0.185,0.276,0.159,0.333,0.367,0.468,0.553,0.162,0.21,0.246,0.553,0.153,0.127,0.134,0.297,0.238,0.27,0.262,0.274,0.635,0.37,0.382,0.41,0.349,0.417,0.285,0.306,0.211,0.47,0.433,0.447,0.245,0.492,0.354,0.22,0.223,0.247,0.262,0.487,0.131,0.268,0.082,0.375,0.185,0.222,0.248,0.174,0.216,0.465,0.199,0.175,0.283,0.289,0.271,0.366,0.299,0.635,0.26,0.307,0.244,0.277,0.361,0.371,0.364,0.214,0.553,0.368,0.284,0.184,0.317,0.213,0.303,0.146,0.45,0.635,0.304,0.553,0.304,0.338,0.306,0.362,1.0,0.184,0.153,0.244,0.332,0.201,0.226,0.203,0.303,0.208,0.469,0.338,0.259,0.295,0.186,0.275,0.193,0.224,0.153,0.149,0.193,0.266,0.147,0.243,0.159,0.167,0.24,0.372,0.185,0.34,0.304,0.3,0.213,0.635,0.349,0.19,0.242,0.348,0.207,0.186,0.199,0.212,0.378,0.38,0.242,0.402,0.357,0.218,0.215,0.324,0.32,0.297,0.491,0.255,0.322,0.308,0.323,0.237,0.273,0.156,0.179,0.196,0.363,0.223,0.453,0.155,0.237,0.352,0.184,0.3,0.148,0.207,0.228,0.124,0.208,0.237,0.13,0.239,0.359,0.358,0.33,0.17,0.235,0.282,0.293,0.318,0.38,0.328,0.301,0.232,0.25,0.374,0.38,0.328,0.433,0.264,0.38,0.203,0.25,0.164,0.235,0.421,0.366,0.245,0.216,0.234,0.19,0.226,0.326,0.396,0.254,0.471,0.44,0.213,0.264,0.364,0.324,0.303,0.387,0.223,0.38,0.165,0.196,0.279,0.299,0.14,0.139,0.156,0.3
0.181,0.101,0.254,0.235,0.161,0.097,0.505,0.073,0.168,0.172,0.188,0.169,0.069,0.084,0.118,0.189,0.152,0.116,0.128,0.494,0.273,0.505,0.082,0.107,0.134,0.055,0.226,0.092,0.227,0.168,0.113,0.153,0.53,0.181,0.128,0.323,0.149,0.277,0.328,0.15,0.216,0.074,0.148,0.144,0.121,0.243,0.109,0.172,0.123,0.491,0.108,0.079,0.259,0.462,0.642,0.085,0.13,0.091,0.093,0.11,0.164,0.066,0.228,0.105,0.102,0.218,0.261,0.54,0.526,0.242,0.436,0.116,0.096,0.105,0.243,0.118,0.588,0.177,0.447,0.153,0.107,0.135,0.172,0.137,0.26,0.138,0.172,0.228,0.073,0.281,0.237,0.209,0.188,0.216,0.234,0.211,0.193,0.146,0.134,0.143,0.168,0.09,0.187,0.157,0.143,0.178,0.241,0.182,0.131,0.23,0.144,0.228,0.335,0.183,0.133,0.127,0.225,0.05,0.2,0.13,0.184,0.098,0.194,0.131,0.091,0.073,0.347,0.064,0.132,0.1,0.112,0.092,0.211,0.112,0.105,0.23,0.081,0.124,0.176,0.082,0.311,0.172,0.123,0.1,0.177,0.089,0.19,0.131,0.416,0.267,0.211,0.097,0.172,0.222,0.105,0.12,0.101,0.184,1.0,0.082,0.205,0.207,0.216,0.723,0.286,0.133,0.095,0.201,0.125,0.155,0.165,0.068,0.111,0.256,0.146,0.067,0.063,0.233,0.116,0.196,0.171,0.056,0.222,0.132,0.199,0.16,0.12,0.142,0.117,0.076,0.211,0.152,0.144,0.153,0.152,0.106,0.112,0.392,0.592,0.13,0.189,0.091,0.112,0.115,0.273,0.539,0.149,0.126,0.191,0.143,0.082,0.211,0.231,0.107,0.239,0.292,0.315,0.077,0.402,0.19,0.103,0.153,0.286,0.425,0.127,0.101,0.095,0.213,0.142,0.108,0.18,0.076,0.172,0.066,0.259,0.254,0.221,0.131,0.076,0.138,0.116,0.07,0.07,0.128,0.121,0.151,0.214,0.087,0.13,0.189,0.102,0.212,0.205,0.189,0.091,0.12,0.113,0.226,0.266,0.203,0.101,0.296,0.067,0.408,0.466,0.078,0.133,0.093,0.262,0.112,0.126,0.237,0.146,0.104,0.156,0.15,0.394,0.189,0.29,0.262,0.214,0.272,0.174,0.172,0.243,0.11
0.099,0.173,0.171,0.157,0.076,0.095,0.08,0.097,0.074,0.254,0.169,0.112,0.083,0.088,0.118,0.228,0.095,0.115,0.168,0.145,0.083,0.08,0.104,0.143,0.128,0.102,0.089,0.087,0.197,0.098,0.133,0.136,0.071,0.171,0.125,0.154,0.09,0.138,0.07,0.12,0.094,0.066,0.091,0.102,0.132,0.211,0.262,0.09,0.135,0.135,0.106,0.086,0.108,0.053,0.072,0.074,0.166,0.136,0.084,0.178,0.273,0.132,0.125,0.061,0.165,0.134,0.16,0.193,0.06,0.077,0.107,0.141,0.176,0.071,0.211,0.116,0.105,0.076,0.105,0.101,0.151,0.107,0.254,0.118,0.083,0.19,0.254,0.095,0.133,0.052,0.078,0.115,0.086,0.108,0.1,0.294,0.138,0.187,0.127,0.102,0.212,0.167,0.105,0.079,0.169,0.226,0.17,0.089,0.125,0.144,0.116,0.082,0.078,0.094,0.194,0.114,0.096,0.459,0.152,0.062,0.088,0.452,0.072,0.118,0.141,0.105,0.084,0.145,0.103,0.07,0.125,0.122,0.294,0.095,0.071,0.096,0.113,0.12,0.134,0.096,0.074,0.254,0.154,0.095,0.054,0.113,0.09,0.131,0.06,0.172,0.294,0.103,0.254,0.134,0.142,0.116,0.146,0.153,0.082,1.0,0.119,0.101,0.078,0.131,0.166,0.109,0.254,0.089,0.098,0.098,0.13,0.077,0.1,0.058,0.063,0.067,0.041,0.113,0.112,0.087,0.098,0.081,0.091,0.106,0.102,0.153,0.147,0.155,0.105,0.134,0.294,0.134,0.122,0.065,0.137,0.089,0.087,0.098,0.098,0.115,0.228,0.085,0.113,0.134,0.105,0.095,0.162,0.136,0.101,0.222,0.154,0.181,0.134,0.165,0.105,0.115,0.087,0.09,0.109,0.217,0.131,0.208,0.158,0.102,0.158,0.084,0.144,0.069,0.067,0.155,0.082,0.102,0.073,0.13,0.062,0.105,0.119,0.115,0.101,0.085,0.099,0.125,0.078,0.124,0.152,0.177,0.089,0.111,0.129,0.228,0.115,0.13,0.132,0.228,0.14,0.119,0.162,0.163,0.123,0.088,0.173,0.091,0.127,0.074,0.131,0.126,0.104,0.106,0.138,0.189,0.084,0.106,0.181,0.105,0.114,0.186,0.095,0.228,0.109,0.093,0.091,0.083,0.082,0.106,0.07,0.129
0.156,0.187,0.451,0.178,0.144,0.157,0.155,0.11,0.17,0.243,0.243,0.197,0.092,0.128,0.156,0.383,0.156,0.207,0.24,0.295,0.29,0.155,0.136,0.246,0.21,0.098,0.152,0.146,0.181,0.31,0.16,0.168,0.174,0.268,0.199,0.22,0.167,0.21,0.183,0.233,0.258,0.116,0.172,0.134,0.213,0.469,0.195,0.159,0.154,0.257,0.167,0.118,0.252,0.133,0.227,0.13,0.173,0.13,0.16,0.213,0.222,0.119,0.251,0.136,0.157,0.381,0.219,0.274,0.132,0.167,0.16,0.182,0.147,0.194,0.469,0.196,0.223,0.224,0.184,0.152,0.172,0.203,0.243,0.396,0.257,0.27,0.243,0.245,0.2,0.276,0.259,0.315,0.222,0.373,0.157,0.259,0.186,0.19,0.194,0.146,0.21,0.134,0.256,0.316,0.234,0.213,0.311,0.284,0.2,0.21,0.406,0.128,0.225,0.305,0.269,0.308,0.235,0.102,0.407,0.16,0.212,0.138,0.135,0.47,0.155,0.116,0.18,0.111,0.217,0.175,0.136,0.169,0.259,0.146,0.194,0.224,0.14,0.163,0.205,0.156,0.204,0.243,0.173,0.16,0.186,0.109,0.241,0.223,0.198,0.208,0.259,0.158,0.243,0.306,0.167,0.2,0.164,0.244,0.205,0.119,1.0,0.242,0.194,0.281,0.323,0.153,0.14,0.197,0.158,0.148,0.175,0.105,0.164,0.269,0.132,0.105,0.1,0.357,0.27,0.205,0.271,0.111,0.188,0.187,0.21,0.459,0.202,0.202,0.23,0.095,0.259,0.198,0.257,0.183,0.198,0.166,0.126,0.224,0.221,0.183,0.383,0.204,0.185,0.166,0.204,0.281,0.211,0.174,0.193,0.231,0.115,0.317,0.237,0.184,0.292,0.24,0.175,0.153,0.257,0.304,0.19,0.211,0.174,0.274,0.175,0.327,0.163,0.192,0.151,0.162,0.271,0.126,0.221,0.088,0.218,0.151,0.275,0.186,0.114,0.231,0.211,0.111,0.111,0.322,0.169,0.255,0.209,0.137,0.168,0.383,0.142,0.205,0.174,0.383,0.149,0.161,0.219,0.193,0.311,0.253,0.187,0.224,0.113,0.178,0.281,0.112,0.21,0.122,0.229,0.172,0.18,0.241,0.264,0.138,0.281,0.201,0.245,0.383,0.182,0.237,0.175,0.216,0.181,0.326,0.141,0.189
0.102,0.107,0.313,0.118,0.134,0.121,0.19,0.283,0.334,0.349,0.285,0.184,0.161,0.134,0.142,0.207,0.183,0.161,0.172,0.272,0.164,0.19,0.146,0.226,0.218,0.058,0.173,0.171,0.119,0.254,0.134,0.212,0.226,0.211,0.249,0.271,0.203,0.232,0.117,0.18,0.181,0.202,0.148,0.146,0.256,0.263,0.115,0.15,0.248,0.315,0.18,0.106,0.136,0.091,0.175,0.253,0.275,0.191,0.287,0.268,0.321,0.137,0.229,0.259,0.222,0.771,0.256,0.198,0.31,0.206,0.219,0.259,0.172,0.376,0.263,0.275,0.162,0.313,0.138,0.265,0.216,0.308,0.349,0.166,0.174,0.18,0.349,0.136,0.088,0.078,0.598,0.363,0.331,0.332,0.185,0.392,0.226,0.283,0.397,0.21,0.366,0.112,0.221,0.168,0.386,0.381,0.251,0.186,0.402,0.112,0.367,0.124,0.237,0.449,0.238,0.144,0.16,0.054,0.245,0.172,0.19,0.184,0.224,0.185,0.258,0.135,0.14,0.149,0.224,0.321,0.241,0.162,0.392,0.182,0.376,0.322,0.176,0.118,0.302,0.224,0.194,0.349,0.261,0.217,0.193,0.197,0.174,0.379,0.093,0.264,0.392,0.188,0.349,0.257,0.127,0.209,0.214,0.332,0.207,0.101,0.242,1.0,0.168,0.17,0.156,0.204,0.19,0.244,0.19,0.293,0.265,0.106,0.193,0.232,0.348,0.093,0.169,0.143,0.202,0.138,0.192,0.11,0.171,0.144,0.295,0.19,0.177,0.277,0.199,0.159,0.392,0.206,0.163,0.205,0.294,0.14,0.154,0.15,0.133,0.223,0.207,0.211,0.287,0.231,0.174,0.174,0.254,0.237,0.301,0.315,0.153,0.207,0.237,0.169,0.188,0.197,0.138,0.099,0.149,0.236,0.234,0.33,0.126,0.147,0.279,0.217,0.175,0.128,0.131,0.128,0.115,0.125,0.147,0.128,0.239,0.246,0.256,0.264,0.103,0.269,0.184,0.073,0.212,0.278,0.267,0.23,0.384,0.149,0.239,0.207,0.217,0.28,0.174,0.207,0.117,0.205,0.132,0.128,0.267,0.193,0.107,0.281,0.147,0.163,0.17,0.09,0.258,0.165,0.218,0.14,0.26,0.172,0.228,0.222,0.273,0.307,0.136,0.207,0.131,0.169,0.175,0.479,0.132,0.116,0.175,0.245
0.117,0.071,0.274,0.144,0.159,0.102,0.149,0.081,0.169,0.28,0.282,0.16,0.1,0.064,0.176,0.269,0.194,0.389,0.16,0.19,0.298,0.149,0.172,0.292,0.138,0.583,0.151,0.108,0.331,0.275,0.084,0.197,0.187,0.197,0.274,0.224,0.161,0.227,0.168,0.149,0.174,0.16,0.229,0.328,0.275,0.219,0.079,0.129,0.13,0.186,0.186,0.106,0.281,0.175,0.191,0.181,0.28,0.2,0.165,0.203,0.232,0.09,0.198,0.119,0.177,0.353,0.339,0.215,0.19,0.197,0.209,0.16,0.116,0.184,0.219,0.138,0.25,0.221,0.315,0.263,0.14,0.166,0.28,0.218,0.255,0.156,0.28,0.284,0.138,0.296,0.193,0.213,0.216,0.236,0.217,0.321,0.173,0.188,0.183,0.205,0.185,0.071,0.272,0.373,0.244,0.19,0.253,0.317,0.181,0.159,0.274,0.201,0.232,0.263,0.141,0.224,0.308,0.13,0.192,0.122,0.288,0.094,0.134,0.285,0.165,0.156,0.176,0.072,0.22,0.165,0.136,0.132,0.321,0.202,0.184,0.171,0.128,0.113,0.356,0.123,0.231,0.28,0.15,0.123,0.194,0.112,0.228,0.169,0.337,0.299,0.321,0.149,0.28,0.324,0.077,0.23,0.154,0.201,0.216,0.078,0.194,0.168,1.0,0.381,0.2,0.169,0.15,0.187,0.172,0.132,0.133,0.12,0.279,0.19,0.139,0.132,0.113,0.372,0.303,0.223,0.352,0.093,0.438,0.319,0.206,0.373,0.126,0.204,0.199,0.082,0.321,0.258,0.15,0.269,0.164,0.097,0.102,0.252,0.327,0.149,0.269,0.175,0.166,0.263,0.304,0.27,0.16,0.14,0.259,0.247,0.084,0.165,0.202,0.162,0.336,0.362,0.232,0.321,0.532,0.148,0.145,0.197,0.333,0.319,0.197,0.164,0.26,0.211,0.142,0.088,0.278,0.315,0.234,0.072,0.246,0.28,0.294,0.256,0.092,0.286,0.175,0.053,0.154,0.211,0.146,0.166,0.204,0.267,0.119,0.269,0.234,0.292,0.208,0.269,0.085,0.123,0.102,0.144,0.224,0.279,0.071,0.203,0.12,0.234,0.63,0.051,0.177,0.149,0.225,0.08,0.209,0.391,0.218,0.146,0.204,0.179,0.299,0.269,0.356,0.215,0.356,0.186,0.141,0.401,0.11,0.159
0.214,0.12,0.315,0.293,0.484,0.166,0.459,0.084,0.443,0.171,0.227,0.293,0.084,0.127,0.298,0.253,0.22,0.605,0.253,1.0,0.765,0.459,0.068,0.198,0.211,0.066,0.432,0.156,0.514,0.279,0.168,0.31,0.459,0.365,0.174,0.531,0.343,0.367,0.416,0.252,0.484,0.092,0.2,0.16,0.191,0.311,0.129,0.345,0.148,1.0,0.359,0.112,0.47,0.541,0.82,0.112,0.171,0.091,0.191,0.134,0.191,0.104,0.367,0.135,0.107,0.199,0.765,1.0,0.459,0.271,0.637,0.171,0.143,0.112,0.311,0.2,1.0,0.432,1.0,0.222,0.171,0.244,0.171,0.227,0.531,0.253,0.171,0.23,0.107,0.229,0.23,0.311,0.432,0.257,0.289,0.191,0.252,0.191,0.17,0.376,0.191,0.136,0.765,0.242,0.252,0.191,0.605,0.514,0.17,0.315,0.281,0.299,0.484,0.31,0.311,0.191,0.47,0.063,0.319,0.17,0.456,0.131,0.288,0.281,0.104,0.116,0.531,0.083,0.605,0.103,0.117,0.179,0.191,0.341,0.112,0.227,0.167,0.179,0.206,0.091,0.531,0.171,0.156,0.171,0.22,0.103,0.26,0.236,0.288,0.765,0.191,0.191,0.171,0.765,0.179,0.214,0.191,0.226,0.723,0.131,0.281,0.17,0.381,1.0,0.514,0.259,0.126,0.226,0.207,0.138,0.143,0.098,0.167,0.19,0.134,0.107,0.092,0.334,0.207,0.238,0.63,0.116,0.605,0.231,0.531,0.281,0.244,0.191,0.211,0.092,0.191,0.202,0.311,0.382,0.181,0.191,0.132,0.661,0.82,0.205,0.253,0.134,0.171,0.191,0.765,0.707,0.191,0.171,0.432,0.156,0.107,0.311,0.309,0.2,0.508,1.0,0.514,0.182,0.532,0.311,0.276,0.191,0.605,0.531,0.171,0.179,0.174,0.456,0.282,0.168,0.207,0.156,0.605,0.083,0.299,0.381,0.605,0.191,0.12,0.432,0.252,0.078,0.091,0.244,0.171,0.253,0.23,0.118,0.179,0.253,0.148,0.232,0.299,0.253,0.171,0.148,0.193,0.293,0.423,0.484,0.12,0.415,0.105,0.765,0.605,0.102,0.211,0.117,0.451,0.179,0.126,0.363,0.252,0.134,0.201,0.191,0.484,0.253,0.605,0.352,0.605,0.265,0.174,0.238,0.236,0.17
0.208,0.308,0.243,0.223,0.194,0.123,0.229,0.105,0.164,0.237,0.218,0.184,0.091,0.124,0.162,0.268,0.169,0.174,0.183,0.312,0.453,0.229,0.107,0.139,0.204,0.08,0.235,0.125,0.414,0.19,0.218,0.225,0.21,0.222,0.168,0.329,0.155,0.246,0.26,0.25,0.33,0.105,0.162,0.135,0.169,0.321,0.187,0.165,0.157,0.306,0.136,0.128,0.731,0.208,0.345,0.095,0.172,0.136,0.13,0.171,0.209,0.141,0.288,0.11,0.162,0.21,0.312,0.342,0.182,0.174,0.204,0.145,0.191,0.122,0.321,0.173,0.332,0.211,0.278,0.166,0.179,0.148,0.237,0.182,0.307,0.193,0.237,0.191,0.254,0.205,0.16,0.2,0.166,0.192,0.282,0.273,0.179,0.19,0.158,0.158,0.217,0.22,0.244,0.311,0.205,0.227,0.306,0.317,0.161,0.237,0.182,0.167,0.285,0.269,0.191,0.255,0.344,0.08,0.238,0.102,0.148,0.169,0.173,0.282,0.14,0.1,0.315,0.12,0.261,0.112,0.171,0.152,0.273,0.153,0.122,0.16,0.123,0.155,0.184,0.123,0.284,0.237,0.17,0.134,0.136,0.163,0.161,0.162,0.252,0.272,0.273,0.147,0.237,0.404,0.172,0.185,0.152,0.203,0.286,0.166,0.323,0.156,0.2,0.514,1.0,0.171,0.106,0.176,0.17,0.121,0.149,0.108,0.13,0.453,0.108,0.123,0.105,0.246,0.227,0.178,0.255,0.086,0.254,0.158,0.221,0.211,0.193,0.193,0.192,0.158,0.273,0.191,0.218,0.143,0.229,0.139,0.153,0.361,0.574,0.159,0.268,0.237,0.148,0.147,0.33,0.38,0.204,0.174,0.179,0.208,0.118,0.259,0.227,0.194,0.325,0.312,0.317,0.162,0.705,0.278,0.181,0.207,0.355,0.458,0.185,0.4,0.126,0.34,0.159,0.218,0.15,0.113,0.235,0.112,0.2,0.262,0.29,0.144,0.097,0.201,0.202,0.17,0.089,0.288,0.163,0.2,0.164,0.11,0.155,0.268,0.134,0.183,0.177,0.268,0.148,0.153,0.555,0.219,0.263,0.196,0.308,0.357,0.114,0.328,0.82,0.129,0.189,0.16,0.281,0.196,0.136,0.262,0.271,0.18,0.219,0.195,0.421,0.268,0.36,0.444,0.277,0.182,0.182,0.391,0.155,0.148
0.118,0.19,0.384,0.199,0.211,0.23,0.114,0.186,0.184,0.902,0.366,0.275,0.374,0.179,0.397,0.306,0.282,0.264,0.335,0.178,0.271,0.114,0.622,0.19,0.517,0.087,0.249,0.475,0.184,0.374,0.178,0.341,0.114,0.418,0.322,0.381,0.29,0.429,0.11,0.136,0.471,0.421,0.467,0.136,0.375,0.254,0.214,0.254,0.412,0.254,0.267,0.082,0.131,0.078,0.143,0.27,0.321,0.532,0.32,0.808,0.384,0.161,0.2,0.321,0.548,0.418,0.451,0.184,0.138,0.392,0.287,0.327,0.373,0.591,0.254,0.434,0.14,0.226,0.123,0.409,0.389,0.488,0.902,0.125,0.178,0.168,0.736,0.16,0.095,0.145,0.234,0.27,0.23,0.275,0.279,0.847,0.288,0.367,0.352,0.506,0.448,0.124,0.396,0.163,0.406,0.45,0.37,0.295,0.389,0.204,0.159,0.228,0.153,0.208,0.384,0.099,0.246,0.088,0.356,0.134,0.273,0.322,0.189,0.258,0.397,0.16,0.12,0.147,0.39,0.177,0.46,0.238,0.847,0.258,0.591,0.26,0.315,0.232,0.393,0.243,0.15,0.902,0.529,0.295,0.147,0.302,0.163,0.382,0.162,0.445,0.847,0.429,0.902,0.307,0.201,0.282,0.379,0.303,0.133,0.109,0.153,0.204,0.169,0.259,0.171,1.0,0.171,0.238,0.259,0.321,0.31,0.087,0.262,0.149,0.213,0.122,0.089,0.21,0.284,0.2,0.276,0.115,0.145,0.3,0.281,0.152,0.386,0.285,0.451,0.18,0.847,0.335,0.245,0.215,0.279,0.154,0.283,0.15,0.364,0.249,0.306,0.306,0.451,0.548,0.352,0.165,0.383,0.447,0.356,0.645,0.277,0.19,0.371,0.358,0.17,0.342,0.129,0.216,0.225,0.194,0.402,0.496,0.122,0.279,0.348,0.12,0.345,0.168,0.128,0.172,0.091,0.279,0.18,0.122,0.131,0.316,0.316,0.429,0.281,0.245,0.233,0.62,0.231,0.36,0.36,0.218,0.266,0.245,0.232,0.306,0.469,0.397,0.376,0.306,0.132,0.411,0.119,0.216,0.26,0.353,0.19,0.288,0.194,0.154,0.259,0.193,0.236,0.384,0.235,0.207,0.227,0.218,0.454,0.308,0.382,0.44,0.259,0.306,0.127,0.152,0.278,0.194,0.111,0.112,0.114,0.341
0.08,0.073,0.182,0.303,0.108,0.183,0.079,0.091,0.145,0.262,0.196,0.342,0.132,0.129,0.13,0.275,0.12,0.182,0.232,0.14,0.145,0.079,0.113,0.194,0.158,0.183,0.133,0.136,0.165,0.176,0.165,0.129,0.091,0.256,0.195,0.173,0.171,0.241,0.071,0.117,0.139,0.147,0.128,0.098,0.17,0.194,0.081,0.163,0.145,0.13,0.133,0.194,0.094,0.054,0.082,0.14,0.179,0.139,0.179,0.181,0.319,0.1,0.412,0.157,0.159,0.335,0.165,0.22,0.117,0.142,0.148,0.201,0.124,0.165,0.194,0.162,0.101,0.163,0.125,0.147,0.145,0.219,0.262,0.124,0.154,0.25,0.262,0.093,0.182,0.055,0.177,0.173,0.167,0.168,0.1,0.306,0.12,0.173,0.167,0.193,0.202,0.098,0.133,0.194,0.228,0.214,0.203,0.147,0.211,0.106,0.147,0.1,0.098,0.158,0.17,0.095,0.143,0.444,0.167,0.085,0.179,0.111,0.516,0.157,0.146,0.13,0.084,0.087,0.139,0.78,0.139,0.145,0.306,0.158,0.165,0.3,0.21,0.136,0.171,0.132,0.091,0.262,0.16,0.13,0.096,0.11,0.114,0.197,0.062,0.148,0.306,0.166,0.262,0.178,0.102,0.167,0.159,0.208,0.095,0.254,0.14,0.19,0.15,0.126,0.106,0.171,1.0,0.3,0.144,0.301,0.142,0.217,0.265,0.125,0.191,0.081,0.088,0.152,0.13,0.095,0.188,0.086,0.128,0.159,0.18,0.173,0.145,0.147,0.221,0.095,0.306,0.176,0.129,0.166,0.204,0.198,0.117,0.096,0.096,0.144,0.275,0.144,0.187,0.183,0.122,0.117,0.193,0.158,0.221,0.227,0.114,0.138,0.254,0.183,0.132,0.161,0.084,0.153,0.106,0.152,0.173,0.206,0.179,0.1,0.164,0.119,0.213,0.108,0.142,0.165,0.111,0.159,0.102,0.14,0.096,0.137,0.147,0.167,0.229,0.192,0.114,0.164,0.153,0.178,0.15,0.232,0.171,0.152,0.13,0.275,0.156,0.152,0.325,0.275,0.115,0.172,0.087,0.336,0.185,0.188,0.073,0.114,0.112,0.102,0.126,0.112,0.202,0.13,0.12,0.105,1.0,0.118,0.163,0.116,0.176,0.197,0.093,0.275,0.139,0.103,0.124,0.154,0.088,0.12,0.09,0.224
0.141,0.095,0.241,0.533,0.131,0.196,0.158,0.128,0.151,0.279,0.461,0.411,0.151,0.169,0.159,0.239,0.14,0.145,0.273,0.216,0.236,0.158,0.211,0.14,0.229,0.055,0.171,0.172,0.137,0.214,0.242,0.177,0.173,0.27,0.189,0.248,0.18,0.453,0.174,0.168,0.221,0.186,0.159,0.223,0.19,0.278,0.104,0.172,0.192,0.209,0.133,0.088,0.158,0.136,0.182,0.149,0.188,0.256,0.159,0.208,0.23,0.083,0.368,0.176,0.183,0.347,0.261,0.232,0.19,0.29,0.182,0.183,0.153,0.189,0.278,0.177,0.212,0.207,0.158,0.172,0.166,0.249,0.279,0.155,0.211,0.176,0.279,0.153,0.265,0.134,0.244,0.228,0.212,0.214,0.148,0.318,0.158,0.223,0.3,0.234,0.258,0.101,0.19,0.139,0.206,0.271,0.31,0.194,0.265,0.176,0.177,0.118,0.224,0.201,0.194,0.139,0.177,0.049,0.236,0.108,0.176,0.164,0.482,0.16,0.172,0.11,0.199,0.087,0.165,0.468,0.223,0.154,0.318,0.176,0.189,0.334,0.217,0.151,0.239,0.16,0.196,0.279,0.242,0.193,0.189,0.194,0.21,0.188,0.146,0.29,0.318,0.152,0.279,0.2,0.143,0.181,0.148,0.469,0.201,0.089,0.197,0.244,0.187,0.226,0.176,0.238,0.3,1.0,0.142,0.23,0.181,0.084,0.483,0.2,0.261,0.098,0.089,0.23,0.143,0.146,0.188,0.092,0.144,0.141,0.221,0.181,0.177,0.204,0.317,0.113,0.318,0.163,0.169,0.172,0.249,0.228,0.178,0.21,0.212,0.153,0.239,0.173,0.227,0.215,0.177,0.218,0.275,0.204,0.207,0.248,0.152,0.207,0.364,0.178,0.205,0.189,0.172,0.101,0.196,0.225,0.167,0.245,0.146,0.237,0.217,0.14,0.155,0.15,0.129,0.213,0.124,0.125,0.121,0.108,0.19,0.243,0.189,0.192,0.179,0.165,0.142,0.193,0.117,0.244,0.186,0.216,0.217,0.123,0.195,0.239,0.205,0.243,0.163,0.239,0.124,0.252,0.119,0.568,0.259,0.249,0.095,0.18,0.098,0.186,0.226,0.155,0.187,0.181,0.224,0.153,0.572,0.202,0.214,0.206,0.212,0.239,0.223,0.239,0.152,0.182,0.159,0.218,0.137,0.127,0.136,0.246
0.085,0.203,0.303,0.143,0.262,0.093,0.101,0.166,0.221,0.735,0.27,0.264,0.145,0.09,0.187,0.329,0.248,0.19,0.233,0.178,0.178,0.101,0.361,0.161,0.268,0.066,0.171,0.17,0.187,0.236,0.114,0.341,0.17,0.252,0.24,0.302,0.203,0.309,0.1,0.21,0.204,0.204,0.268,0.116,0.366,0.23,0.223,0.139,0.246,0.213,0.298,0.16,0.129,0.076,0.115,0.132,0.24,0.416,0.241,0.557,0.286,0.228,0.248,0.165,0.601,0.4,0.27,0.183,0.13,0.148,0.353,0.293,0.204,0.363,0.23,0.301,0.128,0.195,0.23,0.276,0.299,0.293,0.735,0.117,0.251,0.174,0.735,0.121,0.122,0.098,0.172,0.184,0.193,0.204,0.283,0.831,0.263,0.289,0.234,0.343,0.332,0.117,0.297,0.183,0.368,0.345,0.28,0.286,0.393,0.131,0.147,0.25,0.144,0.25,0.288,0.096,0.205,0.061,0.27,0.161,0.19,0.18,0.128,0.186,0.441,0.208,0.149,0.208,0.268,0.188,0.238,0.169,0.831,0.234,0.363,0.157,0.26,0.136,0.243,0.185,0.227,0.735,0.276,0.196,0.128,0.201,0.147,0.249,0.111,0.256,0.831,0.285,0.735,0.285,0.121,0.316,0.289,0.338,0.125,0.098,0.158,0.19,0.172,0.207,0.17,0.259,0.144,0.142,1.0,0.158,0.212,0.199,0.164,0.176,0.126,0.181,0.17,0.139,0.192,0.14,0.218,0.355,0.21,0.196,0.251,0.136,0.228,0.224,0.255,0.187,0.831,0.311,0.216,0.201,0.208,0.145,0.141,0.289,0.181,0.164,0.329,0.188,0.282,0.284,0.225,0.179,0.257,0.244,0.253,0.659,0.163,0.171,0.362,0.316,0.17,0.269,0.1,0.128,0.161,0.179,0.161,0.413,0.109,0.239,0.292,0.143,0.207,0.245,0.179,0.127,0.078,0.187,0.206,0.108,0.253,0.206,0.285,0.273,0.126,0.225,0.238,0.147,0.157,0.33,0.268,0.203,0.175,0.173,0.15,0.329,0.294,0.278,0.266,0.329,0.103,0.223,0.179,0.149,0.296,0.278,0.203,0.191,0.214,0.129,0.207,0.104,0.286,0.214,0.206,0.136,0.239,0.286,0.314,0.186,0.286,0.338,0.223,0.329,0.115,0.118,0.28,0.177,0.2,0.117,0.097,0.225
0.087,0.122,0.29,0.258,0.122,0.159,0.194,0.208,0.192,0.508,0.464,0.314,0.302,0.17,0.173,0.204,0.154,0.186,0.25,0.253,0.184,0.194,0.297,0.188,0.236,0.172,0.216,0.259,0.159,0.187,0.15,0.213,0.169,0.322,0.184,0.239,0.242,0.284,0.069,0.124,0.173,0.235,0.226,0.105,0.31,0.231,0.142,0.242,0.23,0.32,0.224,0.075,0.093,0.052,0.098,0.142,0.255,0.415,0.235,0.323,0.316,0.142,0.311,0.14,0.308,0.285,0.28,0.152,0.211,0.126,0.198,0.238,0.187,0.198,0.231,0.249,0.103,0.224,0.122,0.29,0.245,0.333,0.508,0.148,0.149,0.148,0.508,0.098,0.14,0.051,0.207,0.198,0.249,0.231,0.202,0.609,0.204,0.26,0.279,0.251,0.319,0.103,0.195,0.145,0.347,0.339,0.268,0.217,0.213,0.122,0.168,0.32,0.12,0.188,0.186,0.095,0.154,0.087,0.25,0.108,0.3,0.25,0.348,0.237,0.337,0.112,0.081,0.148,0.284,1.0,0.244,0.189,0.609,0.257,0.198,0.293,0.329,0.156,0.304,0.226,0.115,0.508,0.295,0.299,0.097,0.238,0.112,0.274,0.059,0.228,0.609,0.221,0.508,0.257,0.131,0.223,0.256,0.259,0.155,0.098,0.148,0.293,0.132,0.138,0.121,0.321,0.301,0.23,0.158,1.0,0.337,0.071,0.263,0.116,0.214,0.078,0.083,0.151,0.256,0.113,0.235,0.093,0.175,0.23,0.202,0.167,0.247,0.228,0.236,0.141,0.609,0.239,0.136,0.19,0.184,0.137,0.151,0.098,0.101,0.174,0.204,0.304,0.344,0.377,0.174,0.125,0.262,0.342,0.256,0.428,0.142,0.161,0.297,0.253,0.141,0.236,0.099,0.183,0.114,0.174,0.207,0.365,0.125,0.107,0.267,0.126,0.391,0.146,0.083,0.148,0.101,0.211,0.136,0.115,0.123,0.23,0.285,0.289,0.147,0.211,0.183,0.145,0.217,0.263,0.241,0.213,0.201,0.237,0.371,0.204,0.24,0.263,0.399,0.204,0.113,0.215,0.105,0.284,0.187,0.196,0.122,0.138,0.142,0.107,0.138,0.116,0.21,0.185,0.188,0.136,0.78,0.163,0.304,0.131,0.294,0.312,0.098,0.204,0.139,0.114,0.233,0.265,0.106,0.121,0.198,0.202
0.151,0.161,0.456,0.164,0.146,0.156,0.107,0.248,0.151,0.674,0.402,0.189,0.238,0.191,0.193,0.218,0.231,0.166,0.221,0.162,0.187,0.107,0.222,0.169,0.364,0.046,0.226,0.33,0.147,0.246,0.166,0.3,0.132,0.322,0.201,0.384,0.228,0.345,0.17,0.13,0.216,0.238,0.23,0.123,0.335,0.244,0.187,0.213,0.402,0.287,0.234,0.071,0.105,0.131,0.179,0.115,0.422,0.321,0.247,0.438,0.517,0.136,0.176,0.184,0.386,0.392,0.278,0.173,0.148,0.192,0.227,0.378,0.277,0.168,0.244,0.304,0.175,0.187,0.109,0.281,0.344,0.295,0.674,0.12,0.129,0.157,0.674,0.107,0.086,0.244,0.213,0.202,0.186,0.25,0.239,0.795,0.314,0.446,0.321,0.231,0.616,0.166,0.209,0.127,0.437,0.66,0.334,0.244,0.328,0.223,0.146,0.193,0.163,0.191,0.226,0.107,0.199,0.039,0.304,0.145,0.187,0.394,0.171,0.225,0.404,0.12,0.106,0.152,0.326,0.208,0.344,0.198,0.795,0.255,0.168,0.177,0.262,0.194,0.318,0.275,0.109,0.674,0.42,0.355,0.132,0.367,0.14,0.332,0.123,0.259,0.795,0.252,0.674,0.326,0.178,0.24,0.305,0.295,0.165,0.13,0.175,0.265,0.133,0.143,0.149,0.31,0.142,0.181,0.212,0.337,1.0,0.07,0.193,0.19,0.18,0.078,0.073,0.158,0.2,0.12,0.204,0.088,0.118,0.204,0.23,0.142,0.319,0.381,0.238,0.262,0.795,0.314,0.145,0.165,0.245,0.119,0.212,0.134,0.108,0.187,0.218,0.393,0.362,0.359,0.156,0.168,0.402,0.509,0.273,0.575,0.21,0.24,0.362,0.232,0.145,0.285,0.109,0.132,0.118,0.228,0.188,0.57,0.098,0.112,0.539,0.109,0.214,0.134,0.096,0.175,0.108,0.171,0.114,0.127,0.141,0.267,0.34,0.328,0.131,0.177,0.175,0.168,0.221,0.282,0.429,0.215,0.208,0.218,0.342,0.218,0.293,0.356,0.319,0.218,0.129,0.306,0.124,0.167,0.213,0.196,0.161,0.168,0.177,0.125,0.143,0.154,0.243,0.268,0.206,0.215,0.2,0.294,0.395,0.162,0.313,0.525,0.107,0.218,0.104,0.131,0.205,0.193,0.172,0.109,0.094,0.217
0.042,0.052,0.112,0.061,0.192,0.089,0.065,0.046,0.081,0.113,0.12,0.108,0.063,0.047,0.082,0.261,0.097,0.113,0.148,0.136,0.076,0.065,0.047,0.123,0.124,0.126,0.057,0.067,0.112,0.152,0.07,0.096,0.111,0.106,0.116,0.13,0.091,0.118,0.052,0.186,0.071,0.098,0.131,0.061,0.111,0.169,0.06,0.086,0.084,0.095,0.086,0.706,0.086,0.04,0.058,0.071,0.105,0.057,0.141,0.079,0.171,0.063,0.162,0.072,0.066,0.139,0.085,0.183,0.061,0.066,0.118,0.131,0.066,0.069,0.169,0.074,0.081,0.073,0.165,0.101,0.081,0.093,0.113,0.098,0.099,0.213,0.113,0.068,0.064,0.04,0.09,0.107,0.077,0.107,0.083,0.143,0.069,0.214,0.094,0.102,0.122,0.071,0.115,0.148,0.192,0.126,0.102,0.116,0.157,0.054,0.115,0.111,0.06,0.139,0.147,0.073,0.09,0.125,0.137,0.062,0.089,0.059,0.072,0.11,0.065,0.086,0.089,0.052,0.09,0.064,0.074,0.1,0.143,0.141,0.069,0.087,0.071,0.093,0.096,0.071,0.097,0.113,0.081,0.062,0.081,0.056,0.079,0.11,0.044,0.081,0.143,0.093,0.113,0.097,0.062,0.14,0.084,0.186,0.068,0.077,0.105,0.106,0.12,0.098,0.108,0.087,0.217,0.084,0.199,0.071,0.07,1.0,0.09,0.09,0.077,0.292,0.323,0.091,0.087,0.072,0.098,0.071,0.111,0.128,0.118,0.133,0.081,0.088,0.15,0.052,0.143,0.159,0.158,0.105,0.216,0.161,0.054,0.167,0.074,0.094,0.261,0.065,0.269,0.094,0.108,0.079,0.107,0.085,0.101,0.093,0.056,0.118,0.156,0.082,0.107,0.099,0.065,0.092,0.08,0.13,0.08,0.109,0.108,0.073,0.095,0.095,0.154,0.081,0.383,0.08,0.075,0.101,0.296,0.055,0.093,0.072,0.079,0.082,0.158,0.121,0.174,0.041,0.078,0.124,0.088,0.179,0.101,0.093,0.063,0.261,0.097,0.086,0.178,0.261,0.067,0.079,0.119,0.069,0.16,0.12,0.052,0.073,0.066,0.082,0.098,0.042,0.221,0.082,0.071,0.066,0.077,0.139,0.096,0.08,0.094,0.108,0.068,0.261,0.1,0.082,0.123,0.089,0.164,0.095,0.079,0.125
0.1,0.104,0.288,0.484,0.14,0.193,0.092,0.189,0.141,0.529,0.334,0.404,0.172,0.151,0.173,0.239,0.16,0.273,0.284,0.172,0.232,0.092,0.41,0.195,0.239,0.353,0.186,0.188,0.192,0.273,0.197,0.234,0.107,0.274,0.343,0.252,0.181,0.426,0.082,0.137,0.202,0.219,0.216,0.217,0.303,0.278,0.217,0.161,0.23,0.228,0.185,0.097,0.132,0.06,0.095,0.159,0.297,0.44,0.173,0.32,0.355,0.154,0.274,0.141,0.4,0.292,0.283,0.168,0.121,0.206,0.206,0.217,0.18,0.148,0.278,0.213,0.118,0.234,0.174,0.253,0.258,0.242,0.529,0.173,0.166,0.163,0.439,0.127,0.254,0.067,0.187,0.21,0.243,0.191,0.247,0.534,0.235,0.285,0.367,0.255,0.336,0.148,0.207,0.15,0.307,0.363,0.269,0.206,0.266,0.156,0.248,0.162,0.119,0.189,0.216,0.138,0.166,0.075,0.288,0.106,0.259,0.176,0.355,0.254,0.25,0.179,0.095,0.162,0.232,0.468,0.309,0.181,0.534,0.196,0.148,0.278,0.279,0.154,0.31,0.231,0.142,0.529,0.333,0.219,0.132,0.235,0.178,0.231,0.08,0.254,0.534,0.193,0.529,0.212,0.17,0.225,0.234,0.275,0.111,0.1,0.164,0.193,0.279,0.167,0.13,0.262,0.265,0.483,0.164,0.263,0.193,0.09,1.0,0.141,0.189,0.094,0.076,0.196,0.273,0.156,0.235,0.095,0.161,0.277,0.17,0.23,0.23,0.276,0.32,0.142,0.534,0.227,0.155,0.171,0.236,0.186,0.178,0.116,0.125,0.17,0.239,0.188,0.284,0.317,0.204,0.16,0.312,0.289,0.251,0.365,0.186,0.21,0.359,0.265,0.226,0.246,0.182,0.224,0.142,0.232,0.172,0.367,0.193,0.139,0.335,0.168,0.352,0.108,0.095,0.194,0.158,0.304,0.153,0.088,0.112,0.269,0.243,0.274,0.171,0.216,0.195,0.193,0.238,0.326,0.267,0.21,0.197,0.297,0.211,0.239,0.258,0.318,0.215,0.239,0.127,0.266,0.107,0.515,0.174,0.216,0.104,0.134,0.15,0.186,0.167,0.14,0.293,0.215,0.234,0.181,0.572,0.196,0.301,0.19,0.246,0.319,0.127,0.239,0.208,0.12,0.222,0.163,0.102,0.211,0.089,0.254
0.092,0.064,0.232,0.104,0.115,0.081,0.121,0.113,0.13,0.269,0.214,0.129,0.105,0.067,0.093,0.157,0.158,0.145,0.125,0.16,0.287,0.121,0.116,0.118,0.142,0.042,0.134,0.102,0.164,0.24,0.083,0.15,0.179,0.155,0.227,0.222,0.126,0.184,0.16,0.149,0.305,0.138,0.129,0.14,0.19,0.184,0.073,0.102,0.161,0.167,0.126,0.083,0.356,0.146,0.268,0.103,0.176,0.144,0.134,0.188,0.216,0.071,0.168,0.161,0.165,0.344,0.202,0.174,0.176,0.157,0.156,0.171,0.112,0.171,0.184,0.147,0.168,0.231,0.135,0.171,0.14,0.144,0.269,0.099,0.188,0.115,0.269,0.099,0.143,0.199,0.213,0.164,0.158,0.182,0.202,0.313,0.159,0.221,0.211,0.158,0.248,0.066,0.153,0.259,0.188,0.263,0.2,0.273,0.208,0.124,0.126,0.161,0.17,0.295,0.114,0.11,0.297,0.036,0.194,0.114,0.138,0.109,0.151,0.187,0.152,0.092,0.153,0.074,0.189,0.154,0.172,0.121,0.313,0.132,0.171,0.16,0.105,0.102,0.176,0.122,0.161,0.269,0.179,0.126,0.139,0.14,0.15,0.157,0.131,0.168,0.313,0.119,0.269,0.335,0.071,0.192,0.134,0.193,0.256,0.058,0.269,0.232,0.19,0.19,0.453,0.149,0.125,0.2,0.176,0.116,0.19,0.09,0.141,1.0,0.166,0.09,0.11,0.126,0.207,0.099,0.219,0.067,0.161,0.105,0.154,0.116,0.119,0.17,0.182,0.101,0.313,0.145,0.114,0.133,0.195,0.096,0.098,0.169,0.213,0.121,0.157,0.31,0.161,0.16,0.169,0.337,0.169,0.154,0.181,0.235,0.093,0.155,0.214,0.14,0.301,0.321,0.152,0.102,0.225,0.14,0.126,0.233,0.152,0.154,0.188,0.361,0.119,0.209,0.116,0.08,0.092,0.099,0.115,0.083,0.184,0.273,0.23,0.16,0.077,0.172,0.122,0.048,0.103,0.247,0.175,0.148,0.177,0.102,0.118,0.157,0.172,0.221,0.153,0.157,0.075,0.133,0.247,0.107,0.208,0.163,0.064,0.209,0.082,0.18,0.28,0.054,0.167,0.131,0.157,0.078,0.198,0.174,0.252,0.15,0.271,0.212,0.149,0.157,0.156,0.268,0.159,0.19,0.176,0.235,0.088,0.139
0.069,0.077,0.206,0.109,0.102,0.166,0.171,0.114,0.213,0.278,0.237,0.169,0.293,0.188,0.127,0.171,0.116,0.125,0.191,0.261,0.111,0.171,0.189,0.113,0.187,0.044,0.225,0.179,0.084,0.2,0.151,0.148,0.175,0.22,0.171,0.19,0.278,0.177,0.074,0.12,0.155,0.236,0.128,0.148,0.188,0.21,0.086,0.258,0.206,0.274,0.174,0.078,0.089,0.057,0.09,0.187,0.18,0.229,0.168,0.193,0.224,0.12,0.222,0.296,0.167,0.359,0.167,0.138,0.278,0.194,0.211,0.177,0.179,0.174,0.21,0.169,0.106,0.278,0.093,0.159,0.145,0.253,0.278,0.11,0.111,0.124,0.278,0.1,0.071,0.057,0.349,0.285,0.307,0.198,0.118,0.323,0.132,0.216,0.301,0.206,0.255,0.071,0.159,0.142,0.233,0.271,0.221,0.163,0.27,0.178,0.135,0.084,0.114,0.182,0.197,0.09,0.159,0.038,0.165,0.093,0.278,0.141,0.238,0.197,0.154,0.121,0.085,0.075,0.151,0.279,0.21,0.171,0.323,0.15,0.174,0.333,0.162,0.183,0.221,0.193,0.103,0.278,0.216,0.19,0.162,0.18,0.166,0.235,0.066,0.177,0.323,0.208,0.278,0.165,0.172,0.18,0.165,0.224,0.146,0.063,0.132,0.348,0.139,0.134,0.108,0.213,0.191,0.261,0.126,0.214,0.18,0.077,0.189,0.166,1.0,0.087,0.078,0.114,0.119,0.086,0.177,0.102,0.149,0.113,0.158,0.129,0.173,0.177,0.161,0.101,0.323,0.148,0.137,0.185,0.218,0.13,0.269,0.101,0.102,0.188,0.171,0.188,0.216,0.287,0.142,0.125,0.185,0.183,0.314,0.242,0.207,0.141,0.229,0.169,0.146,0.16,0.09,0.105,0.114,0.156,0.194,0.24,0.082,0.108,0.204,0.116,0.184,0.14,0.093,0.111,0.071,0.135,0.085,0.179,0.114,0.186,0.152,0.218,0.138,0.211,0.108,0.175,0.159,0.263,0.179,0.152,0.303,0.112,0.317,0.171,0.189,0.187,0.133,0.171,0.175,0.188,0.089,0.123,0.206,0.216,0.077,0.129,0.114,0.109,0.134,0.209,0.164,0.163,0.132,0.168,0.31,0.116,0.187,0.2,0.179,0.251,0.1,0.171,0.087,0.105,0.164,0.233,0.093,0.08,0.178,0.204
0.071,0.277,0.138,0.083,0.218,0.062,0.061,0.061,0.114,0.199,0.134,0.135,0.139,0.061,0.152,0.224,0.078,0.119,0.175,0.122,0.085,0.061,0.219,0.196,0.156,0.07,0.075,0.081,0.099,0.129,0.081,0.165,0.092,0.14,0.12,0.123,0.101,0.123,0.047,0.251,0.085,0.164,0.123,0.073,0.174,0.185,0.163,0.095,0.094,0.105,0.207,0.42,0.094,0.035,0.057,0.057,0.105,0.264,0.157,0.131,0.134,0.168,0.197,0.064,0.138,0.168,0.113,0.141,0.06,0.077,0.126,0.114,0.13,0.089,0.185,0.096,0.074,0.101,0.134,0.109,0.166,0.13,0.199,0.09,0.13,0.146,0.199,0.071,0.148,0.041,0.087,0.12,0.105,0.118,0.083,0.24,0.164,0.286,0.134,0.191,0.133,0.119,0.171,0.141,0.185,0.136,0.119,0.143,0.124,0.093,0.104,0.096,0.06,0.173,0.142,0.072,0.14,0.068,0.126,0.064,0.119,0.079,0.064,0.113,0.118,0.152,0.067,0.174,0.148,0.087,0.105,0.251,0.24,0.233,0.089,0.115,0.183,0.101,0.13,0.091,0.093,0.199,0.125,0.096,0.185,0.103,0.102,0.12,0.05,0.11,0.24,0.118,0.199,0.12,0.09,0.179,0.254,0.153,0.067,0.067,0.105,0.093,0.132,0.107,0.123,0.122,0.081,0.098,0.181,0.078,0.078,0.292,0.094,0.09,0.087,1.0,0.422,0.109,0.101,0.068,0.111,0.126,0.095,0.123,0.139,0.108,0.125,0.094,0.165,0.152,0.24,0.193,0.151,0.13,0.16,0.089,0.062,0.164,0.077,0.112,0.224,0.088,0.216,0.149,0.14,0.094,0.159,0.106,0.105,0.169,0.074,0.137,0.155,0.13,0.156,0.118,0.058,0.083,0.085,0.144,0.12,0.141,0.074,0.076,0.112,0.093,0.117,0.068,0.294,0.121,0.053,0.106,0.441,0.122,0.089,0.099,0.128,0.119,0.081,0.138,0.253,0.144,0.066,0.168,0.104,0.185,0.098,0.092,0.107,0.224,0.125,0.113,0.103,0.224,0.121,0.09,0.166,0.092,0.123,0.129,0.277,0.074,0.232,0.065,0.107,0.068,0.17,0.114,0.112,0.098,0.103,0.177,0.153,0.134,0.206,0.129,0.071,0.224,0.079,0.084,0.199,0.088,0.21,0.091,0.056,0.113
0.031,0.041,0.127,0.05,0.196,0.062,0.055,0.066,0.114,0.142,0.121,0.104,0.078,0.054,0.156,0.252,0.071,0.075,0.134,0.105,0.068,0.055,0.063,0.202,0.147,0.038,0.059,0.065,0.085,0.117,0.06,0.127,0.085,0.096,0.15,0.115,0.076,0.111,0.04,0.251,0.08,0.174,0.1,0.047,0.141,0.153,0.05,0.066,0.088,0.105,0.099,0.362,0.082,0.031,0.064,0.075,0.098,0.066,0.144,0.079,0.14,0.068,0.21,0.074,0.074,0.186,0.096,0.16,0.066,0.065,0.079,0.109,0.065,0.123,0.153,0.088,0.068,0.097,0.136,0.102,0.086,0.101,0.142,0.084,0.123,0.159,0.142,0.058,0.043,0.031,0.135,0.108,0.099,0.12,0.067,0.182,0.075,0.286,0.1,0.095,0.13,0.058,0.144,0.139,0.164,0.139,0.1,0.118,0.119,0.043,0.111,0.083,0.073,0.209,0.093,0.057,0.079,0.032,0.105,0.079,0.078,0.055,0.073,0.1,0.097,0.071,0.062,0.062,0.132,0.115,0.082,0.328,0.182,0.198,0.123,0.09,0.073,0.061,0.101,0.078,0.097,0.142,0.084,0.07,0.243,0.062,0.064,0.122,0.032,0.095,0.182,0.086,0.142,0.117,0.049,0.129,0.096,0.149,0.063,0.041,0.1,0.169,0.113,0.092,0.105,0.089,0.088,0.089,0.17,0.083,0.073,0.323,0.076,0.11,0.078,0.422,1.0,0.072,0.092,0.057,0.092,0.067,0.092,0.097,0.122,0.094,0.079,0.089,0.154,0.054,0.182,0.12,0.13,0.139,0.149,0.092,0.051,0.16,0.065,0.094,0.252,0.078,0.245,0.099,0.085,0.09,0.109,0.088,0.105,0.111,0.052,0.1,0.142,0.08,0.13,0.095,0.054,0.051,0.072,0.11,0.079,0.12,0.061,0.062,0.095,0.106,0.084,0.057,0.269,0.067,0.044,0.081,0.492,0.05,0.105,0.08,0.092,0.1,0.079,0.147,0.246,0.033,0.076,0.141,0.092,0.158,0.103,0.066,0.068,0.252,0.094,0.097,0.09,0.252,0.055,0.08,0.134,0.058,0.118,0.091,0.041,0.088,0.064,0.076,0.092,0.033,0.182,0.093,0.078,0.054,0.098,0.161,0.103,0.128,0.14,0.116,0.058,0.252,0.069,0.073,0.129,0.133,0.151,0.074,0.059,0.089
0.351,0.187,0.458,0.274,0.175,0.161,0.19,0.071,0.19,0.243,0.216,0.275,0.1,0.127,0.422,0.383,0.19,0.339,0.265,0.283,0.263,0.19,0.091,0.207,0.2,0.44,0.209,0.142,0.284,0.353,0.178,0.226,0.157,0.259,0.153,0.27,0.176,0.306,0.26,0.199,0.259,0.108,0.237,0.129,0.195,0.469,0.195,0.182,0.129,0.251,0.199,0.104,0.224,0.193,0.254,0.135,0.176,0.13,0.145,0.213,0.179,0.131,0.3,0.104,0.157,0.291,0.246,0.292,0.146,0.243,0.213,0.19,0.152,0.165,0.469,0.167,0.318,0.19,0.255,0.172,0.239,0.189,0.243,0.35,0.326,0.254,0.243,0.251,0.182,0.35,0.184,0.247,0.212,0.334,0.183,0.259,0.397,0.175,0.141,0.183,0.17,0.152,0.246,0.28,0.293,0.172,0.241,0.235,0.152,0.333,0.42,0.176,0.388,0.219,0.246,0.231,0.361,0.102,0.342,0.234,0.316,0.162,0.207,0.436,0.364,0.234,0.25,0.12,0.231,0.324,0.109,0.147,0.259,0.199,0.165,0.204,0.21,0.145,0.21,0.108,0.249,0.243,0.148,0.167,0.206,0.087,0.23,0.185,0.265,0.252,0.259,0.158,0.243,0.236,0.157,0.229,0.19,0.193,0.233,0.113,0.357,0.143,0.372,0.334,0.246,0.21,0.152,0.23,0.139,0.151,0.158,0.091,0.196,0.126,0.114,0.109,0.072,1.0,0.199,0.244,0.258,0.219,0.288,0.224,0.243,0.404,0.196,0.171,0.214,0.122,0.259,0.219,0.245,0.248,0.173,0.175,0.139,0.306,0.416,0.155,0.383,0.124,0.15,0.19,0.263,0.233,0.213,0.152,0.215,0.231,0.132,0.296,0.263,0.186,0.22,0.244,0.243,0.221,0.292,0.27,0.196,0.181,0.257,0.377,0.161,0.161,0.162,0.204,0.178,0.208,0.301,0.206,0.246,0.107,0.193,0.148,0.238,0.181,0.178,0.203,0.181,0.223,0.162,0.189,0.141,0.251,0.197,0.211,0.152,0.383,0.14,0.175,0.206,0.383,0.167,0.168,0.184,0.291,0.253,0.248,0.187,0.26,0.264,0.268,0.334,0.118,0.168,0.121,0.285,0.16,0.392,0.266,0.204,0.113,0.201,0.176,0.341,0.383,0.287,0.215,0.207,0.159,0.17,0.459,0.167,0.188
0.115,0.264,0.383,0.139,0.158,0.123,0.11,0.18,0.142,0.584,0.514,0.175,0.187,0.107,0.198,0.301,0.16,0.336,0.219,0.212,0.342,0.11,0.247,0.277,0.234,0.445,0.176,0.186,0.264,0.282,0.157,0.235,0.108,0.247,0.352,0.267,0.151,0.253,0.096,0.175,0.236,0.162,0.368,0.264,0.366,0.342,0.165,0.13,0.207,0.267,0.208,0.094,0.244,0.069,0.115,0.168,0.302,0.331,0.232,0.354,0.296,0.163,0.185,0.118,0.327,0.336,0.294,0.192,0.103,0.117,0.24,0.246,0.222,0.21,0.342,0.223,0.137,0.281,0.207,0.341,0.262,0.257,0.584,0.25,0.2,0.185,0.584,0.169,0.165,0.089,0.182,0.226,0.258,0.238,0.259,0.704,0.215,0.27,0.216,0.209,0.301,0.14,0.277,0.299,0.393,0.314,0.263,0.297,0.214,0.141,0.332,0.184,0.137,0.375,0.207,0.214,0.216,0.077,0.252,0.115,0.288,0.165,0.116,0.403,0.329,0.189,0.114,0.143,0.301,0.189,0.206,0.153,0.704,0.228,0.21,0.174,0.201,0.138,0.436,0.211,0.168,0.584,0.242,0.177,0.102,0.202,0.14,0.274,0.11,0.259,0.704,0.334,0.584,0.365,0.145,0.296,0.274,0.266,0.116,0.112,0.27,0.202,0.303,0.207,0.227,0.284,0.13,0.143,0.192,0.256,0.2,0.087,0.273,0.207,0.119,0.101,0.092,0.199,1.0,0.2,0.32,0.104,0.225,0.448,0.236,0.295,0.215,0.485,0.332,0.143,0.704,0.333,0.198,0.234,0.204,0.127,0.157,0.141,0.16,0.215,0.301,0.34,0.269,0.363,0.23,0.197,0.268,0.245,0.241,0.487,0.125,0.222,0.255,0.25,0.454,0.343,0.355,0.349,0.183,0.228,0.219,0.338,0.234,0.186,0.326,0.38,0.391,0.125,0.114,0.158,0.206,0.337,0.209,0.075,0.13,0.17,0.33,0.306,0.095,0.269,0.218,0.192,0.207,0.296,0.24,0.216,0.184,0.365,0.152,0.301,0.243,0.331,0.21,0.301,0.134,0.198,0.181,0.151,0.214,0.219,0.264,0.159,0.199,0.179,0.207,0.091,0.326,0.177,0.221,0.15,0.169,0.334,0.351,0.175,0.327,0.3,0.169,0.301,0.297,0.159,0.333,0.186,0.131,0.351,0.102,0.179
0.139,0.112,0.277,0.156,0.107,0.106,0.152,0.058,0.098,0.173,0.202,0.143,0.062,0.085,0.132,0.329,0.249,0.197,0.204,0.238,0.195,0.152,0.2,0.171,0.143,0.293,0.135,0.09,0.258,0.266,0.124,0.191,0.148,0.173,0.267,0.199,0.104,0.191,0.181,0.179,0.151,0.062,0.18,0.166,0.116,0.357,0.123,0.101,0.256,0.201,0.077,0.084,0.168,0.392,0.168,0.254,0.191,0.082,0.103,0.127,0.163,0.064,0.216,0.282,0.39,0.207,0.219,0.293,0.117,0.345,0.169,0.103,0.149,0.494,0.357,0.446,0.294,0.123,0.243,0.218,0.106,0.132,0.173,0.307,0.228,0.252,0.173,0.235,0.117,0.221,0.147,0.209,0.141,0.208,0.145,0.195,0.153,0.127,0.117,0.269,0.148,0.11,0.214,0.178,0.168,0.155,0.168,0.151,0.228,0.184,0.209,0.256,0.203,0.256,0.183,0.169,0.26,0.061,0.205,0.091,0.166,0.095,0.115,0.219,0.095,0.09,0.187,0.067,0.142,0.096,0.22,0.092,0.195,0.105,0.494,0.145,0.08,0.098,0.2,0.062,0.182,0.173,0.115,0.103,0.284,0.07,0.133,0.131,0.591,0.252,0.195,0.13,0.173,0.163,0.117,0.11,0.1,0.147,0.196,0.087,0.205,0.138,0.223,0.238,0.178,0.2,0.095,0.146,0.14,0.113,0.12,0.072,0.156,0.099,0.086,0.068,0.057,0.244,0.2,1.0,0.154,0.06,0.206,0.295,0.138,0.282,0.177,0.171,0.121,0.067,0.195,0.213,0.185,0.13,0.136,0.129,0.1,0.234,0.216,0.108,0.329,0.139,0.104,0.193,0.215,0.161,0.144,0.112,0.209,0.154,0.172,0.246,0.151,0.2,0.221,0.244,0.29,0.19,0.194,0.252,0.124,0.144,0.222,0.258,0.138,0.125,0.149,0.192,0.115,0.128,0.217,0.199,0.235,0.074,0.272,0.102,0.143,0.16,0.084,0.163,0.134,0.069,0.081,0.134,0.11,0.259,0.17,0.186,0.107,0.329,0.234,0.227,0.242,0.329,0.106,0.219,0.126,0.165,0.208,0.187,0.112,0.549,0.082,0.242,0.238,0.078,0.143,0.074,0.181,0.127,0.12,0.236,0.26,0.178,0.185,0.135,0.235,0.329,0.325,0.159,0.154,0.127,0.137,0.366,0.124,0.107
0.106,0.272,0.334,0.166,0.216,0.182,0.131,0.123,0.201,0.915,0.297,0.294,0.19,0.122,0.266,0.38,0.237,0.449,0.212,0.224,0.398,0.131,0.384,0.248,0.247,0.633,0.204,0.261,0.261,0.346,0.132,0.239,0.156,0.374,0.213,0.278,0.297,0.275,0.119,0.152,0.307,0.217,0.267,0.176,0.375,0.428,0.29,0.233,0.215,0.235,0.371,0.096,0.245,0.104,0.156,0.159,0.241,0.545,0.291,1.0,0.269,0.163,0.226,0.157,0.635,0.549,0.41,0.218,0.173,0.15,0.256,0.224,0.231,0.291,0.428,0.235,0.175,0.298,0.199,0.271,0.271,0.399,0.915,0.215,0.249,0.174,0.915,0.248,0.146,0.257,0.228,0.249,0.277,0.297,0.22,1.0,0.207,0.25,0.218,0.29,0.263,0.1,0.418,0.422,0.35,0.263,0.38,0.461,0.227,0.163,0.259,0.199,0.177,0.274,0.247,0.172,0.368,0.213,0.269,0.138,0.39,0.205,0.176,0.416,0.594,0.206,0.14,0.119,0.496,1.0,0.178,0.173,1.0,0.334,0.291,0.231,0.377,0.184,0.305,0.211,0.191,0.915,0.252,0.21,0.146,0.154,0.19,0.304,0.288,0.289,1.0,0.352,0.915,0.45,0.134,0.372,0.331,0.243,0.171,0.098,0.271,0.192,0.352,0.63,0.255,0.276,0.188,0.188,0.218,0.235,0.204,0.098,0.235,0.219,0.177,0.111,0.092,0.258,0.32,0.154,1.0,0.143,0.357,0.331,0.304,0.246,0.252,0.221,0.342,0.124,1.0,0.298,0.212,0.339,0.22,0.135,0.167,0.187,0.518,0.23,0.38,0.295,0.294,0.348,0.369,0.24,0.273,0.299,0.336,0.847,0.153,0.187,0.312,0.316,0.315,0.425,0.176,0.324,1.0,0.181,0.314,0.302,0.264,0.531,0.262,0.258,0.286,0.218,0.133,0.136,0.178,0.349,0.272,0.109,0.189,0.245,0.525,0.425,0.172,0.421,0.208,0.342,0.21,0.372,0.228,0.195,0.222,0.243,0.192,0.38,0.26,0.29,0.308,0.38,0.145,0.211,0.159,0.18,0.259,0.327,0.272,0.191,0.182,0.204,1.0,0.101,0.232,0.195,0.226,0.132,0.78,0.299,0.379,0.15,0.392,0.272,0.484,0.38,0.244,0.186,0.381,0.206,0.123,0.275,0.171,0.255
0.059,0.187,0.138,0.084,0.098,0.106,0.048,0.079,0.145,0.226,0.132,0.1,0.199,0.075,0.319,0.383,0.087,0.125,0.235,0.096,0.084,0.048,0.179,0.088,0.103,0.098,0.1,0.098,0.112,0.115,0.081,0.159,0.064,0.131,0.111,0.123,0.11,0.12,0.043,0.08,0.088,0.157,0.09,0.117,0.218,0.193,0.195,0.1,0.097,0.115,0.29,0.064,0.069,0.03,0.058,0.127,0.108,0.157,0.136,0.205,0.142,0.289,0.103,0.08,0.157,0.171,0.126,0.147,0.058,0.069,0.247,0.23,0.149,0.138,0.193,0.104,0.058,0.13,0.078,0.113,0.277,0.145,0.226,0.081,0.11,0.164,0.226,0.101,0.14,0.052,0.126,0.109,0.135,0.111,0.085,0.236,0.243,0.147,0.117,0.158,0.135,0.131,0.128,0.136,0.257,0.136,0.135,0.118,0.122,0.101,0.102,0.087,0.072,0.136,0.141,0.066,0.262,0.102,0.115,0.317,0.224,0.156,0.067,0.168,0.364,0.647,0.051,0.235,0.131,0.13,0.098,0.137,0.236,0.139,0.138,0.106,0.246,0.103,0.14,0.202,0.08,0.226,0.139,0.197,0.071,0.1,0.177,0.163,0.067,0.121,0.236,0.147,0.226,0.15,0.094,0.235,0.216,0.159,0.056,0.081,0.111,0.11,0.093,0.116,0.086,0.115,0.086,0.092,0.355,0.093,0.088,0.071,0.095,0.067,0.102,0.126,0.067,0.219,0.104,0.06,0.143,1.0,0.127,0.106,0.119,0.087,0.121,0.1,0.121,0.196,0.236,0.129,0.112,0.147,0.108,0.079,0.083,0.083,0.091,0.123,0.383,0.091,0.121,0.169,0.126,0.103,0.137,0.105,0.131,0.217,0.118,0.159,0.138,0.129,0.099,0.117,0.047,0.12,0.106,0.117,0.193,0.151,0.065,0.113,0.123,0.094,0.202,0.072,0.06,0.127,0.05,0.117,0.098,0.129,0.077,0.098,0.163,0.15,0.258,0.131,0.1,0.111,0.09,0.158,0.109,0.149,0.094,0.143,0.118,0.383,0.122,0.114,0.104,0.383,0.129,0.093,0.138,0.088,0.125,0.114,0.187,0.078,0.35,0.061,0.116,0.085,0.104,0.093,0.118,0.105,0.102,0.096,0.148,0.106,0.148,0.134,0.101,0.383,0.074,0.073,0.163,0.102,0.099,0.081,0.05,0.133
0.127,0.12,0.256,0.167,0.221,0.154,0.201,0.073,0.213,0.207,0.197,0.211,0.171,0.094,0.155,0.253,0.338,0.33,0.171,0.299,0.298,0.201,0.088,0.215,0.159,0.537,0.188,0.129,0.378,0.242,0.11,0.211,0.185,0.197,0.241,0.258,0.202,0.298,0.238,0.186,0.238,0.182,0.237,0.155,0.253,0.311,0.129,0.171,0.12,0.275,0.304,0.109,0.259,0.152,0.205,0.166,0.245,0.102,0.157,0.134,0.194,0.156,0.242,0.115,0.116,0.27,0.325,0.26,0.24,0.17,0.196,0.141,0.112,0.181,0.311,0.149,0.266,0.231,0.338,0.258,0.124,0.175,0.207,0.222,0.327,0.184,0.207,0.293,0.129,0.302,0.186,0.219,0.253,0.23,0.275,0.252,0.165,0.154,0.129,0.241,0.155,0.087,0.409,0.298,0.231,0.16,0.28,0.301,0.135,0.171,0.244,0.238,0.264,0.247,0.161,0.147,0.291,0.118,0.191,0.119,0.265,0.092,0.143,0.303,0.117,0.187,0.225,0.074,0.292,0.171,0.099,0.122,0.252,0.22,0.181,0.179,0.191,0.112,0.222,0.145,0.298,0.207,0.117,0.116,0.146,0.077,0.173,0.226,0.346,0.308,0.252,0.156,0.207,0.325,0.111,0.229,0.184,0.167,0.222,0.091,0.188,0.171,0.438,0.605,0.254,0.145,0.128,0.144,0.21,0.175,0.118,0.111,0.161,0.161,0.149,0.095,0.092,0.288,0.225,0.206,0.357,0.127,1.0,0.299,0.23,0.32,0.14,0.145,0.172,0.07,0.252,0.23,0.218,0.309,0.146,0.123,0.115,0.307,0.514,0.149,0.253,0.132,0.129,0.271,0.402,0.216,0.151,0.126,0.256,0.172,0.095,0.203,0.232,0.244,0.242,0.368,0.208,0.272,0.88,0.188,0.184,0.157,0.347,0.531,0.151,0.169,0.242,0.269,0.144,0.11,0.233,0.364,0.356,0.077,0.39,0.183,0.274,0.299,0.103,0.318,0.192,0.078,0.133,0.204,0.123,0.184,0.192,0.236,0.141,0.253,0.284,0.185,0.229,0.253,0.111,0.116,0.13,0.169,0.214,0.236,0.12,0.232,0.124,0.276,1.0,0.074,0.169,0.132,0.271,0.107,0.146,0.434,0.181,0.124,0.272,0.151,0.533,0.253,0.364,0.249,0.338,0.21,0.152,0.277,0.295,0.133
0.146,0.194,0.36,0.16,0.232,0.231,0.11,0.173,0.142,0.693,0.4,0.291,0.161,0.203,0.255,0.334,0.181,0.343,0.29,0.192,0.304,0.11,0.461,0.238,0.289,0.43,0.243,0.278,0.261,0.286,0.157,0.258,0.118,0.311,0.277,0.251,0.245,0.288,0.144,0.172,0.283,0.228,0.345,0.229,0.384,0.388,0.212,0.218,0.286,0.236,0.241,0.128,0.187,0.1,0.113,0.167,0.28,0.649,0.256,0.529,0.269,0.14,0.189,0.118,0.47,0.377,0.358,0.19,0.116,0.151,0.281,0.237,0.229,0.21,0.388,0.237,0.161,0.244,0.214,0.371,0.321,0.318,0.693,0.229,0.186,0.192,0.693,0.229,0.139,0.236,0.158,0.211,0.264,0.207,0.249,0.782,0.224,0.239,0.251,0.28,0.27,0.113,0.333,0.252,0.41,0.279,0.313,0.303,0.209,0.194,0.247,0.241,0.158,0.252,0.275,0.178,0.304,0.127,0.285,0.111,0.333,0.24,0.118,0.317,0.488,0.164,0.113,0.136,0.337,0.188,0.226,0.181,0.782,0.264,0.21,0.185,0.286,0.181,0.389,0.222,0.16,0.693,0.316,0.229,0.118,0.22,0.147,0.289,0.258,0.28,0.782,0.32,0.693,0.286,0.157,0.317,0.292,0.24,0.132,0.106,0.187,0.144,0.319,0.231,0.158,0.3,0.159,0.141,0.196,0.23,0.204,0.128,0.277,0.105,0.113,0.123,0.097,0.224,0.448,0.295,0.331,0.106,0.299,1.0,0.286,0.27,0.247,0.335,0.302,0.154,0.782,0.338,0.214,0.288,0.207,0.165,0.201,0.176,0.213,0.217,0.334,0.289,0.34,0.378,0.231,0.181,0.256,0.326,0.282,0.622,0.165,0.205,0.292,0.315,0.41,0.334,0.273,0.321,0.201,0.196,0.26,0.358,0.224,0.248,0.287,0.182,0.345,0.15,0.146,0.178,0.184,0.37,0.309,0.111,0.163,0.216,0.355,0.393,0.178,0.292,0.322,0.275,0.194,0.324,0.222,0.229,0.176,0.348,0.203,0.334,0.248,0.33,0.329,0.334,0.142,0.295,0.14,0.174,0.204,0.284,0.194,0.156,0.193,0.155,0.231,0.145,0.288,0.267,0.251,0.154,0.235,0.352,0.361,0.139,0.3,0.302,0.358,0.334,0.26,0.135,0.364,0.143,0.13,0.348,0.11,0.232
0.166,0.226,0.375,0.238,0.276,0.192,0.176,0.153,0.296,0.815,0.32,0.286,0.16,0.2,0.281,0.329,0.215,0.242,0.224,0.241,0.29,0.176,0.313,0.186,0.257,0.066,0.326,0.233,0.204,0.285,0.179,0.307,0.158,0.311,0.182,0.394,0.324,0.338,0.221,0.235,0.284,0.205,0.222,0.13,0.319,0.311,0.248,0.326,0.268,0.261,0.299,0.13,0.173,0.139,0.205,0.174,0.241,0.45,0.43,0.627,0.284,0.161,0.28,0.169,0.531,0.771,0.401,0.251,0.167,0.177,0.276,0.251,0.288,0.376,0.311,0.265,0.22,0.314,0.21,0.272,0.283,0.38,0.815,0.139,0.386,0.194,0.815,0.228,0.088,0.378,0.319,0.293,0.345,0.257,0.198,0.915,0.255,0.282,0.261,0.38,0.315,0.129,0.426,0.197,0.431,0.324,0.414,0.33,0.303,0.265,0.229,0.226,0.28,0.312,0.279,0.113,0.296,0.061,0.278,0.15,0.278,0.201,0.246,0.223,0.484,0.15,0.317,0.12,0.404,0.322,0.218,0.194,0.915,0.281,0.376,0.267,0.279,0.193,0.289,0.204,0.375,0.815,0.271,0.21,0.158,0.206,0.163,0.404,0.337,0.384,0.915,0.413,0.815,0.364,0.187,0.346,0.372,0.372,0.199,0.102,0.21,0.295,0.206,0.531,0.221,0.281,0.18,0.221,0.251,0.202,0.23,0.118,0.17,0.154,0.158,0.139,0.122,0.243,0.236,0.138,0.304,0.119,0.23,0.286,1.0,0.17,0.259,0.226,0.309,0.148,0.915,0.412,0.219,0.296,0.24,0.186,0.266,0.312,0.458,0.244,0.329,0.222,0.319,0.325,0.277,0.199,0.294,0.334,0.363,0.736,0.196,0.227,0.386,0.372,0.244,0.314,0.169,0.179,0.471,0.211,0.306,0.389,0.187,0.66,0.296,0.155,0.222,0.2,0.207,0.202,0.116,0.238,0.243,0.154,0.237,0.232,0.375,0.356,0.143,0.343,0.285,0.231,0.204,0.354,0.263,0.22,0.255,0.17,0.228,0.329,0.238,0.294,0.298,0.329,0.184,0.226,0.158,0.228,0.255,0.287,0.226,0.213,0.166,0.226,0.531,0.173,0.241,0.222,0.287,0.177,0.412,0.295,0.324,0.186,0.335,0.346,0.59,0.329,0.192,0.185,0.315,0.258,0.156,0.142,0.128,0.295
0.143,0.187,0.467,0.173,0.134,0.181,0.156,0.094,0.123,0.243,0.253,0.189,0.091,0.135,0.15,0.383,0.151,0.338,0.243,0.308,0.234,0.156,0.091,0.348,0.21,0.583,0.149,0.138,0.329,0.231,0.176,0.169,0.136,0.238,0.202,0.217,0.148,0.196,0.167,0.237,0.192,0.096,0.223,0.237,0.252,0.469,0.195,0.147,0.145,0.251,0.111,0.15,0.249,0.114,0.149,0.234,0.363,0.13,0.124,0.213,0.264,0.102,0.256,0.137,0.157,0.291,0.238,0.323,0.122,0.159,0.147,0.162,0.153,0.165,0.469,0.193,0.216,0.157,0.366,0.211,0.156,0.167,0.243,0.676,0.196,0.296,0.243,0.245,0.206,0.126,0.159,0.265,0.188,0.449,0.161,0.259,0.146,0.168,0.167,0.134,0.2,0.156,0.219,0.239,0.259,0.205,0.226,0.204,0.178,0.163,0.564,0.13,0.185,0.205,0.228,0.539,0.164,0.13,0.491,0.141,0.259,0.148,0.14,0.531,0.155,0.158,0.196,0.091,0.179,0.144,0.132,0.15,0.259,0.163,0.165,0.209,0.128,0.148,0.268,0.161,0.193,0.243,0.174,0.16,0.232,0.108,0.332,0.197,0.163,0.277,0.259,0.141,0.243,0.191,0.178,0.161,0.147,0.185,0.16,0.153,0.459,0.19,0.373,0.281,0.211,0.152,0.173,0.181,0.136,0.167,0.142,0.133,0.23,0.116,0.129,0.108,0.094,0.404,0.295,0.282,0.246,0.087,0.32,0.27,0.17,1.0,0.196,0.236,0.206,0.097,0.259,0.284,0.256,0.176,0.193,0.183,0.136,0.222,0.221,0.157,0.383,0.154,0.155,0.233,0.234,0.218,0.203,0.163,0.193,0.231,0.128,0.314,0.182,0.179,0.264,0.294,0.218,0.298,0.257,0.334,0.145,0.206,0.345,0.274,0.205,0.18,0.227,0.167,0.146,0.176,0.56,0.301,0.261,0.101,0.142,0.131,0.194,0.172,0.134,0.206,0.184,0.111,0.151,0.201,0.156,0.299,0.201,0.292,0.161,0.383,0.159,0.204,0.184,0.383,0.154,0.159,0.183,0.188,0.27,0.222,0.187,0.208,0.139,0.236,0.281,0.128,0.201,0.109,0.197,0.188,0.18,0.288,0.226,0.134,0.158,0.188,0.245,0.383,0.391,0.215,0.215,0.167,0.158,0.397,0.149,0.17
0.148,0.245,0.352,0.244,0.273,0.185,0.111,0.166,0.157,0.648,0.335,0.249,0.219,0.234,0.293,0.38,0.335,0.257,0.269,0.227,0.228,0.111,0.554,0.157,0.368,0.082,0.224,0.341,0.192,0.23,0.204,0.294,0.112,0.445,0.25,0.328,0.299,0.332,0.104,0.169,0.309,0.292,0.28,0.182,0.367,0.428,0.498,0.303,0.363,0.237,0.248,0.091,0.131,0.071,0.106,0.149,0.294,0.333,0.26,0.413,0.355,0.173,0.208,0.195,1.0,0.307,0.304,0.213,0.114,0.171,0.318,0.268,0.332,0.295,0.788,0.419,0.143,0.187,0.132,0.288,0.343,0.404,0.648,0.166,0.165,0.211,0.561,0.201,0.136,0.098,0.194,0.234,0.204,0.3,0.208,0.658,0.26,0.348,0.258,0.328,0.387,0.302,0.306,0.146,0.373,0.408,0.311,0.359,0.291,0.318,0.18,0.164,0.135,0.181,0.429,0.132,0.207,0.082,0.282,0.104,0.21,0.317,0.153,0.255,0.312,0.173,0.119,0.156,0.37,0.154,0.428,0.438,0.658,0.313,0.295,0.216,0.292,0.33,0.268,0.215,0.134,0.648,0.351,0.281,0.109,0.237,0.135,0.293,0.127,0.258,0.658,0.313,0.648,0.274,0.326,0.25,0.338,0.34,0.12,0.147,0.202,0.177,0.126,0.244,0.193,0.386,0.145,0.177,0.228,0.247,0.319,0.081,0.23,0.119,0.173,0.125,0.079,0.196,0.215,0.177,0.252,0.121,0.14,0.247,0.259,0.196,1.0,0.281,0.384,0.214,0.658,0.301,0.471,0.212,0.302,0.153,0.221,0.15,0.185,0.314,0.38,0.329,0.36,0.323,0.205,0.158,0.337,0.433,0.296,0.484,0.295,0.596,0.322,0.317,0.185,0.293,0.116,0.149,0.216,0.581,0.271,0.408,0.125,0.227,0.319,0.125,0.227,0.21,0.118,0.247,0.107,0.194,0.16,0.127,0.121,0.207,0.338,0.381,0.194,0.212,0.214,1.0,0.238,0.296,0.32,0.231,0.198,0.185,0.379,0.38,0.319,0.337,0.342,0.38,0.31,0.341,0.165,0.254,0.355,0.382,0.245,0.202,0.186,0.126,0.244,0.266,0.201,0.565,0.451,0.373,0.194,0.226,0.467,0.322,0.327,0.377,0.201,0.38,0.131,0.156,0.23,0.161,0.123,0.129,0.12,0.25
0.134,0.19,0.462,0.167,0.164,0.119,0.122,0.272,0.14,0.736,0.628,0.196,0.186,0.127,0.191,0.301,0.239,0.229,0.274,0.235,0.22,0.122,0.261,0.213,0.314,0.152,0.262,0.213,0.217,0.26,0.176,0.324,0.131,0.292,0.368,0.388,0.165,0.336,0.116,0.196,0.225,0.171,0.265,0.204,0.344,0.334,0.214,0.134,0.372,0.303,0.199,0.095,0.176,0.084,0.123,0.14,0.442,0.376,0.215,0.521,0.505,0.149,0.227,0.19,0.449,0.418,0.299,0.252,0.156,0.168,0.259,0.334,0.258,0.196,0.334,0.302,0.172,0.22,0.166,0.32,0.345,0.246,0.736,0.232,0.142,0.238,0.736,0.147,0.128,0.073,0.209,0.237,0.23,0.267,0.307,0.847,0.353,0.435,0.36,0.248,0.614,0.19,0.225,0.152,0.423,0.654,0.362,0.22,0.349,0.175,0.272,0.178,0.152,0.27,0.245,0.192,0.188,0.058,0.377,0.116,0.219,0.269,0.172,0.272,0.397,0.15,0.145,0.182,0.245,0.172,0.355,0.181,0.847,0.19,0.196,0.203,0.22,0.165,0.377,0.227,0.138,0.736,0.433,0.25,0.135,0.359,0.149,0.314,0.09,0.302,0.847,0.256,0.736,0.273,0.188,0.246,0.309,0.304,0.142,0.155,0.202,0.277,0.204,0.191,0.193,0.285,0.147,0.204,0.224,0.228,0.381,0.088,0.276,0.17,0.177,0.094,0.089,0.171,0.485,0.171,0.221,0.1,0.145,0.335,0.226,0.236,0.281,1.0,0.234,0.229,0.847,0.349,0.191,0.157,0.258,0.143,0.234,0.16,0.141,0.189,0.301,0.307,0.303,0.354,0.196,0.174,0.385,0.366,0.244,0.645,0.222,0.27,0.333,0.261,0.347,0.285,0.339,0.185,0.164,0.32,0.151,0.604,0.151,0.164,0.466,0.2,0.317,0.12,0.116,0.188,0.143,0.21,0.152,0.112,0.134,0.301,0.258,0.299,0.099,0.199,0.204,0.132,0.184,0.313,0.443,0.303,0.224,0.291,0.195,0.301,0.295,0.394,0.247,0.301,0.142,0.288,0.168,0.178,0.232,0.198,0.19,0.179,0.202,0.158,0.191,0.144,0.321,0.241,0.244,0.237,0.227,0.268,0.366,0.188,0.282,0.53,0.147,0.301,0.2,0.164,0.259,0.21,0.151,0.228,0.118,0.223
0.156,0.272,0.325,0.355,0.216,0.253,0.103,0.16,0.182,0.915,0.295,0.467,0.19,0.18,0.342,0.292,0.235,0.294,0.279,0.198,0.342,0.103,0.384,0.181,0.438,0.19,0.195,0.343,0.173,0.287,0.27,0.272,0.129,0.389,0.201,0.275,0.275,0.411,0.089,0.177,0.425,0.387,0.389,0.153,0.349,0.349,0.29,0.233,0.269,0.207,0.271,0.132,0.172,0.07,0.107,0.155,0.244,0.545,0.309,0.756,0.274,0.162,0.262,0.154,0.635,0.49,0.35,0.172,0.127,0.168,0.308,0.245,0.269,0.279,0.349,0.285,0.125,0.246,0.162,0.262,0.349,0.402,0.915,0.156,0.219,0.168,0.915,0.171,0.206,0.097,0.222,0.238,0.243,0.259,0.177,1.0,0.226,0.279,0.246,0.322,0.318,0.123,0.329,0.266,0.442,0.326,0.317,0.361,0.264,0.192,0.208,0.169,0.133,0.27,0.361,0.16,0.221,0.069,0.276,0.106,0.251,0.279,0.239,0.281,0.594,0.164,0.109,0.157,0.419,0.468,0.224,0.234,1.0,0.311,0.279,0.238,0.371,0.205,0.285,0.215,0.16,0.915,0.354,0.231,0.129,0.209,0.136,0.311,0.116,0.288,1.0,0.345,0.915,0.355,0.179,0.34,0.351,0.3,0.117,0.105,0.23,0.199,0.199,0.211,0.192,0.451,0.221,0.317,0.255,0.236,0.238,0.15,0.32,0.182,0.161,0.165,0.154,0.214,0.332,0.121,0.342,0.121,0.172,0.302,0.309,0.206,0.384,0.234,1.0,0.16,1.0,0.312,0.297,0.268,0.289,0.2,0.246,0.169,0.162,0.236,0.292,0.272,0.366,0.313,0.261,0.19,0.36,0.35,0.279,0.847,0.212,0.209,0.409,0.328,0.225,0.335,0.12,0.234,0.186,0.211,0.353,0.418,0.131,0.19,0.301,0.233,0.251,0.222,0.181,0.197,0.121,0.28,0.205,0.142,0.143,0.207,0.398,0.36,0.252,0.282,0.271,0.62,0.212,0.351,0.267,0.201,0.213,0.201,0.211,0.292,0.266,0.308,0.305,0.292,0.137,0.387,0.167,0.386,0.249,0.368,0.272,0.147,0.208,0.147,0.211,0.172,0.259,0.311,0.206,0.185,0.572,0.315,0.409,0.169,0.433,0.36,0.171,0.292,0.136,0.147,0.305,0.19,0.163,0.186,0.101,0.308
0.1,0.176,0.268,0.121,0.14,0.062,0.062,0.166,0.12,0.45,0.254,0.113,0.221,0.088,0.172,0.172,0.129,0.112,0.196,0.102,0.092,0.062,0.194,0.113,0.197,0.051,0.165,0.145,0.131,0.148,0.134,0.214,0.075,0.169,0.148,0.236,0.104,0.203,0.052,0.09,0.113,0.108,0.122,0.119,0.217,0.14,0.156,0.088,0.234,0.183,0.339,0.053,0.088,0.042,0.065,0.104,0.261,0.237,0.153,0.278,0.324,0.491,0.11,0.103,0.301,0.248,0.175,0.138,0.093,0.088,0.199,0.281,0.23,0.117,0.14,0.187,0.078,0.113,0.073,0.167,0.459,0.16,0.45,0.088,0.078,0.147,0.45,0.063,0.386,0.038,0.119,0.114,0.113,0.145,0.146,0.546,0.406,0.322,0.213,0.255,0.381,0.254,0.138,0.083,0.385,0.414,0.207,0.122,0.203,0.158,0.097,0.116,0.073,0.121,0.149,0.095,0.155,0.047,0.192,0.141,0.158,0.216,0.096,0.132,0.333,0.209,0.061,0.625,0.164,0.11,0.288,0.144,0.546,0.166,0.117,0.107,0.329,0.122,0.208,0.202,0.068,0.45,0.255,0.189,0.075,0.267,0.149,0.192,0.041,0.178,0.546,0.161,0.45,0.176,0.139,0.217,0.311,0.213,0.076,0.134,0.095,0.159,0.082,0.092,0.158,0.18,0.095,0.113,0.187,0.141,0.262,0.052,0.142,0.101,0.101,0.152,0.054,0.122,0.143,0.067,0.124,0.196,0.07,0.154,0.148,0.097,0.214,0.229,0.16,1.0,0.546,0.208,0.111,0.086,0.194,0.072,0.146,0.071,0.069,0.125,0.172,0.131,0.187,0.228,0.174,0.108,0.242,0.241,0.153,0.375,0.155,0.16,0.223,0.175,0.106,0.17,0.066,0.103,0.075,0.19,0.121,0.364,0.07,0.067,0.31,0.079,0.145,0.057,0.062,0.202,0.055,0.122,0.081,0.412,0.074,0.181,0.172,0.185,0.098,0.108,0.113,0.169,0.117,0.18,0.263,0.177,0.116,0.177,0.142,0.172,0.197,0.232,0.143,0.172,0.166,0.177,0.17,0.124,0.107,0.107,0.176,0.086,0.407,0.075,0.092,0.108,0.158,0.228,0.187,0.184,0.14,0.163,0.251,0.193,0.198,0.326,0.063,0.172,0.076,0.074,0.139,0.12,0.086,0.078,0.058,0.133
0.272,0.272,1.0,0.357,0.659,0.172,0.16,0.516,0.323,0.915,1.0,0.795,0.507,0.234,0.847,0.204,0.795,0.847,0.551,0.28,0.756,0.16,0.384,0.44,0.847,0.067,0.548,0.847,0.376,0.847,0.318,0.847,0.218,0.915,0.401,1.0,0.681,1.0,0.15,0.237,0.756,0.545,0.721,0.221,1.0,0.28,0.29,0.383,0.809,0.567,1.0,0.143,0.178,0.114,0.161,0.279,0.915,0.545,1.0,0.756,1.0,0.35,0.306,0.347,0.635,0.49,0.795,0.204,0.279,0.279,0.744,0.915,0.795,0.279,0.28,0.73,0.191,0.392,0.191,0.782,0.915,1.0,0.915,0.217,0.224,0.204,0.915,0.161,0.171,0.097,0.392,0.49,0.392,0.513,0.663,1.0,0.752,1.0,0.663,0.695,1.0,0.303,0.915,0.25,1.0,1.0,0.915,1.0,0.847,0.303,0.279,0.69,0.258,0.399,0.584,0.188,0.727,0.065,0.756,0.239,0.567,0.677,0.306,0.847,0.594,0.246,0.173,0.35,0.915,0.243,0.659,0.383,1.0,0.915,0.279,0.392,0.847,0.383,0.782,0.535,0.224,0.915,0.847,0.608,0.265,0.602,0.256,1.0,0.116,0.795,1.0,1.0,0.915,1.0,0.383,1.0,1.0,0.635,0.211,0.294,0.259,0.392,0.321,0.191,0.273,0.847,0.306,0.318,0.831,0.609,0.795,0.143,0.534,0.313,0.323,0.24,0.182,0.259,0.704,0.195,1.0,0.236,0.252,0.782,0.915,0.259,0.658,0.847,1.0,0.546,1.0,1.0,0.28,0.298,0.454,0.188,0.602,0.195,0.155,0.392,0.204,0.756,0.915,1.0,0.756,0.243,1.0,0.915,0.809,0.847,0.584,0.383,1.0,0.847,0.34,1.0,0.162,0.567,0.172,0.383,0.548,1.0,0.191,0.173,0.915,0.221,0.795,0.187,0.217,0.318,0.168,0.847,0.545,0.186,0.278,0.597,0.915,1.0,0.157,0.49,0.545,0.189,0.545,0.847,0.915,0.432,0.49,0.69,0.383,0.204,0.809,0.915,0.915,0.204,0.181,0.809,0.23,0.357,0.28,0.345,0.272,0.279,0.608,0.192,0.191,0.237,0.533,0.659,0.444,0.383,0.306,0.62,1.0,0.323,1.0,1.0,0.161,0.204,0.191,0.229,0.782,0.392,0.204,0.178,0.155,0.795
0.146,0.272,0.448,0.186,0.236,0.12,0.122,0.214,0.153,0.915,0.41,0.254,0.191,0.118,0.268,0.38,0.287,0.335,0.302,0.21,0.258,0.122,0.384,0.35,0.315,0.368,0.237,0.249,0.279,0.355,0.167,0.357,0.136,0.32,0.229,0.4,0.229,0.366,0.121,0.239,0.255,0.2,0.283,0.153,0.415,0.28,0.29,0.182,0.305,0.254,0.283,0.184,0.15,0.111,0.126,0.163,0.423,0.545,0.339,0.756,0.414,0.199,0.279,0.155,0.635,0.49,0.364,0.251,0.155,0.169,0.324,0.348,0.336,0.279,0.28,0.315,0.183,0.223,0.213,0.321,0.375,0.328,0.915,0.253,0.188,0.255,0.915,0.198,0.137,0.198,0.196,0.243,0.229,0.363,0.262,1.0,0.312,0.39,0.298,0.365,0.457,0.168,0.327,0.234,0.499,0.468,0.386,0.292,0.376,0.208,0.223,0.242,0.161,0.237,0.318,0.148,0.286,0.082,0.366,0.13,0.259,0.246,0.143,0.298,0.594,0.164,0.129,0.157,0.351,0.243,0.306,0.191,1.0,0.311,0.279,0.196,0.279,0.176,0.386,0.246,0.159,0.915,0.376,0.245,0.158,0.291,0.223,0.384,0.21,0.351,1.0,0.357,0.915,0.343,0.172,0.36,0.395,0.349,0.152,0.134,0.198,0.206,0.258,0.202,0.191,0.335,0.176,0.163,0.311,0.239,0.314,0.159,0.227,0.145,0.148,0.193,0.12,0.219,0.333,0.213,0.298,0.129,0.23,0.338,0.412,0.284,0.301,0.349,0.312,0.208,1.0,1.0,0.217,0.21,0.24,0.179,0.227,0.191,0.187,0.198,0.38,0.28,0.371,0.427,0.255,0.171,0.363,0.36,0.313,0.847,0.206,0.244,0.378,0.354,0.29,0.385,0.162,0.281,0.172,0.251,0.25,0.551,0.19,0.213,0.437,0.169,0.322,0.124,0.315,0.181,0.272,0.341,0.263,0.105,0.163,0.262,0.334,0.353,0.147,0.289,0.284,0.269,0.222,0.344,0.377,0.36,0.219,0.306,0.193,0.38,0.341,0.386,0.33,0.38,0.143,0.28,0.18,0.193,0.263,0.268,0.272,0.187,0.208,0.177,0.202,0.138,0.297,0.256,0.255,0.191,0.306,0.312,0.396,0.19,0.353,0.463,0.198,0.38,0.256,0.157,0.315,0.195,0.209,0.252,0.125,0.294
0.131,0.205,0.257,0.181,0.308,0.176,0.141,0.083,0.182,0.266,0.215,0.32,0.095,0.171,0.233,0.467,0.161,0.174,0.257,0.304,0.19,0.141,0.169,0.173,0.426,0.108,0.147,0.226,0.191,0.164,0.178,0.243,0.166,0.302,0.195,0.209,0.208,0.252,0.144,0.325,0.251,0.259,0.305,0.102,0.191,0.543,0.217,0.201,0.166,0.23,0.153,0.157,0.184,0.095,0.134,0.113,0.155,0.138,0.189,0.237,0.192,0.121,0.374,0.125,0.268,0.323,0.196,0.281,0.107,0.144,0.151,0.149,0.174,0.178,1.0,0.205,0.187,0.173,0.243,0.193,0.164,0.28,0.266,0.22,0.318,0.258,0.266,0.274,0.134,0.134,0.172,0.267,0.208,0.223,0.16,0.28,0.148,0.188,0.155,0.166,0.188,0.162,0.297,0.171,0.215,0.191,0.225,0.25,0.169,0.219,0.229,0.197,0.163,0.278,0.303,0.174,0.155,0.116,0.252,0.088,0.176,0.165,0.131,0.233,0.167,0.118,0.178,0.104,0.185,0.152,0.159,0.255,0.28,0.167,0.178,0.21,0.159,0.182,0.18,0.099,0.232,0.266,0.177,0.166,0.131,0.106,0.121,0.198,0.178,0.172,0.28,0.188,0.266,0.19,0.186,0.197,0.175,0.19,0.144,0.122,0.257,0.163,0.15,0.311,0.218,0.245,0.129,0.169,0.216,0.136,0.145,0.158,0.155,0.114,0.137,0.151,0.13,0.245,0.198,0.185,0.212,0.112,0.218,0.214,0.219,0.256,0.471,0.191,0.297,0.111,0.28,0.217,1.0,0.207,0.198,0.178,0.137,0.304,0.242,0.214,0.467,0.152,0.185,0.157,0.245,0.181,0.2,0.199,0.196,0.254,0.127,0.52,0.272,0.233,0.233,0.184,0.152,0.107,0.286,0.483,0.226,0.202,0.163,0.311,0.163,0.159,0.146,0.187,0.163,0.178,0.146,0.147,0.207,0.113,0.215,0.119,0.2,0.18,0.184,0.214,0.311,1.0,0.096,0.231,0.155,0.265,0.19,0.114,0.18,0.467,0.135,0.15,0.228,0.467,0.234,0.186,0.272,0.197,0.419,0.336,0.205,0.186,0.117,0.152,0.311,0.198,0.331,0.357,0.239,0.209,0.194,0.313,0.242,0.236,0.193,0.192,0.274,0.467,0.17,0.207,0.23,0.154,0.305,0.179,0.134,0.183
0.108,0.099,0.23,0.148,0.221,0.191,0.129,0.112,0.235,0.253,0.228,0.234,0.194,0.212,0.216,0.329,0.166,0.315,0.167,0.172,0.25,0.129,0.147,0.182,0.227,0.44,0.261,0.227,0.191,0.258,0.13,0.155,0.142,0.263,0.179,0.224,0.296,0.231,0.159,0.165,0.229,0.246,0.267,0.173,0.246,0.237,0.134,0.301,0.188,0.182,0.296,0.106,0.155,0.108,0.167,0.19,0.177,0.184,0.236,0.178,0.191,0.145,0.251,0.167,0.194,0.298,0.266,0.184,0.142,0.146,0.21,0.158,0.174,0.226,0.237,0.209,0.167,0.317,0.193,0.261,0.163,0.292,0.253,0.146,0.286,0.151,0.253,0.242,0.113,0.244,0.269,0.221,0.338,0.216,0.14,0.298,0.158,0.182,0.159,0.212,0.181,0.078,0.32,0.312,0.29,0.183,0.301,0.316,0.169,0.2,0.247,0.169,0.244,0.307,0.187,0.115,0.288,0.09,0.159,0.118,0.347,0.134,0.171,0.302,0.185,0.182,0.152,0.099,0.27,0.419,0.128,0.196,0.298,0.242,0.226,0.217,0.245,0.185,0.22,0.173,0.236,0.253,0.156,0.165,0.146,0.104,0.149,0.317,0.27,0.244,0.298,0.346,0.253,0.279,0.144,0.275,0.254,0.242,0.153,0.065,0.183,0.205,0.269,0.382,0.143,0.215,0.166,0.172,0.201,0.19,0.165,0.105,0.171,0.133,0.185,0.13,0.139,0.248,0.234,0.13,0.339,0.147,0.309,0.288,0.296,0.176,0.212,0.157,0.268,0.086,0.298,0.21,0.207,1.0,0.18,0.14,0.197,0.22,0.341,0.229,0.329,0.195,0.198,0.302,0.222,0.184,0.181,0.177,0.372,0.22,0.159,0.142,0.345,0.235,0.226,0.247,0.158,0.263,0.337,0.135,0.258,0.187,0.182,0.442,0.176,0.172,0.218,0.195,0.134,0.138,0.146,0.312,0.212,0.155,0.234,0.173,0.291,0.325,0.153,0.333,0.204,0.337,0.231,0.305,0.146,0.157,0.207,0.209,0.197,0.329,0.187,0.22,0.208,0.329,0.193,0.166,0.139,0.154,0.276,0.301,0.099,0.163,0.153,0.18,0.382,0.158,0.237,0.178,0.241,0.137,0.312,0.271,0.213,0.151,0.232,0.192,0.411,0.329,0.199,0.162,0.322,0.232,0.19,0.195,0.148,0.194
0.205,0.316,0.292,0.24,0.174,0.235,0.119,0.167,0.175,0.414,0.28,0.242,0.192,0.23,0.216,0.228,0.184,0.175,0.214,0.209,0.189,0.119,0.177,0.169,0.291,0.062,0.194,0.339,0.159,0.332,0.294,0.325,0.142,0.317,0.261,0.274,0.261,0.262,0.111,0.179,0.261,0.198,0.204,0.196,0.277,0.285,0.372,0.262,0.342,0.202,0.191,0.176,0.144,0.083,0.128,0.206,0.253,0.231,0.229,0.337,0.293,0.16,0.232,0.237,0.313,0.528,0.253,0.199,0.186,0.277,0.225,0.26,0.309,0.283,0.285,0.314,0.156,0.232,0.137,0.225,0.275,0.295,0.414,0.164,0.153,0.199,0.414,0.145,0.136,0.081,0.263,0.293,0.243,0.249,0.175,0.454,0.215,0.321,0.272,0.237,0.341,0.552,0.268,0.166,0.348,0.353,0.263,0.206,0.301,0.427,0.206,0.124,0.161,0.236,0.315,0.151,0.205,0.058,0.271,0.124,0.209,0.264,0.218,0.191,0.259,0.178,0.131,0.129,0.242,0.242,0.284,0.252,0.454,0.224,0.283,0.268,0.217,0.302,0.24,0.185,0.143,0.414,0.316,0.205,0.156,0.205,0.179,0.28,0.098,0.233,0.454,0.247,0.414,0.237,0.324,0.23,0.258,0.348,0.152,0.137,0.198,0.294,0.164,0.181,0.229,0.279,0.204,0.249,0.208,0.184,0.245,0.216,0.236,0.195,0.218,0.16,0.149,0.173,0.204,0.136,0.22,0.108,0.146,0.207,0.24,0.193,0.302,0.258,0.289,0.194,0.454,0.24,0.198,0.18,1.0,0.297,0.281,0.148,0.141,0.305,0.228,0.222,0.3,0.24,0.179,0.183,0.325,0.31,0.271,0.382,0.257,0.307,0.268,0.258,0.228,0.231,0.129,0.112,0.159,0.366,0.234,0.348,0.126,0.158,0.283,0.167,0.191,0.144,0.233,0.373,0.111,0.156,0.165,0.159,0.151,0.229,0.255,0.278,0.284,0.22,0.19,0.276,0.168,0.253,0.261,0.234,0.292,0.152,0.31,0.228,0.223,0.259,0.244,0.228,0.218,0.37,0.217,0.254,0.244,0.249,0.316,0.187,0.184,0.156,0.181,0.255,0.26,0.277,0.293,0.356,0.312,0.186,0.447,0.306,0.26,0.333,0.145,0.228,0.13,0.164,0.18,0.241,0.14,0.125,0.118,0.317
0.162,0.107,0.17,0.214,0.114,0.326,0.102,0.068,0.11,0.166,0.156,0.219,0.146,0.238,0.154,0.315,0.128,0.122,0.212,0.204,0.135,0.102,0.061,0.118,0.184,0.088,0.16,0.201,0.128,0.135,0.297,0.113,0.091,0.189,0.142,0.181,0.184,0.195,0.099,0.156,0.172,0.153,0.141,0.066,0.14,0.334,0.118,0.199,0.178,0.162,0.126,0.137,0.118,0.07,0.095,0.156,0.123,0.085,0.146,0.133,0.155,0.097,0.205,0.134,0.101,0.197,0.134,0.236,0.086,0.294,0.156,0.148,0.125,0.107,0.334,0.144,0.138,0.131,0.126,0.116,0.137,0.175,0.166,0.162,0.122,0.244,0.166,0.147,0.132,0.073,0.141,0.211,0.164,0.166,0.096,0.188,0.1,0.139,0.122,0.127,0.149,0.111,0.143,0.136,0.176,0.155,0.177,0.126,0.196,0.183,0.159,0.073,0.112,0.132,0.222,0.122,0.135,0.09,0.206,0.086,0.126,0.16,0.211,0.176,0.101,0.117,0.118,0.073,0.126,0.206,0.097,0.129,0.188,0.131,0.107,0.191,0.151,0.166,0.129,0.095,0.109,0.166,0.16,0.116,0.082,0.078,0.105,0.268,0.09,0.117,0.188,0.187,0.166,0.121,0.172,0.134,0.136,0.207,0.106,0.089,0.166,0.14,0.097,0.191,0.139,0.154,0.198,0.228,0.145,0.137,0.119,0.161,0.186,0.096,0.13,0.089,0.092,0.175,0.127,0.129,0.135,0.079,0.123,0.165,0.186,0.183,0.153,0.143,0.2,0.072,0.188,0.179,0.178,0.14,0.297,1.0,0.201,0.138,0.141,0.16,0.315,0.119,0.179,0.152,0.135,0.12,0.28,0.172,0.171,0.147,0.171,0.203,0.214,0.158,0.136,0.133,0.114,0.099,0.164,0.217,0.15,0.145,0.121,0.164,0.119,0.109,0.153,0.12,0.16,0.271,0.101,0.114,0.123,0.171,0.09,0.096,0.14,0.139,0.23,0.146,0.183,0.144,0.178,0.166,0.113,0.221,0.176,0.088,0.158,0.315,0.116,0.107,0.17,0.315,0.151,0.227,0.116,0.237,0.248,0.183,0.107,0.128,0.111,0.134,0.191,0.2,0.189,0.144,0.124,0.184,0.256,0.135,0.164,0.105,0.151,0.237,0.147,0.315,0.132,0.138,0.124,0.119,0.121,0.118,0.123,0.24
0.144,0.18,0.278,0.166,0.125,0.326,0.096,0.13,0.2,0.499,0.24,0.184,0.243,0.384,0.231,0.172,0.14,0.118,0.213,0.147,0.15,0.096,0.191,0.119,0.276,0.039,0.426,0.351,0.115,0.164,0.337,0.192,0.097,0.239,0.137,0.236,0.395,0.256,0.089,0.128,0.23,0.224,0.196,0.084,0.217,0.191,0.138,0.434,0.342,0.18,0.223,0.059,0.097,0.087,0.095,0.427,0.22,0.257,0.203,0.312,0.272,0.17,0.147,0.361,0.299,0.279,0.213,0.151,0.104,0.186,0.177,0.195,0.211,0.128,0.191,0.218,0.139,0.228,0.102,0.204,0.268,0.278,0.499,0.109,0.105,0.143,0.499,0.41,0.086,0.104,0.333,0.615,0.27,0.172,0.143,0.602,0.209,0.251,0.197,0.173,0.318,0.128,0.206,0.127,0.368,0.342,0.286,0.158,0.193,0.439,0.133,0.119,0.108,0.135,0.206,0.095,0.179,0.032,0.212,0.08,0.253,0.248,0.15,0.192,0.253,0.129,0.095,0.109,0.22,0.13,0.221,0.13,0.602,0.156,0.128,0.404,0.224,0.312,0.201,0.224,0.096,0.499,0.318,0.168,0.094,0.353,0.095,0.347,0.11,0.173,0.602,0.338,0.499,0.186,0.499,0.201,0.278,0.186,0.112,0.087,0.126,0.154,0.102,0.132,0.153,0.283,0.117,0.178,0.141,0.151,0.212,0.054,0.178,0.098,0.269,0.062,0.051,0.139,0.157,0.1,0.167,0.083,0.115,0.201,0.266,0.136,0.221,0.234,0.246,0.146,0.602,0.227,0.137,0.197,0.281,0.201,1.0,0.118,0.112,0.29,0.172,0.176,0.26,0.305,0.124,0.121,0.331,0.338,0.34,0.419,0.588,0.167,0.327,0.343,0.12,0.207,0.093,0.143,0.108,0.183,0.235,0.345,0.095,0.119,0.267,0.091,0.199,0.114,0.081,0.222,0.085,0.186,0.095,0.275,0.094,0.163,0.212,0.275,0.222,0.188,0.164,0.216,0.176,0.278,0.234,0.173,0.604,0.126,0.313,0.172,0.182,0.219,0.236,0.172,0.222,0.341,0.13,0.184,0.163,0.152,0.18,0.125,0.158,0.1,0.132,0.506,0.153,0.254,0.171,0.4,0.155,0.177,0.297,0.143,0.237,0.36,0.111,0.172,0.099,0.106,0.196,0.129,0.101,0.094,0.079,0.235
0.193,0.113,0.271,0.294,0.328,0.115,0.358,0.068,0.294,0.173,0.206,0.274,0.063,0.095,0.164,0.329,0.211,0.144,0.19,0.385,0.325,0.358,0.066,0.15,0.235,0.066,0.328,0.1,0.289,0.177,0.137,0.246,0.336,0.261,0.145,0.492,0.198,0.405,0.468,0.342,0.336,0.123,0.299,0.15,0.132,0.357,0.123,0.211,0.118,0.373,0.125,0.16,0.332,0.355,0.364,0.085,0.132,0.087,0.109,0.127,0.165,0.067,0.42,0.1,0.102,0.207,0.303,0.431,0.251,0.256,0.25,0.115,0.104,0.106,0.357,0.136,0.469,0.214,0.513,0.212,0.113,0.131,0.173,0.184,0.462,0.224,0.173,0.284,0.095,0.334,0.231,0.243,0.216,0.231,0.266,0.195,0.205,0.191,0.132,0.186,0.164,0.11,0.308,0.189,0.156,0.169,0.284,0.32,0.134,0.234,0.192,0.307,0.506,0.302,0.177,0.164,0.23,0.061,0.272,0.123,0.199,0.105,0.256,0.171,0.099,0.077,0.557,0.066,0.166,0.099,0.1,0.141,0.195,0.17,0.106,0.16,0.086,0.138,0.196,0.069,0.545,0.173,0.124,0.115,0.218,0.08,0.201,0.144,0.443,0.314,0.195,0.102,0.173,0.276,0.132,0.159,0.107,0.199,0.392,0.098,0.224,0.15,0.252,0.661,0.361,0.15,0.096,0.21,0.289,0.098,0.134,0.167,0.116,0.169,0.101,0.164,0.16,0.306,0.141,0.234,0.187,0.083,0.307,0.176,0.312,0.222,0.15,0.16,0.169,0.071,0.195,0.191,0.304,0.22,0.148,0.138,0.118,1.0,0.573,0.156,0.329,0.102,0.126,0.114,0.326,0.291,0.156,0.126,0.24,0.154,0.085,0.269,0.356,0.154,0.282,0.264,0.345,0.095,0.605,0.27,0.119,0.154,0.335,0.825,0.129,0.14,0.105,0.358,0.239,0.134,0.194,0.097,0.289,0.071,0.343,0.221,0.215,0.129,0.087,0.187,0.287,0.076,0.064,0.215,0.125,0.23,0.21,0.083,0.121,0.329,0.111,0.213,0.265,0.329,0.116,0.12,0.231,0.275,0.279,0.274,0.113,0.304,0.074,0.451,0.661,0.086,0.229,0.134,0.372,0.141,0.12,0.389,0.166,0.114,0.146,0.149,0.735,0.329,0.341,0.291,0.474,0.246,0.299,0.216,0.19,0.116
0.195,0.086,0.287,0.26,0.421,0.119,0.373,0.062,0.38,0.134,0.212,0.26,0.063,0.094,0.272,0.202,0.201,0.514,0.202,0.82,0.642,0.373,0.054,0.149,0.162,0.05,0.375,0.117,0.574,0.253,0.132,0.279,0.373,0.324,0.133,0.458,0.291,0.329,0.359,0.2,0.421,0.068,0.182,0.151,0.155,0.242,0.095,0.307,0.117,0.82,0.316,0.084,0.515,0.446,1.0,0.083,0.134,0.068,0.155,0.095,0.155,0.075,0.329,0.099,0.08,0.154,0.642,0.82,0.373,0.249,0.521,0.134,0.104,0.083,0.242,0.147,0.82,0.375,0.82,0.208,0.134,0.212,0.134,0.173,0.458,0.202,0.134,0.191,0.08,0.205,0.206,0.242,0.375,0.235,0.327,0.155,0.228,0.155,0.133,0.329,0.155,0.101,0.642,0.265,0.2,0.155,0.514,0.574,0.133,0.287,0.221,0.265,0.421,0.279,0.242,0.141,0.515,0.044,0.29,0.159,0.399,0.098,0.256,0.221,0.076,0.091,0.458,0.064,0.514,0.08,0.094,0.133,0.155,0.313,0.083,0.173,0.125,0.15,0.192,0.071,0.458,0.134,0.117,0.125,0.201,0.077,0.239,0.183,0.252,0.642,0.155,0.155,0.134,0.642,0.133,0.195,0.155,0.212,0.592,0.098,0.221,0.133,0.327,0.82,0.574,0.364,0.096,0.212,0.181,0.101,0.108,0.074,0.125,0.213,0.102,0.077,0.065,0.416,0.16,0.216,0.518,0.091,0.514,0.213,0.458,0.221,0.185,0.141,0.162,0.069,0.155,0.187,0.242,0.341,0.141,0.141,0.112,0.573,1.0,0.182,0.202,0.095,0.134,0.155,0.642,0.841,0.155,0.134,0.375,0.117,0.077,0.242,0.273,0.147,0.432,0.82,0.574,0.169,0.445,0.242,0.254,0.155,0.514,0.458,0.134,0.136,0.133,0.399,0.261,0.132,0.192,0.117,0.514,0.064,0.265,0.327,0.514,0.176,0.092,0.375,0.2,0.06,0.068,0.185,0.134,0.202,0.191,0.091,0.133,0.202,0.117,0.207,0.265,0.202,0.128,0.117,0.15,0.26,0.365,0.421,0.086,0.445,0.074,0.642,0.514,0.074,0.162,0.094,0.403,0.133,0.096,0.32,0.2,0.102,0.23,0.155,0.421,0.202,0.514,0.386,0.514,0.237,0.148,0.219,0.22,0.133
0.117,0.245,0.245,0.224,0.327,0.224,0.138,0.128,0.202,0.349,0.239,0.278,0.184,0.359,0.221,0.269,0.136,0.189,0.174,0.199,0.209,0.138,0.215,0.145,0.278,0.115,0.204,0.291,0.178,0.203,0.221,0.189,0.126,0.408,0.255,0.225,0.564,0.202,0.108,0.137,0.276,0.216,0.223,0.179,0.255,0.484,0.498,0.6,0.218,0.178,0.234,0.093,0.122,0.08,0.126,0.193,0.182,0.191,0.228,0.268,0.213,0.144,0.174,0.199,0.406,0.447,0.272,0.179,0.124,0.149,0.277,0.197,0.253,0.376,0.306,0.23,0.132,0.323,0.13,0.206,0.259,0.437,0.349,0.137,0.173,0.166,0.349,0.137,0.122,0.146,0.256,0.251,0.317,0.191,0.13,0.392,0.17,0.225,0.17,0.231,0.226,0.227,0.278,0.173,0.346,0.231,0.234,0.212,0.207,0.427,0.192,0.124,0.162,0.209,0.403,0.108,0.25,0.054,0.196,0.107,0.235,0.249,0.148,0.194,0.258,0.186,0.126,0.122,0.257,0.321,0.192,0.267,0.392,0.198,0.376,0.233,0.259,0.816,0.186,0.16,0.154,0.349,0.281,0.18,0.101,0.122,0.129,0.271,0.121,0.219,0.392,0.283,0.349,0.248,0.386,0.208,0.267,0.378,0.13,0.115,0.183,0.223,0.149,0.205,0.159,0.249,0.144,0.153,0.164,0.174,0.187,0.094,0.17,0.121,0.188,0.112,0.094,0.155,0.215,0.108,0.23,0.123,0.149,0.217,0.244,0.157,0.314,0.189,0.236,0.125,0.392,0.198,0.214,0.229,0.305,0.16,0.29,0.156,0.182,1.0,0.269,0.2,0.278,0.232,0.212,0.153,0.228,0.286,0.429,0.315,0.298,0.286,0.244,0.262,0.206,0.235,0.138,0.137,0.165,0.309,0.254,0.244,0.124,0.231,0.194,0.153,0.192,0.171,0.133,0.225,0.093,0.186,0.135,0.195,0.145,0.159,0.32,0.308,0.177,0.281,0.158,0.293,0.172,0.246,0.182,0.171,0.214,0.14,0.399,0.269,0.17,0.208,0.256,0.269,0.216,0.217,0.131,0.227,0.233,0.233,0.245,0.158,0.175,0.128,0.205,0.445,0.18,0.247,0.295,0.474,0.26,0.16,0.337,0.211,0.277,0.23,0.218,0.269,0.136,0.143,0.179,0.309,0.111,0.127,0.092,0.221
0.199,0.186,0.383,0.239,0.252,0.279,0.183,0.112,0.275,0.209,0.334,0.292,0.25,0.193,0.467,1.0,0.296,0.63,1.0,0.467,0.296,0.183,0.07,0.329,0.292,0.224,0.245,0.229,0.334,0.296,0.203,0.284,0.155,0.467,0.248,0.296,0.265,0.296,0.246,0.315,0.296,0.168,0.205,0.111,0.38,0.467,0.185,0.269,0.169,0.38,0.232,0.194,0.258,0.147,0.202,0.185,0.209,0.113,0.296,0.221,0.467,0.26,0.315,0.199,0.141,0.265,0.296,1.0,0.135,0.199,0.329,0.224,0.38,0.15,0.467,0.329,0.264,0.245,0.253,0.151,0.334,0.38,0.209,0.383,0.296,1.0,0.209,0.252,0.26,0.113,0.207,0.467,0.38,0.34,0.232,0.204,0.229,0.265,0.207,0.329,0.218,0.38,0.38,0.275,0.383,0.209,0.38,0.296,0.329,0.228,0.383,0.19,0.252,0.275,0.467,0.301,0.383,0.275,0.383,0.208,0.334,0.184,0.156,0.383,0.147,0.383,0.296,0.271,0.258,0.119,0.15,0.269,0.204,0.296,0.15,0.334,0.329,0.269,0.467,0.129,0.296,0.209,0.218,0.285,0.183,0.133,0.196,0.34,0.163,0.296,0.204,0.467,0.209,0.3,0.269,0.63,0.38,0.38,0.189,0.228,0.383,0.207,0.269,0.253,0.268,0.306,0.275,0.239,0.329,0.204,0.218,0.261,0.239,0.157,0.171,0.224,0.252,0.383,0.301,0.329,0.38,0.383,0.253,0.334,0.329,0.383,0.38,0.301,0.292,0.172,0.204,0.38,0.467,0.329,0.228,0.315,0.172,0.329,0.202,0.269,1.0,0.221,0.296,0.232,0.38,0.317,0.301,0.209,0.265,0.214,0.329,0.467,0.242,0.38,0.334,0.253,0.22,0.274,0.247,0.467,0.38,0.221,0.296,0.296,0.218,0.258,0.38,0.232,0.226,0.38,0.279,0.296,0.329,0.271,0.232,0.15,0.329,0.209,0.329,0.467,0.315,0.093,0.296,0.38,0.218,1.0,0.265,0.232,0.269,1.0,0.277,0.209,0.266,1.0,0.284,0.171,0.253,0.242,0.467,0.467,0.186,0.329,0.334,0.296,0.253,0.146,0.296,0.122,0.329,0.269,0.156,0.315,0.315,0.171,0.329,0.221,0.252,1.0,0.38,0.38,0.253,0.207,0.214,0.38,0.228,0.247
0.079,0.14,0.407,0.115,0.131,0.179,0.079,0.141,0.154,0.769,0.388,0.195,0.198,0.158,0.19,0.221,0.259,0.278,0.188,0.154,0.347,0.079,0.227,0.161,0.274,0.156,0.191,0.298,0.158,0.372,0.144,0.243,0.094,0.364,0.227,0.283,0.263,0.261,0.061,0.136,0.378,0.282,0.235,0.134,0.348,0.237,0.167,0.253,0.284,0.179,0.249,0.067,0.18,0.045,0.08,0.117,0.289,0.342,0.243,0.753,0.335,0.125,0.18,0.168,0.413,0.372,0.306,0.152,0.112,0.14,0.254,0.244,0.222,0.147,0.237,0.281,0.1,0.289,0.124,0.28,0.295,0.319,0.769,0.157,0.126,0.149,0.627,0.09,0.124,0.044,0.183,0.197,0.212,0.217,0.227,0.756,0.228,0.325,0.284,0.208,0.465,0.106,0.239,0.228,0.354,0.433,0.332,0.375,0.288,0.141,0.174,0.14,0.099,0.317,0.238,0.111,0.277,0.033,0.323,0.089,0.211,0.333,0.159,0.276,0.28,0.13,0.08,0.116,0.365,0.244,0.247,0.196,0.756,0.297,0.147,0.202,0.3,0.196,0.288,0.178,0.097,0.769,0.436,0.374,0.113,0.191,0.119,0.294,0.05,0.261,0.756,0.282,0.769,0.411,0.16,0.247,0.298,0.242,0.091,0.085,0.204,0.211,0.175,0.134,0.237,0.306,0.144,0.173,0.188,0.304,0.393,0.065,0.188,0.31,0.188,0.088,0.078,0.124,0.34,0.139,0.295,0.091,0.132,0.289,0.222,0.154,0.329,0.307,0.272,0.131,0.756,0.28,0.152,0.195,0.222,0.119,0.176,0.102,0.095,0.2,0.221,1.0,0.405,0.318,0.182,0.157,0.329,0.484,0.272,0.521,0.177,0.17,0.277,0.243,0.352,0.383,0.236,0.194,0.108,0.187,0.206,0.467,0.106,0.099,0.303,0.271,0.231,0.199,0.089,0.145,0.092,0.212,0.134,0.126,0.106,0.266,0.369,0.362,0.148,0.232,0.184,0.17,0.223,0.334,0.321,0.169,0.194,0.198,0.331,0.221,0.238,0.315,0.365,0.221,0.128,0.245,0.176,0.128,0.21,0.24,0.14,0.115,0.143,0.105,0.134,0.138,0.187,0.237,0.162,0.163,0.216,0.181,0.518,0.155,0.365,0.381,0.09,0.221,0.147,0.104,0.222,0.172,0.1,0.258,0.076,0.233
0.114,0.226,0.386,0.161,0.215,0.234,0.094,0.245,0.196,1.0,0.378,0.293,0.285,0.179,0.346,0.296,0.259,0.287,0.309,0.173,0.311,0.094,0.454,0.276,0.418,0.059,0.234,0.406,0.148,0.354,0.178,0.36,0.113,0.507,0.213,0.362,0.304,0.345,0.081,0.169,0.379,0.34,0.322,0.147,0.412,0.266,0.248,0.263,0.376,0.29,0.283,0.232,0.108,0.059,0.1,0.164,0.33,0.647,0.363,0.769,0.39,0.179,0.18,0.177,0.648,0.771,0.463,0.176,0.142,0.192,0.323,0.327,0.286,0.233,0.266,0.34,0.115,0.28,0.116,0.328,0.45,0.497,1.0,0.131,0.145,0.178,0.815,0.137,0.092,0.078,0.277,0.26,0.285,0.254,0.272,0.915,0.327,0.398,0.5,0.345,0.46,0.134,0.381,0.172,0.5,0.486,0.364,0.327,0.479,0.192,0.195,0.208,0.133,0.256,0.396,0.105,0.231,0.054,0.373,0.135,0.245,0.474,0.161,0.235,0.484,0.146,0.093,0.195,0.486,0.203,0.35,0.211,0.915,0.354,0.233,0.355,0.411,0.258,0.427,0.308,0.126,1.0,0.57,0.39,0.255,0.304,0.164,0.383,0.093,0.338,0.915,0.403,1.0,0.333,0.208,0.356,0.372,0.402,0.112,0.113,0.185,0.287,0.166,0.171,0.148,0.451,0.187,0.227,0.282,0.344,0.362,0.269,0.284,0.161,0.216,0.216,0.245,0.15,0.269,0.104,0.294,0.121,0.129,0.34,0.319,0.155,0.36,0.303,0.366,0.187,0.915,0.371,0.185,0.198,0.3,0.179,0.26,0.126,0.134,0.278,0.296,0.405,1.0,0.421,0.221,0.152,0.442,0.664,0.298,0.736,0.263,0.199,0.35,0.341,0.185,0.407,0.094,0.181,0.15,0.209,0.305,0.532,0.103,0.148,0.384,0.137,0.352,0.17,0.271,0.176,0.084,0.245,0.275,0.11,0.139,0.336,0.456,0.471,0.221,0.26,0.307,0.293,0.273,0.461,0.399,0.242,0.241,0.239,0.292,0.296,0.334,0.4,0.549,0.296,0.129,0.338,0.141,0.174,0.23,0.302,0.226,0.148,0.194,0.114,0.171,0.191,0.323,0.332,0.25,0.204,0.262,0.214,0.587,0.221,0.481,0.467,0.137,0.296,0.108,0.131,0.269,0.213,0.128,0.105,0.097,0.4
0.13,0.272,0.445,0.169,0.211,0.228,0.092,0.274,0.189,0.915,0.425,0.254,0.605,0.216,0.276,0.232,0.268,0.402,0.364,0.161,0.268,0.092,0.527,0.293,0.33,0.636,0.413,0.339,0.259,0.393,0.173,0.419,0.117,0.342,0.311,0.394,0.295,0.365,0.082,0.128,0.267,0.357,0.35,0.182,0.428,0.28,0.29,0.248,0.407,0.294,0.443,0.094,0.128,0.061,0.098,0.274,0.454,0.744,0.349,0.756,0.463,0.273,0.185,0.312,0.635,0.49,0.459,0.153,0.155,0.289,0.293,0.369,0.424,0.489,0.28,0.429,0.108,0.316,0.182,0.453,0.403,0.411,0.915,0.219,0.167,0.151,0.915,0.161,0.154,0.097,0.26,0.256,0.336,0.27,0.326,1.0,0.342,0.416,0.459,0.467,0.499,0.147,0.388,0.292,0.54,0.512,0.483,0.297,0.399,0.187,0.224,0.271,0.137,0.246,0.268,0.127,0.307,0.111,0.377,0.141,0.39,0.29,0.171,0.471,0.594,0.241,0.089,0.199,0.401,0.243,0.48,0.227,1.0,0.298,0.489,0.263,0.412,0.211,0.439,0.354,0.141,0.915,0.535,0.399,0.158,0.413,0.19,0.517,0.116,0.512,1.0,0.509,0.915,0.353,0.213,0.35,0.473,0.357,0.115,0.134,0.166,0.231,0.263,0.191,0.147,0.548,0.183,0.215,0.284,0.377,0.359,0.094,0.317,0.16,0.287,0.149,0.099,0.19,0.363,0.193,0.348,0.169,0.271,0.378,0.325,0.233,0.323,0.354,0.313,0.228,1.0,0.427,0.157,0.302,0.24,0.152,0.305,0.114,0.155,0.232,0.232,0.318,0.421,1.0,0.312,0.166,0.39,0.388,0.44,0.847,0.303,0.194,0.477,0.407,0.231,0.409,0.116,0.496,0.172,0.199,0.341,0.586,0.204,0.173,0.45,0.159,0.491,0.151,0.114,0.182,0.194,0.515,0.227,0.194,0.143,0.414,0.361,0.485,0.131,0.31,0.268,0.189,0.319,0.543,0.413,0.25,0.25,0.476,0.265,0.232,0.487,0.419,0.321,0.232,0.272,0.327,0.14,0.177,0.208,0.282,0.272,0.22,0.293,0.161,0.191,0.17,0.284,0.287,0.26,0.205,0.306,0.259,0.432,0.286,0.383,0.508,0.161,0.232,0.229,0.124,0.423,0.213,0.124,0.273,0.09,0.298
0.12,0.149,0.323,0.21,0.355,0.129,0.224,0.099,0.205,0.769,0.263,0.289,0.129,0.092,0.213,0.38,0.22,0.341,0.223,0.371,0.461,0.224,0.459,0.175,0.202,0.292,0.217,0.153,0.41,0.34,0.122,0.246,0.225,0.288,0.232,0.361,0.207,0.288,0.215,0.174,0.288,0.124,0.217,0.192,0.254,0.428,0.167,0.195,0.187,0.356,0.308,0.101,0.357,0.176,0.27,0.167,0.216,0.342,0.21,1.0,0.243,0.239,0.231,0.186,0.413,0.372,0.505,0.355,0.255,0.261,0.293,0.198,0.217,0.591,0.428,0.259,0.3,0.274,0.33,0.257,0.26,0.265,0.769,0.228,0.317,0.213,0.627,0.23,0.227,0.258,0.175,0.239,0.294,0.241,0.252,0.756,0.263,0.24,0.206,0.415,0.289,0.116,0.428,0.23,0.296,0.275,0.448,0.366,0.253,0.169,0.253,0.212,0.264,0.234,0.22,0.181,0.366,0.097,0.325,0.122,0.268,0.137,0.17,0.274,0.28,0.2,0.259,0.238,0.362,0.131,0.257,0.138,0.756,0.238,0.591,0.219,0.287,0.138,0.268,0.136,0.323,0.769,0.255,0.156,0.136,0.132,0.192,0.236,0.337,0.457,0.756,0.255,0.769,0.398,0.127,0.26,0.309,0.218,0.273,0.105,0.204,0.174,0.304,0.765,0.33,0.352,0.122,0.177,0.225,0.174,0.156,0.108,0.204,0.169,0.142,0.14,0.085,0.263,0.23,0.215,0.369,0.126,0.402,0.231,0.277,0.234,0.205,0.196,0.261,0.174,0.756,0.255,0.245,0.222,0.179,0.135,0.124,0.326,0.642,0.212,0.38,0.182,0.221,0.312,1.0,0.304,0.233,0.217,0.337,0.521,0.133,0.221,0.275,0.245,0.264,0.348,0.263,0.233,0.88,0.216,0.205,0.35,0.369,0.66,0.232,0.181,0.201,0.204,0.151,0.135,0.172,0.238,0.303,0.217,0.18,0.304,0.37,0.298,0.107,0.281,0.187,0.1,0.169,0.277,0.223,0.219,0.204,0.216,0.159,0.38,0.301,0.307,0.253,0.38,0.125,0.184,0.135,0.21,0.263,0.301,0.149,0.332,0.208,0.463,1.0,0.078,0.206,0.14,0.268,0.129,0.181,0.289,0.306,0.193,0.28,0.265,0.59,0.38,0.392,0.483,0.401,0.223,0.145,0.237,0.267,0.192
0.145,0.136,0.264,0.19,0.16,0.121,0.221,0.104,0.172,0.206,0.227,0.17,0.093,0.096,0.139,0.317,0.137,0.182,0.191,0.434,0.333,0.221,0.136,0.146,0.168,0.139,0.2,0.122,0.264,0.195,0.128,0.161,0.276,0.227,0.178,0.269,0.148,0.215,0.248,0.167,0.24,0.107,0.165,0.252,0.182,0.373,0.146,0.146,0.151,0.403,0.152,0.089,0.455,0.262,0.599,0.107,0.17,0.152,0.128,0.154,0.202,0.106,0.211,0.127,0.14,0.228,0.27,0.433,0.285,0.163,0.248,0.156,0.125,0.124,0.373,0.154,0.423,0.197,0.375,0.179,0.158,0.16,0.206,0.179,0.268,0.17,0.206,0.181,0.117,0.27,0.211,0.213,0.191,0.203,0.206,0.243,0.173,0.189,0.17,0.156,0.203,0.103,0.223,0.265,0.192,0.209,0.259,0.247,0.158,0.197,0.197,0.198,0.277,0.227,0.167,0.326,0.269,0.073,0.219,0.13,0.194,0.126,0.163,0.202,0.149,0.115,0.254,0.109,0.178,0.115,0.146,0.132,0.243,0.139,0.124,0.172,0.117,0.152,0.215,0.122,0.257,0.206,0.16,0.132,0.133,0.126,0.194,0.171,0.204,0.255,0.243,0.133,0.206,0.291,0.119,0.17,0.138,0.215,0.539,0.095,0.281,0.174,0.27,0.707,0.38,0.165,0.117,0.218,0.179,0.125,0.168,0.079,0.16,0.337,0.125,0.094,0.09,0.233,0.197,0.161,0.24,0.103,0.216,0.181,0.199,0.218,0.158,0.174,0.19,0.108,0.243,0.171,0.181,0.184,0.183,0.12,0.121,0.291,0.841,0.153,0.317,0.157,0.152,0.166,0.304,1.0,0.193,0.165,0.207,0.178,0.104,0.238,0.246,0.148,0.301,0.36,0.299,0.174,0.382,0.213,0.15,0.195,0.247,0.386,0.172,0.209,0.137,0.248,0.141,0.125,0.166,0.132,0.179,0.083,0.204,0.262,0.297,0.172,0.09,0.193,0.146,0.084,0.104,0.194,0.154,0.185,0.185,0.147,0.137,0.317,0.145,0.249,0.181,0.317,0.11,0.15,0.188,0.192,0.305,0.253,0.136,0.249,0.1,0.331,0.45,0.086,0.183,0.129,0.263,0.123,0.139,0.281,0.228,0.13,0.212,0.186,0.356,0.317,0.252,0.342,0.315,0.198,0.164,0.32,0.136,0.148
0.272,0.416,0.443,0.274,0.197,0.328,0.123,0.289,0.168,0.915,0.394,0.324,0.235,0.222,0.276,0.301,0.268,0.225,0.345,0.225,0.264,0.123,0.384,0.215,0.372,0.067,0.26,0.346,0.181,0.296,0.339,0.382,0.138,0.39,0.24,0.376,0.267,0.391,0.118,0.186,0.313,0.242,0.265,0.154,0.382,0.334,0.29,0.238,0.384,0.298,0.26,0.11,0.15,0.087,0.129,0.192,0.385,0.545,0.326,0.756,0.436,0.179,0.228,0.205,0.635,0.49,0.392,0.244,0.171,0.256,0.263,0.351,0.32,0.279,0.334,0.363,0.157,0.231,0.141,0.3,0.428,0.35,0.915,0.177,0.167,0.241,0.915,0.161,0.157,0.097,0.228,0.277,0.244,0.274,0.266,1.0,0.336,0.412,0.376,0.345,0.546,0.213,0.294,0.16,0.489,0.566,0.402,0.261,0.365,0.241,0.213,0.19,0.159,0.222,0.317,0.157,0.242,0.065,0.411,0.136,0.223,0.418,0.227,0.256,0.594,0.174,0.136,0.196,0.374,0.243,0.365,0.217,1.0,0.305,0.279,0.247,0.337,0.22,0.347,0.278,0.148,0.915,0.497,0.319,0.147,0.349,0.169,0.394,0.116,0.34,1.0,0.325,0.915,0.324,0.25,0.311,0.378,0.324,0.149,0.162,0.211,0.254,0.16,0.191,0.204,0.383,0.193,0.275,0.257,0.262,0.402,0.107,0.312,0.169,0.185,0.159,0.109,0.213,0.268,0.144,0.273,0.137,0.151,0.256,0.294,0.203,0.337,0.385,0.36,0.242,1.0,0.363,0.2,0.181,0.325,0.28,0.331,0.156,0.155,0.228,0.301,0.329,0.442,0.39,0.233,0.193,1.0,0.515,0.305,0.847,0.327,0.27,0.41,0.353,0.25,0.34,0.132,0.162,0.172,0.3,0.264,0.646,0.131,0.173,0.473,0.164,0.282,0.142,0.133,0.301,0.118,0.212,0.175,0.16,0.149,0.332,0.384,0.379,0.175,0.224,0.267,0.189,0.241,0.372,0.435,0.322,0.255,0.239,0.272,0.301,0.339,0.408,0.362,0.301,0.187,0.415,0.195,0.295,0.24,0.235,0.416,0.184,0.239,0.148,0.191,0.22,0.276,0.296,0.283,0.27,0.306,0.258,0.483,0.213,0.409,0.55,0.161,0.301,0.139,0.173,0.262,0.221,0.162,0.135,0.121,0.351
0.149,0.226,0.421,0.183,0.181,0.289,0.102,0.282,0.158,1.0,0.39,0.309,0.25,0.226,0.302,0.209,0.281,0.229,0.289,0.181,0.345,0.102,0.374,0.19,0.517,0.059,0.307,0.477,0.159,0.295,0.231,0.382,0.121,0.566,0.222,0.379,0.303,0.365,0.092,0.15,0.449,0.338,0.351,0.135,0.428,0.266,0.248,0.269,0.48,0.296,0.276,0.087,0.118,0.068,0.105,0.176,0.385,0.55,0.328,0.769,0.448,0.187,0.189,0.194,0.648,0.45,0.495,0.164,0.152,0.186,0.319,0.347,0.342,0.233,0.266,0.386,0.128,0.208,0.116,0.352,0.5,0.455,1.0,0.137,0.139,0.16,0.815,0.137,0.108,0.078,0.229,0.239,0.217,0.249,0.308,0.915,0.365,0.416,0.419,0.302,0.568,0.173,0.371,0.141,0.455,0.611,0.399,0.318,0.386,0.247,0.17,0.204,0.133,0.204,0.39,0.12,0.219,0.054,0.431,0.119,0.216,0.663,0.178,0.238,0.484,0.142,0.104,0.203,0.511,0.203,0.39,0.203,0.915,0.298,0.233,0.259,0.424,0.31,0.351,0.314,0.121,1.0,0.676,0.424,0.128,0.362,0.142,0.369,0.093,0.342,0.915,0.419,1.0,0.331,0.266,0.29,0.397,0.32,0.126,0.136,0.174,0.237,0.14,0.171,0.174,0.447,0.158,0.204,0.244,0.342,0.509,0.085,0.289,0.154,0.183,0.106,0.088,0.152,0.245,0.112,0.299,0.105,0.126,0.326,0.334,0.163,0.433,0.366,0.35,0.241,0.915,0.36,0.199,0.177,0.31,0.172,0.338,0.126,0.134,0.286,0.209,0.484,0.664,0.388,0.217,0.165,0.515,1.0,0.298,0.736,0.336,0.219,0.369,0.373,0.175,0.421,0.106,0.161,0.15,0.242,0.293,0.625,0.107,0.148,0.456,0.135,0.267,0.2,0.112,0.223,0.09,0.224,0.173,0.13,0.129,0.362,0.438,0.489,0.234,0.228,0.294,0.293,0.287,0.389,0.471,0.252,0.238,0.247,0.335,0.209,0.323,0.441,0.617,0.209,0.145,0.397,0.159,0.197,0.212,0.267,0.226,0.151,0.213,0.121,0.171,0.251,0.269,0.414,0.261,0.27,0.262,0.247,0.661,0.187,0.479,0.552,0.137,0.209,0.11,0.134,0.269,0.201,0.135,0.108,0.098,0.324
0.136,0.197,0.342,0.196,0.234,0.246,0.195,0.173,0.316,0.714,0.322,0.274,0.243,0.423,0.264,0.265,0.211,0.329,0.211,0.246,0.271,0.195,0.437,0.203,0.26,0.333,0.495,0.306,0.225,0.348,0.204,0.267,0.181,0.35,0.309,0.374,0.605,0.321,0.168,0.139,0.286,0.254,0.236,0.168,0.324,0.323,0.217,0.555,0.361,0.284,0.347,0.098,0.15,0.117,0.18,0.344,0.287,0.408,0.314,0.539,0.322,0.172,0.252,0.383,0.739,0.582,0.401,0.202,0.232,0.249,0.291,0.269,0.302,1.0,0.323,0.456,0.185,0.592,0.196,0.378,0.29,0.444,0.714,0.154,0.277,0.155,0.714,0.203,0.112,0.373,0.326,0.363,0.595,0.281,0.203,0.809,0.244,0.306,0.264,0.433,0.343,0.12,0.397,0.246,0.491,0.351,0.469,0.311,0.359,0.377,0.216,0.217,0.264,0.266,0.299,0.109,0.409,0.099,0.266,0.144,0.384,0.227,0.239,0.308,0.43,0.199,0.192,0.132,0.349,0.277,0.285,0.245,0.809,0.28,1.0,0.299,0.325,0.392,0.294,0.235,0.261,0.714,0.299,0.252,0.152,0.199,0.185,0.446,0.27,0.359,0.809,0.458,0.714,0.352,0.243,0.296,0.372,0.297,0.191,0.101,0.193,0.301,0.259,0.432,0.179,0.356,0.221,0.207,0.253,0.256,0.273,0.101,0.251,0.181,0.314,0.105,0.105,0.215,0.241,0.209,0.336,0.131,0.256,0.282,0.363,0.193,0.296,0.244,0.279,0.153,0.809,0.313,0.196,0.372,0.271,0.171,0.34,0.24,0.375,0.429,0.265,0.272,0.298,0.44,0.337,0.207,0.305,0.298,1.0,0.64,0.322,0.206,0.437,0.349,0.248,0.34,0.159,0.285,0.375,0.206,0.279,0.396,0.197,0.525,0.311,0.153,0.281,0.229,0.154,0.178,0.128,0.371,0.208,0.266,0.208,0.271,0.37,0.434,0.167,0.507,0.2,0.258,0.258,0.436,0.282,0.18,0.354,0.26,0.334,0.265,0.344,0.351,0.286,0.265,0.259,0.319,0.122,0.198,0.282,0.308,0.197,0.327,0.203,0.231,0.432,0.365,0.246,0.249,0.304,0.316,0.335,0.224,0.365,0.215,0.344,0.359,0.475,0.265,0.209,0.174,0.306,0.333,0.115,0.159,0.13,0.292
0.19,0.19,0.847,0.271,0.509,0.135,0.127,0.339,0.242,0.736,0.847,0.575,0.348,0.168,0.645,0.214,0.575,0.645,0.399,0.254,0.521,0.127,0.261,0.36,0.645,0.051,0.382,0.645,0.313,0.645,0.248,0.645,0.156,0.736,0.301,0.847,0.481,0.847,0.104,0.208,0.521,0.376,0.522,0.151,0.847,0.254,0.214,0.307,0.64,0.412,0.847,0.093,0.141,0.076,0.117,0.196,0.902,0.376,0.847,0.521,0.847,0.237,0.227,0.258,0.449,0.418,0.575,0.214,0.201,0.196,0.556,0.736,0.575,0.196,0.254,0.545,0.156,0.315,0.156,0.622,0.736,0.847,0.736,0.181,0.169,0.214,0.902,0.118,0.122,0.064,0.315,0.418,0.315,0.446,0.472,0.847,0.563,0.847,0.472,0.515,0.847,0.229,0.736,0.178,0.847,0.847,0.902,0.847,0.645,0.229,0.231,0.516,0.179,0.33,0.391,0.147,0.482,0.046,0.521,0.193,0.412,0.459,0.227,0.645,0.397,0.217,0.128,0.237,0.736,0.172,0.509,0.307,0.847,0.902,0.196,0.315,0.645,0.307,0.622,0.385,0.16,0.736,0.645,0.393,0.184,0.419,0.182,0.847,0.075,0.575,0.847,0.847,0.736,0.847,0.307,0.847,0.847,0.491,0.143,0.222,0.231,0.315,0.247,0.156,0.208,0.645,0.227,0.248,0.659,0.428,0.575,0.093,0.365,0.235,0.242,0.169,0.111,0.231,0.487,0.154,0.847,0.217,0.172,0.622,0.736,0.231,0.484,0.645,0.847,0.375,0.847,0.847,0.254,0.22,0.382,0.147,0.419,0.154,0.117,0.315,0.214,0.521,0.736,0.847,0.521,0.178,0.847,0.736,0.64,1.0,0.391,0.307,0.847,0.645,0.251,0.847,0.124,0.412,0.132,0.307,0.397,0.902,0.156,0.128,0.902,0.155,0.705,0.116,0.173,0.248,0.124,0.645,0.376,0.122,0.204,0.386,0.736,0.847,0.136,0.418,0.376,0.132,0.376,0.645,0.736,0.305,0.418,0.516,0.307,0.214,0.64,0.736,0.736,0.214,0.154,0.64,0.16,0.271,0.254,0.263,0.19,0.196,0.393,0.152,0.156,0.162,0.367,0.509,0.307,0.307,0.227,0.432,0.847,0.242,0.847,0.902,0.118,0.214,0.156,0.193,0.622,0.315,0.143,0.141,0.117,0.575
0.109,0.113,0.266,0.181,0.12,0.256,0.072,0.141,0.154,0.582,0.259,0.175,0.248,0.31,0.244,0.329,0.151,0.146,0.251,0.132,0.13,0.072,0.363,0.122,0.254,0.066,0.234,0.314,0.134,0.172,0.262,0.221,0.078,0.32,0.189,0.241,0.354,0.243,0.057,0.115,0.206,0.204,0.166,0.122,0.227,0.177,0.246,0.379,0.422,0.17,0.205,0.057,0.083,0.044,0.069,0.376,0.252,0.282,0.175,0.338,0.321,0.159,0.128,0.346,0.652,0.266,0.223,0.213,0.087,0.19,0.218,0.212,0.237,0.259,0.177,0.366,0.093,0.184,0.089,0.209,0.295,0.26,0.582,0.114,0.09,0.218,0.476,0.071,0.114,0.038,0.253,0.393,0.219,0.157,0.158,0.584,0.225,0.34,0.228,0.291,0.371,0.228,0.195,0.118,0.336,0.408,0.271,0.144,0.248,0.352,0.119,0.104,0.077,0.125,0.52,0.086,0.18,0.061,0.224,0.084,0.204,0.255,0.123,0.18,0.225,0.172,0.071,0.157,0.204,0.119,0.271,0.18,0.584,0.142,0.259,0.326,0.227,0.326,0.205,0.177,0.073,0.582,0.335,0.166,0.069,0.181,0.097,0.321,0.041,0.202,0.584,0.284,0.582,0.171,0.523,0.181,0.287,0.255,0.082,0.154,0.115,0.153,0.084,0.107,0.118,0.277,0.114,0.152,0.163,0.142,0.21,0.056,0.186,0.093,0.207,0.074,0.052,0.132,0.125,0.172,0.153,0.118,0.095,0.165,0.196,0.128,0.295,0.222,0.212,0.155,0.584,0.206,0.127,0.159,0.257,0.171,0.588,0.085,0.077,0.298,0.329,0.177,0.263,0.303,0.133,0.104,0.327,0.336,0.322,0.391,1.0,0.203,0.282,0.32,0.107,0.194,0.075,0.118,0.086,0.25,0.224,0.37,0.088,0.077,0.261,0.082,0.192,0.087,0.071,0.241,0.064,0.163,0.094,0.231,0.073,0.187,0.2,0.263,0.179,0.162,0.162,0.195,0.164,0.269,0.29,0.235,0.375,0.136,0.334,0.329,0.251,0.307,0.234,0.329,0.265,0.371,0.101,0.193,0.148,0.16,0.113,0.202,0.191,0.083,0.107,0.418,0.146,0.239,0.196,0.433,0.142,0.129,0.345,0.168,0.23,0.368,0.071,0.329,0.099,0.091,0.166,0.12,0.09,0.085,0.066,0.222
0.221,0.245,0.382,0.282,0.205,0.178,0.181,0.125,0.161,0.341,0.284,0.242,0.144,0.208,0.227,0.467,0.2,0.185,0.284,0.355,0.204,0.181,0.289,0.195,0.256,0.108,0.192,0.174,0.236,0.228,0.222,0.244,0.162,0.342,0.244,0.288,0.232,0.267,0.262,0.27,0.234,0.115,0.206,0.188,0.217,0.543,0.498,0.231,0.197,0.299,0.161,0.136,0.211,0.169,0.228,0.133,0.223,0.177,0.156,0.26,0.268,0.144,0.294,0.15,0.562,0.323,0.229,0.345,0.142,0.204,0.242,0.208,0.252,0.178,1.0,0.249,0.286,0.187,0.22,0.178,0.232,0.284,0.341,0.27,0.243,0.324,0.341,0.274,0.153,0.315,0.189,0.307,0.219,0.272,0.201,0.383,0.252,0.262,0.206,0.193,0.278,0.322,0.258,0.169,0.265,0.288,0.273,0.196,0.22,0.409,0.27,0.148,0.25,0.215,0.37,0.218,0.24,0.116,0.311,0.251,0.175,0.197,0.159,0.254,0.193,0.196,0.235,0.137,0.185,0.152,0.253,0.347,0.383,0.16,0.178,0.235,0.172,0.297,0.228,0.119,0.213,0.341,0.23,0.195,0.153,0.147,0.175,0.23,0.178,0.232,0.383,0.176,0.341,0.217,0.338,0.191,0.227,0.322,0.211,0.181,0.317,0.207,0.165,0.311,0.259,0.19,0.138,0.207,0.171,0.161,0.24,0.118,0.21,0.155,0.141,0.137,0.1,0.296,0.222,0.246,0.187,0.159,0.203,0.205,0.227,0.314,0.596,0.27,0.209,0.16,0.383,0.244,0.52,0.142,0.307,0.203,0.167,0.269,0.242,0.286,0.467,0.17,0.199,0.194,0.221,0.238,0.27,0.219,0.206,0.307,0.203,1.0,0.265,0.255,0.245,0.213,0.21,0.114,0.286,0.825,0.169,0.28,0.208,0.311,0.226,0.167,0.172,0.193,0.172,0.27,0.205,0.139,0.19,0.117,0.177,0.169,0.242,0.204,0.245,0.194,0.219,0.406,0.11,0.231,0.218,0.318,0.233,0.145,0.307,0.467,0.169,0.209,0.204,0.467,0.328,0.2,0.219,0.296,0.497,0.341,0.245,0.268,0.172,0.215,0.311,0.272,0.224,0.264,0.43,0.407,0.194,0.259,0.326,0.232,0.21,0.258,0.274,0.467,0.215,0.249,0.194,0.185,0.218,0.205,0.173,0.207
0.205,0.272,0.46,0.435,0.321,0.238,0.164,0.235,0.24,0.915,0.38,0.535,0.253,0.263,0.283,0.242,0.277,0.233,0.294,0.238,0.323,0.164,0.384,0.204,0.451,0.067,0.452,0.303,0.199,0.318,0.236,0.37,0.222,0.398,0.222,0.411,0.318,0.541,0.232,0.272,0.367,0.295,0.394,0.152,0.375,0.3,0.29,0.285,0.368,0.302,0.36,0.142,0.17,0.148,0.217,0.178,0.345,0.545,0.307,0.756,0.397,0.185,0.442,0.243,0.635,0.49,0.372,0.211,0.184,0.217,0.291,0.338,0.343,0.279,0.3,0.336,0.212,0.329,0.256,0.334,0.381,0.363,0.915,0.153,0.302,0.169,0.915,0.163,0.186,0.336,0.292,0.278,0.356,0.275,0.281,1.0,0.336,0.392,0.33,0.376,0.472,0.164,0.402,0.211,0.483,0.485,0.499,0.364,0.332,0.287,0.191,0.28,0.24,0.304,0.288,0.134,0.342,0.065,0.357,0.16,0.31,0.283,0.349,0.289,0.594,0.173,0.214,0.162,0.368,0.553,0.326,0.228,1.0,0.295,0.279,0.301,0.399,0.238,0.331,0.326,0.247,0.915,0.408,0.28,0.167,0.357,0.191,0.471,0.22,0.351,1.0,0.465,0.915,0.353,0.225,0.373,0.429,0.308,0.231,0.134,0.237,0.237,0.202,0.309,0.227,0.371,0.254,0.364,0.362,0.297,0.362,0.156,0.359,0.214,0.229,0.155,0.142,0.263,0.255,0.151,0.312,0.138,0.232,0.292,0.386,0.182,0.322,0.333,0.409,0.223,1.0,0.378,0.272,0.345,0.268,0.214,0.327,0.356,0.273,0.244,0.242,0.277,0.35,0.477,0.275,0.246,0.41,0.369,0.437,0.847,0.282,0.265,1.0,0.423,0.234,0.335,0.163,0.211,0.262,0.246,0.272,0.571,0.166,0.359,0.441,0.165,0.295,0.209,0.166,0.232,0.133,0.292,0.237,0.226,0.228,0.312,0.366,0.442,0.173,0.301,0.33,0.242,0.221,0.518,0.384,0.232,0.253,0.234,0.254,0.242,0.32,0.397,0.326,0.242,0.27,0.347,0.232,0.47,0.243,0.281,0.272,0.208,0.229,0.2,0.309,0.199,0.358,0.307,0.324,0.224,0.672,0.395,0.406,0.203,0.394,0.488,0.333,0.242,0.169,0.179,0.362,0.231,0.303,0.152,0.148,0.32
0.143,0.213,0.359,0.377,0.22,0.196,0.099,0.183,0.18,0.902,0.337,0.447,0.219,0.245,0.281,0.38,0.344,0.244,0.28,0.201,0.245,0.099,0.392,0.172,0.29,0.082,0.289,0.287,0.285,0.291,0.218,0.391,0.118,0.438,0.298,0.323,0.365,0.367,0.082,0.176,0.26,0.269,0.229,0.129,0.532,0.357,0.353,0.33,0.335,0.255,0.358,0.081,0.133,0.058,0.094,0.227,0.287,0.579,0.339,0.808,0.347,0.218,0.25,0.226,0.548,0.418,0.46,0.199,0.104,0.163,0.252,0.278,0.467,0.494,0.357,0.383,0.123,0.229,0.135,0.353,0.36,0.362,0.902,0.145,0.258,0.196,0.736,0.155,0.131,0.075,0.205,0.312,0.28,0.227,0.376,0.847,0.287,0.338,0.37,0.398,0.385,0.185,0.44,0.199,0.41,0.387,0.403,0.305,0.323,0.255,0.176,0.265,0.112,0.179,0.288,0.119,0.255,0.082,0.349,0.114,0.251,0.249,0.199,0.268,0.397,0.166,0.116,0.192,0.377,0.618,0.343,0.231,0.847,0.265,0.494,0.322,0.386,0.248,0.317,0.245,0.148,0.902,0.361,0.24,0.094,0.234,0.125,0.398,0.093,0.408,0.847,0.473,0.902,0.316,0.293,0.324,0.424,0.323,0.107,0.165,0.184,0.169,0.162,0.2,0.194,0.358,0.183,0.178,0.316,0.253,0.232,0.082,0.265,0.14,0.169,0.13,0.08,0.186,0.25,0.2,0.316,0.129,0.244,0.315,0.372,0.179,0.317,0.261,0.328,0.175,0.847,0.354,0.233,0.235,0.258,0.158,0.343,0.154,0.147,0.262,0.38,0.243,0.341,0.407,0.245,0.148,0.353,0.373,0.349,0.645,0.32,0.255,0.423,1.0,0.181,0.327,0.097,0.194,0.172,0.264,0.286,0.437,0.117,0.173,0.32,0.132,0.267,0.236,0.112,0.219,0.091,0.338,0.22,0.169,0.224,0.253,0.396,0.478,0.142,0.325,0.288,0.311,0.236,0.423,0.333,0.235,0.258,0.226,0.273,0.38,0.321,0.35,0.332,0.38,0.228,0.301,0.161,0.395,0.206,0.234,0.213,0.232,0.194,0.106,0.2,0.229,0.234,0.286,0.259,0.267,0.78,0.296,0.511,0.216,0.4,0.396,0.155,0.38,0.122,0.142,0.306,0.16,0.124,0.13,0.09,0.268
0.279,1.0,0.293,0.167,0.19,0.126,0.168,0.089,0.153,0.291,0.418,0.189,0.104,0.102,0.153,0.334,0.138,0.31,0.219,0.289,0.327,0.168,0.155,0.209,0.208,0.426,0.167,0.135,0.267,0.295,0.165,0.214,0.193,0.261,0.315,0.264,0.173,0.228,0.175,0.244,0.276,0.141,0.237,0.199,0.238,0.388,0.164,0.167,0.158,0.252,0.16,0.12,0.277,0.135,0.218,0.14,0.229,0.175,0.166,0.198,0.229,0.104,0.259,0.132,0.168,0.384,0.301,0.304,0.211,0.15,0.227,0.175,0.177,0.176,0.388,0.175,0.232,0.311,0.278,0.221,0.172,0.194,0.291,0.217,0.272,0.222,0.291,0.186,0.14,0.185,0.2,0.243,0.256,0.221,0.183,0.34,0.145,0.218,0.197,0.195,0.224,0.151,0.318,0.28,0.252,0.231,0.286,0.327,0.201,0.164,0.276,0.16,0.235,0.324,0.204,0.177,0.318,0.076,0.231,0.092,0.245,0.131,0.14,0.314,0.154,0.158,0.207,0.083,0.217,0.156,0.159,0.169,0.34,0.216,0.176,0.207,0.129,0.166,0.263,0.12,0.245,0.291,0.179,0.145,0.129,0.13,0.161,0.199,0.226,0.279,0.34,0.193,0.291,0.38,0.143,0.225,0.168,0.237,0.239,0.105,0.292,0.188,0.336,0.508,0.325,0.17,0.132,0.205,0.17,0.141,0.145,0.107,0.226,0.301,0.146,0.156,0.13,0.22,0.454,0.221,0.315,0.099,0.242,0.41,0.244,0.264,0.185,0.347,0.225,0.106,0.34,0.29,0.233,0.226,0.228,0.136,0.12,0.282,0.432,0.206,0.334,0.352,0.185,0.231,0.264,0.301,0.25,0.175,0.248,0.251,0.107,0.245,0.234,0.181,1.0,0.333,0.357,0.244,0.438,0.252,0.217,0.226,0.266,0.424,0.218,0.313,0.254,0.188,0.226,0.168,0.17,0.249,0.251,0.087,0.2,0.249,0.286,0.249,0.099,0.266,0.248,0.137,0.112,0.269,0.175,0.234,0.198,0.26,0.161,0.334,0.17,0.237,0.188,0.334,0.137,0.157,0.227,0.173,0.329,0.248,1.0,0.196,0.145,0.245,0.508,0.09,0.269,0.144,0.263,0.149,0.206,0.282,0.326,0.181,0.236,0.212,0.391,0.334,0.296,0.244,0.253,0.212,0.162,0.335,0.122,0.175
0.134,0.272,0.397,0.22,0.24,0.18,0.187,0.177,0.202,0.915,0.353,0.292,0.175,0.129,0.276,0.253,0.309,0.417,0.248,0.315,0.446,0.187,0.384,0.27,0.322,0.505,0.239,0.311,0.324,0.357,0.148,0.335,0.201,0.418,0.256,0.387,0.283,0.361,0.176,0.16,0.433,0.227,0.313,0.17,0.396,0.311,0.29,0.235,0.281,0.361,0.288,0.098,0.259,0.289,0.275,0.181,0.411,0.545,0.267,0.756,0.351,0.134,0.21,0.155,0.635,0.49,0.503,0.322,0.235,0.184,0.362,0.295,0.262,0.279,0.311,0.287,0.294,0.308,0.368,0.29,0.348,0.389,0.915,0.213,0.287,0.181,0.915,0.23,0.164,0.267,0.218,0.24,0.259,0.262,0.288,1.0,0.273,0.319,0.282,0.337,0.368,0.128,0.377,0.29,0.453,0.377,0.382,0.418,0.294,0.201,0.212,0.366,0.223,0.304,0.295,0.142,0.362,0.085,0.305,0.127,0.311,0.313,0.175,0.363,0.594,0.16,0.201,0.136,0.48,0.243,0.251,0.171,1.0,0.34,0.279,0.222,0.355,0.205,0.35,0.214,0.244,0.915,0.365,0.267,0.203,0.231,0.187,0.316,0.918,0.449,1.0,0.32,0.915,0.513,0.165,0.346,0.339,0.273,0.292,0.115,0.24,0.197,0.362,1.0,0.312,0.342,0.161,0.189,0.269,0.236,0.285,0.099,0.246,0.321,0.16,0.118,0.095,0.244,0.343,0.244,0.425,0.117,0.368,0.334,0.314,0.294,0.293,0.285,0.335,0.17,1.0,0.385,0.184,0.247,0.231,0.133,0.207,0.264,0.82,0.235,0.253,0.383,0.407,0.409,0.348,0.36,0.34,0.421,0.34,0.847,0.194,0.213,0.335,0.327,0.333,1.0,0.217,0.313,0.532,0.21,0.281,0.463,0.294,0.531,0.352,0.276,0.308,0.3,0.137,0.153,0.197,0.404,0.257,0.1,0.312,0.272,0.495,0.4,0.147,0.344,0.215,0.245,0.208,0.385,0.31,0.226,0.226,0.316,0.215,0.253,0.349,0.358,0.481,0.253,0.122,0.266,0.177,0.221,0.236,0.271,0.272,0.203,0.197,0.266,0.605,0.136,0.231,0.267,0.274,0.164,0.306,0.307,0.502,0.167,0.465,0.387,0.484,0.253,0.314,0.216,0.335,0.212,0.135,0.316,0.212,0.268
0.128,0.09,0.292,0.184,0.141,0.095,0.247,0.064,0.138,0.141,0.343,0.128,0.056,0.082,0.107,0.22,0.116,0.187,0.14,0.298,0.306,0.247,0.055,0.136,0.13,0.217,0.197,0.08,0.316,0.202,0.12,0.138,0.19,0.162,0.243,0.313,0.121,0.207,0.286,0.169,0.191,0.057,0.213,0.218,0.126,0.259,0.1,0.133,0.105,0.3,0.074,0.078,0.326,0.236,0.387,0.108,0.165,0.071,0.072,0.1,0.147,0.057,0.236,0.089,0.083,0.162,0.242,0.367,0.19,0.176,0.25,0.094,0.086,0.087,0.259,0.109,0.374,0.185,0.327,0.177,0.091,0.1,0.141,0.247,0.242,0.174,0.141,0.191,0.117,0.205,0.149,0.181,0.19,0.165,0.217,0.162,0.133,0.122,0.114,0.114,0.147,0.098,0.178,0.17,0.134,0.155,0.211,0.203,0.115,0.146,0.248,0.157,0.31,0.295,0.131,0.187,0.225,0.046,0.206,0.081,0.194,0.093,0.178,0.196,0.079,0.095,0.342,0.056,0.113,0.083,0.092,0.084,0.162,0.094,0.087,0.129,0.068,0.103,0.204,0.059,0.306,0.141,0.108,0.094,0.124,0.073,0.143,0.112,0.252,0.25,0.162,0.099,0.141,0.205,0.11,0.101,0.083,0.156,0.315,0.087,0.175,0.138,0.232,0.514,0.317,0.129,0.084,0.172,0.1,0.099,0.109,0.065,0.182,0.152,0.09,0.058,0.054,0.243,0.355,0.29,0.176,0.047,0.208,0.273,0.169,0.218,0.116,0.339,0.12,0.066,0.162,0.162,0.152,0.158,0.129,0.114,0.093,0.345,0.574,0.138,0.22,0.236,0.094,0.116,0.263,0.299,0.132,0.106,0.159,0.124,0.075,0.21,0.163,0.097,0.357,0.217,1.0,0.18,0.445,0.225,0.085,0.13,0.303,0.458,0.154,0.168,0.164,0.177,0.127,0.116,0.175,0.179,0.191,0.063,0.167,0.179,0.169,0.143,0.073,0.151,0.119,0.061,0.072,0.114,0.105,0.181,0.155,0.226,0.098,0.22,0.092,0.167,0.15,0.22,0.094,0.105,0.117,0.175,0.244,0.173,0.09,0.258,0.097,0.418,0.514,0.075,0.201,0.074,0.233,0.123,0.1,0.233,0.136,0.089,0.104,0.126,0.421,0.22,0.386,0.297,0.212,0.176,0.143,0.317,0.145,0.094
0.069,0.186,0.234,0.091,0.126,0.177,0.068,0.098,0.1,0.48,0.248,0.132,0.228,0.089,0.175,0.274,0.116,0.319,0.229,0.111,0.264,0.068,0.484,0.272,0.152,0.736,0.155,0.174,0.357,0.262,0.101,0.193,0.069,0.171,0.201,0.169,0.163,0.161,0.063,0.093,0.151,0.178,0.281,0.219,0.275,0.178,0.143,0.15,0.136,0.161,0.256,0.091,0.216,0.061,0.073,0.204,0.284,0.649,0.183,0.325,0.252,0.151,0.122,0.104,0.312,0.255,0.325,0.164,0.069,0.081,0.173,0.183,0.16,0.132,0.178,0.16,0.083,0.205,0.231,0.26,0.18,0.213,0.48,0.295,0.147,0.161,0.48,0.119,0.22,0.094,0.128,0.151,0.196,0.128,0.168,0.567,0.13,0.162,0.174,0.223,0.176,0.091,0.231,0.33,0.345,0.182,0.215,0.246,0.137,0.105,0.246,0.202,0.086,0.213,0.143,0.188,0.208,0.132,0.166,0.078,0.376,0.113,0.082,0.392,0.351,0.213,0.071,0.1,0.286,0.186,0.146,0.102,0.567,0.226,0.132,0.132,0.234,0.106,0.321,0.248,0.144,0.48,0.197,0.157,0.079,0.18,0.149,0.258,0.177,0.291,0.567,0.228,0.48,0.264,0.105,0.276,0.231,0.179,0.077,0.09,0.153,0.099,0.321,0.182,0.162,0.216,0.153,0.101,0.128,0.183,0.132,0.092,0.224,0.102,0.105,0.083,0.051,0.221,0.349,0.19,0.324,0.12,0.272,0.321,0.179,0.298,0.149,0.185,0.234,0.103,0.567,0.281,0.107,0.263,0.112,0.099,0.143,0.095,0.169,0.137,0.274,0.194,0.181,0.496,0.233,0.174,0.162,0.161,0.285,0.412,0.118,0.114,0.211,0.194,0.244,0.313,0.18,1.0,0.148,0.115,0.273,0.222,0.27,0.19,0.26,0.204,0.375,0.121,0.077,0.1,0.231,0.517,0.177,0.081,0.092,0.15,0.311,0.27,0.113,0.265,0.13,0.152,0.205,0.281,0.143,0.18,0.124,0.415,0.115,0.274,0.262,0.253,0.2,0.274,0.106,0.129,0.113,0.097,0.133,0.213,0.186,0.082,0.19,0.189,0.182,0.081,0.16,0.122,0.141,0.09,0.244,0.329,0.244,0.102,0.203,0.184,0.177,0.274,0.329,0.089,0.324,0.098,0.072,0.403,0.064,0.153
0.17,0.096,0.274,0.248,0.428,0.138,0.313,0.067,0.381,0.15,0.201,0.248,0.068,0.105,0.259,0.247,0.179,0.88,0.247,0.532,0.685,0.313,0.056,0.172,0.186,0.056,0.375,0.132,0.705,0.235,0.147,0.263,0.241,0.318,0.151,0.471,0.277,0.321,0.356,0.229,0.428,0.074,0.168,0.134,0.172,0.286,0.106,0.299,0.129,0.532,0.308,0.091,0.63,0.294,0.445,0.092,0.15,0.074,0.172,0.108,0.172,0.083,0.321,0.111,0.088,0.175,0.88,0.532,0.241,0.233,0.35,0.15,0.118,0.092,0.286,0.172,0.532,0.375,0.532,0.191,0.15,0.216,0.15,0.201,0.471,0.247,0.15,0.196,0.088,0.19,0.192,0.286,0.375,0.216,0.497,0.172,0.207,0.172,0.149,0.323,0.172,0.113,0.685,0.404,0.229,0.172,0.88,0.705,0.149,0.274,0.257,0.253,0.428,0.263,0.286,0.164,0.63,0.051,0.278,0.137,0.402,0.109,0.243,0.257,0.084,0.106,0.471,0.073,0.88,0.087,0.101,0.153,0.172,0.305,0.092,0.201,0.142,0.153,0.173,0.076,0.471,0.15,0.132,0.144,0.179,0.084,0.221,0.211,0.237,0.685,0.172,0.172,0.15,0.685,0.153,0.172,0.172,0.196,0.402,0.109,0.257,0.149,0.532,0.532,0.705,0.225,0.106,0.196,0.161,0.114,0.118,0.08,0.142,0.225,0.114,0.085,0.072,0.292,0.183,0.194,1.0,0.106,0.88,0.201,0.471,0.257,0.216,0.164,0.186,0.075,0.172,0.172,0.286,0.337,0.159,0.164,0.108,0.605,0.445,0.165,0.247,0.108,0.15,0.172,0.88,0.382,0.172,0.15,0.375,0.132,0.086,0.286,0.262,0.172,0.438,0.532,0.445,0.148,1.0,0.286,0.239,0.172,0.88,0.471,0.15,0.155,0.151,0.402,0.247,0.147,0.173,0.132,0.88,0.073,0.253,0.532,0.88,0.172,0.101,0.375,0.229,0.064,0.074,0.216,0.15,0.247,0.196,0.099,0.153,0.247,0.129,0.191,0.253,0.247,0.146,0.129,0.17,0.248,0.363,0.428,0.096,0.526,0.083,0.685,0.88,0.081,0.186,0.101,0.407,0.153,0.106,0.313,0.229,0.114,0.241,0.172,0.428,0.247,0.88,0.459,0.88,0.224,0.152,0.2,0.203,0.149
0.213,0.245,0.332,0.296,0.207,0.188,0.185,0.155,0.158,0.341,0.306,0.241,0.17,0.243,0.193,0.467,0.205,0.18,0.29,0.369,0.197,0.185,0.289,0.201,0.278,0.108,0.195,0.184,0.249,0.198,0.252,0.262,0.16,0.35,0.274,0.316,0.232,0.277,0.207,0.29,0.241,0.124,0.191,0.225,0.223,0.543,0.498,0.235,0.232,0.318,0.149,0.15,0.223,0.142,0.178,0.14,0.26,0.177,0.155,0.26,0.318,0.153,0.311,0.169,0.562,0.323,0.232,0.378,0.143,0.197,0.25,0.224,0.281,0.178,1.0,0.263,0.271,0.187,0.224,0.189,0.245,0.277,0.341,0.296,0.218,0.352,0.341,0.274,0.179,0.134,0.188,0.309,0.215,0.27,0.212,0.383,0.234,0.299,0.229,0.197,0.332,0.426,0.255,0.161,0.268,0.347,0.276,0.192,0.244,0.386,0.272,0.138,0.226,0.224,0.384,0.243,0.199,0.116,0.325,0.119,0.164,0.23,0.173,0.253,0.193,0.169,0.249,0.15,0.183,0.152,0.314,0.401,0.383,0.156,0.178,0.244,0.173,0.337,0.24,0.13,0.215,0.341,0.262,0.201,0.149,0.172,0.174,0.233,0.178,0.238,0.383,0.177,0.341,0.211,0.411,0.183,0.228,0.363,0.19,0.217,0.304,0.236,0.148,0.311,0.278,0.194,0.152,0.225,0.179,0.174,0.228,0.13,0.232,0.14,0.156,0.144,0.11,0.27,0.228,0.252,0.181,0.117,0.188,0.196,0.211,0.334,0.581,0.32,0.211,0.19,0.383,0.251,0.483,0.135,0.366,0.217,0.183,0.27,0.242,0.309,0.467,0.187,0.209,0.199,0.216,0.213,0.3,0.242,0.206,0.307,0.25,0.825,0.246,0.264,0.252,0.21,0.225,0.115,0.286,1.0,0.162,0.307,0.207,0.311,0.252,0.17,0.176,0.199,0.169,0.319,0.198,0.139,0.186,0.137,0.166,0.185,0.236,0.203,0.137,0.188,0.215,0.406,0.123,0.233,0.246,0.344,0.24,0.153,0.351,0.467,0.178,0.217,0.2,0.467,0.358,0.225,0.235,0.31,0.503,0.31,0.245,0.254,0.182,0.219,0.311,0.326,0.237,0.319,0.474,0.532,0.194,0.24,0.342,0.28,0.204,0.288,0.274,0.467,0.217,0.255,0.192,0.195,0.186,0.198,0.179,0.217
0.18,1.0,0.236,0.168,0.156,0.222,0.097,0.116,0.213,0.463,0.209,0.251,0.267,0.184,0.496,0.38,0.156,0.292,0.271,0.18,0.237,0.097,0.474,0.184,0.299,0.186,0.199,0.403,0.16,0.223,0.191,0.216,0.097,0.292,0.174,0.212,0.282,0.265,0.082,0.124,0.313,0.326,0.256,0.109,0.285,0.263,0.213,0.255,0.247,0.198,0.281,0.082,0.115,0.072,0.101,0.201,0.171,0.63,0.324,0.312,0.242,0.2,0.189,0.18,0.302,0.771,0.313,0.194,0.117,0.172,0.202,0.191,0.303,0.444,0.263,0.304,0.109,0.261,0.109,0.297,0.275,0.378,0.463,0.117,0.2,0.189,0.463,0.168,0.113,0.149,0.279,0.255,0.273,0.208,0.132,0.548,0.162,0.209,0.208,0.301,0.205,0.135,0.367,0.238,0.341,0.209,0.254,0.272,0.202,0.207,0.178,0.169,0.13,0.26,0.323,0.105,0.213,0.368,0.185,0.198,0.277,0.234,0.141,0.271,0.325,0.212,0.092,0.127,0.373,0.321,0.202,0.193,0.548,0.276,0.444,0.23,0.305,0.213,0.263,0.249,0.13,0.463,0.289,0.207,0.108,0.172,0.132,0.324,0.299,0.239,0.548,0.341,0.463,0.377,0.186,0.321,0.344,0.223,0.103,0.131,0.19,0.234,0.145,0.276,0.181,0.402,0.173,0.167,0.161,0.207,0.188,0.08,0.172,0.126,0.194,0.12,0.079,0.196,0.219,0.124,0.314,0.193,0.184,0.26,0.306,0.145,0.271,0.151,0.353,0.121,0.548,0.25,0.226,0.258,0.234,0.15,0.235,0.119,0.254,0.254,0.38,0.206,0.305,0.341,0.205,0.15,0.264,0.293,0.279,0.397,0.224,0.169,0.272,0.286,0.217,0.281,0.085,0.273,0.239,0.162,1.0,0.232,0.137,0.301,0.2,0.174,0.289,0.176,0.099,0.178,0.094,0.313,0.147,0.126,0.131,0.156,0.334,0.331,0.333,0.301,0.192,0.709,0.157,0.278,0.169,0.228,0.224,0.169,0.217,0.38,0.251,0.195,0.289,0.38,0.169,0.254,0.163,0.184,0.22,0.25,1.0,0.156,0.194,0.1,0.276,0.167,0.162,0.264,0.184,0.181,0.334,0.185,0.313,0.186,0.336,0.231,0.277,0.38,0.116,0.122,0.287,0.186,0.103,0.131,0.093,0.29
0.181,0.272,0.644,0.227,0.27,0.133,0.126,0.402,0.202,0.915,0.658,0.315,0.32,0.163,0.32,0.221,0.493,0.268,0.365,0.223,0.332,0.126,0.392,0.288,0.508,0.067,0.372,0.405,0.239,0.451,0.227,0.544,0.156,0.473,0.299,0.651,0.267,0.592,0.114,0.191,0.415,0.327,0.346,0.177,0.536,0.28,0.29,0.2,0.585,0.404,0.335,0.109,0.143,0.084,0.127,0.18,0.736,0.579,0.399,1.0,0.761,0.234,0.231,0.258,0.635,0.49,0.467,0.204,0.208,0.2,0.394,0.559,0.431,0.279,0.28,0.466,0.158,0.261,0.145,0.498,0.574,0.402,0.915,0.171,0.167,0.201,1.0,0.161,0.127,0.097,0.292,0.308,0.261,0.357,0.543,1.0,0.521,0.706,0.556,0.379,0.873,0.232,0.354,0.165,0.619,0.865,0.69,0.355,0.569,0.229,0.213,0.341,0.179,0.284,0.33,0.148,0.327,0.065,0.681,0.175,0.261,0.428,0.224,0.354,0.594,0.18,0.132,0.265,0.409,0.243,0.557,0.262,1.0,0.337,0.279,0.265,0.351,0.246,0.523,0.368,0.158,0.915,0.679,0.409,0.185,0.47,0.191,0.537,0.116,0.499,1.0,0.402,0.915,0.434,0.265,0.4,0.49,0.453,0.153,0.208,0.211,0.33,0.197,0.191,0.207,0.496,0.206,0.245,0.413,0.365,0.57,0.109,0.367,0.233,0.24,0.141,0.12,0.181,0.338,0.144,0.302,0.151,0.157,0.358,0.389,0.206,0.408,0.604,0.418,0.364,1.0,0.551,0.202,0.187,0.348,0.145,0.345,0.154,0.155,0.244,0.221,0.467,0.532,0.586,0.35,0.195,0.646,0.625,0.396,0.902,0.37,0.28,0.571,0.437,0.226,0.463,0.13,0.222,0.172,0.307,0.232,1.0,0.137,0.173,0.736,0.166,0.46,0.133,0.151,0.234,0.118,0.287,0.246,0.137,0.184,0.549,0.392,0.473,0.118,0.24,0.33,0.189,0.357,0.501,0.777,0.321,0.331,0.383,0.275,0.221,0.488,0.639,0.471,0.221,0.156,0.496,0.185,0.231,0.235,0.246,0.272,0.197,0.301,0.158,0.191,0.19,0.36,0.416,0.327,0.302,0.306,0.329,0.571,0.248,0.464,0.797,0.161,0.221,0.14,0.174,0.381,0.289,0.161,0.131,0.12,0.38
0.12,0.12,0.199,0.187,0.155,0.137,0.226,0.06,0.142,0.171,0.19,0.145,0.066,0.086,0.125,0.296,0.118,0.296,0.189,0.3,0.309,0.226,0.068,0.529,0.133,0.626,0.186,0.089,0.439,0.187,0.116,0.145,0.179,0.175,0.158,0.302,0.139,0.202,0.268,0.152,0.201,0.067,0.205,0.16,0.129,0.311,0.129,0.15,0.096,0.288,0.095,0.119,0.352,0.211,0.288,0.181,0.272,0.091,0.084,0.134,0.25,0.076,0.216,0.085,0.107,0.199,0.36,0.405,0.188,0.151,0.195,0.123,0.104,0.112,0.311,0.123,0.338,0.169,0.405,0.156,0.104,0.115,0.171,0.255,0.264,0.241,0.171,0.23,0.159,0.229,0.137,0.188,0.176,0.169,0.23,0.191,0.129,0.114,0.11,0.131,0.133,0.109,0.2,0.188,0.202,0.138,0.403,0.219,0.118,0.146,0.238,0.174,0.298,0.178,0.144,0.16,0.272,0.213,0.197,0.084,0.202,0.095,0.157,0.257,0.104,0.128,0.308,0.068,0.177,0.103,0.089,0.088,0.191,0.149,0.112,0.134,0.09,0.104,0.196,0.084,0.309,0.171,0.112,0.102,0.113,0.072,0.16,0.143,0.288,0.326,0.191,0.097,0.171,0.26,0.11,0.125,0.101,0.155,0.286,0.158,0.174,0.126,0.333,0.605,0.355,0.122,0.179,0.146,0.109,0.125,0.098,0.108,0.193,0.152,0.082,0.074,0.061,0.257,0.234,0.222,0.264,0.065,0.347,0.224,0.187,0.345,0.125,0.151,0.131,0.07,0.191,0.19,0.163,0.182,0.126,0.121,0.095,0.335,0.514,0.124,0.296,0.106,0.103,0.204,0.369,0.247,0.131,0.107,0.197,0.156,0.088,0.208,0.166,0.117,0.266,0.294,0.303,0.27,0.88,0.207,0.137,0.137,1.0,0.531,0.169,0.193,0.21,0.181,0.123,0.121,0.252,0.252,0.244,0.076,0.162,0.255,0.22,0.13,0.129,0.159,0.12,0.078,0.115,0.136,0.101,0.235,0.153,0.285,0.104,0.296,0.119,0.154,0.195,0.296,0.1,0.106,0.119,0.179,0.232,0.184,0.12,0.287,0.113,0.402,1.0,0.082,0.131,0.074,0.234,0.116,0.126,0.218,0.149,0.087,0.123,0.125,0.484,0.296,0.663,0.377,0.266,0.167,0.128,0.308,0.131,0.14
0.23,0.087,0.351,0.337,0.59,0.133,0.415,0.058,0.55,0.148,0.237,0.337,0.061,0.098,0.328,0.296,0.235,0.531,0.296,0.531,0.66,0.415,0.051,0.173,0.19,0.055,0.525,0.128,0.458,0.309,0.145,0.352,0.252,0.427,0.149,1.0,0.425,0.422,0.508,0.24,0.59,0.066,0.221,0.163,0.173,0.311,0.099,0.425,0.125,0.531,0.635,0.085,0.421,0.345,0.458,0.084,0.148,0.066,0.173,0.099,0.173,0.074,0.422,0.104,0.08,0.177,0.66,0.531,0.252,0.295,0.366,0.148,0.112,0.084,0.311,0.173,0.531,0.525,0.531,0.234,0.148,0.237,0.148,0.208,0.746,0.296,0.148,0.228,0.08,0.258,0.258,0.311,0.525,0.28,0.243,0.173,0.277,0.173,0.147,0.447,0.173,0.107,0.66,0.235,0.24,0.173,0.531,0.55,0.147,0.351,0.274,0.345,0.59,0.352,0.311,0.164,0.421,0.048,0.357,0.176,0.549,0.102,0.331,0.274,0.075,0.113,0.66,0.074,0.531,0.08,0.096,0.151,0.173,0.378,0.084,0.208,0.139,0.178,0.217,0.07,0.746,0.148,0.128,0.141,0.235,0.076,0.283,0.22,0.337,0.66,0.173,0.173,0.148,0.66,0.151,0.23,0.173,0.237,0.425,0.102,0.274,0.147,0.319,0.531,0.458,0.279,0.1,0.237,0.239,0.107,0.112,0.073,0.139,0.154,0.108,0.076,0.062,0.377,0.186,0.258,0.531,0.113,0.531,0.248,0.66,0.274,0.227,0.164,0.19,0.067,0.173,0.213,0.311,0.442,0.158,0.164,0.119,0.825,0.458,0.231,0.296,0.099,0.148,0.173,0.66,0.386,0.173,0.148,0.525,0.128,0.077,0.311,0.359,0.173,0.424,0.531,0.458,0.19,0.471,0.311,0.301,0.173,0.531,1.0,0.148,0.153,0.149,0.549,0.307,0.145,0.217,0.128,0.531,0.074,0.345,0.319,0.531,0.194,0.095,0.525,0.24,0.056,0.066,0.227,0.148,0.296,0.228,0.093,0.151,0.296,0.125,0.263,0.345,0.296,0.144,0.125,0.171,0.337,0.344,0.59,0.087,0.377,0.086,0.66,0.531,0.073,0.19,0.096,0.527,0.151,0.1,0.427,0.24,0.108,0.173,0.173,0.59,0.296,0.531,0.306,0.531,0.302,0.177,0.257,0.251,0.147
0.146,0.226,0.5,0.175,0.205,0.115,0.104,0.299,0.158,0.815,0.504,0.226,0.243,0.128,0.242,0.218,0.298,0.26,0.271,0.185,0.23,0.104,0.313,0.261,0.39,0.341,0.281,0.297,0.211,0.348,0.188,0.389,0.129,0.335,0.264,0.477,0.201,0.424,0.094,0.154,0.264,0.218,0.291,0.182,0.413,0.266,0.248,0.156,0.438,0.311,0.25,0.095,0.133,0.07,0.107,0.155,0.577,0.45,0.298,0.627,0.579,0.183,0.192,0.206,0.531,0.45,0.342,0.17,0.172,0.172,0.282,0.44,0.35,0.233,0.266,0.352,0.131,0.231,0.149,0.35,0.419,0.301,0.815,0.156,0.142,0.169,1.0,0.137,0.129,0.078,0.234,0.239,0.233,0.287,0.324,0.915,0.367,0.527,0.404,0.307,0.673,0.2,0.267,0.15,0.498,0.696,0.447,0.27,0.423,0.192,0.226,0.235,0.145,0.239,0.255,0.138,0.221,0.054,0.381,0.133,0.239,0.329,0.181,0.314,0.484,0.172,0.108,0.186,0.333,0.203,0.426,0.21,0.915,0.256,0.233,0.221,0.262,0.185,0.396,0.36,0.137,0.815,0.491,0.296,0.155,0.422,0.163,0.392,0.093,0.358,0.915,0.308,0.815,0.339,0.196,0.342,0.38,0.352,0.127,0.158,0.175,0.279,0.197,0.171,0.185,0.348,0.164,0.217,0.292,0.267,0.539,0.095,0.335,0.188,0.204,0.112,0.095,0.161,0.326,0.138,0.262,0.123,0.151,0.287,0.296,0.205,0.319,0.466,0.301,0.31,0.915,0.437,0.163,0.176,0.283,0.119,0.267,0.129,0.134,0.194,0.218,0.303,0.384,0.45,0.232,0.172,0.473,0.456,0.311,0.902,0.261,0.226,0.441,0.32,0.218,0.352,0.154,0.26,0.15,0.252,0.2,0.736,0.169,0.148,1.0,0.174,0.341,0.113,0.12,0.199,0.131,0.286,0.171,0.115,0.147,0.338,0.305,0.368,0.1,0.228,0.213,0.157,0.256,0.381,0.535,0.245,0.255,0.327,0.22,0.218,0.375,0.458,0.314,0.218,0.151,0.359,0.162,0.181,0.197,0.205,0.226,0.16,0.235,0.147,0.171,0.154,0.307,0.32,0.262,0.233,0.262,0.345,0.434,0.244,0.349,0.641,0.137,0.218,0.208,0.138,0.279,0.233,0.134,0.159,0.1,0.276
0.068,0.106,0.236,0.096,0.122,0.114,0.091,0.098,0.132,0.184,0.241,0.136,0.092,0.087,0.11,0.258,0.11,0.205,0.141,0.173,0.306,0.091,0.089,0.253,0.151,0.157,0.1,0.107,0.185,0.242,0.099,0.132,0.109,0.163,0.212,0.169,0.114,0.159,0.08,0.168,0.27,0.119,0.169,0.135,0.2,0.294,0.115,0.1,0.128,0.165,0.132,0.105,0.322,0.058,0.105,0.124,0.153,0.101,0.136,0.118,0.178,0.104,0.176,0.111,0.113,0.23,0.159,0.157,0.1,0.11,0.124,0.144,0.104,0.175,0.294,0.14,0.113,0.266,0.14,0.151,0.127,0.15,0.184,0.204,0.2,0.155,0.184,0.14,0.218,0.074,0.186,0.182,0.216,0.204,0.178,0.221,0.116,0.166,0.148,0.117,0.176,0.078,0.174,0.329,0.187,0.182,0.175,0.352,0.154,0.084,0.226,0.112,0.131,0.412,0.143,0.148,0.177,0.085,0.17,0.114,0.185,0.095,0.111,0.313,0.122,0.133,0.106,0.085,0.239,0.161,0.118,0.122,0.221,0.159,0.175,0.152,0.118,0.097,0.174,0.142,0.163,0.184,0.13,0.11,0.121,0.094,0.107,0.18,0.09,0.16,0.221,0.144,0.184,0.412,0.092,0.195,0.133,0.184,0.101,0.084,0.327,0.217,0.164,0.179,0.4,0.12,0.119,0.14,0.143,0.126,0.109,0.095,0.168,0.361,0.116,0.093,0.106,0.161,0.38,0.125,0.258,0.094,0.169,0.182,0.155,0.18,0.125,0.2,0.233,0.079,0.221,0.169,0.159,0.172,0.167,0.109,0.091,0.14,0.136,0.153,0.258,0.271,0.137,0.159,0.181,0.209,0.164,0.135,0.153,0.155,0.082,0.167,0.165,0.132,0.313,0.276,0.168,0.204,0.155,0.17,0.174,0.166,0.193,0.153,0.174,1.0,0.185,0.19,0.107,0.099,0.14,0.154,0.132,0.068,0.144,0.115,0.247,0.18,0.123,0.226,0.157,0.07,0.125,0.29,0.133,0.154,0.162,0.181,0.113,0.258,0.141,0.158,0.135,0.258,0.088,0.127,0.283,0.107,0.179,0.145,0.106,0.146,0.094,0.197,0.179,0.067,0.206,0.103,0.134,0.094,0.137,0.207,0.242,0.119,0.268,0.162,0.14,0.258,0.182,0.127,0.164,0.188,0.121,0.429,0.084,0.159
0.095,0.161,0.334,0.13,0.172,0.279,0.082,0.234,0.138,0.674,0.511,0.183,0.399,0.123,0.237,0.38,0.18,0.343,0.352,0.157,0.201,0.082,0.476,0.252,0.233,0.512,0.233,0.243,0.255,0.273,0.14,0.264,0.094,0.268,0.336,0.281,0.189,0.265,0.074,0.123,0.182,0.318,0.265,0.172,0.338,0.284,0.187,0.176,0.245,0.251,0.323,0.149,0.121,0.053,0.087,0.196,0.348,0.633,0.246,0.438,0.458,0.245,0.166,0.171,0.386,0.392,0.31,0.204,0.107,0.125,0.236,0.284,0.234,0.169,0.284,0.239,0.101,0.223,0.174,0.303,0.28,0.31,0.674,0.171,0.13,0.213,0.826,0.136,0.128,0.073,0.224,0.213,0.232,0.212,0.222,0.795,0.24,0.296,0.291,0.282,0.334,0.123,0.246,0.243,0.417,0.349,0.331,0.25,0.25,0.129,0.218,0.308,0.111,0.214,0.207,0.122,0.21,0.2,0.258,0.127,0.386,0.182,0.134,0.409,0.33,0.271,0.085,0.169,0.263,0.161,0.238,0.166,0.795,0.245,0.169,0.202,0.313,0.165,0.348,0.402,0.117,0.674,0.337,0.235,0.109,0.264,0.149,0.423,0.088,0.29,0.795,0.296,0.674,0.267,0.159,0.352,0.336,0.3,0.095,0.144,0.163,0.175,0.26,0.174,0.126,0.345,0.213,0.155,0.207,0.391,0.214,0.154,0.352,0.119,0.184,0.117,0.084,0.162,0.391,0.149,0.286,0.202,0.242,0.345,0.222,0.227,0.227,0.317,0.251,0.145,0.795,0.322,0.146,0.218,0.191,0.153,0.199,0.105,0.133,0.192,0.38,0.231,0.352,0.491,0.201,0.137,0.282,0.267,0.281,0.705,0.192,0.172,0.295,0.267,0.254,0.308,0.164,0.375,0.151,0.176,0.289,0.46,0.21,0.149,0.341,0.185,1.0,0.14,0.115,0.139,0.155,0.383,0.193,0.117,0.111,0.241,0.26,0.324,0.16,0.232,0.202,0.114,0.224,0.355,0.333,0.243,0.192,0.36,0.169,0.38,0.324,0.301,0.376,0.38,0.152,0.218,0.107,0.139,0.206,0.226,0.161,0.124,0.247,0.132,0.174,0.11,0.272,0.183,0.218,0.148,0.2,0.211,0.303,0.155,0.261,0.348,0.136,0.38,0.212,0.117,0.326,0.159,0.1,0.233,0.087,0.229
0.099,0.076,0.191,0.171,0.175,0.154,0.197,0.05,0.182,0.147,0.182,0.196,0.131,0.129,0.143,0.232,0.26,0.136,0.17,0.263,0.283,0.197,0.107,0.099,0.261,0.047,0.211,0.195,0.239,0.142,0.13,0.266,0.172,0.27,0.185,0.289,0.243,0.238,0.228,0.19,0.333,0.223,0.214,0.159,0.237,0.253,0.087,0.213,0.142,0.224,0.175,0.075,0.285,0.294,0.203,0.078,0.114,0.108,0.121,0.085,0.148,0.066,0.262,0.113,0.077,0.191,0.215,0.271,0.143,0.148,0.263,0.105,0.135,0.08,0.253,0.139,0.251,0.202,0.226,0.186,0.143,0.21,0.147,0.133,0.352,0.174,0.147,0.193,0.1,0.235,0.168,0.186,0.189,0.165,0.34,0.187,0.116,0.139,0.141,0.162,0.146,0.076,0.248,0.206,0.159,0.154,0.199,0.299,0.132,0.164,0.15,0.297,0.261,0.245,0.196,0.146,0.186,0.042,0.189,0.073,0.193,0.156,0.178,0.208,0.067,0.086,0.282,0.055,0.207,0.164,0.097,0.139,0.187,0.168,0.08,0.187,0.132,0.185,0.188,0.097,0.316,0.147,0.209,0.146,0.167,0.079,0.131,0.157,0.631,0.181,0.187,0.15,0.147,0.305,0.13,0.155,0.119,0.148,0.213,0.069,0.192,0.128,0.211,0.456,0.34,0.168,0.108,0.15,0.245,0.146,0.134,0.081,0.108,0.209,0.14,0.068,0.057,0.204,0.125,0.192,0.218,0.072,0.269,0.15,0.2,0.167,0.21,0.12,0.222,0.057,0.187,0.124,0.187,0.195,0.144,0.12,0.114,0.358,0.399,0.171,0.232,0.199,0.17,0.151,0.204,0.248,0.142,0.2,0.229,0.116,0.087,0.193,0.209,0.236,0.188,0.3,0.177,0.121,0.402,0.199,0.176,0.133,0.181,0.549,0.113,0.19,0.14,1.0,0.118,0.12,0.106,0.136,0.143,0.096,0.486,0.134,0.263,0.208,0.123,0.205,0.167,0.185,0.08,0.203,0.106,0.179,0.151,0.074,0.155,0.232,0.135,0.159,0.321,0.232,0.128,0.138,0.185,0.167,0.265,0.371,0.076,0.165,0.076,0.215,0.456,0.13,0.143,0.153,0.212,0.128,0.214,0.303,0.213,0.104,0.182,0.137,0.5,0.232,0.185,0.189,0.226,0.167,0.143,0.204,0.114,0.138
0.087,0.104,0.175,0.128,0.187,0.095,0.129,0.06,0.113,0.193,0.152,0.15,0.067,0.071,0.128,0.226,0.116,0.118,0.159,0.185,0.153,0.129,0.082,0.159,0.162,0.057,0.119,0.088,0.126,0.183,0.098,0.155,0.12,0.154,0.122,0.272,0.147,0.172,0.139,0.291,0.145,0.112,0.126,0.09,0.139,0.256,0.113,0.145,0.101,0.157,0.095,0.427,0.139,0.097,0.132,0.072,0.111,0.106,0.167,0.147,0.137,0.061,0.243,0.089,0.123,0.23,0.152,0.217,0.111,0.118,0.154,0.128,0.093,0.128,0.256,0.116,0.167,0.128,0.168,0.126,0.107,0.134,0.193,0.127,0.194,0.187,0.193,0.195,0.066,0.157,0.123,0.168,0.134,0.156,0.1,0.217,0.11,0.198,0.12,0.145,0.145,0.082,0.187,0.147,0.225,0.15,0.16,0.168,0.171,0.112,0.138,0.108,0.164,0.18,0.177,0.102,0.145,0.052,0.293,0.08,0.12,0.083,0.108,0.132,0.118,0.077,0.155,0.058,0.125,0.117,0.096,0.118,0.217,0.151,0.128,0.125,0.088,0.121,0.138,0.076,0.182,0.193,0.112,0.093,0.167,0.075,0.118,0.126,0.178,0.14,0.217,0.118,0.193,0.152,0.09,0.153,0.108,0.207,0.142,0.067,0.151,0.131,0.142,0.282,0.159,0.128,0.142,0.129,0.179,0.083,0.096,0.383,0.095,0.116,0.093,0.294,0.269,0.178,0.114,0.115,0.133,0.06,0.144,0.146,0.207,0.146,0.118,0.116,0.181,0.062,0.217,0.315,0.163,0.134,0.233,0.16,0.081,0.239,0.261,0.133,0.226,0.089,0.271,0.114,0.151,0.141,0.133,0.112,0.154,0.173,0.071,0.172,0.166,0.112,0.226,0.137,0.127,0.077,0.247,0.169,0.099,0.151,0.123,0.307,0.12,0.107,0.115,0.118,1.0,0.099,0.096,0.082,0.294,0.061,0.147,0.112,0.134,0.117,0.133,0.146,0.245,0.072,0.077,0.136,0.111,0.183,0.146,0.08,0.094,0.226,0.109,0.126,0.15,0.226,0.085,0.105,0.143,0.13,0.205,0.174,0.104,0.129,0.071,0.143,0.282,0.066,0.241,0.088,0.167,0.092,0.144,0.206,0.139,0.097,0.148,0.138,0.284,0.226,0.13,0.147,0.152,0.134,0.164,0.123,0.117,0.139
0.228,0.332,0.206,0.256,0.122,0.257,0.106,0.113,0.13,0.279,0.195,0.228,0.2,0.279,0.202,0.38,0.133,0.137,0.258,0.188,0.135,0.106,0.123,0.116,0.209,0.082,0.193,0.199,0.18,0.125,0.492,0.21,0.095,0.237,0.15,0.194,0.215,0.217,0.101,0.157,0.182,0.133,0.154,0.131,0.166,0.259,0.292,0.235,0.261,0.169,0.169,0.087,0.131,0.075,0.099,0.142,0.185,0.154,0.149,0.205,0.228,0.187,0.194,0.129,0.232,0.172,0.165,0.257,0.082,0.204,0.167,0.198,0.323,0.1,0.259,0.199,0.138,0.142,0.126,0.148,0.287,0.196,0.279,0.161,0.124,0.281,0.279,0.134,0.191,0.077,0.134,0.197,0.165,0.146,0.128,0.318,0.2,0.294,0.152,0.149,0.238,0.601,0.181,0.125,0.242,0.249,0.198,0.13,0.163,0.342,0.15,0.098,0.11,0.121,0.253,0.137,0.2,0.082,0.189,0.097,0.145,0.199,0.197,0.154,0.162,0.192,0.118,0.154,0.159,0.212,0.186,0.228,0.318,0.141,0.1,0.185,0.21,0.249,0.164,0.126,0.107,0.279,0.214,0.133,0.079,0.166,0.13,0.237,0.092,0.156,0.318,0.218,0.279,0.145,0.291,0.179,0.273,0.228,0.108,0.155,0.162,0.128,0.088,0.168,0.218,0.172,0.165,0.213,0.127,0.148,0.175,0.08,0.194,0.08,0.111,0.121,0.067,0.208,0.158,0.128,0.136,0.127,0.11,0.178,0.202,0.176,0.247,0.188,0.197,0.202,0.318,0.181,0.178,0.138,0.373,0.271,0.222,0.134,0.132,0.225,0.38,0.145,0.176,0.182,0.135,0.125,0.301,0.223,0.178,0.248,0.241,0.27,0.232,0.219,0.168,0.153,0.116,0.1,0.147,0.319,0.178,0.234,0.121,0.145,0.199,0.099,0.139,0.12,0.099,1.0,0.103,0.131,0.108,0.224,0.089,0.128,0.189,0.186,0.173,0.138,0.167,0.267,0.111,0.182,0.18,0.242,0.171,0.114,0.27,0.38,0.135,0.16,0.17,0.38,0.311,0.251,0.213,0.274,0.174,0.15,0.332,0.127,0.211,0.11,0.168,0.274,0.138,0.23,0.224,0.335,0.253,0.156,0.284,0.193,0.193,0.251,0.134,0.38,0.134,0.132,0.128,0.111,0.109,0.128,0.101,0.297
0.121,0.085,0.339,0.139,0.091,0.1,0.142,0.047,0.081,0.144,0.171,0.119,0.05,0.068,0.094,0.279,0.117,0.231,0.149,0.197,0.228,0.142,0.05,0.221,0.113,0.357,0.111,0.071,0.251,0.19,0.102,0.105,0.14,0.139,0.14,0.17,0.09,0.166,0.163,0.144,0.12,0.05,0.186,0.207,0.16,0.298,0.096,0.088,0.085,0.164,0.072,0.084,0.184,0.178,0.156,0.155,0.246,0.065,0.067,0.096,0.168,0.057,0.274,0.069,0.078,0.171,0.153,0.224,0.112,0.172,0.146,0.094,0.078,0.082,0.298,0.098,0.246,0.107,0.246,0.162,0.084,0.094,0.144,0.643,0.161,0.19,0.144,0.203,0.16,0.218,0.132,0.178,0.121,0.361,0.162,0.168,0.133,0.106,0.096,0.083,0.123,0.086,0.143,0.217,0.162,0.131,0.141,0.145,0.101,0.153,0.35,0.13,0.178,0.155,0.126,0.465,0.151,0.069,0.275,0.111,0.194,0.076,0.102,0.339,0.073,0.101,0.155,0.054,0.109,0.079,0.076,0.085,0.168,0.099,0.082,0.116,0.068,0.079,0.223,0.091,0.167,0.144,0.092,0.08,0.225,0.058,0.369,0.114,0.233,0.181,0.168,0.077,0.144,0.14,0.091,0.104,0.081,0.124,0.18,0.082,0.271,0.115,0.278,0.207,0.15,0.091,0.111,0.124,0.078,0.101,0.108,0.075,0.158,0.092,0.071,0.053,0.044,0.301,0.206,0.217,0.178,0.05,0.233,0.184,0.116,0.56,0.107,0.143,0.121,0.055,0.168,0.272,0.146,0.146,0.111,0.101,0.085,0.194,0.192,0.093,0.279,0.092,0.084,0.194,0.172,0.166,0.118,0.09,0.128,0.124,0.064,0.205,0.133,0.091,0.17,0.197,0.175,0.231,0.173,0.198,0.094,0.118,0.252,0.217,0.131,0.14,0.155,0.106,0.096,0.103,1.0,0.211,0.184,0.059,0.139,0.088,0.131,0.129,0.076,0.139,0.109,0.056,0.125,0.113,0.09,0.186,0.147,0.281,0.085,0.279,0.11,0.16,0.143,0.279,0.084,0.09,0.102,0.144,0.17,0.157,0.085,0.186,0.085,0.214,0.207,0.062,0.118,0.062,0.148,0.1,0.098,0.227,0.138,0.074,0.091,0.112,0.203,0.279,0.284,0.134,0.151,0.112,0.127,0.324,0.106,0.09
0.078,0.19,0.283,0.1,0.168,0.172,0.066,0.12,0.125,0.736,0.282,0.183,0.2,0.143,0.26,0.296,0.205,0.425,0.249,0.128,0.229,0.066,0.484,0.278,0.22,0.636,0.236,0.292,0.355,0.305,0.12,0.23,0.081,0.238,0.24,0.204,0.247,0.21,0.054,0.114,0.175,0.203,0.325,0.166,0.352,0.254,0.214,0.202,0.197,0.191,0.29,0.098,0.131,0.039,0.065,0.211,0.34,0.649,0.235,0.521,0.292,0.155,0.135,0.128,0.449,0.418,0.37,0.175,0.082,0.096,0.198,0.23,0.236,0.196,0.254,0.204,0.079,0.258,0.259,0.283,0.238,0.282,0.736,0.261,0.16,0.175,0.736,0.118,0.171,0.064,0.145,0.186,0.274,0.165,0.21,0.847,0.159,0.211,0.212,0.267,0.229,0.101,0.332,0.261,0.419,0.236,0.299,0.27,0.188,0.128,0.228,0.252,0.08,0.203,0.201,0.127,0.277,0.132,0.197,0.088,0.395,0.166,0.095,0.357,0.485,0.196,0.07,0.112,0.321,0.185,0.178,0.156,0.847,0.285,0.196,0.168,0.268,0.152,0.322,0.221,0.135,0.736,0.247,0.184,0.089,0.188,0.151,0.32,0.075,0.323,0.847,0.382,0.736,0.267,0.133,0.291,0.308,0.208,0.076,0.102,0.126,0.125,0.315,0.156,0.113,0.279,0.159,0.125,0.187,0.211,0.171,0.101,0.304,0.099,0.135,0.106,0.081,0.206,0.337,0.199,0.349,0.117,0.364,0.37,0.238,0.301,0.194,0.21,0.28,0.122,0.847,0.341,0.147,0.312,0.156,0.114,0.186,0.097,0.117,0.186,0.296,0.212,0.245,0.515,0.238,0.132,0.212,0.224,0.371,0.645,0.163,0.139,0.292,0.338,0.249,0.404,0.179,0.517,0.132,0.139,0.313,0.287,0.252,0.128,0.286,0.154,0.383,0.136,0.082,0.131,0.211,1.0,0.229,0.133,0.13,0.169,0.32,0.377,0.165,0.38,0.186,0.309,0.218,0.399,0.191,0.206,0.158,0.442,0.158,0.296,0.308,0.247,0.254,0.296,0.188,0.183,0.098,0.11,0.156,0.211,0.19,0.093,0.198,0.166,0.156,0.115,0.206,0.172,0.151,0.126,0.238,0.293,0.28,0.13,0.27,0.247,0.118,0.296,0.27,0.093,0.291,0.121,0.083,0.336,0.073,0.222
0.088,0.12,0.303,0.148,0.322,0.092,0.145,0.133,0.179,0.55,0.208,0.2,0.092,0.076,0.192,0.329,0.157,0.247,0.235,0.232,0.25,0.145,0.322,0.198,0.209,0.293,0.167,0.115,0.26,0.233,0.102,0.25,0.139,0.213,0.156,0.262,0.158,0.272,0.168,0.253,0.213,0.242,0.196,0.088,0.25,0.311,0.129,0.145,0.131,0.267,0.206,0.366,0.205,0.108,0.17,0.101,0.171,0.456,0.196,0.342,0.195,0.116,0.27,0.081,0.333,0.245,0.368,0.272,0.124,0.116,0.199,0.152,0.117,0.181,0.311,0.164,0.196,0.174,0.25,0.225,0.229,0.186,0.55,0.282,0.295,0.209,0.45,0.23,0.079,0.229,0.143,0.191,0.18,0.235,0.202,0.545,0.237,0.295,0.189,0.229,0.197,0.089,0.34,0.224,0.315,0.208,0.294,0.278,0.164,0.12,0.221,0.196,0.189,0.249,0.185,0.194,0.29,0.063,0.29,0.111,0.199,0.1,0.113,0.281,0.311,0.1,0.179,0.141,0.305,0.165,0.153,0.241,0.545,0.245,0.181,0.134,0.194,0.106,0.217,0.165,0.236,0.55,0.176,0.145,0.224,0.123,0.156,0.183,0.288,0.249,0.545,0.155,0.55,0.282,0.1,0.207,0.233,0.237,0.172,0.073,0.221,0.147,0.234,0.605,0.235,0.18,0.102,0.121,0.206,0.136,0.114,0.296,0.153,0.115,0.085,0.441,0.492,0.246,0.209,0.235,0.272,0.098,0.356,0.309,0.243,0.261,0.16,0.152,0.205,0.081,0.545,0.263,0.207,0.212,0.165,0.123,0.095,0.289,0.514,0.135,0.329,0.134,0.275,0.227,0.303,0.179,0.175,0.173,0.208,0.376,0.094,0.19,0.237,0.22,0.251,0.257,0.191,0.177,0.88,0.186,0.147,0.246,0.244,0.531,0.171,0.132,0.193,0.143,0.294,0.108,0.184,0.229,1.0,0.064,0.219,0.216,0.277,0.225,0.098,0.223,0.358,0.09,0.18,0.262,0.166,0.231,0.15,0.179,0.108,0.329,0.185,0.223,0.201,0.329,0.093,0.131,0.161,0.151,0.207,0.198,0.12,0.188,0.101,0.209,1.0,0.064,0.252,0.141,0.279,0.101,0.139,0.27,0.209,0.138,0.253,0.201,0.484,0.329,0.286,0.23,0.3,0.161,0.16,0.232,0.12,0.144
0.105,0.097,0.126,0.108,0.133,0.215,0.056,0.066,0.155,0.148,0.136,0.136,0.2,0.29,0.135,0.271,0.079,0.088,0.173,0.099,0.074,0.056,0.07,0.083,0.114,0.069,0.298,0.157,0.129,0.099,0.176,0.095,0.064,0.137,0.098,0.12,0.216,0.117,0.053,0.086,0.099,0.124,0.081,0.078,0.123,0.136,0.107,0.239,0.189,0.095,0.247,0.054,0.084,0.04,0.058,0.139,0.123,0.075,0.128,0.102,0.165,0.411,0.146,0.218,0.088,0.19,0.111,0.179,0.074,0.095,0.134,0.12,0.173,0.085,0.136,0.115,0.076,0.189,0.073,0.108,0.195,0.162,0.148,0.098,0.074,0.187,0.148,0.067,0.468,0.036,0.156,0.169,0.215,0.112,0.074,0.186,0.237,0.161,0.111,0.136,0.159,0.151,0.123,0.091,0.19,0.168,0.196,0.104,0.118,0.196,0.088,0.058,0.07,0.102,0.127,0.089,0.162,0.066,0.1,0.076,0.17,0.155,0.145,0.112,0.08,0.198,0.063,0.537,0.094,0.17,0.1,0.161,0.186,0.115,0.085,0.167,0.268,0.199,0.114,0.092,0.066,0.148,0.117,0.103,0.063,0.079,0.102,0.266,0.044,0.115,0.186,0.25,0.148,0.101,0.196,0.125,0.264,0.13,0.066,0.13,0.088,0.128,0.072,0.083,0.112,0.122,0.14,0.108,0.108,0.115,0.127,0.055,0.088,0.083,0.179,0.122,0.05,0.107,0.075,0.074,0.109,0.129,0.077,0.111,0.154,0.101,0.127,0.112,0.142,0.412,0.186,0.105,0.113,0.155,0.159,0.171,0.275,0.071,0.064,0.195,0.271,0.126,0.11,0.194,0.217,0.083,0.16,0.13,0.266,0.122,0.231,0.117,0.226,0.169,0.087,0.1,0.063,0.081,0.073,0.137,0.126,0.137,0.076,0.074,0.115,0.068,0.117,0.096,0.061,0.224,0.059,0.133,0.064,1.0,0.065,0.094,0.118,0.188,0.124,0.152,0.112,0.111,0.125,0.212,0.108,0.18,0.151,0.078,0.18,0.271,0.09,0.102,0.104,0.271,0.26,0.152,0.11,0.116,0.144,0.119,0.097,0.079,0.308,0.072,0.083,0.231,0.099,0.125,0.098,0.2,0.218,0.076,0.133,0.093,0.131,0.168,0.067,0.271,0.087,0.073,0.09,0.097,0.062,0.081,0.058,0.146
0.121,0.066,0.245,0.187,0.188,0.078,0.204,0.111,0.216,0.237,0.199,0.205,0.081,0.077,0.112,0.232,0.351,0.117,0.136,0.206,0.25,0.204,0.107,0.132,0.169,0.043,0.166,0.096,0.217,0.174,0.09,0.263,0.266,0.207,0.195,0.242,0.178,0.332,0.24,0.2,0.181,0.176,0.172,0.181,0.231,0.246,0.076,0.133,0.123,0.208,0.187,0.093,0.178,0.519,0.243,0.112,0.135,0.129,0.16,0.162,0.17,0.08,0.247,0.111,0.146,0.3,0.226,0.222,0.199,0.187,0.214,0.141,0.095,0.245,0.246,0.153,0.257,0.188,0.21,0.248,0.127,0.167,0.237,0.115,0.33,0.141,0.237,0.206,0.058,0.267,0.32,0.195,0.19,0.207,0.358,0.278,0.166,0.162,0.149,0.174,0.181,0.069,0.273,0.181,0.198,0.189,0.221,0.23,0.161,0.161,0.169,0.42,0.305,0.27,0.127,0.123,0.21,0.034,0.19,0.118,0.188,0.088,0.143,0.138,0.164,0.087,0.237,0.084,0.161,0.218,0.123,0.117,0.278,0.138,0.245,0.139,0.112,0.113,0.185,0.116,0.342,0.237,0.13,0.115,0.268,0.096,0.159,0.175,0.918,0.221,0.278,0.122,0.237,0.276,0.08,0.192,0.137,0.239,0.259,0.062,0.218,0.239,0.246,0.299,0.2,0.131,0.096,0.19,0.253,0.123,0.141,0.093,0.112,0.184,0.114,0.089,0.105,0.193,0.13,0.272,0.189,0.077,0.39,0.163,0.237,0.142,0.121,0.134,0.143,0.074,0.278,0.163,0.215,0.234,0.151,0.09,0.094,0.343,0.265,0.145,0.232,0.106,0.139,0.143,0.18,0.204,0.149,0.129,0.208,0.204,0.073,0.177,0.228,0.224,0.2,0.312,0.167,0.092,0.253,0.166,0.131,0.184,0.162,0.345,0.147,0.144,0.111,0.486,0.147,0.089,0.139,0.13,0.219,0.065,1.0,0.187,0.233,0.196,0.066,0.201,0.214,0.05,0.102,0.165,0.136,0.159,0.182,0.088,0.109,0.232,0.175,0.262,0.363,0.232,0.079,0.114,0.125,0.185,0.263,0.211,0.066,0.227,0.078,0.198,0.299,0.053,0.191,0.148,0.246,0.085,0.175,0.348,0.159,0.148,0.197,0.169,0.322,0.232,0.166,0.197,0.197,0.253,0.178,0.16,0.133,0.123
0.104,0.11,0.354,0.164,0.17,0.087,0.164,0.268,0.153,0.586,0.373,0.167,0.258,0.091,0.159,0.15,0.29,0.192,0.32,0.207,0.307,0.164,0.527,0.154,0.235,0.04,0.295,0.175,0.228,0.273,0.122,0.362,0.199,0.28,0.204,0.409,0.166,0.328,0.175,0.126,0.3,0.223,0.159,0.179,0.334,0.186,0.128,0.142,0.311,0.352,0.201,0.071,0.214,0.149,0.228,0.115,0.345,0.744,0.198,0.515,0.427,0.158,0.181,0.176,0.333,0.353,0.465,0.235,0.249,0.167,0.258,0.292,0.192,0.184,0.186,0.246,0.232,0.197,0.181,0.357,0.306,0.236,0.586,0.109,0.195,0.13,0.48,0.137,0.07,0.151,0.239,0.2,0.193,0.229,0.503,0.597,0.316,0.386,0.539,0.302,0.542,0.124,0.226,0.172,0.336,0.53,0.482,0.236,0.325,0.139,0.14,0.243,0.251,0.201,0.171,0.096,0.311,0.034,0.499,0.127,0.212,0.202,0.177,0.167,0.258,0.118,0.2,0.207,0.258,0.165,0.403,0.145,0.597,0.169,0.184,0.188,0.204,0.157,0.361,0.255,0.223,0.586,0.518,0.336,0.145,0.403,0.192,0.275,0.176,0.448,0.597,0.195,0.586,0.329,0.129,0.223,0.263,0.359,0.254,0.105,0.151,0.246,0.28,0.381,0.262,0.316,0.137,0.243,0.206,0.23,0.267,0.072,0.269,0.273,0.186,0.099,0.08,0.148,0.17,0.102,0.245,0.098,0.183,0.216,0.232,0.131,0.207,0.301,0.207,0.181,0.597,0.262,0.119,0.173,0.229,0.096,0.163,0.221,0.327,0.159,0.15,0.266,0.336,0.414,0.304,0.262,0.332,0.362,0.271,0.386,0.187,0.169,0.312,0.253,0.249,0.272,0.179,0.15,0.532,0.185,0.156,0.549,0.255,0.319,0.338,0.115,0.241,0.134,0.112,0.128,0.088,0.169,0.216,0.094,0.187,1.0,0.303,0.259,0.076,0.159,0.222,0.09,0.251,0.354,0.387,0.219,0.219,0.256,0.167,0.15,0.334,0.438,0.259,0.15,0.098,0.246,0.105,0.157,0.27,0.245,0.11,0.22,0.138,0.25,0.63,0.09,0.249,0.213,0.318,0.152,0.209,0.193,0.301,0.179,0.263,0.417,0.299,0.15,0.258,0.304,0.319,0.246,0.114,0.095,0.104,0.207
0.129,0.245,0.383,0.255,0.246,0.191,0.152,0.167,0.254,1.0,0.347,0.345,0.197,0.175,0.296,0.329,0.252,0.421,0.237,0.235,0.491,0.152,0.392,0.198,0.316,0.269,0.28,0.325,0.288,0.333,0.165,0.326,0.16,0.495,0.216,0.362,0.396,0.354,0.143,0.163,0.356,0.256,0.289,0.199,0.457,0.311,0.498,0.357,0.274,0.297,0.433,0.081,0.278,0.119,0.247,0.152,0.287,0.579,0.348,0.769,0.331,0.209,0.207,0.147,0.648,0.771,0.525,0.227,0.165,0.159,0.337,0.319,0.298,0.376,0.311,0.294,0.188,0.341,0.199,0.34,0.363,0.49,1.0,0.163,0.283,0.186,0.815,0.23,0.149,0.373,0.277,0.252,0.316,0.244,0.303,0.915,0.288,0.335,0.293,0.303,0.347,0.162,0.468,0.399,0.432,0.355,0.4,0.488,0.303,0.245,0.238,0.254,0.21,0.323,0.341,0.166,0.399,0.082,0.286,0.168,0.308,0.336,0.16,0.342,0.641,0.19,0.161,0.176,0.554,0.321,0.25,0.222,0.915,0.367,0.376,0.237,0.441,0.278,0.367,0.22,0.223,1.0,0.344,0.324,0.133,0.208,0.174,0.38,0.288,0.36,0.915,0.387,1.0,0.565,0.225,0.389,0.393,0.358,0.221,0.119,0.275,0.256,0.294,0.605,0.29,0.316,0.147,0.189,0.285,0.285,0.34,0.079,0.243,0.23,0.152,0.128,0.092,0.238,0.33,0.143,0.525,0.163,0.274,0.355,0.375,0.194,0.338,0.258,0.398,0.172,0.915,0.334,0.2,0.291,0.255,0.14,0.212,0.215,0.514,0.32,0.329,0.369,0.456,0.361,0.37,0.297,0.384,0.438,0.37,0.736,0.2,0.242,0.366,0.396,0.286,0.495,0.169,0.311,0.88,0.236,0.334,0.392,0.22,0.531,0.305,0.247,0.26,0.263,0.134,0.189,0.131,0.32,0.277,0.118,0.233,0.303,1.0,0.475,0.146,0.407,0.248,0.293,0.238,0.404,0.3,0.198,0.221,0.258,0.325,0.329,0.27,0.367,0.431,0.329,0.152,0.268,0.172,0.264,0.274,0.316,0.245,0.213,0.227,0.211,1.0,0.179,0.234,0.257,0.309,0.233,0.262,0.335,0.554,0.175,0.549,0.356,0.484,0.329,0.226,0.237,0.42,0.241,0.131,0.262,0.105,0.297
0.129,0.272,0.384,0.241,0.203,0.23,0.099,0.211,0.225,1.0,0.375,0.334,0.265,0.239,0.293,0.209,0.289,0.354,0.214,0.16,0.338,0.099,0.384,0.2,0.34,0.263,0.332,0.371,0.185,0.347,0.171,0.336,0.137,0.45,0.29,0.341,0.351,0.339,0.09,0.132,0.323,0.307,0.299,0.167,0.521,0.28,0.302,0.297,0.387,0.241,0.389,0.082,0.119,0.082,0.123,0.211,0.316,0.55,0.389,0.769,0.356,0.204,0.197,0.257,0.648,0.49,0.477,0.131,0.15,0.233,0.314,0.322,0.464,0.489,0.28,0.376,0.13,0.384,0.129,0.354,0.389,0.523,1.0,0.128,0.202,0.129,0.915,0.183,0.107,0.194,0.294,0.248,0.401,0.293,0.243,1.0,0.291,0.353,0.315,0.398,0.398,0.134,0.583,0.252,0.479,0.413,0.419,0.402,0.347,0.218,0.208,0.223,0.159,0.257,0.313,0.113,0.318,0.065,0.284,0.165,0.385,0.373,0.173,0.328,0.703,0.214,0.094,0.17,0.536,0.243,0.35,0.244,1.0,0.333,0.489,0.247,0.432,0.263,0.387,0.275,0.171,1.0,0.406,0.336,0.143,0.242,0.19,0.448,0.202,0.406,1.0,0.551,1.0,0.409,0.205,0.356,0.441,0.33,0.131,0.115,0.186,0.264,0.256,0.191,0.144,0.429,0.167,0.192,0.273,0.289,0.328,0.082,0.274,0.16,0.218,0.119,0.1,0.181,0.306,0.16,0.425,0.15,0.299,0.393,0.356,0.172,0.381,0.299,0.36,0.185,1.0,0.353,0.18,0.325,0.278,0.139,0.275,0.129,0.176,0.308,0.209,0.362,0.471,0.485,0.298,0.172,0.379,0.489,0.434,0.847,0.263,0.204,0.442,0.478,0.249,0.4,0.143,0.27,0.172,0.203,0.331,0.473,0.13,0.194,0.368,0.18,0.324,0.208,0.117,0.186,0.129,0.377,0.225,0.188,0.196,0.259,0.475,1.0,0.169,0.409,0.244,0.293,0.275,0.454,0.344,0.179,0.242,0.264,0.297,0.209,0.401,0.381,0.427,0.209,0.215,0.317,0.13,0.253,0.244,0.315,0.272,0.218,0.266,0.131,0.191,0.183,0.28,0.302,0.249,0.206,0.306,0.305,0.546,0.24,0.496,0.413,0.183,0.209,0.134,0.13,0.306,0.233,0.114,0.155,0.094,0.327
0.091,0.069,0.126,0.198,0.091,0.242,0.071,0.052,0.117,0.146,0.117,0.223,0.143,0.176,0.41,0.329,0.099,0.133,0.265,0.13,0.148,0.071,0.059,0.133,0.284,0.12,0.11,0.451,0.123,0.122,0.18,0.093,0.068,0.219,0.116,0.135,0.211,0.191,0.063,0.107,0.261,0.236,0.21,0.057,0.142,0.183,0.077,0.214,0.209,0.107,0.129,0.131,0.082,0.046,0.067,0.183,0.097,0.082,0.15,0.124,0.17,0.114,0.161,0.132,0.096,0.181,0.148,0.233,0.068,0.124,0.165,0.144,0.128,0.101,0.183,0.192,0.089,0.123,0.093,0.164,0.2,0.228,0.146,0.116,0.092,0.268,0.146,0.089,0.118,0.053,0.167,0.195,0.138,0.123,0.069,0.157,0.107,0.109,0.096,0.13,0.112,0.092,0.132,0.14,0.206,0.114,0.144,0.131,0.16,0.176,0.12,0.064,0.075,0.101,0.279,0.08,0.156,0.197,0.161,0.211,0.16,0.204,0.178,0.147,0.102,0.277,0.074,0.089,0.162,0.272,0.076,0.142,0.157,0.179,0.101,0.191,0.191,0.195,0.117,0.098,0.075,0.146,0.205,0.153,0.06,0.062,0.1,0.188,0.06,0.091,0.157,0.186,0.146,0.128,0.167,0.126,0.171,0.17,0.076,0.101,0.114,0.103,0.092,0.12,0.097,0.281,0.229,0.179,0.126,0.147,0.131,0.158,0.171,0.077,0.138,0.081,0.079,0.178,0.095,0.084,0.172,0.258,0.103,0.178,0.143,0.134,0.194,0.099,0.252,0.098,0.157,0.147,0.184,0.153,0.284,0.23,0.222,0.087,0.092,0.177,0.329,0.148,0.221,0.131,0.107,0.09,0.175,0.234,0.167,0.136,0.179,0.245,0.173,0.142,0.099,0.147,0.073,0.113,0.101,0.137,0.333,0.118,0.129,0.095,0.1,0.123,0.16,0.123,0.133,0.173,0.076,0.165,0.098,0.124,0.066,0.076,0.146,0.169,1.0,0.143,0.143,0.409,0.134,0.13,0.089,0.231,0.178,0.102,0.155,0.329,0.103,0.091,0.239,0.329,0.105,0.288,0.101,0.218,0.227,0.201,0.069,0.089,0.153,0.093,0.12,0.209,0.147,0.228,0.089,0.163,0.318,0.1,0.19,0.076,0.174,0.17,0.089,0.329,0.108,0.096,0.107,0.093,0.096,0.097,0.088,0.363
0.092,0.213,0.286,0.135,0.208,0.174,0.141,0.111,0.255,0.45,0.263,0.249,0.156,0.2,0.234,0.467,0.202,0.373,0.193,0.22,0.295,0.141,0.338,0.216,0.201,0.465,0.266,0.198,0.244,0.291,0.134,0.235,0.148,0.278,0.301,0.25,0.42,0.24,0.106,0.181,0.217,0.228,0.194,0.166,0.366,0.543,0.213,0.335,0.195,0.202,0.315,0.12,0.204,0.079,0.121,0.195,0.241,0.265,0.329,0.372,0.236,0.146,0.225,0.224,0.359,0.771,0.277,0.192,0.178,0.171,0.22,0.224,0.23,0.762,0.543,0.241,0.137,0.62,0.181,0.244,0.199,0.402,0.45,0.188,0.267,0.205,0.45,0.274,0.117,0.373,0.255,0.299,0.612,0.284,0.179,0.49,0.169,0.223,0.201,0.329,0.225,0.107,0.453,0.471,0.361,0.226,0.316,0.355,0.238,0.219,0.233,0.177,0.171,0.315,0.247,0.158,0.353,0.123,0.196,0.155,0.348,0.158,0.161,0.31,0.279,0.193,0.127,0.1,0.376,0.321,0.185,0.22,0.49,0.326,0.762,0.234,0.269,0.211,0.272,0.171,0.208,0.45,0.184,0.181,0.155,0.133,0.159,0.336,0.27,0.285,0.49,0.422,0.45,0.363,0.146,0.333,0.285,0.235,0.138,0.085,0.231,0.269,0.286,0.432,0.201,0.245,0.192,0.165,0.225,0.211,0.177,0.121,0.216,0.172,0.211,0.138,0.147,0.203,0.269,0.163,0.421,0.131,0.318,0.292,0.343,0.206,0.212,0.199,0.282,0.108,0.49,0.289,0.214,0.333,0.22,0.146,0.188,0.187,0.375,0.281,0.467,0.232,0.26,0.31,0.281,0.193,0.224,0.228,0.507,0.418,0.162,0.194,0.301,0.325,0.266,0.344,0.151,0.265,0.375,0.188,0.301,0.24,0.159,0.525,0.228,0.226,0.232,0.205,0.146,0.138,0.139,0.38,0.223,0.152,0.201,0.159,0.407,0.409,0.143,1.0,0.222,0.262,0.18,0.387,0.189,0.189,0.271,0.212,0.239,0.467,0.266,0.241,0.262,0.467,0.181,0.182,0.164,0.146,0.231,0.269,0.213,0.201,0.156,0.171,0.432,0.18,0.252,0.174,0.203,0.175,0.335,0.278,0.29,0.19,0.32,0.23,0.475,0.467,0.174,0.144,0.307,0.249,0.124,0.254,0.165,0.239
0.137,0.169,0.281,0.148,0.234,0.208,0.113,0.237,0.176,0.55,0.238,0.328,0.139,0.171,0.23,0.315,0.177,0.168,0.264,0.226,0.199,0.113,0.322,0.196,0.347,0.088,0.205,0.217,0.161,0.173,0.163,0.301,0.155,0.275,0.179,0.241,0.179,0.271,0.113,0.459,0.207,0.378,0.257,0.086,0.273,0.403,0.177,0.168,0.251,0.3,0.212,0.253,0.164,0.077,0.115,0.12,0.194,0.456,0.211,0.342,0.249,0.172,0.347,0.116,0.333,0.26,0.318,0.206,0.099,0.125,0.171,0.19,0.176,0.181,0.403,0.224,0.142,0.168,0.232,0.274,0.317,0.244,0.55,0.164,0.242,0.182,0.45,0.217,0.105,0.117,0.164,0.205,0.189,0.19,0.247,0.545,0.335,0.268,0.277,0.229,0.274,0.115,0.316,0.186,0.317,0.297,0.277,0.256,0.202,0.148,0.176,0.233,0.144,0.286,0.212,0.124,0.152,0.09,0.299,0.119,0.171,0.194,0.116,0.21,0.311,0.104,0.144,0.215,0.266,0.165,0.236,0.255,0.545,0.207,0.181,0.169,0.25,0.138,0.25,0.228,0.211,0.55,0.28,0.221,0.166,0.192,0.107,0.283,0.149,0.207,0.545,0.213,0.55,0.226,0.147,0.227,0.286,0.282,0.116,0.099,0.211,0.184,0.175,0.252,0.202,0.233,0.114,0.142,0.238,0.183,0.175,0.174,0.195,0.122,0.108,0.253,0.246,0.181,0.218,0.134,0.208,0.1,0.192,0.322,0.285,0.184,0.214,0.204,0.271,0.113,0.545,0.284,0.311,0.204,0.19,0.183,0.164,0.287,0.2,0.158,0.315,0.184,0.307,0.268,0.187,0.146,0.267,0.294,0.2,0.376,0.162,0.219,0.33,0.288,0.248,0.215,0.119,0.13,0.229,0.215,0.192,0.33,0.12,0.24,0.213,0.157,0.202,0.167,0.245,0.167,0.109,0.186,0.358,0.112,0.214,0.222,0.248,0.244,0.143,0.222,1.0,0.167,0.299,0.353,0.226,0.226,0.166,0.179,0.173,0.315,0.192,0.29,0.267,0.315,0.133,0.26,0.263,0.16,0.209,0.185,0.169,0.154,0.131,0.112,0.252,0.129,0.364,0.234,0.248,0.153,0.166,0.311,0.283,0.162,0.257,0.298,0.217,0.315,0.127,0.153,0.305,0.163,0.265,0.154,0.104,0.203
0.137,0.137,0.189,0.236,0.324,0.242,0.07,0.079,0.206,0.157,0.189,0.275,0.119,0.356,0.709,0.093,0.114,0.157,0.242,0.117,0.245,0.07,0.169,0.074,0.563,0.025,0.137,0.4,0.178,0.132,0.267,0.202,0.065,0.398,0.186,0.189,0.32,0.294,0.05,0.105,0.563,0.563,0.62,0.174,0.207,0.117,0.217,0.356,0.263,0.103,0.214,0.049,0.094,0.04,0.06,0.135,0.157,0.09,0.222,0.1,0.189,0.214,0.164,0.111,0.268,0.08,0.245,0.093,0.048,0.126,0.214,0.157,0.262,0.045,0.117,0.197,0.078,0.24,0.078,0.197,0.209,0.398,0.157,0.085,0.091,0.095,0.157,0.054,0.175,0.034,0.227,0.135,0.24,0.093,0.103,0.189,0.122,0.189,0.103,0.211,0.189,0.276,0.323,0.119,0.189,0.189,0.157,0.213,0.132,0.356,0.111,0.117,0.054,0.074,0.528,0.094,0.186,0.02,0.111,0.066,0.262,0.293,0.164,0.132,0.087,0.163,0.056,0.082,0.293,0.145,0.324,0.626,0.189,0.194,0.045,0.169,0.293,0.293,0.144,0.144,0.056,0.157,0.248,0.164,0.043,0.147,0.083,0.189,0.035,0.14,0.189,0.311,0.157,0.189,0.293,0.214,0.25,0.293,0.07,0.125,0.111,0.073,0.053,0.078,0.17,0.62,0.164,0.193,0.147,0.145,0.168,0.041,0.193,0.048,0.175,0.144,0.033,0.223,0.192,0.069,0.342,0.111,0.078,0.275,0.231,0.111,1.0,0.132,0.62,0.169,0.189,0.269,1.0,0.337,0.276,0.144,0.216,0.076,0.06,0.293,0.093,0.17,0.293,0.189,0.1,0.084,0.189,0.293,0.258,0.132,0.195,0.406,0.242,0.311,0.137,0.245,0.061,0.152,0.064,0.406,0.709,0.189,0.078,0.056,0.157,0.07,0.114,0.185,0.072,0.267,0.056,0.309,0.09,0.111,0.05,0.09,0.293,0.293,0.409,0.262,0.167,1.0,0.132,0.137,0.157,0.093,0.12,0.117,0.293,0.093,0.144,0.157,0.293,0.093,0.231,0.326,0.125,0.242,0.192,0.398,0.137,0.069,0.109,0.056,0.078,0.32,0.089,1.0,0.406,0.32,0.164,0.161,0.293,0.287,0.293,0.189,0.054,0.093,0.078,0.088,0.208,0.073,0.074,0.094,0.06,0.259
0.081,0.11,0.242,0.103,0.108,0.173,0.055,0.274,0.157,0.55,0.228,0.149,0.159,0.134,0.163,0.296,0.238,0.237,0.238,0.095,0.147,0.055,0.322,0.152,0.175,0.285,0.204,0.175,0.156,0.305,0.142,0.218,0.072,0.212,0.156,0.213,0.192,0.198,0.044,0.08,0.143,0.315,0.165,0.103,0.282,0.138,0.128,0.183,0.206,0.249,0.229,0.072,0.077,0.034,0.074,0.149,0.247,0.456,0.211,0.342,0.269,0.193,0.14,0.159,0.333,0.245,0.307,0.158,0.091,0.089,0.17,0.205,0.158,0.181,0.138,0.209,0.066,0.184,0.106,0.247,0.316,0.24,0.55,0.14,0.115,0.161,0.45,0.063,0.123,0.038,0.202,0.15,0.187,0.19,0.227,0.545,0.35,0.237,0.303,0.205,0.31,0.091,0.181,0.175,0.352,0.337,0.254,0.196,0.23,0.125,0.362,0.141,0.091,0.16,0.166,0.079,0.137,0.051,0.25,0.123,0.196,0.176,0.145,0.277,0.311,0.13,0.051,0.228,0.342,0.207,0.261,0.14,0.545,0.192,0.181,0.153,0.262,0.148,0.254,0.259,0.122,0.55,0.278,0.229,0.08,0.215,0.104,0.253,0.041,0.216,0.545,0.207,0.55,0.205,0.125,0.2,0.299,0.318,0.07,0.078,0.111,0.212,0.154,0.091,0.089,0.231,0.153,0.117,0.157,0.217,0.221,0.078,0.238,0.103,0.159,0.066,0.076,0.162,0.207,0.081,0.21,0.09,0.133,0.194,0.204,0.151,0.238,0.184,0.212,0.117,0.545,0.222,0.096,0.231,0.168,0.178,0.176,0.064,0.068,0.172,0.296,0.223,0.273,0.319,0.169,0.104,0.241,0.287,0.258,0.376,0.164,0.11,0.221,0.236,0.112,0.208,0.072,0.205,0.074,0.123,0.157,0.357,0.115,0.066,0.256,0.125,0.224,0.08,0.077,0.111,0.125,0.218,0.18,0.125,0.102,0.251,0.238,0.275,0.134,0.18,0.299,0.132,1.0,0.315,0.249,0.213,0.151,0.269,0.174,0.296,0.313,0.319,0.204,0.296,0.108,0.225,0.079,0.11,0.157,0.24,0.11,0.104,0.134,0.159,0.091,0.132,0.24,0.164,0.21,0.13,0.244,0.148,0.252,0.132,0.232,0.347,0.063,0.296,0.15,0.077,0.193,0.169,0.073,0.132,0.099,0.198
0.125,0.19,0.408,0.162,0.248,0.202,0.109,0.245,0.264,0.902,0.418,0.298,0.295,0.23,0.26,0.38,0.271,0.31,0.316,0.225,0.324,0.109,0.527,0.216,0.313,0.142,0.418,0.28,0.183,0.424,0.172,0.374,0.151,0.371,0.239,0.375,0.319,0.365,0.099,0.202,0.318,0.363,0.273,0.158,0.403,0.428,0.214,0.268,0.352,0.311,0.364,0.114,0.215,0.069,0.112,0.177,0.34,0.744,0.335,0.639,0.403,0.222,0.24,0.24,0.548,0.771,0.401,0.19,0.151,0.186,0.285,0.321,0.317,0.231,0.428,0.326,0.137,0.407,0.192,0.354,0.389,0.384,0.902,0.164,0.194,0.183,0.736,0.201,0.145,0.098,0.3,0.306,0.416,0.274,0.326,0.847,0.351,0.394,0.521,0.347,0.441,0.131,0.445,0.283,0.485,0.462,0.574,0.365,0.486,0.191,0.23,0.28,0.155,0.334,0.282,0.133,0.324,0.089,0.391,0.146,0.334,0.238,0.177,0.387,0.397,0.183,0.126,0.218,0.413,0.202,0.37,0.256,0.847,0.289,0.231,0.354,0.367,0.218,0.45,0.338,0.176,0.902,0.439,0.342,0.181,0.306,0.18,0.506,0.127,0.353,0.847,0.469,0.902,0.417,0.207,0.378,0.44,0.38,0.128,0.124,0.322,0.278,0.211,0.244,0.288,0.36,0.178,0.244,0.33,0.263,0.282,0.124,0.326,0.247,0.263,0.168,0.141,0.189,0.296,0.134,0.372,0.158,0.204,0.324,0.354,0.201,0.296,0.313,0.351,0.18,0.847,0.344,0.231,0.305,0.253,0.166,0.278,0.215,0.185,0.246,0.38,0.334,0.461,0.543,0.277,0.194,0.372,0.389,0.436,0.645,0.269,0.231,0.518,0.423,0.269,0.385,0.114,0.281,0.216,0.233,0.278,0.501,0.136,0.227,0.381,0.29,0.355,0.203,0.136,0.182,0.113,0.399,0.262,0.212,0.165,0.354,0.404,0.454,0.13,0.387,0.353,0.137,0.315,1.0,0.395,0.246,0.271,0.294,0.258,0.38,0.353,0.42,0.338,0.38,0.298,0.29,0.243,0.175,0.247,0.292,0.19,0.17,0.212,0.149,0.244,0.173,0.311,0.283,0.271,0.202,0.26,0.261,0.421,0.218,0.371,0.444,0.201,0.38,0.138,0.156,0.365,0.221,0.162,0.235,0.104,0.362
0.134,0.226,0.464,0.17,0.185,0.105,0.098,0.306,0.147,1.0,0.452,0.23,0.218,0.123,0.217,0.218,0.321,0.211,0.252,0.177,0.219,0.098,0.374,0.207,0.345,0.059,0.252,0.256,0.169,0.317,0.167,0.424,0.119,0.343,0.232,0.44,0.201,0.384,0.092,0.141,0.281,0.227,0.224,0.141,0.381,0.266,0.248,0.15,0.417,0.284,0.241,0.088,0.114,0.067,0.102,0.129,0.504,0.55,0.263,0.769,0.547,0.171,0.182,0.195,0.648,0.45,0.37,0.163,0.164,0.153,0.286,0.387,0.306,0.233,0.266,0.373,0.125,0.203,0.112,0.313,0.444,0.283,1.0,0.134,0.134,0.159,0.826,0.137,0.099,0.078,0.216,0.217,0.204,0.269,0.327,0.915,0.411,0.492,0.444,0.306,0.69,0.184,0.258,0.13,0.469,0.742,0.437,0.235,0.443,0.181,0.164,0.199,0.138,0.217,0.263,0.117,0.221,0.054,0.44,0.124,0.19,0.306,0.168,0.239,0.484,0.142,0.106,0.206,0.315,0.203,0.429,0.192,0.915,0.23,0.233,0.194,0.279,0.174,0.358,0.266,0.122,1.0,0.551,0.298,0.139,0.36,0.148,0.361,0.093,0.374,0.915,0.275,1.0,0.307,0.188,0.286,0.385,0.328,0.121,0.152,0.169,0.267,0.146,0.171,0.163,0.36,0.15,0.186,0.268,0.241,0.429,0.088,0.267,0.175,0.179,0.104,0.092,0.141,0.24,0.11,0.228,0.109,0.123,0.222,0.263,0.156,0.32,0.443,0.267,0.263,0.915,0.377,0.155,0.146,0.261,0.113,0.234,0.125,0.134,0.182,0.218,0.321,0.399,0.413,0.223,0.154,0.435,0.471,0.282,0.736,0.29,0.218,0.384,0.333,0.175,0.31,0.105,0.143,0.15,0.246,0.169,0.777,0.101,0.148,0.535,0.133,0.333,0.106,0.111,0.18,0.09,0.191,0.166,0.108,0.136,0.387,0.3,0.344,0.089,0.189,0.226,0.157,0.249,0.395,1.0,0.24,0.229,0.245,0.206,0.218,0.347,0.502,0.319,0.218,0.126,0.332,0.152,0.175,0.189,0.194,0.226,0.153,0.21,0.125,0.171,0.156,0.26,0.284,0.25,0.231,0.262,0.228,0.438,0.194,0.343,0.614,0.137,0.218,0.105,0.131,0.25,0.217,0.13,0.105,0.096,0.279
0.157,0.186,0.317,0.166,0.192,0.176,0.14,0.195,0.151,0.361,0.319,0.194,0.224,0.138,0.274,1.0,0.243,0.222,0.473,0.301,0.178,0.14,0.179,0.294,0.255,0.224,0.224,0.213,0.26,0.213,0.166,0.253,0.133,0.258,0.215,0.321,0.151,0.275,0.182,0.218,0.225,0.166,0.189,0.104,0.313,0.467,0.185,0.139,0.228,0.316,0.164,0.152,0.184,0.116,0.144,0.161,0.279,0.253,0.187,0.23,0.45,0.175,0.254,0.17,0.207,0.313,0.243,0.602,0.136,0.173,0.198,0.229,0.215,0.15,0.467,0.23,0.222,0.151,0.199,0.222,0.275,0.214,0.361,0.3,0.195,0.586,0.361,0.252,0.173,0.113,0.182,0.281,0.18,0.299,0.244,0.432,0.24,0.302,0.27,0.201,0.336,0.256,0.221,0.183,0.298,0.358,0.29,0.194,0.276,0.163,0.221,0.172,0.208,0.224,0.261,0.199,0.196,0.275,0.314,0.15,0.179,0.184,0.164,0.251,0.184,0.207,0.216,0.2,0.184,0.13,0.238,0.149,0.432,0.175,0.15,0.221,0.183,0.152,0.342,0.18,0.201,0.361,0.279,0.208,0.144,0.215,0.151,0.251,0.163,0.228,0.432,0.212,0.361,0.212,0.181,0.218,0.254,0.301,0.151,0.177,0.255,0.23,0.166,0.253,0.2,0.218,0.232,0.216,0.203,0.213,0.215,0.179,0.21,0.148,0.152,0.185,0.158,0.251,0.216,0.259,0.195,0.149,0.184,0.229,0.22,0.299,0.231,0.303,0.201,0.177,0.432,0.36,0.265,0.157,0.234,0.221,0.173,0.23,0.202,0.171,1.0,0.169,0.242,0.25,0.219,0.185,0.322,0.252,0.18,0.305,0.235,0.318,0.232,0.235,0.234,0.226,0.181,0.18,0.247,0.344,0.228,0.321,0.235,0.296,0.245,0.154,0.243,0.179,0.183,0.242,0.186,0.206,0.231,0.18,0.159,0.219,0.198,0.179,0.231,0.189,0.226,0.093,0.213,0.246,0.24,1.0,0.242,0.217,0.165,1.0,0.227,0.233,0.219,1.0,0.207,0.211,0.175,0.176,0.294,0.223,0.186,0.224,0.203,0.231,0.253,0.126,0.265,0.153,0.244,0.194,0.171,0.206,0.245,0.171,0.198,0.291,0.252,1.0,0.269,0.216,0.26,0.184,0.232,0.224,0.177,0.206
0.136,0.123,0.316,0.152,0.154,0.214,0.188,0.135,0.204,0.45,0.255,0.224,0.179,0.215,0.189,0.265,0.202,0.178,0.205,0.289,0.186,0.188,0.179,0.169,0.217,0.068,0.221,0.246,0.139,0.277,0.237,0.213,0.211,0.245,0.231,0.259,0.311,0.242,0.159,0.182,0.216,0.183,0.167,0.129,0.246,0.323,0.133,0.276,0.249,0.274,0.177,0.102,0.141,0.16,0.162,0.275,0.212,0.245,0.207,0.372,0.249,0.109,0.238,0.272,0.29,0.582,0.244,0.22,0.299,0.27,0.249,0.233,0.177,0.304,0.323,0.234,0.251,0.295,0.163,0.197,0.21,0.298,0.45,0.167,0.189,0.203,0.45,1.0,0.087,0.169,0.287,0.92,0.333,0.293,0.178,0.49,0.221,0.236,0.252,0.235,0.292,0.099,0.226,0.179,0.307,0.302,0.28,0.212,0.264,0.283,0.212,0.149,0.213,0.244,0.242,0.134,0.207,0.065,0.266,0.14,0.287,0.194,0.204,0.214,0.279,0.144,0.173,0.092,0.219,0.257,0.204,0.145,0.49,0.197,0.304,0.362,0.182,0.176,0.244,0.177,0.177,0.45,0.252,0.188,0.197,0.164,0.176,0.251,0.199,0.233,0.49,0.22,0.45,0.254,0.297,0.218,0.217,0.232,0.214,0.089,0.209,0.384,0.204,0.23,0.164,0.266,0.171,0.217,0.175,0.201,0.208,0.101,0.197,0.177,0.303,0.098,0.103,0.197,0.184,0.17,0.222,0.094,0.192,0.176,0.255,0.201,0.198,0.224,0.213,0.116,0.49,0.219,0.19,0.207,0.292,0.176,0.604,0.21,0.191,0.214,0.265,0.194,0.241,0.25,0.204,0.185,0.255,0.238,0.354,0.418,0.375,0.233,0.253,0.258,0.198,0.226,0.155,0.124,0.196,0.24,0.224,0.331,0.153,0.228,0.255,0.162,0.192,0.151,0.146,0.171,0.147,0.158,0.15,0.151,0.182,0.219,0.221,0.242,0.178,0.271,0.166,0.12,0.151,0.271,0.229,0.242,1.0,0.139,0.291,0.265,0.209,0.239,0.203,0.265,0.141,0.245,0.133,0.166,0.243,0.232,0.123,0.233,0.142,0.19,0.23,0.262,0.227,0.162,0.233,0.23,0.335,0.209,0.252,0.171,0.248,0.289,0.206,0.265,0.157,0.168,0.202,0.276,0.131,0.15,0.167,0.233
0.073,0.154,0.32,0.106,0.131,0.109,0.071,0.208,0.102,0.592,0.354,0.139,0.195,0.078,0.194,0.232,0.149,0.332,0.262,0.124,0.212,0.071,0.367,0.29,0.238,0.636,0.191,0.194,0.332,0.298,0.103,0.243,0.085,0.202,0.251,0.24,0.134,0.22,0.058,0.105,0.139,0.163,0.318,0.185,0.335,0.179,0.173,0.103,0.204,0.233,0.217,0.092,0.143,0.044,0.074,0.205,0.363,0.517,0.187,0.415,0.326,0.169,0.13,0.107,0.38,0.328,0.34,0.15,0.1,0.1,0.191,0.261,0.191,0.168,0.179,0.205,0.085,0.206,0.233,0.308,0.28,0.212,0.592,0.301,0.129,0.156,0.592,0.087,0.199,0.052,0.132,0.15,0.207,0.166,0.264,0.69,0.231,0.26,0.295,0.248,0.311,0.111,0.204,0.208,0.452,0.326,0.265,0.205,0.208,0.106,0.288,0.217,0.087,0.211,0.166,0.151,0.199,0.111,0.267,0.146,0.313,0.184,0.099,0.32,0.438,0.224,0.066,0.175,0.273,0.152,0.254,0.131,0.69,0.206,0.168,0.137,0.22,0.11,0.364,0.289,0.143,0.592,0.309,0.317,0.088,0.272,0.168,0.238,0.059,0.305,0.69,0.188,0.592,0.246,0.108,0.242,0.256,0.25,0.087,0.111,0.137,0.149,0.267,0.118,0.11,0.245,0.152,0.123,0.173,0.237,0.218,0.093,0.297,0.102,0.112,0.092,0.066,0.211,0.365,0.186,0.243,0.143,0.236,0.348,0.17,0.292,0.185,0.291,0.201,0.177,0.69,0.306,0.114,0.209,0.152,0.088,0.126,0.083,0.091,0.14,0.232,0.198,0.239,0.476,0.216,0.147,0.239,0.247,0.26,0.516,0.136,0.145,0.234,0.226,0.26,0.316,0.226,0.415,0.099,0.153,0.169,0.383,0.285,0.093,0.327,0.181,0.36,0.074,0.08,0.114,0.281,0.442,0.179,0.078,0.088,0.256,0.258,0.264,0.102,0.212,0.179,0.117,0.269,0.294,0.245,0.217,0.139,1.0,0.139,0.232,0.333,0.299,0.204,0.232,0.09,0.182,0.1,0.111,0.134,0.175,0.154,0.101,0.262,0.224,0.118,0.088,0.245,0.162,0.198,0.123,0.194,0.227,0.269,0.126,0.231,0.308,0.087,0.232,0.311,0.093,0.279,0.134,0.091,0.36,0.069,0.171
0.15,0.245,0.239,0.216,0.141,0.231,0.155,0.123,0.167,0.341,0.241,0.231,0.224,0.459,0.196,0.269,0.157,0.166,0.215,0.218,0.169,0.155,0.308,0.119,0.236,0.059,0.22,0.291,0.159,0.175,0.237,0.203,0.15,0.388,0.222,0.223,0.564,0.219,0.083,0.145,0.202,0.222,0.168,0.2,0.264,0.306,0.498,0.596,0.284,0.2,0.23,0.071,0.109,0.061,0.095,0.171,0.203,0.239,0.201,0.26,0.247,0.152,0.178,0.179,0.406,0.272,0.226,0.165,0.213,0.163,0.334,0.203,0.273,0.139,0.306,0.236,0.121,0.287,0.111,0.216,0.236,0.359,0.341,0.134,0.122,0.17,0.341,0.137,0.122,0.07,0.211,0.308,0.318,0.2,0.14,0.383,0.175,0.264,0.228,0.229,0.269,0.27,0.235,0.142,0.283,0.278,0.248,0.235,0.217,0.385,0.153,0.114,0.116,0.166,0.44,0.11,0.208,0.054,0.197,0.099,0.2,0.291,0.147,0.187,0.193,0.165,0.096,0.126,0.266,0.227,0.226,0.299,0.383,0.267,0.139,0.271,0.257,0.424,0.209,0.153,0.112,0.341,0.272,0.283,0.114,0.167,0.148,0.272,0.085,0.193,0.383,0.283,0.341,0.234,0.46,0.207,0.273,0.374,0.13,0.129,0.168,0.239,0.119,0.179,0.155,0.232,0.13,0.195,0.15,0.371,0.342,0.063,0.211,0.118,0.317,0.107,0.068,0.152,0.152,0.107,0.192,0.118,0.141,0.203,0.228,0.161,0.379,0.195,0.211,0.142,0.383,0.193,0.18,0.197,0.31,0.158,0.313,0.121,0.133,0.399,0.269,0.331,0.292,0.265,0.159,0.137,0.272,0.335,0.334,0.307,0.334,0.307,0.254,0.273,0.161,0.215,0.098,0.115,0.153,0.351,0.217,0.275,0.104,0.151,0.22,0.113,0.169,0.155,0.094,0.27,0.085,0.158,0.108,0.18,0.109,0.167,0.325,0.297,0.155,0.239,0.173,0.293,0.174,0.258,0.206,0.165,0.291,0.139,1.0,0.269,0.187,0.2,0.258,0.269,0.238,0.239,0.147,0.229,0.201,0.221,0.245,0.131,0.169,0.102,0.179,0.415,0.156,0.27,0.276,0.525,0.182,0.145,0.369,0.229,0.251,0.278,0.137,0.269,0.108,0.126,0.172,0.195,0.098,0.103,0.151,0.252
0.199,0.186,0.383,0.239,0.252,0.279,0.183,0.112,0.275,0.209,0.334,0.292,0.25,0.193,0.467,1.0,0.296,0.63,1.0,0.467,0.296,0.183,0.07,0.329,0.292,0.224,0.245,0.229,0.334,0.296,0.203,0.284,0.155,0.467,0.248,0.296,0.265,0.296,0.246,0.315,0.296,0.168,0.205,0.111,0.38,0.467,0.185,0.269,0.169,0.38,0.232,0.194,0.258,0.147,0.202,0.185,0.209,0.113,0.296,0.221,0.467,0.26,0.315,0.199,0.141,0.265,0.296,1.0,0.135,0.199,0.329,0.224,0.38,0.15,0.467,0.329,0.264,0.245,0.253,0.151,0.334,0.38,0.209,0.383,0.296,1.0,0.209,0.252,0.26,0.113,0.207,0.467,0.38,0.34,0.232,0.204,0.229,0.265,0.207,0.329,0.218,0.38,0.38,0.275,0.383,0.209,0.38,0.296,0.329,0.228,0.383,0.19,0.252,0.275,0.467,0.301,0.383,0.275,0.383,0.208,0.334,0.184,0.156,0.383,0.147,0.383,0.296,0.271,0.258,0.119,0.15,0.269,0.204,0.296,0.15,0.334,0.329,0.269,0.467,0.129,0.296,0.209,0.218,0.285,0.183,0.133,0.196,0.34,0.163,0.296,0.204,0.467,0.209,0.3,0.269,0.63,0.38,0.38,0.189,0.228,0.383,0.207,0.269,0.253,0.268,0.306,0.275,0.239,0.329,0.204,0.218,0.261,0.239,0.157,0.171,0.224,0.252,0.383,0.301,0.329,0.38,0.383,0.253,0.334,0.329,0.383,0.38,0.301,0.292,0.172,0.204,0.38,0.467,0.329,0.228,0.315,0.172,0.329,0.202,0.269,1.0,0.221,0.296,0.232,0.38,0.317,0.301,0.209,0.265,0.214,0.329,0.467,0.242,0.38,0.334,0.253,0.22,0.274,0.247,0.467,0.38,0.221,0.296,0.296,0.218,0.258,0.38,0.232,0.226,0.38,0.279,0.296,0.329,0.271,0.232,0.15,0.329,0.209,0.329,0.467,0.315,0.093,0.296,0.38,0.218,1.0,0.265,0.232,0.269,1.0,0.277,0.209,0.266,1.0,0.284,0.171,0.253,0.242,0.467,0.467,0.186,0.329,0.334,0.296,0.253,0.146,0.296,0.122,0.329,0.269,0.156,0.315,0.315,0.171,0.329,0.221,0.252,1.0,0.38,0.38,0.253,0.207,0.214,0.38,0.228,0.247
0.093,0.197,0.367,0.133,0.177,0.107,0.082,0.227,0.15,0.714,0.364,0.19,0.274,0.104,0.217,0.277,0.369,0.285,0.337,0.143,0.187,0.082,0.549,0.187,0.271,0.191,0.217,0.229,0.207,0.34,0.124,0.347,0.108,0.263,0.357,0.342,0.186,0.322,0.071,0.122,0.205,0.242,0.215,0.158,0.393,0.221,0.217,0.139,0.416,0.255,0.266,0.09,0.102,0.053,0.087,0.232,0.345,0.649,0.287,0.539,0.399,0.173,0.152,0.3,0.739,0.388,0.362,0.158,0.138,0.348,0.234,0.32,0.375,0.444,0.221,0.47,0.098,0.216,0.129,0.364,0.317,0.319,0.714,0.168,0.182,0.157,0.714,0.117,0.105,0.071,0.193,0.2,0.216,0.26,0.28,0.809,0.266,0.372,0.39,0.557,0.44,0.128,0.376,0.154,0.399,0.454,0.319,0.257,0.364,0.13,0.201,0.248,0.12,0.208,0.257,0.097,0.196,0.079,0.296,0.125,0.25,0.228,0.143,0.26,0.43,0.152,0.085,0.164,0.38,0.184,0.441,0.159,0.809,0.232,0.444,0.212,0.252,0.137,0.36,0.263,0.154,0.714,0.453,0.292,0.144,0.378,0.167,0.31,0.082,0.406,0.809,0.299,0.714,0.305,0.132,0.282,0.323,0.328,0.102,0.115,0.142,0.217,0.234,0.148,0.134,0.469,0.156,0.205,0.294,0.24,0.293,0.097,0.258,0.172,0.189,0.125,0.094,0.14,0.243,0.234,0.26,0.122,0.284,0.248,0.238,0.159,0.319,0.295,0.266,0.197,0.809,0.341,0.135,0.187,0.223,0.116,0.182,0.111,0.117,0.17,0.277,0.238,0.334,0.487,0.301,0.145,0.339,0.323,0.344,0.64,0.251,0.169,0.32,0.321,0.17,0.349,0.092,0.262,0.129,0.178,0.251,0.488,0.119,0.125,0.375,0.141,0.324,0.135,0.109,0.135,0.11,0.308,0.185,0.09,0.175,0.334,0.27,0.401,0.103,0.266,0.192,0.144,0.313,0.353,0.347,0.227,0.209,0.333,0.187,0.277,1.0,0.392,0.262,0.277,0.103,0.359,0.122,0.14,0.165,0.294,0.197,0.28,0.18,0.178,0.148,0.111,0.261,0.249,0.216,0.149,0.233,0.28,0.38,0.317,0.35,0.425,0.117,0.277,0.136,0.109,0.257,0.194,0.109,0.143,0.144,0.25
0.145,0.226,0.464,0.21,0.209,0.108,0.155,0.313,0.177,1.0,0.466,0.251,0.233,0.117,0.278,0.209,0.328,0.284,0.268,0.189,0.329,0.155,0.628,0.211,0.312,0.19,0.293,0.246,0.212,0.344,0.151,0.429,0.229,0.367,0.334,0.436,0.221,0.409,0.155,0.136,0.293,0.287,0.261,0.385,0.41,0.266,0.248,0.17,0.425,0.352,0.267,0.086,0.201,0.195,0.18,0.275,0.423,0.55,0.275,0.769,0.48,0.219,0.188,0.312,0.648,0.45,0.451,0.176,0.199,0.285,0.345,0.359,0.294,0.527,0.266,0.44,0.193,0.244,0.157,0.441,0.445,0.318,1.0,0.146,0.201,0.139,0.815,0.161,0.108,0.206,0.31,0.228,0.244,0.274,0.403,0.915,0.441,0.448,0.476,0.421,0.583,0.153,0.364,0.212,0.471,0.62,0.444,0.29,0.477,0.21,0.2,0.301,0.233,0.261,0.285,0.193,0.286,0.054,0.453,0.155,0.28,0.272,0.173,0.266,0.484,0.151,0.163,0.268,0.338,0.203,0.457,0.183,0.915,0.234,0.527,0.21,0.291,0.186,0.49,0.3,0.211,1.0,0.507,0.318,0.175,0.347,0.197,0.359,0.295,0.424,0.915,0.293,1.0,0.364,0.162,0.31,0.391,0.433,0.212,0.13,0.205,0.28,0.292,0.232,0.183,0.397,0.152,0.243,0.278,0.263,0.356,0.086,0.318,0.221,0.187,0.113,0.097,0.175,0.331,0.227,0.29,0.114,0.185,0.33,0.294,0.204,0.337,0.394,0.308,0.232,0.915,0.386,0.15,0.22,0.259,0.107,0.219,0.213,0.207,0.208,0.209,0.315,0.4,0.419,0.307,0.249,0.408,0.441,0.351,0.736,0.307,0.209,0.397,0.35,0.237,0.358,0.167,0.253,0.191,0.217,0.195,0.639,0.154,0.263,0.458,0.158,0.301,0.159,0.126,0.16,0.16,0.247,0.223,0.102,0.262,0.438,0.367,0.381,0.091,0.241,0.29,0.157,0.319,0.42,0.502,0.233,0.239,0.299,0.2,0.209,0.392,1.0,0.366,0.209,0.117,0.357,0.141,0.211,0.238,0.369,0.226,0.347,0.208,0.17,0.232,0.137,0.309,0.271,0.332,0.189,0.262,0.398,0.466,0.256,0.352,0.543,0.247,0.209,0.166,0.164,0.379,0.257,0.135,0.208,0.109,0.287
0.143,0.226,0.36,0.218,0.223,0.259,0.168,0.164,0.194,1.0,0.451,0.333,0.164,0.174,0.272,0.266,0.326,0.278,0.238,0.211,0.358,0.168,0.374,0.201,0.378,0.183,0.229,0.364,0.234,0.289,0.17,0.37,0.173,0.479,0.21,0.333,0.297,0.375,0.17,0.164,0.399,0.287,0.335,0.141,0.37,0.266,0.248,0.271,0.308,0.246,0.273,0.16,0.144,0.376,0.163,0.152,0.268,0.55,0.248,0.769,0.351,0.143,0.191,0.14,0.648,0.45,0.467,0.231,0.172,0.187,0.359,0.272,0.24,0.233,0.266,0.306,0.211,0.214,0.204,0.313,0.394,0.413,1.0,0.154,0.213,0.193,0.815,0.206,0.109,0.267,0.218,0.214,0.218,0.238,0.277,0.915,0.291,0.283,0.277,0.294,0.364,0.127,0.367,0.228,0.403,0.393,0.359,0.33,0.299,0.243,0.165,0.662,0.195,0.228,0.354,0.128,0.267,0.193,0.324,0.12,0.347,0.453,0.162,0.245,0.484,0.142,0.177,0.142,0.451,0.203,0.249,0.162,0.915,0.295,0.233,0.21,0.39,0.257,0.297,0.205,0.247,1.0,0.469,0.307,0.217,0.209,0.144,0.305,0.918,0.324,0.915,0.353,1.0,0.357,0.198,0.3,0.336,0.264,0.205,0.132,0.174,0.174,0.208,0.299,0.177,0.376,0.325,0.163,0.266,0.399,0.319,0.178,0.215,0.153,0.133,0.103,0.09,0.206,0.21,0.242,0.308,0.104,0.229,0.329,0.298,0.184,0.342,0.247,0.305,0.143,0.915,0.33,0.228,0.208,0.244,0.17,0.236,0.265,0.265,0.256,0.266,0.365,0.549,0.321,0.253,0.181,0.362,0.617,0.286,0.736,0.234,0.204,0.326,0.332,0.188,0.481,0.15,0.2,0.253,0.2,0.289,0.471,0.195,0.345,0.314,0.135,0.376,0.321,0.15,0.17,0.143,0.254,0.201,0.104,0.363,0.259,0.431,0.427,0.239,0.262,0.267,0.293,0.204,0.338,0.319,0.219,0.203,0.204,0.258,0.266,0.262,0.366,1.0,0.266,0.121,0.278,0.142,0.225,0.217,0.275,0.226,0.19,0.167,0.181,0.299,0.194,0.237,0.318,0.233,0.193,0.262,0.27,0.54,0.149,0.424,0.389,0.322,0.266,0.192,0.147,0.287,0.181,0.14,0.174,0.112,0.302
0.199,0.186,0.383,0.239,0.252,0.279,0.183,0.112,0.275,0.209,0.334,0.292,0.25,0.193,0.467,1.0,0.296,0.63,1.0,0.467,0.296,0.183,0.07,0.329,0.292,0.224,0.245,0.229,0.334,0.296,0.203,0.284,0.155,0.467,0.248,0.296,0.265,0.296,0.246,0.315,0.296,0.168,0.205,0.111,0.38,0.467,0.185,0.269,0.169,0.38,0.232,0.194,0.258,0.147,0.202,0.185,0.209,0.113,0.296,0.221,0.467,0.26,0.315,0.199,0.141,0.265,0.296,1.0,0.135,0.199,0.329,0.224,0.38,0.15,0.467,0.329,0.264,0.245,0.253,0.151,0.334,0.38,0.209,0.383,0.296,1.0,0.209,0.252,0.26,0.113,0.207,0.467,0.38,0.34,0.232,0.204,0.229,0.265,0.207,0.329,0.218,0.38,0.38,0.275,0.383,0.209,0.38,0.296,0.329,0.228,0.383,0.19,0.252,0.275,0.467,0.301,0.383,0.275,0.383,0.208,0.334,0.184,0.156,0.383,0.147,0.383,0.296,0.271,0.258,0.119,0.15,0.269,0.204,0.296,0.15,0.334,0.329,0.269,0.467,0.129,0.296,0.209,0.218,0.285,0.183,0.133,0.196,0.34,0.163,0.296,0.204,0.467,0.209,0.3,0.269,0.63,0.38,0.38,0.189,0.228,0.383,0.207,0.269,0.253,0.268,0.306,0.275,0.239,0.329,0.204,0.218,0.261,0.239,0.157,0.171,0.224,0.252,0.383,0.301,0.329,0.38,0.383,0.253,0.334,0.329,0.383,0.38,0.301,0.292,0.172,0.204,0.38,0.467,0.329,0.228,0.315,0.172,0.329,0.202,0.269,1.0,0.221,0.296,0.232,0.38,0.317,0.301,0.209,0.265,0.214,0.329,0.467,0.242,0.38,0.334,0.253,0.22,0.274,0.247,0.467,0.38,0.221,0.296,0.296,0.218,0.258,0.38,0.232,0.226,0.38,0.279,0.296,0.329,0.271,0.232,0.15,0.329,0.209,0.329,0.467,0.315,0.093,0.296,0.38,0.218,1.0,0.265,0.232,0.269,1.0,0.277,0.209,0.266,1.0,0.284,0.171,0.253,0.242,0.467,0.467,0.186,0.329,0.334,0.296,0.253,0.146,0.296,0.122,0.329,0.269,0.156,0.315,0.315,0.171,0.329,0.221,0.252,1.0,0.38,0.38,0.253,0.207,0.214,0.38,0.228,0.247
0.126,0.169,0.166,0.149,0.143,0.18,0.088,0.074,0.157,0.166,0.165,0.151,0.262,0.261,0.173,0.284,0.102,0.134,0.2,0.174,0.105,0.088,0.116,0.1,0.143,0.071,0.316,0.147,0.128,0.112,0.17,0.143,0.081,0.223,0.138,0.153,0.217,0.143,0.082,0.133,0.12,0.148,0.107,0.12,0.143,0.288,0.615,0.24,0.188,0.14,0.209,0.073,0.113,0.058,0.082,0.117,0.133,0.095,0.153,0.137,0.164,0.17,0.166,0.16,0.207,0.176,0.125,0.22,0.072,0.096,0.16,0.163,0.311,0.092,0.53,0.149,0.114,0.209,0.106,0.114,0.216,0.242,0.166,0.138,0.108,0.234,0.166,0.13,0.141,0.068,0.158,0.187,0.247,0.14,0.099,0.181,0.163,0.278,0.135,0.151,0.164,0.311,0.183,0.135,0.22,0.168,0.238,0.132,0.142,0.234,0.133,0.078,0.095,0.115,0.236,0.115,0.235,0.068,0.153,0.089,0.191,0.162,0.109,0.183,0.105,0.199,0.095,0.137,0.129,0.135,0.211,0.238,0.181,0.136,0.092,0.181,0.205,0.236,0.138,0.134,0.094,0.166,0.138,0.118,0.074,0.121,0.132,0.281,0.082,0.121,0.181,0.346,0.166,0.119,0.255,0.177,0.254,0.203,0.091,0.14,0.149,0.117,0.085,0.171,0.148,0.132,0.115,0.124,0.103,0.113,0.129,0.067,0.127,0.075,0.175,0.121,0.055,0.167,0.134,0.106,0.145,0.129,0.111,0.142,0.184,0.154,0.31,0.142,0.137,0.166,0.181,0.143,0.234,0.193,0.218,0.151,0.222,0.116,0.128,0.216,0.284,0.128,0.129,0.272,0.125,0.11,0.187,0.145,0.259,0.154,0.265,0.328,0.27,0.228,0.137,0.122,0.094,0.106,0.146,0.358,0.169,0.156,0.1,0.144,0.151,0.088,0.152,0.128,0.085,0.311,0.084,0.188,0.093,0.26,0.079,0.098,0.152,0.215,0.105,0.181,0.133,0.231,0.108,0.298,0.126,0.207,0.141,0.09,0.238,0.284,0.103,0.117,0.121,0.284,1.0,0.132,0.132,0.158,0.319,0.201,0.169,0.11,0.204,0.091,0.171,0.2,0.117,0.234,0.221,0.266,0.171,0.138,0.199,0.274,0.137,0.166,0.13,0.284,0.111,0.114,0.129,0.102,0.091,0.11,0.081,0.154
0.215,0.197,0.347,0.236,0.15,0.254,0.101,0.211,0.158,0.714,0.31,0.273,0.194,0.232,0.27,0.171,0.195,0.176,0.451,0.171,0.2,0.101,0.437,0.165,0.379,0.051,0.224,0.392,0.137,0.236,0.418,0.273,0.113,0.307,0.246,0.297,0.25,0.339,0.089,0.15,0.311,0.263,0.268,0.117,0.298,0.221,0.217,0.24,0.516,0.23,0.202,0.083,0.114,0.068,0.103,0.263,0.298,0.408,0.28,0.539,0.347,0.138,0.196,0.286,0.739,0.388,0.312,0.157,0.134,0.288,0.219,0.272,0.273,0.43,0.221,0.47,0.126,0.19,0.114,0.285,0.348,0.307,0.714,0.133,0.15,0.155,0.714,0.117,0.131,0.071,0.232,0.242,0.2,0.214,0.196,0.809,0.25,0.326,0.287,0.383,0.429,0.141,0.249,0.125,0.39,0.451,0.309,0.202,0.306,0.242,0.164,0.144,0.12,0.177,0.318,0.117,0.178,0.046,0.305,0.098,0.195,0.322,0.214,0.198,0.43,0.125,0.103,0.142,0.298,0.197,0.311,0.21,0.809,0.197,0.43,0.234,0.254,0.22,0.266,0.219,0.111,0.714,0.428,0.242,0.112,0.258,0.126,0.326,0.082,0.271,0.809,0.271,0.714,0.249,0.242,0.268,0.3,0.25,0.12,0.119,0.161,0.205,0.123,0.148,0.153,0.411,0.172,0.252,0.223,0.215,0.306,0.079,0.266,0.133,0.188,0.09,0.08,0.168,0.198,0.219,0.211,0.093,0.116,0.295,0.226,0.159,0.341,0.288,0.387,0.177,0.809,0.28,0.186,0.166,0.37,0.227,0.341,0.12,0.117,0.217,0.171,0.245,0.338,0.327,0.184,0.15,0.415,0.397,0.319,0.64,0.371,0.2,0.347,0.301,0.157,0.266,0.105,0.129,0.129,0.225,0.254,0.496,0.106,0.125,0.359,0.127,0.218,0.138,0.105,0.251,0.09,0.183,0.131,0.152,0.114,0.246,0.268,0.317,0.288,0.182,0.26,0.326,0.225,0.29,0.332,0.211,0.245,0.182,0.239,0.171,0.359,0.357,0.278,0.171,0.132,1.0,0.146,0.258,0.193,0.218,0.197,0.272,0.175,0.114,0.148,0.256,0.213,0.316,0.209,0.263,0.233,0.196,0.41,0.199,0.34,0.464,0.117,0.171,0.109,0.131,0.206,0.175,0.131,0.102,0.096,0.358
0.165,0.213,0.204,0.149,0.156,0.104,0.111,0.084,0.103,0.191,0.196,0.177,0.08,0.109,0.153,0.253,0.124,0.116,0.159,0.212,0.221,0.111,0.082,0.125,0.224,0.066,0.131,0.114,0.195,0.13,0.214,0.191,0.137,0.176,0.139,0.195,0.106,0.189,0.102,0.312,0.199,0.126,0.165,0.097,0.153,0.311,0.14,0.113,0.15,0.166,0.116,0.166,0.307,0.074,0.101,0.102,0.164,0.101,0.134,0.134,0.205,0.138,0.285,0.088,0.122,0.199,0.148,0.189,0.084,0.106,0.12,0.148,0.172,0.112,0.311,0.148,0.142,0.141,0.183,0.14,0.16,0.132,0.191,0.155,0.266,0.169,0.191,0.156,0.148,0.085,0.112,0.175,0.121,0.155,0.132,0.23,0.152,0.196,0.129,0.13,0.208,0.214,0.225,0.206,0.192,0.216,0.164,0.19,0.145,0.183,0.161,0.127,0.114,0.322,0.164,0.232,0.136,0.063,0.177,0.106,0.119,0.165,0.096,0.232,0.139,0.127,0.136,0.128,0.169,0.103,0.16,0.157,0.23,0.136,0.112,0.14,0.114,0.136,0.149,0.108,0.131,0.191,0.148,0.127,0.113,0.134,0.106,0.157,0.104,0.154,0.23,0.13,0.191,0.247,0.164,0.151,0.135,0.164,0.113,0.162,0.219,0.132,0.102,0.193,0.555,0.119,0.087,0.119,0.179,0.105,0.124,0.119,0.107,0.247,0.089,0.166,0.134,0.184,0.181,0.126,0.159,0.138,0.13,0.14,0.158,0.183,0.165,0.168,0.167,0.17,0.23,0.18,0.272,0.139,0.217,0.116,0.13,0.231,0.15,0.131,0.253,0.176,0.141,0.14,0.135,0.188,0.195,0.159,0.122,0.16,0.101,0.219,0.232,0.161,0.227,0.177,0.117,0.113,0.17,0.235,0.163,0.185,0.119,0.171,0.162,0.283,0.107,0.185,0.143,0.213,0.102,0.098,0.161,0.11,0.125,0.105,0.172,0.13,0.101,0.164,0.263,0.125,0.079,0.243,0.152,0.175,0.133,0.1,0.147,0.253,0.122,0.141,0.142,0.253,0.132,0.146,1.0,0.156,0.18,0.136,0.213,0.131,0.145,0.105,0.193,0.102,0.212,0.152,0.169,0.179,0.126,0.233,0.209,0.208,0.156,0.185,0.156,0.253,0.123,0.14,0.199,0.117,0.387,0.289,0.1,0.133
0.18,0.172,0.279,0.981,0.175,0.206,0.193,0.097,0.175,0.309,0.215,0.621,0.123,0.214,0.209,0.242,0.161,0.139,0.261,0.24,0.345,0.193,0.204,0.131,0.236,0.064,0.19,0.192,0.208,0.172,0.265,0.192,0.173,0.335,0.162,0.28,0.214,0.555,0.198,0.172,0.249,0.172,0.198,0.154,0.258,0.3,0.353,0.226,0.169,0.229,0.155,0.082,0.166,0.208,0.187,0.108,0.174,0.174,0.147,0.221,0.209,0.113,0.386,0.097,0.344,0.193,0.296,0.232,0.145,0.247,0.265,0.161,0.296,0.11,0.3,0.183,0.241,0.177,0.185,0.171,0.191,0.248,0.309,0.154,0.295,0.18,0.309,0.201,0.334,0.263,0.202,0.211,0.175,0.201,0.182,0.357,0.203,0.206,0.153,0.226,0.222,0.2,0.206,0.139,0.215,0.23,0.23,0.179,0.158,0.297,0.172,0.189,0.216,0.149,0.267,0.13,0.197,0.06,0.221,0.104,0.197,0.206,0.532,0.177,0.179,0.117,0.244,0.112,0.17,0.553,0.173,0.201,0.357,0.207,0.11,0.298,0.302,0.23,0.187,0.104,0.235,0.309,0.197,0.134,0.123,0.119,0.156,0.195,0.394,0.321,0.357,0.159,0.309,0.208,0.24,0.165,0.19,0.235,0.226,0.163,0.193,0.128,0.144,0.293,0.219,0.216,0.336,0.568,0.149,0.284,0.167,0.069,0.515,0.107,0.123,0.092,0.058,0.291,0.151,0.165,0.18,0.088,0.169,0.174,0.228,0.188,0.254,0.178,0.386,0.124,0.357,0.193,0.197,0.154,0.254,0.237,0.184,0.275,0.26,0.227,0.242,0.128,0.174,0.177,0.21,0.192,0.295,0.197,0.198,0.271,0.193,0.296,0.47,0.395,0.173,0.221,0.175,0.097,0.248,0.31,0.184,0.231,0.179,0.337,0.181,0.107,0.139,0.167,0.13,0.274,0.144,0.11,0.151,0.116,0.185,0.157,0.264,0.253,0.218,0.146,0.16,0.242,0.11,0.175,0.175,0.176,0.166,0.111,0.229,0.242,0.14,0.211,0.225,0.242,0.158,0.258,0.156,1.0,0.205,0.205,0.172,0.2,0.134,0.195,0.293,0.212,0.148,0.214,0.293,0.263,0.672,0.216,0.359,0.16,0.237,0.225,0.315,0.242,0.182,0.226,0.182,0.147,0.14,0.153,0.128,0.222
0.148,0.205,0.287,0.192,0.176,0.201,0.188,0.12,0.189,0.266,0.284,0.217,0.183,0.163,0.206,0.467,0.182,0.2,0.262,0.354,0.267,0.188,0.124,0.193,0.241,0.108,0.217,0.249,0.225,0.201,0.175,0.19,0.214,0.337,0.202,0.278,0.222,0.237,0.204,0.228,0.238,0.198,0.183,0.163,0.229,0.543,0.213,0.225,0.194,0.31,0.184,0.157,0.23,0.166,0.295,0.154,0.194,0.138,0.201,0.237,0.233,0.128,0.267,0.199,0.168,0.323,0.294,0.375,0.222,0.18,0.365,0.202,0.216,0.22,1.0,0.252,0.272,0.224,0.242,0.199,0.187,0.411,0.266,0.237,0.262,0.3,0.266,0.274,0.115,0.163,0.313,0.299,0.254,0.271,0.188,0.28,0.17,0.21,0.208,0.196,0.236,0.145,0.259,0.216,0.279,0.239,0.298,0.254,0.409,0.184,0.251,0.138,0.317,0.245,0.356,0.186,0.246,0.116,0.294,0.123,0.211,0.183,0.172,0.276,0.167,0.145,0.241,0.109,0.214,0.195,0.154,0.196,0.28,0.202,0.22,0.248,0.174,0.229,0.215,0.161,0.275,0.266,0.208,0.203,0.148,0.129,0.171,0.257,0.192,0.268,0.28,0.283,0.266,0.273,0.182,0.204,0.201,0.421,0.266,0.123,0.311,0.267,0.224,0.423,0.263,0.26,0.185,0.259,0.296,0.187,0.213,0.16,0.174,0.208,0.206,0.123,0.118,0.253,0.214,0.208,0.259,0.125,0.214,0.204,0.255,0.27,0.355,0.232,0.249,0.107,0.28,0.263,0.419,0.276,0.244,0.248,0.163,0.279,0.365,0.233,0.467,0.21,0.23,0.208,0.263,0.305,0.24,0.212,0.282,0.254,0.148,0.497,0.243,0.206,0.329,0.236,0.244,0.133,0.363,0.503,0.22,0.235,0.232,0.344,0.197,0.179,0.206,0.265,0.205,0.174,0.17,0.156,0.207,0.144,0.263,0.27,0.274,0.244,0.227,0.231,0.209,0.192,0.157,0.247,0.189,0.294,0.243,0.134,0.201,0.467,0.165,0.238,0.217,0.467,0.319,0.193,0.18,0.205,1.0,0.525,0.205,0.255,0.138,0.284,0.423,0.137,0.261,0.163,0.285,0.19,0.194,0.237,0.244,0.169,0.235,0.223,0.321,0.467,0.242,0.338,0.213,0.287,0.168,0.182,0.175,0.237
0.137,0.205,0.287,0.196,0.236,0.184,0.166,0.106,0.208,0.334,0.278,0.242,0.202,0.147,0.248,0.467,0.237,0.288,0.267,0.267,0.315,0.166,0.71,0.162,0.324,0.19,0.236,0.235,0.189,0.25,0.145,0.234,0.177,0.411,0.209,0.316,0.259,0.291,0.228,0.164,0.402,0.299,0.287,0.318,0.307,0.543,0.213,0.239,0.222,0.24,0.211,0.118,0.206,0.146,0.186,0.144,0.196,0.463,0.231,0.237,0.233,0.121,0.247,0.191,0.394,0.378,0.324,0.264,0.167,0.239,0.415,0.2,0.239,0.267,1.0,0.277,0.225,0.26,0.187,0.263,0.234,0.447,0.334,0.174,0.278,0.215,0.297,0.274,0.098,0.266,0.242,0.263,0.27,0.273,0.191,0.345,0.196,0.225,0.288,0.379,0.234,0.132,0.334,0.244,0.282,0.241,0.304,0.355,0.365,0.22,0.201,0.188,0.325,0.229,0.374,0.172,0.264,0.116,0.256,0.124,0.298,0.201,0.199,0.268,0.175,0.149,0.21,0.112,0.283,0.212,0.213,0.205,0.345,0.252,0.267,0.278,0.21,0.221,0.317,0.18,0.248,0.334,0.311,0.244,0.179,0.18,0.222,0.232,0.312,0.297,0.345,0.298,0.334,0.287,0.153,0.244,0.215,0.366,0.203,0.088,0.253,0.193,0.279,0.484,0.196,0.353,0.188,0.249,0.278,0.196,0.196,0.12,0.216,0.163,0.216,0.129,0.091,0.248,0.219,0.187,0.327,0.114,0.236,0.284,0.287,0.222,0.382,0.198,0.368,0.107,0.345,0.268,0.336,0.301,0.249,0.183,0.152,0.274,0.421,0.233,0.467,0.24,0.302,0.282,0.301,0.253,0.235,0.267,0.308,0.263,0.16,0.341,0.281,0.234,0.248,0.271,0.173,0.213,0.428,0.31,0.25,0.246,0.184,0.59,0.205,0.145,0.226,0.371,0.174,0.15,0.157,0.211,0.198,0.119,0.211,0.245,0.316,0.315,0.201,0.269,0.185,0.398,0.24,0.292,0.194,0.223,0.232,0.175,0.221,0.467,0.294,0.369,0.275,0.467,0.201,0.218,0.136,0.205,0.525,1.0,0.205,0.218,0.132,0.208,0.484,0.123,0.232,0.223,0.292,0.151,0.272,0.311,0.346,0.204,0.244,0.23,1.0,0.467,0.191,0.193,0.318,0.211,0.139,0.205,0.157,0.266
1.0,1.0,0.272,0.172,0.224,0.085,0.099,0.094,0.077,0.226,0.272,0.161,0.102,0.129,0.244,0.186,0.161,0.205,0.186,0.205,0.14,0.099,0.086,0.116,0.19,0.037,0.159,0.19,0.261,0.19,0.332,0.292,0.088,0.245,0.133,0.272,0.162,0.272,0.071,0.169,0.14,0.11,0.146,0.116,0.272,0.205,0.164,0.245,0.197,0.149,0.272,0.063,0.114,0.05,0.086,0.059,0.226,0.11,0.272,0.14,0.272,0.224,0.169,0.07,0.137,0.123,0.199,0.186,0.062,0.085,0.164,0.226,0.308,0.059,0.205,0.193,0.12,0.107,0.12,0.194,0.226,0.272,0.226,0.139,0.13,0.186,0.226,0.08,0.09,0.041,0.107,0.205,0.149,0.151,0.134,0.272,0.166,0.272,0.134,0.206,0.272,0.316,0.396,0.132,0.272,0.272,0.226,0.272,0.19,0.316,0.187,0.154,0.08,0.109,0.245,0.114,0.187,0.029,0.187,0.092,0.139,0.173,0.073,0.19,0.11,0.187,0.087,0.097,0.248,0.06,0.224,0.245,0.272,0.63,0.059,0.139,0.19,0.245,0.194,0.166,0.087,0.226,0.19,0.11,0.055,0.18,0.07,0.272,0.046,0.199,0.272,0.272,0.226,0.272,0.245,0.272,0.272,0.245,0.101,0.173,0.187,0.107,0.071,0.12,0.308,0.19,0.073,0.095,0.203,0.122,0.161,0.052,0.104,0.064,0.077,0.277,0.041,0.187,0.264,0.112,0.272,0.187,0.12,0.194,0.226,0.187,0.245,0.19,0.272,0.176,0.272,0.272,0.205,0.099,0.316,0.107,0.18,0.113,0.086,0.245,0.186,0.14,0.226,0.272,0.149,0.136,0.416,0.226,0.197,0.19,0.113,0.245,0.272,0.213,1.0,0.272,0.09,0.186,0.096,0.245,1.0,0.272,0.12,0.087,0.226,0.106,0.161,0.076,0.104,0.332,0.085,0.19,0.12,0.097,0.066,0.11,0.245,0.272,0.069,0.213,0.169,0.137,0.11,0.19,0.226,0.186,0.123,0.154,0.245,0.186,0.197,0.226,0.226,0.186,0.169,0.197,0.213,0.172,0.205,0.205,1.0,0.112,0.139,0.087,0.12,0.119,0.13,0.224,0.245,0.245,0.073,0.202,0.316,0.256,0.272,0.272,0.08,0.186,0.12,0.149,0.194,0.107,0.109,0.114,0.086,0.201
0.168,0.112,0.305,0.197,0.151,0.112,0.221,0.12,0.183,0.233,0.213,0.17,0.091,0.102,0.186,0.329,0.173,0.19,0.183,0.293,0.255,0.221,0.273,0.154,0.164,0.066,0.183,0.115,0.278,0.246,0.13,0.161,0.216,0.197,0.39,0.292,0.147,0.259,0.25,0.185,0.192,0.107,0.148,0.11,0.165,0.357,0.123,0.137,0.33,0.296,0.127,0.085,0.307,0.267,0.312,0.45,0.161,0.116,0.162,0.147,0.206,0.091,0.239,0.46,0.39,0.304,0.343,0.328,0.198,0.494,0.22,0.154,0.198,1.0,0.357,0.587,0.353,0.186,0.224,0.414,0.141,0.189,0.233,0.175,0.291,0.209,0.233,0.259,0.079,0.306,0.263,0.254,0.198,0.267,0.242,0.279,0.211,0.18,0.167,0.369,0.21,0.104,0.293,0.198,0.211,0.223,0.27,0.215,0.446,0.198,0.209,0.181,0.288,0.234,0.193,0.146,0.277,0.061,0.226,0.145,0.18,0.113,0.175,0.173,0.145,0.097,0.255,0.093,0.208,0.198,0.344,0.121,0.279,0.131,1.0,0.172,0.116,0.112,0.211,0.115,0.255,0.233,0.153,0.132,0.192,0.104,0.167,0.193,0.357,0.348,0.279,0.182,0.233,0.287,0.121,0.148,0.142,0.216,0.296,0.091,0.224,0.281,0.203,0.415,0.357,0.288,0.114,0.18,0.191,0.138,0.168,0.073,0.134,0.209,0.129,0.074,0.088,0.26,0.159,0.549,0.191,0.078,0.232,0.156,0.213,0.208,0.202,0.179,0.147,0.086,0.279,0.187,0.186,0.163,0.187,0.128,0.125,0.304,0.445,0.158,0.329,0.115,0.148,0.22,0.332,0.249,0.184,0.151,0.327,0.196,0.202,0.268,0.208,0.232,0.196,0.203,0.258,0.082,0.526,0.254,0.156,0.197,0.287,0.377,0.16,0.146,0.124,0.165,0.129,0.127,0.186,0.093,0.188,0.079,0.227,0.22,0.213,0.218,0.089,0.201,0.154,0.069,0.104,0.17,0.153,0.224,0.233,0.101,0.131,0.329,0.28,0.347,0.19,0.329,0.11,0.272,0.131,0.2,0.255,0.218,0.112,1.0,0.088,0.285,0.637,0.081,0.177,0.104,0.231,0.132,0.165,0.243,0.297,0.278,0.271,0.187,0.349,0.329,0.294,0.325,0.219,0.246,0.166,0.181,0.137,0.139
0.089,0.139,0.251,0.129,0.123,0.163,0.061,0.131,0.17,0.489,0.259,0.141,0.355,0.126,0.338,0.334,0.127,0.187,0.232,0.115,0.117,0.061,0.18,0.14,0.183,0.26,0.16,0.2,0.177,0.163,0.13,0.319,0.065,0.202,0.167,0.217,0.149,0.204,0.051,0.096,0.127,0.196,0.153,0.112,0.263,0.177,0.167,0.153,0.197,0.165,0.418,0.065,0.085,0.037,0.061,0.173,0.218,0.242,0.183,0.263,0.256,0.415,0.119,0.127,0.261,0.288,0.192,0.194,0.074,0.078,0.251,0.364,0.236,0.138,0.177,0.179,0.077,0.155,0.094,0.191,0.403,0.213,0.489,0.118,0.098,0.201,0.489,0.077,0.316,0.039,0.16,0.159,0.164,0.151,0.136,0.608,0.463,0.287,0.171,0.237,0.273,0.217,0.167,0.166,0.441,0.292,0.215,0.156,0.178,0.142,0.143,0.124,0.077,0.134,0.177,0.087,0.284,0.076,0.165,0.308,0.277,0.26,0.095,0.237,0.922,0.43,0.06,0.375,0.178,0.15,0.182,0.16,0.608,0.205,0.138,0.131,0.387,0.167,0.216,0.21,0.082,0.489,0.212,0.37,0.063,0.154,0.174,0.283,0.049,0.18,0.608,0.214,0.489,0.202,0.18,0.265,0.45,0.234,0.067,0.127,0.113,0.147,0.12,0.105,0.114,0.194,0.112,0.098,0.214,0.142,0.177,0.066,0.15,0.082,0.114,0.232,0.064,0.264,0.199,0.082,0.182,0.35,0.124,0.193,0.166,0.139,0.186,0.202,0.208,0.407,0.608,0.208,0.117,0.153,0.184,0.111,0.158,0.074,0.074,0.175,0.334,0.143,0.194,0.293,0.208,0.1,0.239,0.213,0.203,0.393,0.191,0.172,0.229,0.194,0.145,0.197,0.097,0.19,0.083,0.182,0.194,0.301,0.113,0.086,0.235,0.094,0.247,0.076,0.071,0.211,0.085,0.198,0.101,0.308,0.078,0.138,0.227,0.266,0.153,0.156,0.131,0.109,0.134,0.212,0.21,0.203,0.142,0.262,0.169,0.334,0.18,0.208,0.167,0.334,0.204,0.175,0.145,0.134,0.138,0.132,0.139,0.088,1.0,0.094,0.105,0.116,0.161,0.152,0.176,0.176,0.19,0.134,0.24,0.126,0.236,0.268,0.077,0.334,0.129,0.084,0.197,0.125,0.073,0.128,0.059,0.151
0.13,0.087,0.251,0.212,0.194,0.11,0.301,0.076,0.199,0.17,0.199,0.143,0.098,0.076,0.125,0.296,0.148,0.196,0.182,0.367,0.345,0.301,0.068,0.148,0.137,0.212,0.263,0.089,0.438,0.237,0.107,0.168,0.241,0.181,0.188,0.426,0.149,0.255,0.374,0.153,0.246,0.103,0.157,0.157,0.15,0.311,0.099,0.159,0.119,0.39,0.115,0.085,0.345,0.302,0.411,0.11,0.174,0.089,0.095,0.128,0.171,0.078,0.266,0.116,0.105,0.223,0.329,0.509,0.267,0.202,0.249,0.138,0.097,0.109,0.311,0.124,0.496,0.203,0.425,0.161,0.112,0.121,0.17,0.331,0.346,0.225,0.17,0.228,0.133,0.258,0.185,0.207,0.204,0.2,0.211,0.192,0.161,0.142,0.138,0.148,0.174,0.096,0.218,0.184,0.154,0.182,0.276,0.269,0.147,0.153,0.26,0.191,0.411,0.244,0.146,0.176,0.239,0.048,0.227,0.123,0.206,0.1,0.228,0.211,0.101,0.117,0.451,0.064,0.168,0.094,0.111,0.102,0.192,0.122,0.109,0.139,0.089,0.104,0.178,0.087,0.47,0.17,0.126,0.104,0.148,0.088,0.18,0.139,0.337,0.34,0.192,0.107,0.17,0.281,0.096,0.123,0.106,0.19,0.408,0.074,0.178,0.163,0.234,0.765,0.328,0.154,0.102,0.186,0.129,0.107,0.125,0.082,0.186,0.18,0.109,0.065,0.076,0.268,0.179,0.242,0.204,0.061,0.276,0.155,0.226,0.236,0.126,0.158,0.147,0.075,0.192,0.177,0.152,0.18,0.156,0.134,0.1,0.451,0.642,0.128,0.296,0.105,0.114,0.161,0.463,0.331,0.148,0.121,0.231,0.152,0.083,0.215,0.2,0.106,0.245,0.266,0.418,0.189,0.685,0.219,0.1,0.158,0.402,0.66,0.147,0.197,0.132,0.215,0.143,0.11,0.214,0.166,0.209,0.072,0.198,0.25,0.211,0.131,0.093,0.171,0.112,0.056,0.159,0.149,0.125,0.231,0.19,0.224,0.102,0.296,0.178,0.17,0.181,0.296,0.091,0.114,0.105,0.195,0.284,0.208,0.087,0.285,0.094,1.0,0.765,0.065,0.201,0.081,0.296,0.108,0.124,0.239,0.148,0.102,0.124,0.148,0.59,0.296,0.481,0.314,0.258,0.22,0.141,0.279,0.164,0.115
0.214,0.12,0.315,0.293,0.484,0.166,0.358,0.084,0.443,0.171,0.227,0.293,0.084,0.127,0.298,0.253,0.22,1.0,0.253,0.605,0.765,0.358,0.068,0.198,0.211,0.066,0.432,0.156,0.82,0.279,0.168,0.31,0.293,0.365,0.174,0.531,0.343,0.367,0.416,0.252,0.484,0.092,0.2,0.16,0.191,0.311,0.129,0.345,0.148,0.605,0.359,0.112,0.754,0.347,0.514,0.112,0.171,0.091,0.191,0.134,0.191,0.104,0.367,0.135,0.107,0.199,1.0,0.605,0.293,0.271,0.411,0.171,0.143,0.112,0.311,0.2,0.605,0.432,0.605,0.222,0.171,0.244,0.171,0.227,0.531,0.253,0.171,0.23,0.107,0.229,0.23,0.311,0.432,0.257,0.459,0.191,0.252,0.191,0.17,0.376,0.191,0.136,0.765,0.384,0.252,0.191,1.0,0.82,0.17,0.315,0.281,0.299,0.484,0.31,0.311,0.191,0.754,0.063,0.319,0.17,0.456,0.131,0.288,0.281,0.104,0.116,0.531,0.083,1.0,0.103,0.117,0.179,0.191,0.341,0.112,0.227,0.167,0.179,0.206,0.091,0.531,0.171,0.156,0.171,0.22,0.103,0.26,0.236,0.288,0.765,0.191,0.191,0.171,0.765,0.179,0.214,0.191,0.226,0.466,0.131,0.281,0.17,0.63,0.605,0.82,0.259,0.126,0.226,0.207,0.138,0.143,0.098,0.167,0.28,0.134,0.107,0.092,0.334,0.207,0.238,1.0,0.116,1.0,0.231,0.531,0.281,0.244,0.191,0.211,0.092,0.191,0.202,0.311,0.382,0.181,0.191,0.132,0.661,0.514,0.205,0.253,0.134,0.171,0.191,1.0,0.45,0.191,0.171,0.432,0.156,0.107,0.311,0.309,0.2,0.508,0.605,0.514,0.182,0.88,0.311,0.276,0.191,1.0,0.531,0.171,0.179,0.174,0.456,0.282,0.168,0.207,0.156,1.0,0.083,0.299,0.63,1.0,0.191,0.12,0.432,0.252,0.078,0.091,0.244,0.171,0.253,0.23,0.118,0.179,0.253,0.148,0.232,0.299,0.253,0.171,0.148,0.193,0.293,0.423,0.484,0.12,0.637,0.105,0.765,1.0,0.102,0.211,0.117,0.451,0.179,0.126,0.363,0.252,0.134,0.297,0.191,0.484,0.253,1.0,0.569,1.0,0.265,0.174,0.238,0.236,0.17
0.111,0.119,0.172,0.206,0.099,0.308,0.077,0.08,0.168,0.195,0.176,0.164,0.152,0.697,0.161,0.146,0.093,0.077,0.168,0.134,0.126,0.077,0.13,0.073,0.229,0.032,0.226,0.293,0.15,0.091,0.335,0.134,0.069,0.292,0.152,0.173,0.481,0.179,0.058,0.123,0.196,0.173,0.168,0.155,0.14,0.167,0.259,0.549,0.243,0.116,0.13,0.052,0.083,0.046,0.067,0.281,0.163,0.099,0.121,0.118,0.204,0.095,0.131,0.239,0.222,0.104,0.144,0.134,0.053,0.157,0.209,0.139,0.183,0.055,0.167,0.15,0.095,0.274,0.088,0.136,0.171,0.322,0.195,0.102,0.074,0.135,0.195,0.069,0.137,0.041,0.257,0.272,0.288,0.098,0.096,0.237,0.123,0.199,0.108,0.127,0.214,0.259,0.145,0.087,0.264,0.222,0.171,0.11,0.123,0.768,0.115,0.08,0.063,0.081,0.317,0.085,0.182,0.025,0.133,0.059,0.158,0.242,0.137,0.118,0.097,0.121,0.07,0.085,0.138,0.122,0.182,0.251,0.237,0.098,0.055,0.301,0.159,0.531,0.125,0.096,0.063,0.195,0.22,0.123,0.047,0.098,0.076,0.208,0.044,0.119,0.237,0.207,0.195,0.111,0.461,0.11,0.174,0.326,0.078,0.126,0.112,0.09,0.051,0.102,0.129,0.193,0.112,0.155,0.104,0.116,0.154,0.042,0.14,0.054,0.209,0.068,0.033,0.118,0.091,0.078,0.101,0.085,0.074,0.145,0.173,0.128,0.266,0.144,0.172,0.108,0.237,0.138,0.198,0.158,0.255,0.2,0.506,0.086,0.074,0.445,0.146,0.138,0.191,0.17,0.078,0.086,0.22,0.251,0.365,0.162,0.418,0.272,0.199,0.229,0.09,0.136,0.075,0.081,0.081,0.326,0.167,0.19,0.082,0.073,0.154,0.067,0.11,0.13,0.066,0.274,0.062,0.115,0.064,0.231,0.053,0.09,0.179,0.183,0.209,0.18,0.129,0.32,0.132,0.173,0.156,0.126,0.262,0.088,0.415,0.146,0.111,0.137,0.194,0.146,0.2,0.256,0.102,0.212,0.137,0.123,0.119,0.081,0.116,0.065,0.102,1.0,0.093,0.278,0.235,0.821,0.142,0.103,0.235,0.182,0.156,0.208,0.069,0.146,0.085,0.093,0.1,0.078,0.081,0.073,0.065,0.18
0.102,0.13,0.333,0.137,0.225,0.128,0.114,0.29,0.16,0.44,0.365,0.273,0.17,0.105,0.18,0.296,0.194,0.209,0.261,0.228,0.188,0.114,0.255,0.168,0.436,0.114,0.207,0.182,0.165,0.252,0.137,0.274,0.155,0.244,0.274,0.301,0.172,0.274,0.109,0.31,0.183,0.243,0.291,0.172,0.328,0.349,0.139,0.143,0.237,0.341,0.187,0.216,0.167,0.077,0.121,0.138,0.268,0.346,0.222,0.273,0.319,0.158,0.375,0.175,0.269,0.411,0.282,0.231,0.15,0.153,0.218,0.285,0.183,0.207,0.349,0.227,0.15,0.257,0.2,0.282,0.269,0.251,0.44,0.187,0.267,0.227,0.44,0.171,0.101,0.09,0.215,0.24,0.271,0.238,0.25,0.533,0.269,0.29,0.307,0.249,0.347,0.122,0.302,0.202,0.464,0.368,0.272,0.285,0.3,0.12,0.237,0.217,0.158,0.335,0.232,0.149,0.162,0.069,0.304,0.142,0.273,0.189,0.16,0.239,0.346,0.162,0.138,0.198,0.226,0.182,0.26,0.165,0.533,0.227,0.207,0.202,0.191,0.141,0.308,0.278,0.19,0.44,0.292,0.214,0.144,0.248,0.15,0.242,0.112,0.22,0.533,0.223,0.44,0.254,0.135,0.263,0.241,0.396,0.133,0.104,0.21,0.258,0.177,0.211,0.189,0.236,0.202,0.187,0.286,0.21,0.243,0.221,0.293,0.167,0.164,0.17,0.182,0.168,0.326,0.143,0.232,0.104,0.169,0.288,0.241,0.201,0.201,0.321,0.259,0.158,0.533,0.297,0.331,0.237,0.26,0.189,0.153,0.229,0.162,0.18,0.296,0.187,0.323,0.284,0.206,0.183,0.276,0.269,0.246,0.367,0.146,0.224,0.358,0.234,0.269,0.231,0.201,0.16,0.186,0.237,0.162,0.36,0.131,0.19,0.307,0.206,0.272,0.143,0.241,0.138,0.118,0.206,0.252,0.099,0.191,0.249,0.234,0.28,0.147,0.252,0.364,0.089,0.24,0.311,0.26,0.265,0.227,0.245,0.156,0.296,0.261,0.309,0.237,0.296,0.117,0.213,0.212,0.148,0.261,0.232,0.13,0.177,0.161,0.201,0.211,0.093,1.0,0.174,0.275,0.144,0.236,0.346,0.271,0.181,0.237,0.317,0.171,0.296,0.152,0.158,0.272,0.217,0.283,0.185,0.121,0.22
0.148,0.224,0.29,0.202,0.24,0.318,0.075,0.187,0.187,0.574,0.271,0.253,0.178,0.323,0.274,0.122,0.175,0.142,0.222,0.125,0.19,0.075,0.358,0.133,0.411,0.04,0.235,0.348,0.128,0.186,0.21,0.274,0.104,0.336,0.217,0.261,0.247,0.328,0.063,0.133,0.333,0.378,0.323,0.159,0.286,0.166,0.283,0.23,0.387,0.184,0.217,0.073,0.093,0.05,0.079,0.129,0.261,0.344,0.222,0.423,0.31,0.16,0.152,0.137,0.569,0.304,0.271,0.104,0.112,0.14,0.229,0.238,0.274,0.17,0.166,0.257,0.089,0.181,0.121,0.262,0.323,0.312,0.574,0.091,0.131,0.117,0.574,0.091,0.116,0.059,0.194,0.163,0.194,0.167,0.188,0.659,0.222,0.308,0.249,0.243,0.375,0.241,0.239,0.119,0.336,0.394,0.27,0.199,0.237,0.292,0.119,0.202,0.092,0.158,0.328,0.094,0.167,0.035,0.232,0.086,0.178,0.331,0.16,0.158,0.354,0.118,0.076,0.142,0.278,0.155,0.454,0.359,0.659,0.207,0.17,0.187,0.253,0.27,0.231,0.224,0.14,0.574,0.383,0.232,0.102,0.275,0.116,0.276,0.066,0.21,0.659,0.287,0.574,0.231,0.251,0.24,0.273,0.254,0.093,0.106,0.122,0.165,0.149,0.117,0.16,0.384,0.13,0.181,0.214,0.185,0.268,0.082,0.215,0.131,0.163,0.114,0.093,0.121,0.177,0.074,0.195,0.093,0.132,0.267,0.222,0.109,0.565,0.241,0.311,0.228,0.659,0.256,0.357,0.178,0.277,0.144,0.254,0.134,0.094,0.247,0.122,0.237,0.332,0.287,0.14,0.129,0.296,0.414,0.249,0.509,0.239,0.264,0.307,0.286,0.144,0.267,0.074,0.122,0.101,0.319,0.264,0.416,0.074,0.096,0.32,0.103,0.183,0.153,0.088,0.23,0.062,0.172,0.141,0.125,0.148,0.213,0.257,0.302,0.228,0.174,0.234,1.0,0.164,0.283,0.284,0.153,0.162,0.162,0.27,0.122,0.249,0.271,0.318,0.122,0.234,0.316,0.152,0.214,0.163,0.223,0.224,0.104,0.152,0.081,0.117,0.278,0.174,1.0,0.351,0.291,0.191,0.196,0.387,0.348,0.301,0.374,0.091,0.122,0.076,0.092,0.195,0.143,0.112,0.083,0.069,0.239
0.195,0.245,0.343,0.3,0.382,0.111,0.225,0.256,0.237,0.362,0.322,0.214,0.184,0.164,0.242,0.329,0.21,0.181,0.26,0.289,0.272,0.225,0.35,0.149,0.221,0.066,0.33,0.167,0.257,0.236,0.177,0.302,0.196,0.341,0.244,0.448,0.252,0.422,0.492,0.175,0.369,0.195,0.185,0.228,0.282,0.357,0.498,0.26,0.229,0.42,0.229,0.08,0.223,0.184,0.26,0.115,0.254,0.296,0.19,0.26,0.312,0.191,0.284,0.136,0.562,0.352,0.381,0.301,0.205,0.205,0.288,0.247,0.247,0.164,0.357,0.216,0.311,0.246,0.241,0.334,0.29,0.275,0.362,0.162,0.324,0.218,0.362,0.284,0.118,0.227,0.239,0.259,0.245,0.245,0.245,0.444,0.332,0.313,0.269,0.266,0.329,0.282,0.336,0.192,0.338,0.339,0.337,0.287,0.23,0.368,0.196,0.242,0.52,0.256,0.307,0.143,0.272,0.061,0.335,0.16,0.215,0.187,0.196,0.202,0.255,0.161,0.319,0.216,0.23,0.147,0.371,0.34,0.444,0.208,0.164,0.183,0.203,0.298,0.316,0.254,0.338,0.362,0.273,0.193,0.164,0.225,0.22,0.241,0.283,0.322,0.444,0.193,0.362,0.295,0.276,0.232,0.273,0.471,0.262,0.138,0.229,0.218,0.225,0.451,0.281,0.235,0.12,0.224,0.206,0.188,0.206,0.071,0.234,0.157,0.132,0.112,0.078,0.285,0.221,0.181,0.226,0.118,0.271,0.251,0.287,0.197,0.451,0.244,0.206,0.187,0.444,0.255,0.239,0.241,0.293,0.124,0.171,0.372,0.403,0.295,0.329,0.162,0.25,0.26,0.268,0.263,0.283,0.261,0.304,0.307,0.196,0.43,0.324,0.259,0.263,0.274,0.233,0.141,0.407,0.474,0.184,0.327,0.234,0.527,0.262,0.134,0.218,0.212,0.167,0.224,0.148,0.151,0.279,0.098,0.246,0.318,0.309,0.249,0.089,0.203,0.248,0.406,0.21,0.271,0.25,0.244,0.233,0.198,0.276,0.329,0.216,0.332,0.233,0.329,0.221,0.209,0.169,0.293,0.285,0.292,0.245,0.231,0.176,0.296,0.451,0.235,0.275,0.351,1.0,0.337,0.193,0.36,0.323,0.295,0.227,0.302,0.624,0.329,0.238,0.228,0.323,0.261,0.156,0.168,0.2,0.197
0.163,0.245,0.242,0.255,0.133,0.241,0.109,0.143,0.144,0.341,0.233,0.186,0.201,0.529,0.189,0.269,0.143,0.12,0.212,0.207,0.137,0.109,0.215,0.107,0.252,0.059,0.202,0.27,0.198,0.13,0.307,0.223,0.096,0.369,0.214,0.234,0.456,0.219,0.101,0.17,0.202,0.152,0.168,0.226,0.194,0.306,0.498,0.514,0.27,0.191,0.155,0.079,0.131,0.074,0.099,0.196,0.232,0.177,0.14,0.26,0.282,0.149,0.183,0.187,0.406,0.185,0.188,0.216,0.081,0.146,0.288,0.197,0.283,0.096,0.306,0.208,0.15,0.228,0.128,0.16,0.239,0.309,0.341,0.16,0.116,0.222,0.341,0.137,0.165,0.07,0.2,0.269,0.243,0.15,0.15,0.383,0.198,0.282,0.179,0.181,0.321,0.442,0.191,0.111,0.276,0.336,0.224,0.135,0.184,0.71,0.156,0.103,0.112,0.126,0.446,0.138,0.193,0.054,0.219,0.08,0.155,0.26,0.13,0.169,0.193,0.16,0.122,0.143,0.167,0.116,0.257,0.324,0.383,0.128,0.096,0.252,0.185,0.573,0.18,0.122,0.106,0.341,0.266,0.154,0.076,0.161,0.114,0.232,0.085,0.183,0.383,0.214,0.341,0.153,0.642,0.151,0.237,0.44,0.112,0.189,0.172,0.14,0.08,0.179,0.196,0.207,0.105,0.153,0.136,0.136,0.215,0.066,0.181,0.078,0.168,0.098,0.054,0.16,0.15,0.127,0.132,0.105,0.107,0.154,0.177,0.188,0.373,0.237,0.185,0.184,0.383,0.191,0.209,0.137,0.356,0.184,0.4,0.141,0.133,0.474,0.269,0.163,0.204,0.205,0.129,0.123,0.27,0.27,0.316,0.307,0.433,0.407,0.224,0.267,0.149,0.164,0.123,0.09,0.153,0.532,0.181,0.302,0.116,0.151,0.233,0.094,0.148,0.128,0.092,0.335,0.1,0.126,0.101,0.2,0.085,0.152,0.233,0.206,0.163,0.175,0.153,0.32,0.13,0.202,0.231,0.194,0.23,0.123,0.525,0.269,0.149,0.189,0.193,0.269,0.266,0.263,0.179,0.263,0.19,0.151,0.245,0.132,0.176,0.108,0.179,0.821,0.144,0.291,0.337,1.0,0.137,0.147,0.328,0.262,0.181,0.296,0.137,0.269,0.123,0.134,0.133,0.113,0.111,0.114,0.097,0.202
0.125,0.073,0.306,0.572,0.191,0.213,0.107,0.125,0.341,0.262,0.306,1.0,0.189,0.174,0.231,0.156,0.2,0.227,0.287,0.194,0.386,0.107,0.113,0.162,0.227,0.042,0.22,0.227,0.115,0.312,0.253,0.227,0.138,0.78,0.211,0.306,0.335,0.572,0.084,0.166,0.209,0.214,0.183,0.128,0.306,0.194,0.081,0.275,0.233,0.153,0.306,0.077,0.114,0.064,0.097,0.165,0.262,0.139,0.317,0.181,0.306,0.139,1.0,0.22,0.159,0.335,0.213,0.156,0.171,0.212,0.201,0.262,0.2,0.165,0.194,0.237,0.126,0.26,0.126,0.235,0.262,0.608,0.262,0.142,0.588,0.156,0.262,0.093,0.342,0.055,0.26,0.335,0.26,0.321,0.174,0.306,0.203,0.306,0.26,0.78,0.306,0.086,0.262,0.189,0.306,0.306,0.262,0.306,0.26,0.143,0.18,0.194,0.153,0.276,0.194,0.116,0.179,0.036,0.181,0.112,0.353,0.163,1.0,0.227,0.146,0.182,0.1,0.095,0.262,0.78,0.191,0.258,0.306,0.34,0.165,0.78,0.78,0.245,0.26,0.161,0.141,0.262,0.227,0.184,0.157,0.154,0.157,0.306,0.062,0.213,0.306,0.306,0.262,0.306,0.125,0.306,0.306,0.213,0.126,0.084,0.18,0.26,0.209,0.126,0.136,0.227,1.0,0.572,0.239,0.78,0.2,0.077,0.572,0.198,0.31,0.103,0.098,0.392,0.169,0.12,0.78,0.102,0.146,0.235,0.412,0.18,0.194,0.227,0.572,0.14,0.306,0.306,0.194,0.312,0.312,0.256,0.155,0.12,0.096,0.26,0.156,0.216,0.262,0.306,0.181,0.139,0.306,0.262,0.335,0.227,0.142,0.194,0.672,0.78,0.206,0.306,0.1,0.244,0.106,0.194,0.334,0.306,0.126,0.1,0.262,0.137,0.2,0.214,0.144,0.253,0.098,0.238,0.139,0.218,0.175,0.209,0.262,0.306,0.318,0.335,0.166,0.164,0.244,0.26,0.262,0.171,0.335,0.194,0.182,0.156,0.233,0.262,0.262,0.156,0.171,0.233,0.126,0.672,0.194,0.272,0.073,0.165,0.19,0.124,0.126,0.142,0.236,0.191,0.193,0.137,1.0,0.166,0.306,0.202,0.352,0.306,0.093,0.156,0.126,0.149,0.235,0.26,0.116,0.114,0.096,0.26
0.18,0.202,0.389,0.212,0.317,0.132,0.196,0.128,0.177,0.515,0.339,0.292,0.114,0.113,0.188,0.315,0.387,0.25,0.208,0.272,0.322,0.196,0.194,0.198,0.361,0.27,0.228,0.176,0.277,0.247,0.16,0.328,0.222,0.269,0.246,0.344,0.192,0.351,0.326,0.31,0.253,0.166,0.334,0.366,0.318,0.403,0.177,0.164,0.201,0.285,0.205,0.165,0.336,0.232,0.218,0.131,0.256,0.263,0.196,0.322,0.274,0.124,0.385,0.118,0.307,0.289,0.29,0.249,0.166,0.207,0.246,0.218,0.185,0.152,0.403,0.226,0.281,0.21,0.282,0.319,0.249,0.22,0.515,0.212,0.364,0.183,0.515,0.277,0.125,0.333,0.2,0.244,0.226,0.249,0.325,0.62,0.244,0.258,0.197,0.252,0.296,0.136,0.444,0.288,0.337,0.314,0.302,0.34,0.201,0.228,0.263,0.266,0.355,0.366,0.207,0.3,0.221,0.09,0.282,0.13,0.27,0.166,0.158,0.287,0.319,0.126,0.245,0.106,0.283,0.135,0.214,0.159,0.62,0.205,0.152,0.178,0.167,0.142,0.405,0.21,0.292,0.515,0.234,0.173,0.205,0.223,0.176,0.226,0.394,0.294,0.62,0.207,0.515,0.341,0.144,0.29,0.218,0.264,0.237,0.106,0.241,0.172,0.391,0.363,0.262,0.218,0.118,0.202,0.286,0.163,0.294,0.139,0.196,0.174,0.116,0.177,0.161,0.266,0.334,0.236,0.299,0.096,0.434,0.352,0.295,0.288,0.226,0.268,0.315,0.163,0.62,0.312,0.313,0.271,0.186,0.135,0.177,0.389,0.32,0.16,0.315,0.181,0.214,0.259,0.289,0.281,0.258,0.247,0.224,0.432,0.129,0.259,0.395,0.296,0.282,0.307,0.233,0.329,0.313,0.24,0.185,0.329,0.218,0.427,0.345,0.207,0.211,0.303,0.206,0.156,0.227,0.293,0.27,0.076,0.348,0.193,0.335,0.305,0.1,0.278,0.311,0.161,0.148,0.261,0.228,0.206,0.209,0.227,0.145,0.315,0.28,0.398,0.27,0.315,0.138,0.196,0.233,0.216,0.237,0.311,0.202,0.243,0.134,0.239,0.363,0.103,0.346,0.196,0.36,0.147,0.166,1.0,0.328,0.161,0.279,0.291,0.511,0.315,0.233,0.203,0.416,0.186,0.297,0.341,0.143,0.175
0.179,0.316,0.454,0.348,0.246,0.237,0.126,0.242,0.198,1.0,0.424,0.389,0.241,0.222,0.329,0.315,0.302,0.336,0.298,0.231,0.421,0.126,0.406,0.223,0.449,0.155,0.264,0.426,0.216,0.393,0.239,0.436,0.14,0.569,0.326,0.413,0.33,0.403,0.118,0.186,0.473,0.298,0.343,0.335,0.504,0.403,0.372,0.3,0.454,0.285,0.323,0.104,0.215,0.089,0.126,0.209,0.389,0.55,0.327,0.769,0.442,0.204,0.218,0.25,0.692,0.49,0.52,0.191,0.159,0.229,0.359,0.363,0.435,0.444,0.403,0.556,0.155,0.308,0.153,0.376,0.486,0.49,1.0,0.177,0.228,0.191,0.915,0.217,0.161,0.117,0.224,0.277,0.262,0.282,0.287,1.0,0.345,0.433,0.357,0.396,0.496,0.386,0.466,0.243,0.481,0.519,0.411,0.433,0.413,0.374,0.219,0.23,0.163,0.262,0.437,0.184,0.321,0.09,0.381,0.134,0.257,0.497,0.172,0.339,0.594,0.188,0.135,0.193,0.526,0.243,0.408,0.287,1.0,0.344,0.444,0.268,0.435,0.343,0.386,0.266,0.161,1.0,0.532,0.364,0.148,0.306,0.188,0.398,0.149,0.43,1.0,0.434,1.0,0.469,0.32,0.37,0.419,0.364,0.146,0.181,0.264,0.228,0.218,0.252,0.271,0.454,0.163,0.214,0.314,0.304,0.395,0.096,0.301,0.252,0.187,0.153,0.103,0.204,0.351,0.26,0.379,0.148,0.181,0.361,0.324,0.226,0.467,0.366,0.409,0.251,1.0,0.396,0.242,0.213,0.447,0.164,0.297,0.166,0.2,0.337,0.315,0.518,0.587,0.432,0.306,0.228,0.483,0.661,0.365,0.847,0.345,0.326,0.406,0.511,0.326,0.502,0.136,0.244,0.229,0.342,0.313,0.571,0.149,0.24,0.434,0.242,0.303,0.213,0.139,0.284,0.138,0.28,0.209,0.133,0.159,0.301,0.554,0.546,0.19,0.29,0.283,0.293,0.252,0.421,0.438,0.245,0.252,0.269,0.369,0.315,0.38,0.466,0.54,0.315,0.199,0.41,0.209,0.359,0.244,0.346,0.316,0.297,0.24,0.148,0.252,0.235,0.271,0.387,0.323,0.328,0.306,0.328,1.0,0.283,0.572,0.505,0.217,0.315,0.152,0.175,0.333,0.215,0.15,0.219,0.119,0.354
0.125,0.256,0.218,0.153,0.195,0.085,0.086,0.154,0.144,0.278,0.246,0.149,0.168,0.129,0.16,0.171,0.127,0.145,0.168,0.148,0.108,0.086,0.41,0.122,0.155,0.044,0.16,0.119,0.135,0.249,0.164,0.221,0.103,0.219,0.33,0.207,0.161,0.199,0.074,0.157,0.128,0.204,0.111,0.185,0.215,0.21,0.319,0.151,0.242,0.18,0.165,0.087,0.105,0.057,0.093,0.208,0.198,0.229,0.294,0.193,0.241,0.164,0.166,0.301,0.285,0.359,0.257,0.139,0.127,0.378,0.176,0.195,0.324,0.485,0.21,0.3,0.108,0.186,0.107,0.25,0.223,0.235,0.278,0.113,0.209,0.139,0.278,0.1,0.091,0.057,0.182,0.171,0.184,0.185,0.135,0.323,0.179,0.26,0.267,0.379,0.267,0.265,0.292,0.114,0.252,0.28,0.184,0.162,0.3,0.238,0.144,0.138,0.113,0.191,0.212,0.105,0.154,0.038,0.175,0.093,0.153,0.145,0.13,0.137,0.154,0.131,0.088,0.13,0.203,0.156,0.567,0.233,0.323,0.172,0.485,0.208,0.145,0.192,0.221,0.196,0.131,0.278,0.214,0.163,0.176,0.222,0.152,0.178,0.066,0.299,0.323,0.242,0.278,0.173,0.198,0.209,0.195,0.324,0.104,0.105,0.138,0.222,0.146,0.134,0.18,0.308,0.116,0.206,0.186,0.131,0.162,0.08,0.19,0.15,0.2,0.134,0.128,0.113,0.175,0.178,0.15,0.106,0.124,0.139,0.186,0.134,0.322,0.188,0.169,0.193,0.323,0.19,0.236,0.151,0.306,0.105,0.143,0.114,0.102,0.211,0.171,0.155,0.221,0.286,0.193,0.13,0.213,0.187,0.215,0.242,0.168,0.232,0.203,0.216,0.181,0.167,0.089,0.102,0.114,0.28,0.186,0.248,0.087,0.108,0.244,0.119,0.155,0.104,0.097,0.193,0.074,0.13,0.138,0.093,0.148,0.179,0.175,0.24,0.076,0.19,0.162,0.287,0.132,0.218,0.194,0.171,0.171,0.126,0.229,0.171,0.317,0.256,0.149,0.171,0.274,0.199,0.208,0.16,0.169,0.204,0.256,0.278,0.126,0.102,0.134,0.182,0.181,0.348,0.295,0.262,0.202,0.161,0.283,1.0,0.192,0.232,0.1,0.171,0.091,0.113,0.198,0.177,0.166,0.092,0.081,0.186
0.132,0.272,0.393,0.219,0.213,0.199,0.114,0.213,0.217,1.0,0.358,0.373,0.207,0.169,0.317,0.329,0.275,0.298,0.261,0.191,0.393,0.114,0.384,0.243,0.358,0.067,0.218,0.36,0.184,0.345,0.193,0.323,0.143,0.458,0.261,0.351,0.31,0.368,0.097,0.17,0.378,0.284,0.288,0.131,0.411,0.357,0.29,0.253,0.337,0.254,0.35,0.123,0.169,0.076,0.176,0.195,0.31,0.55,0.389,0.769,0.364,0.196,0.218,0.209,0.648,0.49,0.446,0.161,0.19,0.193,0.284,0.346,0.298,0.494,0.357,0.412,0.121,0.277,0.128,0.327,0.393,0.454,1.0,0.128,0.237,0.172,0.915,0.161,0.159,0.22,0.268,0.261,0.26,0.315,0.247,1.0,0.286,0.374,0.286,0.399,0.398,0.14,0.431,0.316,0.435,0.411,0.359,0.428,0.334,0.189,0.187,0.222,0.167,0.334,0.304,0.11,0.343,0.065,0.294,0.174,0.249,0.358,0.193,0.297,0.641,0.177,0.102,0.178,0.539,0.4,0.302,0.214,1.0,0.377,0.494,0.245,0.442,0.232,0.304,0.241,0.158,1.0,0.393,0.306,0.168,0.238,0.154,0.377,0.143,0.334,1.0,0.415,1.0,0.464,0.183,0.397,0.394,0.303,0.156,0.114,0.281,0.273,0.204,0.201,0.219,0.382,0.176,0.212,0.286,0.294,0.313,0.094,0.246,0.271,0.179,0.206,0.14,0.201,0.327,0.185,0.392,0.148,0.272,0.3,0.335,0.158,0.327,0.282,0.433,0.198,1.0,0.353,0.193,0.232,0.26,0.151,0.237,0.146,0.23,0.277,0.329,0.365,0.481,0.383,0.28,0.212,0.409,0.479,0.344,0.847,0.23,0.21,0.394,0.4,0.236,0.465,0.104,0.203,0.241,0.204,0.336,0.464,0.123,0.173,0.349,0.268,0.261,0.182,0.148,0.193,0.091,0.27,0.253,0.131,0.197,0.263,0.549,0.496,0.174,0.32,0.257,0.293,0.232,0.371,0.343,0.198,0.248,0.231,0.251,0.329,0.35,0.352,0.424,0.329,0.137,0.34,0.156,0.237,0.235,0.244,0.272,0.271,0.236,0.124,0.297,0.156,0.237,0.301,0.227,0.181,0.352,0.279,0.572,0.192,1.0,0.412,0.161,0.329,0.125,0.201,0.285,0.269,0.14,0.156,0.119,0.318
0.187,0.272,0.55,0.216,0.23,0.234,0.12,0.37,0.21,0.915,0.542,0.286,0.276,0.186,0.292,0.221,0.37,0.237,0.332,0.207,0.271,0.12,0.384,0.252,0.451,0.067,0.344,0.358,0.204,0.368,0.244,0.473,0.147,0.41,0.273,0.533,0.263,0.486,0.113,0.174,0.348,0.285,0.308,0.17,0.455,0.28,0.29,0.218,0.538,0.345,0.293,0.108,0.138,0.084,0.125,0.183,0.609,0.545,0.335,0.756,0.642,0.2,0.229,0.252,0.635,0.49,0.412,0.186,0.198,0.197,0.335,0.471,0.386,0.279,0.28,0.422,0.15,0.254,0.136,0.392,0.499,0.357,0.915,0.16,0.164,0.183,1.0,0.161,0.13,0.097,0.306,0.275,0.268,0.316,0.369,1.0,0.446,0.587,0.472,0.356,0.755,0.215,0.312,0.158,0.56,0.777,0.517,0.296,0.493,0.235,0.199,0.259,0.169,0.256,0.317,0.141,0.27,0.065,0.476,0.15,0.258,0.409,0.219,0.297,0.594,0.168,0.128,0.225,0.368,0.243,0.479,0.243,1.0,0.287,0.279,0.253,0.323,0.228,0.431,0.328,0.149,0.915,0.589,0.362,0.172,0.43,0.179,0.503,0.116,0.419,1.0,0.378,0.915,0.374,0.256,0.35,0.434,0.387,0.15,0.186,0.201,0.307,0.179,0.191,0.195,0.44,0.197,0.239,0.338,0.312,0.525,0.108,0.319,0.212,0.251,0.129,0.116,0.176,0.3,0.135,0.272,0.134,0.151,0.302,0.346,0.188,0.377,0.53,0.36,0.326,1.0,0.463,0.192,0.192,0.333,0.237,0.36,0.149,0.155,0.23,0.221,0.381,0.467,0.508,0.265,0.186,0.55,0.552,0.359,0.902,0.368,0.258,0.488,0.396,0.212,0.387,0.126,0.184,0.172,0.288,0.231,0.797,0.125,0.173,0.641,0.162,0.348,0.137,0.138,0.251,0.112,0.247,0.201,0.168,0.169,0.417,0.356,0.413,0.17,0.23,0.298,0.189,0.347,0.444,0.614,0.291,0.289,0.308,0.278,0.221,0.425,0.543,0.389,0.221,0.166,0.464,0.185,0.225,0.223,0.23,0.272,0.187,0.268,0.148,0.191,0.208,0.317,0.374,0.302,0.296,0.306,0.291,0.505,0.232,0.412,1.0,0.161,0.221,0.129,0.161,0.311,0.261,0.159,0.125,0.117,0.358
0.21,0.08,0.319,0.315,0.725,0.12,0.386,0.055,0.493,0.137,0.223,0.315,0.058,0.09,0.3,0.252,0.216,0.484,0.252,0.484,0.59,0.386,0.049,0.156,0.171,0.05,0.475,0.118,0.421,0.28,0.134,0.315,0.238,0.395,0.136,0.59,0.381,0.462,0.624,0.217,1.0,0.063,0.211,0.155,0.161,0.274,0.091,0.381,0.117,0.484,0.391,0.08,0.385,0.322,0.421,0.078,0.137,0.063,0.161,0.09,0.161,0.069,0.377,0.096,0.075,0.161,0.59,0.484,0.238,0.271,0.341,0.137,0.102,0.078,0.274,0.155,0.484,0.475,0.484,0.22,0.137,0.223,0.137,0.186,0.59,0.252,0.137,0.206,0.075,0.244,0.244,0.274,0.475,0.256,0.231,0.161,0.251,0.161,0.136,0.41,0.161,0.098,0.59,0.216,0.217,0.161,0.484,0.498,0.136,0.319,0.245,0.322,1.0,0.315,0.274,0.147,0.385,0.043,0.324,0.164,0.5,0.095,0.309,0.245,0.07,0.101,0.59,0.067,0.484,0.076,0.091,0.137,0.161,0.347,0.078,0.186,0.127,0.171,0.203,0.066,0.59,0.137,0.118,0.127,0.216,0.072,0.26,0.198,0.312,0.59,0.161,0.161,0.137,0.59,0.137,0.21,0.161,0.223,0.394,0.095,0.245,0.136,0.299,0.484,0.421,0.259,0.093,0.223,0.223,0.098,0.107,0.068,0.127,0.149,0.1,0.071,0.058,0.341,0.169,0.235,0.484,0.101,0.533,0.358,0.59,0.245,0.201,0.147,0.171,0.063,0.161,0.198,0.274,0.411,0.145,0.147,0.111,0.735,0.421,0.218,0.252,0.09,0.137,0.161,0.59,0.356,0.161,0.137,0.475,0.118,0.071,0.274,0.333,0.155,0.391,0.484,0.421,0.177,0.428,0.274,0.277,0.161,0.484,0.59,0.137,0.14,0.136,0.5,0.284,0.134,0.203,0.118,0.484,0.067,0.322,0.299,0.484,0.183,0.089,0.475,0.217,0.054,0.063,0.201,0.137,0.252,0.206,0.087,0.137,0.252,0.117,0.247,0.322,0.252,0.13,0.117,0.156,0.315,0.321,1.0,0.08,0.349,0.077,0.59,0.484,0.069,0.171,0.091,0.624,0.137,0.093,0.511,0.217,0.1,0.161,0.161,1.0,0.252,0.484,0.284,0.577,0.283,0.17,0.237,0.234,0.136
0.199,0.186,0.383,0.239,0.252,0.279,0.183,0.112,0.275,0.209,0.334,0.292,0.25,0.193,0.467,1.0,0.296,0.63,1.0,0.467,0.296,0.183,0.07,0.329,0.292,0.224,0.245,0.229,0.334,0.296,0.203,0.284,0.155,0.467,0.248,0.296,0.265,0.296,0.246,0.315,0.296,0.168,0.205,0.111,0.38,0.467,0.185,0.269,0.169,0.38,0.232,0.194,0.258,0.147,0.202,0.185,0.209,0.113,0.296,0.221,0.467,0.26,0.315,0.199,0.141,0.265,0.296,1.0,0.135,0.199,0.329,0.224,0.38,0.15,0.467,0.329,0.264,0.245,0.253,0.151,0.334,0.38,0.209,0.383,0.296,1.0,0.209,0.252,0.26,0.113,0.207,0.467,0.38,0.34,0.232,0.204,0.229,0.265,0.207,0.329,0.218,0.38,0.38,0.275,0.383,0.209,0.38,0.296,0.329,0.228,0.383,0.19,0.252,0.275,0.467,0.301,0.383,0.275,0.383,0.208,0.334,0.184,0.156,0.383,0.147,0.383,0.296,0.271,0.258,0.119,0.15,0.269,0.204,0.296,0.15,0.334,0.329,0.269,0.467,0.129,0.296,0.209,0.218,0.285,0.183,0.133,0.196,0.34,0.163,0.296,0.204,0.467,0.209,0.3,0.269,0.63,0.38,0.38,0.189,0.228,0.383,0.207,0.269,0.253,0.268,0.306,0.275,0.239,0.329,0.204,0.218,0.261,0.239,0.157,0.171,0.224,0.252,0.383,0.301,0.329,0.38,0.383,0.253,0.334,0.329,0.383,0.38,0.301,0.292,0.172,0.204,0.38,0.467,0.329,0.228,0.315,0.172,0.329,0.202,0.269,1.0,0.221,0.296,0.232,0.38,0.317,0.301,0.209,0.265,0.214,0.329,0.467,0.242,0.38,0.334,0.253,0.22,0.274,0.247,0.467,0.38,0.221,0.296,0.296,0.218,0.258,0.38,0.232,0.226,0.38,0.279,0.296,0.329,0.271,0.232,0.15,0.329,0.209,0.329,0.467,0.315,0.093,0.296,0.38,0.218,1.0,0.265,0.232,0.269,1.0,0.277,0.209,0.266,1.0,0.284,0.171,0.253,0.242,0.467,0.467,0.186,0.329,0.334,0.296,0.253,0.146,0.296,0.122,0.329,0.269,0.156,0.315,0.315,0.171,0.329,0.221,0.252,1.0,0.38,0.38,0.253,0.207,0.214,0.38,0.228,0.247
0.124,0.12,0.219,0.19,0.162,0.126,0.23,0.064,0.146,0.171,0.232,0.147,0.076,0.09,0.141,0.38,0.127,0.318,0.214,0.306,0.319,0.23,0.068,0.324,0.138,1.0,0.191,0.096,0.501,0.242,0.12,0.151,0.182,0.179,0.171,0.305,0.14,0.205,0.274,0.159,0.205,0.072,0.222,0.184,0.142,0.311,0.129,0.151,0.1,0.294,0.097,0.109,0.365,0.215,0.292,0.208,0.317,0.091,0.088,0.134,0.211,0.081,0.222,0.09,0.107,0.199,0.376,0.439,0.19,0.156,0.209,0.116,0.112,0.112,0.311,0.126,0.344,0.19,0.454,0.175,0.113,0.119,0.171,0.38,0.27,0.272,0.171,0.23,0.214,0.229,0.141,0.193,0.196,0.174,0.255,0.191,0.134,0.122,0.114,0.135,0.137,0.125,0.204,0.218,0.221,0.143,0.306,0.23,0.128,0.149,0.291,0.185,0.302,0.208,0.154,0.176,0.304,0.101,0.202,0.09,0.218,0.099,0.161,0.287,0.104,0.141,0.315,0.078,0.187,0.103,0.091,0.093,0.191,0.14,0.112,0.139,0.093,0.108,0.222,0.078,0.325,0.171,0.115,0.106,0.117,0.075,0.175,0.139,0.288,0.348,0.191,0.106,0.171,0.251,0.116,0.13,0.109,0.165,0.29,0.109,0.182,0.131,0.356,0.605,0.36,0.127,0.139,0.152,0.115,0.139,0.104,0.1,0.208,0.156,0.087,0.079,0.069,0.287,0.297,0.325,0.244,0.074,0.364,0.26,0.192,0.391,0.131,0.2,0.136,0.076,0.191,0.256,0.17,0.199,0.13,0.132,0.099,0.341,0.514,0.136,0.38,0.147,0.108,0.229,0.392,0.252,0.139,0.11,0.209,0.156,0.099,0.215,0.169,0.122,0.296,0.314,0.386,0.329,0.88,0.217,0.116,0.14,0.663,0.531,0.208,0.182,0.212,0.185,0.13,0.134,0.284,0.27,0.286,0.087,0.166,0.258,0.226,0.134,0.108,0.174,0.127,0.078,0.15,0.138,0.105,0.269,0.157,0.311,0.108,0.38,0.136,0.166,0.192,0.38,0.111,0.109,0.123,0.182,0.242,0.191,0.12,0.294,0.129,0.481,1.0,0.085,0.152,0.076,0.238,0.123,0.126,0.233,0.152,0.091,0.125,0.129,0.484,0.38,1.0,0.383,0.277,0.17,0.133,0.397,0.138,0.117
0.135,0.149,0.244,0.222,0.143,0.122,0.182,0.077,0.145,0.21,0.197,0.19,0.071,0.105,0.151,0.38,0.125,0.155,0.183,0.312,0.336,0.182,0.074,0.14,0.165,0.082,0.176,0.112,0.366,0.156,0.135,0.149,0.174,0.216,0.138,0.255,0.137,0.191,0.21,0.184,0.197,0.079,0.143,0.108,0.133,0.428,0.159,0.145,0.122,0.293,0.109,0.096,0.451,0.173,0.361,0.097,0.135,0.104,0.114,0.17,0.171,0.08,0.222,0.105,0.126,0.252,0.305,0.337,0.166,0.152,0.161,0.126,0.116,0.133,0.428,0.153,0.286,0.167,0.25,0.13,0.128,0.151,0.21,0.182,0.222,0.205,0.21,0.201,0.084,0.169,0.194,0.217,0.173,0.195,0.225,0.229,0.148,0.15,0.138,0.132,0.172,0.106,0.203,0.168,0.176,0.177,0.309,0.22,0.146,0.188,0.193,0.12,0.279,0.18,0.185,0.142,0.323,0.082,0.233,0.098,0.14,0.111,0.176,0.183,0.123,0.089,0.253,0.08,0.18,0.122,0.11,0.113,0.229,0.127,0.133,0.168,0.103,0.143,0.154,0.084,0.255,0.21,0.137,0.122,0.113,0.085,0.136,0.16,0.153,0.249,0.229,0.12,0.21,0.242,0.129,0.131,0.125,0.196,0.262,0.093,0.237,0.169,0.215,0.352,0.444,0.152,0.103,0.182,0.118,0.114,0.131,0.082,0.12,0.268,0.105,0.084,0.073,0.215,0.159,0.159,0.186,0.073,0.249,0.135,0.185,0.215,0.156,0.164,0.147,0.074,0.229,0.157,0.207,0.162,0.164,0.138,0.106,0.291,0.386,0.143,0.38,0.104,0.131,0.124,0.483,0.342,0.173,0.134,0.174,0.193,0.091,0.249,0.179,0.142,0.244,0.216,0.297,0.089,0.459,0.255,0.122,0.174,0.377,0.306,0.138,0.127,0.117,0.189,0.147,0.132,0.134,0.093,0.23,0.073,0.197,0.304,0.237,0.13,0.096,0.144,0.153,0.088,0.077,0.156,0.131,0.216,0.168,0.093,0.126,0.38,0.109,0.164,0.147,0.38,0.114,0.131,0.14,0.226,0.338,0.193,0.149,0.325,0.084,0.314,0.569,0.093,0.158,0.092,0.228,0.134,0.149,0.203,0.175,0.113,0.201,0.161,0.284,0.38,0.383,1.0,0.232,0.199,0.141,0.143,0.139,0.134
0.12,0.194,0.345,0.184,0.291,0.159,0.172,0.208,0.236,0.693,0.322,0.239,0.306,0.12,0.248,0.253,0.22,0.306,0.257,0.263,0.366,0.172,0.461,0.2,0.251,0.27,0.321,0.231,0.282,0.244,0.133,0.331,0.184,0.281,0.222,0.375,0.225,0.336,0.202,0.209,0.287,0.28,0.292,0.262,0.374,0.311,0.212,0.205,0.227,0.346,0.37,0.112,0.322,0.158,0.213,0.146,0.261,0.649,0.273,0.529,0.281,0.214,0.269,0.151,0.47,0.377,0.435,0.238,0.165,0.159,0.27,0.238,0.22,0.21,0.311,0.258,0.234,0.251,0.298,0.395,0.274,0.282,0.693,0.165,0.302,0.155,0.693,0.23,0.101,0.229,0.202,0.232,0.251,0.221,0.308,0.782,0.259,0.275,0.284,0.303,0.305,0.106,0.379,0.339,0.369,0.313,0.415,0.357,0.22,0.172,0.209,0.314,0.261,0.306,0.218,0.215,0.304,0.063,0.318,0.131,0.322,0.181,0.171,0.348,0.488,0.181,0.233,0.156,0.352,0.234,0.25,0.178,0.782,0.266,0.21,0.184,0.306,0.147,0.423,0.273,0.268,0.693,0.291,0.237,0.185,0.233,0.168,0.327,0.288,0.343,0.782,0.293,0.693,0.366,0.144,0.312,0.345,0.279,0.214,0.091,0.175,0.175,0.356,0.605,0.277,0.278,0.124,0.159,0.28,0.233,0.205,0.123,0.222,0.159,0.164,0.199,0.129,0.207,0.333,0.154,0.381,0.163,0.338,0.364,0.315,0.215,0.23,0.259,0.305,0.139,0.782,0.315,0.23,0.322,0.18,0.124,0.196,0.474,0.514,0.179,0.253,0.222,0.269,0.423,0.401,0.315,0.262,0.269,0.306,0.622,0.166,0.194,0.362,0.306,0.253,0.335,0.212,0.324,0.88,0.192,0.287,0.381,0.266,0.531,0.279,0.164,0.326,0.226,0.152,0.128,0.151,0.291,0.3,0.09,0.197,0.319,0.42,0.306,0.107,0.307,0.305,0.208,0.193,0.365,0.25,0.26,0.202,0.279,0.172,0.253,0.257,0.379,0.287,0.253,0.129,0.206,0.199,0.182,0.213,0.318,0.194,0.219,0.197,0.258,1.0,0.1,0.272,0.195,0.323,0.133,0.235,0.416,0.333,0.198,0.285,0.311,0.577,0.253,0.277,0.232,1.0,0.198,0.283,0.255,0.12,0.195
0.099,0.107,0.283,0.145,0.164,0.11,0.52,0.198,0.24,0.349,0.251,0.187,0.131,0.112,0.144,0.207,0.161,0.155,0.154,0.422,0.194,0.52,0.146,0.192,0.185,0.058,0.234,0.152,0.149,0.227,0.116,0.195,0.345,0.266,0.204,0.308,0.215,0.234,0.187,0.155,0.208,0.17,0.142,0.137,0.237,0.484,0.115,0.209,0.194,0.304,0.187,0.09,0.157,0.143,0.226,0.194,0.214,0.191,0.221,0.268,0.255,0.12,0.215,0.191,0.222,0.447,0.276,0.219,0.38,0.18,0.221,0.221,0.15,0.376,0.263,0.241,0.208,0.331,0.176,0.236,0.196,0.277,0.349,0.141,0.249,0.152,0.349,0.136,0.074,0.273,0.365,0.255,0.341,0.302,0.169,0.392,0.193,0.238,0.237,0.217,0.285,0.091,0.22,0.166,0.294,0.295,0.258,0.208,0.261,0.126,0.227,0.152,0.316,0.304,0.168,0.118,0.178,0.054,0.218,0.151,0.197,0.144,0.202,0.174,0.258,0.124,0.221,0.123,0.208,0.321,0.194,0.143,0.392,0.185,0.376,0.243,0.169,0.155,0.215,0.182,0.295,0.349,0.213,0.178,0.163,0.154,0.166,0.264,0.169,0.277,0.392,0.181,0.349,0.275,0.107,0.198,0.206,0.299,0.272,0.083,0.216,0.479,0.186,0.265,0.182,0.194,0.154,0.218,0.177,0.265,0.193,0.089,0.163,0.19,0.233,0.088,0.133,0.159,0.186,0.127,0.206,0.102,0.21,0.143,0.258,0.167,0.161,0.21,0.19,0.12,0.392,0.195,0.154,0.232,0.241,0.119,0.129,0.246,0.237,0.309,0.207,0.172,0.213,0.213,0.223,0.198,0.221,0.201,0.333,0.315,0.12,0.185,0.231,0.16,0.212,0.212,0.176,0.098,0.224,0.195,0.186,0.289,0.167,0.302,0.233,0.188,0.159,0.167,0.134,0.111,0.112,0.121,0.161,0.097,0.253,0.246,0.241,0.233,0.093,0.249,0.163,0.073,0.169,0.221,0.217,0.184,0.276,0.134,0.195,0.207,0.194,0.257,0.181,0.207,0.102,0.175,0.117,0.147,0.287,0.211,0.107,0.246,0.125,0.22,0.265,0.078,0.217,0.143,0.261,0.113,0.26,0.186,0.215,0.177,0.269,0.261,0.283,0.207,0.17,0.199,0.198,1.0,0.121,0.118,0.251,0.187
0.134,0.109,0.222,0.132,0.177,0.097,0.134,0.083,0.101,0.169,0.171,0.2,0.081,0.085,0.103,0.214,0.121,0.097,0.127,0.207,0.146,0.134,0.078,0.178,0.285,0.059,0.121,0.099,0.133,0.136,0.114,0.154,0.186,0.156,0.125,0.182,0.11,0.185,0.212,0.333,0.15,0.131,0.24,0.087,0.157,0.271,0.117,0.106,0.134,0.169,0.089,0.188,0.149,0.148,0.188,0.08,0.141,0.098,0.111,0.12,0.178,0.067,0.381,0.092,0.107,0.178,0.129,0.181,0.11,0.146,0.124,0.119,0.102,0.103,0.271,0.124,0.196,0.106,0.232,0.144,0.115,0.117,0.169,0.138,0.224,0.135,0.169,0.139,0.085,0.265,0.133,0.153,0.115,0.188,0.137,0.204,0.15,0.172,0.122,0.131,0.181,0.091,0.206,0.132,0.147,0.189,0.146,0.193,0.134,0.172,0.138,0.152,0.184,0.421,0.137,0.114,0.139,0.055,0.181,0.107,0.111,0.105,0.113,0.137,0.097,0.065,0.182,0.069,0.109,0.096,0.121,0.116,0.204,0.12,0.103,0.127,0.083,0.111,0.145,0.083,0.176,0.169,0.132,0.103,0.149,0.099,0.118,0.151,0.149,0.128,0.204,0.101,0.169,0.14,0.105,0.131,0.106,0.14,0.174,0.082,0.181,0.132,0.141,0.174,0.182,0.111,0.088,0.137,0.2,0.106,0.172,0.164,0.102,0.176,0.093,0.21,0.151,0.17,0.131,0.137,0.123,0.099,0.152,0.13,0.156,0.158,0.123,0.151,0.163,0.086,0.204,0.209,0.305,0.19,0.14,0.121,0.101,0.299,0.148,0.111,0.214,0.1,0.128,0.124,0.145,0.164,0.162,0.135,0.115,0.143,0.09,0.218,0.303,0.124,0.162,0.135,0.143,0.072,0.152,0.186,0.103,0.161,0.128,0.177,0.134,0.121,0.1,0.143,0.164,0.109,0.127,0.083,0.16,0.062,0.178,0.114,0.131,0.114,0.096,0.124,0.265,0.074,0.073,0.162,0.13,0.232,0.131,0.091,0.098,0.214,0.109,0.135,0.14,0.214,0.091,0.131,0.387,0.14,0.168,0.139,0.109,0.166,0.073,0.141,0.174,0.081,0.283,0.112,0.156,0.111,0.116,0.297,0.15,0.166,0.14,0.159,0.17,0.214,0.133,0.141,0.283,0.121,1.0,0.14,0.12,0.112
0.126,0.114,0.329,0.147,0.121,0.111,0.141,0.057,0.103,0.158,0.268,0.146,0.069,0.08,0.172,0.38,0.146,0.34,0.197,0.203,0.372,0.141,0.062,0.28,0.142,0.636,0.124,0.092,0.351,0.304,0.117,0.147,0.142,0.164,0.212,0.174,0.107,0.174,0.157,0.178,0.218,0.075,0.257,0.271,0.177,0.294,0.115,0.103,0.097,0.171,0.102,0.105,0.515,0.16,0.152,0.172,0.249,0.081,0.094,0.118,0.181,0.084,0.202,0.08,0.095,0.184,0.197,0.254,0.109,0.161,0.189,0.113,0.106,0.1,0.294,0.116,0.227,0.197,0.29,0.196,0.111,0.114,0.158,0.395,0.21,0.228,0.158,0.237,0.247,0.241,0.131,0.188,0.168,0.224,0.194,0.178,0.14,0.128,0.106,0.105,0.133,0.116,0.188,0.401,0.205,0.136,0.161,0.302,0.118,0.162,0.316,0.164,0.178,0.334,0.152,0.416,0.267,0.111,0.226,0.103,0.277,0.097,0.103,0.423,0.092,0.145,0.161,0.082,0.198,0.093,0.089,0.104,0.178,0.145,0.1,0.13,0.092,0.098,0.273,0.087,0.189,0.158,0.104,0.096,0.151,0.073,0.166,0.136,0.265,0.219,0.178,0.117,0.158,0.332,0.109,0.173,0.11,0.139,0.172,0.106,0.326,0.116,0.401,0.238,0.391,0.112,0.12,0.127,0.117,0.121,0.109,0.095,0.211,0.235,0.08,0.091,0.074,0.459,0.351,0.366,0.275,0.081,0.277,0.348,0.142,0.397,0.129,0.228,0.186,0.078,0.178,0.252,0.179,0.195,0.125,0.118,0.094,0.216,0.219,0.127,0.38,0.258,0.105,0.273,0.237,0.32,0.135,0.108,0.159,0.141,0.085,0.205,0.152,0.13,0.335,0.316,0.317,0.403,0.2,0.198,0.131,0.131,0.308,0.257,0.159,0.429,0.233,0.204,0.123,0.128,0.324,0.336,0.232,0.081,0.16,0.095,0.262,0.155,0.097,0.254,0.154,0.094,0.132,0.235,0.105,0.224,0.15,0.36,0.103,0.38,0.143,0.208,0.174,0.38,0.11,0.102,0.289,0.153,0.182,0.205,0.114,0.181,0.128,0.279,0.238,0.073,0.185,0.083,0.168,0.114,0.114,0.341,0.219,0.092,0.156,0.125,0.237,0.38,0.397,0.143,0.255,0.118,0.14,1.0,0.116,0.112
0.095,0.086,0.163,0.127,0.121,0.092,0.304,0.055,0.096,0.134,0.146,0.145,0.065,0.074,0.097,0.228,0.148,0.099,0.147,0.335,0.128,0.304,0.054,0.097,0.113,0.05,0.124,0.077,0.126,0.107,0.1,0.114,0.237,0.134,0.114,0.193,0.118,0.194,0.192,0.137,0.162,0.11,0.103,0.093,0.1,0.242,0.095,0.126,0.094,0.298,0.077,0.082,0.138,0.114,0.144,0.067,0.103,0.068,0.082,0.095,0.131,0.058,0.18,0.08,0.08,0.154,0.129,0.226,0.414,0.131,0.17,0.101,0.079,0.083,0.242,0.103,0.185,0.144,0.14,0.142,0.088,0.117,0.134,0.13,0.158,0.18,0.134,0.142,0.066,0.133,0.114,0.167,0.194,0.213,0.1,0.155,0.107,0.112,0.103,0.13,0.131,0.086,0.142,0.101,0.118,0.137,0.142,0.14,0.122,0.115,0.133,0.094,0.171,0.133,0.137,0.112,0.11,0.044,0.167,0.081,0.103,0.081,0.117,0.122,0.076,0.067,0.172,0.053,0.093,0.08,0.082,0.079,0.155,0.118,0.083,0.199,0.069,0.082,0.125,0.061,0.164,0.134,0.097,0.081,0.096,0.065,0.114,0.11,0.147,0.128,0.155,0.083,0.134,0.121,0.091,0.11,0.089,0.156,0.243,0.07,0.141,0.175,0.11,0.236,0.155,0.114,0.09,0.136,0.097,0.198,0.094,0.079,0.089,0.088,0.178,0.056,0.059,0.167,0.102,0.124,0.171,0.05,0.295,0.11,0.128,0.149,0.12,0.118,0.101,0.058,0.155,0.125,0.134,0.148,0.118,0.123,0.079,0.19,0.22,0.092,0.228,0.076,0.097,0.09,0.267,0.136,0.121,0.098,0.13,0.117,0.066,0.173,0.148,0.09,0.122,0.212,0.145,0.064,0.203,0.179,0.093,0.12,0.131,0.251,0.1,0.084,0.087,0.114,0.117,0.101,0.106,0.073,0.12,0.058,0.133,0.104,0.105,0.094,0.088,0.165,0.104,0.06,0.099,0.104,0.096,0.177,0.167,0.069,0.151,0.228,0.144,0.109,0.112,0.228,0.081,0.096,0.1,0.128,0.175,0.157,0.086,0.137,0.059,0.164,0.236,0.065,0.121,0.069,0.2,0.097,0.096,0.143,0.119,0.081,0.119,0.117,0.234,0.228,0.138,0.139,0.12,0.251,0.12,0.116,1.0,0.1
0.173,0.201,0.308,0.201,0.163,0.229,0.095,0.135,0.199,0.826,0.296,0.25,0.184,0.209,0.245,0.247,0.193,0.248,0.273,0.179,0.194,0.095,0.407,0.193,0.278,0.104,0.193,0.324,0.155,0.293,0.254,0.247,0.108,0.301,0.21,0.283,0.263,0.294,0.08,0.147,0.253,0.24,0.214,0.157,0.284,0.273,0.279,0.233,0.266,0.189,0.232,0.12,0.108,0.059,0.096,0.162,0.242,0.392,0.308,0.537,0.316,0.134,0.185,0.175,0.47,0.771,0.289,0.186,0.129,0.214,0.269,0.272,0.261,0.231,0.273,0.264,0.117,0.281,0.116,0.235,0.306,0.326,0.826,0.134,0.137,0.201,0.674,0.136,0.11,0.078,0.244,0.259,0.283,0.227,0.171,0.795,0.215,0.31,0.349,0.292,0.326,0.143,0.264,0.167,0.371,0.346,0.319,0.226,0.392,0.2,0.193,0.142,0.122,0.223,0.322,0.108,0.23,0.166,0.275,0.111,0.234,0.228,0.185,0.208,0.33,0.148,0.094,0.12,0.29,0.287,0.254,0.2,0.795,0.25,0.231,0.318,0.271,0.208,0.317,0.208,0.116,0.826,0.346,0.226,0.139,0.193,0.172,0.352,0.093,0.247,0.795,0.322,0.826,0.264,0.192,0.299,0.298,0.3,0.11,0.129,0.189,0.245,0.159,0.17,0.148,0.341,0.224,0.246,0.225,0.202,0.217,0.125,0.254,0.139,0.204,0.113,0.089,0.188,0.179,0.107,0.255,0.133,0.133,0.232,0.295,0.17,0.25,0.223,0.308,0.133,0.795,0.294,0.183,0.194,0.317,0.24,0.235,0.116,0.133,0.221,0.247,0.233,0.4,0.298,0.192,0.148,0.351,0.324,0.292,0.575,0.222,0.207,0.32,0.268,0.175,0.268,0.094,0.153,0.149,0.217,0.29,0.38,0.14,0.147,0.276,0.159,0.229,0.138,0.139,0.297,0.09,0.222,0.144,0.146,0.123,0.207,0.297,0.327,0.363,0.239,0.203,0.259,0.198,0.362,0.279,0.206,0.233,0.171,0.252,0.247,0.25,0.287,0.302,0.247,0.154,0.358,0.133,0.222,0.237,0.266,0.201,0.139,0.151,0.115,0.17,0.18,0.22,0.239,0.197,0.202,0.26,0.175,0.354,0.186,0.318,0.358,0.136,0.247,0.117,0.134,0.195,0.187,0.112,0.112,0.1,1.0
