84445,84033,197358,29937,285,79598,83879,624,2565,3480,85439,57864,81551,2742,11054,10395,1604,3687,140862,84824,4685,51129,53832,3624,150,84216,6902,2239,117145,4649,136332,494143,131096,9693,9732,1821,23433,947,4163,7381,2829,8727,10767,6237,7499,940,161742,80199,9928,2013,51447,27329,828,238,3126,283219,27330,91608,22,389,5289,83478,26297,56888,1830,490,9758,23533,80896,84251,57522,5579,659,56899,22879,65125,203547,152185,57348,5928,26472,85480,9373,207063,60626,286046,127495,22999,143689,9358,54714,116150,132884,117289,57526,831,28964,55704,55763,57121,88,9462,27019,23118,124599,11249,1004,64151,56994,5465,399694,241,84316,114327,7003,9402,26057,1946,10326,11262,55075,55843,10777,8543,80821,29990,4763,55631,57186,84467,5362,65989,472,11057,56990,9223,2241,5771,84083,127435,80208,9564,51109,8821,1500,139411,2835,3717,667,10111,339487,341019,26750,7474,10633,64097,2209,133396,25780,9946,84231,54621,11011,83849,51324,1496,23189,3495,11117,9815,859,409,9238,10417,11214,57569,5101,91404,65078,5145,51063,10672,221150,5902,127602,90853,3215,125,57758,22876,84166,11118,283554,182,30061,221391,134957,100506742,50615,10673,2110,10686,11163,55761,56882,10242,27,22839,23380,11248,8654,7429,1378,80851,4157,2841,2743,9162,10615,2903,4717,55576,55333,636,145226,166752,9657,57461,246176,3113,773,221955,54514,487,10010,23504,27253,9495,8797,846,5137,57664,57088,64343,57537,2887,8622,79998,58494,3315,1068,3613,10063,100113407,9994,23181,11213,10471,25927,19,10219,53944,7366,140,2857,114795,2259,26060
1.0,0.415,0.532,0.149,0.507,0.111,0.226,0.495,0.348,0.532,0.142,0.26,0.121,0.348,0.18,0.415,0.376,0.409,0.073,0.495,0.073,0.169,0.349,0.495,0.417,0.256,0.125,0.594,0.532,0.415,0.042,0.101,0.086,0.417,0.127,0.251,0.507,0.507,1.0,0.068,0.417,0.257,0.507,0.415,0.101,0.495,0.532,1.0,0.31,0.416,0.24,0.507,0.417,0.507,0.16,0.647,0.507,0.167,0.158,0.507,0.295,0.411,0.507,0.251,0.091,0.258,0.125,0.417,0.034,0.101,0.165,0.507,0.385,0.297,0.024,0.649,0.051,0.099,0.084,0.461,0.074,0.416,0.507,0.102,0.417,0.076,0.417,0.368,0.132,0.409,0.507,0.253,0.409,0.415,0.119,0.12,0.497,0.348,0.109,0.101,0.227,0.507,0.072,0.348,0.307,0.348,0.119,0.177,0.18,0.532,0.344,0.102,0.169,0.226,0.348,0.507,0.331,0.297,0.507,0.095,0.532,0.415,0.101,0.134,0.1,0.344,0.532,0.417,0.033,0.049,0.409,0.647,0.507,0.259,0.608,0.507,0.42,0.552,0.163,0.281,0.14,0.417,0.125,0.507,1.0,0.409,0.417,0.507,0.409,0.163,0.03,0.115,0.507,1.0,0.348,0.101,0.507,0.349,0.348,0.068,0.354,0.091,0.417,0.112,0.274,0.213,0.649,0.254,0.568,0.497,0.532,0.538,0.226,0.119,0.417,0.415,0.119,0.103,0.495,0.257,0.28,0.507,0.33,0.507,0.051,0.071,0.071,0.067,0.507,0.33,0.417,0.254,0.288,0.416,0.053,0.417,0.136,0.118,0.349,0.507,0.095,0.119,0.417,0.056,0.507,0.156,0.507,0.31,0.415,0.348,0.257,0.263,0.274,0.417,0.417,0.417,0.348,0.417,0.14,0.409,0.05,0.119,0.524,0.532,0.125,0.119,0.187,0.035,0.121,0.16,0.31,0.151,0.091,0.256,0.532,0.122,0.119,0.507,0.507,0.417,0.257,0.649,0.053,0.26,0.348,0.892,0.288,0.115,0.199,0.417,0.084,0.507,0.177,1.0,0.507,0.098,0.599,0.125,0.507,0.417,0.495,0.649,0.142,0.507,0.417,0.101,0.507,0.507
0.415,1.0,0.267,0.144,0.25,0.142,0.316,0.203,0.224,0.28,0.161,0.27,0.202,0.194,0.241,0.327,0.163,0.198,0.13,0.295,0.125,0.143,0.385,0.192,0.276,0.404,0.212,0.254,0.265,0.38,0.169,0.136,0.093,0.295,0.109,0.252,0.282,0.181,0.364,0.085,0.262,0.545,0.258,0.333,0.147,0.157,0.299,0.257,0.213,0.23,0.122,0.16,0.678,0.232,0.129,0.23,0.328,0.101,0.16,0.301,0.203,0.281,0.333,0.103,0.164,0.141,0.167,0.375,0.041,0.109,0.138,0.294,0.155,0.358,0.035,0.208,0.103,0.21,0.113,0.168,0.096,0.189,0.177,0.134,0.556,0.137,0.678,0.197,0.069,0.238,0.302,0.111,0.472,1.0,0.22,0.13,0.272,0.359,0.154,0.164,0.314,0.663,0.149,0.228,0.395,0.472,0.175,0.163,0.117,0.182,0.407,0.118,0.147,0.18,0.219,0.483,0.246,0.191,0.344,0.094,0.332,0.513,0.232,0.134,0.196,0.239,0.197,0.678,0.049,0.276,0.252,0.499,0.21,0.147,0.803,0.36,0.248,0.274,0.126,0.164,0.179,0.317,0.104,0.282,0.2,0.2,0.323,0.248,0.261,0.116,0.039,0.154,0.663,0.202,0.722,0.322,0.343,0.247,0.468,0.11,0.281,0.164,0.251,0.185,0.323,0.188,0.334,0.149,0.216,0.409,0.233,0.249,0.149,0.22,0.553,1.0,0.22,0.087,0.304,0.242,0.157,0.543,0.202,0.348,0.111,0.063,0.152,0.074,0.663,0.187,0.222,0.141,0.513,0.193,0.077,0.269,0.15,0.107,0.185,0.33,0.102,0.15,0.246,0.219,0.663,0.112,0.249,0.384,0.295,0.472,0.435,0.228,0.124,0.678,0.258,0.556,0.185,0.237,0.257,0.216,0.115,0.169,0.279,0.356,0.095,0.231,0.198,0.095,0.291,0.126,0.147,0.135,0.129,0.144,0.241,0.127,0.22,0.339,0.31,0.221,0.435,0.252,0.108,0.146,0.472,0.211,0.316,0.153,0.161,0.221,0.231,0.266,0.171,0.415,0.35,0.113,0.232,0.182,0.417,0.214,0.253,0.375,0.109,0.238,0.556,0.232,0.324,0.254
0.532,0.267,1.0,0.341,0.393,0.126,0.619,0.317,0.253,0.405,0.154,0.196,0.135,0.252,0.361,0.332,0.277,0.329,0.192,0.324,0.166,0.188,0.586,0.394,0.399,0.648,0.179,0.225,0.327,0.268,0.077,0.157,0.112,0.391,0.156,0.396,0.34,0.361,0.45,0.097,0.366,0.769,0.413,0.321,0.153,0.477,0.363,0.305,0.261,0.237,0.21,0.264,1.0,0.385,0.195,0.284,0.429,0.106,0.205,0.335,0.251,0.261,0.354,0.164,0.206,0.336,0.277,0.378,0.12,0.146,0.26,0.439,0.268,0.627,0.039,0.301,0.107,0.121,0.087,0.41,0.554,0.437,0.285,0.203,0.815,0.09,1.0,0.266,0.219,0.261,0.338,0.191,0.736,0.678,0.267,0.183,0.43,0.35,0.145,0.157,0.204,0.915,0.116,0.363,0.527,0.736,0.146,0.185,0.21,0.463,0.674,0.123,0.283,0.214,0.426,0.414,0.36,0.231,0.391,0.243,0.477,0.347,0.285,0.141,0.187,0.252,0.3,1.0,0.088,0.117,0.303,0.649,0.359,0.172,0.693,0.386,0.377,0.469,0.233,0.312,0.107,0.39,0.13,0.343,0.242,0.247,0.4,0.444,0.254,0.246,0.199,0.235,0.915,0.364,0.902,0.153,0.391,0.413,0.366,0.188,0.261,0.206,0.336,0.131,0.484,0.221,0.331,0.294,0.408,0.273,0.253,0.469,0.309,0.267,0.357,0.678,0.267,0.17,0.332,0.238,0.225,0.449,0.201,0.355,0.114,0.178,0.188,0.097,0.915,0.299,0.484,0.369,0.509,0.256,0.089,0.313,0.145,0.186,0.27,0.36,0.131,0.135,0.347,0.095,0.915,0.146,0.345,0.4,0.251,0.736,0.769,0.258,0.4,1.0,0.513,0.815,0.249,0.327,0.173,0.265,0.106,0.181,0.379,0.269,0.136,0.135,0.18,0.123,0.15,0.29,0.179,0.204,0.12,0.209,0.469,0.253,0.267,0.367,0.379,0.263,0.769,0.184,0.129,0.204,0.736,0.316,0.27,0.144,0.188,0.389,0.105,0.335,0.22,0.532,0.394,0.279,0.596,0.227,0.31,0.274,0.341,0.359,0.155,0.489,0.815,0.285,0.355,0.419
0.149,0.144,0.341,1.0,0.325,0.063,0.147,0.194,0.192,0.185,0.092,0.086,0.081,0.238,0.123,0.209,0.212,0.136,0.085,0.157,0.042,0.125,0.15,0.158,0.157,0.102,0.069,0.13,0.159,0.144,0.04,0.132,0.238,0.188,0.155,0.049,0.185,0.185,0.185,0.042,0.244,0.108,0.185,0.144,0.132,0.157,0.159,0.166,0.142,0.128,0.132,0.185,0.157,0.185,0.188,0.184,0.185,0.117,0.097,0.185,0.187,0.12,0.185,0.12,0.051,0.208,0.128,0.157,0.021,0.308,0.101,0.185,0.205,0.108,0.034,0.19,0.087,0.063,0.046,0.158,0.123,0.22,0.185,0.067,0.157,0.098,0.157,0.142,0.138,0.136,0.185,0.124,0.136,0.144,0.065,0.071,0.273,0.147,0.075,0.132,0.238,0.185,0.041,0.162,0.135,0.136,0.065,0.114,0.123,1.0,0.12,0.101,0.097,0.147,0.136,0.185,0.137,0.112,0.185,0.12,0.341,0.209,0.132,0.097,0.08,0.12,0.184,0.157,0.062,0.065,0.209,0.184,0.185,0.125,0.207,0.185,0.244,0.398,0.088,0.158,0.032,0.157,0.113,0.185,0.238,0.136,0.199,0.285,0.136,0.101,0.02,0.077,0.185,0.285,0.136,0.132,0.185,0.238,0.136,0.038,0.123,0.051,0.157,0.069,0.109,0.382,0.159,0.148,0.205,0.171,0.238,0.161,0.147,0.065,0.157,0.144,0.065,0.063,0.213,0.108,0.188,0.185,0.094,0.185,0.029,0.051,0.065,0.101,0.185,0.213,0.173,0.12,0.096,0.147,0.14,0.192,0.088,0.22,0.15,0.185,0.12,0.114,0.157,0.033,0.185,0.192,0.185,0.096,0.144,0.136,0.108,0.209,0.179,0.157,0.199,0.157,0.238,0.157,0.092,0.188,0.031,0.104,0.166,0.159,0.142,0.065,0.142,0.021,0.158,0.188,0.126,0.285,0.051,0.125,0.185,0.027,0.065,0.185,0.185,0.212,0.108,0.103,0.098,0.134,0.136,0.173,0.108,0.077,0.138,0.157,0.046,0.185,0.114,0.149,0.185,0.118,0.254,0.192,0.189,0.165,0.157,0.185,0.125,0.185,0.157,0.132,0.185,0.219
0.507,0.25,0.393,0.325,1.0,0.094,0.49,0.348,0.309,0.442,0.15,0.184,0.166,0.278,0.378,0.361,0.242,0.431,0.656,0.36,0.188,0.272,0.686,0.36,0.406,0.635,0.154,0.296,0.221,0.238,0.098,0.191,0.121,0.427,0.194,0.44,0.304,0.429,0.458,0.109,0.416,0.756,0.367,0.468,0.207,0.366,0.389,0.341,0.304,0.329,0.201,0.357,0.915,0.412,0.137,0.249,0.473,0.125,0.156,0.331,0.233,0.209,0.368,0.208,0.217,0.248,0.293,0.4,0.129,0.186,0.651,0.441,0.398,0.756,0.051,0.332,0.089,0.107,0.093,0.326,0.145,0.359,0.308,0.243,0.915,0.141,0.915,0.241,0.184,0.323,0.341,0.299,0.847,0.663,0.259,0.14,0.338,0.333,0.143,0.2,0.221,1.0,0.162,0.349,0.62,0.847,0.223,0.198,0.22,0.292,0.881,0.125,0.279,0.242,0.342,0.463,0.252,0.326,0.412,0.146,0.369,0.364,0.329,0.281,0.224,0.349,0.371,0.915,0.098,0.479,0.385,0.567,0.328,0.21,0.782,0.398,0.388,0.385,0.193,0.294,0.155,0.526,0.158,0.368,0.212,0.344,0.422,0.423,0.278,0.21,0.378,0.279,1.0,0.344,0.847,0.2,0.432,0.403,0.402,0.312,0.284,0.217,0.316,0.152,0.594,0.285,0.331,0.274,0.402,0.344,0.245,0.357,0.307,0.259,0.467,0.663,0.259,0.181,0.394,0.324,0.187,0.535,0.167,0.374,0.166,0.13,0.234,0.113,1.0,0.303,0.312,0.316,0.516,0.438,0.117,0.403,0.16,0.14,0.247,0.369,0.137,0.138,0.328,0.078,1.0,0.174,0.396,0.466,0.309,0.847,0.756,0.272,0.232,0.915,0.395,0.915,0.329,0.325,0.193,0.349,0.088,0.303,0.506,0.29,0.187,0.236,0.2,0.151,0.165,0.199,0.185,0.211,0.16,0.212,0.373,0.31,0.259,0.39,0.434,0.335,0.756,0.235,0.14,0.2,0.847,0.298,0.285,0.134,0.202,0.4,0.104,0.353,0.194,0.507,0.466,0.203,0.394,0.168,0.319,0.265,0.329,0.386,0.188,0.426,0.915,0.329,0.459,0.374
0.111,0.142,0.126,0.063,0.094,1.0,0.187,0.072,0.089,0.096,0.149,0.072,0.292,0.065,0.261,0.145,0.075,0.085,0.06,0.12,0.054,0.074,0.106,0.08,0.091,0.086,0.132,0.143,0.101,0.153,0.328,0.06,0.05,0.116,0.058,0.06,0.173,0.076,0.141,0.044,0.082,0.086,0.119,0.075,0.064,0.109,0.096,0.258,0.128,0.093,0.124,0.062,0.148,0.108,0.078,0.098,0.116,0.053,0.13,0.179,0.1,0.31,0.164,0.033,0.07,0.071,0.199,0.104,0.026,0.102,0.137,0.121,0.063,0.086,0.017,0.088,0.092,0.493,0.04,0.118,0.024,0.074,0.082,0.086,0.148,0.083,0.148,0.097,0.042,0.088,0.123,0.05,0.121,0.095,0.093,0.119,0.125,0.222,0.115,0.068,0.133,0.184,0.193,0.071,0.102,0.121,0.096,0.237,0.127,0.085,0.101,0.082,0.138,0.22,0.119,0.137,0.115,0.174,0.148,0.052,0.093,0.107,0.08,0.082,0.217,0.118,0.07,0.148,0.025,0.038,0.156,0.137,0.106,0.053,0.142,0.15,0.12,0.094,0.062,0.187,0.094,0.11,0.049,0.123,0.077,0.069,0.134,0.078,0.151,0.098,0.02,0.282,0.184,0.079,0.121,0.138,0.123,0.094,0.117,0.051,0.061,0.07,0.122,0.087,0.076,0.142,0.208,0.048,0.116,0.08,0.097,0.08,0.138,0.093,0.122,0.095,0.093,0.085,0.183,0.07,0.075,0.138,0.271,0.306,0.066,0.04,0.047,0.049,0.184,0.098,0.076,0.062,0.067,0.067,0.038,0.09,0.091,0.07,0.076,0.151,0.043,0.07,0.079,0.264,0.184,0.046,0.133,0.111,0.16,0.121,0.086,0.154,0.073,0.148,0.086,0.148,0.059,0.088,0.312,0.067,0.094,0.057,0.102,0.176,0.045,0.079,0.35,0.095,0.242,0.063,0.055,0.047,0.078,0.059,0.083,0.028,0.093,0.094,0.109,0.069,0.086,0.07,0.088,0.065,0.121,0.083,0.081,0.432,0.07,0.073,0.32,0.111,0.107,0.111,0.124,0.074,0.098,0.128,0.124,0.094,0.098,0.138,0.047,0.117,0.148,0.08,0.105,0.097
0.226,0.316,0.619,0.147,0.49,0.187,1.0,0.45,0.418,0.771,0.341,0.26,0.324,0.418,0.425,0.771,0.467,0.771,0.119,0.45,0.197,0.323,0.323,0.771,0.771,0.29,0.323,0.341,0.245,0.316,0.097,0.265,0.23,0.771,0.226,0.204,0.49,0.49,0.619,0.171,0.45,0.372,0.49,0.392,0.265,0.45,0.316,0.771,0.771,0.771,0.347,0.49,0.45,1.0,0.196,0.255,0.49,0.154,0.26,0.49,0.392,0.222,0.49,0.204,0.235,0.335,0.319,0.45,0.076,0.252,0.266,0.49,1.0,0.372,0.068,0.49,0.156,0.226,0.199,0.771,0.067,0.771,0.49,0.257,0.45,0.169,0.45,0.208,0.278,0.418,0.49,0.284,0.418,0.316,0.291,0.246,0.528,1.0,0.31,0.265,0.394,0.49,0.193,0.418,0.291,0.418,0.291,0.447,0.425,0.362,0.392,0.123,0.304,0.582,0.418,0.49,0.447,0.449,0.49,0.186,0.29,0.418,0.265,0.344,0.233,0.392,0.619,0.45,0.107,0.12,0.425,0.255,0.582,0.262,0.377,0.49,0.771,0.771,0.19,0.771,0.144,0.45,0.152,0.49,0.235,0.418,0.45,0.771,0.418,0.243,0.09,0.302,0.49,0.619,0.418,0.265,0.49,0.771,0.418,0.173,0.296,0.235,0.45,0.285,0.279,0.369,0.595,0.288,1.0,0.343,0.41,0.284,0.771,0.291,0.45,0.316,0.291,0.185,0.45,0.372,0.344,0.49,0.324,0.49,0.13,0.186,0.186,0.152,0.49,0.392,0.45,0.288,0.232,1.0,0.139,0.45,0.318,0.241,0.323,0.49,0.197,0.291,0.45,0.151,0.49,0.188,0.549,0.34,0.316,0.418,0.372,0.357,0.771,0.45,0.45,0.45,0.418,0.45,0.372,0.418,0.153,0.291,0.525,0.353,0.152,0.291,0.291,0.09,0.324,0.259,0.34,0.188,0.235,0.29,0.49,0.135,0.291,0.49,0.49,0.45,0.372,0.226,0.137,0.248,0.418,0.256,0.372,0.302,0.264,0.45,0.199,0.49,0.771,0.226,0.49,0.183,0.45,0.323,0.363,0.45,0.45,0.49,0.179,0.771,0.45,0.265,0.49,0.49
0.495,0.203,0.317,0.194,0.348,0.072,0.45,1.0,0.33,0.385,0.142,0.198,0.116,0.344,0.339,0.238,0.281,0.279,0.121,0.386,0.166,0.205,0.719,0.289,0.384,0.531,0.161,0.257,0.192,0.241,0.081,0.21,0.208,0.349,0.275,0.396,0.292,0.258,0.366,0.091,0.551,0.627,0.306,0.261,0.213,0.272,0.239,0.226,0.207,0.22,0.143,0.285,0.815,0.363,0.116,0.197,0.377,0.252,0.188,0.285,0.216,0.16,0.362,0.189,0.197,0.464,0.25,0.395,0.07,0.221,0.209,0.345,0.28,0.881,0.05,0.293,0.091,0.1,0.167,0.192,0.383,0.319,0.28,0.203,1.0,0.12,0.815,0.221,0.141,0.302,0.368,0.213,0.902,0.556,0.243,0.102,0.303,0.287,0.15,0.237,0.225,0.915,0.116,0.363,0.527,0.902,0.145,0.17,0.149,0.258,1.0,0.098,0.233,0.189,0.248,0.415,0.246,0.273,0.404,0.217,0.348,0.339,0.329,0.13,0.187,0.345,0.254,0.815,0.112,0.129,0.326,0.573,0.261,0.167,0.693,0.377,0.325,0.33,0.159,0.172,0.127,0.492,0.13,0.33,0.269,0.362,0.41,0.384,0.307,0.157,0.079,0.235,0.915,0.28,0.736,0.225,0.444,0.451,0.347,0.149,0.212,0.197,0.291,0.16,0.592,0.165,0.251,0.247,0.299,0.286,0.327,0.284,0.197,0.243,0.367,0.556,0.243,0.143,0.337,0.242,0.234,0.496,0.158,0.355,0.114,0.09,0.127,0.096,0.915,0.256,0.301,0.244,0.416,0.232,0.194,0.343,0.158,0.147,0.246,0.352,0.163,0.217,0.285,0.073,0.915,0.385,0.389,0.4,0.179,0.902,0.627,0.234,0.198,0.815,0.376,1.0,0.38,0.3,0.178,0.371,0.079,0.201,0.252,0.193,0.206,0.147,0.19,0.047,0.148,0.16,0.297,0.162,0.115,0.378,0.336,0.253,0.243,0.374,0.404,0.391,0.627,0.193,0.225,0.224,0.902,0.275,0.251,0.116,0.168,0.3,0.101,0.326,0.178,0.495,0.424,0.082,0.316,0.2,0.279,0.325,0.494,0.38,0.146,0.518,1.0,0.329,0.366,0.34
0.348,0.224,0.253,0.192,0.309,0.089,0.418,0.33,1.0,0.327,0.167,0.289,0.18,0.623,0.307,0.27,0.159,0.252,0.165,0.326,0.147,0.202,0.507,0.265,0.334,0.449,0.227,0.333,0.189,0.285,0.122,0.198,0.363,0.351,0.123,0.622,0.269,0.234,0.341,0.099,0.356,0.521,0.287,0.268,0.201,0.2,0.223,0.242,0.233,0.199,0.142,0.257,0.736,0.329,0.122,0.17,0.415,0.145,0.259,0.29,0.207,0.155,0.361,0.198,0.181,0.262,0.259,0.385,0.057,0.18,0.178,0.328,0.242,0.521,0.05,0.252,0.131,0.138,0.299,0.199,0.119,0.212,0.238,0.172,0.902,0.165,0.736,0.254,0.119,0.259,0.431,0.145,0.645,0.472,0.231,0.194,0.273,0.287,0.179,0.226,0.282,0.847,0.14,0.256,0.455,0.791,0.242,0.172,0.14,0.194,0.575,0.126,0.196,0.203,0.264,0.482,0.19,0.26,0.394,0.11,0.305,0.349,0.329,0.158,0.16,0.267,0.274,0.736,0.112,0.275,0.434,0.412,0.218,0.155,0.622,0.397,0.263,0.25,0.14,0.179,0.301,0.387,0.132,0.32,0.28,0.412,0.437,0.289,0.269,0.137,0.061,0.201,0.847,0.267,0.645,0.231,0.393,0.334,0.376,0.131,0.197,0.181,0.253,0.223,0.397,0.216,0.23,0.171,0.228,0.355,0.247,0.261,0.185,0.231,0.4,0.472,0.231,0.198,0.334,0.275,0.244,0.531,0.172,0.365,0.097,0.079,0.165,0.105,0.847,0.206,0.227,0.165,0.339,0.257,0.207,0.356,0.176,0.096,0.205,0.359,0.121,0.232,0.261,0.126,0.847,0.291,0.295,0.556,0.35,0.791,0.521,0.202,0.149,0.736,0.34,0.902,0.715,0.26,0.187,0.452,0.133,0.205,0.227,0.206,0.155,0.219,0.201,0.093,0.156,0.137,0.344,0.167,0.119,0.221,0.277,0.701,0.231,0.411,0.37,0.304,0.521,0.185,0.152,0.157,0.791,0.225,0.249,0.125,0.164,0.225,0.162,0.308,0.205,0.348,0.413,0.126,0.254,0.254,0.289,0.296,0.293,0.397,0.146,0.313,0.902,0.329,0.5,0.307
0.532,0.28,0.405,0.185,0.442,0.096,0.771,0.385,0.327,1.0,0.214,0.281,0.185,0.364,0.449,0.408,0.278,0.435,0.321,0.415,0.211,0.271,0.686,0.423,0.531,0.635,0.197,0.309,0.287,0.307,0.105,0.2,0.151,0.522,0.216,0.44,0.45,0.396,0.423,0.145,0.425,0.756,0.396,0.413,0.241,0.441,0.422,0.388,0.451,0.386,0.283,0.396,0.915,0.595,0.182,0.266,0.482,0.148,0.238,0.448,0.343,0.235,0.385,0.237,0.251,0.295,0.554,0.513,0.167,0.228,0.629,0.481,0.463,0.756,0.052,0.446,0.096,0.132,0.158,0.316,0.54,0.464,0.416,0.321,0.915,0.173,0.915,0.301,0.165,0.338,0.404,0.305,0.847,0.663,0.311,0.207,0.384,0.46,0.22,0.205,0.319,1.0,0.182,0.405,0.62,0.847,0.245,0.244,0.233,0.33,0.881,0.138,1.0,0.266,0.367,0.462,0.355,0.379,0.424,0.148,0.357,0.358,0.467,0.229,0.377,0.324,0.467,0.915,0.098,0.569,0.384,0.649,0.457,0.233,0.782,0.424,0.552,0.455,0.211,0.258,0.178,0.572,0.179,0.4,0.239,0.341,0.382,0.572,0.339,0.245,0.141,0.279,1.0,0.456,0.847,0.207,0.478,0.532,0.37,0.251,0.402,0.251,0.451,0.219,0.594,0.279,0.382,0.333,0.401,0.359,0.332,0.429,0.303,0.311,0.456,0.663,0.311,0.181,0.395,0.292,0.249,0.47,0.229,0.39,0.274,0.112,0.179,0.107,1.0,0.355,0.373,0.272,0.647,0.445,0.136,0.373,0.222,0.161,0.296,0.394,0.16,0.217,0.366,0.121,1.0,0.189,0.506,0.466,0.355,0.847,0.756,0.365,0.309,0.915,0.403,0.915,0.362,0.38,0.236,0.379,0.12,0.252,0.359,0.304,0.208,0.209,0.204,0.083,0.192,0.282,0.306,0.187,0.171,0.292,0.425,0.31,0.311,0.404,0.464,0.36,0.756,0.236,0.214,0.213,0.847,0.433,0.329,0.149,0.248,0.467,0.135,0.414,0.294,0.532,0.442,0.167,0.489,0.207,0.314,0.359,0.352,0.436,0.181,0.433,0.915,0.467,0.461,0.464
0.142,0.161,0.154,0.092,0.15,0.149,0.341,0.142,0.167,0.214,1.0,0.344,0.192,0.198,0.481,0.174,0.127,0.179,0.078,0.178,0.151,0.152,0.198,0.139,0.201,0.172,0.221,0.21,0.188,0.159,0.099,0.157,0.2,0.167,0.131,0.16,0.311,0.136,0.243,0.104,0.152,0.196,0.171,0.142,0.178,0.132,0.124,0.148,0.182,0.177,0.161,0.119,0.271,0.174,0.094,0.103,0.172,0.131,0.272,0.209,0.26,0.157,0.226,0.087,0.191,0.188,0.383,0.172,0.05,0.348,0.229,0.18,0.11,0.196,0.044,0.184,0.102,0.238,0.263,0.154,0.053,0.129,0.208,0.161,0.271,0.311,0.271,0.292,0.077,0.21,0.294,0.136,0.239,0.187,0.251,0.169,0.259,0.261,0.319,0.181,0.234,0.312,0.12,0.118,0.185,0.239,0.184,0.2,0.176,0.142,0.214,0.099,0.179,0.182,0.173,0.224,0.137,0.192,0.339,0.092,0.179,0.169,0.261,0.159,0.265,0.153,0.126,0.271,0.057,0.104,0.199,0.164,0.152,0.087,0.244,0.23,0.162,0.127,0.109,0.202,0.246,0.22,0.101,0.177,0.147,0.126,0.204,0.145,0.215,0.123,0.052,0.183,0.312,0.134,0.239,0.217,0.194,0.16,0.19,0.131,0.128,0.191,0.221,0.575,0.161,0.197,0.198,0.1,0.173,0.397,0.215,0.221,0.171,0.251,0.16,0.187,0.251,0.232,0.174,0.122,0.173,0.224,0.233,0.224,0.123,0.064,0.095,0.087,0.312,0.334,0.127,0.1,0.138,0.117,0.15,0.149,0.456,0.1,0.13,0.204,0.108,0.265,0.134,0.156,0.312,0.154,0.278,0.207,0.162,0.239,0.196,0.182,0.116,0.271,0.155,0.271,0.203,0.144,0.265,0.186,0.144,0.444,0.135,0.285,0.092,0.189,0.13,0.09,0.208,0.098,0.145,0.091,0.102,0.183,0.14,0.084,0.251,0.185,0.187,0.171,0.196,0.1,0.242,0.094,0.239,0.135,0.138,0.206,0.14,0.148,0.184,0.174,0.21,0.142,0.201,0.079,0.15,0.215,0.167,0.229,0.153,0.517,0.103,0.175,0.271,0.261,0.198,0.233
0.26,0.27,0.196,0.086,0.184,0.072,0.26,0.198,0.289,0.281,0.344,1.0,0.125,0.347,0.196,0.187,0.16,0.216,0.049,0.234,0.259,0.167,0.252,0.169,0.248,0.258,0.243,0.205,0.276,0.21,0.084,0.174,0.314,0.197,0.133,0.265,0.269,0.188,0.298,0.164,0.212,0.249,0.216,0.215,0.2,0.143,0.209,0.167,0.174,0.214,0.145,0.161,0.444,0.196,0.134,0.192,0.229,0.165,0.376,0.248,0.246,0.183,0.297,0.147,0.3,0.273,0.17,0.335,0.101,0.171,0.176,0.312,0.137,0.204,0.064,0.221,0.108,0.174,0.444,0.139,0.084,0.179,0.211,0.135,0.363,0.257,0.444,0.306,0.094,0.289,0.503,0.15,0.294,0.452,0.36,0.133,0.225,0.288,0.312,0.186,0.221,0.453,0.153,0.214,0.312,0.294,0.223,0.172,0.132,0.153,0.242,0.129,0.152,0.21,0.164,0.337,0.286,0.139,0.321,0.094,0.253,0.271,0.315,0.128,0.132,0.175,0.155,0.444,0.072,0.148,0.179,0.326,0.185,0.134,0.539,0.291,0.202,0.197,0.15,0.169,0.254,0.235,0.151,0.254,0.214,0.177,0.234,0.199,0.259,0.135,0.128,0.141,0.453,0.161,0.36,0.207,0.263,0.192,0.274,0.227,0.301,0.3,0.248,0.426,0.231,0.165,0.244,0.129,0.188,0.351,0.209,0.24,0.178,0.36,0.285,0.452,0.36,0.291,0.209,0.166,0.317,0.315,0.236,0.271,0.23,0.058,0.098,0.129,0.453,0.234,0.19,0.121,0.488,0.16,0.274,0.204,0.352,0.122,0.186,0.264,0.16,0.317,0.215,0.131,0.453,0.199,0.21,0.243,0.206,0.294,0.249,0.156,0.162,0.444,0.193,0.363,0.297,0.233,0.239,0.313,0.178,0.304,0.192,0.235,0.136,0.216,0.122,0.093,0.16,0.126,0.259,0.132,0.134,0.27,0.204,0.192,0.36,0.263,0.252,0.236,0.249,0.258,0.282,0.123,0.294,0.239,0.293,0.137,0.192,0.195,0.165,0.256,0.262,0.26,0.264,0.075,0.187,0.218,0.292,0.29,0.208,0.466,0.153,0.2,0.363,0.315,0.288,0.239
0.121,0.202,0.135,0.081,0.166,0.292,0.324,0.116,0.18,0.185,0.192,0.125,1.0,0.106,0.401,0.236,0.108,0.173,0.139,0.153,0.1,0.127,0.175,0.205,0.149,0.148,0.195,0.177,0.136,0.28,0.272,0.114,0.074,0.261,0.081,0.107,0.233,0.16,0.164,0.079,0.126,0.167,0.206,0.191,0.121,0.131,0.152,0.21,0.205,0.175,0.148,0.111,0.25,0.294,0.11,0.089,0.228,0.065,0.144,0.251,0.139,0.154,0.186,0.065,0.126,0.111,0.302,0.148,0.041,0.152,0.144,0.149,0.184,0.167,0.033,0.162,0.132,0.264,0.075,0.184,0.039,0.112,0.164,0.139,0.25,0.18,0.25,0.168,0.074,0.152,0.158,0.075,0.215,0.163,0.165,0.203,0.214,0.325,0.162,0.136,0.216,0.296,0.223,0.137,0.164,0.215,0.164,0.204,0.173,0.131,0.187,0.118,0.154,0.23,0.213,0.192,0.118,0.347,0.197,0.071,0.136,0.156,0.149,0.141,0.266,0.137,0.218,0.25,0.049,0.263,0.274,0.144,0.132,0.123,0.225,0.258,0.186,0.132,0.11,0.168,0.277,0.197,0.082,0.157,0.117,0.156,0.184,0.147,0.285,0.123,0.039,0.161,0.296,0.202,0.215,0.254,0.171,0.175,0.166,0.091,0.101,0.126,0.176,0.148,0.135,0.367,0.275,0.077,0.159,0.179,0.167,0.105,0.151,0.165,0.226,0.163,0.165,0.092,0.314,0.173,0.103,0.201,0.316,0.244,0.122,0.076,0.166,0.074,0.296,0.155,0.108,0.088,0.115,0.227,0.068,0.154,0.128,0.086,0.106,0.184,0.081,0.114,0.116,0.348,0.296,0.078,0.242,0.185,0.354,0.215,0.167,0.264,0.11,0.25,0.132,0.25,0.165,0.127,0.268,0.132,0.131,0.131,0.135,0.286,0.088,0.203,0.245,0.119,0.496,0.095,0.08,0.193,0.167,0.103,0.118,0.056,0.165,0.141,0.162,0.139,0.167,0.097,0.141,0.08,0.215,0.096,0.115,0.338,0.143,0.116,0.471,0.149,0.164,0.121,0.178,0.231,0.143,0.173,0.149,0.129,0.131,0.178,0.083,0.15,0.25,0.149,0.31,0.137
0.348,0.194,0.252,0.238,0.278,0.065,0.418,0.344,0.623,0.364,0.198,0.347,0.106,1.0,0.307,0.206,0.185,0.232,0.09,0.302,0.191,0.22,0.507,0.217,0.372,0.449,0.215,0.233,0.194,0.175,0.067,0.208,0.407,0.36,0.192,0.674,0.351,0.231,0.346,0.116,0.368,0.521,0.284,0.226,0.215,0.206,0.206,0.182,0.186,0.191,0.235,0.278,0.736,0.291,0.105,0.166,0.332,0.137,0.314,0.267,0.233,0.14,0.344,0.207,0.227,0.384,0.216,0.354,0.075,0.186,0.178,0.355,0.196,0.521,0.054,0.302,0.101,0.131,0.392,0.167,0.119,0.231,0.292,0.172,0.902,0.167,0.736,0.265,0.128,0.274,0.506,0.194,0.645,0.472,0.281,0.118,0.296,0.28,0.214,0.224,0.318,0.847,0.121,0.241,0.455,1.0,0.186,0.163,0.134,0.216,0.575,0.224,0.196,0.19,0.207,0.441,0.181,0.202,0.379,0.123,0.292,0.318,0.38,0.116,0.16,0.239,0.199,0.736,0.153,0.154,0.269,0.412,0.251,0.189,0.622,0.35,0.306,0.265,0.166,0.166,0.291,0.414,0.231,0.316,0.285,0.351,0.389,0.308,0.249,0.158,0.088,0.201,0.847,0.226,0.645,0.228,0.368,0.332,0.333,0.169,0.197,0.227,0.27,0.273,0.397,0.167,0.241,0.177,0.226,0.296,0.285,0.303,0.186,0.281,0.326,0.472,0.281,0.346,0.28,0.202,0.27,0.479,0.201,0.342,0.169,0.06,0.102,0.115,0.847,0.226,0.231,0.155,0.339,0.174,0.261,0.315,0.218,0.093,0.248,0.337,0.143,0.267,0.264,0.095,0.847,0.373,0.332,0.653,0.176,1.0,0.521,0.219,0.152,0.736,0.33,0.902,0.687,0.268,0.207,0.55,0.132,0.235,0.199,0.201,0.244,0.199,0.14,0.059,0.152,0.168,0.507,0.113,0.122,0.317,0.314,0.85,0.281,0.421,0.358,0.345,0.521,0.16,0.269,0.186,1.0,0.301,0.228,0.118,0.18,0.259,0.134,0.346,0.229,0.348,0.386,0.072,0.28,0.256,0.258,0.36,0.281,0.412,0.213,0.315,0.902,0.38,0.4,0.343
0.18,0.241,0.361,0.123,0.378,0.261,0.425,0.339,0.307,0.449,0.481,0.196,0.401,0.307,1.0,0.439,0.343,0.336,0.103,0.339,0.146,0.231,0.25,0.805,0.339,0.223,0.231,0.317,0.203,0.336,0.19,0.177,0.167,0.504,0.175,0.153,0.439,0.378,0.378,0.127,0.339,0.264,0.378,0.283,0.177,0.339,0.241,0.336,1.0,0.336,0.805,0.378,0.339,0.425,0.16,0.205,0.378,0.13,0.343,0.439,0.29,0.304,0.378,0.153,0.174,0.272,0.449,0.339,0.065,0.35,0.21,0.378,0.805,0.264,0.051,0.378,0.194,0.309,0.153,0.336,0.054,0.336,0.45,0.204,0.339,0.217,0.339,0.45,0.221,0.307,0.378,0.214,0.307,0.241,0.214,0.326,0.394,0.439,0.305,0.177,0.289,0.378,0.167,0.307,0.23,0.307,0.263,0.339,1.0,0.28,0.283,0.192,0.231,0.425,0.805,0.378,0.336,0.439,0.378,0.15,0.223,0.307,0.177,0.265,0.31,0.283,0.307,0.339,0.082,0.088,0.323,0.205,0.425,0.21,0.297,0.378,0.339,0.336,0.214,0.336,0.234,1.0,0.127,0.378,0.18,0.307,0.339,0.378,0.307,0.228,0.072,0.233,0.378,0.527,0.307,0.251,0.378,0.336,0.307,0.133,0.222,0.174,0.559,0.217,0.211,0.489,0.343,0.213,0.425,0.265,0.309,0.252,0.425,0.214,0.339,0.241,0.214,0.148,0.339,0.264,0.265,0.378,0.401,0.378,0.103,0.15,0.15,0.127,0.378,0.298,0.339,0.213,0.181,0.425,0.111,0.339,0.252,0.191,0.25,0.378,0.146,0.214,0.339,0.271,0.378,0.152,0.481,0.262,0.241,0.307,0.264,0.308,0.336,0.339,0.339,0.339,0.307,0.339,0.28,0.307,0.191,0.214,0.256,0.439,0.127,0.214,0.229,0.158,0.401,0.16,0.262,0.152,0.174,0.235,0.378,0.101,0.214,0.378,0.378,0.339,0.264,0.18,0.211,0.196,0.307,0.197,0.264,0.319,0.217,0.339,0.283,0.378,0.336,0.18,0.378,0.146,0.553,0.281,0.283,0.389,0.339,0.378,0.145,0.378,0.339,0.177,0.378,0.378
0.415,0.327,0.332,0.209,0.361,0.145,0.771,0.238,0.27,0.408,0.174,0.187,0.236,0.206,0.439,1.0,0.201,0.426,0.305,0.234,0.259,0.257,0.385,0.389,0.379,0.404,0.185,0.272,0.243,0.37,0.145,0.168,0.123,0.436,0.153,0.252,0.371,0.357,0.357,0.099,0.251,0.68,0.293,0.369,0.211,0.284,0.342,0.466,0.474,0.426,0.257,0.324,0.678,0.4,0.129,0.2,0.402,0.109,0.2,0.469,0.209,0.281,0.272,0.138,0.327,0.211,0.341,0.272,0.127,0.172,1.0,0.324,0.428,0.358,0.042,0.291,0.118,0.16,0.102,0.419,0.096,0.261,0.28,0.265,0.556,0.228,0.678,0.234,0.145,0.306,0.26,0.161,0.472,1.0,0.427,0.217,0.382,0.45,0.165,0.171,0.396,0.663,0.193,0.328,0.395,0.472,0.319,0.21,0.207,0.274,0.407,0.103,0.531,0.314,0.337,0.328,0.24,0.483,0.285,0.104,0.281,0.415,0.329,0.318,0.334,0.187,0.51,0.678,0.247,0.552,0.428,0.531,0.31,0.15,0.803,0.34,0.376,0.337,0.161,0.336,0.174,0.395,0.111,0.259,0.234,0.301,0.265,0.362,0.348,0.202,0.088,0.234,0.663,0.346,0.722,0.275,0.283,0.343,0.279,0.194,0.328,0.327,0.297,0.151,0.323,0.378,0.506,0.144,0.449,0.396,0.306,0.27,0.236,0.427,0.524,1.0,0.427,0.231,0.396,0.246,0.231,0.374,0.244,0.276,0.274,0.106,0.221,0.092,0.663,0.252,0.238,0.152,0.513,0.454,0.098,0.291,0.152,0.165,0.166,0.273,0.114,0.187,0.235,0.171,0.663,0.131,0.424,0.384,0.437,0.472,0.435,0.417,0.242,0.678,0.273,0.556,0.288,0.24,0.238,0.289,0.113,0.241,0.357,0.338,0.132,0.292,0.238,0.083,0.281,0.148,0.155,0.193,0.16,0.204,0.302,0.13,0.427,0.286,0.397,0.294,0.435,0.188,0.188,0.12,0.472,0.22,0.19,0.173,0.248,0.317,0.191,0.258,0.226,0.415,0.378,0.155,0.295,0.225,0.251,0.266,0.22,0.282,0.124,0.366,0.556,0.329,0.385,0.288
0.376,0.163,0.277,0.212,0.242,0.075,0.467,0.281,0.159,0.278,0.127,0.16,0.108,0.185,0.343,0.201,1.0,0.244,0.093,0.273,0.202,0.151,0.441,0.199,0.25,0.262,0.134,0.162,0.167,0.163,0.056,0.178,0.123,0.204,0.115,0.16,0.21,0.199,0.239,0.137,0.347,0.269,0.204,0.202,0.203,0.393,0.204,0.187,0.203,0.192,0.179,0.205,0.383,0.249,0.405,0.181,0.227,0.096,0.181,0.199,0.184,0.126,0.226,0.128,0.274,0.295,0.247,0.272,0.118,0.152,0.205,0.271,0.18,0.306,0.053,0.234,0.075,0.093,0.085,0.189,0.215,0.333,0.25,0.198,0.383,0.085,0.383,0.179,0.115,0.217,0.218,0.139,0.388,0.432,0.253,0.101,0.266,0.22,0.122,0.185,0.174,0.453,0.082,0.212,0.548,0.331,0.149,0.186,0.192,0.217,0.34,0.085,0.229,0.176,0.176,0.256,0.264,0.204,0.382,0.109,0.245,0.211,0.467,0.127,0.182,0.165,0.169,0.383,0.089,0.193,0.214,0.441,0.221,0.152,0.582,0.292,0.266,0.31,0.119,0.18,0.084,0.292,0.143,0.233,0.213,0.176,0.267,0.333,0.17,0.138,0.156,0.231,0.453,0.258,0.331,0.182,0.293,0.262,0.194,0.282,0.208,0.274,0.197,0.128,0.453,0.176,0.236,0.273,0.255,0.202,0.23,0.242,0.232,0.253,0.228,0.432,0.253,0.136,0.205,0.133,0.179,0.271,0.148,0.23,0.099,0.077,0.106,0.11,0.453,0.187,0.253,0.284,0.331,0.194,0.147,0.193,0.139,0.152,0.232,0.295,0.148,0.197,0.194,0.06,0.453,0.114,0.359,0.289,0.149,0.331,0.269,0.163,0.459,0.383,0.239,0.383,0.166,0.204,0.175,0.221,0.095,0.169,0.199,0.178,0.142,0.156,0.121,0.071,0.129,0.439,0.272,0.148,0.097,0.24,0.251,0.103,0.253,0.24,0.242,0.273,0.269,0.173,0.103,0.18,0.331,0.231,0.17,0.111,0.174,0.222,0.087,0.25,0.216,0.376,0.251,0.115,0.306,0.148,0.239,0.175,0.205,0.244,0.154,0.23,0.383,0.467,0.218,0.277
0.409,0.198,0.329,0.136,0.431,0.085,0.771,0.279,0.252,0.435,0.179,0.216,0.173,0.232,0.336,0.426,0.244,1.0,0.732,0.28,0.837,0.359,0.622,0.42,0.396,0.449,0.247,0.367,0.161,0.228,0.108,0.22,0.128,0.392,0.236,0.36,0.303,0.586,0.332,0.15,0.288,0.521,0.302,0.472,0.423,0.433,0.311,0.355,0.437,0.524,0.188,0.471,0.736,0.394,0.18,0.162,0.381,0.114,0.222,0.353,0.227,0.179,0.283,0.171,1.0,0.266,0.404,0.289,0.107,0.188,0.629,0.391,0.455,0.639,0.062,0.352,0.109,0.131,0.144,0.354,0.119,0.433,0.316,0.321,0.736,0.177,0.736,0.286,0.179,0.674,0.279,0.223,0.791,0.472,1.0,0.168,0.292,0.346,0.185,0.229,0.36,0.847,0.21,0.289,0.455,0.645,0.519,0.264,0.188,0.285,0.705,0.114,0.231,0.279,0.355,0.351,0.256,0.388,0.354,0.145,0.274,0.292,0.383,0.286,0.32,0.239,0.42,0.736,0.081,0.639,0.456,0.49,0.338,0.161,0.622,0.547,0.479,0.301,0.174,0.29,0.175,0.49,0.141,0.277,0.428,0.298,0.323,0.431,0.316,0.193,0.216,0.234,0.847,0.408,0.645,0.236,0.336,0.396,0.277,0.254,0.245,1.0,0.298,0.207,0.485,0.47,0.325,0.258,0.589,0.28,0.245,0.266,0.337,1.0,0.368,0.472,1.0,0.143,0.328,0.263,0.18,0.372,0.23,0.294,0.274,0.132,0.257,0.122,0.847,0.284,0.275,0.281,0.339,0.489,0.122,0.32,0.204,0.146,0.218,0.3,0.164,0.386,0.246,0.118,0.847,0.156,0.402,0.348,0.343,0.645,0.521,0.324,0.281,0.736,0.328,0.736,0.283,0.244,0.281,0.304,0.123,0.464,0.369,0.288,0.162,0.519,0.205,0.101,0.2,0.253,0.168,0.206,0.195,0.219,0.332,0.217,1.0,0.3,0.355,0.291,0.521,0.212,0.137,0.146,0.645,0.243,0.206,0.138,0.512,0.423,0.154,0.282,0.319,0.409,0.365,0.196,0.329,0.258,0.222,0.239,0.265,0.313,0.159,0.361,0.736,0.383,0.392,0.342
0.073,0.13,0.192,0.085,0.656,0.06,0.119,0.121,0.165,0.321,0.078,0.049,0.139,0.09,0.103,0.305,0.093,0.732,1.0,0.095,0.034,0.732,0.07,0.28,0.147,0.06,0.055,0.147,0.077,0.245,0.106,0.102,0.09,0.454,0.168,0.04,0.113,0.732,0.203,0.035,0.095,0.063,0.113,0.732,0.102,0.147,1.0,0.4,0.334,0.854,0.118,0.732,0.095,0.321,0.086,0.087,0.49,0.074,0.089,0.113,0.083,0.087,0.113,0.042,0.041,0.257,0.069,0.095,0.018,0.116,0.093,0.732,0.454,0.063,0.028,0.732,0.058,0.055,0.038,0.398,0.033,0.122,0.191,0.057,0.095,0.152,0.095,0.191,0.106,0.081,0.113,0.093,0.081,0.068,0.052,0.066,0.218,0.153,0.062,0.102,0.13,0.113,0.152,0.294,0.069,0.081,0.224,0.094,0.103,0.21,0.071,0.022,0.088,0.152,0.246,0.113,0.094,0.348,0.113,0.045,0.102,0.305,0.102,0.253,0.237,0.071,0.854,0.095,0.039,0.288,0.305,0.087,0.14,0.111,0.095,0.113,0.132,0.255,0.067,0.138,0.135,0.106,0.041,0.113,0.09,0.208,0.16,0.174,0.081,0.065,0.017,0.065,0.113,0.732,0.081,0.102,0.113,0.135,0.081,0.031,0.06,0.041,0.095,0.057,0.056,0.231,0.276,0.122,1.0,0.218,0.234,0.084,0.119,0.052,0.294,0.068,0.052,0.06,0.23,0.209,0.094,0.113,0.068,0.113,0.024,0.106,0.288,0.041,0.113,0.179,0.095,0.193,0.048,0.656,0.101,0.227,0.074,0.065,0.07,0.113,0.042,0.052,0.095,0.027,0.113,0.121,0.136,0.081,0.182,0.081,0.063,0.305,0.192,0.095,0.162,0.095,0.28,0.095,0.076,0.218,0.025,0.656,1.0,0.288,0.124,0.288,0.333,0.018,0.079,0.122,0.081,0.216,0.13,0.208,0.122,0.022,0.052,0.113,0.113,0.288,0.063,0.183,0.036,0.054,0.081,0.153,0.063,0.065,0.32,0.732,0.038,0.113,0.094,0.073,0.113,0.131,0.215,0.071,0.097,0.21,0.095,0.113,0.046,0.138,0.095,0.102,0.28,0.114
0.495,0.295,0.324,0.157,0.36,0.12,0.45,0.386,0.326,0.415,0.178,0.234,0.153,0.302,0.339,0.234,0.273,0.28,0.095,1.0,0.166,0.201,0.719,0.256,0.346,0.531,0.21,0.328,0.255,0.254,0.09,0.227,0.143,0.335,0.181,0.396,0.291,0.218,0.449,0.126,0.599,0.627,0.36,0.325,0.249,0.335,0.279,0.22,0.199,0.206,0.19,0.224,0.815,0.319,0.286,0.341,0.452,0.142,0.155,0.294,0.213,0.254,0.55,0.21,0.197,0.167,0.25,0.727,0.07,0.21,0.209,0.382,0.187,0.769,0.092,0.259,0.114,0.131,0.118,0.191,0.54,0.341,0.248,0.203,0.815,0.132,0.815,0.2,0.094,0.373,0.464,0.22,0.902,0.556,0.243,0.15,0.254,0.305,0.158,0.31,0.189,0.915,0.123,0.335,0.527,0.736,0.163,0.221,0.166,0.216,0.826,0.165,0.233,0.202,0.27,0.629,0.343,0.265,0.595,0.271,0.416,0.485,0.383,0.166,0.187,0.557,0.214,0.815,0.081,0.17,0.376,0.573,0.254,0.21,0.693,0.486,0.35,0.331,0.208,0.251,0.145,0.523,0.17,0.452,0.261,0.385,0.565,0.414,0.329,0.156,0.079,0.235,0.915,0.233,0.736,0.281,0.847,0.431,0.62,0.149,0.279,0.197,0.308,0.202,0.592,0.166,0.275,0.662,0.23,0.349,0.187,0.302,0.223,0.243,0.41,0.556,0.243,0.143,0.408,0.39,0.223,0.684,0.169,0.563,0.114,0.096,0.149,0.118,0.915,0.263,0.378,0.416,0.416,0.234,0.104,0.409,0.186,0.173,0.544,0.551,0.218,0.152,0.353,0.112,0.915,0.206,0.338,0.4,0.182,0.736,0.627,0.213,0.261,0.815,0.401,0.815,0.308,0.34,0.202,0.342,0.101,0.19,0.322,0.201,0.162,0.207,0.152,0.076,0.166,0.383,0.223,0.137,0.104,0.179,0.373,0.253,0.243,0.406,0.53,0.338,0.627,0.372,0.115,0.425,0.736,0.311,0.469,0.158,0.177,0.285,0.145,0.444,0.193,0.495,0.605,0.1,0.357,0.192,0.499,0.239,0.588,0.549,0.188,0.423,0.815,0.383,0.441,0.34
0.073,0.125,0.166,0.042,0.188,0.054,0.197,0.166,0.147,0.211,0.151,0.259,0.1,0.191,0.146,0.259,0.202,0.837,0.034,0.166,1.0,0.334,0.111,0.241,0.191,0.095,0.334,0.446,0.125,0.137,0.084,0.301,0.103,0.166,0.109,0.196,0.251,0.837,0.188,0.157,0.166,0.121,0.188,0.193,0.679,0.225,0.1,0.164,0.448,0.717,0.125,0.454,0.166,0.197,0.212,0.086,0.188,0.053,0.259,0.188,0.211,0.097,0.188,0.196,0.837,0.191,0.109,0.166,0.063,0.103,0.087,0.188,0.198,0.121,0.062,0.355,0.103,0.132,0.191,0.164,0.063,0.164,0.211,0.093,0.166,0.157,0.166,0.164,0.162,0.837,0.188,0.09,0.147,0.1,0.717,0.165,0.177,0.198,0.169,0.301,0.717,0.188,0.183,0.147,0.105,0.147,0.717,0.164,0.146,0.355,0.133,0.107,0.1,0.197,0.147,0.241,0.164,0.529,0.212,0.103,0.301,0.147,0.301,0.106,0.075,0.133,0.334,0.166,0.044,0.122,0.378,0.086,0.378,0.094,0.128,0.717,0.717,0.164,0.173,0.164,0.127,0.334,0.139,0.188,0.837,0.147,0.166,0.292,0.251,0.173,0.072,0.092,0.188,0.207,0.147,0.301,0.188,0.164,0.147,0.162,0.198,0.837,0.334,0.259,0.091,0.837,0.334,0.122,0.717,0.13,0.231,0.111,0.197,0.717,0.166,0.1,0.717,0.055,0.166,0.121,0.107,0.188,0.334,0.188,0.116,0.064,0.122,0.116,0.188,0.151,0.166,0.091,0.072,0.436,0.099,0.166,0.169,0.078,0.164,0.188,0.187,0.717,0.166,0.137,0.188,0.121,0.448,0.105,0.297,0.147,0.121,0.251,0.164,0.166,0.195,0.166,0.147,0.166,0.334,0.149,0.137,0.717,0.108,0.157,0.139,0.717,0.099,0.075,0.164,0.212,0.127,0.14,0.231,0.191,0.188,0.116,0.717,0.188,0.198,0.166,0.121,0.073,0.079,0.08,0.147,0.08,0.121,0.092,0.837,0.36,0.191,0.188,0.231,0.073,0.188,0.058,0.166,0.334,0.118,0.191,0.166,0.211,0.162,0.188,0.166,0.301,0.241,0.195
0.169,0.143,0.188,0.125,0.272,0.074,0.323,0.205,0.202,0.271,0.152,0.167,0.127,0.22,0.231,0.257,0.151,0.359,0.732,0.201,0.334,1.0,0.185,0.221,0.191,0.295,0.234,0.172,0.154,0.163,0.09,0.24,0.179,0.23,0.114,0.338,0.2,0.318,0.193,0.156,0.228,0.237,0.174,0.296,0.253,0.25,0.235,0.201,0.278,0.313,0.231,0.488,0.266,0.29,0.118,0.12,0.232,0.082,0.185,0.214,0.195,0.128,0.184,0.199,0.388,0.207,0.182,0.189,0.113,0.178,0.21,0.26,0.258,0.237,0.068,0.246,0.186,0.109,0.127,0.203,0.264,0.256,0.225,0.152,0.266,0.202,0.266,0.167,0.13,0.266,0.19,0.12,0.254,0.178,0.469,0.28,0.185,0.201,0.181,0.281,0.25,0.28,0.156,0.215,0.167,0.254,0.248,0.161,0.142,0.189,0.244,0.114,1.0,0.206,0.163,0.225,0.172,0.207,0.188,0.183,0.273,0.215,0.467,0.155,0.32,0.134,0.315,0.266,0.208,0.279,0.246,0.205,0.215,0.122,0.21,0.239,0.204,0.18,0.189,0.194,0.153,0.261,0.145,0.185,0.245,0.187,0.206,0.209,0.282,0.169,0.151,0.163,0.28,0.23,0.254,0.272,0.216,0.344,0.174,0.282,0.215,0.388,0.244,0.179,0.167,0.194,0.213,0.184,0.312,0.166,0.21,0.149,0.189,0.469,0.195,0.178,0.469,0.13,0.201,0.161,0.215,0.209,0.207,0.183,0.209,0.073,0.156,0.124,0.28,0.174,0.162,0.154,0.132,0.26,0.157,0.194,0.155,0.201,0.154,0.178,0.226,0.218,0.162,0.113,0.28,0.163,0.195,0.181,0.204,0.254,0.237,0.209,0.161,0.266,0.2,0.266,0.237,0.188,0.215,0.19,0.12,0.333,0.29,0.196,0.166,0.244,0.19,0.078,0.168,0.159,0.159,0.159,0.146,0.193,0.21,0.245,0.469,0.187,0.3,0.194,0.237,0.116,0.147,0.12,0.254,0.155,0.132,0.104,0.232,0.35,0.143,0.21,0.185,0.169,0.245,0.098,0.175,0.261,0.163,0.236,0.241,0.208,0.151,0.282,0.266,0.467,0.243,0.176
0.349,0.385,0.586,0.15,0.686,0.106,0.323,0.719,0.507,0.686,0.198,0.252,0.175,0.507,0.25,0.385,0.441,0.622,0.07,0.719,0.111,0.185,1.0,0.719,0.586,0.37,0.185,0.509,0.318,0.385,0.061,0.148,0.125,0.586,0.29,0.273,0.686,0.686,0.686,0.098,0.586,0.403,0.686,0.447,0.148,0.719,0.401,0.506,0.312,0.419,0.35,0.686,0.586,0.686,0.158,0.419,0.686,0.147,0.159,0.686,0.447,0.261,0.686,0.273,0.136,0.401,0.179,0.586,0.049,0.143,0.15,0.686,0.549,0.494,0.038,0.813,0.079,0.135,0.121,0.401,0.096,1.0,0.686,0.145,0.586,0.104,0.586,0.308,0.155,0.622,0.686,0.577,0.622,0.385,0.172,0.121,0.442,0.507,0.162,0.148,0.441,0.686,0.109,0.507,0.383,0.507,0.172,0.251,0.25,0.636,0.549,0.244,0.16,0.323,0.507,0.686,0.318,0.494,0.719,0.132,0.395,0.507,0.148,0.192,0.138,0.549,0.507,0.586,0.052,0.071,0.622,0.419,0.686,0.492,0.516,0.719,1.0,0.59,0.235,0.251,0.171,0.622,0.317,0.686,0.349,0.622,0.586,1.0,0.622,0.235,0.05,0.166,0.686,0.509,0.507,0.148,0.719,1.0,0.507,0.101,0.343,0.136,0.586,0.159,0.397,0.196,0.388,0.387,0.446,0.442,0.416,0.532,0.323,0.172,0.586,0.385,0.172,0.099,0.719,0.403,0.274,0.686,0.185,0.686,0.077,0.102,0.102,0.094,0.686,0.447,0.586,0.387,0.285,0.622,0.075,0.586,0.187,0.133,1.0,0.686,0.132,0.172,0.586,0.086,0.686,0.222,0.686,0.285,0.385,0.507,0.403,0.454,0.397,0.586,0.586,0.586,0.507,0.586,0.201,0.622,0.082,0.172,0.506,0.318,0.317,0.172,0.166,0.053,0.175,0.475,0.297,0.147,0.136,0.37,0.757,0.155,0.172,0.686,0.686,0.586,0.403,0.349,0.079,0.757,0.507,0.462,0.403,0.166,0.166,0.586,0.121,0.686,0.251,0.349,0.686,0.095,1.0,0.185,0.455,0.586,0.719,0.686,0.307,0.686,0.586,0.148,0.686,0.813
0.495,0.192,0.394,0.158,0.36,0.08,0.771,0.289,0.265,0.423,0.139,0.169,0.205,0.217,0.805,0.389,0.199,0.42,0.28,0.256,0.241,0.221,0.719,1.0,0.379,0.609,0.153,0.22,0.167,0.222,0.123,0.187,0.108,0.452,0.116,0.852,0.334,0.462,0.289,0.114,0.276,0.627,0.324,0.346,0.168,0.435,0.355,0.372,0.395,0.323,0.214,0.301,0.815,0.5,0.116,0.186,0.398,0.144,0.204,0.269,0.237,0.16,0.259,0.214,0.283,0.255,0.357,0.281,0.207,0.163,0.337,0.391,0.528,0.769,0.042,0.388,0.07,0.103,0.108,0.45,0.48,0.368,0.303,0.234,0.815,0.179,0.815,0.302,0.202,0.235,0.252,0.201,0.902,0.556,0.346,0.152,0.35,0.33,0.158,0.169,0.256,0.915,0.152,0.381,0.527,0.736,0.2,0.173,0.214,0.422,0.826,0.095,0.376,0.244,0.464,0.31,0.285,0.382,0.282,0.235,0.243,0.243,0.38,0.187,0.273,0.221,0.439,0.815,0.081,0.631,0.319,0.573,0.414,0.221,0.693,0.311,0.389,0.433,0.203,0.202,0.184,0.359,0.122,0.262,0.18,0.317,0.275,0.528,0.244,0.267,0.216,0.304,0.915,0.555,0.736,0.166,0.299,0.485,0.214,0.252,0.253,0.283,0.287,0.149,0.592,0.268,0.284,0.228,0.374,0.304,0.32,0.311,0.246,0.346,0.371,0.556,0.346,0.231,0.356,0.271,0.181,0.303,0.195,0.258,0.157,0.233,0.307,0.099,0.915,0.266,0.36,0.245,0.51,0.514,0.102,0.31,0.168,0.12,0.184,0.258,0.138,0.152,0.241,0.074,0.915,0.147,0.328,0.46,0.294,0.736,0.627,0.268,0.323,0.815,0.368,0.815,0.342,0.245,0.198,0.359,0.103,0.225,0.267,0.29,0.15,0.228,0.25,0.085,0.134,0.202,0.17,0.282,0.282,0.2,0.336,0.587,0.346,0.285,0.341,0.304,0.627,0.192,0.208,0.147,0.736,0.268,0.173,0.112,0.233,0.359,0.103,0.269,0.194,0.495,0.337,0.228,0.424,0.197,0.199,0.294,0.282,0.266,0.139,0.397,0.815,0.38,0.453,0.345
0.417,0.276,0.399,0.157,0.406,0.091,0.771,0.384,0.334,0.531,0.201,0.248,0.149,0.372,0.339,0.379,0.25,0.396,0.147,0.346,0.191,0.191,0.586,0.379,1.0,0.531,0.159,0.269,0.242,0.265,0.069,0.162,0.182,0.516,0.179,0.396,0.46,0.402,0.429,0.106,0.396,1.0,0.423,0.357,0.185,0.429,0.344,0.307,0.352,0.331,0.207,0.432,0.826,0.461,0.157,0.253,0.408,0.191,0.226,0.467,0.3,0.202,0.478,0.207,0.227,0.311,0.404,0.48,0.229,0.186,0.629,0.459,0.316,0.627,0.036,0.449,0.09,0.124,0.159,0.289,0.16,0.449,0.43,0.457,1.0,0.116,0.826,0.338,0.15,0.312,0.441,0.272,0.736,0.621,0.281,0.144,0.37,0.496,0.211,0.154,0.385,0.915,0.113,0.406,0.527,0.902,0.176,0.236,0.208,0.341,0.674,0.11,0.233,0.26,0.333,0.457,0.296,0.394,0.443,0.139,0.278,0.346,0.275,0.251,0.3,0.338,0.357,0.826,0.183,0.116,0.346,0.48,0.403,0.232,0.781,0.412,0.489,0.362,0.195,0.248,0.169,0.497,0.146,0.399,0.221,0.293,0.44,0.493,0.366,0.255,0.148,0.235,0.915,0.445,0.891,0.192,0.413,0.427,0.363,0.169,0.334,0.227,0.398,0.221,0.484,0.202,0.394,0.244,0.368,0.337,0.382,0.354,0.297,0.281,0.431,0.621,0.281,0.74,0.35,0.234,0.242,0.499,0.193,0.408,0.274,0.102,0.112,0.097,0.915,0.358,0.378,0.265,0.647,0.302,0.132,0.372,0.249,0.14,0.246,0.409,0.136,0.211,0.351,0.102,0.915,0.203,0.476,0.4,0.302,0.902,0.627,0.366,0.302,0.826,0.434,1.0,0.358,0.359,0.245,0.366,0.108,0.181,0.301,0.283,0.159,0.143,0.164,0.065,0.201,0.228,0.256,0.174,0.129,0.309,0.468,0.253,0.281,0.438,0.472,0.42,0.627,0.219,0.188,0.184,0.902,0.357,0.291,0.137,0.198,0.442,0.129,0.399,0.286,0.417,0.448,0.169,0.434,0.201,0.326,0.413,0.341,0.427,0.167,0.443,1.0,0.275,0.422,0.449
0.256,0.404,0.648,0.102,0.635,0.086,0.29,0.531,0.449,0.635,0.172,0.258,0.148,0.449,0.223,0.404,0.262,0.449,0.06,0.531,0.095,0.295,0.37,0.609,0.531,1.0,0.168,0.364,0.333,0.404,0.051,0.141,0.114,0.648,0.162,0.239,0.635,0.635,0.635,0.085,0.531,0.413,0.635,0.47,0.141,0.531,0.404,0.38,0.313,0.39,0.295,0.635,0.648,0.635,0.146,0.312,0.635,0.124,0.145,0.635,0.47,0.261,0.635,0.239,0.12,0.259,0.153,0.548,0.04,0.12,0.126,0.648,0.386,0.34,0.031,0.648,0.068,0.116,0.107,0.222,0.143,0.386,0.635,0.122,0.531,0.282,0.648,0.237,0.133,0.449,0.635,0.278,0.449,0.404,0.157,0.197,0.393,0.548,0.135,0.157,0.359,0.635,0.094,0.548,0.339,0.449,0.157,0.222,0.223,0.418,0.386,0.137,0.295,0.29,0.548,0.635,0.333,0.34,0.635,0.232,0.767,0.548,0.141,0.165,0.117,0.386,0.548,0.648,0.042,0.065,0.449,0.312,0.767,0.313,0.47,0.635,0.648,0.366,0.406,0.222,0.137,0.531,0.161,0.635,0.256,0.449,0.531,0.648,0.449,0.406,0.037,0.14,0.635,0.449,0.548,0.141,0.635,0.548,0.548,0.087,0.408,0.12,0.648,0.145,0.274,0.167,0.313,0.261,0.295,0.393,0.363,0.37,0.29,0.157,0.531,0.404,0.157,0.078,0.531,0.413,0.295,0.635,0.193,0.635,0.064,0.082,0.082,0.08,0.635,0.47,0.648,0.261,0.291,0.449,0.066,0.531,0.163,0.224,0.37,0.635,0.232,0.157,0.648,0.071,0.635,0.192,0.635,0.245,0.404,0.449,0.413,0.305,0.274,0.648,0.648,0.531,0.449,0.648,0.172,0.449,0.066,0.157,0.38,0.274,0.161,0.157,0.142,0.042,0.148,0.157,0.245,0.184,0.12,1.0,0.635,0.121,0.157,0.635,0.635,0.531,0.413,0.256,0.065,0.301,0.449,0.292,0.413,0.14,0.146,0.648,0.107,0.635,0.222,0.256,0.739,0.079,0.648,0.168,0.407,0.531,0.531,0.635,0.186,0.635,0.531,0.141,0.635,0.635
0.125,0.212,0.179,0.069,0.154,0.132,0.323,0.161,0.227,0.197,0.221,0.243,0.195,0.215,0.231,0.185,0.134,0.247,0.055,0.21,0.334,0.234,0.185,0.153,0.159,0.168,1.0,0.219,0.164,0.246,0.207,0.286,0.148,0.185,0.122,0.338,0.218,0.21,0.184,0.23,0.197,0.237,0.193,0.155,0.3,0.137,0.118,0.153,0.186,0.22,0.183,0.155,0.266,0.199,0.22,0.125,0.171,0.076,0.249,0.24,0.224,0.164,0.196,0.186,0.388,0.143,0.182,0.187,0.113,0.139,0.148,0.165,0.145,0.237,0.096,0.152,0.368,0.198,0.177,0.197,0.099,0.125,0.185,0.152,0.266,0.214,0.266,0.244,0.116,0.351,0.217,0.117,0.254,0.178,0.469,0.229,0.17,0.228,0.251,0.328,0.208,0.28,0.312,0.14,0.167,0.254,0.322,0.186,0.17,0.13,0.244,0.286,0.178,0.231,0.272,0.275,0.137,0.153,0.208,0.13,0.242,0.177,0.467,0.122,0.124,0.274,0.166,0.266,0.089,0.193,0.208,0.14,0.18,0.128,0.2,0.427,0.211,0.123,0.193,0.196,0.208,0.239,0.193,0.207,0.244,0.188,0.213,0.172,0.291,0.163,0.151,0.163,0.28,0.15,0.254,0.362,0.219,0.186,0.22,0.282,0.194,0.388,0.265,0.288,0.167,0.198,0.208,0.138,0.19,0.162,0.171,0.14,0.205,0.469,0.173,0.178,0.469,0.102,0.15,0.162,0.129,0.235,0.248,0.209,0.209,0.069,0.14,0.174,0.28,0.157,0.124,0.108,0.132,0.156,0.145,0.172,0.203,0.096,0.195,0.199,0.224,0.27,0.176,0.368,0.28,0.131,0.185,0.181,0.226,0.254,0.237,0.263,0.116,0.266,0.179,0.266,0.187,0.208,0.267,0.181,0.311,0.262,0.12,0.227,0.174,0.335,0.217,0.304,0.208,0.185,0.165,0.146,0.167,0.163,0.176,0.245,0.469,0.167,0.225,0.161,0.237,0.097,0.147,0.105,0.254,0.105,0.167,0.186,0.229,0.219,0.288,0.238,0.32,0.125,0.216,0.092,0.144,0.643,0.161,0.203,0.188,0.249,0.196,0.183,0.266,0.467,0.239,0.159
0.594,0.254,0.225,0.13,0.296,0.143,0.341,0.257,0.333,0.309,0.21,0.205,0.177,0.233,0.317,0.272,0.162,0.367,0.147,0.328,0.446,0.172,0.509,0.22,0.269,0.364,0.219,1.0,0.176,0.266,0.122,0.155,0.147,0.322,0.276,0.438,0.294,0.294,0.376,0.11,0.345,0.401,0.271,0.258,0.337,0.19,0.194,0.275,0.237,0.279,0.161,0.24,0.61,0.265,0.128,0.18,0.332,0.112,0.2,0.412,0.194,0.294,0.333,0.151,0.565,0.166,0.425,0.304,0.066,0.145,0.538,0.268,0.194,0.485,0.048,0.272,0.118,0.178,0.14,0.221,0.103,0.202,0.233,0.139,0.61,0.149,0.61,0.229,0.094,0.533,0.32,0.19,0.634,0.381,0.495,0.249,0.212,0.384,0.193,0.171,0.249,0.721,0.22,0.203,0.38,0.522,0.533,0.18,0.173,0.172,0.549,0.127,0.154,0.351,0.225,0.403,0.176,0.255,0.367,0.101,0.241,0.281,0.258,0.262,0.213,0.262,0.226,0.61,0.058,0.169,0.459,0.406,0.216,0.139,0.528,0.421,0.318,0.229,0.14,0.293,0.198,0.451,0.127,0.296,0.386,0.255,0.317,0.267,0.371,0.134,0.075,0.161,0.721,0.27,0.522,0.194,0.367,0.264,0.319,0.153,0.185,0.565,0.255,0.198,0.379,0.42,0.335,0.158,0.306,0.254,0.2,0.257,0.189,0.495,0.297,0.381,0.495,0.102,0.303,0.21,0.174,0.413,0.186,0.33,0.511,0.068,0.119,0.106,0.721,0.24,0.203,0.156,0.271,0.232,0.117,0.269,0.178,0.099,0.219,0.324,0.122,0.272,0.234,0.156,0.721,0.149,0.301,0.351,0.36,0.522,0.401,0.267,0.14,0.61,0.257,0.61,0.258,0.23,0.229,0.275,0.122,0.229,0.256,0.242,0.128,0.27,0.174,0.102,0.217,0.132,0.167,0.137,0.154,0.163,0.242,0.243,0.495,0.342,0.341,0.216,0.401,0.282,0.145,0.164,0.522,0.227,0.213,0.152,0.392,0.231,0.185,0.285,0.182,0.594,0.374,0.121,0.237,0.212,0.26,0.232,0.293,0.392,0.134,0.315,0.61,0.258,0.367,0.334
0.532,0.265,0.327,0.159,0.221,0.101,0.245,0.192,0.189,0.287,0.188,0.276,0.136,0.194,0.203,0.243,0.167,0.161,0.077,0.255,0.125,0.154,0.318,0.167,0.242,0.333,0.164,0.176,1.0,0.223,0.095,0.162,0.148,0.208,0.1,0.2,0.217,0.14,0.313,0.188,0.221,0.342,0.283,0.259,0.123,0.162,0.319,0.195,0.164,0.152,0.268,0.288,0.55,0.244,0.099,0.361,0.311,0.113,0.196,0.208,0.237,0.254,0.301,0.172,0.153,0.157,0.2,0.362,0.317,0.13,0.175,0.283,0.123,0.279,0.036,0.197,0.075,0.126,0.153,0.187,0.08,0.18,0.305,0.165,0.45,0.247,0.55,0.202,0.115,0.204,0.301,0.2,0.376,0.579,0.194,0.166,0.219,0.258,0.192,0.133,0.169,0.545,0.099,0.199,0.327,0.376,0.134,0.152,0.319,0.321,0.321,0.192,0.248,0.143,0.197,0.38,0.219,0.151,0.309,0.114,0.359,0.342,0.171,0.111,0.194,0.203,0.162,0.55,0.049,0.08,0.202,0.649,0.217,0.342,0.649,0.273,0.214,0.33,0.188,0.204,0.159,0.25,0.301,0.368,0.261,0.157,0.285,0.222,0.206,0.204,0.202,0.123,0.545,0.154,0.46,0.17,0.29,0.226,0.33,0.419,0.342,0.153,0.245,0.216,0.258,0.136,0.257,0.128,0.227,0.299,0.199,0.352,0.22,0.194,0.29,0.579,0.194,0.109,0.226,0.179,0.185,0.386,0.206,0.301,0.085,0.08,0.096,0.376,0.545,0.26,0.222,0.14,0.397,0.124,0.107,0.215,0.175,0.138,0.166,0.289,0.292,0.163,0.302,0.156,0.545,0.133,0.236,0.303,0.174,0.376,0.342,0.14,0.143,0.55,0.233,0.45,0.186,0.393,0.162,0.189,0.18,0.155,0.272,0.219,0.229,0.147,0.153,0.149,0.147,0.102,0.143,0.343,0.11,0.178,0.255,0.101,0.194,0.26,0.32,0.177,0.342,0.205,0.277,0.132,0.376,0.259,0.259,0.125,0.121,0.206,0.175,0.338,0.224,0.532,0.328,0.123,0.243,0.164,0.348,0.203,0.218,0.346,0.342,0.226,0.45,0.171,0.249,0.206
0.415,0.38,0.268,0.144,0.238,0.153,0.316,0.241,0.285,0.307,0.159,0.21,0.28,0.175,0.336,0.37,0.163,0.228,0.245,0.254,0.137,0.163,0.385,0.222,0.265,0.404,0.246,0.266,0.223,1.0,0.176,0.156,0.082,0.356,0.103,0.252,0.25,0.224,0.266,0.086,0.245,0.545,0.248,0.333,0.16,0.16,0.31,0.301,0.223,0.221,0.143,0.16,0.678,0.3,0.149,0.187,0.342,0.122,0.187,0.331,0.178,0.309,0.28,0.104,0.173,0.154,0.308,0.33,0.048,0.163,0.138,0.277,0.195,0.358,0.037,0.205,0.159,0.169,0.083,0.223,0.096,0.185,0.219,0.134,0.556,0.157,0.678,0.269,0.085,0.218,0.253,0.102,0.472,1.0,0.228,0.204,0.259,0.347,0.166,0.183,0.227,0.663,0.156,0.221,0.395,0.472,0.321,0.163,0.155,0.187,0.407,0.159,0.147,0.171,0.276,0.412,0.228,0.286,0.301,0.091,0.309,0.486,0.275,0.137,0.348,0.207,0.25,0.678,0.049,0.278,0.402,0.499,0.201,0.146,0.803,0.396,0.243,0.271,0.13,0.153,0.236,0.295,0.097,0.251,0.181,0.269,0.279,0.252,0.298,0.13,0.048,0.154,0.663,0.264,0.722,0.212,0.308,0.237,0.378,0.12,0.253,0.173,0.238,0.144,0.323,0.311,0.366,0.14,0.241,0.336,0.202,0.244,0.153,0.228,0.444,1.0,0.228,0.087,0.376,0.214,0.14,0.471,0.199,0.287,0.085,0.07,0.173,0.071,0.663,0.204,0.209,0.138,0.513,0.234,0.083,0.249,0.128,0.097,0.166,0.278,0.102,0.198,0.227,0.203,0.663,0.127,0.272,0.384,0.444,0.472,0.435,0.305,0.138,0.678,0.25,0.556,0.225,0.223,0.18,0.23,0.132,0.152,0.273,0.244,0.296,0.222,0.284,0.138,0.172,0.142,0.133,0.175,0.15,0.145,0.23,0.127,0.228,0.293,0.286,0.214,0.435,0.226,0.176,0.127,0.472,0.196,0.25,0.139,0.155,0.211,0.207,0.242,0.183,0.415,0.314,0.196,0.241,0.222,0.329,0.212,0.222,0.306,0.103,0.235,0.556,0.275,0.348,0.242
0.042,0.169,0.077,0.04,0.098,0.328,0.097,0.081,0.122,0.105,0.099,0.084,0.272,0.067,0.19,0.145,0.056,0.108,0.106,0.09,0.084,0.09,0.061,0.123,0.069,0.051,0.207,0.122,0.095,0.176,1.0,0.118,0.061,0.112,0.056,0.09,0.141,0.125,0.077,0.064,0.073,0.054,0.108,0.088,0.112,0.072,0.066,0.267,0.11,0.166,0.077,0.068,0.088,0.115,0.102,0.044,0.114,0.059,0.129,0.154,0.102,0.18,0.079,0.054,0.105,0.074,0.163,0.073,0.037,0.131,0.05,0.073,0.116,0.054,0.048,0.068,0.152,0.263,0.063,0.13,0.056,0.062,0.069,0.055,0.088,0.147,0.088,0.14,0.258,0.102,0.082,0.042,0.073,0.053,0.137,0.119,0.106,0.189,0.113,0.158,0.154,0.106,0.383,0.078,0.062,0.073,0.17,0.111,0.091,0.058,0.062,0.127,0.053,0.17,0.145,0.09,0.052,0.144,0.079,0.059,0.099,0.088,0.19,0.07,0.141,0.108,0.118,0.088,0.041,0.226,0.139,0.052,0.079,0.187,0.074,0.166,0.113,0.054,0.083,0.071,0.136,0.089,0.064,0.076,0.08,0.107,0.083,0.072,0.226,0.096,0.034,0.05,0.106,0.103,0.073,0.242,0.085,0.073,0.067,0.077,0.053,0.105,0.097,0.096,0.047,0.14,0.146,0.069,0.099,0.092,0.096,0.05,0.063,0.137,0.125,0.053,0.137,0.031,0.118,0.112,0.048,0.076,0.202,0.152,0.106,0.413,0.144,0.053,0.106,0.062,0.047,0.069,0.039,0.118,0.071,0.084,0.07,0.042,0.063,0.077,0.071,0.112,0.054,0.353,0.106,0.068,0.09,0.056,0.23,0.073,0.054,0.162,0.06,0.088,0.07,0.088,0.094,0.074,0.182,0.068,0.13,0.109,0.073,0.196,0.096,0.182,0.467,0.14,0.265,0.089,0.047,0.074,0.407,0.075,0.061,0.047,0.137,0.055,0.069,0.099,0.054,0.054,0.127,0.049,0.073,0.049,0.048,0.166,0.174,0.066,0.407,0.081,0.13,0.042,0.072,0.084,0.069,0.158,0.06,0.099,0.075,0.085,0.066,0.074,0.088,0.19,0.122,0.069
0.101,0.136,0.157,0.132,0.191,0.06,0.265,0.21,0.198,0.2,0.157,0.174,0.114,0.208,0.177,0.168,0.178,0.22,0.102,0.227,0.301,0.24,0.148,0.187,0.162,0.141,0.286,0.155,0.162,0.156,0.118,1.0,0.216,0.167,0.102,0.308,0.19,0.214,0.168,0.217,0.225,0.221,0.332,0.14,0.399,0.187,0.121,0.131,0.187,0.192,0.176,0.22,0.209,0.215,0.127,0.206,0.168,0.109,0.221,0.163,0.233,0.104,0.134,0.258,0.334,0.151,0.145,0.197,0.423,0.187,0.123,0.167,0.198,0.221,0.168,0.164,0.179,0.11,0.185,0.171,0.186,0.144,0.203,0.204,0.209,0.158,0.209,0.154,0.144,0.273,0.202,0.197,0.214,0.15,0.383,0.161,0.167,0.174,0.205,0.499,0.176,0.204,0.183,0.199,0.134,0.214,0.26,0.137,0.293,0.165,0.218,0.192,0.15,0.181,0.192,0.209,0.152,0.164,0.149,0.259,0.34,0.153,1.0,0.114,0.108,0.147,0.207,0.209,0.208,0.383,0.148,0.108,0.174,0.19,0.151,0.218,0.194,0.125,0.241,0.14,0.196,0.202,0.197,0.202,0.252,0.239,0.225,0.178,0.259,0.188,0.145,0.135,0.204,0.166,0.214,0.492,0.212,0.21,0.166,0.243,0.199,0.334,0.248,0.201,0.147,0.166,0.166,0.216,0.169,0.139,0.188,0.166,0.206,0.383,0.153,0.15,0.383,0.088,0.138,0.151,0.149,0.182,0.193,0.142,0.181,0.152,0.262,0.183,0.204,0.178,0.151,0.149,0.112,0.183,0.135,0.156,0.15,0.09,0.177,0.138,0.269,0.225,0.219,0.145,0.204,0.196,0.203,0.154,0.173,0.214,0.221,0.165,0.142,0.209,0.251,0.209,0.239,0.199,0.206,0.179,0.199,0.24,0.108,0.223,0.211,0.28,0.154,0.139,0.158,0.166,0.156,0.188,0.165,0.173,0.168,0.249,0.383,0.146,0.188,0.225,0.221,0.072,0.126,0.109,0.214,0.123,0.131,0.094,0.203,0.209,0.165,0.238,0.229,0.101,0.172,0.21,0.171,0.285,0.119,0.189,0.226,0.181,0.216,0.239,0.209,1.0,0.205,0.178
0.086,0.093,0.112,0.238,0.121,0.05,0.23,0.208,0.363,0.151,0.2,0.314,0.074,0.407,0.167,0.123,0.123,0.128,0.09,0.143,0.103,0.179,0.125,0.108,0.182,0.114,0.148,0.147,0.148,0.082,0.061,0.216,1.0,0.116,0.105,0.116,0.147,0.126,0.189,0.077,0.146,0.157,0.104,0.103,0.209,0.109,0.08,0.093,0.124,0.116,0.081,0.187,0.178,0.153,0.083,0.063,0.131,0.175,0.32,0.113,0.138,0.079,0.146,0.078,0.13,0.32,0.216,0.129,0.037,0.218,0.107,0.144,0.111,0.157,0.067,0.188,0.121,0.108,0.428,0.096,0.078,0.108,0.141,0.099,0.178,0.163,0.178,0.196,0.111,0.148,0.58,0.1,0.169,0.126,0.174,0.082,0.163,0.15,0.181,0.265,0.312,0.188,0.086,0.097,0.116,0.169,0.119,0.111,0.092,0.122,0.162,0.052,0.12,0.124,0.091,0.149,0.094,0.123,0.17,0.096,0.204,0.197,0.38,0.096,0.101,0.099,0.115,0.178,0.153,0.154,0.167,0.096,0.105,0.061,0.145,0.141,0.107,0.107,0.073,0.125,0.146,0.138,0.108,0.112,0.279,0.119,0.192,0.116,0.14,0.093,0.045,0.115,0.188,0.103,0.169,0.259,0.142,0.174,0.133,0.09,0.085,0.13,0.122,0.3,0.114,0.126,0.111,0.112,0.14,0.186,0.257,0.121,0.125,0.174,0.107,0.126,0.174,0.365,0.112,0.103,0.29,0.151,0.12,0.131,0.088,0.054,0.108,0.125,0.188,0.122,0.093,0.102,0.09,0.094,0.428,0.108,0.208,0.078,0.093,0.127,0.096,0.302,0.093,0.063,0.188,0.616,0.141,0.137,0.093,0.169,0.157,0.123,0.106,0.178,0.15,0.178,0.432,0.126,0.135,0.314,0.145,0.201,0.094,0.13,0.156,0.152,0.143,0.039,0.118,0.095,0.283,0.076,0.076,0.283,0.097,0.072,0.174,0.147,0.123,0.258,0.157,0.06,0.198,0.071,0.169,0.123,0.099,0.095,0.13,0.116,0.094,0.119,0.287,0.086,0.132,0.068,0.104,0.219,0.119,0.212,0.123,0.241,0.126,0.155,0.178,0.38,0.208,0.134
0.417,0.295,0.391,0.188,0.427,0.116,0.771,0.349,0.351,0.522,0.167,0.197,0.261,0.36,0.504,0.436,0.204,0.392,0.454,0.335,0.166,0.23,0.586,0.452,0.516,0.648,0.185,0.322,0.208,0.356,0.112,0.167,0.116,1.0,0.174,0.454,0.416,0.445,0.422,0.103,0.375,0.881,0.382,0.439,0.189,0.342,0.394,0.399,0.425,0.393,0.241,0.4,1.0,0.547,0.129,0.204,0.473,0.11,0.207,0.458,0.281,0.241,0.384,0.184,0.197,0.238,0.45,0.415,0.11,0.155,0.487,0.434,0.47,0.753,0.037,0.463,0.111,0.132,0.109,0.357,0.131,0.311,0.445,0.231,1.0,0.15,1.0,0.273,0.137,0.323,0.374,0.261,0.736,0.722,0.243,0.151,0.373,0.539,0.151,0.163,0.357,0.915,0.161,0.431,0.527,1.0,0.238,0.208,0.205,0.339,0.881,0.129,0.421,0.285,0.392,0.43,0.259,0.439,0.393,0.124,0.281,0.358,0.232,0.242,0.367,0.316,0.517,1.0,0.886,0.445,0.413,0.48,0.41,0.254,0.693,0.448,0.478,0.358,0.181,0.247,0.224,0.506,0.152,0.379,0.199,0.356,0.374,0.463,0.323,0.229,0.099,0.235,0.915,0.486,1.0,0.169,0.394,0.452,0.375,0.157,0.285,0.197,0.401,0.154,0.484,0.36,0.383,0.193,0.376,0.362,0.335,0.355,0.253,0.243,0.448,0.722,0.243,0.231,0.502,0.316,0.231,0.451,0.189,0.384,0.322,0.107,0.173,0.089,0.915,0.337,0.364,0.192,0.545,0.455,0.087,0.374,0.155,0.127,0.248,0.384,0.12,0.172,0.358,0.118,0.915,0.157,0.498,0.88,0.467,1.0,1.0,0.383,0.249,1.0,0.388,1.0,0.39,0.354,0.214,0.414,0.097,0.205,0.325,0.292,0.167,0.206,0.244,0.07,0.176,0.171,0.257,0.232,0.194,0.228,0.407,0.47,0.243,0.428,0.455,0.365,1.0,0.199,0.181,0.183,1.0,0.283,0.302,0.137,0.224,0.433,0.128,0.378,0.226,0.417,0.419,0.199,0.409,0.206,0.276,0.353,0.328,0.387,0.16,0.433,1.0,0.232,0.496,0.438
0.127,0.109,0.156,0.155,0.194,0.058,0.226,0.275,0.123,0.216,0.131,0.133,0.081,0.192,0.175,0.153,0.115,0.236,0.168,0.181,0.109,0.114,0.29,0.116,0.179,0.162,0.122,0.276,0.1,0.103,0.056,0.102,0.105,0.174,1.0,0.116,0.148,0.169,0.226,0.075,0.358,0.171,0.14,0.194,0.259,0.128,0.14,0.15,0.152,0.163,0.162,0.159,0.237,0.143,0.087,0.108,0.194,0.124,0.119,0.279,0.111,0.213,0.192,0.073,0.133,0.266,0.186,0.167,0.048,0.161,0.474,0.142,0.159,0.171,0.032,0.152,0.057,0.09,0.093,0.175,0.145,0.167,0.181,0.141,0.237,0.091,0.237,0.113,0.067,0.277,0.18,0.172,0.208,0.16,0.169,0.076,0.154,0.195,0.11,0.121,0.129,0.273,0.168,0.13,0.162,0.208,0.215,0.158,0.094,0.127,0.187,0.132,0.095,0.242,0.125,0.194,0.147,0.138,0.219,0.088,0.158,0.167,0.144,0.309,0.142,0.129,0.125,0.237,0.038,0.07,0.272,0.149,0.163,0.112,0.208,0.18,0.224,0.152,0.114,0.323,0.088,0.319,0.139,0.167,0.122,0.126,0.191,0.164,0.212,0.097,0.049,0.104,0.273,0.149,0.208,0.119,0.192,0.164,0.171,0.1,0.104,0.133,0.147,0.148,0.14,0.237,0.175,0.128,0.205,0.127,0.145,0.215,0.141,0.169,0.135,0.16,0.169,0.075,0.139,0.111,0.112,0.204,0.109,0.2,0.313,0.047,0.068,0.067,0.273,0.197,0.135,0.139,0.123,0.122,0.093,0.166,0.15,0.114,0.156,0.191,0.09,0.109,0.124,0.061,0.273,0.249,0.202,0.123,0.193,0.208,0.171,0.21,0.114,0.237,0.153,0.237,0.132,0.136,0.149,0.127,0.06,0.126,0.193,0.123,0.15,0.116,0.101,0.042,0.148,0.137,0.128,0.089,0.111,0.18,0.198,0.068,0.169,0.151,0.183,0.145,0.171,0.105,0.079,0.151,0.208,0.15,0.126,0.089,0.258,0.187,0.089,0.177,0.143,0.127,0.199,0.072,0.169,0.122,0.154,0.125,0.16,0.194,0.151,0.25,0.237,0.144,0.159,0.185
0.251,0.252,0.396,0.049,0.44,0.06,0.204,0.396,0.622,0.44,0.16,0.265,0.107,0.674,0.153,0.252,0.16,0.36,0.04,0.396,0.196,0.338,0.273,0.852,0.396,0.239,0.338,0.438,0.2,0.252,0.09,0.308,0.116,0.454,0.116,1.0,0.44,0.703,0.44,0.167,0.396,0.309,0.44,0.331,0.308,0.396,0.252,0.264,0.23,0.3,0.131,0.44,0.396,0.44,0.089,0.212,0.44,0.171,0.265,0.44,0.331,0.174,0.44,1.0,0.238,0.198,0.116,0.396,0.069,0.114,0.094,0.44,0.331,0.309,0.075,0.44,0.114,0.138,0.198,0.171,0.072,0.331,0.44,0.099,0.396,0.165,0.396,0.308,0.169,0.36,0.44,0.23,0.36,0.252,0.3,0.173,0.277,0.36,0.176,0.308,0.3,0.44,0.191,0.36,0.245,0.36,0.3,0.171,0.153,0.285,0.331,0.116,0.108,0.204,0.36,0.852,0.2,0.309,0.44,0.116,0.308,0.36,0.308,0.114,0.081,0.331,0.606,0.396,0.056,0.133,0.36,0.212,0.44,0.219,0.308,0.44,0.6,0.251,0.182,0.171,0.674,0.396,0.146,0.44,0.251,0.674,0.396,0.44,0.36,0.182,0.081,0.1,0.44,0.438,0.36,0.308,0.44,0.36,0.36,0.17,0.233,0.238,0.396,0.265,0.227,0.238,0.338,0.231,0.3,0.277,0.271,0.393,0.204,0.3,0.396,0.252,0.3,0.061,0.396,0.309,0.454,0.44,0.338,0.44,0.124,0.073,0.133,0.126,0.44,0.331,0.396,0.231,0.186,0.36,0.107,0.396,0.176,0.084,0.273,0.44,0.196,0.3,0.396,0.146,0.44,0.311,0.44,0.492,0.258,0.36,0.309,0.292,0.227,0.396,0.396,0.396,0.674,0.396,0.338,0.674,0.147,0.3,0.264,0.2,0.146,0.3,0.106,0.082,0.172,0.133,0.674,0.148,0.238,0.239,0.44,0.622,0.3,0.674,0.44,0.396,0.309,0.251,0.087,0.203,0.36,0.265,0.309,0.1,0.238,0.396,0.198,0.44,0.238,0.251,0.44,0.063,0.396,0.338,0.277,0.516,0.396,0.44,0.169,0.44,0.396,0.308,0.852,0.5
0.507,0.282,0.34,0.185,0.304,0.173,0.49,0.292,0.269,0.45,0.311,0.269,0.233,0.351,0.439,0.371,0.21,0.303,0.113,0.291,0.251,0.2,0.686,0.334,0.46,0.635,0.218,0.294,0.217,0.25,0.141,0.19,0.147,0.416,0.148,0.44,1.0,0.268,0.341,0.134,0.321,0.756,0.38,0.258,0.184,0.305,0.258,0.288,0.249,0.328,0.254,0.259,0.915,0.357,0.125,0.185,0.35,0.116,0.295,0.469,0.323,0.214,0.322,0.163,0.3,0.302,0.373,0.338,0.199,0.192,0.25,0.48,0.248,0.756,0.045,0.375,0.106,0.192,0.203,0.359,0.145,0.302,0.303,0.243,0.915,0.19,0.915,0.308,0.138,0.301,0.357,0.226,0.847,0.663,0.373,0.193,0.322,0.487,0.273,0.178,0.429,1.0,0.161,0.257,0.62,0.847,0.214,0.232,0.23,0.365,0.795,0.148,0.279,0.246,0.458,0.4,0.265,0.354,0.383,0.209,0.284,0.277,0.38,0.154,0.31,0.27,0.272,0.915,0.098,0.154,0.291,0.567,0.362,0.202,0.782,0.378,0.483,0.367,0.237,0.202,0.221,0.568,0.168,0.331,0.206,0.24,0.329,0.426,0.39,0.258,0.185,0.279,1.0,0.318,0.847,0.307,0.368,0.399,0.325,0.214,0.249,0.3,0.342,0.274,0.594,0.236,0.458,0.195,0.303,0.28,0.309,0.38,0.278,0.373,0.382,0.663,0.373,0.207,0.314,0.201,0.196,0.453,0.262,0.331,0.182,0.171,0.197,0.111,1.0,0.317,0.368,0.194,0.516,0.257,0.122,0.307,0.258,0.116,0.237,0.32,0.144,0.238,0.346,0.236,1.0,0.165,0.446,0.466,0.274,0.847,0.756,0.399,0.219,0.915,0.401,0.915,0.28,0.275,0.297,0.334,0.188,0.297,0.224,0.344,0.161,0.191,0.194,0.117,0.321,0.166,0.276,0.139,0.159,0.26,0.334,0.31,0.373,0.41,0.39,0.267,0.756,0.174,0.214,0.172,0.847,0.408,0.233,0.198,0.181,0.312,0.232,0.321,0.263,0.507,0.398,0.162,0.379,0.229,0.257,0.342,0.279,0.437,0.174,0.36,0.915,0.38,0.347,0.507
0.507,0.181,0.361,0.185,0.429,0.076,0.49,0.258,0.234,0.396,0.136,0.188,0.16,0.231,0.378,0.357,0.199,0.586,0.732,0.218,0.837,0.318,0.686,0.462,0.402,0.635,0.21,0.294,0.14,0.224,0.125,0.214,0.126,0.445,0.169,0.703,0.268,1.0,0.264,0.117,0.281,0.756,0.269,0.441,0.315,0.42,0.314,0.329,0.332,0.462,0.137,0.401,0.915,0.397,0.134,0.119,0.341,0.101,0.207,0.308,0.224,0.187,0.215,0.179,1.0,0.301,0.293,0.257,0.093,0.185,0.499,0.361,0.434,0.756,0.053,0.367,0.098,0.126,0.129,0.341,0.182,0.37,0.26,0.243,0.915,0.168,0.915,0.287,0.246,0.43,0.218,0.155,0.847,0.663,0.831,0.165,0.317,0.337,0.158,0.223,0.307,1.0,0.216,0.282,0.62,0.847,0.386,0.166,0.153,0.329,0.795,0.103,0.279,0.276,0.319,0.305,0.204,0.318,0.248,0.139,0.271,0.238,0.38,0.199,0.367,0.177,0.432,0.915,0.098,0.453,0.324,0.567,0.355,0.154,0.782,0.383,0.407,0.328,0.175,0.197,0.182,0.433,0.122,0.211,0.286,0.265,0.275,0.458,0.318,0.2,0.216,0.279,1.0,0.434,0.847,0.228,0.272,0.368,0.217,0.214,0.202,1.0,0.274,0.175,0.594,0.36,0.339,0.255,0.536,0.25,0.295,0.275,0.23,0.831,0.353,0.663,0.831,0.181,0.28,0.227,0.146,0.307,0.214,0.218,0.629,0.132,0.239,0.099,1.0,0.253,0.249,0.262,0.516,0.479,0.138,0.273,0.149,0.094,0.172,0.216,0.142,0.262,0.2,0.11,1.0,0.154,0.331,0.466,0.303,0.847,0.756,0.326,0.293,0.915,0.329,0.915,0.295,0.205,0.229,0.307,0.111,0.34,0.308,0.287,0.194,0.322,0.277,0.094,0.167,0.237,0.156,0.205,0.246,0.213,0.313,0.437,0.831,0.268,0.282,0.261,0.756,0.154,0.151,0.119,0.847,0.213,0.161,0.105,0.422,0.384,0.145,0.216,0.204,0.507,0.287,0.219,0.364,0.249,0.172,0.271,0.196,0.243,0.14,0.309,0.915,0.38,0.375,0.333
1.0,0.364,0.45,0.185,0.458,0.141,0.619,0.366,0.341,0.423,0.243,0.298,0.164,0.346,0.378,0.357,0.239,0.332,0.203,0.449,0.188,0.193,0.686,0.289,0.429,0.635,0.184,0.376,0.313,0.266,0.077,0.168,0.189,0.422,0.226,0.44,0.341,0.264,1.0,0.12,0.427,0.756,0.369,0.402,0.221,0.275,0.349,0.402,0.315,0.287,0.227,0.285,0.915,0.363,0.141,0.348,0.477,0.148,0.222,0.374,0.272,0.298,0.5,0.175,0.217,0.238,0.293,0.48,0.086,0.17,0.749,0.443,0.247,0.756,0.054,0.326,0.097,0.165,0.206,0.339,0.145,0.321,0.31,0.243,0.915,0.154,0.915,0.264,0.117,0.381,0.498,0.287,0.847,0.663,0.259,0.168,0.32,0.393,0.208,0.186,0.248,1.0,0.141,0.306,0.62,0.847,0.207,0.235,0.185,0.27,0.795,0.132,0.283,0.267,0.285,0.57,0.286,0.28,0.516,0.141,0.406,0.43,0.284,0.276,0.224,0.388,0.289,0.915,0.098,0.126,0.428,0.647,0.323,0.207,0.782,0.447,0.37,0.388,0.188,0.552,0.188,0.552,0.15,0.42,0.373,0.324,0.491,0.401,0.321,0.176,0.102,0.279,1.0,0.303,0.847,0.188,0.516,0.404,0.518,0.17,0.298,0.217,0.333,0.246,0.594,0.245,0.405,0.26,0.343,0.388,0.266,0.353,0.272,0.259,0.426,0.663,0.259,0.181,0.388,0.319,0.278,0.646,0.216,0.478,0.194,0.096,0.122,0.112,1.0,0.336,0.319,0.267,0.516,0.262,0.136,0.406,0.239,0.15,0.303,0.471,0.139,0.209,0.358,0.099,1.0,0.22,0.397,0.466,0.319,0.847,0.756,0.276,0.236,0.915,0.414,0.915,0.347,0.34,0.243,0.357,0.107,0.203,0.575,0.285,0.153,0.171,0.194,0.071,0.238,0.169,0.245,0.138,0.123,0.242,0.379,0.31,0.259,0.448,0.5,0.336,0.756,0.353,0.214,0.254,0.847,0.372,0.383,0.186,0.22,0.351,0.129,0.401,0.275,1.0,0.546,0.121,0.369,0.189,0.438,0.339,0.402,0.563,0.159,0.527,0.915,0.284,0.44,0.404
0.068,0.085,0.097,0.042,0.109,0.044,0.171,0.091,0.099,0.145,0.104,0.164,0.079,0.116,0.127,0.099,0.137,0.15,0.035,0.126,0.157,0.156,0.098,0.114,0.106,0.085,0.23,0.11,0.188,0.086,0.064,0.217,0.077,0.103,0.075,0.167,0.134,0.117,0.12,1.0,0.108,0.101,0.143,0.083,0.185,0.097,0.114,0.077,0.111,0.129,0.247,0.152,0.144,0.25,0.058,0.129,0.108,0.043,0.186,0.109,0.217,0.07,0.136,0.143,0.2,0.092,0.097,0.131,0.146,0.078,0.08,0.113,0.083,0.101,0.049,0.129,0.067,0.096,0.111,0.096,0.058,0.088,0.194,0.188,0.144,0.112,0.144,0.09,0.109,0.198,0.136,0.125,0.124,0.088,0.263,0.114,0.109,0.123,0.147,0.211,0.114,0.168,0.112,0.123,0.094,0.124,0.164,0.112,0.192,0.124,0.11,0.13,0.088,0.128,0.106,0.162,0.099,0.114,0.134,0.097,0.163,0.101,0.279,0.162,0.07,0.134,0.099,0.144,0.043,0.108,0.101,0.079,0.147,0.131,0.112,0.175,0.167,0.092,0.15,0.121,0.139,0.131,0.214,0.274,0.14,0.1,0.192,0.111,0.146,0.178,0.16,0.083,0.168,0.091,0.124,0.219,0.133,0.118,0.113,0.331,0.137,0.2,0.235,0.183,0.081,0.108,0.121,0.086,0.112,0.09,0.095,0.131,0.165,0.263,0.094,0.088,0.263,0.053,0.093,0.082,0.072,0.133,0.154,0.14,0.099,0.079,0.099,0.205,0.168,0.164,0.144,0.086,0.067,0.089,0.076,0.102,0.12,0.058,0.106,0.136,0.528,0.158,0.22,0.096,0.168,0.076,0.142,0.092,0.111,0.124,0.101,0.098,0.077,0.144,0.144,0.144,0.094,0.282,0.163,0.091,0.707,0.164,0.071,0.12,0.164,0.209,0.08,0.133,0.102,0.077,0.079,0.143,0.115,0.087,0.115,0.095,0.263,0.099,0.143,0.097,0.101,0.056,0.072,0.062,0.124,0.151,0.083,0.07,0.124,0.132,0.141,0.366,0.398,0.068,0.136,0.108,0.119,0.196,0.094,0.095,0.113,0.15,0.269,0.116,0.144,0.279,0.143,0.097
0.417,0.262,0.366,0.244,0.416,0.082,0.45,0.551,0.356,0.425,0.152,0.212,0.126,0.368,0.339,0.251,0.347,0.288,0.095,0.599,0.166,0.228,0.586,0.276,0.396,0.531,0.197,0.345,0.221,0.245,0.073,0.225,0.146,0.375,0.358,0.396,0.321,0.281,0.427,0.108,1.0,0.627,0.379,0.319,0.27,0.325,0.264,0.227,0.215,0.222,0.207,0.285,0.826,0.338,0.21,0.234,0.432,0.11,0.197,0.379,0.237,0.264,0.461,0.245,0.197,0.303,0.25,0.617,0.07,0.207,0.359,0.378,0.2,0.627,0.066,0.312,0.092,0.114,0.119,0.197,0.54,0.34,0.318,0.203,1.0,0.115,0.826,0.181,0.107,0.389,0.429,0.209,0.736,0.556,0.243,0.121,0.32,0.345,0.145,0.261,0.213,0.915,0.152,0.456,0.527,0.902,0.227,0.191,0.166,0.249,0.674,0.176,0.233,0.277,0.29,0.515,0.328,0.281,0.475,0.312,0.4,0.402,0.383,0.189,0.187,0.345,0.242,0.826,0.081,0.17,0.35,0.48,0.283,0.224,0.693,0.431,0.399,0.332,0.221,0.241,0.138,0.554,0.186,0.424,0.225,0.32,0.509,0.394,0.382,0.174,0.079,0.235,0.915,0.303,0.736,0.246,0.631,0.454,0.458,0.149,0.253,0.197,0.345,0.178,0.484,0.238,0.282,0.459,0.264,0.333,0.257,0.368,0.216,0.243,0.428,0.556,0.243,0.143,0.361,0.329,0.228,0.609,0.175,0.466,0.313,0.082,0.122,0.097,0.915,0.289,0.385,0.288,0.416,0.243,0.168,0.426,0.16,0.204,0.371,0.461,0.228,0.224,0.397,0.092,0.915,0.215,0.434,0.4,0.242,0.902,0.679,0.25,0.247,0.826,0.445,1.0,0.364,0.359,0.197,0.349,0.089,0.231,0.282,0.215,0.183,0.186,0.139,0.059,0.16,0.326,0.378,0.194,0.136,0.313,0.398,0.253,0.243,0.446,0.461,0.511,0.679,0.224,0.115,0.299,0.902,0.263,0.36,0.129,0.222,0.343,0.126,0.439,0.185,0.417,0.501,0.084,0.357,0.191,0.358,0.299,0.595,0.461,0.212,0.53,1.0,0.383,0.426,0.364
0.257,0.545,0.769,0.108,0.756,0.086,0.372,0.627,0.521,0.756,0.196,0.249,0.167,0.521,0.264,0.68,0.269,0.521,0.063,0.627,0.121,0.237,0.403,0.627,1.0,0.413,0.237,0.401,0.342,0.545,0.054,0.221,0.157,0.881,0.171,0.309,0.756,0.756,0.756,0.101,0.627,1.0,0.756,0.881,0.221,0.627,0.435,0.415,0.515,0.325,0.208,0.756,0.769,0.756,0.165,0.325,0.756,0.124,0.19,0.756,0.537,0.41,0.756,0.309,0.158,0.277,0.171,0.639,0.04,0.13,0.136,0.769,0.438,0.374,0.038,0.769,0.087,0.121,0.134,0.268,0.104,0.438,0.756,0.131,0.627,0.104,0.769,0.235,0.157,0.521,0.756,0.285,0.521,0.545,0.213,0.108,0.515,0.808,0.149,0.221,0.286,0.756,0.119,0.639,0.361,0.521,0.213,0.268,0.264,0.46,0.438,0.14,0.147,0.372,0.639,0.881,0.342,0.374,0.756,0.162,0.413,0.808,0.221,0.188,0.123,0.438,0.881,0.769,0.048,0.088,0.521,0.325,0.756,0.327,0.529,0.756,0.769,0.395,0.26,0.268,0.161,0.627,0.17,0.756,0.257,0.521,0.627,0.769,0.521,0.26,0.037,0.155,0.756,0.521,0.808,0.221,0.756,0.639,0.881,0.107,0.367,0.158,0.769,0.19,0.28,0.194,0.68,0.263,0.372,0.515,0.398,0.395,0.372,0.213,0.68,0.545,0.213,0.076,0.627,0.459,0.264,1.0,0.237,0.756,0.073,0.082,0.088,0.088,0.756,0.537,0.769,0.263,0.29,0.521,0.079,0.627,0.183,0.116,0.403,0.756,0.162,0.213,0.769,0.085,0.756,0.223,0.756,0.278,0.545,0.521,0.459,0.327,0.28,0.769,0.769,0.627,0.521,0.769,0.237,0.521,0.079,0.213,0.415,0.279,0.17,0.213,0.157,0.043,0.167,0.205,0.278,0.151,0.158,0.413,0.756,0.138,0.213,0.756,0.756,0.627,0.459,0.257,0.069,0.278,0.521,0.3,0.459,0.155,0.158,0.769,0.134,0.756,0.268,0.257,0.756,0.091,0.769,0.237,0.45,0.627,0.627,0.756,0.205,0.756,0.627,0.221,0.756,0.756
0.507,0.258,0.413,0.185,0.367,0.119,0.49,0.306,0.287,0.396,0.171,0.216,0.206,0.284,0.378,0.293,0.204,0.302,0.113,0.36,0.188,0.174,0.686,0.324,0.423,0.635,0.193,0.271,0.283,0.248,0.108,0.332,0.104,0.382,0.14,0.44,0.38,0.269,0.369,0.143,0.379,0.756,1.0,0.301,0.164,0.392,0.35,0.235,0.253,0.214,0.218,0.253,0.915,0.396,0.129,0.34,0.409,0.106,0.221,0.321,0.328,0.205,0.389,0.284,0.217,0.224,0.293,0.448,0.232,0.147,0.25,0.45,0.223,0.756,0.043,0.322,0.102,0.147,0.104,0.354,0.145,0.313,0.317,0.243,0.915,0.128,0.915,0.266,0.192,0.302,0.349,0.344,0.847,0.663,0.259,0.292,0.284,0.369,0.212,0.162,0.236,1.0,0.127,0.315,0.62,0.847,0.185,0.226,0.31,0.317,0.795,0.19,0.279,0.221,0.444,0.508,0.34,0.298,0.441,0.325,0.335,0.366,0.246,0.154,0.224,0.374,0.237,0.915,0.098,0.106,0.311,0.567,0.371,0.239,0.782,0.417,0.408,0.344,0.36,0.219,0.213,0.501,0.19,0.389,0.217,0.265,0.467,0.407,0.33,0.337,0.266,0.279,1.0,0.282,0.847,0.206,0.456,0.426,0.463,0.207,0.372,0.217,0.386,0.18,0.594,0.175,0.313,0.262,0.294,0.287,0.234,0.428,0.43,0.259,0.394,0.663,0.259,0.181,0.341,0.263,0.188,0.594,0.204,0.4,0.136,0.261,0.281,0.146,1.0,0.297,0.39,0.31,0.516,0.228,0.095,0.365,0.173,0.123,0.252,0.391,0.163,0.155,0.405,0.196,1.0,0.148,0.386,0.466,0.212,0.847,0.756,0.241,0.252,0.915,0.452,0.915,0.257,0.334,0.234,0.315,0.183,0.159,0.266,0.305,0.163,0.166,0.19,0.231,0.219,0.182,0.191,0.176,0.169,0.2,0.394,0.31,0.259,0.403,0.475,0.256,0.756,0.232,0.152,0.204,0.847,0.311,0.327,0.167,0.16,0.378,0.214,0.363,0.228,0.507,0.532,0.316,0.417,0.251,0.356,0.266,0.329,0.41,0.217,0.422,0.915,0.246,0.386,0.352
0.415,0.333,0.321,0.144,0.468,0.075,0.392,0.261,0.268,0.413,0.142,0.215,0.191,0.226,0.283,0.369,0.202,0.472,0.732,0.325,0.193,0.296,0.447,0.346,0.357,0.47,0.155,0.258,0.259,0.333,0.088,0.14,0.103,0.439,0.194,0.331,0.258,0.441,0.402,0.083,0.319,0.881,0.301,1.0,0.206,0.286,0.464,0.329,0.308,0.404,0.149,0.355,0.826,0.368,0.154,0.215,0.468,0.12,0.138,0.348,0.186,0.249,0.363,0.13,0.251,0.202,0.24,0.407,0.053,0.149,0.452,0.412,0.337,0.438,0.039,0.298,0.07,0.1,0.091,0.28,0.111,0.268,0.298,0.193,0.674,0.156,0.826,0.199,0.105,0.338,0.339,0.237,0.575,0.749,0.335,0.091,0.313,0.345,0.117,0.153,0.217,0.795,0.147,0.331,0.401,0.575,0.253,0.215,0.152,0.247,0.497,0.082,0.168,0.246,0.321,0.521,0.283,0.291,0.396,0.101,0.302,0.459,0.218,0.255,0.367,0.234,0.395,0.826,0.057,0.592,0.407,0.499,0.273,0.192,0.803,0.413,0.313,0.369,0.126,0.238,0.146,0.407,0.106,0.337,0.213,0.298,0.344,0.339,0.237,0.119,0.055,0.175,0.795,0.337,0.891,0.152,0.383,0.406,0.461,0.117,0.331,0.251,0.281,0.142,0.33,0.277,0.326,0.196,0.376,0.392,0.224,0.297,0.219,0.335,0.467,0.749,0.335,0.092,0.363,0.314,0.183,0.498,0.163,0.371,0.183,0.095,0.235,0.077,0.795,0.263,0.278,0.193,0.513,0.428,0.082,0.343,0.157,0.132,0.215,0.366,0.105,0.151,0.308,0.069,0.795,0.139,0.344,0.384,0.352,0.575,0.537,0.287,0.19,0.826,0.322,0.674,0.282,0.302,0.184,0.271,0.064,0.276,0.519,0.253,0.125,0.308,0.223,0.044,0.142,0.176,0.166,0.217,0.19,0.172,0.312,0.167,0.335,0.356,0.357,0.333,0.537,0.252,0.08,0.161,0.575,0.241,0.338,0.117,0.243,0.394,0.101,0.325,0.199,0.415,0.388,0.131,0.292,0.152,0.343,0.222,0.294,0.373,0.117,0.337,0.674,0.218,0.456,0.303
0.101,0.147,0.153,0.132,0.207,0.064,0.265,0.213,0.201,0.241,0.178,0.2,0.121,0.215,0.177,0.211,0.203,0.423,0.102,0.249,0.679,0.253,0.148,0.168,0.185,0.141,0.3,0.337,0.123,0.16,0.112,0.399,0.209,0.189,0.259,0.308,0.184,0.315,0.221,0.185,0.27,0.221,0.164,0.206,1.0,0.179,0.106,0.17,0.219,0.261,0.144,0.263,0.209,0.202,0.198,0.102,0.181,0.121,0.185,0.277,0.182,0.178,0.165,0.193,0.837,0.162,0.162,0.21,0.094,0.199,0.378,0.158,0.202,0.221,0.154,0.208,0.17,0.121,0.194,0.176,0.186,0.161,0.211,0.126,0.209,0.162,0.209,0.164,0.131,0.55,0.216,0.164,0.214,0.15,0.717,0.147,0.165,0.227,0.19,0.477,0.23,0.204,0.231,0.175,0.218,0.214,0.485,0.168,0.167,0.148,0.218,0.133,0.15,0.252,0.152,0.228,0.159,0.211,0.205,0.178,0.343,0.162,1.0,0.259,0.127,0.136,0.226,0.209,0.208,0.383,0.294,0.108,0.181,0.118,0.151,0.34,0.28,0.126,0.179,0.273,0.171,0.292,0.152,0.171,0.418,0.237,0.218,0.185,0.329,0.138,0.145,0.135,0.204,0.172,0.214,0.471,0.231,0.203,0.174,0.243,0.177,0.837,0.23,0.227,0.164,0.336,0.215,0.231,0.274,0.152,0.185,0.15,0.187,0.717,0.161,0.15,0.717,0.088,0.149,0.154,0.158,0.194,0.206,0.171,0.267,0.09,0.198,0.137,0.204,0.209,0.142,0.15,0.112,0.221,0.135,0.165,0.18,0.103,0.195,0.174,0.219,0.335,0.154,0.144,0.204,0.19,0.276,0.154,0.256,0.214,0.221,0.244,0.162,0.209,0.233,0.209,0.24,0.17,0.244,0.186,0.146,0.324,0.152,0.217,0.182,0.413,0.155,0.095,0.194,0.221,0.16,0.135,0.182,0.187,0.167,0.249,0.717,0.167,0.194,0.228,0.221,0.086,0.126,0.124,0.214,0.112,0.139,0.105,0.484,0.228,0.171,0.222,0.225,0.101,0.18,0.091,0.154,0.288,0.132,0.194,0.231,0.208,0.178,0.274,0.209,1.0,0.221,0.205
0.495,0.157,0.477,0.157,0.366,0.109,0.45,0.272,0.2,0.441,0.132,0.143,0.131,0.206,0.339,0.284,0.393,0.433,0.147,0.335,0.225,0.25,0.719,0.435,0.429,0.531,0.137,0.19,0.162,0.16,0.072,0.187,0.109,0.342,0.128,0.396,0.305,0.42,0.275,0.097,0.325,0.627,0.392,0.286,0.179,1.0,0.257,0.234,0.323,0.252,0.193,0.245,0.815,0.374,0.325,0.172,0.319,0.099,0.198,0.257,0.228,0.121,0.265,0.158,0.293,0.284,0.344,0.357,0.154,0.175,0.21,0.416,0.334,0.769,0.07,0.323,0.076,0.134,0.083,0.302,0.438,0.595,0.244,0.234,0.815,0.123,0.815,0.319,0.221,0.246,0.256,0.19,0.902,0.556,0.268,0.231,0.316,0.289,0.148,0.167,0.227,0.915,0.096,0.269,0.814,0.736,0.148,0.239,0.203,0.378,0.826,0.095,1.0,0.21,0.352,0.317,0.298,0.287,0.422,0.206,0.235,0.228,0.334,0.144,0.37,0.247,0.272,0.815,0.081,0.258,0.268,0.573,0.397,0.151,0.693,0.34,0.349,0.377,0.196,0.179,0.105,0.461,0.123,0.26,0.191,0.228,0.358,0.547,0.228,0.223,0.216,0.349,0.915,0.404,0.736,0.168,0.388,0.458,0.253,0.187,0.26,0.293,0.262,0.125,0.922,0.181,0.236,0.515,0.394,0.209,0.22,0.302,0.28,0.268,0.303,0.556,0.268,0.143,0.273,0.175,0.207,0.361,0.205,0.312,0.114,0.17,0.201,0.096,0.915,0.267,0.354,0.498,0.416,0.32,0.09,0.259,0.142,0.158,0.291,0.325,0.123,0.136,0.239,0.074,0.915,0.14,0.347,0.4,0.174,0.736,0.627,0.22,0.422,0.815,0.398,0.815,0.221,0.23,0.229,0.273,0.087,0.15,0.211,0.239,0.133,0.152,0.156,0.111,0.134,0.557,0.149,0.165,0.158,0.187,0.449,0.253,0.268,0.29,0.387,0.228,0.627,0.163,0.115,0.162,0.736,0.297,0.18,0.158,0.191,0.434,0.104,0.258,0.202,0.495,0.385,0.306,0.41,0.199,0.215,0.229,0.261,0.279,0.143,0.341,0.815,0.334,0.312,0.401
0.532,0.299,0.363,0.159,0.389,0.096,0.316,0.239,0.223,0.422,0.124,0.209,0.152,0.206,0.241,0.342,0.204,0.311,1.0,0.279,0.1,0.235,0.401,0.355,0.344,0.404,0.118,0.194,0.319,0.31,0.066,0.121,0.08,0.394,0.14,0.252,0.258,0.314,0.349,0.114,0.264,0.435,0.35,0.464,0.106,0.257,1.0,0.348,0.291,0.303,0.193,0.294,0.678,0.394,0.119,0.333,0.508,0.119,0.161,0.266,0.22,0.25,0.33,0.187,0.127,0.211,0.2,0.377,0.152,0.118,0.213,0.424,0.326,0.358,0.026,0.331,0.06,0.092,0.072,0.349,0.098,0.246,0.311,0.218,0.556,0.112,0.678,0.207,0.13,0.212,0.306,0.227,0.472,0.749,0.165,0.176,0.322,0.316,0.119,0.107,0.176,0.663,0.096,0.397,0.395,0.472,0.13,0.167,0.177,0.348,0.407,0.083,0.223,0.188,0.308,0.439,0.295,0.322,0.336,0.137,0.327,0.364,0.15,0.204,0.237,0.291,0.393,0.678,0.063,0.354,0.293,0.649,0.314,0.197,0.803,0.324,0.336,0.453,0.206,0.228,0.119,0.292,0.132,0.322,0.231,0.243,0.322,0.317,0.186,0.237,0.127,0.154,0.663,0.319,0.575,0.105,0.332,0.358,0.339,0.203,0.409,0.127,0.353,0.112,0.323,0.201,0.325,0.171,0.393,0.347,0.258,0.425,0.223,0.165,0.43,0.749,0.165,0.149,0.338,0.263,0.168,0.401,0.175,0.33,0.067,0.126,0.192,0.098,0.663,0.296,0.33,0.208,0.513,0.372,0.071,0.298,0.13,0.121,0.195,0.327,0.11,0.101,0.288,0.054,0.663,0.122,0.328,0.384,0.281,0.472,0.435,0.2,0.227,0.678,0.31,0.556,0.233,0.298,0.14,0.245,0.078,0.205,0.551,0.243,0.138,0.173,0.263,0.067,0.112,0.145,0.169,0.215,0.153,0.162,0.374,0.127,0.165,0.328,0.365,0.257,0.435,0.249,0.071,0.154,0.472,0.337,0.307,0.107,0.194,0.413,0.081,0.321,0.166,0.532,0.367,0.215,0.373,0.189,0.34,0.222,0.265,0.336,0.14,0.313,0.556,0.15,0.383,0.289
1.0,0.257,0.305,0.166,0.341,0.258,0.771,0.226,0.242,0.388,0.148,0.167,0.21,0.182,0.336,0.466,0.187,0.355,0.4,0.22,0.164,0.201,0.506,0.372,0.307,0.38,0.153,0.275,0.195,0.301,0.267,0.131,0.093,0.399,0.15,0.264,0.288,0.329,0.402,0.077,0.227,0.415,0.235,0.329,0.17,0.234,0.348,1.0,0.335,0.354,0.168,0.257,0.592,0.369,0.116,0.211,0.371,0.101,0.188,0.343,0.216,0.31,0.239,0.104,0.196,0.197,0.313,0.235,0.069,0.153,1.0,0.327,0.359,0.486,0.035,0.29,0.093,0.175,0.104,0.389,0.102,0.235,0.242,0.202,0.592,0.167,0.592,0.229,0.121,0.236,0.23,0.159,0.747,0.65,0.241,0.147,0.32,0.429,0.139,0.137,0.274,0.69,0.283,0.26,0.442,0.516,0.259,0.172,0.153,0.245,0.539,0.102,0.376,0.245,0.323,0.271,0.193,0.313,0.255,0.081,0.241,0.257,0.211,0.351,0.31,0.181,0.366,0.592,0.081,0.554,0.368,0.647,0.269,0.155,0.86,0.325,0.333,0.362,0.132,0.311,0.198,0.358,0.089,0.217,0.23,0.273,0.219,0.34,0.267,0.15,0.079,0.234,0.69,0.347,0.516,0.164,0.261,0.29,0.198,0.148,0.187,0.196,0.231,0.128,0.438,0.306,0.407,0.138,0.396,0.324,0.262,0.247,0.19,0.241,0.373,0.65,0.241,0.231,0.343,0.228,0.149,0.294,0.2,0.231,0.274,0.097,0.23,0.067,0.69,0.23,0.198,0.143,0.47,0.401,0.088,0.277,0.13,0.089,0.159,0.23,0.089,0.14,0.184,0.214,0.69,0.112,0.308,0.423,0.415,0.516,0.415,0.318,0.213,0.592,0.225,0.592,0.28,0.189,0.21,0.276,0.115,0.208,0.371,0.359,0.118,0.253,0.45,0.08,0.183,0.136,0.143,0.186,0.156,0.175,0.228,0.151,0.241,0.264,0.259,0.283,0.415,0.241,0.202,0.122,0.516,0.254,0.155,0.149,0.228,0.287,0.162,0.215,0.197,1.0,0.266,0.145,0.284,0.162,0.229,0.262,0.204,0.261,0.094,0.34,0.592,0.211,0.359,0.298
0.31,0.213,0.261,0.142,0.304,0.128,0.771,0.207,0.233,0.451,0.182,0.174,0.205,0.186,1.0,0.474,0.203,0.437,0.334,0.199,0.448,0.278,0.312,0.395,0.352,0.313,0.186,0.237,0.164,0.223,0.11,0.187,0.124,0.425,0.152,0.23,0.249,0.332,0.315,0.111,0.215,0.515,0.253,0.308,0.219,0.323,0.291,0.335,1.0,0.39,0.245,0.291,0.586,0.433,0.126,0.214,0.369,0.094,0.198,0.327,0.255,0.194,0.231,0.224,0.534,0.209,0.449,0.249,0.291,0.166,0.789,0.324,0.356,0.351,0.044,0.347,0.095,0.191,0.135,0.387,0.083,0.285,0.348,0.321,0.48,0.204,0.586,0.229,0.146,0.282,0.24,0.176,0.396,0.777,0.66,0.204,0.412,0.376,0.197,0.169,0.305,0.597,0.223,0.315,0.319,0.396,0.301,0.263,0.24,0.274,0.37,0.091,1.0,0.369,0.335,0.262,0.267,0.415,0.251,0.104,0.215,0.248,0.317,0.273,0.31,0.201,0.447,0.586,0.128,0.436,0.349,0.397,0.361,0.167,0.695,0.33,0.377,0.283,0.143,0.251,0.193,0.366,0.107,0.226,0.182,0.291,0.218,0.352,0.238,0.248,0.131,0.597,0.597,0.385,0.594,0.179,0.237,0.372,0.206,0.211,0.256,0.534,0.311,0.17,0.267,0.377,0.338,0.131,0.381,0.372,0.311,0.274,0.292,0.66,0.349,0.777,0.66,0.179,0.349,0.222,0.21,0.274,0.311,0.257,0.554,0.117,0.213,0.092,0.597,0.252,0.214,0.14,0.361,0.388,0.099,0.255,0.173,0.176,0.144,0.232,0.12,0.214,0.208,0.105,0.597,0.122,0.366,0.325,0.347,0.396,0.351,0.281,0.24,0.586,0.232,0.48,0.304,0.211,0.29,0.313,0.105,0.247,0.247,0.313,0.125,0.274,0.221,0.084,0.202,0.152,0.146,0.219,0.201,0.193,0.248,0.152,0.66,0.243,0.317,0.277,0.351,0.145,0.214,0.105,0.396,0.184,0.146,0.243,0.292,0.354,0.15,0.232,0.263,0.31,0.264,0.169,0.28,0.203,0.182,0.269,0.188,0.245,0.118,0.28,0.48,0.317,0.366,0.316
0.416,0.23,0.237,0.128,0.329,0.093,0.771,0.22,0.199,0.386,0.177,0.214,0.175,0.191,0.336,0.426,0.192,0.524,0.854,0.206,0.717,0.313,0.419,0.323,0.331,0.39,0.22,0.279,0.152,0.221,0.166,0.192,0.116,0.393,0.163,0.3,0.328,0.462,0.287,0.129,0.222,0.325,0.214,0.404,0.261,0.252,0.303,0.354,0.39,1.0,0.179,0.354,0.48,0.348,0.147,0.115,0.272,0.106,0.225,0.337,0.255,0.168,0.202,0.131,0.831,0.233,0.404,0.236,0.107,0.159,0.542,0.34,0.393,0.382,0.047,0.328,0.112,0.146,0.144,0.299,0.233,0.272,0.243,0.321,0.48,0.203,0.48,0.27,0.158,0.406,0.213,0.179,0.49,0.499,1.0,0.159,0.265,0.444,0.209,0.195,0.41,0.567,0.209,0.252,0.436,0.412,0.379,0.2,0.165,0.237,0.428,0.103,0.494,0.25,0.258,0.239,0.226,0.309,0.233,0.092,0.224,0.206,0.383,0.24,0.32,0.162,0.434,0.48,0.17,0.444,0.322,0.498,0.294,0.145,0.687,0.355,0.39,0.27,0.138,0.213,0.183,0.385,0.112,0.205,0.242,0.201,0.204,0.378,0.312,0.19,0.14,0.234,0.567,0.356,0.412,0.23,0.256,0.274,0.166,0.254,0.238,0.831,0.256,0.203,0.415,0.336,0.379,0.192,0.48,0.238,0.353,0.221,0.238,1.0,0.306,0.499,1.0,0.143,0.242,0.168,0.162,0.235,0.238,0.209,0.278,0.115,0.172,0.092,0.567,0.229,0.237,0.191,0.581,0.454,0.111,0.217,0.182,0.114,0.207,0.217,0.129,0.28,0.176,0.155,0.567,0.138,0.318,0.33,0.332,0.412,0.325,0.369,0.279,0.48,0.214,0.48,0.225,0.194,0.269,0.243,0.13,0.353,0.318,0.315,0.139,0.316,0.243,0.08,0.242,0.193,0.138,0.172,0.234,0.238,0.219,0.217,1.0,0.256,0.292,0.219,0.325,0.158,0.311,0.107,0.412,0.2,0.144,0.13,0.33,0.356,0.164,0.215,0.255,0.416,0.241,0.115,0.244,0.226,0.167,0.254,0.178,0.252,0.124,0.268,0.48,0.383,0.282,0.287
0.24,0.122,0.21,0.132,0.201,0.124,0.347,0.143,0.142,0.283,0.161,0.145,0.148,0.235,0.805,0.257,0.179,0.188,0.118,0.19,0.125,0.231,0.35,0.214,0.207,0.295,0.183,0.161,0.268,0.143,0.077,0.176,0.081,0.241,0.162,0.131,0.254,0.137,0.227,0.247,0.207,0.208,0.218,0.149,0.144,0.193,0.193,0.168,0.245,0.179,1.0,0.259,0.279,0.323,0.098,0.176,0.2,0.072,0.183,0.2,0.283,0.147,0.218,0.138,0.151,0.151,0.357,0.201,0.191,0.145,0.284,0.197,0.181,0.208,0.037,0.219,0.08,0.132,0.094,0.196,0.109,0.205,0.322,0.198,0.279,0.185,0.279,0.153,0.118,0.176,0.189,0.248,0.248,0.197,0.197,0.213,0.206,0.218,0.148,0.152,0.236,0.318,0.101,0.194,0.194,0.248,0.157,0.205,0.42,0.229,0.225,0.204,0.591,0.165,0.23,0.217,0.185,0.205,0.228,0.13,0.217,0.165,0.188,0.165,0.248,0.175,0.186,0.279,0.063,0.081,0.209,0.273,0.275,0.232,0.251,0.225,0.268,0.219,0.19,0.226,0.12,0.308,0.318,0.558,0.147,0.129,0.216,0.25,0.174,0.199,0.158,0.193,0.318,0.197,0.248,0.168,0.211,0.251,0.18,0.418,0.256,0.151,0.275,0.161,0.172,0.171,0.225,0.132,0.25,0.132,0.166,0.228,0.235,0.197,0.167,0.197,0.197,0.199,0.213,0.12,0.265,0.226,0.176,0.219,0.09,0.091,0.104,0.228,0.318,0.314,0.192,0.127,0.159,0.141,0.074,0.169,0.149,0.248,0.166,0.21,0.195,0.137,0.412,0.117,0.318,0.106,0.266,0.217,0.156,0.248,0.208,0.19,0.155,0.279,0.18,0.279,0.126,0.389,0.197,0.163,0.186,0.139,0.171,0.187,0.272,0.16,0.142,0.117,0.171,0.145,0.183,0.18,0.113,0.143,0.225,0.086,0.197,0.181,0.38,0.163,0.208,0.108,0.167,0.128,0.248,0.243,0.134,0.137,0.137,0.226,0.147,0.395,0.243,0.24,0.255,0.156,0.254,0.196,0.16,0.187,0.175,0.207,0.253,0.223,0.279,0.188,0.186,0.209
0.507,0.16,0.264,0.185,0.357,0.062,0.49,0.285,0.257,0.396,0.119,0.161,0.111,0.278,0.378,0.324,0.205,0.471,0.732,0.224,0.454,0.488,0.686,0.301,0.432,0.635,0.155,0.24,0.288,0.16,0.068,0.22,0.187,0.4,0.159,0.44,0.259,0.401,0.285,0.152,0.285,0.756,0.253,0.355,0.263,0.245,0.294,0.257,0.291,0.354,0.259,1.0,0.915,0.41,0.106,0.173,0.316,0.107,0.183,0.324,0.278,0.136,0.238,0.175,0.56,0.226,0.293,0.266,0.317,0.195,0.629,0.364,0.344,0.756,0.044,0.393,0.127,0.089,0.106,0.23,0.145,0.257,0.457,0.35,0.915,0.127,0.915,0.193,0.182,0.37,0.236,0.274,0.847,0.663,0.717,0.117,0.268,0.294,0.135,0.204,0.278,1.0,0.122,0.247,0.62,0.847,0.25,0.16,0.288,0.359,0.795,0.121,0.279,0.2,0.23,0.3,0.2,0.287,0.277,0.114,0.277,0.274,0.301,0.211,0.32,0.202,0.36,0.915,0.208,0.446,0.324,0.567,0.329,0.261,0.782,0.315,0.379,0.358,0.161,0.184,0.136,0.451,0.216,0.344,0.288,0.219,0.305,0.379,0.239,0.21,0.213,0.279,1.0,0.32,0.847,0.204,0.286,0.387,0.244,0.419,0.222,0.56,0.28,0.142,0.594,0.246,0.269,0.179,0.401,0.205,0.327,0.283,0.232,0.717,0.312,0.663,0.717,0.181,0.282,0.183,0.172,0.348,0.162,0.24,0.274,0.097,0.162,0.216,1.0,0.345,0.244,0.184,0.516,0.352,0.16,0.267,0.13,0.092,0.163,0.238,0.202,0.228,0.322,0.069,1.0,0.179,0.371,0.466,0.263,0.847,0.756,0.282,0.191,0.915,0.312,0.915,0.298,0.334,0.188,0.285,0.114,0.25,0.283,0.233,0.246,0.221,0.168,0.091,0.164,0.14,0.168,0.286,0.148,0.213,0.275,0.31,0.717,0.307,0.31,0.253,0.756,0.138,0.315,0.121,0.847,0.24,0.175,0.099,0.271,0.343,0.096,0.359,0.204,0.507,0.317,0.132,0.317,0.213,0.21,0.436,0.216,0.254,0.252,0.316,0.915,0.301,0.303,0.308
0.417,0.678,1.0,0.157,0.915,0.148,0.45,0.815,0.736,0.915,0.271,0.444,0.25,0.736,0.339,0.678,0.383,0.736,0.095,0.815,0.166,0.266,0.586,0.815,0.826,0.648,0.266,0.61,0.55,0.678,0.088,0.209,0.178,1.0,0.237,0.396,0.915,0.915,0.915,0.144,0.826,0.769,0.915,0.826,0.209,0.815,0.678,0.592,0.586,0.48,0.279,0.915,1.0,0.915,0.213,0.48,0.915,0.195,0.221,0.915,0.826,0.479,0.915,0.396,0.197,0.369,0.25,0.902,0.07,0.199,0.209,1.0,0.674,0.627,0.058,1.0,0.119,0.183,0.171,0.352,0.131,0.674,0.915,0.203,0.815,0.146,1.0,0.36,0.221,0.736,0.915,0.495,0.736,0.678,0.243,0.184,0.615,0.902,0.237,0.209,0.462,0.915,0.163,0.902,0.527,0.736,0.243,0.349,0.339,0.619,0.674,0.226,0.233,0.45,0.902,0.915,0.55,0.627,0.915,0.191,0.648,0.902,0.209,0.269,0.187,0.674,0.902,1.0,0.081,0.1,0.736,0.48,0.915,0.485,0.693,0.915,1.0,0.567,0.341,0.349,0.272,0.815,0.239,0.915,0.417,0.736,0.815,1.0,0.736,0.341,0.079,0.235,0.915,0.736,0.902,0.209,0.915,0.902,0.902,0.149,0.625,0.197,1.0,0.221,0.484,0.283,0.586,0.489,0.509,0.615,0.599,0.55,0.45,0.243,0.815,0.678,0.243,0.143,0.815,0.769,0.387,0.915,0.298,0.915,0.114,0.146,0.146,0.13,0.915,0.826,1.0,0.489,0.509,0.736,0.113,0.815,0.255,0.189,0.586,0.915,0.191,0.243,1.0,0.13,0.915,0.31,0.915,0.4,0.678,0.736,0.769,0.592,0.484,1.0,1.0,0.815,0.736,1.0,0.287,0.736,0.129,0.243,0.592,0.45,0.239,0.243,0.231,0.081,0.25,0.226,0.4,0.203,0.197,0.648,0.915,0.253,0.243,0.915,0.915,0.815,0.769,0.417,0.115,0.45,0.736,0.446,0.769,0.235,0.218,1.0,0.171,0.915,0.349,0.417,0.915,0.141,1.0,0.266,0.626,0.815,0.815,0.915,0.279,0.915,0.815,0.209,0.915,0.915
0.507,0.232,0.385,0.185,0.412,0.108,1.0,0.363,0.329,0.595,0.174,0.196,0.294,0.291,0.425,0.4,0.249,0.394,0.321,0.319,0.197,0.29,0.686,0.5,0.461,0.635,0.199,0.265,0.244,0.3,0.115,0.215,0.153,0.547,0.143,0.44,0.357,0.397,0.363,0.25,0.338,0.756,0.396,0.368,0.202,0.374,0.394,0.369,0.433,0.348,0.323,0.41,0.915,1.0,0.122,0.238,0.467,0.131,0.22,0.313,0.322,0.186,0.34,0.24,0.235,0.248,0.353,0.375,0.168,0.274,0.266,0.457,0.481,0.881,0.053,0.465,0.099,0.127,0.118,0.424,0.145,0.35,0.403,0.257,0.915,0.203,0.915,0.254,0.226,0.294,0.327,0.29,0.847,0.663,0.291,0.21,0.347,0.443,0.174,0.21,0.321,1.0,0.193,0.383,0.62,0.847,0.213,0.224,0.279,0.383,1.0,0.123,0.762,0.279,0.448,0.41,0.289,0.438,0.376,0.217,0.308,0.332,0.34,0.243,0.415,0.348,0.463,0.915,0.145,0.569,0.397,0.567,0.448,0.261,0.782,0.393,0.514,0.421,0.229,0.265,0.229,0.516,0.176,0.398,0.235,0.344,0.389,0.51,0.26,0.292,0.199,0.302,1.0,0.463,0.847,0.205,0.388,0.567,0.341,0.331,0.355,0.235,0.457,0.179,0.594,0.353,0.362,0.217,0.376,0.322,0.296,0.396,0.352,0.291,0.44,0.663,0.291,0.185,0.451,0.308,0.247,0.463,0.198,0.345,0.136,0.219,0.328,0.145,1.0,0.346,0.388,0.249,0.516,0.476,0.156,0.367,0.176,0.17,0.227,0.349,0.199,0.18,0.361,0.108,1.0,0.172,0.509,0.466,0.363,0.847,0.756,0.289,0.257,0.915,0.406,0.915,0.372,0.395,0.224,0.346,0.171,0.221,0.302,0.29,0.23,0.254,0.287,0.111,0.174,0.167,0.191,0.313,0.237,0.221,0.359,0.31,0.291,0.367,0.48,0.32,0.756,0.202,0.14,0.172,0.847,0.32,0.251,0.153,0.25,0.404,0.13,0.439,0.298,0.507,0.427,0.277,0.476,0.24,0.278,0.294,0.304,0.356,0.209,0.415,0.915,0.34,0.506,0.343
0.16,0.129,0.195,0.188,0.137,0.078,0.196,0.116,0.122,0.182,0.094,0.134,0.11,0.105,0.16,0.129,0.405,0.18,0.086,0.286,0.212,0.118,0.158,0.116,0.157,0.146,0.22,0.128,0.099,0.149,0.102,0.127,0.083,0.129,0.087,0.089,0.125,0.134,0.141,0.058,0.21,0.165,0.129,0.154,0.198,0.325,0.119,0.116,0.126,0.147,0.098,0.106,0.213,0.122,1.0,0.095,0.147,0.072,0.12,0.169,0.101,0.103,0.151,0.072,0.273,0.118,0.176,0.263,0.032,0.144,0.097,0.209,0.095,0.165,0.04,0.163,0.152,0.101,0.06,0.142,0.302,0.202,0.105,0.138,0.213,0.082,0.213,0.161,0.058,0.182,0.137,0.071,0.193,0.22,0.244,0.106,0.134,0.161,0.104,0.158,0.137,0.239,0.119,0.131,0.716,0.193,0.161,0.154,0.095,0.136,0.177,0.114,0.099,0.108,0.185,0.173,0.2,0.146,0.383,0.099,0.168,0.148,0.208,0.085,0.152,0.157,0.104,0.213,0.069,0.088,0.177,0.184,0.133,0.071,0.283,0.314,0.166,0.187,0.083,0.115,0.068,0.227,0.068,0.132,0.169,0.102,0.172,0.217,0.146,0.082,0.03,0.102,0.239,0.153,0.193,0.158,0.291,0.158,0.142,0.074,0.137,0.273,0.118,0.104,0.661,0.131,0.168,0.348,0.176,0.126,0.115,0.122,0.125,0.244,0.157,0.22,0.244,0.066,0.133,0.096,0.137,0.181,0.105,0.161,0.052,0.048,0.072,0.053,0.239,0.102,0.199,0.275,0.258,0.114,0.059,0.131,0.107,0.166,0.2,0.242,0.091,0.124,0.101,0.151,0.239,0.085,0.206,0.123,0.132,0.193,0.165,0.173,0.333,0.213,0.143,0.213,0.099,0.109,0.133,0.108,0.113,0.126,0.119,0.124,0.073,0.148,0.129,0.133,0.101,0.799,0.074,0.099,0.062,0.092,0.147,0.04,0.244,0.145,0.15,0.121,0.165,0.15,0.093,0.151,0.193,0.129,0.145,0.109,0.176,0.13,0.123,0.138,0.184,0.16,0.16,0.076,0.16,0.183,0.167,0.118,0.144,0.174,0.073,0.146,0.213,0.208,0.134,0.163
0.647,0.23,0.284,0.184,0.249,0.098,0.255,0.197,0.17,0.266,0.103,0.192,0.089,0.166,0.205,0.2,0.181,0.162,0.087,0.341,0.086,0.12,0.419,0.186,0.253,0.312,0.125,0.18,0.361,0.187,0.044,0.206,0.063,0.204,0.108,0.212,0.185,0.119,0.348,0.129,0.234,0.325,0.34,0.215,0.102,0.172,0.333,0.211,0.214,0.115,0.176,0.173,0.48,0.238,0.095,1.0,0.309,0.108,0.122,0.184,0.198,0.267,0.346,0.435,0.105,0.118,0.148,0.328,0.301,0.092,0.196,0.302,0.12,0.382,0.028,0.197,0.05,0.087,0.061,0.181,0.085,0.197,0.349,0.177,0.48,0.077,0.48,0.156,0.087,0.206,0.269,0.199,0.602,0.499,0.142,0.159,0.202,0.195,0.105,0.118,0.121,0.567,0.064,0.201,0.363,0.412,0.089,0.133,0.208,0.204,0.428,0.099,0.205,0.117,0.174,0.396,0.213,0.172,0.346,0.124,0.343,0.317,0.137,0.098,0.118,0.304,0.136,0.48,0.041,0.059,0.221,0.771,0.213,0.19,0.687,0.284,0.234,0.387,0.179,0.23,0.106,0.283,0.169,0.319,0.251,0.219,0.325,0.245,0.156,0.19,0.13,0.138,0.567,0.16,0.412,0.116,0.346,0.235,0.333,0.229,0.386,0.105,0.298,0.127,0.351,0.114,0.255,0.162,0.223,0.287,0.164,0.412,0.217,0.142,0.277,0.499,0.142,0.131,0.263,0.183,0.142,0.415,0.144,0.338,0.062,0.08,0.092,0.14,0.567,0.21,0.226,0.176,0.362,0.127,0.057,0.238,0.116,0.108,0.208,0.33,0.152,0.086,0.268,0.061,0.567,0.095,0.252,0.33,0.136,0.412,0.325,0.12,0.152,0.48,0.234,0.48,0.146,0.248,0.123,0.2,0.089,0.095,0.3,0.187,0.122,0.119,0.109,0.111,0.102,0.102,0.131,0.154,0.077,0.1,0.282,0.121,0.142,0.263,0.31,0.16,0.325,0.297,0.066,0.186,0.412,0.306,0.273,0.096,0.099,0.199,0.09,0.306,0.152,0.647,0.382,0.131,0.28,0.135,0.436,0.14,0.281,0.351,0.178,0.242,0.48,0.137,0.253,0.215
0.507,0.328,0.429,0.185,0.473,0.116,0.49,0.377,0.415,0.482,0.172,0.229,0.228,0.332,0.378,0.402,0.227,0.381,0.49,0.452,0.188,0.232,0.686,0.398,0.408,0.635,0.171,0.332,0.311,0.342,0.114,0.168,0.131,0.473,0.194,0.44,0.35,0.341,0.477,0.108,0.432,0.756,0.409,0.468,0.181,0.319,0.508,0.371,0.369,0.272,0.2,0.316,0.915,0.467,0.147,0.309,1.0,0.145,0.167,0.359,0.257,0.275,0.501,0.181,0.217,0.249,0.293,0.487,0.086,0.178,0.25,0.441,0.37,0.756,0.05,0.337,0.096,0.123,0.1,0.345,0.145,0.321,0.334,0.243,0.915,0.181,0.915,0.226,0.137,0.343,0.458,0.219,0.847,0.663,0.259,0.141,0.387,0.381,0.156,0.183,0.23,1.0,0.186,0.418,0.62,0.847,0.209,0.223,0.181,0.287,0.795,0.126,0.279,0.299,0.411,0.594,0.286,0.391,0.523,0.148,0.426,0.528,0.234,0.238,0.247,0.376,0.431,0.915,0.098,0.412,0.459,0.581,0.316,0.24,0.782,0.48,0.365,0.405,0.222,0.259,0.188,0.505,0.146,0.458,0.26,0.46,0.513,0.421,0.295,0.193,0.102,0.279,1.0,0.342,0.847,0.184,0.531,0.447,0.54,0.17,0.341,0.217,0.377,0.167,0.594,0.307,0.336,0.256,0.346,0.498,0.274,0.354,0.25,0.259,0.547,0.663,0.259,0.181,0.509,0.463,0.22,0.64,0.196,0.508,0.136,0.126,0.246,0.1,1.0,0.319,0.36,0.282,0.56,0.404,0.115,0.478,0.176,0.14,0.302,0.502,0.144,0.147,0.409,0.086,1.0,0.19,0.396,0.466,0.353,0.847,0.756,0.254,0.226,0.915,0.456,0.915,0.436,0.403,0.201,0.404,0.086,0.223,0.52,0.281,0.175,0.273,0.26,0.061,0.168,0.173,0.221,0.24,0.142,0.237,0.428,0.31,0.259,0.457,0.514,0.396,0.756,0.308,0.14,0.245,0.847,0.314,0.431,0.156,0.218,0.353,0.116,0.439,0.2,0.507,0.556,0.158,0.406,0.181,0.424,0.29,0.414,0.506,0.159,0.43,0.915,0.234,0.639,0.381
0.167,0.101,0.106,0.117,0.125,0.053,0.154,0.252,0.145,0.148,0.131,0.165,0.065,0.137,0.13,0.109,0.096,0.114,0.074,0.142,0.053,0.082,0.147,0.144,0.191,0.124,0.076,0.112,0.113,0.122,0.059,0.109,0.175,0.11,0.124,0.171,0.116,0.101,0.148,0.043,0.11,0.124,0.106,0.12,0.121,0.099,0.119,0.101,0.094,0.106,0.072,0.107,0.195,0.131,0.072,0.108,0.145,1.0,0.1,0.118,0.076,0.079,0.288,0.065,0.067,0.233,0.17,0.176,0.027,0.212,0.109,0.157,0.126,0.124,0.036,0.113,0.062,0.064,0.124,0.091,0.047,0.124,0.107,0.125,0.195,0.1,0.195,0.2,0.074,0.095,0.169,0.09,0.164,0.186,0.088,0.053,0.119,0.126,0.123,0.155,0.147,0.238,0.065,0.116,0.163,0.164,0.06,0.13,0.07,0.106,0.14,0.03,0.081,0.085,0.107,0.187,0.145,0.154,0.212,0.066,0.148,0.185,0.209,0.096,0.126,0.114,0.102,0.195,0.055,0.088,0.141,0.179,0.084,0.065,0.265,0.136,0.093,0.119,0.043,0.112,0.072,0.118,0.066,0.129,0.174,0.157,0.17,0.118,0.079,0.058,0.023,0.087,0.238,0.096,0.164,0.132,0.146,0.139,0.141,0.047,0.132,0.067,0.086,0.187,0.13,0.089,0.121,0.088,0.141,0.147,0.136,0.121,0.104,0.088,0.152,0.186,0.088,0.139,0.123,0.105,0.154,0.174,0.078,0.174,0.049,0.058,0.09,0.079,0.238,0.119,0.11,0.111,0.229,0.099,0.135,0.11,0.268,0.09,0.087,0.166,0.052,0.088,0.089,0.037,0.238,0.18,0.118,0.236,0.078,0.164,0.124,0.09,0.08,0.195,0.118,0.195,0.169,0.116,0.13,0.176,0.05,0.088,0.12,0.105,0.13,0.085,0.118,0.026,0.086,0.075,0.105,0.065,0.061,0.133,0.101,0.09,0.088,0.187,0.134,0.113,0.124,0.196,0.14,0.08,0.164,0.154,0.16,0.077,0.089,0.098,0.055,0.12,0.128,0.167,0.148,0.059,0.105,0.108,0.186,0.142,0.117,0.2,0.071,0.156,0.195,0.209,0.161,0.14
0.158,0.16,0.205,0.097,0.156,0.13,0.26,0.188,0.259,0.238,0.272,0.376,0.144,0.314,0.343,0.2,0.181,0.222,0.089,0.155,0.259,0.185,0.159,0.204,0.226,0.145,0.249,0.2,0.196,0.187,0.129,0.221,0.32,0.207,0.119,0.265,0.295,0.207,0.222,0.186,0.197,0.19,0.221,0.138,0.185,0.198,0.161,0.188,0.198,0.225,0.183,0.183,0.221,0.22,0.12,0.122,0.167,0.1,1.0,0.25,0.287,0.152,0.181,0.139,0.3,0.332,0.43,0.168,0.147,0.187,0.191,0.229,0.156,0.19,0.049,0.258,0.13,0.202,0.376,0.231,0.084,0.161,0.223,0.368,0.221,0.192,0.221,0.294,0.134,0.232,0.385,0.152,0.208,0.152,0.36,0.191,0.226,0.278,0.303,0.17,0.259,0.237,0.159,0.177,0.16,0.208,0.238,0.196,0.209,0.268,0.198,0.157,0.199,0.2,0.293,0.202,0.183,0.182,0.22,0.164,0.171,0.144,0.315,0.161,0.306,0.176,0.159,0.221,0.072,0.148,0.209,0.188,0.22,0.122,0.184,0.262,0.209,0.169,0.192,0.181,0.242,0.212,0.165,0.189,0.179,0.137,0.217,0.184,0.244,0.218,0.143,0.141,0.237,0.197,0.208,0.19,0.179,0.224,0.148,0.304,0.176,0.3,0.263,0.315,0.143,0.191,0.207,0.116,0.236,0.206,0.26,0.228,0.204,0.36,0.159,0.152,0.36,0.34,0.15,0.108,0.198,0.186,0.223,0.185,0.23,0.136,0.165,0.151,0.237,0.245,0.194,0.122,0.151,0.164,0.565,0.146,0.276,0.098,0.132,0.176,0.187,0.359,0.194,0.148,0.237,0.19,0.232,0.155,0.202,0.208,0.19,0.228,0.169,0.221,0.213,0.221,0.263,0.179,0.247,0.291,0.232,0.264,0.123,0.248,0.15,0.191,0.18,0.157,0.176,0.134,0.301,0.162,0.142,0.328,0.187,0.192,0.36,0.182,0.196,0.25,0.19,0.096,0.282,0.083,0.208,0.213,0.118,0.168,0.192,0.199,0.179,0.211,0.316,0.158,0.194,0.17,0.183,0.259,0.129,0.299,0.148,0.285,0.188,0.197,0.221,0.315,0.239,0.228
0.507,0.301,0.335,0.185,0.331,0.179,0.49,0.285,0.29,0.448,0.209,0.248,0.251,0.267,0.439,0.469,0.199,0.353,0.113,0.294,0.188,0.214,0.686,0.269,0.467,0.635,0.24,0.412,0.208,0.331,0.154,0.163,0.113,0.458,0.279,0.44,0.469,0.308,0.374,0.109,0.379,0.756,0.321,0.348,0.277,0.257,0.266,0.343,0.327,0.337,0.2,0.324,0.915,0.313,0.169,0.184,0.359,0.118,0.25,1.0,0.258,0.364,0.328,0.156,0.217,0.188,0.499,0.382,0.086,0.193,0.629,0.391,0.246,0.756,0.043,0.335,0.194,0.227,0.127,0.295,0.145,0.292,0.364,0.243,0.915,0.146,0.915,0.275,0.114,0.395,0.315,0.262,0.847,0.663,0.259,0.202,0.32,0.564,0.285,0.171,0.334,1.0,0.226,0.306,0.62,0.847,0.394,0.278,0.209,0.24,0.795,0.168,0.279,0.426,0.328,0.409,0.336,0.384,0.374,0.117,0.295,0.303,0.251,0.29,0.346,0.273,0.33,0.915,0.558,0.323,0.411,0.567,0.349,0.165,0.782,0.422,0.461,0.304,0.185,0.295,0.191,0.641,0.128,0.31,0.206,0.243,0.337,0.396,0.472,0.216,0.102,0.704,1.0,0.309,0.847,0.297,0.377,0.344,0.344,0.17,0.277,0.217,0.332,0.19,0.594,0.38,0.446,0.195,0.368,0.259,0.267,0.345,0.244,0.259,0.458,0.663,0.259,0.181,0.372,0.223,0.187,0.468,0.308,0.354,0.423,0.081,0.132,0.095,1.0,0.303,0.278,0.182,0.647,0.27,0.093,0.32,0.186,0.136,0.215,0.328,0.133,0.244,0.285,0.252,1.0,0.14,0.485,0.466,0.401,0.847,0.756,0.524,0.222,0.915,0.333,0.915,0.249,0.279,0.31,0.302,0.154,0.175,0.284,0.316,0.127,0.201,0.189,0.13,0.358,0.179,0.181,0.132,0.167,0.219,0.34,0.31,0.259,0.374,0.392,0.268,0.756,0.213,0.176,0.164,0.847,0.239,0.281,0.332,0.293,0.328,0.242,0.306,0.248,0.507,0.423,0.111,0.358,0.238,0.288,0.311,0.283,0.352,0.139,0.407,0.915,0.251,0.347,0.384
0.295,0.203,0.251,0.187,0.233,0.1,0.392,0.216,0.207,0.343,0.26,0.246,0.139,0.233,0.29,0.209,0.184,0.227,0.083,0.213,0.211,0.195,0.447,0.237,0.3,0.47,0.224,0.194,0.237,0.178,0.102,0.233,0.138,0.281,0.111,0.331,0.323,0.224,0.272,0.217,0.237,0.537,0.328,0.186,0.182,0.228,0.22,0.216,0.255,0.255,0.283,0.278,0.826,0.322,0.101,0.198,0.257,0.076,0.287,0.258,1.0,0.124,0.254,0.233,0.251,0.192,0.212,0.255,0.274,0.165,0.178,0.323,0.197,0.438,0.075,0.36,0.095,0.18,0.194,0.205,0.19,0.197,0.467,0.78,0.674,0.174,0.826,0.255,0.137,0.245,0.285,0.25,0.575,0.495,0.311,0.155,0.294,0.322,0.43,0.185,0.233,0.795,0.144,0.341,0.401,0.575,0.204,0.185,0.3,0.29,0.497,0.148,0.194,0.232,0.246,0.299,0.233,0.207,0.288,0.148,0.235,0.209,0.292,0.138,0.162,0.189,0.205,0.826,0.063,0.128,0.203,0.362,0.39,0.221,0.569,0.313,0.309,0.222,0.226,0.158,0.36,0.313,0.192,0.37,0.166,0.172,0.28,0.289,0.266,0.252,0.175,0.787,0.795,0.206,0.705,0.195,0.267,0.25,0.242,0.356,0.248,0.251,0.431,0.278,0.33,0.166,0.235,0.129,0.221,0.234,0.247,0.297,0.243,0.311,0.245,0.495,0.311,0.164,0.214,0.149,0.153,0.315,0.23,0.257,0.182,0.112,0.128,0.163,0.795,0.425,0.246,0.134,0.343,0.176,0.112,0.216,0.232,0.09,0.158,0.241,0.236,0.241,0.285,0.128,0.795,0.141,0.413,0.308,0.196,0.575,0.537,0.208,0.164,0.826,0.29,0.674,0.226,0.361,0.28,0.228,0.199,0.297,0.151,0.292,0.167,0.191,0.154,0.122,0.165,0.129,0.151,0.211,0.147,0.229,0.264,0.167,0.311,0.267,0.284,0.208,0.537,0.103,0.214,0.113,0.575,0.197,0.163,0.196,0.159,0.368,0.174,0.324,0.286,0.295,0.294,0.136,0.287,0.226,0.174,0.296,0.211,0.354,0.231,0.254,0.674,0.292,0.264,0.289
0.411,0.281,0.261,0.12,0.209,0.31,0.222,0.16,0.155,0.235,0.157,0.183,0.154,0.14,0.304,0.281,0.126,0.179,0.087,0.254,0.097,0.128,0.261,0.16,0.202,0.261,0.164,0.294,0.254,0.309,0.18,0.104,0.079,0.241,0.213,0.174,0.214,0.187,0.298,0.07,0.264,0.41,0.205,0.249,0.178,0.121,0.25,0.31,0.194,0.168,0.147,0.136,0.479,0.186,0.103,0.267,0.275,0.079,0.152,0.364,0.124,1.0,0.296,0.102,0.124,0.114,0.228,0.275,0.038,0.109,0.323,0.217,0.144,0.205,0.029,0.153,0.078,0.153,0.088,0.176,0.129,0.139,0.159,0.092,0.391,0.133,0.479,0.151,0.063,0.272,0.26,0.102,0.311,0.618,0.165,0.119,0.202,0.305,0.12,0.135,0.152,0.494,0.199,0.189,0.269,0.311,0.229,0.134,0.129,0.151,0.25,0.094,0.155,0.242,0.177,0.367,0.184,0.155,0.28,0.132,0.283,0.352,0.158,0.203,0.151,0.17,0.175,0.479,0.029,0.351,0.267,0.531,0.163,0.107,0.575,0.277,0.21,0.252,0.113,0.291,0.109,0.262,0.084,0.245,0.18,0.158,0.249,0.174,0.271,0.099,0.034,0.104,0.494,0.159,0.481,0.134,0.277,0.189,0.352,0.088,0.18,0.124,0.203,0.142,0.189,0.275,0.398,0.119,0.241,0.291,0.14,0.247,0.127,0.165,0.32,0.618,0.165,0.09,0.31,0.182,0.118,0.385,0.16,0.297,0.279,0.057,0.162,0.059,0.494,0.192,0.179,0.099,0.289,0.171,0.061,0.206,0.122,0.093,0.144,0.284,0.116,0.116,0.19,0.16,0.494,0.086,0.244,0.255,0.279,0.311,0.251,0.207,0.104,0.479,0.19,0.391,0.141,0.225,0.138,0.148,0.08,0.134,0.251,0.204,0.076,0.221,0.233,0.08,0.149,0.104,0.108,0.092,0.107,0.103,0.211,0.07,0.165,0.217,0.233,0.2,0.251,0.179,0.103,0.126,0.311,0.204,0.201,0.12,0.203,0.176,0.136,0.23,0.125,0.411,0.269,0.088,0.203,0.16,0.308,0.163,0.242,0.296,0.087,0.264,0.391,0.158,0.243,0.186
0.507,0.333,0.354,0.185,0.368,0.164,0.49,0.362,0.361,0.385,0.226,0.297,0.186,0.344,0.378,0.272,0.226,0.283,0.113,0.55,0.188,0.184,0.686,0.259,0.478,0.635,0.196,0.333,0.301,0.28,0.079,0.134,0.146,0.384,0.192,0.44,0.322,0.215,0.5,0.136,0.461,0.756,0.389,0.363,0.165,0.265,0.33,0.239,0.231,0.202,0.218,0.238,0.915,0.34,0.151,0.346,0.501,0.288,0.181,0.328,0.254,0.296,1.0,0.177,0.217,0.201,0.293,0.563,0.086,0.191,0.25,0.435,0.189,0.756,0.056,0.297,0.109,0.155,0.157,0.222,0.145,0.307,0.277,0.243,0.915,0.155,0.915,0.245,0.103,0.358,0.493,0.247,0.847,0.663,0.259,0.183,0.287,0.348,0.213,0.158,0.242,1.0,0.121,0.325,0.62,0.847,0.166,0.258,0.178,0.258,0.795,0.163,0.279,0.23,0.299,0.689,0.299,0.326,0.606,0.164,0.415,0.534,0.204,0.204,0.224,0.517,0.221,0.915,0.098,0.106,0.382,0.567,0.291,0.222,0.782,0.489,0.349,0.343,0.202,0.313,0.176,0.53,0.173,0.479,0.269,0.342,0.614,0.387,0.285,0.179,0.102,0.279,1.0,0.246,0.847,0.161,0.594,0.413,0.69,0.17,0.327,0.217,0.337,0.265,0.594,0.185,0.31,0.281,0.258,0.395,0.225,0.347,0.257,0.259,0.463,0.663,0.259,0.231,0.411,0.418,0.255,0.767,0.184,0.597,0.136,0.099,0.122,0.131,1.0,0.297,0.328,0.289,0.516,0.206,0.135,0.451,0.294,0.182,0.353,0.585,0.15,0.168,0.391,0.116,1.0,0.197,0.372,0.466,0.215,0.847,0.756,0.227,0.2,0.915,0.424,0.915,0.326,0.37,0.232,0.353,0.12,0.169,0.343,0.225,0.157,0.177,0.178,0.086,0.197,0.165,0.232,0.143,0.104,0.203,0.389,0.31,0.259,0.491,0.553,0.32,0.756,0.373,0.144,0.322,0.847,0.338,0.529,0.192,0.173,0.307,0.146,0.44,0.217,0.507,0.631,0.122,0.35,0.198,0.559,0.311,0.462,0.575,0.179,0.41,0.915,0.204,0.476,0.374
0.251,0.103,0.164,0.12,0.208,0.033,0.204,0.189,0.198,0.237,0.087,0.147,0.065,0.207,0.153,0.138,0.128,0.171,0.042,0.21,0.196,0.199,0.273,0.214,0.207,0.239,0.186,0.151,0.172,0.104,0.054,0.258,0.078,0.184,0.073,1.0,0.163,0.179,0.175,0.143,0.245,0.309,0.284,0.13,0.193,0.158,0.187,0.104,0.224,0.131,0.138,0.175,0.396,0.24,0.072,0.435,0.181,0.065,0.139,0.156,0.233,0.102,0.177,1.0,0.238,0.103,0.116,0.227,0.301,0.101,0.094,0.26,0.132,0.309,0.048,0.204,0.058,0.08,0.1,0.114,0.31,0.16,0.382,0.177,0.396,0.096,0.396,0.181,0.107,0.207,0.178,0.208,0.36,0.252,0.3,0.138,0.134,0.169,0.134,0.236,0.128,0.44,0.099,0.233,0.245,0.36,0.164,0.098,0.206,0.153,0.331,0.097,0.108,0.12,0.15,0.312,0.17,0.156,0.192,0.218,0.226,0.151,0.38,0.062,0.081,0.168,0.161,0.396,0.063,0.154,0.134,0.212,0.231,0.159,0.308,0.214,0.27,0.176,0.23,0.097,0.199,0.223,0.164,0.207,0.148,0.21,0.209,0.224,0.245,0.213,0.131,0.1,0.44,0.166,0.36,0.213,0.243,0.225,0.186,0.266,0.428,0.238,0.371,0.148,0.227,0.116,0.166,0.173,0.144,0.125,0.148,0.375,0.182,0.3,0.168,0.252,0.3,0.061,0.153,0.116,0.138,0.245,0.156,0.18,0.124,0.087,0.118,0.129,0.44,0.179,0.17,0.136,0.186,0.122,0.07,0.169,0.105,0.083,0.132,0.177,0.324,0.152,0.202,0.077,0.44,0.124,0.256,0.492,0.122,0.36,0.309,0.135,0.131,0.396,0.21,0.396,0.236,0.206,0.157,0.271,0.104,0.2,0.102,0.157,0.132,0.172,0.078,0.104,0.095,0.129,0.199,0.164,0.124,0.126,0.25,0.622,0.3,0.224,0.215,0.166,0.309,0.102,0.087,0.116,0.36,0.13,0.126,0.06,0.128,0.225,0.113,0.245,0.182,0.251,0.243,0.137,0.229,0.198,0.134,0.173,0.262,0.2,0.182,0.248,0.396,0.38,0.269,0.168
0.091,0.164,0.206,0.051,0.217,0.07,0.235,0.197,0.181,0.251,0.191,0.3,0.126,0.227,0.174,0.327,0.274,1.0,0.041,0.197,0.837,0.388,0.136,0.283,0.227,0.12,0.388,0.565,0.153,0.173,0.105,0.334,0.13,0.197,0.133,0.238,0.3,1.0,0.217,0.2,0.197,0.158,0.217,0.251,0.837,0.293,0.127,0.196,0.534,0.831,0.151,0.56,0.197,0.235,0.273,0.105,0.217,0.067,0.3,0.217,0.251,0.124,0.217,0.238,1.0,0.227,0.134,0.197,0.081,0.119,0.109,0.217,0.244,0.158,0.079,0.449,0.142,0.156,0.227,0.196,0.074,0.196,0.251,0.114,0.197,0.193,0.197,0.208,0.192,1.0,0.217,0.117,0.181,0.127,0.831,0.203,0.21,0.244,0.208,0.334,0.831,0.217,0.225,0.181,0.126,0.181,0.837,0.196,0.174,0.449,0.168,0.139,0.127,0.235,0.181,0.283,0.196,0.65,0.273,0.123,0.334,0.181,0.334,0.132,0.093,0.168,0.388,0.197,0.059,0.141,0.449,0.105,0.449,0.111,0.152,0.831,0.837,0.202,0.214,0.196,0.168,0.388,0.165,0.217,1.0,0.181,0.197,0.358,0.3,0.214,0.1,0.117,0.217,0.247,0.181,0.334,0.217,0.196,0.181,0.199,0.244,1.0,0.388,0.3,0.117,1.0,0.388,0.141,0.831,0.16,0.276,0.14,0.235,0.831,0.197,0.127,0.831,0.072,0.197,0.158,0.132,0.217,0.388,0.217,0.146,0.076,0.141,0.155,0.217,0.191,0.197,0.12,0.093,0.535,0.128,0.197,0.201,0.098,0.206,0.217,0.231,0.831,0.197,0.173,0.217,0.148,0.534,0.131,0.365,0.181,0.158,0.3,0.209,0.197,0.221,0.197,0.181,0.197,0.388,0.183,0.179,0.831,0.132,0.193,0.165,0.831,0.122,0.1,0.201,0.273,0.168,0.172,0.276,0.227,0.217,0.157,0.831,0.217,0.244,0.197,0.158,0.091,0.103,0.101,0.181,0.104,0.158,0.117,1.0,0.451,0.227,0.231,0.276,0.091,0.217,0.073,0.197,0.388,0.143,0.227,0.197,0.251,0.193,0.217,0.197,0.334,0.283,0.221
0.258,0.141,0.336,0.208,0.248,0.071,0.335,0.464,0.262,0.295,0.188,0.273,0.111,0.384,0.272,0.211,0.295,0.266,0.257,0.167,0.191,0.207,0.401,0.255,0.311,0.259,0.143,0.166,0.157,0.154,0.074,0.151,0.32,0.238,0.266,0.198,0.302,0.301,0.238,0.092,0.303,0.277,0.224,0.202,0.162,0.284,0.211,0.197,0.209,0.233,0.151,0.226,0.369,0.248,0.118,0.118,0.249,0.233,0.332,0.188,0.192,0.114,0.201,0.103,0.227,1.0,0.21,0.185,0.076,0.222,0.183,0.299,0.317,0.277,0.042,0.29,0.092,0.116,0.3,0.232,0.102,0.287,0.242,0.178,0.369,0.148,0.369,0.249,0.178,0.193,0.36,0.15,0.329,0.33,0.281,0.132,0.307,0.218,0.197,0.161,0.291,0.42,0.114,0.178,0.316,0.329,0.151,0.156,0.139,0.253,0.299,0.078,0.196,0.181,0.2,0.217,0.168,0.182,0.244,0.104,0.196,0.213,0.253,0.134,0.244,0.136,0.216,0.369,0.121,0.182,0.216,0.294,0.213,0.14,0.418,0.212,0.242,0.259,0.129,0.155,0.145,0.271,0.133,0.182,0.225,0.182,0.235,0.278,0.18,0.142,0.148,0.199,0.42,0.274,0.329,0.162,0.206,0.249,0.172,0.169,0.157,0.227,0.2,0.216,0.284,0.178,0.221,0.19,0.313,0.232,0.395,0.232,0.208,0.281,0.22,0.33,0.281,0.428,0.192,0.143,0.252,0.232,0.164,0.192,0.169,0.096,0.135,0.102,0.42,0.196,0.186,0.266,0.254,0.207,0.359,0.185,0.211,0.104,0.145,0.19,0.102,0.307,0.155,0.068,0.42,0.345,0.295,0.262,0.164,0.329,0.277,0.187,0.249,0.369,0.259,0.369,0.324,0.173,0.194,0.359,0.114,0.203,0.196,0.197,0.191,0.147,0.183,0.067,0.147,0.182,0.45,0.13,0.115,0.55,0.239,0.13,0.281,0.251,0.207,0.419,0.277,0.122,0.269,0.107,0.329,0.323,0.132,0.115,0.194,0.243,0.095,0.186,0.217,0.258,0.213,0.175,0.313,0.21,0.18,0.285,0.16,0.255,0.133,0.288,0.369,0.253,0.261,0.303
0.125,0.167,0.277,0.128,0.293,0.199,0.319,0.25,0.259,0.554,0.383,0.17,0.302,0.216,0.449,0.341,0.247,0.404,0.069,0.25,0.109,0.182,0.179,0.357,0.404,0.153,0.182,0.425,0.2,0.308,0.163,0.145,0.216,0.45,0.186,0.116,0.373,0.293,0.293,0.097,0.25,0.171,0.293,0.24,0.162,0.344,0.2,0.313,0.449,0.404,0.357,0.293,0.25,0.353,0.176,0.148,0.293,0.17,0.43,0.499,0.212,0.228,0.293,0.116,0.134,0.21,1.0,0.25,0.049,0.427,0.148,0.293,0.357,0.171,0.037,0.293,0.155,0.242,0.119,0.248,0.042,0.404,0.293,0.227,0.25,0.204,0.25,0.268,0.153,0.216,0.293,0.173,0.216,0.167,0.17,0.431,0.344,0.341,0.253,0.145,0.322,0.293,0.139,0.216,0.202,0.216,0.334,0.404,0.449,0.205,0.191,0.155,0.158,0.319,0.485,0.293,0.404,0.341,0.317,0.101,0.153,0.216,0.145,0.19,0.377,0.191,0.257,0.25,0.052,0.07,0.282,0.148,0.396,0.152,0.226,0.307,0.404,0.248,0.171,0.248,0.189,0.449,0.123,0.293,0.216,0.216,0.25,0.314,0.253,0.287,0.049,0.164,0.293,0.773,0.216,0.208,0.293,0.404,0.216,0.1,0.212,0.134,0.441,0.157,0.172,0.808,0.247,0.168,0.434,0.192,0.298,0.314,0.404,0.17,0.25,0.167,0.17,0.098,0.25,0.171,0.257,0.293,0.302,0.293,0.076,0.101,0.101,0.123,0.293,0.239,0.25,0.168,0.191,0.319,0.117,0.25,0.241,0.215,0.179,0.293,0.109,0.183,0.25,0.228,0.293,0.167,0.389,0.188,0.259,0.216,0.171,0.348,0.404,0.25,0.25,0.25,0.216,0.25,0.306,0.288,0.157,0.17,0.186,0.427,0.123,0.17,0.165,0.131,0.302,0.176,0.188,0.151,0.145,0.201,0.293,0.069,0.17,0.293,0.293,0.25,0.171,0.198,0.201,0.135,0.216,0.212,0.191,0.298,0.184,0.25,0.239,0.293,0.404,0.125,0.293,0.165,0.436,0.218,0.211,0.381,0.25,0.293,0.139,0.293,0.25,0.145,0.293,0.384
0.417,0.375,0.378,0.157,0.4,0.104,0.45,0.395,0.385,0.513,0.172,0.335,0.148,0.354,0.339,0.272,0.272,0.289,0.095,0.727,0.166,0.189,0.586,0.281,0.48,0.548,0.187,0.304,0.362,0.33,0.073,0.197,0.129,0.415,0.167,0.396,0.338,0.257,0.48,0.131,0.617,0.639,0.448,0.407,0.21,0.357,0.377,0.235,0.249,0.236,0.201,0.266,0.902,0.375,0.263,0.328,0.487,0.176,0.168,0.382,0.255,0.275,0.563,0.227,0.197,0.185,0.25,1.0,0.092,0.189,0.209,0.457,0.203,0.627,0.066,0.308,0.1,0.123,0.112,0.203,0.54,0.359,0.312,0.203,1.0,0.115,0.902,0.231,0.107,0.354,0.507,0.242,0.736,0.579,0.243,0.148,0.313,0.431,0.155,0.233,0.207,0.915,0.112,0.506,0.527,0.902,0.159,0.236,0.192,0.256,0.674,0.149,0.233,0.22,0.34,0.635,0.448,0.338,0.56,0.217,0.424,0.528,0.383,0.264,0.187,0.514,0.261,0.902,0.091,0.17,0.356,0.48,0.3,0.231,0.693,0.487,0.384,0.313,0.216,0.233,0.142,0.483,0.164,0.506,0.256,0.36,0.601,0.429,0.324,0.216,0.079,0.235,0.915,0.284,0.791,0.217,0.727,0.441,0.604,0.149,0.423,0.197,0.41,0.173,0.484,0.164,0.308,0.529,0.242,0.418,0.209,0.375,0.245,0.243,0.527,0.579,0.243,0.143,0.428,0.391,0.234,0.715,0.185,0.57,0.114,0.103,0.136,0.109,0.915,0.323,0.451,0.35,0.647,0.258,0.09,0.459,0.182,0.175,0.434,0.563,0.187,0.15,0.432,0.093,0.915,0.198,0.39,0.4,0.237,0.902,0.639,0.212,0.267,0.902,0.481,1.0,0.358,0.433,0.205,0.347,0.102,0.178,0.337,0.234,0.158,0.18,0.146,0.068,0.159,0.349,0.237,0.151,0.108,0.201,0.439,0.253,0.243,0.468,0.557,0.406,0.639,0.382,0.115,0.322,0.902,0.348,0.56,0.15,0.169,0.356,0.126,0.492,0.218,0.417,0.576,0.157,0.404,0.201,0.494,0.281,0.503,0.565,0.187,0.457,1.0,0.383,0.479,0.357
0.034,0.041,0.12,0.021,0.129,0.026,0.076,0.07,0.057,0.167,0.05,0.101,0.041,0.075,0.065,0.127,0.118,0.107,0.018,0.07,0.063,0.113,0.049,0.207,0.229,0.04,0.113,0.066,0.317,0.048,0.037,0.423,0.037,0.11,0.048,0.069,0.199,0.093,0.086,0.146,0.07,0.04,0.232,0.053,0.094,0.154,0.152,0.069,0.291,0.107,0.191,0.317,0.07,0.168,0.032,0.301,0.086,0.027,0.147,0.086,0.274,0.038,0.086,0.301,0.081,0.076,0.049,0.092,1.0,0.043,0.04,0.194,0.209,0.04,0.023,0.178,0.029,0.061,0.075,0.118,0.029,0.069,0.292,0.168,0.07,0.059,0.07,0.093,0.17,0.107,0.086,0.195,0.057,0.041,0.107,0.112,0.206,0.111,0.162,0.094,0.107,0.086,0.063,0.168,0.05,0.057,0.107,0.069,0.183,0.317,0.047,0.239,0.041,0.076,0.116,0.089,0.103,0.12,0.086,0.116,0.094,0.057,0.094,0.063,0.037,0.1,0.113,0.07,0.016,0.046,0.067,0.042,0.198,0.425,0.061,0.107,0.178,0.167,0.179,0.069,0.17,0.113,0.172,0.191,0.081,0.057,0.108,0.194,0.084,0.201,0.132,0.039,0.086,0.245,0.057,0.094,0.086,0.104,0.057,0.245,0.205,0.081,0.199,0.101,0.037,0.081,0.113,0.065,0.107,0.053,0.205,0.291,0.187,0.107,0.07,0.041,0.107,0.025,0.07,0.04,0.046,0.086,0.113,0.086,0.044,0.116,0.116,0.27,0.086,0.188,0.12,0.086,0.031,0.102,0.046,0.07,0.07,0.035,0.055,0.086,0.396,0.107,0.328,0.048,0.086,0.051,0.202,0.044,0.084,0.057,0.04,0.084,0.119,0.07,0.141,0.07,0.057,0.141,0.113,0.057,0.153,0.107,0.048,0.188,0.17,0.107,0.046,0.141,0.06,0.065,0.044,0.272,0.17,0.075,0.129,0.034,0.107,0.086,0.114,0.07,0.04,0.034,0.032,0.036,0.057,0.079,0.04,0.042,0.081,0.205,0.075,0.2,0.197,0.034,0.127,0.191,0.245,0.136,0.054,0.121,0.07,0.086,0.236,0.12,0.07,0.094,0.089,0.086
0.101,0.109,0.146,0.308,0.186,0.102,0.252,0.221,0.18,0.228,0.348,0.171,0.152,0.186,0.35,0.172,0.152,0.188,0.116,0.21,0.103,0.178,0.143,0.163,0.186,0.12,0.139,0.145,0.13,0.163,0.131,0.187,0.218,0.155,0.161,0.114,0.192,0.185,0.17,0.078,0.207,0.13,0.147,0.149,0.199,0.175,0.118,0.153,0.166,0.159,0.145,0.195,0.199,0.274,0.144,0.092,0.178,0.212,0.187,0.193,0.165,0.109,0.191,0.101,0.119,0.222,0.427,0.189,0.043,1.0,0.167,0.154,0.188,0.13,0.071,0.164,0.12,0.119,0.131,0.15,0.211,0.183,0.192,0.182,0.199,0.169,0.199,0.19,0.183,0.137,0.19,0.111,0.169,0.132,0.143,0.118,0.2,0.189,0.177,0.253,0.218,0.239,0.132,0.167,0.167,0.169,0.127,0.215,0.152,0.16,0.145,0.084,0.124,0.152,0.189,0.173,0.191,0.182,0.281,0.14,0.193,0.189,0.3,0.146,0.292,0.136,0.173,0.199,0.1,0.143,0.199,0.121,0.145,0.095,0.185,0.18,0.153,0.134,0.108,0.158,0.121,0.168,0.099,0.157,0.205,0.203,0.215,0.162,0.168,0.127,0.053,0.131,0.239,0.16,0.169,0.233,0.198,0.236,0.152,0.091,0.118,0.119,0.158,0.241,0.153,0.183,0.158,0.185,0.181,0.174,0.205,0.189,0.17,0.143,0.167,0.132,0.143,0.17,0.161,0.147,0.162,0.175,0.144,0.198,0.08,0.102,0.154,0.098,0.239,0.188,0.146,0.171,0.149,0.165,0.247,0.164,0.27,0.156,0.121,0.183,0.124,0.163,0.118,0.106,0.239,0.202,0.227,0.15,0.129,0.169,0.13,0.183,0.141,0.199,0.171,0.199,0.247,0.164,0.214,0.178,0.084,0.246,0.125,0.25,0.238,0.131,0.254,0.067,0.156,0.168,0.135,0.129,0.114,0.184,0.154,0.078,0.143,0.171,0.175,0.19,0.13,0.125,0.185,0.12,0.169,0.174,0.13,0.146,0.185,0.151,0.124,0.165,0.193,0.101,0.186,0.1,0.16,0.186,0.15,0.185,0.183,0.249,0.113,0.192,0.199,0.3,0.196,0.205
0.165,0.138,0.26,0.101,0.651,0.137,0.266,0.209,0.178,0.629,0.229,0.176,0.144,0.178,0.21,1.0,0.205,0.629,0.093,0.209,0.087,0.21,0.15,0.337,0.629,0.126,0.148,0.538,0.175,0.138,0.05,0.123,0.107,0.487,0.474,0.094,0.25,0.499,0.749,0.08,0.359,0.136,0.25,0.452,0.378,0.21,0.213,1.0,0.789,0.542,0.284,0.629,0.209,0.266,0.097,0.196,0.25,0.109,0.191,0.629,0.178,0.323,0.25,0.094,0.109,0.183,0.148,0.209,0.04,0.167,1.0,0.25,0.495,0.136,0.033,0.299,0.068,0.115,0.134,1.0,0.038,0.21,0.487,0.121,0.209,0.107,0.209,0.159,0.165,0.538,0.25,0.42,0.178,0.138,0.14,0.155,0.25,0.538,0.132,0.123,0.277,0.25,0.271,0.189,0.142,0.178,0.538,0.208,0.21,0.23,0.154,0.054,0.21,0.344,0.178,0.25,0.208,0.199,0.25,0.085,0.175,0.178,0.123,0.789,0.116,0.154,1.0,0.209,0.046,0.061,0.789,0.196,0.629,0.129,0.193,0.25,0.629,0.337,0.143,1.0,0.122,0.629,0.081,0.25,0.165,0.178,0.209,0.337,0.499,0.153,0.038,0.137,0.25,0.452,0.178,0.123,0.25,0.21,0.178,0.081,0.12,0.109,0.209,0.176,0.114,0.595,1.0,0.109,1.0,0.162,0.277,0.359,0.266,0.14,0.209,0.138,0.14,0.163,0.209,0.136,0.161,0.25,0.148,0.25,0.274,0.085,0.085,0.079,0.25,0.711,0.209,0.114,0.099,1.0,0.083,0.209,0.218,0.11,0.15,0.25,0.087,0.176,0.209,0.067,0.25,0.094,0.711,0.157,1.0,0.178,0.136,0.629,0.26,0.209,0.209,0.209,0.178,0.209,0.224,0.193,0.062,0.141,0.694,0.178,0.081,0.14,0.225,0.042,0.398,0.097,0.157,0.094,0.271,0.197,0.25,0.052,0.14,0.25,0.25,0.209,0.136,0.105,0.086,0.113,0.178,0.185,0.136,0.137,0.424,0.42,0.098,0.25,0.208,0.165,0.25,0.127,0.239,0.15,0.179,0.23,0.209,0.25,0.089,1.0,0.209,0.123,0.25,0.655
0.507,0.294,0.439,0.185,0.441,0.121,0.49,0.345,0.328,0.481,0.18,0.312,0.149,0.355,0.378,0.324,0.271,0.391,0.732,0.382,0.188,0.26,0.686,0.391,0.459,0.648,0.165,0.268,0.283,0.277,0.073,0.167,0.144,0.434,0.142,0.44,0.48,0.361,0.443,0.113,0.378,0.769,0.45,0.412,0.158,0.416,0.424,0.327,0.324,0.34,0.197,0.364,1.0,0.457,0.209,0.302,0.441,0.157,0.229,0.391,0.323,0.217,0.435,0.26,0.217,0.299,0.293,0.457,0.194,0.154,0.25,1.0,0.34,0.756,0.038,0.476,0.075,0.17,0.194,0.389,0.208,0.344,0.363,0.243,0.915,0.135,1.0,0.283,0.138,0.314,0.429,0.314,0.847,0.678,0.267,0.151,0.317,0.395,0.191,0.151,0.274,1.0,0.113,0.392,0.814,0.847,0.168,0.254,0.218,0.371,0.795,0.125,0.279,0.257,0.471,0.462,0.382,0.327,0.443,0.222,0.33,0.38,0.285,0.173,0.32,0.328,0.317,1.0,0.098,0.279,0.341,0.602,0.416,0.225,0.782,0.408,0.452,0.443,0.226,0.205,0.17,0.524,0.166,0.39,0.238,0.304,0.395,0.462,0.295,0.272,0.213,0.279,1.0,0.362,0.902,0.158,0.444,0.426,0.394,0.29,0.394,0.217,0.414,0.186,0.922,0.188,0.365,0.32,0.366,0.341,0.297,0.445,0.292,0.267,0.455,0.678,0.267,0.38,0.375,0.275,0.228,0.511,0.277,0.433,0.136,0.193,0.23,0.109,1.0,0.306,0.433,0.301,0.647,0.364,0.116,0.368,0.187,0.131,0.333,0.415,0.135,0.181,0.375,0.096,1.0,0.178,0.425,0.466,0.253,0.847,0.769,0.245,0.303,1.0,0.443,0.915,0.345,0.357,0.266,0.383,0.116,0.228,0.385,0.288,0.156,0.176,0.156,0.095,0.165,0.235,0.234,0.155,0.155,0.257,0.405,0.31,0.267,0.425,0.443,0.336,0.769,0.268,0.215,0.216,0.847,0.515,0.329,0.179,0.173,0.437,0.133,0.389,0.253,0.507,0.465,0.167,0.472,0.185,0.342,0.36,0.348,0.426,0.177,0.425,0.915,0.285,0.436,0.486
0.385,0.155,0.268,0.205,0.398,0.063,1.0,0.28,0.242,0.463,0.11,0.137,0.184,0.196,0.805,0.428,0.18,0.455,0.454,0.187,0.198,0.258,0.549,0.528,0.316,0.386,0.145,0.194,0.123,0.195,0.116,0.198,0.111,0.47,0.159,0.331,0.248,0.434,0.247,0.083,0.2,0.438,0.223,0.337,0.202,0.334,0.326,0.359,0.356,0.393,0.181,0.344,0.674,0.481,0.095,0.12,0.37,0.126,0.156,0.246,0.197,0.144,0.189,0.132,0.244,0.317,0.357,0.203,0.209,0.188,0.495,0.34,1.0,0.679,0.045,0.336,0.071,0.086,0.089,0.436,0.203,0.303,0.258,0.257,0.674,0.196,0.674,0.211,0.17,0.194,0.186,0.203,0.705,0.471,0.313,0.114,0.337,0.293,0.113,0.191,0.245,0.795,0.191,0.393,0.401,0.575,0.244,0.147,0.173,0.344,0.77,0.084,0.336,0.238,0.419,0.217,0.189,0.343,0.207,0.136,0.222,0.224,0.38,0.198,0.349,0.151,0.446,0.674,0.107,0.558,0.303,0.463,0.339,0.187,0.653,0.262,0.338,0.32,0.148,0.193,0.144,0.349,0.111,0.192,0.158,0.298,0.207,0.443,0.184,0.184,0.216,0.302,0.795,0.468,0.575,0.19,0.217,0.366,0.156,0.223,0.182,0.244,0.222,0.126,0.404,0.293,0.271,0.169,0.453,0.294,0.333,0.244,0.206,0.313,0.431,0.471,0.313,0.199,0.323,0.282,0.126,0.221,0.156,0.19,0.202,0.159,0.323,0.075,0.795,0.202,0.228,0.185,0.51,0.539,0.113,0.298,0.118,0.09,0.144,0.191,0.109,0.136,0.174,0.069,0.795,0.161,0.288,0.34,0.268,0.575,0.438,0.31,0.224,0.674,0.268,0.674,0.334,0.189,0.172,0.316,0.075,0.275,0.297,0.294,0.18,0.282,0.261,0.058,0.123,0.174,0.133,0.247,0.204,0.196,0.255,0.167,0.313,0.207,0.239,0.314,0.438,0.169,0.167,0.11,0.575,0.213,0.125,0.088,0.23,0.363,0.094,0.192,0.183,0.385,0.229,0.169,0.322,0.172,0.143,0.214,0.176,0.2,0.12,0.302,0.674,0.38,0.388,0.302
0.297,0.358,0.627,0.108,0.756,0.086,0.372,0.881,0.521,0.756,0.196,0.204,0.167,0.521,0.264,0.358,0.306,0.639,0.063,0.769,0.121,0.237,0.494,0.769,0.627,0.34,0.237,0.485,0.279,0.358,0.054,0.221,0.157,0.753,0.171,0.309,0.756,0.756,0.756,0.101,0.627,0.374,0.756,0.438,0.221,0.769,0.358,0.486,0.351,0.382,0.208,0.756,0.627,0.881,0.165,0.382,0.756,0.124,0.19,0.756,0.438,0.205,0.756,0.309,0.158,0.277,0.171,0.627,0.04,0.13,0.136,0.756,0.679,1.0,0.038,0.756,0.087,0.121,0.134,0.295,0.104,0.537,0.756,0.131,0.627,0.104,0.627,0.263,0.157,0.639,0.756,0.574,0.639,0.358,0.213,0.108,0.433,0.521,0.149,0.221,0.286,0.756,0.119,0.521,0.361,0.521,0.213,0.268,0.264,0.46,0.881,0.14,0.147,0.372,0.521,0.756,0.279,1.0,0.769,0.162,0.34,0.521,0.221,0.188,0.123,0.881,0.521,0.627,0.048,0.088,0.639,0.382,0.756,0.327,0.529,0.769,0.753,0.606,0.26,0.268,0.161,0.881,0.17,0.756,0.297,0.639,0.627,0.808,0.639,0.26,0.037,0.155,0.756,0.521,0.521,0.221,0.769,0.881,0.521,0.107,0.302,0.158,0.627,0.19,0.342,0.194,0.362,0.322,0.401,0.433,0.398,0.402,0.372,0.213,0.627,0.358,0.213,0.076,0.769,0.374,0.264,0.756,0.237,0.756,0.073,0.082,0.088,0.088,0.756,0.438,0.627,0.322,0.237,0.639,0.079,0.627,0.183,0.116,0.494,0.756,0.162,0.213,0.627,0.085,0.756,0.223,0.756,0.278,0.358,0.521,0.374,0.657,0.342,0.627,0.627,0.627,0.521,0.627,0.237,0.639,0.079,0.213,0.486,0.279,0.17,0.213,0.157,0.043,0.167,0.205,0.278,0.151,0.158,0.34,0.756,0.138,0.213,0.756,0.756,0.627,0.374,0.297,0.069,0.34,0.521,0.452,0.374,0.155,0.158,0.753,0.134,0.756,0.268,0.297,0.756,0.091,0.639,0.237,0.45,0.627,0.769,0.756,0.205,0.756,0.627,0.221,0.756,0.756
0.024,0.035,0.039,0.034,0.051,0.017,0.068,0.05,0.05,0.052,0.044,0.064,0.033,0.054,0.051,0.042,0.053,0.062,0.028,0.092,0.062,0.068,0.038,0.042,0.036,0.031,0.096,0.048,0.036,0.037,0.048,0.168,0.067,0.037,0.032,0.075,0.045,0.053,0.054,0.049,0.066,0.038,0.043,0.039,0.154,0.07,0.026,0.035,0.044,0.047,0.037,0.044,0.058,0.053,0.04,0.028,0.05,0.036,0.049,0.043,0.075,0.029,0.056,0.048,0.079,0.042,0.037,0.066,0.023,0.071,0.033,0.038,0.045,0.038,1.0,0.035,0.047,0.038,0.049,0.035,0.113,0.053,0.043,0.032,0.058,0.055,0.058,0.039,0.034,0.081,0.061,0.026,0.05,0.033,0.104,0.04,0.042,0.042,0.05,0.219,0.046,0.068,0.05,0.066,0.041,0.05,0.069,0.044,0.05,0.05,0.043,0.031,0.033,0.054,0.035,0.072,0.064,0.037,0.054,0.069,0.131,0.05,0.264,0.034,0.034,0.036,0.051,0.058,0.033,0.104,0.045,0.029,0.035,0.031,0.045,0.069,0.048,0.03,0.041,0.051,0.037,0.049,0.043,0.054,0.07,0.075,0.078,0.044,0.066,0.031,0.023,0.03,0.068,0.038,0.05,0.212,0.072,0.049,0.049,0.054,0.038,0.079,0.059,0.076,0.032,0.044,0.045,0.07,0.047,0.04,0.04,0.028,0.046,0.104,0.04,0.033,0.104,0.019,0.04,0.054,0.037,0.053,0.058,0.058,0.038,0.036,0.078,0.035,0.068,0.034,0.058,0.042,0.023,0.044,0.043,0.046,0.048,0.032,0.051,0.056,0.064,0.063,0.038,0.04,0.068,0.052,0.049,0.039,0.043,0.05,0.038,0.053,0.036,0.058,0.07,0.058,0.061,0.046,0.061,0.045,0.034,0.091,0.031,0.17,0.058,0.104,0.056,0.024,0.041,0.057,0.035,0.035,0.045,0.038,0.054,0.037,0.104,0.038,0.048,0.067,0.038,0.022,0.025,0.094,0.05,0.028,0.034,0.027,0.053,0.054,0.06,0.06,0.054,0.024,0.051,0.029,0.053,0.08,0.044,0.043,0.064,0.062,0.049,0.059,0.058,0.264,0.065,0.05
0.649,0.208,0.301,0.19,0.332,0.088,0.49,0.293,0.252,0.446,0.184,0.221,0.162,0.302,0.378,0.291,0.234,0.352,0.732,0.259,0.355,0.246,0.813,0.388,0.449,0.648,0.152,0.272,0.197,0.205,0.068,0.164,0.188,0.463,0.152,0.44,0.375,0.367,0.326,0.129,0.312,0.769,0.322,0.298,0.208,0.323,0.331,0.29,0.347,0.328,0.219,0.393,1.0,0.465,0.163,0.197,0.337,0.113,0.258,0.335,0.36,0.153,0.297,0.204,0.449,0.29,0.293,0.308,0.178,0.164,0.299,0.476,0.336,0.756,0.035,1.0,0.089,0.119,0.197,0.307,0.208,0.282,0.39,0.618,0.915,0.136,1.0,0.26,0.148,0.292,0.364,0.257,0.847,0.678,0.392,0.153,0.309,0.391,0.221,0.153,0.351,1.0,0.114,0.322,0.814,0.847,0.215,0.192,0.197,0.369,0.795,0.103,0.279,0.246,0.32,0.319,0.245,0.363,0.329,0.145,0.238,0.249,0.329,0.182,0.32,0.23,0.369,1.0,0.384,0.325,0.334,0.567,0.446,0.183,0.782,0.341,0.473,0.375,0.195,0.203,0.188,0.432,0.143,0.3,0.23,0.228,0.289,0.444,0.271,0.245,0.163,0.796,1.0,0.415,0.902,0.159,0.314,0.394,0.252,0.25,0.264,0.449,0.419,0.187,0.922,0.267,0.312,0.202,0.334,0.25,0.364,0.37,0.239,0.392,0.308,0.678,0.392,0.565,0.31,0.185,0.207,0.351,0.181,0.296,0.255,0.123,0.161,0.096,1.0,0.306,0.304,0.21,0.516,0.383,0.162,0.274,0.185,0.107,0.211,0.28,0.125,0.261,0.277,0.083,1.0,0.194,0.483,0.466,0.28,0.847,0.769,0.257,0.283,1.0,0.339,0.915,0.327,0.28,0.228,0.361,0.12,0.231,0.259,0.267,0.151,0.177,0.165,0.075,0.156,0.221,0.22,0.175,0.158,0.301,0.355,0.31,0.392,0.362,0.349,0.328,0.769,0.186,0.307,0.158,0.847,0.271,0.188,0.157,0.263,0.402,0.113,0.31,0.255,0.649,0.339,0.172,0.407,0.193,0.22,0.329,0.247,0.344,0.155,0.335,0.915,0.329,0.383,0.382
0.051,0.103,0.107,0.087,0.089,0.092,0.156,0.091,0.131,0.096,0.102,0.108,0.132,0.101,0.194,0.118,0.075,0.109,0.058,0.114,0.103,0.186,0.079,0.07,0.09,0.068,0.368,0.118,0.075,0.159,0.152,0.179,0.121,0.111,0.057,0.114,0.106,0.098,0.097,0.067,0.092,0.087,0.102,0.07,0.17,0.076,0.06,0.093,0.095,0.112,0.08,0.127,0.119,0.099,0.152,0.05,0.096,0.062,0.13,0.194,0.095,0.078,0.109,0.058,0.142,0.092,0.155,0.1,0.029,0.12,0.068,0.075,0.071,0.087,0.047,0.089,1.0,0.118,0.068,0.123,0.056,0.072,0.105,0.062,0.119,0.102,0.119,0.156,0.059,0.139,0.108,0.085,0.106,0.077,0.201,0.185,0.089,0.136,0.127,0.228,0.129,0.134,0.16,0.073,0.077,0.106,0.157,0.098,0.096,0.077,0.095,0.145,0.071,0.101,0.189,0.125,0.067,0.161,0.108,0.073,0.155,0.111,0.296,0.101,0.081,0.163,0.119,0.119,0.404,0.113,0.137,0.061,0.075,0.048,0.101,0.256,0.095,0.058,0.065,0.101,0.084,0.103,0.071,0.098,0.152,0.085,0.152,0.081,0.153,0.074,0.024,0.07,0.134,0.082,0.106,0.248,0.109,0.095,0.099,0.089,0.061,0.142,0.106,0.13,0.067,0.093,0.106,0.081,0.108,0.072,0.105,0.06,0.087,0.201,0.082,0.077,0.201,0.041,0.15,0.072,0.07,0.11,0.119,0.12,0.056,0.039,0.083,0.062,0.134,0.062,0.096,0.073,0.051,0.067,0.073,0.08,0.085,0.059,0.073,0.11,0.08,0.119,0.068,0.239,0.134,0.097,0.116,0.089,0.173,0.106,0.087,0.168,0.087,0.119,0.105,0.119,0.098,0.082,0.125,0.072,0.158,0.111,0.065,0.118,0.087,0.157,0.164,0.189,0.114,0.118,0.056,0.059,0.07,0.076,0.091,0.04,0.201,0.098,0.1,0.087,0.087,0.044,0.103,0.052,0.106,0.054,0.069,0.112,0.085,0.078,0.182,0.105,0.18,0.051,0.135,0.062,0.089,0.275,0.172,0.108,0.097,0.116,0.077,0.179,0.119,0.296,0.111,0.081
0.099,0.21,0.121,0.063,0.107,0.493,0.226,0.1,0.138,0.132,0.238,0.174,0.264,0.131,0.309,0.16,0.093,0.131,0.055,0.131,0.132,0.109,0.135,0.103,0.124,0.116,0.198,0.178,0.126,0.169,0.263,0.11,0.108,0.132,0.09,0.138,0.192,0.126,0.165,0.096,0.114,0.121,0.147,0.1,0.121,0.134,0.092,0.175,0.191,0.146,0.132,0.089,0.183,0.127,0.101,0.087,0.123,0.064,0.202,0.227,0.18,0.153,0.155,0.08,0.156,0.116,0.242,0.123,0.061,0.119,0.115,0.17,0.086,0.121,0.038,0.119,0.118,1.0,0.142,0.128,0.049,0.092,0.129,0.112,0.183,0.134,0.183,0.186,0.063,0.161,0.181,0.09,0.156,0.125,0.192,0.14,0.183,0.237,0.237,0.117,0.17,0.218,0.193,0.088,0.13,0.156,0.162,0.321,0.143,0.096,0.136,0.122,0.119,0.328,0.152,0.162,0.146,0.188,0.164,0.068,0.117,0.12,0.155,0.097,0.235,0.132,0.099,0.183,0.037,0.079,0.154,0.117,0.146,0.08,0.172,0.202,0.154,0.092,0.104,0.138,0.218,0.156,0.093,0.141,0.112,0.098,0.144,0.107,0.251,0.14,0.067,0.267,0.218,0.102,0.156,0.2,0.144,0.115,0.131,0.121,0.101,0.156,0.204,0.194,0.106,0.147,0.175,0.072,0.135,0.174,0.132,0.106,0.181,0.192,0.146,0.125,0.192,0.095,0.122,0.089,0.109,0.156,0.538,0.341,0.126,0.05,0.071,0.08,0.218,0.126,0.093,0.074,0.093,0.091,0.096,0.114,0.164,0.077,0.103,0.152,0.094,0.16,0.107,0.197,0.218,0.086,0.151,0.142,0.149,0.156,0.121,0.181,0.085,0.183,0.108,0.183,0.117,0.119,0.493,0.126,0.163,0.144,0.094,0.262,0.083,0.142,0.213,0.12,0.278,0.091,0.113,0.081,0.134,0.135,0.111,0.091,0.192,0.125,0.137,0.106,0.121,0.077,0.121,0.075,0.156,0.086,0.097,0.5,0.117,0.106,0.525,0.138,0.162,0.099,0.146,0.068,0.107,0.172,0.124,0.167,0.115,0.19,0.092,0.122,0.183,0.155,0.139,0.134
0.084,0.113,0.087,0.046,0.093,0.04,0.199,0.167,0.299,0.158,0.263,0.444,0.075,0.392,0.153,0.102,0.085,0.144,0.038,0.118,0.191,0.127,0.121,0.108,0.159,0.107,0.177,0.14,0.153,0.083,0.063,0.185,0.428,0.109,0.093,0.198,0.203,0.129,0.206,0.111,0.119,0.134,0.104,0.091,0.194,0.083,0.072,0.104,0.135,0.144,0.094,0.106,0.171,0.118,0.06,0.061,0.1,0.124,0.376,0.127,0.194,0.088,0.157,0.1,0.227,0.3,0.119,0.112,0.075,0.131,0.134,0.194,0.089,0.134,0.049,0.197,0.068,0.142,1.0,0.089,0.065,0.077,0.14,0.103,0.171,0.217,0.171,0.226,0.067,0.195,0.571,0.125,0.156,0.112,0.281,0.09,0.152,0.173,0.254,0.203,0.207,0.191,0.111,0.081,0.114,0.156,0.167,0.101,0.091,0.107,0.143,0.076,0.112,0.146,0.085,0.146,0.082,0.103,0.184,0.074,0.164,0.091,0.261,0.09,0.085,0.075,0.104,0.171,0.05,0.116,0.106,0.096,0.117,0.072,0.136,0.158,0.125,0.083,0.098,0.108,0.216,0.147,0.1,0.113,0.126,0.106,0.118,0.1,0.181,0.095,0.088,0.104,0.191,0.094,0.156,0.215,0.13,0.11,0.106,0.169,0.101,0.227,0.156,0.397,0.104,0.124,0.121,0.084,0.115,0.222,0.165,0.122,0.111,0.281,0.096,0.112,0.281,0.346,0.088,0.079,0.243,0.13,0.165,0.112,0.169,0.045,0.086,0.082,0.191,0.156,0.075,0.06,0.084,0.096,0.355,0.098,0.284,0.051,0.095,0.107,0.114,0.326,0.096,0.084,0.191,0.272,0.134,0.116,0.119,0.156,0.134,0.111,0.099,0.171,0.113,0.171,0.349,0.111,0.183,0.275,0.166,0.262,0.072,0.167,0.099,0.16,0.088,0.058,0.108,0.078,0.242,0.08,0.101,0.279,0.103,0.13,0.281,0.129,0.124,0.217,0.134,0.049,0.269,0.06,0.156,0.133,0.073,0.1,0.141,0.118,0.116,0.122,0.334,0.084,0.122,0.05,0.083,0.162,0.083,0.237,0.097,0.289,0.101,0.111,0.171,0.261,0.198,0.169
0.461,0.168,0.41,0.158,0.326,0.118,0.771,0.192,0.199,0.316,0.154,0.139,0.184,0.167,0.336,0.419,0.189,0.354,0.398,0.191,0.164,0.203,0.401,0.45,0.289,0.222,0.197,0.221,0.187,0.223,0.13,0.171,0.096,0.357,0.175,0.171,0.359,0.341,0.339,0.096,0.197,0.268,0.354,0.28,0.176,0.302,0.349,0.389,0.387,0.299,0.196,0.23,0.352,0.424,0.142,0.181,0.345,0.091,0.231,0.295,0.205,0.176,0.222,0.114,0.196,0.232,0.248,0.203,0.118,0.15,1.0,0.389,0.436,0.295,0.035,0.307,0.123,0.128,0.089,1.0,0.063,0.263,0.234,0.222,0.352,0.141,0.352,0.253,0.169,0.221,0.209,0.216,0.343,0.354,0.241,0.215,0.311,0.31,0.175,0.14,0.229,0.432,0.182,0.231,0.267,0.315,0.223,0.224,0.2,0.427,0.346,0.132,0.376,0.282,0.541,0.235,0.263,0.278,0.232,0.308,0.199,0.206,0.245,0.223,0.323,0.198,0.406,0.352,0.081,0.344,0.335,0.568,0.316,0.16,0.524,0.296,0.343,0.36,0.261,0.363,0.158,0.304,0.112,0.214,0.169,0.233,0.23,0.322,0.255,0.282,0.228,0.234,0.432,0.392,0.315,0.169,0.223,0.387,0.177,0.153,0.179,0.196,0.258,0.135,0.235,0.311,0.342,0.164,0.414,0.267,0.259,0.363,0.311,0.241,0.274,0.354,0.241,0.231,0.27,0.179,0.14,0.244,0.193,0.222,0.274,0.308,0.362,0.093,0.432,0.25,0.363,0.2,0.25,0.482,0.086,0.211,0.146,0.104,0.15,0.223,0.103,0.138,0.211,0.154,0.432,0.11,0.277,0.264,0.319,0.315,0.268,0.293,0.243,0.352,0.337,0.352,0.206,0.186,0.202,0.227,0.159,0.158,0.32,0.283,0.132,0.175,0.272,0.157,0.2,0.192,0.134,0.187,0.225,0.175,0.248,0.113,0.241,0.21,0.229,0.193,0.268,0.139,0.181,0.112,0.315,0.295,0.138,0.158,0.237,0.298,0.154,0.208,0.246,0.461,0.238,0.203,0.358,0.238,0.187,0.22,0.182,0.225,0.129,0.457,0.352,0.245,0.288,0.308
0.074,0.096,0.554,0.123,0.145,0.024,0.067,0.383,0.119,0.54,0.053,0.084,0.039,0.119,0.054,0.096,0.215,0.119,0.033,0.54,0.063,0.264,0.096,0.48,0.16,0.143,0.099,0.103,0.08,0.096,0.056,0.186,0.078,0.131,0.145,0.072,0.145,0.182,0.145,0.058,0.54,0.104,0.145,0.111,0.186,0.438,0.098,0.102,0.083,0.233,0.109,0.145,0.131,0.145,0.302,0.085,0.145,0.047,0.084,0.145,0.19,0.129,0.145,0.31,0.074,0.102,0.042,0.54,0.029,0.211,0.038,0.208,0.203,0.104,0.113,0.208,0.056,0.049,0.065,0.063,1.0,0.664,0.26,0.037,0.131,0.065,0.131,0.066,0.058,0.119,0.145,0.084,0.119,0.096,0.092,0.057,0.26,0.119,0.06,0.214,0.092,0.145,0.062,0.664,0.226,0.119,0.092,0.059,0.073,0.257,0.111,0.1,0.039,0.067,0.119,0.145,1.0,0.104,0.145,0.48,0.257,0.119,0.186,0.045,0.039,0.111,0.264,0.131,0.041,0.092,0.119,0.085,0.273,0.102,0.118,0.145,0.368,0.412,0.229,0.059,0.048,0.208,0.107,0.145,0.078,0.119,0.131,0.544,0.31,0.229,0.032,0.037,0.145,0.663,0.119,0.186,0.54,0.48,0.119,0.057,0.088,0.074,0.229,0.084,0.206,0.165,0.16,0.54,0.422,0.105,0.158,0.361,0.067,0.092,0.131,0.096,0.092,0.026,0.131,0.104,0.22,0.145,0.099,0.145,0.044,0.056,0.092,0.043,0.145,0.172,1.0,0.276,0.074,0.276,0.057,0.173,0.06,0.257,0.258,0.145,0.31,0.092,0.131,0.049,0.145,0.129,0.145,0.044,0.096,0.119,0.104,0.535,0.681,0.131,0.132,0.131,0.248,0.151,0.099,0.129,0.049,0.664,0.102,0.174,0.107,0.092,0.077,0.033,0.057,0.663,0.12,0.298,0.074,0.229,0.632,0.045,0.092,0.145,0.18,0.189,0.104,0.074,0.033,0.632,0.119,0.111,0.104,0.037,0.157,0.535,0.065,0.145,0.074,0.074,0.18,0.046,0.554,0.099,0.11,0.25,0.383,0.145,0.12,0.383,0.131,0.186,0.149,0.662
0.416,0.189,0.437,0.22,0.359,0.074,0.771,0.319,0.212,0.464,0.129,0.179,0.112,0.231,0.336,0.261,0.333,0.433,0.122,0.341,0.164,0.256,1.0,0.368,0.449,0.386,0.125,0.202,0.18,0.185,0.062,0.144,0.108,0.311,0.167,0.331,0.302,0.37,0.321,0.088,0.34,0.438,0.313,0.268,0.161,0.595,0.246,0.235,0.285,0.272,0.205,0.257,0.674,0.35,0.202,0.197,0.321,0.124,0.161,0.292,0.197,0.139,0.307,0.16,0.196,0.287,0.404,0.359,0.069,0.183,0.21,0.344,0.303,0.537,0.053,0.282,0.072,0.092,0.077,0.263,0.664,1.0,0.275,0.321,0.674,0.108,0.674,0.317,0.16,0.246,0.296,0.2,0.705,0.499,0.241,0.171,0.343,0.313,0.128,0.153,0.223,0.795,0.088,0.383,0.436,0.575,0.12,0.229,0.173,0.334,0.61,0.102,1.0,0.192,0.275,0.336,0.41,0.23,0.365,0.22,0.279,0.256,0.218,0.141,0.3,0.247,0.227,0.674,0.081,0.099,0.268,0.498,0.339,0.168,0.687,0.326,0.399,0.365,0.163,0.197,0.088,0.381,0.139,0.295,0.184,0.238,0.36,0.586,0.254,0.168,0.119,0.234,0.795,0.422,0.575,0.15,0.37,0.523,0.257,0.148,0.278,0.196,0.249,0.115,0.415,0.162,0.279,0.446,0.407,0.226,0.2,0.305,0.279,0.241,0.303,0.499,0.241,0.143,0.296,0.174,0.24,0.36,0.142,0.314,0.113,0.125,0.136,0.087,0.795,0.269,0.439,0.434,0.581,0.263,0.09,0.268,0.151,0.264,0.301,0.327,0.138,0.115,0.245,0.059,0.795,0.145,0.312,0.33,0.171,0.575,0.438,0.27,0.35,0.674,0.343,0.674,0.23,0.245,0.186,0.273,0.066,0.256,0.26,0.224,0.15,0.116,0.142,0.079,0.126,0.454,0.167,0.199,0.1,0.202,0.537,0.167,0.241,0.318,0.374,0.241,0.438,0.229,0.114,0.309,0.575,0.347,0.228,0.115,0.152,0.448,0.083,0.293,0.249,0.416,0.37,0.206,0.472,0.157,0.258,0.242,0.35,0.332,0.15,0.377,0.674,0.218,0.301,0.463
0.507,0.177,0.285,0.185,0.308,0.082,0.49,0.28,0.238,0.416,0.208,0.211,0.164,0.292,0.45,0.28,0.25,0.316,0.191,0.248,0.211,0.225,0.686,0.303,0.43,0.635,0.185,0.233,0.305,0.219,0.069,0.203,0.141,0.445,0.181,0.44,0.303,0.26,0.31,0.194,0.318,0.756,0.317,0.298,0.211,0.244,0.311,0.242,0.348,0.243,0.322,0.457,0.915,0.403,0.105,0.349,0.334,0.107,0.223,0.364,0.467,0.159,0.277,0.382,0.251,0.242,0.293,0.312,0.292,0.192,0.487,0.363,0.258,0.756,0.043,0.39,0.105,0.129,0.14,0.234,0.26,0.275,1.0,0.468,0.915,0.132,0.915,0.302,0.159,0.282,0.278,0.328,0.847,0.663,0.311,0.161,0.372,0.335,0.237,0.166,0.272,1.0,0.123,0.343,0.62,0.847,0.207,0.19,0.335,0.313,0.795,0.156,0.279,0.212,0.264,0.355,0.262,0.31,0.355,0.124,0.266,0.27,0.292,0.202,0.368,0.238,0.294,0.915,0.368,0.202,0.329,0.567,0.367,0.284,0.782,0.325,0.418,0.332,0.211,0.215,0.277,0.491,0.254,0.369,0.215,0.217,0.32,0.399,0.252,0.233,0.213,0.279,1.0,0.325,0.847,0.169,0.331,0.361,0.295,0.366,0.338,0.251,0.389,0.206,0.594,0.29,0.314,0.175,0.288,0.287,0.297,0.443,0.256,0.311,0.328,0.663,0.311,0.205,0.357,0.188,0.172,0.418,0.206,0.28,0.203,0.102,0.137,0.217,1.0,0.385,0.267,0.183,0.516,0.245,0.132,0.282,0.202,0.108,0.195,0.276,0.208,0.205,0.342,0.095,1.0,0.158,0.472,0.466,0.322,0.847,0.756,0.302,0.213,0.915,0.322,0.915,0.272,0.362,0.248,0.301,0.151,0.229,0.229,0.243,0.237,0.186,0.16,0.114,0.163,0.158,0.21,0.309,0.161,0.24,0.338,0.31,0.311,0.344,0.361,0.253,0.756,0.16,0.184,0.16,0.847,0.253,0.208,0.13,0.216,0.354,0.122,0.36,0.266,0.507,0.379,0.202,0.398,0.235,0.236,0.288,0.239,0.314,0.248,0.329,0.915,0.292,0.35,0.333
0.102,0.134,0.203,0.067,0.243,0.086,0.257,0.203,0.172,0.321,0.161,0.135,0.139,0.172,0.204,0.265,0.198,0.321,0.057,0.203,0.093,0.152,0.145,0.234,0.457,0.122,0.152,0.139,0.165,0.134,0.055,0.204,0.099,0.231,0.141,0.099,0.243,0.243,0.243,0.188,0.203,0.131,0.243,0.193,0.126,0.234,0.218,0.202,0.321,0.321,0.198,0.35,0.203,0.257,0.138,0.177,0.243,0.125,0.368,0.243,0.78,0.092,0.243,0.177,0.114,0.178,0.227,0.203,0.168,0.182,0.121,0.243,0.257,0.131,0.032,0.618,0.062,0.112,0.103,0.222,0.037,0.321,0.468,1.0,0.203,0.09,0.203,0.234,0.18,0.172,0.243,0.131,0.172,0.134,0.144,0.138,0.242,0.257,0.669,0.119,0.194,0.243,0.092,0.618,0.164,0.172,0.144,0.321,0.204,0.44,0.148,0.105,0.126,0.257,0.271,0.243,0.321,0.254,0.259,0.173,0.122,0.172,0.119,0.288,0.176,0.208,0.198,0.203,0.041,0.059,0.195,0.123,0.78,0.195,0.188,0.243,0.321,0.272,0.183,0.202,0.358,0.204,0.163,0.243,0.114,0.172,0.342,0.255,0.172,0.288,0.089,0.133,0.243,0.296,0.172,0.119,0.243,0.321,0.172,0.191,0.393,0.114,0.618,0.135,0.132,0.155,0.198,0.171,0.257,0.157,0.393,0.344,0.321,0.144,0.203,0.134,0.144,0.078,0.203,0.131,0.198,0.243,0.152,0.243,0.067,0.173,0.173,0.159,0.243,0.419,0.235,0.171,0.146,0.257,0.064,0.203,0.194,0.168,0.145,0.243,0.206,0.144,0.203,0.073,0.243,0.095,0.78,0.153,0.134,0.172,0.131,0.189,0.321,0.203,0.342,0.203,0.172,0.203,0.251,0.195,0.147,0.144,0.152,0.201,0.159,0.144,0.135,0.093,0.139,0.171,0.153,0.493,0.114,0.165,0.268,0.059,0.144,0.243,0.243,0.203,0.131,0.155,0.067,0.11,0.172,0.359,0.146,0.133,0.141,0.78,0.103,0.243,0.321,0.102,0.265,0.26,0.203,0.152,0.174,0.203,0.203,0.243,0.212,0.243,0.203,0.119,0.243,0.29
0.417,0.556,0.815,0.157,0.915,0.148,0.45,1.0,0.902,0.915,0.271,0.363,0.25,0.902,0.339,0.556,0.383,0.736,0.095,0.815,0.166,0.266,0.586,0.815,1.0,0.531,0.266,0.61,0.45,0.556,0.088,0.209,0.178,1.0,0.237,0.396,0.915,0.915,0.915,0.144,1.0,0.627,0.915,0.674,0.209,0.815,0.556,0.592,0.48,0.48,0.279,0.915,0.815,0.915,0.213,0.48,0.915,0.195,0.221,0.915,0.674,0.391,0.915,0.396,0.197,0.369,0.25,1.0,0.07,0.199,0.209,0.915,0.674,0.627,0.058,0.915,0.119,0.183,0.171,0.352,0.131,0.674,0.915,0.203,1.0,0.146,0.815,0.36,0.221,0.736,0.915,0.495,0.736,0.556,0.243,0.184,0.75,0.736,0.237,0.209,0.567,0.915,0.163,0.736,0.527,0.902,0.243,0.349,0.339,0.619,0.674,0.226,0.233,0.45,0.736,0.915,0.45,0.627,0.915,0.191,0.531,0.736,0.209,0.269,0.187,0.674,0.736,0.815,0.081,0.1,0.736,0.48,0.915,0.485,0.693,0.915,0.815,0.567,0.341,0.349,0.272,1.0,0.239,0.915,0.417,0.736,1.0,0.915,0.736,0.341,0.079,0.235,0.915,0.902,0.736,0.209,0.915,0.736,0.736,0.149,0.512,0.197,0.815,0.221,0.484,0.283,0.48,0.489,0.45,0.75,0.599,0.558,0.45,0.243,1.0,0.556,0.243,0.143,0.815,0.627,0.387,1.0,0.266,0.915,0.114,0.146,0.146,0.13,0.915,0.674,0.815,0.489,0.416,0.736,0.113,1.0,0.255,0.189,0.586,0.915,0.191,0.243,0.815,0.13,0.915,0.31,0.915,0.4,0.556,0.902,0.627,0.592,0.484,0.815,0.902,1.0,0.902,0.815,0.287,0.736,0.129,0.243,0.592,0.55,0.239,0.243,0.231,0.081,0.25,0.226,0.4,0.203,0.197,0.531,0.915,0.253,0.243,0.915,0.915,1.0,0.627,0.417,0.115,0.45,0.902,0.446,0.627,0.235,0.218,0.815,0.171,0.915,0.349,0.417,0.915,0.141,0.815,0.266,0.626,1.0,0.815,0.915,0.279,0.915,1.0,0.209,0.915,0.915
0.076,0.137,0.09,0.098,0.141,0.083,0.169,0.12,0.165,0.173,0.311,0.257,0.18,0.167,0.217,0.228,0.085,0.177,0.152,0.132,0.157,0.202,0.104,0.179,0.116,0.282,0.214,0.149,0.247,0.157,0.147,0.158,0.163,0.15,0.091,0.165,0.19,0.168,0.154,0.112,0.115,0.104,0.128,0.156,0.162,0.123,0.112,0.167,0.204,0.203,0.185,0.127,0.146,0.203,0.082,0.077,0.181,0.1,0.192,0.146,0.174,0.133,0.155,0.096,0.193,0.148,0.204,0.115,0.059,0.169,0.107,0.135,0.196,0.104,0.055,0.136,0.102,0.134,0.217,0.141,0.065,0.108,0.132,0.09,0.146,1.0,0.146,0.192,0.088,0.185,0.199,0.095,0.128,0.097,0.246,0.218,0.149,0.182,0.251,0.181,0.194,0.167,0.158,0.123,0.101,0.128,0.21,0.126,0.128,0.113,0.114,0.103,0.366,0.161,0.151,0.156,0.091,0.157,0.196,0.076,0.202,0.157,0.253,0.122,0.191,0.102,0.186,0.146,0.05,0.476,0.165,0.088,0.131,0.104,0.126,0.189,0.125,0.103,0.106,0.129,0.178,0.158,0.113,0.132,0.16,0.161,0.129,0.134,0.173,0.11,0.064,0.092,0.167,0.148,0.128,0.204,0.135,0.167,0.119,0.139,0.249,0.193,0.152,0.342,0.086,0.183,0.139,0.084,0.146,0.222,0.182,0.116,0.12,0.246,0.161,0.097,0.246,0.104,0.153,0.183,0.206,0.135,0.164,0.149,0.104,0.081,0.24,0.104,0.167,0.144,0.084,0.069,0.074,0.204,0.126,0.136,0.248,0.167,0.106,0.137,0.117,0.209,0.1,0.163,0.167,0.13,0.146,0.105,0.182,0.128,0.104,0.152,0.116,0.146,0.104,0.146,0.208,0.122,0.17,0.147,0.114,0.295,0.11,0.208,0.106,0.31,0.16,0.093,0.146,0.083,0.107,0.128,0.142,0.166,0.104,0.098,0.246,0.114,0.329,0.188,0.104,0.092,0.835,0.07,0.128,0.083,0.091,0.113,0.155,0.133,0.185,0.138,0.148,0.076,0.224,0.095,0.095,0.192,0.111,0.225,0.118,0.295,0.117,0.116,0.146,0.253,0.207,0.129
0.417,0.678,1.0,0.157,0.915,0.148,0.45,0.815,0.736,0.915,0.271,0.444,0.25,0.736,0.339,0.678,0.383,0.736,0.095,0.815,0.166,0.266,0.586,0.815,0.826,0.648,0.266,0.61,0.55,0.678,0.088,0.209,0.178,1.0,0.237,0.396,0.915,0.915,0.915,0.144,0.826,0.769,0.915,0.826,0.209,0.815,0.678,0.592,0.586,0.48,0.279,0.915,1.0,0.915,0.213,0.48,0.915,0.195,0.221,0.915,0.826,0.479,0.915,0.396,0.197,0.369,0.25,0.902,0.07,0.199,0.209,1.0,0.674,0.627,0.058,1.0,0.119,0.183,0.171,0.352,0.131,0.674,0.915,0.203,0.815,0.146,1.0,0.36,0.221,0.736,0.915,0.495,0.736,0.678,0.243,0.184,0.615,0.902,0.237,0.209,0.462,0.915,0.163,0.902,0.527,0.736,0.243,0.349,0.339,0.619,0.674,0.226,0.233,0.45,0.902,0.915,0.55,0.627,0.915,0.191,0.648,0.902,0.209,0.269,0.187,0.674,0.902,1.0,0.081,0.1,0.736,0.48,0.915,0.485,0.693,0.915,1.0,0.567,0.341,0.349,0.272,0.815,0.239,0.915,0.417,0.736,0.815,1.0,0.736,0.341,0.079,0.235,0.915,0.736,0.902,0.209,0.915,0.902,0.902,0.149,0.625,0.197,1.0,0.221,0.484,0.283,0.586,0.489,0.509,0.615,0.599,0.55,0.45,0.243,0.815,0.678,0.243,0.143,0.815,0.769,0.387,0.915,0.298,0.915,0.114,0.146,0.146,0.13,0.915,0.826,1.0,0.489,0.509,0.736,0.113,0.815,0.255,0.189,0.586,0.915,0.191,0.243,1.0,0.13,0.915,0.31,0.915,0.4,0.678,0.736,0.769,0.592,0.484,1.0,1.0,0.815,0.736,1.0,0.287,0.736,0.129,0.243,0.592,0.45,0.239,0.243,0.231,0.081,0.25,0.226,0.4,0.203,0.197,0.648,0.915,0.253,0.243,0.915,0.915,0.815,0.769,0.417,0.115,0.45,0.736,0.446,0.769,0.235,0.218,1.0,0.171,0.915,0.349,0.417,0.915,0.141,1.0,0.266,0.626,0.815,0.815,0.915,0.279,0.915,0.815,0.209,0.915,0.915
0.368,0.197,0.266,0.142,0.241,0.097,0.208,0.221,0.254,0.301,0.292,0.306,0.168,0.265,0.45,0.234,0.179,0.286,0.191,0.2,0.164,0.167,0.308,0.302,0.338,0.237,0.244,0.229,0.202,0.269,0.14,0.154,0.196,0.273,0.113,0.308,0.308,0.287,0.264,0.09,0.181,0.235,0.266,0.199,0.164,0.319,0.207,0.229,0.229,0.27,0.153,0.193,0.36,0.254,0.161,0.156,0.226,0.2,0.294,0.275,0.255,0.151,0.245,0.181,0.208,0.249,0.268,0.231,0.093,0.19,0.159,0.283,0.211,0.263,0.039,0.26,0.156,0.186,0.226,0.253,0.066,0.317,0.302,0.234,0.36,0.192,0.36,1.0,0.151,0.212,0.294,0.147,0.351,0.384,0.274,0.17,0.303,0.349,0.452,0.16,0.249,0.438,0.166,0.184,0.338,0.301,0.209,0.161,0.185,0.233,0.298,0.153,0.12,0.175,0.338,0.261,0.207,0.257,0.271,0.107,0.212,0.205,0.329,0.128,0.368,0.188,0.198,0.36,0.056,0.202,0.243,0.39,0.243,0.133,0.549,0.34,0.233,0.217,0.142,0.134,0.312,0.254,0.108,0.216,0.186,0.222,0.231,0.278,0.263,0.175,0.216,0.125,0.438,0.29,0.301,0.178,0.23,0.2,0.175,0.187,0.218,0.208,0.224,0.37,0.303,0.226,0.287,0.183,0.279,0.327,0.281,0.292,0.191,0.274,0.238,0.384,0.274,0.172,0.25,0.127,0.279,0.246,0.214,0.223,0.131,0.115,0.125,0.094,0.438,0.263,0.234,0.201,0.449,0.197,0.157,0.182,0.444,0.096,0.151,0.22,0.103,0.267,0.174,0.173,0.438,0.209,0.247,0.567,0.262,0.301,0.235,0.281,0.219,0.36,0.234,0.36,0.304,0.178,0.243,0.369,0.181,0.26,0.188,0.262,0.113,0.16,0.175,0.155,0.175,0.203,0.262,0.127,0.173,0.237,0.248,0.312,0.274,0.276,0.232,0.208,0.235,0.19,0.306,0.11,0.301,0.219,0.163,0.155,0.168,0.238,0.16,0.211,0.249,0.368,0.25,0.178,0.257,0.247,0.206,0.336,0.19,0.354,0.122,0.223,0.36,0.329,0.26,0.253
0.132,0.069,0.219,0.138,0.184,0.042,0.278,0.141,0.119,0.165,0.077,0.094,0.074,0.128,0.221,0.145,0.115,0.179,0.106,0.094,0.162,0.13,0.155,0.202,0.15,0.133,0.116,0.094,0.115,0.085,0.258,0.144,0.111,0.137,0.067,0.169,0.138,0.246,0.117,0.109,0.107,0.157,0.192,0.105,0.131,0.221,0.13,0.121,0.146,0.158,0.118,0.182,0.221,0.226,0.058,0.087,0.137,0.074,0.134,0.114,0.137,0.063,0.103,0.107,0.192,0.178,0.153,0.107,0.17,0.183,0.165,0.138,0.17,0.157,0.034,0.148,0.059,0.063,0.067,0.169,0.058,0.16,0.159,0.18,0.221,0.088,0.221,0.151,1.0,0.135,0.102,0.097,0.194,0.149,0.237,0.113,0.159,0.128,0.104,0.139,0.133,0.256,0.102,0.113,0.145,0.194,0.129,0.096,0.152,0.189,0.173,0.068,0.172,0.127,0.171,0.126,0.102,0.127,0.119,0.124,0.134,0.119,0.247,0.081,0.124,0.079,0.158,0.221,0.074,0.226,0.136,0.157,0.201,0.168,0.199,0.134,0.144,0.133,0.209,0.109,0.082,0.14,0.124,0.125,0.151,0.114,0.179,0.154,0.114,0.298,0.498,0.139,0.256,0.161,0.194,0.136,0.118,0.182,0.098,0.287,0.112,0.192,0.155,0.1,0.125,0.113,0.124,0.108,0.203,0.098,0.144,0.169,0.294,0.237,0.121,0.149,0.237,0.104,0.113,0.09,0.084,0.132,0.146,0.104,0.112,0.297,0.165,0.106,0.256,0.131,0.133,0.174,0.104,0.15,0.135,0.112,0.087,0.051,0.072,0.101,0.113,0.116,0.14,0.057,0.256,0.106,0.152,0.165,0.109,0.194,0.157,0.113,0.149,0.221,0.201,0.221,0.138,0.142,0.123,0.122,0.086,0.116,0.096,0.185,0.21,0.135,0.194,0.179,0.095,0.103,0.08,0.113,0.531,0.106,0.131,0.111,0.237,0.108,0.125,0.109,0.157,0.051,0.101,0.048,0.194,0.125,0.066,0.065,0.247,0.145,0.078,0.139,0.13,0.132,0.129,0.219,0.186,0.168,0.087,0.129,0.085,0.112,0.163,0.151,0.221,0.247,0.139,0.122
0.409,0.238,0.261,0.136,0.323,0.088,0.418,0.302,0.259,0.338,0.21,0.289,0.152,0.274,0.307,0.306,0.217,0.674,0.081,0.373,0.837,0.266,0.622,0.235,0.312,0.449,0.351,0.533,0.204,0.218,0.102,0.273,0.148,0.323,0.277,0.36,0.301,0.43,0.381,0.198,0.389,0.521,0.302,0.338,0.55,0.246,0.212,0.236,0.282,0.406,0.176,0.37,0.736,0.294,0.182,0.206,0.343,0.095,0.232,0.395,0.245,0.272,0.358,0.207,1.0,0.193,0.216,0.354,0.107,0.137,0.538,0.314,0.194,0.639,0.081,0.292,0.139,0.161,0.195,0.221,0.119,0.246,0.282,0.172,0.736,0.185,0.736,0.212,0.135,1.0,0.351,0.213,0.791,0.472,1.0,0.182,0.228,0.357,0.218,0.293,0.353,0.847,0.253,0.231,0.455,0.645,0.666,0.21,0.176,0.217,0.705,0.155,0.196,0.374,0.225,0.456,0.213,0.324,0.427,0.135,0.346,0.312,0.383,0.25,0.16,0.315,0.243,0.736,0.081,0.17,0.472,0.49,0.263,0.168,0.622,0.684,0.446,0.273,0.199,0.313,0.193,0.555,0.179,0.341,0.566,0.281,0.366,0.346,0.434,0.168,0.14,0.201,0.847,0.215,0.645,0.308,0.423,0.321,0.377,0.254,0.27,1.0,0.339,0.286,0.485,0.492,0.345,0.202,0.45,0.26,0.202,0.285,0.24,1.0,0.319,0.472,1.0,0.114,0.313,0.239,0.172,0.475,0.267,0.364,0.511,0.078,0.135,0.154,0.847,0.272,0.243,0.189,0.339,0.275,0.134,0.311,0.214,0.117,0.288,0.358,0.212,0.502,0.291,0.167,0.847,0.16,0.397,0.348,0.357,0.645,0.521,0.277,0.171,0.736,0.315,0.736,0.246,0.289,0.285,0.285,0.163,0.478,0.267,0.223,0.167,0.631,0.145,0.105,0.224,0.182,0.188,0.16,0.213,0.196,0.288,0.217,1.0,0.321,0.413,0.25,0.521,0.196,0.137,0.188,0.645,0.208,0.269,0.14,0.567,0.293,0.215,0.342,0.245,0.409,0.43,0.087,0.272,0.312,0.285,0.234,0.339,0.412,0.193,0.354,0.736,0.383,0.371,0.31
0.507,0.302,0.338,0.185,0.341,0.123,0.49,0.368,0.431,0.404,0.294,0.503,0.158,0.506,0.378,0.26,0.218,0.279,0.113,0.464,0.188,0.19,0.686,0.252,0.441,0.635,0.217,0.32,0.301,0.253,0.082,0.202,0.58,0.374,0.18,0.44,0.357,0.218,0.498,0.136,0.429,0.756,0.349,0.339,0.216,0.256,0.306,0.23,0.24,0.213,0.189,0.236,0.915,0.327,0.137,0.269,0.458,0.169,0.385,0.315,0.285,0.26,0.493,0.178,0.217,0.36,0.293,0.507,0.086,0.19,0.25,0.429,0.186,0.756,0.061,0.364,0.108,0.181,0.571,0.209,0.145,0.296,0.278,0.243,0.915,0.199,0.915,0.294,0.102,0.351,1.0,0.234,0.847,0.663,0.259,0.166,0.315,0.367,0.261,0.235,0.307,1.0,0.129,0.301,0.62,0.847,0.18,0.231,0.164,0.256,0.795,0.151,0.279,0.22,0.277,0.61,0.278,0.272,0.552,0.153,0.423,0.457,0.296,0.182,0.224,0.424,0.222,0.915,0.098,0.113,0.34,0.567,0.295,0.201,0.782,0.455,0.345,0.333,0.19,0.249,0.246,0.521,0.165,0.411,0.255,0.315,0.53,0.382,0.302,0.175,0.102,0.279,1.0,0.247,0.847,0.237,0.534,0.393,0.585,0.17,0.309,0.217,0.334,0.398,0.594,0.19,0.305,0.263,0.255,0.443,0.267,0.349,0.236,0.259,0.432,0.663,0.259,0.398,0.38,0.349,0.428,0.69,0.203,0.491,0.136,0.09,0.127,0.122,1.0,0.312,0.308,0.256,0.516,0.201,0.399,0.413,0.299,0.15,0.31,0.481,0.156,0.368,0.355,0.116,1.0,0.42,0.366,0.466,0.209,0.847,0.756,0.226,0.211,0.915,0.41,0.915,0.492,0.332,0.234,0.526,0.199,0.264,0.306,0.24,0.156,0.195,0.154,0.082,0.185,0.163,0.399,0.139,0.112,0.374,0.366,0.31,0.259,0.458,0.509,0.462,0.756,0.301,0.225,0.266,0.847,0.319,0.434,0.188,0.171,0.301,0.15,0.387,0.419,0.507,0.568,0.107,0.34,0.207,0.453,0.347,0.397,0.618,0.173,0.379,0.915,0.296,0.517,0.375
0.253,0.111,0.191,0.124,0.299,0.05,0.284,0.213,0.145,0.305,0.136,0.15,0.075,0.194,0.214,0.161,0.139,0.223,0.093,0.22,0.09,0.12,0.577,0.201,0.272,0.278,0.117,0.19,0.2,0.102,0.042,0.197,0.1,0.261,0.172,0.23,0.226,0.155,0.287,0.125,0.209,0.285,0.344,0.237,0.164,0.19,0.227,0.159,0.176,0.179,0.248,0.274,0.495,0.29,0.071,0.199,0.219,0.09,0.152,0.262,0.25,0.102,0.247,0.208,0.117,0.15,0.173,0.242,0.195,0.111,0.42,0.314,0.203,0.574,0.026,0.257,0.085,0.09,0.125,0.216,0.084,0.2,0.328,0.131,0.495,0.095,0.495,0.147,0.097,0.213,0.234,1.0,0.497,0.29,0.156,0.104,0.171,0.228,0.111,0.122,0.166,0.608,0.086,0.186,0.302,0.406,0.132,0.136,0.337,0.232,0.678,0.144,0.119,0.157,0.217,0.266,0.194,0.229,0.278,0.149,0.173,0.175,0.183,0.209,0.133,0.272,0.174,0.495,0.261,0.073,0.234,0.326,0.239,0.23,0.437,0.239,0.328,0.255,0.19,0.19,0.114,0.408,0.219,0.357,0.126,0.151,0.233,0.283,0.177,0.213,0.151,0.128,0.608,0.187,0.406,0.122,0.261,0.266,0.206,0.28,0.23,0.117,0.266,0.145,0.279,0.145,0.192,0.122,0.208,0.167,0.148,0.286,0.203,0.156,0.186,0.29,0.156,0.151,0.223,0.107,0.117,0.292,0.122,0.234,0.169,0.121,0.134,0.184,0.608,0.306,0.225,0.142,0.198,0.148,0.077,0.188,0.143,0.074,0.172,0.229,0.129,0.118,0.259,0.049,0.608,0.114,0.35,0.226,0.178,0.406,0.285,0.207,0.129,0.495,0.228,0.495,0.162,0.302,0.18,0.185,0.129,0.114,0.213,0.158,0.194,0.112,0.084,0.093,0.11,0.113,0.122,0.163,0.102,0.143,0.265,0.103,0.156,0.231,0.273,0.176,0.285,0.112,0.199,0.132,0.406,0.257,0.125,0.086,0.142,0.316,0.078,0.301,0.193,0.253,0.3,0.163,0.266,0.138,0.182,0.24,0.2,0.241,0.183,0.294,0.495,0.183,0.221,0.282
0.409,0.472,0.736,0.136,0.847,0.121,0.418,0.902,0.645,0.847,0.239,0.294,0.215,0.645,0.307,0.472,0.388,0.791,0.081,0.902,0.147,0.254,0.622,0.902,0.736,0.449,0.254,0.634,0.376,0.472,0.073,0.214,0.169,0.736,0.208,0.36,0.847,0.847,0.847,0.124,0.736,0.521,0.847,0.575,0.214,0.902,0.472,0.747,0.396,0.49,0.248,0.847,0.736,0.847,0.193,0.602,0.847,0.164,0.208,0.847,0.575,0.311,0.847,0.36,0.181,0.329,0.216,0.736,0.057,0.169,0.178,0.847,0.705,0.639,0.05,0.847,0.106,0.156,0.156,0.343,0.119,0.705,0.847,0.172,0.736,0.128,0.736,0.351,0.194,0.791,0.847,0.497,1.0,0.472,0.231,0.147,0.537,0.645,0.2,0.214,0.386,0.847,0.145,0.645,0.455,0.645,0.231,0.315,0.307,0.55,0.705,0.19,0.196,0.418,0.645,0.847,0.376,0.639,0.902,0.179,0.449,0.645,0.214,0.235,0.16,0.705,0.645,0.736,0.068,0.095,0.791,0.49,0.847,0.417,0.622,0.902,0.736,0.565,0.307,0.315,0.226,0.791,0.209,0.847,0.409,1.0,0.736,0.847,0.791,0.307,0.061,0.201,0.847,0.645,0.645,0.214,0.902,0.705,0.645,0.131,0.422,0.181,0.736,0.208,0.485,0.245,0.446,0.481,0.444,0.537,0.513,0.476,0.418,0.231,0.736,0.472,0.231,0.114,0.902,0.521,0.334,0.847,0.254,0.847,0.097,0.118,0.118,0.112,0.847,0.575,0.736,0.481,0.339,0.791,0.093,0.736,0.224,0.157,0.622,0.847,0.179,0.231,0.736,0.111,0.847,0.273,0.847,0.348,0.472,0.645,0.521,0.59,0.485,0.736,0.736,0.736,0.645,0.736,0.254,0.791,0.108,0.231,0.611,0.376,0.209,0.231,0.199,0.064,0.215,0.217,0.348,0.181,0.181,0.449,0.847,0.205,0.231,0.847,0.847,0.736,0.521,0.409,0.095,0.46,0.645,0.446,0.521,0.201,0.192,0.736,0.156,0.847,0.315,0.409,0.847,0.114,0.791,0.254,0.55,0.736,0.902,0.847,0.248,0.847,0.736,0.214,0.847,0.847
0.415,1.0,0.678,0.144,0.663,0.095,0.316,0.556,0.472,0.663,0.187,0.452,0.163,0.472,0.241,1.0,0.432,0.472,0.068,0.556,0.1,0.178,0.385,0.556,0.621,0.404,0.178,0.381,0.579,1.0,0.053,0.15,0.126,0.722,0.16,0.252,0.663,0.663,0.663,0.088,0.556,0.545,0.663,0.749,0.15,0.556,0.749,0.65,0.777,0.499,0.197,0.663,0.678,0.663,0.22,0.499,0.663,0.186,0.152,0.663,0.495,0.618,0.663,0.252,0.127,0.33,0.167,0.579,0.041,0.132,0.138,0.678,0.471,0.358,0.033,0.678,0.077,0.125,0.112,0.354,0.096,0.499,0.663,0.134,0.556,0.097,0.678,0.384,0.149,0.472,0.663,0.29,0.472,1.0,0.165,0.107,0.777,0.722,0.149,0.15,0.29,0.663,0.099,0.579,0.395,0.472,0.165,0.242,0.241,0.581,0.407,0.134,0.147,0.316,0.575,0.749,0.579,0.358,0.663,0.133,0.579,1.0,0.15,0.18,0.127,0.407,0.621,0.678,0.049,0.068,0.472,0.499,0.749,0.324,0.803,0.663,0.678,0.625,0.222,0.242,0.144,0.556,0.159,0.663,0.415,0.472,0.556,0.678,0.472,0.222,0.039,0.154,0.663,0.749,0.722,0.15,0.663,0.575,0.722,0.091,0.652,0.127,0.678,0.152,0.323,0.184,0.777,0.31,0.513,0.777,0.612,0.579,0.316,0.165,1.0,1.0,0.165,0.087,0.618,0.435,0.351,1.0,0.326,0.663,0.067,0.091,0.091,0.086,0.663,0.495,0.678,0.31,0.513,0.499,0.073,0.556,0.177,0.162,0.385,0.663,0.133,0.165,0.678,0.075,0.663,0.204,0.663,0.384,1.0,0.472,0.435,0.323,0.323,0.678,0.678,0.556,0.472,0.678,0.189,0.472,0.069,0.165,0.65,0.445,0.159,0.165,0.155,0.044,0.163,0.22,0.384,0.211,0.127,0.404,0.663,0.127,0.165,0.749,0.663,0.556,0.435,0.415,0.07,0.283,0.472,0.467,0.513,0.154,0.157,0.749,0.112,0.663,0.242,0.415,0.663,0.092,0.678,0.178,0.68,0.709,0.556,0.663,0.186,0.663,0.556,0.15,0.663,0.663
0.119,0.22,0.267,0.065,0.259,0.093,0.291,0.243,0.231,0.311,0.251,0.36,0.165,0.281,0.214,0.427,0.253,1.0,0.052,0.243,0.717,0.469,0.172,0.346,0.281,0.157,0.469,0.495,0.194,0.228,0.137,0.383,0.174,0.243,0.169,0.3,0.373,0.831,0.259,0.263,0.243,0.213,0.259,0.335,0.717,0.268,0.165,0.241,0.66,1.0,0.197,0.717,0.243,0.291,0.244,0.142,0.259,0.088,0.36,0.259,0.311,0.165,0.259,0.3,0.831,0.281,0.17,0.243,0.107,0.143,0.14,0.267,0.313,0.213,0.104,0.392,0.201,0.192,0.281,0.241,0.092,0.241,0.311,0.144,0.243,0.246,0.243,0.274,0.237,1.0,0.259,0.156,0.231,0.165,1.0,0.259,0.26,0.313,0.274,0.383,1.0,0.259,0.288,0.231,0.157,0.231,1.0,0.241,0.214,0.392,0.221,0.187,0.165,0.291,0.231,0.346,0.241,0.554,0.259,0.154,0.383,0.231,0.383,0.171,0.118,0.221,0.484,0.243,0.081,0.17,0.554,0.133,0.554,0.144,0.187,1.0,1.0,0.241,0.273,0.241,0.23,0.469,0.212,0.259,0.831,0.231,0.243,0.454,0.373,0.273,0.14,0.152,0.259,0.306,0.231,0.383,0.259,0.241,0.231,0.254,0.313,0.831,0.469,0.36,0.155,0.831,0.469,0.17,1.0,0.203,0.342,0.183,0.291,1.0,0.243,0.165,1.0,0.097,0.243,0.213,0.17,0.259,0.469,0.259,0.191,0.093,0.17,0.212,0.259,0.251,0.243,0.163,0.124,0.454,0.172,0.243,0.247,0.128,0.267,0.259,0.295,1.0,0.243,0.228,0.259,0.188,0.66,0.168,0.463,0.231,0.213,0.373,0.245,0.243,0.259,0.243,0.231,0.243,0.469,0.233,0.241,1.0,0.167,0.246,0.212,1.0,0.163,0.138,0.257,0.244,0.229,0.218,0.342,0.281,0.273,0.217,1.0,0.259,0.313,0.243,0.213,0.119,0.137,0.132,0.231,0.139,0.213,0.152,0.831,0.396,0.281,0.295,0.342,0.119,0.259,0.097,0.243,0.469,0.179,0.281,0.243,0.311,0.237,0.259,0.243,0.383,0.346,0.259
0.12,0.13,0.183,0.071,0.14,0.119,0.246,0.102,0.194,0.207,0.169,0.133,0.203,0.118,0.326,0.217,0.101,0.168,0.066,0.15,0.165,0.28,0.121,0.152,0.144,0.197,0.229,0.249,0.166,0.204,0.119,0.161,0.082,0.151,0.076,0.173,0.193,0.165,0.168,0.114,0.121,0.108,0.292,0.091,0.147,0.231,0.176,0.147,0.204,0.159,0.213,0.117,0.184,0.21,0.106,0.159,0.141,0.053,0.191,0.202,0.155,0.119,0.183,0.138,0.203,0.132,0.431,0.148,0.112,0.118,0.155,0.151,0.114,0.108,0.04,0.153,0.185,0.14,0.09,0.215,0.057,0.171,0.161,0.138,0.184,0.218,0.184,0.17,0.113,0.182,0.166,0.104,0.147,0.107,0.259,1.0,0.139,0.213,0.208,0.159,0.205,0.232,0.124,0.128,0.115,0.147,0.283,0.175,0.19,0.192,0.119,0.134,0.712,0.179,0.216,0.183,0.116,0.173,0.17,0.14,0.177,0.122,0.25,0.105,0.174,0.144,0.151,0.184,0.087,0.107,0.243,0.155,0.171,0.083,0.171,0.225,0.169,0.125,0.203,0.221,0.172,0.18,0.118,0.165,0.133,0.11,0.185,0.139,0.237,0.187,0.099,0.108,0.232,0.168,0.147,0.23,0.161,0.212,0.132,0.145,0.213,0.203,0.231,0.152,0.084,0.183,0.168,0.101,0.196,0.104,0.144,0.159,0.197,0.259,0.115,0.107,0.259,0.085,0.135,0.087,0.165,0.163,0.187,0.197,0.105,0.106,0.133,0.104,0.232,0.14,0.136,0.141,0.068,0.111,0.071,0.121,0.129,0.16,0.11,0.17,0.114,0.166,0.116,0.214,0.232,0.073,0.168,0.129,0.221,0.147,0.108,0.159,0.186,0.184,0.153,0.184,0.103,0.134,0.185,0.103,0.13,0.137,0.111,0.184,0.101,0.169,0.189,0.144,0.197,0.111,0.092,0.101,0.112,0.113,0.185,0.102,0.259,0.122,0.255,0.107,0.108,0.067,0.223,0.071,0.147,0.116,0.088,0.139,0.136,0.209,0.235,0.167,0.17,0.12,0.249,0.251,0.174,0.269,0.147,0.143,0.131,0.18,0.126,0.177,0.184,0.25,0.156,0.159
0.497,0.272,0.43,0.273,0.338,0.125,0.528,0.303,0.273,0.384,0.259,0.225,0.214,0.296,0.394,0.382,0.266,0.292,0.218,0.254,0.177,0.185,0.442,0.35,0.37,0.393,0.17,0.212,0.219,0.259,0.106,0.167,0.163,0.373,0.154,0.277,0.322,0.317,0.32,0.109,0.32,0.515,0.284,0.313,0.165,0.316,0.322,0.32,0.412,0.265,0.206,0.268,0.615,0.347,0.134,0.202,0.387,0.119,0.226,0.32,0.294,0.202,0.287,0.134,0.21,0.307,0.344,0.313,0.206,0.2,0.25,0.317,0.337,0.433,0.042,0.309,0.089,0.183,0.152,0.311,0.26,0.343,0.372,0.242,0.75,0.149,0.615,0.303,0.159,0.228,0.315,0.171,0.537,0.777,0.26,0.139,1.0,0.348,0.244,0.17,0.244,0.714,0.151,0.372,0.455,0.653,0.164,0.22,0.182,0.351,0.477,0.11,0.283,0.304,0.291,0.351,0.296,0.3,0.324,0.149,0.339,0.313,0.329,0.177,0.268,0.212,0.368,0.615,0.097,0.344,0.282,0.579,0.304,0.184,0.888,0.322,0.333,0.372,0.165,0.195,0.176,0.351,0.147,0.28,0.215,0.298,0.326,0.364,0.269,0.188,0.107,0.787,0.714,0.369,0.594,0.174,0.311,0.333,0.287,0.157,0.241,0.21,0.284,0.204,0.394,0.324,0.331,0.208,0.331,0.576,0.317,0.311,0.259,0.26,0.435,0.777,0.26,0.175,0.363,0.232,0.229,0.409,0.25,0.308,0.133,0.11,0.165,0.102,0.714,0.276,0.279,0.239,0.484,0.325,0.149,0.3,0.207,0.17,0.188,0.288,0.128,0.197,0.274,0.108,0.714,0.167,0.348,0.438,0.278,0.653,0.433,0.291,0.258,0.615,0.327,0.75,0.318,0.249,0.278,0.336,0.13,0.258,0.277,0.304,0.181,0.174,0.19,0.085,0.214,0.201,0.231,0.231,0.132,0.244,0.313,0.158,0.26,0.313,0.31,0.286,0.433,0.196,0.194,0.169,0.653,0.275,0.208,0.325,0.173,0.323,0.147,0.275,0.207,0.497,0.322,0.189,0.421,0.201,0.298,0.318,0.271,0.353,0.143,0.314,0.75,0.329,0.373,0.332
0.348,0.359,0.35,0.147,0.333,0.222,1.0,0.287,0.287,0.46,0.261,0.288,0.325,0.28,0.439,0.45,0.22,0.346,0.153,0.305,0.198,0.201,0.507,0.33,0.496,0.548,0.228,0.384,0.258,0.347,0.189,0.174,0.15,0.539,0.195,0.36,0.487,0.337,0.393,0.123,0.345,0.808,0.369,0.345,0.227,0.289,0.316,0.429,0.376,0.444,0.218,0.294,0.902,0.443,0.161,0.195,0.381,0.126,0.278,0.564,0.322,0.305,0.348,0.169,0.244,0.218,0.341,0.431,0.111,0.189,0.538,0.395,0.293,0.521,0.042,0.391,0.136,0.237,0.173,0.31,0.119,0.313,0.335,0.257,0.736,0.182,0.902,0.349,0.128,0.357,0.367,0.228,0.645,0.722,0.313,0.213,0.348,1.0,0.28,0.176,0.396,0.847,0.227,0.368,0.455,0.645,0.296,0.27,0.245,0.267,0.575,0.145,0.304,0.352,0.346,0.41,0.314,0.432,0.378,0.115,0.281,0.345,0.329,0.262,0.31,0.318,0.36,0.902,0.128,0.221,0.374,0.421,0.343,0.173,0.649,0.407,0.497,0.306,0.191,0.285,0.291,0.479,0.128,0.338,0.207,0.251,0.329,0.396,0.454,0.252,0.09,0.302,0.847,0.361,1.0,0.253,0.362,0.385,0.369,0.173,0.304,0.244,0.41,0.222,0.397,0.408,0.507,0.183,0.372,0.32,0.358,0.323,0.292,0.313,0.426,0.722,0.313,0.185,0.405,0.235,0.21,0.432,0.292,0.363,0.511,0.089,0.123,0.101,0.847,0.337,0.324,0.181,0.647,0.322,0.109,0.299,0.219,0.137,0.217,0.354,0.131,0.227,0.315,0.228,0.847,0.159,0.481,0.348,0.423,0.645,0.639,0.42,0.277,0.902,0.333,0.736,0.292,0.314,0.351,0.307,0.164,0.212,0.279,0.403,0.127,0.197,0.266,0.107,0.322,0.178,0.197,0.17,0.183,0.274,0.345,0.205,0.313,0.396,0.41,0.28,0.639,0.214,0.389,0.157,0.645,0.267,0.285,0.246,0.264,0.352,0.268,0.334,0.299,0.348,0.388,0.183,0.35,0.24,0.274,0.35,0.293,0.392,0.144,0.378,0.736,0.329,0.392,0.376
0.109,0.154,0.145,0.075,0.143,0.115,0.31,0.15,0.179,0.22,0.319,0.312,0.162,0.214,0.305,0.165,0.122,0.185,0.062,0.158,0.169,0.181,0.162,0.158,0.211,0.135,0.251,0.193,0.192,0.166,0.113,0.205,0.181,0.151,0.11,0.176,0.273,0.158,0.208,0.147,0.145,0.149,0.212,0.117,0.19,0.148,0.119,0.139,0.197,0.209,0.148,0.135,0.237,0.174,0.104,0.105,0.156,0.123,0.303,0.285,0.43,0.12,0.213,0.134,0.208,0.197,0.253,0.155,0.162,0.177,0.132,0.191,0.113,0.149,0.05,0.221,0.127,0.237,0.254,0.175,0.06,0.128,0.237,0.669,0.237,0.251,0.237,0.452,0.104,0.218,0.261,0.111,0.2,0.149,0.274,0.208,0.244,0.28,1.0,0.198,0.206,0.284,0.143,0.184,0.152,0.2,0.231,0.214,0.164,0.17,0.171,0.132,0.14,0.34,0.183,0.204,0.154,0.162,0.249,0.103,0.179,0.141,0.296,0.127,0.15,0.127,0.138,0.237,0.045,0.113,0.168,0.133,0.19,0.112,0.213,0.245,0.174,0.114,0.16,0.159,0.325,0.203,0.136,0.178,0.159,0.126,0.209,0.14,0.253,0.173,0.082,0.704,0.284,0.133,0.2,0.234,0.176,0.149,0.151,0.209,0.153,0.208,0.293,0.469,0.121,0.17,0.19,0.097,0.17,0.261,0.223,0.171,0.195,0.274,0.137,0.149,0.274,0.147,0.141,0.107,0.151,0.187,0.302,0.219,0.153,0.075,0.11,0.12,0.284,0.22,0.139,0.105,0.102,0.121,0.169,0.142,0.636,0.081,0.131,0.178,0.161,0.281,0.152,0.187,0.284,0.149,0.243,0.172,0.176,0.2,0.149,0.169,0.15,0.237,0.173,0.237,0.205,0.153,0.268,0.173,0.16,0.316,0.106,0.219,0.122,0.213,0.143,0.11,0.188,0.108,0.147,0.147,0.134,0.189,0.153,0.116,0.274,0.152,0.173,0.156,0.149,0.078,0.306,0.082,0.2,0.128,0.112,0.29,0.153,0.197,0.231,0.181,0.216,0.109,0.183,0.106,0.145,0.227,0.132,0.259,0.145,0.353,0.151,0.161,0.237,0.296,0.186,0.193
0.101,0.164,0.157,0.132,0.2,0.068,0.265,0.237,0.226,0.205,0.181,0.186,0.136,0.224,0.177,0.171,0.185,0.229,0.102,0.31,0.301,0.281,0.148,0.169,0.154,0.157,0.328,0.171,0.133,0.183,0.158,0.499,0.265,0.163,0.121,0.308,0.178,0.223,0.186,0.211,0.261,0.221,0.162,0.153,0.477,0.167,0.107,0.137,0.169,0.195,0.152,0.204,0.209,0.21,0.158,0.118,0.183,0.155,0.17,0.171,0.185,0.135,0.158,0.236,0.334,0.161,0.145,0.233,0.094,0.253,0.123,0.151,0.191,0.221,0.219,0.153,0.228,0.117,0.203,0.14,0.214,0.153,0.166,0.119,0.209,0.181,0.209,0.16,0.139,0.293,0.235,0.122,0.214,0.15,0.383,0.159,0.17,0.176,0.198,1.0,0.179,0.204,0.215,0.205,0.134,0.214,0.274,0.147,0.175,0.137,0.218,0.168,0.15,0.193,0.147,0.236,0.151,0.165,0.168,0.306,0.405,0.183,1.0,0.123,0.108,0.158,0.215,0.209,0.208,0.383,0.164,0.108,0.16,0.13,0.151,0.234,0.185,0.12,0.214,0.155,0.184,0.206,0.174,0.171,0.278,0.301,0.251,0.174,0.295,0.146,0.145,0.135,0.204,0.159,0.214,0.632,0.252,0.219,0.199,0.243,0.176,0.334,0.234,0.222,0.147,0.177,0.171,0.266,0.176,0.163,0.184,0.123,0.174,0.383,0.165,0.15,0.383,0.088,0.155,0.197,0.171,0.2,0.2,0.168,0.181,0.119,0.261,0.159,0.204,0.165,0.14,0.169,0.112,0.183,0.167,0.171,0.162,0.137,0.209,0.163,0.298,0.238,0.158,0.171,0.204,0.227,0.204,0.154,0.18,0.214,0.221,0.172,0.143,0.209,0.248,0.209,0.275,0.199,0.215,0.202,0.166,0.263,0.121,0.217,0.224,0.321,0.2,0.114,0.171,0.197,0.176,0.152,0.162,0.185,0.175,0.249,0.383,0.155,0.197,0.284,0.221,0.09,0.126,0.155,0.214,0.117,0.168,0.102,0.217,0.189,0.187,0.239,0.211,0.101,0.182,0.104,0.154,0.301,0.147,0.2,0.3,0.21,0.205,0.256,0.209,1.0,0.227,0.181
0.227,0.314,0.204,0.238,0.221,0.133,0.394,0.225,0.282,0.319,0.234,0.221,0.216,0.318,0.289,0.396,0.174,0.36,0.13,0.189,0.717,0.25,0.441,0.256,0.385,0.359,0.208,0.249,0.169,0.227,0.154,0.176,0.312,0.357,0.129,0.3,0.429,0.307,0.248,0.114,0.213,0.286,0.236,0.217,0.23,0.227,0.176,0.274,0.305,0.41,0.236,0.278,0.462,0.321,0.137,0.121,0.23,0.147,0.259,0.334,0.233,0.152,0.242,0.128,0.831,0.291,0.322,0.207,0.107,0.218,0.277,0.274,0.245,0.286,0.046,0.351,0.129,0.17,0.207,0.229,0.092,0.223,0.272,0.194,0.567,0.194,0.462,0.249,0.133,0.353,0.307,0.166,0.386,0.29,1.0,0.205,0.244,0.396,0.206,0.179,1.0,0.56,0.173,0.172,0.3,0.473,0.321,0.208,0.178,0.251,0.328,0.114,0.762,0.231,0.233,0.248,0.182,0.312,0.308,0.085,0.217,0.197,0.383,0.149,0.289,0.153,0.299,0.462,0.153,0.362,0.281,0.278,0.269,0.166,0.417,0.372,0.374,0.246,0.149,0.19,0.214,0.358,0.129,0.218,0.292,0.176,0.23,0.312,0.324,0.179,0.14,0.185,0.56,0.264,0.386,0.277,0.231,0.298,0.181,0.254,0.201,0.831,0.247,0.224,0.236,0.283,0.328,0.118,0.334,0.205,0.442,0.214,0.214,1.0,0.301,0.29,1.0,0.503,0.219,0.145,0.221,0.262,0.227,0.23,0.191,0.071,0.129,0.102,0.56,0.243,0.174,0.114,0.21,0.274,0.173,0.212,0.23,0.144,0.16,0.22,0.123,0.323,0.184,0.195,0.56,0.264,0.332,0.221,0.318,0.473,0.286,0.381,0.184,0.462,0.228,0.567,0.296,0.194,0.353,0.287,0.17,0.269,0.156,0.354,0.142,0.27,0.257,0.09,0.286,0.148,0.221,0.151,0.178,0.301,0.216,0.217,1.0,0.304,0.299,0.276,0.286,0.11,0.198,0.107,0.473,0.231,0.135,0.17,0.31,0.24,0.199,0.223,0.319,0.227,0.254,0.128,0.223,0.246,0.17,0.275,0.184,0.245,0.13,0.237,0.567,0.383,0.34,0.318
0.507,0.663,0.915,0.185,1.0,0.184,0.49,0.915,0.847,1.0,0.312,0.453,0.296,0.847,0.378,0.663,0.453,0.847,0.113,0.915,0.188,0.28,0.686,0.915,0.915,0.635,0.28,0.721,0.545,0.663,0.106,0.204,0.188,0.915,0.273,0.44,1.0,1.0,1.0,0.168,0.915,0.756,1.0,0.795,0.204,0.915,0.663,0.69,0.597,0.567,0.318,1.0,0.915,1.0,0.239,0.567,1.0,0.238,0.237,1.0,0.795,0.494,1.0,0.44,0.217,0.42,0.293,0.915,0.086,0.239,0.25,1.0,0.795,0.756,0.068,1.0,0.134,0.218,0.191,0.432,0.145,0.795,1.0,0.243,0.915,0.167,0.915,0.438,0.256,0.847,1.0,0.608,0.847,0.663,0.259,0.232,0.714,0.847,0.284,0.204,0.56,1.0,0.185,0.847,0.62,0.847,0.259,0.392,0.378,0.707,0.795,0.272,0.279,0.49,0.847,1.0,0.545,0.756,1.0,0.205,0.635,0.847,0.204,0.313,0.224,0.795,0.847,0.915,0.098,0.106,0.847,0.567,1.0,0.575,0.782,1.0,0.915,0.662,0.383,0.392,0.327,0.915,0.276,1.0,0.507,0.847,0.915,1.0,0.847,0.383,0.102,0.279,1.0,0.847,0.847,0.204,1.0,0.847,0.847,0.17,0.625,0.217,0.915,0.264,0.594,0.33,0.597,0.608,0.535,0.714,0.706,0.62,0.49,0.259,0.915,0.663,0.259,0.181,0.915,0.756,0.453,1.0,0.303,1.0,0.136,0.182,0.182,0.153,1.0,0.795,0.915,0.608,0.516,0.847,0.143,0.915,0.294,0.229,0.686,1.0,0.205,0.259,0.915,0.153,1.0,0.357,1.0,0.466,0.663,0.847,0.756,0.727,0.594,0.915,0.915,0.915,0.847,0.915,0.332,0.847,0.155,0.259,0.69,0.545,0.276,0.259,0.272,0.102,0.296,0.239,0.466,0.231,0.217,0.635,1.0,0.31,0.259,1.0,1.0,0.915,0.756,0.507,0.14,0.546,0.847,0.53,0.756,0.279,0.251,0.915,0.191,1.0,0.392,0.507,1.0,0.18,0.915,0.28,0.722,0.915,0.915,1.0,0.318,1.0,0.915,0.204,1.0,1.0
0.072,0.149,0.116,0.041,0.162,0.193,0.193,0.116,0.14,0.182,0.12,0.153,0.223,0.121,0.167,0.193,0.082,0.21,0.152,0.123,0.183,0.156,0.109,0.152,0.113,0.094,0.312,0.22,0.099,0.156,0.383,0.183,0.086,0.161,0.168,0.191,0.161,0.216,0.141,0.112,0.152,0.119,0.127,0.147,0.231,0.096,0.096,0.283,0.223,0.209,0.101,0.122,0.163,0.193,0.119,0.064,0.186,0.065,0.159,0.226,0.144,0.199,0.121,0.099,0.225,0.114,0.139,0.112,0.063,0.132,0.271,0.113,0.191,0.119,0.05,0.114,0.16,0.193,0.111,0.182,0.062,0.088,0.123,0.092,0.163,0.158,0.163,0.166,0.102,0.253,0.129,0.086,0.145,0.099,0.288,0.124,0.151,0.227,0.143,0.215,0.173,0.185,1.0,0.124,0.103,0.145,0.264,0.118,0.104,0.086,0.13,0.137,0.099,0.44,0.203,0.154,0.083,0.173,0.126,0.075,0.16,0.118,0.291,0.172,0.11,0.143,0.187,0.163,0.043,0.369,0.198,0.085,0.118,0.096,0.127,0.246,0.171,0.084,0.106,0.168,0.201,0.187,0.103,0.122,0.134,0.162,0.122,0.113,0.316,0.108,0.071,0.091,0.185,0.131,0.145,0.249,0.132,0.118,0.11,0.158,0.101,0.225,0.16,0.17,0.09,0.229,0.188,0.088,0.17,0.15,0.129,0.102,0.113,0.288,0.174,0.099,0.288,0.058,0.149,0.161,0.074,0.132,0.191,0.147,0.81,0.092,0.223,0.083,0.185,0.132,0.075,0.081,0.071,0.192,0.098,0.132,0.119,0.054,0.1,0.12,0.117,0.166,0.097,0.27,0.185,0.085,0.149,0.103,0.244,0.145,0.119,0.227,0.076,0.163,0.111,0.163,0.162,0.119,0.209,0.12,0.166,0.187,0.126,0.239,0.128,0.27,0.347,0.156,0.315,0.116,0.083,0.118,0.283,0.113,0.105,0.113,0.288,0.098,0.124,0.148,0.119,0.067,0.099,0.06,0.145,0.068,0.077,0.15,0.201,0.126,0.331,0.13,0.189,0.072,0.125,0.078,0.099,0.252,0.088,0.13,0.106,0.144,0.106,0.139,0.163,0.291,0.216,0.114
0.348,0.228,0.363,0.162,0.349,0.071,0.418,0.363,0.256,0.405,0.118,0.214,0.137,0.241,0.307,0.328,0.212,0.289,0.294,0.335,0.147,0.215,0.507,0.381,0.406,0.548,0.14,0.203,0.199,0.221,0.078,0.199,0.097,0.431,0.13,0.36,0.257,0.282,0.306,0.123,0.456,0.639,0.315,0.331,0.175,0.269,0.397,0.26,0.315,0.252,0.194,0.247,0.902,0.383,0.131,0.201,0.418,0.116,0.177,0.306,0.341,0.189,0.325,0.233,0.181,0.178,0.216,0.506,0.168,0.167,0.189,0.392,0.393,0.521,0.066,0.322,0.073,0.088,0.081,0.231,0.664,0.383,0.343,0.618,0.736,0.123,0.902,0.184,0.113,0.231,0.301,0.186,0.645,0.579,0.231,0.128,0.372,0.368,0.184,0.205,0.172,0.847,0.124,1.0,0.455,0.645,0.154,0.167,0.156,0.269,0.575,0.108,0.198,0.202,0.326,0.409,0.507,0.343,0.353,0.316,0.361,0.337,0.329,0.251,0.163,0.351,0.372,0.902,0.123,0.398,0.284,0.412,0.319,0.229,0.649,0.331,0.384,0.312,0.202,0.168,0.154,0.35,0.159,0.311,0.169,0.29,0.35,0.41,0.266,0.231,0.089,0.201,0.847,0.369,0.791,0.188,0.404,0.459,0.38,0.191,0.32,0.181,0.445,0.128,0.397,0.213,0.259,0.229,0.294,0.319,0.201,0.314,0.206,0.231,0.54,0.579,0.231,0.122,0.355,0.31,0.183,0.452,0.147,0.327,0.097,0.112,0.198,0.096,0.847,0.269,0.431,0.191,0.647,0.388,0.077,0.338,0.131,0.199,0.205,0.322,0.22,0.12,0.312,0.065,0.847,0.144,0.37,0.348,0.246,0.645,0.639,0.232,0.226,0.902,0.345,0.736,0.297,0.305,0.163,0.313,0.091,0.41,0.267,0.205,0.165,0.19,0.171,0.059,0.116,0.218,0.194,0.275,0.111,0.166,0.418,0.205,0.231,0.339,0.427,0.294,0.639,0.238,0.095,0.297,0.645,0.309,0.309,0.101,0.14,0.428,0.093,0.318,0.173,0.348,0.411,0.183,0.463,0.17,0.279,0.218,0.495,0.347,0.154,0.43,0.736,0.329,0.416,0.306
0.307,0.395,0.527,0.135,0.62,0.102,0.291,0.527,0.455,0.62,0.185,0.312,0.164,0.455,0.23,0.395,0.548,0.455,0.069,0.527,0.105,0.167,0.383,0.527,0.527,0.339,0.167,0.38,0.327,0.395,0.062,0.134,0.116,0.527,0.162,0.245,0.62,0.62,0.62,0.094,0.527,0.361,0.62,0.401,0.218,0.814,0.395,0.442,0.319,0.436,0.194,0.62,0.527,0.62,0.716,0.363,0.62,0.163,0.16,0.62,0.401,0.269,0.62,0.245,0.126,0.316,0.202,0.527,0.05,0.167,0.142,0.814,0.401,0.361,0.041,0.814,0.077,0.13,0.114,0.267,0.226,0.436,0.62,0.164,0.527,0.101,0.527,0.338,0.145,0.455,0.62,0.302,0.455,0.395,0.157,0.115,0.455,0.455,0.152,0.134,0.3,0.62,0.103,0.455,1.0,0.455,0.157,0.281,0.23,0.426,0.401,0.14,0.15,0.291,0.455,0.62,0.39,0.361,0.62,0.123,0.339,0.455,0.134,0.179,0.167,0.401,0.455,0.527,0.054,0.07,0.455,0.363,0.62,0.33,0.535,0.62,0.604,0.627,0.213,0.23,0.157,0.841,0.161,0.62,0.307,0.455,0.527,0.62,0.455,0.213,0.051,0.156,0.62,0.455,0.455,0.134,0.62,0.455,0.455,0.097,0.39,0.126,0.527,0.147,0.841,0.182,0.411,0.814,0.344,0.455,0.423,0.381,0.291,0.157,0.527,0.395,0.157,0.096,0.527,0.361,0.253,0.62,0.197,0.62,0.076,0.099,0.099,0.091,0.62,0.401,0.527,0.814,0.348,0.455,0.073,0.527,0.176,0.232,0.383,0.62,0.123,0.157,0.527,0.083,0.62,0.205,0.62,0.263,0.395,0.455,0.361,0.331,0.841,0.527,0.527,0.527,0.455,0.527,0.218,0.455,0.079,0.157,0.442,0.327,0.161,0.157,0.157,0.054,0.164,0.716,0.263,0.192,0.126,0.339,0.62,0.143,0.157,0.62,0.62,0.527,0.361,0.367,0.077,0.362,0.455,0.389,0.361,0.156,0.244,0.527,0.114,0.62,0.281,0.307,0.62,0.11,0.527,0.167,0.467,0.527,0.527,0.62,0.183,0.62,0.527,0.134,0.62,0.62
0.348,0.472,0.736,0.136,0.847,0.121,0.418,0.902,0.791,0.847,0.239,0.294,0.215,1.0,0.307,0.472,0.331,0.645,0.081,0.736,0.147,0.254,0.507,0.736,0.902,0.449,0.254,0.522,0.376,0.472,0.073,0.214,0.169,1.0,0.208,0.36,0.847,0.847,0.847,0.124,0.902,0.521,0.847,0.575,0.214,0.736,0.472,0.516,0.396,0.412,0.248,0.847,0.736,0.847,0.193,0.412,0.847,0.164,0.208,0.847,0.575,0.311,0.847,0.36,0.181,0.329,0.216,0.902,0.057,0.169,0.178,0.847,0.575,0.521,0.05,0.847,0.106,0.156,0.156,0.315,0.119,0.575,0.847,0.172,0.902,0.128,0.736,0.301,0.194,0.645,0.847,0.406,0.645,0.472,0.231,0.147,0.653,0.645,0.2,0.214,0.473,0.847,0.145,0.645,0.455,1.0,0.231,0.315,0.307,0.55,0.575,0.19,0.196,0.418,0.645,0.847,0.376,0.521,0.847,0.179,0.449,0.645,0.214,0.235,0.16,0.575,0.645,0.736,0.068,0.095,0.645,0.412,0.847,0.417,0.622,0.847,0.736,0.493,0.307,0.315,0.226,0.902,0.209,0.847,0.348,0.645,0.902,0.847,0.645,0.307,0.061,0.201,0.847,0.791,0.645,0.214,0.847,0.645,0.645,0.131,0.422,0.181,0.736,0.208,0.397,0.245,0.386,0.393,0.418,0.653,0.513,0.476,0.418,0.231,0.902,0.472,0.231,0.114,0.736,0.521,0.334,0.902,0.254,0.847,0.097,0.118,0.118,0.112,0.847,0.575,0.736,0.393,0.339,0.645,0.093,0.902,0.224,0.157,0.507,0.847,0.179,0.231,0.736,0.111,0.847,0.273,0.847,0.348,0.472,1.0,0.521,0.482,0.397,0.736,0.791,0.902,1.0,0.736,0.254,0.645,0.108,0.231,0.516,0.46,0.209,0.231,0.199,0.064,0.215,0.217,0.348,0.181,0.181,0.449,0.847,0.205,0.231,0.847,0.847,0.902,0.521,0.348,0.095,0.375,1.0,0.383,0.521,0.201,0.192,0.736,0.156,0.847,0.315,0.348,0.847,0.114,0.736,0.254,0.55,0.902,0.736,0.847,0.248,0.847,0.902,0.214,0.847,0.847
0.119,0.175,0.146,0.065,0.223,0.096,0.291,0.145,0.242,0.245,0.184,0.223,0.164,0.186,0.263,0.319,0.149,0.519,0.224,0.163,0.717,0.248,0.172,0.2,0.176,0.157,0.322,0.533,0.134,0.321,0.17,0.26,0.119,0.238,0.215,0.3,0.214,0.386,0.207,0.164,0.227,0.213,0.185,0.253,0.485,0.148,0.13,0.259,0.301,0.379,0.157,0.25,0.243,0.213,0.161,0.089,0.209,0.06,0.238,0.394,0.204,0.229,0.166,0.164,0.837,0.151,0.334,0.159,0.107,0.127,0.538,0.168,0.244,0.213,0.069,0.215,0.157,0.162,0.167,0.223,0.092,0.12,0.207,0.144,0.243,0.21,0.243,0.209,0.129,0.666,0.18,0.132,0.231,0.165,1.0,0.283,0.164,0.296,0.231,0.274,0.321,0.259,0.264,0.154,0.157,0.231,1.0,0.157,0.169,0.151,0.221,0.162,0.165,0.312,0.219,0.222,0.13,0.314,0.189,0.103,0.239,0.221,0.383,0.223,0.237,0.138,0.254,0.243,0.081,0.831,0.445,0.133,0.195,0.113,0.187,0.509,0.338,0.128,0.17,0.231,0.217,0.316,0.145,0.172,0.463,0.184,0.166,0.18,0.365,0.156,0.14,0.152,0.259,0.21,0.231,0.291,0.184,0.169,0.155,0.254,0.167,0.837,0.25,0.238,0.155,0.505,0.278,0.119,0.376,0.166,0.185,0.16,0.175,1.0,0.194,0.165,1.0,0.097,0.178,0.167,0.109,0.189,0.239,0.17,0.511,0.08,0.258,0.121,0.259,0.179,0.122,0.087,0.124,0.301,0.113,0.192,0.167,0.075,0.151,0.167,0.176,0.504,0.15,0.202,0.259,0.116,0.273,0.168,0.385,0.231,0.213,0.306,0.136,0.243,0.166,0.243,0.188,0.165,0.252,0.171,0.171,0.435,0.176,0.277,0.141,0.622,0.185,0.132,0.212,0.163,0.131,0.143,0.21,0.163,0.159,0.217,1.0,0.154,0.187,0.239,0.213,0.09,0.159,0.081,0.231,0.089,0.117,0.121,0.512,0.214,0.236,0.185,0.211,0.119,0.18,0.127,0.142,0.296,0.119,0.183,0.152,0.201,0.155,0.209,0.243,0.383,0.246,0.217
0.177,0.163,0.185,0.114,0.198,0.237,0.447,0.17,0.172,0.244,0.2,0.172,0.204,0.163,0.339,0.21,0.186,0.264,0.094,0.221,0.164,0.161,0.251,0.173,0.236,0.222,0.186,0.18,0.152,0.163,0.111,0.137,0.111,0.208,0.158,0.171,0.232,0.166,0.235,0.112,0.191,0.268,0.226,0.215,0.168,0.239,0.167,0.172,0.263,0.2,0.205,0.16,0.349,0.224,0.154,0.133,0.223,0.13,0.196,0.278,0.185,0.134,0.258,0.098,0.196,0.156,0.404,0.236,0.069,0.215,0.208,0.254,0.147,0.268,0.044,0.192,0.098,0.321,0.101,0.224,0.059,0.229,0.19,0.321,0.349,0.126,0.349,0.161,0.096,0.21,0.231,0.136,0.315,0.242,0.241,0.175,0.22,0.27,0.214,0.147,0.208,0.392,0.118,0.167,0.281,0.315,0.157,1.0,0.19,0.177,0.288,0.094,0.231,0.293,0.247,0.27,0.309,0.215,0.311,0.098,0.173,0.214,0.207,0.174,0.377,0.192,0.153,0.349,0.081,0.099,0.224,0.203,0.219,0.113,0.303,0.278,0.213,0.161,0.161,0.238,0.132,0.258,0.11,0.23,0.155,0.159,0.258,0.211,0.204,0.203,0.079,0.353,0.392,0.177,0.315,0.188,0.245,0.254,0.24,0.148,0.189,0.196,0.264,0.178,0.258,0.171,0.216,0.137,0.21,0.166,0.163,0.169,0.303,0.241,0.217,0.242,0.241,0.143,0.199,0.156,0.195,0.288,0.443,0.401,0.113,0.079,0.097,0.103,0.392,0.174,0.181,0.152,0.283,0.157,0.09,0.192,0.213,0.196,0.155,0.273,0.112,0.144,0.18,0.177,0.392,0.105,0.24,0.264,0.14,0.315,0.268,0.207,0.185,0.349,0.2,0.349,0.149,0.189,0.468,0.186,0.116,0.143,0.166,0.208,0.104,0.171,0.17,0.08,0.204,0.148,0.133,0.126,0.138,0.154,0.196,0.113,0.241,0.24,0.257,0.159,0.268,0.19,0.114,0.12,0.315,0.177,0.198,0.392,0.156,0.179,0.237,0.22,0.281,0.177,0.268,0.128,0.177,0.18,0.212,0.164,0.195,0.268,0.112,0.219,0.349,0.207,0.224,0.214
0.18,0.117,0.21,0.123,0.22,0.127,0.425,0.149,0.14,0.233,0.176,0.132,0.173,0.134,1.0,0.207,0.192,0.188,0.103,0.166,0.146,0.142,0.25,0.214,0.208,0.223,0.17,0.173,0.319,0.155,0.091,0.293,0.092,0.205,0.094,0.153,0.23,0.153,0.185,0.192,0.166,0.264,0.31,0.152,0.167,0.203,0.177,0.153,0.24,0.165,0.42,0.288,0.339,0.279,0.095,0.208,0.181,0.07,0.209,0.209,0.3,0.129,0.178,0.206,0.174,0.139,0.449,0.192,0.183,0.152,0.21,0.218,0.173,0.264,0.05,0.197,0.096,0.143,0.091,0.2,0.073,0.173,0.335,0.204,0.339,0.128,0.339,0.185,0.152,0.176,0.164,0.337,0.307,0.241,0.214,0.19,0.182,0.245,0.164,0.175,0.178,0.378,0.104,0.156,0.23,0.307,0.169,0.19,1.0,0.229,0.283,0.19,0.231,0.164,0.281,0.207,0.184,0.224,0.207,0.166,0.191,0.161,0.317,0.143,0.31,0.182,0.154,0.339,0.082,0.136,0.189,0.205,0.218,0.277,0.297,0.218,0.218,0.177,0.225,0.168,0.14,0.271,0.319,0.529,0.135,0.134,0.239,0.202,0.182,0.243,0.269,0.233,0.378,0.175,0.307,0.205,0.197,0.204,0.181,0.356,0.222,0.174,0.269,0.152,0.211,0.188,0.208,0.127,0.197,0.127,0.198,0.219,0.288,0.214,0.175,0.241,0.214,0.148,0.191,0.116,0.126,0.231,0.185,0.194,0.103,0.139,0.158,0.32,0.378,0.363,0.18,0.154,0.181,0.146,0.08,0.154,0.141,0.094,0.119,0.179,0.207,0.135,0.275,0.134,0.378,0.096,0.28,0.262,0.158,0.307,0.264,0.191,0.153,0.339,0.218,0.339,0.127,0.524,0.195,0.154,0.206,0.128,0.136,0.23,0.252,0.148,0.133,0.19,0.192,0.121,0.106,0.265,0.147,0.127,0.174,0.101,0.214,0.177,0.213,0.138,0.264,0.091,0.211,0.091,0.307,0.154,0.127,0.159,0.127,0.188,0.156,0.318,0.22,0.18,0.236,0.228,0.221,0.199,0.149,0.199,0.148,0.183,0.368,0.216,0.339,0.317,0.178,0.198
0.532,0.182,0.463,1.0,0.292,0.085,0.362,0.258,0.194,0.33,0.142,0.153,0.131,0.216,0.28,0.274,0.217,0.285,0.21,0.216,0.355,0.189,0.636,0.422,0.341,0.418,0.13,0.172,0.321,0.187,0.058,0.165,0.122,0.339,0.127,0.285,0.365,0.329,0.27,0.124,0.249,0.46,0.317,0.247,0.148,0.378,0.348,0.245,0.274,0.237,0.229,0.359,0.619,0.383,0.136,0.204,0.287,0.106,0.268,0.24,0.29,0.151,0.258,0.153,0.449,0.253,0.205,0.256,0.317,0.16,0.23,0.371,0.344,0.46,0.05,0.369,0.077,0.096,0.107,0.427,0.257,0.334,0.313,0.44,0.619,0.113,0.619,0.233,0.189,0.217,0.256,0.232,0.55,0.581,0.392,0.192,0.351,0.267,0.17,0.137,0.251,0.707,0.086,0.269,0.426,0.55,0.151,0.177,0.229,1.0,0.498,0.137,0.712,0.199,0.382,0.276,0.276,0.26,0.279,0.267,0.282,0.222,0.334,0.166,0.216,0.201,0.281,0.619,0.146,0.342,0.254,0.649,0.38,0.277,0.806,0.288,0.344,0.438,0.235,0.202,0.116,0.302,0.185,0.272,0.21,0.188,0.309,0.41,0.202,0.255,0.202,0.196,0.707,0.404,0.55,0.134,0.264,0.399,0.207,0.555,0.238,0.449,0.272,0.126,0.379,0.208,0.261,0.189,0.342,0.204,0.294,0.383,0.258,0.392,0.259,0.581,0.392,0.183,0.245,0.151,0.2,0.293,0.163,0.251,0.146,0.235,0.255,0.184,0.707,0.295,0.372,0.235,0.403,0.373,0.084,0.246,0.147,0.159,0.172,0.25,0.2,0.144,0.259,0.061,0.707,0.129,0.31,0.394,0.22,0.55,0.46,0.21,0.275,0.619,0.396,0.619,0.211,0.268,0.174,0.223,0.132,0.154,0.221,0.252,0.187,0.134,0.171,0.104,0.136,0.203,0.159,0.319,0.186,0.188,0.328,0.181,0.392,0.269,0.299,0.227,0.46,0.142,0.285,0.14,0.55,0.316,0.163,0.109,0.207,0.34,0.085,0.271,0.201,0.532,0.299,0.242,0.396,0.202,0.248,0.321,0.238,0.261,0.204,0.357,0.619,0.334,0.282,0.358
0.344,0.407,0.674,0.12,0.881,0.101,0.392,1.0,0.575,0.881,0.214,0.242,0.187,0.575,0.283,0.407,0.34,0.705,0.071,0.826,0.133,0.244,0.549,0.826,0.674,0.386,0.244,0.549,0.321,0.407,0.062,0.218,0.162,0.881,0.187,0.331,0.795,0.795,0.795,0.11,0.674,0.438,0.795,0.497,0.218,0.826,0.407,0.539,0.37,0.428,0.225,0.795,0.674,1.0,0.177,0.428,0.795,0.14,0.198,0.795,0.497,0.25,0.795,0.331,0.168,0.299,0.191,0.674,0.047,0.145,0.154,0.795,0.77,0.881,0.043,0.795,0.095,0.136,0.143,0.346,0.111,0.61,0.795,0.148,0.674,0.114,0.674,0.298,0.173,0.705,0.795,0.678,0.705,0.407,0.221,0.119,0.477,0.575,0.171,0.218,0.328,0.795,0.13,0.575,0.401,0.575,0.221,0.288,0.283,0.498,1.0,0.161,0.168,0.392,0.575,0.795,0.321,0.881,0.826,0.17,0.386,0.575,0.218,0.208,0.139,1.0,0.575,0.674,0.057,0.091,0.705,0.428,0.795,0.365,0.569,0.826,0.881,0.695,0.28,0.288,0.19,1.0,0.187,0.795,0.344,0.705,0.674,0.891,0.705,0.28,0.047,0.175,0.795,0.575,0.575,0.218,0.826,1.0,0.575,0.117,0.354,0.168,0.674,0.198,0.404,0.216,0.42,0.39,0.465,0.477,0.447,0.473,0.392,0.221,0.674,0.407,0.221,0.092,0.826,0.438,0.294,0.795,0.244,0.795,0.083,0.097,0.097,0.099,0.795,0.497,0.674,0.39,0.28,0.705,0.085,0.674,0.2,0.134,0.549,0.795,0.17,0.221,0.674,0.096,0.795,0.244,0.795,0.308,0.407,0.575,0.438,0.792,0.404,0.674,0.674,0.674,0.575,0.674,0.244,0.705,0.092,0.221,0.539,0.321,0.187,0.221,0.175,0.052,0.187,0.211,0.308,0.164,0.168,0.386,0.795,0.167,0.221,0.795,0.795,0.674,0.438,0.344,0.08,0.391,0.575,0.537,0.438,0.175,0.173,0.881,0.143,0.795,0.288,0.344,0.795,0.101,0.705,0.244,0.493,0.674,0.826,0.795,0.224,0.795,0.674,0.218,0.795,0.795
0.102,0.118,0.123,0.101,0.125,0.082,0.123,0.098,0.126,0.138,0.099,0.129,0.118,0.224,0.192,0.103,0.085,0.114,0.022,0.165,0.107,0.114,0.244,0.095,0.11,0.137,0.286,0.127,0.192,0.159,0.127,0.192,0.052,0.129,0.132,0.116,0.148,0.103,0.132,0.13,0.176,0.14,0.19,0.082,0.133,0.095,0.083,0.102,0.091,0.103,0.204,0.121,0.226,0.123,0.114,0.099,0.126,0.03,0.157,0.168,0.148,0.094,0.163,0.097,0.139,0.078,0.155,0.149,0.239,0.084,0.054,0.125,0.084,0.14,0.031,0.103,0.145,0.122,0.076,0.132,0.1,0.102,0.156,0.105,0.226,0.103,0.226,0.153,0.068,0.155,0.151,0.144,0.19,0.134,0.187,0.134,0.11,0.145,0.132,0.168,0.114,0.272,0.137,0.108,0.14,0.19,0.162,0.094,0.19,0.137,0.161,1.0,0.059,0.098,0.229,0.18,0.108,0.09,0.16,0.127,0.156,0.118,0.199,0.054,0.085,0.151,0.081,0.226,0.022,0.077,0.132,0.127,0.133,0.205,0.194,0.283,0.155,0.104,0.16,0.091,0.095,0.163,0.193,0.22,0.105,0.095,0.167,0.137,0.171,0.132,0.08,0.055,0.272,0.126,0.19,0.181,0.175,0.122,0.147,0.311,0.1,0.139,0.16,0.138,0.11,0.096,0.123,0.11,0.112,0.096,0.087,0.141,0.111,0.187,0.119,0.134,0.187,0.031,0.112,0.085,0.05,0.181,0.13,0.173,0.066,0.067,0.092,0.173,0.272,0.112,0.126,0.08,0.094,0.072,0.053,0.131,0.088,0.05,0.132,0.162,0.163,0.124,0.176,0.183,0.272,0.157,0.124,0.064,0.132,0.19,0.14,0.171,0.071,0.226,0.134,0.226,0.088,0.174,0.132,0.083,0.166,0.125,0.073,0.127,0.154,0.158,0.13,0.162,0.107,0.13,0.09,0.214,0.082,0.076,0.16,0.054,0.187,0.108,0.149,0.179,0.14,0.07,0.106,0.1,0.19,0.109,0.094,0.094,0.085,0.122,0.176,0.272,0.182,0.102,0.172,0.091,0.139,0.213,0.12,0.126,0.144,0.169,0.231,0.132,0.226,0.199,0.14,0.124
0.169,0.147,0.283,0.097,0.279,0.138,0.304,0.233,0.196,1.0,0.179,0.152,0.154,0.196,0.231,0.531,0.229,0.231,0.088,0.233,0.1,1.0,0.16,0.376,0.233,0.295,0.178,0.154,0.248,0.147,0.053,0.15,0.12,0.421,0.095,0.108,0.279,0.279,0.283,0.088,0.233,0.147,0.279,0.168,0.15,1.0,0.223,0.376,1.0,0.494,0.591,0.279,0.233,0.762,0.099,0.205,0.279,0.081,0.199,0.279,0.194,0.155,0.279,0.108,0.127,0.196,0.158,0.233,0.041,0.124,0.21,0.279,0.336,0.147,0.033,0.279,0.071,0.119,0.112,0.376,0.039,1.0,0.279,0.126,0.233,0.366,0.233,0.12,0.172,0.196,0.279,0.119,0.196,0.147,0.165,0.712,0.283,0.304,0.14,0.15,0.762,0.279,0.099,0.198,0.15,0.196,0.165,0.231,0.231,0.712,0.168,0.059,1.0,0.304,0.196,0.279,0.231,0.222,0.279,0.085,0.297,0.196,0.15,0.171,0.12,0.168,0.591,0.233,0.044,0.068,0.362,0.205,0.762,0.135,0.21,0.279,0.233,0.376,0.144,0.376,0.067,0.762,0.09,0.279,0.169,0.196,0.233,0.762,0.196,0.156,0.039,0.145,0.279,1.0,0.196,0.15,0.279,1.0,0.196,0.091,0.494,0.127,0.233,0.152,0.119,0.174,0.229,0.113,0.591,0.174,0.241,0.184,0.304,0.165,0.233,0.147,0.165,0.13,0.233,0.147,0.591,0.279,0.178,0.279,0.067,0.085,0.085,0.083,0.279,0.207,0.233,0.119,0.101,0.304,0.069,0.233,0.169,0.444,0.16,0.279,0.1,0.165,0.233,0.075,0.279,0.101,0.291,0.169,0.21,0.196,0.147,0.133,0.283,0.233,0.233,0.233,0.196,0.233,0.179,0.196,0.069,0.165,0.224,0.184,0.09,0.165,0.239,0.044,0.154,0.099,0.169,0.096,0.127,0.338,0.279,0.057,0.165,0.279,0.591,0.233,0.147,0.108,0.067,0.117,0.196,0.192,0.147,0.145,0.244,1.0,0.112,0.279,0.231,0.169,0.43,0.126,0.257,0.178,0.195,0.245,0.233,0.279,0.1,0.376,0.233,0.15,0.279,0.279
0.226,0.18,0.214,0.147,0.242,0.22,0.582,0.189,0.203,0.266,0.182,0.21,0.23,0.19,0.425,0.314,0.176,0.279,0.152,0.202,0.197,0.206,0.323,0.244,0.26,0.29,0.231,0.351,0.143,0.171,0.17,0.181,0.124,0.285,0.242,0.204,0.246,0.276,0.267,0.128,0.277,0.372,0.221,0.246,0.252,0.21,0.188,0.245,0.369,0.25,0.165,0.2,0.45,0.279,0.108,0.117,0.299,0.085,0.2,0.426,0.232,0.242,0.23,0.12,0.235,0.181,0.319,0.22,0.076,0.152,0.344,0.257,0.238,0.372,0.054,0.246,0.101,0.328,0.146,0.282,0.067,0.192,0.212,0.257,0.45,0.161,0.45,0.175,0.127,0.374,0.22,0.157,0.418,0.316,0.291,0.179,0.304,0.352,0.34,0.193,0.231,0.49,0.44,0.202,0.291,0.418,0.312,0.293,0.164,0.199,0.392,0.098,0.304,1.0,0.235,0.273,0.204,0.273,0.264,0.104,0.22,0.218,0.265,0.259,0.233,0.174,0.288,0.45,0.107,0.279,0.303,0.255,0.217,0.132,0.377,0.281,0.273,0.194,0.137,0.297,0.177,0.392,0.124,0.21,0.188,0.233,0.252,0.234,0.407,0.172,0.09,0.704,0.49,0.223,0.418,0.239,0.244,0.249,0.24,0.173,0.174,0.235,0.24,0.239,0.279,0.34,0.291,0.128,0.285,0.281,0.207,0.217,0.249,0.291,0.275,0.316,0.291,0.185,0.272,0.207,0.161,0.302,0.332,0.314,0.81,0.11,0.168,0.108,0.49,0.232,0.177,0.134,0.232,0.265,0.109,0.223,0.197,0.115,0.157,0.231,0.134,0.196,0.184,0.162,0.49,0.124,0.289,0.34,0.284,0.418,0.372,0.254,0.166,0.45,0.221,0.45,0.22,0.188,0.366,0.239,0.119,0.2,0.207,0.25,0.124,0.245,0.182,0.078,0.329,0.122,0.137,0.162,0.305,0.171,0.193,0.135,0.291,0.23,0.253,0.194,0.372,0.123,0.137,0.108,0.418,0.149,0.172,0.412,0.27,0.209,0.327,0.208,0.211,0.226,0.266,0.111,0.201,0.225,0.187,0.193,0.185,0.254,0.131,0.273,0.45,0.265,0.308,0.247
0.348,0.219,0.426,0.136,0.342,0.119,0.418,0.248,0.264,0.367,0.173,0.164,0.213,0.207,0.805,0.337,0.176,0.355,0.246,0.27,0.147,0.163,0.507,0.464,0.333,0.548,0.272,0.225,0.197,0.276,0.145,0.192,0.091,0.392,0.125,0.36,0.458,0.319,0.285,0.106,0.29,0.639,0.444,0.321,0.152,0.352,0.308,0.323,0.335,0.258,0.23,0.23,0.902,0.448,0.185,0.174,0.411,0.107,0.293,0.328,0.246,0.177,0.299,0.15,0.181,0.2,0.485,0.34,0.116,0.189,0.178,0.471,0.419,0.521,0.035,0.32,0.189,0.152,0.085,0.541,0.119,0.275,0.264,0.271,0.736,0.151,0.902,0.338,0.171,0.225,0.277,0.217,0.645,0.575,0.231,0.216,0.291,0.346,0.183,0.147,0.233,0.847,0.203,0.326,0.455,0.645,0.219,0.247,0.281,0.382,0.575,0.229,0.196,0.235,1.0,0.388,0.345,0.304,0.353,0.505,0.257,0.298,0.228,0.196,0.345,0.277,0.338,0.902,0.068,0.386,0.293,0.412,0.36,0.175,0.622,0.449,0.365,0.286,0.276,0.177,0.16,0.39,0.133,0.287,0.152,0.274,0.341,0.357,0.257,0.291,0.213,0.201,0.847,0.369,0.791,0.169,0.341,0.522,0.354,0.16,0.251,0.181,0.289,0.138,0.397,0.247,0.254,0.217,0.3,0.291,0.222,0.387,0.33,0.231,0.418,0.575,0.231,0.123,0.332,0.288,0.16,0.432,0.18,0.317,0.097,0.46,0.537,0.108,0.847,0.273,0.507,0.25,0.414,0.438,0.078,0.319,0.16,0.126,0.179,0.307,0.123,0.152,0.323,0.191,0.847,0.113,0.306,0.348,0.265,0.645,0.639,0.3,0.206,0.902,0.519,0.736,0.258,0.268,0.212,0.267,0.208,0.174,0.228,0.322,0.142,0.197,0.245,0.254,0.178,0.231,0.142,0.2,0.172,0.168,0.309,0.205,0.231,0.32,0.35,0.245,0.639,0.179,0.176,0.137,0.645,0.256,0.235,0.168,0.152,0.315,0.17,0.274,0.275,0.348,0.376,0.235,0.4,0.291,0.241,0.243,0.248,0.309,0.164,0.428,0.736,0.228,0.402,0.316
0.507,0.483,0.414,0.185,0.463,0.137,0.49,0.415,0.482,0.462,0.224,0.337,0.192,0.441,0.378,0.328,0.256,0.351,0.113,0.629,0.241,0.225,0.686,0.31,0.457,0.635,0.275,0.403,0.38,0.412,0.09,0.209,0.149,0.43,0.194,0.852,0.4,0.305,0.57,0.162,0.515,0.881,0.508,0.521,0.228,0.317,0.439,0.271,0.262,0.239,0.217,0.3,0.915,0.41,0.173,0.396,0.594,0.187,0.202,0.409,0.299,0.367,0.689,0.312,0.283,0.217,0.293,0.635,0.089,0.173,0.25,0.462,0.217,0.756,0.072,0.319,0.125,0.162,0.146,0.235,0.145,0.336,0.355,0.243,0.915,0.156,0.915,0.261,0.126,0.456,0.61,0.266,0.847,0.749,0.346,0.183,0.351,0.41,0.204,0.236,0.248,1.0,0.154,0.409,0.62,0.847,0.222,0.27,0.207,0.276,0.795,0.18,0.279,0.273,0.388,1.0,0.348,0.313,0.672,0.173,0.482,0.682,0.34,0.202,0.224,0.549,0.284,0.915,0.098,0.156,0.434,0.567,0.318,0.268,0.803,0.585,0.403,0.365,0.226,0.295,0.263,0.557,0.194,0.604,0.324,0.484,0.663,0.408,0.365,0.193,0.111,0.279,1.0,0.272,0.891,0.244,0.663,0.468,0.822,0.209,0.458,0.283,0.433,0.248,0.594,0.208,0.359,0.315,0.296,0.492,0.251,0.392,0.288,0.346,0.538,0.749,0.346,0.181,0.476,0.497,0.296,0.833,0.239,0.699,0.157,0.104,0.139,0.14,1.0,0.349,0.413,0.325,0.516,0.247,0.121,0.514,0.227,0.175,0.411,0.691,0.185,0.206,0.5,0.137,1.0,0.233,0.423,0.466,0.295,0.847,0.756,0.257,0.216,0.915,0.496,0.915,0.441,0.499,0.258,0.427,0.13,0.215,0.424,0.266,0.18,0.249,0.174,0.09,0.211,0.183,0.328,0.169,0.139,0.232,0.46,0.587,0.346,0.562,0.616,0.4,0.756,0.408,0.14,0.345,0.847,0.341,0.636,0.19,0.198,0.359,0.179,0.566,0.251,0.507,0.685,0.116,0.392,0.255,0.605,0.316,0.554,0.677,0.21,0.482,0.915,0.34,0.665,0.42
0.331,0.246,0.36,0.137,0.252,0.115,0.447,0.246,0.19,0.355,0.137,0.286,0.118,0.181,0.336,0.24,0.264,0.256,0.094,0.343,0.164,0.172,0.318,0.285,0.296,0.333,0.137,0.176,0.219,0.228,0.052,0.152,0.094,0.259,0.147,0.2,0.265,0.204,0.286,0.099,0.328,0.342,0.34,0.283,0.159,0.298,0.295,0.193,0.267,0.226,0.185,0.2,0.55,0.289,0.2,0.213,0.286,0.145,0.183,0.336,0.233,0.184,0.299,0.17,0.196,0.168,0.404,0.448,0.103,0.191,0.208,0.382,0.189,0.279,0.064,0.245,0.067,0.146,0.082,0.263,1.0,0.41,0.262,0.321,0.45,0.091,0.55,0.207,0.102,0.213,0.278,0.194,0.376,0.579,0.241,0.116,0.296,0.314,0.154,0.151,0.182,0.545,0.083,0.507,0.39,0.376,0.13,0.309,0.184,0.276,0.321,0.108,0.231,0.204,0.345,0.348,1.0,0.193,0.335,0.318,0.274,0.304,0.207,0.138,0.3,0.198,0.185,0.55,0.081,0.099,0.224,0.404,0.298,0.159,0.649,0.303,0.294,0.281,0.221,0.179,0.089,0.269,0.124,0.294,0.179,0.183,0.293,0.322,0.225,0.244,0.111,0.385,0.545,0.269,0.46,0.139,0.374,0.345,0.285,0.224,0.333,0.196,0.265,0.13,0.311,0.161,0.277,0.288,0.29,0.256,0.186,0.349,0.299,0.241,0.373,0.579,0.241,0.143,0.272,0.181,0.207,0.358,0.219,0.369,0.113,0.153,0.169,0.096,0.545,0.234,0.524,0.233,0.647,0.22,0.073,0.237,0.171,0.246,0.207,0.308,0.17,0.122,0.259,0.068,0.545,0.117,0.271,0.303,0.188,0.376,0.342,0.237,0.287,0.55,0.288,0.45,0.199,0.263,0.26,0.228,0.078,0.377,0.241,0.212,0.112,0.127,0.12,0.063,0.133,0.298,0.156,0.194,0.101,0.169,0.366,0.113,0.241,0.314,0.301,0.213,0.342,0.281,0.114,0.377,0.376,0.3,0.318,0.191,0.149,0.326,0.114,0.28,0.233,0.331,0.319,0.137,0.384,0.153,0.302,0.193,0.334,0.33,0.133,0.355,0.45,0.207,0.272,0.347
0.297,0.191,0.231,0.112,0.326,0.174,0.449,0.273,0.26,0.379,0.192,0.139,0.347,0.202,0.439,0.483,0.204,0.388,0.348,0.265,0.529,0.207,0.494,0.382,0.394,0.34,0.153,0.255,0.151,0.286,0.144,0.164,0.123,0.439,0.138,0.309,0.354,0.318,0.28,0.114,0.281,0.374,0.298,0.291,0.211,0.287,0.322,0.313,0.415,0.309,0.205,0.287,0.627,0.438,0.146,0.172,0.391,0.154,0.182,0.384,0.207,0.155,0.326,0.156,0.65,0.182,0.341,0.338,0.12,0.182,0.199,0.327,0.343,1.0,0.037,0.363,0.161,0.188,0.103,0.278,0.104,0.23,0.31,0.254,0.627,0.157,0.627,0.257,0.127,0.324,0.272,0.229,0.639,0.358,0.554,0.173,0.3,0.432,0.162,0.165,0.312,0.756,0.173,0.343,0.361,0.521,0.314,0.215,0.224,0.26,0.881,0.09,0.222,0.273,0.304,0.313,0.193,1.0,0.329,0.125,0.203,0.328,0.296,0.259,0.377,0.348,0.436,0.627,0.612,0.554,0.454,0.382,0.279,0.159,0.529,0.396,0.439,0.299,0.156,0.2,0.238,0.402,0.112,0.281,0.245,0.277,0.291,0.365,0.3,0.242,0.094,0.225,0.756,0.36,0.521,0.228,0.312,0.398,0.242,0.144,0.209,0.65,0.329,0.149,0.342,0.392,0.363,0.158,0.3,0.266,0.248,0.25,0.233,0.554,0.358,0.358,0.554,0.155,0.408,0.227,0.163,0.337,0.246,0.296,0.143,0.121,0.239,0.09,0.756,0.268,0.25,0.161,0.237,0.403,0.089,0.279,0.177,0.111,0.178,0.281,0.106,0.204,0.234,0.142,0.756,0.125,0.454,0.278,0.382,0.521,0.374,0.356,0.2,0.627,0.272,0.627,0.296,0.243,0.252,0.256,0.115,0.231,0.238,0.33,0.131,0.291,0.217,0.077,0.293,0.175,0.151,0.214,0.152,0.162,0.316,0.138,0.554,0.289,0.376,0.282,0.374,0.163,0.149,0.137,0.521,0.264,0.166,0.226,0.25,0.318,0.204,0.28,0.192,0.297,0.356,0.263,0.301,0.192,0.22,0.246,0.248,0.285,0.121,0.308,0.627,0.296,0.419,0.273
0.507,0.344,0.391,0.185,0.412,0.148,0.49,0.404,0.394,0.424,0.339,0.321,0.197,0.379,0.378,0.285,0.382,0.354,0.113,0.595,0.212,0.188,0.719,0.282,0.443,0.635,0.208,0.367,0.309,0.301,0.079,0.149,0.17,0.393,0.219,0.44,0.383,0.248,0.516,0.134,0.475,0.756,0.441,0.396,0.205,0.422,0.336,0.255,0.251,0.233,0.228,0.277,0.915,0.376,0.383,0.346,0.523,0.212,0.22,0.374,0.288,0.28,0.606,0.192,0.273,0.244,0.317,0.56,0.086,0.281,0.25,0.443,0.207,0.769,0.054,0.329,0.108,0.164,0.184,0.232,0.145,0.365,0.355,0.259,0.915,0.196,0.915,0.271,0.119,0.427,0.552,0.278,0.902,0.663,0.259,0.17,0.324,0.378,0.249,0.168,0.308,1.0,0.126,0.353,0.62,0.847,0.189,0.311,0.207,0.279,0.826,0.16,0.279,0.264,0.353,0.672,0.335,0.329,1.0,0.161,0.397,0.522,0.209,0.22,0.247,0.523,0.234,0.915,0.098,0.106,0.438,0.573,0.316,0.243,0.782,0.594,0.375,0.369,0.203,0.3,0.204,0.548,0.173,0.52,0.306,0.4,0.595,0.431,0.334,0.187,0.102,0.279,1.0,0.264,0.847,0.169,0.62,0.456,0.633,0.17,0.341,0.273,0.367,0.328,0.594,0.208,0.317,0.317,0.278,0.434,0.245,0.376,0.305,0.259,0.475,0.663,0.259,0.241,0.456,0.416,0.294,0.738,0.196,0.608,0.136,0.108,0.125,0.127,1.0,0.357,0.36,0.328,0.516,0.239,0.138,0.469,0.383,0.205,0.423,0.67,0.152,0.217,0.423,0.115,1.0,0.211,0.476,0.466,0.233,0.847,0.756,0.261,0.279,0.915,0.441,0.915,0.361,0.41,0.297,0.392,0.122,0.244,0.364,0.291,0.16,0.213,0.178,0.082,0.203,0.369,0.255,0.158,0.114,0.257,0.422,0.31,0.259,0.516,0.571,0.376,0.756,0.376,0.169,0.336,0.847,0.329,0.498,0.202,0.215,0.323,0.148,0.486,0.297,0.507,0.637,0.134,0.371,0.203,0.517,0.307,0.525,0.629,0.184,0.44,0.915,0.209,0.511,0.421
0.095,0.094,0.243,0.12,0.146,0.052,0.186,0.217,0.11,0.148,0.092,0.094,0.071,0.123,0.15,0.104,0.109,0.145,0.045,0.271,0.103,0.183,0.132,0.235,0.139,0.232,0.13,0.101,0.114,0.091,0.059,0.259,0.096,0.124,0.088,0.116,0.209,0.139,0.141,0.097,0.312,0.162,0.325,0.101,0.178,0.206,0.137,0.081,0.104,0.092,0.13,0.114,0.191,0.217,0.099,0.124,0.148,0.066,0.164,0.117,0.148,0.132,0.164,0.218,0.123,0.104,0.101,0.217,0.116,0.14,0.085,0.222,0.136,0.162,0.069,0.145,0.073,0.068,0.074,0.308,0.48,0.22,0.124,0.173,0.191,0.076,0.191,0.107,0.124,0.135,0.153,0.149,0.179,0.133,0.154,0.14,0.149,0.115,0.103,0.306,0.085,0.205,0.075,0.316,0.123,0.179,0.103,0.098,0.166,0.267,0.17,0.127,0.085,0.104,0.505,0.173,0.318,0.125,0.161,1.0,0.247,0.139,0.38,0.091,0.082,0.165,0.121,0.191,0.063,0.154,0.117,0.109,0.234,0.118,0.159,0.146,0.18,0.125,0.322,0.115,0.068,0.139,0.137,0.175,0.11,0.129,0.217,0.166,0.222,0.277,0.213,0.092,0.205,0.189,0.179,0.233,0.25,0.33,0.165,0.16,0.131,0.123,0.201,0.108,0.118,0.088,0.11,0.253,0.14,0.11,0.093,0.237,0.264,0.154,0.12,0.133,0.154,0.051,0.12,0.124,0.134,0.178,0.087,0.167,0.064,0.432,0.481,0.113,0.205,0.173,0.409,0.225,0.097,0.141,0.061,0.145,0.095,0.214,0.132,0.16,0.273,0.092,0.188,0.061,0.205,0.108,0.138,0.108,0.077,0.179,0.162,0.106,0.145,0.191,0.29,0.191,0.133,0.179,0.107,0.104,0.102,0.247,0.09,0.143,0.123,0.139,0.088,0.175,0.081,0.191,0.102,0.198,0.1,0.104,0.244,0.072,0.154,0.117,0.158,0.163,0.162,0.083,0.044,0.28,0.179,0.153,0.126,0.068,0.089,0.219,0.082,0.188,0.12,0.095,0.181,0.202,0.225,0.162,0.142,0.121,0.555,0.16,0.164,0.412,0.191,0.38,0.161,0.146
0.532,0.332,0.477,0.341,0.369,0.093,0.29,0.348,0.305,0.357,0.179,0.253,0.136,0.292,0.223,0.281,0.245,0.274,0.102,0.416,0.301,0.273,0.395,0.243,0.278,0.767,0.242,0.241,0.359,0.309,0.099,0.34,0.204,0.281,0.158,0.308,0.284,0.271,0.406,0.163,0.4,0.413,0.335,0.302,0.343,0.235,0.327,0.241,0.215,0.224,0.217,0.277,0.648,0.308,0.168,0.343,0.426,0.148,0.171,0.295,0.235,0.283,0.415,0.226,0.334,0.196,0.153,0.424,0.094,0.193,0.175,0.33,0.222,0.34,0.131,0.238,0.155,0.117,0.164,0.199,0.257,0.279,0.266,0.122,0.531,0.202,0.648,0.212,0.134,0.346,0.423,0.173,0.449,0.579,0.383,0.177,0.339,0.281,0.179,0.405,0.217,0.635,0.16,0.361,0.339,0.449,0.239,0.173,0.191,0.282,0.386,0.156,0.297,0.22,0.257,0.482,0.274,0.203,0.397,0.247,1.0,0.415,1.0,0.138,0.117,0.279,0.279,0.648,0.208,0.383,0.266,0.649,0.3,0.196,0.649,0.4,0.284,0.395,0.282,0.227,0.165,0.325,0.173,0.383,0.347,0.338,0.406,0.309,0.323,0.201,0.145,0.14,0.635,0.236,0.548,0.394,0.434,0.332,0.427,0.243,0.333,0.334,0.352,0.178,0.274,0.222,0.298,0.259,0.295,0.332,0.241,0.336,0.208,0.383,0.363,0.579,0.383,0.109,0.338,0.297,0.303,0.471,0.239,0.413,0.181,0.095,0.179,0.125,0.635,0.271,0.314,0.203,0.397,0.226,0.122,0.325,0.166,0.313,0.297,0.409,0.252,0.209,0.34,0.121,0.635,0.21,0.309,0.303,0.255,0.449,0.413,0.2,0.205,0.648,0.388,0.531,0.32,0.349,0.205,0.266,0.126,0.242,0.308,0.277,0.198,0.236,0.182,0.083,0.168,0.194,0.209,0.267,0.145,0.263,0.36,0.249,0.383,0.341,0.44,0.335,0.413,0.231,0.126,0.251,0.449,0.284,0.331,0.117,0.211,0.293,0.143,0.405,0.212,0.532,0.459,0.106,0.327,0.256,0.382,0.253,0.438,0.436,0.202,0.39,0.531,1.0,0.393,0.323
0.415,0.513,0.347,0.209,0.364,0.107,0.418,0.339,0.349,0.358,0.169,0.271,0.156,0.318,0.307,0.415,0.211,0.292,0.305,0.485,0.147,0.215,0.507,0.243,0.346,0.548,0.177,0.281,0.342,0.486,0.088,0.153,0.197,0.358,0.167,0.36,0.277,0.238,0.43,0.101,0.402,0.808,0.366,0.459,0.162,0.228,0.364,0.257,0.248,0.206,0.165,0.274,0.902,0.332,0.148,0.317,0.528,0.185,0.144,0.303,0.209,0.352,0.534,0.151,0.181,0.213,0.216,0.528,0.057,0.189,0.178,0.38,0.224,0.521,0.05,0.249,0.111,0.12,0.091,0.206,0.119,0.256,0.27,0.172,0.736,0.157,0.902,0.205,0.119,0.312,0.457,0.175,0.645,1.0,0.231,0.122,0.313,0.345,0.141,0.183,0.197,0.847,0.118,0.337,0.455,0.645,0.221,0.214,0.161,0.222,0.575,0.118,0.196,0.218,0.298,0.682,0.304,0.328,0.522,0.139,0.415,1.0,0.214,0.178,0.334,0.39,0.253,0.902,0.105,0.477,0.515,0.499,0.244,0.186,0.803,0.456,0.293,0.306,0.156,0.246,0.147,0.394,0.154,0.453,0.321,0.323,0.536,0.313,0.247,0.142,0.061,0.201,0.847,0.223,1.0,0.183,0.511,0.373,0.761,0.131,0.334,0.181,0.325,0.173,0.397,0.186,0.34,0.225,0.255,0.466,0.214,0.297,0.229,0.231,0.532,1.0,0.231,0.114,0.407,0.429,0.221,0.74,0.171,0.543,0.097,0.095,0.24,0.125,0.847,0.257,0.321,0.238,0.513,0.238,0.13,0.401,0.171,0.152,0.291,0.534,0.128,0.146,0.4,0.085,0.847,0.216,0.324,0.384,0.297,0.645,0.639,0.267,0.155,0.902,0.395,0.736,0.313,0.39,0.177,0.283,0.077,0.175,0.395,0.235,0.166,0.316,0.179,0.055,0.164,0.15,0.208,0.136,0.102,0.183,0.345,0.205,0.231,0.423,0.458,0.359,0.639,0.338,0.153,0.244,0.645,0.278,0.49,0.147,0.155,0.29,0.12,0.418,0.183,0.415,0.522,0.116,0.308,0.215,0.532,0.245,0.415,0.524,0.169,0.363,0.736,0.214,0.454,0.297
0.101,0.232,0.285,0.132,0.329,0.08,0.265,0.329,0.329,0.467,0.261,0.315,0.149,0.38,0.177,0.329,0.467,0.383,0.102,0.383,0.301,0.467,0.148,0.38,0.275,0.141,0.467,0.258,0.171,0.275,0.19,1.0,0.38,0.232,0.144,0.308,0.38,0.38,0.284,0.279,0.383,0.221,0.246,0.218,1.0,0.334,0.15,0.211,0.317,0.383,0.188,0.301,0.209,0.34,0.208,0.137,0.234,0.209,0.315,0.251,0.292,0.158,0.204,0.38,0.334,0.253,0.145,0.383,0.094,0.3,0.123,0.285,0.38,0.221,0.264,0.329,0.296,0.155,0.261,0.245,0.186,0.218,0.292,0.119,0.209,0.253,0.209,0.329,0.247,0.383,0.296,0.183,0.214,0.15,0.383,0.25,0.329,0.329,0.296,1.0,0.383,0.204,0.291,0.329,0.134,0.214,0.383,0.207,0.317,0.334,0.218,0.199,0.15,0.265,0.228,0.34,0.207,0.296,0.209,0.38,1.0,0.214,1.0,0.157,0.108,0.218,0.63,0.209,0.208,0.383,0.214,0.108,0.329,0.168,0.151,0.383,0.383,0.275,0.296,0.207,0.261,0.467,0.232,0.204,0.38,0.383,0.34,0.383,0.38,0.269,0.145,0.135,0.204,0.38,0.214,1.0,0.383,0.38,0.218,0.243,0.329,0.334,0.467,0.315,0.147,0.334,0.467,0.383,0.383,0.184,0.38,0.197,0.265,0.383,0.224,0.15,0.383,0.088,0.212,0.221,0.252,0.221,0.467,0.204,0.181,0.19,0.383,0.232,0.204,0.261,0.209,0.204,0.112,0.308,0.194,0.209,0.217,0.129,0.285,0.204,0.38,0.383,0.218,0.228,0.204,0.329,0.467,0.154,0.38,0.214,0.221,0.38,0.329,0.209,0.63,0.209,0.38,0.211,0.467,0.3,0.264,0.383,0.15,0.383,0.275,0.383,0.266,0.14,0.247,0.383,0.257,0.199,0.334,0.296,0.269,0.249,0.383,0.257,0.329,0.383,0.221,0.101,0.126,0.172,0.214,0.197,0.221,0.135,0.334,0.38,0.253,0.301,0.334,0.101,0.214,0.163,0.296,0.467,0.156,0.329,0.329,0.292,0.25,0.38,0.209,1.0,0.34,0.63
0.134,0.134,0.141,0.097,0.281,0.082,0.344,0.13,0.158,0.229,0.159,0.128,0.141,0.116,0.265,0.318,0.127,0.286,0.253,0.166,0.106,0.155,0.192,0.187,0.251,0.165,0.122,0.262,0.111,0.137,0.07,0.114,0.096,0.242,0.309,0.114,0.154,0.199,0.276,0.162,0.189,0.188,0.154,0.255,0.259,0.144,0.204,0.351,0.273,0.24,0.165,0.211,0.269,0.243,0.085,0.098,0.238,0.096,0.161,0.29,0.138,0.203,0.204,0.062,0.132,0.134,0.19,0.264,0.063,0.146,0.789,0.173,0.198,0.188,0.034,0.182,0.101,0.097,0.09,0.223,0.045,0.141,0.202,0.288,0.269,0.122,0.269,0.128,0.081,0.25,0.182,0.209,0.235,0.18,0.171,0.105,0.177,0.262,0.127,0.123,0.149,0.313,0.172,0.251,0.179,0.235,0.223,0.174,0.143,0.166,0.208,0.054,0.171,0.259,0.196,0.202,0.138,0.259,0.22,0.091,0.138,0.178,0.157,1.0,0.145,0.317,0.227,0.269,0.206,0.306,0.376,0.158,0.16,0.096,0.241,0.206,0.207,0.141,0.083,0.409,0.109,0.267,0.094,0.203,0.112,0.16,0.233,0.17,0.182,0.178,0.047,0.177,0.313,0.198,0.235,0.126,0.184,0.197,0.179,0.139,0.114,0.132,0.173,0.162,0.152,0.295,0.212,0.097,0.238,0.191,0.139,0.16,0.173,0.171,0.192,0.18,0.171,0.147,0.198,0.174,0.126,0.217,0.113,0.203,0.322,0.092,0.189,0.093,0.313,0.271,0.212,0.117,0.13,0.243,0.08,0.175,0.175,0.105,0.109,0.195,0.096,0.108,0.155,0.058,0.313,0.085,0.267,0.202,0.296,0.235,0.188,0.207,0.115,0.269,0.166,0.269,0.172,0.184,0.168,0.151,0.105,0.178,0.273,0.166,0.096,0.213,0.122,0.044,0.188,0.09,0.094,0.154,0.112,0.115,0.156,0.063,0.171,0.166,0.261,0.174,0.188,0.135,0.104,0.089,0.235,0.228,0.126,0.115,0.248,0.213,0.087,0.212,0.174,0.134,0.213,0.128,0.148,0.122,0.174,0.122,0.139,0.196,0.103,0.266,0.269,0.157,0.262,0.212
0.1,0.196,0.187,0.08,0.224,0.217,0.233,0.187,0.16,0.377,0.265,0.132,0.266,0.16,0.31,0.334,0.182,0.32,0.237,0.187,0.075,0.32,0.138,0.273,0.3,0.117,0.124,0.213,0.194,0.348,0.141,0.108,0.101,0.367,0.142,0.081,0.31,0.367,0.224,0.07,0.187,0.123,0.224,0.367,0.127,0.37,0.237,0.31,0.31,0.32,0.248,0.32,0.187,0.415,0.152,0.118,0.247,0.126,0.306,0.346,0.162,0.151,0.224,0.081,0.093,0.244,0.377,0.187,0.037,0.292,0.116,0.32,0.349,0.123,0.034,0.32,0.081,0.235,0.085,0.323,0.039,0.3,0.368,0.176,0.187,0.191,0.187,0.368,0.124,0.16,0.224,0.133,0.16,0.127,0.118,0.174,0.268,0.31,0.15,0.108,0.289,0.224,0.11,0.163,0.167,0.16,0.237,0.377,0.31,0.216,0.139,0.085,0.12,0.233,0.345,0.224,0.3,0.377,0.247,0.082,0.117,0.334,0.108,0.145,1.0,0.139,0.286,0.187,0.05,0.3,0.334,0.118,0.291,0.124,0.176,0.23,0.3,0.187,0.131,0.187,0.16,0.31,0.075,0.224,0.101,0.16,0.187,0.235,0.222,0.263,0.034,0.127,0.224,0.462,0.16,0.168,0.224,0.3,0.16,0.07,0.163,0.093,0.336,0.112,0.14,0.246,0.304,0.134,0.32,0.148,0.284,0.224,0.3,0.118,0.281,0.127,0.118,0.078,0.221,0.156,0.192,0.224,0.266,0.252,0.054,0.095,0.3,0.075,0.224,0.192,0.187,0.134,0.146,0.306,0.067,0.187,0.19,0.166,0.138,0.224,0.075,0.118,0.187,0.205,0.224,0.087,0.317,0.144,0.201,0.16,0.123,0.446,0.3,0.187,0.187,0.187,0.16,0.187,0.292,0.19,0.19,0.17,0.237,0.31,0.075,0.3,0.248,0.082,0.266,0.152,0.144,0.15,0.161,0.243,0.224,0.046,0.118,0.224,0.224,0.3,0.123,0.235,0.114,0.106,0.16,0.165,0.146,0.284,0.21,0.32,0.201,0.224,0.3,0.1,0.224,0.156,0.294,0.153,0.164,0.271,0.187,0.224,0.083,0.224,0.187,0.108,0.224,0.253
0.344,0.239,0.252,0.12,0.349,0.118,0.392,0.345,0.267,0.324,0.153,0.175,0.137,0.239,0.283,0.187,0.165,0.239,0.071,0.557,0.133,0.134,0.549,0.221,0.338,0.386,0.274,0.262,0.203,0.207,0.108,0.147,0.099,0.316,0.129,0.331,0.27,0.177,0.388,0.134,0.345,0.438,0.374,0.234,0.136,0.247,0.291,0.181,0.201,0.162,0.175,0.202,0.674,0.348,0.157,0.304,0.376,0.114,0.176,0.273,0.189,0.17,0.517,0.168,0.168,0.136,0.191,0.514,0.1,0.136,0.154,0.328,0.151,0.881,0.036,0.23,0.163,0.132,0.075,0.198,0.111,0.247,0.238,0.208,0.674,0.102,0.674,0.188,0.079,0.315,0.424,0.272,0.705,0.407,0.221,0.144,0.212,0.318,0.127,0.158,0.153,0.795,0.143,0.351,0.401,0.575,0.138,0.192,0.182,0.201,1.0,0.151,0.168,0.174,0.277,0.549,0.198,0.348,0.523,0.165,0.279,0.39,0.218,0.317,0.139,1.0,0.166,0.674,0.101,0.091,0.322,0.428,0.235,0.16,0.569,0.456,0.343,0.283,0.169,0.214,0.111,0.492,0.133,0.446,0.207,0.299,0.484,0.331,0.244,0.213,0.063,0.175,0.795,0.202,0.575,0.161,0.515,0.405,0.492,0.128,0.256,0.168,0.322,0.158,0.404,0.132,0.22,0.218,0.207,0.272,0.148,0.271,0.213,0.221,0.317,0.407,0.221,0.092,0.345,0.273,0.157,0.57,0.136,0.525,0.083,0.093,0.112,0.1,0.795,0.24,0.291,0.222,0.28,0.156,0.071,0.335,0.152,0.122,0.309,0.514,0.122,0.124,0.312,0.169,0.795,0.135,0.315,0.308,0.159,0.575,0.438,0.22,0.147,0.674,0.321,0.674,0.222,0.313,0.167,0.251,0.148,0.127,0.254,0.155,0.115,0.154,0.142,0.176,0.128,0.154,0.15,0.124,0.079,0.126,0.345,0.167,0.221,0.328,0.516,0.244,0.438,0.283,0.081,0.262,0.575,0.342,0.33,0.166,0.113,0.286,0.144,0.402,0.202,0.344,0.529,0.188,0.282,0.238,0.42,0.187,0.455,0.493,0.152,0.33,0.674,0.218,0.382,0.281
0.532,0.197,0.3,0.184,0.371,0.07,0.619,0.254,0.274,0.467,0.126,0.155,0.218,0.199,0.307,0.51,0.169,0.42,0.854,0.214,0.334,0.315,0.507,0.439,0.357,0.548,0.166,0.226,0.162,0.25,0.118,0.207,0.115,0.517,0.125,0.606,0.272,0.432,0.289,0.099,0.242,0.881,0.237,0.395,0.226,0.272,0.393,0.366,0.447,0.434,0.186,0.36,0.902,0.463,0.104,0.136,0.431,0.102,0.159,0.33,0.205,0.175,0.221,0.161,0.388,0.216,0.257,0.261,0.113,0.173,1.0,0.317,0.446,0.521,0.051,0.369,0.119,0.099,0.104,0.406,0.264,0.227,0.294,0.198,0.736,0.186,0.902,0.198,0.158,0.243,0.222,0.174,0.645,0.621,0.484,0.151,0.368,0.36,0.138,0.215,0.299,0.847,0.187,0.372,0.455,0.645,0.254,0.153,0.154,0.281,0.575,0.081,0.591,0.288,0.338,0.284,0.185,0.436,0.234,0.121,0.279,0.253,0.63,0.227,0.286,0.166,1.0,0.902,0.886,0.487,0.345,0.649,0.328,0.173,0.649,0.284,0.368,0.343,0.158,0.219,0.184,0.349,0.1,0.22,0.181,0.366,0.221,0.406,0.294,0.182,0.151,0.201,0.847,0.42,0.891,0.237,0.253,0.363,0.229,0.282,0.203,0.388,0.275,0.138,0.397,0.343,0.35,0.154,0.456,0.345,0.337,0.23,0.189,0.484,0.393,0.621,0.484,0.17,0.409,0.284,0.174,0.268,0.195,0.223,0.274,0.113,0.224,0.079,0.847,0.259,0.23,0.154,0.414,0.494,0.113,0.31,0.126,0.133,0.147,0.221,0.136,0.165,0.212,0.102,0.847,0.146,0.359,0.348,0.391,0.645,0.639,0.323,0.223,0.902,0.292,0.736,0.382,0.236,0.192,0.369,0.088,0.267,0.337,0.285,0.171,0.259,0.28,0.055,0.17,0.142,0.139,0.271,0.205,0.204,0.263,0.447,0.484,0.256,0.296,0.302,0.639,0.151,0.188,0.112,0.645,0.185,0.158,0.101,0.26,0.388,0.127,0.225,0.184,0.532,0.26,0.156,0.319,0.193,0.172,0.258,0.211,0.23,0.113,0.351,0.736,0.63,0.448,0.274
0.417,0.678,1.0,0.157,0.915,0.148,0.45,0.815,0.736,0.915,0.271,0.444,0.25,0.736,0.339,0.678,0.383,0.736,0.095,0.815,0.166,0.266,0.586,0.815,0.826,0.648,0.266,0.61,0.55,0.678,0.088,0.209,0.178,1.0,0.237,0.396,0.915,0.915,0.915,0.144,0.826,0.769,0.915,0.826,0.209,0.815,0.678,0.592,0.586,0.48,0.279,0.915,1.0,0.915,0.213,0.48,0.915,0.195,0.221,0.915,0.826,0.479,0.915,0.396,0.197,0.369,0.25,0.902,0.07,0.199,0.209,1.0,0.674,0.627,0.058,1.0,0.119,0.183,0.171,0.352,0.131,0.674,0.915,0.203,0.815,0.146,1.0,0.36,0.221,0.736,0.915,0.495,0.736,0.678,0.243,0.184,0.615,0.902,0.237,0.209,0.462,0.915,0.163,0.902,0.527,0.736,0.243,0.349,0.339,0.619,0.674,0.226,0.233,0.45,0.902,0.915,0.55,0.627,0.915,0.191,0.648,0.902,0.209,0.269,0.187,0.674,0.902,1.0,0.081,0.1,0.736,0.48,0.915,0.485,0.693,0.915,1.0,0.567,0.341,0.349,0.272,0.815,0.239,0.915,0.417,0.736,0.815,1.0,0.736,0.341,0.079,0.235,0.915,0.736,0.902,0.209,0.915,0.902,0.902,0.149,0.625,0.197,1.0,0.221,0.484,0.283,0.586,0.489,0.509,0.615,0.599,0.55,0.45,0.243,0.815,0.678,0.243,0.143,0.815,0.769,0.387,0.915,0.298,0.915,0.114,0.146,0.146,0.13,0.915,0.826,1.0,0.489,0.509,0.736,0.113,0.815,0.255,0.189,0.586,0.915,0.191,0.243,1.0,0.13,0.915,0.31,0.915,0.4,0.678,0.736,0.769,0.592,0.484,1.0,1.0,0.815,0.736,1.0,0.287,0.736,0.129,0.243,0.592,0.45,0.239,0.243,0.231,0.081,0.25,0.226,0.4,0.203,0.197,0.648,0.915,0.253,0.243,0.915,0.915,0.815,0.769,0.417,0.115,0.45,0.736,0.446,0.769,0.235,0.218,1.0,0.171,0.915,0.349,0.417,0.915,0.141,1.0,0.266,0.626,0.815,0.815,0.915,0.279,0.915,0.815,0.209,0.915,0.915
0.033,0.049,0.088,0.062,0.098,0.025,0.107,0.112,0.112,0.098,0.057,0.072,0.049,0.153,0.082,0.247,0.089,0.081,0.039,0.081,0.044,0.208,0.052,0.081,0.183,0.042,0.089,0.058,0.049,0.049,0.041,0.208,0.153,0.886,0.038,0.056,0.098,0.098,0.098,0.043,0.081,0.048,0.098,0.057,0.208,0.081,0.063,0.081,0.128,0.17,0.063,0.208,0.081,0.145,0.069,0.041,0.098,0.055,0.072,0.558,0.063,0.029,0.098,0.063,0.059,0.121,0.052,0.091,0.016,0.1,0.046,0.098,0.107,0.048,0.033,0.384,0.404,0.037,0.05,0.081,0.041,0.081,0.368,0.041,0.081,0.05,0.081,0.056,0.074,0.081,0.098,0.261,0.068,0.049,0.081,0.087,0.097,0.128,0.045,0.208,0.153,0.098,0.043,0.123,0.054,0.068,0.081,0.081,0.082,0.146,0.057,0.022,0.044,0.107,0.068,0.098,0.081,0.612,0.098,0.063,0.208,0.105,0.208,0.206,0.05,0.101,0.886,0.081,1.0,0.081,0.105,0.041,0.107,0.043,0.073,0.098,0.145,0.081,0.041,0.081,0.03,0.089,0.047,0.098,0.153,0.081,0.155,0.098,0.068,0.206,0.013,0.045,0.098,0.145,0.068,0.208,0.098,0.153,0.068,0.039,0.046,0.059,0.089,0.072,0.04,0.062,0.089,0.081,0.121,0.059,0.153,0.088,0.107,0.081,0.081,0.049,0.081,0.025,0.886,0.048,0.091,0.098,0.089,0.098,0.026,0.041,0.081,0.047,0.098,0.076,0.17,0.08,0.03,0.107,0.077,0.081,0.053,0.047,0.052,0.098,0.063,0.081,0.081,0.03,0.098,0.112,0.434,0.06,0.886,0.068,0.048,0.105,0.233,0.081,0.155,0.081,0.153,0.081,0.089,0.091,0.027,0.081,0.057,0.081,0.092,0.081,0.092,0.015,0.075,0.081,0.06,0.063,0.059,0.075,0.267,0.022,0.081,0.148,0.119,0.081,0.048,0.033,0.04,0.039,0.068,0.065,0.048,0.045,0.074,0.081,0.05,0.098,0.134,0.033,0.247,0.056,0.145,0.112,0.161,0.081,0.081,0.098,0.056,0.341,0.081,0.208,0.098,0.132
0.049,0.276,0.117,0.065,0.479,0.038,0.12,0.129,0.275,0.569,0.104,0.148,0.263,0.154,0.088,0.552,0.193,0.639,0.288,0.17,0.122,0.279,0.071,0.631,0.116,0.065,0.193,0.169,0.08,0.278,0.226,0.383,0.154,0.445,0.07,0.133,0.154,0.453,0.126,0.108,0.17,0.088,0.106,0.592,0.383,0.258,0.354,0.554,0.436,0.444,0.081,0.446,0.1,0.569,0.088,0.059,0.412,0.088,0.148,0.323,0.128,0.351,0.106,0.154,0.141,0.182,0.07,0.17,0.046,0.143,0.061,0.279,0.558,0.088,0.104,0.325,0.113,0.079,0.116,0.344,0.092,0.099,0.202,0.059,0.1,0.476,0.1,0.202,0.226,0.17,0.113,0.073,0.095,0.068,0.17,0.107,0.344,0.221,0.113,0.383,0.362,0.106,0.369,0.398,0.07,0.095,0.831,0.099,0.136,0.342,0.091,0.077,0.068,0.279,0.386,0.156,0.099,0.554,0.106,0.154,0.383,0.477,0.383,0.306,0.3,0.091,0.487,0.1,0.081,1.0,0.477,0.055,0.273,0.206,0.077,0.367,0.436,0.245,0.113,0.099,0.287,0.193,0.087,0.106,0.154,0.417,0.156,0.523,0.154,0.112,0.059,0.063,0.106,0.559,0.095,0.383,0.17,0.286,0.095,0.105,0.129,0.141,0.193,0.148,0.067,0.465,0.251,0.17,0.485,0.344,0.398,0.076,0.12,0.17,0.398,0.068,0.17,0.042,0.417,0.42,0.09,0.106,0.193,0.106,0.079,0.226,1.0,0.087,0.106,0.125,0.1,0.087,0.051,0.5,0.095,0.507,0.102,0.063,0.117,0.106,0.154,0.17,0.1,0.094,0.106,0.129,0.193,0.074,0.436,0.095,0.088,0.477,0.129,0.1,0.259,0.1,0.456,0.1,0.193,0.344,0.099,0.479,0.288,1.0,0.131,1.0,0.257,0.06,0.106,0.17,0.097,0.347,0.342,0.116,0.112,0.092,0.17,0.106,0.129,1.0,0.088,0.209,0.057,0.086,0.095,0.084,0.088,0.063,0.405,0.279,0.116,0.122,0.141,0.049,0.106,0.244,0.213,0.193,0.079,0.159,0.129,0.128,0.107,0.154,0.1,0.383,0.456,0.259
0.409,0.252,0.303,0.209,0.385,0.156,0.425,0.326,0.434,0.384,0.199,0.179,0.274,0.269,0.323,0.428,0.214,0.456,0.305,0.376,0.378,0.246,0.622,0.319,0.346,0.449,0.208,0.459,0.202,0.402,0.139,0.148,0.167,0.413,0.272,0.36,0.291,0.324,0.428,0.101,0.35,0.521,0.311,0.407,0.294,0.268,0.293,0.368,0.349,0.322,0.209,0.324,0.736,0.397,0.177,0.221,0.459,0.141,0.209,0.411,0.203,0.267,0.382,0.134,0.449,0.216,0.282,0.356,0.067,0.199,0.789,0.341,0.303,0.639,0.045,0.334,0.137,0.154,0.106,0.335,0.119,0.268,0.329,0.195,0.736,0.165,0.736,0.243,0.136,0.472,0.34,0.234,0.791,0.472,0.554,0.243,0.282,0.374,0.168,0.164,0.281,0.847,0.198,0.284,0.455,0.645,0.445,0.224,0.189,0.254,0.705,0.132,0.362,0.303,0.293,0.434,0.224,0.454,0.438,0.117,0.266,0.515,0.214,0.376,0.334,0.322,0.345,0.736,0.105,0.477,1.0,0.49,0.265,0.178,0.622,0.497,0.358,0.314,0.159,0.42,0.249,0.497,0.13,0.336,0.316,0.331,0.385,0.349,0.343,0.159,0.076,0.225,0.847,0.336,0.645,0.176,0.427,0.38,0.376,0.14,0.209,0.449,0.28,0.174,0.485,0.45,0.386,0.202,0.37,0.319,0.236,0.273,0.241,0.554,0.383,0.472,0.554,0.225,0.469,0.304,0.19,0.482,0.174,0.377,0.322,0.105,0.238,0.111,0.847,0.323,0.251,0.211,0.339,0.381,0.122,0.344,0.186,0.134,0.244,0.371,0.119,0.256,0.277,0.144,0.847,0.182,0.443,0.348,0.501,0.645,0.521,0.39,0.211,0.736,0.317,0.736,0.338,0.272,0.207,0.305,0.114,0.244,0.391,0.25,0.148,0.362,0.263,0.103,0.24,0.183,0.175,0.2,0.158,0.181,0.297,0.205,0.554,0.333,0.402,0.317,0.521,0.243,0.153,0.194,0.645,0.255,0.264,0.17,0.341,0.301,0.162,0.322,0.22,0.409,0.44,0.229,0.297,0.242,0.304,0.245,0.342,0.38,0.14,0.416,0.736,0.214,0.468,0.355
0.647,0.499,0.649,0.184,0.567,0.137,0.255,0.573,0.412,0.649,0.164,0.326,0.144,0.412,0.205,0.531,0.441,0.49,0.087,0.573,0.086,0.205,0.419,0.573,0.48,0.312,0.14,0.406,0.649,0.499,0.052,0.108,0.096,0.48,0.149,0.212,0.567,0.567,0.647,0.079,0.48,0.325,0.567,0.499,0.108,0.573,0.649,0.647,0.397,0.498,0.273,0.567,0.48,0.567,0.184,0.771,0.581,0.179,0.188,0.567,0.362,0.531,0.567,0.212,0.105,0.294,0.148,0.48,0.042,0.121,0.196,0.602,0.463,0.382,0.029,0.567,0.061,0.117,0.096,0.568,0.085,0.498,0.567,0.123,0.48,0.088,0.48,0.39,0.157,0.49,0.567,0.326,0.49,0.499,0.133,0.155,0.579,0.421,0.133,0.108,0.278,0.567,0.085,0.412,0.363,0.412,0.133,0.203,0.205,0.649,0.428,0.127,0.205,0.255,0.412,0.567,0.404,0.382,0.573,0.109,0.649,0.499,0.108,0.158,0.118,0.428,0.649,0.48,0.041,0.055,0.49,1.0,0.581,0.307,0.687,0.573,0.515,0.679,0.191,0.321,0.133,0.49,0.148,0.567,0.647,0.49,0.48,0.567,0.49,0.191,0.041,0.138,0.567,0.647,0.412,0.108,0.573,0.428,0.412,0.08,0.44,0.105,0.48,0.125,0.351,0.251,0.602,0.336,0.686,0.579,0.649,0.656,0.255,0.133,0.499,0.499,0.133,0.131,0.573,0.325,0.304,0.567,0.399,0.567,0.062,0.089,0.089,0.079,0.567,0.419,0.48,0.336,0.362,0.631,0.061,0.48,0.157,0.14,0.419,0.567,0.109,0.133,0.48,0.068,0.567,0.182,0.567,0.33,0.499,0.412,0.325,0.349,0.351,0.48,0.48,0.48,0.412,0.48,0.163,0.49,0.063,0.133,0.788,0.649,0.148,0.133,0.219,0.044,0.144,0.184,0.33,0.176,0.105,0.312,0.649,0.121,0.133,0.567,0.567,0.48,0.325,0.416,0.066,0.322,0.412,0.723,0.362,0.138,0.227,0.499,0.096,0.567,0.203,0.647,0.567,0.116,0.707,0.15,0.588,0.48,0.573,0.567,0.167,0.567,0.48,0.108,0.567,0.567
0.507,0.21,0.359,0.185,0.328,0.106,0.582,0.261,0.218,0.457,0.152,0.185,0.132,0.251,0.425,0.31,0.221,0.338,0.14,0.254,0.378,0.215,0.686,0.414,0.403,0.767,0.18,0.216,0.217,0.201,0.079,0.174,0.105,0.41,0.163,0.44,0.362,0.355,0.323,0.147,0.283,0.756,0.371,0.273,0.181,0.397,0.314,0.269,0.361,0.294,0.275,0.329,0.915,0.448,0.133,0.213,0.316,0.084,0.22,0.349,0.39,0.163,0.291,0.231,0.449,0.213,0.396,0.3,0.198,0.145,0.629,0.416,0.339,0.756,0.035,0.446,0.075,0.146,0.117,0.316,0.273,0.339,0.367,0.78,0.915,0.131,0.915,0.243,0.201,0.263,0.295,0.239,0.847,0.749,0.554,0.171,0.304,0.343,0.19,0.16,0.269,1.0,0.118,0.319,0.62,0.847,0.195,0.219,0.218,0.38,0.795,0.133,0.762,0.217,0.36,0.318,0.298,0.279,0.316,0.234,0.3,0.244,0.329,0.16,0.291,0.235,0.328,0.915,0.107,0.273,0.265,0.581,1.0,0.189,0.803,0.338,0.482,0.34,0.398,0.195,0.156,0.415,0.181,0.309,0.184,0.215,0.297,0.485,0.265,0.558,0.348,0.497,1.0,0.425,0.847,0.161,0.313,0.406,0.246,0.257,0.296,0.449,0.502,0.156,0.594,0.206,0.278,0.207,0.362,0.218,0.275,0.36,0.335,0.554,0.299,0.749,0.554,0.185,0.263,0.18,0.201,0.339,0.254,0.299,0.274,0.171,0.187,0.119,1.0,0.298,0.349,0.211,0.6,0.321,0.082,0.284,0.152,0.148,0.194,0.305,0.189,0.181,0.297,0.1,1.0,0.126,0.453,0.466,0.229,0.847,0.756,0.271,0.251,0.915,0.412,0.915,0.233,0.292,0.251,0.261,0.129,0.178,0.212,0.3,0.17,0.171,0.145,0.139,0.162,0.212,0.176,0.179,0.224,0.274,0.443,0.31,0.554,0.316,0.386,0.253,0.756,0.147,0.164,0.15,0.847,0.245,0.192,0.16,0.199,0.435,0.132,0.323,0.239,0.507,0.35,0.178,0.418,0.215,0.218,0.29,0.256,0.302,0.205,0.367,0.915,0.329,0.312,0.364
0.259,0.147,0.172,0.125,0.21,0.053,0.262,0.167,0.155,0.233,0.087,0.134,0.123,0.189,0.21,0.15,0.152,0.161,0.111,0.21,0.094,0.122,0.492,0.221,0.232,0.313,0.128,0.139,0.342,0.146,0.187,0.19,0.061,0.254,0.112,0.219,0.202,0.154,0.207,0.131,0.224,0.327,0.239,0.192,0.118,0.151,0.197,0.155,0.167,0.145,0.232,0.261,0.485,0.261,0.071,0.19,0.24,0.065,0.122,0.165,0.221,0.107,0.222,0.159,0.111,0.14,0.152,0.231,0.425,0.095,0.129,0.225,0.187,0.327,0.031,0.183,0.048,0.08,0.072,0.16,0.102,0.168,0.284,0.195,0.485,0.104,0.485,0.133,0.168,0.168,0.201,0.23,0.417,0.324,0.144,0.083,0.184,0.173,0.112,0.13,0.166,0.575,0.096,0.229,0.33,0.417,0.113,0.113,0.277,0.277,0.365,0.205,0.135,0.132,0.175,0.268,0.159,0.159,0.243,0.118,0.196,0.186,0.168,0.096,0.124,0.16,0.173,0.485,0.043,0.206,0.178,0.307,0.189,1.0,0.44,0.251,0.242,0.235,0.152,0.117,0.139,0.264,0.249,0.304,0.125,0.162,0.232,0.259,0.144,0.151,0.111,0.141,0.575,0.191,0.417,0.127,0.255,0.23,0.221,0.279,0.167,0.111,0.193,0.12,0.274,0.15,0.183,0.128,0.151,0.167,0.158,0.239,0.163,0.144,0.237,0.324,0.144,0.087,0.213,0.153,0.096,0.3,0.149,0.225,0.071,0.206,0.138,0.236,0.575,0.252,0.185,0.12,0.245,0.196,0.062,0.206,0.103,0.072,0.178,0.221,0.3,0.099,0.231,0.061,0.575,0.108,0.232,0.241,0.17,0.417,0.327,0.148,0.102,0.485,0.204,0.485,0.152,0.34,0.127,0.188,0.099,0.118,0.148,0.143,0.212,0.147,0.111,0.087,0.091,0.112,0.155,0.455,0.3,0.1,0.214,0.125,0.144,0.208,0.237,0.191,0.327,0.123,0.067,0.142,0.417,0.239,0.147,0.078,0.195,0.188,0.088,0.28,0.16,0.259,0.26,0.123,0.245,0.12,0.182,0.156,0.184,0.228,0.237,0.202,0.485,0.168,0.259,0.223
0.608,0.803,0.693,0.207,0.782,0.142,0.377,0.693,0.622,0.782,0.244,0.539,0.225,0.622,0.297,0.803,0.582,0.622,0.095,0.693,0.128,0.21,0.516,0.693,0.781,0.47,0.2,0.528,0.649,0.803,0.074,0.151,0.145,0.693,0.208,0.308,0.782,0.782,0.782,0.112,0.693,0.529,0.782,0.803,0.151,0.693,0.803,0.86,0.695,0.687,0.251,0.782,0.693,0.782,0.283,0.687,0.782,0.265,0.184,0.782,0.569,0.575,0.782,0.308,0.152,0.418,0.226,0.693,0.061,0.185,0.193,0.782,0.653,0.529,0.045,0.782,0.101,0.172,0.136,0.524,0.118,0.687,0.782,0.188,0.693,0.126,0.693,0.549,0.199,0.622,0.782,0.437,0.622,0.803,0.187,0.171,0.888,0.649,0.213,0.151,0.417,0.782,0.127,0.649,0.535,0.622,0.187,0.303,0.297,0.806,0.569,0.194,0.21,0.377,0.622,0.803,0.649,0.529,0.782,0.159,0.649,0.803,0.151,0.241,0.176,0.569,0.649,0.693,0.073,0.077,0.622,0.687,0.803,0.44,1.0,0.782,0.764,0.829,0.28,0.303,0.212,0.693,0.209,0.782,0.608,0.622,0.693,0.785,0.622,0.28,0.065,0.213,0.782,0.803,0.622,0.151,0.782,0.622,0.622,0.118,0.741,0.152,0.693,0.198,0.488,0.252,0.695,0.488,0.653,0.888,0.846,0.656,0.377,0.187,0.803,0.803,0.187,0.138,0.693,0.529,0.478,0.803,0.375,0.782,0.093,0.14,0.14,0.117,0.782,0.569,0.693,0.488,0.606,0.687,0.1,0.693,0.231,0.224,0.516,0.782,0.159,0.187,0.693,0.103,0.782,0.263,0.782,0.509,0.803,0.622,0.529,0.5,0.488,0.693,0.693,0.693,0.622,0.693,0.253,0.622,0.1,0.187,0.86,0.649,0.209,0.187,0.211,0.067,0.225,0.283,0.509,0.278,0.152,0.47,0.782,0.197,0.187,0.803,0.782,0.693,0.529,0.608,0.103,0.408,0.622,0.646,0.606,0.213,0.203,0.803,0.136,0.782,0.303,0.608,0.782,0.136,0.693,0.2,0.89,0.693,0.693,0.782,0.238,0.782,0.693,0.151,0.782,0.782
0.507,0.36,0.386,0.185,0.398,0.15,0.49,0.377,0.397,0.424,0.23,0.291,0.258,0.35,0.378,0.34,0.292,0.547,0.113,0.486,0.717,0.239,0.719,0.311,0.412,0.635,0.427,0.421,0.273,0.396,0.166,0.218,0.141,0.448,0.18,0.44,0.378,0.383,0.447,0.175,0.431,0.756,0.417,0.413,0.34,0.34,0.324,0.325,0.33,0.355,0.225,0.315,0.915,0.393,0.314,0.284,0.48,0.136,0.262,0.422,0.313,0.277,0.489,0.214,0.831,0.212,0.307,0.487,0.107,0.18,0.25,0.408,0.262,0.769,0.069,0.341,0.256,0.202,0.158,0.296,0.145,0.326,0.325,0.243,0.915,0.189,0.915,0.34,0.134,0.684,0.455,0.239,0.902,0.663,1.0,0.225,0.322,0.407,0.245,0.234,0.372,1.0,0.246,0.331,0.62,0.847,0.509,0.278,0.218,0.288,0.826,0.283,0.279,0.281,0.449,0.585,0.303,0.396,0.594,0.146,0.4,0.456,0.383,0.206,0.23,0.456,0.284,0.915,0.098,0.367,0.497,0.573,0.338,0.251,0.782,1.0,0.454,0.348,0.224,0.264,0.245,0.544,0.185,0.451,0.459,0.38,0.498,0.448,0.403,0.204,0.14,0.279,1.0,0.293,0.847,0.254,0.538,0.428,0.525,0.254,0.337,0.831,0.391,0.248,0.594,0.35,0.36,0.273,0.391,0.36,0.269,0.336,0.291,1.0,0.466,0.663,1.0,0.181,0.43,0.37,0.234,0.644,0.258,0.497,0.191,0.104,0.192,0.139,1.0,0.308,0.334,0.271,0.516,0.346,0.123,0.438,0.23,0.161,0.351,0.491,0.189,0.393,0.388,0.259,1.0,0.184,0.437,0.466,0.376,0.847,0.756,0.394,0.246,0.915,0.416,0.915,0.329,0.378,0.291,0.367,0.237,0.364,0.323,0.325,0.172,0.49,0.26,0.22,0.232,0.299,0.232,0.192,0.189,0.233,0.392,0.31,1.0,0.449,0.525,0.365,0.756,0.3,0.176,0.268,0.847,0.287,0.401,0.215,0.372,0.334,0.237,0.443,0.347,0.507,0.559,0.162,0.367,0.375,0.413,0.329,0.444,0.514,0.198,0.404,0.915,0.383,0.493,0.376
0.42,0.248,0.377,0.244,0.388,0.12,0.771,0.325,0.263,0.552,0.162,0.202,0.186,0.306,0.339,0.376,0.266,0.479,0.132,0.35,0.717,0.204,1.0,0.389,0.489,0.648,0.211,0.318,0.214,0.243,0.113,0.194,0.107,0.478,0.224,0.6,0.483,0.407,0.37,0.167,0.399,0.769,0.408,0.313,0.28,0.349,0.336,0.333,0.377,0.39,0.268,0.379,1.0,0.514,0.166,0.234,0.365,0.093,0.209,0.461,0.309,0.21,0.349,0.27,0.837,0.242,0.404,0.384,0.178,0.153,0.629,0.452,0.338,0.753,0.048,0.473,0.095,0.154,0.125,0.343,0.368,0.399,0.418,0.321,0.815,0.125,1.0,0.233,0.144,0.446,0.345,0.328,0.736,0.678,1.0,0.169,0.333,0.497,0.174,0.185,0.374,0.915,0.171,0.384,0.604,0.736,0.338,0.213,0.218,0.344,0.881,0.155,0.233,0.273,0.365,0.403,0.294,0.439,0.375,0.18,0.284,0.293,0.383,0.207,0.3,0.343,0.368,1.0,0.145,0.436,0.358,0.515,0.482,0.242,0.764,0.454,1.0,0.447,0.239,0.23,0.182,0.566,0.202,0.371,0.283,0.282,0.329,0.573,0.406,0.298,0.199,0.235,0.915,0.403,0.902,0.239,0.395,0.504,0.307,0.254,0.299,0.837,0.461,0.173,0.596,0.333,0.435,0.234,0.402,0.248,0.276,0.406,0.289,1.0,0.352,0.678,1.0,0.143,0.34,0.218,0.183,0.407,0.247,0.365,0.329,0.131,0.171,0.112,0.915,0.329,0.392,0.22,0.509,0.347,0.085,0.314,0.165,0.119,0.321,0.357,0.176,0.248,0.335,0.154,0.915,0.162,0.53,0.4,0.35,0.736,0.769,0.473,0.315,1.0,0.358,0.815,0.275,0.342,0.272,0.319,0.144,0.27,0.271,0.306,0.191,0.25,0.164,0.099,0.249,0.256,0.237,0.166,0.189,0.232,0.43,0.414,1.0,0.366,0.418,0.322,0.769,0.175,0.188,0.248,0.736,0.336,0.227,0.173,0.316,0.459,0.205,0.397,0.262,0.42,0.395,0.172,0.547,0.234,0.257,0.313,0.328,0.362,0.203,0.411,0.815,0.383,0.385,0.421
0.552,0.274,0.469,0.398,0.385,0.094,0.771,0.33,0.25,0.455,0.127,0.197,0.132,0.265,0.336,0.337,0.31,0.301,0.255,0.331,0.164,0.18,0.59,0.433,0.362,0.366,0.123,0.229,0.33,0.271,0.054,0.125,0.107,0.358,0.152,0.251,0.367,0.328,0.388,0.092,0.332,0.395,0.344,0.369,0.126,0.377,0.453,0.362,0.283,0.27,0.219,0.358,0.567,0.421,0.187,0.387,0.405,0.119,0.169,0.304,0.222,0.252,0.343,0.176,0.202,0.259,0.248,0.313,0.167,0.134,0.337,0.443,0.32,0.606,0.03,0.375,0.058,0.092,0.083,0.36,0.412,0.365,0.332,0.272,0.567,0.103,0.567,0.217,0.133,0.273,0.333,0.255,0.565,0.625,0.241,0.125,0.372,0.306,0.114,0.12,0.246,0.662,0.084,0.312,0.627,0.493,0.128,0.161,0.177,0.438,0.695,0.104,0.376,0.194,0.286,0.365,0.281,0.299,0.369,0.125,0.395,0.306,0.275,0.141,0.187,0.283,0.343,0.567,0.081,0.245,0.314,0.679,0.34,0.235,0.829,0.348,0.447,1.0,0.158,0.26,0.102,0.406,0.152,0.349,0.333,0.276,0.304,0.475,0.254,0.19,0.141,0.234,0.662,0.364,0.493,0.118,0.355,0.497,0.261,0.251,0.299,0.202,0.323,0.116,0.651,0.222,0.386,0.215,0.391,0.345,0.338,0.394,0.219,0.241,0.342,0.625,0.241,0.231,0.348,0.208,0.223,0.369,0.214,0.342,0.113,0.089,0.119,0.084,0.662,0.309,0.419,0.216,0.454,0.352,0.087,0.292,0.13,0.156,0.337,0.347,0.11,0.13,0.289,0.056,0.662,0.141,0.37,0.407,0.283,0.493,0.395,0.239,0.314,0.567,0.298,0.567,0.271,0.298,0.152,0.283,0.067,0.157,0.396,0.303,0.161,0.133,0.208,0.049,0.13,0.247,0.221,0.242,0.137,0.187,0.379,0.143,0.241,0.33,0.351,0.286,0.395,0.234,0.218,0.271,0.493,0.446,0.226,0.105,0.19,0.319,0.082,0.356,0.181,0.552,0.356,0.135,0.454,0.159,0.342,0.307,0.337,0.347,0.151,0.385,0.567,0.275,0.373,0.397
0.163,0.126,0.233,0.088,0.193,0.062,0.19,0.159,0.14,0.211,0.109,0.15,0.11,0.166,0.214,0.161,0.119,0.174,0.067,0.208,0.173,0.189,0.235,0.203,0.195,0.406,0.193,0.14,0.188,0.13,0.083,0.241,0.073,0.181,0.114,0.182,0.237,0.175,0.188,0.15,0.221,0.26,0.36,0.126,0.179,0.196,0.206,0.132,0.143,0.138,0.19,0.161,0.341,0.229,0.083,0.179,0.222,0.043,0.192,0.185,0.226,0.113,0.202,0.23,0.214,0.129,0.171,0.216,0.179,0.108,0.143,0.226,0.148,0.26,0.041,0.195,0.065,0.104,0.098,0.261,0.229,0.163,0.211,0.183,0.341,0.106,0.341,0.142,0.209,0.199,0.19,0.19,0.307,0.222,0.273,0.203,0.165,0.191,0.16,0.214,0.149,0.383,0.106,0.202,0.213,0.307,0.17,0.161,0.225,0.235,0.28,0.16,0.144,0.137,0.276,0.226,0.221,0.156,0.203,0.322,0.282,0.156,0.296,0.083,0.131,0.169,0.158,0.341,0.041,0.113,0.159,0.191,0.398,0.152,0.28,0.224,0.239,0.158,1.0,0.137,0.136,0.221,0.199,0.232,0.137,0.136,0.224,0.196,0.264,0.65,0.351,0.097,0.383,0.175,0.307,0.215,0.238,0.241,0.185,0.258,0.2,0.214,0.385,0.152,0.193,0.119,0.177,0.174,0.168,0.131,0.139,0.269,0.347,0.273,0.166,0.222,0.273,0.089,0.164,0.117,0.086,0.239,0.18,0.203,0.109,0.197,0.224,0.147,0.383,0.202,0.244,0.155,0.162,0.142,0.069,0.287,0.113,0.088,0.132,0.195,0.226,0.15,0.23,0.143,0.383,0.087,0.2,0.112,0.134,0.307,0.26,0.148,0.157,0.341,0.397,0.341,0.137,0.218,0.179,0.13,0.15,0.174,0.122,0.245,0.161,0.172,0.124,0.243,0.138,0.147,0.105,0.163,0.203,0.166,0.334,0.108,0.273,0.167,0.223,0.156,0.26,0.089,0.117,0.117,0.307,0.16,0.128,0.094,0.131,0.228,0.169,0.235,0.19,0.163,0.25,0.191,0.233,0.23,0.147,0.164,0.217,0.206,0.242,0.278,0.341,0.296,0.211,0.169
0.281,0.164,0.312,0.158,0.294,0.187,0.771,0.172,0.179,0.258,0.202,0.169,0.168,0.166,0.336,0.336,0.18,0.29,0.138,0.251,0.164,0.194,0.251,0.202,0.248,0.222,0.196,0.293,0.204,0.153,0.071,0.14,0.125,0.247,0.323,0.171,0.202,0.197,0.552,0.121,0.241,0.268,0.219,0.238,0.273,0.179,0.228,0.311,0.251,0.213,0.226,0.184,0.349,0.265,0.115,0.23,0.259,0.112,0.181,0.295,0.158,0.291,0.313,0.097,0.196,0.155,0.248,0.233,0.069,0.158,1.0,0.205,0.193,0.268,0.051,0.203,0.101,0.138,0.108,0.363,0.059,0.197,0.215,0.202,0.349,0.129,0.349,0.134,0.109,0.313,0.249,0.19,0.315,0.242,0.241,0.221,0.195,0.285,0.159,0.155,0.19,0.392,0.168,0.168,0.23,0.315,0.231,0.238,0.168,0.202,0.288,0.091,0.376,0.297,0.177,0.295,0.179,0.2,0.3,0.115,0.227,0.246,0.207,0.409,0.187,0.214,0.219,0.349,0.081,0.099,0.42,0.321,0.195,0.117,0.303,0.264,0.23,0.26,0.137,1.0,0.112,0.31,0.118,0.245,0.201,0.166,0.298,0.21,0.224,0.131,0.079,0.234,0.392,0.183,0.315,0.171,0.261,0.265,0.282,0.148,0.156,0.196,0.215,0.208,0.21,0.276,0.337,0.124,0.328,0.18,0.169,0.216,0.295,0.241,0.2,0.242,0.241,0.231,0.221,0.184,0.172,0.312,0.158,0.305,0.274,0.087,0.108,0.116,0.392,0.25,0.169,0.144,0.177,0.233,0.101,0.199,0.204,0.15,0.169,0.317,0.118,0.147,0.186,0.105,0.392,0.112,0.279,0.264,0.319,0.315,0.268,0.22,0.197,0.349,0.205,0.349,0.154,0.198,0.204,0.172,0.094,0.141,0.441,0.171,0.109,0.18,0.212,0.072,0.236,0.124,0.137,0.111,0.122,0.137,0.188,0.113,0.241,0.213,0.248,0.161,0.268,0.148,0.114,0.139,0.315,0.195,0.212,0.17,0.264,0.208,0.14,0.23,0.269,0.281,0.275,0.129,0.194,0.198,0.253,0.16,0.21,0.279,0.117,0.479,0.349,0.207,0.23,0.228
0.14,0.179,0.107,0.032,0.155,0.094,0.144,0.127,0.301,0.178,0.246,0.254,0.277,0.291,0.234,0.174,0.084,0.175,0.135,0.145,0.127,0.153,0.171,0.184,0.169,0.137,0.208,0.198,0.159,0.236,0.136,0.196,0.146,0.224,0.088,0.674,0.221,0.182,0.188,0.139,0.138,0.161,0.213,0.146,0.171,0.105,0.119,0.198,0.193,0.183,0.12,0.136,0.272,0.229,0.068,0.106,0.188,0.072,0.242,0.191,0.36,0.109,0.176,0.199,0.168,0.145,0.189,0.142,0.17,0.121,0.122,0.17,0.144,0.161,0.037,0.188,0.084,0.218,0.216,0.158,0.048,0.088,0.277,0.358,0.272,0.178,0.272,0.312,0.082,0.193,0.246,0.114,0.226,0.144,0.23,0.172,0.176,0.291,0.325,0.184,0.214,0.327,0.201,0.154,0.157,0.226,0.217,0.132,0.14,0.116,0.19,0.095,0.067,0.177,0.16,0.263,0.089,0.238,0.204,0.068,0.165,0.147,0.261,0.109,0.16,0.111,0.184,0.272,0.03,0.287,0.249,0.133,0.156,0.139,0.212,0.245,0.182,0.102,0.136,0.112,1.0,0.183,0.122,0.176,0.128,0.285,0.164,0.123,0.341,0.154,0.088,0.063,0.327,0.173,0.226,0.237,0.169,0.133,0.144,0.228,0.114,0.168,0.235,0.277,0.121,0.33,0.218,0.077,0.134,0.249,0.161,0.159,0.122,0.23,0.169,0.144,0.23,0.143,0.238,0.117,0.201,0.19,0.246,0.182,0.28,0.056,0.135,0.102,0.327,0.193,0.103,0.067,0.097,0.172,0.12,0.143,0.209,0.047,0.103,0.165,0.147,0.224,0.151,0.23,0.327,0.139,0.204,0.653,0.27,0.226,0.161,0.187,0.094,0.272,0.141,0.272,0.384,0.151,0.25,0.379,0.179,0.232,0.105,0.283,0.106,0.226,0.173,0.096,0.196,0.073,0.296,0.169,0.163,0.181,0.122,0.85,0.23,0.259,0.153,0.18,0.161,0.082,0.177,0.065,0.226,0.101,0.092,0.154,0.148,0.17,0.245,0.189,0.204,0.14,0.172,0.195,0.118,0.185,0.11,0.272,0.131,0.252,0.141,0.134,0.272,0.261,0.313,0.168
0.417,0.317,0.39,0.157,0.526,0.11,0.45,0.492,0.387,0.572,0.22,0.235,0.197,0.414,1.0,0.395,0.292,0.49,0.106,0.523,0.334,0.261,0.622,0.359,0.497,0.531,0.239,0.451,0.25,0.295,0.089,0.202,0.138,0.506,0.319,0.396,0.568,0.433,0.552,0.131,0.554,0.627,0.501,0.407,0.292,0.461,0.292,0.358,0.366,0.385,0.308,0.451,0.815,0.516,0.227,0.283,0.505,0.118,0.212,0.641,0.313,0.262,0.53,0.223,0.388,0.271,0.449,0.483,0.113,0.168,0.629,0.524,0.349,0.881,0.049,0.432,0.103,0.156,0.147,0.304,0.208,0.381,0.491,0.204,1.0,0.158,0.815,0.254,0.14,0.555,0.521,0.408,0.791,0.556,0.469,0.18,0.351,0.479,0.203,0.206,0.358,0.915,0.187,0.35,0.841,0.902,0.316,0.258,0.271,0.302,1.0,0.163,0.762,0.392,0.39,0.557,0.269,0.402,0.548,0.139,0.325,0.394,0.467,0.267,0.31,0.492,0.349,0.815,0.089,0.193,0.497,0.49,0.415,0.264,0.693,0.544,0.566,0.406,0.221,0.31,0.183,1.0,0.19,0.517,0.259,0.41,0.493,0.461,0.528,0.215,0.151,0.3,0.915,0.347,0.736,0.253,0.548,0.498,0.421,0.282,0.307,0.388,0.442,0.205,1.0,0.336,0.442,0.356,0.407,0.352,0.268,0.395,0.297,0.469,0.467,0.556,0.469,0.148,0.481,0.296,0.257,0.594,0.252,0.537,0.511,0.084,0.105,0.107,0.915,0.367,0.391,0.348,0.416,0.346,0.099,0.45,0.199,0.174,0.378,0.53,0.162,0.22,0.424,0.16,0.915,0.185,0.543,0.4,0.355,0.902,0.627,0.533,0.311,0.815,0.443,1.0,0.368,0.425,0.269,0.383,0.116,0.214,0.391,0.292,0.188,0.216,0.166,0.073,0.281,0.265,0.268,0.153,0.189,0.27,0.475,0.253,0.469,0.487,0.565,0.423,0.627,0.247,0.211,0.278,0.902,0.376,0.31,0.178,0.305,0.508,0.18,0.514,0.263,0.417,0.547,0.097,0.404,0.246,0.363,0.377,0.499,0.541,0.206,0.523,1.0,0.467,0.513,0.541
0.125,0.104,0.13,0.113,0.158,0.049,0.152,0.13,0.132,0.179,0.101,0.151,0.082,0.231,0.127,0.111,0.143,0.141,0.041,0.17,0.139,0.145,0.317,0.122,0.146,0.161,0.193,0.127,0.301,0.097,0.064,0.197,0.108,0.152,0.139,0.146,0.168,0.122,0.15,0.214,0.186,0.17,0.19,0.106,0.152,0.123,0.132,0.089,0.107,0.112,0.318,0.216,0.239,0.176,0.068,0.169,0.146,0.066,0.165,0.128,0.192,0.084,0.173,0.164,0.165,0.133,0.123,0.164,0.172,0.099,0.081,0.166,0.111,0.17,0.043,0.143,0.071,0.093,0.1,0.112,0.107,0.139,0.254,0.163,0.239,0.113,0.239,0.108,0.124,0.179,0.165,0.219,0.209,0.159,0.212,0.118,0.147,0.128,0.136,0.174,0.129,0.276,0.103,0.159,0.161,0.209,0.145,0.11,0.319,0.185,0.187,0.193,0.09,0.124,0.133,0.194,0.124,0.112,0.173,0.137,0.173,0.154,0.232,0.094,0.075,0.133,0.1,0.239,0.047,0.087,0.13,0.148,0.181,0.249,0.209,0.185,0.202,0.152,0.199,0.118,0.122,0.19,1.0,0.295,0.16,0.115,0.207,0.179,0.147,0.2,0.19,0.085,0.276,0.131,0.209,0.176,0.186,0.161,0.16,0.362,0.167,0.165,0.197,0.16,0.138,0.107,0.131,0.123,0.126,0.116,0.123,0.197,0.195,0.212,0.131,0.159,0.212,0.057,0.126,0.105,0.093,0.195,0.139,0.177,0.099,0.091,0.108,0.793,0.276,0.182,0.149,0.124,0.121,0.094,0.089,0.148,0.113,0.067,0.162,0.173,0.235,0.139,0.226,0.092,0.276,0.118,0.175,0.094,0.108,0.209,0.17,0.121,0.092,0.239,0.168,0.239,0.128,0.299,0.144,0.133,0.16,0.148,0.095,0.135,0.769,0.176,0.088,0.155,0.11,0.123,0.159,0.235,0.12,0.101,0.203,0.096,0.212,0.135,0.172,0.139,0.17,0.086,0.102,0.124,0.209,0.176,0.116,0.073,0.118,0.161,0.129,0.308,0.214,0.125,0.197,0.12,0.182,0.18,0.136,0.142,0.154,0.181,0.386,0.152,0.239,0.232,0.16,0.152
0.507,0.282,0.343,0.185,0.368,0.123,0.49,0.33,0.32,0.4,0.177,0.254,0.157,0.316,0.378,0.259,0.233,0.277,0.113,0.452,0.188,0.185,0.686,0.262,0.399,0.635,0.207,0.296,0.368,0.251,0.076,0.202,0.112,0.379,0.167,0.44,0.331,0.211,0.42,0.274,0.424,0.756,0.389,0.337,0.171,0.26,0.322,0.217,0.226,0.205,0.558,0.344,0.915,0.398,0.132,0.319,0.458,0.129,0.189,0.31,0.37,0.245,0.479,0.207,0.217,0.182,0.293,0.506,0.191,0.157,0.25,0.39,0.192,0.756,0.054,0.3,0.098,0.141,0.113,0.214,0.145,0.295,0.369,0.243,0.915,0.132,0.915,0.216,0.125,0.341,0.411,0.357,0.847,0.663,0.259,0.165,0.28,0.338,0.178,0.171,0.218,1.0,0.122,0.311,0.62,0.847,0.172,0.23,0.529,0.272,0.795,0.22,0.279,0.21,0.287,0.604,0.294,0.281,0.52,0.175,0.383,0.453,0.204,0.203,0.224,0.446,0.22,0.915,0.098,0.106,0.336,0.567,0.309,0.304,0.782,0.451,0.371,0.349,0.232,0.245,0.176,0.517,0.295,1.0,0.25,0.305,0.541,0.391,0.274,0.213,0.158,0.279,1.0,0.245,0.847,0.174,0.528,0.398,0.583,0.418,0.331,0.217,0.376,0.211,0.594,0.18,0.303,0.258,0.252,0.34,0.222,0.363,0.277,0.259,0.432,0.663,0.259,0.181,0.379,0.341,0.21,0.69,0.188,0.491,0.136,0.119,0.138,0.267,1.0,0.483,0.326,0.269,0.516,0.202,0.109,0.412,0.194,0.148,0.305,0.482,0.219,0.16,0.626,0.112,1.0,0.169,0.382,0.466,0.207,0.847,0.756,0.223,0.19,0.915,0.407,0.915,0.284,0.6,0.221,0.334,0.203,0.169,0.303,0.229,0.244,0.187,0.147,0.137,0.181,0.159,0.21,0.224,0.123,0.193,0.366,0.31,0.259,0.437,0.516,0.281,0.756,0.301,0.14,0.26,0.847,0.315,0.43,0.167,0.166,0.301,0.146,0.606,0.255,0.507,0.57,0.177,0.36,0.201,0.451,0.271,0.394,0.491,0.274,0.383,0.915,0.204,0.434,0.351
1.0,0.2,0.242,0.238,0.212,0.077,0.235,0.269,0.28,0.239,0.147,0.214,0.117,0.285,0.18,0.234,0.213,0.428,0.09,0.261,0.837,0.245,0.349,0.18,0.221,0.256,0.244,0.386,0.261,0.181,0.08,0.252,0.279,0.199,0.122,0.251,0.206,0.286,0.373,0.14,0.225,0.257,0.217,0.213,0.418,0.191,0.231,0.23,0.182,0.242,0.147,0.288,0.417,0.235,0.169,0.251,0.26,0.174,0.179,0.206,0.166,0.18,0.269,0.148,1.0,0.225,0.216,0.256,0.081,0.205,0.165,0.238,0.158,0.297,0.07,0.23,0.152,0.112,0.126,0.169,0.078,0.184,0.215,0.114,0.417,0.16,0.417,0.186,0.151,0.566,0.255,0.126,0.409,0.415,0.831,0.133,0.215,0.207,0.159,0.278,0.292,0.507,0.134,0.169,0.307,0.348,0.463,0.155,0.135,0.21,0.344,0.105,0.169,0.188,0.152,0.324,0.179,0.245,0.306,0.11,0.347,0.321,0.38,0.112,0.101,0.207,0.181,0.417,0.153,0.154,0.316,0.647,0.184,0.125,0.608,0.459,0.283,0.333,0.137,0.201,0.128,0.259,0.16,0.25,1.0,0.196,0.295,0.233,0.226,0.14,0.1,0.117,0.507,0.188,0.348,0.289,0.284,0.274,0.246,0.199,0.215,1.0,0.23,0.19,0.274,0.308,0.284,0.151,0.331,0.229,0.234,0.244,0.181,0.831,0.236,0.415,0.831,0.103,0.232,0.165,0.18,0.318,0.215,0.266,0.146,0.064,0.117,0.154,0.507,0.175,0.192,0.15,0.288,0.185,0.172,0.218,0.15,0.101,0.195,0.262,0.154,0.371,0.197,0.113,0.507,0.242,0.254,0.31,0.206,0.348,0.257,0.179,0.146,0.417,0.23,0.417,0.268,0.229,0.196,0.222,0.11,0.315,0.223,0.195,0.193,0.419,0.192,0.073,0.176,0.163,0.174,0.128,0.127,0.17,0.221,0.157,0.831,0.234,0.268,0.191,0.257,0.286,0.198,0.134,0.348,0.29,0.198,0.102,0.426,0.211,0.151,0.251,0.173,1.0,0.283,0.09,0.218,0.43,0.286,0.201,0.237,0.358,0.175,0.245,0.417,0.38,0.255,0.205
0.409,0.2,0.247,0.136,0.344,0.069,0.418,0.362,0.412,0.341,0.126,0.177,0.156,0.351,0.307,0.301,0.176,0.298,0.208,0.385,0.147,0.187,0.622,0.317,0.293,0.449,0.188,0.255,0.157,0.269,0.107,0.239,0.119,0.356,0.126,0.674,0.24,0.265,0.324,0.1,0.32,0.521,0.265,0.298,0.237,0.228,0.243,0.273,0.291,0.201,0.129,0.219,0.736,0.344,0.102,0.219,0.46,0.157,0.137,0.243,0.172,0.158,0.342,0.21,0.181,0.182,0.216,0.36,0.057,0.203,0.178,0.304,0.298,0.639,0.075,0.228,0.085,0.098,0.106,0.233,0.119,0.238,0.217,0.172,0.736,0.161,0.736,0.222,0.114,0.281,0.315,0.151,1.0,0.472,0.231,0.11,0.298,0.251,0.126,0.301,0.176,0.847,0.162,0.29,0.455,0.645,0.184,0.159,0.134,0.188,0.705,0.095,0.196,0.233,0.274,0.484,0.183,0.277,0.4,0.129,0.338,0.323,0.383,0.16,0.16,0.299,0.366,0.736,0.081,0.417,0.331,0.49,0.215,0.162,0.622,0.38,0.282,0.276,0.136,0.166,0.285,0.41,0.115,0.305,0.196,1.0,0.372,0.328,0.23,0.122,0.061,0.201,0.847,0.256,0.645,0.273,0.428,0.34,0.369,0.131,0.199,0.181,0.251,0.164,0.485,0.271,0.233,0.204,0.229,0.395,0.189,0.252,0.174,0.231,0.407,0.472,0.231,0.114,0.403,0.32,0.22,0.475,0.157,0.348,0.097,0.105,0.234,0.085,0.847,0.209,0.229,0.195,0.339,0.32,0.106,0.346,0.139,0.093,0.236,0.341,0.128,0.144,0.253,0.085,0.847,0.189,0.312,0.653,0.235,0.645,0.521,0.18,0.147,0.736,0.324,0.736,0.527,0.252,0.179,0.541,0.079,0.191,0.257,0.198,0.217,0.261,0.195,0.053,0.127,0.135,0.308,0.172,0.131,0.17,0.277,0.85,0.231,0.412,0.389,0.321,0.521,0.216,0.095,0.189,0.645,0.218,0.247,0.105,0.163,0.23,0.118,0.296,0.158,0.409,0.426,0.1,0.275,0.176,0.278,0.202,0.331,0.362,0.131,0.315,0.736,0.383,0.51,0.284
0.417,0.323,0.4,0.199,0.422,0.134,0.45,0.41,0.437,0.382,0.204,0.234,0.184,0.389,0.339,0.265,0.267,0.323,0.16,0.565,0.166,0.206,0.586,0.275,0.44,0.531,0.213,0.317,0.285,0.279,0.083,0.225,0.192,0.374,0.191,0.396,0.329,0.275,0.491,0.192,0.509,0.627,0.467,0.344,0.218,0.358,0.322,0.219,0.218,0.204,0.216,0.305,0.815,0.389,0.172,0.325,0.513,0.17,0.217,0.337,0.28,0.249,0.614,0.209,0.197,0.235,0.25,0.601,0.108,0.215,0.209,0.395,0.207,0.627,0.078,0.289,0.152,0.144,0.118,0.23,0.131,0.36,0.32,0.342,1.0,0.129,0.815,0.231,0.179,0.366,0.53,0.233,0.736,0.556,0.243,0.185,0.326,0.329,0.209,0.251,0.23,0.915,0.122,0.35,0.527,0.902,0.166,0.258,0.239,0.309,0.674,0.167,0.233,0.252,0.341,0.663,0.293,0.291,0.595,0.217,0.406,0.536,0.34,0.233,0.187,0.484,0.221,0.815,0.155,0.156,0.385,0.48,0.297,0.232,0.693,0.498,0.329,0.304,0.224,0.298,0.164,0.493,0.207,0.541,0.295,0.372,1.0,0.375,0.29,0.208,0.137,0.235,0.915,0.261,0.736,0.251,0.584,0.392,0.624,0.237,0.316,0.197,0.367,0.211,0.484,0.177,0.273,0.314,0.28,0.429,0.221,0.346,0.305,0.243,0.488,0.556,0.243,0.143,0.411,0.411,0.24,0.812,0.177,0.624,0.114,0.144,0.173,0.173,0.915,0.293,0.388,0.394,0.416,0.211,0.122,0.499,0.203,0.18,0.348,0.615,0.205,0.157,0.417,0.108,0.915,0.224,0.391,0.4,0.204,0.902,0.627,0.215,0.229,0.815,0.613,1.0,0.375,0.414,0.211,0.318,0.142,0.166,0.334,0.235,0.195,0.204,0.174,0.107,0.181,0.204,0.222,0.18,0.117,0.2,0.418,0.253,0.243,0.455,0.524,0.401,0.627,0.32,0.115,0.297,0.902,0.336,0.475,0.181,0.159,0.326,0.143,0.504,0.252,0.417,0.625,0.227,0.37,0.234,0.514,0.299,0.485,0.59,0.242,0.456,1.0,0.34,0.488,0.352
0.507,0.248,0.444,0.285,0.423,0.078,0.771,0.384,0.289,0.572,0.145,0.199,0.147,0.308,0.378,0.362,0.333,0.431,0.174,0.414,0.292,0.209,1.0,0.528,0.493,0.648,0.172,0.267,0.222,0.252,0.072,0.178,0.116,0.463,0.164,0.44,0.426,0.458,0.401,0.111,0.394,0.769,0.407,0.339,0.185,0.547,0.317,0.34,0.352,0.378,0.25,0.379,1.0,0.51,0.217,0.245,0.421,0.118,0.184,0.396,0.289,0.174,0.387,0.224,0.358,0.278,0.314,0.429,0.194,0.162,0.337,0.462,0.443,0.808,0.044,0.444,0.081,0.107,0.1,0.322,0.544,0.586,0.399,0.255,0.915,0.134,1.0,0.278,0.154,0.346,0.382,0.283,0.847,0.678,0.454,0.139,0.364,0.396,0.14,0.174,0.312,1.0,0.113,0.41,0.62,0.847,0.18,0.211,0.202,0.41,0.891,0.137,0.762,0.234,0.357,0.408,0.322,0.365,0.431,0.166,0.309,0.313,0.383,0.17,0.235,0.331,0.406,1.0,0.098,0.523,0.349,0.567,0.485,0.259,0.785,0.448,0.573,0.475,0.196,0.21,0.123,0.461,0.179,0.391,0.233,0.328,0.375,1.0,0.344,0.241,0.185,0.279,1.0,0.509,0.902,0.18,0.442,0.567,0.308,0.29,0.323,0.358,0.389,0.139,0.594,0.21,0.336,0.339,0.412,0.287,0.3,0.358,0.274,0.454,0.39,0.678,0.454,0.231,0.389,0.242,0.234,0.421,0.177,0.387,0.146,0.118,0.149,0.094,1.0,0.312,0.417,0.306,0.647,0.434,0.088,0.347,0.152,0.167,0.389,0.417,0.146,0.163,0.34,0.102,1.0,0.168,0.456,0.466,0.27,0.847,0.769,0.36,0.344,1.0,0.4,0.915,0.308,0.364,0.2,0.363,0.095,0.197,0.305,0.257,0.187,0.179,0.162,0.073,0.153,0.4,0.224,0.196,0.16,0.244,0.486,0.31,0.454,0.392,0.474,0.361,0.769,0.224,0.14,0.295,0.847,0.364,0.254,0.125,0.187,0.494,0.11,0.406,0.251,0.507,0.432,0.158,0.557,0.194,0.288,0.329,0.386,0.394,0.184,0.439,0.915,0.383,0.42,0.459
0.409,0.261,0.254,0.136,0.278,0.151,0.418,0.307,0.269,0.339,0.215,0.259,0.285,0.249,0.307,0.348,0.17,0.316,0.081,0.329,0.251,0.282,0.622,0.244,0.366,0.449,0.291,0.371,0.206,0.298,0.226,0.259,0.14,0.323,0.212,0.36,0.39,0.318,0.321,0.146,0.382,0.521,0.33,0.237,0.329,0.228,0.186,0.267,0.238,0.312,0.174,0.239,0.736,0.26,0.146,0.156,0.295,0.079,0.244,0.472,0.266,0.271,0.285,0.245,0.3,0.18,0.253,0.324,0.084,0.168,0.499,0.295,0.184,0.639,0.066,0.271,0.153,0.251,0.181,0.255,0.31,0.254,0.252,0.172,0.736,0.173,0.736,0.263,0.114,0.434,0.302,0.177,0.791,0.472,0.373,0.237,0.269,0.454,0.253,0.295,0.324,0.847,0.316,0.266,0.455,0.645,0.365,0.204,0.182,0.202,0.705,0.171,0.196,0.407,0.257,0.365,0.225,0.3,0.334,0.222,0.323,0.247,0.38,0.182,0.222,0.244,0.294,0.736,0.068,0.154,0.343,0.49,0.265,0.144,0.622,0.403,0.406,0.254,0.264,0.224,0.341,0.528,0.147,0.274,0.226,0.23,0.29,0.344,1.0,0.232,0.105,0.201,0.847,0.26,0.645,0.399,0.38,0.334,0.292,0.214,0.217,0.3,0.342,0.253,0.485,0.3,0.427,0.224,0.302,0.247,0.228,0.251,0.194,0.373,0.298,0.472,0.373,0.114,0.272,0.184,0.158,0.391,0.323,0.339,0.629,0.068,0.12,0.11,0.847,0.271,0.246,0.164,0.339,0.206,0.116,0.264,0.186,0.122,0.229,0.285,0.258,0.268,0.241,0.277,0.847,0.162,0.338,0.348,0.323,0.645,0.521,0.397,0.19,0.736,0.29,0.736,0.245,0.288,0.363,0.271,0.202,0.275,0.218,0.367,0.14,0.243,0.209,0.12,0.403,0.184,0.175,0.153,0.205,0.25,0.29,0.205,0.373,0.286,0.347,0.245,0.521,0.149,0.195,0.178,0.645,0.188,0.205,0.218,0.289,0.32,0.431,0.286,0.236,0.409,0.357,0.095,0.282,0.273,0.22,0.308,0.366,0.34,0.162,0.441,0.736,0.38,0.315,0.314
0.163,0.116,0.246,0.101,0.21,0.098,0.243,0.157,0.137,0.245,0.123,0.135,0.123,0.158,0.228,0.202,0.138,0.193,0.065,0.156,0.173,0.169,0.235,0.267,0.255,0.406,0.163,0.134,0.204,0.13,0.096,0.188,0.093,0.229,0.097,0.182,0.258,0.2,0.176,0.178,0.174,0.26,0.337,0.119,0.138,0.223,0.237,0.15,0.248,0.19,0.199,0.21,0.341,0.292,0.082,0.19,0.193,0.058,0.218,0.216,0.252,0.099,0.179,0.213,0.214,0.142,0.287,0.216,0.201,0.127,0.153,0.272,0.184,0.26,0.031,0.245,0.074,0.14,0.095,0.282,0.229,0.168,0.233,0.288,0.341,0.11,0.341,0.175,0.298,0.168,0.175,0.213,0.307,0.222,0.273,0.187,0.188,0.252,0.173,0.146,0.179,0.383,0.108,0.231,0.213,0.307,0.156,0.203,0.243,0.255,0.28,0.132,0.156,0.172,0.291,0.193,0.244,0.242,0.187,0.277,0.201,0.142,0.269,0.178,0.263,0.213,0.182,0.341,0.206,0.112,0.159,0.191,0.558,0.151,0.28,0.204,0.298,0.19,0.65,0.131,0.154,0.215,0.2,0.213,0.14,0.122,0.208,0.241,0.232,1.0,0.412,0.321,0.383,0.232,0.307,0.166,0.193,0.292,0.14,0.312,0.223,0.214,0.364,0.136,0.193,0.141,0.193,0.143,0.185,0.114,0.178,0.312,0.411,0.273,0.156,0.222,0.273,0.096,0.163,0.094,0.107,0.2,0.251,0.199,0.109,0.245,0.245,0.169,0.383,0.235,0.302,0.156,0.162,0.18,0.088,0.157,0.113,0.082,0.112,0.177,0.197,0.148,0.222,0.143,0.383,0.094,0.248,0.135,0.143,0.307,0.26,0.173,0.173,0.341,0.365,0.341,0.138,0.211,0.226,0.138,0.165,0.152,0.11,0.324,0.176,0.148,0.137,0.264,0.151,0.138,0.1,0.174,0.332,0.182,0.318,0.108,0.273,0.174,0.248,0.144,0.26,0.078,0.153,0.088,0.307,0.21,0.1,0.149,0.151,0.258,0.173,0.238,0.233,0.163,0.229,0.216,0.263,0.216,0.127,0.181,0.166,0.182,0.253,0.284,0.341,0.269,0.189,0.199
0.03,0.039,0.199,0.02,0.378,0.02,0.09,0.079,0.061,0.141,0.052,0.128,0.039,0.088,0.072,0.088,0.156,0.216,0.017,0.079,0.072,0.151,0.05,0.216,0.148,0.037,0.151,0.075,0.202,0.048,0.034,0.145,0.045,0.099,0.049,0.081,0.185,0.216,0.102,0.16,0.079,0.037,0.266,0.055,0.145,0.216,0.127,0.079,0.131,0.14,0.158,0.213,0.079,0.199,0.03,0.13,0.102,0.023,0.143,0.102,0.175,0.034,0.102,0.131,0.1,0.148,0.049,0.079,0.132,0.053,0.038,0.213,0.216,0.037,0.023,0.163,0.024,0.067,0.088,0.228,0.032,0.119,0.213,0.089,0.079,0.064,0.079,0.216,0.498,0.14,0.102,0.151,0.061,0.039,0.14,0.099,0.107,0.09,0.082,0.145,0.14,0.102,0.071,0.089,0.051,0.061,0.14,0.079,0.269,0.202,0.047,0.08,0.039,0.09,0.213,0.111,0.111,0.094,0.102,0.213,0.145,0.061,0.145,0.047,0.034,0.063,0.151,0.079,0.013,0.059,0.076,0.041,0.348,0.111,0.065,0.14,0.199,0.141,0.351,0.079,0.088,0.151,0.19,0.158,0.1,0.061,0.137,0.185,0.105,0.412,1.0,0.036,0.102,0.216,0.061,0.145,0.102,0.201,0.061,0.217,0.131,0.1,0.163,0.128,0.033,0.1,0.151,0.119,0.216,0.056,0.138,0.323,0.492,0.14,0.079,0.039,0.14,0.018,0.079,0.037,0.045,0.102,0.151,0.102,0.043,0.213,0.213,0.146,0.102,0.154,0.199,0.176,0.025,0.185,0.045,0.079,0.08,0.032,0.06,0.102,0.175,0.14,0.141,0.048,0.102,0.053,0.246,0.043,0.105,0.061,0.037,0.105,0.119,0.079,0.243,0.079,0.061,0.161,0.151,0.062,0.11,0.14,0.048,0.661,0.146,0.14,0.05,0.455,0.066,0.119,0.043,0.145,0.498,0.088,0.119,0.027,0.14,0.102,0.102,0.079,0.037,0.03,0.027,0.033,0.061,0.075,0.037,0.04,0.1,0.179,0.088,0.203,0.242,0.03,0.102,0.216,0.199,0.151,0.056,0.144,0.079,0.102,0.261,0.199,0.079,0.145,0.111,0.11
0.115,0.154,0.235,0.077,0.279,0.282,0.302,0.235,0.201,0.279,0.183,0.141,0.161,0.201,0.233,0.234,0.231,0.234,0.065,0.235,0.092,0.163,0.166,0.304,0.235,0.14,0.163,0.161,0.123,0.154,0.05,0.135,0.115,0.235,0.104,0.1,0.279,0.279,0.279,0.083,0.235,0.155,0.279,0.175,0.135,0.349,0.154,0.234,0.597,0.234,0.193,0.279,0.235,0.302,0.102,0.138,0.279,0.087,0.141,0.704,0.787,0.104,0.279,0.1,0.117,0.199,0.164,0.235,0.039,0.131,0.137,0.279,0.302,0.155,0.03,0.796,0.07,0.267,0.104,0.234,0.037,0.234,0.279,0.133,0.235,0.092,0.235,0.125,0.139,0.201,0.279,0.128,0.201,0.154,0.152,0.108,0.787,0.302,0.704,0.135,0.185,0.279,0.091,0.201,0.156,0.201,0.152,0.353,0.233,0.196,0.175,0.055,0.145,0.704,0.201,0.279,0.385,0.225,0.279,0.092,0.14,0.201,0.135,0.177,0.127,0.175,0.201,0.235,0.045,0.063,0.225,0.138,0.497,0.141,0.213,0.279,0.235,0.234,0.097,0.234,0.063,0.3,0.085,0.279,0.117,0.201,0.235,0.279,0.201,0.321,0.036,1.0,0.279,0.204,0.201,0.135,0.279,0.234,0.201,0.085,0.135,0.117,0.235,0.141,0.128,0.18,0.231,0.122,0.302,0.18,0.211,0.165,0.497,0.152,0.235,0.154,0.152,0.088,0.235,0.155,0.179,0.279,0.347,0.38,0.062,0.092,0.092,0.082,0.279,0.211,0.235,0.122,0.109,0.302,0.068,0.235,0.174,0.121,0.166,0.279,0.092,0.152,0.235,0.069,0.279,0.099,0.289,0.175,0.154,0.201,0.155,0.141,0.234,0.235,0.235,0.235,0.201,0.235,0.439,0.201,0.064,0.152,0.174,0.188,0.085,0.152,0.153,0.041,0.161,0.102,0.175,0.099,0.137,0.14,0.279,0.052,0.152,0.279,0.279,0.235,0.155,0.115,0.067,0.124,0.201,0.129,0.155,1.0,0.155,0.235,0.189,0.279,0.234,0.115,0.279,0.086,0.235,0.163,0.199,0.235,0.235,0.279,0.094,0.279,0.235,0.135,0.279,0.387
0.507,0.663,0.915,0.185,1.0,0.184,0.49,0.915,0.847,1.0,0.312,0.453,0.296,0.847,0.378,0.663,0.453,0.847,0.113,0.915,0.188,0.28,0.686,0.915,0.915,0.635,0.28,0.721,0.545,0.663,0.106,0.204,0.188,0.915,0.273,0.44,1.0,1.0,1.0,0.168,0.915,0.756,1.0,0.795,0.204,0.915,0.663,0.69,0.597,0.567,0.318,1.0,0.915,1.0,0.239,0.567,1.0,0.238,0.237,1.0,0.795,0.494,1.0,0.44,0.217,0.42,0.293,0.915,0.086,0.239,0.25,1.0,0.795,0.756,0.068,1.0,0.134,0.218,0.191,0.432,0.145,0.795,1.0,0.243,0.915,0.167,0.915,0.438,0.256,0.847,1.0,0.608,0.847,0.663,0.259,0.232,0.714,0.847,0.284,0.204,0.56,1.0,0.185,0.847,0.62,0.847,0.259,0.392,0.378,0.707,0.795,0.272,0.279,0.49,0.847,1.0,0.545,0.756,1.0,0.205,0.635,0.847,0.204,0.313,0.224,0.795,0.847,0.915,0.098,0.106,0.847,0.567,1.0,0.575,0.782,1.0,0.915,0.662,0.383,0.392,0.327,0.915,0.276,1.0,0.507,0.847,0.915,1.0,0.847,0.383,0.102,0.279,1.0,0.847,0.847,0.204,1.0,0.847,0.847,0.17,0.625,0.217,0.915,0.264,0.594,0.33,0.597,0.608,0.535,0.714,0.706,0.62,0.49,0.259,0.915,0.663,0.259,0.181,0.915,0.756,0.453,1.0,0.303,1.0,0.136,0.182,0.182,0.153,1.0,0.795,0.915,0.608,0.516,0.847,0.143,0.915,0.294,0.229,0.686,1.0,0.205,0.259,0.915,0.153,1.0,0.357,1.0,0.466,0.663,0.847,0.756,0.727,0.594,0.915,0.915,0.915,0.847,0.915,0.332,0.847,0.155,0.259,0.69,0.545,0.276,0.259,0.272,0.102,0.296,0.239,0.466,0.231,0.217,0.635,1.0,0.31,0.259,1.0,1.0,0.915,0.756,0.507,0.14,0.546,0.847,0.53,0.756,0.279,0.251,0.915,0.191,1.0,0.392,0.507,1.0,0.18,0.915,0.28,0.722,0.915,0.915,1.0,0.318,1.0,0.915,0.204,1.0,1.0
1.0,0.202,0.364,0.285,0.344,0.079,0.619,0.28,0.267,0.456,0.134,0.161,0.202,0.226,0.527,0.346,0.258,0.408,0.732,0.233,0.207,0.23,0.509,0.555,0.445,0.449,0.15,0.27,0.154,0.264,0.103,0.166,0.103,0.486,0.149,0.438,0.318,0.434,0.303,0.091,0.303,0.521,0.282,0.337,0.172,0.404,0.319,0.347,0.385,0.356,0.197,0.32,0.736,0.463,0.153,0.16,0.342,0.096,0.197,0.309,0.206,0.159,0.246,0.166,0.247,0.274,0.773,0.284,0.245,0.16,0.452,0.362,0.468,0.521,0.038,0.415,0.082,0.102,0.094,0.392,0.663,0.422,0.325,0.296,0.902,0.148,0.736,0.29,0.161,0.215,0.247,0.187,0.645,0.749,0.306,0.168,0.369,0.361,0.133,0.159,0.264,0.847,0.131,0.369,0.455,0.791,0.21,0.177,0.175,0.404,0.575,0.126,1.0,0.223,0.369,0.272,0.269,0.36,0.264,0.189,0.236,0.223,0.38,0.198,0.462,0.202,0.42,0.736,0.145,0.559,0.336,0.647,0.425,0.191,0.803,0.293,0.403,0.364,0.175,0.183,0.173,0.347,0.131,0.245,0.188,0.256,0.261,0.509,0.26,0.232,0.216,0.204,0.847,1.0,0.645,0.161,0.27,0.422,0.192,0.188,0.237,0.247,0.276,0.127,0.397,0.302,0.325,0.235,0.397,0.271,0.342,0.316,0.232,0.306,0.331,0.749,0.306,0.17,0.327,0.218,0.182,0.278,0.169,0.246,0.183,0.161,0.231,0.08,0.847,0.262,0.346,0.226,0.647,0.446,0.095,0.272,0.13,0.158,0.183,0.251,0.127,0.159,0.22,0.088,0.847,0.141,0.39,0.384,0.336,0.791,0.521,0.324,0.278,0.736,0.324,0.902,0.289,0.227,0.188,0.3,0.087,0.203,0.259,0.283,0.153,0.191,0.208,0.08,0.14,0.266,0.181,0.278,0.204,0.225,0.355,0.243,0.306,0.269,0.299,0.303,0.521,0.196,0.243,0.156,0.791,0.278,0.168,0.104,0.203,0.438,0.107,0.253,0.208,1.0,0.278,0.226,0.425,0.184,0.193,0.288,0.254,0.257,0.142,0.36,0.902,0.38,0.37,0.369
0.348,0.722,0.902,0.136,0.847,0.121,0.418,0.736,0.645,0.847,0.239,0.36,0.215,0.645,0.307,0.722,0.331,0.645,0.081,0.736,0.147,0.254,0.507,0.736,0.891,0.548,0.254,0.522,0.46,0.722,0.073,0.214,0.169,1.0,0.208,0.36,0.847,0.847,0.847,0.124,0.736,0.808,0.847,0.891,0.214,0.736,0.575,0.516,0.594,0.412,0.248,0.847,0.902,0.847,0.193,0.412,0.847,0.164,0.208,0.847,0.705,0.481,0.847,0.36,0.181,0.329,0.216,0.791,0.057,0.169,0.178,0.902,0.575,0.521,0.05,0.902,0.106,0.156,0.156,0.315,0.119,0.575,0.847,0.172,0.736,0.128,0.902,0.301,0.194,0.645,0.847,0.406,0.645,0.722,0.231,0.147,0.594,1.0,0.2,0.214,0.386,0.847,0.145,0.791,0.455,0.645,0.231,0.315,0.307,0.55,0.575,0.19,0.196,0.418,0.791,0.891,0.46,0.521,0.847,0.179,0.548,1.0,0.214,0.235,0.16,0.575,0.891,0.902,0.068,0.095,0.645,0.412,0.847,0.417,0.622,0.847,0.902,0.493,0.307,0.315,0.226,0.736,0.209,0.847,0.348,0.645,0.736,0.902,0.645,0.307,0.061,0.201,0.847,0.645,1.0,0.214,0.847,0.791,1.0,0.131,0.515,0.181,0.902,0.208,0.397,0.245,0.594,0.393,0.418,0.594,0.513,0.476,0.418,0.231,0.736,0.722,0.231,0.114,0.736,0.639,0.334,0.847,0.254,0.847,0.097,0.118,0.118,0.112,0.847,0.705,0.902,0.393,0.414,0.645,0.093,0.736,0.224,0.157,0.507,0.847,0.179,0.231,0.902,0.111,0.847,0.273,0.847,0.348,0.722,0.645,0.639,0.482,0.397,0.902,0.902,0.736,0.645,0.902,0.254,0.645,0.108,0.231,0.516,0.376,0.209,0.231,0.199,0.064,0.215,0.217,0.348,0.181,0.181,0.548,0.847,0.205,0.231,0.847,0.847,0.736,0.639,0.348,0.095,0.375,0.645,0.383,0.639,0.201,0.192,0.902,0.156,0.847,0.315,0.348,0.847,0.114,0.902,0.254,0.55,0.736,0.736,0.847,0.248,0.847,0.736,0.214,0.847,0.847
0.101,0.322,0.153,0.132,0.2,0.138,0.265,0.225,0.231,0.207,0.217,0.207,0.254,0.228,0.251,0.275,0.182,0.236,0.102,0.281,0.301,0.272,0.148,0.166,0.192,0.141,0.362,0.194,0.17,0.212,0.242,0.492,0.259,0.169,0.119,0.308,0.307,0.228,0.188,0.219,0.246,0.221,0.206,0.152,0.471,0.168,0.105,0.164,0.179,0.23,0.168,0.204,0.209,0.205,0.158,0.116,0.184,0.132,0.19,0.297,0.195,0.134,0.161,0.213,0.334,0.162,0.208,0.217,0.094,0.233,0.123,0.158,0.19,0.221,0.212,0.159,0.248,0.2,0.215,0.169,0.186,0.15,0.169,0.119,0.209,0.204,0.209,0.178,0.136,0.308,0.237,0.122,0.214,0.15,0.383,0.23,0.174,0.253,0.234,0.632,0.277,0.204,0.249,0.188,0.134,0.214,0.291,0.188,0.205,0.134,0.218,0.181,0.15,0.239,0.169,0.244,0.139,0.228,0.169,0.233,0.394,0.183,1.0,0.126,0.168,0.161,0.237,0.209,0.208,0.383,0.176,0.108,0.161,0.127,0.151,0.254,0.239,0.118,0.215,0.171,0.237,0.253,0.176,0.174,0.289,0.273,0.251,0.18,0.399,0.166,0.145,0.135,0.204,0.161,0.214,1.0,0.239,0.203,0.199,0.243,0.184,0.334,0.249,0.249,0.147,0.201,0.264,0.243,0.18,0.161,0.199,0.122,0.183,0.383,0.21,0.15,0.383,0.088,0.158,0.191,0.168,0.201,0.258,0.202,0.181,0.104,0.246,0.165,0.204,0.148,0.129,0.158,0.112,0.181,0.155,0.172,0.173,0.11,0.215,0.166,0.262,0.251,0.158,0.383,0.204,0.222,0.236,0.154,0.208,0.214,0.221,0.279,0.149,0.209,0.245,0.209,0.263,0.18,0.281,0.188,0.206,0.27,0.12,0.27,0.21,0.352,0.234,0.136,0.347,0.184,0.173,0.142,0.176,0.193,0.167,0.249,0.383,0.155,0.199,0.249,0.221,0.087,0.157,0.133,0.214,0.113,0.166,0.173,0.219,0.181,0.407,0.241,0.239,0.101,0.183,0.116,0.16,0.325,0.144,0.209,0.269,0.215,0.207,0.237,0.209,1.0,0.231,0.18
0.507,0.343,0.391,0.185,0.432,0.123,0.49,0.444,0.393,0.478,0.194,0.263,0.171,0.368,0.378,0.283,0.293,0.336,0.113,0.847,0.188,0.216,0.719,0.299,0.413,0.635,0.219,0.367,0.29,0.308,0.085,0.212,0.142,0.394,0.192,0.44,0.368,0.272,0.516,0.133,0.631,0.756,0.456,0.383,0.231,0.388,0.332,0.261,0.237,0.256,0.211,0.286,0.915,0.388,0.291,0.346,0.531,0.146,0.179,0.377,0.267,0.277,0.594,0.243,0.217,0.206,0.293,0.727,0.086,0.198,0.25,0.444,0.217,0.769,0.072,0.314,0.109,0.144,0.13,0.223,0.54,0.37,0.331,0.243,0.915,0.135,0.915,0.23,0.118,0.423,0.534,0.261,0.902,0.663,0.259,0.161,0.311,0.362,0.176,0.252,0.231,1.0,0.132,0.404,0.62,0.847,0.184,0.245,0.197,0.264,0.826,0.175,0.279,0.244,0.341,0.663,0.374,0.312,0.62,0.25,0.434,0.511,0.383,0.184,0.224,0.515,0.253,0.915,0.098,0.17,0.427,0.573,0.313,0.255,0.782,0.538,0.395,0.355,0.238,0.261,0.169,0.548,0.186,0.528,0.284,0.428,0.584,0.442,0.38,0.193,0.102,0.279,1.0,0.27,0.847,0.239,1.0,0.465,0.608,0.17,0.329,0.217,0.382,0.207,0.596,0.192,0.317,0.646,0.265,0.4,0.23,0.357,0.264,0.259,0.481,0.663,0.259,0.181,0.472,0.409,0.256,0.725,0.196,0.602,0.136,0.102,0.138,0.121,1.0,0.318,0.437,0.462,0.516,0.282,0.11,0.474,0.2,0.185,0.561,0.596,0.211,0.174,0.43,0.115,1.0,0.216,0.406,0.466,0.238,0.847,0.756,0.257,0.306,0.915,0.46,0.915,0.366,0.419,0.227,0.387,0.11,0.199,0.371,0.241,0.177,0.207,0.165,0.079,0.188,0.38,0.252,0.168,0.123,0.224,0.45,0.31,0.259,0.492,0.571,0.4,0.756,0.343,0.14,0.405,0.847,0.325,0.468,0.174,0.191,0.342,0.149,0.515,0.223,0.507,0.632,0.111,0.397,0.211,0.498,0.295,0.607,0.588,0.206,0.493,0.915,0.383,0.516,0.404
0.349,0.247,0.413,0.238,0.403,0.094,0.771,0.451,0.334,0.532,0.16,0.192,0.175,0.332,0.336,0.343,0.262,0.396,0.135,0.431,0.164,0.344,1.0,0.485,0.427,0.548,0.186,0.264,0.226,0.237,0.073,0.21,0.174,0.452,0.164,0.36,0.399,0.368,0.404,0.118,0.454,0.639,0.426,0.406,0.203,0.458,0.358,0.29,0.372,0.274,0.251,0.387,0.902,0.567,0.158,0.235,0.447,0.139,0.224,0.344,0.25,0.189,0.413,0.225,0.196,0.249,0.404,0.441,0.104,0.236,0.21,0.426,0.366,0.881,0.049,0.394,0.095,0.115,0.11,0.387,0.48,0.523,0.361,0.321,0.736,0.167,0.902,0.2,0.182,0.321,0.393,0.266,0.705,0.575,0.241,0.212,0.333,0.385,0.149,0.219,0.298,0.847,0.118,0.459,0.455,0.645,0.169,0.254,0.204,0.399,1.0,0.122,1.0,0.249,0.522,0.468,0.345,0.398,0.456,0.33,0.332,0.373,0.38,0.197,0.3,0.405,0.363,0.902,0.153,0.286,0.38,0.428,0.406,0.23,0.622,0.428,0.504,0.497,0.241,0.265,0.133,0.498,0.161,0.398,0.274,0.34,0.392,0.567,0.334,0.292,0.201,0.234,0.847,0.422,0.791,0.203,0.465,1.0,0.418,0.148,0.317,0.196,0.379,0.163,0.404,0.202,0.276,0.27,0.35,0.309,0.295,0.353,0.359,0.241,0.412,0.575,0.241,0.143,0.387,0.299,0.288,0.485,0.174,0.423,0.113,0.186,0.239,0.114,0.847,0.32,0.481,0.243,0.414,0.396,0.141,0.358,0.176,0.197,0.351,0.43,0.184,0.184,0.372,0.083,0.847,0.202,0.408,0.348,0.246,0.645,0.639,0.284,0.297,0.902,0.435,0.736,0.352,0.358,0.215,0.325,0.101,0.229,0.299,0.244,0.198,0.196,0.239,0.089,0.158,0.248,0.222,0.23,0.182,0.254,0.458,0.205,0.241,0.394,0.483,0.353,0.639,0.21,0.198,0.293,0.645,0.329,0.287,0.14,0.215,0.444,0.118,0.392,0.283,0.349,0.456,0.192,0.438,0.241,0.299,0.314,0.501,0.412,0.181,0.526,0.736,0.38,0.473,0.386
0.348,0.468,0.366,0.136,0.402,0.117,0.418,0.347,0.376,0.37,0.19,0.274,0.166,0.333,0.307,0.279,0.194,0.277,0.081,0.62,0.147,0.174,0.507,0.214,0.363,0.548,0.22,0.319,0.33,0.378,0.067,0.166,0.133,0.375,0.171,0.36,0.325,0.217,0.518,0.113,0.458,0.881,0.463,0.461,0.174,0.253,0.339,0.198,0.206,0.166,0.18,0.244,0.902,0.341,0.142,0.333,0.54,0.141,0.148,0.344,0.242,0.352,0.69,0.186,0.181,0.172,0.216,0.604,0.057,0.152,0.178,0.394,0.156,0.521,0.049,0.252,0.099,0.131,0.106,0.177,0.119,0.257,0.295,0.172,0.736,0.119,0.902,0.175,0.098,0.377,0.585,0.206,0.645,0.722,0.231,0.132,0.287,0.369,0.151,0.199,0.181,0.847,0.11,0.38,0.455,0.645,0.155,0.24,0.181,0.207,0.575,0.147,0.196,0.24,0.354,0.822,0.285,0.242,0.633,0.165,0.427,0.761,0.218,0.179,0.16,0.492,0.229,0.902,0.068,0.095,0.376,0.412,0.246,0.221,0.622,0.525,0.307,0.261,0.185,0.282,0.144,0.421,0.16,0.583,0.246,0.369,0.624,0.308,0.292,0.14,0.061,0.201,0.847,0.192,1.0,0.199,0.608,0.418,1.0,0.131,0.356,0.181,0.392,0.201,0.397,0.152,0.288,0.258,0.218,0.439,0.178,0.289,0.255,0.231,0.473,0.722,0.231,0.114,0.421,0.502,0.217,0.776,0.167,0.698,0.097,0.084,0.101,0.107,0.847,0.3,0.374,0.263,0.414,0.184,0.089,0.444,0.187,0.149,0.364,0.689,0.147,0.15,0.497,0.101,0.847,0.181,0.349,0.348,0.242,0.645,0.639,0.186,0.156,0.902,0.445,0.736,0.314,0.498,0.192,0.291,0.089,0.162,0.336,0.19,0.147,0.202,0.147,0.062,0.16,0.149,0.206,0.125,0.098,0.182,0.39,0.205,0.231,0.45,0.528,0.349,0.639,0.319,0.095,0.306,0.645,0.252,0.595,0.16,0.137,0.296,0.144,0.529,0.204,0.348,0.609,0.092,0.321,0.194,0.525,0.239,0.527,0.642,0.177,0.423,0.736,0.218,0.535,0.324
0.068,0.11,0.188,0.038,0.312,0.051,0.173,0.149,0.131,0.251,0.131,0.227,0.091,0.169,0.133,0.194,0.282,0.254,0.031,0.149,0.162,0.282,0.101,0.252,0.169,0.087,0.282,0.153,0.419,0.12,0.077,0.243,0.09,0.157,0.1,0.17,0.214,0.214,0.17,0.331,0.149,0.107,0.207,0.117,0.243,0.187,0.203,0.148,0.211,0.254,0.418,0.419,0.149,0.331,0.074,0.229,0.17,0.047,0.304,0.17,0.356,0.088,0.17,0.266,0.199,0.169,0.1,0.149,0.245,0.091,0.081,0.29,0.223,0.107,0.054,0.25,0.089,0.121,0.169,0.153,0.057,0.148,0.366,0.191,0.149,0.139,0.149,0.187,0.287,0.254,0.17,0.28,0.131,0.091,0.254,0.145,0.157,0.173,0.209,0.243,0.254,0.17,0.158,0.191,0.097,0.131,0.254,0.148,0.356,0.555,0.117,0.311,0.091,0.173,0.16,0.209,0.224,0.144,0.17,0.16,0.243,0.131,0.243,0.139,0.07,0.128,0.282,0.149,0.039,0.105,0.14,0.08,0.257,0.279,0.118,0.254,0.254,0.251,0.258,0.148,0.228,0.282,0.362,0.418,0.199,0.131,0.237,0.29,0.214,0.312,0.217,0.085,0.17,0.188,0.131,0.243,0.17,0.148,0.131,1.0,0.275,0.199,0.282,0.227,0.083,0.199,0.282,0.126,0.254,0.117,0.33,0.316,0.297,0.254,0.149,0.091,0.254,0.052,0.149,0.107,0.098,0.17,0.282,0.17,0.104,0.16,0.16,0.346,0.17,0.25,0.188,0.172,0.067,0.173,0.091,0.149,0.151,0.072,0.143,0.17,0.393,0.254,0.396,0.12,0.17,0.109,0.233,0.096,0.214,0.131,0.107,0.214,0.159,0.149,0.237,0.149,0.131,0.33,0.282,0.132,0.288,0.254,0.099,0.288,0.346,0.254,0.092,0.223,0.144,0.126,0.11,0.332,0.287,0.169,0.17,0.101,0.254,0.17,0.17,0.149,0.107,0.068,0.073,0.074,0.131,0.179,0.107,0.085,0.199,0.233,0.169,0.438,0.483,0.068,0.194,0.187,0.25,0.282,0.109,0.266,0.149,0.184,0.37,0.188,0.149,0.243,0.209,0.17
0.354,0.281,0.261,0.123,0.284,0.061,0.296,0.212,0.197,0.402,0.128,0.301,0.101,0.197,0.222,0.328,0.208,0.245,0.06,0.279,0.198,0.215,0.343,0.253,0.334,0.408,0.194,0.185,0.342,0.253,0.053,0.199,0.085,0.285,0.104,0.233,0.249,0.202,0.298,0.137,0.253,0.367,0.372,0.331,0.177,0.26,0.409,0.187,0.256,0.238,0.256,0.222,0.625,0.355,0.137,0.386,0.341,0.132,0.176,0.277,0.248,0.18,0.327,0.428,0.244,0.157,0.212,0.423,0.205,0.118,0.12,0.394,0.182,0.302,0.038,0.264,0.061,0.101,0.101,0.179,0.088,0.278,0.338,0.393,0.512,0.249,0.625,0.218,0.112,0.27,0.309,0.23,0.422,0.652,0.313,0.213,0.241,0.304,0.153,0.176,0.201,0.625,0.101,0.32,0.39,0.422,0.167,0.189,0.222,0.238,0.354,0.1,0.494,0.174,0.251,0.458,0.333,0.209,0.341,0.131,0.333,0.334,0.329,0.114,0.163,0.256,0.203,0.625,0.046,0.129,0.209,0.44,0.296,0.167,0.741,0.337,0.299,0.299,0.2,0.156,0.114,0.307,0.167,0.331,0.215,0.199,0.316,0.323,0.217,0.223,0.131,0.135,0.625,0.237,0.515,0.184,0.329,0.317,0.356,0.275,1.0,0.244,0.421,0.159,0.311,0.133,0.279,0.174,0.269,0.296,0.216,0.469,0.253,0.313,0.361,0.652,0.313,0.074,0.27,0.188,0.255,0.402,0.193,0.335,0.12,0.098,0.119,0.129,0.625,0.231,0.272,0.186,0.647,0.178,0.071,0.247,0.153,0.226,0.194,0.33,0.156,0.156,0.286,0.08,0.625,0.107,0.328,0.343,0.212,0.422,0.367,0.153,0.177,0.625,0.286,0.512,0.18,0.295,0.198,0.228,0.098,0.158,0.29,0.209,0.136,0.177,0.101,0.092,0.12,0.15,0.152,0.184,0.121,0.186,0.338,0.122,0.313,0.318,0.503,0.206,0.367,0.288,0.082,0.137,0.422,0.26,0.407,0.099,0.142,0.297,0.12,0.333,0.228,0.354,0.43,0.173,0.307,0.213,0.348,0.178,0.254,0.37,0.187,0.257,0.512,0.329,0.308,0.234
0.091,0.164,0.206,0.051,0.217,0.07,0.235,0.197,0.181,0.251,0.191,0.3,0.126,0.227,0.174,0.327,0.274,1.0,0.041,0.197,0.837,0.388,0.136,0.283,0.227,0.12,0.388,0.565,0.153,0.173,0.105,0.334,0.13,0.197,0.133,0.238,0.3,1.0,0.217,0.2,0.197,0.158,0.217,0.251,0.837,0.293,0.127,0.196,0.534,0.831,0.151,0.56,0.197,0.235,0.273,0.105,0.217,0.067,0.3,0.217,0.251,0.124,0.217,0.238,1.0,0.227,0.134,0.197,0.081,0.119,0.109,0.217,0.244,0.158,0.079,0.449,0.142,0.156,0.227,0.196,0.074,0.196,0.251,0.114,0.197,0.193,0.197,0.208,0.192,1.0,0.217,0.117,0.181,0.127,0.831,0.203,0.21,0.244,0.208,0.334,0.831,0.217,0.225,0.181,0.126,0.181,0.837,0.196,0.174,0.449,0.168,0.139,0.127,0.235,0.181,0.283,0.196,0.65,0.273,0.123,0.334,0.181,0.334,0.132,0.093,0.168,0.388,0.197,0.059,0.141,0.449,0.105,0.449,0.111,0.152,0.831,0.837,0.202,0.214,0.196,0.168,0.388,0.165,0.217,1.0,0.181,0.197,0.358,0.3,0.214,0.1,0.117,0.217,0.247,0.181,0.334,0.217,0.196,0.181,0.199,0.244,1.0,0.388,0.3,0.117,1.0,0.388,0.141,0.831,0.16,0.276,0.14,0.235,0.831,0.197,0.127,0.831,0.072,0.197,0.158,0.132,0.217,0.388,0.217,0.146,0.076,0.141,0.155,0.217,0.191,0.197,0.12,0.093,0.535,0.128,0.197,0.201,0.098,0.206,0.217,0.231,0.831,0.197,0.173,0.217,0.148,0.534,0.131,0.365,0.181,0.158,0.3,0.209,0.197,0.221,0.197,0.181,0.197,0.388,0.183,0.179,0.831,0.132,0.193,0.165,0.831,0.122,0.1,0.201,0.273,0.168,0.172,0.276,0.227,0.217,0.157,0.831,0.217,0.244,0.197,0.158,0.091,0.103,0.101,0.181,0.104,0.158,0.117,1.0,0.451,0.227,0.231,0.276,0.091,0.217,0.073,0.197,0.388,0.143,0.227,0.197,0.251,0.193,0.217,0.197,0.334,0.283,0.221
0.417,0.251,0.336,0.157,0.316,0.122,0.45,0.291,0.253,0.451,0.221,0.248,0.176,0.27,0.559,0.297,0.197,0.298,0.095,0.308,0.334,0.244,0.586,0.287,0.398,0.648,0.265,0.255,0.245,0.238,0.097,0.248,0.122,0.401,0.147,0.396,0.342,0.274,0.333,0.235,0.345,0.769,0.386,0.281,0.23,0.262,0.353,0.231,0.311,0.256,0.275,0.28,1.0,0.457,0.118,0.298,0.377,0.086,0.263,0.332,0.431,0.203,0.337,0.371,0.388,0.2,0.441,0.41,0.199,0.158,0.209,0.414,0.222,0.627,0.059,0.419,0.106,0.204,0.156,0.258,0.229,0.249,0.389,0.618,0.815,0.152,1.0,0.224,0.155,0.339,0.334,0.266,0.736,0.678,0.469,0.231,0.284,0.41,0.293,0.234,0.247,0.915,0.16,0.445,0.527,0.736,0.25,0.264,0.269,0.272,0.674,0.16,0.233,0.24,0.289,0.433,0.265,0.329,0.367,0.201,0.352,0.325,0.467,0.173,0.336,0.322,0.275,1.0,0.089,0.193,0.28,0.48,0.502,0.193,0.693,0.391,0.461,0.323,0.385,0.215,0.235,0.442,0.197,0.376,0.23,0.251,0.367,0.389,0.342,0.364,0.163,0.235,0.915,0.276,0.902,0.249,0.382,0.379,0.392,0.282,0.421,0.388,1.0,0.223,0.484,0.233,0.32,0.201,0.278,0.269,0.253,0.381,0.283,0.469,0.357,0.678,0.469,0.143,0.31,0.242,0.168,0.473,0.344,0.347,0.209,0.112,0.148,0.151,0.915,0.314,0.304,0.193,0.509,0.22,0.108,0.356,0.19,0.116,0.231,0.337,0.235,0.232,0.366,0.159,0.915,0.142,0.471,0.4,0.238,0.736,0.769,0.254,0.208,1.0,0.387,0.815,0.249,0.374,0.334,0.283,0.189,0.238,0.224,0.293,0.179,0.236,0.158,0.118,0.223,0.161,0.186,0.191,0.177,0.259,0.474,0.253,0.469,0.355,0.446,0.257,0.769,0.166,0.198,0.169,0.736,0.245,0.275,0.183,0.215,0.402,0.191,0.39,0.252,0.417,0.44,0.185,0.419,0.309,0.266,0.286,0.315,0.373,0.22,0.345,0.815,0.467,0.366,0.304
0.112,0.185,0.131,0.069,0.152,0.087,0.285,0.16,0.223,0.219,0.575,0.426,0.148,0.273,0.217,0.151,0.128,0.207,0.057,0.202,0.259,0.179,0.159,0.149,0.221,0.145,0.288,0.198,0.216,0.144,0.096,0.201,0.3,0.154,0.148,0.265,0.274,0.175,0.246,0.183,0.178,0.19,0.18,0.142,0.227,0.125,0.112,0.128,0.17,0.203,0.161,0.142,0.221,0.179,0.104,0.127,0.167,0.187,0.315,0.19,0.278,0.142,0.265,0.148,0.3,0.216,0.157,0.173,0.101,0.241,0.176,0.186,0.126,0.19,0.076,0.187,0.13,0.194,0.397,0.135,0.084,0.115,0.206,0.135,0.221,0.342,0.221,0.37,0.1,0.286,0.398,0.145,0.208,0.152,0.36,0.152,0.204,0.222,0.469,0.222,0.224,0.264,0.17,0.128,0.147,0.208,0.238,0.178,0.152,0.126,0.198,0.138,0.152,0.239,0.138,0.248,0.13,0.149,0.328,0.108,0.178,0.173,0.315,0.162,0.112,0.158,0.138,0.221,0.072,0.148,0.174,0.125,0.156,0.12,0.198,0.248,0.173,0.116,0.152,0.208,0.277,0.205,0.16,0.211,0.19,0.164,0.211,0.139,0.253,0.136,0.128,0.141,0.264,0.127,0.208,0.249,0.207,0.163,0.201,0.227,0.159,0.3,0.223,1.0,0.143,0.171,0.168,0.116,0.159,0.322,0.202,0.19,0.195,0.36,0.15,0.152,0.36,0.215,0.14,0.151,0.22,0.217,0.227,0.222,0.23,0.068,0.112,0.148,0.264,0.264,0.117,0.111,0.116,0.139,0.24,0.162,0.723,0.103,0.171,0.214,0.176,0.348,0.164,0.154,0.264,0.204,0.209,0.157,0.174,0.208,0.19,0.155,0.11,0.221,0.155,0.221,0.27,0.191,0.26,0.222,0.17,0.428,0.122,0.242,0.142,0.254,0.14,0.106,0.179,0.106,0.203,0.129,0.141,0.229,0.161,0.192,0.36,0.174,0.202,0.216,0.19,0.102,0.282,0.108,0.208,0.125,0.157,0.15,0.204,0.155,0.192,0.221,0.261,0.112,0.204,0.083,0.119,0.24,0.171,0.266,0.177,0.487,0.161,0.172,0.221,0.315,0.232,0.193
0.274,0.323,0.484,0.109,0.594,0.076,0.279,0.592,0.397,0.594,0.161,0.231,0.135,0.397,0.211,0.323,0.453,0.485,0.056,0.592,0.091,0.167,0.397,0.592,0.484,0.274,0.167,0.379,0.258,0.323,0.047,0.147,0.114,0.484,0.14,0.227,0.594,0.594,0.594,0.081,0.484,0.28,0.594,0.33,0.164,0.922,0.323,0.438,0.267,0.415,0.172,0.594,0.484,0.594,0.661,0.351,0.594,0.13,0.143,0.594,0.33,0.189,0.594,0.227,0.117,0.284,0.172,0.484,0.037,0.153,0.114,0.922,0.404,0.342,0.032,0.922,0.067,0.106,0.104,0.235,0.206,0.415,0.594,0.132,0.484,0.086,0.484,0.303,0.125,0.485,0.594,0.279,0.485,0.323,0.155,0.084,0.394,0.397,0.121,0.147,0.236,0.594,0.09,0.397,0.841,0.397,0.155,0.258,0.211,0.379,0.404,0.11,0.119,0.279,0.397,0.594,0.311,0.342,0.594,0.118,0.274,0.397,0.147,0.152,0.14,0.404,0.397,0.484,0.04,0.067,0.485,0.351,0.594,0.274,0.488,0.594,0.596,0.651,0.193,0.21,0.121,1.0,0.138,0.594,0.274,0.485,0.484,0.594,0.485,0.193,0.033,0.128,0.594,0.397,0.397,0.147,0.596,0.404,0.397,0.083,0.311,0.117,0.484,0.143,1.0,0.153,0.381,0.922,0.316,0.394,0.353,0.334,0.279,0.155,0.484,0.323,0.155,0.067,0.592,0.28,0.213,0.594,0.167,0.594,0.06,0.072,0.072,0.075,0.594,0.33,0.484,0.922,0.261,0.485,0.065,0.484,0.152,0.2,0.397,0.594,0.118,0.155,0.484,0.067,0.594,0.178,0.594,0.224,0.323,0.397,0.28,0.298,0.856,0.484,0.484,0.484,0.397,0.484,0.194,0.485,0.061,0.155,0.438,0.258,0.138,0.155,0.131,0.039,0.135,0.661,0.224,0.171,0.117,0.274,0.594,0.104,0.155,0.594,0.594,0.484,0.28,0.324,0.059,0.333,0.397,0.353,0.28,0.128,0.187,0.484,0.104,0.594,0.258,0.274,0.594,0.076,0.485,0.167,0.409,0.484,0.592,0.594,0.162,0.594,0.484,0.147,0.594,0.594
0.213,0.188,0.221,0.382,0.285,0.142,0.369,0.165,0.216,0.279,0.197,0.165,0.367,0.167,0.489,0.378,0.176,0.47,0.231,0.166,0.837,0.194,0.196,0.268,0.202,0.167,0.198,0.42,0.136,0.311,0.14,0.166,0.126,0.36,0.237,0.238,0.236,0.36,0.245,0.108,0.238,0.194,0.175,0.277,0.336,0.181,0.201,0.306,0.377,0.336,0.171,0.246,0.283,0.353,0.131,0.114,0.307,0.089,0.191,0.38,0.166,0.275,0.185,0.116,1.0,0.178,0.808,0.164,0.081,0.183,0.595,0.188,0.293,0.194,0.044,0.267,0.093,0.147,0.124,0.311,0.165,0.162,0.29,0.155,0.283,0.183,0.283,0.226,0.113,0.492,0.19,0.145,0.245,0.184,0.831,0.183,0.324,0.408,0.17,0.177,0.283,0.33,0.229,0.213,0.182,0.245,0.505,0.171,0.188,0.208,0.216,0.096,0.174,0.34,0.247,0.208,0.161,0.392,0.208,0.088,0.222,0.186,0.334,0.295,0.246,0.132,0.343,0.283,0.062,0.465,0.45,0.251,0.206,0.15,0.252,0.35,0.333,0.222,0.119,0.276,0.33,0.336,0.107,0.18,0.308,0.271,0.177,0.21,0.3,0.141,0.1,0.18,0.33,0.302,0.245,0.201,0.192,0.202,0.152,0.199,0.133,1.0,0.233,0.171,0.153,1.0,0.398,0.111,0.372,0.314,0.245,0.201,0.185,0.831,0.267,0.184,0.831,0.105,0.395,0.204,0.143,0.201,0.201,0.191,0.511,0.089,0.223,0.092,0.33,0.28,0.155,0.115,0.129,0.347,0.11,0.223,0.156,0.117,0.128,0.184,0.121,0.26,0.148,0.217,0.33,0.135,0.364,0.208,0.459,0.245,0.194,0.413,0.172,0.283,0.168,0.283,0.332,0.163,0.217,0.258,0.111,0.282,0.223,0.257,0.14,0.347,0.236,0.085,0.242,0.142,0.119,0.291,0.216,0.157,0.171,0.157,0.831,0.17,0.19,0.227,0.194,0.128,0.211,0.091,0.245,0.123,0.11,0.182,0.449,0.217,0.156,0.186,0.177,0.213,0.192,0.283,0.205,0.219,0.142,0.192,0.156,0.204,0.114,0.25,0.283,0.334,0.366,0.232
0.649,0.334,0.331,0.159,0.331,0.208,0.595,0.251,0.23,0.382,0.198,0.244,0.275,0.241,0.343,0.506,0.236,0.325,0.276,0.275,0.334,0.213,0.388,0.284,0.394,0.313,0.208,0.335,0.257,0.366,0.146,0.166,0.111,0.383,0.175,0.338,0.458,0.339,0.405,0.121,0.282,0.68,0.313,0.326,0.215,0.236,0.325,0.407,0.338,0.379,0.225,0.269,0.586,0.362,0.168,0.255,0.336,0.121,0.207,0.446,0.235,0.398,0.31,0.166,0.388,0.221,0.247,0.308,0.113,0.158,1.0,0.365,0.271,0.362,0.045,0.312,0.106,0.175,0.121,0.342,0.16,0.279,0.314,0.198,0.48,0.139,0.586,0.287,0.124,0.345,0.305,0.192,0.446,0.777,0.469,0.168,0.331,0.507,0.19,0.171,0.328,0.597,0.188,0.259,0.411,0.386,0.278,0.216,0.208,0.261,0.42,0.123,0.229,0.291,0.254,0.359,0.277,0.363,0.317,0.11,0.298,0.34,0.467,0.212,0.304,0.22,0.35,0.586,0.089,0.251,0.386,0.602,0.278,0.183,0.695,0.36,0.435,0.386,0.177,0.337,0.218,0.442,0.131,0.303,0.284,0.233,0.273,0.336,0.427,0.193,0.151,0.231,0.597,0.325,0.594,0.264,0.317,0.276,0.288,0.282,0.279,0.388,0.32,0.168,0.381,0.398,1.0,0.164,0.415,0.304,0.277,0.301,0.249,0.469,0.419,0.777,0.469,0.163,0.435,0.184,0.18,0.378,0.275,0.324,0.283,0.075,0.123,0.098,0.597,0.315,0.268,0.166,0.548,0.327,0.093,0.255,0.173,0.142,0.212,0.31,0.144,0.194,0.26,0.216,0.597,0.125,0.445,0.341,0.47,0.386,0.317,0.499,0.222,0.586,0.263,0.48,0.227,0.277,0.27,0.273,0.13,0.197,0.357,0.305,0.134,0.199,0.247,0.089,0.31,0.17,0.206,0.183,0.177,0.201,0.294,0.245,0.469,0.306,0.318,0.244,0.317,0.306,0.188,0.151,0.386,0.339,0.232,0.189,0.257,0.292,0.227,0.307,0.238,0.649,0.318,0.151,0.305,0.238,0.287,0.3,0.273,0.403,0.137,0.396,0.48,0.467,0.337,0.338
0.254,0.149,0.294,0.148,0.274,0.048,0.288,0.247,0.171,0.333,0.1,0.129,0.077,0.177,0.213,0.144,0.273,0.258,0.122,0.662,0.122,0.184,0.387,0.228,0.244,0.261,0.138,0.158,0.128,0.14,0.069,0.216,0.112,0.193,0.128,0.231,0.195,0.255,0.26,0.086,0.459,0.263,0.262,0.196,0.231,0.515,0.171,0.138,0.131,0.192,0.132,0.179,0.489,0.217,0.348,0.162,0.256,0.088,0.116,0.195,0.129,0.119,0.281,0.173,0.141,0.19,0.168,0.529,0.065,0.185,0.109,0.32,0.169,0.322,0.07,0.202,0.081,0.072,0.084,0.164,0.54,0.446,0.175,0.171,0.489,0.084,0.489,0.183,0.108,0.202,0.263,0.122,0.481,0.31,0.17,0.101,0.208,0.183,0.097,0.266,0.118,0.608,0.088,0.229,0.814,0.393,0.119,0.137,0.127,0.189,0.39,0.11,0.113,0.128,0.217,0.315,0.288,0.158,0.317,0.253,0.259,0.225,0.383,0.097,0.134,0.218,0.154,0.489,0.081,0.17,0.202,0.336,0.207,0.128,0.488,0.273,0.234,0.215,0.174,0.124,0.077,0.356,0.123,0.258,0.151,0.204,0.314,0.339,0.224,0.143,0.119,0.122,0.608,0.235,0.393,0.243,0.646,0.27,0.258,0.126,0.174,0.141,0.201,0.116,0.922,0.111,0.164,1.0,0.205,0.181,0.132,0.2,0.174,0.17,0.223,0.31,0.17,0.059,0.227,0.16,0.14,0.333,0.113,0.287,0.079,0.101,0.149,0.079,0.608,0.176,0.335,0.7,0.24,0.212,0.08,0.241,0.108,0.137,0.524,0.288,0.187,0.108,0.195,0.065,0.608,0.162,0.21,0.219,0.113,0.393,0.263,0.138,0.348,0.489,0.292,0.489,0.191,0.2,0.137,0.189,0.066,0.143,0.185,0.148,0.13,0.137,0.111,0.077,0.094,0.548,0.14,0.122,0.084,0.138,0.345,0.095,0.17,0.224,0.281,0.237,0.263,0.165,0.057,0.247,0.393,0.23,0.181,0.076,0.153,0.28,0.086,0.271,0.14,0.254,0.329,0.148,0.282,0.15,0.235,0.169,0.327,0.29,0.143,0.296,0.489,0.383,0.248,0.261
0.568,0.216,0.408,0.205,0.402,0.116,1.0,0.299,0.228,0.401,0.173,0.188,0.159,0.226,0.425,0.449,0.255,0.589,1.0,0.23,0.717,0.312,0.446,0.374,0.368,0.295,0.19,0.306,0.227,0.241,0.099,0.169,0.14,0.376,0.205,0.3,0.303,0.536,0.343,0.112,0.264,0.372,0.294,0.376,0.274,0.394,0.393,0.396,0.381,0.48,0.25,0.401,0.509,0.376,0.176,0.223,0.346,0.141,0.236,0.368,0.221,0.241,0.258,0.144,0.831,0.313,0.434,0.242,0.107,0.181,1.0,0.366,0.453,0.401,0.047,0.334,0.108,0.135,0.115,0.414,0.422,0.407,0.288,0.257,0.45,0.146,0.509,0.279,0.203,0.45,0.255,0.208,0.444,0.513,1.0,0.196,0.331,0.372,0.17,0.176,0.334,0.535,0.17,0.294,0.344,0.418,0.376,0.21,0.197,0.342,0.465,0.112,0.591,0.285,0.3,0.296,0.29,0.3,0.278,0.14,0.295,0.255,0.383,0.238,0.32,0.207,0.456,0.509,0.121,0.485,0.37,0.686,0.362,0.151,0.653,0.391,0.402,0.391,0.168,0.328,0.134,0.407,0.126,0.252,0.331,0.229,0.28,0.412,0.302,0.185,0.216,0.302,0.535,0.397,0.418,0.18,0.265,0.35,0.218,0.254,0.269,0.831,0.278,0.159,0.316,0.372,0.415,0.205,1.0,0.244,0.317,0.327,0.283,1.0,0.31,0.513,1.0,0.231,0.266,0.186,0.236,0.286,0.223,0.258,0.511,0.115,0.172,0.103,0.535,0.285,0.303,0.232,0.342,0.444,0.112,0.248,0.168,0.199,0.187,0.261,0.133,0.259,0.22,0.109,0.535,0.157,0.358,0.34,0.355,0.418,0.372,0.348,0.31,0.509,0.293,0.45,0.246,0.259,0.228,0.248,0.107,0.344,0.423,0.297,0.151,0.282,0.216,0.093,0.21,0.231,0.167,0.18,0.166,0.21,0.326,0.217,1.0,0.26,0.324,0.242,0.372,0.17,0.169,0.156,0.418,0.286,0.197,0.149,0.361,0.411,0.13,0.255,0.243,0.568,0.287,0.2,0.377,0.248,0.231,0.251,0.233,0.273,0.139,0.39,0.45,0.383,0.299,0.353
0.497,0.409,0.273,0.171,0.344,0.08,0.343,0.286,0.355,0.359,0.397,0.351,0.179,0.296,0.265,0.396,0.202,0.28,0.218,0.349,0.13,0.166,0.442,0.304,0.337,0.393,0.162,0.254,0.299,0.336,0.092,0.139,0.186,0.362,0.127,0.277,0.28,0.25,0.388,0.09,0.333,0.515,0.287,0.392,0.152,0.209,0.347,0.324,0.372,0.238,0.132,0.205,0.615,0.322,0.126,0.287,0.498,0.147,0.206,0.259,0.234,0.291,0.395,0.125,0.16,0.232,0.192,0.418,0.053,0.174,0.162,0.341,0.294,0.433,0.04,0.25,0.072,0.174,0.222,0.267,0.105,0.226,0.287,0.157,0.75,0.222,0.615,0.327,0.098,0.26,0.443,0.167,0.537,0.777,0.203,0.104,0.576,0.32,0.261,0.163,0.205,0.714,0.15,0.319,0.455,0.653,0.166,0.166,0.127,0.204,0.477,0.096,0.174,0.281,0.291,0.492,0.256,0.266,0.434,0.11,0.332,0.466,0.184,0.191,0.148,0.272,0.345,0.615,0.059,0.344,0.319,0.579,0.218,0.167,0.888,0.36,0.248,0.345,0.131,0.18,0.249,0.352,0.116,0.34,0.229,0.395,0.429,0.287,0.247,0.114,0.056,0.18,0.714,0.271,0.594,0.161,0.4,0.309,0.439,0.117,0.296,0.16,0.269,0.322,0.394,0.314,0.304,0.181,0.244,1.0,0.231,0.317,0.175,0.203,0.554,0.777,0.203,0.155,0.439,0.363,0.243,0.572,0.226,0.396,0.133,0.093,0.198,0.081,0.714,0.265,0.256,0.184,0.484,0.325,0.146,0.383,0.285,0.125,0.222,0.389,0.112,0.201,0.269,0.076,0.714,0.178,0.292,0.438,0.322,0.653,0.433,0.16,0.158,0.615,0.315,0.75,0.39,0.271,0.209,0.374,0.113,0.286,0.353,0.295,0.133,0.237,0.185,0.049,0.138,0.131,0.226,0.202,0.113,0.214,0.282,0.158,0.203,0.361,0.36,0.335,0.433,0.322,0.194,0.18,0.653,0.271,0.314,0.159,0.155,0.248,0.11,0.32,0.189,0.497,0.406,0.11,0.268,0.152,0.487,0.296,0.303,0.522,0.123,0.295,0.75,0.184,0.494,0.291
0.532,0.233,0.253,0.238,0.245,0.097,0.41,0.327,0.247,0.332,0.215,0.209,0.167,0.285,0.309,0.306,0.23,0.245,0.234,0.187,0.231,0.21,0.416,0.32,0.382,0.363,0.171,0.2,0.199,0.202,0.096,0.188,0.257,0.335,0.145,0.271,0.309,0.295,0.266,0.095,0.257,0.398,0.234,0.224,0.185,0.22,0.258,0.262,0.311,0.353,0.166,0.327,0.599,0.296,0.115,0.164,0.274,0.136,0.26,0.267,0.247,0.14,0.225,0.148,0.276,0.395,0.298,0.209,0.205,0.205,0.277,0.297,0.333,0.398,0.04,0.364,0.105,0.132,0.165,0.259,0.158,0.2,0.297,0.393,0.599,0.182,0.599,0.281,0.144,0.202,0.267,0.148,0.513,0.612,0.342,0.144,0.317,0.358,0.223,0.184,0.442,0.706,0.129,0.201,0.423,0.513,0.185,0.163,0.198,0.294,0.447,0.087,0.241,0.207,0.222,0.251,0.186,0.248,0.245,0.093,0.241,0.214,0.38,0.139,0.284,0.148,0.337,0.599,0.153,0.398,0.236,0.649,0.275,0.158,0.846,0.269,0.276,0.338,0.139,0.169,0.161,0.268,0.123,0.222,0.234,0.189,0.221,0.3,0.228,0.178,0.138,0.211,0.706,0.342,0.513,0.199,0.23,0.295,0.178,0.33,0.216,0.276,0.253,0.202,0.353,0.245,0.277,0.132,0.317,0.231,1.0,0.275,0.199,0.342,0.293,0.612,0.342,0.617,0.229,0.148,0.204,0.25,0.209,0.217,0.182,0.082,0.132,0.109,0.706,0.262,0.195,0.143,0.421,0.311,0.199,0.211,0.187,0.091,0.135,0.213,0.117,0.259,0.189,0.112,0.706,0.264,0.33,0.415,0.24,0.513,0.398,0.28,0.239,0.599,0.237,0.599,0.31,0.23,0.247,0.313,0.115,0.231,0.203,0.287,0.157,0.166,0.193,0.071,0.215,0.134,0.242,0.185,0.172,0.435,0.245,0.157,0.342,0.28,0.242,0.327,0.398,0.115,0.538,0.097,0.513,0.216,0.139,0.16,0.206,0.235,0.133,0.221,0.211,0.532,0.251,0.123,0.261,0.214,0.204,0.332,0.18,0.269,0.137,0.307,0.599,0.38,0.312,0.287
0.538,0.249,0.469,0.161,0.357,0.08,0.284,0.284,0.261,0.429,0.221,0.24,0.105,0.303,0.252,0.27,0.242,0.266,0.084,0.302,0.111,0.149,0.532,0.311,0.354,0.37,0.14,0.257,0.352,0.244,0.05,0.166,0.121,0.355,0.215,0.393,0.38,0.275,0.353,0.131,0.368,0.395,0.428,0.297,0.15,0.302,0.425,0.247,0.274,0.221,0.228,0.283,0.55,0.396,0.122,0.412,0.354,0.121,0.228,0.345,0.297,0.247,0.347,0.375,0.14,0.232,0.314,0.375,0.291,0.189,0.359,0.445,0.244,0.402,0.028,0.37,0.06,0.106,0.122,0.363,0.361,0.305,0.443,0.344,0.558,0.116,0.55,0.292,0.169,0.285,0.349,0.286,0.476,0.579,0.183,0.159,0.311,0.323,0.171,0.123,0.214,0.62,0.102,0.314,0.381,0.476,0.16,0.169,0.219,0.383,0.473,0.141,0.184,0.217,0.387,0.392,0.349,0.25,0.376,0.237,0.336,0.297,0.197,0.16,0.224,0.271,0.23,0.55,0.088,0.076,0.273,0.656,0.36,0.239,0.656,0.336,0.406,0.394,0.269,0.216,0.159,0.395,0.197,0.363,0.244,0.252,0.346,0.358,0.251,0.312,0.323,0.165,0.62,0.316,0.476,0.122,0.357,0.353,0.289,0.316,0.469,0.14,0.381,0.19,0.334,0.201,0.301,0.2,0.327,0.317,0.275,1.0,0.285,0.183,0.334,0.579,0.183,0.126,0.293,0.188,0.197,0.389,0.193,0.348,0.313,0.2,0.207,0.127,0.62,0.332,0.43,0.231,0.545,0.237,0.087,0.286,0.19,0.115,0.24,0.345,0.152,0.154,0.336,0.065,0.62,0.165,0.392,0.466,0.242,0.476,0.395,0.212,0.253,0.55,0.367,0.558,0.276,0.315,0.173,0.329,0.109,0.225,0.294,0.333,0.185,0.131,0.129,0.133,0.124,0.177,0.237,0.177,0.151,0.186,0.43,0.397,0.183,0.354,0.359,0.267,0.395,0.213,0.126,0.2,0.476,0.359,0.285,0.113,0.19,0.364,0.094,0.363,0.218,0.538,0.389,0.196,0.458,0.19,0.306,0.251,0.289,0.4,0.212,0.412,0.558,0.197,0.329,0.392
0.226,0.149,0.309,0.147,0.307,0.138,0.771,0.197,0.185,0.303,0.171,0.178,0.151,0.186,0.425,0.236,0.232,0.337,0.119,0.223,0.197,0.189,0.323,0.246,0.297,0.29,0.205,0.189,0.22,0.153,0.063,0.206,0.125,0.253,0.141,0.204,0.278,0.23,0.272,0.165,0.216,0.372,0.43,0.219,0.187,0.28,0.223,0.19,0.292,0.238,0.235,0.232,0.45,0.352,0.125,0.217,0.25,0.104,0.204,0.244,0.243,0.127,0.257,0.182,0.235,0.208,0.404,0.245,0.187,0.17,0.266,0.292,0.206,0.372,0.046,0.239,0.087,0.181,0.111,0.311,0.067,0.279,0.256,0.321,0.45,0.12,0.45,0.191,0.294,0.24,0.236,0.203,0.418,0.316,0.291,0.197,0.259,0.292,0.195,0.174,0.214,0.49,0.113,0.206,0.291,0.418,0.175,0.303,0.288,0.258,0.392,0.111,0.304,0.249,0.33,0.288,0.299,0.233,0.305,0.264,0.208,0.229,0.265,0.173,0.3,0.213,0.189,0.45,0.107,0.12,0.241,0.255,0.335,0.163,0.377,0.291,0.289,0.219,0.347,0.295,0.122,0.297,0.195,0.277,0.181,0.174,0.305,0.274,0.194,0.411,0.492,0.497,0.49,0.232,0.418,0.183,0.264,0.359,0.255,0.297,0.253,0.235,0.283,0.195,0.279,0.185,0.249,0.174,0.283,0.175,0.199,0.285,1.0,0.291,0.231,0.316,0.291,0.185,0.219,0.164,0.191,0.32,0.236,0.286,0.13,0.231,0.245,0.176,0.49,0.232,0.268,0.228,0.283,0.219,0.099,0.212,0.202,0.152,0.161,0.285,0.176,0.167,0.29,0.094,0.49,0.118,0.316,0.34,0.161,0.418,0.372,0.198,0.248,0.45,0.318,0.45,0.17,0.257,0.313,0.21,0.14,0.164,0.202,0.356,0.159,0.187,0.146,0.432,0.178,0.18,0.143,0.189,0.256,0.162,0.225,0.135,0.291,0.258,0.277,0.178,0.372,0.148,0.137,0.119,0.418,0.197,0.192,0.226,0.172,0.237,0.149,0.288,0.375,0.226,0.292,0.256,0.269,0.232,0.209,0.194,0.204,0.265,0.255,0.335,0.45,0.265,0.246,0.241
0.119,0.22,0.267,0.065,0.259,0.093,0.291,0.243,0.231,0.311,0.251,0.36,0.165,0.281,0.214,0.427,0.253,1.0,0.052,0.243,0.717,0.469,0.172,0.346,0.281,0.157,0.469,0.495,0.194,0.228,0.137,0.383,0.174,0.243,0.169,0.3,0.373,0.831,0.259,0.263,0.243,0.213,0.259,0.335,0.717,0.268,0.165,0.241,0.66,1.0,0.197,0.717,0.243,0.291,0.244,0.142,0.259,0.088,0.36,0.259,0.311,0.165,0.259,0.3,0.831,0.281,0.17,0.243,0.107,0.143,0.14,0.267,0.313,0.213,0.104,0.392,0.201,0.192,0.281,0.241,0.092,0.241,0.311,0.144,0.243,0.246,0.243,0.274,0.237,1.0,0.259,0.156,0.231,0.165,1.0,0.259,0.26,0.313,0.274,0.383,1.0,0.259,0.288,0.231,0.157,0.231,1.0,0.241,0.214,0.392,0.221,0.187,0.165,0.291,0.231,0.346,0.241,0.554,0.259,0.154,0.383,0.231,0.383,0.171,0.118,0.221,0.484,0.243,0.081,0.17,0.554,0.133,0.554,0.144,0.187,1.0,1.0,0.241,0.273,0.241,0.23,0.469,0.212,0.259,0.831,0.231,0.243,0.454,0.373,0.273,0.14,0.152,0.259,0.306,0.231,0.383,0.259,0.241,0.231,0.254,0.313,0.831,0.469,0.36,0.155,0.831,0.469,0.17,1.0,0.203,0.342,0.183,0.291,1.0,0.243,0.165,1.0,0.097,0.243,0.213,0.17,0.259,0.469,0.259,0.191,0.093,0.17,0.212,0.259,0.251,0.243,0.163,0.124,0.454,0.172,0.243,0.247,0.128,0.267,0.259,0.295,1.0,0.243,0.228,0.259,0.188,0.66,0.168,0.463,0.231,0.213,0.373,0.245,0.243,0.259,0.243,0.231,0.243,0.469,0.233,0.241,1.0,0.167,0.246,0.212,1.0,0.163,0.138,0.257,0.244,0.229,0.218,0.342,0.281,0.273,0.217,1.0,0.259,0.313,0.243,0.213,0.119,0.137,0.132,0.231,0.139,0.213,0.152,0.831,0.396,0.281,0.295,0.342,0.119,0.259,0.097,0.243,0.469,0.179,0.281,0.243,0.311,0.237,0.259,0.243,0.383,0.346,0.259
0.417,0.553,0.357,0.157,0.467,0.122,0.45,0.367,0.4,0.456,0.16,0.285,0.226,0.326,0.339,0.524,0.228,0.368,0.294,0.41,0.166,0.195,0.586,0.371,0.431,0.531,0.173,0.297,0.29,0.444,0.125,0.153,0.107,0.448,0.135,0.396,0.382,0.353,0.426,0.094,0.428,0.68,0.394,0.467,0.161,0.303,0.43,0.373,0.349,0.306,0.167,0.312,0.815,0.44,0.157,0.277,0.547,0.152,0.159,0.458,0.245,0.32,0.463,0.168,0.197,0.22,0.25,0.527,0.07,0.167,0.209,0.455,0.431,0.627,0.04,0.308,0.082,0.146,0.096,0.274,0.131,0.303,0.328,0.203,1.0,0.161,0.815,0.238,0.121,0.319,0.432,0.186,0.736,1.0,0.243,0.115,0.435,0.426,0.137,0.165,0.301,0.915,0.174,0.54,0.527,0.902,0.194,0.217,0.175,0.259,0.674,0.119,0.233,0.275,0.418,0.538,0.373,0.358,0.475,0.12,0.363,0.532,0.224,0.192,0.281,0.317,0.393,0.815,0.081,0.398,0.383,0.499,0.299,0.237,0.803,0.466,0.352,0.342,0.166,0.2,0.169,0.467,0.131,0.432,0.236,0.407,0.488,0.39,0.298,0.156,0.079,0.235,0.915,0.331,0.736,0.21,0.481,0.412,0.473,0.149,0.361,0.197,0.357,0.15,0.484,0.267,0.419,0.223,0.31,0.554,0.293,0.334,0.231,0.243,1.0,1.0,0.243,0.143,0.549,0.419,0.204,0.665,0.206,0.467,0.114,0.107,0.208,0.085,0.915,0.278,0.342,0.226,0.647,0.454,0.09,0.483,0.159,0.134,0.271,0.463,0.121,0.144,0.375,0.116,0.915,0.158,0.421,0.4,0.385,0.902,0.627,0.298,0.192,0.815,0.425,1.0,0.41,0.378,0.209,0.375,0.087,0.217,0.388,0.299,0.153,0.244,0.252,0.064,0.184,0.166,0.209,0.221,0.162,0.196,0.385,0.253,0.243,0.445,0.458,0.412,0.627,0.334,0.115,0.211,0.902,0.293,0.388,0.163,0.191,0.335,0.139,0.417,0.2,0.417,0.493,0.132,0.375,0.183,0.417,0.317,0.38,0.473,0.144,0.399,1.0,0.224,0.562,0.349
0.415,1.0,0.678,0.144,0.663,0.095,0.316,0.556,0.472,0.663,0.187,0.452,0.163,0.472,0.241,1.0,0.432,0.472,0.068,0.556,0.1,0.178,0.385,0.556,0.621,0.404,0.178,0.381,0.579,1.0,0.053,0.15,0.126,0.722,0.16,0.252,0.663,0.663,0.663,0.088,0.556,0.545,0.663,0.749,0.15,0.556,0.749,0.65,0.777,0.499,0.197,0.663,0.678,0.663,0.22,0.499,0.663,0.186,0.152,0.663,0.495,0.618,0.663,0.252,0.127,0.33,0.167,0.579,0.041,0.132,0.138,0.678,0.471,0.358,0.033,0.678,0.077,0.125,0.112,0.354,0.096,0.499,0.663,0.134,0.556,0.097,0.678,0.384,0.149,0.472,0.663,0.29,0.472,1.0,0.165,0.107,0.777,0.722,0.149,0.15,0.29,0.663,0.099,0.579,0.395,0.472,0.165,0.242,0.241,0.581,0.407,0.134,0.147,0.316,0.575,0.749,0.579,0.358,0.663,0.133,0.579,1.0,0.15,0.18,0.127,0.407,0.621,0.678,0.049,0.068,0.472,0.499,0.749,0.324,0.803,0.663,0.678,0.625,0.222,0.242,0.144,0.556,0.159,0.663,0.415,0.472,0.556,0.678,0.472,0.222,0.039,0.154,0.663,0.749,0.722,0.15,0.663,0.575,0.722,0.091,0.652,0.127,0.678,0.152,0.323,0.184,0.777,0.31,0.513,0.777,0.612,0.579,0.316,0.165,1.0,1.0,0.165,0.087,0.618,0.435,0.351,1.0,0.326,0.663,0.067,0.091,0.091,0.086,0.663,0.495,0.678,0.31,0.513,0.499,0.073,0.556,0.177,0.162,0.385,0.663,0.133,0.165,0.678,0.075,0.663,0.204,0.663,0.384,1.0,0.472,0.435,0.323,0.323,0.678,0.678,0.556,0.472,0.678,0.189,0.472,0.069,0.165,0.65,0.445,0.159,0.165,0.155,0.044,0.163,0.22,0.384,0.211,0.127,0.404,0.663,0.127,0.165,0.749,0.663,0.556,0.435,0.415,0.07,0.283,0.472,0.467,0.513,0.154,0.157,0.749,0.112,0.663,0.242,0.415,0.663,0.092,0.678,0.178,0.68,0.709,0.556,0.663,0.186,0.663,0.556,0.15,0.663,0.663
0.119,0.22,0.267,0.065,0.259,0.093,0.291,0.243,0.231,0.311,0.251,0.36,0.165,0.281,0.214,0.427,0.253,1.0,0.052,0.243,0.717,0.469,0.172,0.346,0.281,0.157,0.469,0.495,0.194,0.228,0.137,0.383,0.174,0.243,0.169,0.3,0.373,0.831,0.259,0.263,0.243,0.213,0.259,0.335,0.717,0.268,0.165,0.241,0.66,1.0,0.197,0.717,0.243,0.291,0.244,0.142,0.259,0.088,0.36,0.259,0.311,0.165,0.259,0.3,0.831,0.281,0.17,0.243,0.107,0.143,0.14,0.267,0.313,0.213,0.104,0.392,0.201,0.192,0.281,0.241,0.092,0.241,0.311,0.144,0.243,0.246,0.243,0.274,0.237,1.0,0.259,0.156,0.231,0.165,1.0,0.259,0.26,0.313,0.274,0.383,1.0,0.259,0.288,0.231,0.157,0.231,1.0,0.241,0.214,0.392,0.221,0.187,0.165,0.291,0.231,0.346,0.241,0.554,0.259,0.154,0.383,0.231,0.383,0.171,0.118,0.221,0.484,0.243,0.081,0.17,0.554,0.133,0.554,0.144,0.187,1.0,1.0,0.241,0.273,0.241,0.23,0.469,0.212,0.259,0.831,0.231,0.243,0.454,0.373,0.273,0.14,0.152,0.259,0.306,0.231,0.383,0.259,0.241,0.231,0.254,0.313,0.831,0.469,0.36,0.155,0.831,0.469,0.17,1.0,0.203,0.342,0.183,0.291,1.0,0.243,0.165,1.0,0.097,0.243,0.213,0.17,0.259,0.469,0.259,0.191,0.093,0.17,0.212,0.259,0.251,0.243,0.163,0.124,0.454,0.172,0.243,0.247,0.128,0.267,0.259,0.295,1.0,0.243,0.228,0.259,0.188,0.66,0.168,0.463,0.231,0.213,0.373,0.245,0.243,0.259,0.243,0.231,0.243,0.469,0.233,0.241,1.0,0.167,0.246,0.212,1.0,0.163,0.138,0.257,0.244,0.229,0.218,0.342,0.281,0.273,0.217,1.0,0.259,0.313,0.243,0.213,0.119,0.137,0.132,0.231,0.139,0.213,0.152,0.831,0.396,0.281,0.295,0.342,0.119,0.259,0.097,0.243,0.469,0.179,0.281,0.243,0.311,0.237,0.259,0.243,0.383,0.346,0.259
0.103,0.087,0.17,0.063,0.181,0.085,0.185,0.143,0.198,0.181,0.232,0.291,0.092,0.346,0.148,0.231,0.136,0.143,0.06,0.143,0.055,0.13,0.099,0.231,0.74,0.078,0.102,0.102,0.109,0.087,0.031,0.088,0.365,0.231,0.075,0.061,0.207,0.181,0.181,0.053,0.143,0.076,0.181,0.092,0.088,0.143,0.149,0.231,0.179,0.143,0.199,0.181,0.143,0.185,0.066,0.131,0.181,0.139,0.34,0.181,0.164,0.09,0.231,0.061,0.072,0.428,0.098,0.143,0.025,0.17,0.163,0.38,0.199,0.076,0.019,0.565,0.041,0.095,0.346,0.231,0.026,0.143,0.205,0.078,0.143,0.104,0.143,0.172,0.104,0.114,0.398,0.151,0.114,0.087,0.097,0.085,0.175,0.185,0.147,0.088,0.503,0.181,0.058,0.122,0.096,0.114,0.097,0.143,0.148,0.183,0.092,0.031,0.13,0.185,0.123,0.181,0.143,0.155,0.241,0.051,0.109,0.114,0.088,0.147,0.078,0.092,0.17,0.143,0.025,0.042,0.225,0.131,0.185,0.087,0.138,0.181,0.143,0.231,0.089,0.231,0.143,0.148,0.057,0.181,0.103,0.114,0.143,0.231,0.114,0.096,0.018,0.088,0.181,0.17,0.114,0.088,0.181,0.143,0.114,0.052,0.074,0.072,0.143,0.215,0.067,0.105,0.163,0.059,0.231,0.155,0.617,0.126,0.185,0.097,0.143,0.087,0.097,1.0,0.143,0.076,0.251,0.181,0.102,0.181,0.052,0.051,0.051,0.053,0.181,0.217,0.143,0.08,0.058,0.185,0.34,0.143,0.223,0.07,0.099,0.181,0.055,0.288,0.143,0.041,0.181,0.204,0.232,0.104,0.163,0.114,0.076,0.113,0.17,0.143,0.143,0.143,0.241,0.143,0.239,0.565,0.183,0.164,0.13,0.17,0.057,0.097,0.15,0.025,0.109,0.066,0.527,0.062,0.072,0.527,0.181,0.027,0.097,0.388,0.181,0.489,0.076,0.067,0.09,0.071,0.114,0.332,0.076,0.088,0.167,0.143,0.067,0.181,0.31,0.103,0.181,0.081,0.158,0.102,0.125,0.21,0.143,0.181,0.062,0.231,0.143,0.088,0.387,0.258
0.495,0.304,0.332,0.213,0.394,0.183,0.45,0.337,0.334,0.395,0.174,0.209,0.314,0.28,0.339,0.396,0.205,0.328,0.23,0.408,0.166,0.201,0.719,0.356,0.35,0.531,0.15,0.303,0.226,0.376,0.118,0.138,0.112,0.502,0.139,0.396,0.314,0.28,0.388,0.093,0.361,0.627,0.341,0.363,0.149,0.273,0.338,0.343,0.349,0.242,0.213,0.282,0.815,0.451,0.133,0.263,0.509,0.123,0.15,0.372,0.214,0.31,0.411,0.153,0.197,0.192,0.25,0.428,0.07,0.161,0.209,0.375,0.323,0.769,0.04,0.31,0.15,0.122,0.088,0.27,0.131,0.296,0.357,0.203,0.815,0.153,0.815,0.25,0.113,0.313,0.38,0.223,0.902,0.618,0.243,0.135,0.363,0.405,0.141,0.155,0.219,0.915,0.149,0.355,0.527,0.736,0.178,0.199,0.191,0.245,0.826,0.112,0.233,0.272,0.332,0.476,0.272,0.408,0.456,0.12,0.338,0.407,0.212,0.198,0.221,0.345,0.409,0.815,0.886,0.417,0.469,0.573,0.263,0.213,0.693,0.43,0.34,0.348,0.164,0.221,0.238,0.481,0.126,0.379,0.232,0.403,0.411,0.389,0.272,0.163,0.079,0.235,0.915,0.327,0.736,0.158,0.472,0.387,0.421,0.149,0.27,0.197,0.31,0.14,0.592,0.395,0.435,0.227,0.266,0.439,0.229,0.293,0.219,0.243,0.549,0.618,0.243,0.143,1.0,0.338,0.193,0.541,0.167,0.416,0.114,0.097,0.199,0.087,0.915,0.374,0.303,0.233,0.471,0.357,0.092,0.388,0.155,0.142,0.273,0.411,0.118,0.13,0.321,0.137,0.915,0.151,0.434,0.4,0.452,0.736,0.627,0.254,0.206,0.815,0.356,0.815,0.354,0.315,0.178,0.372,0.081,0.177,0.324,0.231,0.142,0.22,0.252,0.062,0.166,0.146,0.183,0.223,0.148,0.178,0.362,0.253,0.243,0.387,0.454,0.323,0.627,0.278,0.115,0.223,0.736,0.275,0.321,0.139,0.186,0.281,0.117,0.366,0.189,0.495,0.507,0.206,0.355,0.187,0.356,0.26,0.376,0.424,0.137,0.393,0.815,0.212,0.518,0.333
0.257,0.242,0.238,0.108,0.324,0.07,0.372,0.242,0.275,0.292,0.122,0.166,0.173,0.202,0.264,0.246,0.133,0.263,0.209,0.39,0.121,0.161,0.403,0.271,0.234,0.413,0.162,0.21,0.179,0.214,0.112,0.151,0.103,0.316,0.111,0.309,0.201,0.227,0.319,0.082,0.329,0.459,0.263,0.314,0.154,0.175,0.263,0.228,0.222,0.168,0.12,0.183,0.769,0.308,0.096,0.183,0.463,0.105,0.108,0.223,0.149,0.182,0.418,0.116,0.158,0.143,0.171,0.391,0.04,0.147,0.136,0.275,0.282,0.374,0.054,0.185,0.072,0.089,0.079,0.179,0.104,0.174,0.188,0.131,0.627,0.183,0.769,0.127,0.09,0.239,0.349,0.107,0.521,0.435,0.213,0.087,0.232,0.235,0.107,0.197,0.145,0.756,0.161,0.31,0.361,0.521,0.167,0.156,0.116,0.151,0.438,0.085,0.147,0.207,0.288,0.497,0.181,0.227,0.416,0.124,0.297,0.429,0.221,0.174,0.156,0.273,0.284,0.769,0.048,0.42,0.304,0.325,0.18,0.153,0.529,0.37,0.218,0.208,0.117,0.184,0.117,0.296,0.105,0.341,0.165,0.32,0.411,0.242,0.184,0.094,0.037,0.155,0.756,0.218,0.639,0.191,0.409,0.299,0.502,0.107,0.188,0.158,0.242,0.151,0.28,0.204,0.184,0.16,0.186,0.363,0.148,0.188,0.164,0.213,0.419,0.435,0.213,0.076,0.338,1.0,0.135,0.508,0.126,0.426,0.073,0.1,0.272,0.075,0.756,0.18,0.215,0.152,0.29,0.292,0.081,0.431,0.131,0.097,0.208,0.414,0.11,0.113,0.304,0.07,0.756,0.124,0.238,0.278,0.216,0.521,1.0,0.14,0.109,0.769,0.298,0.627,0.278,0.282,0.146,0.233,0.06,0.182,0.247,0.174,0.129,0.316,0.19,0.041,0.107,0.112,0.124,0.157,0.112,0.12,0.245,0.138,0.213,0.302,0.347,0.281,1.0,0.212,0.069,0.17,0.521,0.167,0.585,0.101,0.133,0.202,0.108,0.314,0.136,0.257,0.41,0.101,0.227,0.146,0.332,0.158,0.313,0.398,0.115,0.272,0.627,0.221,0.477,0.216
0.28,0.157,0.225,0.188,0.187,0.075,0.344,0.234,0.244,0.249,0.173,0.317,0.103,0.27,0.265,0.231,0.179,0.18,0.094,0.223,0.107,0.215,0.274,0.181,0.242,0.295,0.129,0.174,0.185,0.14,0.048,0.149,0.29,0.231,0.112,0.454,0.196,0.146,0.278,0.072,0.228,0.264,0.188,0.183,0.158,0.207,0.168,0.149,0.21,0.162,0.265,0.172,0.387,0.247,0.137,0.142,0.22,0.154,0.198,0.187,0.153,0.118,0.255,0.138,0.132,0.252,0.257,0.234,0.046,0.162,0.161,0.228,0.126,0.264,0.037,0.207,0.07,0.109,0.243,0.14,0.22,0.24,0.172,0.198,0.387,0.206,0.387,0.279,0.084,0.172,0.428,0.117,0.334,0.351,0.17,0.165,0.229,0.21,0.151,0.171,0.221,0.453,0.074,0.183,0.253,0.334,0.109,0.195,0.126,0.2,0.294,0.05,0.591,0.161,0.16,0.296,0.207,0.163,0.294,0.134,0.303,0.221,0.252,0.126,0.192,0.157,0.174,0.387,0.091,0.09,0.19,0.304,0.201,0.096,0.478,0.234,0.183,0.223,0.086,0.172,0.201,0.257,0.093,0.21,0.18,0.22,0.24,0.234,0.158,0.107,0.045,0.179,0.453,0.182,0.334,0.168,0.256,0.288,0.217,0.098,0.255,0.132,0.168,0.22,0.213,0.143,0.18,0.14,0.236,0.243,0.204,0.197,0.191,0.17,0.204,0.351,0.17,0.251,0.193,0.135,1.0,0.289,0.12,0.248,0.073,0.064,0.085,0.097,0.453,0.17,0.193,0.128,0.247,0.125,0.178,0.181,0.193,0.375,0.159,0.251,0.098,0.254,0.162,0.057,0.453,0.248,0.207,0.88,0.12,0.334,0.264,0.146,0.237,0.387,0.198,0.387,0.348,0.172,0.165,0.435,0.078,0.178,0.178,0.149,0.107,0.123,0.12,0.037,0.126,0.15,0.363,0.171,0.071,0.32,0.183,0.47,0.17,0.313,0.391,0.358,0.264,0.158,0.183,0.139,0.334,0.176,0.158,0.12,0.118,0.2,0.087,0.2,0.245,0.28,0.279,0.078,0.183,0.15,0.242,0.211,0.235,0.307,0.098,0.226,0.387,0.252,0.238,0.218
0.507,0.543,0.449,0.185,0.535,0.138,0.49,0.496,0.531,0.47,0.224,0.315,0.201,0.479,0.378,0.374,0.271,0.372,0.113,0.684,0.188,0.209,0.686,0.303,0.499,0.635,0.235,0.413,0.386,0.471,0.076,0.182,0.151,0.451,0.204,0.44,0.453,0.307,0.646,0.133,0.609,1.0,0.594,0.498,0.194,0.361,0.401,0.294,0.274,0.235,0.226,0.348,0.915,0.463,0.181,0.415,0.64,0.174,0.186,0.468,0.315,0.385,0.767,0.245,0.217,0.232,0.293,0.715,0.086,0.175,0.25,0.511,0.221,0.756,0.053,0.351,0.11,0.156,0.13,0.244,0.145,0.36,0.418,0.243,1.0,0.135,0.915,0.246,0.132,0.475,0.69,0.292,0.847,1.0,0.259,0.163,0.409,0.432,0.187,0.2,0.262,1.0,0.132,0.452,0.62,0.902,0.189,0.288,0.231,0.293,0.795,0.181,0.279,0.302,0.432,0.833,0.358,0.337,0.738,0.178,0.471,0.74,0.221,0.217,0.224,0.57,0.268,0.915,0.098,0.106,0.482,0.567,0.339,0.3,0.803,0.644,0.407,0.369,0.239,0.312,0.19,0.594,0.195,0.69,0.318,0.475,0.812,0.421,0.391,0.2,0.102,0.279,1.0,0.278,0.847,0.201,0.725,0.485,0.776,0.17,0.402,0.217,0.473,0.217,0.594,0.201,0.378,0.333,0.286,0.572,0.25,0.389,0.32,0.259,0.665,1.0,0.259,0.181,0.541,0.508,0.289,1.0,0.216,0.775,0.136,0.107,0.12,0.124,1.0,0.378,0.467,0.343,0.516,0.264,0.109,0.609,0.22,0.176,0.444,0.769,0.168,0.181,0.555,0.115,1.0,0.224,0.474,0.466,0.335,0.902,0.756,0.267,0.228,0.915,0.584,1.0,0.458,0.557,0.236,0.405,0.109,0.19,0.436,0.283,0.182,0.212,0.182,0.076,0.203,0.19,0.285,0.166,0.126,0.245,0.524,0.31,0.259,0.598,0.667,0.509,0.756,0.393,0.14,0.364,0.902,0.349,0.573,0.198,0.175,0.388,0.154,0.646,0.254,0.507,0.738,0.119,0.415,0.223,0.614,0.369,0.62,0.743,0.216,0.553,1.0,0.221,0.635,0.455
0.33,0.202,0.201,0.094,0.167,0.271,0.324,0.158,0.172,0.229,0.233,0.236,0.316,0.201,0.401,0.244,0.148,0.23,0.068,0.169,0.334,0.207,0.185,0.195,0.193,0.193,0.248,0.186,0.206,0.199,0.202,0.193,0.12,0.189,0.109,0.338,0.262,0.214,0.216,0.154,0.175,0.237,0.204,0.163,0.206,0.205,0.175,0.2,0.311,0.238,0.176,0.162,0.298,0.198,0.105,0.144,0.196,0.078,0.223,0.308,0.23,0.16,0.184,0.156,0.388,0.164,0.302,0.185,0.113,0.144,0.148,0.277,0.156,0.237,0.058,0.181,0.119,0.538,0.165,0.193,0.099,0.142,0.206,0.152,0.266,0.164,0.298,0.214,0.146,0.267,0.203,0.122,0.254,0.326,0.469,0.187,0.25,0.292,0.302,0.2,0.227,0.303,0.191,0.147,0.197,0.254,0.239,0.443,0.185,0.163,0.244,0.13,0.178,0.332,0.18,0.239,0.219,0.246,0.196,0.087,0.239,0.171,0.467,0.113,0.266,0.136,0.195,0.298,0.089,0.193,0.174,0.399,0.254,0.149,0.375,0.258,0.247,0.214,0.18,0.158,0.246,0.252,0.139,0.188,0.215,0.157,0.177,0.177,0.323,0.251,0.151,0.347,0.303,0.169,0.254,0.258,0.196,0.174,0.167,0.282,0.193,0.388,0.344,0.227,0.167,0.201,0.275,0.113,0.223,0.226,0.209,0.193,0.236,0.469,0.206,0.326,0.469,0.102,0.167,0.126,0.12,0.216,1.0,0.315,0.209,0.108,0.101,0.116,0.303,0.185,0.156,0.101,0.237,0.162,0.118,0.166,0.178,0.082,0.153,0.184,0.159,0.237,0.168,0.204,0.303,0.121,0.232,0.185,0.212,0.254,0.237,0.221,0.136,0.298,0.174,0.266,0.177,0.184,0.608,0.188,0.171,0.222,0.152,0.326,0.135,0.219,0.168,0.105,0.357,0.114,0.161,0.126,0.315,0.189,0.198,0.245,0.469,0.188,0.208,0.157,0.237,0.103,0.147,0.091,0.254,0.147,0.142,0.559,0.222,0.194,0.347,0.204,0.196,0.33,0.197,0.083,0.187,0.253,0.158,0.209,0.163,0.236,0.146,0.18,0.266,0.467,0.215,0.204
0.507,0.348,0.355,0.185,0.374,0.306,0.49,0.355,0.365,0.39,0.224,0.271,0.244,0.342,0.378,0.276,0.23,0.294,0.113,0.563,0.188,0.183,0.686,0.258,0.408,0.635,0.209,0.33,0.301,0.287,0.152,0.142,0.131,0.384,0.2,0.44,0.331,0.218,0.478,0.14,0.466,0.756,0.4,0.371,0.171,0.312,0.33,0.231,0.257,0.209,0.219,0.24,0.915,0.345,0.161,0.338,0.508,0.174,0.185,0.354,0.257,0.297,0.597,0.18,0.217,0.192,0.293,0.57,0.086,0.198,0.25,0.433,0.19,0.756,0.058,0.296,0.12,0.341,0.112,0.222,0.145,0.314,0.28,0.243,0.915,0.149,0.915,0.223,0.104,0.364,0.491,0.234,0.847,0.663,0.259,0.197,0.308,0.363,0.219,0.168,0.23,1.0,0.147,0.327,0.62,0.847,0.17,0.401,0.194,0.251,0.795,0.173,0.279,0.314,0.317,0.699,0.369,0.296,0.608,0.167,0.413,0.543,0.204,0.203,0.252,0.525,0.223,0.915,0.098,0.106,0.377,0.567,0.299,0.225,0.782,0.497,0.365,0.342,0.203,0.305,0.182,0.537,0.177,0.491,0.266,0.348,0.624,0.387,0.339,0.199,0.102,0.38,1.0,0.246,0.847,0.202,0.602,0.423,0.698,0.17,0.335,0.217,0.347,0.222,0.594,0.191,0.324,0.287,0.258,0.396,0.217,0.348,0.286,0.259,0.467,0.663,0.259,0.181,0.416,0.426,0.248,0.775,0.315,1.0,0.136,0.102,0.124,0.135,1.0,0.295,0.332,0.296,0.516,0.207,0.117,0.457,0.224,0.201,0.36,0.6,0.156,0.157,0.397,0.17,1.0,0.186,0.374,0.466,0.219,0.847,0.756,0.237,0.202,0.915,0.428,0.915,0.312,0.377,0.349,0.351,0.124,0.167,0.343,0.245,0.16,0.188,0.179,0.097,0.242,0.171,0.236,0.15,0.139,0.2,0.393,0.31,0.259,0.47,0.559,0.311,0.756,0.39,0.14,0.327,0.847,0.315,0.541,0.352,0.17,0.3,0.346,0.451,0.233,0.507,0.638,0.127,0.353,0.201,0.569,0.259,0.472,0.587,0.183,0.411,0.915,0.204,0.484,0.372
0.051,0.111,0.114,0.029,0.166,0.066,0.13,0.114,0.097,0.274,0.123,0.23,0.122,0.169,0.103,0.274,0.099,0.274,0.024,0.114,0.116,0.209,0.077,0.157,0.274,0.064,0.209,0.511,0.085,0.085,0.106,0.181,0.088,0.322,0.313,0.124,0.182,0.629,0.194,0.099,0.313,0.073,0.136,0.183,0.267,0.114,0.067,0.274,0.554,0.278,0.09,0.274,0.114,0.136,0.052,0.062,0.136,0.049,0.23,0.423,0.182,0.279,0.136,0.124,0.146,0.169,0.076,0.114,0.044,0.08,0.274,0.136,0.202,0.073,0.038,0.255,0.056,0.126,0.169,0.274,0.044,0.113,0.203,0.067,0.114,0.104,0.114,0.131,0.112,0.511,0.136,0.169,0.097,0.067,0.191,0.105,0.133,0.511,0.153,0.181,0.191,0.136,0.81,0.097,0.076,0.097,0.511,0.113,0.103,0.146,0.083,0.066,0.067,0.81,0.097,0.157,0.113,0.143,0.136,0.064,0.181,0.097,0.181,0.322,0.054,0.083,0.274,0.114,0.026,0.079,0.322,0.062,0.274,0.071,0.093,0.191,0.329,0.113,0.109,0.274,0.28,0.511,0.099,0.136,0.146,0.097,0.114,0.146,0.629,0.109,0.043,0.062,0.136,0.183,0.097,0.181,0.136,0.113,0.097,0.104,0.12,0.146,0.209,0.23,0.06,0.511,0.283,0.079,0.511,0.133,0.182,0.313,0.13,0.191,0.114,0.067,0.191,0.052,0.114,0.073,0.073,0.136,0.209,0.136,1.0,0.044,0.079,0.07,0.136,0.384,0.114,0.057,0.048,0.274,0.093,0.114,0.153,0.054,0.101,0.136,0.116,0.23,0.114,0.085,0.136,0.082,0.384,0.071,0.274,0.097,0.073,0.441,0.113,0.114,0.121,0.114,0.112,0.114,0.209,0.13,0.08,0.191,0.178,0.251,0.099,0.191,0.07,0.048,0.571,0.079,0.085,0.093,0.81,0.169,0.136,0.065,0.191,0.136,0.136,0.114,0.073,0.051,0.074,0.056,0.097,0.058,0.073,0.096,0.359,0.169,0.234,0.136,0.146,0.051,0.136,0.042,0.114,0.209,0.084,0.169,0.114,0.182,0.112,0.274,0.114,0.181,0.157,0.265
0.071,0.063,0.178,0.051,0.13,0.04,0.186,0.09,0.079,0.112,0.064,0.058,0.076,0.06,0.15,0.106,0.077,0.132,0.106,0.096,0.064,0.073,0.102,0.233,0.102,0.082,0.069,0.068,0.08,0.07,0.413,0.152,0.054,0.107,0.047,0.073,0.171,0.132,0.096,0.079,0.082,0.082,0.261,0.095,0.09,0.17,0.126,0.097,0.117,0.115,0.091,0.097,0.146,0.219,0.048,0.08,0.126,0.058,0.136,0.081,0.112,0.057,0.099,0.087,0.076,0.096,0.101,0.103,0.116,0.102,0.085,0.193,0.159,0.082,0.036,0.123,0.039,0.05,0.045,0.308,0.056,0.125,0.102,0.173,0.146,0.081,0.146,0.115,0.297,0.078,0.09,0.121,0.118,0.091,0.093,0.106,0.11,0.089,0.075,0.119,0.071,0.182,0.092,0.112,0.099,0.118,0.08,0.079,0.139,0.235,0.097,0.067,0.085,0.11,0.46,0.104,0.153,0.121,0.108,0.432,0.095,0.095,0.19,0.092,0.095,0.093,0.113,0.146,0.041,0.226,0.105,0.089,0.171,0.206,0.14,0.104,0.131,0.089,0.197,0.087,0.056,0.084,0.091,0.119,0.064,0.105,0.144,0.118,0.068,0.245,0.213,0.092,0.182,0.161,0.118,0.104,0.102,0.186,0.084,0.16,0.098,0.076,0.112,0.068,0.072,0.089,0.075,0.101,0.115,0.093,0.082,0.2,0.231,0.093,0.107,0.091,0.093,0.051,0.097,0.1,0.064,0.107,0.108,0.102,0.044,1.0,0.439,0.09,0.182,0.12,0.261,0.157,0.063,0.174,0.054,0.097,0.07,0.048,0.062,0.096,0.084,0.056,0.14,0.035,0.182,0.059,0.107,0.108,0.085,0.118,0.082,0.067,0.093,0.146,0.225,0.146,0.093,0.111,0.078,0.079,0.081,0.081,0.082,0.129,0.104,0.128,0.087,0.144,0.06,0.084,0.05,0.114,0.557,0.058,0.11,0.045,0.093,0.079,0.1,0.101,0.082,0.055,0.04,0.051,0.118,0.119,0.055,0.055,0.158,0.136,0.05,0.111,0.093,0.071,0.114,0.182,0.176,0.107,0.082,0.066,0.082,0.096,0.12,0.202,0.146,0.19,0.128,0.101
0.071,0.152,0.188,0.065,0.234,0.047,0.186,0.127,0.165,0.179,0.095,0.098,0.166,0.102,0.15,0.221,0.106,0.257,0.288,0.149,0.122,0.156,0.102,0.307,0.112,0.082,0.14,0.119,0.096,0.173,0.144,0.262,0.108,0.173,0.068,0.133,0.197,0.239,0.122,0.099,0.122,0.088,0.281,0.235,0.198,0.201,0.192,0.23,0.213,0.172,0.104,0.162,0.146,0.328,0.072,0.092,0.246,0.09,0.165,0.132,0.128,0.162,0.122,0.118,0.141,0.135,0.101,0.136,0.116,0.154,0.085,0.23,0.323,0.088,0.078,0.161,0.083,0.071,0.086,0.362,0.092,0.136,0.137,0.173,0.146,0.24,0.146,0.125,0.165,0.135,0.127,0.134,0.118,0.091,0.17,0.133,0.165,0.123,0.11,0.261,0.129,0.182,0.223,0.198,0.099,0.118,0.258,0.097,0.158,0.255,0.097,0.092,0.085,0.168,0.537,0.139,0.169,0.239,0.125,0.481,0.179,0.24,0.383,0.189,0.3,0.112,0.224,0.146,0.081,1.0,0.238,0.089,0.187,0.138,0.14,0.192,0.171,0.119,0.224,0.108,0.135,0.105,0.108,0.138,0.117,0.234,0.173,0.149,0.12,0.245,0.213,0.092,0.182,0.231,0.118,0.246,0.138,0.239,0.101,0.16,0.119,0.141,0.148,0.112,0.072,0.223,0.123,0.149,0.172,0.198,0.132,0.207,0.245,0.17,0.208,0.091,0.17,0.051,0.199,0.272,0.085,0.12,0.101,0.124,0.079,0.439,1.0,0.105,0.182,0.141,0.274,0.18,0.063,0.345,0.091,0.203,0.097,0.063,0.099,0.119,0.119,0.106,0.152,0.069,0.182,0.105,0.133,0.108,0.212,0.118,0.088,0.147,0.114,0.146,0.26,0.146,0.209,0.132,0.116,0.128,0.103,0.214,0.165,0.278,0.144,0.532,0.172,0.153,0.087,0.118,0.079,0.193,0.178,0.09,0.133,0.092,0.17,0.092,0.121,0.316,0.088,0.134,0.057,0.076,0.118,0.131,0.074,0.067,0.168,0.173,0.089,0.137,0.122,0.071,0.131,0.249,0.197,0.169,0.098,0.099,0.126,0.129,0.139,0.236,0.146,0.383,0.263,0.124
0.067,0.074,0.097,0.101,0.113,0.049,0.152,0.096,0.105,0.107,0.087,0.129,0.074,0.115,0.127,0.092,0.11,0.122,0.041,0.118,0.116,0.124,0.094,0.099,0.097,0.08,0.174,0.106,0.376,0.071,0.053,0.183,0.125,0.089,0.067,0.126,0.111,0.099,0.112,0.205,0.097,0.088,0.146,0.077,0.137,0.096,0.098,0.067,0.092,0.092,0.228,0.216,0.13,0.145,0.053,0.14,0.1,0.079,0.151,0.095,0.163,0.059,0.131,0.129,0.155,0.102,0.123,0.109,0.27,0.098,0.079,0.109,0.075,0.088,0.035,0.096,0.062,0.08,0.082,0.093,0.043,0.087,0.217,0.159,0.13,0.104,0.13,0.094,0.106,0.154,0.122,0.184,0.112,0.086,0.212,0.104,0.102,0.101,0.12,0.159,0.102,0.153,0.083,0.096,0.091,0.112,0.121,0.103,0.32,0.184,0.099,0.173,0.083,0.108,0.108,0.14,0.096,0.09,0.127,0.113,0.125,0.125,0.232,0.093,0.075,0.1,0.079,0.13,0.047,0.087,0.111,0.079,0.119,0.236,0.117,0.139,0.112,0.084,0.147,0.116,0.102,0.107,0.793,0.267,0.154,0.085,0.173,0.094,0.11,0.169,0.146,0.082,0.153,0.08,0.112,0.165,0.121,0.114,0.107,0.346,0.129,0.155,0.151,0.148,0.075,0.092,0.098,0.079,0.103,0.081,0.109,0.127,0.176,0.212,0.085,0.086,0.212,0.053,0.087,0.075,0.097,0.124,0.116,0.135,0.07,0.09,0.105,1.0,0.153,0.153,0.1,0.103,0.064,0.074,0.086,0.091,0.1,0.061,0.084,0.13,0.253,0.122,0.196,0.074,0.153,0.102,0.118,0.094,0.084,0.112,0.088,0.087,0.073,0.13,0.128,0.13,0.103,0.275,0.126,0.095,0.147,0.121,0.072,0.113,0.616,0.164,0.085,0.141,0.101,0.07,0.071,0.261,0.098,0.079,0.104,0.063,0.212,0.094,0.116,0.087,0.088,0.059,0.102,0.061,0.112,0.097,0.078,0.069,0.098,0.105,0.113,0.27,0.206,0.067,0.126,0.118,0.096,0.164,0.107,0.106,0.101,0.135,0.435,0.11,0.13,0.232,0.119,0.089
0.507,0.663,0.915,0.185,1.0,0.184,0.49,0.915,0.847,1.0,0.312,0.453,0.296,0.847,0.378,0.663,0.453,0.847,0.113,0.915,0.188,0.28,0.686,0.915,0.915,0.635,0.28,0.721,0.545,0.663,0.106,0.204,0.188,0.915,0.273,0.44,1.0,1.0,1.0,0.168,0.915,0.756,1.0,0.795,0.204,0.915,0.663,0.69,0.597,0.567,0.318,1.0,0.915,1.0,0.239,0.567,1.0,0.238,0.237,1.0,0.795,0.494,1.0,0.44,0.217,0.42,0.293,0.915,0.086,0.239,0.25,1.0,0.795,0.756,0.068,1.0,0.134,0.218,0.191,0.432,0.145,0.795,1.0,0.243,0.915,0.167,0.915,0.438,0.256,0.847,1.0,0.608,0.847,0.663,0.259,0.232,0.714,0.847,0.284,0.204,0.56,1.0,0.185,0.847,0.62,0.847,0.259,0.392,0.378,0.707,0.795,0.272,0.279,0.49,0.847,1.0,0.545,0.756,1.0,0.205,0.635,0.847,0.204,0.313,0.224,0.795,0.847,0.915,0.098,0.106,0.847,0.567,1.0,0.575,0.782,1.0,0.915,0.662,0.383,0.392,0.327,0.915,0.276,1.0,0.507,0.847,0.915,1.0,0.847,0.383,0.102,0.279,1.0,0.847,0.847,0.204,1.0,0.847,0.847,0.17,0.625,0.217,0.915,0.264,0.594,0.33,0.597,0.608,0.535,0.714,0.706,0.62,0.49,0.259,0.915,0.663,0.259,0.181,0.915,0.756,0.453,1.0,0.303,1.0,0.136,0.182,0.182,0.153,1.0,0.795,0.915,0.608,0.516,0.847,0.143,0.915,0.294,0.229,0.686,1.0,0.205,0.259,0.915,0.153,1.0,0.357,1.0,0.466,0.663,0.847,0.756,0.727,0.594,0.915,0.915,0.915,0.847,0.915,0.332,0.847,0.155,0.259,0.69,0.545,0.276,0.259,0.272,0.102,0.296,0.239,0.466,0.231,0.217,0.635,1.0,0.31,0.259,1.0,1.0,0.915,0.756,0.507,0.14,0.546,0.847,0.53,0.756,0.279,0.251,0.915,0.191,1.0,0.392,0.507,1.0,0.18,0.915,0.28,0.722,0.915,0.915,1.0,0.318,1.0,0.915,0.204,1.0,1.0
0.33,0.187,0.299,0.213,0.303,0.098,0.392,0.256,0.206,0.355,0.334,0.234,0.155,0.226,0.298,0.252,0.187,0.284,0.179,0.263,0.151,0.174,0.447,0.266,0.358,0.47,0.157,0.24,0.26,0.204,0.062,0.178,0.122,0.337,0.197,0.331,0.317,0.253,0.336,0.164,0.289,0.537,0.297,0.263,0.209,0.267,0.296,0.23,0.252,0.229,0.314,0.345,0.826,0.346,0.102,0.21,0.319,0.119,0.245,0.303,0.425,0.192,0.297,0.179,0.191,0.196,0.239,0.323,0.188,0.188,0.711,0.306,0.202,0.438,0.034,0.306,0.062,0.126,0.156,0.25,0.172,0.269,0.385,0.419,0.674,0.144,0.826,0.263,0.131,0.272,0.312,0.306,0.575,0.495,0.251,0.14,0.276,0.337,0.22,0.165,0.243,0.795,0.132,0.269,0.401,0.575,0.179,0.174,0.363,0.295,0.497,0.112,0.207,0.232,0.273,0.349,0.234,0.268,0.357,0.173,0.271,0.257,0.261,0.271,0.192,0.24,0.259,0.826,0.076,0.125,0.323,0.419,0.298,0.252,0.569,0.308,0.329,0.309,0.202,0.25,0.193,0.367,0.182,0.483,0.175,0.209,0.293,0.312,0.271,0.235,0.154,0.211,0.795,0.262,0.705,0.148,0.318,0.32,0.3,0.25,0.231,0.191,0.314,0.264,0.33,0.28,0.315,0.176,0.285,0.265,0.262,0.332,0.232,0.251,0.278,0.495,0.251,0.217,0.374,0.18,0.17,0.378,0.185,0.295,0.384,0.12,0.141,0.153,0.795,1.0,0.291,0.18,0.343,0.223,0.099,0.25,0.261,0.126,0.176,0.292,0.192,0.186,0.333,0.081,0.795,0.137,0.393,0.308,0.276,0.575,0.537,0.231,0.19,0.826,0.304,0.674,0.243,0.422,0.241,0.254,0.13,0.28,0.243,0.227,0.164,0.152,0.146,0.092,0.183,0.145,0.157,0.244,0.145,0.223,0.305,0.167,0.251,0.318,0.324,0.228,0.537,0.152,0.139,0.143,0.575,0.248,0.207,0.124,0.216,0.326,0.105,0.352,0.217,0.33,0.356,0.202,0.307,0.197,0.232,0.265,0.264,0.384,0.19,0.339,0.674,0.261,0.319,0.326
0.417,0.222,0.484,0.173,0.312,0.076,0.45,0.301,0.227,0.373,0.127,0.19,0.108,0.231,0.339,0.238,0.253,0.275,0.095,0.378,0.166,0.162,0.586,0.36,0.378,0.648,0.124,0.203,0.222,0.209,0.047,0.151,0.093,0.364,0.135,0.396,0.368,0.249,0.319,0.144,0.385,0.769,0.39,0.278,0.142,0.354,0.33,0.198,0.214,0.237,0.192,0.244,1.0,0.388,0.199,0.226,0.36,0.11,0.194,0.278,0.246,0.179,0.328,0.17,0.197,0.186,0.25,0.451,0.12,0.146,0.209,0.433,0.228,0.627,0.058,0.304,0.096,0.093,0.075,0.363,1.0,0.439,0.267,0.235,0.815,0.084,1.0,0.234,0.133,0.243,0.308,0.225,0.736,0.678,0.243,0.136,0.279,0.324,0.139,0.14,0.174,0.915,0.075,0.431,0.527,0.736,0.122,0.181,0.18,0.372,0.674,0.126,0.233,0.177,0.507,0.413,0.524,0.25,0.36,0.409,0.314,0.321,0.209,0.212,0.187,0.291,0.23,1.0,0.17,0.1,0.251,0.48,0.349,0.185,0.693,0.334,0.392,0.419,0.244,0.169,0.103,0.391,0.149,0.326,0.192,0.229,0.388,0.417,0.246,0.302,0.199,0.235,0.915,0.346,0.902,0.129,0.437,0.481,0.374,0.188,0.272,0.197,0.304,0.117,0.484,0.155,0.268,0.335,0.303,0.256,0.195,0.43,0.268,0.243,0.342,0.678,0.243,0.143,0.303,0.215,0.193,0.467,0.156,0.332,0.114,0.261,0.274,0.1,0.915,0.291,1.0,0.311,0.509,0.27,0.07,0.301,0.139,0.208,0.288,0.328,0.165,0.114,0.333,0.06,0.915,0.126,0.319,0.4,0.186,0.736,0.769,0.215,0.297,1.0,0.46,0.815,0.237,0.31,0.166,0.27,0.108,0.28,0.245,0.234,0.137,0.115,0.114,0.106,0.124,0.324,0.169,0.197,0.115,0.171,0.488,0.253,0.243,0.354,0.396,0.237,0.769,0.213,0.115,0.473,0.736,0.342,0.282,0.112,0.14,0.387,0.085,0.337,0.18,0.417,0.409,0.172,0.491,0.161,0.308,0.226,0.355,0.345,0.176,0.476,0.815,0.209,0.334,0.389
0.254,0.141,0.369,0.12,0.316,0.062,0.288,0.244,0.165,0.272,0.1,0.121,0.088,0.155,0.213,0.152,0.284,0.281,0.193,0.416,0.091,0.154,0.387,0.245,0.265,0.261,0.108,0.156,0.14,0.138,0.069,0.149,0.102,0.192,0.139,0.231,0.194,0.262,0.267,0.086,0.288,0.263,0.31,0.193,0.15,0.498,0.208,0.143,0.14,0.191,0.127,0.184,0.489,0.249,0.275,0.176,0.282,0.111,0.122,0.182,0.134,0.099,0.289,0.136,0.12,0.266,0.168,0.35,0.086,0.171,0.114,0.301,0.185,0.322,0.042,0.21,0.073,0.074,0.06,0.2,0.276,0.434,0.183,0.171,0.489,0.069,0.489,0.201,0.174,0.189,0.256,0.142,0.481,0.31,0.163,0.141,0.239,0.181,0.105,0.169,0.114,0.608,0.081,0.191,0.814,0.393,0.087,0.152,0.154,0.235,0.39,0.08,0.119,0.134,0.25,0.325,0.233,0.161,0.328,0.225,0.203,0.238,0.204,0.117,0.134,0.222,0.154,0.489,0.08,0.087,0.211,0.336,0.211,0.12,0.488,0.271,0.22,0.216,0.155,0.144,0.067,0.348,0.124,0.269,0.15,0.195,0.394,0.306,0.164,0.156,0.176,0.122,0.608,0.226,0.393,0.158,0.462,0.243,0.263,0.172,0.186,0.12,0.193,0.111,0.922,0.115,0.166,0.7,0.232,0.184,0.143,0.231,0.228,0.163,0.226,0.31,0.163,0.08,0.233,0.152,0.128,0.343,0.101,0.296,0.057,0.157,0.18,0.103,0.608,0.18,0.311,1.0,0.24,0.213,0.093,0.221,0.111,0.135,0.359,0.298,0.118,0.086,0.201,0.048,0.608,0.152,0.211,0.219,0.111,0.393,0.263,0.123,0.396,0.489,0.33,0.489,0.162,0.204,0.124,0.176,0.06,0.105,0.217,0.14,0.144,0.108,0.128,0.122,0.091,0.468,0.11,0.124,0.091,0.139,0.354,0.095,0.163,0.223,0.276,0.183,0.263,0.175,0.066,0.208,0.393,0.246,0.176,0.087,0.128,0.265,0.074,0.252,0.14,0.254,0.339,0.253,0.319,0.153,0.248,0.156,0.268,0.296,0.145,0.285,0.489,0.204,0.255,0.273
0.288,0.513,0.509,0.096,0.516,0.067,0.232,0.416,0.339,0.647,0.138,0.488,0.115,0.339,0.181,0.513,0.331,0.339,0.048,0.416,0.072,0.132,0.285,0.51,0.647,0.291,0.132,0.271,0.397,0.513,0.039,0.112,0.09,0.545,0.123,0.186,0.516,0.516,0.516,0.067,0.416,0.29,0.516,0.513,0.112,0.416,0.513,0.47,0.361,0.581,0.159,0.516,0.509,0.516,0.258,0.362,0.56,0.229,0.151,0.647,0.343,0.289,0.516,0.186,0.093,0.254,0.191,0.647,0.031,0.149,0.099,0.647,0.51,0.237,0.023,0.516,0.051,0.093,0.084,0.25,0.074,0.581,0.516,0.146,0.416,0.074,0.509,0.449,0.104,0.339,0.516,0.198,0.339,0.513,0.124,0.068,0.484,0.647,0.102,0.112,0.21,0.516,0.071,0.647,0.348,0.339,0.124,0.283,0.181,0.403,0.28,0.094,0.101,0.232,0.414,0.516,0.647,0.237,0.516,0.097,0.397,0.513,0.112,0.13,0.146,0.28,0.414,0.509,0.03,0.051,0.339,0.362,0.6,0.245,0.606,0.516,0.509,0.454,0.162,0.177,0.097,0.416,0.121,0.516,0.288,0.339,0.416,0.647,0.339,0.162,0.025,0.109,0.516,0.647,0.414,0.112,0.516,0.414,0.414,0.067,0.647,0.093,0.509,0.116,0.261,0.129,0.548,0.24,0.342,0.484,0.421,0.545,0.283,0.124,0.647,0.513,0.124,0.058,0.471,0.29,0.247,0.516,0.237,0.516,0.048,0.063,0.063,0.064,0.516,0.343,0.509,0.24,1.0,0.581,0.053,0.416,0.163,0.184,0.285,0.516,0.097,0.124,0.509,0.053,0.516,0.152,0.516,0.275,0.513,0.339,0.29,0.205,0.283,0.509,0.509,0.416,0.339,0.509,0.219,0.449,0.047,0.124,0.47,0.306,0.121,0.124,0.113,0.032,0.115,0.258,0.275,0.149,0.093,0.291,0.516,0.083,0.124,0.516,0.516,0.416,0.29,0.462,0.049,0.205,0.339,0.518,0.545,0.109,0.121,0.513,0.084,0.516,0.283,0.288,0.516,0.085,0.647,0.132,0.495,0.416,0.416,0.516,0.14,0.516,0.416,0.112,0.516,0.516
0.416,0.193,0.256,0.147,0.438,0.067,1.0,0.232,0.257,0.445,0.117,0.16,0.227,0.174,0.425,0.454,0.194,0.489,0.656,0.234,0.436,0.26,0.622,0.514,0.302,0.449,0.156,0.232,0.124,0.234,0.118,0.183,0.094,0.455,0.122,0.36,0.257,0.479,0.262,0.089,0.243,0.521,0.228,0.428,0.221,0.32,0.372,0.401,0.388,0.454,0.141,0.352,0.736,0.476,0.114,0.127,0.404,0.099,0.164,0.27,0.176,0.171,0.206,0.122,0.535,0.207,0.319,0.258,0.102,0.165,1.0,0.364,0.539,0.639,0.044,0.383,0.067,0.091,0.096,0.482,0.276,0.263,0.245,0.257,0.736,0.204,0.736,0.197,0.15,0.275,0.201,0.148,0.791,0.499,0.454,0.111,0.325,0.322,0.121,0.183,0.274,0.847,0.192,0.388,0.455,0.645,0.301,0.157,0.146,0.373,0.705,0.072,0.304,0.265,0.438,0.247,0.22,0.403,0.239,0.141,0.226,0.238,0.308,0.243,0.306,0.156,0.494,0.736,0.107,0.5,0.381,0.631,0.321,0.196,0.687,0.346,0.347,0.352,0.142,0.233,0.172,0.346,0.094,0.202,0.185,0.32,0.211,0.434,0.206,0.18,0.185,0.302,0.847,0.446,0.645,0.181,0.282,0.396,0.184,0.173,0.178,0.535,0.22,0.139,0.485,0.347,0.327,0.212,0.444,0.325,0.311,0.237,0.219,0.454,0.454,0.499,0.454,0.185,0.357,0.292,0.125,0.264,0.162,0.207,0.274,0.174,0.345,0.074,0.847,0.223,0.27,0.213,0.581,1.0,0.099,0.314,0.13,0.089,0.189,0.21,0.109,0.168,0.191,0.071,0.847,0.115,0.318,0.348,0.359,0.645,0.521,0.303,0.265,0.736,0.279,0.736,0.35,0.191,0.182,0.333,0.076,0.323,0.348,0.312,0.145,0.336,0.298,0.059,0.132,0.17,0.121,0.293,0.262,0.159,0.233,0.205,0.454,0.238,0.249,0.341,0.521,0.198,0.137,0.121,0.645,0.196,0.148,0.097,0.286,0.309,0.099,0.201,0.182,0.416,0.251,0.178,0.306,0.165,0.161,0.225,0.192,0.226,0.107,0.317,0.736,0.308,0.459,0.277
0.053,0.077,0.089,0.14,0.117,0.038,0.139,0.194,0.207,0.136,0.15,0.274,0.068,0.261,0.111,0.098,0.147,0.122,0.101,0.104,0.099,0.157,0.075,0.102,0.132,0.066,0.145,0.117,0.107,0.083,0.071,0.135,0.428,0.087,0.093,0.107,0.122,0.138,0.136,0.076,0.168,0.079,0.095,0.082,0.135,0.09,0.071,0.088,0.099,0.111,0.074,0.16,0.113,0.156,0.059,0.057,0.115,0.135,0.565,0.093,0.112,0.061,0.135,0.07,0.128,0.359,0.117,0.09,0.046,0.247,0.083,0.116,0.113,0.079,0.043,0.162,0.073,0.096,0.355,0.086,0.057,0.09,0.132,0.064,0.113,0.126,0.113,0.157,0.135,0.134,0.399,0.077,0.093,0.073,0.172,0.071,0.149,0.109,0.169,0.167,0.173,0.143,0.098,0.077,0.073,0.093,0.113,0.09,0.08,0.084,0.085,0.053,0.069,0.109,0.078,0.121,0.073,0.089,0.138,0.061,0.122,0.13,0.194,0.08,0.067,0.071,0.113,0.113,0.077,0.095,0.122,0.061,0.082,0.062,0.1,0.123,0.085,0.087,0.069,0.101,0.12,0.099,0.089,0.109,0.172,0.106,0.122,0.088,0.116,0.088,0.045,0.068,0.143,0.095,0.093,0.155,0.11,0.141,0.089,0.091,0.071,0.128,0.108,0.24,0.065,0.11,0.093,0.08,0.112,0.146,0.199,0.087,0.099,0.172,0.09,0.073,0.172,0.34,0.092,0.081,0.178,0.109,0.118,0.117,0.093,0.054,0.091,0.086,0.143,0.099,0.07,0.093,0.053,0.099,1.0,0.09,0.198,0.056,0.075,0.114,0.083,0.321,0.079,0.065,0.143,0.227,0.136,0.082,0.093,0.093,0.079,0.093,0.075,0.113,0.095,0.113,0.235,0.114,0.125,0.262,0.136,0.167,0.082,0.102,0.175,0.14,0.171,0.042,0.097,0.072,0.33,0.074,0.093,0.308,0.087,0.062,0.172,0.121,0.097,0.262,0.079,0.055,0.135,0.053,0.093,0.123,0.066,0.073,0.146,0.094,0.097,0.11,0.218,0.053,0.104,0.051,0.078,0.157,0.092,0.19,0.095,0.181,0.095,0.11,0.113,0.194,0.199,0.108
0.417,0.269,0.313,0.192,0.403,0.09,0.45,0.343,0.356,0.373,0.149,0.204,0.154,0.315,0.339,0.291,0.193,0.32,0.227,0.409,0.166,0.194,0.586,0.31,0.372,0.531,0.172,0.269,0.215,0.249,0.084,0.156,0.108,0.374,0.166,0.396,0.307,0.273,0.406,0.102,0.426,0.627,0.365,0.343,0.165,0.259,0.298,0.277,0.255,0.217,0.169,0.267,0.815,0.367,0.131,0.238,0.478,0.11,0.146,0.32,0.216,0.206,0.451,0.169,0.197,0.185,0.25,0.459,0.07,0.164,0.209,0.368,0.298,0.627,0.046,0.274,0.08,0.114,0.098,0.211,0.173,0.268,0.282,0.203,1.0,0.136,0.815,0.182,0.112,0.311,0.413,0.188,0.736,0.556,0.243,0.121,0.3,0.299,0.142,0.171,0.212,0.915,0.132,0.338,0.527,0.902,0.192,0.192,0.154,0.246,0.674,0.131,0.233,0.223,0.319,0.514,0.237,0.279,0.469,0.145,0.325,0.401,0.209,0.175,0.187,0.335,0.31,0.815,0.081,0.507,0.344,0.48,0.284,0.206,0.693,0.438,0.314,0.292,0.287,0.199,0.143,0.45,0.148,0.412,0.218,0.346,0.499,0.347,0.264,0.157,0.079,0.235,0.915,0.272,0.736,0.172,0.474,0.358,0.444,0.149,0.247,0.197,0.356,0.162,0.484,0.223,0.255,0.241,0.248,0.383,0.211,0.286,0.212,0.243,0.483,0.556,0.243,0.143,0.388,0.431,0.181,0.609,0.166,0.457,0.114,0.097,0.203,0.091,0.915,0.25,0.301,0.221,0.416,0.314,0.09,1.0,0.159,0.143,0.273,0.452,0.139,0.142,0.338,0.083,0.915,0.157,0.344,0.4,0.236,0.902,0.627,0.21,0.171,0.815,0.472,1.0,0.356,0.331,0.188,0.32,0.08,0.203,0.303,0.241,0.154,0.25,0.159,0.056,0.148,0.156,0.185,0.174,0.118,0.184,0.41,0.253,0.243,0.405,0.483,0.383,0.627,0.246,0.115,0.235,0.902,0.239,0.323,0.132,0.157,0.284,0.115,0.395,0.177,0.417,0.529,0.108,0.316,0.174,0.361,0.256,0.374,0.453,0.162,0.379,1.0,0.209,0.481,0.328
0.136,0.15,0.145,0.088,0.16,0.091,0.318,0.158,0.176,0.222,0.456,0.352,0.128,0.218,0.252,0.152,0.139,0.204,0.074,0.186,0.169,0.155,0.187,0.168,0.249,0.163,0.203,0.178,0.175,0.128,0.07,0.15,0.208,0.155,0.15,0.176,0.258,0.149,0.239,0.12,0.16,0.183,0.173,0.157,0.18,0.142,0.13,0.13,0.173,0.182,0.149,0.13,0.255,0.176,0.107,0.116,0.176,0.268,0.276,0.186,0.232,0.122,0.294,0.105,0.201,0.211,0.241,0.182,0.07,0.27,0.218,0.187,0.118,0.183,0.048,0.185,0.085,0.164,0.284,0.146,0.06,0.151,0.202,0.194,0.255,0.248,0.255,0.444,0.087,0.214,0.299,0.143,0.224,0.177,0.247,0.129,0.207,0.219,0.636,0.162,0.23,0.294,0.119,0.131,0.176,0.224,0.167,0.213,0.141,0.147,0.2,0.088,0.169,0.197,0.16,0.227,0.171,0.177,0.383,0.095,0.166,0.171,0.217,0.175,0.19,0.152,0.126,0.255,0.053,0.102,0.186,0.157,0.152,0.103,0.231,0.23,0.165,0.13,0.113,0.204,0.209,0.199,0.113,0.194,0.15,0.139,0.203,0.152,0.186,0.113,0.08,0.174,0.294,0.13,0.224,0.173,0.2,0.176,0.187,0.151,0.153,0.201,0.19,0.723,0.152,0.156,0.173,0.108,0.168,0.285,0.187,0.19,0.202,0.247,0.159,0.177,0.247,0.223,0.155,0.131,0.193,0.22,0.178,0.224,0.153,0.07,0.097,0.1,0.294,0.261,0.139,0.111,0.163,0.13,0.198,0.159,1.0,0.128,0.144,0.216,0.121,0.274,0.151,0.103,0.294,0.161,0.229,0.196,0.146,0.224,0.183,0.154,0.128,0.255,0.156,0.255,0.214,0.163,0.266,0.203,0.123,0.33,0.136,0.228,0.102,0.186,0.119,0.068,0.157,0.109,0.157,0.112,0.107,0.197,0.158,0.116,0.247,0.197,0.198,0.182,0.183,0.126,0.186,0.104,0.224,0.147,0.152,0.15,0.159,0.15,0.139,0.19,0.237,0.136,0.206,0.088,0.132,0.183,0.171,0.248,0.165,0.408,0.115,0.178,0.255,0.217,0.206,0.208
0.118,0.107,0.186,0.22,0.14,0.07,0.241,0.147,0.096,0.161,0.1,0.122,0.086,0.093,0.191,0.165,0.152,0.146,0.065,0.173,0.078,0.201,0.133,0.12,0.14,0.224,0.096,0.099,0.138,0.097,0.042,0.09,0.078,0.127,0.114,0.084,0.116,0.094,0.15,0.058,0.204,0.116,0.123,0.132,0.103,0.158,0.121,0.089,0.176,0.114,0.248,0.092,0.189,0.17,0.166,0.108,0.14,0.09,0.098,0.136,0.09,0.093,0.182,0.083,0.098,0.104,0.215,0.175,0.035,0.156,0.11,0.131,0.09,0.116,0.032,0.107,0.059,0.077,0.051,0.104,0.257,0.264,0.108,0.168,0.189,0.167,0.189,0.096,0.051,0.117,0.15,0.074,0.157,0.162,0.128,0.16,0.17,0.137,0.081,0.137,0.144,0.229,0.054,0.199,0.232,0.157,0.075,0.196,0.094,0.159,0.134,0.05,0.444,0.115,0.126,0.175,0.246,0.111,0.205,0.214,0.313,0.152,0.129,0.105,0.166,0.122,0.133,0.189,0.047,0.063,0.134,0.14,0.148,0.072,0.224,0.161,0.119,0.156,0.088,0.15,0.047,0.174,0.067,0.148,0.101,0.093,0.18,0.167,0.122,0.082,0.032,0.121,0.229,0.158,0.157,0.11,0.185,0.197,0.149,0.072,0.226,0.098,0.116,0.103,0.2,0.117,0.142,0.137,0.199,0.125,0.091,0.115,0.152,0.128,0.134,0.162,0.128,0.07,0.142,0.097,0.375,0.176,0.082,0.201,0.054,0.048,0.063,0.061,0.229,0.126,0.208,0.135,0.184,0.089,0.056,0.143,0.128,1.0,0.104,0.189,0.115,0.071,0.1,0.048,0.229,0.076,0.128,0.14,0.077,0.157,0.116,0.119,0.147,0.189,0.124,0.189,0.105,0.116,0.132,0.105,0.043,0.148,0.118,0.1,0.064,0.096,0.081,0.033,0.087,0.153,0.076,0.248,0.05,0.102,0.145,0.044,0.128,0.142,0.329,0.107,0.116,0.169,0.056,0.176,0.157,0.125,0.155,0.097,0.082,0.159,0.073,0.146,0.151,0.118,0.219,0.074,0.132,0.096,0.187,0.09,0.303,0.187,0.067,0.202,0.189,0.129,0.136,0.152
0.349,0.185,0.27,0.15,0.247,0.076,0.323,0.246,0.205,0.296,0.13,0.186,0.106,0.248,0.25,0.166,0.232,0.218,0.07,0.544,0.164,0.154,1.0,0.184,0.246,0.37,0.195,0.219,0.166,0.166,0.063,0.177,0.093,0.248,0.156,0.273,0.237,0.172,0.303,0.106,0.371,0.403,0.252,0.215,0.195,0.291,0.195,0.159,0.144,0.207,0.166,0.163,0.586,0.227,0.2,0.208,0.302,0.087,0.132,0.215,0.158,0.144,0.353,0.132,0.206,0.145,0.179,0.434,0.055,0.121,0.15,0.333,0.144,0.494,0.051,0.211,0.073,0.103,0.095,0.15,0.258,0.301,0.195,0.145,0.586,0.106,0.586,0.151,0.072,0.288,0.31,0.172,0.622,0.385,0.267,0.11,0.188,0.217,0.131,0.209,0.16,0.686,0.1,0.205,0.383,0.507,0.151,0.155,0.119,0.172,0.549,0.132,0.16,0.157,0.179,0.411,0.207,0.178,0.423,0.132,0.297,0.291,0.285,0.109,0.138,0.309,0.147,0.586,0.052,0.117,0.244,0.419,0.194,0.178,0.516,0.351,0.321,0.337,0.132,0.169,0.103,0.378,0.162,0.305,0.195,0.236,0.348,0.389,0.229,0.112,0.06,0.166,0.686,0.183,0.507,0.215,0.561,0.351,0.364,0.143,0.194,0.206,0.231,0.171,0.397,0.128,0.212,0.524,0.187,0.222,0.135,0.24,0.161,0.267,0.271,0.385,0.267,0.099,0.273,0.208,0.159,0.444,0.153,0.36,0.101,0.062,0.099,0.084,0.686,0.176,0.288,0.359,0.285,0.189,0.075,0.273,0.144,0.104,1.0,0.387,0.138,0.14,0.233,0.087,0.686,0.128,0.251,0.285,0.141,0.507,0.403,0.161,0.22,0.586,0.264,0.586,0.19,0.252,0.172,0.231,0.079,0.149,0.209,0.149,0.147,0.182,0.105,0.053,0.125,0.295,0.164,0.101,0.092,0.126,0.352,0.155,0.267,0.276,0.358,0.217,0.403,0.215,0.079,0.417,0.507,0.24,0.251,0.107,0.148,0.214,0.126,0.297,0.149,0.349,0.399,0.065,0.307,0.176,0.299,0.168,0.326,0.37,0.158,0.268,0.586,0.285,0.303,0.279
0.507,0.33,0.36,0.185,0.369,0.151,0.49,0.352,0.359,0.394,0.204,0.264,0.184,0.337,0.378,0.273,0.295,0.3,0.113,0.551,0.188,0.178,0.686,0.258,0.409,0.635,0.199,0.324,0.289,0.278,0.077,0.138,0.127,0.384,0.191,0.44,0.32,0.216,0.471,0.136,0.461,0.756,0.391,0.366,0.174,0.325,0.327,0.23,0.232,0.217,0.21,0.238,0.915,0.349,0.242,0.33,0.502,0.166,0.176,0.328,0.241,0.284,0.585,0.177,0.217,0.19,0.293,0.563,0.086,0.183,0.25,0.415,0.191,0.756,0.056,0.28,0.11,0.152,0.107,0.223,0.145,0.327,0.276,0.243,0.915,0.137,0.915,0.22,0.101,0.358,0.481,0.229,0.847,0.663,0.259,0.17,0.288,0.354,0.178,0.163,0.22,1.0,0.12,0.322,0.62,0.847,0.167,0.273,0.179,0.25,0.795,0.162,0.279,0.231,0.307,0.691,0.308,0.281,0.67,0.16,0.409,0.534,0.204,0.195,0.224,0.514,0.221,0.915,0.098,0.106,0.371,0.567,0.305,0.221,0.782,0.491,0.357,0.347,0.195,0.317,0.165,0.53,0.173,0.482,0.262,0.341,0.615,0.417,0.285,0.177,0.102,0.279,1.0,0.251,0.847,0.166,0.596,0.43,0.689,0.17,0.33,0.217,0.337,0.214,0.594,0.184,0.31,0.288,0.261,0.389,0.213,0.345,0.285,0.259,0.463,0.663,0.259,0.181,0.411,0.414,0.251,0.769,0.184,0.6,0.136,0.096,0.119,0.13,1.0,0.292,0.328,0.298,0.516,0.21,0.114,0.452,0.216,0.189,0.387,1.0,0.15,0.153,0.392,0.115,1.0,0.182,0.385,0.466,0.209,0.847,0.756,0.227,0.221,0.915,0.424,0.915,0.308,0.37,0.228,0.348,0.108,0.163,0.342,0.222,0.157,0.179,0.166,0.085,0.193,0.285,0.231,0.145,0.105,0.198,0.39,0.31,0.259,0.466,0.554,0.306,0.756,0.378,0.14,0.322,0.847,0.311,0.529,0.191,0.172,0.299,0.146,0.443,0.247,0.507,0.632,0.12,0.351,0.196,0.558,0.256,0.462,0.577,0.179,0.412,0.915,0.204,0.478,0.361
0.095,0.102,0.131,0.12,0.137,0.043,0.197,0.163,0.121,0.16,0.108,0.16,0.081,0.143,0.146,0.114,0.148,0.164,0.042,0.218,0.187,0.226,0.132,0.138,0.136,0.232,0.224,0.122,0.292,0.102,0.071,0.269,0.096,0.12,0.09,0.196,0.144,0.142,0.139,0.528,0.228,0.162,0.163,0.105,0.219,0.123,0.11,0.089,0.12,0.129,0.195,0.202,0.191,0.199,0.091,0.152,0.144,0.052,0.187,0.133,0.236,0.116,0.15,0.324,0.231,0.102,0.109,0.187,0.396,0.124,0.087,0.135,0.109,0.162,0.064,0.125,0.08,0.094,0.114,0.103,0.31,0.138,0.208,0.206,0.191,0.117,0.191,0.103,0.113,0.212,0.156,0.129,0.179,0.133,0.295,0.114,0.128,0.131,0.161,0.298,0.123,0.205,0.117,0.22,0.123,0.179,0.176,0.112,0.207,0.2,0.17,0.163,0.1,0.134,0.123,0.185,0.17,0.106,0.152,0.273,0.252,0.128,0.38,0.096,0.075,0.122,0.136,0.191,0.063,0.154,0.119,0.109,0.189,0.3,0.159,0.189,0.176,0.11,0.226,0.118,0.147,0.162,0.235,0.219,0.154,0.128,0.205,0.146,0.258,0.197,0.175,0.092,0.205,0.127,0.179,0.262,0.211,0.184,0.147,0.393,0.156,0.231,0.235,0.176,0.118,0.121,0.144,0.187,0.133,0.112,0.117,0.152,0.176,0.295,0.121,0.133,0.295,0.055,0.118,0.11,0.098,0.168,0.159,0.156,0.116,0.084,0.119,0.253,0.205,0.192,0.165,0.118,0.097,0.109,0.083,0.139,0.121,0.115,0.138,0.15,1.0,0.164,0.184,0.098,0.205,0.113,0.148,0.105,0.119,0.179,0.162,0.132,0.11,0.191,0.176,0.191,0.139,0.258,0.166,0.118,0.374,0.229,0.086,0.141,0.189,0.209,0.092,0.132,0.107,0.144,0.11,0.272,0.122,0.126,0.187,0.116,0.295,0.12,0.157,0.157,0.162,0.07,0.079,0.139,0.179,0.122,0.111,0.07,0.135,0.19,0.139,0.304,0.348,0.095,0.166,0.098,0.14,0.2,0.118,0.144,0.291,0.169,0.287,0.236,0.191,0.38,0.18,0.126
0.119,0.15,0.135,0.114,0.138,0.07,0.291,0.217,0.232,0.217,0.265,0.317,0.114,0.267,0.214,0.187,0.197,0.386,0.052,0.152,0.717,0.218,0.172,0.152,0.211,0.157,0.27,0.272,0.163,0.198,0.112,0.225,0.302,0.172,0.109,0.3,0.238,0.262,0.209,0.158,0.224,0.213,0.155,0.151,0.335,0.136,0.101,0.14,0.214,0.28,0.137,0.228,0.243,0.18,0.124,0.086,0.147,0.088,0.359,0.244,0.241,0.116,0.168,0.152,0.831,0.307,0.183,0.15,0.107,0.163,0.176,0.181,0.136,0.213,0.063,0.261,0.119,0.16,0.326,0.138,0.092,0.115,0.205,0.144,0.243,0.209,0.243,0.267,0.116,0.502,0.368,0.118,0.231,0.165,1.0,0.166,0.197,0.227,0.281,0.238,0.323,0.259,0.166,0.12,0.157,0.231,0.504,0.144,0.135,0.144,0.221,0.124,0.165,0.196,0.152,0.206,0.122,0.204,0.217,0.092,0.209,0.146,0.383,0.108,0.118,0.124,0.165,0.243,0.081,0.17,0.256,0.133,0.181,0.099,0.187,0.393,0.248,0.13,0.15,0.147,0.224,0.22,0.139,0.16,0.371,0.144,0.157,0.163,0.268,0.148,0.14,0.152,0.259,0.159,0.231,0.251,0.174,0.184,0.15,0.254,0.156,0.831,0.232,0.348,0.155,0.26,0.194,0.108,0.259,0.201,0.259,0.154,0.167,1.0,0.144,0.165,1.0,0.288,0.13,0.113,0.254,0.181,0.237,0.157,0.23,0.056,0.106,0.122,0.259,0.186,0.114,0.086,0.124,0.168,0.321,0.142,0.274,0.071,0.14,0.153,0.164,1.0,0.143,0.139,0.259,0.24,0.262,0.168,0.224,0.231,0.213,0.184,0.128,0.243,0.155,0.243,0.281,0.159,0.252,0.246,0.161,0.418,0.101,0.217,0.142,0.404,0.146,0.098,0.162,0.134,0.285,0.117,0.152,0.366,0.152,0.217,1.0,0.172,0.181,0.341,0.213,0.069,0.282,0.078,0.231,0.117,0.113,0.12,0.342,0.177,0.177,0.177,0.276,0.119,0.172,0.071,0.124,0.258,0.115,0.26,0.142,0.278,0.147,0.158,0.243,0.383,0.214,0.179
0.417,0.246,0.347,0.157,0.328,0.079,0.45,0.285,0.261,0.366,0.134,0.215,0.116,0.264,0.339,0.235,0.194,0.246,0.095,0.353,0.166,0.162,0.586,0.241,0.351,0.648,0.176,0.234,0.302,0.227,0.054,0.219,0.093,0.358,0.124,0.396,0.346,0.2,0.358,0.22,0.397,0.769,0.405,0.308,0.154,0.239,0.288,0.184,0.208,0.176,0.412,0.322,1.0,0.361,0.101,0.268,0.409,0.089,0.194,0.285,0.285,0.19,0.391,0.202,0.197,0.155,0.25,0.432,0.328,0.118,0.209,0.375,0.174,0.627,0.038,0.277,0.068,0.107,0.096,0.211,0.131,0.245,0.342,0.203,0.815,0.1,1.0,0.174,0.14,0.291,0.355,0.259,0.736,0.678,0.243,0.116,0.274,0.315,0.152,0.158,0.184,0.915,0.097,0.312,0.527,0.736,0.15,0.18,0.275,0.259,0.674,0.176,0.233,0.184,0.323,0.5,0.259,0.234,0.423,0.188,0.34,0.4,0.218,0.155,0.187,0.312,0.212,1.0,0.081,0.1,0.277,0.48,0.297,0.231,0.693,0.388,0.335,0.289,0.23,0.186,0.151,0.424,0.226,0.626,0.197,0.253,0.417,0.34,0.241,0.222,0.141,0.235,0.915,0.22,0.902,0.158,0.43,0.372,0.497,0.396,0.286,0.197,0.366,0.164,0.484,0.148,0.26,0.195,0.22,0.269,0.189,0.336,0.29,0.243,0.375,0.678,0.243,0.143,0.321,0.304,0.162,0.555,0.168,0.397,0.114,0.14,0.152,0.196,0.915,0.333,0.333,0.201,0.509,0.191,0.079,0.338,0.151,0.1,0.233,0.392,0.184,0.143,1.0,0.08,0.915,0.137,0.34,0.4,0.193,0.736,0.769,0.186,0.157,1.0,0.396,0.815,0.241,0.445,0.185,0.275,0.208,0.15,0.244,0.219,0.196,0.162,0.112,0.127,0.138,0.13,0.165,0.166,0.133,0.175,0.325,0.253,0.243,0.389,0.425,0.253,0.769,0.196,0.115,0.181,0.736,0.248,0.36,0.122,0.136,0.292,0.116,0.523,0.223,0.417,0.456,0.222,0.336,0.175,0.316,0.246,0.323,0.4,0.229,0.355,0.815,0.218,0.38,0.314
0.056,0.219,0.095,0.033,0.078,0.264,0.151,0.073,0.126,0.121,0.156,0.131,0.348,0.095,0.271,0.171,0.06,0.118,0.027,0.112,0.137,0.113,0.086,0.074,0.102,0.071,0.368,0.156,0.156,0.203,0.353,0.145,0.063,0.118,0.061,0.146,0.236,0.11,0.099,0.096,0.092,0.085,0.196,0.069,0.144,0.074,0.054,0.214,0.105,0.155,0.117,0.069,0.13,0.108,0.151,0.061,0.086,0.037,0.148,0.252,0.128,0.16,0.116,0.077,0.173,0.068,0.228,0.093,0.048,0.106,0.067,0.096,0.069,0.085,0.04,0.083,0.239,0.197,0.084,0.154,0.049,0.059,0.095,0.073,0.13,0.163,0.13,0.173,0.057,0.167,0.116,0.049,0.111,0.075,0.228,0.214,0.108,0.228,0.187,0.171,0.195,0.153,0.27,0.065,0.083,0.111,0.202,0.177,0.134,0.061,0.096,0.183,0.075,0.162,0.191,0.137,0.068,0.142,0.115,0.061,0.121,0.085,0.228,0.058,0.205,0.169,0.102,0.13,0.03,0.094,0.144,0.068,0.1,0.061,0.103,0.259,0.154,0.056,0.143,0.105,0.23,0.16,0.092,0.112,0.113,0.085,0.108,0.102,0.277,0.143,0.048,0.069,0.153,0.088,0.111,0.383,0.115,0.083,0.101,0.12,0.08,0.173,0.159,0.154,0.067,0.217,0.216,0.065,0.109,0.076,0.112,0.065,0.094,0.228,0.116,0.075,0.228,0.041,0.137,0.07,0.057,0.115,0.204,0.17,0.085,0.035,0.069,0.074,0.153,0.081,0.06,0.048,0.053,0.071,0.065,0.083,0.103,0.048,0.087,0.115,0.098,0.139,0.08,1.0,0.153,0.061,0.134,0.08,0.226,0.111,0.085,0.334,0.071,0.13,0.083,0.13,0.078,0.099,0.203,0.075,0.221,0.129,0.057,0.188,0.082,0.177,0.393,0.219,0.311,0.113,0.064,0.066,0.111,0.096,0.082,0.077,0.228,0.078,0.104,0.078,0.085,0.048,0.176,0.053,0.111,0.049,0.07,0.226,0.101,0.077,0.389,0.117,0.207,0.056,0.108,0.11,0.081,0.264,0.084,0.138,0.095,0.129,0.093,0.09,0.13,0.228,0.116,0.09
0.507,0.663,0.915,0.185,1.0,0.184,0.49,0.915,0.847,1.0,0.312,0.453,0.296,0.847,0.378,0.663,0.453,0.847,0.113,0.915,0.188,0.28,0.686,0.915,0.915,0.635,0.28,0.721,0.545,0.663,0.106,0.204,0.188,0.915,0.273,0.44,1.0,1.0,1.0,0.168,0.915,0.756,1.0,0.795,0.204,0.915,0.663,0.69,0.597,0.567,0.318,1.0,0.915,1.0,0.239,0.567,1.0,0.238,0.237,1.0,0.795,0.494,1.0,0.44,0.217,0.42,0.293,0.915,0.086,0.239,0.25,1.0,0.795,0.756,0.068,1.0,0.134,0.218,0.191,0.432,0.145,0.795,1.0,0.243,0.915,0.167,0.915,0.438,0.256,0.847,1.0,0.608,0.847,0.663,0.259,0.232,0.714,0.847,0.284,0.204,0.56,1.0,0.185,0.847,0.62,0.847,0.259,0.392,0.378,0.707,0.795,0.272,0.279,0.49,0.847,1.0,0.545,0.756,1.0,0.205,0.635,0.847,0.204,0.313,0.224,0.795,0.847,0.915,0.098,0.106,0.847,0.567,1.0,0.575,0.782,1.0,0.915,0.662,0.383,0.392,0.327,0.915,0.276,1.0,0.507,0.847,0.915,1.0,0.847,0.383,0.102,0.279,1.0,0.847,0.847,0.204,1.0,0.847,0.847,0.17,0.625,0.217,0.915,0.264,0.594,0.33,0.597,0.608,0.535,0.714,0.706,0.62,0.49,0.259,0.915,0.663,0.259,0.181,0.915,0.756,0.453,1.0,0.303,1.0,0.136,0.182,0.182,0.153,1.0,0.795,0.915,0.608,0.516,0.847,0.143,0.915,0.294,0.229,0.686,1.0,0.205,0.259,0.915,0.153,1.0,0.357,1.0,0.466,0.663,0.847,0.756,0.727,0.594,0.915,0.915,0.915,0.847,0.915,0.332,0.847,0.155,0.259,0.69,0.545,0.276,0.259,0.272,0.102,0.296,0.239,0.466,0.231,0.217,0.635,1.0,0.31,0.259,1.0,1.0,0.915,0.756,0.507,0.14,0.546,0.847,0.53,0.756,0.279,0.251,0.915,0.191,1.0,0.392,0.507,1.0,0.18,0.915,0.28,0.722,0.915,0.915,1.0,0.318,1.0,0.915,0.204,1.0,1.0
0.156,0.112,0.146,0.192,0.174,0.046,0.188,0.385,0.291,0.189,0.154,0.199,0.078,0.373,0.152,0.131,0.114,0.156,0.121,0.206,0.121,0.163,0.222,0.147,0.203,0.192,0.131,0.149,0.133,0.127,0.068,0.196,0.616,0.157,0.249,0.311,0.165,0.154,0.22,0.076,0.215,0.223,0.148,0.139,0.19,0.14,0.122,0.112,0.122,0.138,0.106,0.179,0.31,0.172,0.085,0.095,0.19,0.18,0.19,0.14,0.141,0.086,0.197,0.124,0.148,0.345,0.167,0.198,0.051,0.202,0.094,0.178,0.161,0.223,0.052,0.194,0.097,0.086,0.272,0.11,0.129,0.145,0.158,0.095,0.31,0.13,0.31,0.209,0.106,0.16,0.42,0.114,0.273,0.204,0.188,0.073,0.167,0.159,0.149,0.227,0.264,0.357,0.085,0.144,0.205,0.273,0.116,0.105,0.096,0.129,0.244,0.157,0.101,0.124,0.113,0.233,0.117,0.125,0.211,0.108,0.21,0.216,0.329,0.085,0.087,0.135,0.146,0.31,0.112,0.129,0.182,0.182,0.126,0.108,0.263,0.184,0.162,0.141,0.087,0.112,0.139,0.185,0.118,0.169,0.242,0.189,0.224,0.168,0.162,0.094,0.053,0.099,0.357,0.141,0.273,0.222,0.216,0.202,0.181,0.109,0.107,0.148,0.142,0.204,0.178,0.135,0.125,0.162,0.157,0.178,0.264,0.165,0.118,0.188,0.158,0.204,0.188,0.204,0.151,0.124,0.248,0.224,0.121,0.186,0.082,0.059,0.105,0.102,0.357,0.137,0.126,0.152,0.152,0.115,0.227,0.157,0.161,0.076,0.128,0.182,0.113,0.24,0.137,0.061,0.357,1.0,0.159,0.225,0.109,0.273,0.223,0.13,0.108,0.31,0.187,0.31,0.392,0.158,0.13,0.291,0.087,0.175,0.13,0.125,0.18,0.128,0.15,0.04,0.116,0.122,0.21,0.091,0.09,0.272,0.157,0.184,0.188,0.18,0.181,0.404,0.223,0.094,0.17,0.104,0.273,0.156,0.131,0.079,0.142,0.155,0.087,0.253,0.215,0.156,0.196,0.067,0.161,0.185,0.159,0.211,0.175,0.249,0.131,0.241,0.31,0.329,0.226,0.161
0.507,0.249,0.345,0.185,0.396,0.133,0.549,0.389,0.295,0.506,0.278,0.21,0.242,0.332,0.481,0.424,0.359,0.402,0.136,0.338,0.448,0.195,0.686,0.328,0.476,0.635,0.185,0.301,0.236,0.272,0.09,0.203,0.141,0.498,0.202,0.44,0.446,0.331,0.397,0.142,0.434,0.756,0.386,0.344,0.276,0.347,0.328,0.308,0.366,0.318,0.266,0.371,0.915,0.509,0.206,0.252,0.396,0.118,0.232,0.485,0.413,0.244,0.372,0.256,0.534,0.295,0.389,0.39,0.202,0.227,0.711,0.425,0.288,0.756,0.049,0.483,0.116,0.151,0.134,0.277,0.145,0.312,0.472,0.78,0.915,0.146,0.915,0.247,0.152,0.397,0.366,0.35,0.847,0.663,0.66,0.168,0.348,0.481,0.243,0.204,0.332,1.0,0.149,0.37,0.62,0.847,0.273,0.24,0.28,0.31,0.795,0.124,0.291,0.289,0.306,0.423,0.271,0.454,0.476,0.138,0.309,0.324,0.467,0.267,0.317,0.315,0.359,0.915,0.434,0.193,0.443,0.567,0.453,0.232,0.782,0.437,0.53,0.37,0.2,0.279,0.204,0.543,0.175,0.382,0.254,0.312,0.391,0.456,0.338,0.248,0.246,0.289,1.0,0.39,0.847,0.236,0.406,0.408,0.349,0.233,0.328,0.534,0.471,0.209,0.594,0.364,0.445,0.21,0.358,0.292,0.33,0.392,0.316,0.66,0.421,0.663,0.66,0.232,0.434,0.238,0.207,0.474,0.232,0.374,0.384,0.107,0.133,0.118,1.0,0.393,0.319,0.211,0.516,0.318,0.136,0.344,0.229,0.128,0.251,0.385,0.148,0.262,0.34,0.134,1.0,0.159,1.0,0.466,0.367,0.847,0.756,0.4,0.257,0.915,0.394,0.915,0.305,0.341,0.25,0.365,0.121,0.248,0.284,0.319,0.174,0.22,0.171,0.099,0.259,0.25,0.308,0.187,0.177,0.3,0.4,0.31,0.66,0.406,0.433,0.386,0.756,0.188,0.242,0.188,0.847,0.273,0.255,0.181,0.295,0.406,0.155,0.388,0.262,0.507,0.446,0.182,0.416,0.212,0.296,0.319,0.323,0.407,0.183,0.424,0.915,0.467,0.407,0.417
0.31,0.384,0.4,0.096,0.466,0.111,0.34,0.4,0.556,0.466,0.207,0.243,0.185,0.653,0.262,0.384,0.289,0.348,0.081,0.4,0.105,0.181,0.285,0.46,0.4,0.245,0.181,0.351,0.303,0.384,0.056,0.154,0.137,0.88,0.123,0.492,0.466,0.466,0.466,0.092,0.4,0.278,0.466,0.384,0.154,0.4,0.384,0.423,0.325,0.33,0.217,0.466,0.4,0.466,0.123,0.33,0.466,0.236,0.155,0.466,0.308,0.255,0.466,0.492,0.131,0.262,0.188,0.4,0.044,0.15,0.157,0.466,0.34,0.278,0.039,0.466,0.089,0.142,0.116,0.264,0.044,0.33,0.466,0.153,0.4,0.105,0.4,0.567,0.165,0.348,0.466,0.226,0.348,0.384,0.168,0.129,0.438,0.348,0.172,0.154,0.221,0.466,0.103,0.348,0.263,0.348,0.168,0.264,0.262,0.394,0.308,0.064,0.169,0.34,0.348,0.466,0.303,0.278,0.466,0.108,0.303,0.384,0.154,0.202,0.144,0.308,0.348,0.4,0.06,0.074,0.348,0.33,0.466,0.241,0.509,0.466,0.4,0.407,0.112,0.264,0.653,0.4,0.094,0.466,0.31,0.653,0.4,0.466,0.348,0.135,0.043,0.175,0.466,0.384,0.348,0.154,0.466,0.348,0.348,0.096,0.343,0.131,0.4,0.157,0.224,0.208,0.341,0.219,0.34,0.438,0.415,0.466,0.34,0.168,0.4,0.384,0.168,0.104,0.4,0.278,0.88,0.466,0.185,0.466,0.071,0.108,0.108,0.094,0.466,0.308,0.4,0.219,0.275,0.348,0.082,0.4,0.196,0.14,0.285,0.466,0.105,0.168,0.4,0.08,0.466,0.225,0.466,1.0,0.384,0.348,0.278,0.256,0.264,0.4,0.4,0.4,0.653,0.4,0.212,0.88,0.075,0.168,0.423,0.303,0.094,0.168,0.175,0.047,0.185,0.123,1.0,0.121,0.131,0.262,0.466,0.556,0.168,0.678,0.466,0.4,0.278,0.31,0.079,0.216,0.348,0.341,0.278,0.175,0.173,0.4,0.116,0.466,0.264,0.31,0.466,0.108,0.4,0.181,0.451,0.4,0.4,0.466,0.107,0.466,0.4,0.154,0.466,0.466
0.415,0.295,0.251,0.144,0.309,0.16,0.316,0.179,0.35,0.355,0.162,0.206,0.354,0.176,0.241,0.437,0.149,0.343,0.182,0.182,0.297,0.204,0.385,0.294,0.302,0.404,0.226,0.36,0.174,0.444,0.23,0.173,0.093,0.467,0.193,0.258,0.274,0.303,0.319,0.111,0.242,0.545,0.212,0.352,0.256,0.174,0.281,0.415,0.347,0.332,0.156,0.263,0.678,0.363,0.132,0.136,0.353,0.078,0.202,0.401,0.196,0.279,0.215,0.122,0.365,0.164,0.259,0.237,0.084,0.129,1.0,0.253,0.268,0.358,0.043,0.28,0.173,0.149,0.119,0.319,0.096,0.171,0.322,0.134,0.556,0.182,0.678,0.262,0.109,0.357,0.209,0.178,0.472,1.0,0.463,0.221,0.278,0.423,0.176,0.18,0.318,0.663,0.244,0.246,0.395,0.472,0.385,0.14,0.158,0.22,0.407,0.132,0.21,0.284,0.265,0.295,0.188,0.382,0.233,0.077,0.255,0.297,0.38,0.296,0.201,0.159,0.391,0.678,0.886,0.436,0.501,0.499,0.229,0.17,0.803,0.376,0.35,0.283,0.134,0.319,0.27,0.355,0.108,0.207,0.206,0.235,0.204,0.27,0.323,0.143,0.105,0.154,0.663,0.336,0.722,0.208,0.238,0.246,0.242,0.214,0.212,0.365,0.238,0.174,0.323,0.459,0.47,0.113,0.355,0.322,0.24,0.242,0.161,0.463,0.385,1.0,0.463,0.163,0.452,0.216,0.12,0.335,0.212,0.219,0.274,0.085,0.212,0.084,0.663,0.276,0.186,0.111,0.513,0.359,0.093,0.236,0.146,0.077,0.141,0.209,0.119,0.224,0.193,0.226,0.663,0.109,0.367,0.384,1.0,0.472,0.435,0.361,0.172,0.678,0.215,0.556,0.281,0.196,0.218,0.248,0.134,0.221,0.304,0.265,0.123,0.269,0.332,0.11,0.227,0.13,0.125,0.274,0.224,0.161,0.224,0.17,0.463,0.257,0.243,0.24,0.435,0.146,0.122,0.091,0.472,0.161,0.159,0.124,0.284,0.247,0.207,0.211,0.187,0.415,0.267,0.257,0.231,0.223,0.21,0.214,0.174,0.24,0.116,0.34,0.556,0.38,0.411,0.278
0.348,0.472,0.736,0.136,0.847,0.121,0.418,0.902,0.791,0.847,0.239,0.294,0.215,1.0,0.307,0.472,0.331,0.645,0.081,0.736,0.147,0.254,0.507,0.736,0.902,0.449,0.254,0.522,0.376,0.472,0.073,0.214,0.169,1.0,0.208,0.36,0.847,0.847,0.847,0.124,0.902,0.521,0.847,0.575,0.214,0.736,0.472,0.516,0.396,0.412,0.248,0.847,0.736,0.847,0.193,0.412,0.847,0.164,0.208,0.847,0.575,0.311,0.847,0.36,0.181,0.329,0.216,0.902,0.057,0.169,0.178,0.847,0.575,0.521,0.05,0.847,0.106,0.156,0.156,0.315,0.119,0.575,0.847,0.172,0.902,0.128,0.736,0.301,0.194,0.645,0.847,0.406,0.645,0.472,0.231,0.147,0.653,0.645,0.2,0.214,0.473,0.847,0.145,0.645,0.455,1.0,0.231,0.315,0.307,0.55,0.575,0.19,0.196,0.418,0.645,0.847,0.376,0.521,0.847,0.179,0.449,0.645,0.214,0.235,0.16,0.575,0.645,0.736,0.068,0.095,0.645,0.412,0.847,0.417,0.622,0.847,0.736,0.493,0.307,0.315,0.226,0.902,0.209,0.847,0.348,0.645,0.902,0.847,0.645,0.307,0.061,0.201,0.847,0.791,0.645,0.214,0.847,0.645,0.645,0.131,0.422,0.181,0.736,0.208,0.397,0.245,0.386,0.393,0.418,0.653,0.513,0.476,0.418,0.231,0.902,0.472,0.231,0.114,0.736,0.521,0.334,0.902,0.254,0.847,0.097,0.118,0.118,0.112,0.847,0.575,0.736,0.393,0.339,0.645,0.093,0.902,0.224,0.157,0.507,0.847,0.179,0.231,0.736,0.111,0.847,0.273,0.847,0.348,0.472,1.0,0.521,0.482,0.397,0.736,0.791,0.902,1.0,0.736,0.254,0.645,0.108,0.231,0.516,0.46,0.209,0.231,0.199,0.064,0.215,0.217,0.348,0.181,0.181,0.449,0.847,0.205,0.231,0.847,0.847,0.902,0.521,0.348,0.095,0.375,1.0,0.383,0.521,0.201,0.192,0.736,0.156,0.847,0.315,0.348,0.847,0.114,0.736,0.254,0.55,0.902,0.736,0.847,0.248,0.847,0.902,0.214,0.847,0.847
0.257,0.435,0.769,0.108,0.756,0.086,0.372,0.627,0.521,0.756,0.196,0.249,0.167,0.521,0.264,0.435,0.269,0.521,0.063,0.627,0.121,0.237,0.403,0.627,0.627,0.413,0.237,0.401,0.342,0.435,0.054,0.221,0.157,1.0,0.171,0.309,0.756,0.756,0.756,0.101,0.679,0.459,0.756,0.537,0.221,0.627,0.435,0.415,0.351,0.325,0.208,0.756,0.769,0.756,0.165,0.325,0.756,0.124,0.19,0.756,0.537,0.251,0.756,0.309,0.158,0.277,0.171,0.639,0.04,0.13,0.136,0.769,0.438,0.374,0.038,0.769,0.087,0.121,0.134,0.268,0.104,0.438,0.756,0.131,0.627,0.104,0.769,0.235,0.157,0.521,0.756,0.285,0.521,0.435,0.213,0.108,0.433,0.639,0.149,0.221,0.286,0.756,0.119,0.639,0.361,0.521,0.213,0.268,0.264,0.46,0.438,0.14,0.147,0.372,0.639,0.756,0.342,0.374,0.756,0.162,0.413,0.639,0.221,0.188,0.123,0.438,0.639,0.769,0.048,0.088,0.521,0.325,0.756,0.327,0.529,0.756,0.769,0.395,0.26,0.268,0.161,0.627,0.17,0.756,0.257,0.521,0.627,0.769,0.521,0.26,0.037,0.155,0.756,0.521,0.639,0.221,0.756,0.639,0.639,0.107,0.367,0.158,0.769,0.19,0.28,0.194,0.317,0.263,0.372,0.433,0.398,0.395,0.372,0.213,0.627,0.435,0.213,0.076,0.627,1.0,0.264,0.756,0.237,0.756,0.073,0.082,0.088,0.088,0.756,0.537,0.769,0.263,0.29,0.521,0.079,0.627,0.183,0.116,0.403,0.756,0.162,0.213,0.769,0.085,0.756,0.223,0.756,0.278,0.435,0.521,1.0,0.327,0.28,0.769,0.769,0.627,0.521,0.769,0.237,0.521,0.079,0.213,0.415,0.279,0.17,0.213,0.157,0.043,0.167,0.205,0.278,0.151,0.158,0.413,0.756,0.138,0.213,0.756,0.756,0.627,1.0,0.257,0.069,0.278,0.521,0.3,1.0,0.155,0.158,0.769,0.134,0.756,0.268,0.257,0.756,0.091,0.769,0.237,0.45,0.627,0.627,0.756,0.205,0.756,0.627,0.221,0.756,0.756
0.263,0.228,0.258,0.209,0.272,0.154,0.357,0.234,0.202,0.365,0.182,0.156,0.264,0.219,0.308,0.417,0.163,0.324,0.305,0.213,0.251,0.209,0.454,0.268,0.366,0.305,0.263,0.267,0.14,0.305,0.162,0.165,0.123,0.383,0.21,0.292,0.399,0.326,0.276,0.098,0.25,0.327,0.241,0.287,0.244,0.22,0.2,0.318,0.281,0.369,0.19,0.282,0.592,0.289,0.173,0.12,0.254,0.09,0.228,0.524,0.208,0.207,0.227,0.135,0.3,0.187,0.348,0.212,0.084,0.183,0.629,0.245,0.31,0.657,0.053,0.257,0.168,0.181,0.111,0.293,0.535,0.27,0.302,0.189,0.592,0.152,0.592,0.281,0.113,0.277,0.226,0.207,0.59,0.323,0.373,0.159,0.291,0.42,0.169,0.172,0.381,0.727,0.227,0.232,0.331,0.482,0.306,0.207,0.191,0.21,0.792,0.171,0.133,0.254,0.3,0.257,0.237,0.356,0.261,0.106,0.2,0.267,0.38,0.207,0.446,0.22,0.323,0.592,0.105,0.477,0.39,0.349,0.271,0.148,0.5,0.394,0.473,0.239,0.148,0.22,0.187,0.533,0.121,0.223,0.179,0.18,0.215,0.36,0.397,0.173,0.105,0.141,0.727,0.324,0.482,0.279,0.257,0.284,0.186,0.214,0.153,0.3,0.254,0.155,0.298,0.413,0.499,0.138,0.348,0.16,0.28,0.212,0.198,0.373,0.298,0.323,0.373,0.113,0.254,0.14,0.146,0.267,0.221,0.237,0.441,0.067,0.147,0.087,0.727,0.231,0.215,0.123,0.205,0.303,0.093,0.21,0.154,0.119,0.161,0.227,0.132,0.184,0.186,0.334,0.727,0.13,0.4,0.256,0.361,0.482,0.327,1.0,0.193,0.592,0.218,0.592,0.196,0.198,0.272,0.205,0.174,0.244,0.223,0.29,0.128,0.212,0.209,0.145,0.35,0.202,0.153,0.164,0.197,0.191,0.256,0.17,0.373,0.226,0.253,0.227,0.327,0.127,0.176,0.143,0.482,0.172,0.131,0.235,0.264,0.324,0.21,0.228,0.247,0.263,0.26,0.126,0.313,0.286,0.164,0.272,0.211,0.24,0.128,0.296,0.592,0.38,0.266,0.306
0.274,0.124,0.4,0.179,0.232,0.073,0.771,0.198,0.149,0.309,0.116,0.162,0.11,0.152,0.336,0.242,0.459,0.281,0.192,0.261,0.164,0.161,0.397,0.323,0.302,0.274,0.116,0.14,0.143,0.138,0.06,0.142,0.106,0.249,0.114,0.227,0.219,0.293,0.236,0.077,0.247,0.28,0.252,0.19,0.162,0.422,0.227,0.213,0.24,0.279,0.155,0.191,0.484,0.257,0.333,0.152,0.226,0.08,0.169,0.222,0.164,0.104,0.2,0.131,0.209,0.249,0.404,0.267,0.119,0.141,0.26,0.303,0.224,0.342,0.036,0.283,0.087,0.085,0.099,0.243,0.681,0.35,0.213,0.321,0.484,0.116,0.484,0.219,0.149,0.171,0.211,0.129,0.485,0.323,0.245,0.186,0.258,0.277,0.15,0.143,0.184,0.594,0.076,0.226,0.841,0.397,0.136,0.185,0.153,0.275,0.404,0.071,0.283,0.166,0.206,0.216,0.287,0.2,0.279,0.145,0.205,0.155,0.329,0.115,0.3,0.147,0.223,0.484,0.233,0.129,0.211,0.351,0.251,0.102,0.488,0.246,0.315,0.314,0.157,0.197,0.094,0.311,0.092,0.19,0.146,0.147,0.229,0.344,0.19,0.173,0.119,0.234,0.594,0.278,0.397,0.149,0.306,0.297,0.156,0.159,0.177,0.209,0.208,0.11,0.856,0.172,0.222,0.348,0.31,0.158,0.239,0.253,0.248,0.245,0.192,0.323,0.245,0.17,0.206,0.109,0.237,0.228,0.136,0.202,0.113,0.093,0.114,0.073,0.594,0.19,0.297,0.396,0.283,0.265,0.075,0.171,0.128,0.147,0.22,0.221,0.11,0.128,0.157,0.071,0.594,0.108,0.257,0.264,0.172,0.397,0.28,0.193,1.0,0.484,0.26,0.484,0.172,0.158,0.169,0.185,0.068,0.168,0.187,0.183,0.098,0.114,0.155,0.067,0.126,0.42,0.109,0.15,0.101,0.164,0.317,0.113,0.245,0.213,0.23,0.164,0.28,0.122,0.538,0.184,0.397,0.195,0.122,0.101,0.176,0.251,0.091,0.191,0.221,0.274,0.263,0.211,0.365,0.176,0.168,0.213,0.187,0.209,0.102,0.254,0.484,0.329,0.209,0.304
0.417,0.678,1.0,0.157,0.915,0.148,0.45,0.815,0.736,0.915,0.271,0.444,0.25,0.736,0.339,0.678,0.383,0.736,0.095,0.815,0.166,0.266,0.586,0.815,0.826,0.648,0.266,0.61,0.55,0.678,0.088,0.209,0.178,1.0,0.237,0.396,0.915,0.915,0.915,0.144,0.826,0.769,0.915,0.826,0.209,0.815,0.678,0.592,0.586,0.48,0.279,0.915,1.0,0.915,0.213,0.48,0.915,0.195,0.221,0.915,0.826,0.479,0.915,0.396,0.197,0.369,0.25,0.902,0.07,0.199,0.209,1.0,0.674,0.627,0.058,1.0,0.119,0.183,0.171,0.352,0.131,0.674,0.915,0.203,0.815,0.146,1.0,0.36,0.221,0.736,0.915,0.495,0.736,0.678,0.243,0.184,0.615,0.902,0.237,0.209,0.462,0.915,0.163,0.902,0.527,0.736,0.243,0.349,0.339,0.619,0.674,0.226,0.233,0.45,0.902,0.915,0.55,0.627,0.915,0.191,0.648,0.902,0.209,0.269,0.187,0.674,0.902,1.0,0.081,0.1,0.736,0.48,0.915,0.485,0.693,0.915,1.0,0.567,0.341,0.349,0.272,0.815,0.239,0.915,0.417,0.736,0.815,1.0,0.736,0.341,0.079,0.235,0.915,0.736,0.902,0.209,0.915,0.902,0.902,0.149,0.625,0.197,1.0,0.221,0.484,0.283,0.586,0.489,0.509,0.615,0.599,0.55,0.45,0.243,0.815,0.678,0.243,0.143,0.815,0.769,0.387,0.915,0.298,0.915,0.114,0.146,0.146,0.13,0.915,0.826,1.0,0.489,0.509,0.736,0.113,0.815,0.255,0.189,0.586,0.915,0.191,0.243,1.0,0.13,0.915,0.31,0.915,0.4,0.678,0.736,0.769,0.592,0.484,1.0,1.0,0.815,0.736,1.0,0.287,0.736,0.129,0.243,0.592,0.45,0.239,0.243,0.231,0.081,0.25,0.226,0.4,0.203,0.197,0.648,0.915,0.253,0.243,0.915,0.915,0.815,0.769,0.417,0.115,0.45,0.736,0.446,0.769,0.235,0.218,1.0,0.171,0.915,0.349,0.417,0.915,0.141,1.0,0.266,0.626,0.815,0.815,0.915,0.279,0.915,0.815,0.209,0.915,0.915
0.417,0.258,0.513,0.199,0.395,0.086,0.45,0.376,0.34,0.403,0.155,0.193,0.132,0.33,0.339,0.273,0.239,0.328,0.162,0.401,0.195,0.2,0.586,0.368,0.434,0.648,0.179,0.257,0.233,0.25,0.07,0.251,0.15,0.388,0.153,0.396,0.401,0.329,0.414,0.144,0.445,0.769,0.452,0.322,0.233,0.398,0.31,0.225,0.232,0.214,0.18,0.312,1.0,0.406,0.143,0.234,0.456,0.118,0.213,0.333,0.29,0.19,0.424,0.21,0.221,0.259,0.25,0.481,0.141,0.171,0.209,0.443,0.268,0.627,0.07,0.339,0.105,0.108,0.113,0.337,0.132,0.343,0.322,0.342,0.902,0.104,1.0,0.234,0.201,0.315,0.41,0.228,0.736,0.678,0.259,0.153,0.327,0.333,0.173,0.248,0.228,0.915,0.111,0.345,0.527,0.791,0.166,0.2,0.218,0.396,0.674,0.134,0.233,0.221,0.519,0.496,0.288,0.272,0.441,0.29,0.388,0.395,0.63,0.166,0.187,0.321,0.292,1.0,0.155,0.259,0.317,0.48,0.412,0.204,0.693,0.416,0.358,0.298,0.397,0.205,0.141,0.443,0.168,0.407,0.23,0.324,0.613,0.4,0.29,0.365,0.243,0.235,0.915,0.324,0.902,0.245,0.46,0.435,0.445,0.237,0.286,0.221,0.387,0.155,0.484,0.168,0.263,0.292,0.293,0.315,0.237,0.367,0.318,0.259,0.425,0.678,0.259,0.143,0.356,0.298,0.198,0.584,0.174,0.428,0.121,0.225,0.26,0.128,0.915,0.304,0.46,0.33,0.509,0.279,0.095,0.472,0.156,0.124,0.264,0.424,0.176,0.155,0.396,0.083,0.915,0.187,0.394,0.4,0.215,0.791,0.769,0.218,0.26,1.0,1.0,0.902,0.334,0.364,0.194,0.305,0.122,0.16,0.277,0.274,0.171,0.17,0.145,0.127,0.151,0.213,0.193,0.155,0.15,0.223,0.427,0.253,0.259,0.413,0.451,0.367,0.769,0.202,0.115,0.206,0.791,0.289,0.326,0.131,0.157,0.384,0.111,0.406,0.22,0.417,0.485,0.217,0.459,0.216,0.323,0.309,0.373,0.431,0.199,0.446,0.902,0.63,0.419,0.374
0.417,0.556,0.815,0.157,0.915,0.148,0.45,1.0,0.902,0.915,0.271,0.363,0.25,0.902,0.339,0.556,0.383,0.736,0.095,0.815,0.166,0.266,0.586,0.815,1.0,0.531,0.266,0.61,0.45,0.556,0.088,0.209,0.178,1.0,0.237,0.396,0.915,0.915,0.915,0.144,1.0,0.627,0.915,0.674,0.209,0.815,0.556,0.592,0.48,0.48,0.279,0.915,0.815,0.915,0.213,0.48,0.915,0.195,0.221,0.915,0.674,0.391,0.915,0.396,0.197,0.369,0.25,1.0,0.07,0.199,0.209,0.915,0.674,0.627,0.058,0.915,0.119,0.183,0.171,0.352,0.131,0.674,0.915,0.203,1.0,0.146,0.815,0.36,0.221,0.736,0.915,0.495,0.736,0.556,0.243,0.184,0.75,0.736,0.237,0.209,0.567,0.915,0.163,0.736,0.527,0.902,0.243,0.349,0.339,0.619,0.674,0.226,0.233,0.45,0.736,0.915,0.45,0.627,0.915,0.191,0.531,0.736,0.209,0.269,0.187,0.674,0.736,0.815,0.081,0.1,0.736,0.48,0.915,0.485,0.693,0.915,0.815,0.567,0.341,0.349,0.272,1.0,0.239,0.915,0.417,0.736,1.0,0.915,0.736,0.341,0.079,0.235,0.915,0.902,0.736,0.209,0.915,0.736,0.736,0.149,0.512,0.197,0.815,0.221,0.484,0.283,0.48,0.489,0.45,0.75,0.599,0.558,0.45,0.243,1.0,0.556,0.243,0.143,0.815,0.627,0.387,1.0,0.266,0.915,0.114,0.146,0.146,0.13,0.915,0.674,0.815,0.489,0.416,0.736,0.113,1.0,0.255,0.189,0.586,0.915,0.191,0.243,0.815,0.13,0.915,0.31,0.915,0.4,0.556,0.902,0.627,0.592,0.484,0.815,0.902,1.0,0.902,0.815,0.287,0.736,0.129,0.243,0.592,0.55,0.239,0.243,0.231,0.081,0.25,0.226,0.4,0.203,0.197,0.531,0.915,0.253,0.243,0.915,0.915,1.0,0.627,0.417,0.115,0.45,0.902,0.446,0.627,0.235,0.218,0.815,0.171,0.915,0.349,0.417,0.915,0.141,0.815,0.266,0.626,1.0,0.815,0.915,0.279,0.915,1.0,0.209,0.915,0.915
0.348,0.185,0.249,0.238,0.329,0.059,0.418,0.38,0.715,0.362,0.203,0.297,0.165,0.687,0.307,0.288,0.166,0.283,0.28,0.308,0.147,0.237,0.507,0.342,0.358,0.449,0.187,0.258,0.186,0.225,0.094,0.239,0.432,0.39,0.132,0.674,0.28,0.295,0.347,0.094,0.364,0.521,0.257,0.282,0.24,0.221,0.233,0.28,0.304,0.225,0.126,0.298,0.736,0.372,0.099,0.146,0.436,0.169,0.263,0.249,0.226,0.141,0.326,0.236,0.181,0.324,0.216,0.358,0.057,0.247,0.178,0.345,0.334,0.521,0.061,0.327,0.098,0.117,0.349,0.206,0.248,0.23,0.272,0.172,0.902,0.208,0.736,0.304,0.138,0.246,0.492,0.162,0.645,0.472,0.231,0.103,0.318,0.292,0.205,0.275,0.296,0.847,0.162,0.297,0.455,1.0,0.188,0.149,0.127,0.211,0.575,0.088,0.196,0.22,0.258,0.441,0.199,0.296,0.361,0.133,0.32,0.313,0.38,0.172,0.16,0.222,0.382,0.736,0.153,0.456,0.338,0.412,0.233,0.152,0.622,0.329,0.275,0.271,0.137,0.154,0.384,0.368,0.128,0.284,0.268,0.527,0.375,0.308,0.245,0.138,0.061,0.201,0.847,0.289,0.645,0.263,0.366,0.352,0.314,0.131,0.18,0.181,0.249,0.27,0.397,0.332,0.227,0.191,0.246,0.39,0.31,0.276,0.17,0.231,0.41,0.472,0.231,0.241,0.354,0.278,0.348,0.458,0.177,0.312,0.112,0.093,0.209,0.103,0.847,0.243,0.237,0.162,0.339,0.35,0.235,0.356,0.214,0.105,0.19,0.308,0.139,0.281,0.241,0.078,0.847,0.392,0.305,0.653,0.281,1.0,0.521,0.196,0.172,0.736,0.334,0.902,1.0,0.249,0.192,0.552,0.108,0.31,0.231,0.224,0.198,0.239,0.19,0.047,0.138,0.142,0.414,0.204,0.132,0.304,0.273,0.85,0.231,0.432,0.344,0.4,0.521,0.165,0.307,0.164,1.0,0.228,0.212,0.11,0.193,0.256,0.114,0.283,0.247,0.348,0.374,0.109,0.278,0.231,0.24,0.352,0.276,0.399,0.146,0.314,0.902,0.38,0.56,0.301
0.417,0.237,0.327,0.157,0.325,0.088,0.45,0.3,0.26,0.38,0.144,0.233,0.127,0.268,0.339,0.24,0.204,0.244,0.095,0.34,0.166,0.188,0.586,0.245,0.359,0.648,0.208,0.23,0.393,0.223,0.074,0.199,0.126,0.354,0.136,0.396,0.275,0.205,0.34,0.282,0.359,0.769,0.334,0.302,0.17,0.23,0.298,0.189,0.211,0.194,0.389,0.334,1.0,0.395,0.109,0.248,0.403,0.116,0.179,0.279,0.361,0.225,0.37,0.206,0.197,0.173,0.25,0.433,0.141,0.164,0.209,0.357,0.189,0.627,0.046,0.28,0.082,0.119,0.111,0.186,0.151,0.245,0.362,0.203,0.815,0.122,1.0,0.178,0.142,0.289,0.332,0.302,0.736,0.678,0.243,0.134,0.249,0.314,0.153,0.199,0.194,0.915,0.119,0.305,0.527,0.736,0.165,0.189,0.524,0.268,0.674,0.174,0.233,0.188,0.268,0.499,0.263,0.243,0.41,0.179,0.349,0.39,0.211,0.184,0.187,0.313,0.236,1.0,0.081,0.1,0.272,0.48,0.292,0.34,0.693,0.378,0.342,0.298,0.218,0.198,0.151,0.425,0.299,0.6,0.229,0.252,0.414,0.364,0.288,0.211,0.161,0.235,0.915,0.227,0.902,0.18,0.419,0.358,0.498,0.33,0.295,0.197,0.374,0.191,0.484,0.163,0.277,0.2,0.259,0.271,0.23,0.315,0.257,0.243,0.378,0.678,0.243,0.143,0.315,0.282,0.172,0.557,0.184,0.377,0.114,0.111,0.132,0.275,0.915,0.422,0.31,0.204,0.509,0.191,0.114,0.331,0.163,0.116,0.252,0.37,0.258,0.159,0.445,0.099,0.915,0.158,0.341,0.4,0.196,0.736,0.769,0.198,0.158,1.0,0.364,0.815,0.249,1.0,0.202,0.277,0.196,0.174,0.24,0.2,0.266,0.19,0.144,0.13,0.153,0.137,0.166,0.32,0.138,0.179,0.312,0.253,0.243,0.375,0.421,0.238,0.769,0.2,0.134,0.186,0.736,0.271,0.342,0.129,0.156,0.333,0.137,0.481,0.248,0.417,0.448,0.14,0.329,0.201,0.319,0.235,0.318,0.382,0.294,0.35,0.815,0.211,0.377,0.294
0.14,0.257,0.173,0.092,0.193,0.312,0.372,0.178,0.187,0.236,0.265,0.239,0.268,0.207,0.28,0.238,0.175,0.281,0.076,0.202,0.334,0.215,0.201,0.198,0.245,0.172,0.267,0.229,0.162,0.18,0.182,0.206,0.135,0.214,0.149,0.338,0.297,0.229,0.243,0.163,0.197,0.237,0.234,0.184,0.244,0.229,0.14,0.21,0.29,0.269,0.197,0.188,0.287,0.224,0.133,0.123,0.201,0.13,0.247,0.31,0.28,0.138,0.232,0.157,0.388,0.194,0.306,0.205,0.113,0.214,0.224,0.266,0.172,0.237,0.061,0.228,0.125,0.493,0.183,0.202,0.099,0.186,0.248,0.251,0.287,0.17,0.287,0.243,0.123,0.285,0.234,0.18,0.254,0.189,0.469,0.185,0.278,0.351,0.268,0.215,0.353,0.332,0.209,0.163,0.218,0.254,0.252,0.468,0.195,0.174,0.244,0.132,0.179,0.366,0.212,0.258,0.26,0.252,0.297,0.107,0.205,0.177,0.467,0.168,0.292,0.167,0.192,0.287,0.089,0.193,0.207,0.163,0.251,0.127,0.253,0.291,0.272,0.152,0.179,0.204,0.25,0.269,0.144,0.221,0.196,0.179,0.211,0.2,0.363,0.226,0.151,0.439,0.332,0.188,0.254,0.281,0.227,0.215,0.192,0.282,0.198,0.388,0.334,0.26,0.194,0.217,0.27,0.137,0.228,0.209,0.247,0.173,0.313,0.469,0.209,0.189,0.469,0.239,0.178,0.146,0.165,0.236,0.608,0.349,0.209,0.078,0.116,0.126,0.332,0.241,0.166,0.124,0.219,0.182,0.125,0.188,0.266,0.132,0.172,0.228,0.166,0.252,0.185,0.203,0.332,0.13,0.25,0.212,0.218,0.254,0.237,0.272,0.169,0.287,0.194,0.287,0.192,0.202,1.0,0.214,0.195,0.234,0.14,0.392,0.138,0.233,0.186,0.104,0.361,0.145,0.169,0.142,0.196,0.245,0.207,0.245,0.469,0.258,0.24,0.196,0.237,0.13,0.169,0.108,0.254,0.146,0.162,0.469,0.22,0.203,0.383,0.235,0.275,0.14,0.23,0.107,0.164,0.259,0.168,0.238,0.192,0.254,0.151,0.208,0.287,0.467,0.25,0.258
0.409,0.216,0.265,0.188,0.349,0.067,0.418,0.371,0.452,0.379,0.186,0.313,0.132,0.55,0.307,0.289,0.221,0.304,0.218,0.342,0.149,0.19,0.622,0.359,0.366,0.449,0.181,0.275,0.189,0.23,0.068,0.179,0.314,0.414,0.127,0.674,0.334,0.307,0.357,0.091,0.349,0.521,0.315,0.271,0.186,0.273,0.245,0.276,0.313,0.243,0.163,0.285,0.736,0.346,0.108,0.2,0.404,0.176,0.291,0.302,0.228,0.148,0.353,0.271,0.183,0.359,0.288,0.347,0.057,0.178,0.193,0.383,0.316,0.639,0.045,0.361,0.072,0.126,0.275,0.227,0.129,0.273,0.301,0.195,0.736,0.147,0.736,0.369,0.122,0.285,0.526,0.185,0.791,0.472,0.233,0.103,0.336,0.307,0.173,0.202,0.287,0.847,0.12,0.313,0.455,0.645,0.171,0.186,0.154,0.223,0.705,0.083,0.196,0.239,0.267,0.427,0.228,0.256,0.392,0.104,0.266,0.283,0.3,0.151,0.19,0.251,0.369,0.736,0.091,0.344,0.305,0.49,0.261,0.188,0.622,0.367,0.319,0.283,0.13,0.172,0.379,0.383,0.133,0.334,0.222,0.541,0.318,0.363,0.271,0.138,0.062,0.201,0.847,0.3,0.645,0.188,0.387,0.325,0.291,0.132,0.228,0.183,0.283,0.222,0.485,0.258,0.273,0.189,0.248,0.374,0.313,0.329,0.21,0.233,0.375,0.472,0.233,0.565,0.372,0.233,0.435,0.405,0.188,0.351,0.13,0.079,0.128,0.095,0.847,0.254,0.27,0.176,0.449,0.333,0.262,0.32,0.203,0.105,0.231,0.348,0.118,0.246,0.275,0.075,0.847,0.291,0.365,0.88,0.248,0.645,0.521,0.205,0.185,0.736,0.305,0.736,0.552,0.277,0.214,1.0,0.127,0.217,0.258,0.215,0.169,0.19,0.152,0.045,0.144,0.138,0.637,0.142,0.125,0.373,0.321,0.85,0.233,0.54,0.369,0.412,0.521,0.233,0.198,0.172,0.645,0.294,0.234,0.122,0.167,0.276,0.112,0.338,0.264,0.409,0.384,0.089,0.32,0.19,0.27,0.31,0.322,0.405,0.136,0.334,0.736,0.3,0.526,0.353
0.05,0.115,0.106,0.031,0.088,0.094,0.153,0.079,0.133,0.12,0.144,0.178,0.131,0.132,0.191,0.113,0.095,0.123,0.025,0.101,0.137,0.12,0.082,0.103,0.108,0.066,0.311,0.122,0.18,0.132,0.13,0.199,0.145,0.097,0.06,0.147,0.188,0.111,0.107,0.707,0.089,0.079,0.183,0.064,0.146,0.087,0.078,0.115,0.105,0.13,0.186,0.114,0.129,0.171,0.113,0.089,0.086,0.05,0.232,0.154,0.199,0.08,0.12,0.104,0.179,0.114,0.157,0.102,0.153,0.084,0.062,0.116,0.075,0.079,0.034,0.12,0.158,0.163,0.166,0.159,0.049,0.066,0.151,0.147,0.129,0.114,0.129,0.181,0.086,0.163,0.199,0.129,0.108,0.069,0.241,0.13,0.13,0.164,0.16,0.166,0.17,0.155,0.166,0.091,0.079,0.108,0.171,0.116,0.206,0.132,0.092,0.166,0.069,0.119,0.208,0.13,0.078,0.115,0.122,0.102,0.126,0.077,0.264,0.105,0.19,0.148,0.088,0.129,0.027,0.099,0.114,0.063,0.129,0.099,0.1,0.237,0.144,0.067,0.15,0.094,0.179,0.116,0.16,0.203,0.11,0.079,0.142,0.095,0.202,0.165,0.11,0.064,0.155,0.087,0.108,0.206,0.11,0.101,0.089,0.288,0.098,0.179,0.189,0.17,0.061,0.111,0.13,0.066,0.107,0.113,0.115,0.109,0.14,0.241,0.087,0.069,0.241,0.183,0.081,0.06,0.078,0.109,0.171,0.124,0.08,0.081,0.103,0.147,0.155,0.13,0.108,0.06,0.047,0.076,0.136,0.08,0.123,0.043,0.079,0.108,0.374,0.161,0.208,0.221,0.155,0.087,0.121,0.075,0.134,0.108,0.079,0.174,0.068,0.129,0.122,0.129,0.108,0.196,0.195,0.127,1.0,0.141,0.054,0.168,0.123,0.165,0.148,0.196,0.14,0.102,0.116,0.105,0.106,0.138,0.091,0.069,0.241,0.103,0.11,0.1,0.079,0.041,0.112,0.047,0.108,0.107,0.058,0.128,0.099,0.107,0.197,0.246,0.419,0.05,0.109,0.173,0.104,0.248,0.074,0.149,0.09,0.133,0.197,0.103,0.129,0.264,0.14,0.107
0.119,0.169,0.181,0.104,0.303,0.057,0.291,0.201,0.205,0.252,0.444,0.304,0.131,0.235,0.214,0.241,0.169,0.464,0.656,0.19,0.717,0.333,0.172,0.225,0.181,0.157,0.262,0.229,0.155,0.152,0.109,0.24,0.201,0.205,0.126,0.3,0.297,0.34,0.203,0.164,0.231,0.213,0.159,0.276,0.324,0.15,0.205,0.208,0.247,0.353,0.139,0.25,0.243,0.221,0.126,0.095,0.223,0.088,0.264,0.175,0.297,0.134,0.169,0.2,0.831,0.203,0.17,0.178,0.107,0.246,0.141,0.228,0.275,0.213,0.091,0.231,0.111,0.144,0.262,0.158,0.664,0.256,0.229,0.144,0.243,0.295,0.243,0.26,0.116,0.478,0.264,0.114,0.231,0.165,1.0,0.137,0.258,0.212,0.316,0.263,0.269,0.259,0.187,0.41,0.157,0.231,0.435,0.143,0.128,0.154,0.221,0.125,0.165,0.2,0.174,0.215,0.377,0.231,0.244,0.247,0.242,0.175,0.383,0.178,0.17,0.127,0.267,0.243,0.081,0.479,0.244,0.133,0.178,0.118,0.187,0.364,0.27,0.157,0.174,0.141,0.232,0.214,0.148,0.169,0.315,0.191,0.166,0.197,0.275,0.152,0.14,0.152,0.259,0.203,0.231,0.27,0.199,0.229,0.162,0.254,0.158,0.831,0.238,0.428,0.155,0.282,0.197,0.143,0.344,0.286,0.231,0.225,0.164,1.0,0.217,0.165,1.0,0.164,0.177,0.182,0.178,0.19,0.222,0.167,0.191,0.081,0.214,0.121,0.259,0.28,0.28,0.105,0.124,0.323,0.167,0.203,0.33,0.148,0.149,0.163,0.229,0.418,0.15,0.129,0.259,0.175,0.248,0.168,0.221,0.231,0.213,0.244,0.168,0.243,0.16,0.243,0.31,0.174,0.234,0.217,0.141,1.0,0.253,0.276,0.149,0.465,0.151,0.087,0.15,0.203,0.169,0.207,0.16,0.211,0.247,0.217,1.0,0.159,0.193,0.244,0.213,0.101,0.214,0.293,0.231,0.111,0.124,0.109,0.326,0.267,0.164,0.186,0.207,0.119,0.186,0.091,0.209,0.245,0.125,0.243,0.265,0.429,0.154,0.22,0.243,0.383,0.27,0.226
0.524,0.279,0.379,0.166,0.506,0.102,0.525,0.252,0.227,0.359,0.135,0.192,0.135,0.199,0.256,0.357,0.199,0.369,1.0,0.322,0.108,0.29,0.506,0.267,0.301,0.38,0.12,0.256,0.272,0.273,0.073,0.108,0.094,0.325,0.193,0.264,0.224,0.308,0.575,0.071,0.282,0.415,0.266,0.519,0.152,0.211,0.551,0.371,0.247,0.318,0.171,0.283,0.592,0.302,0.119,0.3,0.52,0.12,0.123,0.284,0.151,0.251,0.343,0.102,0.132,0.196,0.186,0.337,0.048,0.125,0.694,0.385,0.297,0.486,0.031,0.259,0.065,0.094,0.072,0.32,0.102,0.26,0.229,0.152,0.592,0.11,0.592,0.188,0.096,0.267,0.306,0.213,0.611,0.65,0.167,0.111,0.277,0.279,0.106,0.121,0.156,0.69,0.126,0.267,0.442,0.516,0.176,0.166,0.136,0.221,0.539,0.073,0.224,0.207,0.228,0.424,0.241,0.238,0.364,0.09,0.308,0.395,0.15,0.273,0.237,0.254,0.337,0.592,0.057,0.288,0.391,0.788,0.212,0.148,0.86,0.323,0.271,0.396,0.122,0.441,0.105,0.391,0.095,0.303,0.223,0.257,0.334,0.305,0.218,0.11,0.048,0.174,0.69,0.259,0.516,0.12,0.371,0.299,0.336,0.099,0.29,0.132,0.224,0.122,0.438,0.223,0.357,0.185,0.423,0.353,0.203,0.294,0.202,0.167,0.388,0.65,0.167,0.13,0.324,0.247,0.178,0.436,0.152,0.343,0.178,0.082,0.165,0.072,0.69,0.243,0.245,0.217,0.47,0.348,0.082,0.303,0.136,0.118,0.209,0.342,0.086,0.101,0.244,0.057,0.69,0.13,0.284,0.423,0.304,0.516,0.415,0.223,0.187,0.592,0.277,0.592,0.231,0.24,0.14,0.258,0.054,0.253,1.0,0.21,0.117,0.199,0.202,0.039,0.142,0.134,0.165,0.141,0.103,0.152,0.288,0.151,0.167,0.316,0.344,0.254,0.415,0.283,0.082,0.17,0.516,0.285,0.306,0.114,0.203,0.328,0.084,0.289,0.174,0.524,0.377,0.107,0.292,0.126,0.397,0.187,0.293,0.361,0.101,0.4,0.592,0.15,0.355,0.282
0.532,0.356,0.269,0.159,0.29,0.176,0.353,0.193,0.206,0.304,0.285,0.235,0.286,0.201,0.439,0.338,0.178,0.288,0.288,0.201,0.157,0.196,0.318,0.29,0.283,0.274,0.227,0.242,0.219,0.244,0.196,0.223,0.13,0.292,0.123,0.2,0.344,0.287,0.285,0.12,0.215,0.279,0.305,0.253,0.217,0.239,0.243,0.359,0.313,0.315,0.187,0.233,0.45,0.29,0.124,0.187,0.281,0.105,0.248,0.316,0.292,0.204,0.225,0.157,0.193,0.197,0.427,0.234,0.188,0.25,0.178,0.288,0.294,0.279,0.17,0.267,0.118,0.262,0.167,0.283,0.174,0.224,0.243,0.201,0.55,0.208,0.45,0.262,0.185,0.223,0.24,0.158,0.376,0.445,0.246,0.184,0.304,0.403,0.219,0.217,0.354,0.545,0.239,0.205,0.327,0.46,0.277,0.208,0.23,0.252,0.321,0.127,0.184,0.25,0.322,0.266,0.212,0.33,0.291,0.143,0.277,0.235,0.383,0.166,0.31,0.155,0.285,0.45,0.081,1.0,0.25,0.649,0.3,0.143,0.649,0.325,0.306,0.303,0.245,0.171,0.283,0.292,0.135,0.229,0.195,0.198,0.235,0.257,0.367,0.324,0.661,0.188,0.545,0.283,0.376,0.27,0.241,0.244,0.19,0.288,0.209,0.193,0.293,0.242,0.258,0.257,0.305,0.148,0.297,0.295,0.287,0.333,0.356,0.246,0.299,0.445,0.246,0.17,0.231,0.174,0.149,0.283,0.326,0.245,0.251,0.129,0.278,0.113,0.545,0.227,0.234,0.14,0.306,0.312,0.102,0.241,0.228,0.1,0.149,0.222,0.141,0.217,0.219,0.188,0.545,0.125,0.319,0.303,0.265,0.46,0.279,0.29,0.183,0.45,0.274,0.55,0.224,0.2,0.392,0.215,0.168,0.276,0.21,1.0,0.127,0.303,0.222,0.225,0.404,0.151,0.139,0.157,0.216,0.207,0.225,0.101,0.246,0.277,0.233,0.288,0.279,0.139,0.185,0.115,0.46,0.196,0.146,0.248,0.191,0.242,0.311,0.235,0.248,0.532,0.246,0.148,0.286,0.223,0.2,0.265,0.188,0.287,0.165,0.246,0.55,0.383,0.28,0.307
0.125,0.095,0.136,0.142,0.187,0.045,0.152,0.206,0.155,0.208,0.092,0.136,0.088,0.244,0.127,0.132,0.142,0.162,0.124,0.162,0.139,0.166,0.317,0.15,0.159,0.161,0.174,0.128,0.229,0.296,0.096,0.211,0.156,0.167,0.15,0.146,0.161,0.194,0.153,0.164,0.183,0.17,0.163,0.125,0.182,0.133,0.138,0.118,0.125,0.139,0.272,0.246,0.239,0.23,0.073,0.122,0.175,0.13,0.15,0.127,0.167,0.076,0.157,0.132,0.165,0.191,0.123,0.158,0.17,0.238,0.081,0.156,0.18,0.17,0.058,0.151,0.087,0.083,0.099,0.132,0.107,0.15,0.237,0.159,0.239,0.106,0.239,0.113,0.21,0.167,0.156,0.194,0.209,0.159,0.212,0.101,0.181,0.127,0.122,0.224,0.142,0.276,0.128,0.165,0.161,0.209,0.141,0.104,0.252,0.187,0.187,0.154,0.09,0.124,0.142,0.18,0.112,0.131,0.16,0.123,0.198,0.166,0.275,0.096,0.075,0.115,0.171,0.239,0.092,0.131,0.148,0.148,0.17,0.212,0.209,0.172,0.191,0.161,0.161,0.109,0.106,0.188,0.769,0.244,0.193,0.217,0.195,0.187,0.14,0.176,0.146,0.085,0.276,0.153,0.209,0.21,0.177,0.198,0.147,0.346,0.136,0.165,0.179,0.142,0.138,0.14,0.134,0.13,0.151,0.133,0.157,0.185,0.159,0.212,0.153,0.159,0.212,0.057,0.142,0.129,0.107,0.182,0.135,0.16,0.099,0.104,0.144,0.616,0.276,0.164,0.137,0.144,0.121,0.145,0.175,0.154,0.102,0.064,0.147,0.157,0.189,0.142,0.196,0.082,0.276,0.18,0.174,0.094,0.123,0.209,0.17,0.128,0.098,0.239,0.171,0.239,0.198,0.266,0.138,0.169,0.123,0.149,0.117,0.127,1.0,0.164,0.308,0.105,0.11,0.131,0.156,0.189,0.134,0.141,0.196,0.096,0.212,0.133,0.162,0.149,0.17,0.081,0.105,0.115,0.209,0.192,0.105,0.069,0.197,0.167,0.114,0.258,0.179,0.125,0.179,0.102,0.182,0.187,0.127,0.163,0.143,0.166,0.321,0.166,0.239,0.275,0.182,0.159
0.119,0.231,0.135,0.065,0.236,0.079,0.291,0.147,0.219,0.209,0.189,0.216,0.203,0.199,0.214,0.292,0.156,0.519,0.288,0.207,0.717,0.244,0.172,0.228,0.143,0.157,0.335,0.27,0.147,0.222,0.182,0.28,0.152,0.206,0.116,0.3,0.191,0.322,0.171,0.209,0.186,0.213,0.166,0.308,0.413,0.152,0.173,0.253,0.274,0.316,0.16,0.221,0.243,0.254,0.148,0.119,0.273,0.085,0.191,0.201,0.191,0.221,0.177,0.172,0.831,0.147,0.17,0.18,0.107,0.131,0.14,0.176,0.282,0.213,0.104,0.177,0.157,0.142,0.16,0.175,0.092,0.116,0.186,0.144,0.243,0.31,0.243,0.16,0.135,0.631,0.195,0.112,0.231,0.165,1.0,0.169,0.174,0.197,0.213,0.321,0.27,0.259,0.27,0.19,0.157,0.231,0.622,0.171,0.148,0.134,0.221,0.158,0.165,0.245,0.197,0.249,0.127,0.291,0.213,0.139,0.236,0.316,0.383,0.213,0.3,0.154,0.259,0.243,0.081,1.0,0.362,0.133,0.171,0.147,0.187,0.49,0.25,0.133,0.172,0.18,0.226,0.216,0.176,0.187,0.419,0.261,0.204,0.179,0.243,0.148,0.14,0.152,0.259,0.191,0.231,0.352,0.207,0.196,0.202,0.254,0.177,0.831,0.236,0.254,0.155,0.347,0.199,0.137,0.282,0.237,0.166,0.131,0.187,1.0,0.244,0.165,1.0,0.097,0.22,0.316,0.123,0.212,0.219,0.188,0.191,0.128,0.532,0.164,0.259,0.152,0.115,0.108,0.124,0.336,0.14,0.25,0.186,0.096,0.182,0.179,0.209,0.404,0.162,0.177,0.259,0.128,0.22,0.168,0.269,0.231,0.213,0.212,0.114,0.243,0.17,0.243,0.239,0.19,0.233,0.19,0.165,0.465,0.199,0.303,0.164,1.0,0.188,0.119,0.177,0.154,0.155,0.184,0.188,0.147,0.16,0.217,1.0,0.153,0.204,0.338,0.213,0.164,0.137,0.109,0.231,0.102,0.159,0.119,0.405,0.183,0.215,0.213,0.2,0.119,0.197,0.139,0.132,0.278,0.152,0.16,0.175,0.226,0.179,0.169,0.243,0.383,0.313,0.15
0.187,0.198,0.18,0.142,0.2,0.35,0.291,0.19,0.201,0.204,0.13,0.122,0.245,0.14,0.229,0.238,0.121,0.205,0.333,0.152,0.099,0.19,0.166,0.25,0.164,0.142,0.217,0.174,0.153,0.284,0.467,0.154,0.143,0.244,0.101,0.106,0.194,0.277,0.194,0.08,0.139,0.157,0.19,0.223,0.155,0.156,0.263,0.45,0.221,0.243,0.142,0.168,0.231,0.287,0.129,0.109,0.26,0.118,0.18,0.189,0.154,0.233,0.178,0.078,0.122,0.183,0.165,0.146,0.046,0.254,0.225,0.156,0.261,0.157,0.056,0.165,0.164,0.213,0.088,0.272,0.077,0.142,0.16,0.135,0.231,0.16,0.231,0.175,0.194,0.145,0.154,0.084,0.199,0.155,0.163,0.189,0.19,0.266,0.143,0.2,0.257,0.272,0.347,0.171,0.157,0.199,0.185,0.17,0.133,0.171,0.175,0.13,0.239,0.182,0.245,0.174,0.12,0.217,0.178,0.088,0.182,0.179,0.266,0.122,0.248,0.142,0.28,0.231,0.092,0.257,0.263,0.219,0.145,0.111,0.211,0.26,0.164,0.208,0.124,0.212,0.173,0.166,0.088,0.147,0.192,0.195,0.174,0.162,0.209,0.137,0.05,0.153,0.272,0.208,0.199,0.234,0.165,0.239,0.147,0.092,0.101,0.122,0.158,0.14,0.131,0.236,0.247,0.111,0.216,0.185,0.193,0.129,0.146,0.163,0.252,0.155,0.163,0.15,0.252,0.19,0.12,0.182,0.168,0.179,0.07,0.087,0.172,0.085,0.272,0.146,0.114,0.128,0.113,0.298,0.171,0.159,0.119,0.081,0.105,0.166,0.092,0.146,0.112,0.393,0.272,0.15,0.171,0.175,0.332,0.199,0.157,0.209,0.155,0.231,0.145,0.231,0.19,0.144,0.186,0.152,0.148,0.151,0.202,0.222,0.308,0.188,1.0,0.129,0.185,0.125,0.095,0.164,0.173,0.142,0.13,0.072,0.163,0.138,0.152,0.139,0.157,0.134,0.12,0.081,0.199,0.153,0.104,0.144,0.241,0.144,0.269,0.146,0.187,0.187,0.164,0.141,0.149,0.218,0.136,0.181,0.138,0.163,0.098,0.192,0.231,0.266,0.25,0.14
0.035,0.095,0.123,0.021,0.151,0.095,0.09,0.047,0.093,0.083,0.09,0.093,0.119,0.059,0.158,0.083,0.071,0.101,0.018,0.076,0.075,0.078,0.053,0.085,0.065,0.042,0.304,0.102,0.149,0.138,0.14,0.139,0.039,0.07,0.042,0.082,0.117,0.094,0.071,0.133,0.059,0.043,0.231,0.044,0.095,0.111,0.067,0.08,0.084,0.08,0.117,0.091,0.081,0.111,0.133,0.111,0.061,0.026,0.157,0.13,0.122,0.08,0.086,0.104,0.1,0.067,0.131,0.068,0.141,0.067,0.042,0.095,0.058,0.043,0.024,0.075,0.189,0.12,0.058,0.157,0.033,0.079,0.114,0.093,0.081,0.093,0.081,0.155,0.179,0.105,0.082,0.093,0.064,0.044,0.138,0.144,0.085,0.107,0.11,0.114,0.09,0.102,0.156,0.059,0.054,0.064,0.132,0.08,0.19,0.104,0.052,0.162,0.044,0.078,0.254,0.09,0.063,0.077,0.082,0.175,0.083,0.055,0.14,0.044,0.082,0.176,0.055,0.081,0.015,0.06,0.103,0.044,0.139,0.087,0.067,0.22,0.099,0.049,0.243,0.072,0.096,0.073,0.155,0.137,0.073,0.053,0.107,0.073,0.12,0.264,0.455,0.041,0.102,0.08,0.064,0.136,0.079,0.089,0.062,0.223,0.092,0.1,0.118,0.106,0.039,0.085,0.089,0.077,0.093,0.049,0.071,0.133,0.432,0.138,0.064,0.044,0.138,0.025,0.062,0.041,0.037,0.076,0.105,0.097,0.048,0.144,0.153,0.141,0.102,0.092,0.106,0.122,0.032,0.059,0.042,0.056,0.068,0.033,0.053,0.085,0.132,0.098,0.127,0.219,0.102,0.04,0.099,0.047,0.11,0.064,0.043,0.145,0.067,0.081,0.127,0.081,0.047,0.13,0.104,0.045,0.196,0.087,0.039,0.225,0.105,0.119,0.129,1.0,0.095,0.117,0.038,0.102,0.151,0.049,0.078,0.036,0.138,0.053,0.073,0.052,0.043,0.032,0.096,0.036,0.064,0.053,0.04,0.115,0.063,0.08,0.165,0.155,0.192,0.035,0.081,0.161,0.1,0.227,0.056,0.092,0.064,0.088,0.211,0.098,0.081,0.14,0.077,0.065
0.121,0.291,0.15,0.158,0.165,0.242,0.324,0.148,0.156,0.192,0.208,0.16,0.496,0.152,0.401,0.281,0.129,0.2,0.079,0.166,0.164,0.168,0.175,0.134,0.201,0.148,0.208,0.217,0.147,0.172,0.265,0.158,0.118,0.176,0.148,0.172,0.321,0.167,0.238,0.102,0.16,0.167,0.219,0.142,0.194,0.134,0.112,0.183,0.202,0.242,0.171,0.164,0.25,0.174,0.101,0.102,0.168,0.086,0.176,0.358,0.165,0.149,0.197,0.095,0.201,0.147,0.302,0.159,0.06,0.156,0.398,0.165,0.123,0.167,0.041,0.156,0.114,0.278,0.108,0.2,0.057,0.126,0.163,0.139,0.25,0.146,0.25,0.175,0.095,0.224,0.185,0.11,0.215,0.163,0.257,0.197,0.214,0.322,0.188,0.171,0.286,0.296,0.315,0.116,0.164,0.215,0.212,0.204,0.192,0.136,0.187,0.107,0.154,0.329,0.178,0.211,0.133,0.293,0.203,0.081,0.168,0.164,0.247,0.188,0.266,0.128,0.17,0.25,0.075,0.106,0.24,0.144,0.162,0.091,0.225,0.232,0.249,0.13,0.138,0.236,0.196,0.281,0.11,0.181,0.176,0.127,0.181,0.153,0.403,0.151,0.066,0.161,0.296,0.14,0.215,0.347,0.188,0.158,0.16,0.144,0.12,0.201,0.223,0.179,0.135,0.242,0.31,0.094,0.21,0.138,0.215,0.124,0.178,0.257,0.184,0.163,0.257,0.109,0.166,0.107,0.126,0.203,0.357,0.242,0.571,0.06,0.087,0.101,0.296,0.183,0.124,0.091,0.115,0.132,0.097,0.148,0.157,0.087,0.125,0.193,0.107,0.162,0.138,0.311,0.296,0.116,0.259,0.185,0.227,0.215,0.167,0.35,0.126,0.25,0.151,0.25,0.138,0.153,0.361,0.144,0.14,0.15,0.142,0.404,0.11,0.177,0.185,0.095,1.0,0.101,0.111,0.093,0.163,0.149,0.146,0.102,0.257,0.168,0.179,0.138,0.167,0.084,0.157,0.085,0.215,0.108,0.113,0.316,0.173,0.15,0.483,0.18,0.183,0.121,0.189,0.085,0.162,0.245,0.146,0.178,0.152,0.203,0.115,0.198,0.25,0.247,0.186,0.185
0.16,0.126,0.29,0.188,0.199,0.063,0.259,0.16,0.137,0.282,0.098,0.126,0.095,0.168,0.16,0.148,0.439,0.253,0.122,0.383,0.212,0.159,0.475,0.202,0.228,0.157,0.185,0.132,0.102,0.142,0.089,0.166,0.095,0.171,0.137,0.133,0.166,0.237,0.169,0.077,0.326,0.205,0.182,0.176,0.221,0.557,0.145,0.136,0.152,0.193,0.145,0.14,0.226,0.167,0.799,0.102,0.173,0.075,0.134,0.179,0.129,0.104,0.165,0.129,0.273,0.182,0.176,0.349,0.065,0.168,0.097,0.235,0.174,0.205,0.057,0.221,0.118,0.091,0.078,0.192,0.663,0.454,0.158,0.171,0.226,0.083,0.226,0.203,0.103,0.182,0.163,0.113,0.217,0.22,0.244,0.111,0.201,0.178,0.108,0.197,0.148,0.239,0.116,0.218,0.716,0.217,0.163,0.148,0.121,0.203,0.211,0.13,0.099,0.122,0.231,0.183,0.298,0.175,0.369,0.191,0.194,0.15,0.383,0.09,0.152,0.154,0.142,0.226,0.081,0.17,0.183,0.184,0.212,0.112,0.283,0.299,0.256,0.247,0.147,0.124,0.073,0.265,0.123,0.159,0.163,0.135,0.204,0.4,0.184,0.138,0.119,0.102,0.239,0.266,0.217,0.184,0.38,0.248,0.149,0.126,0.15,0.273,0.161,0.106,0.661,0.142,0.17,0.548,0.231,0.131,0.134,0.177,0.18,0.244,0.166,0.22,0.244,0.066,0.146,0.112,0.15,0.19,0.114,0.171,0.079,0.084,0.118,0.07,0.239,0.145,0.324,0.468,0.258,0.17,0.072,0.156,0.109,0.153,0.295,0.285,0.144,0.134,0.13,0.113,0.239,0.122,0.25,0.123,0.13,0.217,0.205,0.202,0.42,0.226,0.213,0.226,0.142,0.137,0.145,0.138,0.102,0.203,0.134,0.151,0.131,0.154,0.125,0.117,0.101,1.0,0.126,0.125,0.083,0.131,0.345,0.092,0.244,0.16,0.176,0.17,0.205,0.129,0.093,0.26,0.217,0.186,0.139,0.095,0.193,0.238,0.105,0.176,0.2,0.16,0.188,0.133,0.282,0.186,0.154,0.153,0.195,0.181,0.131,0.21,0.226,0.383,0.159,0.248
0.31,0.147,0.179,0.126,0.185,0.055,0.34,0.297,0.344,0.306,0.145,0.259,0.08,0.507,0.262,0.155,0.272,0.168,0.081,0.223,0.127,0.159,0.297,0.17,0.256,0.245,0.165,0.167,0.143,0.133,0.047,0.156,0.283,0.257,0.128,0.674,0.276,0.156,0.245,0.079,0.378,0.278,0.191,0.166,0.16,0.149,0.169,0.143,0.146,0.138,0.183,0.168,0.4,0.191,0.074,0.131,0.221,0.105,0.301,0.181,0.151,0.108,0.232,0.199,0.168,0.45,0.188,0.237,0.044,0.135,0.157,0.234,0.133,0.278,0.035,0.22,0.056,0.113,0.242,0.134,0.12,0.167,0.21,0.153,0.4,0.107,0.4,0.262,0.08,0.188,0.399,0.122,0.348,0.384,0.229,0.092,0.231,0.197,0.147,0.176,0.221,0.466,0.083,0.194,0.263,0.348,0.131,0.133,0.106,0.159,0.308,0.09,0.169,0.137,0.142,0.328,0.156,0.151,0.255,0.102,0.209,0.208,0.257,0.094,0.144,0.15,0.139,0.4,0.06,0.097,0.175,0.33,0.176,0.155,0.509,0.232,0.237,0.221,0.105,0.137,0.296,0.268,0.159,0.21,0.174,0.308,0.222,0.224,0.175,0.1,0.043,0.175,0.466,0.181,0.348,0.173,0.252,0.222,0.206,0.11,0.152,0.168,0.186,0.203,0.224,0.119,0.206,0.14,0.167,0.226,0.242,0.237,0.143,0.229,0.209,0.384,0.229,0.527,0.183,0.124,0.363,0.285,0.161,0.236,0.085,0.05,0.079,0.071,0.466,0.157,0.169,0.11,0.275,0.121,0.33,0.185,0.157,0.076,0.164,0.231,0.11,0.285,0.165,0.064,0.466,0.21,0.308,1.0,0.125,0.348,0.278,0.153,0.109,0.4,0.193,0.4,0.414,0.166,0.169,0.637,0.116,0.169,0.165,0.139,0.156,0.155,0.095,0.038,0.111,0.126,1.0,0.08,0.085,0.399,0.222,0.85,0.229,0.426,0.23,0.415,0.278,0.14,0.115,0.125,0.348,0.293,0.148,0.103,0.115,0.195,0.103,0.226,0.188,0.31,0.248,0.055,0.23,0.161,0.217,0.227,0.198,0.28,0.128,0.214,0.4,0.257,0.313,0.252
0.151,0.135,0.204,0.285,0.211,0.047,0.188,0.162,0.167,0.187,0.091,0.132,0.193,0.113,0.152,0.193,0.148,0.206,0.216,0.137,0.14,0.159,0.147,0.282,0.174,0.184,0.146,0.137,0.343,0.175,0.074,0.188,0.076,0.232,0.089,0.148,0.139,0.205,0.138,0.143,0.194,0.151,0.176,0.217,0.135,0.165,0.215,0.186,0.219,0.172,0.18,0.286,0.203,0.313,0.099,0.154,0.24,0.065,0.162,0.132,0.211,0.092,0.143,0.164,0.172,0.13,0.151,0.151,0.272,0.129,0.094,0.155,0.247,0.151,0.035,0.175,0.059,0.081,0.08,0.187,0.298,0.199,0.309,0.493,0.203,0.128,0.203,0.127,0.113,0.16,0.139,0.163,0.181,0.211,0.218,0.101,0.231,0.17,0.147,0.152,0.151,0.231,0.118,0.275,0.192,0.181,0.143,0.126,0.265,0.319,0.164,0.214,0.096,0.162,0.2,0.169,0.194,0.214,0.158,0.198,0.267,0.136,0.199,0.154,0.15,0.124,0.271,0.203,0.063,0.347,0.2,0.176,0.179,0.455,0.278,0.192,0.166,0.242,0.163,0.111,0.169,0.153,0.235,0.224,0.128,0.172,0.18,0.196,0.153,0.174,0.145,0.099,0.231,0.278,0.181,0.142,0.168,0.23,0.125,0.332,0.184,0.172,0.191,0.129,0.171,0.291,0.183,0.122,0.18,0.202,0.185,0.177,0.189,0.218,0.221,0.211,0.218,0.062,0.223,0.157,0.171,0.166,0.126,0.15,0.093,0.114,0.193,0.261,0.231,0.244,0.197,0.124,0.149,0.293,0.074,0.174,0.112,0.248,0.101,0.145,0.272,0.117,0.166,0.066,0.231,0.091,0.187,0.121,0.274,0.181,0.151,0.164,0.15,0.203,0.155,0.203,0.204,0.32,0.142,0.142,0.105,0.207,0.141,0.157,0.189,0.184,0.164,0.102,0.093,0.125,0.08,1.0,0.188,0.104,0.168,0.087,0.218,0.135,0.159,0.149,0.151,0.106,0.066,0.12,0.181,0.136,0.097,0.075,0.161,0.179,0.098,0.212,0.18,0.151,0.17,0.193,0.168,0.155,0.142,0.135,0.233,0.155,0.25,0.199,0.203,0.199,0.342,0.164
0.091,0.129,0.12,0.051,0.16,0.078,0.235,0.115,0.119,0.171,0.102,0.134,0.167,0.122,0.174,0.16,0.097,0.195,0.13,0.104,0.231,0.146,0.136,0.282,0.129,0.12,0.167,0.154,0.11,0.15,0.407,0.165,0.076,0.194,0.111,0.238,0.159,0.246,0.123,0.115,0.136,0.158,0.169,0.19,0.182,0.158,0.153,0.156,0.201,0.234,0.113,0.148,0.197,0.237,0.062,0.077,0.142,0.061,0.142,0.167,0.147,0.107,0.104,0.124,0.276,0.115,0.145,0.108,0.17,0.114,0.271,0.155,0.204,0.158,0.045,0.158,0.07,0.134,0.101,0.225,0.074,0.1,0.161,0.114,0.197,0.142,0.197,0.173,0.531,0.213,0.112,0.102,0.181,0.127,0.342,0.112,0.132,0.183,0.134,0.162,0.178,0.217,0.283,0.111,0.126,0.181,0.21,0.138,0.147,0.186,0.168,0.082,0.127,0.305,0.172,0.139,0.101,0.152,0.114,0.1,0.145,0.102,0.334,0.112,0.161,0.079,0.205,0.197,0.059,0.342,0.158,0.105,0.224,0.3,0.152,0.189,0.189,0.137,0.203,0.122,0.163,0.189,0.12,0.123,0.127,0.131,0.117,0.16,0.205,0.332,0.498,0.137,0.217,0.204,0.181,0.176,0.123,0.182,0.098,0.287,0.121,0.276,0.177,0.141,0.117,0.216,0.177,0.084,0.166,0.113,0.172,0.151,0.256,0.342,0.162,0.127,0.342,0.072,0.148,0.112,0.071,0.126,0.315,0.139,0.81,0.557,0.178,0.098,0.217,0.145,0.115,0.091,0.093,0.262,0.093,0.118,0.107,0.05,0.092,0.105,0.122,0.152,0.133,0.111,0.217,0.09,0.177,0.131,0.224,0.181,0.158,0.197,0.101,0.197,0.15,0.197,0.132,0.138,0.196,0.125,0.106,0.16,0.103,0.216,0.134,0.188,0.173,0.151,0.163,0.083,0.085,0.188,1.0,0.121,0.12,0.157,0.342,0.105,0.127,0.136,0.158,0.063,0.112,0.055,0.181,0.077,0.071,0.111,0.351,0.14,0.15,0.138,0.139,0.091,0.123,0.127,0.128,0.172,0.077,0.148,0.096,0.124,0.151,0.152,0.197,0.334,0.217,0.124
0.256,0.144,0.209,0.125,0.212,0.059,0.29,0.378,0.221,0.292,0.183,0.27,0.103,0.317,0.235,0.204,0.24,0.219,0.208,0.179,0.191,0.193,0.37,0.2,0.309,1.0,0.163,0.163,0.178,0.145,0.075,0.173,0.283,0.228,0.18,0.239,0.26,0.213,0.242,0.087,0.313,0.413,0.2,0.172,0.187,0.187,0.162,0.175,0.193,0.238,0.143,0.213,0.648,0.221,0.092,0.1,0.237,0.133,0.328,0.219,0.229,0.103,0.203,0.126,0.227,0.55,0.201,0.201,0.075,0.184,0.197,0.257,0.196,0.34,0.038,0.301,0.076,0.135,0.279,0.175,0.229,0.202,0.24,0.165,0.531,0.166,0.648,0.237,0.106,0.196,0.374,0.143,0.449,0.404,0.281,0.113,0.244,0.274,0.189,0.185,0.301,0.635,0.113,0.166,0.339,0.449,0.163,0.154,0.127,0.188,0.386,0.076,0.338,0.171,0.168,0.232,0.169,0.162,0.257,0.104,0.263,0.183,0.296,0.115,0.243,0.126,0.204,0.648,0.075,0.116,0.181,0.312,0.274,0.1,0.47,0.233,0.232,0.187,0.166,0.137,0.181,0.27,0.101,0.193,0.17,0.17,0.2,0.244,0.25,0.182,0.088,0.14,0.635,0.225,0.548,0.193,0.224,0.254,0.182,0.169,0.186,0.227,0.259,0.229,0.274,0.157,0.201,0.138,0.21,0.214,0.435,0.186,0.162,0.281,0.196,0.404,0.281,0.527,0.178,0.12,0.32,0.245,0.189,0.2,0.169,0.058,0.09,0.079,0.635,0.223,0.171,0.139,0.291,0.159,0.308,0.184,0.197,0.102,0.126,0.198,0.126,0.366,0.175,0.096,0.635,0.272,0.3,0.262,0.161,0.449,0.413,0.191,0.164,0.648,0.223,0.531,0.304,0.179,0.245,0.373,0.138,0.211,0.152,0.207,0.141,0.147,0.142,0.049,0.149,0.131,0.399,0.104,0.121,1.0,0.237,0.13,0.281,0.283,0.279,0.482,0.413,0.094,0.269,0.097,0.449,0.18,0.126,0.11,0.169,0.225,0.123,0.196,0.265,0.256,0.255,0.074,0.209,0.17,0.154,0.299,0.183,0.262,0.112,0.276,0.531,0.296,0.265,0.25
0.532,0.241,0.469,0.185,0.373,0.083,0.49,0.336,0.277,0.425,0.14,0.204,0.118,0.314,0.378,0.302,0.251,0.332,0.122,0.373,0.188,0.21,0.757,0.336,0.468,0.635,0.176,0.242,0.255,0.23,0.061,0.168,0.097,0.407,0.198,0.44,0.334,0.313,0.379,0.115,0.398,0.756,0.394,0.312,0.167,0.449,0.374,0.228,0.248,0.219,0.225,0.275,0.915,0.359,0.147,0.282,0.428,0.101,0.187,0.34,0.264,0.211,0.389,0.25,0.217,0.239,0.293,0.439,0.129,0.154,0.25,0.405,0.255,0.756,0.054,0.355,0.091,0.111,0.103,0.248,0.632,0.537,0.338,0.268,0.915,0.104,0.915,0.248,0.131,0.288,0.366,0.265,0.847,0.663,0.273,0.185,0.313,0.345,0.153,0.175,0.216,1.0,0.105,0.418,0.62,0.847,0.159,0.196,0.174,0.328,0.795,0.16,0.279,0.193,0.309,0.46,0.366,0.316,0.422,0.244,0.36,0.345,0.269,0.156,0.224,0.345,0.263,0.915,0.267,0.112,0.297,0.649,0.443,0.214,0.782,0.392,0.43,0.379,0.334,0.188,0.122,0.475,0.203,0.366,0.221,0.277,0.418,0.486,0.29,0.318,0.119,0.279,1.0,0.355,0.847,0.167,0.45,0.458,0.39,0.17,0.338,0.217,0.474,0.161,0.594,0.171,0.294,0.345,0.326,0.282,0.245,0.43,0.225,0.273,0.385,0.663,0.273,0.181,0.362,0.245,0.183,0.524,0.198,0.393,0.136,0.11,0.133,0.104,1.0,0.305,0.488,0.354,0.516,0.233,0.087,0.41,0.158,0.145,0.352,0.39,0.187,0.152,0.325,0.082,1.0,0.157,0.4,0.466,0.224,0.847,0.756,0.256,0.317,0.915,0.427,0.915,0.273,0.312,0.207,0.321,0.091,0.247,0.288,0.225,0.196,0.16,0.13,0.078,0.146,0.345,0.222,0.168,0.12,0.237,1.0,0.31,0.273,0.4,0.483,0.291,0.756,0.217,0.14,0.474,0.847,0.326,0.287,0.123,0.162,0.45,0.114,0.361,0.193,0.532,0.561,0.207,0.497,0.219,0.326,0.272,0.373,0.4,0.215,0.401,0.915,0.269,0.389,0.424
0.122,0.127,0.253,0.027,0.31,0.028,0.135,0.253,0.701,0.31,0.084,0.192,0.056,0.85,0.101,0.13,0.103,0.217,0.022,0.253,0.116,0.245,0.155,0.587,0.253,0.121,0.245,0.243,0.101,0.127,0.047,0.249,0.072,0.47,0.068,0.622,0.31,0.437,0.31,0.095,0.253,0.138,0.31,0.167,0.249,0.253,0.127,0.151,0.152,0.217,0.086,0.31,0.253,0.31,0.04,0.121,0.31,0.09,0.192,0.31,0.167,0.07,0.31,0.622,0.157,0.13,0.069,0.253,0.034,0.078,0.052,0.31,0.167,0.138,0.037,0.31,0.04,0.091,0.13,0.113,0.045,0.167,0.31,0.059,0.253,0.098,0.253,0.312,0.111,0.217,0.31,0.103,0.205,0.127,0.217,0.102,0.158,0.205,0.116,0.249,0.217,0.31,0.113,0.205,0.143,0.205,0.217,0.113,0.101,0.181,0.167,0.054,0.057,0.135,0.205,0.587,0.113,0.138,0.31,0.072,0.249,0.205,0.249,0.063,0.046,0.167,0.447,0.253,0.022,0.092,0.205,0.121,0.31,0.125,0.197,0.31,0.414,0.143,0.108,0.113,0.85,0.253,0.096,0.31,0.157,0.85,0.253,0.31,0.205,0.108,0.027,0.052,0.31,0.243,0.205,0.249,0.31,0.205,0.205,0.101,0.122,0.157,0.253,0.192,0.104,0.157,0.245,0.095,0.217,0.158,0.157,0.397,0.135,0.217,0.253,0.127,0.217,0.027,0.253,0.138,0.47,0.31,0.245,0.31,0.065,0.045,0.092,0.063,0.31,0.167,0.253,0.095,0.083,0.205,0.062,0.253,0.116,0.044,0.155,0.31,0.116,0.217,0.253,0.077,0.31,0.184,0.31,0.556,0.17,0.205,0.138,0.17,0.113,0.253,0.253,0.253,0.85,0.253,0.245,0.85,0.069,0.217,0.151,0.101,0.096,0.217,0.072,0.036,0.102,0.092,0.85,0.087,0.157,0.13,0.31,1.0,0.217,0.85,0.31,0.253,0.138,0.122,0.04,0.103,0.205,0.146,0.138,0.053,0.157,0.253,0.13,0.31,0.157,0.122,0.31,0.033,0.253,0.245,0.162,0.321,0.253,0.31,0.111,0.31,0.253,0.249,0.587,0.377
0.119,0.22,0.267,0.065,0.259,0.093,0.291,0.243,0.231,0.311,0.251,0.36,0.165,0.281,0.214,0.427,0.253,1.0,0.052,0.243,0.717,0.469,0.172,0.346,0.281,0.157,0.469,0.495,0.194,0.228,0.137,0.383,0.174,0.243,0.169,0.3,0.373,0.831,0.259,0.263,0.243,0.213,0.259,0.335,0.717,0.268,0.165,0.241,0.66,1.0,0.197,0.717,0.243,0.291,0.244,0.142,0.259,0.088,0.36,0.259,0.311,0.165,0.259,0.3,0.831,0.281,0.17,0.243,0.107,0.143,0.14,0.267,0.313,0.213,0.104,0.392,0.201,0.192,0.281,0.241,0.092,0.241,0.311,0.144,0.243,0.246,0.243,0.274,0.237,1.0,0.259,0.156,0.231,0.165,1.0,0.259,0.26,0.313,0.274,0.383,1.0,0.259,0.288,0.231,0.157,0.231,1.0,0.241,0.214,0.392,0.221,0.187,0.165,0.291,0.231,0.346,0.241,0.554,0.259,0.154,0.383,0.231,0.383,0.171,0.118,0.221,0.484,0.243,0.081,0.17,0.554,0.133,0.554,0.144,0.187,1.0,1.0,0.241,0.273,0.241,0.23,0.469,0.212,0.259,0.831,0.231,0.243,0.454,0.373,0.273,0.14,0.152,0.259,0.306,0.231,0.383,0.259,0.241,0.231,0.254,0.313,0.831,0.469,0.36,0.155,0.831,0.469,0.17,1.0,0.203,0.342,0.183,0.291,1.0,0.243,0.165,1.0,0.097,0.243,0.213,0.17,0.259,0.469,0.259,0.191,0.093,0.17,0.212,0.259,0.251,0.243,0.163,0.124,0.454,0.172,0.243,0.247,0.128,0.267,0.259,0.295,1.0,0.243,0.228,0.259,0.188,0.66,0.168,0.463,0.231,0.213,0.373,0.245,0.243,0.259,0.243,0.231,0.243,0.469,0.233,0.241,1.0,0.167,0.246,0.212,1.0,0.163,0.138,0.257,0.244,0.229,0.218,0.342,0.281,0.273,0.217,1.0,0.259,0.313,0.243,0.213,0.119,0.137,0.132,0.231,0.139,0.213,0.152,0.831,0.396,0.281,0.295,0.342,0.119,0.259,0.097,0.243,0.469,0.179,0.281,0.243,0.311,0.237,0.259,0.243,0.383,0.346,0.259
0.507,0.339,0.367,0.185,0.39,0.094,0.49,0.374,0.411,0.404,0.185,0.263,0.141,0.421,0.378,0.286,0.24,0.3,0.113,0.406,0.188,0.187,0.686,0.285,0.438,0.635,0.167,0.342,0.26,0.293,0.055,0.146,0.147,0.428,0.151,0.674,0.41,0.268,0.448,0.099,0.446,0.756,0.403,0.356,0.167,0.29,0.328,0.264,0.243,0.256,0.181,0.307,0.915,0.367,0.145,0.263,0.457,0.187,0.182,0.374,0.267,0.217,0.491,0.224,0.217,0.251,0.293,0.468,0.086,0.171,0.25,0.425,0.207,0.756,0.038,0.362,0.098,0.125,0.129,0.21,0.145,0.318,0.344,0.243,0.915,0.114,0.915,0.276,0.108,0.321,0.458,0.231,0.847,0.749,0.259,0.122,0.313,0.396,0.152,0.155,0.304,1.0,0.098,0.339,0.62,0.847,0.154,0.24,0.177,0.269,0.795,0.108,0.279,0.23,0.32,0.562,0.314,0.289,0.516,0.117,0.341,0.423,0.257,0.166,0.224,0.328,0.256,0.915,0.148,0.106,0.333,0.567,0.316,0.208,0.803,0.449,0.366,0.33,0.167,0.213,0.259,0.487,0.135,0.437,0.234,0.412,0.455,0.392,0.286,0.174,0.102,0.279,1.0,0.269,0.847,0.155,0.492,0.394,0.45,0.17,0.318,0.217,0.355,0.174,0.594,0.17,0.306,0.224,0.26,0.361,0.28,0.354,0.258,0.259,0.445,0.749,0.259,0.388,0.387,0.302,0.313,0.598,0.188,0.47,0.136,0.079,0.092,0.094,1.0,0.318,0.354,0.223,0.516,0.238,0.121,0.405,0.197,0.142,0.276,0.466,0.12,0.172,0.389,0.078,1.0,0.18,0.406,0.678,0.257,0.847,0.756,0.226,0.213,0.915,0.413,0.915,0.432,0.375,0.258,0.54,0.103,0.159,0.316,0.277,0.133,0.153,0.138,0.053,0.168,0.16,0.426,0.135,0.105,0.283,0.4,0.85,0.259,1.0,0.487,0.375,0.756,0.28,0.14,0.215,0.847,0.297,0.369,0.144,0.156,0.337,0.11,0.424,0.25,0.507,0.516,0.099,0.364,0.174,0.402,0.307,0.385,0.473,0.148,0.427,0.915,0.257,0.479,0.444
0.507,0.31,0.379,0.185,0.434,0.109,0.49,0.404,0.37,0.464,0.187,0.252,0.162,0.358,0.378,0.397,0.242,0.355,0.113,0.53,0.198,0.3,0.686,0.341,0.472,0.635,0.225,0.341,0.32,0.286,0.069,0.188,0.123,0.455,0.183,0.44,0.39,0.282,0.5,0.143,0.461,0.756,0.475,0.357,0.194,0.387,0.365,0.259,0.317,0.292,0.38,0.31,0.915,0.48,0.15,0.31,0.514,0.134,0.196,0.392,0.284,0.233,0.553,0.215,0.244,0.207,0.293,0.557,0.114,0.175,0.25,0.443,0.239,0.756,0.048,0.349,0.1,0.137,0.124,0.229,0.18,0.374,0.361,0.243,0.915,0.329,0.915,0.232,0.125,0.413,0.509,0.273,0.847,0.663,0.313,0.255,0.31,0.41,0.173,0.197,0.299,1.0,0.124,0.427,0.62,0.847,0.187,0.257,0.213,0.299,0.795,0.149,0.591,0.253,0.35,0.616,0.301,0.376,0.571,0.158,0.44,0.458,0.329,0.261,0.224,0.516,0.296,0.915,0.119,0.129,0.402,0.567,0.386,0.237,0.782,0.525,0.418,0.351,0.223,0.248,0.153,0.565,0.172,0.516,0.268,0.389,0.524,0.474,0.347,0.248,0.102,0.279,1.0,0.299,0.847,0.199,0.571,0.483,0.528,0.17,0.503,0.244,0.446,0.202,0.594,0.19,0.318,0.281,0.324,0.36,0.242,0.359,0.277,0.313,0.458,0.663,0.313,0.181,0.454,0.347,0.391,0.667,0.208,0.559,0.136,0.1,0.121,0.116,1.0,0.324,0.396,0.276,0.516,0.249,0.097,0.483,0.198,0.329,0.358,0.554,0.157,0.181,0.425,0.104,1.0,0.181,0.433,0.466,0.243,0.847,0.756,0.253,0.23,0.915,0.451,0.915,0.344,0.421,0.24,0.369,0.11,0.193,0.344,0.233,0.162,0.204,0.152,0.073,0.179,0.176,0.23,0.159,0.127,0.279,0.483,0.31,0.313,0.487,1.0,0.365,0.756,0.297,0.14,0.29,0.847,0.333,0.392,0.163,0.172,0.408,0.142,0.493,0.243,0.507,0.803,0.155,0.392,0.237,0.43,0.293,0.492,0.556,0.196,0.451,0.915,0.329,0.505,0.4
0.417,0.221,0.263,0.212,0.335,0.069,0.45,0.391,0.304,0.36,0.171,0.236,0.139,0.345,0.339,0.294,0.273,0.291,0.288,0.338,0.166,0.194,0.586,0.304,0.42,0.531,0.161,0.216,0.177,0.214,0.099,0.225,0.258,0.365,0.145,0.396,0.267,0.261,0.336,0.097,0.511,0.627,0.256,0.333,0.228,0.228,0.257,0.283,0.277,0.219,0.163,0.253,0.815,0.32,0.121,0.16,0.396,0.113,0.25,0.268,0.208,0.2,0.32,0.166,0.197,0.419,0.25,0.406,0.07,0.19,0.209,0.336,0.314,0.627,0.067,0.328,0.087,0.106,0.217,0.193,0.189,0.241,0.253,0.203,1.0,0.188,0.815,0.208,0.109,0.25,0.462,0.176,0.736,0.556,0.243,0.107,0.286,0.28,0.156,0.284,0.276,0.915,0.148,0.294,0.527,0.902,0.239,0.159,0.138,0.227,0.674,0.179,0.233,0.194,0.245,0.4,0.213,0.282,0.376,0.163,0.335,0.359,0.383,0.174,0.3,0.244,0.302,0.815,0.081,1.0,0.317,0.48,0.253,0.191,0.693,0.365,0.322,0.286,0.156,0.161,0.18,0.423,0.139,0.281,0.191,0.321,0.401,0.361,0.245,0.144,0.079,0.235,0.915,0.303,0.736,0.249,0.4,0.353,0.349,0.149,0.206,0.197,0.257,0.216,0.484,0.227,0.244,0.237,0.242,0.335,0.327,0.267,0.178,0.243,0.412,0.556,0.243,0.489,0.323,0.281,0.358,0.509,0.157,0.311,0.114,0.101,0.316,0.087,0.915,0.228,0.237,0.183,0.416,0.341,0.262,0.383,0.182,0.107,0.217,0.306,0.157,0.341,0.253,0.078,0.915,0.404,0.386,0.4,0.24,0.902,0.627,0.227,0.164,0.815,0.367,1.0,0.4,0.238,0.196,0.412,0.1,0.244,0.254,0.288,0.149,0.338,0.139,0.052,0.138,0.17,0.415,0.149,0.136,0.482,0.291,0.253,0.243,0.375,0.365,1.0,0.627,0.182,0.135,0.174,0.902,0.245,0.241,0.112,0.174,0.271,0.105,0.36,0.23,0.417,0.392,0.111,0.312,0.165,0.267,0.27,0.295,0.362,0.156,0.323,1.0,0.383,0.411,0.301
0.257,0.435,0.769,0.108,0.756,0.086,0.372,0.627,0.521,0.756,0.196,0.249,0.167,0.521,0.264,0.435,0.269,0.521,0.063,0.627,0.121,0.237,0.403,0.627,0.627,0.413,0.237,0.401,0.342,0.435,0.054,0.221,0.157,1.0,0.171,0.309,0.756,0.756,0.756,0.101,0.679,0.459,0.756,0.537,0.221,0.627,0.435,0.415,0.351,0.325,0.208,0.756,0.769,0.756,0.165,0.325,0.756,0.124,0.19,0.756,0.537,0.251,0.756,0.309,0.158,0.277,0.171,0.639,0.04,0.13,0.136,0.769,0.438,0.374,0.038,0.769,0.087,0.121,0.134,0.268,0.104,0.438,0.756,0.131,0.627,0.104,0.769,0.235,0.157,0.521,0.756,0.285,0.521,0.435,0.213,0.108,0.433,0.639,0.149,0.221,0.286,0.756,0.119,0.639,0.361,0.521,0.213,0.268,0.264,0.46,0.438,0.14,0.147,0.372,0.639,0.756,0.342,0.374,0.756,0.162,0.413,0.639,0.221,0.188,0.123,0.438,0.639,0.769,0.048,0.088,0.521,0.325,0.756,0.327,0.529,0.756,0.769,0.395,0.26,0.268,0.161,0.627,0.17,0.756,0.257,0.521,0.627,0.769,0.521,0.26,0.037,0.155,0.756,0.521,0.639,0.221,0.756,0.639,0.639,0.107,0.367,0.158,0.769,0.19,0.28,0.194,0.317,0.263,0.372,0.433,0.398,0.395,0.372,0.213,0.627,0.435,0.213,0.076,0.627,1.0,0.264,0.756,0.237,0.756,0.073,0.082,0.088,0.088,0.756,0.537,0.769,0.263,0.29,0.521,0.079,0.627,0.183,0.116,0.403,0.756,0.162,0.213,0.769,0.085,0.756,0.223,0.756,0.278,0.435,0.521,1.0,0.327,0.28,0.769,0.769,0.627,0.521,0.769,0.237,0.521,0.079,0.213,0.415,0.279,0.17,0.213,0.157,0.043,0.167,0.205,0.278,0.151,0.158,0.413,0.756,0.138,0.213,0.756,0.756,0.627,1.0,0.257,0.069,0.278,0.521,0.3,1.0,0.155,0.158,0.769,0.134,0.756,0.268,0.257,0.756,0.091,0.769,0.237,0.45,0.627,0.627,0.756,0.205,0.756,0.627,0.221,0.756,0.756
0.649,0.252,0.184,0.103,0.235,0.07,0.226,0.193,0.185,0.236,0.1,0.258,0.097,0.16,0.18,0.188,0.173,0.212,0.183,0.372,0.073,0.116,0.349,0.192,0.219,0.256,0.097,0.282,0.205,0.226,0.054,0.072,0.06,0.199,0.105,0.251,0.174,0.154,0.353,0.056,0.224,0.257,0.232,0.252,0.086,0.163,0.249,0.241,0.145,0.158,0.108,0.138,0.417,0.202,0.15,0.297,0.308,0.196,0.096,0.213,0.103,0.179,0.373,0.102,0.091,0.122,0.198,0.382,0.034,0.125,0.105,0.268,0.169,0.297,0.022,0.186,0.044,0.077,0.049,0.139,0.074,0.229,0.16,0.155,0.417,0.092,0.417,0.19,0.051,0.196,0.301,0.112,0.409,0.415,0.119,0.067,0.196,0.214,0.078,0.09,0.11,0.507,0.067,0.238,0.367,0.348,0.09,0.19,0.091,0.142,0.344,0.07,0.108,0.123,0.179,0.408,0.281,0.163,0.376,0.083,0.231,0.338,0.101,0.135,0.235,0.283,0.151,0.417,0.033,0.209,0.243,0.416,0.147,0.123,0.608,0.3,0.175,0.234,0.089,0.148,0.082,0.247,0.086,0.301,0.286,0.216,0.32,0.224,0.149,0.078,0.03,0.115,0.507,0.196,0.348,0.087,0.343,0.21,0.319,0.068,0.288,0.091,0.166,0.102,0.324,0.128,0.306,0.165,0.17,0.322,0.115,0.213,0.148,0.119,0.334,0.415,0.119,0.067,0.278,0.212,0.158,0.393,0.103,0.39,0.051,0.055,0.134,0.059,0.507,0.152,0.213,0.175,0.462,0.198,0.055,0.246,0.126,0.169,0.215,0.378,0.07,0.069,0.196,0.048,0.507,0.094,0.188,0.31,0.146,0.348,0.257,0.127,0.122,0.417,0.202,0.417,0.165,0.2,0.13,0.233,0.041,0.101,0.283,0.139,0.081,0.164,0.134,0.032,0.084,0.129,0.14,0.106,0.063,0.094,0.217,0.122,0.119,0.28,0.297,0.182,0.257,1.0,0.053,0.192,0.348,0.289,0.378,0.094,0.094,0.159,0.074,0.268,0.147,0.649,0.343,0.078,0.198,0.09,0.457,0.124,0.304,0.635,0.088,0.217,0.417,0.101,0.302,0.196
0.053,0.108,0.129,0.098,0.14,0.088,0.137,0.225,0.152,0.214,0.242,0.282,0.141,0.269,0.211,0.188,0.103,0.137,0.036,0.115,0.079,0.147,0.079,0.208,0.188,0.065,0.147,0.145,0.277,0.176,0.127,0.126,0.198,0.181,0.079,0.087,0.214,0.151,0.214,0.072,0.115,0.069,0.152,0.08,0.126,0.115,0.071,0.202,0.214,0.311,0.167,0.315,0.115,0.14,0.093,0.066,0.14,0.14,0.282,0.176,0.214,0.103,0.144,0.087,0.103,0.269,0.201,0.115,0.032,0.185,0.086,0.215,0.167,0.069,0.025,0.307,0.103,0.121,0.269,0.181,0.033,0.114,0.184,0.067,0.115,0.835,0.115,0.306,0.101,0.137,0.225,0.199,0.095,0.07,0.137,0.223,0.194,0.389,0.306,0.126,0.198,0.14,0.099,0.095,0.077,0.095,0.159,0.114,0.211,0.285,0.08,0.106,0.067,0.137,0.176,0.14,0.114,0.149,0.169,0.044,0.126,0.153,0.126,0.104,0.114,0.081,0.188,0.115,0.04,0.057,0.153,0.066,0.164,0.067,0.103,0.176,0.188,0.218,0.117,0.114,0.177,0.211,0.102,0.14,0.198,0.095,0.115,0.14,0.195,0.153,0.027,0.067,0.14,0.243,0.095,0.157,0.14,0.198,0.095,0.073,0.082,0.103,0.198,0.282,0.059,0.211,0.188,0.057,0.169,0.194,0.538,0.126,0.137,0.137,0.115,0.07,0.137,0.09,0.115,0.069,0.183,0.14,0.147,0.14,0.074,0.04,0.057,0.102,0.14,0.139,0.115,0.066,0.049,0.137,0.135,0.115,0.186,0.056,0.079,0.14,0.079,0.282,0.115,0.176,0.14,0.17,0.242,0.079,0.122,0.095,0.069,0.176,0.538,0.115,0.115,0.115,0.307,0.134,0.169,0.198,0.112,0.214,0.082,0.185,0.105,0.137,0.12,0.096,0.157,0.093,0.115,0.066,0.112,0.269,0.14,0.04,0.137,0.14,0.14,0.135,0.069,0.053,1.0,0.057,0.095,0.123,0.069,0.125,0.103,0.125,0.188,0.14,0.131,0.053,0.14,0.085,0.196,0.15,0.105,0.854,0.115,0.214,0.116,0.14,0.115,0.126,0.14,0.168
0.26,0.146,0.204,0.134,0.2,0.065,0.248,0.224,0.157,0.213,0.094,0.123,0.08,0.186,0.196,0.12,0.18,0.146,0.054,0.425,0.08,0.12,0.757,0.147,0.184,0.301,0.105,0.164,0.132,0.127,0.049,0.109,0.071,0.183,0.151,0.203,0.172,0.119,0.254,0.062,0.299,0.278,0.204,0.161,0.124,0.162,0.154,0.122,0.105,0.107,0.128,0.121,0.45,0.172,0.151,0.186,0.245,0.08,0.083,0.164,0.113,0.126,0.322,0.116,0.101,0.107,0.135,0.322,0.036,0.12,0.113,0.216,0.11,0.34,0.094,0.158,0.052,0.075,0.06,0.112,0.632,0.309,0.16,0.11,0.45,0.07,0.45,0.11,0.048,0.188,0.266,0.132,0.46,0.283,0.132,0.071,0.169,0.157,0.082,0.155,0.107,0.546,0.06,0.297,0.362,0.375,0.081,0.12,0.091,0.14,0.391,0.1,0.117,0.108,0.137,0.345,0.377,0.137,0.336,0.28,0.251,0.244,0.172,0.089,0.106,0.262,0.112,0.45,0.039,0.086,0.194,0.322,0.15,0.142,0.408,0.268,0.248,0.271,0.117,0.139,0.065,0.278,0.124,0.26,0.134,0.189,0.297,0.295,0.178,0.088,0.033,0.124,0.546,0.156,0.375,0.133,0.405,0.293,0.306,0.074,0.137,0.101,0.169,0.108,0.333,0.091,0.151,0.247,0.156,0.18,0.097,0.2,0.119,0.132,0.211,0.283,0.132,0.071,0.223,0.17,0.139,0.364,0.091,0.327,0.056,0.051,0.076,0.061,0.546,0.143,0.473,0.208,0.205,0.121,0.053,0.235,0.104,0.176,0.417,0.322,0.139,0.078,0.181,0.053,0.546,0.104,0.188,0.216,0.091,0.375,0.278,0.143,0.184,0.45,0.206,0.45,0.164,0.186,0.108,0.172,0.047,0.293,0.17,0.115,0.115,0.109,0.081,0.036,0.085,0.26,0.125,0.12,0.055,0.097,0.474,0.103,0.132,0.215,0.29,0.174,0.278,0.192,0.057,1.0,0.375,0.194,0.208,0.085,0.095,0.206,0.079,0.242,0.102,0.26,0.338,0.052,0.299,0.097,0.269,0.128,0.4,0.312,0.122,0.257,0.45,0.172,0.245,0.245
0.348,0.472,0.736,0.136,0.847,0.121,0.418,0.902,0.791,0.847,0.239,0.294,0.215,1.0,0.307,0.472,0.331,0.645,0.081,0.736,0.147,0.254,0.507,0.736,0.902,0.449,0.254,0.522,0.376,0.472,0.073,0.214,0.169,1.0,0.208,0.36,0.847,0.847,0.847,0.124,0.902,0.521,0.847,0.575,0.214,0.736,0.472,0.516,0.396,0.412,0.248,0.847,0.736,0.847,0.193,0.412,0.847,0.164,0.208,0.847,0.575,0.311,0.847,0.36,0.181,0.329,0.216,0.902,0.057,0.169,0.178,0.847,0.575,0.521,0.05,0.847,0.106,0.156,0.156,0.315,0.119,0.575,0.847,0.172,0.902,0.128,0.736,0.301,0.194,0.645,0.847,0.406,0.645,0.472,0.231,0.147,0.653,0.645,0.2,0.214,0.473,0.847,0.145,0.645,0.455,1.0,0.231,0.315,0.307,0.55,0.575,0.19,0.196,0.418,0.645,0.847,0.376,0.521,0.847,0.179,0.449,0.645,0.214,0.235,0.16,0.575,0.645,0.736,0.068,0.095,0.645,0.412,0.847,0.417,0.622,0.847,0.736,0.493,0.307,0.315,0.226,0.902,0.209,0.847,0.348,0.645,0.902,0.847,0.645,0.307,0.061,0.201,0.847,0.791,0.645,0.214,0.847,0.645,0.645,0.131,0.422,0.181,0.736,0.208,0.397,0.245,0.386,0.393,0.418,0.653,0.513,0.476,0.418,0.231,0.902,0.472,0.231,0.114,0.736,0.521,0.334,0.902,0.254,0.847,0.097,0.118,0.118,0.112,0.847,0.575,0.736,0.393,0.339,0.645,0.093,0.902,0.224,0.157,0.507,0.847,0.179,0.231,0.736,0.111,0.847,0.273,0.847,0.348,0.472,1.0,0.521,0.482,0.397,0.736,0.791,0.902,1.0,0.736,0.254,0.645,0.108,0.231,0.516,0.46,0.209,0.231,0.199,0.064,0.215,0.217,0.348,0.181,0.181,0.449,0.847,0.205,0.231,0.847,0.847,0.902,0.521,0.348,0.095,0.375,1.0,0.383,0.521,0.201,0.192,0.736,0.156,0.847,0.315,0.348,0.847,0.114,0.736,0.254,0.55,0.902,0.736,0.847,0.248,0.847,0.902,0.214,0.847,0.847
0.892,0.211,0.316,0.173,0.298,0.083,0.256,0.275,0.225,0.433,0.135,0.239,0.096,0.301,0.197,0.22,0.231,0.243,0.153,0.311,0.08,0.155,0.462,0.268,0.357,0.292,0.105,0.227,0.259,0.196,0.049,0.123,0.123,0.283,0.15,0.265,0.408,0.213,0.372,0.151,0.263,0.3,0.311,0.241,0.112,0.297,0.337,0.254,0.184,0.2,0.243,0.24,0.446,0.32,0.129,0.306,0.314,0.154,0.213,0.239,0.197,0.204,0.338,0.13,0.104,0.323,0.212,0.348,0.079,0.174,0.185,0.515,0.213,0.452,0.028,0.271,0.054,0.086,0.133,0.295,0.111,0.347,0.253,0.359,0.446,0.083,0.446,0.219,0.125,0.208,0.319,0.257,0.446,0.467,0.139,0.116,0.275,0.267,0.128,0.117,0.231,0.53,0.068,0.309,0.389,0.383,0.089,0.177,0.154,0.316,0.537,0.109,0.192,0.149,0.256,0.341,0.3,0.264,0.329,0.153,0.284,0.278,0.197,0.228,0.165,0.342,0.185,0.446,0.065,0.084,0.255,0.723,0.245,0.239,0.646,0.287,0.336,0.446,0.16,0.195,0.101,0.376,0.176,0.315,0.29,0.218,0.336,0.364,0.188,0.21,0.075,0.129,0.53,0.278,0.383,0.113,0.325,0.329,0.252,0.179,0.26,0.104,0.245,0.125,0.353,0.123,0.339,0.23,0.286,0.271,0.216,0.359,0.197,0.139,0.293,0.467,0.139,0.332,0.275,0.167,0.176,0.349,0.147,0.315,0.058,0.119,0.131,0.097,0.53,0.248,0.342,0.246,0.518,0.196,0.123,0.239,0.147,0.125,0.24,0.311,0.122,0.117,0.248,0.049,0.53,0.156,0.273,0.341,0.161,0.383,0.3,0.172,0.195,0.446,0.289,0.446,0.228,0.271,0.146,0.294,0.107,0.111,0.285,0.196,0.192,0.102,0.153,0.053,0.108,0.186,0.293,0.136,0.077,0.18,0.326,0.146,0.139,0.297,0.333,0.245,0.3,0.289,0.123,0.194,0.383,1.0,0.238,0.098,0.133,0.312,0.072,0.34,0.19,0.892,0.33,0.136,0.359,0.144,0.314,0.232,0.283,0.351,0.154,0.299,0.446,0.197,0.294,0.416
0.288,0.316,0.27,0.108,0.285,0.081,0.372,0.251,0.249,0.329,0.138,0.293,0.115,0.228,0.264,0.19,0.17,0.206,0.063,0.469,0.121,0.132,0.403,0.173,0.291,0.413,0.167,0.213,0.259,0.25,0.048,0.131,0.099,0.302,0.126,0.309,0.233,0.161,0.383,0.083,0.36,0.459,0.327,0.338,0.139,0.18,0.307,0.155,0.146,0.144,0.134,0.175,0.769,0.251,0.145,0.273,0.431,0.16,0.118,0.281,0.163,0.201,0.529,0.126,0.158,0.132,0.191,0.56,0.04,0.13,0.136,0.329,0.125,0.374,0.034,0.188,0.069,0.097,0.073,0.138,0.104,0.228,0.208,0.146,0.627,0.091,0.769,0.163,0.066,0.269,0.434,0.125,0.521,0.513,0.213,0.088,0.208,0.285,0.112,0.168,0.135,0.756,0.077,0.309,0.361,0.521,0.117,0.198,0.127,0.163,0.438,0.094,0.147,0.172,0.235,0.636,0.318,0.166,0.498,0.126,0.331,0.49,0.221,0.126,0.146,0.33,0.158,0.769,0.048,0.088,0.264,0.362,0.192,0.147,0.606,0.401,0.227,0.226,0.128,0.212,0.092,0.31,0.116,0.43,0.198,0.247,0.475,0.254,0.205,0.1,0.037,0.155,0.756,0.168,0.639,0.166,0.468,0.287,0.595,0.107,0.407,0.158,0.275,0.157,0.28,0.11,0.232,0.181,0.197,0.314,0.139,0.285,0.192,0.213,0.388,0.513,0.213,0.076,0.321,0.585,0.158,0.573,0.142,0.541,0.073,0.055,0.074,0.078,0.756,0.207,0.282,0.176,0.545,0.148,0.066,0.323,0.152,0.155,0.251,0.529,0.111,0.113,0.36,0.07,0.756,0.131,0.255,0.278,0.159,0.521,1.0,0.131,0.122,0.769,0.326,0.627,0.212,0.342,0.162,0.234,0.058,0.124,0.306,0.146,0.105,0.159,0.104,0.04,0.113,0.139,0.148,0.097,0.071,0.126,0.287,0.138,0.213,0.369,0.392,0.241,1.0,0.378,0.069,0.208,0.521,0.238,1.0,0.116,0.105,0.217,0.111,0.388,0.166,0.288,0.466,0.069,0.254,0.149,0.461,0.169,0.382,0.527,0.125,0.311,0.627,0.221,0.385,0.241
0.115,0.153,0.144,0.077,0.134,0.432,0.302,0.116,0.125,0.149,0.206,0.137,0.338,0.118,0.319,0.173,0.111,0.138,0.065,0.158,0.092,0.104,0.166,0.112,0.137,0.14,0.186,0.152,0.125,0.139,0.166,0.094,0.095,0.137,0.089,0.1,0.198,0.105,0.186,0.07,0.129,0.155,0.167,0.117,0.105,0.158,0.107,0.149,0.243,0.13,0.137,0.099,0.235,0.153,0.109,0.096,0.156,0.077,0.168,0.332,0.196,0.12,0.192,0.06,0.117,0.115,0.298,0.15,0.042,0.146,0.137,0.179,0.088,0.155,0.027,0.157,0.112,0.5,0.1,0.158,0.037,0.115,0.13,0.133,0.235,0.113,0.235,0.155,0.065,0.14,0.188,0.086,0.201,0.154,0.152,0.139,0.325,0.246,0.29,0.102,0.17,0.279,0.15,0.101,0.156,0.201,0.121,0.392,0.159,0.109,0.175,0.094,0.145,0.412,0.168,0.19,0.191,0.226,0.202,0.068,0.117,0.147,0.135,0.115,0.284,0.166,0.101,0.235,0.045,0.063,0.17,0.138,0.16,0.078,0.213,0.215,0.173,0.105,0.094,0.17,0.154,0.178,0.073,0.167,0.102,0.105,0.181,0.125,0.218,0.149,0.04,1.0,0.279,0.104,0.201,0.173,0.174,0.14,0.16,0.085,0.099,0.117,0.183,0.15,0.128,0.182,0.189,0.076,0.149,0.159,0.16,0.113,0.226,0.152,0.163,0.154,0.152,0.088,0.139,0.101,0.12,0.198,0.559,0.352,0.096,0.055,0.067,0.069,0.279,0.124,0.112,0.087,0.109,0.097,0.073,0.132,0.15,0.097,0.107,0.191,0.07,0.12,0.122,0.226,0.279,0.079,0.181,0.175,0.124,0.201,0.155,0.235,0.101,0.235,0.131,0.235,0.11,0.129,0.469,0.122,0.128,0.109,0.114,0.248,0.069,0.119,0.144,0.115,0.316,0.095,0.103,0.075,0.111,0.11,0.123,0.053,0.152,0.144,0.163,0.112,0.155,0.094,0.125,0.085,0.201,0.098,0.116,1.0,0.098,0.111,0.331,0.157,0.169,0.115,0.179,0.074,0.124,0.169,0.153,0.16,0.137,0.201,0.074,0.151,0.235,0.135,0.155,0.162
0.199,0.161,0.188,0.138,0.202,0.07,0.264,0.168,0.164,0.248,0.14,0.192,0.143,0.18,0.217,0.248,0.174,0.512,0.32,0.177,0.837,0.232,0.166,0.233,0.198,0.146,0.229,0.392,0.121,0.155,0.174,0.203,0.13,0.224,0.258,0.238,0.181,0.422,0.22,0.124,0.222,0.158,0.16,0.243,0.484,0.191,0.194,0.228,0.292,0.33,0.137,0.271,0.218,0.25,0.176,0.099,0.218,0.089,0.192,0.293,0.159,0.203,0.173,0.128,1.0,0.194,0.184,0.169,0.081,0.185,0.424,0.173,0.23,0.158,0.053,0.263,0.085,0.117,0.141,0.237,0.157,0.152,0.216,0.141,0.218,0.155,0.218,0.168,0.247,0.567,0.171,0.142,0.192,0.157,0.831,0.136,0.173,0.264,0.153,0.217,0.31,0.251,0.201,0.14,0.244,0.192,0.512,0.156,0.127,0.207,0.173,0.085,0.244,0.27,0.152,0.198,0.149,0.25,0.215,0.089,0.211,0.155,0.334,0.248,0.21,0.113,0.26,0.218,0.074,0.405,0.341,0.227,0.199,0.195,0.203,0.372,0.316,0.19,0.131,0.264,0.148,0.305,0.118,0.166,0.426,0.163,0.159,0.187,0.289,0.151,0.1,0.155,0.251,0.203,0.192,0.219,0.191,0.215,0.137,0.199,0.142,1.0,0.215,0.204,0.187,0.449,0.257,0.153,0.361,0.155,0.206,0.19,0.172,0.831,0.191,0.157,0.831,0.167,0.186,0.133,0.118,0.175,0.222,0.17,0.359,0.158,0.168,0.098,0.251,0.216,0.14,0.128,0.121,0.286,0.146,0.157,0.159,0.082,0.148,0.172,0.135,0.342,0.136,0.101,0.251,0.142,0.295,0.173,0.284,0.192,0.158,0.264,0.176,0.218,0.157,0.218,0.193,0.156,0.22,0.167,0.099,0.326,0.203,0.191,0.197,0.405,0.241,0.063,0.173,0.193,0.115,0.161,0.351,0.169,0.162,0.157,0.831,0.156,0.172,0.174,0.158,0.094,0.103,0.095,0.192,0.133,0.105,0.098,1.0,0.213,0.142,0.171,0.181,0.199,0.17,0.099,0.154,0.244,0.122,0.175,0.142,0.192,0.127,0.237,0.218,0.334,0.242,0.189
0.417,0.221,0.389,0.157,0.4,0.073,0.45,0.3,0.225,0.467,0.148,0.195,0.116,0.259,0.339,0.317,0.222,0.423,0.732,0.285,0.36,0.35,0.586,0.359,0.442,0.648,0.219,0.231,0.206,0.211,0.066,0.209,0.116,0.433,0.187,0.396,0.312,0.384,0.351,0.132,0.343,0.769,0.378,0.394,0.228,0.434,0.413,0.287,0.354,0.356,0.226,0.343,1.0,0.404,0.13,0.199,0.353,0.098,0.199,0.328,0.368,0.176,0.307,0.225,0.451,0.243,0.25,0.356,0.205,0.151,0.42,0.437,0.363,0.753,0.054,0.402,0.078,0.106,0.118,0.298,0.535,0.448,0.354,0.78,0.815,0.133,1.0,0.238,0.145,0.293,0.301,0.316,0.736,0.749,0.396,0.209,0.323,0.352,0.197,0.189,0.24,0.915,0.126,0.428,0.527,0.736,0.214,0.179,0.188,0.34,0.881,0.122,1.0,0.209,0.315,0.359,0.326,0.318,0.323,0.219,0.293,0.29,0.38,0.213,0.32,0.286,0.388,1.0,0.081,0.279,0.301,0.499,0.435,0.188,0.803,0.334,0.459,0.319,0.228,0.208,0.17,0.508,0.161,0.301,0.211,0.23,0.326,0.494,0.32,0.258,0.179,0.235,0.915,0.438,0.902,0.181,0.342,0.444,0.296,0.233,0.297,0.451,0.402,0.155,0.484,0.217,0.292,0.28,0.411,0.248,0.235,0.364,0.237,0.396,0.335,0.749,0.396,0.143,0.281,0.202,0.2,0.388,0.194,0.3,0.169,0.136,0.173,0.105,0.915,0.326,0.387,0.265,0.513,0.309,0.094,0.284,0.15,0.159,0.214,0.299,0.19,0.177,0.292,0.077,0.915,0.155,0.406,0.4,0.247,0.736,0.769,0.324,0.251,1.0,0.384,0.815,0.256,0.333,0.203,0.276,0.107,0.267,0.328,0.242,0.167,0.183,0.144,0.08,0.15,0.238,0.195,0.179,0.14,0.225,0.45,0.253,0.396,0.337,0.408,0.271,0.769,0.159,0.125,0.206,0.736,0.312,0.217,0.111,0.213,1.0,0.111,0.312,0.198,0.417,0.372,0.175,0.478,0.294,0.244,0.285,0.296,0.316,0.173,0.384,0.815,0.38,0.332,0.396
0.084,0.231,0.105,0.046,0.104,0.32,0.199,0.101,0.162,0.135,0.184,0.165,0.471,0.134,0.283,0.191,0.087,0.154,0.038,0.145,0.191,0.143,0.121,0.103,0.129,0.107,0.288,0.185,0.175,0.207,0.407,0.165,0.094,0.128,0.089,0.198,0.232,0.145,0.129,0.141,0.126,0.134,0.214,0.101,0.171,0.104,0.081,0.162,0.15,0.164,0.147,0.096,0.171,0.13,0.123,0.09,0.116,0.055,0.179,0.242,0.174,0.136,0.146,0.113,0.227,0.095,0.239,0.126,0.075,0.124,0.098,0.133,0.094,0.134,0.06,0.113,0.182,0.525,0.116,0.154,0.065,0.083,0.122,0.103,0.171,0.185,0.171,0.16,0.078,0.215,0.15,0.078,0.156,0.112,0.281,0.235,0.147,0.268,0.231,0.187,0.199,0.191,0.331,0.093,0.114,0.156,0.236,0.237,0.156,0.085,0.143,0.176,0.112,0.327,0.17,0.179,0.114,0.204,0.148,0.082,0.143,0.12,0.253,0.087,0.201,0.144,0.127,0.171,0.05,0.116,0.162,0.096,0.132,0.088,0.136,0.237,0.205,0.082,0.169,0.14,0.245,0.18,0.129,0.146,0.151,0.118,0.143,0.11,0.431,0.173,0.088,0.189,0.191,0.107,0.156,0.407,0.149,0.118,0.144,0.169,0.12,0.227,0.191,0.192,0.104,0.156,0.227,0.086,0.13,0.11,0.133,0.094,0.149,0.281,0.139,0.112,0.281,0.067,0.117,0.108,0.087,0.154,0.347,0.346,0.234,0.05,0.089,0.113,0.191,0.105,0.085,0.074,0.084,0.099,0.097,0.115,0.139,0.073,0.126,0.146,0.139,0.177,0.116,0.389,0.191,0.087,0.155,0.116,0.207,0.156,0.134,0.21,0.091,0.171,0.111,0.171,0.114,0.137,0.383,0.112,0.197,0.164,0.084,0.311,0.114,0.215,0.269,0.165,0.483,0.105,0.103,0.098,0.15,0.123,0.114,0.13,0.281,0.11,0.142,0.105,0.134,0.074,0.188,0.079,0.156,0.072,0.111,0.331,0.142,0.111,1.0,0.153,0.191,0.084,0.145,0.09,0.102,0.231,0.117,0.152,0.125,0.167,0.129,0.12,0.171,0.253,0.154,0.121
0.507,0.266,0.335,0.185,0.353,0.111,0.49,0.326,0.308,0.414,0.174,0.256,0.149,0.346,0.378,0.258,0.25,0.282,0.113,0.444,0.188,0.21,0.686,0.269,0.399,0.635,0.238,0.285,0.338,0.242,0.081,0.238,0.119,0.378,0.177,0.44,0.321,0.216,0.401,0.366,0.439,0.756,0.363,0.325,0.222,0.258,0.321,0.215,0.232,0.215,0.395,0.359,0.915,0.439,0.138,0.306,0.439,0.12,0.211,0.306,0.324,0.23,0.44,0.245,0.231,0.186,0.293,0.492,0.2,0.165,0.25,0.389,0.192,0.756,0.06,0.31,0.105,0.138,0.122,0.208,0.145,0.293,0.36,0.243,0.915,0.138,0.915,0.211,0.139,0.342,0.387,0.301,0.847,0.663,0.295,0.167,0.275,0.334,0.181,0.239,0.223,1.0,0.13,0.318,0.62,0.847,0.185,0.22,0.318,0.271,0.795,0.272,0.279,0.208,0.274,0.566,0.28,0.28,0.486,0.188,0.405,0.418,0.301,0.212,0.224,0.402,0.225,0.915,0.098,0.122,0.322,0.567,0.323,0.28,0.782,0.443,0.397,0.356,0.235,0.23,0.189,0.514,0.308,0.606,0.251,0.296,0.504,0.406,0.286,0.238,0.203,0.279,1.0,0.253,0.847,0.241,0.515,0.392,0.529,0.438,0.333,0.231,0.39,0.221,0.594,0.186,0.307,0.271,0.255,0.32,0.221,0.363,0.288,0.295,0.417,0.663,0.295,0.181,0.366,0.314,0.2,0.646,0.204,0.451,0.136,0.111,0.137,0.27,1.0,0.352,0.337,0.252,0.516,0.201,0.11,0.395,0.19,0.146,0.297,0.443,0.304,0.177,0.523,0.117,1.0,0.253,0.388,0.466,0.211,0.847,0.756,0.228,0.191,0.915,0.406,0.915,0.283,0.481,0.235,0.338,0.246,0.186,0.289,0.235,0.258,0.213,0.146,0.155,0.18,0.176,0.226,0.212,0.138,0.196,0.361,0.31,0.295,0.424,0.493,0.36,0.756,0.268,0.14,0.242,0.847,0.34,0.388,0.157,0.171,0.312,0.153,1.0,0.3,0.507,0.54,0.149,0.376,0.225,0.404,0.272,0.377,0.461,0.312,0.378,0.915,0.301,0.42,0.345
0.177,0.171,0.22,0.114,0.194,0.107,0.771,0.178,0.205,0.294,0.21,0.262,0.164,0.229,0.336,0.226,0.216,0.319,0.094,0.193,0.231,0.185,0.251,0.194,0.286,0.222,0.32,0.182,0.224,0.183,0.13,0.229,0.287,0.226,0.143,0.238,0.263,0.204,0.275,0.398,0.185,0.268,0.228,0.199,0.225,0.202,0.166,0.197,0.263,0.255,0.243,0.204,0.349,0.298,0.184,0.152,0.2,0.128,0.316,0.248,0.286,0.125,0.217,0.182,0.276,0.217,0.404,0.218,0.197,0.193,0.208,0.253,0.183,0.268,0.054,0.255,0.18,0.162,0.334,0.246,0.074,0.249,0.266,0.321,0.349,0.148,0.349,0.249,0.13,0.245,0.419,0.193,0.315,0.242,0.342,0.17,0.207,0.299,0.216,0.211,0.319,0.392,0.189,0.173,0.281,0.315,0.211,0.281,0.22,0.201,0.288,0.182,0.231,0.211,0.275,0.251,0.233,0.192,0.297,0.12,0.212,0.183,0.334,0.174,0.3,0.202,0.184,0.349,0.134,0.141,0.22,0.203,0.239,0.16,0.303,0.347,0.262,0.181,0.19,0.269,0.204,0.263,0.214,0.255,0.173,0.158,0.252,0.251,0.236,0.233,0.242,0.234,0.392,0.208,0.315,0.239,0.223,0.283,0.204,0.483,0.228,0.276,0.252,0.261,0.258,0.177,0.238,0.14,0.243,0.189,0.211,0.218,0.375,0.342,0.2,0.242,0.342,0.31,0.189,0.136,0.245,0.254,0.196,0.233,0.146,0.093,0.122,0.206,0.392,0.217,0.18,0.14,0.283,0.182,0.218,0.177,0.237,0.151,0.149,0.247,0.348,0.276,0.223,0.207,0.392,0.215,0.262,0.264,0.187,0.315,0.268,0.247,0.221,0.349,0.22,0.349,0.247,0.248,0.275,0.264,0.419,0.207,0.174,0.248,0.179,0.2,0.187,0.192,0.183,0.2,0.188,0.18,0.139,0.265,0.193,0.157,0.342,0.25,0.243,0.23,0.268,0.147,0.131,0.102,0.315,0.19,0.166,0.169,0.181,0.198,0.191,0.3,1.0,0.177,0.242,0.136,0.183,0.284,0.177,0.213,0.172,0.274,0.25,0.239,0.349,0.334,0.278,0.218
1.0,0.415,0.532,0.149,0.507,0.111,0.226,0.495,0.348,0.532,0.142,0.26,0.121,0.348,0.18,0.415,0.376,0.409,0.073,0.495,0.073,0.169,0.349,0.495,0.417,0.256,0.125,0.594,0.532,0.415,0.042,0.101,0.086,0.417,0.127,0.251,0.507,0.507,1.0,0.068,0.417,0.257,0.507,0.415,0.101,0.495,0.532,1.0,0.31,0.416,0.24,0.507,0.417,0.507,0.16,0.647,0.507,0.167,0.158,0.507,0.295,0.411,0.507,0.251,0.091,0.258,0.125,0.417,0.034,0.101,0.165,0.507,0.385,0.297,0.024,0.649,0.051,0.099,0.084,0.461,0.074,0.416,0.507,0.102,0.417,0.076,0.417,0.368,0.132,0.409,0.507,0.253,0.409,0.415,0.119,0.12,0.497,0.348,0.109,0.101,0.227,0.507,0.072,0.348,0.307,0.348,0.119,0.177,0.18,0.532,0.344,0.102,0.169,0.226,0.348,0.507,0.331,0.297,0.507,0.095,0.532,0.415,0.101,0.134,0.1,0.344,0.532,0.417,0.033,0.049,0.409,0.647,0.507,0.259,0.608,0.507,0.42,0.552,0.163,0.281,0.14,0.417,0.125,0.507,1.0,0.409,0.417,0.507,0.409,0.163,0.03,0.115,0.507,1.0,0.348,0.101,0.507,0.349,0.348,0.068,0.354,0.091,0.417,0.112,0.274,0.213,0.649,0.254,0.568,0.497,0.532,0.538,0.226,0.119,0.417,0.415,0.119,0.103,0.495,0.257,0.28,0.507,0.33,0.507,0.051,0.071,0.071,0.067,0.507,0.33,0.417,0.254,0.288,0.416,0.053,0.417,0.136,0.118,0.349,0.507,0.095,0.119,0.417,0.056,0.507,0.156,0.507,0.31,0.415,0.348,0.257,0.263,0.274,0.417,0.417,0.417,0.348,0.417,0.14,0.409,0.05,0.119,0.524,0.532,0.125,0.119,0.187,0.035,0.121,0.16,0.31,0.151,0.091,0.256,0.532,0.122,0.119,0.507,0.507,0.417,0.257,0.649,0.053,0.26,0.348,0.892,0.288,0.115,0.199,0.417,0.084,0.507,0.177,1.0,0.507,0.098,0.599,0.125,0.507,0.417,0.495,0.649,0.142,0.507,0.417,0.101,0.507,0.507
0.507,0.35,0.394,0.185,0.466,0.124,0.49,0.424,0.413,0.442,0.201,0.264,0.178,0.386,0.378,0.378,0.251,0.365,0.113,0.605,0.188,0.245,0.686,0.337,0.448,0.739,0.216,0.374,0.328,0.314,0.072,0.172,0.132,0.419,0.199,0.44,0.398,0.287,0.546,0.136,0.501,0.756,0.532,0.388,0.18,0.385,0.367,0.266,0.264,0.241,0.255,0.317,0.915,0.427,0.16,0.382,0.556,0.148,0.194,0.423,0.294,0.269,0.631,0.243,0.217,0.213,0.293,0.576,0.127,0.186,0.25,0.465,0.229,0.756,0.051,0.339,0.135,0.146,0.122,0.238,0.18,0.37,0.379,0.265,0.915,0.224,0.915,0.25,0.129,0.43,0.568,0.3,0.847,0.663,0.259,0.249,0.322,0.388,0.183,0.182,0.254,1.0,0.125,0.411,0.62,0.847,0.18,0.268,0.236,0.299,0.795,0.172,0.43,0.266,0.376,0.685,0.319,0.356,0.637,0.181,0.459,0.522,0.214,0.213,0.224,0.529,0.26,0.915,0.247,0.106,0.44,0.567,0.35,0.26,0.782,0.559,0.395,0.356,0.25,0.275,0.172,0.547,0.197,0.57,0.283,0.426,0.625,0.432,0.357,0.229,0.102,0.279,1.0,0.278,0.847,0.183,0.632,0.456,0.609,0.194,0.43,0.217,0.44,0.204,0.594,0.192,0.318,0.329,0.287,0.406,0.251,0.389,0.292,0.259,0.493,0.663,0.259,0.181,0.507,0.41,0.279,0.738,0.197,0.638,0.136,0.114,0.131,0.126,1.0,0.356,0.409,0.339,0.516,0.251,0.104,0.529,0.206,0.219,0.399,0.632,0.166,0.172,0.456,0.108,1.0,0.196,0.446,0.466,0.267,0.847,0.756,0.26,0.263,0.915,0.485,0.915,0.374,0.448,0.23,0.384,0.109,0.186,0.377,0.246,0.179,0.197,0.164,0.081,0.189,0.188,0.248,0.17,0.123,0.255,0.561,0.31,0.259,0.516,0.803,0.392,0.756,0.343,0.14,0.338,0.847,0.33,0.466,0.179,0.17,0.372,0.145,0.54,0.242,0.507,1.0,0.162,0.398,0.233,0.507,0.3,0.55,0.622,0.223,0.482,0.915,0.214,0.544,0.413
0.098,0.113,0.279,0.118,0.203,0.074,0.183,0.082,0.126,0.167,0.079,0.075,0.231,0.072,0.146,0.155,0.115,0.196,0.131,0.1,0.058,0.098,0.095,0.228,0.169,0.079,0.092,0.121,0.123,0.196,0.084,0.21,0.068,0.199,0.072,0.063,0.162,0.219,0.121,0.108,0.084,0.091,0.316,0.131,0.091,0.306,0.215,0.145,0.169,0.115,0.156,0.132,0.141,0.277,0.076,0.131,0.158,0.059,0.17,0.111,0.136,0.088,0.122,0.137,0.073,0.175,0.165,0.157,0.191,0.1,0.127,0.167,0.169,0.091,0.029,0.172,0.062,0.068,0.05,0.203,0.046,0.206,0.202,0.26,0.141,0.095,0.141,0.178,0.219,0.087,0.107,0.163,0.114,0.092,0.097,0.251,0.189,0.183,0.106,0.104,0.128,0.18,0.078,0.183,0.11,0.114,0.127,0.128,0.228,0.242,0.101,0.091,0.126,0.111,0.235,0.116,0.137,0.263,0.134,0.202,0.106,0.116,0.163,0.128,0.156,0.188,0.156,0.141,0.056,0.244,0.229,0.116,0.178,0.123,0.136,0.162,0.172,0.135,0.191,0.129,0.195,0.097,0.12,0.177,0.09,0.1,0.227,0.158,0.095,0.216,0.216,0.086,0.18,0.226,0.114,0.116,0.111,0.192,0.092,0.187,0.173,0.073,0.185,0.083,0.076,0.283,0.151,0.148,0.2,0.11,0.123,0.196,0.256,0.097,0.132,0.092,0.097,0.081,0.206,0.101,0.078,0.119,0.083,0.127,0.042,0.182,0.249,0.118,0.18,0.202,0.172,0.253,0.085,0.178,0.051,0.108,0.088,0.074,0.065,0.12,0.098,0.071,0.222,0.11,0.18,0.067,0.182,0.108,0.257,0.114,0.091,0.126,0.211,0.141,0.217,0.141,0.109,0.14,0.107,0.089,0.173,0.091,0.107,0.148,0.102,0.139,0.141,0.161,0.085,0.133,0.055,0.193,0.127,0.074,0.207,0.033,0.097,0.099,0.155,0.111,0.091,0.078,0.085,0.052,0.114,0.136,0.069,0.074,0.099,0.175,0.09,0.149,0.136,0.098,0.162,1.0,0.229,0.175,0.096,0.086,0.09,0.117,0.149,0.164,0.141,0.163,0.185,0.131
0.599,0.232,0.596,0.254,0.394,0.098,0.45,0.316,0.254,0.489,0.15,0.187,0.143,0.28,0.553,0.295,0.306,0.329,0.215,0.357,0.166,0.175,1.0,0.424,0.434,0.648,0.144,0.237,0.243,0.241,0.069,0.171,0.104,0.409,0.169,0.396,0.379,0.364,0.369,0.119,0.357,0.769,0.417,0.292,0.154,0.41,0.373,0.284,0.28,0.244,0.254,0.317,1.0,0.476,0.16,0.28,0.406,0.105,0.183,0.358,0.287,0.203,0.35,0.229,0.197,0.313,0.436,0.404,0.245,0.16,0.239,0.472,0.322,0.639,0.053,0.407,0.089,0.107,0.083,0.358,0.554,0.472,0.398,0.203,0.815,0.095,1.0,0.257,0.186,0.272,0.34,0.266,0.791,0.678,0.243,0.174,0.421,0.35,0.145,0.154,0.223,0.915,0.099,0.463,0.527,0.736,0.142,0.177,0.221,0.396,0.705,0.139,0.257,0.201,0.4,0.392,0.384,0.301,0.371,0.225,0.327,0.308,0.296,0.148,0.294,0.282,0.319,1.0,0.145,0.213,0.297,0.707,0.418,0.245,0.693,0.367,0.547,0.454,0.233,0.194,0.118,0.404,0.182,0.36,0.218,0.275,0.37,0.557,0.282,0.263,0.199,0.235,0.915,0.425,0.902,0.16,0.397,0.438,0.321,0.25,0.307,0.197,0.419,0.119,0.485,0.205,0.305,0.282,0.377,0.268,0.261,0.458,0.269,0.243,0.375,0.678,0.243,0.158,0.355,0.227,0.183,0.415,0.187,0.353,0.114,0.176,0.197,0.096,0.915,0.307,0.491,0.319,0.647,0.306,0.078,0.316,0.132,0.132,0.307,0.351,0.14,0.124,0.336,0.081,0.915,0.161,0.416,0.4,0.231,0.736,0.769,0.313,0.365,1.0,0.459,0.815,0.278,0.329,0.164,0.32,0.104,0.209,0.292,0.286,0.182,0.132,0.149,0.1,0.162,0.282,0.23,0.168,0.128,0.209,0.497,0.253,0.243,0.364,0.392,0.312,0.769,0.198,0.196,0.299,0.736,0.359,0.254,0.124,0.154,0.478,0.102,0.376,0.183,0.599,0.398,0.229,1.0,0.216,0.287,0.295,0.326,0.357,0.18,0.423,0.815,0.296,0.367,0.431
0.125,0.182,0.227,0.192,0.168,0.128,0.323,0.2,0.254,0.207,0.215,0.218,0.173,0.256,0.281,0.225,0.148,0.258,0.071,0.192,0.334,0.261,0.185,0.197,0.201,0.168,0.643,0.212,0.164,0.222,0.158,0.285,0.219,0.206,0.122,0.338,0.229,0.249,0.189,0.196,0.191,0.237,0.251,0.152,0.288,0.199,0.189,0.162,0.203,0.226,0.196,0.213,0.266,0.24,0.183,0.135,0.181,0.108,0.259,0.238,0.226,0.16,0.198,0.198,0.388,0.21,0.218,0.201,0.136,0.186,0.15,0.185,0.172,0.237,0.08,0.193,0.275,0.172,0.162,0.238,0.099,0.157,0.235,0.152,0.266,0.192,0.266,0.247,0.168,0.312,0.207,0.138,0.254,0.178,0.469,0.269,0.201,0.24,0.227,0.301,0.246,0.28,0.252,0.17,0.167,0.254,0.296,0.18,0.199,0.202,0.244,0.213,0.178,0.225,0.291,0.255,0.153,0.192,0.203,0.162,0.256,0.215,0.467,0.122,0.153,0.238,0.193,0.266,0.112,0.193,0.242,0.15,0.215,0.12,0.2,0.375,0.234,0.159,0.23,0.198,0.185,0.246,0.18,0.201,0.43,0.176,0.234,0.194,0.273,0.216,0.151,0.163,0.28,0.184,0.254,0.325,0.211,0.241,0.194,0.282,0.213,0.388,0.309,0.24,0.167,0.219,0.238,0.15,0.248,0.152,0.214,0.19,0.232,0.469,0.183,0.178,0.469,0.102,0.187,0.146,0.15,0.223,0.253,0.201,0.209,0.107,0.169,0.164,0.28,0.197,0.161,0.153,0.132,0.165,0.157,0.174,0.183,0.096,0.176,0.196,0.2,0.258,0.175,0.264,0.28,0.185,0.212,0.181,0.223,0.254,0.237,0.286,0.176,0.266,0.216,0.266,0.231,0.201,0.259,0.19,0.248,0.245,0.126,0.223,0.187,0.278,0.218,0.227,0.245,0.186,0.161,0.155,0.172,0.17,0.219,0.245,0.469,0.174,0.237,0.165,0.237,0.09,0.15,0.097,0.254,0.144,0.149,0.169,0.244,0.294,0.231,0.225,0.284,0.125,0.233,0.175,0.216,1.0,0.152,0.222,0.18,0.232,0.194,0.206,0.266,0.467,0.233,0.174
0.507,0.417,0.31,0.189,0.319,0.124,0.363,0.279,0.289,0.314,0.167,0.292,0.149,0.258,0.283,0.251,0.239,0.222,0.097,0.499,0.118,0.163,0.455,0.199,0.326,0.407,0.161,0.26,0.348,0.329,0.06,0.119,0.119,0.276,0.154,0.277,0.257,0.172,0.438,0.094,0.358,0.45,0.356,0.343,0.132,0.215,0.34,0.229,0.182,0.167,0.16,0.21,0.626,0.278,0.167,0.436,0.424,0.186,0.129,0.288,0.174,0.308,0.559,0.134,0.143,0.18,0.211,0.494,0.054,0.15,0.179,0.342,0.143,0.45,0.044,0.22,0.172,0.124,0.083,0.187,0.11,0.258,0.236,0.174,0.626,0.111,0.626,0.206,0.087,0.285,0.453,0.182,0.55,0.68,0.179,0.147,0.298,0.274,0.132,0.147,0.17,0.722,0.088,0.279,0.467,0.55,0.119,0.212,0.149,0.248,0.493,0.12,0.195,0.187,0.241,0.605,0.302,0.22,0.517,0.142,0.382,0.532,0.156,0.174,0.164,0.42,0.172,0.626,0.161,0.079,0.304,0.588,0.218,0.182,0.89,0.413,0.257,0.342,0.147,0.253,0.11,0.363,0.136,0.451,0.286,0.278,0.514,0.288,0.22,0.127,0.056,0.199,0.722,0.193,0.55,0.144,0.498,0.299,0.525,0.109,0.348,0.143,0.266,0.171,0.409,0.142,0.287,0.235,0.231,0.487,0.204,0.306,0.209,0.179,0.417,0.68,0.179,0.125,0.356,0.332,0.242,0.614,0.158,0.569,0.084,0.082,0.098,0.107,0.722,0.232,0.308,0.248,0.495,0.161,0.092,0.361,0.171,0.187,0.299,0.558,0.118,0.115,0.316,0.084,0.722,0.159,0.296,0.451,0.21,0.55,0.45,0.164,0.168,0.626,0.323,0.626,0.24,0.319,0.168,0.27,0.074,0.125,0.397,0.2,0.127,0.152,0.136,0.056,0.146,0.154,0.217,0.142,0.077,0.154,0.326,0.162,0.179,0.402,0.43,0.267,0.45,0.457,0.105,0.269,0.55,0.314,0.461,0.153,0.122,0.244,0.117,0.404,0.177,0.507,0.507,0.096,0.287,0.152,1.0,0.198,0.412,0.551,0.144,0.359,0.626,0.156,0.403,0.292
0.417,0.214,0.274,0.165,0.265,0.094,0.45,0.325,0.296,0.359,0.229,0.29,0.129,0.36,0.389,0.266,0.175,0.239,0.21,0.239,0.191,0.236,0.586,0.294,0.413,0.531,0.203,0.232,0.203,0.212,0.099,0.189,0.212,0.353,0.125,0.516,0.342,0.271,0.339,0.095,0.299,0.627,0.266,0.222,0.194,0.229,0.222,0.262,0.269,0.254,0.187,0.436,0.815,0.294,0.118,0.14,0.29,0.142,0.299,0.311,0.296,0.163,0.311,0.173,0.227,0.285,0.381,0.281,0.121,0.185,0.23,0.36,0.214,0.627,0.043,0.329,0.108,0.167,0.237,0.22,0.25,0.242,0.288,0.203,1.0,0.225,0.815,0.336,0.129,0.234,0.347,0.24,0.736,0.709,0.281,0.143,0.318,0.35,0.259,0.2,0.275,0.915,0.13,0.218,0.527,0.902,0.183,0.164,0.199,0.321,0.674,0.126,0.245,0.193,0.243,0.316,0.193,0.246,0.307,0.121,0.253,0.245,0.329,0.122,0.271,0.187,0.258,0.815,0.081,0.159,0.245,0.48,0.29,0.156,0.693,0.329,0.313,0.307,0.164,0.16,0.272,0.377,0.142,0.271,0.201,0.202,0.299,0.329,0.308,0.181,0.144,0.235,0.915,0.288,0.736,0.209,0.295,0.314,0.239,0.266,0.178,0.227,0.286,0.266,0.484,0.192,0.3,0.169,0.251,0.296,0.332,0.251,0.194,0.281,0.317,0.709,0.281,0.21,0.26,0.158,0.211,0.369,0.209,0.259,0.169,0.066,0.099,0.106,0.915,0.265,0.226,0.156,0.416,0.225,0.19,0.256,0.248,0.09,0.168,0.256,0.144,0.26,0.246,0.138,0.915,0.211,0.319,0.4,0.214,0.902,0.627,0.272,0.213,0.815,0.309,1.0,0.352,0.235,0.238,0.31,0.149,0.243,0.187,0.265,0.163,0.16,0.181,0.092,0.178,0.153,0.227,0.135,0.148,0.299,0.272,0.321,0.281,0.307,0.293,0.27,0.627,0.124,0.854,0.128,0.902,0.232,0.169,0.16,0.175,0.285,0.152,0.272,0.213,0.417,0.3,0.086,0.295,0.222,0.198,1.0,0.244,0.342,0.177,0.3,1.0,0.329,0.3,0.326
0.495,0.253,0.341,0.157,0.329,0.098,0.45,0.494,0.293,0.352,0.153,0.208,0.131,0.281,0.339,0.22,0.205,0.265,0.095,0.588,0.166,0.241,0.719,0.282,0.341,0.531,0.188,0.293,0.218,0.222,0.075,0.226,0.123,0.328,0.16,0.396,0.279,0.196,0.402,0.113,0.595,0.627,0.329,0.294,0.231,0.261,0.265,0.204,0.188,0.178,0.175,0.216,0.815,0.304,0.144,0.281,0.414,0.117,0.148,0.283,0.211,0.242,0.462,0.262,0.197,0.16,0.25,0.503,0.07,0.183,0.209,0.348,0.176,0.769,0.064,0.247,0.097,0.115,0.097,0.182,0.383,0.35,0.239,0.203,0.815,0.118,0.815,0.19,0.085,0.339,0.397,0.2,0.902,0.556,0.243,0.131,0.271,0.293,0.145,0.3,0.184,0.915,0.106,0.495,0.527,0.736,0.152,0.195,0.148,0.238,0.826,0.144,0.233,0.185,0.248,0.554,0.334,0.248,0.525,0.555,0.438,0.415,0.329,0.139,0.187,0.455,0.211,0.815,0.081,0.129,0.342,0.573,0.256,0.184,0.693,0.444,0.328,0.337,0.217,0.21,0.131,0.499,0.154,0.394,0.237,0.331,0.485,0.386,0.366,0.166,0.079,0.235,0.915,0.254,0.736,0.269,0.607,0.501,0.527,0.149,0.254,0.197,0.315,0.177,0.592,0.156,0.273,0.327,0.233,0.303,0.18,0.289,0.204,0.243,0.38,0.556,0.243,0.143,0.376,0.313,0.235,0.62,0.163,0.472,0.114,0.082,0.126,0.101,0.915,0.264,0.355,0.268,0.416,0.192,0.095,0.374,0.165,0.303,0.326,0.462,0.291,0.142,0.323,0.095,0.915,0.175,0.323,0.4,0.174,0.736,0.627,0.211,0.187,0.815,0.373,0.815,0.276,0.318,0.192,0.322,0.09,0.265,0.293,0.188,0.143,0.175,0.138,0.064,0.152,0.195,0.198,0.233,0.096,0.183,0.373,0.253,0.243,0.385,0.492,0.295,0.627,0.304,0.115,0.4,0.736,0.283,0.382,0.137,0.142,0.296,0.125,0.377,0.172,0.495,0.55,0.09,0.326,0.18,0.412,0.244,1.0,0.476,0.166,0.56,0.815,0.329,0.406,0.338
0.649,0.375,0.359,0.185,0.386,0.138,0.49,0.38,0.397,0.436,0.517,0.466,0.178,0.412,0.378,0.282,0.244,0.313,0.113,0.549,0.211,0.208,0.686,0.266,0.427,0.635,0.249,0.392,0.346,0.306,0.085,0.181,0.241,0.387,0.194,0.44,0.437,0.243,0.563,0.15,0.461,0.756,0.41,0.373,0.208,0.279,0.336,0.261,0.245,0.252,0.207,0.254,0.915,0.356,0.174,0.351,0.506,0.2,0.285,0.352,0.354,0.296,0.575,0.2,0.251,0.255,0.293,0.565,0.086,0.249,0.25,0.426,0.2,0.756,0.062,0.344,0.116,0.19,0.289,0.225,0.145,0.332,0.314,0.243,0.915,0.295,0.915,0.354,0.112,0.412,0.618,0.241,0.847,0.663,0.311,0.18,0.353,0.392,0.353,0.21,0.245,1.0,0.144,0.347,0.62,0.847,0.201,0.268,0.183,0.261,0.795,0.169,0.279,0.254,0.309,0.677,0.33,0.285,0.629,0.16,0.436,0.524,0.292,0.196,0.224,0.493,0.23,0.915,0.098,0.128,0.38,0.567,0.302,0.228,0.782,0.514,0.362,0.347,0.206,0.279,0.252,0.541,0.181,0.491,0.358,0.362,0.59,0.394,0.34,0.182,0.102,0.279,1.0,0.257,0.847,0.215,0.588,0.412,0.642,0.184,0.37,0.251,0.373,0.487,0.594,0.204,0.403,0.29,0.273,0.522,0.269,0.4,0.265,0.311,0.473,0.663,0.311,0.181,0.424,0.398,0.307,0.743,0.236,0.587,0.182,0.096,0.129,0.135,1.0,0.384,0.345,0.296,0.516,0.226,0.181,0.453,0.408,0.187,0.37,0.577,0.169,0.278,0.4,0.129,1.0,0.249,0.407,0.466,0.24,0.847,0.756,0.24,0.209,0.915,0.431,0.915,0.399,0.382,0.254,0.405,0.133,0.429,0.361,0.287,0.166,0.226,0.163,0.088,0.203,0.181,0.28,0.155,0.124,0.262,0.4,0.31,0.311,0.473,0.556,0.362,0.756,0.635,0.214,0.312,0.847,0.351,0.527,0.201,0.192,0.316,0.167,0.461,0.274,0.649,0.622,0.117,0.357,0.232,0.551,0.342,0.476,1.0,0.192,0.417,0.915,0.292,0.492,0.39
0.142,0.109,0.155,0.125,0.188,0.047,0.179,0.146,0.146,0.181,0.103,0.153,0.083,0.213,0.145,0.124,0.154,0.159,0.046,0.188,0.162,0.151,0.307,0.139,0.167,0.186,0.196,0.134,0.342,0.103,0.066,0.216,0.126,0.16,0.151,0.169,0.174,0.14,0.159,0.269,0.212,0.205,0.217,0.117,0.178,0.143,0.14,0.094,0.118,0.124,0.253,0.252,0.279,0.209,0.073,0.178,0.159,0.071,0.188,0.139,0.231,0.087,0.179,0.182,0.193,0.133,0.139,0.187,0.236,0.113,0.089,0.177,0.12,0.205,0.049,0.155,0.077,0.092,0.101,0.129,0.12,0.15,0.248,0.212,0.279,0.117,0.279,0.122,0.163,0.193,0.173,0.183,0.248,0.186,0.237,0.126,0.143,0.144,0.151,0.205,0.13,0.318,0.106,0.154,0.183,0.248,0.155,0.112,0.368,0.204,0.224,0.231,0.1,0.131,0.164,0.21,0.133,0.121,0.184,0.164,0.202,0.169,0.25,0.103,0.083,0.152,0.113,0.279,0.056,0.107,0.14,0.167,0.205,0.237,0.238,0.198,0.203,0.151,0.242,0.117,0.141,0.206,0.386,0.274,0.175,0.131,0.242,0.184,0.162,0.253,0.261,0.094,0.318,0.142,0.248,0.207,0.206,0.181,0.177,0.37,0.187,0.193,0.22,0.161,0.162,0.114,0.137,0.143,0.139,0.123,0.137,0.212,0.255,0.237,0.144,0.186,0.237,0.062,0.137,0.115,0.098,0.216,0.146,0.183,0.112,0.12,0.139,0.435,0.318,0.19,0.176,0.145,0.14,0.107,0.095,0.162,0.115,0.067,0.158,0.179,0.287,0.147,0.229,0.093,0.318,0.131,0.183,0.107,0.116,0.248,0.205,0.128,0.102,0.279,0.199,0.279,0.146,0.294,0.151,0.136,0.197,0.154,0.101,0.165,0.321,0.179,0.098,0.211,0.115,0.131,0.128,0.25,0.151,0.112,0.215,0.111,0.237,0.148,0.196,0.156,0.205,0.088,0.116,0.122,0.248,0.154,0.125,0.074,0.127,0.173,0.129,0.312,0.25,0.142,0.223,0.149,0.18,0.194,0.144,0.177,0.166,0.192,1.0,0.182,0.279,0.25,0.173,0.158
0.507,0.238,0.489,0.185,0.426,0.117,0.771,0.518,0.313,0.433,0.175,0.2,0.15,0.315,0.378,0.366,0.23,0.361,0.138,0.423,0.188,0.282,0.686,0.397,0.443,0.635,0.183,0.315,0.226,0.235,0.074,0.239,0.155,0.433,0.25,0.44,0.36,0.309,0.527,0.116,0.53,0.756,0.422,0.337,0.274,0.341,0.313,0.34,0.28,0.268,0.223,0.316,0.915,0.415,0.146,0.242,0.43,0.156,0.197,0.407,0.254,0.264,0.41,0.248,0.217,0.288,0.293,0.457,0.12,0.192,1.0,0.425,0.302,0.756,0.059,0.335,0.179,0.122,0.111,0.457,0.383,0.377,0.329,0.243,0.915,0.116,0.915,0.223,0.151,0.354,0.379,0.294,0.847,0.663,0.259,0.177,0.314,0.378,0.161,0.256,0.237,1.0,0.139,0.43,0.62,0.847,0.209,0.219,0.216,0.357,0.795,0.132,0.376,0.273,0.428,0.482,0.355,0.308,0.44,0.412,0.39,0.363,0.38,0.266,0.224,0.33,0.351,0.915,0.341,0.154,0.416,0.567,0.367,0.202,0.782,0.404,0.411,0.385,0.278,0.479,0.134,0.523,0.152,0.383,0.245,0.315,0.456,0.439,0.441,0.284,0.199,0.279,1.0,0.36,0.847,0.237,0.493,0.526,0.423,0.188,0.257,0.217,0.345,0.172,0.594,0.25,0.396,0.296,0.39,0.295,0.307,0.412,0.335,0.259,0.399,0.663,0.259,0.231,0.393,0.272,0.226,0.553,0.18,0.411,0.274,0.202,0.236,0.11,1.0,0.339,0.476,0.285,0.516,0.317,0.11,0.379,0.178,0.202,0.268,0.412,0.236,0.158,0.355,0.09,1.0,0.241,0.424,0.466,0.34,0.847,0.756,0.296,0.254,0.915,0.446,0.915,0.314,0.35,0.208,0.334,0.103,0.22,0.4,0.246,0.166,0.169,0.192,0.098,0.198,0.21,0.214,0.199,0.152,0.276,0.401,0.31,0.259,0.427,0.451,0.323,0.756,0.217,0.14,0.257,0.847,0.299,0.311,0.151,0.237,0.384,0.12,0.378,0.239,0.507,0.482,0.164,0.423,0.206,0.359,0.3,0.56,0.417,0.182,1.0,0.915,0.38,0.404,0.397
0.417,0.556,0.815,0.157,0.915,0.148,0.45,1.0,0.902,0.915,0.271,0.363,0.25,0.902,0.339,0.556,0.383,0.736,0.095,0.815,0.166,0.266,0.586,0.815,1.0,0.531,0.266,0.61,0.45,0.556,0.088,0.209,0.178,1.0,0.237,0.396,0.915,0.915,0.915,0.144,1.0,0.627,0.915,0.674,0.209,0.815,0.556,0.592,0.48,0.48,0.279,0.915,0.815,0.915,0.213,0.48,0.915,0.195,0.221,0.915,0.674,0.391,0.915,0.396,0.197,0.369,0.25,1.0,0.07,0.199,0.209,0.915,0.674,0.627,0.058,0.915,0.119,0.183,0.171,0.352,0.131,0.674,0.915,0.203,1.0,0.146,0.815,0.36,0.221,0.736,0.915,0.495,0.736,0.556,0.243,0.184,0.75,0.736,0.237,0.209,0.567,0.915,0.163,0.736,0.527,0.902,0.243,0.349,0.339,0.619,0.674,0.226,0.233,0.45,0.736,0.915,0.45,0.627,0.915,0.191,0.531,0.736,0.209,0.269,0.187,0.674,0.736,0.815,0.081,0.1,0.736,0.48,0.915,0.485,0.693,0.915,0.815,0.567,0.341,0.349,0.272,1.0,0.239,0.915,0.417,0.736,1.0,0.915,0.736,0.341,0.079,0.235,0.915,0.902,0.736,0.209,0.915,0.736,0.736,0.149,0.512,0.197,0.815,0.221,0.484,0.283,0.48,0.489,0.45,0.75,0.599,0.558,0.45,0.243,1.0,0.556,0.243,0.143,0.815,0.627,0.387,1.0,0.266,0.915,0.114,0.146,0.146,0.13,0.915,0.674,0.815,0.489,0.416,0.736,0.113,1.0,0.255,0.189,0.586,0.915,0.191,0.243,0.815,0.13,0.915,0.31,0.915,0.4,0.556,0.902,0.627,0.592,0.484,0.815,0.902,1.0,0.902,0.815,0.287,0.736,0.129,0.243,0.592,0.55,0.239,0.243,0.231,0.081,0.25,0.226,0.4,0.203,0.197,0.531,0.915,0.253,0.243,0.915,0.915,1.0,0.627,0.417,0.115,0.45,0.902,0.446,0.627,0.235,0.218,0.815,0.171,0.915,0.349,0.417,0.915,0.141,0.815,0.266,0.626,1.0,0.815,0.915,0.279,0.915,1.0,0.209,0.915,0.915
0.101,0.232,0.285,0.132,0.329,0.08,0.265,0.329,0.329,0.467,0.261,0.315,0.149,0.38,0.177,0.329,0.467,0.383,0.102,0.383,0.301,0.467,0.148,0.38,0.275,0.141,0.467,0.258,0.171,0.275,0.19,1.0,0.38,0.232,0.144,0.308,0.38,0.38,0.284,0.279,0.383,0.221,0.246,0.218,1.0,0.334,0.15,0.211,0.317,0.383,0.188,0.301,0.209,0.34,0.208,0.137,0.234,0.209,0.315,0.251,0.292,0.158,0.204,0.38,0.334,0.253,0.145,0.383,0.094,0.3,0.123,0.285,0.38,0.221,0.264,0.329,0.296,0.155,0.261,0.245,0.186,0.218,0.292,0.119,0.209,0.253,0.209,0.329,0.247,0.383,0.296,0.183,0.214,0.15,0.383,0.25,0.329,0.329,0.296,1.0,0.383,0.204,0.291,0.329,0.134,0.214,0.383,0.207,0.317,0.334,0.218,0.199,0.15,0.265,0.228,0.34,0.207,0.296,0.209,0.38,1.0,0.214,1.0,0.157,0.108,0.218,0.63,0.209,0.208,0.383,0.214,0.108,0.329,0.168,0.151,0.383,0.383,0.275,0.296,0.207,0.261,0.467,0.232,0.204,0.38,0.383,0.34,0.383,0.38,0.269,0.145,0.135,0.204,0.38,0.214,1.0,0.383,0.38,0.218,0.243,0.329,0.334,0.467,0.315,0.147,0.334,0.467,0.383,0.383,0.184,0.38,0.197,0.265,0.383,0.224,0.15,0.383,0.088,0.212,0.221,0.252,0.221,0.467,0.204,0.181,0.19,0.383,0.232,0.204,0.261,0.209,0.204,0.112,0.308,0.194,0.209,0.217,0.129,0.285,0.204,0.38,0.383,0.218,0.228,0.204,0.329,0.467,0.154,0.38,0.214,0.221,0.38,0.329,0.209,0.63,0.209,0.38,0.211,0.467,0.3,0.264,0.383,0.15,0.383,0.275,0.383,0.266,0.14,0.247,0.383,0.257,0.199,0.334,0.296,0.269,0.249,0.383,0.257,0.329,0.383,0.221,0.101,0.126,0.172,0.214,0.197,0.221,0.135,0.334,0.38,0.253,0.301,0.334,0.101,0.214,0.163,0.296,0.467,0.156,0.329,0.329,0.292,0.25,0.38,0.209,1.0,0.34,0.63
0.507,0.324,0.355,0.185,0.459,0.105,0.49,0.366,0.5,0.461,0.198,0.288,0.31,0.4,0.378,0.385,0.218,0.392,0.28,0.441,0.241,0.243,0.686,0.453,0.422,0.635,0.239,0.367,0.249,0.348,0.122,0.205,0.208,0.496,0.159,0.852,0.347,0.375,0.44,0.143,0.426,0.756,0.386,0.456,0.221,0.312,0.383,0.359,0.366,0.282,0.186,0.303,0.915,0.506,0.134,0.253,0.639,0.161,0.239,0.347,0.264,0.243,0.476,0.269,0.283,0.261,0.293,0.479,0.089,0.196,0.25,0.436,0.388,0.756,0.065,0.383,0.111,0.139,0.198,0.288,0.149,0.301,0.35,0.243,0.915,0.207,0.915,0.26,0.139,0.371,0.517,0.221,0.847,0.663,0.346,0.156,0.373,0.392,0.186,0.227,0.34,1.0,0.216,0.416,0.62,0.847,0.246,0.224,0.178,0.282,0.795,0.14,0.279,0.308,0.402,0.665,0.272,0.419,0.511,0.161,0.393,0.454,0.34,0.262,0.224,0.382,0.448,0.915,0.098,0.456,0.468,0.567,0.312,0.259,0.782,0.493,0.385,0.373,0.211,0.23,0.313,0.513,0.16,0.434,0.255,0.51,0.488,0.42,0.315,0.189,0.111,0.279,1.0,0.37,0.847,0.231,0.516,0.473,0.535,0.209,0.308,0.283,0.366,0.232,0.594,0.366,0.337,0.248,0.299,0.494,0.312,0.329,0.246,0.346,0.562,0.663,0.346,0.387,0.518,0.477,0.238,0.635,0.215,0.484,0.157,0.128,0.263,0.119,1.0,0.319,0.334,0.255,0.516,0.459,0.199,0.481,0.206,0.136,0.303,0.478,0.18,0.214,0.38,0.116,1.0,0.226,0.407,0.466,0.411,0.847,0.756,0.266,0.209,0.915,0.419,0.915,0.56,0.377,0.25,0.526,0.14,0.27,0.355,0.28,0.182,0.313,0.25,0.077,0.186,0.159,0.313,0.342,0.217,0.265,0.389,0.587,0.346,0.479,0.505,0.411,0.756,0.302,0.14,0.245,0.847,0.294,0.385,0.155,0.242,0.332,0.154,0.42,0.278,0.507,0.544,0.185,0.367,0.233,0.403,0.3,0.406,0.492,0.173,0.404,0.915,0.34,1.0,0.386
0.507,0.254,0.419,0.219,0.374,0.097,0.49,0.34,0.307,0.464,0.233,0.239,0.137,0.343,0.378,0.288,0.277,0.342,0.114,0.34,0.195,0.176,0.813,0.345,0.449,0.635,0.159,0.334,0.206,0.242,0.069,0.178,0.134,0.438,0.185,0.5,0.507,0.333,0.404,0.097,0.364,0.756,0.352,0.303,0.205,0.401,0.289,0.298,0.316,0.287,0.209,0.308,0.915,0.343,0.163,0.215,0.381,0.14,0.228,0.384,0.289,0.186,0.374,0.168,0.221,0.303,0.384,0.357,0.086,0.205,0.655,0.486,0.302,0.756,0.05,0.382,0.081,0.134,0.169,0.308,0.662,0.463,0.333,0.29,0.915,0.129,0.915,0.253,0.122,0.31,0.375,0.282,0.847,0.663,0.259,0.159,0.332,0.376,0.193,0.181,0.318,1.0,0.114,0.306,0.62,0.847,0.217,0.214,0.198,0.358,0.795,0.124,0.279,0.247,0.316,0.42,0.347,0.273,0.421,0.146,0.323,0.297,0.63,0.212,0.253,0.281,0.274,0.915,0.132,0.259,0.355,0.567,0.364,0.223,0.782,0.376,0.421,0.397,0.169,0.228,0.168,0.541,0.152,0.351,0.205,0.284,0.352,0.459,0.314,0.199,0.11,0.387,1.0,0.369,0.847,0.18,0.404,0.386,0.324,0.17,0.234,0.221,0.304,0.193,0.594,0.232,0.338,0.261,0.353,0.291,0.287,0.392,0.241,0.259,0.349,0.663,0.259,0.258,0.333,0.216,0.218,0.455,0.204,0.372,0.265,0.101,0.124,0.089,1.0,0.326,0.389,0.273,0.516,0.277,0.108,0.328,0.208,0.152,0.279,0.361,0.126,0.179,0.314,0.09,1.0,0.161,0.417,0.466,0.278,0.847,0.756,0.306,0.304,0.915,0.374,0.915,0.301,0.294,0.258,0.353,0.107,0.226,0.282,0.307,0.159,0.15,0.14,0.065,0.185,0.248,0.252,0.164,0.124,0.25,0.424,0.377,0.259,0.444,0.4,0.301,0.756,0.196,0.168,0.245,0.847,0.416,0.241,0.162,0.189,0.396,0.121,0.345,0.218,0.507,0.413,0.131,0.431,0.174,0.292,0.326,0.338,0.39,0.158,0.397,0.915,0.63,0.386,1.0
