91624,8000,5532,9037,1778,196374,10936,169026,2917,1540,64769,51512,85453,23677,5334,114798,2702,6330,79674,1191,6251,388336,84866,27092,8945,53916,3597,56475,56034,153339,2046,79848,56923,6530,57148,2217,3676,10479,5733,203859,8506,476,330,3756,309,92335,2359,80319,53358,139065,51704,58513,9573,200734,6457,653,53353,9662,11162,2257,8491,1267,6512,54499,2220,146691,6423,130026,144715,26999,54331,7090,340205,57514,28982,55244,246777,27130,79608,60682,57381,23308,23426,10804,79933,26230,57628,493861,26207,9989,161725,55363,84203,9043,54762,4651,9218,4155,200728,201475,7976,5519,80114,8325,5788,115703,55536,51435,55589,6504,9547,23416,7871,348093,7273,54558,3773,54899,64838,9101,170482,23612,4308,2918,3572,5791,8780,116449,378938,58189,7224,5924,55619,8448,9630,5082,55188,6653,8997,3600,1379,84959,494551,54413,2893,64421,89885,3937,55230,6789,51555,6900,51065,4900,192683,80031,58528,7179,5594,151888,286827,114815,23432,60370,81610,81832,55784,84502,4634,440279,125488,154043,11311,10220,115727,252983,64061,203447,154664,147138,5770,2900,3556,1979,374462,285313,8862,91875,80318,3177,121512,55254,8516,2254,6591,169200,387755,5690,3798,9743,8796,400966,340419,96459,135138,388610,79583,161198,27012,55771,343450,4703,2661,9590,55540,2549,777,2070,3479,84978,5144,65266,491,6558,29126,202018,5618,114571,7266,84896,1837,6419,346007,51026,84631,51422,10668,6546,8633,118788,50859,27071,6272,9378,130617,284340,54756,348995,9138,64081
1.0,0.154,0.214,0.443,0.274,0.281,0.202,0.144,0.249,0.192,0.226,0.206,0.17,0.195,0.171,0.435,0.191,0.123,0.168,0.194,0.207,0.137,0.113,0.142,0.148,0.235,0.19,0.259,0.325,0.133,0.486,0.196,0.227,0.112,0.13,0.115,0.334,0.316,0.192,0.152,0.373,0.123,0.193,0.215,0.176,0.141,0.2,0.128,0.258,0.438,0.21,0.155,0.253,0.159,0.3,0.245,0.12,0.246,0.213,0.312,0.166,0.141,0.088,0.134,0.138,0.253,0.238,0.33,0.144,0.411,0.177,0.253,0.214,0.18,0.121,0.14,0.142,0.165,0.145,0.322,0.35,0.182,0.282,0.181,0.251,0.298,0.132,0.12,0.218,0.199,0.06,0.279,0.218,0.314,0.087,0.181,0.197,0.236,0.2,0.121,0.412,0.152,0.134,0.34,0.206,0.251,0.289,0.076,0.194,0.15,0.271,0.104,0.142,0.166,0.177,0.138,0.146,0.139,0.096,0.179,0.082,0.197,0.127,0.162,0.187,0.225,0.178,0.209,0.117,0.293,0.207,0.171,0.392,0.256,0.221,0.227,0.191,0.219,0.427,0.192,0.154,0.199,0.217,0.247,0.167,0.106,0.116,0.182,0.153,0.184,0.125,0.631,0.126,0.35,0.18,0.473,0.123,0.217,0.25,0.202,0.11,0.181,0.199,0.144,0.289,0.122,0.163,0.143,0.102,0.112,0.162,0.11,0.181,0.27,0.225,0.147,0.221,0.111,0.124,0.161,0.175,0.164,0.181,0.154,0.2,0.756,0.178,0.12,0.225,0.093,0.276,0.166,0.391,0.41,0.243,0.168,0.185,0.055,0.302,0.18,0.194,0.072,0.174,0.195,0.118,0.28,0.225,0.288,0.09,0.384,0.083,0.307,0.172,0.239,0.25,0.277,0.082,0.247,0.201,0.499,0.167,0.181,0.258,0.129,0.16,0.235,0.188,0.08,0.22,0.121,0.189,0.184,0.089,0.144,0.473,0.142,0.246,0.124,0.478,0.172,0.285,0.217,0.199,0.264,0.116,0.215,0.174,0.124,0.203,0.089
0.154,1.0,0.23,0.244,0.12,0.082,0.506,0.142,0.28,0.321,0.205,0.174,0.305,0.351,0.379,0.091,0.17,0.138,0.611,0.199,0.428,0.359,0.338,0.29,0.27,0.141,0.447,0.297,0.335,0.096,0.307,0.222,0.316,0.115,0.313,0.143,0.185,0.085,0.31,0.102,0.269,0.141,0.365,0.196,0.293,0.112,0.449,0.391,0.327,0.162,0.279,0.115,0.243,0.45,0.439,0.182,0.083,0.122,0.268,0.313,0.365,0.161,0.062,0.218,0.173,0.53,0.235,0.184,0.179,0.112,0.472,0.451,0.465,0.537,0.064,0.095,0.086,0.295,0.169,0.163,0.194,0.346,0.403,0.206,0.201,0.462,0.113,0.098,0.512,0.44,0.049,0.23,0.236,0.135,0.169,0.132,0.134,0.22,0.32,0.091,0.204,0.233,0.462,0.307,0.264,0.513,0.272,0.117,0.334,0.317,0.415,0.103,0.295,0.247,0.143,0.049,0.13,0.263,0.192,0.211,0.083,0.373,0.21,0.357,0.305,0.596,0.312,0.532,0.145,0.246,0.081,0.468,0.24,0.158,0.525,0.521,0.509,0.184,0.446,0.279,0.185,0.376,0.118,0.203,0.367,0.11,0.145,0.412,0.16,0.331,0.401,0.113,0.217,0.515,0.165,0.244,0.326,0.517,0.294,0.471,0.431,0.382,0.496,0.526,0.381,0.261,0.373,0.258,0.099,0.178,0.048,0.478,0.13,0.278,0.316,0.25,0.443,0.35,0.085,0.25,0.422,0.386,0.32,0.295,0.183,0.153,0.287,0.19,0.584,0.064,0.302,0.112,0.24,0.319,0.218,0.262,0.172,0.045,0.127,0.537,0.221,0.049,0.357,0.269,0.258,0.251,0.341,0.286,0.084,0.353,0.065,0.107,0.242,0.598,0.217,0.378,0.165,0.212,0.212,0.204,0.25,0.303,0.135,0.148,0.258,0.095,0.256,0.064,0.244,0.195,0.435,0.129,0.052,0.473,0.148,0.221,0.258,0.136,0.13,0.417,0.174,0.517,0.252,0.206,0.326,0.293,0.329,0.085,0.54,0.31
0.214,0.23,1.0,0.361,0.207,0.118,0.27,0.293,0.356,0.368,0.353,0.173,0.265,0.251,0.265,0.187,0.26,0.203,0.265,0.337,0.272,0.248,0.164,0.267,0.484,0.219,0.28,0.212,0.286,0.213,0.316,0.191,0.334,0.201,0.182,0.136,0.263,0.269,0.32,0.144,0.352,0.198,0.364,0.244,0.27,0.199,0.336,0.171,0.239,0.212,0.262,0.165,0.212,0.286,0.315,0.317,0.15,0.178,0.183,0.36,0.366,0.139,0.127,0.23,0.229,0.297,0.377,0.307,0.186,0.224,0.264,0.323,0.327,0.256,0.192,0.187,0.098,0.196,0.213,0.272,0.235,0.385,0.295,0.249,0.198,0.288,0.175,0.186,0.295,0.431,0.151,0.34,0.201,0.204,0.097,0.16,0.257,0.29,0.221,0.22,0.279,0.277,0.507,0.233,0.499,0.847,0.392,0.081,0.209,0.263,0.303,0.139,0.241,0.208,0.333,0.067,0.18,0.226,0.089,0.333,0.122,0.227,0.289,0.296,0.358,0.305,0.239,0.291,0.164,0.181,0.17,0.25,0.237,0.247,0.329,0.306,0.295,0.344,0.42,0.395,0.157,0.297,0.121,0.395,0.28,0.136,0.12,0.35,0.318,0.466,0.205,0.222,0.243,0.32,0.24,0.317,0.231,0.4,0.506,0.693,0.171,0.244,0.285,0.551,0.363,0.317,0.297,0.281,0.125,0.224,0.074,0.234,0.208,0.241,0.259,0.264,0.341,0.442,0.136,0.193,0.453,0.292,0.245,0.437,0.17,0.248,0.384,0.182,0.305,0.164,0.226,0.111,0.259,0.339,0.333,0.211,0.17,0.333,0.255,0.256,0.192,0.332,0.208,0.417,0.271,0.236,0.254,0.201,0.123,0.49,0.102,0.167,0.233,0.353,0.176,0.322,0.199,0.246,0.431,0.195,0.345,0.402,0.231,0.297,0.339,0.139,0.275,0.116,0.199,0.344,0.331,0.245,0.069,0.551,0.21,0.327,0.187,0.326,0.15,0.285,0.158,0.4,0.352,0.415,0.239,0.192,0.163,0.258,0.293,0.143
0.443,0.244,0.361,1.0,0.196,0.185,0.263,0.186,0.365,0.302,0.271,0.18,0.291,0.269,0.233,0.354,0.362,0.157,0.287,0.321,0.278,0.252,0.162,0.214,0.289,0.183,0.277,0.203,0.499,0.118,0.553,0.192,0.409,0.157,0.173,0.128,0.438,0.313,0.293,0.127,0.404,0.171,0.376,0.241,0.241,0.129,0.304,0.228,0.352,0.303,0.338,0.129,0.308,0.287,0.402,0.424,0.103,0.159,0.206,0.458,0.26,0.221,0.085,0.205,0.185,0.291,0.474,0.256,0.158,0.371,0.256,0.391,0.301,0.253,0.137,0.154,0.116,0.276,0.177,0.215,0.351,0.295,0.342,0.271,0.298,0.373,0.118,0.108,0.285,0.282,0.062,0.284,0.196,0.261,0.094,0.167,0.281,0.389,0.24,0.113,0.477,0.226,0.649,0.336,0.396,0.645,0.667,0.094,0.27,0.291,0.412,0.102,0.194,0.251,0.254,0.102,0.132,0.175,0.122,0.27,0.16,0.307,0.205,0.245,0.414,0.299,0.264,0.272,0.156,0.204,0.252,0.25,0.349,0.3,0.304,0.314,0.282,0.324,0.54,0.377,0.156,0.29,0.146,0.418,0.277,0.093,0.152,0.281,0.169,0.369,0.191,0.412,0.166,0.425,0.188,0.573,0.248,0.287,0.394,0.63,0.181,0.225,0.288,0.744,0.401,0.213,0.2,0.168,0.125,0.172,0.136,0.164,0.152,0.392,0.298,0.211,0.316,0.523,0.111,0.221,0.345,0.273,0.287,0.233,0.18,0.595,0.371,0.147,0.302,0.124,0.264,0.115,0.405,0.501,0.42,0.261,0.157,0.12,0.319,0.253,0.328,0.12,0.338,0.32,0.305,0.291,0.248,0.275,0.088,0.425,0.074,0.242,0.247,0.335,0.196,0.51,0.122,0.293,0.413,0.313,0.264,0.299,0.245,0.259,0.313,0.256,0.342,0.073,0.214,0.169,0.346,0.203,0.107,0.744,0.323,0.23,0.224,0.215,0.361,0.304,0.192,0.287,0.289,0.458,0.207,0.315,0.234,0.228,0.285,0.155
0.274,0.12,0.207,0.196,1.0,0.248,0.156,0.205,0.156,0.243,0.236,0.266,0.186,0.19,0.212,0.205,0.19,0.206,0.137,0.227,0.169,0.144,0.105,0.176,0.16,0.308,0.17,0.261,0.284,0.314,0.193,0.238,0.174,0.206,0.103,0.141,0.163,0.188,0.212,0.207,0.297,0.188,0.21,0.199,0.216,0.26,0.174,0.087,0.12,0.207,0.209,0.289,0.159,0.126,0.213,0.151,0.17,0.393,0.207,0.197,0.139,0.072,0.185,0.135,0.174,0.237,0.2,0.526,0.16,0.228,0.144,0.24,0.176,0.137,0.165,0.245,0.125,0.114,0.193,0.339,0.32,0.188,0.186,0.286,0.254,0.144,0.172,0.121,0.187,0.168,0.057,0.219,0.176,0.302,0.177,0.328,0.258,0.181,0.276,0.268,0.15,0.108,0.14,0.117,0.226,0.224,0.408,0.058,0.198,0.191,0.177,0.151,0.161,0.138,0.237,0.204,0.195,0.155,0.065,0.243,0.041,0.129,0.172,0.131,0.191,0.178,0.211,0.158,0.123,0.218,0.156,0.135,0.144,0.196,0.186,0.254,0.154,0.324,0.246,0.285,0.135,0.179,0.272,0.244,0.135,0.124,0.1,0.158,0.228,0.192,0.166,0.204,0.218,0.177,0.257,0.144,0.13,0.174,0.247,0.191,0.081,0.189,0.156,0.237,0.304,0.113,0.179,0.207,0.1,0.203,0.216,0.145,0.262,0.117,0.128,0.215,0.213,0.19,0.218,0.196,0.236,0.132,0.239,0.135,0.129,0.218,0.192,0.116,0.184,0.21,0.326,0.17,0.151,0.199,0.167,0.168,0.327,0.062,0.339,0.137,0.098,0.336,0.115,0.199,0.088,0.246,0.276,0.148,0.141,0.458,0.121,0.209,0.18,0.188,0.206,0.181,0.126,0.14,0.21,0.29,0.208,0.193,0.186,0.21,0.183,0.222,0.261,0.16,0.191,0.176,0.165,0.192,0.043,0.237,0.212,0.153,0.19,0.191,0.091,0.142,0.137,0.174,0.328,0.224,0.176,0.15,0.106,0.566,0.159,0.094
0.281,0.082,0.118,0.185,0.248,1.0,0.116,0.077,0.143,0.1,0.144,0.181,0.097,0.114,0.113,0.231,0.214,0.104,0.088,0.13,0.108,0.125,0.085,0.112,0.079,0.188,0.105,0.141,0.163,0.121,0.181,0.116,0.178,0.087,0.081,0.108,0.158,0.166,0.137,0.161,0.287,0.101,0.088,0.132,0.108,0.121,0.112,0.143,0.226,0.226,0.157,0.15,0.296,0.151,0.259,0.213,0.11,0.232,0.129,0.226,0.097,0.22,0.069,0.124,0.08,0.157,0.17,0.074,0.099,0.185,0.098,0.241,0.142,0.105,0.126,0.108,0.145,0.225,0.097,0.179,0.281,0.112,0.142,0.228,0.28,0.13,0.077,0.082,0.126,0.118,0.066,0.3,0.163,0.15,0.075,0.145,0.149,0.21,0.2,0.114,0.246,0.133,0.063,0.235,0.127,0.117,0.133,0.079,0.211,0.099,0.143,0.081,0.102,0.145,0.211,0.218,0.081,0.074,0.066,0.135,0.055,0.149,0.103,0.111,0.125,0.126,0.124,0.123,0.067,0.212,0.2,0.114,0.142,0.193,0.12,0.175,0.133,0.117,0.219,0.137,0.08,0.142,0.214,0.17,0.096,0.121,0.077,0.101,0.09,0.105,0.108,0.256,0.1,0.301,0.124,0.163,0.079,0.13,0.12,0.094,0.066,0.126,0.152,0.068,0.189,0.122,0.089,0.077,0.138,0.114,0.271,0.055,0.163,0.273,0.197,0.091,0.127,0.049,0.082,0.106,0.107,0.101,0.162,0.105,0.175,0.253,0.145,0.103,0.126,0.076,0.305,0.116,0.254,0.207,0.192,0.162,0.144,0.057,0.133,0.105,0.409,0.06,0.183,0.145,0.088,0.211,0.165,0.113,0.076,0.154,0.083,0.336,0.129,0.128,0.181,0.154,0.082,0.241,0.13,0.218,0.119,0.138,0.198,0.095,0.086,0.293,0.14,0.058,0.181,0.124,0.139,0.124,0.152,0.068,0.222,0.073,0.169,0.111,0.287,0.092,0.076,0.13,0.158,0.148,0.071,0.071,0.207,0.107,0.113,0.098
0.202,0.506,0.27,0.263,0.156,0.116,1.0,0.162,0.421,0.323,0.251,0.234,0.312,0.274,0.546,0.123,0.211,0.17,0.529,0.218,0.5,0.294,0.276,0.246,0.296,0.183,0.686,0.386,0.354,0.131,0.344,0.286,0.438,0.129,0.414,0.185,0.227,0.117,0.458,0.142,0.316,0.167,0.439,0.233,0.351,0.146,0.586,0.316,0.491,0.203,0.267,0.159,0.243,0.304,0.52,0.188,0.114,0.15,0.317,0.364,0.461,0.183,0.079,0.266,0.205,0.653,0.262,0.211,0.245,0.149,0.595,0.511,0.579,0.615,0.083,0.12,0.112,0.258,0.203,0.225,0.263,0.413,0.48,0.24,0.202,0.514,0.154,0.134,0.625,0.526,0.078,0.297,0.289,0.182,0.188,0.174,0.135,0.248,0.438,0.123,0.277,0.246,0.417,0.452,0.274,0.736,0.349,0.154,0.332,0.284,0.489,0.125,0.244,0.24,0.169,0.073,0.162,0.24,0.186,0.258,0.106,0.333,0.306,0.575,0.441,0.701,0.253,0.705,0.178,0.295,0.108,0.523,0.231,0.187,0.68,0.61,0.664,0.226,0.539,0.341,0.216,0.349,0.146,0.214,0.473,0.159,0.178,0.522,0.178,0.369,0.354,0.153,0.293,0.629,0.208,0.312,0.294,0.635,0.361,0.593,0.324,0.599,0.74,0.45,0.385,0.253,0.49,0.251,0.103,0.195,0.069,0.261,0.17,0.329,0.462,0.29,0.398,0.349,0.103,0.252,0.363,0.488,0.532,0.339,0.231,0.206,0.338,0.261,0.701,0.083,0.27,0.132,0.316,0.364,0.238,0.252,0.211,0.073,0.152,0.615,0.218,0.075,0.34,0.29,0.312,0.317,0.461,0.457,0.105,0.45,0.092,0.132,0.316,0.82,0.273,0.444,0.19,0.2,0.239,0.256,0.3,0.356,0.14,0.212,0.312,0.119,0.367,0.076,0.288,0.176,0.49,0.166,0.068,0.45,0.186,0.262,0.3,0.15,0.15,0.549,0.192,0.635,0.342,0.235,0.292,0.232,0.309,0.13,0.74,0.279
0.144,0.142,0.293,0.186,0.205,0.077,0.162,1.0,0.167,0.201,0.199,0.148,0.156,0.172,0.148,0.089,0.171,0.289,0.147,0.236,0.158,0.126,0.119,0.222,0.233,0.334,0.167,0.175,0.171,0.339,0.178,0.145,0.187,0.308,0.102,0.198,0.158,0.342,0.239,0.29,0.156,0.405,0.223,0.362,0.406,0.185,0.247,0.088,0.124,0.119,0.153,0.247,0.141,0.148,0.187,0.143,0.269,0.17,0.149,0.258,0.21,0.066,0.28,0.334,0.235,0.18,0.202,0.737,0.144,0.156,0.166,0.171,0.185,0.143,0.307,0.319,0.09,0.093,0.136,0.659,0.22,0.194,0.176,0.268,0.087,0.142,0.226,0.13,0.204,0.213,0.126,0.31,0.16,0.292,0.16,0.193,0.195,0.167,0.126,0.275,0.137,0.128,0.194,0.123,0.235,0.33,0.358,0.092,0.194,0.176,0.221,0.327,0.238,0.13,0.216,0.049,0.399,0.224,0.113,0.221,0.105,0.125,0.38,0.147,0.208,0.179,0.168,0.165,0.114,0.139,0.363,0.144,0.127,0.218,0.192,0.182,0.157,0.297,0.284,0.236,0.126,0.199,0.094,0.179,0.15,0.122,0.161,0.201,0.185,0.23,0.164,0.136,0.132,0.172,0.306,0.16,0.163,0.205,0.276,0.27,0.1,0.211,0.166,0.209,0.213,0.127,0.186,0.244,0.084,0.17,0.044,0.204,0.326,0.113,0.137,0.239,0.186,0.17,0.23,0.231,0.244,0.145,0.163,0.204,0.115,0.305,0.208,0.11,0.183,0.253,0.133,0.079,0.14,0.192,0.168,0.19,0.163,0.309,0.262,0.143,0.114,0.322,0.109,0.172,0.168,0.18,0.174,0.145,0.315,0.451,0.306,0.091,0.182,0.206,0.16,0.179,0.228,0.127,0.218,0.168,0.228,0.278,0.349,0.421,0.203,0.077,0.165,0.228,0.164,0.157,0.17,0.203,0.043,0.209,0.123,0.192,0.144,0.336,0.066,0.164,0.146,0.205,0.28,0.191,0.209,0.121,0.098,0.307,0.171,0.081
0.249,0.28,0.356,0.365,0.156,0.143,0.421,0.167,1.0,0.264,0.213,0.193,0.2,0.207,0.448,0.237,0.251,0.166,0.325,0.228,0.324,0.371,0.232,0.311,0.292,0.168,0.388,0.243,0.299,0.142,0.397,0.183,0.441,0.291,0.223,0.137,0.233,0.256,0.388,0.127,0.403,0.154,0.337,0.22,0.273,0.138,0.401,0.226,0.354,0.256,0.228,0.13,0.236,0.224,0.421,0.246,0.12,0.14,0.2,0.423,0.319,0.344,0.145,0.242,0.19,0.396,0.267,0.236,0.161,0.203,0.378,0.41,0.389,0.319,0.141,0.171,0.121,0.221,0.277,0.169,0.216,0.344,0.375,0.279,0.178,0.362,0.11,0.112,0.409,0.383,0.088,0.245,0.212,0.158,0.102,0.136,0.242,0.367,0.337,0.138,0.358,0.196,0.367,0.369,0.277,0.575,0.288,0.111,0.232,0.231,0.405,0.119,0.214,0.18,0.267,0.097,0.146,0.343,0.1,0.24,0.085,0.243,0.356,0.696,0.321,0.413,0.208,0.38,0.116,0.197,0.161,0.292,0.239,0.375,0.454,0.405,0.468,0.263,0.48,0.331,0.161,0.27,0.13,0.42,0.529,0.11,0.113,0.359,0.176,0.33,0.215,0.26,0.196,0.464,0.199,0.34,0.205,0.403,0.365,0.557,0.189,0.339,0.439,0.347,0.348,0.321,0.335,0.296,0.11,0.375,0.103,0.171,0.168,0.327,0.348,0.209,0.295,0.259,0.145,0.197,0.3,0.607,0.307,0.419,0.26,0.295,0.323,0.163,0.413,0.147,0.243,0.095,0.314,0.374,0.309,0.202,0.178,0.136,0.32,0.319,0.23,0.125,0.264,0.241,0.178,0.256,0.339,0.258,0.099,0.392,0.078,0.167,0.237,0.525,0.198,0.366,0.315,0.289,0.252,0.191,0.269,0.353,0.34,0.258,0.276,0.142,0.276,0.121,0.22,0.296,0.569,0.177,0.1,0.347,0.246,0.247,0.199,0.178,0.22,0.314,0.132,0.403,0.314,0.378,0.24,0.165,0.196,0.104,0.421,0.185
0.192,0.321,0.368,0.302,0.243,0.1,0.323,0.201,0.264,1.0,0.391,0.179,0.301,0.308,0.277,0.123,0.195,0.134,0.369,0.377,0.306,0.28,0.232,0.203,0.496,0.171,0.347,0.298,0.286,0.091,0.297,0.191,0.285,0.113,0.199,0.144,0.249,0.114,0.379,0.112,0.317,0.136,0.574,0.212,0.278,0.144,0.397,0.289,0.235,0.172,0.357,0.103,0.256,0.375,0.339,0.282,0.08,0.202,0.233,0.325,0.389,0.086,0.066,0.213,0.342,0.362,0.403,0.22,0.226,0.235,0.298,0.407,0.424,0.314,0.105,0.121,0.091,0.266,0.126,0.284,0.219,0.407,0.308,0.192,0.209,0.313,0.097,0.216,0.347,0.432,0.255,0.298,0.207,0.138,0.082,0.165,0.207,0.304,0.316,0.146,0.256,0.327,1.0,0.226,0.436,0.645,0.355,0.118,0.259,0.422,0.38,0.1,0.267,0.26,0.247,0.097,0.133,0.247,0.229,0.429,0.828,0.329,0.214,0.259,0.414,0.369,0.389,0.327,0.164,0.215,0.127,0.309,0.219,0.122,0.365,0.37,0.33,0.303,0.374,0.42,0.192,0.337,0.145,0.244,0.272,0.153,0.171,0.366,0.186,0.474,0.254,0.147,0.276,0.349,0.22,0.252,0.25,0.425,0.43,0.514,0.356,0.253,0.325,0.488,0.366,0.206,0.23,0.18,0.097,0.111,0.102,0.286,0.128,0.239,0.328,0.205,0.425,0.63,0.092,0.288,0.468,0.266,0.315,0.315,0.161,0.201,0.389,0.191,0.366,0.088,0.313,0.135,0.247,0.32,0.37,0.277,0.177,0.376,0.137,0.314,0.229,0.062,0.257,0.385,0.256,0.261,0.303,0.201,0.079,0.803,0.057,0.144,0.206,0.396,0.246,0.334,0.084,0.256,0.365,0.196,0.315,0.373,0.136,0.196,0.387,0.152,0.308,0.066,0.236,0.201,0.339,0.275,0.055,0.488,0.176,0.312,0.217,0.196,0.095,0.387,0.185,0.425,0.314,0.3,0.302,0.326,0.236,0.115,0.341,0.21
0.226,0.205,0.353,0.271,0.236,0.144,0.251,0.199,0.213,0.391,1.0,0.169,0.274,0.308,0.235,0.189,0.25,0.158,0.226,0.378,0.25,0.186,0.156,0.157,0.417,0.206,0.27,0.407,0.276,0.102,0.277,0.265,0.243,0.126,0.179,0.108,0.234,0.148,0.25,0.119,0.245,0.139,0.419,0.263,0.233,0.212,0.275,0.153,0.238,0.251,0.241,0.115,0.314,0.289,0.294,0.371,0.09,0.188,0.302,0.291,0.238,0.113,0.092,0.169,0.175,0.288,0.46,0.36,0.387,0.33,0.227,0.301,0.275,0.227,0.219,0.123,0.11,0.173,0.163,0.396,0.235,0.286,0.248,0.178,0.184,0.235,0.138,0.352,0.269,0.273,0.131,0.507,0.276,0.163,0.063,0.231,0.169,0.266,0.215,0.147,0.289,0.226,0.226,0.195,0.339,0.418,0.447,0.081,0.261,0.241,0.257,0.138,0.176,0.313,0.218,0.097,0.172,0.184,0.111,0.269,0.093,0.293,0.17,0.222,0.31,0.277,0.219,0.259,0.268,0.374,0.198,0.22,0.208,0.192,0.29,0.279,0.244,0.268,0.308,0.299,0.228,0.264,0.189,0.213,0.264,0.309,0.234,0.278,0.307,0.33,0.16,0.182,0.326,0.309,0.245,0.214,0.177,0.279,0.304,0.327,0.138,0.217,0.257,0.245,0.309,0.17,0.199,0.182,0.151,0.102,0.106,0.197,0.134,0.244,0.262,0.233,0.496,0.197,0.133,0.283,0.273,0.217,0.221,0.325,0.246,0.264,0.385,0.262,0.277,0.1,0.25,0.172,0.238,0.296,0.401,0.261,0.231,0.157,0.134,0.227,0.185,0.083,0.189,0.415,0.164,0.378,0.236,0.184,0.113,1.0,0.066,0.225,0.245,0.305,0.323,0.287,0.068,0.409,0.354,0.25,0.243,0.257,0.143,0.172,0.258,0.232,0.324,0.094,0.229,0.23,0.25,0.446,0.081,0.245,0.254,0.293,0.316,0.212,0.123,0.245,0.231,0.279,0.273,0.236,0.177,0.186,0.192,0.152,0.262,0.118
0.206,0.174,0.173,0.18,0.266,0.181,0.234,0.148,0.193,0.179,0.169,1.0,0.202,0.192,0.189,0.137,0.159,0.129,0.196,0.165,0.227,0.168,0.168,0.164,0.171,0.245,0.203,0.29,0.184,0.205,0.22,0.272,0.215,0.159,0.18,0.206,0.233,0.199,0.239,0.215,0.223,0.172,0.187,0.209,0.213,0.229,0.232,0.146,0.197,0.142,0.157,0.254,0.164,0.175,0.229,0.134,0.186,0.247,0.278,0.208,0.209,0.166,0.124,0.178,0.152,0.3,0.17,0.123,0.291,0.209,0.197,0.204,0.243,0.229,0.123,0.186,0.171,0.177,0.209,0.166,0.243,0.208,0.21,0.261,0.117,0.197,0.157,0.128,0.243,0.24,0.136,0.203,0.199,0.27,0.132,0.171,0.162,0.182,0.209,0.193,0.172,0.184,0.155,0.205,0.168,0.254,0.263,0.139,0.157,0.165,0.286,0.144,0.174,0.148,0.134,0.12,0.154,0.136,0.11,0.183,0.084,0.208,0.183,0.195,0.162,0.262,0.211,0.272,0.129,0.202,0.174,0.245,0.142,0.157,0.24,0.263,0.215,0.156,0.263,0.182,0.139,0.172,0.154,0.191,0.212,0.15,0.158,0.22,0.176,0.202,0.156,0.263,0.316,0.252,0.172,0.168,0.17,0.26,0.188,0.188,0.154,0.266,0.231,0.19,0.287,0.159,0.194,0.143,0.08,0.17,0.107,0.123,0.256,0.176,0.185,0.231,0.213,0.159,0.091,0.147,0.178,0.231,0.188,0.182,0.153,0.141,0.167,0.218,0.262,0.131,0.218,0.09,0.27,0.189,0.178,0.149,0.201,0.128,0.299,0.229,0.155,0.127,0.157,0.161,0.192,0.302,0.198,0.233,0.135,0.323,0.145,0.123,0.169,0.262,0.187,0.182,0.169,0.221,0.168,0.221,0.134,0.174,0.175,0.154,0.143,0.108,0.153,0.093,0.345,0.154,0.272,0.249,0.078,0.19,0.153,0.15,0.222,0.134,0.11,0.21,0.138,0.26,0.226,0.171,0.149,0.119,0.139,0.254,0.237,0.12
0.17,0.305,0.265,0.291,0.186,0.097,0.312,0.156,0.2,0.301,0.274,0.202,1.0,0.306,0.25,0.138,0.152,0.128,0.371,0.278,0.348,0.198,0.186,0.215,0.39,0.17,0.304,0.3,0.556,0.116,0.381,0.355,0.283,0.102,0.206,0.136,0.203,0.113,0.236,0.117,0.217,0.122,0.429,0.268,0.223,0.237,0.315,0.198,0.212,0.181,0.38,0.135,0.228,0.372,0.297,0.258,0.098,0.182,0.331,0.245,0.35,0.083,0.072,0.163,0.203,0.348,0.337,0.209,0.369,0.249,0.259,0.307,0.324,0.371,0.091,0.114,0.102,0.167,0.203,0.223,0.193,0.298,0.309,0.164,0.246,0.343,0.172,0.202,0.329,0.414,0.227,0.296,0.233,0.206,0.084,0.145,0.168,0.222,0.22,0.16,0.195,0.302,0.331,0.198,0.326,0.46,1.0,0.132,0.316,0.406,0.287,0.105,0.213,0.312,0.156,0.059,0.142,0.18,0.109,0.316,0.075,0.322,0.235,0.239,0.327,0.374,0.218,0.355,0.314,0.231,0.1,0.341,0.193,0.159,0.34,0.4,0.325,0.256,0.34,0.373,0.185,0.24,0.126,0.208,0.245,0.142,0.138,0.379,0.176,0.407,0.266,0.145,0.267,0.332,0.217,0.2,0.296,0.419,0.315,0.356,0.229,0.252,0.318,0.744,0.357,0.253,0.25,0.176,0.091,0.101,0.057,0.273,0.152,0.241,0.231,0.296,0.385,0.523,0.132,0.224,0.344,0.237,0.226,0.27,0.188,0.205,0.292,0.222,0.406,0.078,0.233,0.14,0.2,0.421,0.214,0.253,0.182,0.202,0.126,0.371,0.241,0.075,0.336,0.378,0.139,0.375,0.237,0.191,0.087,0.447,0.077,0.114,0.381,0.414,0.218,0.265,0.087,0.208,0.344,0.294,0.22,0.279,0.124,0.134,0.241,0.15,0.374,0.066,0.219,0.195,0.269,0.234,0.076,0.744,0.173,0.287,0.32,0.142,0.085,0.4,0.209,0.419,0.213,0.243,0.242,0.267,0.193,0.129,0.38,0.158
0.195,0.351,0.251,0.269,0.19,0.114,0.274,0.172,0.207,0.308,0.308,0.192,0.306,1.0,0.237,0.146,0.164,0.139,0.34,0.295,0.355,0.235,0.25,0.253,0.288,0.206,0.272,0.279,0.313,0.146,0.272,0.227,0.237,0.124,0.278,0.125,0.263,0.146,0.238,0.129,0.3,0.165,0.347,0.296,0.24,0.196,0.281,0.237,0.198,0.206,0.222,0.149,0.257,0.339,0.272,0.284,0.125,0.177,0.418,0.243,0.255,0.084,0.103,0.168,0.144,0.309,0.373,0.23,0.233,0.198,0.367,0.305,0.286,0.294,0.101,0.136,0.119,0.289,0.243,0.304,0.195,0.255,0.278,0.183,0.169,0.283,0.194,0.124,0.292,0.274,0.082,0.296,0.233,0.19,0.152,0.195,0.208,0.212,0.216,0.133,0.205,0.146,0.532,0.182,0.274,0.46,0.602,0.092,0.218,0.31,0.271,0.15,0.3,0.274,0.163,0.079,0.152,0.285,0.171,0.247,0.064,0.286,0.169,0.219,0.278,0.346,0.336,0.291,0.238,0.43,0.114,0.274,0.266,0.137,0.357,0.308,0.281,0.304,0.32,0.272,0.188,0.287,0.161,0.2,0.232,0.109,0.192,0.273,0.329,0.316,0.26,0.215,0.22,0.289,0.237,0.22,0.506,0.29,0.281,0.356,0.265,0.229,0.291,0.456,0.363,0.176,0.218,0.19,0.173,0.108,0.074,0.248,0.199,0.191,0.212,0.267,0.458,0.324,0.141,0.277,0.395,0.218,0.219,0.241,0.178,0.205,0.304,0.197,0.332,0.102,0.344,0.213,0.2,0.312,0.297,0.253,0.263,0.156,0.158,0.294,0.15,0.306,0.189,0.339,0.322,0.336,0.261,0.189,0.127,0.447,0.076,0.148,0.283,0.348,0.304,0.29,0.086,0.219,0.292,0.247,0.282,0.266,0.138,0.169,0.275,0.126,0.279,0.107,0.211,0.255,0.255,0.264,0.065,0.456,0.208,0.245,0.517,0.177,0.104,0.255,0.264,0.29,0.279,0.241,0.255,0.19,0.26,0.19,0.313,0.217
0.171,0.379,0.265,0.233,0.212,0.113,0.546,0.148,0.448,0.277,0.235,0.189,0.25,0.237,1.0,0.117,0.206,0.171,0.418,0.208,0.379,0.377,0.316,0.281,0.258,0.159,0.44,0.327,0.384,0.108,0.28,0.238,0.386,0.196,0.288,0.139,0.209,0.106,0.42,0.115,0.264,0.143,0.354,0.225,0.29,0.13,0.464,0.252,0.351,0.192,0.237,0.129,0.221,0.285,0.41,0.188,0.092,0.14,0.276,0.32,0.343,0.307,0.086,0.226,0.167,0.482,0.26,0.195,0.205,0.133,0.436,0.653,0.455,0.442,0.087,0.104,0.101,0.208,0.261,0.187,0.228,0.379,0.366,0.275,0.163,0.385,0.124,0.138,0.464,0.404,0.066,0.264,0.281,0.156,0.089,0.176,0.114,0.3,0.311,0.114,0.23,0.18,0.348,0.324,0.255,0.645,0.315,0.114,0.282,0.334,0.395,0.147,0.209,0.188,0.162,0.074,0.142,0.384,0.131,0.226,0.094,0.26,0.242,0.547,0.312,0.515,0.214,0.508,0.141,0.253,0.104,0.394,0.202,0.268,0.542,0.465,0.511,0.233,0.442,0.391,0.191,0.342,0.132,0.291,0.541,0.15,0.156,0.407,0.228,0.315,0.268,0.132,0.226,0.477,0.214,0.249,0.247,0.47,0.329,0.514,0.248,0.429,0.55,0.376,0.328,0.341,0.447,0.377,0.158,0.309,0.069,0.225,0.142,0.261,0.357,0.229,0.352,0.278,0.089,0.217,0.302,0.602,0.314,0.441,0.197,0.173,0.328,0.217,0.515,0.077,0.243,0.15,0.251,0.306,0.217,0.252,0.21,0.062,0.197,0.442,0.186,0.061,0.271,0.246,0.198,0.286,0.337,0.315,0.122,0.418,0.071,0.128,0.24,0.63,0.234,0.368,0.305,0.169,0.228,0.223,0.307,0.326,0.155,0.226,0.316,0.146,0.344,0.091,0.228,0.253,0.504,0.145,0.059,0.376,0.174,0.233,0.263,0.167,0.105,0.423,0.193,0.47,0.297,0.254,0.233,0.22,0.277,0.111,0.548,0.256
0.435,0.091,0.187,0.354,0.205,0.231,0.123,0.089,0.237,0.123,0.189,0.137,0.138,0.146,0.117,1.0,0.206,0.097,0.109,0.172,0.142,0.143,0.102,0.11,0.105,0.174,0.119,0.155,0.24,0.087,0.359,0.156,0.218,0.077,0.071,0.066,0.252,0.354,0.137,0.121,0.372,0.086,0.119,0.144,0.115,0.099,0.13,0.111,0.266,0.759,0.234,0.1,0.265,0.159,0.285,0.24,0.072,0.22,0.132,0.266,0.102,0.19,0.058,0.1,0.089,0.154,0.189,0.107,0.088,0.503,0.109,0.219,0.14,0.106,0.11,0.09,0.127,0.177,0.104,0.193,0.193,0.129,0.346,0.225,0.245,0.423,0.085,0.098,0.139,0.133,0.041,0.256,0.16,0.134,0.048,0.206,0.197,0.26,0.188,0.083,0.38,0.141,0.085,0.27,0.142,0.142,0.229,0.044,0.195,0.125,0.141,0.082,0.094,0.148,0.161,0.165,0.084,0.08,0.05,0.141,0.036,0.172,0.084,0.098,0.154,0.145,0.167,0.126,0.089,0.238,0.244,0.101,0.283,0.261,0.145,0.206,0.121,0.174,0.377,0.168,0.098,0.181,0.192,0.451,0.1,0.095,0.074,0.115,0.156,0.145,0.085,0.497,0.119,0.336,0.153,0.319,0.084,0.142,0.125,0.122,0.064,0.11,0.149,0.128,0.168,0.114,0.096,0.106,0.115,0.13,0.194,0.062,0.117,0.296,0.164,0.111,0.164,0.098,0.121,0.182,0.125,0.101,0.401,0.108,0.164,0.248,0.153,0.087,0.151,0.058,0.211,0.14,0.329,0.246,0.191,0.194,0.118,0.045,0.249,0.106,0.18,0.048,0.177,0.176,0.074,0.212,0.174,0.09,0.069,0.219,0.056,0.241,0.148,0.148,0.215,0.194,0.051,0.209,0.153,0.188,0.13,0.129,0.224,0.096,0.121,0.293,0.174,0.053,0.149,0.117,0.131,0.121,0.09,0.128,0.896,0.094,0.187,0.107,0.46,0.102,0.086,0.142,0.134,0.358,0.077,0.094,0.192,0.09,0.122,0.072
0.191,0.17,0.26,0.362,0.19,0.214,0.211,0.171,0.251,0.195,0.25,0.159,0.152,0.164,0.206,0.206,1.0,0.451,0.19,0.244,0.204,0.243,0.172,0.257,0.222,0.162,0.208,0.188,0.293,0.119,0.241,0.148,0.394,0.181,0.14,0.097,0.255,0.191,0.237,0.13,0.305,0.392,0.231,0.239,0.218,0.122,0.246,0.187,0.303,0.193,0.187,0.125,0.299,0.193,0.366,0.344,0.096,0.129,0.152,0.527,0.202,0.241,0.116,0.204,0.126,0.238,0.397,0.466,0.12,0.234,0.202,0.406,0.249,0.185,0.169,0.159,0.108,0.264,0.148,0.219,0.277,0.244,0.236,0.458,0.299,0.207,0.106,0.093,0.238,0.233,0.053,0.269,0.222,0.155,0.068,0.188,0.178,0.315,0.191,0.112,0.296,0.185,0.324,0.249,0.267,0.446,0.317,0.068,0.218,0.167,0.284,0.175,0.248,0.203,0.318,0.11,0.157,0.19,0.071,0.187,0.074,0.262,0.188,0.2,0.246,0.24,0.168,0.215,0.092,0.152,0.252,0.175,0.184,0.294,0.257,0.255,0.216,0.24,0.382,0.306,0.135,0.221,0.128,0.304,0.213,0.08,0.099,0.223,0.284,0.302,0.137,0.212,0.133,0.385,0.149,0.221,0.141,0.237,0.258,0.343,0.119,0.185,0.239,0.256,0.313,0.193,0.173,0.198,0.39,0.179,0.165,0.121,0.146,0.31,0.263,0.142,0.199,0.198,0.096,0.15,0.212,0.231,0.215,0.217,0.147,0.222,0.406,0.103,0.24,0.148,0.215,0.084,0.316,0.325,0.306,0.187,0.155,0.098,0.197,0.185,0.238,0.177,0.249,0.23,0.146,0.284,0.2,0.155,0.155,0.41,0.075,0.269,0.174,0.259,0.156,0.389,0.148,0.267,0.266,0.155,0.371,0.308,0.384,0.246,0.214,0.215,0.247,0.103,0.173,0.16,0.322,0.153,0.11,0.256,0.2,0.205,0.152,0.4,0.19,0.187,0.108,0.237,0.249,0.311,0.152,0.118,0.185,0.277,0.218,0.126
0.123,0.138,0.203,0.157,0.206,0.104,0.17,0.289,0.166,0.134,0.158,0.129,0.128,0.139,0.171,0.097,0.451,1.0,0.15,0.165,0.162,0.163,0.192,0.337,0.161,0.228,0.168,0.164,0.17,0.195,0.156,0.132,0.23,0.349,0.108,0.125,0.163,0.304,0.203,0.257,0.252,0.555,0.169,0.383,0.315,0.127,0.19,0.098,0.136,0.137,0.132,0.188,0.136,0.119,0.205,0.123,0.154,0.154,0.133,0.548,0.151,0.088,0.297,0.253,0.142,0.192,0.158,0.548,0.094,0.101,0.156,0.201,0.2,0.149,0.225,0.299,0.093,0.097,0.13,0.227,0.19,0.183,0.17,0.288,0.084,0.144,0.228,0.083,0.23,0.182,0.039,0.178,0.176,0.214,0.114,0.206,0.16,0.157,0.134,0.161,0.13,0.085,0.156,0.128,0.169,0.273,0.198,0.059,0.16,0.144,0.204,0.43,0.483,0.098,0.262,0.063,0.397,0.237,0.065,0.173,0.044,0.114,0.35,0.158,0.163,0.195,0.125,0.174,0.076,0.132,0.261,0.133,0.129,0.164,0.289,0.191,0.183,0.186,0.256,0.226,0.114,0.212,0.089,0.211,0.149,0.076,0.082,0.169,0.304,0.18,0.137,0.117,0.092,0.199,0.196,0.133,0.119,0.19,0.201,0.224,0.088,0.19,0.173,0.167,0.189,0.177,0.173,0.271,0.391,0.149,0.052,0.298,0.217,0.122,0.14,0.162,0.151,0.125,0.192,0.137,0.169,0.156,0.135,0.181,0.133,0.147,0.259,0.079,0.195,0.279,0.149,0.085,0.144,0.177,0.143,0.149,0.187,0.051,0.208,0.149,0.102,0.177,0.113,0.125,0.078,0.166,0.182,0.134,0.444,0.261,0.256,0.108,0.142,0.21,0.13,0.182,0.183,0.127,0.156,0.142,0.366,0.342,0.449,0.337,0.154,0.113,0.157,0.229,0.138,0.168,0.279,0.108,0.066,0.167,0.134,0.171,0.13,0.501,0.066,0.148,0.114,0.19,0.213,0.168,0.148,0.104,0.113,0.277,0.175,0.135
0.168,0.611,0.265,0.287,0.137,0.088,0.529,0.147,0.325,0.369,0.226,0.196,0.371,0.34,0.418,0.109,0.19,0.15,1.0,0.233,0.418,0.409,0.423,0.304,0.311,0.153,0.49,0.298,0.367,0.101,0.351,0.231,0.349,0.105,0.329,0.14,0.197,0.093,0.342,0.111,0.282,0.146,0.44,0.194,0.309,0.113,0.484,0.502,0.414,0.174,0.341,0.117,0.381,0.521,0.443,0.231,0.085,0.128,0.288,0.331,0.373,0.136,0.064,0.238,0.206,0.537,0.282,0.189,0.218,0.123,0.438,0.483,0.488,0.611,0.07,0.098,0.088,0.396,0.161,0.203,0.223,0.37,0.405,0.191,0.26,0.527,0.132,0.117,0.514,0.447,0.06,0.263,0.233,0.144,0.132,0.145,0.16,0.218,0.364,0.096,0.244,0.311,0.608,0.364,0.294,0.622,0.303,0.118,0.42,0.391,0.413,0.096,0.338,0.404,0.153,0.056,0.14,0.276,0.257,0.251,0.098,0.436,0.241,0.426,0.359,0.648,0.31,0.551,0.15,0.261,0.088,0.547,0.289,0.152,0.531,0.552,0.581,0.244,0.491,0.301,0.2,0.46,0.137,0.244,0.415,0.132,0.17,0.444,0.145,0.37,0.474,0.12,0.257,0.516,0.182,0.276,0.344,0.521,0.326,0.59,0.491,0.409,0.571,0.649,0.386,0.327,0.407,0.283,0.092,0.155,0.055,0.394,0.128,0.391,0.353,0.271,0.504,0.517,0.095,0.308,0.461,0.421,0.355,0.322,0.191,0.19,0.337,0.209,0.611,0.07,0.337,0.131,0.27,0.35,0.258,0.341,0.174,0.062,0.121,0.611,0.279,0.065,0.454,0.319,0.203,0.252,0.383,0.372,0.081,0.377,0.072,0.116,0.389,0.66,0.22,0.391,0.142,0.28,0.244,0.221,0.284,0.317,0.149,0.162,0.274,0.108,0.292,0.062,0.27,0.233,0.412,0.151,0.057,0.649,0.163,0.238,0.278,0.145,0.124,0.503,0.192,0.521,0.274,0.24,0.412,0.301,0.676,0.103,0.609,0.653
0.194,0.199,0.337,0.321,0.227,0.13,0.218,0.236,0.228,0.377,0.378,0.165,0.278,0.295,0.208,0.172,0.244,0.165,0.233,1.0,0.232,0.187,0.183,0.21,0.412,0.216,0.256,0.214,0.303,0.136,0.27,0.194,0.267,0.178,0.152,0.14,0.274,0.174,0.265,0.143,0.305,0.169,0.399,0.262,0.265,0.198,0.275,0.166,0.198,0.198,0.266,0.133,0.225,0.262,0.28,0.347,0.155,0.182,0.205,0.304,0.257,0.093,0.129,0.199,0.278,0.253,0.422,0.455,0.18,0.34,0.216,0.29,0.281,0.212,0.178,0.177,0.11,0.173,0.148,0.693,0.215,0.329,0.257,0.201,0.207,0.224,0.119,0.175,0.277,0.265,0.129,0.379,0.2,0.173,0.103,0.182,0.275,0.338,0.196,0.176,0.26,0.233,0.497,0.178,0.425,0.668,0.771,0.1,0.22,0.331,0.286,0.138,0.2,0.23,0.299,0.095,0.153,0.18,0.118,0.341,0.447,0.309,0.191,0.192,0.379,0.255,0.352,0.228,0.198,0.206,0.198,0.218,0.196,0.173,0.269,0.292,0.239,0.443,0.326,0.401,0.209,0.226,0.136,0.28,0.218,0.14,0.192,0.298,0.812,0.448,0.191,0.188,0.284,0.28,0.314,0.222,0.233,0.265,0.366,0.504,0.186,0.2,0.227,0.607,0.351,0.17,0.177,0.157,0.125,0.134,0.1,0.203,0.178,0.223,0.237,0.228,0.298,0.432,0.196,0.339,0.4,0.189,0.269,0.271,0.159,0.28,0.364,0.197,0.254,0.206,0.229,0.147,0.227,0.325,0.395,0.208,0.211,0.614,0.179,0.212,0.197,0.587,0.193,0.392,0.455,0.263,0.216,0.155,0.116,0.582,0.071,0.167,0.227,0.273,0.216,0.268,0.08,0.313,0.477,0.203,0.309,0.287,0.179,0.232,0.342,0.16,0.343,0.126,0.231,0.237,0.255,0.275,0.067,0.607,0.202,0.303,0.22,0.273,0.106,0.215,0.182,0.265,0.325,0.366,0.255,0.22,0.164,0.208,0.236,0.138
0.207,0.428,0.272,0.278,0.169,0.108,0.5,0.158,0.324,0.306,0.25,0.227,0.348,0.355,0.379,0.142,0.204,0.162,0.418,0.232,1.0,0.258,0.23,0.23,0.292,0.174,0.447,0.343,0.371,0.121,0.394,0.316,0.352,0.129,0.699,0.154,0.283,0.115,0.349,0.131,0.273,0.146,0.443,0.231,0.289,0.157,0.467,0.225,0.378,0.194,0.279,0.144,0.229,0.303,0.4,0.194,0.105,0.166,0.28,0.333,0.425,0.143,0.082,0.222,0.187,0.482,0.287,0.211,0.227,0.21,0.4,0.409,0.489,0.558,0.082,0.117,0.109,0.196,0.211,0.225,0.26,0.366,0.443,0.207,0.212,0.488,0.16,0.126,0.459,0.404,0.072,0.297,0.262,0.188,0.106,0.169,0.138,0.28,0.328,0.115,0.253,0.2,0.417,0.352,0.28,0.902,0.435,0.125,0.268,0.298,0.4,0.134,0.237,0.224,0.174,0.071,0.154,0.272,0.124,0.263,0.106,0.35,0.226,0.407,0.369,0.52,0.237,0.606,0.177,0.262,0.104,0.49,0.437,0.182,0.519,0.475,0.443,0.214,0.504,0.325,0.204,0.298,0.136,0.213,0.374,0.137,0.16,0.494,0.178,0.379,0.312,0.202,0.342,0.462,0.197,0.264,0.283,0.467,0.365,0.593,0.283,0.388,0.503,0.55,0.36,0.216,0.433,0.22,0.24,0.173,0.064,0.247,0.156,0.273,0.377,0.269,0.339,0.426,0.116,0.247,0.351,0.386,0.34,0.328,0.209,0.206,0.297,0.218,0.52,0.081,0.386,0.14,0.363,0.351,0.238,0.249,0.211,0.073,0.147,0.558,0.189,0.075,0.275,0.311,0.23,0.296,0.353,0.36,0.11,0.45,0.083,0.126,0.296,0.631,0.244,0.388,0.147,0.18,0.261,0.384,0.267,0.332,0.13,0.166,0.3,0.136,0.293,0.082,0.25,0.166,0.404,0.221,0.061,0.55,0.193,0.268,0.266,0.152,0.104,0.491,0.19,0.467,0.302,0.24,0.229,0.232,0.225,0.13,0.572,0.193
0.137,0.359,0.248,0.252,0.144,0.125,0.294,0.126,0.371,0.28,0.186,0.168,0.198,0.235,0.377,0.143,0.243,0.163,0.409,0.187,0.258,1.0,0.356,0.314,0.249,0.159,0.294,0.223,0.229,0.112,0.223,0.166,0.299,0.251,0.163,0.096,0.188,0.099,0.237,0.109,0.272,0.129,0.263,0.182,0.219,0.128,0.301,0.364,0.235,0.183,0.247,0.119,0.241,0.262,0.326,0.214,0.093,0.141,0.2,0.307,0.225,0.387,0.078,0.177,0.131,0.332,0.306,0.211,0.131,0.14,0.249,0.449,0.31,0.284,0.074,0.1,0.264,0.377,0.376,0.168,0.163,0.257,0.263,0.272,0.156,0.264,0.168,0.085,0.325,0.29,0.036,0.203,0.438,0.142,0.076,0.146,0.153,0.279,0.224,0.099,0.245,0.171,1.0,0.317,0.218,0.348,0.246,0.073,0.242,0.242,0.34,0.123,0.248,0.2,0.139,0.294,0.112,0.359,0.106,0.242,0.058,0.26,0.17,0.363,0.238,0.378,0.214,0.301,0.093,0.195,0.12,0.257,0.177,0.34,0.336,0.339,0.323,0.199,0.327,0.256,0.142,0.299,0.217,0.365,0.477,0.085,0.109,0.263,0.296,0.306,0.25,0.195,0.137,0.357,0.149,0.185,0.201,0.321,0.257,0.385,0.239,0.228,0.323,0.331,0.271,0.416,0.294,0.384,0.132,0.383,0.076,0.199,0.166,0.241,0.215,0.17,0.313,0.238,0.095,0.194,0.321,0.565,0.219,0.388,0.162,0.124,0.256,0.116,0.355,0.071,0.224,0.094,0.213,0.275,0.25,0.305,0.184,0.032,0.273,0.284,0.255,0.146,0.352,0.203,0.113,0.23,0.29,0.176,0.097,0.334,0.055,0.143,0.296,0.365,0.173,0.275,0.369,0.231,0.191,0.168,0.211,0.273,0.166,0.167,0.199,0.113,0.244,0.084,0.191,0.291,0.498,0.124,0.083,0.331,0.186,0.167,0.199,0.144,0.095,0.241,0.133,0.321,0.199,0.305,0.245,0.157,0.231,0.114,0.306,0.216
0.113,0.338,0.164,0.162,0.105,0.085,0.276,0.119,0.232,0.232,0.156,0.168,0.186,0.25,0.316,0.102,0.172,0.192,0.423,0.183,0.23,0.356,1.0,0.216,0.255,0.102,0.271,0.206,0.209,0.075,0.185,0.151,0.203,0.176,0.19,0.12,0.127,0.1,0.21,0.078,0.158,0.157,0.228,0.241,0.204,0.086,0.27,0.335,0.209,0.18,0.218,0.095,0.21,0.278,0.227,0.159,0.078,0.108,0.215,0.201,0.187,0.185,0.141,0.166,0.118,0.281,0.197,0.214,0.139,0.108,0.207,0.334,0.274,0.294,0.109,0.081,0.102,0.256,0.159,0.116,0.132,0.199,0.219,0.188,0.121,0.253,0.084,0.097,0.267,0.219,0.047,0.15,0.243,0.108,0.064,0.214,0.094,0.177,0.187,0.076,0.16,0.159,0.524,0.23,0.183,0.288,0.176,0.106,0.216,0.233,0.223,0.309,0.221,0.203,0.094,0.063,0.096,0.264,0.139,0.281,0.064,0.267,0.142,0.272,0.207,0.385,0.195,0.285,0.088,0.185,0.124,0.252,0.204,0.17,0.386,0.288,0.29,0.152,0.25,0.177,0.134,0.312,0.103,0.241,0.31,0.122,0.183,0.226,1.0,0.279,0.213,0.092,0.133,0.274,0.122,0.148,0.169,0.262,0.233,0.326,0.286,0.21,0.336,0.303,0.197,0.398,0.282,0.309,0.185,0.204,0.048,0.242,0.1,0.2,0.171,0.321,0.259,0.234,0.082,0.363,0.273,0.34,0.202,0.275,0.146,0.105,0.249,0.115,0.325,0.09,0.244,0.124,0.153,0.182,0.19,0.271,0.414,0.041,0.121,0.294,0.172,0.039,0.267,0.173,0.097,0.179,0.228,0.188,0.255,0.23,0.053,0.131,0.178,0.325,0.155,0.202,0.206,0.215,0.173,0.152,0.201,0.225,0.151,0.163,0.158,0.097,0.19,0.177,0.17,0.223,0.269,0.107,0.087,0.303,0.161,0.137,0.209,0.162,0.082,0.24,0.142,0.262,0.154,0.174,0.18,0.153,0.296,0.077,0.292,0.344
0.142,0.29,0.267,0.214,0.176,0.112,0.246,0.222,0.311,0.203,0.157,0.164,0.215,0.253,0.281,0.11,0.257,0.337,0.304,0.21,0.23,0.314,0.216,1.0,0.212,0.265,0.235,0.178,0.237,0.283,0.223,0.184,0.272,0.291,0.157,0.151,0.206,0.194,0.221,0.219,0.341,0.24,0.235,0.205,0.261,0.265,0.253,0.179,0.191,0.128,0.204,0.251,0.168,0.196,0.298,0.163,0.325,0.185,0.152,0.354,0.213,0.195,0.207,0.186,0.172,0.272,0.208,0.385,0.133,0.132,0.214,0.263,0.266,0.246,0.188,0.245,0.107,0.255,0.304,0.221,0.21,0.221,0.374,0.276,0.152,0.231,0.318,0.108,0.329,0.272,0.088,0.188,0.165,0.262,0.162,0.177,0.236,0.2,0.185,0.243,0.165,0.18,0.298,0.186,0.209,0.327,0.328,0.062,0.249,0.202,0.276,0.194,0.358,0.153,0.176,0.066,0.267,0.3,0.074,0.211,0.055,0.176,0.262,0.33,0.209,0.296,0.166,0.255,0.113,0.145,0.17,0.23,0.156,0.233,0.282,0.298,0.297,0.269,0.338,0.238,0.12,0.235,0.105,0.34,0.324,0.112,0.092,0.227,0.192,0.3,0.348,0.203,0.14,0.28,0.28,0.166,0.237,0.288,0.243,0.315,0.16,0.267,0.256,0.384,0.282,0.296,0.262,0.345,0.116,0.274,0.062,0.191,0.372,0.204,0.189,0.196,0.256,0.285,0.219,0.165,0.284,0.36,0.176,0.318,0.164,0.133,0.226,0.131,0.302,0.244,0.195,0.085,0.191,0.237,0.176,0.169,0.183,0.121,0.325,0.246,0.169,0.494,0.232,0.196,0.108,0.184,0.243,0.188,0.182,0.258,0.173,0.102,0.191,0.318,0.136,0.23,0.25,0.188,0.198,0.175,0.206,0.274,0.255,0.219,0.173,0.104,0.186,0.193,0.188,0.371,0.336,0.159,0.079,0.384,0.126,0.182,0.148,0.206,0.083,0.244,0.126,0.288,0.272,0.303,0.378,0.159,0.149,0.224,0.269,0.164
0.148,0.27,0.484,0.289,0.16,0.079,0.296,0.233,0.292,0.496,0.417,0.171,0.39,0.288,0.258,0.105,0.222,0.161,0.311,0.412,0.292,0.249,0.255,0.212,1.0,0.162,0.32,0.226,0.282,0.098,0.276,0.195,0.285,0.139,0.207,0.112,0.23,0.12,0.314,0.105,0.278,0.153,0.483,0.23,0.246,0.219,0.348,0.217,0.242,0.15,0.321,0.11,0.222,0.383,0.305,0.305,0.086,0.146,0.196,0.311,0.441,0.092,0.087,0.192,0.328,0.319,0.43,0.339,0.252,0.307,0.286,0.344,0.336,0.282,0.163,0.129,0.095,0.207,0.14,0.272,0.215,0.344,0.277,0.201,0.158,0.276,0.107,0.306,0.313,0.51,0.355,0.34,0.201,0.155,0.071,0.141,0.192,0.32,0.247,0.266,0.24,0.372,0.8,0.241,0.458,0.847,0.392,0.086,0.208,0.297,0.318,0.133,0.212,0.259,0.239,0.051,0.131,0.181,0.104,0.495,0.126,0.244,0.212,0.275,0.357,0.339,0.274,0.311,0.218,0.184,0.098,0.275,0.207,0.131,0.369,0.333,0.303,0.341,0.367,0.395,0.186,0.281,0.112,0.226,0.265,0.204,0.122,0.414,0.812,0.542,0.198,0.148,0.356,0.314,0.202,0.236,0.249,0.499,0.5,0.693,0.199,0.245,0.338,0.545,0.395,0.184,0.228,0.176,0.118,0.129,0.047,0.298,0.134,0.223,0.259,0.234,0.429,0.442,0.095,0.246,0.52,0.269,0.245,0.404,0.15,0.248,0.408,0.242,0.329,0.11,0.244,0.131,0.245,0.316,0.374,0.254,0.218,1.0,0.144,0.282,0.197,0.094,0.236,0.458,0.271,0.229,0.265,0.227,0.107,0.49,0.062,0.11,0.22,0.383,0.171,0.334,0.094,0.268,0.389,0.195,0.345,0.434,0.137,0.207,0.31,0.107,0.311,0.087,0.209,0.24,0.319,0.301,0.048,0.545,0.152,0.383,0.192,0.233,0.078,0.306,0.248,0.499,0.326,0.288,0.413,0.22,0.187,0.153,0.319,0.173
0.235,0.141,0.219,0.183,0.308,0.188,0.183,0.334,0.168,0.171,0.206,0.245,0.17,0.206,0.159,0.174,0.162,0.228,0.153,0.216,0.174,0.159,0.102,0.265,0.162,1.0,0.173,0.23,0.171,0.487,0.204,0.183,0.198,0.354,0.125,0.375,0.201,0.312,0.22,0.405,0.224,0.289,0.182,0.276,0.369,0.227,0.193,0.095,0.144,0.219,0.153,0.644,0.158,0.122,0.292,0.134,0.479,0.224,0.196,0.217,0.162,0.111,0.4,0.195,0.29,0.216,0.18,0.572,0.157,0.202,0.167,0.18,0.197,0.167,0.302,0.45,0.171,0.148,0.21,0.8,0.386,0.178,0.23,0.405,0.144,0.168,0.224,0.126,0.258,0.194,0.097,0.232,0.189,0.637,0.257,0.364,0.324,0.156,0.186,0.485,0.143,0.132,0.142,0.153,0.193,0.239,0.269,0.087,0.361,0.149,0.221,0.273,0.211,0.129,0.137,0.125,0.351,0.233,0.08,0.21,0.071,0.134,0.299,0.157,0.157,0.2,0.206,0.189,0.113,0.279,0.251,0.179,0.152,0.301,0.199,0.21,0.176,0.282,0.433,0.225,0.143,0.161,0.175,0.256,0.169,0.125,0.123,0.172,0.133,0.191,0.202,0.248,0.129,0.196,0.393,0.159,0.164,0.202,0.248,0.2,0.096,0.459,0.181,0.151,0.252,0.116,0.203,0.243,0.076,0.291,0.127,0.193,0.624,0.127,0.15,0.172,0.214,0.12,0.362,0.166,0.234,0.176,0.179,0.155,0.144,0.222,0.187,0.147,0.2,0.389,0.217,0.136,0.208,0.184,0.163,0.135,0.204,0.112,0.445,0.167,0.111,0.279,0.105,0.17,0.162,0.246,0.213,0.211,0.271,0.341,0.267,0.162,0.167,0.216,0.243,0.173,0.177,0.165,0.174,0.23,0.155,0.221,0.326,0.269,0.142,0.13,0.154,0.353,0.264,0.249,0.206,0.207,0.057,0.151,0.222,0.203,0.236,0.212,0.094,0.162,0.164,0.202,0.508,0.203,0.218,0.119,0.111,0.505,0.186,0.078
0.19,0.447,0.28,0.277,0.17,0.105,0.686,0.167,0.388,0.347,0.27,0.203,0.304,0.272,0.44,0.119,0.208,0.168,0.49,0.256,0.447,0.294,0.271,0.235,0.32,0.173,1.0,0.341,0.388,0.119,0.358,0.263,0.367,0.127,0.36,0.179,0.243,0.112,0.376,0.128,0.305,0.169,0.463,0.227,0.326,0.153,0.535,0.307,0.509,0.188,0.36,0.139,0.246,0.303,0.464,0.211,0.102,0.155,0.279,0.351,0.43,0.16,0.078,0.249,0.26,0.559,0.301,0.211,0.229,0.169,0.481,0.483,0.522,0.523,0.084,0.116,0.105,0.26,0.189,0.225,0.253,0.448,0.428,0.223,0.193,0.455,0.144,0.142,0.536,0.469,0.086,0.297,0.261,0.171,0.175,0.167,0.134,0.299,0.449,0.139,0.303,0.256,0.495,0.466,0.351,0.736,0.349,0.135,0.333,0.333,0.453,0.122,0.23,0.262,0.221,0.069,0.154,0.225,0.172,0.273,0.106,0.307,0.288,0.496,0.522,0.608,0.295,0.63,0.192,0.262,0.102,0.46,0.225,0.177,0.572,0.554,0.497,0.252,0.518,0.407,0.266,0.362,0.136,0.226,0.478,0.155,0.16,0.523,0.178,0.369,0.308,0.146,0.31,0.539,0.286,0.334,0.29,0.545,0.379,0.727,0.288,0.444,0.57,0.45,0.385,0.249,0.421,0.232,0.104,0.181,0.063,0.245,0.15,0.355,0.411,0.299,0.372,0.349,0.102,0.264,0.39,0.49,0.571,0.339,0.208,0.206,0.355,0.276,0.608,0.084,0.259,0.134,0.335,0.361,0.271,0.266,0.2,0.082,0.146,0.523,0.227,0.075,0.346,0.294,0.369,0.294,0.475,0.474,0.102,0.45,0.082,0.126,0.334,0.668,0.245,0.454,0.164,0.221,0.278,0.243,0.335,0.342,0.137,0.188,0.371,0.121,0.418,0.076,0.259,0.203,0.452,0.173,0.063,0.45,0.178,0.266,0.265,0.17,0.138,0.506,0.182,0.545,0.357,0.263,0.3,0.288,0.302,0.13,0.583,0.274
0.259,0.297,0.212,0.203,0.261,0.141,0.386,0.175,0.243,0.298,0.407,0.29,0.3,0.279,0.327,0.155,0.188,0.164,0.298,0.214,0.343,0.223,0.206,0.178,0.226,0.23,0.341,1.0,0.296,0.157,0.304,0.432,0.247,0.129,0.28,0.144,0.198,0.142,0.264,0.159,0.218,0.146,0.385,0.288,0.252,0.278,0.33,0.177,0.3,0.266,0.207,0.196,0.268,0.219,0.311,0.178,0.144,0.241,0.65,0.258,0.261,0.113,0.098,0.179,0.15,0.45,0.247,0.273,0.422,0.181,0.281,0.308,0.341,0.368,0.1,0.136,0.132,0.164,0.221,0.296,0.238,0.268,0.313,0.188,0.16,0.322,0.202,0.123,0.36,0.317,0.094,0.379,0.388,0.225,0.099,0.232,0.115,0.197,0.274,0.145,0.264,0.162,0.226,0.281,0.248,0.418,0.447,0.089,0.244,0.235,0.288,0.165,0.225,0.235,0.14,0.09,0.21,0.224,0.121,0.231,0.055,0.245,0.183,0.305,0.257,0.392,0.185,0.412,0.185,0.385,0.13,0.315,0.206,0.197,0.375,0.356,0.333,0.199,0.328,0.251,0.266,0.245,0.27,0.181,0.313,0.114,0.245,0.315,0.23,0.252,0.221,0.181,0.25,0.365,0.197,0.214,0.171,0.371,0.245,0.327,0.186,0.336,0.368,0.245,0.302,0.208,0.321,0.25,0.137,0.125,0.083,0.191,0.21,0.213,0.261,0.294,0.469,0.197,0.133,0.229,0.225,0.296,0.244,0.252,0.298,0.264,0.233,0.155,0.392,0.088,0.22,0.172,0.238,0.279,0.202,0.239,0.301,0.081,0.153,0.368,0.141,0.083,0.192,0.231,0.122,0.616,0.307,0.301,0.14,1.0,0.109,0.172,0.283,0.424,0.324,0.274,0.121,0.166,0.214,0.333,0.216,0.24,0.145,0.151,0.219,0.151,0.246,0.099,0.296,0.171,0.277,0.242,0.058,0.245,0.241,0.211,0.399,0.149,0.081,0.336,0.252,0.371,0.229,0.177,0.186,0.164,0.224,0.152,0.389,0.157
0.325,0.335,0.286,0.499,0.284,0.163,0.354,0.171,0.299,0.286,0.276,0.184,0.556,0.313,0.384,0.24,0.293,0.17,0.367,0.303,0.371,0.229,0.209,0.237,0.282,0.171,0.388,0.296,1.0,0.112,0.548,0.338,0.458,0.123,0.22,0.131,0.293,0.175,0.323,0.113,0.367,0.143,0.395,0.311,0.264,0.144,0.373,0.255,0.526,0.243,0.381,0.126,0.353,0.338,0.525,0.451,0.099,0.192,0.306,0.44,0.305,0.217,0.09,0.227,0.196,0.392,0.418,0.256,0.17,0.214,0.306,0.529,0.379,0.362,0.116,0.123,0.102,0.262,0.211,0.223,0.298,0.366,0.354,0.266,0.31,0.363,0.171,0.118,0.382,0.358,0.063,0.296,0.283,0.321,0.078,0.166,0.221,0.445,0.28,0.113,0.359,0.256,0.331,0.315,0.413,0.521,1.0,0.094,0.371,0.503,0.354,0.134,0.241,0.355,0.231,0.088,0.16,0.197,0.106,0.257,0.077,0.365,0.219,0.298,0.446,0.412,0.248,0.448,0.262,0.226,0.218,0.33,0.34,0.292,0.403,0.427,0.364,0.307,0.527,0.49,0.198,0.349,0.13,0.31,0.294,0.107,0.139,0.405,0.228,0.38,0.265,0.212,0.21,0.544,0.243,0.393,0.308,0.385,0.359,0.5,0.227,0.283,0.369,0.869,0.466,0.262,0.263,0.2,0.167,0.11,0.118,0.258,0.147,0.488,0.31,0.323,0.338,0.572,0.146,0.245,0.367,0.292,0.296,0.266,0.197,0.595,0.397,0.174,0.427,0.094,0.269,0.147,0.323,0.682,0.335,0.298,0.211,0.073,0.157,0.362,0.334,0.075,0.405,0.35,0.154,0.445,0.307,0.372,0.108,0.447,0.072,0.239,0.427,0.453,0.218,0.495,0.1,0.268,0.437,0.406,0.286,0.339,0.205,0.189,0.327,0.235,0.531,0.091,0.213,0.191,0.352,0.195,0.088,0.744,0.239,0.254,0.3,0.181,0.215,0.419,0.228,0.385,0.28,0.351,0.26,0.443,0.235,0.129,0.393,0.21
0.133,0.096,0.213,0.118,0.314,0.121,0.131,0.339,0.142,0.091,0.102,0.205,0.116,0.146,0.108,0.087,0.119,0.195,0.101,0.136,0.121,0.112,0.075,0.283,0.098,0.487,0.119,0.157,0.112,1.0,0.139,0.131,0.165,0.336,0.092,0.299,0.157,0.259,0.154,0.339,0.176,0.241,0.108,0.223,0.3,0.329,0.131,0.069,0.105,0.093,0.093,0.599,0.099,0.077,0.254,0.083,0.549,0.187,0.142,0.157,0.111,0.096,0.369,0.16,0.187,0.142,0.103,0.427,0.118,0.129,0.116,0.119,0.139,0.12,0.282,0.395,0.118,0.168,0.232,0.276,0.252,0.117,0.231,0.33,0.068,0.108,0.22,0.072,0.242,0.137,0.081,0.123,0.13,0.522,0.359,0.419,0.3,0.105,0.115,0.657,0.096,0.104,0.08,0.117,0.117,0.146,0.16,0.074,0.177,0.094,0.16,0.264,0.18,0.085,0.137,0.077,0.298,0.181,0.061,0.125,0.051,0.094,0.262,0.106,0.096,0.14,0.128,0.138,0.08,0.126,0.216,0.133,0.103,0.292,0.136,0.142,0.122,0.236,0.297,0.133,0.09,0.128,0.095,0.167,0.116,0.083,0.09,0.118,0.092,0.161,0.285,0.19,0.079,0.14,0.371,0.108,0.149,0.145,0.15,0.116,0.072,0.343,0.126,0.087,0.211,0.08,0.245,0.279,0.048,0.331,0.073,0.159,0.613,0.089,0.104,0.208,0.118,0.066,0.314,0.086,0.135,0.122,0.106,0.104,0.1,0.135,0.126,0.121,0.14,0.338,0.125,0.056,0.155,0.119,0.098,0.088,0.216,0.076,0.408,0.12,0.081,0.466,0.074,0.092,0.112,0.17,0.164,0.181,0.262,0.186,0.284,0.075,0.144,0.148,0.119,0.116,0.207,0.125,0.114,0.15,0.104,0.178,0.254,0.246,0.086,0.071,0.095,0.335,0.208,0.193,0.142,0.134,0.05,0.087,0.095,0.107,0.136,0.173,0.073,0.11,0.122,0.145,0.351,0.151,0.313,0.088,0.078,0.812,0.131,0.057
0.486,0.307,0.316,0.553,0.193,0.181,0.344,0.178,0.397,0.297,0.277,0.22,0.381,0.272,0.28,0.359,0.241,0.156,0.351,0.27,0.394,0.223,0.185,0.223,0.276,0.204,0.358,0.304,0.548,0.139,1.0,0.251,0.404,0.139,0.223,0.142,0.387,0.34,0.306,0.147,0.447,0.148,0.401,0.267,0.274,0.15,0.366,0.225,0.44,0.384,0.37,0.157,0.301,0.327,0.433,0.323,0.123,0.167,0.245,0.428,0.307,0.158,0.098,0.212,0.177,0.383,0.34,0.258,0.186,0.376,0.302,0.402,0.366,0.353,0.14,0.16,0.124,0.243,0.171,0.283,0.255,0.33,0.429,0.231,0.279,0.45,0.144,0.108,0.374,0.351,0.066,0.362,0.254,0.233,0.093,0.185,0.321,0.324,0.328,0.13,0.457,0.25,0.331,0.416,0.364,0.521,0.425,0.098,0.318,0.347,0.391,0.122,0.236,0.236,0.24,0.117,0.163,0.194,0.109,0.258,0.082,0.325,0.221,0.286,0.368,0.398,0.241,0.43,0.156,0.244,0.203,0.331,0.386,0.248,0.388,0.424,0.346,0.276,0.63,0.328,0.201,0.333,0.176,0.344,0.295,0.1,0.143,0.386,0.214,0.374,0.262,0.481,0.196,0.481,0.185,0.486,0.301,0.374,0.333,0.5,0.222,0.29,0.347,1.0,0.465,0.241,0.26,0.195,0.121,0.124,0.133,0.218,0.184,0.415,0.332,0.228,0.351,0.7,0.124,0.219,0.356,0.289,0.286,0.258,0.23,0.398,0.313,0.166,0.411,0.116,0.301,0.121,0.434,0.532,0.332,0.241,0.213,0.078,0.315,0.353,0.29,0.088,0.347,0.333,0.154,0.321,0.33,0.433,0.104,0.549,0.084,0.209,0.249,0.44,0.228,0.429,0.105,0.282,0.331,0.397,0.252,0.309,0.286,0.197,0.309,0.195,0.296,0.087,0.247,0.157,0.335,0.184,0.085,0.744,0.368,0.253,0.245,0.176,0.394,0.408,0.202,0.374,0.303,0.395,0.255,0.323,0.238,0.17,0.384,0.168
0.196,0.222,0.191,0.192,0.238,0.116,0.286,0.145,0.183,0.191,0.265,0.272,0.355,0.227,0.238,0.156,0.148,0.132,0.231,0.194,0.316,0.166,0.151,0.184,0.195,0.183,0.263,0.432,0.338,0.131,0.251,1.0,0.196,0.104,0.192,0.114,0.17,0.116,0.204,0.131,0.175,0.119,0.264,0.216,0.197,0.216,0.258,0.138,0.211,0.22,0.244,0.157,0.232,0.193,0.239,0.177,0.114,0.241,0.356,0.201,0.196,0.09,0.079,0.138,0.159,0.326,0.248,0.209,0.209,0.174,0.214,0.237,0.261,0.266,0.083,0.113,0.112,0.127,0.248,0.223,0.187,0.22,0.256,0.152,0.189,0.248,0.216,0.101,0.274,0.245,0.08,0.296,0.286,0.234,0.084,0.175,0.113,0.165,0.201,0.122,0.173,0.175,0.177,0.203,0.21,0.315,0.563,0.068,0.24,0.248,0.226,0.123,0.171,0.24,0.117,0.074,0.163,0.168,0.092,0.208,0.048,0.246,0.142,0.224,0.246,0.299,0.154,0.302,0.215,0.293,0.107,0.229,0.156,0.19,0.286,0.297,0.249,0.189,0.253,0.26,0.207,0.188,0.197,0.167,0.23,0.096,0.18,0.251,0.176,0.219,0.166,0.148,0.201,0.278,0.194,0.182,0.174,0.284,0.203,0.254,0.141,0.245,0.272,0.303,0.268,0.171,0.229,0.191,0.103,0.106,0.07,0.159,0.168,0.178,0.197,0.295,0.281,0.239,0.157,0.22,0.191,0.22,0.198,0.19,0.22,0.205,0.201,0.15,0.322,0.075,0.169,0.173,0.185,0.281,0.165,0.257,0.329,0.073,0.127,0.266,0.151,0.075,0.229,0.216,0.107,0.346,0.225,0.211,0.104,0.462,0.093,0.133,0.307,0.321,0.245,0.223,0.096,0.152,0.218,0.346,0.178,0.186,0.118,0.122,0.185,0.182,0.264,0.076,0.23,0.16,0.216,0.164,0.048,0.303,0.199,0.178,0.298,0.119,0.071,0.262,0.193,0.284,0.179,0.17,0.146,0.185,0.176,0.129,0.286,0.121
0.227,0.316,0.334,0.409,0.174,0.178,0.438,0.187,0.441,0.285,0.243,0.215,0.283,0.237,0.386,0.218,0.394,0.23,0.349,0.267,0.352,0.299,0.203,0.272,0.285,0.198,0.367,0.247,0.458,0.165,0.404,0.196,1.0,0.268,0.262,0.17,0.27,0.232,0.453,0.157,0.402,0.196,0.374,0.24,0.313,0.164,0.448,0.258,0.47,0.201,0.303,0.164,0.302,0.284,0.553,0.327,0.163,0.151,0.198,0.521,0.34,0.329,0.205,0.272,0.189,0.41,0.333,0.244,0.164,0.202,0.392,0.465,0.413,0.38,0.187,0.218,0.129,0.284,0.227,0.187,0.292,0.365,0.379,0.378,0.262,0.376,0.126,0.103,0.474,0.382,0.075,0.264,0.227,0.199,0.14,0.169,0.288,0.44,0.3,0.147,0.365,0.231,0.348,0.37,0.325,0.645,0.315,0.126,0.319,0.287,0.468,0.158,0.288,0.204,0.286,0.103,0.168,0.244,0.114,0.27,0.094,0.308,0.295,0.394,0.35,0.427,0.24,0.412,0.124,0.186,0.256,0.354,0.245,0.344,0.463,0.443,0.444,0.282,0.555,0.388,0.169,0.294,0.124,0.408,0.365,0.102,0.117,0.383,0.176,0.385,0.285,0.245,0.212,0.565,0.219,0.294,0.298,0.408,0.353,0.514,0.226,0.429,0.467,0.725,0.397,0.312,0.334,0.223,0.238,0.267,0.126,0.211,0.197,0.468,0.416,0.204,0.309,0.51,0.214,0.201,0.323,0.408,0.313,0.369,0.167,0.334,0.428,0.179,0.446,0.212,0.273,0.099,0.353,0.45,0.286,0.225,0.194,0.098,0.247,0.38,0.317,0.159,0.367,0.319,0.198,0.332,0.324,0.285,0.139,0.418,0.095,0.222,0.233,0.523,0.191,0.405,0.219,0.277,0.301,0.2,0.31,0.363,0.249,0.246,0.28,0.188,0.292,0.22,0.251,0.245,0.549,0.178,0.103,0.725,0.209,0.259,0.191,0.242,0.217,0.413,0.126,0.408,0.35,0.38,0.255,0.236,0.213,0.185,0.469,0.193
0.112,0.115,0.201,0.157,0.206,0.087,0.129,0.308,0.291,0.113,0.126,0.159,0.102,0.124,0.196,0.077,0.181,0.349,0.105,0.178,0.129,0.251,0.176,0.291,0.139,0.354,0.127,0.129,0.123,0.336,0.139,0.104,0.268,1.0,0.083,0.21,0.145,0.427,0.189,0.351,0.15,0.347,0.14,0.349,0.367,0.243,0.169,0.074,0.1,0.096,0.14,0.317,0.097,0.08,0.2,0.095,0.37,0.16,0.111,0.311,0.12,0.256,0.522,0.255,0.162,0.148,0.156,0.518,0.096,0.12,0.122,0.151,0.156,0.112,0.423,0.502,0.101,0.095,0.252,0.243,0.241,0.143,0.191,0.41,0.065,0.108,0.2,0.082,0.328,0.144,0.053,0.175,0.169,0.334,0.257,0.266,0.277,0.237,0.107,0.256,0.112,0.083,0.14,0.118,0.148,0.226,0.219,0.074,0.143,0.112,0.217,0.388,0.258,0.077,0.12,0.058,0.385,0.315,0.062,0.157,0.054,0.106,0.358,0.176,0.122,0.148,0.133,0.134,0.066,0.1,0.309,0.112,0.118,0.297,0.171,0.15,0.127,0.201,0.305,0.202,0.085,0.173,0.08,0.294,0.27,0.099,0.099,0.143,0.36,0.196,0.198,0.147,0.076,0.146,0.3,0.11,0.141,0.148,0.234,0.174,0.071,0.261,0.13,0.117,0.183,0.183,0.204,0.294,0.083,0.376,0.049,0.207,0.378,0.093,0.108,0.166,0.123,0.09,0.347,0.128,0.154,0.353,0.121,0.225,0.079,0.122,0.172,0.091,0.148,0.568,0.129,0.058,0.14,0.14,0.125,0.133,0.179,0.079,0.413,0.112,0.088,0.341,0.089,0.107,0.119,0.147,0.156,0.142,0.373,0.269,0.314,0.083,0.128,0.165,0.108,0.133,0.369,0.123,0.137,0.122,0.161,0.277,0.322,0.437,0.124,0.061,0.112,0.428,0.168,0.188,0.356,0.138,0.046,0.117,0.102,0.158,0.107,0.317,0.055,0.114,0.093,0.148,0.273,0.209,0.227,0.077,0.064,0.402,0.134,0.102
0.13,0.313,0.182,0.173,0.103,0.081,0.414,0.102,0.223,0.199,0.179,0.18,0.206,0.278,0.288,0.071,0.14,0.108,0.329,0.152,0.699,0.163,0.19,0.157,0.207,0.125,0.36,0.28,0.22,0.092,0.223,0.192,0.262,0.083,1.0,0.146,0.146,0.077,0.262,0.096,0.208,0.097,0.309,0.171,0.22,0.125,0.369,0.167,0.261,0.13,0.181,0.116,0.156,0.193,0.342,0.118,0.077,0.113,0.221,0.248,0.324,0.098,0.058,0.16,0.122,0.428,0.173,0.174,0.147,0.13,0.31,0.337,0.401,0.557,0.052,0.085,0.087,0.13,0.118,0.137,0.22,0.272,0.357,0.172,0.161,0.459,0.087,0.081,0.41,0.343,0.041,0.218,0.204,0.133,0.071,0.125,0.086,0.197,0.243,0.087,0.158,0.128,0.257,0.241,0.18,0.808,0.268,0.115,0.185,0.184,0.342,0.112,0.153,0.129,0.116,0.047,0.101,0.22,0.107,0.23,0.077,0.223,0.155,0.29,0.23,0.461,0.159,0.514,0.103,0.205,0.07,0.525,0.396,0.106,0.432,0.401,0.36,0.137,0.403,0.221,0.143,0.209,0.092,0.138,0.27,0.091,0.098,0.384,0.157,0.27,0.224,0.109,0.223,0.414,0.137,0.181,0.184,0.416,0.255,0.408,0.207,0.306,0.398,0.342,0.267,0.146,0.324,0.155,0.214,0.112,0.04,0.156,0.129,0.178,0.367,0.173,0.26,0.226,0.061,0.158,0.232,0.281,0.244,0.241,0.15,0.129,0.217,0.169,0.461,0.052,0.344,0.09,0.194,0.242,0.152,0.149,0.159,0.038,0.102,0.557,0.125,0.042,0.189,0.197,0.154,0.239,0.274,0.23,0.087,0.372,0.056,0.082,0.17,0.518,0.193,0.276,0.097,0.127,0.177,0.175,0.171,0.256,0.095,0.105,0.194,0.078,0.181,0.06,0.198,0.106,0.323,0.166,0.047,0.342,0.119,0.193,0.206,0.097,0.078,0.343,0.146,0.416,0.22,0.155,0.161,0.14,0.155,0.085,0.552,0.135
0.115,0.143,0.136,0.128,0.141,0.108,0.185,0.198,0.137,0.144,0.108,0.206,0.136,0.125,0.139,0.066,0.097,0.125,0.14,0.14,0.154,0.096,0.12,0.151,0.112,0.375,0.179,0.144,0.131,0.299,0.142,0.114,0.17,0.21,0.146,1.0,0.205,0.176,0.201,0.258,0.128,0.18,0.155,0.183,0.212,0.146,0.246,0.096,0.166,0.074,0.144,0.419,0.101,0.088,0.211,0.093,0.301,0.121,0.128,0.145,0.205,0.093,0.248,0.137,0.256,0.174,0.106,0.339,0.16,0.119,0.16,0.155,0.312,0.18,0.193,0.278,0.128,0.113,0.122,0.217,0.217,0.254,0.157,0.255,0.077,0.15,0.112,0.089,0.2,0.153,0.065,0.099,0.124,0.369,0.165,0.189,0.161,0.234,0.138,0.308,0.117,0.098,0.119,0.156,0.163,0.217,0.138,0.27,0.152,0.296,0.306,0.196,0.123,0.079,0.113,0.08,0.192,0.203,0.201,0.115,0.457,0.133,0.199,0.151,0.166,0.182,0.174,0.201,0.094,0.11,0.143,0.212,0.189,0.149,0.185,0.172,0.174,0.153,0.299,0.189,0.303,0.13,0.08,0.144,0.131,0.118,0.074,0.428,0.154,0.134,0.14,0.147,0.097,0.187,0.213,0.203,0.148,0.175,0.177,0.39,0.318,0.33,0.181,0.13,0.174,0.124,0.169,0.13,0.074,0.164,0.066,0.119,0.436,0.139,0.265,0.148,0.121,0.101,0.158,0.099,0.132,0.138,0.342,0.124,0.13,0.085,0.227,0.179,0.182,0.215,0.134,0.059,0.16,0.125,0.106,0.093,0.139,0.052,0.257,0.18,0.168,0.145,0.108,0.111,0.177,0.163,0.156,0.202,0.186,0.165,0.162,0.091,0.122,0.206,0.248,0.144,0.109,0.153,0.115,0.124,0.126,0.15,0.174,0.169,0.218,0.065,0.107,0.208,0.211,0.13,0.157,0.128,0.112,0.13,0.075,0.101,0.12,0.135,0.102,0.184,0.087,0.175,0.263,0.123,0.133,0.148,0.085,0.286,0.192,0.082
0.334,0.185,0.263,0.438,0.163,0.158,0.227,0.158,0.233,0.249,0.234,0.233,0.203,0.263,0.209,0.252,0.255,0.163,0.197,0.274,0.283,0.188,0.127,0.206,0.23,0.201,0.243,0.198,0.293,0.157,0.387,0.17,0.27,0.145,0.146,0.205,1.0,0.205,0.309,0.15,0.306,0.178,0.312,0.231,0.212,0.181,0.266,0.131,0.221,0.164,0.195,0.17,0.214,0.187,0.257,0.305,0.139,0.146,0.175,0.304,0.217,0.125,0.1,0.159,0.17,0.236,0.338,0.195,0.151,0.387,0.261,0.293,0.276,0.196,0.138,0.179,0.123,0.192,0.187,0.187,0.233,0.284,0.233,0.223,0.14,0.209,0.165,0.094,0.237,0.23,0.07,0.319,0.175,0.229,0.121,0.168,0.197,0.289,0.189,0.144,0.266,0.175,0.409,0.23,0.358,0.645,0.584,0.111,0.158,0.298,0.284,0.113,0.185,0.186,0.209,0.083,0.119,0.149,0.107,0.188,0.36,0.249,0.18,0.213,0.362,0.256,0.261,0.232,0.133,0.153,0.166,0.206,0.248,0.152,0.273,0.249,0.22,0.255,0.343,0.331,0.177,0.286,0.121,0.317,0.212,0.089,0.125,0.296,0.196,0.324,0.144,0.422,0.134,0.264,0.173,0.271,0.239,0.235,0.289,0.63,0.144,0.202,0.233,0.376,0.379,0.135,0.165,0.134,0.137,0.121,0.106,0.101,0.217,0.218,0.273,0.232,0.198,0.278,0.092,0.24,0.275,0.205,0.272,0.187,0.16,0.295,0.349,0.156,0.256,0.132,0.198,0.076,0.631,0.338,0.321,0.184,0.18,0.088,0.22,0.196,0.194,0.309,0.165,0.289,0.311,0.251,0.214,0.265,0.101,0.418,0.086,0.145,0.217,0.287,0.166,0.321,0.103,0.256,0.326,0.28,0.3,0.251,0.211,0.183,0.333,0.146,0.265,0.083,0.244,0.156,0.244,0.21,0.086,0.376,0.265,0.187,0.172,0.225,0.147,0.222,0.136,0.235,0.291,0.363,0.169,0.166,0.161,0.258,0.235,0.109
0.316,0.085,0.269,0.313,0.188,0.166,0.117,0.342,0.256,0.114,0.148,0.199,0.113,0.146,0.106,0.354,0.191,0.304,0.093,0.174,0.115,0.099,0.1,0.194,0.12,0.312,0.112,0.142,0.175,0.259,0.34,0.116,0.232,0.427,0.077,0.176,0.205,1.0,0.205,0.339,0.355,0.406,0.125,0.422,0.372,0.186,0.166,0.083,0.184,0.362,0.18,0.261,0.173,0.115,0.237,0.181,0.235,0.16,0.124,0.348,0.115,0.129,0.388,0.293,0.142,0.131,0.158,0.518,0.111,0.302,0.112,0.193,0.138,0.103,0.331,0.387,0.128,0.141,0.115,0.243,0.319,0.132,0.308,0.298,0.136,0.265,0.242,0.079,0.219,0.132,0.067,0.21,0.15,0.284,0.158,0.242,0.326,0.18,0.15,0.217,0.301,0.145,0.095,0.257,0.159,0.193,0.207,0.074,0.139,0.107,0.168,0.426,0.241,0.116,0.166,0.108,0.475,0.185,0.059,0.148,0.064,0.174,0.372,0.104,0.134,0.13,0.154,0.122,0.074,0.167,0.423,0.121,0.268,0.216,0.142,0.141,0.116,0.191,0.401,0.161,0.09,0.172,0.119,0.288,0.109,0.087,0.122,0.125,0.225,0.192,0.132,0.352,0.081,0.231,0.206,0.295,0.122,0.134,0.16,0.145,0.061,0.206,0.124,0.104,0.214,0.085,0.114,0.195,0.092,0.157,0.127,0.165,0.306,0.194,0.162,0.134,0.145,0.077,0.231,0.145,0.132,0.116,0.141,0.116,0.128,0.254,0.152,0.11,0.13,0.408,0.173,0.061,0.249,0.218,0.156,0.164,0.178,0.092,0.401,0.103,0.142,0.297,0.121,0.117,0.143,0.211,0.166,0.141,0.414,0.252,0.411,0.15,0.119,0.145,0.163,0.156,0.234,0.211,0.152,0.139,0.169,0.279,0.45,0.45,0.106,0.152,0.136,0.297,0.209,0.118,0.151,0.161,0.105,0.104,0.334,0.129,0.156,0.341,0.335,0.107,0.085,0.134,0.255,0.239,0.152,0.069,0.121,0.402,0.122,0.062
0.192,0.31,0.32,0.293,0.212,0.137,0.458,0.239,0.388,0.379,0.25,0.239,0.236,0.238,0.42,0.137,0.237,0.203,0.342,0.265,0.349,0.237,0.21,0.221,0.314,0.22,0.376,0.264,0.323,0.154,0.306,0.204,0.453,0.189,0.262,0.201,0.309,0.205,1.0,0.175,0.341,0.262,0.44,0.245,0.422,0.169,0.7,0.2,0.318,0.176,0.318,0.175,0.208,0.25,0.39,0.203,0.14,0.164,0.216,0.362,0.354,0.143,0.132,0.354,0.26,0.412,0.271,0.413,0.194,0.218,0.42,0.423,0.455,0.36,0.168,0.185,0.135,0.2,0.166,0.225,0.289,0.471,0.341,0.282,0.167,0.34,0.136,0.134,0.407,0.392,0.085,0.297,0.245,0.218,0.11,0.17,0.187,0.294,0.312,0.152,0.26,0.22,0.417,0.291,0.319,0.736,0.349,0.194,0.235,0.283,0.411,0.159,0.286,0.177,0.272,0.089,0.167,0.374,0.202,0.281,0.316,0.265,0.341,0.42,0.396,0.43,0.283,0.409,0.146,0.201,0.29,0.355,0.204,0.181,0.473,0.427,0.459,0.268,0.456,0.4,0.192,0.324,0.134,0.263,0.333,0.135,0.255,0.402,0.216,0.395,0.227,0.221,0.237,0.414,0.25,0.276,0.24,0.412,0.371,0.593,0.257,0.402,0.504,0.45,0.4,0.216,0.315,0.299,0.166,0.168,0.079,0.198,0.197,0.271,0.439,0.247,0.313,0.349,0.112,0.282,0.344,0.332,0.329,0.312,0.185,0.206,0.355,0.217,0.43,0.154,0.267,0.105,0.325,0.344,0.265,0.331,0.21,0.128,0.199,0.36,0.21,0.127,0.229,0.285,0.23,0.281,0.328,0.303,0.132,0.45,0.096,0.135,0.241,0.533,0.329,0.386,0.206,0.225,0.297,0.218,0.351,0.402,0.289,0.303,0.326,0.143,0.299,0.116,0.293,0.178,0.44,0.212,0.079,0.45,0.181,0.269,0.21,0.326,0.11,0.456,0.142,0.412,0.376,0.281,0.233,0.254,0.197,0.254,0.475,0.21
0.152,0.102,0.144,0.127,0.207,0.161,0.142,0.29,0.127,0.112,0.119,0.215,0.117,0.129,0.115,0.121,0.13,0.257,0.111,0.143,0.131,0.109,0.078,0.219,0.105,0.405,0.128,0.159,0.113,0.339,0.147,0.131,0.157,0.351,0.096,0.258,0.15,0.339,0.175,1.0,0.165,0.373,0.122,0.304,0.44,0.2,0.164,0.073,0.111,0.13,0.118,0.355,0.101,0.084,0.18,0.086,0.303,0.172,0.144,0.229,0.132,0.092,0.541,0.258,0.177,0.16,0.111,0.388,0.135,0.156,0.124,0.13,0.217,0.129,0.246,0.484,0.15,0.107,0.145,0.236,0.232,0.169,0.156,0.359,0.088,0.12,0.25,0.092,0.252,0.15,0.079,0.13,0.13,0.346,0.217,0.231,0.236,0.119,0.139,0.274,0.107,0.104,0.084,0.12,0.118,0.156,0.17,0.163,0.142,0.112,0.181,0.371,0.232,0.085,0.104,0.098,0.471,0.234,0.103,0.148,0.132,0.109,0.392,0.113,0.112,0.154,0.144,0.15,0.105,0.169,0.329,0.175,0.102,0.15,0.148,0.165,0.132,0.162,0.252,0.134,0.097,0.178,0.118,0.167,0.124,0.108,0.088,0.141,0.1,0.134,0.23,0.233,0.098,0.155,0.242,0.12,0.137,0.16,0.15,0.123,0.112,0.268,0.136,0.091,0.181,0.084,0.14,0.21,0.05,0.181,0.098,0.166,0.402,0.094,0.126,0.15,0.134,0.087,0.266,0.105,0.127,0.131,0.145,0.11,0.101,0.122,0.122,0.171,0.154,0.426,0.164,0.073,0.161,0.125,0.107,0.089,0.138,0.079,0.285,0.129,0.099,0.264,0.079,0.107,0.166,0.176,0.146,0.166,0.367,0.199,0.436,0.103,0.12,0.161,0.208,0.121,0.23,0.132,0.128,0.164,0.13,0.197,0.386,0.338,0.099,0.078,0.101,0.315,0.224,0.134,0.156,0.148,0.058,0.091,0.135,0.143,0.156,0.214,0.098,0.128,0.107,0.16,0.272,0.142,0.223,0.093,0.076,0.373,0.142,0.06
0.373,0.269,0.352,0.404,0.297,0.287,0.316,0.156,0.403,0.317,0.245,0.223,0.217,0.3,0.264,0.372,0.305,0.252,0.282,0.305,0.273,0.272,0.158,0.341,0.278,0.224,0.305,0.218,0.367,0.176,0.447,0.175,0.402,0.15,0.208,0.128,0.306,0.355,0.341,0.165,1.0,0.185,0.379,0.247,0.249,0.212,0.356,0.183,0.399,0.345,0.286,0.174,0.261,0.266,0.409,0.282,0.15,0.254,0.187,0.451,0.283,0.206,0.099,0.206,0.171,0.314,0.311,0.23,0.181,0.297,0.295,0.378,0.34,0.294,0.147,0.16,0.14,0.334,0.304,0.272,0.351,0.295,0.409,0.293,0.273,0.388,0.234,0.119,0.309,0.287,0.07,0.34,0.185,0.216,0.129,0.203,0.341,0.361,0.314,0.15,0.412,0.21,0.507,0.406,0.318,0.847,0.392,0.093,0.226,0.233,0.316,0.135,0.288,0.2,0.295,0.153,0.127,0.16,0.087,0.298,0.122,0.295,0.22,0.324,0.374,0.331,0.246,0.332,0.123,0.203,0.233,0.297,0.307,0.273,0.398,0.368,0.32,0.316,0.541,0.316,0.154,0.265,0.199,0.37,0.275,0.142,0.112,0.332,0.227,0.382,0.258,0.476,0.245,0.433,0.201,0.351,0.295,0.303,0.382,0.693,0.159,0.267,0.351,0.545,0.415,0.198,0.243,0.182,0.132,0.194,0.178,0.152,0.252,0.352,0.345,0.219,0.274,0.442,0.13,0.208,0.402,0.283,0.344,0.258,0.204,0.254,0.31,0.175,0.331,0.113,0.387,0.11,0.321,0.411,0.303,0.214,0.266,0.093,0.295,0.294,0.227,0.333,0.252,0.3,0.271,0.273,0.356,0.285,0.142,0.49,0.088,0.249,0.207,0.43,0.192,0.381,0.133,0.297,0.292,0.272,0.287,0.318,0.285,0.199,0.272,0.194,0.273,0.091,0.244,0.253,0.32,0.201,0.105,0.545,0.343,0.234,0.197,0.208,0.295,0.368,0.127,0.303,0.355,0.413,0.253,0.174,0.209,0.225,0.357,0.153
0.123,0.141,0.198,0.171,0.188,0.101,0.167,0.405,0.154,0.136,0.139,0.172,0.122,0.165,0.143,0.086,0.392,0.555,0.146,0.169,0.146,0.129,0.157,0.24,0.153,0.289,0.169,0.146,0.143,0.241,0.148,0.119,0.196,0.347,0.097,0.18,0.178,0.406,0.262,0.373,0.185,1.0,0.168,0.381,0.45,0.154,0.24,0.085,0.123,0.116,0.142,0.235,0.143,0.118,0.194,0.13,0.187,0.139,0.123,0.386,0.184,0.08,0.312,0.365,0.153,0.172,0.142,0.668,0.109,0.123,0.221,0.177,0.187,0.133,0.271,0.37,0.102,0.098,0.119,0.28,0.208,0.182,0.159,0.328,0.073,0.13,0.234,0.087,0.204,0.167,0.05,0.188,0.169,0.267,0.214,0.207,0.174,0.155,0.123,0.204,0.122,0.086,0.153,0.114,0.174,0.275,0.181,0.091,0.144,0.145,0.212,0.396,0.346,0.11,0.211,0.06,0.42,0.236,0.124,0.167,0.116,0.101,0.401,0.146,0.192,0.188,0.203,0.156,0.095,0.117,0.353,0.135,0.12,0.151,0.261,0.174,0.168,0.198,0.283,0.199,0.11,0.203,0.085,0.194,0.135,0.089,0.155,0.168,0.323,0.175,0.157,0.153,0.084,0.182,0.192,0.142,0.167,0.172,0.283,0.226,0.086,0.205,0.156,0.164,0.2,0.138,0.153,0.239,0.209,0.158,0.055,0.223,0.276,0.113,0.131,0.183,0.138,0.12,0.18,0.184,0.196,0.14,0.158,0.161,0.113,0.151,0.214,0.11,0.188,0.321,0.148,0.063,0.149,0.178,0.156,0.18,0.165,0.062,0.254,0.133,0.103,0.219,0.096,0.116,0.321,0.158,0.16,0.145,0.38,0.224,0.352,0.096,0.164,0.191,0.139,0.194,0.247,0.136,0.169,0.131,0.36,0.318,0.471,0.498,0.192,0.083,0.152,0.226,0.174,0.147,0.229,0.142,0.055,0.164,0.117,0.166,0.121,0.546,0.089,0.134,0.104,0.172,0.275,0.175,0.166,0.102,0.115,0.333,0.157,0.125
0.193,0.365,0.364,0.376,0.21,0.088,0.439,0.223,0.337,0.574,0.419,0.187,0.429,0.347,0.354,0.119,0.231,0.169,0.44,0.399,0.443,0.263,0.228,0.235,0.483,0.182,0.463,0.385,0.395,0.108,0.401,0.264,0.374,0.14,0.309,0.155,0.312,0.125,0.44,0.122,0.379,0.168,1.0,0.281,0.362,0.188,0.505,0.267,0.344,0.201,0.427,0.122,0.269,0.364,0.444,0.275,0.096,0.165,0.3,0.401,0.455,0.114,0.081,0.266,0.35,0.476,0.38,0.273,0.246,0.282,0.401,0.452,0.517,0.433,0.094,0.136,0.099,0.235,0.17,0.296,0.262,0.462,0.423,0.224,0.232,0.418,0.131,0.167,0.461,0.488,0.125,0.379,0.28,0.164,0.099,0.153,0.239,0.351,0.355,0.143,0.367,0.3,0.495,0.301,0.428,0.791,0.447,0.126,0.307,0.351,0.465,0.13,0.276,0.249,0.27,0.056,0.177,0.289,0.221,0.364,0.544,0.388,0.288,0.362,0.547,0.48,0.394,0.473,0.188,0.252,0.161,0.4,0.28,0.158,0.482,0.48,0.433,0.316,0.488,0.469,0.256,0.349,0.153,0.265,0.444,0.128,0.296,0.499,0.23,0.542,0.319,0.16,0.345,0.462,0.221,0.327,0.321,0.493,0.444,0.727,0.361,0.35,0.428,0.744,0.465,0.245,0.338,0.231,0.131,0.135,0.054,0.274,0.147,0.319,0.424,0.258,0.491,0.523,0.11,0.346,0.471,0.372,0.368,0.369,0.213,0.264,0.402,0.21,0.485,0.102,0.335,0.128,0.328,0.429,0.347,0.267,0.232,0.223,0.151,0.433,0.245,0.083,0.293,0.46,0.312,0.353,0.366,0.297,0.103,1.0,0.068,0.143,0.282,0.522,0.276,0.445,0.115,0.269,0.411,0.249,0.327,0.427,0.151,0.242,0.406,0.111,0.449,0.084,0.259,0.209,0.441,0.229,0.061,1.0,0.199,0.391,0.26,0.213,0.104,0.509,0.23,0.493,0.373,0.32,0.331,0.337,0.24,0.152,0.459,0.213
0.215,0.196,0.244,0.241,0.199,0.132,0.233,0.362,0.22,0.212,0.263,0.209,0.268,0.296,0.225,0.144,0.239,0.383,0.194,0.262,0.231,0.182,0.241,0.205,0.23,0.276,0.227,0.288,0.311,0.223,0.267,0.216,0.24,0.349,0.171,0.183,0.231,0.422,0.245,0.304,0.247,0.381,0.281,1.0,0.377,0.181,0.256,0.117,0.211,0.198,0.191,0.233,0.222,0.178,0.247,0.251,0.204,0.166,0.318,0.345,0.205,0.101,0.341,0.284,0.152,0.246,0.283,0.38,0.189,0.194,0.222,0.264,0.258,0.218,0.275,0.35,0.122,0.136,0.152,0.296,0.242,0.23,0.227,0.294,0.175,0.211,0.287,0.107,0.291,0.219,0.07,0.379,0.238,0.266,0.163,0.271,0.189,0.213,0.182,0.185,0.225,0.158,0.226,0.225,0.249,0.418,0.771,0.103,0.177,0.242,0.238,0.707,0.28,0.241,0.25,0.08,0.578,0.229,0.118,0.235,0.075,0.237,0.402,0.218,0.271,0.244,0.202,0.246,0.205,0.214,0.319,0.224,0.212,0.169,0.389,0.24,0.223,0.215,0.333,0.277,0.176,0.241,0.136,0.21,0.215,0.11,0.157,0.24,0.605,0.278,0.177,0.191,0.156,0.246,0.225,0.196,0.19,0.234,0.284,0.327,0.119,0.264,0.24,0.245,0.281,0.164,0.203,0.254,0.154,0.135,0.089,0.215,0.275,0.193,0.225,0.292,0.242,0.197,0.196,0.234,0.219,0.205,0.203,0.215,0.186,0.264,0.272,0.149,0.244,0.303,0.216,0.113,0.247,0.315,0.243,0.207,0.283,0.081,0.227,0.218,0.158,0.177,0.151,0.213,0.256,0.407,0.219,0.215,0.66,0.582,0.46,0.205,0.266,0.293,0.2,0.261,0.194,0.239,0.277,0.222,0.26,0.341,0.331,0.403,0.231,0.137,0.263,0.258,0.233,0.141,0.214,0.212,0.079,0.245,0.195,0.208,0.306,0.338,0.131,0.243,0.152,0.234,0.31,0.233,0.18,0.148,0.15,0.26,0.252,0.142
0.176,0.293,0.27,0.241,0.216,0.108,0.351,0.406,0.273,0.278,0.233,0.213,0.223,0.24,0.29,0.115,0.218,0.315,0.309,0.265,0.289,0.219,0.204,0.261,0.246,0.369,0.326,0.252,0.264,0.3,0.274,0.197,0.313,0.367,0.22,0.212,0.212,0.372,0.422,0.44,0.249,0.45,0.362,0.377,1.0,0.188,0.508,0.181,0.273,0.165,0.229,0.303,0.191,0.237,0.341,0.19,0.253,0.163,0.252,0.347,0.281,0.116,0.4,0.52,0.211,0.354,0.255,0.388,0.197,0.203,0.303,0.327,0.352,0.324,0.324,0.442,0.114,0.185,0.19,0.236,0.281,0.287,0.302,0.353,0.142,0.297,0.24,0.123,0.417,0.31,0.072,0.264,0.252,0.324,0.198,0.253,0.224,0.207,0.247,0.246,0.231,0.232,0.38,0.262,0.274,0.64,0.306,0.099,0.231,0.227,0.323,0.387,0.298,0.177,0.147,0.071,0.457,0.26,0.105,0.231,0.094,0.309,0.531,0.307,0.308,0.373,0.219,0.368,0.126,0.221,0.602,0.305,0.191,0.174,0.392,0.357,0.326,0.253,0.458,0.272,0.164,0.378,0.135,0.222,0.297,0.132,0.474,0.335,0.202,0.335,0.285,0.17,0.241,0.336,0.257,0.221,0.242,0.34,0.32,0.529,0.191,0.378,0.364,0.408,0.321,0.182,0.287,0.457,0.103,0.191,0.065,0.264,0.339,0.214,0.267,0.225,0.298,0.319,0.243,0.372,0.315,0.286,0.271,0.255,0.16,0.213,0.27,0.174,0.373,0.4,0.215,0.12,0.238,0.28,0.232,0.36,0.21,0.079,0.278,0.324,0.152,0.264,0.201,0.249,0.203,0.245,0.287,0.298,0.367,0.388,0.335,0.12,0.212,0.452,0.19,0.314,0.311,0.211,0.235,0.23,0.308,0.401,0.621,0.42,0.251,0.099,0.245,0.29,0.244,0.178,0.315,0.179,0.056,0.408,0.162,0.239,0.244,0.397,0.09,0.357,0.198,0.34,0.389,0.231,0.279,0.167,0.192,0.373,0.378,0.164
0.141,0.112,0.199,0.129,0.26,0.121,0.146,0.185,0.138,0.144,0.212,0.229,0.237,0.196,0.13,0.099,0.122,0.127,0.113,0.198,0.157,0.128,0.086,0.265,0.219,0.227,0.153,0.278,0.144,0.329,0.15,0.216,0.164,0.243,0.125,0.146,0.181,0.186,0.169,0.2,0.212,0.154,0.188,0.181,0.188,1.0,0.153,0.075,0.118,0.107,0.257,0.281,0.117,0.189,0.185,0.109,0.356,0.287,0.217,0.153,0.226,0.096,0.201,0.119,0.144,0.184,0.179,0.22,0.199,0.256,0.129,0.143,0.161,0.133,0.212,0.244,0.125,0.164,0.26,0.121,0.176,0.151,0.256,0.202,0.083,0.122,0.209,0.144,0.23,0.325,0.191,0.148,0.15,0.25,0.211,0.218,0.214,0.174,0.128,0.285,0.118,0.21,0.091,0.126,0.22,0.181,0.214,0.079,0.107,0.13,0.19,0.149,0.162,0.112,0.147,0.076,0.165,0.136,0.065,0.254,0.061,0.112,0.165,0.123,0.122,0.157,0.151,0.156,0.141,0.143,0.152,0.147,0.116,0.127,0.157,0.165,0.138,0.257,0.197,0.228,0.104,0.12,0.158,0.144,0.132,0.124,0.098,0.354,0.123,0.362,0.279,0.229,0.2,0.159,0.302,0.113,0.153,0.263,0.213,0.138,0.076,0.184,0.143,0.1,0.267,0.096,0.152,0.172,0.081,0.157,0.07,0.23,0.484,0.107,0.12,0.199,0.338,0.075,0.231,0.102,0.269,0.142,0.124,0.165,0.112,0.101,0.144,0.19,0.161,0.25,0.148,0.076,0.18,0.134,0.126,0.109,0.198,0.169,0.296,0.133,0.096,0.693,0.091,0.261,0.136,0.241,0.17,0.15,0.142,0.403,0.134,0.086,0.148,0.172,0.138,0.126,0.143,0.191,0.187,0.166,0.149,0.221,0.164,0.159,0.115,0.087,0.306,0.201,0.227,0.228,0.172,0.206,0.05,0.1,0.111,0.303,0.152,0.151,0.073,0.128,0.177,0.263,0.225,0.163,0.348,0.1,0.084,0.554,0.15,0.061
0.2,0.449,0.336,0.304,0.174,0.112,0.586,0.247,0.401,0.397,0.275,0.232,0.315,0.281,0.464,0.13,0.246,0.19,0.484,0.275,0.467,0.301,0.27,0.253,0.348,0.193,0.535,0.33,0.373,0.131,0.366,0.258,0.448,0.169,0.369,0.246,0.266,0.166,0.7,0.164,0.356,0.24,0.505,0.256,0.508,0.153,1.0,0.279,0.445,0.199,0.355,0.151,0.239,0.317,0.492,0.217,0.114,0.155,0.269,0.404,0.451,0.166,0.095,0.418,0.333,0.565,0.3,0.23,0.248,0.164,0.495,0.499,0.6,0.518,0.151,0.141,0.119,0.244,0.193,0.272,0.289,0.59,0.453,0.253,0.215,0.471,0.146,0.155,0.545,0.498,0.077,0.34,0.285,0.187,0.124,0.175,0.163,0.303,0.41,0.124,0.306,0.238,0.507,0.407,0.36,0.847,0.392,0.24,0.315,0.329,0.488,0.15,0.266,0.229,0.209,0.074,0.165,0.428,0.224,0.3,0.316,0.333,0.36,0.486,0.441,0.597,0.286,0.588,0.181,0.252,0.262,0.495,0.252,0.19,0.598,0.559,0.533,0.26,0.546,0.416,0.293,0.404,0.144,0.252,0.451,0.173,0.321,0.588,0.216,0.415,0.318,0.172,0.312,0.548,0.236,0.338,0.309,0.553,0.419,0.773,0.362,0.47,0.59,0.545,0.423,0.26,0.427,0.392,0.118,0.2,0.068,0.251,0.171,0.334,0.515,0.308,0.402,0.442,0.109,0.348,0.41,0.462,0.423,0.366,0.212,0.248,0.382,0.272,0.597,0.102,0.292,0.132,0.336,0.406,0.281,0.405,0.23,0.093,0.173,0.518,0.249,0.094,0.318,0.338,0.271,0.301,0.425,0.417,0.12,0.49,0.087,0.142,0.289,0.687,0.43,0.477,0.27,0.221,0.296,0.249,0.365,0.428,0.293,0.28,0.358,0.119,0.318,0.091,0.29,0.183,0.491,0.193,0.072,0.545,0.195,0.307,0.259,0.286,0.126,0.595,0.172,0.553,0.357,0.28,0.297,0.301,0.251,0.153,0.613,0.234
0.128,0.391,0.171,0.228,0.087,0.143,0.316,0.088,0.226,0.289,0.153,0.146,0.198,0.237,0.252,0.111,0.187,0.098,0.502,0.166,0.225,0.364,0.335,0.179,0.217,0.095,0.307,0.177,0.255,0.069,0.225,0.138,0.258,0.074,0.167,0.096,0.131,0.083,0.2,0.073,0.183,0.085,0.267,0.117,0.181,0.075,0.279,1.0,0.329,0.131,0.244,0.081,0.297,0.334,0.334,0.245,0.058,0.083,0.236,0.26,0.201,0.18,0.046,0.168,0.12,0.316,0.299,0.113,0.15,0.11,0.237,0.495,0.281,0.339,0.062,0.065,0.075,0.462,0.104,0.117,0.138,0.209,0.23,0.165,0.181,0.293,0.079,0.071,0.286,0.242,0.039,0.164,0.176,0.095,0.068,0.105,0.095,0.19,0.205,0.066,0.277,0.215,0.892,0.417,0.218,0.383,0.189,0.08,0.271,0.256,0.246,0.064,0.229,0.264,0.114,0.086,0.079,0.164,0.143,0.174,0.064,0.357,0.143,0.276,0.25,0.432,0.213,0.331,0.086,0.187,0.122,0.298,0.161,0.181,0.31,0.327,0.338,0.161,0.347,0.193,0.122,0.32,0.105,0.188,0.26,0.08,0.116,0.264,0.088,0.277,0.24,0.101,0.145,0.416,0.126,0.177,0.192,0.29,0.2,0.424,0.336,0.222,0.417,0.381,0.232,0.231,0.232,0.17,0.082,0.118,0.142,0.261,0.088,0.327,0.227,0.155,0.303,0.289,0.06,0.172,0.332,0.263,0.231,0.204,0.122,0.115,0.239,0.132,0.369,0.047,0.178,0.104,0.214,0.248,0.248,0.309,0.102,0.039,0.088,0.339,0.346,0.041,0.507,0.213,0.127,0.196,0.22,0.214,0.053,0.236,0.049,0.17,0.18,0.394,0.136,0.266,0.1,0.294,0.177,0.148,0.181,0.206,0.121,0.097,0.172,0.146,0.227,0.041,0.161,0.184,0.26,0.104,0.092,0.381,0.116,0.136,0.225,0.098,0.143,0.287,0.148,0.29,0.162,0.175,0.206,0.173,0.351,0.063,0.345,0.31
0.258,0.327,0.239,0.352,0.12,0.226,0.491,0.124,0.354,0.235,0.238,0.197,0.212,0.198,0.351,0.266,0.303,0.136,0.414,0.198,0.378,0.235,0.209,0.191,0.242,0.144,0.509,0.3,0.526,0.105,0.44,0.211,0.47,0.1,0.261,0.166,0.221,0.184,0.318,0.111,0.399,0.123,0.344,0.211,0.273,0.118,0.445,0.329,1.0,0.26,0.238,0.13,0.379,0.253,0.73,0.349,0.093,0.12,0.235,0.482,0.333,0.362,0.067,0.246,0.161,0.5,0.284,0.183,0.167,0.194,0.371,0.553,0.459,0.418,0.106,0.104,0.102,0.341,0.135,0.158,0.237,0.346,0.414,0.281,0.233,0.405,0.101,0.092,0.486,0.418,0.05,0.237,0.282,0.151,0.085,0.156,0.138,0.429,0.363,0.1,0.406,0.24,0.344,0.482,0.255,0.575,0.288,0.133,0.332,0.223,0.405,0.114,0.192,0.248,0.203,0.107,0.122,0.18,0.12,0.195,0.084,0.316,0.239,0.397,0.346,0.561,0.172,0.705,0.121,0.219,0.264,0.356,0.221,0.332,0.493,0.483,0.442,0.203,0.657,0.301,0.166,0.398,0.116,0.269,0.378,0.103,0.115,0.53,0.162,0.321,0.227,0.232,0.188,0.813,0.168,0.331,0.197,0.489,0.31,0.556,0.212,0.364,0.496,0.321,0.358,0.212,0.323,0.177,0.142,0.132,0.168,0.163,0.149,0.628,0.381,0.267,0.302,0.225,0.077,0.19,0.317,0.388,0.374,0.273,0.189,0.334,0.336,0.197,0.561,0.071,0.216,0.096,0.391,0.464,0.262,0.215,0.173,0.047,0.15,0.418,0.338,0.05,0.399,0.255,0.172,0.398,0.385,0.522,0.09,0.392,0.066,0.293,0.284,0.566,0.214,0.558,0.123,0.296,0.238,0.194,0.215,0.343,0.215,0.144,0.247,0.236,0.322,0.067,0.224,0.155,0.41,0.132,0.128,0.321,0.245,0.208,0.223,0.139,0.322,0.379,0.132,0.489,0.279,0.274,0.302,0.158,0.296,0.096,0.474,0.237
0.438,0.162,0.212,0.303,0.207,0.226,0.203,0.119,0.256,0.172,0.251,0.142,0.181,0.206,0.192,0.759,0.193,0.137,0.174,0.198,0.194,0.183,0.18,0.128,0.15,0.219,0.188,0.266,0.243,0.093,0.384,0.22,0.201,0.096,0.13,0.074,0.164,0.362,0.176,0.13,0.345,0.116,0.201,0.198,0.165,0.107,0.199,0.131,0.26,1.0,0.236,0.109,0.243,0.184,0.28,0.207,0.077,0.211,0.224,0.261,0.146,0.142,0.08,0.12,0.102,0.241,0.219,0.187,0.138,0.417,0.16,0.254,0.206,0.185,0.103,0.086,0.121,0.16,0.131,0.364,0.204,0.162,0.366,0.18,0.257,0.406,0.121,0.129,0.198,0.18,0.049,0.258,0.245,0.144,0.056,0.24,0.174,0.198,0.201,0.088,0.383,0.149,0.156,0.306,0.17,0.27,0.301,0.046,0.262,0.152,0.17,0.138,0.148,0.172,0.156,0.141,0.118,0.127,0.069,0.171,0.036,0.209,0.109,0.17,0.194,0.218,0.169,0.213,0.113,0.373,0.199,0.163,0.292,0.227,0.234,0.228,0.184,0.182,0.384,0.195,0.145,0.196,0.198,0.349,0.169,0.126,0.134,0.178,0.283,0.19,0.128,0.424,0.141,0.33,0.193,0.336,0.108,0.204,0.184,0.222,0.1,0.168,0.212,0.168,0.194,0.155,0.17,0.188,0.138,0.131,0.169,0.107,0.122,0.244,0.198,0.162,0.25,0.133,0.141,0.222,0.174,0.158,0.398,0.164,0.195,0.233,0.182,0.095,0.218,0.062,0.217,0.182,0.237,0.256,0.196,0.214,0.182,0.051,0.232,0.185,0.158,0.054,0.173,0.201,0.077,0.27,0.205,0.15,0.115,0.384,0.063,0.26,0.189,0.244,0.302,0.227,0.07,0.194,0.169,0.226,0.172,0.168,0.203,0.122,0.146,0.325,0.198,0.085,0.173,0.136,0.161,0.145,0.074,0.168,0.882,0.134,0.292,0.134,0.474,0.189,0.141,0.204,0.159,0.291,0.107,0.119,0.205,0.092,0.209,0.106
0.21,0.279,0.262,0.338,0.209,0.157,0.267,0.153,0.228,0.357,0.241,0.157,0.38,0.222,0.237,0.234,0.187,0.132,0.341,0.266,0.279,0.247,0.218,0.204,0.321,0.153,0.36,0.207,0.381,0.093,0.37,0.244,0.303,0.14,0.181,0.144,0.195,0.18,0.318,0.118,0.286,0.142,0.427,0.191,0.229,0.257,0.355,0.244,0.238,0.236,1.0,0.104,0.303,0.374,0.311,0.258,0.077,0.181,0.169,0.301,0.298,0.114,0.08,0.185,0.248,0.299,0.375,0.139,0.139,0.245,0.234,0.349,0.318,0.304,0.129,0.104,0.101,0.253,0.156,0.199,0.208,0.337,0.318,0.192,0.241,0.345,0.124,0.144,0.288,0.362,0.116,0.491,0.243,0.162,0.068,0.146,0.251,0.317,0.225,0.124,0.336,0.272,0.649,0.366,0.376,0.46,0.355,0.106,0.327,0.348,0.282,0.128,0.193,0.222,0.205,0.084,0.117,0.222,0.207,0.34,0.214,0.238,0.168,0.22,0.37,0.318,0.308,0.296,0.165,0.195,0.164,0.278,0.234,0.163,0.314,0.374,0.289,0.27,0.358,0.459,0.199,0.273,0.148,0.266,0.22,0.137,0.136,0.418,0.298,0.433,0.241,0.225,0.228,0.339,0.247,0.233,0.274,0.341,0.306,0.385,0.277,0.215,0.274,0.744,0.316,0.247,0.209,0.19,0.122,0.116,0.095,0.246,0.118,0.311,0.308,0.188,0.384,0.523,0.111,0.22,0.391,0.223,0.276,0.24,0.207,0.398,0.267,0.176,0.34,0.079,0.275,0.127,0.232,0.346,0.269,0.378,0.172,0.147,0.139,0.304,0.345,0.074,0.445,0.397,0.121,0.21,0.222,0.169,0.103,0.276,0.061,0.186,0.22,0.357,0.234,0.271,0.096,0.254,0.332,0.23,0.276,0.291,0.224,0.212,0.26,0.212,0.343,0.082,0.204,0.179,0.26,0.17,0.073,1.0,0.233,0.31,0.176,0.194,0.158,0.416,0.152,0.341,0.244,0.289,0.227,0.385,0.232,0.126,0.317,0.175
0.155,0.115,0.165,0.129,0.289,0.15,0.159,0.247,0.13,0.103,0.115,0.254,0.135,0.149,0.129,0.1,0.125,0.188,0.117,0.133,0.144,0.119,0.095,0.251,0.11,0.644,0.139,0.196,0.126,0.599,0.157,0.157,0.164,0.317,0.116,0.419,0.17,0.261,0.175,0.355,0.174,0.235,0.122,0.233,0.303,0.281,0.151,0.081,0.13,0.109,0.104,1.0,0.113,0.086,0.327,0.091,0.625,0.167,0.176,0.166,0.13,0.123,0.365,0.166,0.289,0.166,0.115,0.421,0.142,0.151,0.134,0.134,0.162,0.149,0.265,0.395,0.139,0.164,0.225,0.474,0.363,0.134,0.248,0.354,0.078,0.129,0.211,0.083,0.227,0.159,0.101,0.139,0.156,0.653,0.339,0.416,0.278,0.122,0.14,0.628,0.109,0.126,0.088,0.144,0.132,0.169,0.183,0.095,0.279,0.106,0.192,0.275,0.174,0.097,0.093,0.097,0.303,0.18,0.075,0.127,0.057,0.113,0.26,0.128,0.108,0.163,0.144,0.17,0.092,0.152,0.216,0.165,0.114,0.246,0.158,0.166,0.145,0.25,0.363,0.152,0.104,0.131,0.109,0.213,0.14,0.102,0.112,0.139,0.112,0.154,0.229,0.204,0.092,0.165,0.289,0.121,0.138,0.172,0.187,0.13,0.086,0.48,0.151,0.096,0.221,0.097,0.209,0.273,0.057,0.294,0.09,0.157,0.728,0.108,0.123,0.152,0.136,0.072,0.279,0.101,0.148,0.15,0.127,0.121,0.12,0.129,0.131,0.146,0.163,0.312,0.148,0.065,0.185,0.131,0.109,0.101,0.201,0.084,0.432,0.149,0.098,0.368,0.088,0.103,0.127,0.208,0.155,0.209,0.271,0.217,0.279,0.09,0.132,0.174,0.145,0.126,0.214,0.147,0.112,0.172,0.107,0.177,0.257,0.209,0.095,0.082,0.107,0.325,0.256,0.198,0.17,0.152,0.062,0.096,0.111,0.11,0.165,0.165,0.086,0.132,0.135,0.172,0.432,0.149,0.256,0.092,0.09,0.642,0.158,0.069
0.253,0.243,0.212,0.308,0.159,0.296,0.243,0.141,0.236,0.256,0.314,0.164,0.228,0.257,0.221,0.265,0.299,0.136,0.381,0.225,0.229,0.241,0.21,0.168,0.222,0.158,0.246,0.268,0.353,0.099,0.301,0.232,0.302,0.097,0.156,0.101,0.214,0.173,0.208,0.101,0.261,0.143,0.269,0.222,0.191,0.117,0.239,0.297,0.379,0.243,0.303,0.113,1.0,0.448,0.398,0.421,0.086,0.133,0.247,0.37,0.195,0.227,0.073,0.193,0.134,0.256,0.379,0.218,0.17,0.207,0.238,0.415,0.249,0.228,0.159,0.106,0.101,0.346,0.148,0.246,0.221,0.218,0.277,0.217,0.262,0.277,0.131,0.09,0.239,0.226,0.058,0.614,0.259,0.156,0.09,0.213,0.148,0.312,0.182,0.096,0.335,0.213,0.468,0.319,0.276,0.335,0.397,0.071,0.3,0.251,0.224,0.104,0.231,0.459,0.199,0.125,0.138,0.158,0.136,0.172,0.053,0.336,0.157,0.221,0.318,0.321,0.211,0.243,0.141,0.226,0.248,0.211,0.22,0.303,0.266,0.26,0.258,0.272,0.392,0.255,0.17,0.333,0.202,0.241,0.206,0.076,0.149,0.228,0.173,0.261,0.165,0.219,0.15,0.458,0.16,0.248,0.187,0.244,0.226,0.328,0.201,0.197,0.3,0.29,0.289,0.196,0.182,0.164,0.158,0.089,0.188,0.182,0.128,0.497,0.284,0.198,0.275,0.216,0.104,0.192,0.309,0.196,0.261,0.199,0.381,0.36,0.317,0.114,0.281,0.078,0.222,0.127,0.327,0.383,0.343,0.463,0.18,0.069,0.138,0.228,0.342,0.072,0.335,0.283,0.211,0.337,0.199,0.181,0.086,0.459,0.066,0.315,0.294,0.29,0.193,0.326,0.075,0.418,0.279,0.23,0.223,0.243,0.237,0.145,0.202,0.324,0.297,0.067,0.193,0.185,0.228,0.146,0.147,0.29,0.232,0.178,0.239,0.159,0.279,0.226,0.164,0.244,0.217,0.236,0.174,0.155,0.483,0.12,0.251,0.276
0.159,0.45,0.286,0.287,0.126,0.151,0.304,0.148,0.224,0.375,0.289,0.175,0.372,0.339,0.285,0.159,0.193,0.119,0.521,0.262,0.303,0.262,0.278,0.196,0.383,0.122,0.303,0.219,0.338,0.077,0.327,0.193,0.284,0.08,0.193,0.088,0.187,0.115,0.25,0.084,0.266,0.118,0.364,0.178,0.237,0.189,0.317,0.334,0.253,0.184,0.374,0.086,0.448,1.0,0.335,0.352,0.065,0.107,0.265,0.309,0.374,0.12,0.05,0.177,0.199,0.348,0.405,0.13,0.201,0.215,0.289,0.384,0.329,0.35,0.122,0.084,0.079,0.301,0.125,0.132,0.191,0.286,0.321,0.168,0.231,0.359,0.1,0.193,0.334,0.447,0.189,0.466,0.201,0.116,0.081,0.125,0.175,0.284,0.219,0.127,0.25,0.306,0.532,0.239,0.362,0.46,0.268,0.077,0.324,0.36,0.296,0.078,0.289,0.391,0.202,0.06,0.12,0.185,0.175,0.298,0.08,0.356,0.17,0.236,0.305,0.397,0.302,0.342,0.162,0.226,0.111,0.327,0.219,0.148,0.34,0.364,0.328,0.299,0.362,0.325,0.157,0.404,0.176,0.219,0.241,0.146,0.151,0.373,0.1,0.436,0.283,0.138,0.281,0.366,0.185,0.255,0.298,0.427,0.336,0.356,0.359,0.234,0.337,0.606,0.413,0.218,0.236,0.181,0.113,0.085,0.083,0.548,0.103,0.305,0.276,0.193,0.476,0.492,0.085,0.205,0.475,0.236,0.251,0.296,0.22,0.283,0.31,0.204,0.375,0.058,0.255,0.133,0.241,0.365,0.361,0.365,0.144,0.256,0.104,0.35,0.273,0.046,0.304,0.447,0.203,0.212,0.226,0.173,0.062,0.253,0.052,0.163,0.278,0.391,0.175,0.32,0.073,0.317,0.298,0.197,0.319,0.335,0.158,0.136,0.249,0.208,0.291,0.052,0.202,0.232,0.293,0.212,0.073,0.583,0.176,0.343,0.26,0.178,0.154,0.307,0.263,0.427,0.227,0.238,0.282,0.277,0.598,0.069,0.359,0.366
0.3,0.439,0.315,0.402,0.213,0.259,0.52,0.187,0.421,0.339,0.294,0.229,0.297,0.272,0.41,0.285,0.366,0.205,0.443,0.28,0.4,0.326,0.227,0.298,0.305,0.292,0.464,0.311,0.525,0.254,0.433,0.239,0.553,0.2,0.342,0.211,0.257,0.237,0.39,0.18,0.409,0.194,0.444,0.247,0.341,0.185,0.492,0.334,0.73,0.28,0.311,0.327,0.398,0.335,1.0,0.37,0.229,0.156,0.265,0.53,0.385,0.4,0.16,0.29,0.24,0.475,0.359,0.232,0.245,0.229,0.422,0.553,0.488,0.497,0.187,0.194,0.123,0.38,0.208,0.272,0.366,0.374,0.439,0.328,0.302,0.471,0.162,0.136,0.463,0.4,0.086,0.34,0.275,0.288,0.185,0.271,0.235,0.466,0.346,0.249,0.448,0.269,0.507,0.535,0.336,0.847,0.392,0.136,0.381,0.289,0.407,0.154,0.267,0.282,0.223,0.138,0.184,0.23,0.133,0.268,0.122,0.411,0.289,0.47,0.418,0.521,0.251,0.555,0.157,0.256,0.314,0.464,0.289,0.423,0.538,0.496,0.479,0.28,0.722,0.356,0.195,0.359,0.163,0.379,0.405,0.158,0.159,0.477,0.188,0.41,0.324,0.256,0.301,0.772,0.25,0.33,0.296,0.458,0.404,0.693,0.267,0.465,0.567,0.545,0.426,0.251,0.419,0.272,0.156,0.279,0.199,0.25,0.293,0.602,0.446,0.284,0.356,0.442,0.233,0.254,0.404,0.418,0.431,0.33,0.203,0.334,0.377,0.235,0.521,0.156,0.279,0.146,0.387,0.492,0.316,0.263,0.219,0.093,0.274,0.497,0.357,0.18,0.43,0.346,0.271,0.413,0.367,0.426,0.141,0.49,0.122,0.317,0.292,0.65,0.239,0.496,0.205,0.328,0.307,0.242,0.302,0.368,0.268,0.222,0.302,0.255,0.348,0.141,0.27,0.207,0.433,0.186,0.137,0.545,0.268,0.266,0.256,0.208,0.326,0.54,0.174,0.458,0.407,0.347,0.285,0.239,0.29,0.3,0.567,0.227
0.245,0.182,0.317,0.424,0.151,0.213,0.188,0.143,0.246,0.282,0.371,0.134,0.258,0.284,0.188,0.24,0.344,0.123,0.231,0.347,0.194,0.214,0.159,0.163,0.305,0.134,0.211,0.178,0.451,0.083,0.323,0.177,0.327,0.095,0.118,0.093,0.305,0.181,0.203,0.086,0.282,0.13,0.275,0.251,0.19,0.109,0.217,0.245,0.349,0.207,0.258,0.091,0.421,0.352,0.37,1.0,0.073,0.124,0.237,0.403,0.18,0.216,0.067,0.181,0.143,0.214,0.544,0.22,0.152,0.274,0.195,0.416,0.22,0.173,0.18,0.105,0.108,0.308,0.12,0.223,0.222,0.231,0.253,0.255,0.314,0.238,0.098,0.111,0.207,0.208,0.059,0.466,0.208,0.148,0.064,0.173,0.215,0.337,0.166,0.091,0.35,0.25,0.618,0.255,0.385,0.397,1.0,0.069,0.269,0.301,0.216,0.091,0.186,0.374,0.279,0.114,0.11,0.138,0.111,0.19,0.07,0.348,0.152,0.177,0.386,0.231,0.22,0.197,0.174,0.167,0.258,0.166,0.237,0.285,0.224,0.231,0.208,0.319,0.393,0.346,0.133,0.287,0.153,0.279,0.174,0.091,0.132,0.215,0.176,0.329,0.132,0.21,0.163,0.391,0.162,0.267,0.206,0.21,0.301,0.433,0.156,0.156,0.245,0.577,0.357,0.167,0.138,0.13,0.195,0.077,0.187,0.155,0.11,0.428,0.264,0.212,0.273,0.424,0.094,0.204,0.315,0.168,0.231,0.214,0.169,0.422,0.42,0.131,0.226,0.084,0.214,0.11,0.327,0.47,0.497,0.266,0.141,0.118,0.151,0.173,0.326,0.075,0.307,0.328,0.292,0.349,0.176,0.17,0.074,0.447,0.053,0.282,0.291,0.235,0.148,0.345,0.064,0.392,0.458,0.223,0.255,0.274,0.208,0.172,0.249,0.239,0.405,0.065,0.154,0.175,0.215,0.217,0.132,0.577,0.212,0.232,0.235,0.206,0.242,0.181,0.165,0.21,0.249,0.33,0.173,0.185,0.309,0.129,0.195,0.167
0.12,0.083,0.15,0.103,0.17,0.11,0.114,0.269,0.12,0.08,0.09,0.186,0.098,0.125,0.092,0.072,0.096,0.154,0.085,0.155,0.105,0.093,0.078,0.325,0.086,0.479,0.102,0.144,0.099,0.549,0.123,0.114,0.163,0.37,0.077,0.301,0.139,0.235,0.14,0.303,0.15,0.187,0.096,0.204,0.253,0.356,0.114,0.058,0.093,0.077,0.077,0.625,0.086,0.065,0.229,0.073,1.0,0.222,0.13,0.137,0.096,0.082,0.37,0.133,0.222,0.122,0.092,0.373,0.103,0.115,0.098,0.1,0.124,0.105,0.313,0.414,0.111,0.135,0.193,0.518,0.285,0.104,0.249,0.292,0.059,0.092,0.176,0.059,0.306,0.117,0.068,0.116,0.112,0.44,0.252,0.234,0.266,0.096,0.099,0.364,0.084,0.091,0.07,0.104,0.104,0.14,0.157,0.078,0.259,0.084,0.152,0.245,0.143,0.071,0.106,0.07,0.264,0.172,0.062,0.13,0.048,0.093,0.212,0.094,0.085,0.119,0.11,0.123,0.066,0.111,0.19,0.12,0.086,0.173,0.12,0.123,0.105,0.247,0.284,0.121,0.074,0.094,0.085,0.191,0.101,0.07,0.076,0.109,0.096,0.156,0.328,0.175,0.066,0.121,0.457,0.094,0.167,0.125,0.144,0.108,0.065,0.352,0.11,0.077,0.17,0.074,0.134,0.169,0.046,0.198,0.061,0.147,0.75,0.082,0.091,0.164,0.103,0.055,0.413,0.077,0.138,0.109,0.101,0.097,0.083,0.103,0.114,0.105,0.119,0.409,0.112,0.051,0.145,0.104,0.09,0.077,0.206,0.064,0.391,0.105,0.077,0.581,0.068,0.078,0.103,0.16,0.201,0.158,0.241,0.187,0.226,0.07,0.121,0.133,0.11,0.096,0.137,0.115,0.1,0.136,0.083,0.158,0.218,0.201,0.075,0.06,0.082,0.406,0.193,0.221,0.128,0.117,0.05,0.077,0.081,0.096,0.121,0.133,0.064,0.099,0.101,0.125,0.298,0.137,0.349,0.069,0.064,0.336,0.115,0.052
0.246,0.122,0.178,0.159,0.393,0.232,0.15,0.17,0.14,0.202,0.188,0.247,0.182,0.177,0.14,0.22,0.129,0.154,0.128,0.182,0.166,0.141,0.108,0.185,0.146,0.224,0.155,0.241,0.192,0.187,0.167,0.241,0.151,0.16,0.113,0.121,0.146,0.16,0.164,0.172,0.254,0.139,0.165,0.166,0.163,0.287,0.155,0.083,0.12,0.211,0.181,0.167,0.133,0.107,0.156,0.124,0.222,1.0,0.202,0.158,0.126,0.079,0.16,0.098,0.139,0.222,0.153,0.467,0.156,0.209,0.13,0.151,0.155,0.139,0.129,0.173,0.129,0.122,0.226,0.243,0.253,0.152,0.219,0.193,0.255,0.175,0.202,0.108,0.185,0.151,0.069,0.159,0.157,0.201,0.109,0.275,0.186,0.133,0.372,0.138,0.123,0.115,0.102,0.122,0.165,0.168,0.277,0.069,0.178,0.156,0.162,0.133,0.146,0.129,0.203,0.269,0.168,0.159,0.083,0.256,0.054,0.13,0.133,0.126,0.153,0.162,0.171,0.156,0.119,0.226,0.138,0.138,0.137,0.167,0.165,0.228,0.141,0.206,0.175,0.195,0.141,0.126,0.258,0.182,0.133,0.124,0.101,0.148,0.176,0.151,0.165,0.211,0.181,0.159,0.243,0.144,0.167,0.162,0.165,0.139,0.084,0.155,0.146,0.167,0.198,0.108,0.143,0.138,0.095,0.156,0.299,0.153,0.224,0.112,0.127,0.196,0.183,0.136,0.214,0.186,0.171,0.134,0.215,0.122,0.124,0.193,0.147,0.115,0.17,0.158,0.325,0.217,0.145,0.17,0.132,0.153,0.292,0.071,0.198,0.139,0.101,0.253,0.119,0.17,0.103,0.213,0.463,0.132,0.126,0.287,0.105,0.19,0.17,0.171,0.207,0.148,0.098,0.123,0.157,0.284,0.147,0.172,0.137,0.155,0.129,0.362,0.161,0.153,0.179,0.177,0.149,0.153,0.049,0.167,0.213,0.131,0.19,0.125,0.1,0.146,0.136,0.162,0.189,0.198,0.156,0.132,0.098,0.179,0.152,0.077
0.213,0.268,0.183,0.206,0.207,0.129,0.317,0.149,0.2,0.233,0.302,0.278,0.331,0.418,0.276,0.132,0.152,0.133,0.288,0.205,0.28,0.2,0.215,0.152,0.196,0.196,0.279,0.65,0.306,0.142,0.245,0.356,0.198,0.111,0.221,0.128,0.175,0.124,0.216,0.144,0.187,0.123,0.3,0.318,0.252,0.217,0.269,0.236,0.235,0.224,0.169,0.176,0.247,0.265,0.265,0.237,0.13,0.202,1.0,0.211,0.214,0.104,0.084,0.15,0.128,0.418,0.301,0.209,0.458,0.152,0.235,0.287,0.283,0.297,0.088,0.121,0.12,0.202,0.187,0.223,0.191,0.23,0.26,0.162,0.132,0.26,0.169,0.108,0.306,0.271,0.088,0.296,0.323,0.193,0.093,0.192,0.099,0.168,0.226,0.132,0.252,0.14,0.281,0.224,0.223,0.315,0.602,0.077,0.198,0.262,0.244,0.137,0.211,0.289,0.116,0.084,0.179,0.198,0.146,0.187,0.048,0.24,0.154,0.24,0.241,0.355,0.201,0.334,0.211,0.422,0.114,0.252,0.168,0.161,0.307,0.3,0.274,0.188,0.267,0.238,0.223,0.258,0.235,0.149,0.27,0.104,0.31,0.252,0.176,0.209,0.187,0.157,0.22,0.31,0.223,0.183,0.179,0.316,0.201,0.254,0.242,0.275,0.316,0.191,0.274,0.17,0.259,0.223,0.111,0.111,0.079,0.234,0.188,0.171,0.21,0.266,0.532,0.152,0.113,0.238,0.214,0.241,0.198,0.211,0.249,0.205,0.254,0.143,0.332,0.077,0.181,0.213,0.198,0.281,0.227,0.258,0.243,0.073,0.135,0.297,0.12,0.075,0.162,0.208,0.107,0.587,0.249,0.234,0.116,0.771,0.102,0.147,0.317,0.342,0.273,0.221,0.11,0.162,0.211,0.314,0.189,0.214,0.126,0.125,0.226,0.128,0.268,0.083,0.249,0.198,0.235,0.255,0.054,0.191,0.201,0.176,0.753,0.125,0.077,0.258,0.344,0.316,0.186,0.148,0.16,0.142,0.308,0.129,0.311,0.2
0.312,0.313,0.36,0.458,0.197,0.226,0.364,0.258,0.423,0.325,0.291,0.208,0.245,0.243,0.32,0.266,0.527,0.548,0.331,0.304,0.333,0.307,0.201,0.354,0.311,0.217,0.351,0.258,0.44,0.157,0.428,0.201,0.521,0.311,0.248,0.145,0.304,0.348,0.362,0.229,0.451,0.386,0.401,0.345,0.347,0.153,0.404,0.26,0.482,0.261,0.301,0.166,0.37,0.309,0.53,0.403,0.137,0.158,0.211,1.0,0.373,0.311,0.17,0.343,0.199,0.375,0.401,0.436,0.193,0.235,0.339,0.495,0.4,0.343,0.209,0.226,0.121,0.318,0.214,0.272,0.309,0.359,0.375,0.425,0.311,0.372,0.272,0.128,0.371,0.352,0.069,0.378,0.253,0.208,0.113,0.192,0.236,0.456,0.28,0.14,0.454,0.219,0.507,0.442,0.372,0.847,0.392,0.113,0.302,0.278,0.428,0.269,0.497,0.25,0.348,0.105,0.325,0.279,0.102,0.271,0.122,0.332,0.36,0.351,0.401,0.393,0.243,0.387,0.147,0.201,0.378,0.33,0.291,0.407,0.451,0.388,0.366,0.289,0.603,0.421,0.183,0.384,0.147,0.362,0.344,0.121,0.128,0.382,0.202,0.396,0.23,0.297,0.235,0.591,0.23,0.335,0.242,0.37,0.407,0.693,0.199,0.304,0.411,0.545,0.429,0.238,0.304,0.313,0.263,0.238,0.151,0.295,0.199,0.488,0.404,0.251,0.304,0.562,0.132,0.21,0.379,0.373,0.327,0.31,0.203,0.518,0.429,0.188,0.393,0.176,0.258,0.102,0.402,0.506,0.365,0.257,0.194,0.098,0.271,0.343,0.318,0.118,0.336,0.346,0.273,0.349,0.304,0.288,0.274,0.49,0.216,0.293,0.249,0.471,0.204,0.452,0.247,0.33,0.346,0.21,0.406,0.43,0.382,0.324,0.31,0.232,0.327,0.132,0.25,0.199,0.489,0.192,0.114,0.545,0.262,0.298,0.206,0.35,0.275,0.381,0.154,0.37,0.345,0.376,0.225,0.2,0.25,0.185,0.395,0.182
0.166,0.365,0.366,0.26,0.139,0.097,0.461,0.21,0.319,0.389,0.238,0.209,0.35,0.255,0.343,0.102,0.202,0.151,0.373,0.257,0.425,0.225,0.187,0.213,0.441,0.162,0.43,0.261,0.305,0.111,0.307,0.196,0.34,0.12,0.324,0.205,0.217,0.115,0.354,0.132,0.283,0.184,0.455,0.205,0.281,0.226,0.451,0.201,0.333,0.146,0.298,0.13,0.195,0.374,0.385,0.18,0.096,0.126,0.214,0.373,1.0,0.126,0.075,0.233,0.237,0.441,0.286,0.211,0.269,0.181,0.381,0.394,0.458,0.48,0.12,0.127,0.106,0.177,0.147,0.225,0.252,0.389,0.413,0.21,0.177,0.434,0.112,0.234,0.425,0.697,0.295,0.297,0.201,0.161,0.12,0.134,0.155,0.296,0.304,0.174,0.239,0.342,0.417,0.306,0.328,0.902,0.349,0.38,0.226,0.311,0.425,0.11,0.218,0.187,0.205,0.063,0.127,0.21,0.217,0.384,0.114,0.306,0.278,0.367,0.387,0.469,0.251,0.531,0.191,0.198,0.097,0.454,0.209,0.149,0.478,0.441,0.402,0.241,0.48,0.366,0.178,0.274,0.117,0.203,0.343,0.196,0.119,0.564,0.178,0.571,0.274,0.148,0.313,0.428,0.22,0.28,0.28,0.619,0.514,0.593,0.269,0.345,0.448,0.55,0.375,0.254,0.377,0.177,0.088,0.157,0.055,0.329,0.148,0.248,0.35,0.261,0.41,0.562,0.084,0.196,0.438,0.352,0.35,0.384,0.181,0.206,0.318,0.269,0.469,0.089,0.25,0.104,0.261,0.335,0.239,0.196,0.172,0.333,0.145,0.48,0.23,0.075,0.23,0.398,0.273,0.249,0.319,0.311,0.09,0.45,0.071,0.109,0.23,0.566,0.249,0.382,0.129,0.183,0.277,0.195,0.298,0.462,0.124,0.184,0.345,0.093,0.318,0.068,0.25,0.158,0.391,0.234,0.126,0.55,0.146,0.367,0.204,0.18,0.111,0.435,0.177,0.619,0.305,0.238,0.277,0.224,0.191,0.13,0.5,0.171
0.141,0.161,0.139,0.221,0.072,0.22,0.183,0.066,0.344,0.086,0.113,0.166,0.083,0.084,0.307,0.19,0.241,0.088,0.136,0.093,0.143,0.387,0.185,0.195,0.092,0.111,0.16,0.113,0.217,0.096,0.158,0.09,0.329,0.256,0.098,0.093,0.125,0.129,0.143,0.092,0.206,0.08,0.114,0.101,0.116,0.096,0.166,0.18,0.362,0.142,0.114,0.123,0.227,0.12,0.4,0.216,0.082,0.079,0.104,0.311,0.126,1.0,0.049,0.117,0.07,0.191,0.179,0.058,0.073,0.151,0.137,0.304,0.181,0.16,0.086,0.086,0.091,0.246,0.38,0.052,0.149,0.135,0.176,0.292,0.153,0.171,0.051,0.038,0.188,0.163,0.041,0.132,0.137,0.127,0.049,0.119,0.084,0.432,0.12,0.091,0.283,0.137,0.14,0.265,0.117,0.226,0.121,0.067,0.169,0.089,0.277,0.065,0.082,0.129,0.118,0.096,0.057,0.25,0.054,0.086,0.039,0.182,0.094,0.262,0.12,0.202,0.096,0.196,0.048,0.089,0.201,0.139,0.112,0.501,0.19,0.184,0.173,0.098,0.305,0.17,0.058,0.132,0.084,0.306,0.444,0.045,0.05,0.15,0.078,0.144,0.084,0.167,0.067,0.454,0.077,0.142,0.086,0.191,0.164,0.174,0.082,0.156,0.205,0.115,0.182,0.278,0.219,0.255,0.096,0.5,0.16,0.059,0.136,0.33,0.188,0.081,0.108,0.071,0.04,0.067,0.097,0.629,0.149,0.273,0.09,0.198,0.159,0.089,0.202,0.052,0.121,0.039,0.237,0.31,0.139,0.114,0.078,0.036,0.283,0.16,0.225,0.041,0.232,0.115,0.068,0.258,0.124,0.12,0.054,0.144,0.058,0.241,0.112,0.22,0.091,0.185,0.518,0.212,0.115,0.089,0.093,0.151,0.144,0.1,0.093,0.21,0.138,0.041,0.159,0.184,0.575,0.088,0.121,0.115,0.14,0.08,0.096,0.081,0.248,0.143,0.053,0.191,0.129,0.203,0.078,0.058,0.153,0.086,0.18,0.084
0.088,0.062,0.127,0.085,0.185,0.069,0.079,0.28,0.145,0.066,0.092,0.124,0.072,0.103,0.086,0.058,0.116,0.297,0.064,0.129,0.082,0.078,0.141,0.207,0.087,0.4,0.078,0.098,0.09,0.369,0.098,0.079,0.205,0.522,0.058,0.248,0.1,0.388,0.132,0.541,0.099,0.312,0.081,0.341,0.4,0.201,0.095,0.046,0.067,0.08,0.08,0.365,0.073,0.05,0.16,0.067,0.37,0.16,0.084,0.17,0.075,0.049,1.0,0.203,0.166,0.089,0.077,0.518,0.066,0.086,0.071,0.098,0.1,0.071,0.365,0.538,0.089,0.082,0.107,0.243,0.226,0.094,0.142,0.348,0.047,0.067,0.192,0.051,0.309,0.083,0.035,0.09,0.106,0.37,0.259,0.282,0.249,0.097,0.064,0.283,0.062,0.06,0.055,0.066,0.094,0.099,0.109,0.078,0.149,0.085,0.11,0.425,0.184,0.055,0.083,0.05,0.427,0.263,0.066,0.123,0.052,0.087,0.351,0.068,0.073,0.088,0.092,0.082,0.048,0.076,0.303,0.076,0.095,0.161,0.125,0.087,0.079,0.169,0.275,0.125,0.069,0.12,0.061,0.146,0.069,0.055,0.062,0.095,0.335,0.127,0.19,0.101,0.046,0.092,0.27,0.075,0.127,0.088,0.134,0.079,0.054,0.279,0.078,0.059,0.129,0.09,0.175,0.224,0.084,0.205,0.038,0.212,0.427,0.071,0.068,0.134,0.077,0.047,0.375,0.106,0.099,0.069,0.088,0.106,0.063,0.096,0.138,0.065,0.088,0.564,0.109,0.053,0.093,0.086,0.082,0.082,0.186,0.034,0.309,0.071,0.07,0.297,0.058,0.059,0.059,0.11,0.141,0.129,0.41,0.136,0.305,0.076,0.102,0.094,0.095,0.082,0.175,0.103,0.09,0.101,0.12,0.237,0.364,0.374,0.078,0.054,0.081,0.533,0.126,0.135,0.089,0.089,0.048,0.059,0.081,0.12,0.081,0.254,0.046,0.071,0.088,0.088,0.253,0.119,0.204,0.067,0.048,0.402,0.081,0.068
0.134,0.218,0.23,0.205,0.135,0.124,0.266,0.334,0.242,0.213,0.169,0.178,0.163,0.168,0.226,0.1,0.204,0.253,0.238,0.199,0.222,0.177,0.166,0.186,0.192,0.195,0.249,0.179,0.227,0.16,0.212,0.138,0.272,0.255,0.16,0.137,0.159,0.293,0.354,0.258,0.206,0.365,0.266,0.284,0.52,0.119,0.418,0.168,0.246,0.12,0.185,0.166,0.193,0.177,0.29,0.181,0.133,0.098,0.15,0.343,0.233,0.117,0.203,1.0,0.17,0.267,0.199,0.245,0.164,0.118,0.235,0.292,0.303,0.242,0.215,0.254,0.117,0.161,0.108,0.149,0.186,0.253,0.214,0.263,0.131,0.222,0.175,0.116,0.277,0.235,0.052,0.373,0.2,0.184,0.104,0.146,0.142,0.218,0.18,0.141,0.193,0.123,0.305,0.217,0.222,0.512,0.244,0.125,0.201,0.196,0.26,0.296,0.281,0.137,0.171,0.089,0.324,0.169,0.097,0.168,0.168,0.206,0.482,0.274,0.252,0.289,0.181,0.279,0.122,0.14,0.476,0.287,0.149,0.148,0.312,0.276,0.3,0.177,0.362,0.235,0.118,0.272,0.102,0.216,0.205,0.132,0.278,0.264,0.202,0.24,0.171,0.137,0.175,0.321,0.223,0.167,0.2,0.26,0.265,0.429,0.149,0.239,0.278,0.325,0.248,0.192,0.195,0.299,0.131,0.118,0.074,0.156,0.195,0.234,0.232,0.194,0.202,0.314,0.116,0.242,0.269,0.211,0.213,0.225,0.136,0.142,0.238,0.2,0.289,0.202,0.163,0.072,0.202,0.243,0.222,0.308,0.155,0.056,0.163,0.242,0.182,0.127,0.212,0.193,0.293,0.193,0.194,0.204,0.275,0.313,0.3,0.133,0.188,0.354,0.157,0.263,0.271,0.192,0.195,0.141,0.261,0.306,0.415,0.351,0.208,0.106,0.2,0.139,0.215,0.168,0.284,0.145,0.076,0.325,0.117,0.177,0.144,0.393,0.117,0.276,0.096,0.26,0.238,0.21,0.167,0.143,0.135,0.192,0.288,0.157
0.138,0.173,0.229,0.185,0.174,0.08,0.205,0.235,0.19,0.342,0.175,0.152,0.203,0.144,0.167,0.089,0.126,0.142,0.206,0.278,0.187,0.131,0.118,0.172,0.328,0.29,0.26,0.15,0.196,0.187,0.177,0.159,0.189,0.162,0.122,0.256,0.17,0.142,0.26,0.177,0.171,0.153,0.35,0.152,0.211,0.144,0.333,0.12,0.161,0.102,0.248,0.289,0.134,0.199,0.24,0.143,0.222,0.139,0.128,0.199,0.237,0.07,0.166,0.17,1.0,0.215,0.193,0.38,0.155,0.176,0.184,0.211,0.389,0.183,0.171,0.209,0.115,0.119,0.129,0.332,0.239,0.342,0.186,0.201,0.111,0.177,0.12,0.176,0.219,0.302,0.244,0.168,0.129,0.268,0.105,0.15,0.181,0.207,0.16,0.293,0.14,0.196,0.278,0.154,0.316,0.376,0.3,0.157,0.216,0.244,0.308,0.126,0.146,0.147,0.133,0.056,0.158,0.229,0.165,0.284,0.55,0.157,0.175,0.181,0.26,0.231,0.323,0.211,0.135,0.123,0.105,0.2,0.14,0.164,0.232,0.231,0.198,0.288,0.319,0.339,0.272,0.169,0.087,0.197,0.17,0.157,0.077,0.318,0.098,0.274,0.14,0.13,0.191,0.211,0.248,0.193,0.175,0.288,0.292,0.627,0.365,0.241,0.211,0.308,0.254,0.133,0.166,0.139,0.062,0.132,0.048,0.181,0.262,0.148,0.39,0.172,0.215,0.248,0.171,0.126,0.314,0.172,0.239,0.202,0.116,0.159,0.233,0.168,0.234,0.172,0.137,0.096,0.165,0.204,0.164,0.147,0.122,0.492,0.214,0.183,0.168,0.14,0.16,0.219,0.145,0.156,0.177,0.167,0.115,0.235,0.102,0.081,0.159,0.261,0.267,0.207,0.085,0.152,0.212,0.155,0.2,0.237,0.147,0.163,0.24,0.09,0.193,0.141,0.191,0.153,0.196,0.215,0.066,0.308,0.102,0.206,0.125,0.15,0.078,0.281,0.168,0.288,0.298,0.178,0.228,0.208,0.111,0.248,0.214,0.096
0.253,0.53,0.297,0.291,0.237,0.157,0.653,0.18,0.396,0.362,0.288,0.3,0.348,0.309,0.482,0.154,0.238,0.192,0.537,0.253,0.482,0.332,0.281,0.272,0.319,0.216,0.559,0.45,0.392,0.142,0.383,0.326,0.41,0.148,0.428,0.174,0.236,0.131,0.412,0.16,0.314,0.172,0.476,0.246,0.354,0.184,0.565,0.316,0.5,0.241,0.299,0.166,0.256,0.348,0.475,0.214,0.122,0.222,0.418,0.375,0.441,0.191,0.089,0.267,0.215,1.0,0.305,0.23,0.33,0.175,0.494,0.488,0.564,0.623,0.096,0.129,0.125,0.269,0.232,0.272,0.299,0.41,0.46,0.234,0.246,0.526,0.179,0.17,0.563,0.483,0.095,0.34,0.292,0.196,0.144,0.207,0.151,0.262,0.417,0.133,0.343,0.252,0.507,0.473,0.31,0.847,0.392,0.146,0.342,0.313,0.462,0.128,0.272,0.253,0.211,0.106,0.179,0.251,0.158,0.303,0.122,0.372,0.273,0.521,0.413,0.655,0.28,0.697,0.182,0.344,0.127,0.55,0.261,0.224,0.63,0.581,0.554,0.249,0.554,0.343,0.231,0.376,0.279,0.241,0.473,0.192,0.216,0.54,0.188,0.396,0.359,0.17,0.384,0.567,0.256,0.313,0.32,0.577,0.402,0.693,0.343,0.502,0.645,0.545,0.4,0.268,0.498,0.266,0.113,0.228,0.108,0.291,0.172,0.34,0.429,0.322,0.452,0.442,0.128,0.303,0.412,0.489,0.42,0.352,0.244,0.248,0.338,0.267,0.655,0.094,0.298,0.224,0.309,0.379,0.265,0.282,0.253,0.093,0.172,0.623,0.223,0.094,0.348,0.349,0.271,0.35,0.439,0.49,0.112,0.49,0.106,0.173,0.32,0.761,0.309,0.463,0.201,0.213,0.286,0.283,0.307,0.353,0.149,0.194,0.316,0.154,0.317,0.082,0.297,0.198,0.478,0.243,0.072,0.545,0.223,0.279,0.351,0.171,0.138,0.608,0.231,0.577,0.337,0.265,0.287,0.26,0.319,0.153,0.682,0.27
0.238,0.235,0.377,0.474,0.2,0.17,0.262,0.202,0.267,0.403,0.46,0.17,0.337,0.373,0.26,0.189,0.397,0.158,0.282,0.422,0.287,0.306,0.197,0.208,0.43,0.18,0.301,0.247,0.418,0.103,0.34,0.248,0.333,0.156,0.173,0.106,0.338,0.158,0.271,0.111,0.311,0.142,0.38,0.283,0.255,0.179,0.3,0.299,0.284,0.219,0.375,0.115,0.379,0.405,0.359,0.544,0.092,0.153,0.301,0.401,0.286,0.179,0.077,0.199,0.193,0.305,1.0,0.256,0.205,0.272,0.251,0.456,0.302,0.24,0.16,0.133,0.103,0.329,0.191,0.304,0.28,0.331,0.289,0.277,0.275,0.268,0.129,0.156,0.298,0.335,0.094,0.514,0.235,0.19,0.067,0.172,0.202,0.33,0.233,0.124,0.417,0.258,1.0,0.338,0.488,0.487,1.0,0.075,0.283,0.394,0.329,0.109,0.216,0.353,0.285,0.086,0.151,0.195,0.108,0.308,0.086,0.354,0.203,0.233,0.414,0.315,0.27,0.268,0.212,0.289,0.195,0.222,0.243,0.247,0.306,0.316,0.274,0.365,0.376,0.467,0.183,0.316,0.163,0.29,0.272,0.117,0.183,0.316,0.186,0.491,0.18,0.198,0.233,0.372,0.23,0.3,0.227,0.322,0.375,0.474,0.202,0.223,0.297,0.532,0.4,0.21,0.197,0.187,0.165,0.154,0.129,0.255,0.137,0.307,0.285,0.221,0.427,0.377,0.121,0.272,0.398,0.271,0.245,0.288,0.222,0.595,0.468,0.181,0.311,0.103,0.233,0.143,0.325,0.448,0.542,0.393,0.202,0.175,0.179,0.24,0.316,0.099,0.336,0.474,0.157,0.337,0.243,0.203,0.088,0.467,0.065,0.221,0.295,0.321,0.238,0.415,0.115,0.327,0.507,0.312,0.323,0.348,0.171,0.218,0.363,0.215,0.405,0.075,0.199,0.223,0.345,0.259,0.09,0.532,0.22,0.33,0.344,0.25,0.157,0.239,0.237,0.322,0.301,0.362,0.213,0.224,0.3,0.185,0.272,0.174
0.33,0.184,0.307,0.256,0.526,0.074,0.211,0.737,0.236,0.22,0.36,0.123,0.209,0.23,0.195,0.107,0.466,0.548,0.189,0.455,0.211,0.211,0.214,0.385,0.339,0.572,0.211,0.273,0.256,0.427,0.258,0.209,0.244,0.518,0.174,0.339,0.195,0.518,0.413,0.388,0.23,0.668,0.273,0.38,0.388,0.22,0.23,0.113,0.183,0.187,0.139,0.421,0.218,0.13,0.232,0.22,0.373,0.467,0.209,0.436,0.211,0.058,0.518,0.245,0.38,0.23,0.256,1.0,0.181,0.107,0.211,0.23,0.23,0.195,0.518,0.518,0.095,0.126,0.262,0.514,0.421,0.23,0.211,0.489,0.106,0.195,0.436,0.115,0.284,0.23,0.045,0.18,0.249,0.489,0.258,0.382,0.338,0.195,0.195,0.349,0.162,0.097,0.108,0.16,0.654,0.195,0.209,0.097,0.514,0.209,0.23,0.38,0.436,0.162,0.271,0.065,0.589,0.673,0.139,0.519,0.053,0.144,0.38,0.183,0.209,0.23,0.141,0.211,0.144,0.211,0.342,0.183,0.33,0.496,0.23,0.23,0.211,0.439,0.489,0.542,0.22,0.28,0.121,0.373,0.195,0.077,0.144,0.211,0.214,0.23,0.178,0.134,0.142,0.23,0.487,0.256,0.235,0.23,0.499,0.154,0.117,0.373,0.211,0.117,0.23,0.175,0.357,0.272,0.201,0.217,0.044,0.548,0.489,0.174,0.195,0.273,0.209,0.095,0.394,0.173,0.572,0.195,0.153,0.195,0.195,0.255,0.315,0.071,0.23,0.518,0.221,0.176,0.195,0.33,0.256,0.192,0.22,0.035,0.489,0.195,0.108,0.2,0.113,0.195,0.048,0.273,0.519,0.174,0.38,0.273,0.262,0.142,0.21,0.23,0.211,0.23,0.19,0.123,0.351,0.33,0.414,0.548,0.388,0.518,0.23,0.148,0.209,0.506,0.168,0.3,0.23,0.141,0.065,0.117,0.187,0.438,0.209,0.518,0.055,0.183,0.282,0.23,0.421,0.345,0.213,0.145,0.13,0.348,0.211,0.102
0.144,0.179,0.186,0.158,0.16,0.099,0.245,0.144,0.161,0.226,0.387,0.291,0.369,0.233,0.205,0.088,0.12,0.094,0.218,0.18,0.227,0.131,0.139,0.133,0.252,0.157,0.229,0.422,0.17,0.118,0.186,0.209,0.164,0.096,0.147,0.16,0.151,0.111,0.194,0.135,0.181,0.109,0.246,0.189,0.197,0.199,0.248,0.15,0.167,0.138,0.139,0.142,0.17,0.201,0.245,0.152,0.103,0.156,0.458,0.193,0.269,0.073,0.066,0.164,0.155,0.33,0.205,0.181,1.0,0.157,0.212,0.248,0.261,0.214,0.111,0.117,0.104,0.128,0.12,0.159,0.148,0.229,0.215,0.148,0.092,0.195,0.099,0.443,0.271,0.316,0.175,0.239,0.205,0.165,0.096,0.124,0.097,0.156,0.18,0.157,0.179,0.161,0.186,0.151,0.186,0.249,0.29,0.209,0.142,0.176,0.246,0.099,0.14,0.192,0.118,0.058,0.118,0.161,0.133,0.217,0.108,0.202,0.225,0.178,0.167,0.292,0.2,0.254,0.212,0.238,0.094,0.283,0.119,0.099,0.265,0.264,0.224,0.169,0.237,0.198,0.149,0.187,0.144,0.122,0.198,0.53,0.147,0.225,0.167,0.221,0.135,0.147,0.3,0.274,0.242,0.158,0.189,0.32,0.213,0.197,0.162,0.208,0.241,0.137,0.223,0.147,0.18,0.132,0.074,0.089,0.056,0.146,0.163,0.129,0.178,0.277,0.387,0.144,0.07,0.154,0.206,0.189,0.169,0.211,0.164,0.149,0.202,0.355,0.284,0.075,0.144,0.112,0.173,0.199,0.179,0.163,0.167,0.235,0.127,0.214,0.14,0.063,0.125,0.19,0.257,0.334,0.195,0.151,0.082,0.651,0.076,0.093,0.158,0.284,0.229,0.198,0.075,0.229,0.169,0.199,0.152,0.213,0.108,0.112,0.173,0.082,0.191,0.059,0.249,0.144,0.223,0.574,0.089,0.137,0.132,0.209,0.295,0.115,0.1,0.188,0.205,0.32,0.168,0.13,0.167,0.118,0.168,0.117,0.24,0.116
0.411,0.112,0.224,0.371,0.228,0.185,0.149,0.156,0.203,0.235,0.33,0.209,0.249,0.198,0.133,0.503,0.234,0.101,0.123,0.34,0.21,0.14,0.108,0.132,0.307,0.202,0.169,0.181,0.214,0.129,0.376,0.174,0.202,0.12,0.13,0.119,0.387,0.302,0.218,0.156,0.297,0.123,0.282,0.194,0.203,0.256,0.164,0.11,0.194,0.417,0.245,0.151,0.207,0.215,0.229,0.274,0.115,0.209,0.152,0.235,0.181,0.151,0.086,0.118,0.176,0.175,0.272,0.107,0.157,1.0,0.139,0.24,0.17,0.131,0.127,0.146,0.138,0.155,0.136,0.193,0.217,0.185,0.23,0.244,0.216,0.223,0.105,0.18,0.166,0.229,0.199,0.199,0.184,0.187,0.077,0.295,0.192,0.315,0.276,0.182,0.362,0.312,0.091,0.2,0.216,0.181,0.254,0.083,0.15,0.16,0.241,0.105,0.108,0.181,0.203,0.216,0.109,0.109,0.084,0.271,0.082,0.336,0.121,0.122,0.195,0.168,0.216,0.154,0.167,0.2,0.291,0.141,0.233,0.189,0.169,0.241,0.144,0.242,0.348,0.239,0.12,0.174,0.173,0.333,0.171,0.154,0.168,0.23,0.156,0.402,0.096,0.458,0.339,0.251,0.191,0.311,0.129,0.217,0.224,0.138,0.086,0.15,0.156,0.133,0.261,0.108,0.118,0.114,0.138,0.154,0.248,0.142,0.173,0.238,0.158,0.139,0.239,0.099,0.097,0.238,0.221,0.137,0.273,0.202,0.145,0.267,0.201,0.198,0.173,0.099,0.33,0.123,0.412,0.218,0.254,0.138,0.144,0.336,0.28,0.131,0.194,0.09,0.168,0.291,0.136,0.258,0.232,0.141,0.092,0.235,0.081,0.222,0.158,0.174,0.192,0.212,0.087,0.379,0.242,0.23,0.169,0.183,0.189,0.132,0.198,0.199,0.291,0.068,0.218,0.18,0.177,0.256,0.11,0.133,0.494,0.242,0.177,0.138,0.371,0.13,0.229,0.217,0.235,0.334,0.149,0.156,0.127,0.174,0.15,0.071
0.177,0.472,0.264,0.256,0.144,0.098,0.595,0.166,0.378,0.298,0.227,0.197,0.259,0.367,0.436,0.109,0.202,0.156,0.438,0.216,0.4,0.249,0.207,0.214,0.286,0.167,0.481,0.281,0.306,0.116,0.302,0.214,0.392,0.122,0.31,0.16,0.261,0.112,0.42,0.124,0.295,0.221,0.401,0.222,0.303,0.129,0.495,0.237,0.371,0.16,0.234,0.134,0.238,0.289,0.422,0.195,0.098,0.13,0.235,0.339,0.381,0.137,0.071,0.235,0.184,0.494,0.251,0.211,0.212,0.139,1.0,0.427,0.478,0.453,0.077,0.121,0.102,0.204,0.16,0.225,0.236,0.37,0.385,0.211,0.175,0.404,0.123,0.127,0.475,0.426,0.067,0.297,0.216,0.163,0.333,0.143,0.13,0.233,0.335,0.111,0.249,0.193,0.417,0.342,0.265,0.736,0.349,0.132,0.26,0.255,0.418,0.099,0.214,0.235,0.165,0.061,0.135,0.198,0.221,0.238,0.106,0.273,0.271,0.479,0.359,0.561,0.322,0.519,0.183,0.218,0.1,0.42,0.202,0.156,0.688,0.486,0.529,0.232,0.473,0.315,0.176,0.3,0.124,0.204,0.375,0.141,0.134,0.439,0.178,0.349,0.27,0.146,0.253,0.478,0.197,0.269,0.413,0.482,0.361,0.593,0.247,0.453,0.59,0.45,0.355,0.207,0.364,0.193,0.086,0.169,0.059,0.211,0.149,0.27,0.395,0.324,0.341,0.349,0.087,0.214,0.361,0.386,0.38,0.301,0.172,0.206,0.323,0.232,0.561,0.088,0.237,0.104,0.273,0.354,0.249,0.216,0.173,0.073,0.145,0.453,0.187,0.075,0.266,0.274,0.315,0.258,0.352,0.345,0.085,0.45,0.079,0.11,0.311,0.658,0.212,0.438,0.141,0.176,0.251,0.209,0.388,0.328,0.128,0.198,0.313,0.101,0.299,0.063,0.241,0.147,0.42,0.16,0.06,0.45,0.157,0.25,0.223,0.179,0.16,0.462,0.146,0.482,0.348,0.234,0.242,0.221,0.277,0.13,0.583,0.257
0.253,0.451,0.323,0.391,0.24,0.241,0.511,0.171,0.41,0.407,0.301,0.204,0.307,0.305,0.653,0.219,0.406,0.201,0.483,0.29,0.409,0.449,0.334,0.263,0.344,0.18,0.483,0.308,0.529,0.119,0.402,0.237,0.465,0.151,0.337,0.155,0.293,0.193,0.423,0.13,0.378,0.177,0.452,0.264,0.327,0.143,0.499,0.495,0.553,0.254,0.349,0.134,0.415,0.384,0.553,0.416,0.1,0.151,0.287,0.495,0.394,0.304,0.098,0.292,0.211,0.488,0.456,0.23,0.248,0.24,0.427,1.0,0.498,0.492,0.14,0.122,0.113,0.566,0.189,0.272,0.322,0.425,0.422,0.339,0.383,0.465,0.146,0.154,0.465,0.422,0.084,0.34,0.295,0.172,0.114,0.23,0.173,0.407,0.359,0.123,0.458,0.318,1.0,0.507,0.369,0.847,0.392,0.132,0.393,0.413,0.422,0.145,0.296,0.369,0.278,0.123,0.157,0.246,0.161,0.313,0.122,0.49,0.269,0.462,0.431,0.54,0.285,0.54,0.16,0.257,0.221,0.461,0.31,0.31,0.548,0.492,0.485,0.293,0.606,0.467,0.2,0.469,0.164,0.3,0.411,0.17,0.176,0.475,0.228,0.479,0.311,0.207,0.296,0.641,0.24,0.349,0.312,0.474,0.399,0.693,0.324,0.402,0.554,0.545,0.436,0.277,0.391,0.249,0.237,0.2,0.241,0.29,0.143,0.516,0.453,0.286,0.396,0.442,0.106,0.271,0.42,0.423,0.397,0.343,0.208,0.248,0.43,0.238,0.526,0.101,0.32,0.151,0.423,0.464,0.396,0.435,0.214,0.093,0.18,0.492,0.415,0.094,0.492,0.366,0.271,0.391,0.383,0.399,0.123,0.49,0.083,0.333,0.293,0.638,0.229,0.516,0.171,0.381,0.329,0.242,0.362,0.418,0.212,0.219,0.37,0.276,0.443,0.095,0.26,0.218,0.443,0.184,0.132,0.545,0.238,0.282,0.275,0.21,0.277,0.525,0.198,0.474,0.343,0.323,0.28,0.275,0.376,0.153,0.552,0.326
0.214,0.465,0.327,0.301,0.176,0.142,0.579,0.185,0.389,0.424,0.275,0.243,0.324,0.286,0.455,0.14,0.249,0.2,0.488,0.281,0.489,0.31,0.274,0.266,0.336,0.197,0.522,0.341,0.379,0.139,0.366,0.261,0.413,0.156,0.401,0.312,0.276,0.138,0.455,0.217,0.34,0.187,0.517,0.258,0.352,0.161,0.6,0.281,0.459,0.206,0.318,0.162,0.249,0.329,0.488,0.22,0.124,0.155,0.283,0.4,0.458,0.181,0.1,0.303,0.389,0.564,0.302,0.23,0.261,0.17,0.478,0.498,1.0,0.562,0.108,0.142,0.128,0.248,0.199,0.272,0.297,0.495,0.473,0.258,0.223,0.501,0.155,0.159,0.541,0.487,0.088,0.34,0.277,0.194,0.136,0.183,0.167,0.34,0.401,0.131,0.308,0.231,0.507,0.42,0.343,0.847,0.392,0.23,0.304,0.365,0.573,0.16,0.272,0.233,0.216,0.09,0.167,0.31,0.192,0.304,0.828,0.348,0.287,0.483,0.444,0.602,0.351,0.633,0.194,0.263,0.129,0.534,0.279,0.206,0.602,0.557,0.524,0.252,0.551,0.377,0.27,0.48,0.157,0.249,0.448,0.179,0.172,0.612,0.252,0.41,0.352,0.175,0.328,0.552,0.246,0.341,0.32,0.55,0.413,0.693,0.606,0.46,0.584,0.545,0.411,0.264,0.561,0.252,0.134,0.208,0.082,0.266,0.178,0.342,0.615,0.316,0.394,0.442,0.11,0.269,0.418,0.46,0.47,0.373,0.231,0.248,0.407,0.29,0.602,0.105,0.294,0.139,0.325,0.399,0.274,0.262,0.233,0.093,0.176,0.562,0.259,0.094,0.319,0.35,0.271,0.307,0.417,0.428,0.132,0.49,0.097,0.15,0.296,0.695,0.375,0.471,0.183,0.214,0.296,0.251,0.324,0.387,0.156,0.213,0.369,0.127,0.317,0.1,0.291,0.191,0.487,0.196,0.094,0.545,0.2,0.306,0.27,0.194,0.146,0.578,0.18,0.55,0.343,0.277,0.286,0.28,0.261,0.153,0.61,0.249
0.18,0.537,0.256,0.253,0.137,0.105,0.615,0.143,0.319,0.314,0.227,0.229,0.371,0.294,0.442,0.106,0.185,0.149,0.611,0.212,0.558,0.284,0.294,0.246,0.282,0.167,0.523,0.368,0.362,0.12,0.353,0.266,0.38,0.112,0.557,0.18,0.196,0.103,0.36,0.129,0.294,0.133,0.433,0.218,0.324,0.133,0.518,0.339,0.418,0.185,0.304,0.149,0.228,0.35,0.497,0.173,0.105,0.139,0.297,0.343,0.48,0.16,0.071,0.242,0.183,0.623,0.24,0.195,0.214,0.131,0.453,0.492,0.562,1.0,0.071,0.108,0.104,0.264,0.176,0.187,0.3,0.383,0.54,0.226,0.297,0.818,0.133,0.117,0.6,0.501,0.065,0.264,0.278,0.168,0.115,0.156,0.152,0.252,0.383,0.112,0.234,0.242,0.415,0.384,0.257,1.0,0.315,0.147,0.341,0.299,0.463,0.119,0.284,0.22,0.172,0.063,0.148,0.245,0.155,0.297,0.094,0.4,0.238,0.428,0.322,0.683,0.264,0.764,0.149,0.276,0.094,0.818,0.337,0.16,0.592,0.591,0.572,0.194,0.615,0.298,0.204,0.345,0.129,0.202,0.416,0.137,0.157,0.537,0.169,0.387,0.501,0.139,0.292,0.604,0.189,0.271,0.317,0.608,0.338,0.514,0.434,0.476,0.593,0.579,0.401,0.251,0.533,0.249,0.095,0.166,0.06,0.329,0.162,0.309,0.477,0.236,0.435,0.416,0.091,0.245,0.366,0.43,0.345,0.357,0.215,0.173,0.303,0.24,0.683,0.071,0.42,0.118,0.28,0.346,0.218,0.243,0.198,0.058,0.133,1.0,0.22,0.061,0.358,0.305,0.198,0.302,0.407,0.382,0.098,0.418,0.081,0.119,0.255,0.751,0.258,0.399,0.164,0.197,0.232,0.235,0.245,0.353,0.14,0.153,0.267,0.105,0.261,0.07,0.277,0.172,0.457,0.146,0.062,0.579,0.167,0.262,0.28,0.135,0.116,0.53,0.174,0.608,0.277,0.22,0.32,0.266,0.295,0.111,0.87,0.268
0.121,0.064,0.192,0.137,0.165,0.126,0.083,0.307,0.141,0.105,0.219,0.123,0.091,0.101,0.087,0.11,0.169,0.225,0.07,0.178,0.082,0.074,0.109,0.188,0.163,0.302,0.084,0.1,0.116,0.282,0.14,0.083,0.187,0.423,0.052,0.193,0.138,0.331,0.168,0.246,0.147,0.271,0.094,0.275,0.324,0.212,0.151,0.062,0.106,0.103,0.129,0.265,0.159,0.122,0.187,0.18,0.313,0.129,0.088,0.209,0.12,0.086,0.365,0.215,0.171,0.096,0.16,0.518,0.111,0.127,0.077,0.14,0.108,0.071,1.0,0.463,0.089,0.117,0.088,0.243,0.193,0.105,0.162,0.275,0.088,0.083,0.132,0.126,0.255,0.16,0.101,0.291,0.135,0.279,0.184,0.223,0.307,0.152,0.067,0.244,0.15,0.135,0.062,0.118,0.19,0.11,0.129,0.067,0.141,0.097,0.111,0.3,0.151,0.112,0.139,0.06,0.285,0.174,0.055,0.151,0.083,0.103,0.257,0.069,0.102,0.096,0.11,0.085,0.071,0.082,0.307,0.074,0.133,0.158,0.105,0.095,0.083,0.2,0.257,0.184,0.074,0.17,0.084,0.16,0.07,0.134,0.129,0.12,0.206,0.185,0.153,0.145,0.087,0.14,0.248,0.112,0.116,0.146,0.163,0.131,0.06,0.204,0.088,0.067,0.165,0.08,0.103,0.2,0.08,0.132,0.07,0.186,0.316,0.131,0.177,0.124,0.128,0.048,0.286,0.162,0.145,0.071,0.1,0.165,0.1,0.231,0.168,0.085,0.096,0.457,0.102,0.062,0.151,0.152,0.172,0.196,0.149,0.168,0.262,0.071,0.129,0.302,0.089,0.163,0.065,0.124,0.114,0.108,0.285,0.153,0.197,0.13,0.106,0.101,0.093,0.104,0.133,0.179,0.15,0.096,0.132,0.266,0.321,0.315,0.093,0.122,0.171,0.354,0.125,0.121,0.094,0.192,0.058,0.067,0.106,0.213,0.085,0.252,0.107,0.068,0.098,0.146,0.235,0.143,0.203,0.07,0.095,0.402,0.084,0.068
0.14,0.095,0.187,0.154,0.245,0.108,0.12,0.319,0.171,0.121,0.123,0.186,0.114,0.136,0.104,0.09,0.159,0.299,0.098,0.177,0.117,0.1,0.081,0.245,0.129,0.45,0.116,0.136,0.123,0.395,0.16,0.113,0.218,0.502,0.085,0.278,0.179,0.387,0.185,0.484,0.16,0.37,0.136,0.35,0.442,0.244,0.141,0.065,0.104,0.086,0.104,0.395,0.106,0.084,0.194,0.105,0.414,0.173,0.121,0.226,0.127,0.086,0.538,0.254,0.209,0.129,0.133,0.518,0.117,0.146,0.121,0.122,0.142,0.108,0.463,1.0,0.12,0.116,0.154,0.328,0.295,0.138,0.17,0.457,0.072,0.104,0.242,0.076,0.31,0.133,0.076,0.173,0.114,0.426,0.276,0.296,0.303,0.135,0.111,0.329,0.112,0.101,0.112,0.109,0.158,0.208,0.219,0.094,0.171,0.12,0.18,0.39,0.231,0.088,0.132,0.074,0.444,0.239,0.091,0.144,0.097,0.106,0.412,0.111,0.131,0.129,0.157,0.124,0.087,0.107,0.321,0.129,0.113,0.187,0.138,0.137,0.118,0.222,0.344,0.172,0.095,0.145,0.094,0.206,0.117,0.078,0.079,0.138,0.133,0.179,0.231,0.19,0.084,0.129,0.31,0.129,0.16,0.133,0.203,0.162,0.076,0.315,0.122,0.122,0.204,0.087,0.15,0.23,0.057,0.212,0.065,0.22,0.448,0.099,0.112,0.156,0.12,0.096,0.367,0.096,0.162,0.123,0.132,0.122,0.09,0.165,0.157,0.118,0.129,0.521,0.134,0.058,0.166,0.14,0.134,0.094,0.157,0.112,0.37,0.108,0.099,0.279,0.078,0.113,0.175,0.166,0.148,0.18,0.388,0.26,0.369,0.081,0.133,0.147,0.12,0.13,0.226,0.142,0.145,0.142,0.155,0.242,0.409,0.331,0.122,0.07,0.109,0.461,0.199,0.165,0.153,0.163,0.057,0.122,0.096,0.174,0.116,0.255,0.082,0.118,0.111,0.133,0.33,0.171,0.241,0.1,0.071,0.505,0.126,0.061
0.142,0.086,0.098,0.116,0.125,0.145,0.112,0.09,0.121,0.091,0.11,0.171,0.102,0.119,0.101,0.127,0.108,0.093,0.088,0.11,0.109,0.264,0.102,0.107,0.095,0.171,0.105,0.132,0.102,0.118,0.124,0.112,0.129,0.101,0.087,0.128,0.123,0.128,0.135,0.15,0.14,0.102,0.099,0.122,0.114,0.125,0.119,0.075,0.102,0.121,0.101,0.139,0.101,0.079,0.123,0.108,0.111,0.129,0.12,0.121,0.106,0.091,0.089,0.117,0.115,0.125,0.103,0.095,0.104,0.138,0.102,0.113,0.128,0.104,0.089,0.12,1.0,0.088,0.101,0.131,0.148,0.119,0.109,0.152,0.09,0.103,0.084,0.07,0.12,0.117,0.074,0.144,0.379,0.148,0.076,0.109,0.138,0.118,0.12,0.115,0.104,0.097,0.074,0.109,0.093,0.129,0.143,0.101,0.088,0.104,0.147,0.103,0.096,0.08,0.1,0.377,0.091,0.093,0.082,0.115,0.068,0.107,0.099,0.099,0.096,0.118,0.125,0.116,0.072,0.14,0.12,0.115,0.096,0.1,0.124,0.135,0.11,0.1,0.142,0.11,0.088,0.092,0.466,0.139,0.101,0.086,0.08,0.119,0.123,0.105,0.078,0.194,0.081,0.126,0.111,0.102,0.097,0.122,0.107,0.106,0.078,0.121,0.111,0.08,0.14,0.098,0.092,0.083,0.073,0.103,0.093,0.065,0.152,0.104,0.1,0.103,0.114,0.061,0.08,0.106,0.093,0.106,0.136,0.109,0.094,0.096,0.104,0.107,0.118,0.088,0.144,0.08,0.138,0.128,0.109,0.093,0.119,0.07,0.126,0.104,0.104,0.072,0.091,0.093,0.101,0.147,0.118,0.117,0.095,0.163,0.083,0.115,0.356,0.126,0.148,0.104,0.089,0.131,0.104,0.127,0.086,0.103,0.112,0.094,0.093,0.086,0.22,0.074,0.175,0.098,0.128,0.125,0.073,0.08,0.13,0.088,0.13,0.088,0.096,0.099,0.077,0.122,0.126,0.125,0.076,0.068,0.082,0.121,0.112,0.076
0.165,0.295,0.196,0.276,0.114,0.225,0.258,0.093,0.221,0.266,0.173,0.177,0.167,0.289,0.208,0.177,0.264,0.097,0.396,0.173,0.196,0.377,0.256,0.255,0.207,0.148,0.26,0.164,0.262,0.168,0.243,0.127,0.284,0.095,0.13,0.113,0.192,0.141,0.2,0.107,0.334,0.098,0.235,0.136,0.185,0.164,0.244,0.462,0.341,0.16,0.253,0.164,0.346,0.301,0.38,0.308,0.135,0.122,0.202,0.318,0.177,0.246,0.082,0.161,0.119,0.269,0.329,0.126,0.128,0.155,0.204,0.566,0.248,0.264,0.117,0.116,0.088,1.0,0.296,0.101,0.182,0.195,0.252,0.255,0.221,0.256,0.221,0.062,0.269,0.218,0.038,0.151,0.175,0.184,0.11,0.17,0.206,0.251,0.175,0.135,0.342,0.201,1.0,0.416,0.228,0.348,0.177,0.077,0.281,0.22,0.238,0.08,0.278,0.253,0.153,0.091,0.093,0.142,0.118,0.204,0.058,0.318,0.151,0.232,0.234,0.345,0.202,0.27,0.078,0.162,0.188,0.242,0.186,0.217,0.27,0.283,0.286,0.243,0.391,0.207,0.11,0.304,0.101,0.219,0.216,0.067,0.095,0.227,0.086,0.304,0.285,0.239,0.116,0.451,0.15,0.199,0.241,0.253,0.184,0.385,0.247,0.21,0.322,0.331,0.331,0.193,0.184,0.168,0.117,0.108,0.166,0.195,0.239,0.382,0.254,0.134,0.262,0.238,0.107,0.143,0.298,0.219,0.216,0.183,0.118,0.214,0.262,0.121,0.307,0.077,0.182,0.084,0.377,0.291,0.287,0.328,0.193,0.032,0.171,0.264,0.367,0.306,0.462,0.224,0.113,0.252,0.261,0.199,0.07,0.226,0.069,0.278,0.169,0.335,0.127,0.27,0.095,0.306,0.19,0.138,0.165,0.266,0.173,0.106,0.156,0.241,0.216,0.076,0.192,0.234,0.236,0.114,0.113,0.331,0.154,0.124,0.194,0.118,0.247,0.235,0.129,0.253,0.198,0.238,0.28,0.144,0.309,0.19,0.279,0.231
0.145,0.169,0.213,0.177,0.193,0.097,0.203,0.136,0.277,0.126,0.163,0.209,0.203,0.243,0.261,0.104,0.148,0.13,0.161,0.148,0.211,0.376,0.159,0.304,0.14,0.21,0.189,0.221,0.211,0.232,0.171,0.248,0.227,0.252,0.118,0.122,0.187,0.115,0.166,0.145,0.304,0.119,0.17,0.152,0.19,0.26,0.193,0.104,0.135,0.131,0.156,0.225,0.148,0.125,0.208,0.12,0.193,0.226,0.187,0.214,0.147,0.38,0.107,0.108,0.129,0.232,0.191,0.262,0.12,0.136,0.16,0.189,0.199,0.176,0.088,0.154,0.101,0.296,1.0,0.187,0.165,0.171,0.24,0.258,0.114,0.168,0.424,0.067,0.246,0.196,0.054,0.199,0.173,0.276,0.146,0.185,0.2,0.217,0.142,0.18,0.13,0.114,0.122,0.163,0.15,0.205,0.376,0.064,0.155,0.155,0.28,0.102,0.256,0.138,0.092,0.055,0.143,0.238,0.067,0.191,0.039,0.147,0.13,0.223,0.16,0.231,0.134,0.209,0.124,0.175,0.109,0.156,0.116,0.334,0.212,0.226,0.182,0.253,0.214,0.224,0.127,0.142,0.102,0.239,0.37,0.065,0.099,0.178,0.112,0.184,0.242,0.255,0.114,0.221,0.19,0.143,0.219,0.222,0.194,0.169,0.093,0.197,0.192,0.2,0.255,0.207,0.204,0.277,0.062,0.4,0.053,0.117,0.351,0.119,0.138,0.17,0.175,0.154,0.178,0.128,0.161,0.497,0.138,0.24,0.128,0.183,0.152,0.124,0.245,0.102,0.125,0.096,0.15,0.201,0.123,0.157,0.244,0.048,0.326,0.176,0.103,0.35,0.144,0.146,0.08,0.211,0.31,0.16,0.091,0.294,0.098,0.083,0.183,0.233,0.152,0.171,0.401,0.131,0.154,0.221,0.128,0.208,0.121,0.131,0.135,0.111,0.167,0.106,0.21,0.301,0.476,0.13,0.04,0.2,0.124,0.134,0.18,0.102,0.057,0.163,0.147,0.222,0.175,0.236,0.236,0.126,0.108,0.244,0.198,0.077
0.322,0.163,0.272,0.215,0.339,0.179,0.225,0.659,0.169,0.284,0.396,0.166,0.223,0.304,0.187,0.193,0.219,0.227,0.203,0.693,0.225,0.168,0.116,0.221,0.272,0.8,0.225,0.296,0.223,0.276,0.283,0.223,0.187,0.243,0.137,0.217,0.187,0.243,0.225,0.236,0.272,0.28,0.296,0.296,0.236,0.121,0.272,0.117,0.158,0.364,0.199,0.474,0.246,0.132,0.272,0.223,0.518,0.243,0.223,0.272,0.225,0.052,0.243,0.149,0.332,0.272,0.304,0.514,0.159,0.193,0.225,0.272,0.272,0.187,0.243,0.328,0.131,0.101,0.187,1.0,0.474,0.272,0.225,0.328,0.18,0.187,0.222,0.175,0.272,0.272,0.039,0.186,0.274,0.447,0.139,0.22,0.262,0.187,0.187,0.295,0.18,0.092,0.101,0.129,0.521,0.187,0.223,0.05,1.0,0.223,0.272,0.143,0.222,0.16,0.187,0.106,0.351,0.309,0.069,0.272,0.027,0.13,0.178,0.169,0.223,0.272,0.28,0.225,0.13,0.396,0.177,0.158,0.227,0.32,0.272,0.272,0.225,0.518,0.447,0.444,0.22,0.179,0.189,0.518,0.187,0.114,0.13,0.225,0.116,0.272,0.131,0.201,0.116,0.272,0.637,0.187,0.119,0.272,0.414,0.154,0.109,0.27,0.225,0.109,0.272,0.13,0.229,0.166,0.108,0.223,0.118,0.227,0.447,0.137,0.187,0.174,0.304,0.079,0.444,0.28,0.8,0.187,0.179,0.187,0.199,0.163,0.336,0.084,0.272,0.243,0.201,0.165,0.187,0.272,0.249,0.149,0.22,0.032,0.447,0.187,0.101,0.101,0.117,0.265,0.054,0.296,0.272,0.132,0.143,0.296,0.134,0.259,0.223,0.272,0.396,0.272,0.094,0.115,0.272,0.227,0.187,0.272,0.236,0.243,0.272,0.155,0.223,0.251,0.176,0.445,0.272,0.25,0.032,0.109,0.364,0.225,0.304,0.243,0.082,0.158,0.209,0.272,0.474,0.272,0.155,0.094,0.132,0.178,0.225,0.087
0.35,0.194,0.235,0.351,0.32,0.281,0.263,0.22,0.216,0.219,0.235,0.243,0.193,0.195,0.228,0.193,0.277,0.19,0.223,0.215,0.26,0.163,0.132,0.21,0.215,0.386,0.253,0.238,0.298,0.252,0.255,0.187,0.292,0.241,0.22,0.217,0.233,0.319,0.289,0.232,0.351,0.208,0.262,0.242,0.281,0.176,0.289,0.138,0.237,0.204,0.208,0.363,0.221,0.191,0.366,0.222,0.285,0.253,0.191,0.309,0.252,0.149,0.226,0.186,0.239,0.299,0.28,0.421,0.148,0.217,0.236,0.322,0.297,0.3,0.193,0.295,0.148,0.182,0.165,0.474,1.0,0.262,0.298,0.316,0.325,0.31,0.141,0.109,0.308,0.275,0.08,0.23,0.205,0.432,0.123,0.249,0.247,0.235,0.26,0.263,0.208,0.165,0.229,0.197,0.234,0.746,0.253,0.095,0.281,0.199,0.3,0.174,0.168,0.167,0.269,0.148,0.212,0.165,0.09,0.276,0.072,0.214,0.232,0.214,0.223,0.301,0.212,0.3,0.113,0.212,0.221,0.307,0.293,0.223,0.307,0.323,0.257,0.287,0.45,0.265,0.153,0.206,0.181,0.278,0.209,0.124,0.111,0.269,0.153,0.279,0.181,0.251,0.171,0.334,0.252,0.286,0.165,0.291,0.318,0.375,0.13,0.314,0.27,0.305,0.342,0.136,0.209,0.17,0.122,0.195,0.18,0.142,0.33,0.225,0.27,0.161,0.227,0.191,0.177,0.152,0.308,0.216,0.259,0.209,0.162,0.53,0.262,0.153,0.301,0.263,0.453,0.12,0.265,0.339,0.237,0.169,0.221,0.092,0.29,0.3,0.158,0.218,0.172,0.211,0.143,0.281,0.276,0.266,0.16,0.357,0.141,0.285,0.19,0.348,0.206,0.497,0.122,0.221,0.228,0.484,0.206,0.289,0.223,0.257,0.208,0.211,0.202,0.181,0.26,0.16,0.275,0.192,0.075,0.305,0.206,0.194,0.202,0.193,0.139,0.239,0.216,0.291,0.41,0.253,0.178,0.181,0.17,0.407,0.362,0.101
0.182,0.346,0.385,0.295,0.188,0.112,0.413,0.194,0.344,0.407,0.286,0.208,0.298,0.255,0.379,0.129,0.244,0.183,0.37,0.329,0.366,0.257,0.199,0.221,0.344,0.178,0.448,0.268,0.366,0.117,0.33,0.22,0.365,0.143,0.272,0.254,0.284,0.132,0.471,0.169,0.295,0.182,0.462,0.23,0.287,0.151,0.59,0.209,0.346,0.162,0.337,0.134,0.218,0.286,0.374,0.231,0.104,0.152,0.23,0.359,0.389,0.135,0.094,0.253,0.342,0.41,0.331,0.23,0.229,0.185,0.37,0.425,0.495,0.383,0.105,0.138,0.119,0.195,0.171,0.272,0.262,1.0,0.341,0.224,0.18,0.358,0.132,0.161,0.396,0.377,0.088,0.34,0.217,0.175,0.103,0.154,0.149,0.373,0.31,0.137,0.274,0.195,0.507,0.314,0.512,0.847,0.392,0.271,0.269,0.474,0.398,0.126,0.22,0.237,0.24,0.08,0.145,0.341,0.189,0.262,0.408,0.281,0.255,0.385,0.505,0.436,0.326,0.433,0.198,0.206,0.12,0.411,0.243,0.174,0.462,0.421,0.393,0.291,0.458,0.543,0.253,0.322,0.13,0.254,0.352,0.162,0.132,0.535,0.188,0.372,0.234,0.171,0.28,0.404,0.338,0.352,0.281,0.404,0.403,0.752,0.315,0.332,0.434,0.545,0.385,0.234,0.314,0.189,0.137,0.168,0.07,0.202,0.152,0.282,0.394,0.293,0.333,0.442,0.104,0.219,0.392,0.361,0.382,0.321,0.193,0.248,0.404,0.28,0.436,0.107,0.24,0.123,0.291,0.361,0.317,0.238,0.189,0.119,0.16,0.383,0.257,0.094,0.256,0.355,0.271,0.275,0.326,0.323,0.106,0.49,0.076,0.131,0.268,0.534,0.428,0.405,0.131,0.213,0.377,0.236,0.424,0.334,0.156,0.199,0.571,0.146,0.323,0.083,0.266,0.18,0.392,0.209,0.09,0.545,0.166,0.283,0.222,0.226,0.115,0.482,0.155,0.404,0.363,0.294,0.233,0.339,0.205,0.153,0.452,0.18
0.282,0.403,0.295,0.342,0.186,0.142,0.48,0.176,0.375,0.308,0.248,0.21,0.309,0.278,0.366,0.346,0.236,0.17,0.405,0.257,0.443,0.263,0.219,0.374,0.277,0.23,0.428,0.313,0.354,0.231,0.429,0.256,0.379,0.191,0.357,0.157,0.233,0.308,0.341,0.156,0.409,0.159,0.423,0.227,0.302,0.256,0.453,0.23,0.414,0.366,0.318,0.248,0.277,0.321,0.439,0.253,0.249,0.219,0.26,0.375,0.413,0.176,0.142,0.214,0.186,0.46,0.289,0.211,0.215,0.23,0.385,0.422,0.473,0.54,0.162,0.17,0.109,0.252,0.24,0.225,0.298,0.341,1.0,0.221,0.264,0.648,0.254,0.134,0.474,0.386,0.069,0.305,0.25,0.234,0.177,0.295,0.242,0.27,0.341,0.197,0.36,0.212,0.417,0.427,0.275,0.902,0.349,0.114,0.284,0.277,0.386,0.135,0.293,0.218,0.223,0.105,0.167,0.215,0.118,0.271,0.106,0.355,0.24,0.398,0.358,0.498,0.239,0.586,0.154,0.267,0.163,0.476,0.315,0.225,0.502,0.456,0.426,0.267,0.592,0.303,0.188,0.308,0.154,0.267,0.361,0.146,0.15,0.471,0.178,0.415,0.408,0.26,0.287,0.494,0.286,0.349,0.3,0.446,0.364,0.593,0.276,0.39,0.487,0.55,0.364,0.214,0.437,0.243,0.115,0.194,0.126,0.25,0.346,0.328,0.387,0.26,0.332,0.426,0.215,0.227,0.367,0.373,0.384,0.322,0.22,0.252,0.297,0.211,0.498,0.166,0.316,0.128,0.301,0.368,0.247,0.277,0.209,0.073,0.326,0.54,0.213,0.367,0.283,0.316,0.23,0.292,0.369,0.353,0.117,0.45,0.096,0.177,0.264,0.615,0.249,0.416,0.173,0.218,0.261,0.239,0.266,0.353,0.206,0.186,0.268,0.247,0.275,0.153,0.239,0.226,0.39,0.164,0.079,0.55,0.32,0.255,0.26,0.172,0.274,0.482,0.166,0.446,0.324,0.321,0.354,0.223,0.261,0.213,0.556,0.188
0.181,0.206,0.249,0.271,0.286,0.228,0.24,0.268,0.279,0.192,0.178,0.261,0.164,0.183,0.275,0.225,0.458,0.288,0.191,0.201,0.207,0.272,0.188,0.276,0.201,0.405,0.223,0.188,0.266,0.33,0.231,0.152,0.378,0.41,0.172,0.255,0.223,0.298,0.282,0.359,0.293,0.328,0.224,0.294,0.353,0.202,0.253,0.165,0.281,0.18,0.192,0.354,0.217,0.168,0.328,0.255,0.292,0.193,0.162,0.425,0.21,0.292,0.348,0.263,0.201,0.234,0.277,0.489,0.148,0.244,0.211,0.339,0.258,0.226,0.275,0.457,0.152,0.255,0.258,0.328,0.316,0.224,0.221,1.0,0.224,0.216,0.18,0.117,0.274,0.227,0.1,0.173,0.196,0.372,0.173,0.302,0.247,0.354,0.241,0.29,0.258,0.158,0.324,0.286,0.214,0.446,0.219,0.104,0.246,0.169,0.357,0.302,0.224,0.149,0.234,0.153,0.306,0.228,0.082,0.22,0.074,0.2,0.329,0.251,0.214,0.245,0.211,0.254,0.099,0.159,0.302,0.23,0.186,0.326,0.288,0.291,0.235,0.253,0.427,0.293,0.121,0.252,0.149,0.349,0.28,0.142,0.114,0.237,0.333,0.258,0.196,0.266,0.165,0.317,0.223,0.19,0.185,0.238,0.28,0.343,0.12,0.337,0.256,0.256,0.304,0.203,0.209,0.257,0.181,0.328,0.182,0.163,0.384,0.28,0.228,0.19,0.185,0.198,0.202,0.189,0.222,0.333,0.265,0.232,0.131,0.165,0.259,0.16,0.245,0.389,0.239,0.088,0.284,0.249,0.242,0.22,0.208,0.112,0.376,0.226,0.223,0.279,0.22,0.193,0.162,0.252,0.242,0.256,0.281,0.26,0.256,0.211,0.177,0.299,0.158,0.265,0.276,0.23,0.203,0.18,0.218,0.294,0.317,0.365,0.175,0.193,0.222,0.277,0.261,0.218,0.4,0.192,0.108,0.256,0.203,0.186,0.163,0.273,0.171,0.249,0.117,0.238,0.359,0.268,0.205,0.132,0.152,0.505,0.26,0.219
0.251,0.201,0.198,0.298,0.254,0.28,0.202,0.087,0.178,0.209,0.184,0.117,0.246,0.169,0.163,0.245,0.299,0.084,0.26,0.207,0.212,0.156,0.121,0.152,0.158,0.144,0.193,0.16,0.31,0.068,0.279,0.189,0.262,0.065,0.161,0.077,0.14,0.136,0.167,0.088,0.273,0.073,0.232,0.175,0.142,0.083,0.215,0.181,0.233,0.257,0.241,0.078,0.262,0.231,0.302,0.314,0.059,0.255,0.132,0.311,0.177,0.153,0.047,0.131,0.111,0.246,0.275,0.106,0.092,0.216,0.175,0.383,0.223,0.297,0.088,0.072,0.09,0.221,0.114,0.18,0.325,0.18,0.264,0.224,1.0,0.32,0.094,0.098,0.221,0.198,0.034,0.165,0.164,0.116,0.048,0.191,0.153,0.22,0.246,0.066,0.25,0.224,0.256,0.195,0.212,0.481,0.267,0.057,0.279,0.208,0.199,0.064,0.139,0.234,0.416,0.177,0.082,0.114,0.07,0.209,0.051,0.298,0.11,0.17,0.211,0.252,0.188,0.234,0.105,0.201,0.15,0.278,0.258,0.212,0.234,0.307,0.229,0.176,0.353,0.205,0.11,0.19,0.187,0.226,0.154,0.091,0.072,0.209,0.087,0.251,0.183,0.158,0.165,0.343,0.137,0.184,0.198,0.221,0.211,0.292,0.148,0.152,0.22,0.576,0.239,0.176,0.154,0.115,0.166,0.111,0.271,0.121,0.092,0.318,0.259,0.126,0.231,0.359,0.121,0.186,0.256,0.155,0.249,0.162,0.134,0.173,0.237,0.108,0.274,0.05,0.352,0.168,0.238,0.299,0.24,0.171,0.122,0.033,0.101,0.297,0.257,0.035,0.316,0.28,0.096,0.232,0.226,0.112,0.052,0.222,0.046,0.462,0.178,0.29,0.185,0.261,0.053,0.27,0.222,0.271,0.14,0.212,0.135,0.096,0.144,0.304,0.206,0.044,0.136,0.142,0.196,0.116,0.086,0.576,0.245,0.134,0.168,0.109,0.206,0.241,0.089,0.221,0.17,0.233,0.14,0.162,0.181,0.056,0.325,0.114
0.298,0.462,0.288,0.373,0.144,0.13,0.514,0.142,0.362,0.313,0.235,0.197,0.343,0.283,0.385,0.423,0.207,0.144,0.527,0.224,0.488,0.264,0.253,0.231,0.276,0.168,0.455,0.322,0.363,0.108,0.45,0.248,0.376,0.108,0.459,0.15,0.209,0.265,0.34,0.12,0.388,0.13,0.418,0.211,0.297,0.122,0.471,0.293,0.405,0.406,0.345,0.129,0.277,0.359,0.471,0.238,0.092,0.175,0.26,0.372,0.434,0.171,0.067,0.222,0.177,0.526,0.268,0.195,0.195,0.223,0.404,0.465,0.501,0.818,0.083,0.104,0.103,0.256,0.168,0.187,0.31,0.358,0.648,0.216,0.32,1.0,0.128,0.117,0.507,0.441,0.058,0.264,0.25,0.16,0.098,0.183,0.19,0.269,0.353,0.103,0.375,0.227,0.415,0.413,0.263,1.0,0.315,0.122,0.333,0.289,0.422,0.107,0.261,0.226,0.209,0.081,0.14,0.223,0.132,0.292,0.094,0.376,0.223,0.385,0.332,0.574,0.257,0.634,0.144,0.262,0.125,0.695,0.405,0.186,0.528,0.516,0.496,0.219,0.665,0.3,0.19,0.339,0.15,0.263,0.37,0.126,0.14,0.484,0.169,0.381,0.415,0.247,0.267,0.557,0.19,0.402,0.297,0.514,0.334,0.514,0.36,0.399,0.515,0.579,0.388,0.233,0.442,0.222,0.103,0.156,0.103,0.284,0.143,0.33,0.45,0.222,0.402,0.416,0.111,0.235,0.36,0.381,0.385,0.33,0.22,0.236,0.301,0.212,0.574,0.07,0.407,0.117,0.306,0.373,0.236,0.282,0.184,0.058,0.208,0.818,0.23,0.061,0.329,0.308,0.198,0.296,0.368,0.328,0.088,0.418,0.072,0.158,0.244,0.663,0.248,0.418,0.137,0.204,0.246,0.226,0.246,0.341,0.186,0.155,0.262,0.23,0.263,0.065,0.247,0.176,0.417,0.145,0.064,0.579,0.342,0.253,0.258,0.144,0.322,0.483,0.156,0.514,0.269,0.278,0.287,0.254,0.306,0.111,0.744,0.226
0.132,0.113,0.175,0.118,0.172,0.077,0.154,0.226,0.11,0.097,0.138,0.157,0.172,0.194,0.124,0.085,0.106,0.228,0.132,0.119,0.16,0.168,0.084,0.318,0.107,0.224,0.144,0.202,0.171,0.22,0.144,0.216,0.126,0.2,0.087,0.112,0.165,0.242,0.136,0.25,0.234,0.234,0.131,0.287,0.24,0.209,0.146,0.079,0.101,0.121,0.124,0.211,0.131,0.1,0.162,0.098,0.176,0.202,0.169,0.272,0.112,0.051,0.192,0.175,0.12,0.179,0.129,0.436,0.099,0.105,0.123,0.146,0.155,0.133,0.132,0.242,0.084,0.221,0.424,0.222,0.141,0.132,0.254,0.18,0.094,0.128,1.0,0.06,0.189,0.151,0.041,0.156,0.165,0.245,0.139,0.167,0.165,0.097,0.108,0.168,0.095,0.092,0.091,0.101,0.124,0.153,0.297,0.048,0.156,0.129,0.155,0.336,0.53,0.116,0.076,0.042,0.47,0.182,0.057,0.158,0.032,0.117,0.259,0.112,0.124,0.179,0.103,0.159,0.104,0.163,0.189,0.12,0.104,0.138,0.163,0.175,0.139,0.201,0.175,0.153,0.114,0.178,0.088,0.107,0.118,0.054,0.087,0.135,0.089,0.141,0.204,0.201,0.084,0.17,0.19,0.112,0.176,0.172,0.121,0.131,0.076,0.159,0.146,0.151,0.194,0.092,0.163,0.246,0.056,0.1,0.041,0.179,0.32,0.092,0.106,0.148,0.143,0.111,0.182,0.103,0.136,0.116,0.109,0.107,0.121,0.144,0.121,0.092,0.19,0.176,0.101,0.084,0.121,0.155,0.097,0.126,0.211,0.037,0.172,0.133,0.08,0.273,0.111,0.109,0.065,0.185,0.26,0.126,0.329,0.235,0.412,0.076,0.168,0.177,0.145,0.13,0.167,0.104,0.123,0.195,0.153,0.291,0.183,0.197,0.102,0.093,0.137,0.15,0.164,0.227,0.136,0.099,0.031,0.151,0.111,0.128,0.163,0.156,0.047,0.123,0.145,0.172,0.147,0.187,0.197,0.097,0.098,0.196,0.149,0.063
0.12,0.098,0.186,0.108,0.121,0.082,0.134,0.13,0.112,0.216,0.352,0.128,0.202,0.124,0.138,0.098,0.093,0.083,0.117,0.175,0.126,0.085,0.097,0.108,0.306,0.126,0.142,0.123,0.118,0.072,0.108,0.101,0.103,0.082,0.081,0.089,0.094,0.079,0.134,0.092,0.119,0.087,0.167,0.107,0.123,0.144,0.155,0.071,0.092,0.129,0.144,0.083,0.09,0.193,0.136,0.111,0.059,0.108,0.108,0.128,0.234,0.038,0.051,0.116,0.176,0.17,0.156,0.115,0.443,0.18,0.127,0.154,0.159,0.117,0.126,0.076,0.07,0.062,0.067,0.175,0.109,0.161,0.134,0.117,0.098,0.117,0.06,1.0,0.146,0.316,0.331,0.145,0.127,0.103,0.059,0.101,0.084,0.135,0.115,0.177,0.085,0.24,0.101,0.089,0.154,0.168,0.165,0.112,0.102,0.131,0.143,0.071,0.09,0.176,0.097,0.052,0.064,0.105,0.073,0.268,0.108,0.137,0.087,0.104,0.113,0.155,0.164,0.138,0.201,0.145,0.076,0.196,0.084,0.078,0.159,0.151,0.125,0.163,0.144,0.172,0.081,0.122,0.104,0.093,0.106,0.643,0.069,0.166,0.174,0.225,0.08,0.102,0.211,0.147,0.192,0.1,0.155,0.285,0.243,0.141,0.09,0.112,0.132,0.108,0.157,0.085,0.107,0.099,0.06,0.077,0.055,0.158,0.1,0.073,0.107,0.21,0.204,0.144,0.059,0.107,0.207,0.103,0.121,0.199,0.079,0.104,0.161,0.328,0.155,0.052,0.118,0.128,0.101,0.119,0.141,0.109,0.095,0.261,0.08,0.117,0.069,0.04,0.076,0.199,0.257,0.123,0.116,0.089,0.062,0.201,0.046,0.099,0.093,0.163,0.18,0.124,0.053,0.237,0.148,0.108,0.138,0.187,0.076,0.098,0.128,0.08,0.168,0.048,0.158,0.14,0.123,0.5,0.034,0.108,0.132,0.217,0.125,0.109,0.069,0.113,0.177,0.285,0.125,0.106,0.145,0.099,0.075,0.067,0.135,0.087
0.218,0.512,0.295,0.285,0.187,0.126,0.625,0.204,0.409,0.347,0.269,0.243,0.329,0.292,0.464,0.139,0.238,0.23,0.514,0.277,0.459,0.325,0.267,0.329,0.313,0.258,0.536,0.36,0.382,0.242,0.374,0.274,0.474,0.328,0.41,0.2,0.237,0.219,0.407,0.252,0.309,0.204,0.461,0.291,0.417,0.23,0.545,0.286,0.486,0.198,0.288,0.227,0.239,0.334,0.463,0.207,0.306,0.185,0.306,0.371,0.425,0.188,0.309,0.277,0.219,0.563,0.298,0.284,0.271,0.166,0.475,0.465,0.541,0.6,0.255,0.31,0.12,0.269,0.246,0.272,0.308,0.396,0.474,0.274,0.221,0.507,0.189,0.146,1.0,0.456,0.092,0.34,0.257,0.246,0.355,0.233,0.361,0.258,0.393,0.168,0.302,0.246,0.507,0.461,0.306,0.847,0.392,0.153,0.33,0.306,0.445,0.225,0.272,0.237,0.181,0.086,0.257,0.29,0.152,0.288,0.122,0.364,0.329,0.508,0.409,0.62,0.257,0.668,0.171,0.279,0.244,0.537,0.254,0.219,0.607,0.554,0.532,0.259,0.575,0.341,0.213,0.362,0.159,0.246,0.457,0.172,0.183,0.529,0.188,0.406,0.428,0.173,0.322,0.533,0.318,0.301,0.356,0.542,0.399,0.693,0.32,0.522,0.623,0.545,0.389,0.261,0.492,0.278,0.109,0.23,0.077,0.316,0.296,0.333,0.415,0.311,0.388,0.442,0.506,0.265,0.411,0.473,0.415,0.346,0.217,0.248,0.337,0.262,0.62,0.323,0.276,0.146,0.301,0.37,0.262,0.266,0.262,0.093,0.232,0.6,0.22,0.237,0.338,0.322,0.271,0.305,0.451,0.496,0.213,0.49,0.162,0.138,0.324,0.739,0.257,0.45,0.218,0.211,0.272,0.264,0.305,0.382,0.219,0.259,0.311,0.131,0.307,0.41,0.289,0.205,0.458,0.187,0.076,0.545,0.192,0.282,0.288,0.204,0.131,0.598,0.203,0.542,0.355,0.276,0.356,0.257,0.284,0.185,0.66,0.25
0.199,0.44,0.431,0.282,0.168,0.118,0.526,0.213,0.383,0.432,0.273,0.24,0.414,0.274,0.404,0.133,0.233,0.182,0.447,0.265,0.404,0.29,0.219,0.272,0.51,0.194,0.469,0.317,0.358,0.137,0.351,0.245,0.382,0.144,0.343,0.153,0.23,0.132,0.392,0.15,0.287,0.167,0.488,0.219,0.31,0.325,0.498,0.242,0.418,0.18,0.362,0.159,0.226,0.447,0.4,0.208,0.117,0.151,0.271,0.352,0.697,0.163,0.083,0.235,0.302,0.483,0.335,0.23,0.316,0.229,0.426,0.422,0.487,0.501,0.16,0.133,0.117,0.218,0.196,0.272,0.275,0.377,0.386,0.227,0.198,0.441,0.151,0.316,0.456,1.0,0.478,0.34,0.233,0.193,0.125,0.173,0.171,0.271,0.345,0.256,0.288,0.637,0.507,0.401,0.382,0.847,0.392,0.128,0.274,0.289,0.41,0.11,0.237,0.238,0.179,0.075,0.151,0.213,0.127,0.439,0.122,0.317,0.248,0.457,0.398,0.529,0.26,0.561,0.185,0.248,0.118,0.467,0.23,0.191,0.544,0.489,0.465,0.279,0.506,0.403,0.198,0.327,0.148,0.233,0.407,0.252,0.161,0.599,0.188,0.625,0.286,0.169,0.355,0.459,0.208,0.279,0.298,0.951,0.52,0.693,0.264,0.408,0.541,0.545,0.399,0.228,0.4,0.219,0.098,0.207,0.072,0.433,0.172,0.297,0.377,0.279,0.517,0.442,0.1,0.242,0.537,0.421,0.373,0.422,0.193,0.248,0.325,0.258,0.529,0.094,0.262,0.137,0.287,0.354,0.261,0.244,0.19,0.333,0.172,0.501,0.196,0.094,0.289,0.431,0.271,0.285,0.364,0.422,0.098,0.49,0.096,0.123,0.277,0.656,0.225,0.424,0.171,0.216,0.296,0.24,0.344,0.528,0.146,0.189,0.303,0.121,0.361,0.072,0.279,0.198,0.421,0.272,0.065,0.545,0.179,0.382,0.256,0.194,0.119,0.541,0.27,0.951,0.326,0.261,0.358,0.243,0.242,0.153,0.572,0.206
0.06,0.049,0.151,0.062,0.057,0.066,0.078,0.126,0.088,0.255,0.131,0.136,0.227,0.082,0.066,0.041,0.053,0.039,0.06,0.129,0.072,0.036,0.047,0.088,0.355,0.097,0.086,0.094,0.063,0.081,0.066,0.08,0.075,0.053,0.041,0.065,0.07,0.067,0.085,0.079,0.07,0.05,0.125,0.07,0.072,0.191,0.077,0.039,0.05,0.049,0.116,0.101,0.058,0.189,0.086,0.059,0.068,0.069,0.088,0.069,0.295,0.041,0.035,0.052,0.244,0.095,0.094,0.045,0.175,0.199,0.067,0.084,0.088,0.065,0.101,0.076,0.074,0.038,0.054,0.039,0.08,0.088,0.069,0.1,0.034,0.058,0.041,0.331,0.092,0.478,1.0,0.064,0.08,0.108,0.042,0.061,0.069,0.113,0.058,0.309,0.049,0.376,0.037,0.06,0.117,0.074,0.093,0.046,0.041,0.074,0.102,0.046,0.041,0.084,0.06,0.036,0.047,0.043,0.039,0.45,0.029,0.055,0.052,0.054,0.053,0.094,0.091,0.081,0.114,0.078,0.056,0.07,0.04,0.039,0.086,0.089,0.072,0.135,0.094,0.137,0.05,0.049,0.056,0.055,0.057,0.239,0.042,0.152,0.056,0.234,0.04,0.092,0.151,0.094,0.082,0.051,0.074,0.455,0.154,0.06,0.038,0.077,0.073,0.04,0.154,0.042,0.052,0.047,0.028,0.053,0.034,0.181,0.121,0.044,0.055,0.057,0.201,0.024,0.031,0.044,0.169,0.059,0.057,0.198,0.056,0.037,0.084,0.135,0.094,0.039,0.068,0.066,0.088,0.064,0.068,0.046,0.06,0.753,0.081,0.065,0.044,0.032,0.041,0.15,0.051,0.102,0.06,0.069,0.038,0.107,0.05,0.039,0.063,0.091,0.074,0.061,0.04,0.107,0.091,0.075,0.087,0.212,0.063,0.042,0.063,0.037,0.137,0.028,0.133,0.103,0.082,0.236,0.03,0.04,0.048,0.16,0.084,0.061,0.041,0.052,0.233,0.455,0.089,0.057,0.334,0.058,0.045,0.062,0.074,0.03
0.279,0.23,0.34,0.284,0.219,0.3,0.297,0.31,0.245,0.298,0.507,0.203,0.296,0.296,0.264,0.256,0.269,0.178,0.263,0.379,0.297,0.203,0.15,0.188,0.34,0.232,0.297,0.379,0.296,0.123,0.362,0.296,0.264,0.175,0.218,0.099,0.319,0.21,0.297,0.13,0.34,0.188,0.379,0.379,0.264,0.148,0.34,0.164,0.237,0.258,0.491,0.139,0.614,0.466,0.34,0.466,0.116,0.159,0.296,0.378,0.297,0.132,0.09,0.373,0.168,0.34,0.514,0.18,0.239,0.199,0.297,0.34,0.34,0.264,0.291,0.173,0.144,0.151,0.199,0.186,0.23,0.34,0.305,0.173,0.165,0.264,0.156,0.145,0.34,0.34,0.064,1.0,0.351,0.178,0.072,0.272,0.255,0.264,0.264,0.12,0.364,0.167,0.151,0.364,0.379,0.264,0.296,0.064,0.301,0.296,0.34,0.144,0.207,0.425,0.264,0.153,0.237,0.225,0.097,0.237,0.037,0.194,0.239,0.239,0.801,0.34,0.203,0.297,0.194,0.29,0.182,0.237,0.228,0.182,0.34,0.34,0.297,0.387,0.34,0.34,0.298,0.42,0.325,0.225,0.264,0.091,0.194,0.297,0.144,0.34,0.192,0.279,0.184,0.34,0.191,0.264,0.173,0.34,0.34,0.217,0.163,0.264,0.297,0.163,0.34,0.203,0.237,0.229,0.182,0.092,0.114,0.149,0.173,0.218,0.345,0.194,0.296,0.128,0.141,0.2,0.263,0.264,0.222,0.264,0.655,0.314,0.34,0.115,0.34,0.119,0.272,0.126,0.308,0.378,1.0,0.801,0.298,0.051,0.177,0.264,0.257,0.054,0.182,0.482,0.078,0.379,0.264,0.203,0.114,0.379,0.078,0.195,0.296,0.34,0.29,0.34,0.083,0.499,0.801,0.284,0.264,0.34,0.364,0.264,0.34,0.271,0.296,0.098,0.238,0.174,0.34,0.203,0.106,0.163,0.258,0.297,0.296,0.298,0.177,0.237,0.203,0.34,0.297,0.34,0.213,0.149,0.466,0.093,0.297,0.129
0.218,0.236,0.201,0.196,0.176,0.163,0.289,0.16,0.212,0.207,0.276,0.199,0.233,0.233,0.281,0.16,0.222,0.176,0.233,0.2,0.262,0.438,0.243,0.165,0.201,0.189,0.261,0.388,0.283,0.13,0.254,0.286,0.227,0.169,0.204,0.124,0.175,0.15,0.245,0.13,0.185,0.169,0.28,0.238,0.252,0.15,0.285,0.176,0.282,0.245,0.243,0.156,0.259,0.201,0.275,0.208,0.112,0.157,0.323,0.253,0.201,0.137,0.106,0.2,0.129,0.292,0.235,0.249,0.205,0.184,0.216,0.295,0.277,0.278,0.135,0.114,0.379,0.175,0.173,0.274,0.205,0.217,0.25,0.196,0.164,0.25,0.165,0.127,0.257,0.233,0.08,0.351,1.0,0.189,0.082,0.232,0.104,0.199,0.203,0.122,0.203,0.156,0.214,0.244,0.205,0.382,0.411,0.08,0.21,0.197,0.224,0.187,0.229,0.21,0.126,0.549,0.16,0.177,0.104,0.194,0.051,0.249,0.163,0.259,0.233,0.288,0.159,0.311,0.145,0.292,0.187,0.247,0.192,0.206,0.314,0.269,0.264,0.185,0.297,0.226,0.198,0.241,0.327,0.177,0.247,0.141,0.232,0.256,0.345,0.234,0.164,0.155,0.178,0.326,0.169,0.178,0.15,0.267,0.227,0.305,0.145,0.248,0.288,0.231,0.237,0.213,0.251,0.27,0.156,0.123,0.11,0.156,0.163,0.237,0.219,0.222,0.278,0.187,0.11,0.226,0.204,0.231,0.213,0.226,0.239,0.248,0.218,0.128,0.288,0.086,0.204,0.146,0.215,0.281,0.195,0.249,0.241,0.076,0.129,0.278,0.169,0.078,0.212,0.205,0.113,0.349,0.235,0.241,0.156,0.528,0.09,0.204,0.419,0.34,0.24,0.242,0.136,0.195,0.206,0.266,0.203,0.228,0.173,0.183,0.19,0.149,0.288,0.11,0.24,0.155,0.221,0.158,0.097,0.231,0.228,0.183,0.302,0.174,0.111,0.28,0.194,0.267,0.197,0.171,0.142,0.144,0.196,0.138,0.304,0.176
0.314,0.135,0.204,0.261,0.302,0.15,0.182,0.292,0.158,0.138,0.163,0.27,0.206,0.19,0.156,0.134,0.155,0.214,0.144,0.173,0.188,0.142,0.108,0.262,0.155,0.637,0.171,0.225,0.321,0.522,0.233,0.234,0.199,0.334,0.133,0.369,0.229,0.284,0.218,0.346,0.216,0.267,0.164,0.266,0.324,0.25,0.187,0.095,0.151,0.144,0.162,0.653,0.156,0.116,0.288,0.148,0.44,0.201,0.193,0.208,0.161,0.127,0.37,0.184,0.268,0.196,0.19,0.489,0.165,0.187,0.163,0.172,0.194,0.168,0.279,0.426,0.148,0.184,0.276,0.447,0.432,0.175,0.234,0.372,0.116,0.16,0.245,0.103,0.246,0.193,0.108,0.178,0.189,1.0,0.266,0.359,0.305,0.158,0.164,0.503,0.14,0.151,0.112,0.159,0.205,0.208,0.337,0.097,0.248,0.163,0.225,0.264,0.207,0.141,0.121,0.098,0.319,0.19,0.084,0.174,0.071,0.148,0.28,0.153,0.162,0.196,0.184,0.191,0.134,0.176,0.236,0.184,0.262,0.257,0.191,0.209,0.171,0.286,0.387,0.217,0.144,0.145,0.125,0.233,0.166,0.11,0.127,0.172,0.133,0.189,0.192,0.235,0.12,0.196,0.28,0.31,0.179,0.202,0.231,0.162,0.098,0.43,0.177,0.175,0.297,0.126,0.19,0.244,0.075,0.283,0.092,0.167,0.592,0.14,0.153,0.183,0.167,0.132,0.267,0.135,0.173,0.176,0.155,0.147,0.144,0.595,0.168,0.168,0.206,0.364,0.176,0.094,0.215,0.295,0.194,0.153,0.22,0.112,0.418,0.168,0.125,0.292,0.128,0.147,0.162,0.244,0.198,0.318,0.258,0.266,0.255,0.108,0.192,0.206,0.169,0.254,0.18,0.179,0.196,0.402,0.15,0.211,0.281,0.256,0.134,0.124,0.167,0.319,0.277,0.212,0.208,0.191,0.064,0.175,0.145,0.15,0.186,0.197,0.1,0.167,0.282,0.202,0.408,0.194,0.221,0.254,0.106,0.521,0.184,0.078
0.087,0.169,0.097,0.094,0.177,0.075,0.188,0.16,0.102,0.082,0.063,0.132,0.084,0.152,0.089,0.048,0.068,0.114,0.132,0.103,0.106,0.076,0.064,0.162,0.071,0.257,0.175,0.099,0.078,0.359,0.093,0.084,0.14,0.257,0.071,0.165,0.121,0.158,0.11,0.217,0.129,0.214,0.099,0.163,0.198,0.211,0.124,0.068,0.085,0.056,0.068,0.339,0.09,0.081,0.185,0.064,0.252,0.109,0.093,0.113,0.12,0.049,0.259,0.104,0.105,0.144,0.067,0.258,0.096,0.077,0.333,0.114,0.136,0.115,0.184,0.276,0.076,0.11,0.146,0.139,0.123,0.103,0.177,0.173,0.048,0.098,0.139,0.059,0.355,0.125,0.042,0.072,0.082,0.266,1.0,0.233,0.278,0.072,0.092,0.279,0.07,0.069,0.082,0.09,0.082,0.138,0.098,0.076,0.102,0.075,0.146,0.158,0.116,0.086,0.068,0.042,0.191,0.12,0.124,0.082,0.057,0.076,0.173,0.09,0.134,0.182,0.169,0.137,0.096,0.084,0.155,0.131,0.062,0.101,0.198,0.139,0.117,0.159,0.182,0.101,0.06,0.102,0.062,0.091,0.087,0.071,0.051,0.112,0.053,0.119,0.205,0.118,0.06,0.142,0.193,0.092,0.198,0.144,0.147,0.117,0.075,0.19,0.124,0.088,0.145,0.06,0.151,0.174,0.028,0.144,0.041,0.109,0.36,0.067,0.091,0.156,0.093,0.06,0.398,0.057,0.15,0.09,0.175,0.076,0.065,0.073,0.095,0.12,0.182,0.276,0.079,0.035,0.102,0.105,0.088,0.06,0.126,0.038,0.225,0.115,0.065,0.344,0.073,0.067,0.305,0.103,0.133,0.111,0.155,0.111,0.161,0.044,0.157,0.152,0.096,0.146,0.125,0.081,0.076,0.093,0.122,0.138,0.147,0.166,0.112,0.042,0.105,0.307,0.137,0.1,0.112,0.082,0.039,0.088,0.055,0.082,0.089,0.125,0.111,0.1,0.072,0.144,0.228,0.102,0.218,0.093,0.112,0.429,0.127,0.101
0.181,0.132,0.16,0.167,0.328,0.145,0.174,0.193,0.136,0.165,0.231,0.171,0.145,0.195,0.176,0.206,0.188,0.206,0.145,0.182,0.169,0.146,0.214,0.177,0.141,0.364,0.167,0.232,0.166,0.419,0.185,0.175,0.169,0.266,0.125,0.189,0.168,0.242,0.17,0.231,0.203,0.207,0.153,0.271,0.253,0.218,0.175,0.105,0.156,0.24,0.146,0.416,0.213,0.125,0.271,0.173,0.234,0.275,0.192,0.192,0.134,0.119,0.282,0.146,0.15,0.207,0.172,0.382,0.124,0.295,0.143,0.23,0.183,0.156,0.223,0.296,0.109,0.17,0.185,0.22,0.249,0.154,0.295,0.302,0.191,0.183,0.167,0.101,0.233,0.173,0.061,0.272,0.232,0.359,0.233,1.0,0.24,0.155,0.293,0.362,0.175,0.162,0.098,0.133,0.134,0.177,0.212,0.07,0.208,0.132,0.18,0.288,0.171,0.147,0.115,0.222,0.238,0.168,0.09,0.163,0.048,0.216,0.21,0.132,0.133,0.195,0.165,0.181,0.092,0.264,0.201,0.146,0.152,0.18,0.23,0.209,0.16,0.236,0.267,0.168,0.141,0.177,0.159,0.19,0.142,0.105,0.129,0.148,0.376,0.211,0.199,0.179,0.11,0.219,0.196,0.141,0.115,0.192,0.172,0.147,0.088,0.259,0.17,0.104,0.215,0.137,0.192,0.283,0.146,0.208,0.271,0.132,0.363,0.169,0.132,0.181,0.183,0.082,0.203,0.221,0.137,0.143,0.184,0.149,0.186,0.166,0.167,0.099,0.195,0.265,0.454,0.154,0.197,0.162,0.15,0.175,0.269,0.06,0.317,0.156,0.14,0.375,0.135,0.147,0.094,0.248,0.278,0.163,0.262,0.278,0.17,0.188,0.15,0.198,0.225,0.188,0.154,0.228,0.138,0.167,0.148,0.207,0.208,0.213,0.122,0.295,0.155,0.255,0.192,0.153,0.164,0.134,0.094,0.104,0.232,0.129,0.219,0.194,0.133,0.143,0.128,0.192,0.307,0.194,0.23,0.103,0.143,0.684,0.171,0.117
0.197,0.134,0.257,0.281,0.258,0.149,0.135,0.195,0.242,0.207,0.169,0.162,0.168,0.208,0.114,0.197,0.178,0.16,0.16,0.275,0.138,0.153,0.094,0.236,0.192,0.324,0.134,0.115,0.221,0.3,0.321,0.113,0.288,0.277,0.086,0.161,0.197,0.326,0.187,0.236,0.341,0.174,0.239,0.189,0.224,0.214,0.163,0.095,0.138,0.174,0.251,0.278,0.148,0.175,0.235,0.215,0.266,0.186,0.099,0.236,0.155,0.084,0.249,0.142,0.181,0.151,0.202,0.338,0.097,0.192,0.13,0.173,0.167,0.152,0.307,0.303,0.138,0.206,0.2,0.262,0.247,0.149,0.242,0.247,0.153,0.19,0.165,0.084,0.361,0.171,0.069,0.255,0.104,0.305,0.278,0.24,1.0,0.173,0.153,0.269,0.215,0.146,0.331,0.167,0.254,0.46,0.303,0.068,0.189,0.177,0.185,0.158,0.186,0.114,0.173,0.102,0.171,0.157,0.064,0.238,0.09,0.155,0.192,0.123,0.198,0.161,0.197,0.15,0.077,0.131,0.235,0.156,0.17,0.172,0.165,0.209,0.149,0.324,0.372,0.206,0.09,0.149,0.12,0.286,0.116,0.091,0.057,0.17,0.094,0.285,0.226,0.319,0.134,0.188,0.245,0.175,0.256,0.166,0.245,0.356,0.128,0.232,0.148,0.744,0.287,0.118,0.138,0.169,0.057,0.165,0.104,0.151,0.298,0.183,0.154,0.134,0.176,0.523,0.396,0.122,0.291,0.117,0.175,0.184,0.089,0.324,0.185,0.099,0.172,0.331,0.219,0.146,0.176,0.235,0.206,0.119,0.196,0.153,0.304,0.152,0.15,0.366,0.164,0.217,0.121,0.146,0.212,0.144,0.153,0.245,0.125,0.129,0.143,0.2,0.132,0.164,0.108,0.183,0.236,0.154,0.156,0.219,0.246,0.221,0.137,0.114,0.163,0.271,0.168,0.166,0.146,0.173,0.055,1.0,0.182,0.193,0.117,0.188,0.155,0.179,0.091,0.166,0.336,0.335,0.252,0.135,0.099,0.6,0.171,0.073
0.236,0.22,0.29,0.389,0.181,0.21,0.248,0.167,0.367,0.304,0.266,0.182,0.222,0.212,0.3,0.26,0.315,0.157,0.218,0.338,0.28,0.279,0.177,0.2,0.32,0.156,0.299,0.197,0.445,0.105,0.324,0.165,0.44,0.237,0.197,0.234,0.289,0.18,0.294,0.119,0.361,0.155,0.351,0.213,0.207,0.174,0.303,0.19,0.429,0.198,0.317,0.122,0.312,0.284,0.466,0.337,0.096,0.133,0.168,0.456,0.296,0.432,0.097,0.218,0.207,0.262,0.33,0.195,0.156,0.315,0.233,0.407,0.34,0.252,0.152,0.135,0.118,0.251,0.217,0.187,0.235,0.373,0.27,0.354,0.22,0.269,0.097,0.135,0.258,0.271,0.113,0.264,0.199,0.158,0.072,0.155,0.173,1.0,0.191,0.138,0.353,0.206,0.348,0.302,0.371,0.791,0.315,0.133,0.221,0.391,0.346,0.134,0.174,0.206,0.28,0.107,0.113,0.216,0.113,0.267,0.457,0.28,0.176,0.275,0.366,0.273,0.284,0.282,0.142,0.156,0.293,0.244,0.25,0.425,0.311,0.272,0.254,0.284,0.492,0.444,0.209,0.266,0.124,0.356,0.308,0.126,0.103,0.406,0.333,0.368,0.149,0.239,0.26,0.484,0.296,0.263,0.187,0.273,0.387,0.514,0.198,0.207,0.283,0.58,0.351,0.204,0.22,0.182,0.181,0.274,0.155,0.166,0.142,0.417,0.334,0.183,0.243,0.425,0.083,0.164,0.305,0.371,0.339,0.312,0.153,0.334,0.41,0.188,0.273,0.112,0.218,0.096,0.314,0.431,0.316,0.238,0.173,0.217,0.238,0.252,0.283,0.082,0.273,0.306,0.198,0.299,0.206,0.186,0.11,0.418,0.066,0.245,0.189,0.338,0.184,0.332,0.21,0.309,0.332,0.182,0.336,0.304,0.228,0.235,0.406,0.219,0.314,0.089,0.199,0.217,0.412,0.201,0.122,0.46,0.218,0.259,0.163,0.214,0.246,0.265,0.166,0.273,0.294,0.367,0.159,0.272,0.197,0.15,0.284,0.188
0.2,0.32,0.221,0.24,0.276,0.2,0.438,0.126,0.337,0.316,0.215,0.209,0.22,0.216,0.311,0.188,0.191,0.134,0.364,0.196,0.328,0.224,0.187,0.185,0.247,0.186,0.449,0.274,0.28,0.115,0.328,0.201,0.3,0.107,0.243,0.138,0.189,0.15,0.312,0.139,0.314,0.123,0.355,0.182,0.247,0.128,0.41,0.205,0.363,0.201,0.225,0.14,0.182,0.219,0.346,0.166,0.099,0.372,0.226,0.28,0.304,0.12,0.064,0.18,0.16,0.417,0.233,0.195,0.18,0.276,0.335,0.359,0.401,0.383,0.067,0.111,0.12,0.175,0.142,0.187,0.26,0.31,0.341,0.241,0.246,0.353,0.108,0.115,0.393,0.345,0.058,0.264,0.203,0.164,0.092,0.293,0.153,0.191,1.0,0.108,0.25,0.177,0.409,0.339,0.235,0.645,0.315,0.112,0.249,0.226,0.354,0.095,0.167,0.169,0.21,0.557,0.116,0.166,0.105,0.239,0.094,0.226,0.209,0.374,0.336,0.454,0.213,0.473,0.122,0.248,0.104,0.35,0.196,0.143,0.446,0.541,0.373,0.191,0.428,0.268,0.158,0.267,0.263,0.234,0.348,0.153,0.116,0.394,0.169,0.294,0.237,0.177,0.293,0.396,0.171,0.263,0.205,0.4,0.311,0.63,0.191,0.32,0.446,0.376,0.3,0.177,0.296,0.165,0.077,0.197,0.606,0.158,0.158,0.25,0.287,0.218,0.295,0.278,0.089,0.241,0.317,0.359,0.43,0.244,0.156,0.173,0.255,0.191,0.454,0.07,0.415,0.174,0.257,0.282,0.21,0.189,0.181,0.058,0.141,0.383,0.16,0.061,0.242,0.243,0.198,0.249,0.852,0.349,0.08,0.418,0.075,0.175,0.226,0.53,0.234,0.348,0.123,0.168,0.204,0.255,0.215,0.268,0.118,0.143,0.243,0.292,0.252,0.057,0.236,0.131,0.346,0.153,0.051,0.376,0.2,0.201,0.236,0.121,0.136,0.395,0.13,0.4,0.292,0.244,0.203,0.159,0.194,0.111,0.442,0.165
0.121,0.091,0.22,0.113,0.268,0.114,0.123,0.275,0.138,0.146,0.147,0.193,0.16,0.133,0.114,0.083,0.112,0.161,0.096,0.176,0.115,0.099,0.076,0.243,0.266,0.485,0.139,0.145,0.113,0.657,0.13,0.122,0.147,0.256,0.087,0.308,0.144,0.217,0.152,0.274,0.15,0.204,0.143,0.185,0.246,0.285,0.124,0.066,0.1,0.088,0.124,0.628,0.096,0.127,0.249,0.091,0.364,0.138,0.132,0.14,0.174,0.091,0.283,0.141,0.293,0.133,0.124,0.349,0.157,0.182,0.111,0.123,0.131,0.112,0.244,0.329,0.115,0.135,0.18,0.295,0.263,0.137,0.197,0.29,0.066,0.103,0.168,0.177,0.168,0.256,0.309,0.12,0.122,0.503,0.279,0.362,0.269,0.138,0.108,1.0,0.092,0.187,0.078,0.109,0.155,0.14,0.155,0.075,0.182,0.122,0.153,0.206,0.148,0.11,0.107,0.076,0.226,0.151,0.062,0.234,0.049,0.093,0.211,0.1,0.1,0.131,0.15,0.128,0.123,0.116,0.17,0.125,0.097,0.302,0.128,0.133,0.115,0.3,0.315,0.179,0.088,0.115,0.091,0.17,0.109,0.17,0.084,0.146,0.088,0.211,0.187,0.168,0.136,0.131,0.284,0.101,0.122,0.236,0.195,0.113,0.071,0.348,0.119,0.085,0.282,0.08,0.203,0.234,0.049,0.338,0.07,0.177,0.534,0.087,0.1,0.136,0.162,0.064,0.215,0.083,0.182,0.114,0.105,0.163,0.094,0.114,0.142,0.162,0.131,0.255,0.12,0.061,0.147,0.113,0.108,0.085,0.168,0.647,0.371,0.112,0.08,0.341,0.073,0.138,0.109,0.16,0.122,0.162,0.202,0.178,0.224,0.074,0.123,0.139,0.114,0.109,0.171,0.14,0.133,0.133,0.123,0.193,0.214,0.186,0.107,0.069,0.143,0.247,0.196,0.166,0.134,0.234,0.051,0.085,0.09,0.163,0.126,0.161,0.07,0.104,0.179,0.236,0.405,0.144,0.368,0.101,0.073,0.57,0.123,0.057
0.412,0.204,0.279,0.477,0.15,0.246,0.277,0.137,0.358,0.256,0.289,0.172,0.195,0.205,0.23,0.38,0.296,0.13,0.244,0.26,0.253,0.245,0.16,0.165,0.24,0.143,0.303,0.264,0.359,0.096,0.457,0.173,0.365,0.112,0.158,0.117,0.266,0.301,0.26,0.107,0.412,0.122,0.367,0.225,0.231,0.118,0.306,0.277,0.406,0.383,0.336,0.109,0.335,0.25,0.448,0.35,0.084,0.123,0.252,0.454,0.239,0.283,0.062,0.193,0.14,0.343,0.417,0.162,0.179,0.362,0.249,0.458,0.308,0.234,0.15,0.112,0.104,0.342,0.13,0.18,0.208,0.274,0.36,0.258,0.25,0.375,0.095,0.085,0.302,0.288,0.049,0.364,0.203,0.14,0.07,0.175,0.215,0.353,0.25,0.092,1.0,0.229,0.619,0.639,0.282,0.487,0.4,0.088,0.252,0.213,0.36,0.088,0.155,0.248,0.231,0.111,0.115,0.156,0.1,0.213,0.081,0.33,0.185,0.246,0.361,0.319,0.172,0.287,0.129,0.192,0.305,0.214,0.277,0.319,0.32,0.312,0.269,0.237,0.565,0.31,0.143,0.261,0.157,0.299,0.303,0.077,0.206,0.275,0.142,0.343,0.147,0.386,0.171,0.494,0.167,0.437,0.163,0.305,0.284,0.474,0.148,0.22,0.301,0.273,0.336,0.174,0.192,0.151,0.15,0.127,0.193,0.125,0.131,0.399,0.321,0.177,0.291,0.187,0.082,0.209,0.241,0.256,0.29,0.211,0.213,0.485,0.3,0.137,0.319,0.079,0.208,0.1,0.359,0.455,0.336,0.31,0.15,0.06,0.297,0.234,0.348,0.063,0.361,0.279,0.144,0.336,0.254,0.209,0.073,0.462,0.061,0.261,0.217,0.348,0.172,0.364,0.103,0.345,0.29,0.182,0.221,0.293,0.313,0.153,0.249,0.263,0.347,0.057,0.18,0.139,0.306,0.174,0.125,0.273,0.356,0.199,0.215,0.152,0.492,0.235,0.147,0.305,0.25,0.309,0.168,0.162,0.261,0.105,0.28,0.135
0.152,0.233,0.277,0.226,0.108,0.133,0.246,0.128,0.196,0.327,0.226,0.184,0.302,0.146,0.18,0.141,0.185,0.085,0.311,0.233,0.2,0.171,0.159,0.18,0.372,0.132,0.256,0.162,0.256,0.104,0.25,0.175,0.231,0.083,0.128,0.098,0.175,0.145,0.22,0.104,0.21,0.086,0.3,0.158,0.232,0.21,0.238,0.215,0.24,0.149,0.272,0.126,0.213,0.306,0.269,0.25,0.091,0.115,0.14,0.219,0.342,0.137,0.06,0.123,0.196,0.252,0.258,0.097,0.161,0.312,0.193,0.318,0.231,0.242,0.135,0.101,0.097,0.201,0.114,0.092,0.165,0.195,0.212,0.158,0.224,0.227,0.092,0.24,0.246,0.637,0.376,0.167,0.156,0.151,0.069,0.162,0.146,0.206,0.177,0.187,0.229,1.0,0.299,0.227,0.27,0.309,0.247,0.074,0.259,0.197,0.218,0.073,0.126,0.202,0.154,0.088,0.087,0.12,0.08,0.314,0.051,0.418,0.13,0.204,0.24,0.293,0.164,0.256,0.114,0.133,0.206,0.222,0.15,0.141,0.257,0.322,0.253,0.19,0.301,0.243,0.111,0.191,0.098,0.196,0.223,0.194,0.208,0.286,0.092,0.458,0.172,0.159,0.205,0.317,0.114,0.178,0.19,0.613,0.263,0.35,0.149,0.192,0.25,0.445,0.249,0.188,0.17,0.124,0.091,0.087,0.134,0.236,0.141,0.31,0.198,0.139,0.323,0.307,0.073,0.266,0.362,0.194,0.189,0.242,0.124,0.152,0.198,0.14,0.325,0.066,0.202,0.077,0.25,0.24,0.223,0.159,0.105,0.333,0.119,0.242,0.264,0.055,0.352,0.286,0.099,0.224,0.182,0.177,0.064,0.203,0.069,0.186,0.159,0.31,0.124,0.246,0.075,0.41,0.222,0.15,0.169,0.292,0.137,0.096,0.152,0.142,0.265,0.052,0.196,0.132,0.198,0.217,0.117,0.445,0.14,0.222,0.135,0.109,0.159,0.248,0.17,0.613,0.198,0.197,0.248,0.163,0.181,0.101,0.259,0.134
0.134,0.462,0.507,0.649,0.14,0.063,0.417,0.194,0.367,1.0,0.226,0.155,0.331,0.532,0.348,0.085,0.324,0.156,0.608,0.497,0.417,1.0,0.524,0.298,0.8,0.142,0.495,0.226,0.331,0.08,0.331,0.177,0.348,0.14,0.257,0.119,0.409,0.095,0.417,0.084,0.507,0.153,0.495,0.226,0.38,0.091,0.507,0.892,0.344,0.156,0.649,0.088,0.468,0.532,0.507,0.618,0.07,0.102,0.281,0.507,0.417,0.14,0.055,0.305,0.278,0.507,1.0,0.108,0.186,0.091,0.417,1.0,0.507,0.415,0.062,0.112,0.074,1.0,0.122,0.101,0.229,0.507,0.417,0.324,0.256,0.415,0.091,0.101,0.507,0.507,0.037,0.151,0.214,0.112,0.082,0.098,0.331,0.348,0.409,0.078,0.619,0.299,1.0,0.619,0.559,0.348,0.177,0.095,0.416,0.647,0.507,0.086,0.532,0.468,0.348,0.038,0.144,0.31,0.192,0.649,0.058,0.532,0.367,0.367,0.477,0.507,0.532,0.417,0.13,0.24,0.076,0.415,0.31,0.14,0.507,0.507,0.497,0.468,0.507,0.507,0.172,0.754,0.134,0.416,0.409,0.092,0.169,0.417,0.086,1.0,0.396,0.119,0.227,0.507,0.189,0.409,0.331,0.507,0.507,0.385,0.532,0.348,0.473,0.331,0.507,0.362,0.295,0.28,0.086,0.14,0.04,0.462,0.112,0.385,0.348,0.217,0.608,0.238,0.087,0.355,0.754,0.409,0.349,0.348,0.159,0.1,0.516,0.163,0.507,0.108,0.415,0.119,0.409,0.507,1.0,1.0,0.172,0.032,0.14,0.415,0.649,0.035,0.649,0.532,0.113,0.226,0.409,0.263,0.065,0.226,0.052,0.115,0.242,0.507,0.18,0.507,0.14,0.458,0.507,0.2,0.519,0.507,0.175,0.348,0.507,0.076,0.349,0.058,0.236,0.379,0.507,0.167,0.044,0.331,0.156,0.417,0.281,0.282,0.103,0.331,0.2,0.507,0.417,0.507,0.494,0.288,0.461,0.056,0.417,0.461
0.34,0.307,0.233,0.336,0.117,0.235,0.452,0.123,0.369,0.226,0.195,0.205,0.198,0.182,0.324,0.27,0.249,0.128,0.364,0.178,0.352,0.317,0.23,0.186,0.241,0.153,0.466,0.281,0.315,0.117,0.416,0.203,0.37,0.118,0.241,0.156,0.23,0.257,0.291,0.12,0.406,0.114,0.301,0.225,0.262,0.126,0.407,0.417,0.482,0.306,0.366,0.144,0.319,0.239,0.535,0.255,0.104,0.122,0.224,0.442,0.306,0.265,0.066,0.217,0.154,0.473,0.338,0.16,0.151,0.2,0.342,0.507,0.42,0.384,0.118,0.109,0.109,0.416,0.163,0.129,0.197,0.314,0.427,0.286,0.195,0.413,0.101,0.089,0.461,0.401,0.06,0.364,0.244,0.159,0.09,0.133,0.167,0.302,0.339,0.109,0.639,0.227,0.619,1.0,0.237,0.487,0.247,0.117,0.273,0.199,0.4,0.104,0.165,0.214,0.206,0.094,0.122,0.189,0.107,0.225,0.075,0.267,0.216,0.349,0.301,0.505,0.165,0.477,0.115,0.21,0.198,0.324,0.242,0.277,0.454,0.454,0.396,0.181,0.527,0.285,0.156,0.29,0.141,0.255,0.358,0.096,0.112,0.367,0.142,0.3,0.219,0.321,0.17,0.656,0.151,0.352,0.175,0.467,0.257,0.474,0.197,0.345,0.431,0.273,0.344,0.218,0.305,0.192,0.106,0.169,0.122,0.151,0.163,0.43,0.376,0.188,0.281,0.187,0.071,0.171,0.24,0.378,0.323,0.25,0.242,0.485,0.27,0.186,0.505,0.068,0.195,0.087,0.373,0.414,0.266,0.344,0.161,0.056,0.197,0.384,0.406,0.059,0.508,0.237,0.144,0.293,0.354,0.295,0.086,0.336,0.077,0.225,0.216,0.515,0.2,0.363,0.169,0.32,0.205,0.185,0.2,0.292,0.315,0.128,0.217,0.213,0.261,0.061,0.229,0.147,0.402,0.13,0.1,0.273,0.268,0.187,0.214,0.124,0.312,0.331,0.128,0.467,0.263,0.254,0.218,0.139,0.279,0.105,0.43,0.18
0.206,0.264,0.499,0.396,0.226,0.127,0.274,0.235,0.277,0.436,0.339,0.168,0.326,0.274,0.255,0.142,0.267,0.169,0.294,0.425,0.28,0.218,0.183,0.209,0.458,0.193,0.351,0.248,0.413,0.117,0.364,0.21,0.325,0.148,0.18,0.163,0.358,0.159,0.319,0.118,0.318,0.174,0.428,0.249,0.274,0.22,0.36,0.218,0.255,0.17,0.376,0.132,0.276,0.362,0.336,0.385,0.104,0.165,0.223,0.372,0.328,0.117,0.094,0.222,0.316,0.31,0.488,0.654,0.186,0.216,0.265,0.369,0.343,0.257,0.19,0.158,0.093,0.228,0.15,0.521,0.234,0.512,0.275,0.214,0.212,0.263,0.124,0.154,0.306,0.382,0.117,0.379,0.205,0.205,0.082,0.134,0.254,0.371,0.235,0.155,0.282,0.27,0.559,0.237,1.0,0.847,0.796,0.083,0.276,0.426,0.325,0.111,0.226,0.273,0.318,0.063,0.159,0.196,0.118,0.311,0.515,0.262,0.243,0.238,0.484,0.318,0.326,0.28,0.173,0.185,0.159,0.251,0.29,0.19,0.322,0.325,0.284,0.39,0.382,0.583,0.219,0.342,0.135,0.286,0.245,0.115,0.127,0.414,0.23,0.45,0.202,0.182,0.222,0.342,0.267,0.325,0.251,0.365,0.436,0.752,0.227,0.235,0.284,1.0,0.425,0.2,0.213,0.199,0.118,0.114,0.075,0.285,0.157,0.292,0.333,0.208,0.401,0.7,0.122,0.209,0.499,0.247,0.26,0.28,0.173,0.508,0.41,0.178,0.316,0.138,0.235,0.112,0.299,0.439,0.428,0.269,0.171,0.333,0.171,0.257,0.246,0.154,0.254,0.506,0.271,0.273,0.25,0.213,0.094,1.0,0.078,0.162,0.246,0.338,0.182,0.344,0.109,0.285,0.551,0.235,0.451,0.362,0.202,0.247,0.466,0.171,0.374,0.087,0.206,0.206,0.309,0.231,0.067,0.744,0.172,0.365,0.205,0.352,0.126,0.294,0.192,0.365,0.38,0.383,0.241,0.327,0.223,0.256,0.289,0.169
0.251,0.513,0.847,0.645,0.224,0.117,0.736,0.33,0.575,0.645,0.418,0.254,0.46,0.46,0.645,0.142,0.446,0.273,0.622,0.668,0.902,0.348,0.288,0.327,0.847,0.239,0.736,0.418,0.521,0.146,0.521,0.315,0.645,0.226,0.808,0.217,0.645,0.193,0.736,0.156,0.847,0.275,0.791,0.418,0.64,0.181,0.847,0.383,0.575,0.27,0.46,0.169,0.335,0.46,0.847,0.397,0.14,0.168,0.315,0.847,0.902,0.226,0.099,0.512,0.376,0.847,0.487,0.195,0.249,0.181,0.736,0.847,0.847,1.0,0.11,0.208,0.129,0.348,0.205,0.187,0.746,0.847,0.902,0.446,0.481,1.0,0.153,0.168,0.847,0.847,0.074,0.264,0.382,0.208,0.138,0.177,0.46,0.791,0.645,0.14,0.487,0.309,0.348,0.487,0.847,1.0,0.315,0.179,0.412,0.414,0.847,0.169,0.46,0.287,0.791,0.075,0.245,0.348,0.148,0.891,0.094,0.477,0.574,0.575,0.645,0.847,0.46,0.902,0.216,0.307,0.133,0.891,0.594,0.226,0.847,0.847,0.736,0.645,0.902,0.847,0.32,0.509,0.162,0.412,0.645,0.162,0.196,0.902,0.169,0.902,0.536,0.231,0.524,0.847,0.307,0.645,0.46,0.847,0.902,0.514,0.46,0.645,0.736,0.46,0.847,0.301,0.705,0.334,0.149,0.226,0.076,0.414,0.208,0.521,0.891,0.324,0.622,0.339,0.136,0.369,0.622,0.645,0.507,0.791,0.284,0.173,0.847,0.307,0.847,0.186,0.722,0.129,0.645,0.847,0.645,0.348,0.32,0.058,0.226,1.0,0.348,0.061,0.383,0.791,0.198,0.418,0.645,0.482,0.131,0.418,0.088,0.196,0.372,0.847,0.307,0.847,0.226,0.285,0.891,0.301,0.645,0.902,0.203,0.645,0.847,0.12,0.507,0.109,0.342,0.269,0.847,0.254,0.07,0.46,0.27,0.902,0.315,0.409,0.155,0.575,0.206,0.847,0.736,0.847,0.493,0.414,0.292,0.111,0.808,0.292
0.289,0.272,0.392,0.667,0.408,0.133,0.349,0.358,0.288,0.355,0.447,0.263,1.0,0.602,0.315,0.229,0.317,0.198,0.303,0.771,0.435,0.246,0.176,0.328,0.392,0.269,0.349,0.447,1.0,0.16,0.425,0.563,0.315,0.219,0.268,0.138,0.584,0.207,0.349,0.17,0.392,0.181,0.447,0.771,0.306,0.214,0.392,0.189,0.288,0.301,0.355,0.183,0.397,0.268,0.392,1.0,0.157,0.277,0.602,0.392,0.349,0.121,0.109,0.244,0.3,0.392,1.0,0.209,0.29,0.254,0.349,0.392,0.392,0.315,0.129,0.219,0.143,0.177,0.376,0.223,0.253,0.392,0.349,0.219,0.267,0.315,0.297,0.165,0.392,0.392,0.093,0.296,0.411,0.337,0.098,0.212,0.303,0.315,0.315,0.155,0.4,0.247,0.177,0.247,0.796,0.315,1.0,0.085,0.321,1.0,0.392,0.176,0.244,0.764,0.315,0.093,0.276,0.264,0.112,0.288,0.048,0.376,0.282,0.288,1.0,0.392,0.263,0.349,0.667,0.336,0.15,0.288,0.267,0.283,0.392,0.392,0.349,0.329,0.392,1.0,0.355,0.257,0.192,0.328,0.315,0.113,0.231,0.349,0.176,0.392,0.226,0.241,0.275,0.392,0.283,0.337,0.303,0.392,0.667,0.254,0.191,0.315,0.349,0.303,0.484,0.246,0.288,0.268,0.163,0.121,0.092,0.187,0.219,0.293,0.315,0.667,0.347,0.239,0.262,0.376,0.303,0.315,0.251,0.315,0.318,0.205,0.584,0.179,0.392,0.153,0.242,0.22,0.315,1.0,0.402,0.397,0.355,0.073,0.219,0.315,0.281,0.075,0.299,0.357,0.107,0.771,0.315,0.253,0.141,0.447,0.102,0.228,1.0,0.392,0.336,0.392,0.121,0.227,1.0,0.539,0.315,0.392,0.17,0.315,0.392,0.236,1.0,0.119,0.277,0.246,0.392,0.484,0.059,0.303,0.301,0.349,0.602,0.355,0.084,0.303,0.234,0.392,0.349,0.392,0.247,0.283,0.205,0.129,0.349,0.15
0.076,0.117,0.081,0.094,0.058,0.079,0.154,0.092,0.111,0.118,0.081,0.139,0.132,0.092,0.114,0.044,0.068,0.059,0.118,0.1,0.125,0.073,0.106,0.062,0.086,0.087,0.135,0.089,0.094,0.074,0.098,0.068,0.126,0.074,0.115,0.27,0.111,0.074,0.194,0.163,0.093,0.091,0.126,0.103,0.099,0.079,0.24,0.08,0.133,0.046,0.106,0.095,0.071,0.077,0.136,0.069,0.078,0.069,0.077,0.113,0.38,0.067,0.078,0.125,0.157,0.146,0.075,0.097,0.209,0.083,0.132,0.132,0.23,0.147,0.067,0.094,0.101,0.077,0.064,0.05,0.095,0.271,0.114,0.104,0.057,0.122,0.048,0.112,0.153,0.128,0.046,0.064,0.08,0.097,0.076,0.07,0.068,0.133,0.112,0.075,0.088,0.074,0.095,0.117,0.083,0.179,0.085,1.0,0.076,0.156,0.187,0.098,0.072,0.056,0.09,0.066,0.061,0.222,0.22,0.087,0.26,0.139,0.165,0.121,0.122,0.155,0.121,0.167,0.125,0.066,0.072,0.257,0.082,0.062,0.157,0.145,0.145,0.073,0.15,0.106,0.116,0.111,0.057,0.087,0.105,0.153,0.047,0.215,0.135,0.104,0.088,0.096,0.119,0.16,0.17,0.122,0.145,0.148,0.136,0.134,0.211,0.138,0.149,0.104,0.115,0.172,0.114,0.052,0.061,0.055,0.046,0.065,0.101,0.113,0.164,0.167,0.091,0.142,0.058,0.077,0.11,0.111,0.186,0.102,0.108,0.046,0.132,0.254,0.155,0.076,0.096,0.048,0.112,0.095,0.088,0.064,0.098,0.041,0.081,0.147,0.186,0.039,0.09,0.086,0.264,0.105,0.121,0.128,0.084,0.104,0.05,0.074,0.08,0.173,0.371,0.117,0.056,0.127,0.098,0.072,0.08,0.106,0.076,0.079,0.121,0.047,0.08,0.072,0.172,0.077,0.129,0.108,0.169,0.104,0.049,0.09,0.072,0.092,0.084,0.177,0.046,0.148,0.109,0.086,0.076,0.113,0.061,0.077,0.158,0.067
0.194,0.334,0.209,0.27,0.198,0.211,0.332,0.194,0.232,0.259,0.261,0.157,0.316,0.218,0.282,0.195,0.218,0.16,0.42,0.22,0.268,0.242,0.216,0.249,0.208,0.361,0.333,0.244,0.371,0.177,0.318,0.24,0.319,0.143,0.185,0.152,0.158,0.139,0.235,0.142,0.226,0.144,0.307,0.177,0.231,0.107,0.315,0.271,0.332,0.262,0.327,0.279,0.3,0.324,0.381,0.269,0.259,0.178,0.198,0.302,0.226,0.169,0.149,0.201,0.216,0.342,0.283,0.514,0.142,0.15,0.26,0.393,0.304,0.341,0.141,0.171,0.088,0.281,0.155,1.0,0.281,0.269,0.284,0.246,0.279,0.333,0.156,0.102,0.33,0.274,0.041,0.301,0.21,0.248,0.102,0.208,0.189,0.221,0.249,0.182,0.252,0.259,0.416,0.273,0.276,0.412,0.321,0.076,1.0,0.296,0.263,0.122,0.205,0.223,0.152,0.1,0.192,0.219,0.106,0.222,0.069,0.264,0.189,0.279,0.321,0.385,0.204,0.347,0.128,0.286,0.163,0.301,0.198,0.262,0.336,0.445,0.342,0.265,0.417,0.279,0.166,0.304,0.149,0.285,0.261,0.101,0.106,0.297,0.116,0.271,0.258,0.148,0.166,0.414,0.304,0.22,0.261,0.319,0.254,0.461,0.214,0.294,0.348,0.649,0.284,0.266,0.255,0.199,0.136,0.15,0.145,0.224,0.246,0.391,0.258,0.187,0.314,0.485,0.216,0.218,0.354,0.265,0.289,0.203,0.173,0.192,0.26,0.136,0.436,0.135,0.252,0.141,0.244,0.325,0.245,0.248,0.155,0.041,0.176,0.341,0.321,0.101,0.455,0.27,0.136,0.246,0.298,0.232,0.11,0.296,0.096,0.237,0.24,0.412,0.247,0.317,0.097,0.223,0.237,0.223,0.214,0.246,0.168,0.156,0.202,0.303,0.264,0.136,0.18,0.221,0.262,0.128,0.101,0.649,0.239,0.168,0.231,0.171,0.188,0.354,0.149,0.319,0.265,0.246,0.236,0.247,0.312,0.178,0.358,0.205
0.15,0.317,0.263,0.291,0.191,0.099,0.284,0.176,0.231,0.422,0.241,0.165,0.406,0.31,0.334,0.125,0.167,0.144,0.391,0.331,0.298,0.242,0.233,0.202,0.297,0.149,0.333,0.235,0.503,0.094,0.347,0.248,0.287,0.112,0.184,0.296,0.298,0.107,0.283,0.112,0.233,0.145,0.351,0.242,0.227,0.13,0.329,0.256,0.223,0.152,0.348,0.106,0.251,0.36,0.289,0.301,0.084,0.156,0.262,0.278,0.311,0.089,0.085,0.196,0.244,0.313,0.394,0.209,0.176,0.16,0.255,0.413,0.365,0.299,0.097,0.12,0.104,0.22,0.155,0.223,0.199,0.474,0.277,0.169,0.208,0.289,0.129,0.131,0.306,0.289,0.074,0.296,0.197,0.163,0.075,0.132,0.177,0.391,0.226,0.122,0.213,0.197,0.647,0.199,0.426,0.414,1.0,0.156,0.296,1.0,0.344,0.112,0.24,0.311,0.216,0.067,0.131,0.22,0.169,0.227,0.457,0.286,0.19,0.245,0.412,0.356,0.318,0.309,0.22,0.195,0.104,0.294,0.247,0.142,0.319,0.341,0.306,0.282,0.321,0.449,0.257,0.327,0.122,0.232,0.243,0.12,0.127,0.431,0.176,0.324,0.236,0.132,0.199,0.308,0.302,0.279,0.285,0.307,0.324,0.461,0.345,0.23,0.318,0.869,0.356,0.231,0.218,0.17,0.115,0.094,0.059,0.278,0.123,0.25,0.277,0.261,0.345,1.0,0.114,0.219,0.376,0.239,0.364,0.269,0.162,0.205,0.477,0.224,0.34,0.102,0.235,0.127,0.213,0.415,0.31,0.277,0.168,0.085,0.118,0.299,0.243,0.075,0.28,0.325,0.177,0.296,0.246,0.193,0.093,0.447,0.061,0.115,0.304,0.357,0.222,0.286,0.08,0.231,0.402,0.234,0.307,0.252,0.15,0.163,0.489,0.142,0.326,0.08,0.212,0.197,0.276,0.194,0.071,0.647,0.152,0.232,0.256,0.187,0.092,0.317,0.166,0.307,0.286,0.289,0.23,0.41,0.268,0.129,0.316,0.208
0.271,0.415,0.303,0.412,0.177,0.143,0.489,0.221,0.405,0.38,0.257,0.286,0.287,0.271,0.395,0.141,0.284,0.204,0.413,0.286,0.4,0.34,0.223,0.276,0.318,0.221,0.453,0.288,0.354,0.16,0.391,0.226,0.468,0.217,0.342,0.306,0.284,0.168,0.411,0.181,0.316,0.212,0.465,0.238,0.323,0.19,0.488,0.246,0.405,0.17,0.282,0.192,0.224,0.296,0.407,0.216,0.152,0.162,0.244,0.428,0.425,0.277,0.11,0.26,0.308,0.462,0.329,0.23,0.246,0.241,0.418,0.422,0.573,0.463,0.111,0.18,0.147,0.238,0.28,0.272,0.3,0.398,0.386,0.357,0.199,0.422,0.155,0.143,0.445,0.41,0.102,0.34,0.224,0.225,0.146,0.18,0.185,0.346,0.354,0.153,0.36,0.218,0.507,0.4,0.325,0.847,0.392,0.187,0.263,0.344,1.0,0.134,0.243,0.214,0.218,0.102,0.155,0.262,0.2,0.279,0.463,0.311,0.271,0.439,0.414,0.495,0.343,0.511,0.176,0.222,0.144,0.449,0.242,0.269,0.514,0.473,0.449,0.257,0.543,0.394,0.256,0.322,0.149,0.276,0.445,0.157,0.151,0.537,0.188,0.387,0.276,0.254,0.29,0.449,0.221,0.445,0.293,0.452,0.468,0.693,0.417,0.405,0.503,0.545,0.4,0.266,0.386,0.236,0.103,0.312,0.091,0.228,0.21,0.316,0.465,0.283,0.348,0.442,0.107,0.238,0.401,0.492,0.441,0.335,0.216,0.248,0.372,0.256,0.495,0.125,0.274,0.136,0.322,0.364,0.275,0.244,0.2,0.098,0.289,0.463,0.287,0.099,0.283,0.321,0.271,0.294,0.367,0.41,0.122,0.49,0.109,0.136,0.277,0.601,0.256,0.468,0.28,0.236,0.284,0.239,0.303,0.342,0.169,0.225,0.36,0.123,0.297,0.092,0.314,0.198,0.557,0.22,0.115,0.545,0.177,0.284,0.234,0.193,0.228,0.521,0.165,0.452,0.35,0.295,0.25,0.308,0.225,0.185,0.525,0.2
0.104,0.103,0.139,0.102,0.151,0.081,0.125,0.327,0.119,0.1,0.138,0.144,0.105,0.15,0.147,0.082,0.175,0.43,0.096,0.138,0.134,0.123,0.309,0.194,0.133,0.273,0.122,0.165,0.134,0.264,0.122,0.123,0.158,0.388,0.112,0.196,0.113,0.426,0.159,0.371,0.135,0.396,0.13,0.707,0.387,0.149,0.15,0.064,0.114,0.138,0.128,0.275,0.104,0.078,0.154,0.091,0.245,0.133,0.137,0.269,0.11,0.065,0.425,0.296,0.126,0.128,0.109,0.38,0.099,0.105,0.099,0.145,0.16,0.119,0.3,0.39,0.103,0.08,0.102,0.143,0.174,0.126,0.135,0.302,0.064,0.107,0.336,0.071,0.225,0.11,0.046,0.144,0.187,0.264,0.158,0.288,0.158,0.134,0.095,0.206,0.088,0.073,0.086,0.104,0.111,0.169,0.176,0.098,0.122,0.112,0.134,1.0,0.296,0.084,0.083,0.061,0.754,0.222,0.088,0.17,0.064,0.114,0.428,0.115,0.112,0.126,0.104,0.135,0.066,0.121,0.358,0.116,0.147,0.111,0.324,0.122,0.121,0.14,0.221,0.14,0.108,0.188,0.077,0.149,0.111,0.091,0.127,0.132,0.605,0.154,0.15,0.104,0.075,0.132,0.179,0.093,0.106,0.123,0.156,0.127,0.072,0.228,0.124,0.094,0.137,0.157,0.137,0.295,0.147,0.131,0.046,0.219,0.32,0.103,0.104,0.189,0.118,0.075,0.225,0.2,0.098,0.108,0.116,0.148,0.098,0.105,0.162,0.076,0.126,0.321,0.172,0.082,0.112,0.112,0.101,0.136,0.27,0.041,0.208,0.119,0.089,0.177,0.078,0.088,0.059,0.159,0.15,0.148,0.937,0.23,0.684,0.109,0.114,0.147,0.129,0.112,0.239,0.121,0.117,0.122,0.174,0.281,0.339,0.353,0.106,0.079,0.118,0.335,0.149,0.115,0.116,0.1,0.06,0.094,0.132,0.118,0.128,0.3,0.055,0.129,0.097,0.123,0.198,0.113,0.148,0.082,0.071,0.26,0.132,0.13
0.142,0.295,0.241,0.194,0.161,0.102,0.244,0.238,0.214,0.267,0.176,0.174,0.213,0.3,0.209,0.094,0.248,0.483,0.338,0.2,0.237,0.248,0.221,0.358,0.212,0.211,0.23,0.225,0.241,0.18,0.236,0.171,0.288,0.258,0.153,0.123,0.185,0.241,0.286,0.232,0.288,0.346,0.276,0.28,0.298,0.162,0.266,0.229,0.192,0.148,0.193,0.174,0.231,0.289,0.267,0.186,0.143,0.146,0.211,0.497,0.218,0.082,0.184,0.281,0.146,0.272,0.216,0.436,0.14,0.108,0.214,0.296,0.272,0.284,0.151,0.231,0.096,0.278,0.256,0.222,0.168,0.22,0.293,0.224,0.139,0.261,0.53,0.09,0.272,0.237,0.041,0.207,0.229,0.207,0.116,0.171,0.186,0.174,0.167,0.148,0.155,0.126,0.532,0.165,0.226,0.46,0.244,0.072,0.205,0.24,0.243,0.296,1.0,0.187,0.272,0.062,0.365,0.23,0.104,0.191,0.062,0.262,0.324,0.24,0.223,0.318,0.23,0.276,0.099,0.19,0.223,0.259,0.177,0.158,0.323,0.279,0.308,0.234,0.33,0.216,0.147,0.322,0.108,0.193,0.194,0.086,0.125,0.247,0.22,0.283,0.266,0.177,0.137,0.29,0.195,0.151,0.241,0.261,0.233,0.356,0.248,0.209,0.278,0.456,0.296,0.208,0.218,0.287,0.219,0.106,0.056,0.341,0.246,0.192,0.191,0.164,0.26,0.324,0.152,0.168,0.327,0.193,0.178,0.228,0.176,0.144,0.242,0.112,0.294,0.183,0.197,0.091,0.173,0.231,0.22,0.21,0.218,0.039,0.175,0.284,0.151,0.273,0.205,0.221,0.121,0.218,0.241,0.17,0.302,0.317,0.256,0.121,0.184,0.342,0.17,0.226,0.167,0.206,0.205,0.174,0.267,0.398,0.255,0.282,0.179,0.089,0.191,0.142,0.186,0.292,0.366,0.125,0.066,0.456,0.14,0.192,0.205,0.343,0.08,0.243,0.15,0.261,0.204,0.245,0.24,0.155,0.206,0.196,0.304,0.217
0.166,0.247,0.208,0.251,0.138,0.145,0.24,0.13,0.18,0.26,0.313,0.148,0.312,0.274,0.188,0.148,0.203,0.098,0.404,0.23,0.224,0.2,0.203,0.153,0.259,0.129,0.262,0.235,0.355,0.085,0.236,0.24,0.204,0.077,0.129,0.079,0.186,0.116,0.177,0.085,0.2,0.11,0.249,0.241,0.177,0.112,0.229,0.264,0.248,0.172,0.222,0.097,0.459,0.391,0.282,0.374,0.071,0.129,0.289,0.25,0.187,0.129,0.055,0.137,0.147,0.253,0.353,0.162,0.192,0.181,0.235,0.369,0.233,0.22,0.112,0.088,0.08,0.253,0.138,0.16,0.167,0.237,0.218,0.149,0.234,0.226,0.116,0.176,0.237,0.238,0.084,0.425,0.21,0.141,0.086,0.147,0.114,0.206,0.169,0.11,0.248,0.202,0.468,0.214,0.273,0.287,0.764,0.056,0.223,0.311,0.214,0.084,0.187,1.0,0.19,0.07,0.115,0.138,0.132,0.172,0.053,0.296,0.13,0.19,0.315,0.332,0.229,0.24,0.232,0.213,0.129,0.195,0.158,0.174,0.26,0.258,0.238,0.262,0.293,0.28,0.149,0.267,0.158,0.167,0.187,0.163,0.13,0.219,0.134,0.246,0.16,0.14,0.161,0.318,0.176,0.199,0.185,0.252,0.232,0.328,0.203,0.178,0.276,0.29,0.27,0.151,0.162,0.143,0.117,0.075,0.19,0.201,0.112,0.28,0.206,0.231,0.285,0.216,0.095,0.18,0.313,0.181,0.22,0.196,0.22,0.213,0.33,0.184,0.287,0.058,0.177,0.124,0.232,0.433,0.297,0.306,0.146,0.117,0.105,0.22,0.216,0.054,0.239,0.252,0.211,0.335,0.182,0.16,0.068,0.343,0.057,0.211,0.354,0.285,0.167,0.302,0.06,0.311,0.298,0.218,0.201,0.223,0.138,0.114,0.209,0.18,0.309,0.053,0.161,0.175,0.202,0.265,0.073,0.29,0.159,0.19,0.281,0.132,0.153,0.2,0.18,0.252,0.224,0.193,0.177,0.168,0.413,0.091,0.24,0.272
0.177,0.143,0.333,0.254,0.237,0.211,0.169,0.216,0.267,0.247,0.218,0.134,0.156,0.163,0.162,0.161,0.318,0.262,0.153,0.299,0.174,0.139,0.094,0.176,0.239,0.137,0.221,0.14,0.231,0.137,0.24,0.117,0.286,0.12,0.116,0.113,0.209,0.166,0.272,0.104,0.295,0.211,0.27,0.25,0.147,0.147,0.209,0.114,0.203,0.156,0.205,0.093,0.199,0.202,0.223,0.279,0.106,0.203,0.116,0.348,0.205,0.118,0.083,0.171,0.133,0.211,0.285,0.271,0.118,0.203,0.165,0.278,0.216,0.172,0.139,0.132,0.1,0.153,0.092,0.187,0.269,0.24,0.223,0.234,0.416,0.209,0.076,0.097,0.181,0.179,0.06,0.264,0.126,0.121,0.068,0.115,0.173,0.28,0.21,0.107,0.231,0.154,0.348,0.206,0.318,0.791,0.315,0.09,0.152,0.216,0.218,0.083,0.272,0.19,1.0,0.139,0.091,0.121,0.088,0.23,0.127,0.226,0.161,0.201,0.313,0.187,0.227,0.194,0.103,0.129,0.141,0.176,0.168,0.185,0.213,0.236,0.208,0.269,0.306,0.293,0.101,0.168,0.178,0.233,0.148,0.096,0.063,0.235,0.169,0.287,0.13,0.173,0.216,0.237,0.225,0.208,0.151,0.18,0.322,0.514,0.108,0.139,0.189,0.46,0.282,0.148,0.151,0.095,0.344,0.133,0.166,0.115,0.135,0.207,0.234,0.164,0.179,0.339,0.112,0.149,0.315,0.152,0.248,0.21,0.192,0.187,0.316,0.135,0.187,0.152,0.249,0.107,0.229,0.267,0.283,0.154,0.143,0.138,0.16,0.172,0.233,0.25,0.17,0.245,0.198,0.19,0.223,0.137,0.072,0.418,0.059,0.379,0.153,0.252,0.151,0.252,0.067,0.249,0.375,0.229,0.321,0.253,0.203,0.21,0.254,0.172,0.208,0.073,0.148,0.168,0.345,0.169,0.124,0.46,0.157,0.199,0.123,0.389,0.16,0.2,0.085,0.18,0.29,0.308,0.129,0.165,0.146,0.111,0.2,0.117
0.138,0.049,0.067,0.102,0.204,0.218,0.073,0.049,0.097,0.097,0.097,0.12,0.059,0.079,0.074,0.165,0.11,0.063,0.056,0.095,0.071,0.294,0.063,0.066,0.051,0.125,0.069,0.09,0.088,0.077,0.117,0.074,0.103,0.058,0.047,0.08,0.083,0.108,0.089,0.098,0.153,0.06,0.056,0.08,0.071,0.076,0.074,0.086,0.107,0.141,0.084,0.097,0.125,0.06,0.138,0.114,0.07,0.269,0.084,0.105,0.063,0.096,0.05,0.089,0.056,0.106,0.086,0.065,0.058,0.216,0.061,0.123,0.09,0.063,0.06,0.074,0.377,0.091,0.055,0.106,0.148,0.08,0.105,0.153,0.177,0.081,0.042,0.052,0.086,0.075,0.036,0.153,0.549,0.098,0.042,0.222,0.102,0.107,0.557,0.076,0.111,0.088,0.038,0.094,0.063,0.075,0.093,0.066,0.1,0.067,0.102,0.061,0.062,0.07,0.139,1.0,0.05,0.056,0.055,0.09,0.046,0.108,0.063,0.066,0.064,0.084,0.099,0.077,0.04,0.143,0.107,0.068,0.085,0.097,0.082,0.168,0.084,0.079,0.127,0.079,0.053,0.067,0.347,0.125,0.056,0.077,0.043,0.07,0.08,0.072,0.066,0.143,0.104,0.158,0.086,0.086,0.053,0.084,0.076,0.061,0.048,0.077,0.078,0.041,0.094,0.076,0.052,0.048,0.07,0.098,0.52,0.035,0.109,0.129,0.08,0.058,0.082,0.025,0.06,0.098,0.063,0.059,0.153,0.07,0.096,0.093,0.082,0.063,0.084,0.052,0.269,0.123,0.12,0.115,0.094,0.082,0.09,0.031,0.082,0.063,0.119,0.032,0.105,0.082,0.052,0.126,0.408,0.067,0.054,0.107,0.049,0.186,0.28,0.084,0.133,0.088,0.044,0.146,0.078,0.122,0.06,0.08,0.094,0.059,0.058,0.256,0.147,0.046,0.12,0.078,0.09,0.08,0.09,0.041,0.149,0.047,0.111,0.061,0.14,0.055,0.046,0.084,0.102,0.113,0.041,0.044,0.082,0.062,0.069,0.062
0.146,0.13,0.18,0.132,0.195,0.081,0.162,0.399,0.146,0.133,0.172,0.154,0.142,0.152,0.142,0.084,0.157,0.397,0.14,0.153,0.154,0.112,0.096,0.267,0.131,0.351,0.154,0.21,0.16,0.298,0.163,0.163,0.168,0.385,0.101,0.192,0.119,0.475,0.167,0.471,0.127,0.42,0.177,0.578,0.457,0.165,0.165,0.079,0.122,0.118,0.117,0.303,0.138,0.12,0.184,0.11,0.264,0.168,0.179,0.325,0.127,0.057,0.427,0.324,0.158,0.179,0.151,0.589,0.118,0.109,0.135,0.157,0.167,0.148,0.285,0.444,0.091,0.093,0.143,0.351,0.212,0.145,0.167,0.306,0.082,0.14,0.47,0.064,0.257,0.151,0.047,0.237,0.16,0.319,0.191,0.238,0.171,0.113,0.116,0.226,0.115,0.087,0.144,0.122,0.159,0.245,0.276,0.061,0.192,0.131,0.155,0.754,0.365,0.115,0.091,0.05,1.0,0.291,0.067,0.137,0.037,0.127,0.489,0.14,0.148,0.178,0.12,0.17,0.089,0.166,0.374,0.138,0.124,0.185,0.183,0.169,0.151,0.186,0.276,0.174,0.12,0.227,0.1,0.142,0.14,0.058,0.096,0.159,0.132,0.157,0.191,0.115,0.1,0.166,0.25,0.118,0.127,0.166,0.172,0.204,0.083,0.25,0.164,0.154,0.174,0.098,0.188,0.309,0.067,0.139,0.046,0.287,0.361,0.1,0.121,0.155,0.17,0.122,0.284,0.115,0.167,0.131,0.131,0.136,0.121,0.227,0.154,0.088,0.178,0.337,0.117,0.083,0.127,0.165,0.129,0.123,0.161,0.049,0.24,0.148,0.079,0.177,0.095,0.128,0.073,0.197,0.183,0.162,0.75,0.351,0.751,0.085,0.155,0.204,0.147,0.151,0.328,0.112,0.144,0.186,0.21,0.285,0.385,0.371,0.13,0.081,0.132,0.305,0.172,0.142,0.14,0.117,0.038,0.154,0.116,0.183,0.171,0.271,0.051,0.154,0.152,0.166,0.22,0.131,0.182,0.1,0.101,0.26,0.171,0.07
0.139,0.263,0.226,0.175,0.155,0.074,0.24,0.224,0.343,0.247,0.184,0.136,0.18,0.285,0.384,0.08,0.19,0.237,0.276,0.18,0.272,0.359,0.264,0.3,0.181,0.233,0.225,0.224,0.197,0.181,0.194,0.168,0.244,0.315,0.22,0.203,0.149,0.185,0.374,0.234,0.16,0.236,0.289,0.229,0.26,0.136,0.428,0.164,0.18,0.127,0.222,0.18,0.158,0.185,0.23,0.138,0.172,0.159,0.198,0.279,0.21,0.25,0.263,0.169,0.229,0.251,0.195,0.673,0.161,0.109,0.198,0.246,0.31,0.245,0.174,0.239,0.093,0.142,0.238,0.309,0.165,0.341,0.215,0.228,0.114,0.223,0.182,0.105,0.29,0.213,0.043,0.225,0.177,0.19,0.12,0.168,0.157,0.216,0.166,0.151,0.156,0.12,0.31,0.189,0.196,0.348,0.264,0.222,0.219,0.22,0.262,0.222,0.23,0.138,0.121,0.056,0.291,1.0,0.229,0.174,0.316,0.187,0.226,0.336,0.214,0.272,0.162,0.251,0.127,0.18,0.156,0.277,0.196,0.291,0.265,0.255,0.248,0.186,0.282,0.24,0.156,0.232,0.101,0.296,0.424,0.11,0.11,0.254,0.158,0.209,0.202,0.1,0.148,0.243,0.277,0.162,0.182,0.24,0.241,0.288,0.258,0.232,0.25,0.303,0.21,0.327,0.314,0.388,0.177,0.316,0.044,0.259,0.209,0.16,0.231,0.214,0.246,0.23,0.219,0.189,0.246,0.489,0.209,0.361,0.149,0.166,0.214,0.173,0.272,0.253,0.235,0.104,0.148,0.201,0.157,0.163,0.167,0.043,0.254,0.245,0.162,0.187,0.183,0.186,0.205,0.205,0.244,0.167,0.205,0.34,0.147,0.099,0.172,0.31,0.4,0.202,0.292,0.139,0.182,0.186,0.193,0.315,0.201,0.245,0.189,0.091,0.16,0.228,0.158,0.253,0.371,0.155,0.065,0.303,0.121,0.183,0.19,0.189,0.061,0.309,0.229,0.24,0.26,0.206,0.198,0.2,0.153,0.229,0.266,0.132
0.096,0.192,0.089,0.122,0.065,0.066,0.186,0.113,0.1,0.229,0.111,0.11,0.109,0.171,0.131,0.05,0.071,0.065,0.257,0.118,0.124,0.106,0.139,0.074,0.104,0.08,0.172,0.121,0.106,0.061,0.109,0.092,0.114,0.062,0.107,0.201,0.107,0.059,0.202,0.103,0.087,0.124,0.221,0.118,0.105,0.065,0.224,0.143,0.12,0.069,0.207,0.075,0.136,0.175,0.133,0.111,0.062,0.083,0.146,0.102,0.217,0.054,0.066,0.097,0.165,0.158,0.108,0.139,0.133,0.084,0.221,0.161,0.192,0.155,0.055,0.091,0.082,0.118,0.067,0.069,0.09,0.189,0.118,0.082,0.07,0.132,0.057,0.073,0.152,0.127,0.039,0.097,0.104,0.084,0.124,0.09,0.064,0.113,0.105,0.062,0.1,0.08,0.192,0.107,0.118,0.148,0.112,0.22,0.106,0.169,0.2,0.088,0.104,0.132,0.088,0.055,0.067,0.229,1.0,0.09,0.214,0.142,0.09,0.114,0.204,0.182,0.214,0.155,0.099,0.117,0.059,0.167,0.089,0.064,0.178,0.15,0.153,0.099,0.147,0.171,0.142,0.143,0.074,0.083,0.112,0.089,0.077,0.172,0.111,0.107,0.113,0.084,0.092,0.157,0.122,0.143,0.175,0.148,0.179,0.162,0.22,0.128,0.16,0.126,0.115,0.108,0.117,0.078,0.072,0.048,0.04,0.119,0.079,0.108,0.179,0.139,0.147,0.148,0.06,0.091,0.162,0.108,0.192,0.104,0.106,0.071,0.136,0.154,0.178,0.07,0.105,0.079,0.098,0.14,0.135,0.108,0.094,0.036,0.076,0.155,0.144,0.034,0.11,0.098,0.261,0.117,0.124,0.113,0.074,0.144,0.043,0.07,0.221,0.169,0.27,0.17,0.046,0.128,0.12,0.102,0.124,0.109,0.076,0.098,0.156,0.066,0.117,0.065,0.174,0.084,0.119,0.089,0.095,0.126,0.066,0.091,0.139,0.085,0.113,0.299,0.097,0.148,0.137,0.09,0.095,0.348,0.23,0.063,0.155,0.216
0.179,0.211,0.333,0.27,0.243,0.135,0.258,0.221,0.24,0.429,0.269,0.183,0.316,0.247,0.226,0.141,0.187,0.173,0.251,0.341,0.263,0.242,0.281,0.211,0.495,0.21,0.273,0.231,0.257,0.125,0.258,0.208,0.27,0.157,0.23,0.115,0.188,0.148,0.281,0.148,0.298,0.167,0.364,0.235,0.231,0.254,0.3,0.174,0.195,0.171,0.34,0.127,0.172,0.298,0.268,0.19,0.13,0.256,0.187,0.271,0.384,0.086,0.123,0.168,0.284,0.303,0.308,0.519,0.217,0.271,0.238,0.313,0.304,0.297,0.151,0.144,0.115,0.204,0.191,0.272,0.276,0.262,0.271,0.22,0.209,0.292,0.158,0.268,0.288,0.439,0.45,0.237,0.194,0.174,0.082,0.163,0.238,0.267,0.239,0.234,0.213,0.314,0.649,0.225,0.311,0.891,0.288,0.087,0.222,0.227,0.279,0.17,0.191,0.172,0.23,0.09,0.137,0.174,0.09,1.0,0.084,0.186,0.174,0.224,0.266,0.296,0.212,0.291,0.166,0.189,0.136,0.312,0.225,0.14,0.351,0.335,0.26,0.33,0.337,0.313,0.15,0.211,0.145,0.233,0.213,0.188,0.118,0.339,1.0,0.484,0.187,0.207,0.291,0.279,0.208,0.194,0.291,0.428,0.418,0.453,0.143,0.213,0.27,0.532,0.367,0.186,0.203,0.162,0.118,0.131,0.087,0.25,0.167,0.199,0.267,0.256,0.327,0.377,0.144,0.257,0.391,0.218,0.234,0.329,0.135,0.255,0.296,0.194,0.31,0.133,0.307,0.146,0.201,0.268,0.228,0.214,0.337,0.376,0.155,0.297,0.215,0.195,0.287,0.329,0.172,0.224,0.351,0.187,0.141,0.392,0.07,0.133,0.181,0.346,0.181,0.266,0.094,0.205,0.3,0.231,0.267,0.411,0.139,0.204,0.23,0.112,0.249,0.128,0.203,0.209,0.269,0.28,0.049,0.532,0.175,0.309,0.187,0.2,0.082,0.274,0.239,0.428,0.291,0.288,0.286,0.185,0.136,0.143,0.335,0.137
0.082,0.083,0.122,0.16,0.041,0.055,0.106,0.105,0.085,0.828,0.093,0.084,0.075,0.064,0.094,0.036,0.074,0.044,0.098,0.447,0.106,0.058,0.064,0.055,0.126,0.071,0.106,0.055,0.077,0.051,0.082,0.048,0.094,0.054,0.077,0.457,0.36,0.064,0.316,0.132,0.122,0.116,0.544,0.075,0.094,0.061,0.316,0.064,0.084,0.036,0.214,0.057,0.053,0.08,0.122,0.07,0.048,0.054,0.048,0.122,0.114,0.039,0.052,0.168,0.55,0.122,0.086,0.053,0.108,0.082,0.106,0.122,0.828,0.094,0.083,0.097,0.068,0.058,0.039,0.027,0.072,0.408,0.106,0.074,0.051,0.094,0.032,0.108,0.122,0.122,0.029,0.037,0.051,0.071,0.057,0.048,0.09,0.457,0.094,0.049,0.081,0.051,0.058,0.075,0.515,0.094,0.048,0.26,0.069,0.457,0.463,0.064,0.062,0.053,0.127,0.046,0.037,0.316,0.214,0.084,1.0,0.097,0.087,0.085,0.203,0.122,0.457,0.106,0.139,0.044,0.047,0.187,0.142,0.047,0.122,0.122,0.106,0.131,0.122,0.251,0.214,0.097,0.05,0.084,0.094,0.102,0.031,0.457,0.064,0.122,0.07,0.082,0.098,0.122,0.187,0.174,0.167,0.122,0.193,0.18,0.828,0.094,0.106,0.062,0.122,0.085,0.084,0.043,0.045,0.038,0.031,0.056,0.071,0.077,0.665,0.187,0.098,0.069,0.043,0.06,0.347,0.094,0.457,0.094,0.101,0.027,0.457,0.187,0.122,0.098,0.074,0.076,0.094,0.122,0.114,0.058,0.064,0.023,0.082,0.094,0.234,0.022,0.064,0.167,0.124,0.064,0.094,0.072,0.052,0.055,0.032,0.052,0.068,0.122,0.408,0.122,0.036,0.084,0.23,0.047,0.153,0.122,0.054,0.128,0.457,0.036,0.076,0.044,0.118,0.057,0.122,0.092,0.097,0.062,0.036,0.151,0.048,0.186,0.086,0.247,0.036,0.122,0.106,0.122,0.079,0.214,0.049,0.038,0.106,0.049
0.197,0.373,0.227,0.307,0.129,0.149,0.333,0.125,0.243,0.329,0.293,0.208,0.322,0.286,0.26,0.172,0.262,0.114,0.436,0.309,0.35,0.26,0.267,0.176,0.244,0.134,0.307,0.245,0.365,0.094,0.325,0.246,0.308,0.106,0.223,0.133,0.249,0.174,0.265,0.109,0.295,0.101,0.388,0.237,0.309,0.112,0.333,0.357,0.316,0.209,0.238,0.113,0.336,0.356,0.411,0.348,0.093,0.13,0.24,0.332,0.306,0.182,0.087,0.206,0.157,0.372,0.354,0.144,0.202,0.336,0.273,0.49,0.348,0.4,0.103,0.106,0.107,0.318,0.147,0.13,0.214,0.281,0.355,0.2,0.298,0.376,0.117,0.137,0.364,0.317,0.055,0.194,0.249,0.148,0.076,0.216,0.155,0.28,0.226,0.093,0.33,0.418,0.532,0.267,0.262,0.477,0.376,0.139,0.264,0.286,0.311,0.114,0.262,0.296,0.226,0.108,0.127,0.187,0.142,0.186,0.097,1.0,0.171,0.255,0.293,0.435,0.256,0.396,0.165,0.211,0.254,0.37,0.236,0.202,0.365,0.37,0.35,0.19,0.435,0.262,0.158,0.313,0.117,0.211,0.312,0.147,0.293,0.329,0.154,0.456,0.28,0.177,0.36,0.484,0.195,0.238,0.248,0.36,0.243,0.356,0.351,0.264,0.371,0.456,0.32,0.194,0.273,0.17,0.137,0.097,0.161,0.277,0.128,0.385,0.284,0.245,0.314,0.324,0.108,0.368,0.343,0.246,0.225,0.254,0.173,0.199,0.294,0.257,0.402,0.088,0.302,0.117,0.307,0.342,0.314,0.255,0.167,0.052,0.126,0.4,0.326,0.049,0.35,0.351,0.231,0.319,0.239,0.194,0.096,0.304,0.064,0.276,0.218,0.439,0.205,0.347,0.091,0.492,0.258,0.216,0.21,0.29,0.164,0.131,0.242,0.179,0.313,0.085,0.224,0.191,0.296,0.149,0.16,0.456,0.191,0.2,0.232,0.128,0.208,0.328,0.148,0.36,0.231,0.233,0.212,0.189,0.272,0.094,0.398,0.229
0.127,0.21,0.289,0.205,0.172,0.103,0.306,0.38,0.356,0.214,0.17,0.183,0.235,0.169,0.242,0.084,0.188,0.35,0.241,0.191,0.226,0.17,0.142,0.262,0.212,0.299,0.288,0.183,0.219,0.262,0.221,0.142,0.295,0.358,0.155,0.199,0.18,0.372,0.341,0.392,0.22,0.401,0.288,0.402,0.531,0.165,0.36,0.143,0.239,0.109,0.168,0.26,0.157,0.17,0.289,0.152,0.212,0.133,0.154,0.36,0.278,0.094,0.351,0.482,0.175,0.273,0.203,0.38,0.225,0.121,0.271,0.269,0.287,0.238,0.257,0.412,0.099,0.151,0.13,0.178,0.232,0.255,0.24,0.329,0.11,0.223,0.259,0.087,0.329,0.248,0.052,0.239,0.163,0.28,0.173,0.21,0.192,0.176,0.209,0.211,0.185,0.13,0.367,0.216,0.243,0.574,0.282,0.165,0.189,0.19,0.271,0.428,0.324,0.13,0.161,0.063,0.489,0.226,0.09,0.174,0.087,0.171,1.0,0.515,0.275,0.294,0.177,0.288,0.111,0.142,0.473,0.238,0.133,0.143,0.328,0.287,0.371,0.211,0.413,0.241,0.121,0.319,0.095,0.229,0.262,0.09,0.131,0.283,0.146,0.263,0.221,0.143,0.145,0.281,0.212,0.187,0.195,0.267,0.295,0.557,0.131,0.329,0.323,0.347,0.272,0.216,0.216,0.367,0.087,0.156,0.057,0.237,0.299,0.196,0.231,0.187,0.21,0.259,0.195,0.18,0.265,0.267,0.243,0.229,0.171,0.159,0.248,0.153,0.294,0.337,0.162,0.071,0.21,0.238,0.204,0.201,0.153,0.058,0.245,0.238,0.163,0.201,0.178,0.185,0.178,0.192,0.236,0.246,0.418,0.368,0.412,0.09,0.175,0.385,0.15,0.27,0.418,0.295,0.2,0.148,0.299,0.357,0.481,0.383,0.211,0.078,0.199,0.239,0.201,0.186,0.282,0.145,0.165,0.347,0.11,0.204,0.148,0.403,0.088,0.272,0.108,0.267,0.332,0.226,0.232,0.133,0.131,0.291,0.317,0.141
0.162,0.357,0.296,0.245,0.131,0.111,0.575,0.147,0.696,0.259,0.222,0.195,0.239,0.219,0.547,0.098,0.2,0.158,0.426,0.192,0.407,0.363,0.272,0.33,0.275,0.157,0.496,0.305,0.298,0.106,0.286,0.224,0.394,0.176,0.29,0.151,0.213,0.104,0.42,0.113,0.324,0.146,0.362,0.218,0.307,0.123,0.486,0.276,0.397,0.17,0.22,0.128,0.221,0.236,0.47,0.177,0.094,0.126,0.24,0.351,0.367,0.262,0.068,0.274,0.181,0.521,0.233,0.183,0.178,0.122,0.479,0.462,0.483,0.428,0.069,0.111,0.099,0.232,0.223,0.169,0.214,0.385,0.398,0.251,0.17,0.385,0.112,0.104,0.508,0.457,0.054,0.239,0.259,0.153,0.09,0.132,0.123,0.275,0.374,0.1,0.246,0.204,0.367,0.349,0.238,0.575,0.288,0.121,0.279,0.245,0.439,0.115,0.24,0.19,0.201,0.066,0.14,0.336,0.114,0.224,0.085,0.255,0.515,1.0,0.326,0.548,0.197,0.512,0.134,0.228,0.101,0.376,0.189,0.247,0.571,0.506,0.626,0.208,0.471,0.308,0.186,0.303,0.118,0.326,0.615,0.108,0.131,0.435,0.162,0.327,0.27,0.135,0.219,0.531,0.174,0.291,0.223,0.512,0.342,0.557,0.244,0.454,0.582,0.347,0.351,0.371,0.418,0.324,0.114,0.299,0.062,0.199,0.15,0.306,0.383,0.22,0.346,0.259,0.087,0.215,0.301,0.664,0.342,0.46,0.26,0.159,0.323,0.194,0.548,0.078,0.234,0.102,0.304,0.341,0.237,0.216,0.19,0.053,0.191,0.428,0.214,0.056,0.3,0.242,0.178,0.278,0.391,0.332,0.091,0.392,0.068,0.127,0.256,0.68,0.225,0.404,0.255,0.351,0.214,0.206,0.263,0.367,0.205,0.206,0.279,0.097,0.277,0.068,0.232,0.333,0.554,0.143,0.175,0.347,0.158,0.242,0.231,0.154,0.107,0.387,0.147,0.512,0.311,0.271,0.268,0.187,0.223,0.098,0.556,0.241
0.187,0.305,0.358,0.414,0.191,0.125,0.441,0.208,0.321,0.414,0.31,0.162,0.327,0.278,0.312,0.154,0.246,0.163,0.359,0.379,0.369,0.238,0.207,0.209,0.357,0.157,0.522,0.257,0.446,0.096,0.368,0.246,0.35,0.122,0.23,0.166,0.362,0.134,0.396,0.112,0.374,0.192,0.547,0.271,0.308,0.122,0.441,0.25,0.346,0.194,0.37,0.108,0.318,0.305,0.418,0.386,0.085,0.153,0.241,0.401,0.387,0.12,0.073,0.252,0.26,0.413,0.414,0.209,0.167,0.195,0.359,0.431,0.444,0.322,0.102,0.131,0.096,0.234,0.16,0.223,0.223,0.505,0.358,0.214,0.211,0.332,0.124,0.113,0.409,0.398,0.053,0.801,0.233,0.162,0.134,0.133,0.198,0.366,0.336,0.1,0.361,0.24,0.477,0.301,0.484,0.645,1.0,0.122,0.321,0.412,0.414,0.112,0.223,0.315,0.313,0.064,0.148,0.214,0.204,0.266,0.203,0.293,0.275,0.326,1.0,0.43,0.317,0.378,0.211,0.208,0.158,0.294,0.22,0.168,0.424,0.436,0.367,0.322,0.439,0.612,0.252,0.374,0.131,0.286,0.396,0.098,0.213,0.402,0.176,0.413,0.228,0.175,0.224,0.433,0.249,0.367,0.261,0.41,0.407,0.63,0.234,0.3,0.375,0.649,0.407,0.232,0.264,0.188,0.137,0.115,0.068,0.192,0.131,0.343,0.355,0.285,0.347,0.485,0.111,0.268,0.396,0.345,0.488,0.289,0.207,0.258,0.432,0.18,0.432,0.108,0.237,0.12,0.357,0.477,0.422,0.315,0.187,0.085,0.138,0.322,0.278,0.075,0.3,0.375,0.369,0.297,0.342,0.267,0.088,0.447,0.06,0.152,0.356,0.444,0.219,0.425,0.099,0.275,0.505,0.249,0.377,0.374,0.169,0.238,0.553,0.168,0.574,0.074,0.216,0.18,0.399,0.186,0.07,0.649,0.193,0.297,0.238,0.217,0.148,0.365,0.148,0.41,0.351,0.347,0.272,0.308,0.273,0.129,0.371,0.226
0.225,0.596,0.305,0.299,0.178,0.126,0.701,0.179,0.413,0.369,0.277,0.262,0.374,0.346,0.515,0.145,0.24,0.195,0.648,0.255,0.52,0.378,0.385,0.296,0.339,0.2,0.608,0.392,0.412,0.14,0.398,0.299,0.427,0.148,0.461,0.182,0.256,0.13,0.43,0.154,0.331,0.188,0.48,0.244,0.373,0.157,0.597,0.432,0.561,0.218,0.318,0.163,0.321,0.397,0.521,0.231,0.119,0.162,0.355,0.393,0.469,0.202,0.088,0.289,0.231,0.655,0.315,0.23,0.292,0.168,0.561,0.54,0.602,0.683,0.096,0.129,0.118,0.345,0.231,0.272,0.301,0.436,0.498,0.245,0.252,0.574,0.179,0.155,0.62,0.529,0.094,0.34,0.288,0.196,0.182,0.195,0.161,0.273,0.454,0.131,0.319,0.293,0.507,0.505,0.318,0.847,0.392,0.155,0.385,0.356,0.495,0.126,0.318,0.332,0.187,0.084,0.178,0.272,0.182,0.296,0.122,0.435,0.294,0.548,0.43,1.0,0.293,0.761,0.19,0.322,0.122,0.602,0.282,0.218,0.668,0.627,0.609,0.282,0.579,0.356,0.23,0.444,0.173,0.251,0.508,0.184,0.216,0.577,0.188,0.413,0.424,0.166,0.346,0.624,0.231,0.332,0.367,0.633,0.405,0.693,0.436,0.543,0.711,0.545,0.415,0.302,0.535,0.287,0.113,0.227,0.078,0.358,0.169,0.38,0.452,0.409,0.456,0.442,0.118,0.3,0.472,0.524,0.453,0.37,0.242,0.248,0.377,0.281,0.855,0.095,0.316,0.162,0.333,0.397,0.282,0.323,0.221,0.093,0.171,0.683,0.256,0.094,0.4,0.348,0.271,0.324,0.477,0.536,0.111,0.49,0.104,0.146,0.355,0.799,0.279,0.536,0.212,0.259,0.28,0.283,0.335,0.374,0.158,0.2,0.329,0.137,0.34,0.082,0.312,0.224,0.51,0.192,0.076,0.545,0.206,0.29,0.336,0.175,0.153,0.633,0.23,0.633,0.359,0.269,0.351,0.285,0.442,0.153,0.725,0.407
0.178,0.312,0.239,0.264,0.211,0.124,0.253,0.168,0.208,0.389,0.219,0.211,0.218,0.336,0.214,0.167,0.168,0.125,0.31,0.352,0.237,0.214,0.195,0.166,0.274,0.206,0.295,0.185,0.248,0.128,0.241,0.154,0.24,0.133,0.159,0.174,0.261,0.154,0.283,0.144,0.246,0.203,0.394,0.202,0.219,0.151,0.286,0.213,0.172,0.169,0.308,0.144,0.211,0.302,0.251,0.22,0.11,0.171,0.201,0.243,0.251,0.096,0.092,0.181,0.323,0.28,0.27,0.141,0.2,0.216,0.322,0.285,0.351,0.264,0.11,0.157,0.125,0.202,0.134,0.28,0.212,0.326,0.239,0.211,0.188,0.257,0.103,0.164,0.257,0.26,0.091,0.203,0.159,0.184,0.169,0.165,0.197,0.284,0.213,0.15,0.172,0.164,0.532,0.165,0.326,0.46,0.263,0.121,0.204,0.318,0.343,0.104,0.23,0.229,0.227,0.099,0.12,0.162,0.214,0.212,0.457,0.256,0.177,0.197,0.317,0.293,1.0,0.259,0.17,0.212,0.132,0.273,0.166,0.12,0.31,0.326,0.257,0.303,0.309,0.365,0.195,0.263,0.142,0.237,0.206,0.166,0.121,0.277,0.176,0.289,0.201,0.206,0.211,0.26,0.299,0.196,0.278,0.268,0.293,0.356,0.39,0.21,0.259,0.456,0.326,0.159,0.187,0.138,0.085,0.161,0.097,0.213,0.16,0.183,0.338,0.198,0.295,0.324,0.094,0.266,0.384,0.212,0.319,0.229,0.13,0.141,0.278,0.196,0.276,0.127,0.247,0.158,0.231,0.247,0.3,0.215,0.146,0.132,0.17,0.264,0.183,0.127,0.179,0.302,0.394,0.213,0.208,0.166,0.093,0.323,0.081,0.126,0.19,0.313,0.216,0.264,0.094,0.239,0.27,0.179,0.339,0.235,0.155,0.19,0.3,0.153,0.252,0.07,0.245,0.187,0.268,0.297,0.069,0.606,0.187,0.202,0.216,0.206,0.128,0.274,0.137,0.268,0.286,0.266,0.196,0.303,0.215,0.254,0.281,0.188
0.209,0.532,0.291,0.272,0.158,0.123,0.705,0.165,0.38,0.327,0.259,0.272,0.355,0.291,0.508,0.126,0.215,0.174,0.551,0.228,0.606,0.301,0.285,0.255,0.311,0.189,0.63,0.412,0.448,0.138,0.43,0.302,0.412,0.134,0.514,0.201,0.232,0.122,0.409,0.15,0.332,0.156,0.473,0.246,0.368,0.156,0.588,0.331,0.705,0.213,0.296,0.17,0.243,0.342,0.555,0.197,0.123,0.156,0.334,0.387,0.531,0.196,0.082,0.279,0.211,0.697,0.268,0.211,0.254,0.154,0.519,0.54,0.633,0.764,0.085,0.124,0.116,0.27,0.209,0.225,0.3,0.433,0.586,0.254,0.234,0.634,0.159,0.138,0.668,0.561,0.081,0.297,0.311,0.191,0.137,0.181,0.15,0.282,0.473,0.128,0.287,0.256,0.417,0.477,0.28,0.902,0.349,0.167,0.347,0.309,0.511,0.135,0.276,0.24,0.194,0.077,0.17,0.251,0.155,0.291,0.106,0.396,0.288,0.512,0.378,0.761,0.259,1.0,0.173,0.31,0.111,0.634,0.266,0.195,0.666,0.645,0.595,0.224,0.64,0.335,0.228,0.43,0.15,0.217,0.502,0.165,0.187,0.69,0.178,0.415,0.43,0.159,0.346,0.672,0.219,0.331,0.315,0.679,0.396,0.593,0.388,0.551,0.668,0.55,0.419,0.259,0.598,0.263,0.108,0.202,0.073,0.309,0.184,0.377,0.469,0.328,0.414,0.426,0.106,0.261,0.399,0.517,0.413,0.392,0.246,0.206,0.339,0.276,0.761,0.083,0.311,0.137,0.336,0.398,0.246,0.26,0.224,0.073,0.158,0.764,0.227,0.075,0.352,0.333,0.23,0.334,0.496,0.625,0.112,0.45,0.096,0.138,0.327,0.799,0.288,0.514,0.203,0.205,0.256,0.266,0.288,0.397,0.144,0.179,0.307,0.122,0.319,0.08,0.3,0.182,0.515,0.172,0.071,0.55,0.194,0.293,0.316,0.155,0.133,0.578,0.2,0.679,0.33,0.243,0.363,0.261,0.314,0.13,0.75,0.284
0.117,0.145,0.164,0.156,0.123,0.067,0.178,0.114,0.116,0.164,0.268,0.129,0.314,0.238,0.141,0.089,0.092,0.076,0.15,0.198,0.177,0.093,0.088,0.113,0.218,0.113,0.192,0.185,0.262,0.08,0.156,0.215,0.124,0.066,0.103,0.094,0.133,0.074,0.146,0.105,0.123,0.095,0.188,0.205,0.126,0.141,0.181,0.086,0.121,0.113,0.165,0.092,0.141,0.162,0.157,0.174,0.066,0.119,0.211,0.147,0.191,0.048,0.048,0.122,0.135,0.182,0.212,0.144,0.212,0.167,0.183,0.16,0.194,0.149,0.071,0.087,0.072,0.078,0.124,0.13,0.113,0.198,0.154,0.099,0.105,0.144,0.104,0.201,0.171,0.185,0.114,0.194,0.145,0.134,0.096,0.092,0.077,0.142,0.122,0.123,0.129,0.114,0.13,0.115,0.173,0.216,0.667,0.125,0.128,0.22,0.176,0.066,0.099,0.232,0.103,0.04,0.089,0.127,0.099,0.166,0.139,0.165,0.111,0.134,0.211,0.19,0.17,0.173,1.0,0.146,0.065,0.226,0.096,0.096,0.188,0.182,0.152,0.165,0.174,0.228,0.115,0.124,0.082,0.106,0.133,0.207,0.08,0.195,0.12,0.18,0.096,0.104,0.208,0.173,0.214,0.137,0.217,0.19,0.213,0.179,0.11,0.139,0.165,0.181,0.198,0.105,0.126,0.097,0.055,0.064,0.039,0.12,0.104,0.108,0.136,0.244,0.187,0.195,0.081,0.12,0.225,0.131,0.165,0.154,0.121,0.125,0.198,0.409,0.192,0.058,0.104,0.129,0.12,0.229,0.152,0.143,0.113,0.22,0.092,0.149,0.117,0.052,0.123,0.198,0.421,0.242,0.133,0.115,0.056,0.304,0.053,0.072,0.257,0.2,0.188,0.172,0.049,0.17,0.212,0.182,0.145,0.134,0.074,0.1,0.159,0.096,0.25,0.041,0.183,0.138,0.145,0.275,0.049,0.181,0.108,0.208,0.204,0.105,0.105,0.158,0.133,0.19,0.139,0.125,0.131,0.153,0.112,0.088,0.17,0.085
0.293,0.246,0.181,0.204,0.218,0.212,0.295,0.139,0.197,0.215,0.374,0.202,0.231,0.43,0.253,0.238,0.152,0.132,0.261,0.206,0.262,0.195,0.185,0.145,0.184,0.279,0.262,0.385,0.226,0.126,0.244,0.293,0.186,0.1,0.205,0.11,0.153,0.167,0.201,0.169,0.203,0.117,0.252,0.214,0.221,0.143,0.252,0.187,0.219,0.373,0.195,0.152,0.226,0.226,0.256,0.167,0.111,0.226,0.422,0.201,0.198,0.089,0.076,0.14,0.123,0.344,0.289,0.211,0.238,0.2,0.218,0.257,0.263,0.276,0.082,0.107,0.14,0.162,0.175,0.396,0.212,0.206,0.267,0.159,0.201,0.262,0.163,0.145,0.279,0.248,0.078,0.29,0.292,0.176,0.084,0.264,0.131,0.156,0.248,0.116,0.192,0.133,0.24,0.21,0.185,0.307,0.336,0.066,0.286,0.195,0.222,0.121,0.19,0.213,0.129,0.143,0.166,0.18,0.117,0.189,0.044,0.211,0.142,0.228,0.208,0.322,0.212,0.31,0.146,1.0,0.131,0.234,0.169,0.165,0.288,0.304,0.254,0.191,0.256,0.199,0.204,0.225,0.245,0.179,0.245,0.139,0.239,0.238,0.167,0.197,0.19,0.202,0.184,0.283,0.248,0.224,0.154,0.289,0.21,0.252,0.19,0.25,0.29,0.194,0.213,0.16,0.242,0.208,0.109,0.137,0.144,0.192,0.162,0.158,0.196,0.182,0.561,0.156,0.168,0.264,0.222,0.222,0.227,0.197,0.229,0.207,0.197,0.125,0.307,0.07,0.235,0.254,0.18,0.221,0.196,0.222,0.224,0.068,0.125,0.276,0.113,0.07,0.157,0.223,0.098,0.309,0.253,0.218,0.104,0.425,0.092,0.23,0.218,0.323,0.72,0.212,0.097,0.141,0.179,0.3,0.178,0.195,0.115,0.122,0.185,0.178,0.208,0.076,0.228,0.183,0.213,0.194,0.101,0.194,0.345,0.169,0.814,0.12,0.112,0.248,0.269,0.289,0.184,0.172,0.15,0.137,0.246,0.116,0.292,0.163
0.207,0.081,0.17,0.252,0.156,0.2,0.108,0.363,0.161,0.127,0.198,0.174,0.1,0.114,0.104,0.244,0.252,0.261,0.088,0.198,0.104,0.12,0.124,0.17,0.098,0.251,0.102,0.13,0.218,0.216,0.203,0.107,0.256,0.309,0.07,0.143,0.166,0.423,0.29,0.329,0.233,0.353,0.161,0.319,0.602,0.152,0.262,0.122,0.264,0.199,0.164,0.216,0.248,0.111,0.314,0.258,0.19,0.138,0.114,0.378,0.097,0.201,0.303,0.476,0.105,0.127,0.195,0.342,0.094,0.291,0.1,0.221,0.129,0.094,0.307,0.321,0.12,0.188,0.109,0.177,0.221,0.12,0.163,0.302,0.15,0.125,0.189,0.076,0.244,0.118,0.056,0.182,0.187,0.236,0.155,0.201,0.235,0.293,0.104,0.17,0.305,0.206,0.076,0.198,0.159,0.133,0.15,0.072,0.163,0.104,0.144,0.358,0.223,0.129,0.141,0.107,0.374,0.156,0.059,0.136,0.047,0.254,0.473,0.101,0.158,0.122,0.132,0.111,0.065,0.131,1.0,0.102,0.142,0.274,0.128,0.129,0.12,0.154,0.355,0.151,0.082,0.215,0.108,0.221,0.136,0.086,0.334,0.112,0.202,0.218,0.119,0.264,0.106,0.354,0.171,0.147,0.108,0.123,0.129,0.105,0.061,0.166,0.151,0.081,0.188,0.11,0.107,0.325,0.122,0.127,0.146,0.145,0.266,0.33,0.147,0.116,0.112,0.062,0.224,0.26,0.107,0.098,0.145,0.122,0.099,0.378,0.163,0.096,0.122,0.258,0.153,0.067,0.223,0.238,0.189,0.268,0.146,0.062,0.235,0.094,0.204,0.162,0.17,0.154,0.098,0.228,0.127,0.12,0.34,0.176,0.326,0.237,0.123,0.128,0.129,0.172,0.281,0.238,0.162,0.122,0.182,0.255,0.587,0.349,0.106,0.186,0.194,0.222,0.178,0.119,0.139,0.13,0.097,0.081,0.209,0.101,0.122,0.393,0.246,0.089,0.086,0.123,0.199,0.207,0.12,0.071,0.118,0.221,0.108,0.077
0.171,0.468,0.25,0.25,0.135,0.114,0.523,0.144,0.292,0.309,0.22,0.245,0.341,0.274,0.394,0.101,0.175,0.133,0.547,0.218,0.49,0.257,0.252,0.23,0.275,0.179,0.46,0.315,0.33,0.133,0.331,0.229,0.354,0.112,0.525,0.212,0.206,0.121,0.355,0.175,0.297,0.135,0.4,0.224,0.305,0.147,0.495,0.298,0.356,0.163,0.278,0.165,0.211,0.327,0.464,0.166,0.12,0.138,0.252,0.33,0.454,0.139,0.076,0.287,0.2,0.55,0.222,0.183,0.283,0.141,0.42,0.461,0.534,0.818,0.074,0.129,0.115,0.242,0.156,0.158,0.307,0.411,0.476,0.23,0.278,0.695,0.12,0.196,0.537,0.467,0.07,0.237,0.247,0.184,0.131,0.146,0.156,0.244,0.35,0.125,0.214,0.222,0.415,0.324,0.251,0.891,0.288,0.257,0.301,0.294,0.449,0.116,0.259,0.195,0.176,0.068,0.138,0.277,0.167,0.312,0.187,0.37,0.238,0.376,0.294,0.602,0.273,0.634,0.226,0.234,0.102,1.0,0.321,0.137,0.529,0.542,0.515,0.188,0.569,0.284,0.191,0.319,0.119,0.202,0.371,0.241,0.132,0.479,0.162,0.371,0.428,0.164,0.275,0.541,0.367,0.265,0.367,0.544,0.325,0.453,0.402,0.419,0.517,0.579,0.398,0.233,0.445,0.214,0.085,0.142,0.065,0.284,0.185,0.286,0.488,0.318,0.397,0.416,0.082,0.221,0.371,0.381,0.315,0.336,0.189,0.148,0.295,0.417,0.602,0.083,0.391,0.098,0.281,0.33,0.214,0.218,0.183,0.064,0.147,0.818,0.221,0.067,0.321,0.306,0.455,0.287,0.366,0.319,0.097,0.392,0.086,0.11,0.225,0.663,0.331,0.37,0.14,0.207,0.235,0.211,0.229,0.337,0.147,0.157,0.257,0.095,0.239,0.069,0.32,0.16,0.423,0.192,0.07,0.579,0.152,0.266,0.24,0.142,0.132,0.459,0.144,0.544,0.272,0.22,0.301,0.253,0.25,0.129,0.796,0.231
0.392,0.24,0.237,0.349,0.144,0.142,0.231,0.127,0.239,0.219,0.208,0.142,0.193,0.266,0.202,0.283,0.184,0.129,0.289,0.196,0.437,0.177,0.204,0.156,0.207,0.152,0.225,0.206,0.34,0.103,0.386,0.156,0.245,0.118,0.396,0.189,0.248,0.268,0.204,0.102,0.307,0.12,0.28,0.212,0.191,0.116,0.252,0.161,0.221,0.292,0.234,0.114,0.22,0.219,0.289,0.237,0.086,0.137,0.168,0.291,0.209,0.112,0.095,0.149,0.14,0.261,0.243,0.33,0.119,0.233,0.202,0.31,0.279,0.337,0.133,0.113,0.096,0.186,0.116,0.227,0.293,0.243,0.315,0.186,0.258,0.405,0.104,0.084,0.254,0.23,0.04,0.228,0.192,0.262,0.062,0.152,0.17,0.25,0.196,0.097,0.277,0.15,0.31,0.242,0.29,0.594,0.267,0.082,0.198,0.247,0.242,0.147,0.177,0.158,0.168,0.085,0.124,0.196,0.089,0.225,0.142,0.236,0.133,0.189,0.22,0.282,0.166,0.266,0.096,0.169,0.142,0.321,1.0,0.175,0.3,0.276,0.254,0.212,0.423,0.23,0.156,0.231,0.112,0.235,0.185,0.09,0.1,0.301,0.333,0.268,0.197,0.246,0.169,0.323,0.143,0.411,0.173,0.252,0.236,0.354,0.203,0.183,0.247,0.434,0.323,0.152,0.179,0.157,0.216,0.09,0.101,0.151,0.133,0.237,0.314,0.167,0.256,0.278,0.093,0.185,0.254,0.183,0.247,0.195,0.154,0.756,0.245,0.114,0.282,0.092,0.352,0.089,0.228,0.395,0.24,0.189,0.189,0.044,0.199,0.337,0.184,0.072,0.212,0.277,0.116,0.222,0.234,0.246,0.117,0.344,0.062,0.176,0.147,0.334,0.161,0.293,0.066,0.212,0.233,0.363,0.186,0.248,0.187,0.15,0.198,0.147,0.194,0.097,0.165,0.117,0.221,0.16,0.069,0.434,0.277,0.176,0.168,0.135,0.269,0.232,0.248,0.252,0.203,0.247,0.165,0.228,0.173,0.124,0.373,0.142
0.256,0.158,0.247,0.3,0.196,0.193,0.187,0.218,0.375,0.122,0.192,0.157,0.159,0.137,0.268,0.261,0.294,0.164,0.152,0.173,0.182,0.34,0.17,0.233,0.131,0.301,0.177,0.197,0.292,0.292,0.248,0.19,0.344,0.297,0.106,0.149,0.152,0.216,0.181,0.15,0.273,0.151,0.158,0.169,0.174,0.127,0.19,0.181,0.332,0.227,0.163,0.246,0.303,0.148,0.423,0.285,0.173,0.167,0.161,0.407,0.149,0.501,0.161,0.148,0.164,0.224,0.247,0.496,0.099,0.189,0.156,0.31,0.206,0.16,0.158,0.187,0.1,0.217,0.334,0.32,0.223,0.174,0.225,0.326,0.212,0.186,0.138,0.078,0.219,0.191,0.039,0.182,0.206,0.257,0.101,0.18,0.172,0.425,0.143,0.302,0.319,0.141,0.14,0.277,0.19,0.226,0.283,0.062,0.262,0.142,0.269,0.111,0.158,0.174,0.185,0.097,0.185,0.291,0.064,0.14,0.047,0.202,0.143,0.247,0.168,0.218,0.12,0.195,0.096,0.165,0.274,0.137,0.175,1.0,0.209,0.207,0.193,0.198,0.415,0.264,0.116,0.177,0.113,0.37,0.369,0.065,0.082,0.171,0.111,0.182,0.116,0.229,0.092,0.479,0.408,0.193,0.106,0.211,0.221,0.174,0.091,0.201,0.23,0.133,0.22,0.254,0.337,0.265,0.121,0.607,0.146,0.152,0.276,0.394,0.202,0.163,0.16,0.093,0.209,0.112,0.154,0.487,0.169,0.268,0.138,0.378,0.214,0.096,0.223,0.141,0.134,0.103,0.244,0.316,0.187,0.155,0.143,0.036,0.364,0.16,0.248,0.126,0.244,0.176,0.068,0.286,0.187,0.118,0.101,0.285,0.121,0.267,0.185,0.226,0.159,0.235,0.372,0.239,0.179,0.185,0.132,0.206,0.226,0.174,0.133,0.233,0.202,0.14,0.167,0.246,0.489,0.118,0.099,0.133,0.224,0.13,0.162,0.134,0.264,0.149,0.128,0.211,0.207,0.28,0.116,0.094,0.15,0.178,0.185,0.095
0.221,0.525,0.329,0.304,0.186,0.12,0.68,0.192,0.454,0.365,0.29,0.24,0.34,0.357,0.542,0.145,0.257,0.289,0.531,0.269,0.519,0.336,0.386,0.282,0.369,0.199,0.572,0.375,0.403,0.136,0.388,0.286,0.463,0.171,0.432,0.185,0.273,0.142,0.473,0.148,0.398,0.261,0.482,0.389,0.392,0.157,0.598,0.31,0.493,0.234,0.314,0.158,0.266,0.34,0.538,0.224,0.12,0.165,0.307,0.451,0.478,0.19,0.125,0.312,0.232,0.63,0.306,0.23,0.265,0.169,0.688,0.548,0.602,0.592,0.105,0.138,0.124,0.27,0.212,0.272,0.307,0.462,0.502,0.288,0.234,0.528,0.163,0.159,0.607,0.544,0.086,0.34,0.314,0.191,0.198,0.23,0.165,0.311,0.446,0.128,0.32,0.257,0.507,0.454,0.322,0.847,0.392,0.157,0.336,0.319,0.514,0.324,0.323,0.26,0.213,0.082,0.183,0.265,0.178,0.351,0.122,0.365,0.328,0.571,0.424,0.668,0.31,0.666,0.188,0.288,0.128,0.529,0.3,0.209,1.0,0.614,0.606,0.269,0.579,0.382,0.238,0.392,0.157,0.259,0.488,0.181,0.199,0.554,0.491,0.45,0.362,0.172,0.336,0.61,0.226,0.35,0.377,0.616,0.437,0.693,0.326,0.55,0.685,0.545,0.438,0.286,0.491,0.291,0.152,0.22,0.075,0.289,0.173,0.361,0.49,0.373,0.43,0.442,0.117,0.334,0.416,0.499,0.434,0.399,0.238,0.248,0.403,0.262,0.668,0.114,0.342,0.147,0.35,0.421,0.286,0.294,0.314,0.093,0.174,0.592,0.243,0.094,0.342,0.347,0.271,0.329,0.468,0.465,0.365,0.49,0.094,0.16,0.336,0.764,0.269,0.502,0.2,0.23,0.295,0.269,0.387,0.433,0.161,0.242,0.356,0.132,0.351,0.137,0.297,0.2,0.526,0.193,0.075,0.545,0.221,0.319,0.295,0.225,0.145,0.582,0.198,0.616,0.38,0.281,0.318,0.267,0.299,0.153,0.697,0.308
0.227,0.521,0.306,0.314,0.254,0.175,0.61,0.182,0.405,0.37,0.279,0.263,0.4,0.308,0.465,0.206,0.255,0.191,0.552,0.292,0.475,0.339,0.288,0.298,0.333,0.21,0.554,0.356,0.427,0.142,0.424,0.297,0.443,0.15,0.401,0.172,0.249,0.141,0.427,0.165,0.368,0.174,0.48,0.24,0.357,0.165,0.559,0.327,0.483,0.228,0.374,0.166,0.26,0.364,0.496,0.231,0.123,0.228,0.3,0.388,0.441,0.184,0.087,0.276,0.231,0.581,0.316,0.23,0.264,0.241,0.486,0.492,0.557,0.591,0.095,0.137,0.135,0.283,0.226,0.272,0.323,0.421,0.456,0.291,0.307,0.516,0.175,0.151,0.554,0.489,0.089,0.34,0.269,0.209,0.139,0.209,0.209,0.272,0.541,0.133,0.312,0.322,0.507,0.454,0.325,0.847,0.392,0.145,0.445,0.341,0.473,0.122,0.279,0.258,0.236,0.168,0.169,0.255,0.15,0.335,0.122,0.37,0.287,0.506,0.436,0.627,0.326,0.645,0.182,0.304,0.129,0.542,0.276,0.207,0.614,1.0,0.551,0.284,0.555,0.359,0.225,0.381,0.22,0.325,0.47,0.179,0.18,0.528,0.188,0.412,0.38,0.21,0.398,0.557,0.224,0.324,0.359,0.565,0.404,0.693,0.338,0.481,0.617,0.649,0.413,0.334,0.465,0.263,0.107,0.3,0.172,0.29,0.181,0.398,0.426,0.305,0.443,0.485,0.129,0.363,0.432,0.484,0.583,0.354,0.221,0.248,0.348,0.261,0.67,0.097,0.385,0.163,0.33,0.402,0.276,0.286,0.215,0.093,0.177,0.591,0.291,0.094,0.459,0.384,0.271,0.313,0.529,0.471,0.106,0.49,0.1,0.171,0.314,0.726,0.282,0.468,0.192,0.236,0.288,0.303,0.31,0.367,0.161,0.205,0.326,0.154,0.346,0.079,0.312,0.198,0.483,0.2,0.072,0.649,0.228,0.288,0.299,0.174,0.141,0.621,0.191,0.565,0.356,0.32,0.322,0.3,0.307,0.153,0.645,0.274
0.191,0.509,0.295,0.282,0.154,0.133,0.664,0.157,0.468,0.33,0.244,0.215,0.325,0.281,0.511,0.121,0.216,0.183,0.581,0.239,0.443,0.323,0.29,0.297,0.303,0.176,0.497,0.333,0.364,0.122,0.346,0.249,0.444,0.127,0.36,0.174,0.22,0.116,0.459,0.132,0.32,0.168,0.433,0.223,0.326,0.138,0.533,0.338,0.442,0.184,0.289,0.145,0.258,0.328,0.479,0.208,0.105,0.141,0.274,0.366,0.402,0.173,0.079,0.3,0.198,0.554,0.274,0.211,0.224,0.144,0.529,0.485,0.524,0.572,0.083,0.118,0.11,0.286,0.182,0.225,0.257,0.393,0.426,0.235,0.229,0.496,0.139,0.125,0.532,0.465,0.072,0.297,0.264,0.171,0.117,0.16,0.149,0.254,0.373,0.115,0.269,0.253,0.497,0.396,0.284,0.736,0.349,0.145,0.342,0.306,0.449,0.121,0.308,0.238,0.208,0.084,0.151,0.248,0.153,0.26,0.106,0.35,0.371,0.626,0.367,0.609,0.257,0.595,0.152,0.254,0.12,0.515,0.254,0.193,0.606,0.551,1.0,0.239,0.526,0.324,0.205,0.363,0.14,0.258,0.419,0.142,0.157,0.482,0.178,0.373,0.378,0.15,0.274,0.561,0.199,0.286,0.3,0.54,0.371,0.593,0.339,0.534,0.678,0.532,0.387,0.341,0.426,0.248,0.123,0.182,0.076,0.278,0.158,0.351,0.443,0.257,0.433,0.405,0.099,0.267,0.399,0.431,0.366,0.372,0.302,0.206,0.349,0.234,0.609,0.09,0.299,0.122,0.299,0.361,0.268,0.266,0.2,0.073,0.149,0.572,0.253,0.075,0.381,0.295,0.23,0.293,0.396,0.399,0.101,0.45,0.083,0.139,0.28,0.747,0.243,0.422,0.167,0.298,0.255,0.233,0.304,0.373,0.233,0.197,0.292,0.119,0.294,0.075,0.278,0.264,0.486,0.164,0.128,0.532,0.174,0.258,0.26,0.173,0.13,0.524,0.168,0.54,0.338,0.264,0.32,0.253,0.298,0.13,0.684,0.314
0.219,0.184,0.344,0.324,0.324,0.117,0.226,0.297,0.263,0.303,0.268,0.156,0.256,0.304,0.233,0.174,0.24,0.186,0.244,0.443,0.214,0.199,0.152,0.269,0.341,0.282,0.252,0.199,0.307,0.236,0.276,0.189,0.282,0.201,0.137,0.153,0.255,0.191,0.268,0.162,0.316,0.198,0.316,0.215,0.253,0.257,0.26,0.161,0.203,0.182,0.27,0.25,0.272,0.299,0.28,0.319,0.247,0.206,0.188,0.289,0.241,0.098,0.169,0.177,0.288,0.249,0.365,0.439,0.169,0.242,0.232,0.293,0.252,0.194,0.2,0.222,0.1,0.243,0.253,0.518,0.287,0.291,0.267,0.253,0.176,0.219,0.201,0.163,0.259,0.279,0.135,0.387,0.185,0.286,0.159,0.236,0.324,0.284,0.191,0.3,0.237,0.19,0.468,0.181,0.39,0.645,0.329,0.073,0.265,0.282,0.257,0.14,0.234,0.262,0.269,0.079,0.186,0.186,0.099,0.33,0.131,0.19,0.211,0.208,0.322,0.282,0.303,0.224,0.165,0.191,0.154,0.188,0.212,0.198,0.269,0.284,0.239,1.0,0.37,0.381,0.151,0.243,0.141,0.308,0.188,0.124,0.114,0.261,0.224,0.372,0.231,0.232,0.207,0.264,0.348,0.253,0.285,0.274,0.381,0.514,0.147,0.294,0.248,0.51,0.391,0.167,0.189,0.185,0.106,0.155,0.088,0.23,0.314,0.224,0.21,0.234,0.28,0.388,0.21,0.226,0.432,0.19,0.246,0.252,0.157,0.617,0.324,0.174,0.306,0.226,0.191,0.143,0.216,0.341,0.331,0.223,0.191,0.393,0.273,0.194,0.188,0.672,0.195,0.32,0.211,0.217,0.25,0.196,0.124,0.418,0.097,0.147,0.223,0.289,0.179,0.314,0.102,0.216,0.382,0.244,0.32,0.298,0.202,0.241,0.295,0.186,0.277,0.156,0.18,0.246,0.246,0.236,0.062,0.51,0.188,0.274,0.196,0.259,0.116,0.225,0.227,0.274,0.416,0.371,0.327,0.23,0.216,0.41,0.238,0.156
0.427,0.446,0.42,0.54,0.246,0.219,0.539,0.284,0.48,0.374,0.308,0.263,0.34,0.32,0.442,0.377,0.382,0.256,0.491,0.326,0.504,0.327,0.25,0.338,0.367,0.433,0.518,0.328,0.527,0.297,0.63,0.253,0.555,0.305,0.403,0.299,0.343,0.401,0.456,0.252,0.541,0.283,0.488,0.333,0.458,0.197,0.546,0.347,0.657,0.384,0.358,0.363,0.392,0.362,0.722,0.393,0.284,0.175,0.267,0.603,0.48,0.305,0.275,0.362,0.319,0.554,0.376,0.489,0.237,0.348,0.473,0.606,0.551,0.615,0.257,0.344,0.142,0.391,0.214,0.447,0.45,0.458,0.592,0.427,0.353,0.665,0.175,0.144,0.575,0.506,0.094,0.34,0.297,0.387,0.182,0.267,0.372,0.492,0.428,0.315,0.565,0.301,0.507,0.527,0.382,0.902,0.392,0.15,0.417,0.321,0.543,0.221,0.33,0.293,0.306,0.127,0.276,0.282,0.147,0.337,0.122,0.435,0.413,0.471,0.439,0.579,0.309,0.64,0.174,0.256,0.355,0.569,0.423,0.415,0.579,0.555,0.526,0.37,1.0,0.427,0.222,0.412,0.166,0.434,0.447,0.152,0.164,0.567,0.188,0.487,0.4,0.397,0.32,0.762,0.29,0.534,0.343,0.547,0.478,0.693,0.329,0.569,0.567,0.579,0.527,0.272,0.447,0.285,0.153,0.273,0.165,0.31,0.373,0.605,0.5,0.298,0.426,0.442,0.203,0.278,0.44,0.456,0.426,0.405,0.231,0.378,0.437,0.251,0.579,0.335,0.41,0.126,0.482,0.55,0.352,0.29,0.246,0.112,0.467,0.615,0.369,0.279,0.416,0.391,0.271,0.401,0.437,0.467,0.202,0.49,0.173,0.282,0.31,0.667,0.248,0.556,0.2,0.356,0.344,0.257,0.338,0.489,0.35,0.339,0.359,0.226,0.378,0.228,0.317,0.248,0.51,0.217,0.118,0.579,0.366,0.345,0.262,0.276,0.498,0.525,0.187,0.547,0.544,0.43,0.381,0.294,0.303,0.505,0.645,0.254
0.192,0.279,0.395,0.377,0.285,0.137,0.341,0.236,0.331,0.42,0.299,0.182,0.373,0.272,0.391,0.168,0.306,0.226,0.301,0.401,0.325,0.256,0.177,0.238,0.395,0.225,0.407,0.251,0.49,0.133,0.328,0.26,0.388,0.202,0.221,0.189,0.331,0.161,0.4,0.134,0.316,0.199,0.469,0.277,0.272,0.228,0.416,0.193,0.301,0.195,0.459,0.152,0.255,0.325,0.356,0.346,0.121,0.195,0.238,0.421,0.366,0.17,0.125,0.235,0.339,0.343,0.467,0.542,0.198,0.239,0.315,0.467,0.377,0.298,0.184,0.172,0.11,0.207,0.224,0.444,0.265,0.543,0.303,0.293,0.205,0.3,0.153,0.172,0.341,0.403,0.137,0.34,0.226,0.217,0.101,0.168,0.206,0.444,0.268,0.179,0.31,0.243,0.507,0.285,0.583,0.847,1.0,0.106,0.279,0.449,0.394,0.14,0.216,0.28,0.293,0.079,0.174,0.24,0.171,0.313,0.251,0.262,0.241,0.308,0.612,0.356,0.365,0.335,0.228,0.199,0.151,0.284,0.23,0.264,0.382,0.359,0.324,0.381,0.427,1.0,0.267,0.336,0.13,0.295,0.313,0.135,0.129,0.444,0.228,0.479,0.201,0.183,0.266,0.367,0.367,0.292,0.249,0.373,0.48,0.693,0.206,0.285,0.341,0.545,0.395,0.218,0.256,0.202,0.151,0.2,0.083,0.262,0.174,0.295,0.394,0.275,0.337,0.442,0.163,0.223,0.447,0.334,0.362,0.296,0.18,0.248,0.428,0.207,0.356,0.16,0.23,0.144,0.305,0.444,0.349,0.311,0.191,0.221,0.211,0.298,0.236,0.154,0.255,0.423,0.312,0.305,0.288,0.253,0.119,0.49,0.08,0.164,0.335,0.418,0.214,0.384,0.149,0.265,0.474,0.258,0.453,0.372,0.2,0.251,0.541,0.215,0.501,0.115,0.233,0.222,0.406,0.236,0.072,0.545,0.195,0.356,0.233,0.26,0.124,0.401,0.172,0.373,0.382,0.342,0.227,0.368,0.214,0.238,0.351,0.177
0.154,0.185,0.157,0.156,0.135,0.08,0.216,0.126,0.161,0.192,0.228,0.139,0.185,0.188,0.191,0.098,0.135,0.114,0.2,0.209,0.204,0.142,0.134,0.12,0.186,0.143,0.266,0.266,0.198,0.09,0.201,0.207,0.169,0.085,0.143,0.303,0.177,0.09,0.192,0.097,0.154,0.11,0.256,0.176,0.164,0.104,0.293,0.122,0.166,0.145,0.199,0.104,0.17,0.157,0.195,0.133,0.074,0.141,0.223,0.183,0.178,0.058,0.069,0.118,0.272,0.231,0.183,0.22,0.149,0.12,0.176,0.2,0.27,0.204,0.074,0.095,0.088,0.11,0.127,0.22,0.153,0.253,0.188,0.121,0.11,0.19,0.114,0.081,0.213,0.198,0.05,0.298,0.198,0.144,0.06,0.141,0.09,0.209,0.158,0.088,0.143,0.111,0.172,0.156,0.219,0.32,0.355,0.116,0.166,0.257,0.256,0.108,0.147,0.149,0.101,0.053,0.12,0.156,0.142,0.15,0.214,0.158,0.121,0.186,0.252,0.23,0.195,0.228,0.115,0.204,0.082,0.191,0.156,0.116,0.238,0.225,0.205,0.151,0.222,0.267,1.0,0.173,0.114,0.138,0.186,0.071,0.122,0.357,0.186,0.182,0.135,0.118,0.13,0.215,0.139,0.173,0.127,0.218,0.193,0.36,0.211,0.183,0.217,0.186,0.195,0.144,0.17,0.142,0.094,0.078,0.044,0.121,0.114,0.141,0.279,0.153,0.228,0.145,0.085,0.147,0.174,0.177,0.278,0.166,0.16,0.201,0.226,0.106,0.232,0.066,0.149,0.12,0.157,0.197,0.15,0.164,0.164,0.059,0.1,0.204,0.126,0.062,0.141,0.164,0.093,0.245,0.18,0.161,0.088,0.467,0.057,0.102,0.172,0.265,0.205,0.187,0.059,0.126,0.163,0.202,0.184,0.17,0.102,0.111,0.24,0.108,0.166,0.066,0.189,0.109,0.183,0.13,0.054,0.186,0.143,0.154,0.21,0.111,0.058,0.224,0.136,0.218,0.165,0.135,0.129,0.157,0.132,0.115,0.227,0.102
0.199,0.376,0.297,0.29,0.179,0.142,0.349,0.199,0.27,0.337,0.264,0.172,0.24,0.287,0.342,0.181,0.221,0.212,0.46,0.226,0.298,0.299,0.312,0.235,0.281,0.161,0.362,0.245,0.349,0.128,0.333,0.188,0.294,0.173,0.209,0.13,0.286,0.172,0.324,0.178,0.265,0.203,0.349,0.241,0.378,0.12,0.404,0.32,0.398,0.196,0.273,0.131,0.333,0.404,0.359,0.287,0.094,0.126,0.258,0.384,0.274,0.132,0.12,0.272,0.169,0.376,0.316,0.28,0.187,0.174,0.3,0.469,0.48,0.345,0.17,0.145,0.092,0.304,0.142,0.179,0.206,0.322,0.308,0.252,0.19,0.339,0.178,0.122,0.362,0.327,0.049,0.42,0.241,0.145,0.102,0.177,0.149,0.266,0.267,0.115,0.261,0.191,0.754,0.29,0.342,0.509,0.257,0.111,0.304,0.327,0.322,0.188,0.322,0.267,0.168,0.067,0.227,0.232,0.143,0.211,0.097,0.313,0.319,0.303,0.374,0.444,0.263,0.43,0.124,0.225,0.215,0.319,0.231,0.177,0.392,0.381,0.363,0.243,0.412,0.336,0.173,1.0,0.145,0.238,0.302,0.133,0.19,0.372,0.226,0.321,0.259,0.184,0.188,0.39,0.202,0.247,0.229,0.36,0.29,0.504,0.307,0.269,0.402,0.497,0.318,0.219,0.276,0.431,0.142,0.136,0.082,0.288,0.145,0.311,0.335,0.252,0.345,0.393,0.12,0.255,0.423,0.299,0.284,0.255,0.215,0.222,0.313,0.162,0.405,0.116,0.237,0.121,0.337,0.332,0.312,0.536,0.19,0.053,0.141,0.345,0.231,0.124,0.284,0.307,0.165,0.237,0.288,0.31,0.164,0.343,0.139,0.169,0.228,0.446,0.203,0.368,0.225,0.271,0.26,0.214,0.349,0.31,0.234,0.235,0.272,0.197,0.278,0.113,0.2,0.193,0.319,0.146,0.066,0.497,0.207,0.214,0.252,0.272,0.13,0.324,0.182,0.36,0.253,0.244,0.27,0.21,0.368,0.162,0.383,0.33
0.217,0.118,0.121,0.146,0.272,0.214,0.146,0.094,0.13,0.145,0.189,0.154,0.126,0.161,0.132,0.192,0.128,0.089,0.137,0.136,0.136,0.217,0.103,0.105,0.112,0.175,0.136,0.27,0.13,0.095,0.176,0.197,0.124,0.08,0.092,0.08,0.121,0.119,0.134,0.118,0.199,0.085,0.153,0.136,0.135,0.158,0.144,0.105,0.116,0.198,0.148,0.109,0.202,0.176,0.163,0.153,0.085,0.258,0.235,0.147,0.117,0.084,0.061,0.102,0.087,0.279,0.163,0.121,0.144,0.173,0.124,0.164,0.157,0.129,0.084,0.094,0.466,0.101,0.102,0.189,0.181,0.13,0.154,0.149,0.187,0.15,0.088,0.104,0.159,0.148,0.056,0.325,0.327,0.125,0.062,0.159,0.12,0.124,0.263,0.091,0.157,0.098,0.134,0.141,0.135,0.162,0.192,0.057,0.149,0.122,0.149,0.077,0.108,0.158,0.178,0.347,0.1,0.101,0.074,0.145,0.05,0.117,0.095,0.118,0.131,0.173,0.142,0.15,0.082,0.245,0.108,0.119,0.112,0.113,0.157,0.22,0.14,0.141,0.166,0.13,0.114,0.145,1.0,0.15,0.124,0.11,0.108,0.128,0.094,0.121,0.112,0.181,0.161,0.172,0.138,0.147,0.094,0.161,0.138,0.139,0.095,0.129,0.152,0.103,0.168,0.098,0.113,0.109,0.078,0.12,0.223,0.089,0.124,0.114,0.132,0.134,0.205,0.078,0.095,0.147,0.14,0.119,0.182,0.116,0.174,0.184,0.127,0.091,0.166,0.065,0.222,0.17,0.152,0.171,0.16,0.188,0.146,0.055,0.108,0.129,0.111,0.058,0.105,0.152,0.077,0.228,0.225,0.107,0.068,0.407,0.068,0.196,0.332,0.17,0.207,0.137,0.064,0.144,0.149,0.199,0.112,0.13,0.118,0.09,0.116,0.195,0.185,0.054,0.153,0.113,0.14,0.137,0.062,0.103,0.198,0.101,0.215,0.09,0.113,0.117,0.129,0.161,0.146,0.138,0.09,0.08,0.203,0.088,0.144,0.09
0.247,0.203,0.395,0.418,0.244,0.17,0.214,0.179,0.42,0.244,0.213,0.191,0.208,0.2,0.291,0.451,0.304,0.211,0.244,0.28,0.213,0.365,0.241,0.34,0.226,0.256,0.226,0.181,0.31,0.167,0.344,0.167,0.408,0.294,0.138,0.144,0.317,0.288,0.263,0.167,0.37,0.194,0.265,0.21,0.222,0.144,0.252,0.188,0.269,0.349,0.266,0.213,0.241,0.219,0.379,0.279,0.191,0.182,0.149,0.362,0.203,0.306,0.146,0.216,0.197,0.241,0.29,0.373,0.122,0.333,0.204,0.3,0.249,0.202,0.16,0.206,0.139,0.219,0.239,0.518,0.278,0.254,0.267,0.349,0.226,0.263,0.107,0.093,0.246,0.233,0.055,0.225,0.177,0.233,0.091,0.19,0.286,0.356,0.234,0.17,0.299,0.196,0.416,0.255,0.286,0.412,0.328,0.087,0.285,0.232,0.276,0.149,0.193,0.167,0.233,0.125,0.142,0.296,0.083,0.233,0.084,0.211,0.229,0.326,0.286,0.251,0.237,0.217,0.106,0.179,0.221,0.202,0.235,0.37,0.259,0.325,0.258,0.308,0.434,0.295,0.138,0.238,0.15,1.0,0.35,0.089,0.089,0.229,0.205,0.278,0.175,0.38,0.159,0.343,0.184,0.26,0.208,0.239,0.362,0.461,0.14,0.227,0.232,0.649,0.301,0.418,0.218,0.283,0.146,0.337,0.127,0.136,0.217,0.318,0.22,0.159,0.252,0.485,0.159,0.204,0.308,0.39,0.332,0.442,0.159,0.248,0.3,0.12,0.265,0.192,0.254,0.108,0.326,0.318,0.278,0.196,0.162,0.066,0.377,0.202,0.244,0.234,0.28,0.255,0.136,0.228,0.237,0.174,0.13,0.34,0.088,0.178,0.185,0.269,0.187,0.275,0.255,0.25,0.276,0.201,0.224,0.25,0.261,0.268,0.232,0.178,0.236,0.118,0.205,0.371,0.37,0.175,0.102,0.649,0.407,0.189,0.169,0.236,0.205,0.222,0.101,0.239,0.327,0.664,0.196,0.176,0.174,0.398,0.226,0.148
0.167,0.367,0.28,0.277,0.135,0.096,0.473,0.15,0.529,0.272,0.264,0.212,0.245,0.232,0.541,0.1,0.213,0.149,0.415,0.218,0.374,0.477,0.31,0.324,0.265,0.169,0.478,0.313,0.294,0.116,0.295,0.23,0.365,0.27,0.27,0.131,0.212,0.109,0.333,0.124,0.275,0.135,0.444,0.215,0.297,0.132,0.451,0.26,0.378,0.169,0.22,0.14,0.206,0.241,0.405,0.174,0.101,0.133,0.27,0.344,0.343,0.444,0.069,0.205,0.17,0.473,0.272,0.195,0.198,0.171,0.375,0.411,0.448,0.416,0.07,0.117,0.101,0.216,0.37,0.187,0.209,0.352,0.361,0.28,0.154,0.37,0.118,0.106,0.457,0.407,0.057,0.264,0.247,0.166,0.087,0.142,0.116,0.308,0.348,0.109,0.303,0.223,0.409,0.358,0.245,0.645,0.315,0.105,0.261,0.243,0.445,0.111,0.194,0.187,0.148,0.056,0.14,0.424,0.112,0.213,0.094,0.312,0.262,0.615,0.396,0.508,0.206,0.502,0.133,0.245,0.136,0.371,0.185,0.369,0.488,0.47,0.419,0.188,0.447,0.313,0.186,0.302,0.124,0.35,1.0,0.107,0.322,0.423,0.169,0.35,0.253,0.145,0.219,0.46,0.174,0.269,0.224,0.463,0.359,0.63,0.234,0.355,0.463,0.376,0.326,0.389,0.446,0.415,0.09,0.48,0.054,0.192,0.162,0.272,0.316,0.224,0.341,0.278,0.085,0.264,0.317,0.875,0.337,0.472,0.188,0.173,0.284,0.183,0.508,0.071,0.221,0.108,0.276,0.315,0.236,0.22,0.185,0.058,0.286,0.416,0.188,0.061,0.277,0.268,0.198,0.281,0.365,0.338,0.089,0.418,0.074,0.112,0.252,0.561,0.224,0.384,0.447,0.198,0.254,0.217,0.231,0.307,0.139,0.193,0.271,0.096,0.348,0.066,0.239,0.301,0.628,0.154,0.05,0.376,0.158,0.225,0.259,0.136,0.087,0.402,0.162,0.463,0.276,0.271,0.248,0.178,0.226,0.111,0.472,0.197
0.106,0.11,0.136,0.093,0.124,0.121,0.159,0.122,0.11,0.153,0.309,0.15,0.142,0.109,0.15,0.095,0.08,0.076,0.132,0.14,0.137,0.085,0.122,0.112,0.204,0.125,0.155,0.114,0.107,0.083,0.1,0.096,0.102,0.099,0.091,0.118,0.089,0.087,0.135,0.108,0.142,0.089,0.128,0.11,0.132,0.124,0.173,0.08,0.103,0.126,0.137,0.102,0.076,0.146,0.158,0.091,0.07,0.124,0.104,0.121,0.196,0.045,0.055,0.132,0.157,0.192,0.117,0.077,0.53,0.154,0.141,0.17,0.179,0.137,0.134,0.078,0.086,0.067,0.065,0.114,0.124,0.162,0.146,0.142,0.091,0.126,0.054,0.643,0.172,0.252,0.239,0.091,0.141,0.11,0.071,0.105,0.091,0.126,0.153,0.17,0.077,0.194,0.092,0.096,0.115,0.162,0.113,0.153,0.101,0.12,0.157,0.091,0.086,0.163,0.096,0.077,0.058,0.11,0.089,0.188,0.102,0.147,0.09,0.108,0.098,0.184,0.166,0.165,0.207,0.139,0.086,0.241,0.09,0.065,0.181,0.179,0.142,0.124,0.152,0.135,0.071,0.133,0.11,0.089,0.107,1.0,0.08,0.159,0.187,0.164,0.097,0.12,0.202,0.174,0.2,0.098,0.156,0.25,0.186,0.134,0.11,0.131,0.151,0.099,0.138,0.085,0.117,0.106,0.061,0.085,0.083,0.12,0.119,0.078,0.116,0.237,0.168,0.124,0.052,0.104,0.162,0.107,0.136,0.179,0.076,0.063,0.145,0.389,0.184,0.049,0.152,0.106,0.105,0.109,0.117,0.112,0.11,0.215,0.085,0.137,0.076,0.036,0.084,0.157,0.243,0.113,0.143,0.095,0.075,0.133,0.054,0.098,0.085,0.184,0.208,0.123,0.063,0.245,0.116,0.116,0.105,0.152,0.079,0.1,0.11,0.068,0.144,0.055,0.177,0.125,0.132,0.556,0.04,0.099,0.126,0.177,0.119,0.093,0.085,0.122,0.157,0.25,0.123,0.098,0.145,0.092,0.075,0.064,0.154,0.125
0.116,0.145,0.12,0.152,0.1,0.077,0.178,0.161,0.113,0.171,0.234,0.158,0.138,0.192,0.156,0.074,0.099,0.082,0.17,0.192,0.16,0.109,0.183,0.092,0.122,0.123,0.16,0.245,0.139,0.09,0.143,0.18,0.117,0.099,0.098,0.074,0.125,0.122,0.255,0.088,0.112,0.155,0.296,0.157,0.474,0.098,0.321,0.116,0.115,0.134,0.136,0.112,0.149,0.151,0.159,0.132,0.076,0.101,0.31,0.128,0.119,0.05,0.062,0.278,0.077,0.216,0.183,0.144,0.147,0.168,0.134,0.176,0.172,0.157,0.129,0.079,0.08,0.095,0.099,0.13,0.111,0.132,0.15,0.114,0.072,0.14,0.087,0.069,0.183,0.161,0.042,0.194,0.232,0.127,0.051,0.129,0.057,0.103,0.116,0.084,0.206,0.208,0.169,0.112,0.127,0.196,0.231,0.047,0.106,0.127,0.151,0.127,0.125,0.13,0.063,0.043,0.096,0.11,0.077,0.118,0.031,0.293,0.131,0.131,0.213,0.216,0.121,0.187,0.08,0.239,0.334,0.132,0.1,0.082,0.199,0.18,0.157,0.114,0.164,0.129,0.122,0.19,0.108,0.089,0.322,0.08,1.0,0.142,0.216,0.194,0.093,0.099,0.125,0.186,0.123,0.102,0.095,0.188,0.125,0.162,0.111,0.144,0.179,0.116,0.141,0.094,0.133,0.296,0.081,0.068,0.041,0.109,0.128,0.085,0.114,0.124,0.231,0.085,0.061,0.399,0.149,0.129,0.112,0.129,0.132,0.125,0.133,0.085,0.201,0.048,0.115,0.113,0.116,0.142,0.186,0.315,0.164,0.039,0.087,0.157,0.064,0.043,0.089,0.18,0.063,0.204,0.135,0.116,0.096,0.304,0.059,0.083,0.132,0.209,0.157,0.13,0.172,0.184,0.161,0.183,0.127,0.186,0.246,0.16,0.135,0.074,0.283,0.067,0.163,0.102,0.138,0.112,0.031,0.116,0.12,0.105,0.293,0.189,0.047,0.14,0.177,0.188,0.126,0.09,0.086,0.078,0.164,0.075,0.175,0.116
0.182,0.412,0.35,0.281,0.158,0.101,0.522,0.201,0.359,0.366,0.278,0.22,0.379,0.273,0.407,0.115,0.223,0.169,0.444,0.298,0.494,0.263,0.226,0.227,0.414,0.172,0.523,0.315,0.405,0.118,0.386,0.251,0.383,0.143,0.384,0.428,0.296,0.125,0.402,0.141,0.332,0.168,0.499,0.24,0.335,0.354,0.588,0.264,0.53,0.178,0.418,0.139,0.228,0.373,0.477,0.215,0.109,0.148,0.252,0.382,0.564,0.15,0.095,0.264,0.318,0.54,0.316,0.211,0.225,0.23,0.439,0.475,0.612,0.537,0.12,0.138,0.119,0.227,0.178,0.225,0.269,0.535,0.471,0.237,0.209,0.484,0.135,0.166,0.529,0.599,0.152,0.297,0.256,0.172,0.112,0.148,0.17,0.406,0.394,0.146,0.275,0.286,0.417,0.367,0.414,0.902,0.349,0.215,0.297,0.431,0.537,0.132,0.247,0.219,0.235,0.07,0.159,0.254,0.172,0.339,0.457,0.329,0.283,0.435,0.402,0.577,0.277,0.69,0.195,0.238,0.112,0.479,0.301,0.171,0.554,0.528,0.482,0.261,0.567,0.444,0.357,0.372,0.128,0.229,0.423,0.159,0.142,1.0,0.178,0.549,0.319,0.154,0.361,0.533,0.23,0.369,0.294,0.6,0.478,0.752,0.4,0.415,0.521,0.55,0.425,0.25,0.428,0.212,0.121,0.17,0.063,0.332,0.158,0.344,0.478,0.292,0.489,0.426,0.111,0.236,0.486,0.433,0.504,0.398,0.213,0.206,0.433,0.28,0.577,0.108,0.279,0.123,0.321,0.391,0.262,0.235,0.208,0.164,0.15,0.537,0.257,0.075,0.3,0.453,0.23,0.292,0.409,0.456,0.109,0.45,0.078,0.139,0.288,0.643,0.292,0.474,0.15,0.241,0.316,0.238,0.37,0.44,0.143,0.192,0.392,0.11,0.421,0.091,0.256,0.215,0.465,0.198,0.086,0.55,0.173,0.447,0.242,0.193,0.12,0.476,0.202,0.6,0.333,0.263,0.331,0.26,0.236,0.13,0.573,0.214
0.153,0.16,0.318,0.169,0.228,0.09,0.178,0.185,0.176,0.186,0.307,0.176,0.176,0.329,0.228,0.156,0.284,0.304,0.145,0.812,0.178,0.296,1.0,0.192,0.812,0.133,0.178,0.23,0.228,0.092,0.214,0.176,0.176,0.36,0.157,0.154,0.196,0.225,0.216,0.1,0.227,0.323,0.23,0.605,0.202,0.123,0.216,0.088,0.162,0.283,0.298,0.112,0.173,0.1,0.188,0.176,0.096,0.176,0.176,0.202,0.178,0.078,0.335,0.202,0.098,0.188,0.186,0.214,0.167,0.156,0.178,0.228,0.252,0.169,0.206,0.133,0.123,0.086,0.112,0.116,0.153,0.188,0.178,0.333,0.087,0.169,0.089,0.174,0.188,0.188,0.056,0.144,0.345,0.133,0.053,0.376,0.094,0.333,0.169,0.088,0.142,0.092,0.086,0.142,0.23,0.169,0.176,0.135,0.116,0.176,0.188,0.605,0.22,0.134,0.169,0.08,0.132,0.158,0.111,1.0,0.064,0.154,0.146,0.162,0.176,0.188,0.176,0.178,0.12,0.167,0.202,0.162,0.333,0.111,0.491,0.188,0.178,0.224,0.188,0.228,0.186,0.226,0.094,0.205,0.169,0.187,0.216,0.178,1.0,0.812,0.115,0.154,0.121,0.188,0.119,0.169,0.135,0.188,1.0,0.127,0.094,0.169,0.178,0.094,0.188,0.296,0.162,0.318,0.347,0.153,0.052,0.125,0.133,0.157,0.169,0.812,0.176,0.075,0.091,0.812,0.153,0.169,0.154,0.318,0.159,0.105,0.398,0.095,0.188,0.335,0.376,0.143,0.169,0.188,0.246,0.259,1.0,0.041,0.133,0.169,0.119,0.039,0.095,0.169,0.059,0.23,0.214,0.153,0.491,0.23,0.057,0.211,0.176,0.188,0.167,0.188,0.116,0.176,0.812,0.166,0.347,0.417,0.202,0.333,0.188,0.116,0.228,0.381,0.176,0.109,0.188,0.176,0.084,0.094,0.283,0.307,0.176,0.347,0.071,0.162,0.117,0.188,0.178,0.19,0.121,0.111,0.1,0.077,0.178,0.251
0.184,0.331,0.466,0.369,0.192,0.105,0.369,0.23,0.33,0.474,0.33,0.202,0.407,0.316,0.315,0.145,0.302,0.18,0.37,0.448,0.379,0.306,0.279,0.3,0.542,0.191,0.369,0.252,0.38,0.161,0.374,0.219,0.385,0.196,0.27,0.134,0.324,0.192,0.395,0.134,0.382,0.175,0.542,0.278,0.335,0.362,0.415,0.277,0.321,0.19,0.433,0.154,0.261,0.436,0.41,0.329,0.156,0.151,0.209,0.396,0.571,0.144,0.127,0.24,0.274,0.396,0.491,0.23,0.221,0.402,0.349,0.479,0.41,0.387,0.185,0.179,0.105,0.304,0.184,0.272,0.279,0.372,0.415,0.258,0.251,0.381,0.141,0.225,0.406,0.625,0.234,0.34,0.234,0.189,0.119,0.211,0.285,0.368,0.294,0.211,0.343,0.458,1.0,0.3,0.45,0.902,0.392,0.104,0.271,0.324,0.387,0.154,0.283,0.246,0.287,0.072,0.157,0.209,0.107,0.484,0.122,0.456,0.263,0.327,0.413,0.413,0.289,0.415,0.18,0.197,0.218,0.371,0.268,0.182,0.45,0.412,0.373,0.372,0.487,0.479,0.182,0.321,0.121,0.278,0.35,0.164,0.194,0.549,0.812,1.0,0.334,0.2,0.334,0.42,0.243,0.295,0.316,0.553,0.589,0.693,0.248,0.315,0.388,0.771,0.457,0.223,0.312,0.218,0.123,0.159,0.085,0.404,0.227,0.336,0.331,0.309,0.481,0.552,0.141,0.393,0.555,0.323,0.289,0.396,0.171,0.248,0.383,0.214,0.413,0.191,0.334,0.111,0.338,0.409,0.356,0.288,0.26,0.333,0.231,0.387,0.276,0.953,0.306,0.56,0.271,0.285,0.31,0.277,0.128,0.49,0.08,0.17,0.248,0.476,0.191,0.42,0.134,0.343,0.428,0.217,0.392,0.553,0.171,0.255,0.352,0.119,0.436,0.124,0.243,0.241,0.387,0.25,0.079,0.744,0.189,0.469,0.205,0.258,0.125,0.399,0.197,0.553,0.379,0.346,0.396,0.265,0.206,0.462,0.414,0.193
0.125,0.401,0.205,0.191,0.166,0.108,0.354,0.164,0.215,0.254,0.16,0.156,0.266,0.26,0.268,0.085,0.137,0.137,0.474,0.191,0.312,0.25,0.213,0.348,0.198,0.202,0.308,0.221,0.265,0.285,0.262,0.166,0.285,0.198,0.224,0.14,0.144,0.132,0.227,0.23,0.258,0.157,0.319,0.177,0.285,0.279,0.318,0.24,0.227,0.128,0.241,0.229,0.165,0.283,0.324,0.132,0.328,0.165,0.187,0.23,0.274,0.084,0.19,0.171,0.14,0.359,0.18,0.178,0.135,0.096,0.27,0.311,0.352,0.501,0.153,0.231,0.078,0.285,0.242,0.131,0.181,0.234,0.408,0.196,0.183,0.415,0.204,0.08,0.428,0.286,0.04,0.192,0.164,0.192,0.205,0.199,0.226,0.149,0.237,0.187,0.147,0.172,0.396,0.219,0.202,0.536,0.226,0.088,0.258,0.236,0.276,0.15,0.266,0.16,0.13,0.066,0.191,0.202,0.113,0.187,0.07,0.28,0.221,0.27,0.228,0.424,0.201,0.43,0.096,0.19,0.119,0.428,0.197,0.116,0.362,0.38,0.378,0.231,0.4,0.201,0.135,0.259,0.112,0.175,0.253,0.097,0.093,0.319,0.115,0.334,1.0,0.151,0.183,0.342,0.263,0.162,0.287,0.345,0.234,0.413,0.307,0.296,0.367,0.551,0.324,0.191,0.363,0.24,0.061,0.141,0.073,0.261,0.43,0.198,0.235,0.183,0.317,0.398,0.222,0.179,0.331,0.258,0.228,0.227,0.13,0.126,0.207,0.148,0.424,0.231,0.273,0.09,0.162,0.23,0.162,0.176,0.202,0.037,0.219,0.501,0.153,0.55,0.273,0.22,0.137,0.187,0.291,0.223,0.14,0.293,0.153,0.09,0.171,0.503,0.174,0.244,0.149,0.148,0.176,0.168,0.202,0.252,0.181,0.17,0.173,0.08,0.174,0.182,0.191,0.189,0.264,0.101,0.042,0.551,0.119,0.174,0.184,0.136,0.08,0.358,0.12,0.345,0.245,0.212,0.507,0.203,0.216,0.252,0.481,0.19
0.631,0.113,0.222,0.412,0.204,0.256,0.153,0.136,0.26,0.147,0.182,0.263,0.145,0.215,0.132,0.497,0.212,0.117,0.12,0.188,0.202,0.195,0.092,0.203,0.148,0.248,0.146,0.181,0.212,0.19,0.481,0.148,0.245,0.147,0.109,0.147,0.422,0.352,0.221,0.233,0.476,0.153,0.16,0.191,0.17,0.229,0.172,0.101,0.232,0.424,0.225,0.204,0.219,0.138,0.256,0.21,0.175,0.211,0.157,0.297,0.148,0.167,0.101,0.137,0.13,0.17,0.198,0.134,0.147,0.458,0.146,0.207,0.175,0.139,0.145,0.19,0.194,0.239,0.255,0.201,0.251,0.171,0.26,0.266,0.158,0.247,0.201,0.102,0.173,0.169,0.092,0.279,0.155,0.235,0.118,0.179,0.319,0.239,0.177,0.168,0.386,0.159,0.119,0.321,0.182,0.231,0.241,0.096,0.148,0.132,0.254,0.104,0.177,0.14,0.173,0.143,0.115,0.1,0.084,0.207,0.082,0.177,0.143,0.135,0.175,0.166,0.206,0.159,0.104,0.202,0.264,0.164,0.246,0.229,0.172,0.21,0.15,0.232,0.397,0.183,0.118,0.184,0.181,0.38,0.145,0.12,0.099,0.154,0.154,0.2,0.151,1.0,0.122,0.287,0.18,0.33,0.173,0.171,0.19,0.175,0.082,0.17,0.157,0.13,0.293,0.102,0.122,0.112,0.081,0.159,0.161,0.073,0.276,0.247,0.203,0.153,0.171,0.101,0.118,0.144,0.169,0.153,0.207,0.136,0.163,0.325,0.16,0.152,0.166,0.127,0.241,0.089,0.449,0.265,0.225,0.15,0.193,0.12,0.359,0.139,0.176,0.333,0.147,0.162,0.177,0.241,0.212,0.18,0.099,0.291,0.107,0.197,0.14,0.183,0.194,0.193,0.115,0.266,0.182,0.27,0.139,0.172,0.296,0.159,0.16,0.19,0.164,0.079,0.272,0.168,0.19,0.212,0.092,0.13,0.5,0.13,0.183,0.139,0.396,0.143,0.106,0.171,0.234,0.348,0.16,0.123,0.143,0.228,0.159,0.069
0.126,0.217,0.243,0.166,0.218,0.1,0.293,0.132,0.196,0.276,0.326,0.316,0.267,0.22,0.226,0.119,0.133,0.092,0.257,0.284,0.342,0.137,0.133,0.14,0.356,0.129,0.31,0.25,0.21,0.079,0.196,0.201,0.212,0.076,0.223,0.097,0.134,0.081,0.237,0.098,0.245,0.084,0.345,0.156,0.241,0.2,0.312,0.145,0.188,0.141,0.228,0.092,0.15,0.281,0.301,0.163,0.066,0.181,0.22,0.235,0.313,0.067,0.046,0.175,0.191,0.384,0.233,0.142,0.3,0.339,0.253,0.296,0.328,0.292,0.087,0.084,0.081,0.116,0.114,0.116,0.171,0.28,0.287,0.165,0.165,0.267,0.084,0.211,0.322,0.355,0.151,0.184,0.178,0.12,0.06,0.11,0.134,0.26,0.293,0.136,0.171,0.205,0.227,0.17,0.222,0.524,0.275,0.119,0.166,0.199,0.29,0.075,0.137,0.161,0.216,0.104,0.1,0.148,0.092,0.291,0.098,0.36,0.145,0.219,0.224,0.346,0.211,0.346,0.208,0.184,0.106,0.275,0.169,0.092,0.336,0.398,0.274,0.207,0.32,0.266,0.13,0.188,0.161,0.159,0.219,0.202,0.125,0.361,0.121,0.334,0.183,0.122,1.0,0.324,0.233,0.17,0.188,0.367,0.279,0.348,0.164,0.223,0.291,0.298,0.308,0.126,0.222,0.129,0.108,0.149,0.112,0.185,0.112,0.149,0.216,0.251,0.344,0.248,0.074,0.201,0.288,0.216,0.27,0.344,0.13,0.112,0.263,0.349,0.346,0.049,0.239,0.122,0.171,0.237,0.214,0.144,0.142,0.219,0.094,0.292,0.113,0.037,0.16,0.308,0.231,0.209,0.274,0.157,0.058,0.3,0.05,0.115,0.172,0.38,0.184,0.252,0.068,0.191,0.232,0.197,0.191,0.26,0.085,0.106,0.214,0.104,0.254,0.045,0.204,0.174,0.279,0.266,0.034,0.298,0.145,0.289,0.182,0.108,0.074,0.246,0.232,0.367,0.232,0.19,0.189,0.167,0.135,0.069,0.312,0.11
0.35,0.515,0.32,0.425,0.177,0.301,0.629,0.172,0.464,0.349,0.309,0.252,0.332,0.289,0.477,0.336,0.385,0.199,0.516,0.28,0.462,0.357,0.274,0.28,0.314,0.196,0.539,0.365,0.544,0.14,0.481,0.278,0.565,0.146,0.414,0.187,0.264,0.231,0.414,0.155,0.433,0.182,0.462,0.246,0.336,0.159,0.548,0.416,0.813,0.33,0.339,0.165,0.458,0.366,0.772,0.391,0.121,0.159,0.31,0.591,0.428,0.454,0.092,0.321,0.211,0.567,0.372,0.23,0.274,0.251,0.478,0.641,0.552,0.604,0.14,0.129,0.126,0.451,0.221,0.272,0.334,0.404,0.494,0.317,0.343,0.557,0.17,0.147,0.533,0.459,0.094,0.34,0.326,0.196,0.142,0.219,0.188,0.484,0.396,0.131,0.494,0.317,0.507,0.656,0.342,0.847,0.392,0.16,0.414,0.308,0.449,0.132,0.29,0.318,0.237,0.158,0.166,0.243,0.157,0.279,0.122,0.484,0.281,0.531,0.433,0.624,0.26,0.672,0.173,0.283,0.354,0.541,0.323,0.479,0.61,0.557,0.561,0.264,0.762,0.367,0.215,0.39,0.172,0.343,0.46,0.174,0.186,0.533,0.188,0.42,0.342,0.287,0.324,1.0,0.221,0.368,0.314,0.546,0.4,0.693,0.324,0.485,0.667,0.545,0.44,0.291,0.482,0.252,0.177,0.222,0.234,0.276,0.171,0.729,0.507,0.303,0.39,0.442,0.114,0.268,0.406,0.476,0.457,0.361,0.238,0.378,0.398,0.266,0.624,0.098,0.296,0.148,0.429,0.53,0.33,0.291,0.212,0.093,0.205,0.604,0.423,0.094,0.525,0.362,0.271,0.447,0.422,0.487,0.115,0.49,0.102,0.374,0.328,0.741,0.264,0.542,0.201,0.377,0.314,0.262,0.311,0.393,0.274,0.201,0.312,0.299,0.379,0.084,0.295,0.216,0.483,0.19,0.172,0.545,0.306,0.276,0.292,0.193,0.425,0.6,0.195,0.546,0.34,0.346,0.273,0.261,0.355,0.153,0.663,0.279
0.18,0.165,0.24,0.188,0.257,0.124,0.208,0.306,0.199,0.22,0.245,0.172,0.217,0.237,0.214,0.153,0.149,0.196,0.182,0.314,0.197,0.149,0.122,0.28,0.202,0.393,0.286,0.197,0.243,0.371,0.185,0.194,0.219,0.3,0.137,0.213,0.173,0.206,0.25,0.242,0.201,0.192,0.221,0.225,0.257,0.302,0.236,0.126,0.168,0.193,0.247,0.289,0.16,0.185,0.25,0.162,0.457,0.243,0.223,0.23,0.22,0.077,0.27,0.223,0.248,0.256,0.23,0.487,0.242,0.191,0.197,0.24,0.246,0.189,0.248,0.31,0.111,0.15,0.19,0.637,0.252,0.338,0.286,0.223,0.137,0.19,0.19,0.192,0.318,0.208,0.082,0.191,0.169,0.28,0.193,0.196,0.245,0.296,0.171,0.284,0.167,0.114,0.189,0.151,0.267,0.307,0.283,0.17,0.304,0.302,0.221,0.179,0.195,0.176,0.225,0.086,0.25,0.277,0.122,0.208,0.187,0.195,0.212,0.174,0.249,0.231,0.299,0.219,0.214,0.248,0.171,0.367,0.143,0.408,0.226,0.224,0.199,0.348,0.29,0.367,0.139,0.202,0.138,0.184,0.174,0.2,0.123,0.23,0.119,0.243,0.263,0.18,0.233,0.221,1.0,0.177,0.28,0.222,0.255,0.238,0.152,0.249,0.213,0.177,0.228,0.125,0.242,0.175,0.111,0.217,0.082,0.204,0.424,0.145,0.178,0.292,0.252,0.242,0.381,0.184,0.317,0.166,0.2,0.179,0.132,0.187,0.265,0.339,0.225,0.359,0.155,0.178,0.169,0.201,0.212,0.191,0.204,0.103,0.291,0.189,0.127,0.581,0.133,0.226,0.455,0.2,0.249,0.168,0.173,0.271,0.151,0.13,0.194,0.254,0.285,0.219,0.107,0.163,0.236,0.224,0.316,0.242,0.206,0.227,0.295,0.184,0.236,0.291,0.226,0.265,0.195,0.229,0.058,0.177,0.193,0.214,0.245,0.205,0.104,0.202,0.187,0.222,0.294,0.223,0.298,0.272,0.156,0.218,0.217,0.116
0.473,0.244,0.317,0.573,0.144,0.163,0.312,0.16,0.34,0.252,0.214,0.168,0.2,0.22,0.249,0.319,0.221,0.133,0.276,0.222,0.264,0.185,0.148,0.166,0.236,0.159,0.334,0.214,0.393,0.108,0.486,0.182,0.294,0.11,0.181,0.203,0.271,0.295,0.276,0.12,0.351,0.142,0.327,0.196,0.221,0.113,0.338,0.177,0.331,0.336,0.233,0.121,0.248,0.255,0.33,0.267,0.094,0.144,0.183,0.335,0.28,0.142,0.075,0.167,0.193,0.313,0.3,0.256,0.158,0.311,0.269,0.349,0.341,0.271,0.112,0.129,0.102,0.199,0.143,0.187,0.286,0.352,0.349,0.19,0.184,0.402,0.112,0.1,0.301,0.279,0.051,0.264,0.178,0.31,0.092,0.141,0.175,0.263,0.263,0.101,0.437,0.178,0.409,0.352,0.325,0.645,0.337,0.122,0.22,0.279,0.445,0.093,0.151,0.199,0.208,0.086,0.118,0.162,0.143,0.194,0.174,0.238,0.187,0.291,0.367,0.332,0.196,0.331,0.137,0.224,0.147,0.265,0.411,0.193,0.35,0.324,0.286,0.253,0.534,0.292,0.173,0.247,0.147,0.26,0.269,0.098,0.102,0.369,0.169,0.295,0.162,0.33,0.17,0.368,0.177,1.0,0.195,0.302,0.366,0.63,0.197,0.238,0.326,0.376,0.358,0.159,0.218,0.142,0.1,0.128,0.108,0.145,0.143,0.301,0.309,0.199,0.274,0.278,0.105,0.181,0.285,0.276,0.351,0.215,0.186,0.595,0.292,0.168,0.332,0.091,0.194,0.105,0.302,0.432,0.336,0.212,0.146,0.058,0.3,0.271,0.265,0.064,0.233,0.241,0.198,0.236,0.284,0.386,0.078,0.418,0.068,0.176,0.214,0.403,0.216,0.442,0.091,0.225,0.28,0.337,0.227,0.259,0.194,0.169,0.288,0.266,0.253,0.069,0.192,0.127,0.291,0.147,0.106,0.376,0.304,0.199,0.224,0.147,0.462,0.318,0.24,0.302,0.256,0.285,0.171,0.301,0.24,0.111,0.326,0.136
0.123,0.326,0.231,0.248,0.13,0.079,0.294,0.163,0.205,0.25,0.177,0.17,0.296,0.506,0.247,0.084,0.141,0.119,0.344,0.233,0.283,0.201,0.169,0.237,0.249,0.164,0.29,0.171,0.308,0.149,0.301,0.174,0.298,0.141,0.184,0.148,0.239,0.122,0.24,0.137,0.295,0.167,0.321,0.19,0.242,0.153,0.309,0.192,0.197,0.108,0.274,0.138,0.187,0.298,0.296,0.206,0.167,0.167,0.179,0.242,0.28,0.086,0.127,0.2,0.175,0.32,0.227,0.235,0.189,0.129,0.413,0.312,0.32,0.317,0.116,0.16,0.097,0.241,0.219,0.119,0.165,0.281,0.3,0.185,0.198,0.297,0.176,0.155,0.356,0.298,0.074,0.173,0.15,0.179,0.198,0.115,0.256,0.187,0.205,0.122,0.163,0.19,0.331,0.175,0.251,0.46,0.303,0.145,0.261,0.285,0.293,0.106,0.241,0.185,0.151,0.053,0.127,0.182,0.175,0.291,0.167,0.248,0.195,0.223,0.261,0.367,0.278,0.315,0.217,0.154,0.108,0.367,0.173,0.106,0.377,0.359,0.3,0.285,0.343,0.249,0.127,0.229,0.094,0.208,0.224,0.156,0.095,0.294,0.135,0.316,0.287,0.173,0.188,0.314,0.28,0.195,1.0,0.316,0.309,0.356,0.232,0.246,0.286,0.744,0.367,0.21,0.222,0.148,0.063,0.099,0.049,0.207,0.186,0.237,0.224,0.289,0.323,0.523,0.153,0.172,0.346,0.223,0.225,0.269,0.117,0.116,0.251,0.426,0.381,0.153,0.212,0.221,0.187,0.308,0.222,0.175,0.245,0.156,0.159,0.317,0.222,0.27,0.285,0.43,0.331,0.174,0.309,0.188,0.096,0.257,0.079,0.087,0.223,0.369,0.19,0.315,0.087,0.174,0.255,0.172,0.259,0.276,0.135,0.179,0.246,0.083,0.22,0.122,0.206,0.193,0.277,0.174,0.065,0.744,0.106,0.328,0.174,0.176,0.131,0.323,0.14,0.316,0.246,0.294,0.268,0.252,0.198,0.187,0.334,0.18
0.217,0.517,0.4,0.287,0.174,0.13,0.635,0.205,0.403,0.425,0.279,0.26,0.419,0.29,0.47,0.142,0.237,0.19,0.521,0.265,0.467,0.321,0.262,0.288,0.499,0.202,0.545,0.371,0.385,0.145,0.374,0.284,0.408,0.148,0.416,0.175,0.235,0.134,0.412,0.16,0.303,0.172,0.493,0.234,0.34,0.263,0.553,0.29,0.489,0.204,0.341,0.172,0.244,0.427,0.458,0.21,0.125,0.162,0.316,0.37,0.619,0.191,0.088,0.26,0.288,0.577,0.322,0.23,0.32,0.217,0.482,0.474,0.55,0.608,0.146,0.133,0.122,0.253,0.222,0.272,0.291,0.404,0.446,0.238,0.221,0.514,0.172,0.285,0.542,0.951,0.455,0.34,0.267,0.202,0.144,0.192,0.166,0.273,0.4,0.236,0.305,0.613,0.507,0.467,0.365,0.847,0.392,0.148,0.319,0.307,0.452,0.123,0.261,0.252,0.18,0.084,0.166,0.24,0.148,0.428,0.122,0.36,0.267,0.512,0.41,0.633,0.268,0.679,0.19,0.289,0.123,0.544,0.252,0.211,0.616,0.565,0.54,0.274,0.547,0.373,0.218,0.36,0.161,0.239,0.463,0.25,0.188,0.6,0.188,0.553,0.345,0.171,0.367,0.546,0.222,0.302,0.316,1.0,0.479,0.693,0.319,0.489,0.631,0.545,0.411,0.259,0.485,0.252,0.107,0.224,0.08,0.392,0.181,0.332,0.42,0.304,0.484,0.442,0.11,0.265,0.523,0.478,0.412,0.425,0.224,0.248,0.335,0.281,0.633,0.094,0.282,0.151,0.307,0.373,0.264,0.267,0.209,0.333,0.175,0.608,0.217,0.094,0.338,0.394,0.271,0.313,0.422,0.489,0.109,0.49,0.106,0.136,0.308,0.747,0.261,0.455,0.201,0.221,0.288,0.266,0.33,0.463,0.152,0.192,0.312,0.133,0.342,0.079,0.302,0.201,0.466,0.267,0.073,0.545,0.196,0.351,0.298,0.183,0.133,0.602,0.27,1.0,0.334,0.263,0.362,0.261,0.289,0.153,0.668,0.249
0.25,0.294,0.506,0.394,0.247,0.12,0.361,0.276,0.365,0.43,0.304,0.188,0.315,0.281,0.329,0.125,0.258,0.201,0.326,0.366,0.365,0.257,0.233,0.243,0.5,0.248,0.379,0.245,0.359,0.15,0.333,0.203,0.353,0.234,0.255,0.177,0.289,0.16,0.371,0.15,0.382,0.283,0.444,0.284,0.32,0.213,0.419,0.2,0.31,0.184,0.306,0.187,0.226,0.336,0.404,0.301,0.144,0.165,0.201,0.407,0.514,0.164,0.134,0.265,0.292,0.402,0.375,0.499,0.213,0.224,0.361,0.399,0.413,0.338,0.163,0.203,0.107,0.184,0.194,0.414,0.318,0.403,0.364,0.28,0.211,0.334,0.121,0.243,0.399,0.52,0.154,0.34,0.227,0.231,0.147,0.172,0.245,0.387,0.311,0.195,0.284,0.263,0.507,0.257,0.436,0.902,0.667,0.136,0.254,0.324,0.468,0.156,0.233,0.232,0.322,0.076,0.172,0.241,0.179,0.418,0.193,0.243,0.295,0.342,0.407,0.405,0.293,0.396,0.213,0.21,0.129,0.325,0.236,0.221,0.437,0.404,0.371,0.381,0.478,0.48,0.193,0.29,0.138,0.362,0.359,0.186,0.125,0.478,1.0,0.589,0.234,0.19,0.279,0.4,0.255,0.366,0.309,0.479,1.0,0.727,0.213,0.328,0.366,0.577,0.417,0.271,0.297,0.217,0.117,0.225,0.074,0.285,0.197,0.268,0.317,0.306,0.391,0.735,0.137,0.26,0.486,0.387,0.317,0.426,0.184,0.277,0.416,0.261,0.405,0.2,0.303,0.123,0.298,0.413,0.349,0.217,0.241,0.333,0.264,0.338,0.216,0.21,0.22,0.453,0.299,0.259,0.317,0.272,0.13,0.49,0.081,0.169,0.285,0.441,0.236,0.428,0.172,0.241,0.411,0.224,0.369,0.496,0.174,0.322,0.391,0.115,0.382,0.118,0.237,0.282,0.464,0.272,0.067,0.55,0.187,0.472,0.208,0.295,0.142,0.333,0.174,0.479,0.434,0.397,0.287,0.307,0.191,0.34,0.376,0.191
0.202,0.471,0.693,0.63,0.191,0.094,0.593,0.27,0.557,0.514,0.327,0.188,0.356,0.356,0.514,0.122,0.343,0.224,0.59,0.504,0.593,0.385,0.326,0.315,0.693,0.2,0.727,0.327,0.5,0.116,0.5,0.254,0.514,0.174,0.408,0.39,0.63,0.145,0.593,0.123,0.693,0.226,0.727,0.327,0.529,0.138,0.773,0.424,0.556,0.222,0.385,0.13,0.328,0.356,0.693,0.433,0.108,0.139,0.254,0.693,0.593,0.174,0.079,0.429,0.627,0.693,0.474,0.154,0.197,0.138,0.593,0.693,0.693,0.514,0.131,0.162,0.106,0.385,0.169,0.154,0.375,0.752,0.593,0.343,0.292,0.514,0.131,0.141,0.693,0.693,0.06,0.217,0.305,0.162,0.117,0.147,0.356,0.514,0.63,0.113,0.474,0.35,0.385,0.474,0.752,0.514,0.254,0.134,0.461,0.461,0.693,0.127,0.356,0.328,0.514,0.061,0.204,0.288,0.162,0.453,0.18,0.356,0.557,0.557,0.63,0.693,0.356,0.593,0.179,0.252,0.105,0.453,0.354,0.174,0.693,0.693,0.593,0.514,0.693,0.693,0.36,0.504,0.139,0.461,0.63,0.134,0.162,0.752,0.127,0.693,0.413,0.175,0.348,0.693,0.238,0.63,0.356,0.693,0.727,1.0,0.356,0.514,0.593,0.356,0.693,0.339,0.453,0.277,0.122,0.174,0.063,0.319,0.162,0.5,0.514,0.339,0.59,0.266,0.12,0.416,0.59,0.63,0.518,0.514,0.23,0.146,0.693,0.238,0.693,0.15,0.438,0.107,0.63,0.693,0.63,0.385,0.253,0.049,0.174,0.514,0.385,0.052,0.424,0.514,0.161,0.327,0.63,0.46,0.099,0.327,0.075,0.165,0.38,0.693,0.252,0.693,0.174,0.329,0.693,0.245,0.752,0.693,0.171,0.514,0.727,0.106,0.518,0.086,0.331,0.229,0.693,0.188,0.058,0.356,0.222,0.593,0.254,0.324,0.135,0.453,0.176,0.693,0.593,0.693,0.529,0.319,0.33,0.087,0.593,0.33
0.11,0.431,0.171,0.181,0.081,0.066,0.324,0.1,0.189,0.356,0.138,0.154,0.229,0.265,0.248,0.064,0.119,0.088,0.491,0.186,0.283,0.239,0.286,0.16,0.199,0.096,0.288,0.186,0.227,0.072,0.222,0.141,0.226,0.071,0.207,0.318,0.144,0.061,0.257,0.112,0.159,0.086,0.361,0.119,0.191,0.076,0.362,0.336,0.212,0.1,0.277,0.086,0.201,0.359,0.267,0.156,0.065,0.084,0.242,0.199,0.269,0.082,0.054,0.149,0.365,0.343,0.202,0.117,0.162,0.086,0.247,0.324,0.606,0.434,0.06,0.076,0.078,0.247,0.093,0.109,0.13,0.315,0.276,0.12,0.148,0.36,0.076,0.09,0.32,0.264,0.038,0.163,0.145,0.098,0.075,0.088,0.128,0.198,0.191,0.071,0.148,0.149,0.532,0.197,0.227,0.46,0.191,0.211,0.214,0.345,0.417,0.072,0.248,0.203,0.108,0.048,0.083,0.258,0.22,0.143,0.828,0.351,0.131,0.244,0.234,0.436,0.39,0.388,0.11,0.19,0.061,0.402,0.203,0.091,0.326,0.338,0.339,0.147,0.329,0.206,0.211,0.307,0.095,0.14,0.234,0.11,0.111,0.4,0.094,0.248,0.307,0.082,0.164,0.324,0.152,0.197,0.232,0.319,0.213,0.356,1.0,0.237,0.369,0.456,0.242,0.189,0.272,0.154,0.059,0.09,0.041,0.306,0.095,0.19,0.481,0.164,0.311,0.324,0.063,0.157,0.342,0.232,0.3,0.213,0.148,0.107,0.258,0.183,0.387,0.055,0.202,0.109,0.147,0.209,0.195,0.211,0.109,0.034,0.081,0.434,0.198,0.037,0.246,0.238,0.156,0.161,0.206,0.186,0.061,0.245,0.05,0.078,0.152,0.436,0.337,0.222,0.079,0.187,0.165,0.147,0.174,0.206,0.092,0.097,0.22,0.066,0.165,0.052,0.173,0.158,0.244,0.105,0.086,0.606,0.092,0.153,0.23,0.096,0.094,0.349,0.144,0.319,0.156,0.15,0.2,0.22,0.296,0.061,0.416,0.26
0.181,0.382,0.244,0.225,0.189,0.126,0.599,0.211,0.339,0.253,0.217,0.266,0.252,0.229,0.429,0.11,0.185,0.19,0.409,0.2,0.388,0.228,0.21,0.267,0.245,0.459,0.444,0.336,0.283,0.343,0.29,0.245,0.429,0.261,0.306,0.33,0.202,0.206,0.402,0.268,0.267,0.205,0.35,0.264,0.378,0.184,0.47,0.222,0.364,0.168,0.215,0.48,0.197,0.234,0.465,0.156,0.352,0.155,0.275,0.304,0.345,0.156,0.279,0.239,0.241,0.502,0.223,0.373,0.208,0.15,0.453,0.402,0.46,0.476,0.204,0.315,0.121,0.21,0.197,0.27,0.314,0.332,0.39,0.337,0.152,0.399,0.159,0.112,0.522,0.408,0.077,0.264,0.248,0.43,0.19,0.259,0.232,0.207,0.32,0.348,0.22,0.192,0.348,0.345,0.235,0.645,0.315,0.138,0.294,0.23,0.405,0.228,0.209,0.178,0.139,0.077,0.25,0.232,0.128,0.213,0.094,0.264,0.329,0.454,0.3,0.543,0.21,0.551,0.139,0.25,0.166,0.419,0.183,0.201,0.55,0.481,0.534,0.294,0.569,0.285,0.183,0.269,0.129,0.227,0.355,0.131,0.144,0.415,0.169,0.315,0.296,0.17,0.223,0.485,0.249,0.238,0.246,0.489,0.328,0.514,0.237,1.0,0.593,0.376,0.348,0.194,0.376,0.246,0.087,0.234,0.072,0.228,0.494,0.25,0.37,0.226,0.317,0.278,0.191,0.192,0.305,0.368,0.315,0.274,0.192,0.173,0.286,0.228,0.543,0.25,0.229,0.109,0.266,0.295,0.198,0.196,0.212,0.064,0.305,0.476,0.169,0.175,0.252,0.233,0.198,0.296,0.345,0.381,0.213,0.418,0.195,0.112,0.234,0.668,0.233,0.352,0.186,0.184,0.205,0.226,0.24,0.325,0.218,0.232,0.242,0.105,0.235,0.242,0.292,0.181,0.39,0.163,0.065,0.376,0.157,0.213,0.259,0.176,0.108,0.445,0.166,0.489,0.481,0.22,0.262,0.182,0.212,0.336,0.591,0.179
0.199,0.496,0.285,0.288,0.156,0.152,0.74,0.166,0.439,0.325,0.257,0.231,0.318,0.291,0.55,0.149,0.239,0.173,0.571,0.227,0.503,0.323,0.336,0.256,0.338,0.181,0.57,0.368,0.369,0.126,0.347,0.272,0.467,0.13,0.398,0.181,0.233,0.124,0.504,0.136,0.351,0.156,0.428,0.24,0.364,0.143,0.59,0.417,0.496,0.212,0.274,0.151,0.3,0.337,0.567,0.245,0.11,0.146,0.316,0.411,0.448,0.205,0.078,0.278,0.211,0.645,0.297,0.211,0.241,0.156,0.59,0.554,0.584,0.593,0.088,0.122,0.111,0.322,0.192,0.225,0.27,0.434,0.487,0.256,0.22,0.515,0.146,0.132,0.623,0.541,0.073,0.297,0.288,0.177,0.124,0.17,0.148,0.283,0.446,0.119,0.301,0.25,0.473,0.431,0.284,0.736,0.349,0.149,0.348,0.318,0.503,0.124,0.278,0.276,0.189,0.078,0.164,0.25,0.16,0.27,0.106,0.371,0.323,0.582,0.375,0.711,0.259,0.668,0.165,0.29,0.151,0.517,0.247,0.23,0.685,0.617,0.678,0.248,0.567,0.341,0.217,0.402,0.152,0.232,0.463,0.151,0.179,0.521,0.178,0.388,0.367,0.157,0.291,0.667,0.213,0.326,0.286,0.631,0.366,0.593,0.369,0.593,1.0,0.45,0.406,0.26,0.468,0.257,0.113,0.189,0.106,0.295,0.166,0.388,0.477,0.27,0.429,0.349,0.102,0.26,0.387,0.475,0.393,0.349,0.229,0.206,0.369,0.254,0.684,0.084,0.29,0.132,0.338,0.403,0.267,0.284,0.213,0.073,0.153,0.593,0.273,0.075,0.358,0.308,0.23,0.324,0.465,0.426,0.103,0.45,0.086,0.161,0.286,0.795,0.262,0.473,0.18,0.242,0.252,0.253,0.316,0.385,0.152,0.201,0.312,0.153,0.309,0.076,0.285,0.2,0.506,0.17,0.088,0.45,0.196,0.276,0.302,0.155,0.168,0.535,0.196,0.631,0.357,0.252,0.319,0.241,0.338,0.13,0.728,0.305
0.144,0.526,0.551,0.744,0.237,0.068,0.45,0.209,0.347,0.488,0.245,0.19,0.744,0.456,0.376,0.128,0.256,0.167,0.649,0.607,0.55,0.331,0.303,0.384,0.545,0.151,0.45,0.245,0.869,0.087,1.0,0.303,0.725,0.117,0.342,0.13,0.376,0.104,0.45,0.091,0.545,0.164,0.744,0.245,0.408,0.1,0.545,0.381,0.321,0.168,0.744,0.096,0.29,0.606,0.545,0.577,0.077,0.167,0.191,0.545,0.55,0.115,0.059,0.325,0.308,0.545,0.532,0.117,0.137,0.133,0.45,0.545,0.545,0.579,0.067,0.122,0.08,0.331,0.2,0.109,0.305,0.545,0.55,0.256,0.576,0.579,0.151,0.108,0.545,0.545,0.04,0.163,0.231,0.175,0.088,0.104,0.744,0.58,0.376,0.085,0.273,0.445,0.331,0.273,1.0,0.46,0.303,0.104,0.649,0.869,0.545,0.094,0.456,0.29,0.46,0.041,0.154,0.303,0.126,0.532,0.062,0.456,0.347,0.347,0.649,0.545,0.456,0.55,0.181,0.194,0.081,0.579,0.434,0.133,0.545,0.649,0.532,0.51,0.579,0.545,0.186,0.497,0.103,0.649,0.376,0.099,0.116,0.55,0.094,0.771,0.551,0.13,0.298,0.545,0.177,0.376,0.744,0.545,0.577,0.356,0.456,0.376,0.45,1.0,0.659,0.503,0.392,0.275,0.093,0.115,0.043,0.526,0.122,0.577,0.392,0.199,0.649,0.7,0.143,0.345,0.649,0.376,0.318,0.46,0.172,0.107,0.545,0.177,0.545,0.117,0.579,0.126,0.376,1.0,0.376,0.331,0.186,0.034,0.122,0.579,0.532,0.037,0.612,0.744,0.121,0.245,0.376,0.25,0.071,0.245,0.056,0.123,0.303,0.579,0.194,0.545,0.115,0.284,1.0,0.294,0.376,0.55,0.186,0.376,0.545,0.125,0.321,0.063,0.253,0.233,0.545,0.187,0.047,0.744,0.168,0.55,0.191,0.306,0.109,0.744,0.135,0.545,0.45,0.869,0.5,0.869,0.289,0.061,0.579,0.289
0.289,0.381,0.363,0.401,0.304,0.189,0.385,0.213,0.348,0.366,0.309,0.287,0.357,0.363,0.328,0.168,0.313,0.189,0.386,0.351,0.36,0.271,0.197,0.282,0.395,0.252,0.385,0.302,0.466,0.211,0.465,0.268,0.397,0.183,0.267,0.174,0.379,0.214,0.4,0.181,0.415,0.2,0.465,0.281,0.321,0.267,0.423,0.232,0.358,0.194,0.316,0.221,0.289,0.413,0.426,0.357,0.17,0.198,0.274,0.429,0.375,0.182,0.129,0.248,0.254,0.4,0.4,0.23,0.223,0.261,0.355,0.436,0.411,0.401,0.165,0.204,0.14,0.331,0.255,0.272,0.342,0.385,0.364,0.304,0.239,0.388,0.194,0.157,0.389,0.399,0.154,0.34,0.237,0.297,0.145,0.215,0.287,0.351,0.3,0.282,0.336,0.249,0.507,0.344,0.425,0.847,0.484,0.115,0.284,0.356,0.4,0.137,0.296,0.27,0.282,0.094,0.174,0.21,0.115,0.367,0.122,0.32,0.272,0.351,0.407,0.415,0.326,0.419,0.198,0.213,0.188,0.398,0.323,0.22,0.438,0.413,0.387,0.391,0.527,0.395,0.195,0.318,0.168,0.301,0.326,0.138,0.141,0.425,0.188,0.457,0.324,0.293,0.308,0.44,0.228,0.358,0.367,0.411,0.417,0.693,0.242,0.348,0.406,0.659,1.0,0.216,0.313,0.24,0.122,0.188,0.111,0.299,0.252,0.355,0.371,0.348,0.402,0.445,0.131,0.23,0.435,0.333,0.314,0.347,0.197,0.489,0.378,0.239,0.415,0.151,0.32,0.114,0.379,0.487,0.401,0.248,0.273,0.45,0.267,0.401,0.283,0.263,0.282,0.402,0.271,0.395,0.332,0.439,0.123,0.49,0.111,0.198,0.275,0.509,0.204,0.451,0.158,0.312,0.413,0.307,0.321,0.365,0.238,0.24,0.328,0.211,0.331,0.108,0.314,0.226,0.388,0.301,0.094,0.579,0.199,0.32,0.248,0.235,0.176,0.422,0.241,0.411,0.405,0.356,0.35,0.327,0.272,0.325,0.449,0.174
0.122,0.261,0.317,0.213,0.113,0.122,0.253,0.127,0.321,0.206,0.17,0.159,0.253,0.176,0.341,0.114,0.193,0.177,0.327,0.17,0.216,0.416,0.398,0.296,0.184,0.116,0.249,0.208,0.262,0.08,0.241,0.171,0.312,0.183,0.146,0.124,0.135,0.085,0.216,0.084,0.198,0.138,0.245,0.164,0.182,0.096,0.26,0.231,0.212,0.155,0.247,0.097,0.196,0.218,0.251,0.167,0.074,0.108,0.17,0.238,0.254,0.278,0.09,0.192,0.133,0.268,0.21,0.175,0.147,0.108,0.207,0.277,0.264,0.251,0.08,0.087,0.098,0.193,0.207,0.13,0.136,0.234,0.214,0.203,0.176,0.233,0.092,0.085,0.261,0.228,0.042,0.203,0.213,0.126,0.06,0.137,0.118,0.204,0.177,0.08,0.174,0.188,0.362,0.218,0.2,0.301,0.246,0.172,0.266,0.231,0.266,0.157,0.208,0.151,0.148,0.076,0.098,0.327,0.108,0.186,0.085,0.194,0.216,0.371,0.232,0.302,0.159,0.259,0.105,0.16,0.11,0.233,0.152,0.254,0.286,0.334,0.341,0.167,0.272,0.218,0.144,0.219,0.098,0.418,0.389,0.085,0.094,0.25,0.296,0.223,0.191,0.102,0.126,0.291,0.125,0.159,0.21,0.259,0.271,0.339,0.189,0.194,0.26,0.503,0.216,1.0,0.276,0.362,0.152,0.271,0.064,0.144,0.11,0.25,0.183,0.169,0.253,0.383,0.085,0.176,0.245,0.445,0.213,0.566,0.224,0.124,0.23,0.116,0.343,0.081,0.179,0.087,0.169,0.229,0.176,0.191,0.163,0.037,0.175,0.251,0.252,0.037,0.354,0.19,0.101,0.202,0.197,0.165,0.127,0.334,0.051,0.129,0.189,0.314,0.177,0.222,0.26,0.213,0.189,0.158,0.175,0.226,0.188,0.149,0.169,0.118,0.206,0.097,0.165,0.548,0.386,0.112,0.156,0.503,0.144,0.143,0.162,0.154,0.093,0.259,0.101,0.259,0.156,0.279,0.18,0.19,0.18,0.071,0.27,0.217
0.163,0.373,0.297,0.2,0.179,0.089,0.49,0.186,0.335,0.23,0.199,0.194,0.25,0.218,0.447,0.096,0.173,0.173,0.407,0.177,0.433,0.294,0.282,0.262,0.228,0.203,0.421,0.321,0.263,0.245,0.26,0.229,0.334,0.204,0.324,0.169,0.165,0.114,0.315,0.14,0.243,0.153,0.338,0.203,0.287,0.152,0.427,0.232,0.323,0.17,0.209,0.209,0.182,0.236,0.419,0.138,0.134,0.143,0.259,0.304,0.377,0.219,0.175,0.195,0.166,0.498,0.197,0.357,0.18,0.118,0.364,0.391,0.561,0.533,0.103,0.15,0.092,0.184,0.204,0.229,0.209,0.314,0.437,0.209,0.154,0.442,0.163,0.107,0.492,0.4,0.052,0.237,0.251,0.19,0.151,0.192,0.138,0.22,0.296,0.203,0.192,0.17,0.295,0.305,0.213,0.705,0.288,0.114,0.255,0.218,0.386,0.137,0.218,0.162,0.151,0.052,0.188,0.314,0.117,0.203,0.084,0.273,0.216,0.418,0.264,0.535,0.187,0.598,0.126,0.242,0.107,0.445,0.179,0.337,0.491,0.465,0.426,0.189,0.447,0.256,0.17,0.276,0.113,0.218,0.446,0.117,0.133,0.428,0.162,0.312,0.363,0.122,0.222,0.482,0.242,0.218,0.222,0.485,0.297,0.453,0.272,0.376,0.468,0.392,0.313,0.276,1.0,0.372,0.089,0.399,0.049,0.233,0.208,0.226,0.321,0.265,0.311,0.273,0.163,0.179,0.276,0.48,0.285,0.375,0.185,0.153,0.258,0.191,0.535,0.133,0.224,0.103,0.227,0.28,0.172,0.183,0.185,0.047,0.193,0.533,0.16,0.149,0.249,0.23,0.172,0.268,0.322,0.292,0.115,0.392,0.123,0.109,0.269,0.591,0.228,0.325,0.252,0.149,0.19,0.209,0.225,0.314,0.128,0.18,0.223,0.092,0.21,0.137,0.224,0.213,0.412,0.125,0.048,0.392,0.152,0.216,0.244,0.15,0.089,0.404,0.162,0.485,0.262,0.219,0.244,0.178,0.205,0.215,0.524,0.184
0.143,0.258,0.281,0.168,0.207,0.077,0.251,0.244,0.296,0.18,0.182,0.143,0.176,0.19,0.377,0.106,0.198,0.271,0.283,0.157,0.22,0.384,0.309,0.345,0.176,0.243,0.232,0.25,0.2,0.279,0.195,0.191,0.223,0.294,0.155,0.13,0.134,0.195,0.299,0.21,0.182,0.239,0.231,0.254,0.457,0.172,0.392,0.17,0.177,0.188,0.19,0.273,0.164,0.181,0.272,0.13,0.169,0.138,0.223,0.313,0.177,0.255,0.224,0.299,0.139,0.266,0.187,0.272,0.132,0.114,0.193,0.249,0.252,0.249,0.2,0.23,0.083,0.168,0.277,0.166,0.17,0.189,0.243,0.257,0.115,0.222,0.246,0.099,0.278,0.219,0.047,0.229,0.27,0.244,0.174,0.283,0.169,0.182,0.165,0.234,0.151,0.124,0.28,0.192,0.199,0.334,0.268,0.052,0.199,0.17,0.236,0.295,0.287,0.143,0.095,0.048,0.309,0.388,0.078,0.162,0.043,0.17,0.367,0.324,0.188,0.287,0.138,0.263,0.097,0.208,0.325,0.214,0.157,0.265,0.291,0.263,0.248,0.185,0.285,0.202,0.142,0.431,0.109,0.283,0.415,0.106,0.296,0.212,0.318,0.218,0.24,0.112,0.129,0.252,0.175,0.142,0.148,0.252,0.217,0.277,0.154,0.246,0.257,0.275,0.24,0.362,0.372,1.0,0.129,0.344,0.047,0.211,0.259,0.147,0.17,0.208,0.249,0.205,0.175,0.266,0.218,0.477,0.171,0.379,0.148,0.157,0.191,0.097,0.287,0.187,0.179,0.107,0.147,0.195,0.144,0.317,0.225,0.045,0.283,0.249,0.117,0.237,0.185,0.16,0.069,0.216,0.201,0.183,0.277,0.344,0.228,0.122,0.176,0.319,0.17,0.199,0.595,0.123,0.155,0.19,0.265,0.252,0.334,0.258,0.155,0.094,0.166,0.21,0.164,0.25,0.357,0.11,0.037,0.275,0.173,0.155,0.214,0.323,0.052,0.229,0.162,0.252,0.242,0.201,0.234,0.127,0.164,0.35,0.273,0.154
0.102,0.099,0.125,0.125,0.1,0.138,0.103,0.084,0.11,0.097,0.151,0.08,0.091,0.173,0.158,0.115,0.39,0.391,0.092,0.125,0.24,0.132,0.185,0.116,0.118,0.076,0.104,0.137,0.167,0.048,0.121,0.103,0.238,0.083,0.214,0.074,0.137,0.092,0.166,0.05,0.132,0.209,0.131,0.154,0.103,0.081,0.118,0.082,0.142,0.138,0.122,0.057,0.158,0.113,0.156,0.195,0.046,0.095,0.111,0.263,0.088,0.096,0.084,0.131,0.062,0.113,0.165,0.201,0.074,0.138,0.086,0.237,0.134,0.095,0.08,0.057,0.073,0.117,0.062,0.108,0.122,0.137,0.115,0.181,0.166,0.103,0.056,0.06,0.109,0.098,0.028,0.182,0.156,0.075,0.028,0.146,0.057,0.181,0.077,0.049,0.15,0.091,0.086,0.106,0.118,0.149,0.163,0.061,0.136,0.115,0.103,0.147,0.219,0.117,0.344,0.07,0.067,0.177,0.072,0.118,0.045,0.137,0.087,0.114,0.137,0.113,0.085,0.108,0.055,0.109,0.122,0.085,0.216,0.121,0.152,0.107,0.123,0.106,0.153,0.151,0.094,0.142,0.078,0.146,0.09,0.061,0.081,0.121,0.347,0.123,0.061,0.081,0.108,0.177,0.111,0.1,0.063,0.107,0.117,0.122,0.059,0.087,0.113,0.093,0.122,0.152,0.089,0.129,1.0,0.067,0.103,0.073,0.066,0.159,0.114,0.121,0.112,0.075,0.058,0.136,0.09,0.086,0.107,0.131,0.116,0.123,0.239,0.046,0.113,0.074,0.188,0.083,0.136,0.143,0.152,0.149,0.151,0.031,0.063,0.095,0.137,0.029,0.116,0.095,0.041,0.168,0.117,0.079,0.12,0.21,0.032,0.207,0.116,0.126,0.105,0.144,0.048,0.152,0.14,0.101,0.289,0.161,0.246,0.107,0.109,0.159,0.16,0.097,0.093,0.107,0.255,0.151,0.096,0.093,0.131,0.106,0.106,0.316,0.12,0.105,0.098,0.107,0.106,0.114,0.06,0.094,0.127,0.049,0.108,0.151
0.112,0.178,0.224,0.172,0.203,0.114,0.195,0.17,0.375,0.111,0.102,0.17,0.101,0.108,0.309,0.13,0.179,0.149,0.155,0.134,0.173,0.383,0.204,0.274,0.129,0.291,0.181,0.125,0.11,0.331,0.124,0.106,0.267,0.376,0.112,0.164,0.121,0.157,0.168,0.181,0.194,0.158,0.135,0.135,0.191,0.157,0.2,0.118,0.132,0.131,0.116,0.294,0.089,0.085,0.279,0.077,0.198,0.156,0.111,0.238,0.157,0.5,0.205,0.118,0.132,0.228,0.154,0.217,0.089,0.154,0.169,0.2,0.208,0.166,0.132,0.212,0.103,0.108,0.4,0.223,0.195,0.168,0.194,0.328,0.111,0.156,0.1,0.077,0.23,0.207,0.053,0.092,0.123,0.283,0.144,0.208,0.165,0.274,0.197,0.338,0.127,0.087,0.14,0.169,0.114,0.226,0.121,0.055,0.15,0.094,0.312,0.131,0.106,0.075,0.133,0.098,0.139,0.316,0.048,0.131,0.038,0.097,0.156,0.299,0.115,0.227,0.161,0.202,0.064,0.137,0.127,0.142,0.09,0.607,0.22,0.3,0.182,0.155,0.273,0.2,0.078,0.136,0.12,0.337,0.48,0.085,0.068,0.17,0.153,0.159,0.141,0.159,0.149,0.222,0.217,0.128,0.099,0.224,0.225,0.174,0.09,0.234,0.189,0.115,0.188,0.271,0.399,0.344,0.067,1.0,0.104,0.1,0.308,0.104,0.139,0.15,0.148,0.073,0.169,0.152,0.136,0.6,0.224,0.306,0.082,0.084,0.15,0.099,0.227,0.173,0.156,0.081,0.147,0.15,0.106,0.099,0.139,0.059,0.408,0.166,0.096,0.162,0.122,0.137,0.083,0.135,0.185,0.129,0.115,0.144,0.144,0.099,0.129,0.233,0.127,0.165,0.518,0.107,0.102,0.121,0.109,0.174,0.148,0.177,0.121,0.079,0.139,0.158,0.167,0.248,0.536,0.121,0.036,0.115,0.139,0.115,0.124,0.121,0.068,0.144,0.088,0.224,0.225,0.247,0.145,0.074,0.079,0.239,0.192,0.075
0.162,0.048,0.074,0.136,0.216,0.271,0.069,0.044,0.103,0.102,0.106,0.107,0.057,0.074,0.069,0.194,0.165,0.052,0.055,0.1,0.064,0.076,0.048,0.062,0.047,0.127,0.063,0.083,0.118,0.073,0.133,0.07,0.126,0.049,0.04,0.066,0.106,0.127,0.079,0.098,0.178,0.055,0.054,0.089,0.065,0.07,0.068,0.142,0.168,0.169,0.095,0.09,0.188,0.083,0.199,0.187,0.061,0.299,0.079,0.151,0.055,0.16,0.038,0.074,0.048,0.108,0.129,0.044,0.056,0.248,0.059,0.241,0.082,0.06,0.07,0.065,0.093,0.166,0.053,0.118,0.18,0.07,0.126,0.182,0.271,0.103,0.041,0.055,0.077,0.072,0.034,0.114,0.11,0.092,0.041,0.271,0.104,0.155,0.606,0.07,0.193,0.134,0.04,0.122,0.075,0.076,0.092,0.046,0.145,0.059,0.091,0.046,0.056,0.19,0.166,0.52,0.046,0.044,0.04,0.087,0.031,0.161,0.057,0.062,0.068,0.078,0.097,0.073,0.039,0.144,0.146,0.065,0.101,0.146,0.075,0.172,0.076,0.088,0.165,0.083,0.044,0.082,0.223,0.127,0.054,0.083,0.041,0.063,0.052,0.085,0.073,0.161,0.112,0.234,0.082,0.108,0.049,0.08,0.074,0.063,0.041,0.072,0.106,0.043,0.111,0.064,0.049,0.047,0.103,0.104,1.0,0.032,0.1,0.201,0.108,0.053,0.083,0.028,0.053,0.096,0.065,0.057,0.162,0.062,0.074,0.147,0.101,0.06,0.078,0.041,0.299,0.132,0.188,0.133,0.121,0.081,0.084,0.032,0.093,0.06,0.188,0.036,0.142,0.101,0.054,0.178,0.433,0.063,0.042,0.105,0.048,0.267,0.087,0.081,0.122,0.125,0.041,0.179,0.082,0.125,0.057,0.097,0.104,0.06,0.052,0.351,0.115,0.031,0.109,0.071,0.082,0.08,0.096,0.043,0.175,0.045,0.11,0.06,0.211,0.053,0.045,0.08,0.102,0.124,0.041,0.041,0.115,0.065,0.067,0.054
0.11,0.478,0.234,0.164,0.145,0.055,0.261,0.204,0.171,0.286,0.197,0.123,0.273,0.248,0.225,0.062,0.121,0.298,0.394,0.203,0.247,0.199,0.242,0.191,0.298,0.193,0.245,0.191,0.258,0.159,0.218,0.159,0.211,0.207,0.156,0.119,0.101,0.165,0.198,0.166,0.152,0.223,0.274,0.215,0.264,0.23,0.251,0.261,0.163,0.107,0.246,0.157,0.182,0.548,0.25,0.155,0.147,0.153,0.234,0.295,0.329,0.059,0.212,0.156,0.181,0.291,0.255,0.548,0.146,0.142,0.211,0.29,0.266,0.329,0.186,0.22,0.065,0.195,0.117,0.227,0.142,0.202,0.25,0.163,0.121,0.284,0.179,0.158,0.316,0.433,0.181,0.149,0.156,0.167,0.109,0.132,0.151,0.166,0.158,0.177,0.125,0.236,0.462,0.151,0.285,0.414,0.187,0.065,0.224,0.278,0.228,0.219,0.341,0.201,0.115,0.035,0.287,0.259,0.119,0.25,0.056,0.277,0.237,0.199,0.192,0.358,0.213,0.309,0.12,0.192,0.145,0.284,0.151,0.152,0.289,0.29,0.278,0.23,0.31,0.262,0.121,0.288,0.089,0.136,0.192,0.12,0.109,0.332,0.125,0.404,0.261,0.073,0.185,0.276,0.204,0.145,0.207,0.392,0.285,0.319,0.306,0.228,0.295,0.526,0.299,0.144,0.233,0.211,0.073,0.1,0.032,1.0,0.184,0.154,0.177,0.142,0.411,0.35,0.231,0.15,0.416,0.191,0.164,0.257,0.116,0.128,0.224,0.159,0.323,0.192,0.18,0.146,0.129,0.21,0.19,0.207,0.126,0.175,0.137,0.329,0.119,0.139,0.198,0.335,0.107,0.165,0.231,0.142,0.208,0.232,0.168,0.071,0.153,0.364,0.144,0.206,0.113,0.173,0.204,0.162,0.27,0.406,0.167,0.189,0.169,0.094,0.228,0.182,0.143,0.192,0.218,0.145,0.036,0.397,0.096,0.311,0.225,0.189,0.06,0.249,0.266,0.392,0.196,0.155,0.239,0.223,0.238,0.173,0.33,0.2
0.181,0.13,0.208,0.152,0.262,0.163,0.17,0.326,0.168,0.128,0.134,0.256,0.152,0.199,0.142,0.117,0.146,0.217,0.128,0.178,0.156,0.166,0.1,0.372,0.134,0.624,0.15,0.21,0.147,0.613,0.184,0.168,0.197,0.378,0.129,0.436,0.217,0.306,0.197,0.402,0.252,0.276,0.147,0.275,0.339,0.484,0.171,0.088,0.149,0.122,0.118,0.728,0.128,0.103,0.293,0.11,0.75,0.224,0.188,0.199,0.148,0.136,0.427,0.195,0.262,0.172,0.137,0.489,0.163,0.173,0.149,0.143,0.178,0.162,0.316,0.448,0.152,0.239,0.351,0.447,0.33,0.152,0.346,0.384,0.092,0.143,0.32,0.1,0.296,0.172,0.121,0.173,0.163,0.592,0.36,0.363,0.298,0.142,0.158,0.534,0.131,0.141,0.112,0.163,0.157,0.208,0.219,0.101,0.246,0.123,0.21,0.32,0.246,0.112,0.135,0.109,0.361,0.209,0.079,0.167,0.071,0.128,0.299,0.15,0.131,0.169,0.16,0.184,0.104,0.162,0.266,0.185,0.133,0.276,0.173,0.181,0.158,0.314,0.373,0.174,0.114,0.145,0.124,0.217,0.162,0.119,0.128,0.158,0.133,0.227,0.43,0.276,0.112,0.171,0.424,0.143,0.186,0.181,0.197,0.162,0.095,0.494,0.166,0.122,0.252,0.11,0.208,0.259,0.066,0.308,0.1,0.184,1.0,0.125,0.14,0.211,0.153,0.096,0.356,0.12,0.192,0.174,0.147,0.139,0.129,0.165,0.151,0.16,0.169,0.385,0.17,0.075,0.211,0.153,0.133,0.118,0.22,0.112,0.524,0.162,0.113,0.757,0.099,0.127,0.162,0.227,0.21,0.231,0.316,0.26,0.324,0.103,0.155,0.193,0.153,0.146,0.221,0.161,0.142,0.196,0.13,0.226,0.295,0.263,0.113,0.093,0.122,0.388,0.27,0.26,0.196,0.173,0.067,0.122,0.13,0.138,0.176,0.192,0.097,0.157,0.146,0.181,0.396,0.188,0.471,0.108,0.099,0.505,0.176,0.077
0.27,0.278,0.241,0.392,0.117,0.273,0.329,0.113,0.327,0.239,0.244,0.176,0.241,0.191,0.261,0.296,0.31,0.122,0.391,0.223,0.273,0.241,0.2,0.204,0.223,0.127,0.355,0.213,0.488,0.089,0.415,0.178,0.468,0.093,0.178,0.139,0.218,0.194,0.271,0.094,0.352,0.113,0.319,0.193,0.214,0.107,0.334,0.327,0.628,0.244,0.311,0.108,0.497,0.305,0.602,0.428,0.082,0.112,0.171,0.488,0.248,0.33,0.071,0.234,0.148,0.34,0.307,0.174,0.129,0.238,0.27,0.516,0.342,0.309,0.131,0.099,0.104,0.382,0.119,0.137,0.225,0.282,0.328,0.28,0.318,0.33,0.092,0.073,0.333,0.297,0.044,0.218,0.237,0.14,0.067,0.169,0.183,0.417,0.25,0.087,0.399,0.31,0.385,0.43,0.292,0.521,0.293,0.113,0.391,0.25,0.316,0.103,0.192,0.28,0.207,0.129,0.1,0.16,0.108,0.199,0.077,0.385,0.196,0.306,0.343,0.38,0.183,0.377,0.108,0.158,0.33,0.286,0.237,0.394,0.361,0.398,0.351,0.224,0.605,0.295,0.141,0.311,0.114,0.318,0.272,0.078,0.085,0.344,0.157,0.336,0.198,0.247,0.149,0.729,0.145,0.301,0.237,0.332,0.268,0.5,0.19,0.25,0.388,0.577,0.355,0.25,0.226,0.147,0.159,0.104,0.201,0.154,0.125,1.0,0.352,0.194,0.269,0.424,0.085,0.178,0.3,0.279,0.313,0.238,0.162,0.378,0.333,0.154,0.41,0.074,0.231,0.086,0.402,0.452,0.296,0.218,0.147,0.039,0.147,0.309,0.479,0.042,0.515,0.286,0.154,0.348,0.271,0.278,0.082,0.372,0.054,0.351,0.261,0.423,0.169,0.417,0.093,0.408,0.281,0.165,0.209,0.305,0.25,0.134,0.221,0.307,0.318,0.066,0.195,0.16,0.32,0.128,0.222,0.577,0.238,0.185,0.162,0.139,0.382,0.333,0.099,0.332,0.244,0.311,0.212,0.197,0.327,0.085,0.346,0.241
0.225,0.316,0.259,0.298,0.128,0.197,0.462,0.137,0.348,0.328,0.262,0.185,0.231,0.212,0.357,0.164,0.263,0.14,0.353,0.237,0.377,0.215,0.171,0.189,0.259,0.15,0.411,0.261,0.31,0.104,0.332,0.197,0.416,0.108,0.367,0.265,0.273,0.162,0.439,0.126,0.345,0.131,0.424,0.225,0.267,0.12,0.515,0.227,0.381,0.198,0.308,0.123,0.284,0.276,0.446,0.264,0.091,0.127,0.21,0.404,0.35,0.188,0.068,0.232,0.39,0.429,0.285,0.195,0.178,0.158,0.395,0.453,0.615,0.477,0.177,0.112,0.1,0.254,0.138,0.187,0.27,0.394,0.387,0.228,0.259,0.45,0.106,0.107,0.415,0.377,0.055,0.345,0.219,0.153,0.091,0.132,0.154,0.334,0.287,0.1,0.321,0.198,0.348,0.376,0.333,0.891,0.315,0.164,0.258,0.277,0.465,0.104,0.191,0.206,0.234,0.08,0.121,0.231,0.179,0.267,0.665,0.284,0.231,0.383,0.355,0.452,0.338,0.469,0.136,0.196,0.147,0.488,0.314,0.202,0.49,0.426,0.443,0.21,0.5,0.394,0.279,0.335,0.132,0.22,0.316,0.116,0.114,0.478,0.169,0.331,0.235,0.203,0.216,0.507,0.178,0.309,0.224,0.42,0.317,0.514,0.481,0.37,0.477,0.392,0.371,0.183,0.321,0.17,0.114,0.139,0.108,0.177,0.14,0.352,1.0,0.211,0.299,0.278,0.079,0.178,0.314,0.325,0.36,0.279,0.209,0.29,0.356,0.208,0.453,0.075,0.242,0.104,0.34,0.396,0.276,0.266,0.164,0.058,0.146,0.477,0.302,0.061,0.284,0.334,0.198,0.278,0.302,0.278,0.086,0.418,0.067,0.22,0.209,0.558,0.288,0.377,0.12,0.281,0.264,0.19,0.266,0.323,0.188,0.164,0.302,0.205,0.255,0.063,0.233,0.136,0.374,0.149,0.103,0.392,0.185,0.237,0.2,0.151,0.199,0.434,0.126,0.42,0.306,0.249,0.207,0.231,0.236,0.111,0.564,0.158
0.147,0.25,0.264,0.211,0.215,0.091,0.29,0.239,0.209,0.205,0.233,0.231,0.296,0.267,0.229,0.111,0.142,0.162,0.271,0.228,0.269,0.17,0.321,0.196,0.234,0.172,0.299,0.294,0.323,0.208,0.228,0.295,0.204,0.166,0.173,0.148,0.232,0.134,0.247,0.15,0.219,0.183,0.258,0.292,0.225,0.199,0.308,0.155,0.267,0.162,0.188,0.152,0.198,0.193,0.284,0.212,0.164,0.196,0.266,0.251,0.261,0.081,0.134,0.194,0.172,0.322,0.221,0.273,0.277,0.139,0.324,0.286,0.316,0.236,0.124,0.156,0.103,0.134,0.17,0.174,0.161,0.293,0.26,0.19,0.126,0.222,0.148,0.21,0.311,0.279,0.057,0.194,0.222,0.183,0.156,0.181,0.134,0.183,0.218,0.136,0.177,0.139,0.217,0.188,0.208,0.324,0.667,0.167,0.187,0.261,0.283,0.189,0.164,0.231,0.164,0.058,0.155,0.214,0.139,0.256,0.187,0.245,0.187,0.22,0.285,0.409,0.198,0.328,0.244,0.182,0.116,0.318,0.167,0.163,0.373,0.305,0.257,0.234,0.298,0.275,0.153,0.252,0.134,0.159,0.224,0.237,0.124,0.292,0.812,0.309,0.183,0.153,0.251,0.303,0.292,0.199,0.289,0.304,0.306,0.339,0.164,0.226,0.27,0.199,0.348,0.169,0.265,0.208,0.121,0.15,0.053,0.142,0.211,0.194,0.211,1.0,0.25,0.242,0.15,0.319,0.304,0.226,0.264,0.204,0.152,0.133,0.285,0.347,0.409,0.154,0.2,0.102,0.206,0.309,0.201,0.196,0.296,0.064,0.171,0.236,0.153,0.236,0.18,0.191,0.455,0.31,0.25,0.228,0.157,0.47,0.084,0.112,0.363,0.326,0.247,0.373,0.108,0.171,0.263,0.214,0.217,0.26,0.129,0.203,0.214,0.109,0.291,0.151,0.237,0.134,0.257,0.221,0.055,0.199,0.154,0.204,0.226,0.177,0.108,0.224,0.126,0.304,0.245,0.176,0.224,0.147,0.182,0.174,0.272,0.19
0.221,0.443,0.341,0.316,0.213,0.127,0.398,0.186,0.295,0.425,0.496,0.213,0.385,0.458,0.352,0.164,0.199,0.151,0.504,0.298,0.339,0.313,0.259,0.256,0.429,0.214,0.372,0.469,0.338,0.118,0.351,0.281,0.309,0.123,0.26,0.121,0.198,0.145,0.313,0.134,0.274,0.138,0.491,0.242,0.298,0.338,0.402,0.303,0.302,0.25,0.384,0.136,0.275,0.476,0.356,0.273,0.103,0.183,0.532,0.304,0.41,0.108,0.077,0.202,0.215,0.452,0.427,0.209,0.387,0.239,0.341,0.396,0.394,0.435,0.128,0.12,0.114,0.262,0.175,0.304,0.227,0.333,0.332,0.185,0.231,0.402,0.143,0.204,0.388,0.517,0.201,0.296,0.278,0.167,0.093,0.183,0.176,0.243,0.295,0.162,0.291,0.323,0.608,0.281,0.401,0.622,0.347,0.091,0.314,0.345,0.348,0.118,0.26,0.285,0.179,0.082,0.17,0.246,0.147,0.327,0.098,0.314,0.21,0.346,0.347,0.456,0.295,0.414,0.187,0.561,0.112,0.397,0.256,0.16,0.43,0.443,0.433,0.28,0.426,0.337,0.228,0.345,0.205,0.252,0.341,0.168,0.231,0.489,0.176,0.481,0.317,0.171,0.344,0.39,0.252,0.274,0.323,0.484,0.391,0.59,0.311,0.317,0.429,0.649,0.402,0.253,0.311,0.249,0.112,0.148,0.083,0.411,0.153,0.269,0.299,0.25,1.0,0.517,0.125,0.316,0.517,0.331,0.298,0.391,0.219,0.205,0.333,0.22,0.456,0.081,0.3,0.211,0.242,0.324,0.318,0.292,0.221,0.204,0.141,0.435,0.207,0.075,0.312,0.472,0.2,0.375,0.303,0.282,0.098,0.771,0.081,0.169,0.263,0.528,0.389,0.343,0.112,0.239,0.319,0.277,0.306,0.364,0.142,0.166,0.288,0.129,0.363,0.076,0.252,0.244,0.345,0.302,0.069,0.649,0.244,0.38,0.548,0.189,0.095,0.416,0.332,0.484,0.283,0.269,0.31,0.251,0.323,0.129,0.471,0.249
0.111,0.35,0.442,0.523,0.19,0.049,0.349,0.17,0.259,0.63,0.197,0.159,0.523,0.324,0.278,0.098,0.198,0.125,0.517,0.432,0.426,0.238,0.234,0.285,0.442,0.12,0.349,0.197,0.572,0.066,0.7,0.239,0.51,0.09,0.226,0.101,0.278,0.077,0.349,0.087,0.442,0.12,0.523,0.197,0.319,0.075,0.442,0.289,0.225,0.133,0.523,0.072,0.216,0.492,0.442,0.424,0.055,0.136,0.152,0.562,0.562,0.071,0.047,0.314,0.248,0.442,0.377,0.095,0.144,0.099,0.349,0.442,0.442,0.416,0.048,0.096,0.061,0.238,0.154,0.079,0.191,0.442,0.426,0.198,0.359,0.416,0.111,0.144,0.442,0.442,0.024,0.128,0.187,0.132,0.06,0.082,0.523,0.425,0.278,0.064,0.187,0.307,0.238,0.187,0.7,0.339,0.239,0.142,0.485,1.0,0.442,0.075,0.324,0.216,0.339,0.025,0.122,0.23,0.148,0.377,0.069,0.324,0.259,0.259,0.485,0.442,0.324,0.426,0.195,0.156,0.062,0.416,0.278,0.093,0.442,0.485,0.405,0.388,0.442,0.442,0.145,0.393,0.078,0.485,0.278,0.124,0.085,0.426,0.075,0.552,0.398,0.101,0.248,0.442,0.242,0.278,0.523,0.442,0.735,0.266,0.324,0.278,0.349,0.7,0.445,0.383,0.273,0.205,0.075,0.073,0.028,0.35,0.096,0.424,0.278,0.242,0.517,1.0,0.109,0.238,0.517,0.278,0.239,0.339,0.134,0.08,0.442,0.242,0.442,0.086,0.416,0.1,0.278,0.7,0.334,0.238,0.145,0.02,0.096,0.416,0.377,0.024,0.46,0.523,0.16,0.197,0.278,0.158,0.055,0.197,0.041,0.094,0.239,0.442,0.156,0.442,0.071,0.243,0.7,0.232,0.278,0.442,0.151,0.278,0.442,0.093,0.239,0.049,0.351,0.174,0.442,0.188,0.032,0.523,0.133,0.426,0.152,0.237,0.084,0.523,0.107,0.442,0.349,0.572,0.382,0.572,0.209,0.041,0.416,0.209
0.124,0.085,0.136,0.111,0.218,0.082,0.103,0.23,0.145,0.092,0.133,0.091,0.132,0.141,0.089,0.121,0.096,0.192,0.095,0.196,0.116,0.095,0.082,0.219,0.095,0.362,0.102,0.133,0.146,0.314,0.124,0.157,0.214,0.347,0.061,0.158,0.092,0.231,0.112,0.266,0.13,0.18,0.11,0.196,0.243,0.231,0.109,0.06,0.077,0.141,0.111,0.279,0.104,0.085,0.233,0.094,0.413,0.214,0.113,0.132,0.084,0.04,0.375,0.116,0.171,0.128,0.121,0.394,0.07,0.097,0.087,0.106,0.11,0.091,0.286,0.367,0.08,0.107,0.178,0.444,0.177,0.104,0.215,0.202,0.121,0.111,0.182,0.059,0.506,0.1,0.031,0.141,0.11,0.267,0.398,0.203,0.396,0.083,0.089,0.215,0.082,0.073,0.087,0.071,0.122,0.136,0.262,0.058,0.216,0.114,0.107,0.225,0.152,0.095,0.112,0.06,0.284,0.219,0.06,0.144,0.043,0.108,0.195,0.087,0.111,0.118,0.094,0.106,0.081,0.168,0.224,0.082,0.093,0.209,0.117,0.129,0.099,0.21,0.203,0.163,0.085,0.12,0.095,0.159,0.085,0.052,0.061,0.111,0.091,0.141,0.222,0.118,0.074,0.114,0.381,0.105,0.153,0.11,0.137,0.12,0.063,0.191,0.102,0.143,0.131,0.085,0.163,0.175,0.058,0.169,0.053,0.231,0.356,0.085,0.079,0.15,0.125,0.109,1.0,0.105,0.154,0.081,0.123,0.096,0.083,0.134,0.141,0.066,0.127,0.399,0.1,0.106,0.078,0.13,0.096,0.114,0.186,0.031,0.223,0.091,0.079,0.341,0.097,0.113,0.046,0.125,0.202,0.107,0.222,0.202,0.178,0.096,0.194,0.127,0.15,0.102,0.11,0.091,0.118,0.159,0.104,0.174,0.2,0.207,0.091,0.108,0.12,0.498,0.1,0.211,0.094,0.082,0.039,0.143,0.14,0.121,0.137,0.142,0.052,0.099,0.114,0.11,0.196,0.145,0.225,0.093,0.071,0.225,0.104,0.054
0.161,0.25,0.193,0.221,0.196,0.106,0.252,0.231,0.197,0.288,0.283,0.147,0.224,0.277,0.217,0.182,0.15,0.137,0.308,0.339,0.247,0.194,0.363,0.165,0.246,0.166,0.264,0.229,0.245,0.086,0.219,0.22,0.201,0.128,0.158,0.099,0.24,0.145,0.282,0.105,0.208,0.184,0.346,0.234,0.372,0.102,0.348,0.172,0.19,0.222,0.22,0.101,0.192,0.205,0.254,0.204,0.077,0.186,0.238,0.21,0.196,0.067,0.106,0.242,0.126,0.303,0.272,0.173,0.154,0.238,0.214,0.271,0.269,0.245,0.162,0.096,0.106,0.143,0.128,0.28,0.152,0.219,0.227,0.189,0.186,0.235,0.103,0.107,0.265,0.242,0.044,0.2,0.226,0.135,0.057,0.221,0.122,0.164,0.241,0.083,0.209,0.266,0.355,0.171,0.209,0.369,0.376,0.077,0.218,0.219,0.238,0.2,0.168,0.18,0.149,0.098,0.115,0.189,0.091,0.257,0.06,0.368,0.18,0.215,0.268,0.3,0.266,0.261,0.12,0.264,0.26,0.221,0.185,0.112,0.334,0.363,0.267,0.226,0.278,0.223,0.147,0.255,0.147,0.204,0.264,0.104,0.399,0.236,0.812,0.393,0.179,0.144,0.201,0.268,0.184,0.181,0.172,0.265,0.26,0.416,0.157,0.192,0.26,0.345,0.23,0.176,0.179,0.266,0.136,0.152,0.096,0.15,0.12,0.178,0.178,0.319,0.316,0.238,0.105,1.0,0.271,0.21,0.288,0.202,0.143,0.136,0.237,0.115,0.3,0.083,0.268,0.191,0.168,0.237,0.231,0.303,0.307,0.046,0.102,0.245,0.139,0.049,0.195,0.287,0.114,0.21,0.242,0.162,0.158,0.304,0.055,0.15,0.202,0.327,0.216,0.23,0.134,0.214,0.242,0.214,0.194,0.251,0.2,0.193,0.224,0.134,0.274,0.121,0.171,0.135,0.23,0.159,0.046,0.345,0.231,0.17,0.259,0.217,0.075,0.227,0.158,0.265,0.222,0.21,0.179,0.133,0.179,0.079,0.269,0.176
0.175,0.422,0.453,0.345,0.236,0.107,0.363,0.244,0.3,0.468,0.273,0.178,0.344,0.395,0.302,0.125,0.212,0.169,0.461,0.4,0.351,0.321,0.273,0.284,0.52,0.234,0.39,0.225,0.367,0.135,0.356,0.191,0.323,0.154,0.232,0.132,0.275,0.132,0.344,0.127,0.402,0.196,0.471,0.219,0.315,0.269,0.41,0.332,0.317,0.174,0.391,0.148,0.309,0.475,0.404,0.315,0.138,0.171,0.214,0.379,0.438,0.097,0.099,0.269,0.314,0.412,0.398,0.572,0.206,0.221,0.361,0.42,0.418,0.366,0.145,0.162,0.093,0.298,0.161,0.8,0.308,0.392,0.367,0.222,0.256,0.36,0.136,0.207,0.411,0.537,0.169,0.263,0.204,0.173,0.15,0.137,0.291,0.305,0.317,0.182,0.241,0.362,0.754,0.24,0.499,0.622,0.303,0.11,0.354,0.376,0.401,0.098,0.327,0.313,0.315,0.063,0.167,0.246,0.162,0.391,0.347,0.343,0.265,0.301,0.396,0.472,0.384,0.399,0.225,0.222,0.107,0.371,0.254,0.154,0.416,0.432,0.399,0.432,0.44,0.447,0.174,0.423,0.14,0.308,0.317,0.162,0.149,0.486,0.153,0.555,0.331,0.169,0.288,0.406,0.317,0.285,0.346,0.523,0.486,0.59,0.342,0.305,0.387,0.649,0.435,0.245,0.276,0.218,0.09,0.136,0.065,0.416,0.192,0.3,0.314,0.304,0.517,0.517,0.154,0.271,1.0,0.313,0.327,0.344,0.155,0.222,0.405,0.249,0.441,0.169,0.383,0.126,0.289,0.386,0.35,0.294,0.179,0.333,0.187,0.366,0.242,0.495,0.298,0.464,1.0,0.226,0.331,0.261,0.083,0.377,0.072,0.155,0.267,0.447,0.208,0.419,0.107,0.3,0.384,0.25,0.395,0.455,0.159,0.264,0.353,0.098,0.402,0.093,0.251,0.279,0.389,0.236,0.045,0.649,0.18,0.444,0.221,0.258,0.121,0.347,0.211,0.523,0.394,0.341,0.417,0.284,0.306,0.266,0.395,0.29
0.164,0.386,0.292,0.273,0.132,0.101,0.488,0.145,0.607,0.266,0.217,0.231,0.237,0.218,0.602,0.101,0.231,0.156,0.421,0.189,0.386,0.565,0.34,0.36,0.269,0.176,0.49,0.296,0.292,0.122,0.289,0.22,0.408,0.353,0.281,0.138,0.205,0.116,0.332,0.131,0.283,0.14,0.372,0.205,0.286,0.142,0.462,0.263,0.388,0.158,0.223,0.15,0.196,0.236,0.418,0.168,0.109,0.134,0.241,0.373,0.352,0.629,0.069,0.211,0.172,0.489,0.271,0.195,0.189,0.137,0.386,0.423,0.46,0.43,0.071,0.123,0.106,0.219,0.497,0.187,0.216,0.361,0.373,0.333,0.155,0.381,0.116,0.103,0.473,0.421,0.059,0.264,0.231,0.176,0.09,0.143,0.117,0.371,0.359,0.114,0.256,0.194,0.409,0.378,0.247,0.645,0.315,0.111,0.265,0.239,0.492,0.108,0.193,0.181,0.152,0.059,0.131,0.489,0.108,0.218,0.094,0.246,0.267,0.664,0.345,0.524,0.212,0.517,0.131,0.222,0.098,0.381,0.183,0.487,0.499,0.484,0.431,0.19,0.456,0.334,0.177,0.299,0.119,0.39,0.875,0.107,0.129,0.433,0.169,0.323,0.258,0.153,0.216,0.476,0.166,0.276,0.223,0.478,0.387,0.63,0.232,0.368,0.475,0.376,0.333,0.445,0.48,0.477,0.086,0.6,0.057,0.191,0.174,0.279,0.325,0.226,0.331,0.278,0.081,0.21,0.313,1.0,0.342,0.518,0.176,0.173,0.289,0.191,0.524,0.073,0.224,0.099,0.283,0.321,0.212,0.216,0.176,0.058,0.372,0.43,0.195,0.061,0.287,0.241,0.198,0.274,0.376,0.346,0.087,0.418,0.077,0.106,0.245,0.573,0.211,0.392,0.632,0.185,0.212,0.206,0.234,0.314,0.144,0.207,0.272,0.095,0.26,0.065,0.256,0.335,0.753,0.161,0.054,0.376,0.15,0.23,0.229,0.137,0.089,0.41,0.142,0.478,0.279,0.289,0.252,0.18,0.212,0.111,0.484,0.194
0.181,0.32,0.245,0.287,0.239,0.162,0.532,0.163,0.307,0.315,0.221,0.188,0.226,0.219,0.314,0.401,0.215,0.135,0.355,0.269,0.34,0.219,0.202,0.176,0.245,0.179,0.571,0.244,0.296,0.106,0.286,0.198,0.313,0.121,0.244,0.342,0.272,0.141,0.329,0.145,0.344,0.158,0.368,0.203,0.271,0.124,0.423,0.231,0.374,0.398,0.276,0.127,0.261,0.251,0.431,0.231,0.101,0.215,0.198,0.327,0.35,0.149,0.088,0.213,0.239,0.42,0.245,0.153,0.169,0.273,0.38,0.397,0.47,0.345,0.1,0.132,0.136,0.216,0.138,0.179,0.259,0.382,0.384,0.265,0.249,0.385,0.109,0.121,0.415,0.373,0.057,0.222,0.213,0.155,0.175,0.184,0.175,0.339,0.43,0.105,0.29,0.189,0.349,0.323,0.26,0.507,0.251,0.186,0.289,0.364,0.441,0.116,0.178,0.22,0.248,0.153,0.131,0.209,0.192,0.234,0.457,0.225,0.243,0.342,0.488,0.453,0.319,0.413,0.165,0.227,0.145,0.315,0.247,0.169,0.434,0.583,0.366,0.246,0.426,0.362,0.278,0.284,0.182,0.332,0.337,0.136,0.112,0.504,0.154,0.289,0.228,0.207,0.27,0.457,0.2,0.351,0.225,0.412,0.317,0.518,0.3,0.315,0.393,0.318,0.314,0.213,0.285,0.171,0.107,0.224,0.162,0.164,0.147,0.313,0.36,0.264,0.298,0.239,0.123,0.288,0.327,0.342,1.0,0.261,0.184,0.202,0.369,0.194,0.453,0.105,0.305,0.137,0.295,0.332,0.253,0.232,0.182,0.052,0.136,0.345,0.239,0.052,0.258,0.282,0.369,0.245,0.406,0.295,0.097,0.323,0.069,0.176,0.301,0.465,0.282,0.409,0.114,0.202,0.219,0.217,0.247,0.3,0.146,0.187,0.346,0.226,0.426,0.084,0.223,0.166,0.359,0.149,0.086,0.318,0.41,0.212,0.213,0.155,0.187,0.33,0.127,0.412,0.283,0.317,0.227,0.204,0.269,0.099,0.393,0.224
0.154,0.295,0.437,0.233,0.135,0.105,0.339,0.204,0.419,0.315,0.325,0.182,0.27,0.241,0.441,0.108,0.217,0.181,0.322,0.271,0.328,0.388,0.275,0.318,0.404,0.155,0.339,0.252,0.266,0.104,0.258,0.19,0.369,0.225,0.241,0.124,0.187,0.116,0.312,0.11,0.258,0.161,0.369,0.215,0.255,0.165,0.366,0.204,0.273,0.164,0.24,0.121,0.199,0.296,0.33,0.214,0.097,0.122,0.211,0.31,0.384,0.273,0.106,0.225,0.202,0.352,0.288,0.195,0.211,0.202,0.301,0.343,0.373,0.357,0.165,0.122,0.109,0.183,0.24,0.187,0.209,0.321,0.322,0.232,0.162,0.33,0.107,0.199,0.346,0.422,0.198,0.264,0.226,0.147,0.076,0.149,0.184,0.312,0.244,0.163,0.211,0.242,0.348,0.25,0.28,0.791,0.315,0.102,0.203,0.269,0.335,0.148,0.228,0.196,0.21,0.07,0.136,0.361,0.104,0.329,0.094,0.254,0.229,0.46,0.289,0.37,0.229,0.392,0.154,0.197,0.122,0.336,0.195,0.268,0.399,0.354,0.372,0.252,0.405,0.296,0.166,0.255,0.116,0.442,0.472,0.179,0.129,0.398,0.318,0.396,0.227,0.136,0.344,0.361,0.179,0.215,0.269,0.425,0.426,0.514,0.213,0.274,0.349,0.46,0.347,0.566,0.375,0.379,0.131,0.306,0.062,0.257,0.139,0.238,0.279,0.204,0.391,0.339,0.096,0.202,0.344,0.518,0.261,1.0,0.198,0.173,0.356,0.212,0.37,0.108,0.232,0.123,0.23,0.288,0.268,0.197,0.198,0.331,0.218,0.357,0.184,0.061,0.229,0.357,0.198,0.246,0.259,0.242,0.125,0.418,0.068,0.139,0.21,0.447,0.197,0.316,0.272,0.232,0.28,0.189,0.267,0.366,0.179,0.221,0.273,0.095,0.249,0.106,0.204,0.503,0.452,0.25,0.079,0.46,0.162,0.311,0.204,0.206,0.09,0.339,0.224,0.425,0.267,0.343,0.26,0.196,0.171,0.111,0.384,0.182
0.2,0.183,0.17,0.18,0.129,0.175,0.231,0.115,0.26,0.161,0.246,0.153,0.188,0.178,0.197,0.164,0.147,0.133,0.191,0.159,0.209,0.162,0.146,0.164,0.15,0.144,0.208,0.298,0.197,0.1,0.23,0.22,0.167,0.079,0.15,0.13,0.16,0.128,0.185,0.101,0.204,0.113,0.213,0.186,0.16,0.112,0.212,0.122,0.189,0.195,0.207,0.12,0.381,0.22,0.203,0.169,0.083,0.124,0.249,0.203,0.181,0.09,0.063,0.136,0.116,0.244,0.222,0.195,0.164,0.145,0.172,0.208,0.231,0.215,0.1,0.09,0.094,0.118,0.128,0.199,0.162,0.193,0.22,0.131,0.134,0.22,0.121,0.079,0.217,0.193,0.056,0.655,0.239,0.144,0.065,0.186,0.089,0.153,0.156,0.094,0.213,0.124,0.159,0.242,0.173,0.284,0.318,0.108,0.173,0.162,0.216,0.098,0.176,0.22,0.192,0.096,0.121,0.149,0.106,0.135,0.101,0.173,0.171,0.26,0.207,0.242,0.13,0.246,0.121,0.229,0.099,0.189,0.154,0.138,0.238,0.221,0.302,0.157,0.231,0.18,0.16,0.215,0.174,0.159,0.188,0.076,0.132,0.213,0.159,0.171,0.13,0.163,0.13,0.238,0.132,0.186,0.117,0.224,0.184,0.23,0.148,0.192,0.229,0.172,0.197,0.224,0.185,0.148,0.116,0.082,0.074,0.116,0.129,0.162,0.209,0.152,0.219,0.134,0.083,0.143,0.155,0.176,0.184,0.198,1.0,0.303,0.17,0.11,0.242,0.066,0.162,0.111,0.199,0.226,0.235,0.358,0.164,0.054,0.111,0.215,0.24,0.057,0.146,0.195,0.084,0.263,0.182,0.169,0.082,0.411,0.068,0.149,0.186,0.27,0.217,0.195,0.068,0.301,0.176,0.204,0.153,0.184,0.281,0.105,0.153,0.188,0.166,0.059,0.189,0.187,0.196,0.119,0.296,0.172,0.178,0.143,0.233,0.131,0.134,0.214,0.148,0.224,0.161,0.156,0.114,0.114,0.272,0.101,0.236,0.146
0.756,0.153,0.248,0.595,0.218,0.253,0.206,0.305,0.295,0.201,0.264,0.141,0.205,0.205,0.173,0.248,0.222,0.147,0.19,0.28,0.206,0.124,0.105,0.133,0.248,0.222,0.206,0.264,0.595,0.135,0.398,0.205,0.334,0.122,0.129,0.085,0.295,0.254,0.206,0.122,0.254,0.151,0.264,0.264,0.213,0.101,0.248,0.115,0.334,0.233,0.398,0.129,0.36,0.283,0.334,0.422,0.103,0.193,0.205,0.518,0.206,0.198,0.096,0.142,0.159,0.248,0.595,0.255,0.149,0.267,0.206,0.248,0.248,0.173,0.231,0.165,0.096,0.214,0.183,0.163,0.53,0.248,0.252,0.165,0.173,0.236,0.144,0.104,0.248,0.248,0.037,0.314,0.248,0.595,0.073,0.166,0.324,0.334,0.173,0.114,0.485,0.152,0.1,0.485,0.508,0.173,0.205,0.046,0.192,0.205,0.248,0.105,0.144,0.213,0.187,0.093,0.227,0.166,0.071,0.255,0.027,0.199,0.159,0.159,0.258,0.248,0.141,0.206,0.125,0.207,0.378,0.148,0.756,0.378,0.248,0.248,0.206,0.617,0.378,0.248,0.201,0.222,0.184,0.248,0.173,0.063,0.125,0.206,0.105,0.248,0.126,0.325,0.112,0.378,0.187,0.595,0.116,0.248,0.277,0.146,0.107,0.173,0.206,0.107,0.489,0.124,0.153,0.157,0.123,0.084,0.147,0.128,0.165,0.378,0.29,0.133,0.205,0.08,0.134,0.136,0.222,0.173,0.202,0.173,0.303,1.0,0.248,0.075,0.248,0.113,0.166,0.094,0.229,0.756,0.595,0.258,0.201,0.031,0.267,0.173,0.234,0.053,0.205,0.239,0.051,0.264,0.255,0.489,0.081,0.264,0.074,0.222,0.205,0.248,0.207,0.396,0.055,0.334,0.595,0.756,0.227,0.248,0.485,0.204,0.248,0.225,0.205,0.111,0.165,0.123,0.248,0.141,0.102,0.107,0.233,0.206,0.205,0.201,0.267,0.148,0.539,0.248,0.206,0.324,0.147,0.297,0.283,0.091,0.206,0.087
0.178,0.287,0.384,0.371,0.192,0.145,0.338,0.208,0.323,0.389,0.385,0.167,0.292,0.304,0.328,0.153,0.406,0.259,0.337,0.364,0.297,0.256,0.249,0.226,0.408,0.187,0.355,0.233,0.397,0.126,0.313,0.201,0.428,0.172,0.217,0.227,0.349,0.152,0.355,0.122,0.31,0.214,0.402,0.272,0.27,0.144,0.382,0.239,0.336,0.182,0.267,0.131,0.317,0.31,0.377,0.42,0.114,0.147,0.254,0.429,0.318,0.159,0.138,0.238,0.233,0.338,0.468,0.315,0.202,0.201,0.323,0.43,0.407,0.303,0.168,0.157,0.104,0.262,0.152,0.336,0.262,0.404,0.297,0.259,0.237,0.301,0.121,0.161,0.337,0.325,0.084,0.34,0.218,0.168,0.095,0.167,0.185,0.41,0.255,0.142,0.3,0.198,0.516,0.27,0.41,0.847,0.584,0.132,0.26,0.477,0.372,0.162,0.242,0.33,0.316,0.082,0.154,0.214,0.136,0.296,0.457,0.294,0.248,0.323,0.432,0.377,0.278,0.339,0.198,0.197,0.163,0.295,0.245,0.214,0.403,0.348,0.349,0.324,0.437,0.428,0.226,0.313,0.127,0.3,0.284,0.145,0.133,0.433,0.398,0.383,0.207,0.16,0.263,0.398,0.265,0.292,0.251,0.335,0.416,0.693,0.258,0.286,0.369,0.545,0.378,0.23,0.258,0.191,0.239,0.15,0.101,0.224,0.151,0.333,0.356,0.285,0.333,0.442,0.141,0.237,0.405,0.289,0.369,0.356,0.17,0.248,1.0,0.223,0.353,0.159,0.247,0.127,0.301,0.438,0.394,0.254,0.212,0.138,0.163,0.303,0.258,0.105,0.266,0.353,0.271,0.291,0.276,0.252,0.132,0.49,0.071,0.21,0.289,0.424,0.213,0.413,0.111,0.288,0.434,0.207,0.433,0.343,0.217,0.243,0.432,0.178,0.351,0.135,0.198,0.284,0.348,0.238,0.09,0.545,0.182,0.3,0.251,0.321,0.154,0.351,0.172,0.335,0.364,0.367,0.226,0.242,0.25,0.178,0.366,0.24
0.12,0.19,0.182,0.147,0.116,0.103,0.261,0.11,0.163,0.191,0.262,0.218,0.222,0.197,0.217,0.087,0.103,0.079,0.209,0.197,0.218,0.116,0.115,0.131,0.242,0.147,0.276,0.155,0.174,0.121,0.166,0.15,0.179,0.091,0.169,0.179,0.156,0.11,0.217,0.171,0.175,0.11,0.21,0.149,0.174,0.19,0.272,0.132,0.197,0.095,0.176,0.146,0.114,0.204,0.235,0.131,0.105,0.115,0.143,0.188,0.269,0.089,0.065,0.2,0.168,0.267,0.181,0.071,0.355,0.198,0.232,0.238,0.29,0.24,0.085,0.118,0.107,0.121,0.124,0.084,0.153,0.28,0.211,0.16,0.108,0.212,0.092,0.328,0.262,0.258,0.135,0.115,0.128,0.168,0.12,0.099,0.099,0.188,0.191,0.162,0.137,0.14,0.163,0.186,0.178,0.307,0.179,0.254,0.136,0.224,0.256,0.076,0.112,0.184,0.135,0.063,0.088,0.173,0.154,0.194,0.187,0.257,0.153,0.194,0.18,0.281,0.196,0.276,0.409,0.125,0.096,0.417,0.114,0.096,0.262,0.261,0.234,0.174,0.251,0.207,0.106,0.162,0.091,0.12,0.183,0.389,0.085,0.28,0.095,0.214,0.148,0.152,0.349,0.266,0.339,0.168,0.426,0.281,0.261,0.238,0.183,0.228,0.254,0.177,0.239,0.116,0.191,0.097,0.046,0.099,0.06,0.159,0.16,0.154,0.208,0.347,0.22,0.242,0.066,0.115,0.249,0.191,0.194,0.212,0.11,0.075,0.223,1.0,0.281,0.077,0.142,0.129,0.186,0.173,0.177,0.122,0.106,0.214,0.13,0.24,0.143,0.067,0.146,0.289,0.455,0.167,0.189,0.193,0.071,0.185,0.08,0.072,0.145,0.301,0.274,0.203,0.09,0.22,0.189,0.139,0.164,0.173,0.1,0.114,0.194,0.08,0.177,0.048,0.284,0.155,0.22,0.317,0.071,0.177,0.093,0.321,0.136,0.118,0.123,0.235,0.15,0.281,0.196,0.146,0.175,0.175,0.123,0.129,0.264,0.107
0.225,0.584,0.305,0.302,0.184,0.126,0.701,0.183,0.413,0.366,0.277,0.262,0.406,0.332,0.515,0.151,0.24,0.195,0.611,0.254,0.52,0.355,0.325,0.302,0.329,0.2,0.608,0.392,0.427,0.14,0.411,0.322,0.446,0.148,0.461,0.182,0.256,0.13,0.43,0.154,0.331,0.188,0.485,0.244,0.373,0.161,0.597,0.369,0.561,0.218,0.34,0.163,0.281,0.375,0.521,0.226,0.119,0.17,0.332,0.393,0.469,0.202,0.088,0.289,0.234,0.655,0.311,0.23,0.284,0.173,0.561,0.526,0.602,0.683,0.096,0.129,0.118,0.307,0.245,0.272,0.301,0.436,0.498,0.245,0.274,0.574,0.19,0.155,0.62,0.529,0.094,0.34,0.288,0.206,0.182,0.195,0.172,0.273,0.454,0.131,0.319,0.325,0.507,0.505,0.316,0.847,0.392,0.155,0.436,0.34,0.495,0.126,0.294,0.287,0.187,0.084,0.178,0.272,0.178,0.31,0.122,0.402,0.294,0.548,0.432,0.855,0.276,0.761,0.192,0.307,0.122,0.602,0.282,0.223,0.668,0.67,0.609,0.306,0.579,0.356,0.232,0.405,0.166,0.265,0.508,0.184,0.201,0.577,0.188,0.413,0.424,0.166,0.346,0.624,0.225,0.332,0.381,0.633,0.405,0.693,0.387,0.543,0.684,0.545,0.415,0.343,0.535,0.287,0.113,0.227,0.078,0.323,0.169,0.41,0.453,0.409,0.456,0.442,0.127,0.3,0.441,0.524,0.453,0.37,0.242,0.248,0.353,0.281,1.0,0.095,0.316,0.158,0.333,0.403,0.27,0.3,0.221,0.093,0.171,0.683,0.283,0.094,0.451,0.348,0.271,0.324,0.477,0.536,0.111,0.49,0.104,0.146,0.355,0.799,0.279,0.536,0.212,0.235,0.283,0.292,0.328,0.374,0.158,0.2,0.329,0.145,0.343,0.082,0.312,0.205,0.51,0.194,0.076,0.545,0.206,0.29,0.313,0.175,0.153,0.658,0.213,0.633,0.359,0.277,0.351,0.306,0.371,0.153,0.725,0.336
0.093,0.064,0.164,0.124,0.21,0.076,0.083,0.253,0.147,0.088,0.1,0.131,0.078,0.102,0.077,0.058,0.148,0.279,0.07,0.206,0.081,0.071,0.09,0.244,0.11,0.389,0.084,0.088,0.094,0.338,0.116,0.075,0.212,0.568,0.052,0.215,0.132,0.408,0.154,0.426,0.113,0.321,0.102,0.303,0.4,0.25,0.102,0.047,0.071,0.062,0.079,0.312,0.078,0.058,0.156,0.084,0.409,0.158,0.077,0.176,0.089,0.052,0.564,0.202,0.172,0.094,0.103,0.518,0.075,0.099,0.088,0.101,0.105,0.071,0.457,0.521,0.088,0.077,0.102,0.243,0.263,0.107,0.166,0.389,0.05,0.07,0.176,0.052,0.323,0.094,0.039,0.119,0.086,0.364,0.276,0.265,0.331,0.112,0.07,0.255,0.079,0.066,0.108,0.068,0.138,0.186,0.153,0.076,0.135,0.102,0.125,0.321,0.183,0.058,0.152,0.052,0.337,0.253,0.07,0.133,0.098,0.088,0.337,0.078,0.108,0.095,0.127,0.083,0.058,0.07,0.258,0.083,0.092,0.141,0.114,0.097,0.09,0.226,0.335,0.16,0.066,0.116,0.065,0.192,0.071,0.049,0.048,0.108,0.335,0.191,0.231,0.127,0.049,0.098,0.359,0.091,0.153,0.094,0.2,0.15,0.055,0.25,0.084,0.117,0.151,0.081,0.133,0.187,0.074,0.173,0.041,0.192,0.385,0.074,0.075,0.154,0.081,0.086,0.399,0.083,0.169,0.073,0.105,0.108,0.066,0.113,0.159,0.077,0.095,1.0,0.101,0.046,0.106,0.104,0.118,0.074,0.143,0.073,0.344,0.071,0.076,0.341,0.062,0.077,0.2,0.106,0.131,0.134,0.315,0.176,0.243,0.065,0.114,0.104,0.089,0.103,0.151,0.116,0.141,0.094,0.146,0.217,0.389,0.385,0.107,0.052,0.091,0.469,0.136,0.132,0.11,0.123,0.046,0.117,0.066,0.186,0.076,0.305,0.057,0.075,0.084,0.094,0.301,0.17,0.256,0.077,0.05,0.402,0.085,0.06
0.276,0.302,0.226,0.264,0.326,0.305,0.27,0.133,0.243,0.313,0.25,0.218,0.233,0.344,0.243,0.211,0.215,0.149,0.337,0.229,0.386,0.224,0.244,0.195,0.244,0.217,0.259,0.22,0.269,0.125,0.301,0.169,0.273,0.129,0.344,0.134,0.198,0.173,0.267,0.164,0.387,0.148,0.335,0.216,0.215,0.148,0.292,0.178,0.216,0.217,0.275,0.148,0.222,0.255,0.279,0.214,0.112,0.325,0.181,0.258,0.25,0.121,0.109,0.163,0.137,0.298,0.233,0.221,0.144,0.33,0.237,0.32,0.294,0.42,0.102,0.134,0.144,0.182,0.125,0.201,0.453,0.24,0.316,0.239,0.352,0.407,0.101,0.118,0.276,0.262,0.068,0.272,0.204,0.176,0.079,0.454,0.219,0.218,0.415,0.12,0.208,0.202,0.415,0.195,0.235,0.722,0.242,0.096,0.252,0.235,0.274,0.172,0.197,0.177,0.249,0.269,0.117,0.235,0.105,0.307,0.074,0.302,0.162,0.234,0.237,0.316,0.247,0.311,0.104,0.235,0.153,0.391,0.352,0.134,0.342,0.385,0.299,0.191,0.41,0.23,0.149,0.237,0.222,0.254,0.221,0.152,0.115,0.279,0.376,0.334,0.273,0.241,0.239,0.296,0.155,0.194,0.212,0.282,0.303,0.438,0.202,0.229,0.29,0.579,0.32,0.179,0.224,0.179,0.188,0.156,0.299,0.18,0.17,0.231,0.242,0.2,0.3,0.416,0.1,0.268,0.383,0.224,0.305,0.232,0.162,0.166,0.247,0.142,0.316,0.101,1.0,0.152,0.244,0.251,0.222,0.204,0.259,0.079,0.156,0.42,0.186,0.082,0.225,0.266,0.146,0.247,0.384,0.2,0.146,0.316,0.079,0.294,0.172,0.396,0.222,0.275,0.103,0.267,0.225,0.373,0.204,0.252,0.152,0.173,0.191,0.214,0.201,0.107,0.247,0.136,0.251,0.2,0.084,0.579,0.223,0.193,0.205,0.158,0.139,0.298,0.142,0.282,0.308,0.258,0.196,0.176,0.178,0.148,0.425,0.164
0.166,0.112,0.111,0.115,0.17,0.116,0.132,0.079,0.095,0.135,0.172,0.09,0.14,0.213,0.15,0.14,0.084,0.085,0.131,0.147,0.14,0.094,0.124,0.085,0.131,0.136,0.134,0.172,0.147,0.056,0.121,0.173,0.099,0.058,0.09,0.059,0.076,0.061,0.105,0.073,0.11,0.063,0.128,0.113,0.12,0.076,0.132,0.104,0.096,0.182,0.127,0.065,0.127,0.133,0.146,0.11,0.051,0.217,0.213,0.102,0.104,0.039,0.053,0.072,0.096,0.224,0.143,0.176,0.112,0.123,0.104,0.151,0.139,0.118,0.062,0.058,0.08,0.084,0.096,0.165,0.12,0.123,0.128,0.088,0.168,0.117,0.084,0.128,0.146,0.137,0.066,0.126,0.146,0.094,0.035,0.154,0.146,0.096,0.174,0.061,0.1,0.077,0.119,0.087,0.112,0.129,0.22,0.048,0.141,0.127,0.136,0.082,0.091,0.124,0.107,0.123,0.083,0.104,0.079,0.146,0.076,0.117,0.071,0.102,0.12,0.162,0.158,0.137,0.129,0.254,0.067,0.098,0.089,0.103,0.147,0.163,0.122,0.143,0.126,0.144,0.12,0.121,0.17,0.108,0.108,0.106,0.113,0.123,0.143,0.111,0.09,0.089,0.122,0.148,0.178,0.105,0.221,0.151,0.123,0.107,0.109,0.109,0.132,0.126,0.114,0.087,0.103,0.107,0.083,0.081,0.132,0.146,0.075,0.086,0.104,0.102,0.211,0.1,0.106,0.191,0.126,0.099,0.137,0.123,0.111,0.094,0.127,0.129,0.158,0.046,0.152,1.0,0.083,0.128,0.116,0.148,0.121,0.085,0.058,0.118,0.074,0.03,0.098,0.159,0.041,0.146,0.178,0.085,0.068,0.183,0.039,0.152,0.129,0.151,0.199,0.116,0.038,0.093,0.116,0.171,0.114,0.112,0.074,0.065,0.11,0.183,0.134,0.058,0.104,0.124,0.11,0.148,0.034,0.126,0.175,0.121,0.247,0.075,0.058,0.115,0.157,0.151,0.096,0.109,0.082,0.096,0.133,0.045,0.13,0.09
0.391,0.24,0.259,0.405,0.151,0.254,0.316,0.14,0.314,0.247,0.238,0.27,0.2,0.2,0.251,0.329,0.316,0.144,0.27,0.227,0.363,0.213,0.153,0.191,0.245,0.208,0.335,0.238,0.323,0.155,0.434,0.185,0.353,0.14,0.194,0.16,0.631,0.249,0.325,0.161,0.321,0.149,0.328,0.247,0.238,0.18,0.336,0.214,0.391,0.237,0.232,0.185,0.327,0.241,0.387,0.327,0.145,0.145,0.198,0.402,0.261,0.237,0.093,0.202,0.165,0.309,0.325,0.195,0.173,0.412,0.273,0.423,0.325,0.28,0.151,0.166,0.138,0.377,0.15,0.187,0.265,0.291,0.301,0.284,0.238,0.306,0.121,0.101,0.301,0.287,0.088,0.308,0.215,0.215,0.102,0.197,0.176,0.314,0.257,0.147,0.359,0.25,0.409,0.373,0.299,0.645,0.315,0.112,0.244,0.213,0.322,0.112,0.173,0.232,0.229,0.12,0.127,0.148,0.098,0.201,0.094,0.307,0.21,0.304,0.357,0.333,0.231,0.336,0.12,0.18,0.223,0.281,0.228,0.244,0.35,0.33,0.299,0.216,0.482,0.305,0.157,0.337,0.152,0.326,0.276,0.105,0.116,0.321,0.169,0.338,0.162,0.449,0.171,0.429,0.169,0.302,0.187,0.307,0.298,0.63,0.147,0.266,0.338,0.376,0.379,0.169,0.227,0.147,0.136,0.147,0.188,0.129,0.211,0.402,0.34,0.206,0.242,0.278,0.078,0.168,0.289,0.283,0.295,0.23,0.199,0.229,0.301,0.186,0.333,0.106,0.244,0.083,1.0,0.375,0.314,0.224,0.166,0.088,0.221,0.28,0.284,0.09,0.285,0.257,0.198,0.329,0.266,0.286,0.103,0.418,0.099,0.261,0.22,0.403,0.175,0.369,0.133,0.349,0.269,0.282,0.235,0.31,0.233,0.16,0.269,0.246,0.276,0.07,0.288,0.139,0.304,0.2,0.127,0.376,0.33,0.199,0.191,0.163,0.266,0.317,0.119,0.307,0.299,0.316,0.176,0.145,0.23,0.174,0.331,0.135
0.41,0.319,0.339,0.501,0.199,0.207,0.364,0.192,0.374,0.32,0.296,0.189,0.421,0.312,0.306,0.246,0.325,0.177,0.35,0.325,0.351,0.275,0.182,0.237,0.316,0.184,0.361,0.279,0.682,0.119,0.532,0.281,0.45,0.14,0.242,0.125,0.338,0.218,0.344,0.125,0.411,0.178,0.429,0.315,0.28,0.134,0.406,0.248,0.464,0.256,0.346,0.131,0.383,0.365,0.492,0.47,0.104,0.17,0.281,0.506,0.335,0.31,0.086,0.243,0.204,0.379,0.448,0.33,0.199,0.218,0.354,0.464,0.399,0.346,0.152,0.14,0.128,0.291,0.201,0.272,0.339,0.361,0.368,0.249,0.299,0.373,0.155,0.119,0.37,0.354,0.064,0.378,0.281,0.295,0.105,0.162,0.235,0.431,0.282,0.113,0.455,0.24,0.507,0.414,0.439,0.847,1.0,0.095,0.325,0.415,0.364,0.112,0.231,0.433,0.267,0.115,0.165,0.201,0.14,0.268,0.122,0.342,0.238,0.341,0.477,0.397,0.247,0.398,0.229,0.221,0.238,0.33,0.395,0.316,0.421,0.402,0.361,0.341,0.55,0.444,0.197,0.332,0.171,0.318,0.315,0.109,0.142,0.391,0.188,0.409,0.23,0.265,0.237,0.53,0.201,0.432,0.308,0.373,0.413,0.693,0.209,0.295,0.403,1.0,0.487,0.229,0.28,0.195,0.143,0.15,0.133,0.21,0.153,0.452,0.396,0.309,0.324,0.7,0.13,0.237,0.386,0.321,0.332,0.288,0.226,0.756,0.438,0.173,0.403,0.104,0.251,0.128,0.375,1.0,0.4,0.302,0.198,0.093,0.197,0.346,0.319,0.094,0.351,0.377,0.292,0.411,0.311,0.378,0.092,0.49,0.077,0.262,0.431,0.476,0.211,0.487,0.114,0.31,0.454,0.41,0.313,0.35,0.254,0.212,0.327,0.234,0.432,0.081,0.225,0.18,0.374,0.206,0.097,0.744,0.25,0.275,0.275,0.206,0.252,0.417,0.252,0.373,0.345,0.371,0.236,0.315,0.301,0.153,0.405,0.194
0.243,0.218,0.333,0.42,0.167,0.192,0.238,0.168,0.309,0.37,0.401,0.178,0.214,0.297,0.217,0.191,0.306,0.143,0.258,0.395,0.238,0.25,0.19,0.176,0.374,0.163,0.271,0.202,0.335,0.098,0.332,0.165,0.286,0.125,0.152,0.106,0.321,0.156,0.265,0.107,0.303,0.156,0.347,0.243,0.232,0.126,0.281,0.248,0.262,0.196,0.269,0.109,0.343,0.361,0.316,0.497,0.09,0.132,0.227,0.365,0.239,0.139,0.082,0.222,0.164,0.265,0.542,0.256,0.179,0.254,0.249,0.396,0.274,0.218,0.172,0.134,0.109,0.287,0.123,0.249,0.237,0.317,0.247,0.242,0.24,0.236,0.097,0.141,0.262,0.261,0.068,1.0,0.195,0.194,0.088,0.15,0.206,0.316,0.21,0.108,0.336,0.223,1.0,0.266,0.428,0.645,0.402,0.088,0.245,0.31,0.275,0.101,0.22,0.297,0.283,0.094,0.129,0.157,0.135,0.228,0.114,0.314,0.204,0.237,0.422,0.282,0.3,0.246,0.152,0.196,0.189,0.214,0.24,0.187,0.286,0.276,0.268,0.331,0.352,0.349,0.15,0.312,0.16,0.278,0.236,0.117,0.186,0.262,0.246,0.356,0.162,0.225,0.214,0.33,0.212,0.336,0.222,0.264,0.349,0.63,0.195,0.198,0.267,0.376,0.401,0.176,0.172,0.144,0.152,0.106,0.121,0.19,0.133,0.296,0.276,0.201,0.318,0.334,0.096,0.231,0.35,0.212,0.253,0.268,0.235,0.595,0.394,0.177,0.27,0.118,0.222,0.116,0.314,0.4,1.0,0.329,0.162,0.144,0.148,0.218,0.282,0.074,0.251,0.379,0.382,0.257,0.219,0.211,0.084,0.418,0.062,0.21,0.219,0.298,0.18,0.351,0.077,0.413,0.463,0.239,0.327,0.292,0.251,0.197,0.328,0.252,0.333,0.076,0.201,0.202,0.272,0.232,0.118,0.376,0.208,0.257,0.229,0.239,0.177,0.222,0.187,0.264,0.312,0.331,0.183,0.219,0.303,0.149,0.249,0.187
0.168,0.262,0.211,0.261,0.168,0.162,0.252,0.19,0.202,0.277,0.261,0.149,0.253,0.253,0.252,0.194,0.187,0.149,0.341,0.208,0.249,0.305,0.271,0.169,0.254,0.135,0.266,0.239,0.298,0.088,0.241,0.257,0.225,0.133,0.149,0.093,0.184,0.164,0.331,0.089,0.214,0.18,0.267,0.207,0.36,0.109,0.405,0.309,0.215,0.214,0.378,0.101,0.463,0.365,0.263,0.266,0.077,0.153,0.258,0.257,0.196,0.114,0.082,0.308,0.147,0.282,0.393,0.192,0.163,0.138,0.216,0.435,0.262,0.243,0.196,0.094,0.093,0.328,0.157,0.149,0.169,0.238,0.277,0.22,0.171,0.282,0.126,0.109,0.266,0.244,0.046,0.801,0.249,0.153,0.06,0.175,0.119,0.238,0.189,0.085,0.31,0.159,1.0,0.344,0.269,0.348,0.397,0.064,0.248,0.277,0.244,0.136,0.21,0.306,0.154,0.082,0.123,0.163,0.108,0.214,0.058,0.255,0.201,0.216,0.315,0.323,0.215,0.26,0.143,0.222,0.268,0.218,0.189,0.155,0.294,0.286,0.266,0.223,0.29,0.311,0.164,0.536,0.188,0.196,0.22,0.112,0.315,0.235,0.259,0.288,0.176,0.15,0.144,0.291,0.191,0.212,0.175,0.267,0.217,0.385,0.211,0.196,0.284,0.331,0.248,0.191,0.183,0.317,0.149,0.099,0.081,0.207,0.118,0.218,0.266,0.196,0.292,0.238,0.114,0.303,0.294,0.216,0.232,0.197,0.358,0.258,0.254,0.122,0.3,0.074,0.204,0.148,0.224,0.302,0.329,1.0,0.187,0.048,0.112,0.243,0.246,0.051,0.311,0.259,0.113,0.225,0.209,0.164,0.11,0.313,0.058,0.155,0.236,0.321,0.177,0.26,0.173,0.275,0.242,0.236,0.248,0.258,0.334,0.214,0.211,0.254,0.266,0.09,0.173,0.173,0.245,0.133,0.07,0.331,0.197,0.17,0.25,0.268,0.131,0.226,0.169,0.267,0.18,0.192,0.179,0.175,0.38,0.083,0.267,0.261
0.185,0.172,0.17,0.157,0.327,0.144,0.211,0.163,0.178,0.177,0.231,0.201,0.182,0.263,0.21,0.118,0.155,0.187,0.174,0.211,0.211,0.184,0.414,0.183,0.218,0.204,0.2,0.301,0.211,0.216,0.213,0.329,0.194,0.179,0.159,0.139,0.18,0.178,0.21,0.138,0.266,0.165,0.232,0.283,0.21,0.198,0.23,0.102,0.173,0.182,0.172,0.201,0.18,0.144,0.219,0.141,0.206,0.292,0.243,0.194,0.172,0.078,0.186,0.155,0.122,0.253,0.202,0.22,0.167,0.144,0.173,0.214,0.233,0.198,0.149,0.157,0.119,0.193,0.244,0.22,0.221,0.189,0.209,0.208,0.122,0.184,0.211,0.095,0.262,0.19,0.06,0.298,0.241,0.22,0.126,0.269,0.196,0.173,0.181,0.168,0.15,0.105,0.172,0.161,0.171,0.32,0.355,0.098,0.155,0.168,0.2,0.27,0.218,0.146,0.143,0.09,0.161,0.167,0.094,0.337,0.064,0.167,0.153,0.19,0.187,0.221,0.146,0.224,0.113,0.224,0.146,0.183,0.189,0.143,0.314,0.215,0.2,0.191,0.246,0.191,0.164,0.19,0.146,0.162,0.185,0.11,0.164,0.208,1.0,0.26,0.202,0.193,0.142,0.212,0.204,0.146,0.245,0.209,0.241,0.253,0.109,0.212,0.213,0.186,0.273,0.163,0.185,0.225,0.151,0.139,0.084,0.126,0.22,0.147,0.164,0.296,0.221,0.145,0.186,0.307,0.179,0.176,0.182,0.198,0.164,0.201,0.212,0.106,0.221,0.143,0.259,0.121,0.166,0.198,0.162,0.187,1.0,0.059,0.196,0.198,0.113,0.203,0.122,0.162,0.093,0.272,0.31,0.2,0.231,0.467,0.092,0.154,0.176,0.258,0.208,0.184,0.107,0.149,0.186,0.237,0.175,0.227,0.156,0.177,0.163,0.106,0.182,0.213,0.204,0.188,0.183,0.149,0.061,0.186,0.173,0.16,0.226,0.177,0.069,0.207,0.152,0.209,0.209,0.2,0.179,0.114,0.124,0.232,0.223,0.147
0.055,0.045,0.333,0.12,0.062,0.057,0.073,0.309,0.136,0.376,0.157,0.128,0.202,0.156,0.062,0.045,0.098,0.051,0.062,0.614,0.073,0.032,0.041,0.121,1.0,0.112,0.082,0.081,0.073,0.076,0.078,0.073,0.098,0.079,0.038,0.052,0.088,0.092,0.128,0.079,0.093,0.062,0.223,0.081,0.079,0.169,0.093,0.039,0.047,0.051,0.147,0.084,0.069,0.256,0.093,0.118,0.064,0.071,0.073,0.098,0.333,0.036,0.034,0.056,0.492,0.093,0.175,0.035,0.235,0.336,0.073,0.093,0.093,0.058,0.168,0.112,0.07,0.032,0.048,0.032,0.092,0.119,0.073,0.112,0.033,0.058,0.037,0.261,0.093,0.333,0.753,0.051,0.076,0.112,0.038,0.06,0.153,0.217,0.058,0.647,0.06,0.333,0.032,0.056,0.333,0.058,0.073,0.041,0.041,0.085,0.098,0.041,0.039,0.117,0.138,0.031,0.049,0.043,0.036,0.376,0.023,0.052,0.058,0.053,0.085,0.093,0.132,0.073,0.22,0.068,0.062,0.064,0.044,0.036,0.093,0.093,0.073,0.393,0.112,0.221,0.059,0.053,0.055,0.066,0.058,0.215,0.039,0.164,0.041,0.333,0.037,0.12,0.219,0.093,0.103,0.058,0.156,0.333,0.333,0.049,0.034,0.064,0.073,0.034,0.45,0.037,0.047,0.045,0.031,0.059,0.032,0.175,0.112,0.039,0.058,0.064,0.204,0.02,0.031,0.046,0.333,0.058,0.052,0.331,0.054,0.031,0.138,0.214,0.093,0.073,0.079,0.085,0.088,0.093,0.144,0.048,0.059,1.0,0.112,0.058,0.039,0.027,0.039,0.233,0.041,0.092,0.058,0.069,0.034,0.081,0.046,0.036,0.073,0.093,0.068,0.093,0.036,0.149,0.273,0.07,0.175,0.333,0.079,0.072,0.093,0.038,0.141,0.028,0.128,0.149,0.093,0.374,0.027,0.034,0.051,0.189,0.073,0.163,0.039,0.047,0.247,0.333,0.155,0.138,1.0,0.085,0.044,0.048,0.073,0.027
0.302,0.127,0.255,0.319,0.339,0.133,0.152,0.262,0.32,0.137,0.134,0.299,0.126,0.158,0.197,0.249,0.197,0.208,0.121,0.179,0.147,0.273,0.121,0.325,0.144,0.445,0.146,0.153,0.157,0.408,0.315,0.127,0.247,0.413,0.102,0.257,0.22,0.401,0.199,0.285,0.295,0.254,0.151,0.227,0.278,0.296,0.173,0.088,0.15,0.232,0.139,0.432,0.138,0.104,0.274,0.151,0.391,0.198,0.135,0.271,0.145,0.283,0.309,0.163,0.214,0.172,0.179,0.489,0.127,0.28,0.145,0.18,0.176,0.133,0.262,0.37,0.126,0.171,0.326,0.447,0.29,0.16,0.326,0.376,0.101,0.208,0.172,0.08,0.232,0.172,0.081,0.177,0.129,0.418,0.225,0.317,0.304,0.238,0.141,0.371,0.297,0.119,0.14,0.197,0.171,0.226,0.219,0.081,0.176,0.118,0.289,0.208,0.175,0.105,0.16,0.082,0.24,0.254,0.076,0.155,0.082,0.126,0.245,0.191,0.138,0.171,0.17,0.158,0.092,0.125,0.235,0.147,0.199,0.364,0.174,0.177,0.149,0.273,0.467,0.211,0.1,0.141,0.108,0.377,0.286,0.085,0.087,0.15,0.133,0.231,0.219,0.359,0.094,0.205,0.291,0.3,0.159,0.175,0.264,0.174,0.081,0.305,0.153,0.122,0.267,0.175,0.193,0.283,0.063,0.408,0.093,0.137,0.524,0.147,0.146,0.171,0.141,0.096,0.223,0.102,0.187,0.372,0.136,0.218,0.111,0.267,0.163,0.13,0.171,0.344,0.156,0.058,0.221,0.197,0.148,0.112,0.196,0.112,1.0,0.133,0.116,0.418,0.106,0.125,0.162,0.197,0.172,0.21,0.204,0.26,0.193,0.105,0.129,0.186,0.122,0.183,0.328,0.171,0.156,0.167,0.135,0.211,0.29,0.277,0.13,0.109,0.128,0.254,0.224,0.233,0.381,0.177,0.058,0.122,0.224,0.141,0.133,0.2,0.331,0.133,0.133,0.175,0.364,0.304,0.256,0.134,0.095,0.505,0.156,0.062
0.18,0.537,0.256,0.253,0.137,0.105,0.615,0.143,0.319,0.314,0.227,0.229,0.371,0.294,0.442,0.106,0.185,0.149,0.611,0.212,0.558,0.284,0.294,0.246,0.282,0.167,0.523,0.368,0.362,0.12,0.353,0.266,0.38,0.112,0.557,0.18,0.196,0.103,0.36,0.129,0.294,0.133,0.433,0.218,0.324,0.133,0.518,0.339,0.418,0.185,0.304,0.149,0.228,0.35,0.497,0.173,0.105,0.139,0.297,0.343,0.48,0.16,0.071,0.242,0.183,0.623,0.24,0.195,0.214,0.131,0.453,0.492,0.562,1.0,0.071,0.108,0.104,0.264,0.176,0.187,0.3,0.383,0.54,0.226,0.297,0.818,0.133,0.117,0.6,0.501,0.065,0.264,0.278,0.168,0.115,0.156,0.152,0.252,0.383,0.112,0.234,0.242,0.415,0.384,0.257,1.0,0.315,0.147,0.341,0.299,0.463,0.119,0.284,0.22,0.172,0.063,0.148,0.245,0.155,0.297,0.094,0.4,0.238,0.428,0.322,0.683,0.264,0.764,0.149,0.276,0.094,0.818,0.337,0.16,0.592,0.591,0.572,0.194,0.615,0.298,0.204,0.345,0.129,0.202,0.416,0.137,0.157,0.537,0.169,0.387,0.501,0.139,0.292,0.604,0.189,0.271,0.317,0.608,0.338,0.514,0.434,0.476,0.593,0.579,0.401,0.251,0.533,0.249,0.095,0.166,0.06,0.329,0.162,0.309,0.477,0.236,0.435,0.416,0.091,0.245,0.366,0.43,0.345,0.357,0.215,0.173,0.303,0.24,0.683,0.071,0.42,0.118,0.28,0.346,0.218,0.243,0.198,0.058,0.133,1.0,0.22,0.061,0.358,0.305,0.198,0.302,0.407,0.382,0.098,0.418,0.081,0.119,0.255,0.751,0.258,0.399,0.164,0.197,0.232,0.235,0.245,0.353,0.14,0.153,0.267,0.105,0.261,0.07,0.277,0.172,0.457,0.146,0.062,0.579,0.167,0.262,0.28,0.135,0.116,0.53,0.174,0.608,0.277,0.22,0.32,0.266,0.295,0.111,0.87,0.268
0.194,0.221,0.192,0.328,0.098,0.409,0.218,0.114,0.23,0.229,0.185,0.155,0.241,0.15,0.186,0.18,0.238,0.102,0.279,0.197,0.189,0.255,0.172,0.169,0.197,0.111,0.227,0.141,0.334,0.081,0.29,0.151,0.317,0.088,0.125,0.168,0.194,0.142,0.21,0.099,0.227,0.103,0.245,0.158,0.152,0.096,0.249,0.346,0.338,0.158,0.345,0.098,0.342,0.273,0.357,0.326,0.077,0.101,0.12,0.318,0.23,0.225,0.07,0.182,0.168,0.223,0.316,0.108,0.14,0.194,0.187,0.415,0.259,0.22,0.129,0.099,0.104,0.367,0.103,0.101,0.158,0.257,0.213,0.223,0.257,0.23,0.08,0.069,0.22,0.196,0.044,0.257,0.169,0.125,0.065,0.14,0.15,0.283,0.16,0.08,0.348,0.264,0.649,0.406,0.246,0.348,0.281,0.186,0.321,0.243,0.287,0.089,0.151,0.216,0.233,0.119,0.079,0.162,0.144,0.215,0.234,0.326,0.163,0.214,0.278,0.256,0.183,0.227,0.117,0.113,0.204,0.221,0.184,0.248,0.243,0.291,0.253,0.188,0.369,0.236,0.126,0.231,0.111,0.244,0.188,0.076,0.064,0.257,0.119,0.276,0.153,0.176,0.113,0.423,0.127,0.265,0.222,0.217,0.216,0.385,0.198,0.169,0.273,0.532,0.283,0.252,0.16,0.117,0.137,0.096,0.188,0.119,0.113,0.479,0.302,0.153,0.207,0.377,0.079,0.139,0.242,0.195,0.239,0.184,0.24,0.234,0.258,0.143,0.283,0.076,0.186,0.074,0.284,0.319,0.282,0.246,0.113,0.039,0.116,0.22,1.0,0.038,0.58,0.239,0.133,0.224,0.171,0.16,0.075,0.226,0.051,0.289,0.169,0.289,0.176,0.275,0.079,0.393,0.238,0.133,0.182,0.218,0.196,0.111,0.181,0.249,0.25,0.063,0.174,0.14,0.224,0.112,0.276,0.532,0.15,0.145,0.117,0.161,0.279,0.268,0.076,0.217,0.183,0.242,0.152,0.196,0.252,0.07,0.239,0.15
0.072,0.049,0.332,0.12,0.336,0.06,0.075,0.322,0.125,0.062,0.083,0.127,0.075,0.306,0.061,0.048,0.177,0.177,0.065,0.587,0.075,0.146,0.039,0.494,0.094,0.279,0.075,0.083,0.075,0.466,0.088,0.075,0.159,0.341,0.042,0.145,0.309,0.297,0.127,0.264,0.333,0.219,0.083,0.177,0.264,0.693,0.094,0.041,0.05,0.054,0.074,0.368,0.072,0.046,0.18,0.075,0.581,0.253,0.075,0.118,0.075,0.041,0.297,0.127,0.14,0.094,0.099,0.2,0.063,0.09,0.075,0.094,0.094,0.061,0.302,0.279,0.072,0.306,0.35,0.101,0.218,0.094,0.367,0.279,0.035,0.061,0.273,0.04,0.237,0.094,0.032,0.054,0.078,0.292,0.344,0.375,0.366,0.082,0.061,0.341,0.063,0.055,0.035,0.059,0.154,0.061,0.075,0.039,0.101,0.075,0.099,0.177,0.273,0.054,0.25,0.032,0.177,0.187,0.034,0.195,0.022,0.049,0.201,0.056,0.075,0.094,0.127,0.075,0.052,0.07,0.162,0.067,0.072,0.126,0.094,0.094,0.075,0.672,0.279,0.154,0.062,0.124,0.058,0.234,0.061,0.036,0.043,0.075,0.039,0.953,0.55,0.333,0.037,0.094,0.581,0.064,0.27,0.094,0.21,0.052,0.037,0.175,0.075,0.037,0.263,0.037,0.149,0.237,0.029,0.162,0.036,0.139,0.757,0.042,0.061,0.236,0.075,0.024,0.341,0.049,0.495,0.061,0.052,0.061,0.057,0.053,0.105,0.067,0.094,0.341,0.082,0.03,0.09,0.094,0.074,0.051,0.203,0.027,0.418,0.061,0.038,1.0,0.041,0.061,0.045,0.094,0.195,0.109,0.177,0.083,0.146,0.039,0.099,0.094,0.07,0.094,0.149,0.09,0.25,0.078,0.114,0.173,0.264,0.297,0.094,0.041,0.075,0.261,0.127,0.3,0.094,0.127,0.026,0.037,0.054,0.132,0.075,0.297,0.042,0.05,0.078,0.094,0.341,0.381,0.63,0.058,0.046,0.477,0.075,0.03
0.174,0.357,0.208,0.338,0.115,0.183,0.34,0.109,0.264,0.257,0.189,0.157,0.336,0.189,0.271,0.177,0.249,0.113,0.454,0.193,0.275,0.352,0.267,0.232,0.236,0.105,0.346,0.192,0.405,0.074,0.347,0.229,0.367,0.089,0.189,0.108,0.165,0.121,0.229,0.079,0.252,0.096,0.293,0.151,0.201,0.091,0.318,0.507,0.399,0.173,0.445,0.088,0.335,0.304,0.43,0.307,0.068,0.119,0.162,0.336,0.23,0.232,0.058,0.212,0.16,0.348,0.336,0.113,0.125,0.168,0.266,0.492,0.319,0.358,0.089,0.078,0.091,0.462,0.144,0.117,0.172,0.256,0.283,0.22,0.316,0.329,0.111,0.076,0.338,0.289,0.041,0.182,0.212,0.128,0.073,0.135,0.164,0.273,0.242,0.073,0.361,0.352,0.649,0.508,0.254,0.383,0.299,0.09,0.455,0.28,0.283,0.078,0.205,0.239,0.17,0.105,0.095,0.183,0.11,0.287,0.064,0.35,0.178,0.3,0.3,0.4,0.179,0.352,0.123,0.157,0.17,0.321,0.212,0.244,0.342,0.459,0.381,0.195,0.416,0.255,0.141,0.284,0.105,0.28,0.277,0.084,0.089,0.3,0.095,0.306,0.273,0.147,0.16,0.525,0.133,0.233,0.285,0.338,0.22,0.424,0.246,0.252,0.358,0.612,0.282,0.354,0.249,0.185,0.116,0.122,0.142,0.198,0.099,0.515,0.284,0.18,0.312,0.46,0.097,0.195,0.298,0.287,0.258,0.229,0.146,0.205,0.266,0.146,0.451,0.062,0.225,0.098,0.285,0.351,0.251,0.311,0.122,0.039,0.106,0.358,0.58,0.041,1.0,0.27,0.127,0.237,0.256,0.226,0.065,0.236,0.052,0.248,0.225,0.413,0.152,0.325,0.112,0.349,0.232,0.183,0.183,0.246,0.169,0.115,0.187,0.217,0.29,0.054,0.181,0.178,0.305,0.11,0.133,0.612,0.16,0.158,0.156,0.118,0.213,0.368,0.106,0.338,0.187,0.251,0.248,0.262,0.284,0.063,0.36,0.246
0.195,0.269,0.417,0.32,0.199,0.145,0.29,0.172,0.241,0.385,0.415,0.161,0.378,0.339,0.246,0.176,0.23,0.125,0.319,0.392,0.311,0.203,0.173,0.196,0.458,0.17,0.294,0.231,0.35,0.092,0.333,0.216,0.319,0.107,0.197,0.111,0.289,0.117,0.285,0.107,0.3,0.116,0.46,0.213,0.249,0.261,0.338,0.213,0.255,0.201,0.397,0.103,0.283,0.447,0.346,0.328,0.078,0.17,0.208,0.346,0.398,0.115,0.059,0.193,0.219,0.349,0.474,0.195,0.19,0.291,0.274,0.366,0.35,0.305,0.163,0.113,0.093,0.224,0.146,0.265,0.211,0.355,0.316,0.193,0.28,0.308,0.109,0.199,0.322,0.431,0.15,0.482,0.205,0.147,0.067,0.147,0.217,0.306,0.243,0.138,0.279,0.286,0.532,0.237,0.506,0.791,0.357,0.086,0.27,0.325,0.321,0.088,0.221,0.252,0.245,0.082,0.128,0.186,0.098,0.329,0.167,0.351,0.185,0.242,0.375,0.348,0.302,0.333,0.198,0.223,0.154,0.306,0.277,0.176,0.347,0.384,0.295,0.32,0.391,0.423,0.164,0.307,0.152,0.255,0.268,0.157,0.18,0.453,0.169,0.56,0.22,0.162,0.308,0.362,0.226,0.241,0.43,0.394,0.453,0.514,0.238,0.233,0.308,0.744,0.402,0.19,0.23,0.16,0.095,0.137,0.101,0.335,0.127,0.286,0.334,0.191,0.472,0.523,0.113,0.287,0.464,0.241,0.282,0.357,0.195,0.239,0.353,0.289,0.348,0.077,0.266,0.159,0.257,0.377,0.379,0.259,0.162,0.233,0.125,0.305,0.239,0.061,0.27,1.0,0.331,0.239,0.241,0.181,0.069,0.418,0.058,0.187,0.219,0.385,0.214,0.325,0.08,0.296,0.394,0.216,0.308,0.37,0.154,0.16,0.31,0.188,0.388,0.056,0.194,0.209,0.315,0.261,0.059,0.744,0.207,0.466,0.22,0.206,0.122,0.324,0.244,0.394,0.29,0.314,0.231,0.233,0.23,0.111,0.335,0.158
0.118,0.258,0.271,0.305,0.088,0.088,0.312,0.168,0.178,0.256,0.164,0.192,0.139,0.322,0.198,0.074,0.146,0.078,0.203,0.455,0.23,0.113,0.097,0.108,0.271,0.162,0.369,0.122,0.154,0.112,0.154,0.107,0.198,0.119,0.154,0.177,0.311,0.143,0.23,0.166,0.271,0.321,0.312,0.256,0.203,0.136,0.271,0.127,0.172,0.077,0.121,0.127,0.211,0.203,0.271,0.292,0.103,0.103,0.107,0.273,0.273,0.068,0.059,0.293,0.145,0.271,0.157,0.048,0.257,0.136,0.315,0.271,0.271,0.198,0.065,0.175,0.101,0.113,0.08,0.054,0.143,0.271,0.23,0.162,0.096,0.198,0.065,0.257,0.271,0.271,0.051,0.078,0.113,0.162,0.305,0.094,0.121,0.198,0.198,0.109,0.144,0.099,0.113,0.144,0.271,0.198,0.107,0.264,0.136,0.177,0.271,0.059,0.121,0.211,0.198,0.052,0.073,0.205,0.261,0.172,0.124,0.231,0.178,0.178,0.369,0.271,0.394,0.23,0.421,0.098,0.098,0.455,0.116,0.068,0.271,0.271,0.23,0.211,0.271,0.312,0.093,0.165,0.077,0.136,0.198,0.243,0.063,0.23,0.059,0.271,0.137,0.177,0.231,0.271,0.455,0.198,0.331,0.271,0.299,0.161,0.156,0.198,0.23,0.121,0.271,0.101,0.172,0.069,0.041,0.083,0.054,0.107,0.162,0.154,0.198,0.455,0.2,0.16,0.046,0.114,1.0,0.198,0.369,0.198,0.084,0.051,0.271,0.455,0.271,0.2,0.146,0.041,0.198,0.292,0.382,0.113,0.093,0.041,0.162,0.198,0.133,0.045,0.127,0.331,1.0,0.143,0.198,0.14,0.059,0.122,0.068,0.057,0.292,0.271,0.264,0.313,0.068,0.15,0.311,0.102,0.303,0.271,0.119,0.406,0.312,0.06,0.369,0.039,0.283,0.058,0.271,0.218,0.058,0.121,0.077,0.299,0.107,0.372,0.233,0.172,0.07,0.271,0.312,0.271,0.156,0.217,0.203,0.08,0.23,0.203
0.28,0.251,0.236,0.291,0.246,0.211,0.317,0.18,0.256,0.261,0.378,0.302,0.375,0.336,0.286,0.212,0.284,0.166,0.252,0.263,0.296,0.23,0.179,0.184,0.229,0.246,0.294,0.616,0.445,0.17,0.321,0.346,0.332,0.147,0.239,0.163,0.251,0.211,0.281,0.176,0.273,0.158,0.353,0.407,0.245,0.241,0.301,0.196,0.398,0.27,0.21,0.208,0.337,0.212,0.413,0.349,0.16,0.213,0.587,0.349,0.249,0.258,0.11,0.193,0.156,0.35,0.337,0.273,0.334,0.258,0.258,0.391,0.307,0.302,0.124,0.166,0.147,0.252,0.211,0.296,0.281,0.275,0.292,0.252,0.232,0.296,0.185,0.123,0.305,0.285,0.102,0.379,0.349,0.244,0.103,0.248,0.146,0.299,0.249,0.16,0.336,0.224,0.226,0.293,0.273,0.418,0.771,0.105,0.246,0.296,0.294,0.159,0.218,0.335,0.19,0.126,0.197,0.205,0.117,0.224,0.064,0.319,0.192,0.278,0.297,0.324,0.213,0.334,0.242,0.309,0.228,0.287,0.222,0.286,0.329,0.313,0.293,0.217,0.401,0.305,0.245,0.237,0.228,0.228,0.281,0.113,0.204,0.292,0.23,0.285,0.187,0.241,0.209,0.447,0.2,0.236,0.174,0.313,0.259,0.327,0.161,0.296,0.324,0.245,0.395,0.202,0.268,0.216,0.168,0.135,0.178,0.165,0.227,0.348,0.278,0.31,0.375,0.197,0.125,0.21,0.226,0.274,0.245,0.246,0.263,0.264,0.291,0.167,0.324,0.106,0.247,0.146,0.329,0.411,0.257,0.225,0.272,0.092,0.197,0.302,0.224,0.094,0.237,0.239,0.143,1.0,0.271,0.277,0.139,1.0,0.112,0.273,0.368,0.365,0.277,0.316,0.131,0.285,0.285,0.3,0.219,0.262,0.19,0.166,0.24,0.211,0.341,0.1,0.317,0.173,0.279,0.302,0.11,0.245,0.254,0.213,0.462,0.165,0.194,0.301,0.206,0.313,0.249,0.231,0.172,0.157,0.208,0.187,0.329,0.137
0.225,0.341,0.254,0.248,0.276,0.165,0.461,0.174,0.339,0.303,0.236,0.198,0.237,0.261,0.337,0.174,0.2,0.182,0.383,0.216,0.353,0.29,0.228,0.243,0.265,0.213,0.475,0.307,0.307,0.164,0.33,0.225,0.324,0.156,0.274,0.156,0.214,0.166,0.328,0.146,0.356,0.16,0.366,0.219,0.287,0.17,0.425,0.22,0.385,0.205,0.222,0.155,0.199,0.226,0.367,0.176,0.201,0.463,0.249,0.304,0.319,0.124,0.141,0.194,0.177,0.439,0.243,0.519,0.195,0.232,0.352,0.383,0.417,0.407,0.114,0.148,0.118,0.261,0.31,0.272,0.276,0.326,0.369,0.242,0.226,0.368,0.26,0.116,0.451,0.364,0.06,0.264,0.235,0.198,0.133,0.278,0.212,0.206,0.852,0.122,0.254,0.182,0.409,0.354,0.25,0.645,0.315,0.121,0.298,0.246,0.367,0.15,0.241,0.182,0.223,0.408,0.183,0.244,0.124,0.351,0.094,0.239,0.236,0.391,0.342,0.477,0.208,0.496,0.133,0.253,0.127,0.366,0.234,0.187,0.468,0.529,0.396,0.25,0.437,0.288,0.18,0.288,0.225,0.237,0.365,0.143,0.135,0.409,0.214,0.31,0.291,0.212,0.274,0.422,0.249,0.284,0.309,0.422,0.317,0.63,0.206,0.345,0.465,0.376,0.332,0.197,0.322,0.201,0.117,0.185,0.433,0.231,0.21,0.271,0.302,0.25,0.303,0.278,0.202,0.242,0.331,0.376,0.406,0.259,0.182,0.255,0.276,0.189,0.477,0.131,0.384,0.178,0.266,0.311,0.219,0.209,0.31,0.058,0.172,0.407,0.171,0.195,0.256,0.241,0.198,0.271,1.0,0.368,0.129,0.418,0.09,0.169,0.247,0.546,0.239,0.369,0.136,0.174,0.218,0.293,0.244,0.345,0.139,0.181,0.257,0.253,0.265,0.154,0.235,0.194,0.362,0.151,0.06,0.376,0.201,0.225,0.248,0.147,0.124,0.409,0.19,0.422,0.296,0.283,0.261,0.176,0.21,0.143,0.462,0.185
0.288,0.286,0.201,0.275,0.148,0.113,0.457,0.145,0.258,0.201,0.184,0.233,0.191,0.189,0.315,0.09,0.155,0.134,0.372,0.155,0.36,0.176,0.188,0.188,0.227,0.211,0.474,0.301,0.372,0.181,0.433,0.211,0.285,0.142,0.23,0.202,0.265,0.141,0.303,0.166,0.285,0.145,0.297,0.215,0.298,0.15,0.417,0.214,0.522,0.15,0.169,0.209,0.181,0.173,0.426,0.17,0.158,0.132,0.234,0.288,0.311,0.12,0.129,0.204,0.167,0.49,0.203,0.174,0.151,0.141,0.345,0.399,0.428,0.382,0.108,0.18,0.117,0.199,0.16,0.132,0.266,0.323,0.353,0.256,0.112,0.328,0.126,0.089,0.496,0.422,0.069,0.203,0.241,0.318,0.111,0.163,0.144,0.186,0.349,0.162,0.209,0.177,0.263,0.295,0.213,0.482,0.253,0.128,0.232,0.193,0.41,0.148,0.17,0.16,0.137,0.067,0.162,0.167,0.113,0.187,0.072,0.194,0.246,0.332,0.267,0.536,0.166,0.625,0.115,0.218,0.12,0.319,0.246,0.118,0.465,0.471,0.399,0.196,0.467,0.253,0.161,0.31,0.107,0.174,0.338,0.095,0.116,0.456,0.153,0.277,0.223,0.18,0.157,0.487,0.168,0.386,0.188,0.489,0.272,0.46,0.186,0.381,0.426,0.25,0.439,0.165,0.292,0.183,0.079,0.129,0.063,0.142,0.231,0.278,0.278,0.228,0.282,0.158,0.107,0.162,0.261,0.346,0.295,0.242,0.169,0.489,0.252,0.193,0.536,0.134,0.2,0.085,0.286,0.378,0.211,0.164,0.2,0.069,0.21,0.382,0.16,0.109,0.226,0.181,0.14,0.277,0.368,1.0,0.126,0.357,0.112,0.103,0.23,0.524,0.21,0.465,0.127,0.168,0.187,0.376,0.177,0.298,0.154,0.174,0.217,0.086,0.231,0.117,0.253,0.144,0.373,0.142,0.057,0.25,0.139,0.19,0.222,0.125,0.142,0.32,0.262,0.489,0.284,0.188,0.289,0.253,0.199,0.202,0.431,0.179
0.09,0.084,0.123,0.088,0.141,0.076,0.105,0.315,0.099,0.079,0.113,0.135,0.087,0.127,0.122,0.069,0.155,0.444,0.081,0.116,0.11,0.097,0.255,0.182,0.107,0.271,0.102,0.14,0.108,0.262,0.104,0.104,0.139,0.373,0.087,0.186,0.101,0.414,0.132,0.367,0.142,0.38,0.103,0.66,0.367,0.142,0.12,0.053,0.09,0.115,0.103,0.271,0.086,0.062,0.141,0.074,0.241,0.126,0.116,0.274,0.09,0.054,0.41,0.275,0.115,0.112,0.088,0.38,0.082,0.092,0.085,0.123,0.132,0.098,0.285,0.388,0.095,0.07,0.091,0.143,0.16,0.106,0.117,0.281,0.052,0.088,0.329,0.062,0.213,0.098,0.038,0.114,0.156,0.258,0.155,0.262,0.153,0.11,0.08,0.202,0.073,0.064,0.065,0.086,0.094,0.131,0.141,0.084,0.11,0.093,0.122,0.937,0.302,0.068,0.072,0.054,0.75,0.205,0.074,0.141,0.052,0.096,0.418,0.091,0.088,0.111,0.093,0.112,0.056,0.104,0.34,0.097,0.117,0.101,0.365,0.106,0.101,0.124,0.202,0.119,0.088,0.164,0.068,0.13,0.089,0.075,0.096,0.109,0.491,0.128,0.14,0.099,0.058,0.115,0.173,0.078,0.096,0.109,0.13,0.099,0.061,0.213,0.103,0.071,0.123,0.127,0.115,0.277,0.12,0.115,0.042,0.208,0.316,0.082,0.086,0.157,0.098,0.055,0.222,0.158,0.083,0.087,0.097,0.125,0.082,0.081,0.132,0.071,0.111,0.315,0.146,0.068,0.103,0.092,0.084,0.11,0.231,0.034,0.204,0.098,0.075,0.177,0.065,0.069,0.059,0.139,0.129,0.126,1.0,0.186,0.681,0.09,0.098,0.123,0.111,0.093,0.228,0.107,0.095,0.105,0.152,0.256,0.321,0.329,0.086,0.067,0.097,0.32,0.139,0.105,0.1,0.09,0.051,0.071,0.11,0.103,0.109,0.284,0.05,0.1,0.084,0.109,0.183,0.098,0.139,0.068,0.06,0.26,0.108,0.102
0.384,0.353,0.49,0.425,0.458,0.154,0.45,0.451,0.392,0.803,1.0,0.323,0.447,0.447,0.418,0.219,0.41,0.261,0.377,0.582,0.45,0.334,0.23,0.258,0.49,0.341,0.45,1.0,0.447,0.186,0.549,0.462,0.418,0.269,0.372,0.165,0.418,0.252,0.45,0.199,0.49,0.224,1.0,0.582,0.388,0.403,0.49,0.236,0.392,0.384,0.276,0.217,0.459,0.253,0.49,0.447,0.187,0.287,0.771,0.49,0.45,0.144,0.136,0.313,0.235,0.49,0.467,0.273,0.651,0.235,0.45,0.49,0.49,0.418,0.153,0.26,0.163,0.226,0.294,0.296,0.357,0.49,0.45,0.26,0.222,0.418,0.235,0.201,0.49,0.49,0.107,0.379,0.528,0.266,0.111,0.278,0.245,0.418,0.418,0.178,0.462,0.203,0.226,0.336,1.0,0.418,0.447,0.104,0.296,0.447,0.49,0.23,0.317,0.343,0.418,0.107,0.351,0.34,0.144,0.392,0.055,0.304,0.368,0.392,0.447,0.49,0.323,0.45,0.304,0.425,0.176,0.392,0.344,0.285,0.49,0.49,0.45,0.418,0.49,0.49,0.467,0.343,0.407,0.34,0.418,0.133,0.304,0.45,0.23,0.49,0.293,0.291,0.3,0.49,0.271,0.418,0.257,0.49,0.49,0.327,0.245,0.418,0.45,0.245,0.49,0.334,0.392,0.344,0.21,0.144,0.105,0.232,0.26,0.372,0.418,0.47,0.771,0.197,0.202,0.304,0.377,0.418,0.323,0.418,0.411,0.264,0.49,0.185,0.49,0.176,0.316,0.183,0.418,0.49,0.418,0.313,0.467,0.081,0.26,0.418,0.226,0.083,0.236,0.418,0.122,1.0,0.418,0.357,0.186,1.0,0.116,0.291,0.447,0.49,0.425,0.49,0.144,0.235,0.49,0.425,0.418,0.49,0.199,0.418,0.49,0.182,0.447,0.152,0.351,0.258,0.49,0.493,0.069,0.245,0.384,0.45,0.447,0.467,0.092,0.392,0.293,0.49,0.45,0.49,0.313,0.232,0.253,0.152,0.45,0.188
0.083,0.065,0.102,0.074,0.121,0.083,0.092,0.306,0.078,0.057,0.066,0.145,0.077,0.076,0.071,0.056,0.075,0.256,0.072,0.071,0.083,0.055,0.053,0.173,0.062,0.267,0.082,0.109,0.072,0.284,0.084,0.093,0.095,0.314,0.056,0.162,0.086,0.411,0.096,0.436,0.088,0.352,0.068,0.46,0.335,0.134,0.087,0.049,0.066,0.063,0.061,0.279,0.066,0.052,0.122,0.053,0.226,0.105,0.102,0.216,0.071,0.058,0.305,0.3,0.102,0.106,0.065,0.262,0.076,0.081,0.079,0.083,0.097,0.081,0.197,0.369,0.083,0.069,0.098,0.134,0.141,0.076,0.096,0.256,0.046,0.072,0.412,0.046,0.162,0.096,0.05,0.078,0.09,0.255,0.161,0.17,0.125,0.066,0.075,0.224,0.061,0.069,0.052,0.077,0.078,0.088,0.102,0.05,0.096,0.061,0.109,0.684,0.256,0.057,0.059,0.049,0.751,0.147,0.043,0.07,0.032,0.064,0.412,0.068,0.06,0.104,0.081,0.096,0.053,0.092,0.326,0.086,0.062,0.121,0.094,0.1,0.083,0.097,0.173,0.08,0.057,0.139,0.068,0.088,0.074,0.054,0.059,0.078,0.057,0.08,0.153,0.107,0.05,0.102,0.151,0.068,0.079,0.106,0.081,0.075,0.05,0.195,0.086,0.056,0.111,0.051,0.123,0.228,0.032,0.144,0.048,0.168,0.324,0.054,0.067,0.084,0.081,0.041,0.178,0.055,0.072,0.077,0.069,0.068,0.068,0.074,0.071,0.08,0.104,0.243,0.079,0.039,0.099,0.077,0.062,0.058,0.092,0.046,0.193,0.081,0.051,0.146,0.052,0.058,0.068,0.112,0.09,0.112,0.681,0.116,1.0,0.049,0.085,0.102,0.085,0.074,0.307,0.082,0.064,0.097,0.112,0.159,0.288,0.265,0.056,0.048,0.062,0.213,0.143,0.09,0.092,0.085,0.034,0.056,0.062,0.079,0.098,0.205,0.052,0.068,0.083,0.106,0.153,0.076,0.138,0.053,0.057,0.21,0.088,0.04
0.307,0.107,0.167,0.242,0.209,0.336,0.132,0.091,0.167,0.144,0.225,0.123,0.114,0.148,0.128,0.241,0.269,0.108,0.116,0.167,0.126,0.143,0.131,0.102,0.11,0.162,0.126,0.172,0.239,0.075,0.209,0.133,0.222,0.083,0.082,0.091,0.145,0.15,0.135,0.103,0.249,0.096,0.143,0.205,0.12,0.086,0.142,0.17,0.293,0.26,0.186,0.09,0.315,0.163,0.317,0.282,0.07,0.19,0.147,0.293,0.109,0.241,0.076,0.133,0.081,0.173,0.221,0.142,0.093,0.222,0.11,0.333,0.15,0.119,0.13,0.081,0.115,0.278,0.083,0.259,0.285,0.131,0.177,0.211,0.462,0.158,0.076,0.099,0.138,0.123,0.039,0.195,0.204,0.108,0.044,0.188,0.129,0.245,0.175,0.074,0.261,0.186,0.115,0.225,0.162,0.196,0.228,0.074,0.237,0.115,0.136,0.109,0.121,0.211,0.379,0.186,0.085,0.099,0.07,0.133,0.052,0.276,0.09,0.127,0.152,0.146,0.126,0.138,0.072,0.23,0.237,0.11,0.176,0.267,0.16,0.171,0.139,0.147,0.282,0.164,0.102,0.169,0.196,0.178,0.112,0.098,0.083,0.139,0.211,0.17,0.09,0.197,0.115,0.374,0.13,0.176,0.087,0.136,0.169,0.165,0.078,0.112,0.161,0.123,0.198,0.129,0.109,0.122,0.207,0.099,0.267,0.071,0.103,0.351,0.22,0.112,0.169,0.094,0.096,0.15,0.155,0.106,0.176,0.139,0.149,0.222,0.21,0.072,0.146,0.065,0.294,0.152,0.261,0.262,0.21,0.155,0.154,0.036,0.105,0.119,0.289,0.039,0.248,0.187,0.057,0.273,0.169,0.103,0.09,0.291,0.049,1.0,0.144,0.166,0.208,0.208,0.055,0.323,0.185,0.251,0.13,0.165,0.17,0.108,0.111,0.302,0.193,0.074,0.138,0.117,0.129,0.124,0.164,0.123,0.249,0.102,0.185,0.144,0.278,0.123,0.091,0.136,0.173,0.168,0.071,0.074,0.192,0.066,0.137,0.084
0.172,0.242,0.233,0.247,0.18,0.129,0.316,0.182,0.237,0.206,0.245,0.169,0.381,0.283,0.24,0.148,0.174,0.142,0.389,0.227,0.296,0.296,0.178,0.191,0.22,0.167,0.334,0.283,0.427,0.144,0.249,0.307,0.233,0.128,0.17,0.122,0.217,0.119,0.241,0.12,0.207,0.164,0.282,0.266,0.212,0.148,0.289,0.18,0.284,0.189,0.22,0.132,0.294,0.278,0.292,0.291,0.121,0.17,0.317,0.249,0.23,0.112,0.102,0.188,0.159,0.32,0.295,0.21,0.158,0.158,0.311,0.293,0.296,0.255,0.106,0.133,0.356,0.169,0.183,0.223,0.19,0.268,0.264,0.177,0.178,0.244,0.168,0.093,0.324,0.277,0.063,0.296,0.419,0.192,0.157,0.15,0.143,0.189,0.226,0.123,0.217,0.159,0.242,0.216,0.246,0.372,1.0,0.08,0.24,0.304,0.277,0.114,0.184,0.354,0.153,0.28,0.155,0.172,0.221,0.181,0.068,0.218,0.175,0.256,0.356,0.355,0.19,0.327,0.257,0.218,0.123,0.225,0.147,0.185,0.336,0.314,0.28,0.223,0.31,0.335,0.172,0.228,0.332,0.185,0.252,0.085,0.132,0.288,0.176,0.248,0.171,0.14,0.172,0.328,0.194,0.214,0.223,0.308,0.285,0.38,0.152,0.234,0.286,0.303,0.275,0.189,0.269,0.176,0.116,0.129,0.087,0.153,0.155,0.261,0.209,0.363,0.263,0.239,0.194,0.202,0.267,0.245,0.301,0.21,0.186,0.205,0.289,0.145,0.355,0.114,0.172,0.129,0.22,0.431,0.219,0.236,0.176,0.073,0.129,0.255,0.169,0.099,0.225,0.219,0.292,0.368,0.247,0.23,0.098,0.447,0.085,0.144,1.0,0.35,0.196,0.325,0.091,0.159,0.286,0.261,0.206,0.238,0.134,0.162,0.246,0.184,0.411,0.13,0.197,0.163,0.263,0.173,0.058,0.303,0.179,0.197,0.306,0.144,0.129,0.247,0.151,0.308,0.23,0.2,0.19,0.175,0.344,0.129,0.287,0.306
0.239,0.598,0.353,0.335,0.188,0.128,0.82,0.206,0.525,0.396,0.305,0.262,0.414,0.348,0.63,0.148,0.259,0.21,0.66,0.273,0.631,0.365,0.325,0.318,0.383,0.216,0.668,0.424,0.453,0.148,0.44,0.321,0.523,0.165,0.518,0.206,0.287,0.145,0.533,0.161,0.43,0.191,0.522,0.293,0.452,0.172,0.687,0.394,0.566,0.244,0.357,0.174,0.29,0.391,0.65,0.235,0.133,0.171,0.342,0.471,0.566,0.22,0.094,0.354,0.261,0.761,0.321,0.23,0.284,0.174,0.658,0.638,0.695,0.751,0.101,0.147,0.126,0.335,0.233,0.272,0.348,0.534,0.615,0.299,0.29,0.663,0.177,0.163,0.739,0.656,0.091,0.34,0.34,0.206,0.152,0.198,0.2,0.338,0.53,0.139,0.348,0.31,0.507,0.515,0.338,0.847,0.392,0.173,0.412,0.357,0.601,0.147,0.342,0.285,0.252,0.084,0.204,0.31,0.169,0.346,0.122,0.439,0.385,0.68,0.444,0.799,0.313,0.799,0.2,0.323,0.128,0.663,0.334,0.226,0.764,0.726,0.747,0.289,0.667,0.418,0.265,0.446,0.17,0.269,0.561,0.184,0.209,0.643,0.188,0.476,0.503,0.183,0.38,0.741,0.254,0.403,0.369,0.747,0.441,0.693,0.436,0.668,0.795,0.579,0.509,0.314,0.591,0.319,0.126,0.233,0.081,0.364,0.193,0.423,0.558,0.326,0.528,0.442,0.127,0.327,0.447,0.573,0.465,0.447,0.27,0.248,0.424,0.301,0.799,0.104,0.396,0.151,0.403,0.476,0.298,0.321,0.258,0.093,0.186,0.751,0.289,0.094,0.413,0.385,0.271,0.365,0.546,0.524,0.123,0.49,0.102,0.166,0.35,1.0,0.304,0.568,0.227,0.252,0.297,0.294,0.367,0.468,0.176,0.246,0.387,0.136,0.369,0.093,0.337,0.23,0.613,0.202,0.077,0.579,0.229,0.355,0.33,0.19,0.152,0.653,0.22,0.747,0.418,0.301,0.403,0.321,0.343,0.153,0.856,0.319
0.25,0.217,0.176,0.196,0.206,0.181,0.273,0.16,0.198,0.246,0.323,0.187,0.218,0.304,0.234,0.215,0.156,0.13,0.22,0.216,0.244,0.173,0.155,0.136,0.171,0.243,0.245,0.324,0.218,0.119,0.228,0.245,0.191,0.108,0.193,0.248,0.166,0.163,0.329,0.208,0.192,0.139,0.276,0.2,0.19,0.138,0.43,0.136,0.214,0.302,0.234,0.145,0.193,0.175,0.239,0.148,0.11,0.207,0.273,0.204,0.249,0.091,0.095,0.157,0.267,0.309,0.238,0.211,0.229,0.192,0.212,0.229,0.375,0.258,0.093,0.12,0.148,0.127,0.152,0.396,0.206,0.428,0.249,0.158,0.185,0.248,0.145,0.18,0.257,0.225,0.074,0.29,0.24,0.169,0.096,0.225,0.132,0.184,0.234,0.114,0.172,0.124,0.18,0.2,0.182,0.307,0.336,0.371,0.247,0.222,0.256,0.129,0.17,0.167,0.151,0.133,0.147,0.4,0.27,0.181,0.408,0.205,0.15,0.225,0.219,0.279,0.216,0.288,0.188,0.72,0.129,0.331,0.161,0.159,0.269,0.282,0.243,0.179,0.248,0.214,0.205,0.203,0.207,0.187,0.224,0.208,0.157,0.292,0.167,0.191,0.174,0.194,0.184,0.264,0.285,0.216,0.19,0.261,0.236,0.252,0.337,0.233,0.262,0.194,0.204,0.177,0.228,0.17,0.105,0.127,0.122,0.144,0.153,0.169,0.288,0.247,0.389,0.156,0.15,0.216,0.208,0.211,0.282,0.197,0.217,0.207,0.213,0.274,0.279,0.089,0.222,0.199,0.175,0.211,0.18,0.177,0.208,0.068,0.122,0.258,0.176,0.07,0.152,0.214,0.264,0.277,0.239,0.21,0.111,0.425,0.085,0.208,0.196,0.304,1.0,0.205,0.093,0.154,0.194,0.247,0.168,0.182,0.119,0.13,0.2,0.152,0.188,0.088,0.23,0.161,0.202,0.189,0.124,0.194,0.294,0.179,0.508,0.133,0.115,0.31,0.169,0.261,0.186,0.18,0.138,0.194,0.161,0.116,0.275,0.117
0.277,0.378,0.322,0.51,0.181,0.154,0.444,0.179,0.366,0.334,0.287,0.182,0.265,0.29,0.368,0.194,0.389,0.182,0.391,0.268,0.388,0.275,0.202,0.23,0.334,0.173,0.454,0.274,0.495,0.116,0.429,0.223,0.405,0.133,0.276,0.144,0.321,0.156,0.386,0.121,0.381,0.194,0.445,0.261,0.314,0.126,0.477,0.266,0.558,0.227,0.271,0.126,0.326,0.32,0.496,0.345,0.096,0.148,0.221,0.452,0.382,0.185,0.082,0.263,0.207,0.463,0.415,0.23,0.198,0.212,0.438,0.516,0.471,0.399,0.104,0.13,0.104,0.27,0.171,0.272,0.497,0.405,0.416,0.265,0.261,0.418,0.13,0.124,0.45,0.424,0.061,0.34,0.242,0.254,0.146,0.188,0.164,0.332,0.348,0.109,0.364,0.246,0.507,0.363,0.344,0.847,0.392,0.117,0.317,0.286,0.468,0.112,0.226,0.302,0.252,0.088,0.151,0.202,0.17,0.266,0.122,0.347,0.27,0.404,0.425,0.536,0.264,0.514,0.172,0.212,0.172,0.37,0.293,0.235,0.502,0.468,0.422,0.314,0.556,0.384,0.187,0.368,0.137,0.275,0.384,0.123,0.13,0.474,0.188,0.42,0.244,0.193,0.252,0.542,0.219,0.442,0.315,0.455,0.428,0.693,0.222,0.352,0.473,0.545,0.451,0.222,0.325,0.199,0.144,0.165,0.125,0.206,0.146,0.417,0.377,0.373,0.343,0.442,0.102,0.23,0.419,0.392,0.409,0.316,0.195,0.396,0.413,0.203,0.536,0.103,0.275,0.116,0.369,0.487,0.351,0.26,0.184,0.093,0.183,0.399,0.275,0.094,0.325,0.325,0.313,0.316,0.369,0.465,0.093,0.49,0.074,0.208,0.325,0.568,0.205,1.0,0.127,0.275,0.328,0.296,0.339,0.398,0.17,0.259,0.344,0.233,0.368,0.078,0.225,0.165,0.434,0.173,0.094,0.545,0.219,0.29,0.214,0.202,0.238,0.438,0.208,0.455,0.369,0.343,0.286,0.311,0.286,0.153,0.476,0.234
0.082,0.165,0.199,0.122,0.126,0.082,0.19,0.228,0.315,0.084,0.068,0.169,0.087,0.086,0.305,0.051,0.148,0.183,0.142,0.08,0.147,0.369,0.206,0.25,0.094,0.177,0.164,0.121,0.1,0.207,0.105,0.096,0.219,0.369,0.097,0.109,0.103,0.234,0.206,0.23,0.133,0.247,0.115,0.194,0.311,0.143,0.27,0.1,0.123,0.07,0.096,0.214,0.075,0.073,0.205,0.064,0.137,0.098,0.11,0.247,0.129,0.518,0.175,0.271,0.085,0.201,0.115,0.19,0.075,0.087,0.141,0.171,0.183,0.164,0.133,0.226,0.089,0.095,0.401,0.094,0.122,0.131,0.173,0.276,0.053,0.137,0.167,0.053,0.218,0.171,0.04,0.083,0.136,0.18,0.125,0.154,0.108,0.21,0.123,0.171,0.103,0.075,0.14,0.169,0.109,0.226,0.121,0.056,0.097,0.08,0.28,0.239,0.167,0.06,0.067,0.044,0.328,0.292,0.046,0.094,0.036,0.091,0.418,0.255,0.099,0.212,0.094,0.203,0.049,0.097,0.281,0.14,0.066,0.372,0.2,0.192,0.167,0.102,0.2,0.149,0.059,0.225,0.064,0.255,0.447,0.063,0.172,0.15,0.116,0.134,0.149,0.115,0.068,0.201,0.107,0.091,0.087,0.201,0.172,0.174,0.079,0.186,0.18,0.115,0.158,0.26,0.252,0.595,0.048,0.518,0.041,0.113,0.221,0.093,0.12,0.108,0.112,0.071,0.11,0.134,0.107,0.632,0.114,0.272,0.068,0.055,0.111,0.09,0.212,0.151,0.103,0.038,0.133,0.114,0.077,0.173,0.107,0.036,0.328,0.164,0.079,0.149,0.112,0.08,0.068,0.131,0.136,0.127,0.228,0.144,0.307,0.055,0.091,0.227,0.093,0.127,1.0,0.097,0.081,0.096,0.139,0.178,0.237,0.259,0.086,0.044,0.089,0.132,0.162,0.19,0.571,0.088,0.035,0.115,0.068,0.089,0.103,0.256,0.048,0.144,0.066,0.201,0.162,0.156,0.142,0.054,0.072,0.214,0.186,0.07
0.247,0.212,0.246,0.293,0.14,0.241,0.2,0.127,0.289,0.256,0.409,0.221,0.208,0.219,0.169,0.209,0.267,0.127,0.28,0.313,0.18,0.231,0.215,0.188,0.268,0.165,0.221,0.166,0.268,0.125,0.282,0.152,0.277,0.123,0.127,0.153,0.256,0.211,0.225,0.132,0.297,0.136,0.269,0.239,0.211,0.191,0.221,0.294,0.296,0.194,0.254,0.147,0.418,0.317,0.328,0.392,0.115,0.123,0.162,0.33,0.183,0.212,0.103,0.192,0.152,0.213,0.327,0.123,0.229,0.379,0.176,0.381,0.214,0.197,0.179,0.142,0.131,0.306,0.131,0.115,0.221,0.213,0.218,0.23,0.27,0.204,0.104,0.237,0.211,0.216,0.107,0.499,0.195,0.179,0.081,0.228,0.183,0.309,0.168,0.14,0.345,0.41,0.458,0.32,0.285,0.285,0.227,0.127,0.223,0.231,0.236,0.121,0.206,0.311,0.249,0.146,0.112,0.139,0.128,0.205,0.084,0.492,0.295,0.351,0.275,0.259,0.239,0.205,0.17,0.141,0.238,0.207,0.212,0.239,0.23,0.236,0.298,0.216,0.356,0.265,0.126,0.271,0.144,0.25,0.198,0.245,0.184,0.241,0.176,0.343,0.148,0.266,0.191,0.377,0.163,0.225,0.174,0.221,0.241,0.329,0.187,0.184,0.242,0.284,0.312,0.213,0.149,0.123,0.152,0.107,0.179,0.173,0.161,0.408,0.281,0.171,0.239,0.243,0.091,0.214,0.3,0.185,0.202,0.232,0.301,0.334,0.288,0.22,0.235,0.116,0.267,0.093,0.349,0.31,0.413,0.275,0.149,0.149,0.171,0.197,0.393,0.09,0.349,0.296,0.15,0.285,0.174,0.168,0.107,0.235,0.082,0.323,0.159,0.252,0.154,0.275,0.097,1.0,0.302,0.16,0.222,0.235,0.303,0.141,0.176,0.233,0.298,0.085,0.261,0.254,0.236,0.353,0.319,0.284,0.191,0.21,0.158,0.163,0.255,0.194,0.14,0.221,0.269,0.245,0.165,0.154,0.262,0.174,0.212,0.195
0.201,0.212,0.431,0.413,0.21,0.13,0.239,0.218,0.252,0.365,0.354,0.168,0.344,0.292,0.228,0.153,0.266,0.156,0.244,0.477,0.261,0.191,0.173,0.198,0.389,0.174,0.278,0.214,0.437,0.114,0.331,0.218,0.301,0.137,0.177,0.115,0.326,0.152,0.297,0.128,0.292,0.169,0.411,0.277,0.235,0.187,0.296,0.177,0.238,0.169,0.332,0.112,0.279,0.298,0.307,0.458,0.1,0.157,0.211,0.346,0.277,0.115,0.09,0.195,0.212,0.286,0.507,0.351,0.169,0.242,0.251,0.329,0.296,0.232,0.15,0.145,0.104,0.19,0.154,0.272,0.228,0.377,0.261,0.203,0.222,0.246,0.123,0.148,0.272,0.296,0.091,0.801,0.206,0.196,0.076,0.138,0.236,0.332,0.204,0.133,0.29,0.222,0.507,0.205,0.551,0.891,1.0,0.098,0.237,0.402,0.284,0.117,0.205,0.298,0.375,0.078,0.144,0.182,0.12,0.3,0.23,0.258,0.2,0.214,0.505,0.28,0.27,0.256,0.212,0.179,0.162,0.235,0.233,0.179,0.295,0.288,0.255,0.382,0.344,0.474,0.163,0.26,0.149,0.276,0.254,0.116,0.161,0.316,0.812,0.428,0.176,0.182,0.232,0.314,0.236,0.28,0.255,0.288,0.411,0.693,0.165,0.205,0.252,1.0,0.413,0.189,0.19,0.155,0.14,0.102,0.082,0.204,0.142,0.281,0.264,0.263,0.319,0.7,0.118,0.242,0.384,0.212,0.219,0.28,0.176,0.595,0.434,0.189,0.283,0.141,0.225,0.116,0.269,0.454,0.463,0.242,0.186,0.273,0.156,0.232,0.238,0.25,0.232,0.394,0.311,0.285,0.218,0.187,0.095,0.49,0.064,0.185,0.286,0.297,0.194,0.328,0.081,0.302,1.0,0.241,0.333,0.316,0.179,0.237,0.384,0.173,0.396,0.084,0.201,0.2,0.292,0.261,0.095,0.744,0.172,0.365,0.212,0.317,0.121,0.275,0.174,0.288,0.364,0.4,0.217,0.284,0.198,0.254,0.262,0.139
0.499,0.204,0.195,0.313,0.29,0.218,0.256,0.168,0.191,0.196,0.25,0.221,0.294,0.247,0.223,0.188,0.155,0.142,0.221,0.203,0.384,0.168,0.152,0.175,0.195,0.23,0.243,0.333,0.406,0.15,0.397,0.346,0.2,0.122,0.175,0.124,0.28,0.139,0.218,0.164,0.272,0.131,0.249,0.222,0.23,0.166,0.249,0.148,0.194,0.226,0.23,0.172,0.23,0.197,0.242,0.223,0.136,0.284,0.314,0.21,0.195,0.089,0.101,0.141,0.155,0.283,0.312,0.33,0.199,0.23,0.209,0.242,0.251,0.235,0.096,0.142,0.127,0.138,0.221,0.227,0.484,0.236,0.239,0.18,0.271,0.226,0.195,0.108,0.264,0.24,0.075,0.284,0.266,0.402,0.093,0.167,0.154,0.182,0.255,0.133,0.182,0.15,0.2,0.185,0.235,0.301,0.539,0.072,0.223,0.234,0.239,0.122,0.174,0.218,0.229,0.122,0.186,0.186,0.102,0.231,0.047,0.216,0.148,0.206,0.249,0.283,0.179,0.266,0.182,0.3,0.122,0.211,0.363,0.185,0.269,0.303,0.233,0.244,0.257,0.258,0.202,0.214,0.199,0.201,0.217,0.116,0.183,0.238,0.166,0.217,0.168,0.27,0.197,0.262,0.224,0.337,0.172,0.266,0.224,0.245,0.147,0.226,0.253,0.294,0.307,0.158,0.209,0.19,0.101,0.121,0.125,0.162,0.196,0.165,0.19,0.214,0.277,0.232,0.159,0.214,0.25,0.206,0.217,0.189,0.204,0.756,0.207,0.139,0.292,0.094,0.373,0.171,0.282,0.41,0.239,0.236,0.237,0.07,0.167,0.235,0.133,0.078,0.183,0.216,0.102,0.3,0.293,0.376,0.105,0.425,0.097,0.251,0.261,0.294,0.247,0.296,0.096,0.16,0.241,1.0,0.191,0.206,0.131,0.143,0.233,0.158,0.242,0.1,0.237,0.162,0.218,0.171,0.049,0.294,0.225,0.178,0.312,0.124,0.114,0.234,0.53,0.266,0.211,0.202,0.145,0.275,0.185,0.124,0.258,0.124
0.167,0.25,0.345,0.264,0.208,0.119,0.3,0.228,0.269,0.315,0.243,0.134,0.22,0.282,0.307,0.13,0.371,0.366,0.284,0.309,0.267,0.211,0.201,0.206,0.345,0.155,0.335,0.216,0.286,0.104,0.252,0.178,0.31,0.161,0.171,0.126,0.3,0.169,0.351,0.13,0.287,0.36,0.327,0.26,0.308,0.149,0.365,0.181,0.215,0.172,0.276,0.107,0.223,0.319,0.302,0.255,0.083,0.147,0.189,0.406,0.298,0.093,0.12,0.261,0.2,0.307,0.323,0.414,0.152,0.169,0.388,0.362,0.324,0.245,0.132,0.155,0.086,0.165,0.128,0.187,0.206,0.424,0.266,0.218,0.14,0.246,0.153,0.138,0.305,0.344,0.087,0.264,0.203,0.15,0.122,0.148,0.156,0.336,0.215,0.123,0.221,0.169,0.519,0.2,0.451,0.645,0.315,0.08,0.214,0.307,0.303,0.174,0.267,0.201,0.321,0.06,0.21,0.193,0.124,0.267,0.153,0.21,0.299,0.263,0.377,0.335,0.339,0.288,0.145,0.178,0.182,0.229,0.186,0.132,0.387,0.31,0.304,0.32,0.338,0.453,0.184,0.349,0.112,0.224,0.231,0.105,0.127,0.37,0.347,0.392,0.202,0.139,0.191,0.311,0.316,0.227,0.259,0.33,0.369,0.752,0.174,0.24,0.316,0.376,0.321,0.175,0.225,0.265,0.289,0.109,0.057,0.27,0.13,0.209,0.266,0.217,0.306,0.278,0.104,0.194,0.395,0.234,0.247,0.267,0.153,0.227,0.433,0.164,0.328,0.146,0.204,0.114,0.235,0.313,0.327,0.248,0.175,0.175,0.135,0.245,0.182,0.114,0.183,0.308,0.303,0.219,0.244,0.177,0.152,0.418,0.112,0.13,0.206,0.367,0.168,0.339,0.139,0.222,0.333,0.191,1.0,0.336,0.319,0.269,0.383,0.173,0.302,0.105,0.168,0.184,0.314,0.164,0.069,0.376,0.169,0.32,0.186,0.508,0.109,0.251,0.173,0.33,0.336,0.274,0.196,0.275,0.223,0.158,0.305,0.192
0.181,0.303,0.402,0.299,0.193,0.138,0.356,0.278,0.353,0.373,0.257,0.174,0.279,0.266,0.326,0.129,0.308,0.342,0.317,0.287,0.332,0.273,0.225,0.274,0.434,0.221,0.342,0.24,0.339,0.178,0.309,0.186,0.363,0.277,0.256,0.15,0.251,0.279,0.402,0.197,0.318,0.318,0.427,0.341,0.401,0.221,0.428,0.206,0.343,0.168,0.291,0.177,0.243,0.335,0.368,0.274,0.158,0.172,0.214,0.43,0.462,0.151,0.237,0.306,0.237,0.353,0.348,0.548,0.213,0.183,0.328,0.418,0.387,0.353,0.266,0.242,0.103,0.266,0.208,0.272,0.289,0.334,0.353,0.294,0.212,0.341,0.291,0.187,0.382,0.528,0.212,0.34,0.228,0.211,0.138,0.207,0.219,0.304,0.268,0.193,0.293,0.292,0.507,0.292,0.362,0.902,0.392,0.106,0.246,0.252,0.342,0.281,0.398,0.223,0.253,0.08,0.285,0.315,0.109,0.411,0.122,0.29,0.357,0.367,0.374,0.374,0.235,0.397,0.134,0.195,0.255,0.337,0.248,0.206,0.433,0.367,0.373,0.298,0.489,0.372,0.17,0.31,0.13,0.25,0.307,0.152,0.186,0.44,0.417,0.553,0.252,0.172,0.26,0.393,0.242,0.259,0.276,0.463,0.496,0.693,0.206,0.325,0.385,0.55,0.365,0.226,0.314,0.252,0.161,0.174,0.097,0.406,0.226,0.305,0.323,0.26,0.364,0.442,0.174,0.251,0.455,0.314,0.3,0.366,0.184,0.248,0.343,0.173,0.374,0.217,0.252,0.112,0.31,0.35,0.292,0.258,0.227,0.333,0.211,0.353,0.218,0.173,0.246,0.37,0.271,0.262,0.345,0.298,0.256,0.49,0.159,0.165,0.238,0.468,0.182,0.398,0.178,0.235,0.316,0.206,0.336,1.0,0.266,0.374,0.292,0.137,0.318,0.185,0.21,0.218,0.38,0.22,0.087,0.55,0.169,0.357,0.207,0.322,0.134,0.395,0.184,0.463,0.327,0.317,0.279,0.206,0.201,0.197,0.395,0.214
0.258,0.135,0.231,0.245,0.186,0.198,0.14,0.349,0.34,0.136,0.143,0.175,0.124,0.138,0.155,0.224,0.384,0.449,0.149,0.179,0.13,0.166,0.151,0.255,0.137,0.326,0.137,0.145,0.205,0.254,0.286,0.118,0.249,0.322,0.095,0.174,0.211,0.45,0.289,0.386,0.285,0.471,0.151,0.331,0.621,0.164,0.293,0.121,0.215,0.203,0.224,0.257,0.237,0.158,0.268,0.208,0.218,0.137,0.126,0.382,0.124,0.144,0.364,0.415,0.147,0.149,0.171,0.388,0.108,0.189,0.128,0.212,0.156,0.14,0.321,0.409,0.112,0.173,0.121,0.236,0.223,0.156,0.206,0.317,0.135,0.186,0.183,0.076,0.219,0.146,0.063,0.364,0.173,0.281,0.147,0.208,0.246,0.228,0.118,0.214,0.313,0.137,0.175,0.315,0.202,0.203,0.17,0.076,0.168,0.15,0.169,0.339,0.255,0.138,0.203,0.094,0.385,0.201,0.076,0.139,0.054,0.164,0.481,0.205,0.169,0.158,0.155,0.144,0.074,0.115,0.587,0.147,0.187,0.226,0.161,0.161,0.233,0.202,0.35,0.2,0.102,0.234,0.118,0.261,0.139,0.079,0.246,0.143,0.202,0.171,0.181,0.296,0.085,0.274,0.206,0.194,0.135,0.152,0.174,0.171,0.092,0.218,0.152,0.186,0.238,0.188,0.128,0.334,0.246,0.148,0.104,0.167,0.295,0.25,0.188,0.129,0.142,0.151,0.2,0.2,0.159,0.144,0.146,0.179,0.281,0.485,0.217,0.1,0.158,0.389,0.152,0.074,0.233,0.254,0.251,0.334,0.156,0.079,0.29,0.14,0.196,0.264,0.169,0.154,0.119,0.19,0.139,0.154,0.321,0.199,0.288,0.17,0.134,0.176,0.119,0.17,0.237,0.303,0.179,0.131,0.319,0.266,1.0,0.371,0.131,0.178,0.156,0.252,0.186,0.196,0.178,0.137,0.125,0.186,0.198,0.145,0.121,0.488,0.217,0.136,0.095,0.152,0.278,0.235,0.191,0.107,0.158,0.373,0.154,0.122
0.129,0.148,0.297,0.259,0.21,0.095,0.212,0.421,0.258,0.196,0.172,0.154,0.134,0.169,0.226,0.096,0.246,0.337,0.162,0.232,0.166,0.167,0.163,0.219,0.207,0.269,0.188,0.151,0.189,0.246,0.197,0.122,0.246,0.437,0.105,0.169,0.183,0.45,0.303,0.338,0.199,0.498,0.242,0.403,0.42,0.159,0.28,0.097,0.144,0.122,0.212,0.209,0.145,0.136,0.222,0.172,0.201,0.155,0.125,0.324,0.184,0.1,0.374,0.351,0.163,0.194,0.218,0.518,0.112,0.132,0.198,0.219,0.213,0.153,0.315,0.331,0.094,0.106,0.131,0.243,0.257,0.199,0.186,0.365,0.096,0.155,0.197,0.098,0.259,0.189,0.042,0.264,0.183,0.256,0.166,0.213,0.221,0.235,0.143,0.186,0.153,0.096,0.348,0.128,0.247,0.645,0.315,0.079,0.156,0.163,0.225,0.353,0.282,0.114,0.21,0.059,0.371,0.245,0.098,0.204,0.128,0.131,0.383,0.206,0.238,0.2,0.19,0.179,0.1,0.122,0.349,0.157,0.15,0.174,0.242,0.205,0.197,0.241,0.339,0.251,0.111,0.235,0.09,0.268,0.193,0.1,0.16,0.192,0.333,0.255,0.17,0.159,0.106,0.201,0.227,0.169,0.179,0.192,0.322,0.514,0.097,0.232,0.201,0.376,0.24,0.149,0.18,0.258,0.107,0.177,0.06,0.189,0.263,0.134,0.164,0.203,0.166,0.278,0.207,0.193,0.264,0.207,0.187,0.221,0.105,0.204,0.243,0.114,0.2,0.385,0.173,0.065,0.16,0.212,0.197,0.214,0.177,0.072,0.277,0.153,0.111,0.297,0.115,0.16,0.406,0.166,0.181,0.174,0.329,0.418,0.265,0.108,0.162,0.246,0.13,0.259,0.259,0.141,0.237,0.143,0.269,0.374,0.371,1.0,0.214,0.085,0.186,0.248,0.167,0.151,0.234,0.147,0.047,0.376,0.128,0.209,0.125,0.456,0.096,0.181,0.106,0.192,0.305,0.282,0.189,0.166,0.106,0.402,0.198,0.136
0.16,0.258,0.339,0.313,0.183,0.086,0.312,0.203,0.276,0.387,0.258,0.143,0.241,0.275,0.316,0.121,0.214,0.154,0.274,0.342,0.3,0.199,0.158,0.173,0.31,0.142,0.371,0.219,0.327,0.086,0.309,0.185,0.28,0.124,0.194,0.218,0.333,0.106,0.326,0.099,0.272,0.192,0.406,0.231,0.251,0.115,0.358,0.172,0.247,0.146,0.26,0.095,0.202,0.249,0.302,0.249,0.075,0.129,0.226,0.31,0.345,0.093,0.078,0.208,0.24,0.316,0.363,0.23,0.173,0.198,0.313,0.37,0.369,0.267,0.093,0.122,0.093,0.156,0.135,0.272,0.208,0.571,0.268,0.175,0.144,0.262,0.102,0.128,0.311,0.303,0.063,0.34,0.19,0.134,0.112,0.122,0.137,0.406,0.243,0.107,0.249,0.152,0.507,0.217,0.466,0.847,0.392,0.121,0.202,0.489,0.36,0.106,0.179,0.209,0.254,0.058,0.13,0.189,0.156,0.23,0.457,0.242,0.211,0.279,0.553,0.329,0.3,0.307,0.159,0.185,0.106,0.257,0.198,0.133,0.356,0.326,0.292,0.295,0.359,0.541,0.24,0.272,0.116,0.232,0.271,0.11,0.135,0.392,0.188,0.352,0.173,0.16,0.214,0.312,0.295,0.288,0.246,0.312,0.391,0.727,0.22,0.242,0.312,0.545,0.328,0.169,0.223,0.155,0.109,0.121,0.052,0.169,0.113,0.221,0.302,0.214,0.288,0.442,0.091,0.224,0.353,0.272,0.346,0.273,0.153,0.248,0.432,0.194,0.329,0.107,0.191,0.11,0.269,0.327,0.328,0.211,0.163,0.093,0.13,0.267,0.181,0.094,0.187,0.31,0.312,0.24,0.257,0.217,0.086,0.49,0.056,0.111,0.246,0.387,0.2,0.344,0.086,0.176,0.384,0.233,0.383,0.292,0.131,0.214,1.0,0.126,0.323,0.074,0.177,0.166,0.318,0.175,0.059,0.545,0.151,0.257,0.223,0.223,0.095,0.321,0.151,0.312,0.348,0.315,0.189,0.279,0.201,0.153,0.32,0.151
0.235,0.095,0.139,0.256,0.222,0.293,0.119,0.077,0.142,0.152,0.232,0.108,0.15,0.126,0.146,0.293,0.215,0.113,0.108,0.16,0.136,0.113,0.097,0.104,0.107,0.13,0.121,0.151,0.235,0.071,0.195,0.182,0.188,0.061,0.078,0.065,0.146,0.152,0.143,0.078,0.194,0.083,0.111,0.137,0.099,0.087,0.119,0.146,0.236,0.325,0.212,0.082,0.324,0.208,0.255,0.239,0.06,0.362,0.128,0.232,0.093,0.21,0.054,0.106,0.09,0.154,0.215,0.148,0.082,0.199,0.101,0.276,0.127,0.105,0.122,0.07,0.086,0.241,0.111,0.155,0.211,0.146,0.247,0.193,0.304,0.23,0.093,0.08,0.131,0.121,0.037,0.271,0.149,0.124,0.042,0.295,0.114,0.219,0.292,0.069,0.263,0.142,0.076,0.213,0.171,0.12,0.236,0.047,0.303,0.142,0.123,0.079,0.089,0.18,0.172,0.256,0.081,0.091,0.066,0.112,0.036,0.179,0.078,0.097,0.168,0.137,0.153,0.122,0.096,0.178,0.186,0.095,0.147,0.233,0.132,0.154,0.119,0.186,0.226,0.215,0.108,0.197,0.195,0.178,0.096,0.068,0.074,0.11,0.116,0.119,0.08,0.19,0.104,0.299,0.184,0.266,0.083,0.133,0.115,0.106,0.066,0.105,0.153,0.125,0.211,0.118,0.092,0.094,0.159,0.079,0.351,0.094,0.093,0.307,0.205,0.109,0.129,0.093,0.108,0.134,0.098,0.095,0.226,0.095,0.188,0.225,0.178,0.08,0.145,0.052,0.214,0.183,0.246,0.234,0.252,0.254,0.106,0.038,0.109,0.105,0.249,0.041,0.217,0.188,0.06,0.211,0.253,0.086,0.067,0.182,0.048,0.302,0.184,0.136,0.152,0.233,0.044,0.233,0.173,0.158,0.173,0.137,0.178,0.085,0.126,1.0,0.203,0.053,0.123,0.109,0.118,0.102,0.14,0.125,0.289,0.096,0.149,0.136,0.278,0.105,0.088,0.133,0.118,0.169,0.074,0.141,0.281,0.071,0.116,0.09
0.188,0.256,0.275,0.342,0.261,0.14,0.367,0.165,0.276,0.308,0.324,0.153,0.374,0.279,0.344,0.174,0.247,0.157,0.292,0.343,0.293,0.244,0.19,0.186,0.311,0.154,0.418,0.246,0.531,0.095,0.296,0.264,0.292,0.112,0.181,0.107,0.265,0.136,0.299,0.101,0.273,0.152,0.449,0.263,0.245,0.306,0.318,0.227,0.322,0.198,0.343,0.107,0.297,0.291,0.348,0.405,0.082,0.161,0.268,0.327,0.318,0.138,0.081,0.2,0.193,0.317,0.405,0.209,0.191,0.291,0.299,0.443,0.317,0.261,0.171,0.109,0.22,0.216,0.167,0.223,0.202,0.323,0.275,0.222,0.206,0.263,0.137,0.168,0.307,0.361,0.137,0.296,0.288,0.167,0.105,0.155,0.163,0.314,0.252,0.143,0.347,0.265,0.349,0.261,0.374,0.507,1.0,0.08,0.264,0.326,0.297,0.118,0.191,0.309,0.208,0.147,0.132,0.16,0.117,0.249,0.076,0.313,0.199,0.277,0.574,0.34,0.252,0.319,0.25,0.208,0.194,0.239,0.194,0.202,0.351,0.346,0.294,0.277,0.378,0.501,0.166,0.278,0.185,0.236,0.348,0.144,0.283,0.421,0.228,0.436,0.174,0.164,0.254,0.379,0.236,0.253,0.22,0.342,0.382,0.518,0.165,0.235,0.309,0.321,0.331,0.206,0.21,0.166,0.16,0.139,0.115,0.228,0.122,0.318,0.255,0.291,0.363,0.239,0.12,0.274,0.402,0.26,0.426,0.249,0.166,0.205,0.351,0.177,0.343,0.091,0.201,0.134,0.276,0.432,0.333,0.266,0.182,0.141,0.128,0.261,0.25,0.075,0.29,0.388,0.369,0.341,0.265,0.231,0.097,0.447,0.062,0.193,0.411,0.369,0.188,0.368,0.089,0.298,0.396,0.242,0.302,0.318,0.156,0.186,0.323,0.203,1.0,0.08,0.184,0.203,0.294,0.236,0.08,0.321,0.191,0.394,0.264,0.194,0.153,0.279,0.187,0.342,0.267,0.253,0.213,0.221,0.226,0.129,0.303,0.213
0.08,0.064,0.116,0.073,0.16,0.058,0.076,0.228,0.121,0.066,0.094,0.093,0.066,0.107,0.091,0.053,0.103,0.229,0.062,0.126,0.082,0.084,0.177,0.193,0.087,0.353,0.076,0.099,0.091,0.335,0.087,0.076,0.22,0.428,0.06,0.208,0.083,0.297,0.116,0.315,0.091,0.226,0.084,0.258,0.29,0.201,0.091,0.041,0.067,0.085,0.082,0.325,0.067,0.052,0.141,0.065,0.406,0.153,0.083,0.132,0.068,0.041,0.533,0.139,0.141,0.082,0.075,0.506,0.059,0.068,0.063,0.095,0.1,0.07,0.354,0.461,0.074,0.076,0.106,0.251,0.181,0.083,0.153,0.277,0.044,0.065,0.15,0.048,0.41,0.072,0.028,0.098,0.11,0.319,0.307,0.255,0.271,0.089,0.057,0.247,0.057,0.052,0.058,0.061,0.087,0.109,0.119,0.072,0.136,0.08,0.092,0.335,0.142,0.053,0.073,0.046,0.305,0.228,0.065,0.128,0.044,0.085,0.239,0.068,0.074,0.082,0.07,0.08,0.041,0.076,0.222,0.069,0.097,0.14,0.137,0.079,0.075,0.156,0.228,0.115,0.066,0.113,0.054,0.118,0.066,0.055,0.067,0.091,0.381,0.124,0.182,0.079,0.045,0.084,0.291,0.069,0.122,0.079,0.118,0.086,0.052,0.242,0.076,0.063,0.108,0.097,0.137,0.21,0.097,0.158,0.031,0.182,0.388,0.066,0.063,0.151,0.076,0.049,0.498,0.121,0.093,0.065,0.084,0.106,0.059,0.111,0.135,0.048,0.082,0.469,0.107,0.058,0.07,0.081,0.076,0.09,0.213,0.028,0.254,0.07,0.063,0.261,0.054,0.056,0.039,0.1,0.154,0.117,0.32,0.152,0.213,0.074,0.13,0.093,0.088,0.078,0.132,0.085,0.084,0.1,0.105,0.185,0.252,0.248,0.074,0.053,0.08,1.0,0.096,0.122,0.075,0.067,0.044,0.063,0.083,0.104,0.079,0.196,0.035,0.076,0.087,0.079,0.216,0.102,0.192,0.064,0.047,0.329,0.08,0.079
0.22,0.244,0.199,0.214,0.191,0.181,0.288,0.164,0.22,0.236,0.229,0.345,0.219,0.211,0.228,0.149,0.173,0.138,0.27,0.231,0.25,0.191,0.17,0.188,0.209,0.264,0.259,0.296,0.213,0.208,0.247,0.23,0.251,0.168,0.198,0.211,0.244,0.209,0.293,0.224,0.244,0.174,0.259,0.233,0.244,0.227,0.29,0.161,0.224,0.173,0.204,0.256,0.193,0.202,0.27,0.154,0.193,0.179,0.249,0.25,0.25,0.159,0.126,0.215,0.191,0.297,0.199,0.168,0.249,0.218,0.241,0.26,0.291,0.277,0.125,0.199,0.175,0.192,0.21,0.176,0.26,0.266,0.239,0.261,0.136,0.247,0.164,0.158,0.289,0.279,0.133,0.238,0.24,0.277,0.137,0.192,0.168,0.199,0.236,0.196,0.18,0.196,0.236,0.229,0.206,0.342,0.277,0.172,0.18,0.212,0.314,0.149,0.186,0.161,0.148,0.12,0.172,0.158,0.174,0.203,0.118,0.224,0.201,0.232,0.216,0.312,0.245,0.3,0.183,0.228,0.178,0.32,0.165,0.167,0.297,0.312,0.278,0.18,0.317,0.233,0.189,0.2,0.153,0.205,0.239,0.177,0.163,0.256,0.176,0.243,0.191,0.272,0.204,0.295,0.226,0.192,0.206,0.302,0.237,0.331,0.173,0.292,0.285,0.253,0.314,0.165,0.224,0.164,0.093,0.167,0.109,0.143,0.27,0.195,0.233,0.237,0.252,0.351,0.1,0.171,0.251,0.256,0.223,0.204,0.189,0.165,0.198,0.284,0.312,0.136,0.247,0.104,0.288,0.225,0.201,0.173,0.204,0.128,0.224,0.277,0.174,0.127,0.181,0.194,0.283,0.317,0.235,0.253,0.139,0.351,0.143,0.138,0.197,0.337,0.23,0.225,0.162,0.261,0.201,0.237,0.168,0.21,0.186,0.167,0.177,0.123,0.184,0.096,1.0,0.156,0.297,0.25,0.091,0.253,0.178,0.178,0.239,0.148,0.117,0.279,0.152,0.302,0.253,0.192,0.187,0.175,0.159,0.254,0.298,0.132
0.121,0.195,0.344,0.169,0.176,0.124,0.176,0.157,0.296,0.201,0.23,0.154,0.195,0.255,0.253,0.117,0.16,0.168,0.233,0.237,0.166,0.291,0.223,0.371,0.24,0.249,0.203,0.171,0.191,0.193,0.157,0.16,0.245,0.188,0.106,0.13,0.156,0.118,0.178,0.134,0.253,0.147,0.209,0.141,0.178,0.228,0.183,0.184,0.155,0.136,0.179,0.198,0.185,0.232,0.207,0.175,0.221,0.177,0.198,0.199,0.158,0.184,0.135,0.168,0.153,0.198,0.223,0.3,0.144,0.18,0.147,0.218,0.191,0.172,0.121,0.165,0.098,0.234,0.301,0.445,0.16,0.18,0.226,0.218,0.142,0.176,0.227,0.14,0.205,0.198,0.103,0.174,0.155,0.212,0.1,0.153,0.166,0.217,0.131,0.166,0.139,0.132,0.379,0.147,0.206,0.269,0.246,0.077,0.221,0.197,0.198,0.115,0.292,0.175,0.168,0.078,0.142,0.253,0.084,0.209,0.057,0.191,0.186,0.333,0.18,0.224,0.187,0.182,0.138,0.183,0.119,0.16,0.117,0.246,0.2,0.198,0.264,0.246,0.248,0.222,0.109,0.193,0.113,0.371,0.301,0.125,0.102,0.215,0.109,0.241,0.189,0.168,0.174,0.216,0.265,0.127,0.193,0.201,0.282,0.229,0.158,0.181,0.2,0.233,0.226,0.548,0.213,0.25,0.107,0.248,0.071,0.192,0.26,0.16,0.136,0.134,0.244,0.174,0.211,0.135,0.279,0.335,0.166,0.503,0.187,0.123,0.284,0.155,0.205,0.132,0.136,0.124,0.139,0.18,0.202,0.173,0.188,0.149,0.233,0.172,0.14,0.3,0.178,0.209,0.058,0.173,0.194,0.144,0.105,0.258,0.09,0.117,0.163,0.23,0.161,0.165,0.19,0.254,0.2,0.162,0.184,0.218,0.196,0.151,0.166,0.109,0.203,0.122,0.156,1.0,0.303,0.197,0.09,0.233,0.134,0.196,0.199,0.155,0.074,0.167,0.163,0.201,0.193,0.305,0.223,0.147,0.168,0.23,0.192,0.189
0.189,0.435,0.331,0.346,0.165,0.139,0.49,0.17,0.569,0.339,0.25,0.272,0.269,0.255,0.504,0.131,0.322,0.279,0.412,0.255,0.404,0.498,0.269,0.336,0.319,0.206,0.452,0.277,0.352,0.142,0.335,0.216,0.549,0.356,0.323,0.157,0.244,0.151,0.44,0.156,0.32,0.229,0.441,0.214,0.315,0.172,0.491,0.26,0.41,0.161,0.26,0.17,0.228,0.293,0.433,0.215,0.128,0.149,0.235,0.489,0.391,0.575,0.089,0.284,0.196,0.478,0.345,0.23,0.223,0.177,0.42,0.443,0.487,0.457,0.094,0.153,0.128,0.236,0.476,0.272,0.275,0.392,0.39,0.4,0.196,0.417,0.136,0.123,0.458,0.421,0.082,0.34,0.221,0.208,0.112,0.164,0.146,0.412,0.346,0.134,0.306,0.198,0.507,0.402,0.309,0.847,0.392,0.129,0.262,0.276,0.557,0.116,0.366,0.202,0.345,0.09,0.14,0.371,0.119,0.269,0.122,0.296,0.282,0.554,0.399,0.51,0.268,0.515,0.145,0.213,0.139,0.423,0.221,0.489,0.526,0.483,0.486,0.246,0.51,0.406,0.183,0.319,0.14,0.37,0.628,0.132,0.138,0.465,0.188,0.387,0.264,0.19,0.279,0.483,0.195,0.291,0.277,0.466,0.464,0.693,0.244,0.39,0.506,0.545,0.388,0.386,0.412,0.357,0.255,0.536,0.082,0.218,0.196,0.32,0.374,0.257,0.345,0.442,0.094,0.23,0.389,0.753,0.359,0.452,0.196,0.248,0.348,0.22,0.51,0.11,0.251,0.11,0.304,0.374,0.272,0.245,0.183,0.093,0.381,0.457,0.224,0.094,0.305,0.315,0.271,0.279,0.362,0.373,0.1,0.49,0.092,0.129,0.263,0.613,0.202,0.434,0.571,0.236,0.292,0.218,0.314,0.38,0.178,0.234,0.318,0.118,0.294,0.075,0.297,0.303,1.0,0.21,0.079,0.545,0.165,0.28,0.224,0.25,0.119,0.499,0.146,0.466,0.327,0.329,0.243,0.222,0.215,0.153,0.529,0.229
0.184,0.129,0.245,0.203,0.192,0.124,0.166,0.203,0.177,0.275,0.446,0.249,0.234,0.264,0.145,0.121,0.153,0.108,0.151,0.275,0.221,0.124,0.107,0.159,0.301,0.207,0.173,0.242,0.195,0.134,0.184,0.164,0.178,0.138,0.166,0.128,0.21,0.161,0.212,0.148,0.201,0.142,0.229,0.212,0.179,0.206,0.193,0.104,0.132,0.145,0.17,0.152,0.146,0.212,0.186,0.217,0.117,0.153,0.255,0.192,0.234,0.088,0.089,0.145,0.215,0.243,0.259,0.141,0.574,0.256,0.16,0.184,0.196,0.146,0.192,0.163,0.125,0.114,0.13,0.25,0.192,0.209,0.164,0.192,0.116,0.145,0.099,0.5,0.187,0.272,0.236,0.203,0.158,0.191,0.082,0.134,0.173,0.201,0.153,0.234,0.174,0.217,0.167,0.13,0.231,0.254,0.484,0.108,0.128,0.194,0.22,0.1,0.125,0.265,0.169,0.08,0.117,0.155,0.089,0.28,0.092,0.149,0.145,0.143,0.186,0.192,0.297,0.172,0.275,0.194,0.13,0.192,0.16,0.118,0.193,0.2,0.164,0.236,0.217,0.236,0.13,0.146,0.137,0.175,0.154,0.556,0.112,0.198,0.176,0.25,0.101,0.212,0.266,0.19,0.229,0.147,0.174,0.267,0.272,0.188,0.105,0.163,0.17,0.187,0.301,0.112,0.125,0.11,0.151,0.121,0.08,0.145,0.173,0.128,0.149,0.221,0.302,0.188,0.082,0.159,0.236,0.161,0.149,0.25,0.119,0.141,0.238,0.317,0.194,0.123,0.2,0.148,0.2,0.206,0.232,0.133,0.149,0.374,0.177,0.146,0.112,0.127,0.11,0.261,0.218,0.302,0.151,0.142,0.09,0.493,0.085,0.124,0.173,0.202,0.189,0.173,0.088,0.353,0.261,0.171,0.164,0.22,0.137,0.147,0.175,0.102,0.236,0.067,0.25,0.197,0.21,1.0,0.05,0.187,0.155,0.236,0.227,0.155,0.083,0.157,0.198,0.267,0.234,0.19,0.204,0.126,0.111,0.254,0.172,0.082
0.089,0.052,0.069,0.107,0.043,0.152,0.068,0.043,0.1,0.055,0.081,0.078,0.076,0.065,0.059,0.09,0.11,0.066,0.057,0.067,0.061,0.083,0.087,0.079,0.048,0.057,0.063,0.058,0.088,0.05,0.085,0.048,0.103,0.046,0.047,0.112,0.086,0.105,0.079,0.058,0.105,0.055,0.061,0.079,0.056,0.05,0.072,0.092,0.128,0.074,0.073,0.062,0.147,0.073,0.137,0.132,0.05,0.049,0.054,0.114,0.126,0.121,0.048,0.076,0.066,0.072,0.09,0.065,0.089,0.11,0.06,0.132,0.094,0.062,0.058,0.057,0.073,0.113,0.04,0.032,0.075,0.09,0.079,0.108,0.086,0.064,0.031,0.034,0.076,0.065,0.03,0.106,0.097,0.064,0.039,0.094,0.055,0.122,0.051,0.051,0.125,0.117,0.044,0.1,0.067,0.07,0.059,0.169,0.101,0.071,0.115,0.06,0.066,0.073,0.124,0.09,0.038,0.065,0.095,0.049,0.097,0.16,0.165,0.175,0.07,0.076,0.069,0.071,0.049,0.101,0.097,0.07,0.069,0.099,0.075,0.072,0.128,0.062,0.118,0.072,0.054,0.066,0.062,0.102,0.05,0.04,0.031,0.086,0.084,0.079,0.042,0.092,0.034,0.172,0.058,0.106,0.065,0.073,0.067,0.058,0.086,0.065,0.088,0.047,0.094,0.156,0.048,0.037,0.096,0.036,0.096,0.036,0.067,0.222,0.103,0.055,0.069,0.032,0.039,0.046,0.045,0.054,0.086,0.079,0.296,0.102,0.09,0.071,0.076,0.046,0.084,0.034,0.127,0.097,0.118,0.07,0.061,0.027,0.058,0.062,0.276,0.026,0.133,0.059,0.058,0.11,0.06,0.057,0.051,0.069,0.034,0.164,0.058,0.077,0.124,0.094,0.035,0.319,0.095,0.049,0.069,0.087,0.125,0.047,0.059,0.14,0.08,0.044,0.091,0.09,0.079,0.05,1.0,0.047,0.071,0.05,0.08,0.073,0.168,0.072,0.034,0.073,0.07,0.081,0.04,0.064,0.102,0.048,0.067,0.078
0.144,0.473,0.551,0.744,0.237,0.068,0.45,0.209,0.347,0.488,0.245,0.19,0.744,0.456,0.376,0.128,0.256,0.167,0.649,0.607,0.55,0.331,0.303,0.384,0.545,0.151,0.45,0.245,0.744,0.087,0.744,0.303,0.725,0.117,0.342,0.13,0.376,0.104,0.45,0.091,0.545,0.164,1.0,0.245,0.408,0.1,0.545,0.381,0.321,0.168,1.0,0.096,0.29,0.583,0.545,0.577,0.077,0.167,0.191,0.545,0.55,0.115,0.059,0.325,0.308,0.545,0.532,0.117,0.137,0.133,0.45,0.545,0.545,0.579,0.067,0.122,0.08,0.331,0.2,0.109,0.305,0.545,0.55,0.256,0.576,0.579,0.151,0.108,0.545,0.545,0.04,0.163,0.231,0.175,0.088,0.104,1.0,0.46,0.376,0.085,0.273,0.445,0.331,0.273,0.744,0.46,0.303,0.104,0.649,0.647,0.545,0.094,0.456,0.29,0.46,0.041,0.154,0.303,0.126,0.532,0.062,0.456,0.347,0.347,0.649,0.545,0.606,0.55,0.181,0.194,0.081,0.579,0.434,0.133,0.545,0.649,0.532,0.51,0.579,0.545,0.186,0.497,0.103,0.649,0.376,0.099,0.116,0.55,0.094,0.744,0.551,0.13,0.298,0.545,0.177,0.376,0.744,0.545,0.55,0.356,0.606,0.376,0.45,0.744,0.579,0.503,0.392,0.275,0.093,0.115,0.043,0.397,0.122,0.577,0.392,0.199,0.649,0.523,0.143,0.345,0.649,0.376,0.318,0.46,0.172,0.107,0.545,0.177,0.545,0.117,0.579,0.126,0.376,0.744,0.376,0.331,0.186,0.034,0.122,0.579,0.532,0.037,0.612,0.744,0.121,0.245,0.376,0.25,0.071,0.245,0.056,0.123,0.303,0.579,0.194,0.545,0.115,0.284,0.744,0.294,0.376,0.55,0.186,0.376,0.545,0.125,0.321,0.063,0.253,0.233,0.545,0.187,0.047,1.0,0.168,0.55,0.191,0.306,0.109,0.744,0.135,0.545,0.45,0.744,0.5,0.647,0.289,0.061,0.579,0.289
0.473,0.148,0.21,0.323,0.212,0.222,0.186,0.123,0.246,0.176,0.254,0.153,0.173,0.208,0.174,0.896,0.2,0.134,0.163,0.202,0.193,0.186,0.161,0.126,0.152,0.222,0.178,0.241,0.239,0.095,0.368,0.199,0.209,0.102,0.119,0.075,0.265,0.334,0.181,0.135,0.343,0.117,0.199,0.195,0.162,0.111,0.195,0.116,0.245,0.882,0.233,0.111,0.232,0.176,0.268,0.212,0.081,0.213,0.201,0.262,0.146,0.14,0.081,0.117,0.102,0.223,0.22,0.187,0.132,0.494,0.157,0.238,0.2,0.167,0.106,0.096,0.13,0.154,0.124,0.364,0.206,0.166,0.32,0.203,0.245,0.342,0.111,0.132,0.192,0.179,0.048,0.258,0.228,0.145,0.055,0.232,0.182,0.218,0.2,0.09,0.356,0.14,0.156,0.268,0.172,0.27,0.301,0.049,0.239,0.152,0.177,0.132,0.14,0.159,0.157,0.149,0.116,0.121,0.066,0.175,0.036,0.191,0.11,0.158,0.193,0.206,0.187,0.194,0.108,0.345,0.209,0.152,0.277,0.224,0.221,0.228,0.174,0.188,0.366,0.195,0.143,0.207,0.198,0.407,0.158,0.126,0.12,0.173,0.283,0.189,0.119,0.5,0.145,0.306,0.193,0.304,0.106,0.196,0.187,0.222,0.092,0.157,0.196,0.168,0.199,0.144,0.152,0.173,0.131,0.139,0.175,0.096,0.13,0.238,0.185,0.154,0.244,0.133,0.14,0.231,0.18,0.15,0.41,0.162,0.178,0.233,0.182,0.093,0.206,0.066,0.223,0.175,0.33,0.25,0.208,0.197,0.173,0.051,0.224,0.167,0.15,0.054,0.16,0.207,0.077,0.254,0.201,0.139,0.11,0.384,0.062,0.249,0.179,0.229,0.294,0.219,0.068,0.191,0.172,0.225,0.169,0.169,0.198,0.128,0.151,0.289,0.191,0.083,0.178,0.134,0.165,0.155,0.071,0.168,1.0,0.135,0.27,0.134,0.397,0.173,0.129,0.196,0.167,0.336,0.105,0.111,0.185,0.092,0.193,0.095
0.142,0.221,0.327,0.23,0.153,0.073,0.262,0.192,0.247,0.312,0.293,0.15,0.287,0.245,0.233,0.094,0.205,0.171,0.238,0.303,0.268,0.167,0.137,0.182,0.383,0.203,0.266,0.211,0.254,0.107,0.253,0.178,0.259,0.158,0.193,0.101,0.187,0.129,0.269,0.143,0.234,0.166,0.391,0.208,0.239,0.303,0.307,0.136,0.208,0.134,0.31,0.11,0.178,0.343,0.266,0.232,0.096,0.131,0.176,0.298,0.367,0.08,0.12,0.177,0.206,0.279,0.33,0.438,0.209,0.242,0.25,0.282,0.306,0.262,0.213,0.174,0.088,0.124,0.134,0.225,0.194,0.283,0.255,0.186,0.134,0.253,0.128,0.217,0.282,0.382,0.16,0.297,0.183,0.15,0.082,0.129,0.193,0.259,0.201,0.163,0.199,0.222,0.417,0.187,0.365,0.902,0.349,0.09,0.168,0.232,0.284,0.118,0.192,0.19,0.199,0.047,0.183,0.183,0.091,0.309,0.151,0.2,0.204,0.242,0.297,0.29,0.202,0.293,0.208,0.169,0.101,0.266,0.176,0.13,0.319,0.288,0.258,0.274,0.345,0.356,0.154,0.214,0.101,0.189,0.225,0.177,0.105,0.447,0.307,0.469,0.174,0.13,0.289,0.276,0.214,0.199,0.328,0.351,0.472,0.593,0.153,0.213,0.276,0.55,0.32,0.143,0.216,0.155,0.106,0.115,0.045,0.311,0.138,0.185,0.237,0.204,0.38,0.426,0.121,0.17,0.444,0.23,0.212,0.311,0.143,0.206,0.3,0.321,0.29,0.186,0.193,0.121,0.199,0.275,0.257,0.17,0.16,0.189,0.141,0.262,0.145,0.132,0.158,0.466,0.299,0.213,0.225,0.19,0.103,0.45,0.079,0.102,0.197,0.355,0.179,0.29,0.089,0.21,0.365,0.178,0.32,0.357,0.145,0.209,0.257,0.096,0.394,0.104,0.178,0.196,0.28,0.236,0.05,0.55,0.135,1.0,0.172,0.248,0.079,0.283,0.209,0.351,0.3,0.243,0.208,0.177,0.135,0.144,0.299,0.112
0.246,0.258,0.187,0.224,0.19,0.169,0.3,0.144,0.199,0.217,0.316,0.222,0.32,0.517,0.263,0.187,0.152,0.13,0.278,0.22,0.266,0.199,0.209,0.148,0.192,0.236,0.265,0.399,0.3,0.136,0.245,0.298,0.191,0.107,0.206,0.12,0.172,0.156,0.21,0.156,0.197,0.121,0.26,0.306,0.244,0.152,0.259,0.225,0.223,0.292,0.176,0.165,0.239,0.26,0.256,0.235,0.121,0.19,0.753,0.206,0.204,0.096,0.081,0.144,0.125,0.351,0.344,0.209,0.295,0.177,0.223,0.275,0.27,0.28,0.085,0.116,0.13,0.194,0.18,0.304,0.202,0.222,0.26,0.163,0.168,0.258,0.163,0.125,0.288,0.256,0.084,0.296,0.302,0.186,0.089,0.219,0.117,0.163,0.236,0.126,0.215,0.135,0.281,0.214,0.205,0.315,0.602,0.072,0.231,0.256,0.234,0.128,0.205,0.281,0.123,0.111,0.171,0.19,0.139,0.187,0.048,0.232,0.148,0.231,0.238,0.336,0.216,0.316,0.204,0.814,0.122,0.24,0.168,0.162,0.295,0.299,0.26,0.196,0.262,0.233,0.21,0.252,0.215,0.169,0.259,0.119,0.293,0.242,0.176,0.205,0.184,0.183,0.182,0.292,0.245,0.224,0.174,0.298,0.208,0.254,0.23,0.259,0.302,0.191,0.248,0.162,0.244,0.214,0.106,0.124,0.11,0.225,0.176,0.162,0.2,0.226,0.548,0.152,0.137,0.259,0.221,0.229,0.213,0.204,0.233,0.205,0.251,0.136,0.313,0.076,0.205,0.247,0.191,0.275,0.229,0.25,0.226,0.073,0.133,0.28,0.117,0.075,0.156,0.22,0.107,0.462,0.248,0.222,0.109,0.447,0.098,0.185,0.306,0.33,0.508,0.214,0.103,0.158,0.212,0.312,0.186,0.207,0.121,0.125,0.223,0.149,0.264,0.079,0.239,0.199,0.224,0.227,0.08,0.191,0.27,0.172,1.0,0.123,0.093,0.25,0.329,0.298,0.187,0.165,0.153,0.138,0.297,0.129,0.297,0.192
0.124,0.136,0.326,0.215,0.191,0.111,0.15,0.336,0.178,0.196,0.212,0.134,0.142,0.177,0.167,0.107,0.4,0.501,0.145,0.273,0.152,0.144,0.162,0.206,0.233,0.212,0.17,0.149,0.181,0.173,0.176,0.119,0.242,0.317,0.097,0.135,0.225,0.341,0.326,0.214,0.208,0.546,0.213,0.338,0.397,0.151,0.286,0.098,0.139,0.134,0.194,0.165,0.159,0.178,0.208,0.206,0.133,0.125,0.125,0.35,0.18,0.081,0.254,0.393,0.15,0.171,0.25,0.518,0.115,0.138,0.179,0.21,0.194,0.135,0.252,0.255,0.088,0.118,0.102,0.243,0.193,0.226,0.172,0.273,0.109,0.144,0.156,0.109,0.204,0.194,0.061,0.298,0.174,0.197,0.125,0.194,0.188,0.214,0.121,0.161,0.152,0.109,0.282,0.124,0.352,0.409,0.355,0.092,0.171,0.187,0.193,0.3,0.343,0.132,0.389,0.061,0.271,0.189,0.085,0.2,0.186,0.128,0.403,0.154,0.217,0.175,0.206,0.155,0.105,0.12,0.393,0.142,0.135,0.134,0.225,0.174,0.173,0.259,0.276,0.26,0.111,0.272,0.09,0.236,0.136,0.093,0.189,0.193,0.347,0.258,0.136,0.139,0.108,0.193,0.205,0.147,0.176,0.183,0.295,0.324,0.096,0.176,0.155,0.306,0.235,0.154,0.15,0.323,0.316,0.121,0.06,0.189,0.192,0.139,0.151,0.177,0.189,0.237,0.142,0.217,0.258,0.137,0.155,0.206,0.131,0.201,0.321,0.118,0.175,0.305,0.158,0.075,0.163,0.206,0.239,0.268,0.177,0.163,0.2,0.135,0.161,0.297,0.118,0.206,0.372,0.165,0.147,0.125,0.284,0.467,0.205,0.144,0.144,0.19,0.133,0.202,0.256,0.163,0.317,0.124,0.508,0.322,0.488,0.456,0.223,0.136,0.194,0.196,0.148,0.155,0.25,0.155,0.073,0.306,0.134,0.248,0.123,1.0,0.095,0.138,0.114,0.183,0.285,0.264,0.155,0.137,0.119,0.402,0.157,0.13
0.478,0.13,0.15,0.361,0.091,0.287,0.15,0.066,0.22,0.095,0.123,0.11,0.085,0.104,0.105,0.46,0.19,0.066,0.124,0.106,0.104,0.095,0.082,0.083,0.078,0.094,0.138,0.081,0.215,0.073,0.394,0.071,0.217,0.055,0.078,0.102,0.147,0.335,0.11,0.098,0.295,0.089,0.104,0.131,0.09,0.073,0.126,0.143,0.322,0.474,0.158,0.086,0.279,0.154,0.326,0.242,0.064,0.1,0.077,0.275,0.111,0.248,0.046,0.117,0.078,0.138,0.157,0.055,0.1,0.371,0.16,0.277,0.146,0.116,0.107,0.082,0.096,0.247,0.057,0.082,0.139,0.115,0.274,0.171,0.206,0.322,0.047,0.069,0.131,0.119,0.041,0.177,0.111,0.1,0.111,0.133,0.155,0.246,0.136,0.07,0.492,0.159,0.103,0.312,0.126,0.155,0.084,0.084,0.188,0.092,0.228,0.055,0.08,0.153,0.16,0.14,0.051,0.061,0.113,0.082,0.086,0.208,0.088,0.107,0.148,0.153,0.128,0.133,0.105,0.112,0.246,0.132,0.269,0.264,0.145,0.141,0.13,0.116,0.498,0.124,0.058,0.13,0.113,0.205,0.087,0.085,0.047,0.12,0.071,0.125,0.08,0.396,0.074,0.425,0.104,0.462,0.131,0.133,0.142,0.135,0.094,0.108,0.168,0.109,0.176,0.093,0.089,0.052,0.12,0.068,0.211,0.06,0.097,0.382,0.199,0.108,0.095,0.084,0.052,0.075,0.121,0.089,0.187,0.09,0.134,0.267,0.154,0.123,0.153,0.057,0.139,0.058,0.266,0.252,0.177,0.131,0.069,0.039,0.331,0.116,0.279,0.042,0.213,0.122,0.233,0.194,0.124,0.142,0.05,0.092,0.052,0.278,0.129,0.152,0.115,0.238,0.048,0.255,0.121,0.114,0.109,0.134,0.217,0.096,0.095,0.278,0.153,0.035,0.117,0.074,0.119,0.083,0.168,0.109,0.397,0.079,0.093,0.095,1.0,0.115,0.098,0.133,0.114,0.2,0.072,0.192,0.212,0.064,0.129,0.111
0.172,0.417,0.285,0.304,0.142,0.092,0.549,0.164,0.314,0.387,0.245,0.21,0.4,0.255,0.423,0.102,0.187,0.148,0.503,0.215,0.491,0.241,0.24,0.244,0.306,0.162,0.506,0.336,0.419,0.11,0.408,0.262,0.413,0.114,0.343,0.184,0.222,0.107,0.456,0.128,0.368,0.134,0.509,0.243,0.357,0.128,0.595,0.287,0.379,0.189,0.416,0.132,0.226,0.307,0.54,0.181,0.099,0.146,0.258,0.381,0.435,0.143,0.071,0.276,0.281,0.608,0.239,0.183,0.188,0.13,0.462,0.525,0.578,0.53,0.068,0.118,0.099,0.235,0.163,0.158,0.239,0.482,0.482,0.249,0.241,0.483,0.123,0.113,0.598,0.541,0.052,0.237,0.28,0.167,0.1,0.143,0.179,0.265,0.395,0.104,0.235,0.248,0.331,0.331,0.294,0.575,0.303,0.177,0.354,0.317,0.521,0.129,0.243,0.2,0.2,0.055,0.154,0.309,0.299,0.274,0.247,0.328,0.272,0.387,0.365,0.633,0.274,0.578,0.158,0.248,0.089,0.459,0.232,0.149,0.582,0.621,0.524,0.225,0.525,0.401,0.224,0.324,0.117,0.222,0.402,0.122,0.14,0.476,0.162,0.399,0.358,0.143,0.246,0.6,0.202,0.318,0.323,0.602,0.333,0.453,0.349,0.445,0.535,0.744,0.422,0.259,0.404,0.229,0.105,0.144,0.053,0.249,0.157,0.333,0.434,0.224,0.416,0.523,0.099,0.227,0.347,0.41,0.33,0.339,0.214,0.148,0.351,0.235,0.658,0.075,0.298,0.115,0.317,0.417,0.222,0.226,0.207,0.047,0.133,0.53,0.268,0.05,0.368,0.324,0.172,0.301,0.409,0.32,0.1,0.392,0.068,0.123,0.247,0.653,0.31,0.438,0.144,0.194,0.275,0.234,0.251,0.395,0.136,0.181,0.321,0.105,0.279,0.076,0.279,0.167,0.499,0.157,0.072,0.744,0.173,0.283,0.25,0.138,0.115,1.0,0.157,0.602,0.302,0.269,0.312,0.381,0.232,0.096,0.575,0.22
0.285,0.174,0.158,0.192,0.137,0.076,0.192,0.146,0.132,0.185,0.231,0.138,0.209,0.264,0.193,0.086,0.108,0.114,0.192,0.182,0.19,0.133,0.142,0.126,0.248,0.164,0.182,0.252,0.228,0.122,0.202,0.193,0.126,0.093,0.146,0.087,0.136,0.085,0.142,0.107,0.127,0.104,0.23,0.152,0.198,0.177,0.172,0.148,0.132,0.141,0.152,0.135,0.164,0.263,0.174,0.165,0.101,0.136,0.344,0.154,0.177,0.053,0.088,0.096,0.168,0.231,0.237,0.282,0.205,0.229,0.146,0.198,0.18,0.174,0.098,0.111,0.077,0.129,0.147,0.209,0.216,0.155,0.166,0.117,0.089,0.156,0.145,0.177,0.203,0.27,0.233,0.203,0.194,0.282,0.072,0.128,0.091,0.166,0.13,0.179,0.147,0.17,0.2,0.128,0.192,0.206,0.234,0.046,0.149,0.166,0.165,0.097,0.15,0.18,0.085,0.046,0.152,0.229,0.097,0.239,0.036,0.148,0.108,0.147,0.148,0.23,0.137,0.2,0.133,0.269,0.086,0.144,0.248,0.128,0.198,0.191,0.168,0.227,0.187,0.172,0.136,0.182,0.129,0.101,0.162,0.157,0.177,0.202,0.117,0.197,0.12,0.106,0.232,0.195,0.187,0.24,0.14,0.27,0.174,0.176,0.144,0.166,0.196,0.135,0.241,0.101,0.162,0.162,0.098,0.088,0.045,0.266,0.146,0.099,0.126,0.126,0.332,0.107,0.114,0.158,0.211,0.142,0.127,0.224,0.148,0.539,0.172,0.15,0.213,0.084,0.142,0.157,0.119,0.252,0.187,0.169,0.152,0.247,0.133,0.174,0.076,0.078,0.106,0.244,0.07,0.206,0.19,0.262,0.084,0.293,0.083,0.091,0.151,0.22,0.169,0.208,0.066,0.14,0.174,0.53,0.173,0.184,0.095,0.106,0.151,0.088,0.187,0.087,0.152,0.163,0.146,0.198,0.034,0.135,0.129,0.209,0.329,0.114,0.098,0.157,1.0,0.27,0.159,0.118,0.166,0.214,0.204,0.123,0.19,0.125
0.217,0.517,0.4,0.287,0.174,0.13,0.635,0.205,0.403,0.425,0.279,0.26,0.419,0.29,0.47,0.142,0.237,0.19,0.521,0.265,0.467,0.321,0.262,0.288,0.499,0.202,0.545,0.371,0.385,0.145,0.374,0.284,0.408,0.148,0.416,0.175,0.235,0.134,0.412,0.16,0.303,0.172,0.493,0.234,0.34,0.263,0.553,0.29,0.489,0.204,0.341,0.172,0.244,0.427,0.458,0.21,0.125,0.162,0.316,0.37,0.619,0.191,0.088,0.26,0.288,0.577,0.322,0.23,0.32,0.217,0.482,0.474,0.55,0.608,0.146,0.133,0.122,0.253,0.222,0.272,0.291,0.404,0.446,0.238,0.221,0.514,0.172,0.285,0.542,0.951,0.455,0.34,0.267,0.202,0.144,0.192,0.166,0.273,0.4,0.236,0.305,0.613,0.507,0.467,0.365,0.847,0.392,0.148,0.319,0.307,0.452,0.123,0.261,0.252,0.18,0.084,0.166,0.24,0.148,0.428,0.122,0.36,0.267,0.512,0.41,0.633,0.268,0.679,0.19,0.289,0.123,0.544,0.252,0.211,0.616,0.565,0.54,0.274,0.547,0.373,0.218,0.36,0.161,0.239,0.463,0.25,0.188,0.6,0.188,0.553,0.345,0.171,0.367,0.546,0.222,0.302,0.316,1.0,0.479,0.693,0.319,0.489,0.631,0.545,0.411,0.259,0.485,0.252,0.107,0.224,0.08,0.392,0.181,0.332,0.42,0.304,0.484,0.442,0.11,0.265,0.523,0.478,0.412,0.425,0.224,0.248,0.335,0.281,0.633,0.094,0.282,0.151,0.307,0.373,0.264,0.267,0.209,0.333,0.175,0.608,0.217,0.094,0.338,0.394,0.271,0.313,0.422,0.489,0.109,0.49,0.106,0.136,0.308,0.747,0.261,0.455,0.201,0.221,0.288,0.266,0.33,0.463,0.152,0.192,0.312,0.133,0.342,0.079,0.302,0.201,0.466,0.267,0.073,0.545,0.196,0.351,0.298,0.183,0.133,0.602,0.27,1.0,0.334,0.263,0.362,0.261,0.289,0.153,0.668,0.249
0.199,0.252,0.352,0.289,0.328,0.158,0.342,0.28,0.314,0.314,0.273,0.226,0.213,0.279,0.297,0.134,0.249,0.213,0.274,0.325,0.302,0.199,0.154,0.272,0.326,0.508,0.357,0.229,0.28,0.351,0.303,0.179,0.35,0.273,0.22,0.263,0.291,0.255,0.376,0.272,0.355,0.275,0.373,0.31,0.389,0.225,0.357,0.162,0.279,0.159,0.244,0.432,0.217,0.227,0.407,0.249,0.298,0.189,0.186,0.345,0.305,0.129,0.253,0.238,0.298,0.337,0.301,0.421,0.168,0.235,0.348,0.343,0.343,0.277,0.235,0.33,0.126,0.198,0.175,0.474,0.41,0.363,0.324,0.359,0.17,0.269,0.147,0.125,0.355,0.326,0.089,0.297,0.197,0.408,0.228,0.307,0.336,0.294,0.292,0.405,0.25,0.198,0.417,0.263,0.38,0.736,0.349,0.109,0.265,0.286,0.35,0.198,0.204,0.224,0.29,0.102,0.22,0.26,0.137,0.291,0.106,0.231,0.332,0.311,0.351,0.359,0.286,0.33,0.139,0.184,0.199,0.272,0.203,0.207,0.38,0.356,0.338,0.416,0.544,0.382,0.165,0.253,0.146,0.327,0.276,0.123,0.126,0.333,0.178,0.379,0.245,0.234,0.232,0.34,0.294,0.256,0.246,0.334,0.434,0.593,0.156,0.481,0.357,0.45,0.405,0.156,0.262,0.242,0.106,0.225,0.102,0.196,0.396,0.244,0.306,0.245,0.283,0.349,0.196,0.222,0.394,0.279,0.283,0.267,0.161,0.206,0.364,0.196,0.359,0.301,0.308,0.096,0.299,0.345,0.312,0.18,0.209,0.155,0.364,0.277,0.183,0.341,0.187,0.29,0.312,0.249,0.296,0.284,0.183,0.45,0.153,0.173,0.23,0.418,0.186,0.369,0.162,0.269,0.364,0.211,0.336,0.327,0.278,0.305,0.348,0.118,0.267,0.216,0.253,0.193,0.327,0.234,0.07,0.45,0.167,0.3,0.187,0.285,0.114,0.302,0.159,0.334,1.0,0.339,0.288,0.2,0.172,0.57,0.357,0.144
0.264,0.206,0.415,0.458,0.224,0.148,0.235,0.191,0.378,0.3,0.236,0.171,0.243,0.241,0.254,0.358,0.311,0.168,0.24,0.366,0.24,0.305,0.174,0.303,0.288,0.203,0.263,0.177,0.351,0.151,0.395,0.17,0.38,0.209,0.155,0.123,0.363,0.239,0.281,0.142,0.413,0.175,0.32,0.233,0.231,0.163,0.28,0.175,0.274,0.291,0.289,0.149,0.236,0.238,0.347,0.33,0.137,0.198,0.148,0.376,0.238,0.203,0.119,0.21,0.178,0.265,0.362,0.345,0.13,0.334,0.234,0.323,0.277,0.22,0.143,0.171,0.125,0.238,0.236,0.272,0.253,0.294,0.321,0.268,0.233,0.278,0.187,0.106,0.276,0.261,0.057,0.34,0.171,0.194,0.102,0.194,0.335,0.367,0.244,0.144,0.309,0.197,0.507,0.254,0.383,0.847,0.392,0.086,0.246,0.289,0.295,0.113,0.245,0.193,0.308,0.113,0.131,0.206,0.09,0.288,0.122,0.233,0.226,0.271,0.347,0.269,0.266,0.243,0.125,0.172,0.207,0.22,0.247,0.28,0.281,0.32,0.264,0.371,0.43,0.342,0.135,0.244,0.138,0.664,0.271,0.098,0.09,0.263,0.19,0.346,0.212,0.348,0.19,0.346,0.223,0.285,0.294,0.263,0.397,0.693,0.15,0.22,0.252,0.869,0.356,0.279,0.219,0.201,0.114,0.247,0.124,0.155,0.188,0.311,0.249,0.176,0.269,0.572,0.145,0.21,0.341,0.289,0.317,0.343,0.156,0.324,0.367,0.146,0.277,0.17,0.258,0.109,0.316,0.371,0.331,0.192,0.2,0.138,0.304,0.22,0.242,0.381,0.251,0.314,0.271,0.231,0.283,0.188,0.098,0.49,0.076,0.168,0.2,0.301,0.18,0.343,0.156,0.245,0.4,0.202,0.274,0.317,0.235,0.282,0.315,0.169,0.253,0.102,0.192,0.305,0.329,0.19,0.081,0.744,0.336,0.243,0.165,0.264,0.2,0.269,0.118,0.263,0.339,1.0,0.224,0.229,0.174,0.389,0.253,0.141
0.116,0.326,0.239,0.207,0.176,0.071,0.292,0.209,0.24,0.302,0.177,0.149,0.242,0.255,0.233,0.077,0.152,0.148,0.412,0.255,0.229,0.245,0.18,0.378,0.413,0.218,0.3,0.186,0.26,0.313,0.255,0.146,0.255,0.227,0.161,0.133,0.169,0.152,0.233,0.223,0.253,0.166,0.331,0.18,0.279,0.348,0.297,0.206,0.302,0.107,0.227,0.256,0.174,0.282,0.285,0.173,0.349,0.156,0.16,0.225,0.277,0.078,0.204,0.167,0.228,0.287,0.213,0.213,0.167,0.149,0.242,0.28,0.286,0.32,0.203,0.241,0.076,0.28,0.236,0.155,0.178,0.233,0.354,0.205,0.14,0.287,0.197,0.145,0.356,0.358,0.334,0.213,0.142,0.221,0.218,0.23,0.252,0.159,0.203,0.368,0.168,0.248,0.494,0.218,0.241,0.493,0.247,0.076,0.236,0.23,0.25,0.148,0.24,0.177,0.129,0.041,0.182,0.198,0.095,0.286,0.079,0.212,0.232,0.268,0.272,0.351,0.196,0.363,0.131,0.15,0.12,0.301,0.165,0.116,0.318,0.322,0.32,0.327,0.381,0.227,0.129,0.27,0.09,0.196,0.248,0.145,0.086,0.331,0.121,0.396,0.507,0.16,0.189,0.273,0.298,0.171,0.268,0.362,0.287,0.529,0.2,0.262,0.319,0.5,0.35,0.18,0.244,0.234,0.06,0.145,0.041,0.239,0.471,0.212,0.207,0.224,0.31,0.382,0.225,0.179,0.417,0.252,0.227,0.26,0.114,0.147,0.226,0.175,0.351,0.256,0.196,0.082,0.176,0.236,0.183,0.179,0.179,1.0,0.256,0.32,0.152,0.63,0.248,0.231,0.156,0.172,0.261,0.289,0.139,0.313,0.138,0.071,0.19,0.403,0.138,0.286,0.142,0.165,0.217,0.145,0.196,0.279,0.191,0.189,0.189,0.074,0.213,0.192,0.187,0.223,0.243,0.204,0.04,0.5,0.105,0.208,0.153,0.155,0.072,0.312,0.166,0.362,0.288,0.224,1.0,0.18,0.201,0.329,0.347,0.177
0.215,0.293,0.192,0.315,0.15,0.071,0.232,0.121,0.165,0.326,0.186,0.119,0.267,0.19,0.22,0.094,0.118,0.104,0.301,0.22,0.232,0.157,0.153,0.159,0.22,0.119,0.288,0.164,0.443,0.088,0.323,0.185,0.236,0.077,0.14,0.148,0.166,0.069,0.254,0.093,0.174,0.102,0.337,0.148,0.167,0.1,0.301,0.173,0.158,0.119,0.385,0.092,0.155,0.277,0.239,0.185,0.069,0.132,0.142,0.2,0.224,0.058,0.067,0.143,0.208,0.26,0.224,0.145,0.118,0.156,0.221,0.275,0.28,0.266,0.07,0.1,0.068,0.144,0.126,0.094,0.181,0.339,0.223,0.132,0.162,0.254,0.097,0.099,0.257,0.243,0.058,0.149,0.144,0.254,0.093,0.103,0.135,0.272,0.159,0.101,0.162,0.163,0.288,0.139,0.327,0.414,0.283,0.113,0.247,0.41,0.308,0.082,0.155,0.168,0.165,0.044,0.1,0.2,0.348,0.185,0.214,0.189,0.133,0.187,0.308,0.285,0.303,0.261,0.153,0.137,0.071,0.253,0.228,0.094,0.267,0.3,0.253,0.23,0.294,0.368,0.157,0.21,0.08,0.176,0.178,0.092,0.078,0.26,0.111,0.265,0.203,0.123,0.167,0.261,0.272,0.301,0.252,0.261,0.307,0.319,0.22,0.182,0.241,0.869,0.327,0.19,0.178,0.127,0.094,0.074,0.041,0.223,0.108,0.197,0.231,0.147,0.251,0.572,0.093,0.133,0.284,0.18,0.204,0.196,0.114,0.297,0.242,0.175,0.306,0.077,0.176,0.096,0.145,0.315,0.219,0.175,0.114,0.085,0.134,0.266,0.196,0.058,0.262,0.233,0.217,0.157,0.176,0.253,0.068,0.232,0.053,0.074,0.175,0.321,0.194,0.311,0.054,0.154,0.284,0.275,0.275,0.206,0.107,0.166,0.279,0.141,0.221,0.064,0.175,0.147,0.222,0.126,0.064,0.647,0.111,0.177,0.138,0.137,0.192,0.381,0.214,0.261,0.2,0.229,0.18,1.0,0.167,0.101,0.281,0.153
0.174,0.329,0.163,0.234,0.106,0.207,0.309,0.098,0.196,0.236,0.192,0.139,0.193,0.26,0.277,0.192,0.185,0.113,0.676,0.164,0.225,0.231,0.296,0.149,0.187,0.111,0.302,0.224,0.235,0.078,0.238,0.176,0.213,0.064,0.155,0.085,0.161,0.121,0.197,0.076,0.209,0.115,0.24,0.15,0.192,0.084,0.251,0.351,0.296,0.205,0.232,0.09,0.483,0.598,0.29,0.309,0.064,0.098,0.308,0.25,0.191,0.153,0.048,0.135,0.111,0.319,0.3,0.13,0.168,0.127,0.277,0.376,0.261,0.295,0.095,0.071,0.082,0.309,0.108,0.132,0.17,0.205,0.261,0.152,0.181,0.306,0.098,0.075,0.284,0.242,0.045,0.466,0.196,0.106,0.112,0.143,0.099,0.197,0.194,0.073,0.261,0.181,0.461,0.279,0.223,0.292,0.205,0.061,0.312,0.268,0.225,0.071,0.206,0.413,0.146,0.082,0.101,0.153,0.23,0.136,0.049,0.272,0.131,0.223,0.273,0.442,0.215,0.314,0.112,0.246,0.118,0.25,0.173,0.15,0.299,0.307,0.298,0.216,0.303,0.214,0.132,0.368,0.203,0.174,0.226,0.075,0.164,0.236,0.1,0.206,0.216,0.143,0.135,0.355,0.156,0.24,0.198,0.289,0.191,0.33,0.296,0.212,0.338,0.289,0.272,0.18,0.205,0.164,0.127,0.079,0.115,0.238,0.099,0.327,0.236,0.182,0.323,0.209,0.071,0.179,0.306,0.212,0.269,0.171,0.272,0.283,0.25,0.123,0.371,0.05,0.178,0.133,0.23,0.301,0.303,0.38,0.124,0.044,0.095,0.295,0.252,0.046,0.284,0.23,0.203,0.208,0.21,0.199,0.06,0.253,0.057,0.192,0.344,0.343,0.161,0.286,0.072,0.262,0.198,0.185,0.223,0.201,0.158,0.106,0.201,0.281,0.226,0.047,0.159,0.168,0.215,0.111,0.102,0.289,0.185,0.135,0.297,0.119,0.212,0.232,0.204,0.289,0.172,0.174,0.201,0.167,1.0,0.069,0.296,0.566
0.124,0.085,0.258,0.228,0.566,0.107,0.13,0.307,0.104,0.115,0.152,0.254,0.129,0.19,0.111,0.09,0.277,0.277,0.103,0.208,0.13,0.114,0.077,0.224,0.153,0.505,0.13,0.152,0.129,0.812,0.17,0.129,0.185,0.402,0.085,0.286,0.258,0.402,0.254,0.373,0.225,0.333,0.152,0.26,0.373,0.554,0.153,0.063,0.096,0.092,0.126,0.642,0.12,0.069,0.3,0.129,0.336,0.179,0.129,0.185,0.13,0.086,0.402,0.192,0.248,0.153,0.185,0.348,0.117,0.174,0.13,0.153,0.153,0.111,0.402,0.505,0.121,0.19,0.244,0.178,0.407,0.153,0.213,0.505,0.056,0.111,0.196,0.067,0.185,0.153,0.062,0.093,0.138,0.521,0.429,0.684,0.6,0.15,0.111,0.57,0.105,0.101,0.056,0.105,0.256,0.111,0.129,0.077,0.178,0.129,0.185,0.26,0.196,0.091,0.111,0.062,0.26,0.229,0.063,0.143,0.038,0.094,0.291,0.098,0.129,0.153,0.254,0.13,0.088,0.116,0.221,0.129,0.124,0.178,0.153,0.153,0.13,0.41,0.505,0.238,0.115,0.162,0.088,0.398,0.111,0.064,0.075,0.13,0.077,0.462,0.252,0.228,0.069,0.153,0.218,0.111,0.187,0.153,0.34,0.087,0.061,0.336,0.13,0.061,0.325,0.071,0.215,0.35,0.049,0.239,0.065,0.173,0.505,0.085,0.111,0.174,0.129,0.041,0.225,0.079,0.266,0.111,0.099,0.111,0.101,0.091,0.178,0.129,0.153,0.402,0.148,0.045,0.174,0.153,0.149,0.083,0.232,0.048,0.505,0.111,0.07,0.477,0.063,0.111,0.08,0.187,0.143,0.202,0.26,0.152,0.21,0.066,0.129,0.153,0.116,0.153,0.214,0.174,0.254,0.124,0.158,0.197,0.373,0.402,0.153,0.071,0.129,0.329,0.254,0.23,0.153,0.254,0.048,0.061,0.092,0.144,0.129,0.402,0.064,0.096,0.123,0.153,0.57,0.389,0.329,0.101,0.069,1.0,0.13,0.046
0.203,0.54,0.293,0.285,0.159,0.113,0.74,0.171,0.421,0.341,0.262,0.237,0.38,0.313,0.548,0.122,0.218,0.175,0.609,0.236,0.572,0.306,0.292,0.269,0.319,0.186,0.583,0.389,0.393,0.131,0.384,0.286,0.469,0.134,0.552,0.192,0.235,0.122,0.475,0.142,0.357,0.157,0.459,0.252,0.378,0.15,0.613,0.345,0.474,0.209,0.317,0.158,0.251,0.359,0.567,0.195,0.115,0.152,0.311,0.395,0.5,0.18,0.081,0.288,0.214,0.682,0.272,0.211,0.24,0.15,0.583,0.552,0.61,0.87,0.084,0.126,0.112,0.279,0.198,0.225,0.362,0.452,0.556,0.26,0.325,0.744,0.149,0.135,0.66,0.572,0.074,0.297,0.304,0.184,0.127,0.171,0.171,0.284,0.442,0.123,0.28,0.259,0.417,0.43,0.289,0.808,0.349,0.158,0.358,0.316,0.525,0.132,0.304,0.24,0.2,0.069,0.171,0.266,0.155,0.335,0.106,0.398,0.317,0.556,0.371,0.725,0.281,0.75,0.17,0.292,0.108,0.796,0.373,0.185,0.697,0.645,0.684,0.238,0.645,0.351,0.227,0.383,0.144,0.226,0.472,0.154,0.175,0.573,0.178,0.414,0.481,0.159,0.312,0.663,0.217,0.326,0.334,0.668,0.376,0.593,0.416,0.591,0.728,0.579,0.449,0.27,0.524,0.273,0.108,0.192,0.067,0.33,0.176,0.346,0.564,0.272,0.471,0.416,0.104,0.269,0.395,0.484,0.393,0.384,0.236,0.206,0.366,0.264,0.725,0.085,0.425,0.13,0.331,0.405,0.249,0.267,0.223,0.073,0.156,0.87,0.239,0.075,0.36,0.335,0.23,0.329,0.462,0.431,0.108,0.45,0.088,0.137,0.287,0.856,0.275,0.476,0.186,0.212,0.262,0.258,0.305,0.395,0.154,0.198,0.32,0.116,0.303,0.08,0.298,0.192,0.529,0.172,0.067,0.579,0.193,0.299,0.297,0.157,0.129,0.575,0.19,0.668,0.357,0.253,0.347,0.281,0.296,0.13,1.0,0.272
0.089,0.31,0.143,0.155,0.094,0.098,0.279,0.081,0.185,0.21,0.118,0.12,0.158,0.217,0.256,0.072,0.126,0.135,0.653,0.138,0.193,0.216,0.344,0.164,0.173,0.078,0.274,0.157,0.21,0.057,0.168,0.121,0.193,0.102,0.135,0.082,0.109,0.062,0.21,0.06,0.153,0.125,0.213,0.142,0.164,0.061,0.234,0.31,0.237,0.106,0.175,0.069,0.276,0.366,0.227,0.167,0.052,0.077,0.2,0.182,0.171,0.084,0.068,0.157,0.096,0.27,0.174,0.102,0.116,0.071,0.257,0.326,0.249,0.268,0.068,0.061,0.076,0.231,0.077,0.087,0.101,0.18,0.188,0.219,0.114,0.226,0.063,0.087,0.25,0.206,0.03,0.129,0.176,0.078,0.101,0.117,0.073,0.188,0.165,0.057,0.135,0.134,0.461,0.18,0.169,0.292,0.15,0.067,0.205,0.208,0.2,0.13,0.217,0.272,0.117,0.062,0.07,0.132,0.216,0.137,0.049,0.229,0.141,0.241,0.226,0.407,0.188,0.284,0.085,0.163,0.077,0.231,0.142,0.095,0.308,0.274,0.314,0.156,0.254,0.177,0.102,0.33,0.09,0.148,0.197,0.125,0.116,0.214,0.251,0.193,0.19,0.069,0.11,0.279,0.116,0.136,0.18,0.249,0.191,0.33,0.26,0.179,0.305,0.289,0.174,0.217,0.184,0.154,0.151,0.075,0.054,0.2,0.077,0.241,0.158,0.19,0.249,0.209,0.054,0.176,0.29,0.194,0.224,0.182,0.146,0.087,0.24,0.107,0.336,0.06,0.164,0.09,0.135,0.194,0.187,0.261,0.147,0.027,0.062,0.268,0.15,0.03,0.246,0.158,0.203,0.137,0.185,0.179,0.102,0.188,0.04,0.084,0.306,0.319,0.117,0.234,0.07,0.195,0.139,0.124,0.192,0.214,0.122,0.136,0.151,0.09,0.213,0.079,0.132,0.189,0.229,0.082,0.078,0.289,0.095,0.112,0.192,0.13,0.111,0.22,0.125,0.249,0.144,0.141,0.177,0.153,0.566,0.046,0.272,1.0
