10011,10827,55333,2176,1296,4097,53827,1305,51129,56259,129531,8828,91801,79884,64121,115106,26156,57590,145581,931,9168,197370,4065,11155,57506,79677,1385,1278,146057,71,60,64782,79647,9392,9158,5170,55041,55332,5563,80254,84498,8573,8428,4747,57463,57646,59338,169714,55740,27101,8879,7402,84131,121506,152330,54206,5576,8660,51735,10735,10251,3209,5727,84343,302,65979,55601,59277,54892,282809,51148,27295,10254,57826,3955,84062,8082,54602,3696,57519,29078,79784,22822,29110,57045,9204,127262,8284,801,4313,800,55193,4139,27032,64839,4077,7259,131034,84557,56616,1520,7456,9538,25923,10922,80777,55154,54806,9736,57619,84266,114791,51060,55024,79056,6478,339123,3111,26524,1457,23551,7357,389072,598,53616,2776,221184,152137,84275,23413,7088,6405,26578,85364,134218,752014,29767,345778,4054,80731,256714,1456,821,7532,11080,81029,51388,1290,23481,51643,4012,222256,25932,22871,28981,54541,81848,246175,23787,51657,58517,57530,9197,5125,613227,84561,221981,55366,55198,2824,9373,79875,54968,89765,55329,5641,6711,10274,27152,54510,57531,1072,728498,79745,2673,4921,3964,196528,659,55971,5074,2043,84936,3106,6525,7779,26509,27436,30061,3916,55602,858,51175,29844,4763,7474,140689,9217,50807,221935,114787,79132,124491,1830,394,10579,7454,9236,57111,64167,493856,5793,7750,137970,2936,5101,6575,57568,79135,2923,51162,2081,79039,90806,51174,4089,655,171024,118813,1600,65084,80023,8935,79582,80005,8800,10205,441027,7837,79982,1954,4815,65268,2188,123016,9209,4683,59349,9529,4034,140809,64114,54149,3216,4739,5202,57534,285237,57606,23235,283131,51192,81542,25984,57620,83464,3507,128338,51324,57161,55109,4254,3551,56121,80206,5166,55605,54940,8445,889,5584,84879,55161,4674,6092,10395,4117,57471,79109,79140,54431,2036,253260,1894,10152,58494,285382,23094,64091,347902,51441,1073,9060,440498,146760,79633,57153,3134,114885,55142,3613,57446,6801,10059,8502,4131,92344,55612,116442,10868,59345,116841,80315,4660,6093,23603,5583,25909,10758,79901,5058,54509
1.0,0.129,0.24,0.078,0.122,0.395,0.229,0.192,0.24,0.148,0.085,0.199,0.096,0.154,0.214,0.115,0.306,0.113,0.23,0.231,0.177,0.119,0.064,0.355,0.272,0.23,0.409,0.184,0.272,0.178,0.801,0.125,0.648,0.272,0.122,0.231,0.634,0.171,0.272,0.234,0.331,0.294,0.272,0.085,0.215,0.234,0.199,0.164,0.166,0.152,0.208,0.243,0.151,0.164,0.624,0.342,0.231,0.272,0.175,0.095,0.39,0.164,0.624,0.105,0.383,0.292,0.089,0.263,0.23,0.164,0.154,0.355,0.272,0.225,0.206,0.24,0.154,0.161,0.291,0.075,0.056,0.163,0.148,0.199,0.15,0.273,0.152,0.132,0.231,0.287,0.138,0.648,0.577,0.176,0.265,0.624,0.129,0.064,0.091,0.176,0.199,0.12,0.312,0.138,0.208,0.1,0.086,0.294,0.162,0.194,0.133,0.127,0.172,0.205,0.129,0.24,0.145,0.103,0.246,0.292,0.272,0.411,0.589,0.264,0.361,0.199,0.064,0.031,0.231,0.273,0.272,0.199,0.272,0.089,0.164,0.411,0.21,0.086,0.346,0.11,0.11,0.272,0.164,0.493,0.122,0.457,0.081,0.591,0.292,0.24,0.14,0.194,0.411,0.493,0.174,0.315,0.423,0.23,0.22,0.241,0.185,0.129,0.144,0.152,0.063,0.127,0.11,0.306,0.488,0.253,0.272,0.081,0.07,0.232,0.078,0.23,0.155,0.095,0.221,0.154,0.177,0.273,0.081,0.085,0.102,0.389,0.139,0.648,0.389,0.188,0.148,0.577,0.245,0.369,0.243,0.157,0.127,0.164,0.068,0.213,0.312,0.411,0.127,0.292,0.493,0.656,0.132,0.175,0.158,0.14,0.24,0.18,0.074,0.122,0.157,0.178,0.263,0.23,0.251,0.096,0.171,0.272,0.129,0.166,0.274,0.154,0.158,0.129,0.07,0.164,0.291,0.161,0.139,0.292,0.14,0.411,0.624,0.139,0.24,0.226,0.086,0.164,0.272,0.057,0.281,0.272,0.245,0.074,0.154,0.093,0.22,0.164,0.373,0.096,0.167,0.129,0.292,0.239,0.315,0.164,0.076,0.22,0.322,0.13,0.275,0.169,0.199,0.148,0.091,0.231,0.18,0.11,0.147,0.344,0.09,0.199,0.205,0.171,0.131,0.126,0.291,0.392,0.339,0.154,0.208,0.205,0.212,0.514,0.199,0.274,0.275,0.366,0.171,0.05,0.281,0.373,0.231,0.251,0.24,0.057,0.161,0.092,0.24,0.399,0.227,0.332,0.164,0.251,0.389,0.292,0.656,0.127,0.101,0.071,0.315,0.33,0.144,0.137,0.331,0.115,0.272,0.411,0.373,0.241,0.281,0.275,0.055,0.154,0.171,0.199,0.231,0.102,0.202,0.193,0.493,0.423,0.397,0.197,0.231,0.07,0.277,0.272
0.129,1.0,0.15,0.228,0.334,0.116,0.183,0.334,0.467,0.185,0.228,0.383,0.269,0.135,0.38,0.189,0.248,0.112,0.196,0.334,0.157,0.269,0.383,0.38,0.232,0.269,0.467,0.269,0.253,0.275,0.467,0.329,0.153,0.242,0.148,0.258,0.199,0.156,0.306,0.329,0.301,0.383,0.315,0.202,0.279,0.467,0.284,0.467,0.258,0.224,0.171,0.329,0.232,0.467,0.301,0.205,0.218,0.296,0.296,0.183,0.265,0.269,0.296,0.329,0.329,0.277,0.271,0.38,0.207,0.467,0.383,0.38,0.296,0.221,0.232,0.253,0.383,0.168,0.383,0.157,0.172,0.467,0.15,0.329,0.129,0.296,1.0,0.245,0.296,0.467,0.176,0.38,0.296,0.329,0.269,0.239,1.0,0.186,0.239,0.329,0.467,0.317,0.239,0.252,0.169,0.38,0.296,0.38,0.38,0.334,0.269,0.38,0.07,0.285,1.0,0.306,0.296,0.208,0.214,0.38,0.467,0.334,0.234,0.329,0.234,0.329,0.186,0.275,0.329,0.151,0.232,0.253,0.467,0.26,0.467,0.467,0.329,0.296,0.15,0.253,0.253,0.292,0.467,0.38,0.284,0.301,0.252,0.256,0.467,0.15,0.34,0.334,0.334,0.301,0.19,0.329,0.265,0.207,0.151,0.209,0.199,1.0,0.315,0.34,0.181,0.226,0.253,0.38,0.63,0.269,0.292,0.252,0.229,0.12,0.228,0.38,0.253,0.183,0.38,0.383,0.296,0.38,0.252,0.202,0.279,0.383,0.26,0.245,0.38,0.209,0.329,0.329,0.306,0.383,0.296,0.224,0.329,0.467,0.194,0.329,0.38,0.334,0.38,0.265,0.63,0.38,0.162,0.252,0.232,0.279,0.144,0.271,0.246,0.334,0.383,0.253,0.383,0.207,0.275,0.329,0.156,0.218,1.0,0.301,0.228,0.383,0.329,1.0,0.229,0.467,0.232,0.329,0.172,0.171,0.38,0.383,0.329,0.134,0.315,0.214,0.296,1.0,0.204,0.147,0.258,0.296,0.383,0.228,0.383,0.25,0.274,0.383,0.296,0.269,0.252,1.0,0.265,0.205,0.467,0.269,0.38,0.277,0.139,0.274,0.3,0.467,0.292,0.15,0.202,0.209,0.275,0.253,0.269,0.22,0.252,0.229,0.334,0.275,0.147,0.205,0.383,0.207,0.329,0.383,0.217,0.334,0.317,0.296,0.269,0.296,0.38,0.467,0.329,0.113,0.334,0.329,0.266,0.306,0.296,0.147,0.38,0.247,0.296,0.269,0.296,0.334,0.284,0.329,1.0,0.279,0.334,0.38,0.315,0.185,0.111,0.334,0.315,0.383,0.301,0.189,0.301,0.334,0.467,0.296,0.34,0.253,0.163,0.383,0.315,0.269,0.209,0.214,0.38,0.199,0.38,0.296,0.209,0.229,0.334,0.261,0.329,0.258
0.24,0.15,1.0,0.107,0.092,0.181,0.135,0.176,0.29,0.137,0.07,0.374,0.107,0.121,0.248,0.089,0.205,0.242,0.164,0.234,0.236,0.115,0.099,0.172,0.208,0.141,0.203,0.278,0.309,0.248,0.189,0.152,0.208,0.272,0.176,0.373,0.288,0.194,0.228,0.191,0.246,0.287,0.357,0.065,0.148,0.192,0.295,0.179,0.142,0.294,0.218,0.184,0.105,0.152,0.207,0.3,0.304,0.217,0.178,0.07,0.495,0.159,0.281,0.085,0.202,0.32,0.169,0.203,0.166,0.151,0.118,0.172,0.263,0.289,0.411,0.261,0.12,0.219,0.355,0.08,0.051,0.128,0.168,0.217,0.325,0.19,0.197,0.217,0.189,0.208,0.279,0.225,0.267,0.149,0.25,0.322,0.15,0.154,0.107,0.228,0.16,0.097,0.203,0.098,0.211,0.112,0.066,0.229,0.229,0.19,0.156,0.098,0.454,0.281,0.123,0.276,0.387,0.117,0.336,0.239,0.355,0.252,0.122,0.281,0.26,0.317,0.154,0.061,0.203,0.391,0.397,0.263,0.345,0.165,0.179,0.221,0.146,0.064,0.211,0.118,0.118,0.329,0.109,0.342,0.091,0.267,0.087,0.197,0.187,0.33,0.174,0.171,0.238,0.209,0.22,0.321,0.444,0.202,0.307,0.329,0.14,0.122,0.107,0.191,0.067,0.086,0.118,0.3,0.297,0.197,0.229,0.051,0.053,0.077,0.091,0.196,0.155,0.07,0.272,0.171,0.224,0.205,0.087,0.091,0.101,0.292,0.191,0.271,0.297,0.128,0.108,0.276,0.218,0.152,0.141,0.106,0.137,0.121,0.082,0.197,0.312,0.249,0.099,0.26,0.337,0.259,0.165,0.145,0.106,0.149,0.139,0.254,0.057,0.132,0.292,0.132,0.207,0.231,0.277,0.085,0.127,0.504,0.121,0.104,0.201,0.167,0.13,0.15,0.052,0.141,0.53,0.207,0.146,0.187,0.245,0.294,0.245,0.181,0.194,0.334,0.093,0.185,0.69,0.044,0.256,0.29,0.169,0.099,0.209,0.092,0.275,0.185,0.42,0.124,0.121,0.15,0.15,0.209,0.197,0.271,0.105,0.349,0.163,0.121,0.31,0.135,0.256,0.168,0.073,0.299,0.14,0.118,0.154,0.09,0.077,0.205,0.168,0.138,0.438,0.254,0.434,0.233,0.275,0.167,0.112,0.156,0.157,0.255,0.313,0.631,0.212,0.154,0.213,0.052,0.254,0.357,0.216,0.231,0.287,0.061,0.197,0.099,0.303,0.217,0.203,0.203,0.136,0.124,0.177,0.203,0.238,0.09,0.09,0.173,0.165,0.258,0.192,0.107,0.097,0.088,0.289,0.321,0.423,0.127,0.198,0.154,0.059,0.213,0.133,0.308,0.317,0.093,0.212,0.124,0.268,0.289,0.273,0.137,0.297,0.083,0.297,0.373
0.078,0.228,0.107,1.0,0.187,0.197,0.142,0.148,0.164,0.222,0.115,0.125,0.442,0.131,0.255,0.23,0.18,0.099,0.161,0.24,0.124,0.488,0.192,0.149,0.185,0.427,0.233,0.158,0.201,0.16,0.219,0.352,0.166,0.287,0.153,0.175,0.126,0.143,0.226,0.302,0.175,0.158,0.374,0.168,0.113,0.333,0.279,0.253,0.149,0.048,0.242,0.094,0.164,0.386,0.138,0.101,0.181,0.146,0.179,0.17,0.125,0.184,0.128,0.234,0.2,0.134,0.111,0.162,0.126,0.238,0.179,0.149,0.281,0.141,0.106,0.172,0.168,0.157,0.15,0.402,0.257,0.138,0.075,0.178,0.121,0.153,0.163,0.27,0.151,0.215,0.18,0.305,0.22,0.12,0.194,0.156,0.228,0.316,0.297,0.23,0.207,0.364,0.176,0.299,0.32,0.342,0.182,0.155,0.202,0.205,0.362,0.262,0.177,0.133,0.178,0.204,0.125,0.159,0.192,0.319,0.205,0.194,0.117,0.169,0.197,0.175,0.316,0.042,0.265,0.184,0.187,0.129,0.224,0.14,0.253,0.167,0.142,0.184,0.124,0.315,0.315,0.239,0.219,0.17,0.234,0.141,0.319,0.138,0.301,0.223,0.188,0.19,0.164,0.171,0.175,0.196,0.104,0.271,0.178,0.21,0.197,0.21,0.15,0.169,0.689,0.112,0.315,0.129,0.192,0.159,0.192,0.134,0.424,0.152,0.139,0.207,0.171,0.17,0.144,0.165,0.249,0.169,0.319,0.287,0.261,0.185,0.142,0.303,0.12,0.219,0.198,0.162,0.069,0.144,0.146,0.093,0.138,0.207,0.064,0.131,0.354,0.167,0.203,0.377,0.117,0.165,0.365,0.174,0.161,0.153,0.198,0.13,0.259,0.173,0.205,0.152,0.344,0.112,0.136,0.176,0.15,0.219,0.228,0.117,0.427,0.228,0.055,0.228,0.144,0.409,0.108,0.299,0.439,0.178,0.188,0.189,0.152,0.17,0.228,0.15,0.351,0.161,0.303,0.193,0.084,0.288,0.132,0.144,0.333,0.475,0.105,0.163,0.192,0.71,0.16,0.228,0.485,0.224,0.22,0.192,0.5,0.13,0.081,0.184,0.193,0.184,0.228,0.075,0.244,0.247,0.192,0.183,0.279,0.146,0.043,0.269,0.142,0.106,0.145,0.179,0.145,0.088,0.222,0.228,0.168,0.211,0.197,0.12,0.33,0.216,0.242,0.161,0.368,0.502,0.113,0.158,0.243,0.149,0.196,0.385,0.318,0.274,0.213,0.235,0.217,0.106,0.054,0.152,0.125,0.11,0.215,0.188,0.183,0.372,0.198,0.157,0.148,0.101,0.1,0.275,0.241,0.219,0.207,0.248,0.191,0.159,0.371,0.21,0.207,0.197,0.183,0.172,0.245,0.075,0.163,0.181,0.218,0.217,0.215,0.054,0.245,0.238
0.122,0.334,0.092,0.187,1.0,0.079,0.272,0.604,0.18,0.101,0.177,0.2,0.154,0.146,0.141,0.229,0.152,0.083,0.283,0.162,0.118,0.128,0.121,0.219,0.091,0.133,0.111,0.333,0.165,0.166,0.149,0.105,0.107,0.18,0.274,0.137,0.19,0.142,0.13,0.151,0.198,0.302,0.174,0.198,0.309,0.188,0.179,0.388,0.219,0.077,0.14,0.18,0.189,0.316,0.312,0.071,0.14,0.099,0.152,0.209,0.104,0.075,0.09,0.317,0.129,0.159,0.075,0.32,0.178,0.26,0.688,0.219,0.239,0.113,0.094,0.171,0.502,0.077,0.366,0.228,0.152,0.197,0.127,0.097,0.142,0.259,0.26,0.203,0.116,0.305,0.182,0.173,0.19,0.23,0.109,0.131,0.334,0.139,0.189,0.158,0.22,0.288,0.21,0.276,0.118,0.155,0.306,0.135,0.12,0.191,0.167,0.274,0.072,0.132,0.249,0.142,0.073,0.15,0.13,0.138,0.149,0.143,0.193,0.127,0.237,0.123,0.139,0.076,0.179,0.158,0.119,0.12,0.189,0.077,0.388,0.25,0.187,0.31,0.11,0.334,0.334,0.175,0.218,0.191,0.13,0.156,0.206,0.461,0.229,0.119,0.142,0.451,0.194,0.2,0.127,0.142,0.115,0.16,0.152,0.149,0.121,0.334,0.224,0.122,0.239,0.159,0.334,0.115,0.119,0.25,0.14,0.546,0.242,0.156,0.235,0.117,0.181,0.209,0.116,0.494,0.218,0.195,0.341,0.303,0.134,0.275,0.102,0.154,0.107,0.212,0.227,0.148,0.109,0.086,0.212,0.083,0.149,0.303,0.108,0.119,0.191,0.187,0.313,0.159,0.171,0.114,0.198,0.145,0.17,0.384,0.207,0.074,0.252,1.0,0.432,0.226,0.15,0.181,0.203,0.1,0.176,0.184,0.243,0.489,0.174,0.831,0.094,0.334,0.243,0.289,0.116,0.125,0.121,0.116,0.275,0.122,0.143,0.116,0.213,0.143,0.377,0.252,0.217,0.182,0.139,0.3,0.611,0.116,0.567,0.236,0.085,0.568,0.129,0.17,0.149,0.334,0.133,0.136,0.19,0.162,0.133,0.108,0.132,0.076,0.179,0.256,0.182,0.127,0.222,0.142,0.142,0.159,0.136,0.244,0.076,0.113,0.086,0.112,0.117,0.098,0.369,0.124,0.127,0.831,0.199,0.125,0.202,0.17,0.136,0.152,0.191,0.129,0.259,0.169,0.189,0.163,0.15,0.218,0.2,0.206,0.164,0.292,0.194,0.127,0.189,0.387,0.09,0.24,0.178,0.377,0.172,0.216,0.158,0.149,0.128,0.478,0.159,0.065,0.166,0.227,0.18,0.215,0.181,0.226,0.438,0.2,0.199,0.371,0.299,0.108,0.149,0.159,0.122,0.121,0.175,0.184,0.121,0.184,0.127,0.091,0.153,0.226
0.395,0.116,0.181,0.197,0.079,1.0,0.098,0.14,0.133,0.194,0.057,0.17,0.188,0.112,0.201,0.083,0.202,0.088,0.123,0.111,0.124,0.209,0.045,0.138,0.21,0.202,0.401,0.148,0.156,0.159,0.268,0.234,0.4,0.37,0.094,0.148,0.585,0.22,0.16,0.16,0.189,0.129,0.166,0.051,0.164,0.117,0.109,0.14,0.096,0.214,0.169,0.126,0.127,0.107,0.195,0.317,0.144,0.16,0.09,0.062,0.161,0.661,0.316,0.07,0.298,0.179,0.063,0.161,0.146,0.097,0.103,0.138,0.143,0.203,0.219,0.161,0.103,0.204,0.228,0.064,0.034,0.097,0.142,0.197,0.171,0.145,0.113,0.497,0.129,0.134,0.097,0.406,0.273,0.099,0.176,0.235,0.116,0.052,0.078,0.15,0.105,0.075,0.152,0.084,0.361,0.166,0.055,0.286,0.14,0.136,0.124,0.082,0.104,0.136,0.098,0.163,0.199,0.071,0.186,0.217,0.176,0.256,0.303,0.125,0.205,0.153,0.052,0.06,0.204,0.202,0.38,0.167,0.197,0.114,0.14,0.213,0.126,0.054,0.176,0.094,0.094,0.176,0.096,0.193,0.435,0.226,0.066,0.192,0.203,0.14,0.14,0.087,0.21,0.138,0.08,0.161,0.162,0.247,0.167,0.165,0.291,0.095,0.088,0.194,0.051,0.07,0.094,0.222,0.149,0.177,0.157,0.041,0.045,0.111,0.052,0.154,0.136,0.062,0.171,0.139,0.126,0.14,0.066,0.071,0.243,0.27,0.093,0.365,0.233,0.111,0.096,0.222,0.183,0.18,0.118,0.057,0.09,0.1,0.068,0.106,0.148,0.113,0.087,0.398,0.182,0.229,0.173,0.079,0.09,0.113,0.24,0.127,0.049,0.103,0.121,0.114,0.24,0.182,0.196,0.126,0.173,0.206,0.568,0.102,0.18,0.132,0.132,0.116,0.044,0.098,0.189,0.183,0.3,0.271,0.106,0.322,0.285,0.161,0.139,0.178,0.07,0.152,0.257,0.04,0.149,0.153,0.121,0.052,0.093,0.061,0.217,0.146,0.155,0.179,0.096,0.116,0.255,0.162,0.171,0.134,0.05,0.152,0.208,0.644,0.156,0.177,0.144,0.142,0.069,0.17,0.169,0.064,0.192,0.239,0.061,0.186,0.137,0.163,0.126,0.154,0.191,0.23,0.252,0.132,0.108,0.176,0.124,0.21,0.195,0.207,0.196,0.18,0.103,0.041,0.169,0.159,0.14,0.179,0.133,0.047,0.153,0.077,0.144,0.147,0.14,0.143,0.118,0.159,0.162,0.164,0.287,0.075,0.166,0.059,0.175,0.185,0.12,0.084,0.147,0.08,0.166,0.228,0.171,0.096,0.146,0.191,0.044,0.107,0.162,0.158,0.175,0.069,0.208,0.133,0.208,0.17,0.366,0.118,0.125,0.069,0.145,0.166
0.229,0.183,0.135,0.142,0.272,0.098,1.0,0.191,0.123,0.086,0.096,0.14,0.069,0.14,0.094,0.177,0.144,0.082,0.204,0.155,0.139,0.07,0.058,0.117,0.099,0.101,0.106,0.11,0.203,0.15,0.155,0.069,0.179,0.167,0.137,0.143,0.249,0.157,0.127,0.174,0.135,0.241,0.148,0.146,0.285,0.116,0.2,0.196,0.129,0.034,0.112,0.242,0.167,0.149,0.21,0.08,0.139,0.144,0.322,0.134,0.143,0.059,0.089,0.218,0.146,0.143,0.065,0.151,0.163,0.281,0.271,0.117,0.206,0.113,0.088,0.185,0.212,0.125,0.18,0.27,0.109,0.107,0.131,0.085,0.182,0.148,0.144,0.136,0.165,0.107,0.161,0.166,0.165,0.224,0.074,0.132,0.183,0.055,0.123,0.118,0.137,0.214,0.189,0.193,0.113,0.079,0.154,0.167,0.095,0.104,0.117,0.179,0.153,0.117,0.129,0.147,0.08,0.145,0.147,0.132,0.153,0.118,0.085,0.148,0.27,0.128,0.055,0.027,0.158,0.198,0.158,0.12,0.181,0.059,0.196,0.125,0.114,0.153,0.111,0.22,0.22,0.16,0.131,0.194,0.074,0.102,0.216,0.148,0.188,0.15,0.085,0.274,0.129,0.201,0.237,0.111,0.15,0.186,0.139,0.175,0.116,0.167,0.198,0.071,0.262,0.167,0.22,0.109,0.151,0.194,0.129,0.11,0.211,0.238,0.21,0.108,0.146,0.134,0.175,0.21,0.142,0.136,0.216,0.201,0.069,0.148,0.048,0.168,0.09,0.202,0.192,0.183,0.135,0.077,0.113,0.185,0.127,0.156,0.216,0.128,0.184,0.137,0.164,0.152,0.109,0.11,0.224,0.117,0.268,0.225,0.301,0.09,0.157,0.428,0.219,0.144,0.169,0.193,0.259,0.06,0.136,0.234,0.136,0.268,0.156,0.373,0.133,0.183,0.115,0.153,0.118,0.085,0.094,0.162,0.159,0.103,0.124,0.145,0.205,0.112,0.235,0.124,0.265,0.361,0.121,0.221,0.253,0.054,0.206,0.182,0.079,0.232,0.255,0.076,0.273,0.183,0.109,0.112,0.179,0.157,0.061,0.144,0.124,0.059,0.185,0.148,0.128,0.131,0.153,0.128,0.13,0.113,0.222,0.124,0.243,0.083,0.063,0.096,0.113,0.085,0.186,0.133,0.106,0.373,0.133,0.103,0.133,0.144,0.115,0.189,0.171,0.115,0.164,0.21,0.116,0.156,0.217,0.192,0.168,0.602,0.109,0.179,0.156,0.124,0.153,0.181,0.042,0.116,0.103,0.231,0.19,0.113,0.082,0.064,0.162,0.224,0.166,0.071,0.103,0.182,0.147,0.192,0.223,0.174,0.288,0.166,0.552,0.186,0.199,0.092,0.141,0.149,0.1,0.133,0.146,0.173,0.143,0.179,0.113,0.081,0.133,0.189
0.192,0.334,0.176,0.148,0.604,0.14,0.191,1.0,0.234,0.21,0.135,0.41,0.129,0.11,0.139,0.165,0.213,0.063,0.266,0.194,0.091,0.117,0.119,0.398,0.116,0.135,0.118,0.554,0.268,0.268,0.201,0.096,0.153,0.157,0.209,0.167,0.19,0.142,0.145,0.145,0.185,0.308,0.179,0.155,0.408,0.186,0.153,0.388,0.217,0.583,0.116,0.37,0.149,0.246,0.464,0.293,0.119,0.102,0.129,0.154,0.286,0.409,0.306,0.234,0.203,0.303,0.079,0.488,0.144,0.253,0.475,0.398,0.19,0.133,0.337,0.202,0.434,0.075,0.531,0.228,0.111,0.271,0.127,0.114,0.143,0.297,0.261,0.149,0.161,0.325,0.298,0.178,0.244,0.266,0.254,0.219,0.334,0.139,0.159,0.144,0.207,0.214,0.15,0.199,0.104,0.137,0.199,0.316,0.115,0.376,0.14,0.224,0.072,0.119,0.271,0.135,0.147,0.127,0.157,0.139,0.146,0.253,0.311,0.123,0.401,0.136,0.139,0.213,0.165,0.191,0.265,0.309,0.282,0.094,0.388,0.435,0.37,0.201,0.102,0.334,0.334,0.152,0.206,0.22,0.121,0.277,0.206,0.54,0.211,0.094,0.185,0.486,0.247,0.276,0.158,0.254,0.317,0.13,0.179,0.166,0.096,0.298,0.182,0.345,0.239,0.136,0.334,0.256,0.149,0.403,0.163,0.315,0.166,0.178,0.157,0.147,0.302,0.154,0.357,0.545,0.179,0.253,0.341,0.303,0.159,0.396,0.208,0.158,0.337,0.157,0.174,0.206,0.306,0.158,0.366,0.085,0.191,0.257,0.135,0.113,0.165,0.203,0.234,0.205,0.35,0.211,0.409,0.137,0.134,0.441,0.336,0.094,0.173,1.0,0.365,0.327,0.19,0.136,0.221,0.131,0.121,0.223,0.252,0.387,0.14,0.831,0.17,0.334,0.157,0.244,0.301,0.123,0.097,0.094,0.213,0.239,0.345,0.088,0.244,0.251,0.377,0.441,0.217,0.117,0.185,0.221,0.648,0.142,0.567,0.172,0.347,0.642,0.12,0.133,0.304,0.334,0.13,0.222,0.203,0.349,0.12,0.168,0.247,0.233,0.195,0.228,0.155,0.127,0.159,0.122,0.122,0.138,0.122,0.235,0.071,0.106,0.128,0.183,0.117,0.082,0.447,0.284,0.138,0.831,0.204,0.127,0.198,0.161,0.124,0.23,0.2,0.248,0.209,0.169,0.41,0.31,0.196,0.448,0.264,0.206,0.156,0.292,0.255,0.209,0.233,0.404,0.334,0.338,0.348,0.436,0.277,0.184,0.143,0.149,0.179,0.537,0.154,0.087,0.17,0.171,0.152,0.234,0.232,0.221,0.366,0.29,0.199,0.407,0.229,0.245,0.278,0.13,0.118,0.195,0.251,0.22,0.15,0.137,0.124,0.125,0.193,0.182
0.24,0.467,0.29,0.164,0.18,0.133,0.123,0.234,1.0,0.226,0.15,0.247,0.167,0.111,0.212,0.123,0.295,0.09,0.168,0.195,0.115,0.167,0.192,0.195,0.177,0.186,0.242,0.254,0.206,0.222,0.234,0.186,0.143,0.189,0.126,0.301,0.264,0.194,0.285,0.182,0.186,0.222,0.25,0.135,0.206,0.281,0.176,0.543,0.152,0.305,0.199,0.177,0.144,0.273,0.217,0.187,0.159,0.239,0.214,0.117,0.169,0.13,0.191,0.176,0.199,0.243,0.117,0.189,0.162,0.238,0.222,0.195,0.201,0.149,0.204,0.168,0.202,0.136,0.354,0.195,0.119,0.179,0.591,0.182,0.114,0.204,0.258,0.123,0.175,0.282,0.241,0.217,0.207,0.164,0.179,0.21,0.467,0.205,0.165,0.297,0.201,0.179,0.181,0.158,0.181,0.211,0.138,0.287,0.189,0.191,0.218,0.206,0.459,0.154,0.267,0.335,0.292,0.115,0.244,0.252,0.177,0.184,0.273,0.398,0.206,0.196,0.205,0.116,0.194,0.154,0.284,0.177,0.196,0.146,0.543,0.275,0.16,0.14,0.135,0.311,0.311,0.197,0.229,0.192,0.227,0.211,0.274,0.19,0.245,0.322,0.192,0.209,0.206,0.186,0.113,0.341,0.159,0.155,0.222,0.229,0.264,0.275,0.171,0.202,0.2,0.171,0.311,0.18,0.219,0.192,0.225,0.098,0.124,0.089,0.115,0.2,0.202,0.117,0.175,0.23,0.184,0.334,0.274,0.242,0.156,0.226,0.161,0.193,0.258,0.137,0.278,0.212,0.176,0.194,0.17,0.147,0.142,0.257,0.157,0.184,0.262,0.2,0.202,0.249,0.315,0.23,0.176,0.166,0.132,0.172,0.171,0.15,0.125,0.388,0.22,0.172,0.199,0.175,0.195,0.15,0.123,0.196,0.249,0.15,0.23,0.469,0.168,0.467,0.115,0.278,0.239,0.189,0.124,0.142,0.196,0.231,0.248,0.106,0.207,0.185,0.311,0.295,0.28,0.08,0.16,0.222,0.227,0.122,0.302,0.165,0.188,0.255,0.234,0.174,0.14,0.467,0.171,0.171,0.267,0.156,0.209,0.403,0.164,0.104,0.204,0.257,0.187,0.591,0.115,0.165,0.144,0.147,0.156,0.137,0.104,0.148,0.169,0.155,0.167,0.114,0.404,0.193,0.189,0.469,0.136,0.287,0.164,0.221,0.193,0.389,0.333,0.196,0.203,0.134,0.228,0.257,0.175,0.226,0.316,0.168,0.247,0.286,0.282,0.224,0.182,0.232,0.137,0.189,0.286,0.327,0.191,0.173,0.184,0.306,0.129,0.226,0.156,0.123,0.153,0.129,0.21,0.226,0.211,0.218,0.247,0.162,0.178,0.232,0.2,0.181,0.184,0.121,0.312,0.108,0.224,0.207,0.255,0.15,0.207,0.168,0.209,0.204
0.148,0.185,0.137,0.222,0.101,0.194,0.086,0.21,0.226,1.0,0.067,0.205,0.252,0.098,0.227,0.085,0.322,0.107,0.106,0.152,0.103,0.155,0.127,0.208,0.152,0.193,0.22,0.208,0.181,0.151,0.195,0.376,0.17,0.178,0.086,0.168,0.264,0.165,0.183,0.105,0.14,0.129,0.209,0.06,0.164,0.15,0.11,0.178,0.099,0.338,0.263,0.192,0.078,0.14,0.186,0.189,0.129,0.16,0.084,0.073,0.176,0.283,0.211,0.085,0.19,0.2,0.104,0.172,0.194,0.122,0.132,0.208,0.142,0.117,0.205,0.146,0.142,0.174,0.202,0.073,0.077,0.117,1.0,0.151,0.158,0.11,0.161,0.16,0.119,0.151,0.138,0.211,0.189,0.101,0.2,0.159,0.185,0.059,0.094,0.394,0.219,0.094,0.149,0.105,0.39,0.142,0.07,0.236,0.158,0.18,0.165,0.101,0.273,0.126,0.154,0.27,0.149,0.112,0.271,0.211,0.163,0.167,0.173,0.316,0.296,0.136,0.059,0.086,0.174,0.159,0.274,0.188,0.213,0.121,0.178,0.231,0.181,0.069,0.145,0.112,0.112,0.223,0.113,0.159,0.117,0.168,0.078,0.176,0.288,0.266,0.169,0.115,0.14,0.142,0.082,0.235,0.178,0.293,0.351,0.275,0.59,0.154,0.11,0.24,0.058,0.072,0.112,0.196,0.134,0.181,0.155,0.052,0.055,0.084,0.063,0.201,0.166,0.073,0.205,0.216,0.134,0.167,0.078,0.083,0.229,0.214,0.115,0.187,0.213,0.104,0.45,0.159,0.207,0.168,0.181,0.057,0.1,0.127,0.074,0.132,0.177,0.105,0.11,0.344,0.225,0.189,0.229,0.083,0.112,0.155,0.188,0.125,0.059,0.127,0.137,0.16,0.137,0.253,0.185,0.183,0.124,0.188,0.19,0.103,0.206,0.165,0.098,0.185,0.055,0.133,0.23,0.23,0.427,0.187,0.14,0.195,0.224,0.146,0.131,0.173,0.084,0.262,0.279,0.046,0.124,0.141,0.169,0.074,0.135,0.074,0.204,0.234,0.164,0.196,0.122,0.185,0.235,0.15,0.144,0.215,0.071,0.232,0.171,0.218,0.165,0.154,0.154,1.0,0.088,0.176,0.157,0.102,0.094,0.108,0.075,0.217,0.173,0.14,0.145,0.149,0.199,0.297,0.158,0.165,0.092,0.165,0.107,0.138,0.162,0.207,0.223,0.155,0.115,0.044,0.192,0.244,0.152,0.191,0.25,0.052,0.149,0.092,0.233,0.22,0.127,0.123,0.199,0.147,0.194,0.243,0.212,0.097,0.156,0.068,0.112,0.2,0.12,0.127,0.109,0.083,0.192,0.182,0.171,0.12,0.154,0.152,0.049,0.13,0.13,0.209,0.212,0.08,0.168,0.101,0.159,0.123,0.211,0.103,0.152,0.071,0.152,0.155
0.085,0.228,0.07,0.115,0.177,0.057,0.096,0.135,0.15,0.067,1.0,0.099,0.091,0.414,0.09,0.243,0.114,0.055,0.114,0.106,0.088,0.082,0.081,0.138,0.077,0.092,0.083,0.122,0.212,0.101,0.165,0.066,0.076,0.148,0.078,0.093,0.13,0.096,0.101,0.17,0.118,0.116,0.119,0.124,0.1,0.137,0.114,0.242,0.138,0.05,0.096,0.097,0.114,0.179,0.128,0.059,0.096,0.082,0.148,0.304,0.074,0.05,0.073,0.19,0.148,0.152,0.053,0.116,0.251,0.205,0.168,0.138,0.194,0.076,0.069,0.12,0.152,0.11,0.122,0.276,0.095,0.127,0.083,0.069,0.061,0.164,0.177,0.124,0.118,0.116,0.114,0.194,0.134,0.12,0.075,0.089,0.228,0.086,0.127,0.103,0.097,0.175,0.136,0.171,0.082,0.101,0.172,0.102,0.105,0.126,0.145,0.304,0.054,0.081,0.18,0.114,0.099,0.081,0.159,0.117,0.106,0.11,0.123,0.13,0.092,0.101,0.086,0.044,0.128,0.113,0.09,0.087,0.131,0.058,0.242,0.151,0.123,0.206,0.073,0.236,0.236,0.118,0.134,0.1,0.081,0.102,0.142,0.127,0.167,0.082,0.108,0.143,0.122,0.12,0.094,0.093,0.059,0.114,0.142,0.109,0.08,0.226,0.137,0.084,0.174,0.117,0.236,0.087,0.11,0.11,0.101,0.125,0.144,0.101,0.138,0.093,0.295,0.304,0.082,0.148,0.162,0.267,0.234,0.22,0.092,0.121,0.066,0.144,0.078,0.143,0.137,0.107,0.23,0.067,0.131,0.056,0.124,0.335,0.082,0.097,0.156,0.161,0.345,0.13,0.099,0.086,0.147,0.121,0.133,0.106,0.158,0.061,0.192,0.173,0.167,0.14,0.11,0.175,0.133,0.088,0.117,0.13,0.168,0.112,0.118,0.221,0.064,0.228,0.202,0.173,0.078,0.08,0.079,0.178,0.298,0.079,0.094,0.093,0.143,0.095,0.251,0.172,0.155,0.114,0.084,0.193,0.13,0.07,0.167,0.14,0.064,0.149,0.097,0.097,0.099,0.228,0.118,0.103,0.157,0.135,0.086,0.144,0.093,0.05,0.121,0.175,0.113,0.083,0.144,0.098,0.096,0.1,0.079,0.145,0.059,0.077,0.059,0.09,0.076,0.061,0.133,0.088,0.086,0.221,0.129,0.088,0.136,0.121,0.088,0.107,0.142,0.098,0.2,0.133,0.078,0.11,0.112,0.16,0.128,0.155,0.12,0.203,0.129,0.243,0.128,0.11,0.06,0.14,0.145,0.098,0.103,0.139,0.123,0.095,0.093,0.121,0.104,0.05,0.106,0.233,0.121,0.146,0.125,0.158,0.213,0.136,0.147,0.141,0.18,0.072,0.103,0.12,0.079,0.096,0.171,0.14,0.094,0.248,0.088,0.079,0.105,0.156
0.199,0.383,0.374,0.125,0.2,0.17,0.14,0.41,0.247,0.205,0.099,1.0,0.122,0.1,0.217,0.118,0.233,0.108,0.205,0.258,0.157,0.12,0.113,0.306,0.193,0.178,0.2,0.38,0.366,0.431,0.321,0.119,0.196,0.224,0.162,0.366,0.351,0.227,0.218,0.188,0.247,0.256,0.328,0.118,0.427,0.199,0.232,0.469,0.412,0.569,0.166,0.302,0.157,0.182,0.59,0.311,0.199,0.213,0.168,0.108,0.406,0.295,0.365,0.156,0.276,0.375,0.11,0.532,0.154,0.188,0.258,0.306,0.217,0.22,0.371,0.373,0.236,0.116,0.5,0.181,0.076,0.216,0.224,0.197,0.178,0.209,0.192,0.141,0.233,0.278,0.301,0.214,0.338,0.235,0.366,0.228,0.383,0.19,0.135,0.207,0.179,0.157,0.14,0.14,0.16,0.131,0.122,0.393,0.174,0.324,0.139,0.16,0.261,0.153,0.177,0.214,0.22,0.105,0.266,0.245,0.241,0.355,0.303,0.214,0.394,0.29,0.19,0.118,0.231,0.334,0.388,0.831,0.27,0.114,0.469,0.382,0.363,0.121,0.183,0.281,0.281,0.23,0.178,0.33,0.112,0.398,0.245,0.292,0.203,0.16,0.165,0.356,0.295,0.4,0.194,0.419,0.357,0.178,0.288,0.321,0.099,0.195,0.141,0.32,0.183,0.116,0.281,0.302,0.281,0.417,0.313,0.1,0.101,0.161,0.152,0.234,0.324,0.108,0.402,0.391,0.214,0.293,0.245,0.221,0.136,0.462,0.234,0.218,0.411,0.126,0.142,0.447,0.298,0.173,0.272,0.105,0.14,0.192,0.106,0.165,0.201,0.261,0.157,0.251,0.419,0.391,0.497,0.16,0.141,0.329,0.658,0.16,0.107,0.831,0.274,0.259,0.223,0.193,0.363,0.102,0.107,0.483,0.174,0.463,0.161,1.0,0.155,0.383,0.096,0.191,0.465,0.201,0.124,0.097,0.196,0.376,0.423,0.167,0.38,0.368,0.274,0.41,0.847,0.099,0.285,0.226,0.396,0.117,0.351,0.126,0.38,0.498,0.212,0.122,0.248,0.383,0.165,0.282,0.251,0.398,0.117,0.233,0.294,0.198,0.318,0.183,0.197,0.224,0.114,0.197,0.151,0.174,0.127,0.201,0.074,0.166,0.165,0.146,0.485,0.128,0.489,0.309,0.272,1.0,0.189,0.163,0.321,0.197,0.217,0.387,0.28,0.308,0.185,0.126,0.584,0.373,0.223,0.312,0.311,0.19,0.185,0.257,0.307,0.31,0.308,0.324,0.363,0.29,0.311,0.358,0.307,0.136,0.112,0.214,0.271,0.484,0.157,0.108,0.184,0.121,0.219,0.308,0.402,0.197,0.25,0.449,0.167,0.302,0.164,0.369,0.322,0.103,0.18,0.37,0.36,0.31,0.262,0.122,0.226,0.1,0.407,0.263
0.096,0.269,0.107,0.442,0.154,0.188,0.069,0.129,0.167,0.252,0.091,0.122,1.0,0.075,0.293,0.105,0.176,0.109,0.099,0.154,0.071,0.44,0.213,0.116,0.162,0.386,0.221,0.117,0.165,0.123,0.146,0.523,0.125,0.225,0.142,0.17,0.151,0.125,0.188,0.253,0.188,0.157,0.32,0.094,0.095,0.404,0.193,0.306,0.12,0.059,0.242,0.103,0.13,0.411,0.107,0.102,0.188,0.136,0.122,0.102,0.116,0.175,0.133,0.132,0.144,0.127,0.12,0.109,0.107,0.169,0.2,0.116,0.196,0.16,0.108,0.144,0.181,0.161,0.183,0.111,0.102,0.099,0.096,0.19,0.131,0.096,0.181,0.212,0.127,0.196,0.072,0.204,0.191,0.1,0.185,0.17,0.269,0.245,0.226,0.19,0.191,0.144,0.143,0.103,0.374,0.291,0.108,0.118,0.213,0.166,0.398,0.155,0.215,0.15,0.205,0.201,0.125,0.069,0.201,0.267,0.215,0.157,0.147,0.169,0.194,0.198,0.245,0.054,0.187,0.155,0.213,0.114,0.22,0.149,0.306,0.181,0.086,0.108,0.107,0.179,0.179,0.305,0.186,0.182,0.255,0.145,0.137,0.087,0.353,0.197,0.178,0.126,0.143,0.105,0.089,0.22,0.105,0.209,0.144,0.162,0.215,0.199,0.16,0.149,0.099,0.09,0.179,0.159,0.144,0.077,0.179,0.078,0.088,0.071,0.093,0.186,0.111,0.102,0.086,0.176,0.197,0.127,0.137,0.133,0.234,0.173,0.137,0.172,0.122,0.087,0.121,0.14,0.079,0.156,0.11,0.09,0.117,0.199,0.074,0.121,0.338,0.119,0.167,0.243,0.119,0.144,0.086,0.121,0.08,0.091,0.092,0.149,0.092,0.214,0.206,0.12,0.173,0.127,0.12,0.167,0.119,0.202,0.239,0.124,0.324,0.273,0.062,0.269,0.086,0.338,0.11,0.315,0.499,0.172,0.175,0.178,0.13,0.116,0.144,0.154,0.151,0.177,0.383,0.065,0.092,0.196,0.149,0.142,0.157,0.222,0.105,0.178,0.208,0.642,0.065,0.269,0.338,0.165,0.153,0.1,0.319,0.132,0.067,0.175,0.147,0.182,0.238,0.096,0.092,0.266,0.158,0.164,0.258,0.11,0.049,0.253,0.18,0.102,0.193,0.185,0.152,0.092,0.23,0.273,0.089,0.206,0.119,0.135,0.403,0.121,0.189,0.119,0.276,0.07,0.096,0.117,0.198,0.1,0.161,0.085,0.326,0.153,0.188,0.146,0.14,0.123,0.062,0.118,0.133,0.098,0.176,0.129,0.172,0.498,0.168,0.172,0.147,0.094,0.109,0.105,0.25,0.195,0.16,0.114,0.145,0.104,0.085,0.167,0.171,0.201,0.18,0.105,0.259,0.052,0.134,0.135,0.205,0.096,0.23,0.062,0.225,0.2
0.154,0.135,0.121,0.131,0.146,0.112,0.14,0.11,0.111,0.098,0.414,0.1,0.075,1.0,0.104,0.526,0.148,0.095,0.139,0.136,0.176,0.108,0.056,0.19,0.115,0.124,0.117,0.113,0.235,0.122,0.178,0.087,0.123,0.184,0.1,0.132,0.264,0.171,0.168,0.333,0.156,0.138,0.159,0.176,0.102,0.131,0.139,0.163,0.155,0.036,0.134,0.103,0.143,0.143,0.118,0.077,0.164,0.123,0.134,0.581,0.118,0.071,0.082,0.251,0.142,0.23,0.067,0.109,0.38,0.313,0.136,0.19,0.227,0.112,0.1,0.165,0.126,0.092,0.115,0.72,0.128,0.144,0.145,0.095,0.109,0.267,0.136,0.166,0.164,0.106,0.182,0.264,0.232,0.124,0.09,0.121,0.135,0.062,0.148,0.131,0.097,0.2,0.19,0.228,0.133,0.082,0.207,0.124,0.112,0.146,0.123,0.432,0.104,0.106,0.115,0.138,0.091,0.097,0.194,0.181,0.176,0.116,0.088,0.205,0.144,0.141,0.062,0.03,0.167,0.178,0.155,0.095,0.205,0.065,0.163,0.121,0.18,0.206,0.123,0.293,0.459,0.178,0.107,0.157,0.072,0.103,0.158,0.126,0.265,0.147,0.085,0.127,0.211,0.128,0.166,0.123,0.092,0.211,0.155,0.199,0.142,0.344,0.118,0.078,0.253,0.111,0.293,0.107,0.154,0.19,0.127,0.119,0.182,0.239,0.176,0.117,0.24,0.581,0.135,0.125,0.161,0.255,0.238,0.373,0.078,0.146,0.053,0.246,0.092,0.295,0.198,0.126,0.345,0.082,0.188,0.06,0.101,0.381,0.063,0.13,0.186,0.218,0.464,0.232,0.106,0.108,0.172,0.126,0.199,0.112,0.116,0.095,0.185,0.118,0.166,0.288,0.164,0.31,0.176,0.068,0.16,0.198,0.116,0.088,0.186,0.152,0.055,0.135,0.15,0.142,0.108,0.094,0.104,0.278,0.375,0.107,0.128,0.187,0.166,0.136,0.252,0.11,0.279,0.28,0.1,0.256,0.1,0.06,0.146,0.158,0.069,0.122,0.142,0.081,0.167,0.135,0.168,0.116,0.167,0.134,0.065,0.138,0.108,0.072,0.203,0.222,0.134,0.145,0.315,0.152,0.14,0.084,0.085,0.19,0.066,0.103,0.074,0.117,0.128,0.097,0.125,0.146,0.125,0.152,0.21,0.112,0.285,0.15,0.13,0.179,0.155,0.102,0.205,0.202,0.073,0.175,0.172,0.231,0.215,0.32,0.114,0.241,0.218,0.251,0.181,0.101,0.042,0.208,0.099,0.127,0.179,0.166,0.086,0.07,0.125,0.131,0.099,0.058,0.088,0.505,0.171,0.2,0.175,0.189,0.287,0.236,0.283,0.132,0.166,0.102,0.168,0.11,0.105,0.087,0.173,0.159,0.15,0.42,0.133,0.061,0.165,0.27
0.214,0.38,0.248,0.255,0.141,0.201,0.094,0.139,0.212,0.227,0.09,0.217,0.293,0.104,1.0,0.107,0.298,0.183,0.125,0.267,0.14,0.248,0.15,0.122,0.358,0.262,0.473,0.23,0.327,0.199,0.325,0.32,0.182,0.423,0.177,0.377,0.351,0.78,0.499,0.252,0.261,0.329,0.511,0.106,0.109,0.288,0.391,0.357,0.133,0.082,0.301,0.172,0.236,0.264,0.163,0.176,0.333,0.339,0.344,0.099,0.26,0.157,0.338,0.154,0.235,0.254,0.192,0.13,0.16,0.186,0.183,0.122,0.367,0.243,0.226,0.306,0.178,0.269,0.268,0.121,0.084,0.142,0.494,0.386,0.245,0.106,0.235,0.289,0.265,0.278,0.071,0.28,0.321,0.22,0.252,0.265,0.38,0.213,0.377,0.383,0.281,0.137,0.178,0.112,0.381,0.219,0.116,0.3,0.255,0.285,0.265,0.151,0.392,0.24,0.196,0.358,0.236,0.114,0.423,0.362,0.382,0.315,0.165,0.398,0.185,0.352,0.213,0.082,0.372,0.309,0.407,0.206,0.347,0.218,0.357,0.192,0.092,0.097,0.178,0.2,0.2,0.382,0.233,0.532,0.228,0.25,0.155,0.11,0.312,0.343,0.24,0.134,0.181,0.309,0.265,0.399,0.231,0.205,0.353,0.35,0.226,0.199,0.176,0.221,0.109,0.112,0.2,0.267,0.324,0.162,0.328,0.083,0.077,0.064,0.092,0.286,0.244,0.099,0.226,0.176,0.26,0.245,0.155,0.147,0.196,0.336,0.131,0.229,0.278,0.118,0.232,0.255,0.113,0.166,0.117,0.13,0.136,0.201,0.081,0.316,0.323,0.251,0.153,0.349,0.244,0.307,0.094,0.22,0.224,0.091,0.1,0.269,0.082,0.244,0.349,0.135,0.255,0.169,0.179,0.142,0.199,0.342,0.261,0.119,0.258,0.313,0.096,0.38,0.076,0.255,0.203,0.387,0.343,0.169,0.255,0.369,0.252,0.119,0.296,0.247,0.173,0.193,0.847,0.058,0.132,0.323,0.145,0.165,0.186,0.175,0.194,0.179,0.341,0.267,0.065,0.38,0.365,0.229,0.234,0.19,0.185,0.321,0.082,0.157,0.316,0.206,0.29,0.494,0.094,0.373,0.18,0.161,0.231,0.097,0.08,0.287,0.194,0.183,0.397,0.269,0.176,0.151,0.436,0.313,0.09,0.377,0.148,0.234,0.38,0.291,0.44,0.264,0.259,0.075,0.2,0.314,0.332,0.147,0.408,0.093,0.317,0.172,0.46,0.287,0.245,0.155,0.063,0.117,0.181,0.148,0.251,0.142,0.158,0.353,0.129,0.281,0.288,0.129,0.125,0.108,0.353,0.337,0.317,0.258,0.227,0.12,0.093,0.184,0.25,0.314,0.287,0.124,0.467,0.068,0.316,0.305,0.478,0.149,0.36,0.082,0.396,0.366
0.115,0.189,0.089,0.23,0.229,0.083,0.177,0.165,0.123,0.085,0.243,0.118,0.105,0.526,0.107,1.0,0.128,0.073,0.19,0.156,0.256,0.124,0.074,0.29,0.108,0.13,0.097,0.149,0.292,0.157,0.138,0.082,0.125,0.231,0.093,0.132,0.196,0.126,0.161,0.436,0.142,0.135,0.146,0.292,0.141,0.133,0.153,0.243,0.259,0.055,0.12,0.107,0.213,0.19,0.163,0.065,0.121,0.093,0.152,0.505,0.108,0.061,0.076,0.392,0.153,0.196,0.064,0.172,0.272,0.463,0.18,0.29,0.277,0.091,0.087,0.214,0.162,0.074,0.131,1.0,0.241,0.219,0.105,0.081,0.082,0.408,0.151,0.226,0.112,0.142,0.314,0.188,0.296,0.172,0.091,0.111,0.189,0.101,0.235,0.118,0.118,0.345,0.201,0.335,0.109,0.108,0.347,0.149,0.096,0.227,0.155,0.655,0.082,0.1,0.138,0.133,0.07,0.13,0.149,0.135,0.135,0.132,0.136,0.143,0.116,0.105,0.101,0.05,0.199,0.159,0.115,0.109,0.164,0.066,0.243,0.159,0.279,0.348,0.094,0.466,0.723,0.148,0.144,0.121,0.091,0.116,0.228,0.188,0.209,0.112,0.103,0.21,0.239,0.162,0.228,0.112,0.075,0.237,0.153,0.212,0.105,0.54,0.15,0.097,0.367,0.142,0.466,0.095,0.12,0.216,0.117,0.193,0.318,0.39,0.285,0.103,0.222,0.505,0.179,0.159,0.216,0.273,0.394,0.592,0.097,0.141,0.073,0.177,0.09,0.416,0.296,0.124,0.167,0.073,0.286,0.067,0.137,0.494,0.079,0.125,0.184,0.2,0.686,0.191,0.116,0.107,0.252,0.161,0.259,0.18,0.2,0.074,0.328,0.182,0.2,0.447,0.225,0.207,0.183,0.076,0.194,0.17,0.137,0.127,0.152,0.225,0.07,0.189,0.264,0.211,0.097,0.098,0.112,0.146,0.491,0.105,0.11,0.243,0.237,0.116,0.425,0.138,0.211,0.462,0.101,0.323,0.137,0.082,0.233,0.284,0.077,0.16,0.112,0.112,0.27,0.189,0.149,0.148,0.203,0.195,0.09,0.102,0.126,0.061,0.222,0.266,0.134,0.105,0.642,0.126,0.168,0.113,0.092,0.315,0.063,0.092,0.067,0.095,0.091,0.083,0.144,0.113,0.124,0.225,0.331,0.103,0.539,0.133,0.109,0.168,0.187,0.116,0.262,0.281,0.098,0.196,0.205,0.277,0.267,0.45,0.12,0.402,0.261,0.155,0.273,0.122,0.058,0.323,0.113,0.142,0.184,0.262,0.106,0.109,0.144,0.139,0.116,0.056,0.111,0.957,0.149,0.188,0.176,0.26,0.216,0.375,0.416,0.205,0.228,0.092,0.13,0.174,0.096,0.118,0.171,0.182,0.131,0.271,0.107,0.068,0.221,0.3
0.306,0.248,0.205,0.18,0.152,0.202,0.144,0.213,0.295,0.322,0.114,0.233,0.176,0.148,0.298,0.128,1.0,0.156,0.17,0.217,0.227,0.17,0.129,0.171,0.185,0.255,0.228,0.206,0.256,0.228,0.301,0.189,0.199,0.222,0.166,0.223,0.466,0.211,0.27,0.228,0.368,0.312,0.326,0.107,0.198,0.237,0.276,0.284,0.171,0.223,0.246,0.195,0.185,0.274,0.258,0.189,0.232,0.206,0.208,0.104,0.213,0.157,0.24,0.145,0.179,0.25,0.121,0.212,0.204,0.182,0.192,0.171,0.232,0.227,0.251,0.222,0.196,0.217,0.236,0.112,0.083,0.148,0.762,0.16,0.172,0.188,0.215,0.163,0.168,0.197,0.121,0.241,0.248,0.156,0.21,0.343,0.248,0.133,0.152,0.391,0.165,0.143,0.189,0.141,0.231,0.15,0.124,0.288,0.181,0.289,0.313,0.153,0.338,0.169,0.207,0.322,0.156,0.13,0.331,0.237,0.254,0.277,0.497,0.378,0.221,0.225,0.133,0.15,0.182,0.299,0.311,0.241,0.418,0.13,0.284,0.345,0.17,0.112,0.219,0.174,0.174,0.255,0.195,0.384,0.138,0.352,0.136,0.203,0.232,0.393,0.144,0.155,0.315,0.224,0.192,0.339,0.202,0.207,0.376,0.334,0.436,0.206,0.176,0.178,0.101,0.122,0.174,0.336,0.214,0.274,0.201,0.085,0.092,0.167,0.108,0.174,0.241,0.104,0.209,0.196,0.187,0.232,0.136,0.133,0.13,0.26,0.126,0.247,0.256,0.16,0.39,0.234,0.21,0.17,0.158,0.12,0.176,0.192,0.11,0.24,0.257,0.202,0.163,0.309,0.271,0.248,0.203,0.158,0.195,0.14,0.355,0.177,0.095,0.204,0.23,0.157,0.171,0.249,0.283,0.116,0.165,0.321,0.191,0.163,0.261,0.257,0.157,0.248,0.091,0.244,0.266,0.186,0.137,0.171,0.201,0.226,0.25,0.167,0.246,0.293,0.149,0.223,0.401,0.069,0.212,0.245,0.183,0.125,0.153,0.159,0.201,0.202,0.213,0.214,0.134,0.248,0.184,0.208,0.209,0.193,0.18,0.357,0.253,0.151,0.246,0.202,0.201,0.762,0.108,0.222,0.176,0.139,0.242,0.243,0.15,0.152,0.167,0.195,0.234,0.155,0.246,0.256,0.204,0.257,0.151,0.228,0.178,0.274,0.241,0.269,0.312,0.213,0.244,0.073,0.198,0.262,0.21,0.26,0.307,0.088,0.25,0.151,0.285,0.237,0.185,0.208,0.14,0.19,0.254,0.273,0.223,0.138,0.142,0.267,0.249,0.296,0.179,0.111,0.368,0.125,0.24,0.404,0.276,0.207,0.233,0.254,0.088,0.199,0.203,0.193,0.262,0.125,0.253,0.197,0.213,0.227,0.29,0.178,0.217,0.116,0.216,0.264
0.113,0.112,0.242,0.099,0.083,0.088,0.082,0.063,0.09,0.107,0.055,0.108,0.109,0.095,0.183,0.073,0.156,1.0,0.095,0.166,0.113,0.096,0.112,0.064,0.159,0.128,0.152,0.109,0.177,0.092,0.111,0.141,0.12,0.235,0.164,0.173,0.205,0.125,0.155,0.143,0.272,0.15,0.242,0.046,0.079,0.123,0.217,0.132,0.067,0.026,0.211,0.121,0.05,0.155,0.095,0.129,0.306,0.163,0.143,0.061,0.23,0.054,0.12,0.068,0.112,0.163,0.312,0.057,0.198,0.091,0.111,0.064,0.248,0.141,0.208,0.208,0.1,0.224,0.129,0.055,0.046,0.077,0.159,0.179,0.305,0.076,0.195,0.225,0.134,0.102,0.043,0.134,0.154,0.133,0.158,0.189,0.112,0.094,0.094,0.184,0.161,0.076,0.128,0.099,0.192,0.113,0.056,0.087,0.259,0.104,0.118,0.081,0.224,0.197,0.104,0.186,0.274,0.14,0.235,0.187,0.365,0.173,0.065,0.17,0.113,0.224,0.094,0.02,0.153,0.476,0.274,0.11,0.4,0.218,0.132,0.093,0.047,0.055,0.176,0.084,0.084,0.354,0.083,0.266,0.074,0.18,0.055,0.066,0.122,0.312,0.104,0.06,0.089,0.145,0.173,0.194,0.212,0.206,0.303,0.313,0.113,0.105,0.093,0.074,0.04,0.06,0.084,0.234,0.199,0.081,0.16,0.041,0.042,0.045,0.053,0.116,0.073,0.061,0.135,0.099,0.116,0.099,0.055,0.062,0.058,0.178,0.059,0.134,0.1,0.103,0.12,0.12,0.091,0.086,0.06,0.061,0.108,0.101,0.047,0.166,0.406,0.15,0.09,0.173,0.098,0.13,0.035,0.104,0.111,0.047,0.043,0.235,0.047,0.093,0.27,0.068,0.102,0.283,0.168,0.052,0.108,0.327,0.096,0.07,0.167,0.124,0.056,0.112,0.042,0.125,0.222,0.158,0.13,0.114,0.385,0.145,0.109,0.132,0.128,0.221,0.058,0.091,0.516,0.038,0.098,0.288,0.077,0.097,0.071,0.088,0.098,0.094,0.245,0.143,0.033,0.112,0.094,0.117,0.106,0.535,0.118,0.227,0.102,0.054,0.184,0.12,0.195,0.159,0.082,0.282,0.128,0.084,0.128,0.064,0.066,0.139,0.131,0.091,0.261,0.346,0.121,0.176,0.225,0.124,0.051,0.103,0.104,0.29,0.245,0.152,0.157,0.075,0.256,0.032,0.113,0.145,0.164,0.118,0.189,0.037,0.166,0.067,0.25,0.16,0.096,0.076,0.034,0.058,0.076,0.092,0.12,0.077,0.068,0.113,0.101,0.18,0.237,0.079,0.087,0.07,0.289,0.304,0.3,0.08,0.162,0.059,0.033,0.11,0.11,0.208,0.318,0.083,0.156,0.057,0.123,0.129,0.211,0.107,0.265,0.046,0.167,0.317
0.23,0.196,0.164,0.161,0.283,0.123,0.204,0.266,0.168,0.106,0.114,0.205,0.099,0.139,0.125,0.19,0.17,0.095,1.0,0.176,0.15,0.12,0.216,0.175,0.174,0.129,0.121,0.19,0.187,0.191,0.159,0.097,0.161,0.191,0.162,0.141,0.241,0.157,0.149,0.241,0.149,0.306,0.188,0.132,0.331,0.148,0.171,0.224,0.145,0.202,0.126,0.137,0.131,0.174,0.302,0.159,0.148,0.131,0.13,0.143,0.204,0.127,0.151,0.201,0.149,0.203,0.152,0.166,0.166,0.171,0.292,0.175,0.203,0.119,0.168,0.168,0.228,0.113,0.25,0.21,0.168,0.141,0.133,0.15,0.206,0.18,0.151,0.163,0.138,0.143,0.16,0.183,0.204,0.156,0.149,0.178,0.196,0.07,0.158,0.127,0.126,0.189,0.21,0.196,0.124,0.13,0.172,0.177,0.115,0.174,0.144,0.175,0.218,0.256,0.158,0.163,0.104,0.191,0.161,0.151,0.167,0.147,0.133,0.179,0.252,0.169,0.07,0.038,0.163,0.222,0.19,0.173,0.194,0.163,0.224,0.176,0.193,0.174,0.112,0.26,0.26,0.17,0.121,0.21,0.132,0.14,0.163,0.202,0.179,0.161,0.116,0.294,0.161,0.267,0.137,0.188,0.189,0.189,0.173,0.197,0.121,0.187,0.117,0.138,0.199,0.118,0.26,0.149,0.182,0.228,0.136,0.129,0.164,0.13,0.136,0.132,0.173,0.143,0.191,0.279,0.156,0.192,0.26,0.239,0.091,0.197,0.141,0.188,0.154,0.202,0.167,0.2,0.182,0.179,0.16,0.102,0.123,0.171,0.081,0.147,0.213,0.154,0.178,0.185,0.179,0.218,0.553,0.127,0.159,0.369,0.226,0.252,0.163,0.565,0.257,0.165,0.21,0.174,0.177,0.1,0.142,0.207,0.142,0.299,0.179,0.495,0.086,0.196,0.135,0.175,0.187,0.104,0.095,0.166,0.178,0.147,0.186,0.152,0.176,0.159,0.283,0.222,0.256,0.144,0.107,0.242,0.311,0.09,0.23,0.175,0.149,0.332,0.164,0.114,0.13,0.196,0.131,0.121,0.222,0.207,0.131,0.167,0.168,0.092,0.203,0.171,0.131,0.133,0.17,0.142,0.234,0.106,0.16,0.143,0.064,0.098,0.174,0.114,0.187,0.096,0.229,0.167,0.172,0.495,0.156,0.14,0.194,0.15,0.138,0.191,0.178,0.15,0.22,0.174,0.252,0.221,0.144,0.229,0.214,0.197,0.135,0.221,0.193,0.147,0.193,0.243,0.149,0.154,0.16,0.422,0.194,0.136,0.105,0.121,0.235,0.326,0.107,0.177,0.102,0.188,0.169,0.212,0.232,0.18,0.288,0.18,0.177,0.241,0.314,0.169,0.181,0.118,0.143,0.126,0.19,0.189,0.19,0.155,0.212,0.079,0.174,0.214
0.231,0.334,0.234,0.24,0.162,0.111,0.155,0.194,0.195,0.152,0.106,0.258,0.154,0.136,0.267,0.156,0.217,0.166,0.176,1.0,0.135,0.152,0.31,0.186,0.268,0.171,0.246,0.274,0.309,0.181,0.224,0.173,0.148,0.35,0.206,0.31,0.383,0.262,0.253,0.25,0.29,0.228,0.332,0.17,0.16,0.257,0.39,0.301,0.139,0.323,0.221,0.215,0.123,0.233,0.214,0.206,0.3,0.281,0.226,0.123,0.262,0.12,0.255,0.244,0.195,0.27,0.172,0.196,0.173,0.232,0.186,0.186,0.322,0.204,0.391,0.265,0.18,0.169,0.282,0.3,0.173,0.177,0.233,0.267,0.25,0.14,0.255,0.19,0.291,0.248,0.146,0.223,0.276,0.371,0.219,0.186,0.334,0.226,0.179,0.271,0.322,0.251,0.144,0.23,0.218,0.17,0.143,0.272,0.242,0.212,0.18,0.201,0.313,0.531,0.221,0.283,0.153,0.275,0.314,0.262,0.336,0.294,0.334,0.294,0.177,0.385,0.226,0.076,0.276,0.259,0.345,0.245,0.331,0.181,0.301,0.274,0.157,0.134,0.2,0.252,0.252,0.352,0.21,0.339,0.14,0.292,0.251,0.18,0.247,0.235,0.185,0.176,0.239,0.258,0.231,0.333,0.241,0.182,0.257,0.303,0.126,0.232,0.216,0.213,0.484,0.174,0.252,0.257,0.333,0.221,0.247,0.106,0.285,0.129,0.115,0.187,0.203,0.123,0.255,0.208,0.219,0.236,0.251,0.228,0.103,0.317,0.113,0.22,0.241,0.176,0.18,0.214,0.159,0.272,0.171,0.255,0.142,0.211,0.168,0.245,0.257,0.279,0.176,0.253,0.266,0.278,0.251,0.244,0.16,0.14,0.227,0.238,0.158,0.206,0.298,0.206,0.331,0.191,0.231,0.137,0.125,0.364,0.217,0.12,0.203,0.267,0.201,0.334,0.101,0.249,0.241,0.216,0.161,0.123,0.257,0.302,0.236,0.123,0.307,0.297,0.277,0.251,0.915,0.117,0.143,0.326,0.167,0.118,0.358,0.241,0.203,0.209,0.302,0.17,0.137,0.334,0.188,0.293,0.21,0.236,0.158,0.263,0.133,0.096,0.335,0.202,0.308,0.233,0.151,0.279,0.157,0.181,0.245,0.156,0.333,0.221,0.464,0.127,0.922,0.174,0.208,0.241,0.365,0.267,0.125,0.217,0.169,0.262,0.314,0.304,0.284,0.22,0.239,0.35,0.207,0.252,0.257,0.199,0.279,0.28,0.247,0.207,0.296,0.26,0.221,0.175,0.115,0.169,0.239,0.164,0.314,0.158,0.122,0.248,0.116,0.292,0.273,0.236,0.151,0.175,0.3,0.351,0.325,0.244,0.25,0.175,0.255,0.202,0.244,0.248,0.296,0.173,0.259,0.096,0.247,0.268,0.307,0.233,0.423,0.173,0.303,0.34
0.177,0.157,0.236,0.124,0.118,0.124,0.139,0.091,0.115,0.103,0.088,0.157,0.071,0.176,0.14,0.256,0.227,0.113,0.15,0.135,1.0,0.102,0.059,0.156,0.126,0.121,0.119,0.11,0.321,0.259,0.172,0.093,0.219,0.214,0.114,0.189,0.299,0.198,0.148,0.156,0.17,0.173,0.252,0.16,0.113,0.114,0.15,0.184,0.356,0.042,0.133,0.118,0.209,0.14,0.11,0.085,0.175,0.134,0.158,0.121,0.138,0.08,0.099,0.169,0.133,0.192,0.074,0.235,0.19,0.157,0.134,0.156,0.184,0.31,0.102,0.159,0.12,0.138,0.187,0.191,0.125,0.113,0.171,0.105,0.122,0.18,0.148,0.134,0.132,0.168,0.176,0.158,0.203,0.115,0.09,0.141,0.157,0.064,0.104,0.147,0.093,0.279,0.2,0.17,0.135,0.08,0.153,0.115,0.124,0.164,0.188,0.199,0.116,0.126,0.115,0.149,0.103,0.114,0.184,0.144,0.183,0.105,0.095,0.158,0.158,0.163,0.064,0.036,0.154,0.189,0.16,0.206,0.216,0.071,0.184,0.115,0.18,0.128,0.145,0.28,0.19,0.188,0.114,0.19,0.075,0.207,0.099,0.113,0.164,0.172,0.088,0.237,0.301,0.143,0.161,0.169,0.113,0.213,0.171,0.221,0.161,0.174,0.149,0.077,0.247,0.116,0.28,0.119,0.192,0.19,0.182,0.074,0.173,0.126,0.228,0.126,0.161,0.121,0.118,0.116,0.305,0.169,0.149,0.213,0.081,0.186,0.143,0.231,0.114,0.402,0.209,0.185,0.134,0.092,0.152,0.09,0.118,0.16,0.083,0.176,0.193,0.122,0.164,0.181,0.145,0.129,0.106,0.115,0.184,0.092,0.08,0.101,0.16,0.132,0.194,0.135,0.297,0.232,0.295,0.077,0.151,0.322,0.116,0.11,0.195,0.171,0.087,0.157,0.098,0.155,0.125,0.099,0.098,0.166,0.167,0.132,0.104,0.504,0.174,0.29,0.154,0.107,0.313,0.146,0.361,0.222,0.099,0.058,0.126,0.16,0.102,0.116,0.161,0.078,0.097,0.157,0.126,0.129,0.163,0.119,0.066,0.172,0.105,0.08,0.335,0.208,0.142,0.171,0.268,0.154,0.13,0.247,0.121,0.152,0.11,0.102,0.082,0.125,0.152,0.109,0.126,0.147,0.143,0.171,0.184,0.118,0.337,0.167,0.139,0.24,0.153,0.107,0.157,0.199,0.092,0.252,0.153,0.234,0.168,0.153,0.119,0.225,0.202,0.125,0.287,0.25,0.046,0.126,0.106,0.139,0.138,0.268,0.096,0.073,0.14,0.133,0.122,0.067,0.152,0.261,0.169,0.214,0.176,0.188,0.182,0.195,0.131,0.269,0.168,0.105,0.176,0.176,0.112,0.092,0.219,0.273,0.16,0.21,0.14,0.09,0.23,0.425
0.119,0.269,0.115,0.488,0.128,0.209,0.07,0.117,0.167,0.155,0.082,0.12,0.44,0.108,0.248,0.124,0.17,0.096,0.12,0.152,0.102,1.0,0.172,0.108,0.2,0.816,0.266,0.12,0.205,0.14,0.211,0.326,0.144,0.238,0.124,0.216,0.185,0.245,0.237,0.288,0.165,0.154,0.343,0.094,0.111,0.438,0.179,0.306,0.108,0.059,0.22,0.099,0.185,0.337,0.114,0.131,0.174,0.173,0.118,0.118,0.121,0.182,0.152,0.138,0.185,0.126,0.107,0.098,0.155,0.177,0.159,0.108,0.189,0.196,0.11,0.147,0.145,0.212,0.175,0.133,0.097,0.102,0.111,0.245,0.127,0.104,0.152,0.218,0.169,0.204,0.073,0.257,0.234,0.106,0.28,0.154,0.269,0.245,0.225,0.212,0.206,0.126,0.151,0.136,0.378,0.249,0.11,0.136,0.281,0.162,0.382,0.146,0.215,0.174,0.166,0.232,0.148,0.073,0.236,0.375,0.299,0.181,0.147,0.191,0.21,0.208,0.245,0.054,0.193,0.159,0.211,0.115,0.203,0.138,0.306,0.155,0.091,0.109,0.103,0.179,0.179,0.306,0.182,0.204,0.236,0.138,0.137,0.084,0.218,0.184,0.253,0.113,0.166,0.122,0.102,0.21,0.1,0.197,0.172,0.186,0.195,0.169,0.129,0.165,0.13,0.121,0.179,0.165,0.169,0.113,0.205,0.073,0.086,0.073,0.097,0.213,0.112,0.118,0.109,0.142,0.292,0.138,0.171,0.15,0.247,0.227,0.119,0.263,0.139,0.138,0.112,0.195,0.079,0.166,0.104,0.101,0.124,0.182,0.09,0.136,0.361,0.133,0.148,0.392,0.134,0.172,0.086,0.139,0.113,0.079,0.092,0.148,0.098,0.214,0.193,0.112,0.238,0.118,0.122,0.195,0.144,0.196,0.224,0.098,0.302,0.273,0.058,0.269,0.083,0.297,0.104,0.36,0.312,0.183,0.153,0.198,0.15,0.173,0.142,0.143,0.178,0.141,0.383,0.075,0.097,0.203,0.122,0.12,0.145,0.199,0.106,0.148,0.258,0.573,0.07,0.269,0.547,0.223,0.221,0.093,0.263,0.137,0.07,0.182,0.181,0.229,0.311,0.111,0.11,0.31,0.165,0.136,0.274,0.103,0.061,0.311,0.167,0.136,0.193,0.271,0.138,0.094,0.267,0.273,0.092,0.251,0.152,0.141,0.425,0.146,0.225,0.163,0.298,0.134,0.105,0.151,0.257,0.137,0.172,0.121,0.33,0.153,0.233,0.168,0.19,0.133,0.05,0.115,0.143,0.108,0.193,0.143,0.166,0.498,0.173,0.157,0.138,0.103,0.108,0.123,0.22,0.202,0.154,0.142,0.143,0.116,0.107,0.163,0.175,0.277,0.166,0.111,0.256,0.054,0.184,0.177,0.263,0.098,0.26,0.093,0.278,0.219
0.064,0.383,0.099,0.192,0.121,0.045,0.058,0.119,0.192,0.127,0.081,0.113,0.213,0.056,0.15,0.074,0.129,0.112,0.216,0.31,0.059,0.172,1.0,0.126,0.174,0.153,0.123,0.127,0.116,0.107,0.092,0.214,0.066,0.129,0.153,0.11,0.096,0.074,0.12,0.15,0.174,0.132,0.169,0.075,0.076,0.21,0.211,0.193,0.105,0.098,0.121,0.1,0.077,0.284,0.091,0.081,0.164,0.101,0.129,0.073,0.107,0.085,0.101,0.102,0.074,0.116,0.232,0.114,0.076,0.129,0.148,0.126,0.138,0.107,0.167,0.092,0.15,0.082,0.122,0.075,0.241,0.122,0.068,0.226,0.098,0.098,0.291,0.095,0.115,0.181,0.078,0.087,0.108,0.092,0.109,0.103,0.383,0.187,0.13,0.125,0.311,0.11,0.088,0.086,0.104,0.327,0.095,0.097,0.128,0.167,0.196,0.114,0.098,0.208,0.33,0.119,0.089,0.248,0.124,0.12,0.166,0.1,0.101,0.13,0.093,0.176,0.187,0.102,0.111,0.141,0.129,0.128,0.209,0.22,0.193,0.149,0.099,0.097,0.102,0.116,0.116,0.164,0.129,0.146,0.264,0.112,0.101,0.087,0.117,0.142,0.125,0.114,0.118,0.085,0.081,0.2,0.102,0.074,0.103,0.133,0.066,0.303,0.113,0.094,0.075,0.079,0.116,0.124,0.152,0.071,0.102,0.066,0.079,0.054,0.081,0.124,0.084,0.073,0.1,0.138,0.114,0.121,0.101,0.091,0.082,0.114,0.232,0.078,0.102,0.068,0.097,0.087,0.102,0.391,0.105,0.126,0.156,0.139,0.076,0.12,0.2,0.094,0.125,0.095,0.121,0.146,0.069,0.097,0.065,0.086,0.066,0.209,0.079,0.141,0.162,0.099,0.282,0.092,0.086,0.175,0.068,0.162,0.281,0.111,0.185,0.17,0.093,0.383,0.08,0.243,0.1,0.131,0.096,0.062,0.133,0.119,0.09,0.052,0.101,0.143,0.113,0.302,0.236,0.056,0.074,0.157,0.144,0.161,0.266,0.158,0.086,0.141,0.123,0.279,0.087,0.383,0.099,0.098,0.098,0.106,0.404,0.115,0.066,0.086,0.124,0.132,0.139,0.068,0.07,0.142,0.157,0.202,0.172,0.088,0.066,0.114,0.468,0.107,0.364,0.097,0.11,0.119,0.235,0.17,0.069,0.145,0.09,0.112,0.187,0.106,0.115,0.093,0.181,0.052,0.099,0.094,0.118,0.114,0.137,0.064,0.188,0.106,0.129,0.104,0.092,0.134,0.113,0.102,0.201,0.085,0.155,0.098,0.112,0.226,0.113,0.145,0.105,0.311,0.098,0.074,0.193,0.159,0.144,0.089,0.113,0.076,0.067,0.121,0.119,0.18,0.173,0.073,0.242,0.069,0.103,0.089,0.114,0.078,0.465,0.079,0.143,0.156
0.355,0.38,0.172,0.149,0.219,0.138,0.117,0.398,0.195,0.208,0.138,0.306,0.116,0.19,0.122,0.29,0.171,0.064,0.175,0.186,0.156,0.108,0.126,1.0,0.097,0.136,0.106,0.39,0.314,0.218,0.174,0.099,0.198,0.169,0.095,0.187,0.201,0.126,0.137,0.209,0.2,0.142,0.152,0.235,0.267,0.154,0.151,0.311,0.365,1.0,0.109,0.324,0.185,0.217,0.317,0.329,0.105,0.088,0.127,0.23,0.302,0.346,0.27,0.341,0.199,0.392,0.078,0.397,0.17,0.252,0.201,1.0,0.205,0.147,0.311,0.277,0.201,0.072,0.287,0.411,0.158,0.409,0.112,0.093,0.078,0.481,0.269,0.191,0.14,0.191,0.49,0.196,0.304,0.286,0.234,0.208,0.38,0.12,0.19,0.126,0.141,0.404,0.152,0.302,0.094,0.134,0.315,0.305,0.113,0.501,0.145,0.315,0.068,0.106,0.272,0.127,0.15,0.09,0.13,0.119,0.138,0.26,0.63,0.135,0.31,0.116,0.12,0.101,0.192,0.191,0.229,0.273,0.211,0.081,0.311,0.432,0.543,0.318,0.106,1.0,0.605,0.137,0.17,0.142,0.111,0.297,0.23,0.415,0.193,0.091,0.137,0.306,0.296,0.204,0.185,0.238,0.316,0.141,0.175,0.166,0.09,0.439,0.159,0.347,0.344,0.13,1.0,0.212,0.13,0.356,0.136,0.16,0.221,0.255,0.231,0.116,0.364,0.23,0.382,0.397,0.205,0.392,0.484,0.514,0.126,0.243,0.214,0.19,0.348,0.456,0.294,0.153,0.313,0.141,0.663,0.079,0.157,0.306,0.109,0.115,0.165,0.235,0.356,0.209,0.318,0.19,0.328,0.162,0.166,0.284,0.27,0.076,0.274,0.227,0.202,0.454,0.304,0.131,0.208,0.108,0.161,0.2,0.257,0.176,0.13,0.281,0.18,0.38,0.243,0.215,0.346,0.107,0.099,0.087,0.294,0.256,0.311,0.162,0.233,0.24,0.531,0.445,0.191,0.215,0.182,0.305,0.38,0.109,0.287,0.178,0.329,0.391,0.108,0.123,0.308,0.38,0.14,0.222,0.191,0.361,0.125,0.136,0.295,0.248,0.251,0.242,0.138,0.112,0.292,0.11,0.146,0.123,0.093,0.386,0.069,0.096,0.129,0.139,0.104,0.079,0.291,0.322,0.157,0.281,0.5,0.108,0.252,0.152,0.109,0.242,0.204,0.209,0.238,0.229,0.357,0.369,0.192,0.513,0.348,0.299,0.131,0.88,0.376,0.18,0.319,0.201,0.357,0.474,0.493,0.281,0.218,0.383,0.132,0.129,0.184,0.323,0.127,0.074,0.18,0.305,0.139,0.232,0.222,0.27,0.174,0.334,0.288,0.182,0.222,0.218,0.317,0.133,0.112,0.178,0.244,0.23,0.134,0.164,0.113,0.1,0.226,0.365
0.272,0.232,0.208,0.185,0.091,0.21,0.099,0.116,0.177,0.152,0.077,0.193,0.162,0.115,0.358,0.108,0.185,0.159,0.174,0.268,0.126,0.2,0.174,0.097,1.0,0.234,0.395,0.194,0.288,0.301,0.315,0.205,0.245,0.36,0.153,0.362,0.422,0.306,0.374,0.301,0.199,0.221,0.323,0.083,0.134,0.211,0.262,0.28,0.094,0.079,0.202,0.139,0.175,0.149,0.152,0.181,0.241,0.3,0.203,0.081,0.198,0.176,0.29,0.125,0.296,0.228,0.311,0.102,0.187,0.131,0.105,0.097,0.272,0.249,0.217,0.37,0.11,0.325,0.336,0.261,0.238,0.133,0.279,0.695,0.311,0.115,0.164,0.281,0.356,0.228,0.073,0.271,0.395,0.206,0.209,0.185,0.232,0.272,0.15,0.253,0.287,0.112,0.133,0.149,0.305,0.169,0.087,0.279,0.217,0.178,0.172,0.119,0.384,0.264,0.136,0.267,0.229,0.204,0.345,0.352,0.32,0.241,0.167,0.358,0.16,0.343,0.272,0.072,0.299,0.231,0.443,0.192,0.266,0.574,0.28,0.117,0.091,0.084,0.168,0.359,0.359,0.286,0.153,0.344,0.209,0.208,0.172,0.106,0.191,0.214,0.196,0.095,0.16,0.301,0.204,0.356,0.176,0.206,0.275,0.267,0.164,0.146,0.101,0.22,0.412,0.095,0.359,0.323,0.419,0.186,0.271,0.062,0.086,0.064,0.074,0.281,0.304,0.081,0.199,0.103,0.202,0.308,0.391,0.316,0.216,0.386,0.187,0.263,0.305,0.156,0.127,0.29,0.115,0.352,0.095,0.207,0.125,0.129,0.084,0.298,0.271,0.25,0.106,0.347,0.243,0.496,0.19,0.28,0.187,0.072,0.162,0.58,0.088,0.217,0.212,0.101,0.346,0.18,0.189,0.129,0.131,0.277,0.2,0.079,0.191,0.259,0.11,0.232,0.065,0.161,0.174,0.352,0.223,0.174,0.205,0.437,0.328,0.168,0.205,0.195,0.635,0.131,1.0,0.057,0.132,0.288,0.09,0.106,0.199,0.143,0.256,0.111,0.283,0.155,0.079,0.232,0.317,0.188,0.211,0.171,0.14,0.266,0.113,0.176,0.331,0.184,0.212,0.279,0.115,0.276,0.258,0.116,0.192,0.074,0.099,0.245,0.418,0.133,0.594,0.287,0.155,0.173,0.548,0.259,0.074,0.244,0.152,0.187,0.309,0.238,0.354,0.209,0.229,0.322,0.19,0.252,0.273,0.17,0.25,0.242,0.248,0.308,0.315,0.323,0.216,0.142,0.059,0.096,0.143,0.147,0.336,0.109,0.126,0.29,0.123,0.197,0.212,0.29,0.101,0.113,0.26,0.263,0.243,0.246,0.192,0.11,0.226,0.167,0.153,0.351,0.219,0.089,0.264,0.1,0.371,0.312,0.389,0.146,0.409,0.086,0.433,0.288
0.23,0.269,0.141,0.427,0.133,0.202,0.101,0.135,0.186,0.193,0.092,0.178,0.386,0.124,0.262,0.13,0.255,0.128,0.129,0.171,0.121,0.816,0.153,0.136,0.234,1.0,0.283,0.146,0.235,0.173,0.281,0.298,0.202,0.244,0.124,0.257,0.38,0.26,0.269,0.277,0.189,0.175,0.337,0.105,0.142,0.403,0.189,0.306,0.122,0.115,0.217,0.145,0.171,0.309,0.156,0.149,0.182,0.228,0.136,0.138,0.131,0.172,0.186,0.156,0.229,0.179,0.122,0.127,0.309,0.187,0.16,0.136,0.202,0.2,0.14,0.179,0.151,0.216,0.194,0.156,0.104,0.121,0.376,0.259,0.16,0.128,0.171,0.204,0.198,0.229,0.091,0.317,0.25,0.135,0.27,0.17,0.269,0.245,0.224,0.23,0.221,0.133,0.153,0.162,0.337,0.225,0.126,0.179,0.265,0.178,0.343,0.154,0.215,0.18,0.166,0.249,0.172,0.107,0.261,0.437,0.291,0.217,0.285,0.231,0.22,0.214,0.245,0.054,0.244,0.168,0.232,0.164,0.213,0.144,0.306,0.196,0.111,0.125,0.164,0.205,0.205,0.298,0.214,0.255,0.216,0.215,0.137,0.115,0.251,0.192,0.234,0.122,0.206,0.175,0.124,0.226,0.114,0.256,0.206,0.208,0.199,0.179,0.137,0.22,0.153,0.133,0.205,0.192,0.208,0.149,0.236,0.085,0.092,0.095,0.109,0.254,0.149,0.138,0.141,0.154,0.276,0.212,0.218,0.182,0.224,0.284,0.122,0.323,0.201,0.143,0.158,0.256,0.12,0.186,0.124,0.112,0.129,0.199,0.093,0.164,0.378,0.236,0.157,0.429,0.189,0.226,0.115,0.327,0.145,0.093,0.189,0.161,0.108,0.214,0.196,0.13,0.25,0.223,0.209,0.177,0.148,0.219,0.212,0.108,0.305,0.273,0.07,0.269,0.093,0.286,0.162,0.366,0.29,0.188,0.178,0.241,0.218,0.188,0.16,0.167,0.231,0.156,0.392,0.08,0.153,0.225,0.137,0.115,0.155,0.192,0.137,0.157,0.278,0.474,0.088,0.269,0.564,0.223,0.233,0.128,0.227,0.17,0.113,0.168,0.248,0.233,0.278,0.376,0.126,0.286,0.202,0.131,0.267,0.138,0.094,0.291,0.175,0.144,0.258,0.257,0.192,0.188,0.28,0.273,0.108,0.255,0.153,0.18,0.393,0.203,0.278,0.2,0.295,0.146,0.146,0.191,0.256,0.167,0.219,0.139,0.314,0.165,0.272,0.231,0.209,0.167,0.063,0.145,0.173,0.133,0.235,0.143,0.16,0.498,0.179,0.178,0.158,0.123,0.146,0.131,0.228,0.239,0.186,0.173,0.191,0.159,0.121,0.183,0.174,0.272,0.182,0.111,0.253,0.083,0.23,0.212,0.308,0.126,0.259,0.094,0.32,0.229
0.409,0.467,0.203,0.233,0.111,0.401,0.106,0.118,0.242,0.22,0.083,0.2,0.221,0.117,0.473,0.097,0.228,0.152,0.121,0.246,0.119,0.266,0.123,0.106,0.395,0.283,1.0,0.224,0.32,0.203,0.422,0.284,0.37,0.465,0.176,0.446,0.673,0.306,0.421,0.307,0.256,0.216,0.434,0.081,0.129,0.326,0.279,0.28,0.101,0.108,0.271,0.159,0.15,0.177,0.184,0.215,0.275,0.398,0.195,0.083,0.219,0.333,0.382,0.102,0.346,0.234,0.13,0.117,0.181,0.159,0.141,0.106,0.274,0.282,0.188,0.293,0.139,0.253,0.279,0.134,0.061,0.134,0.591,0.449,0.244,0.107,0.212,0.418,0.306,0.3,0.063,0.436,0.373,0.155,0.288,0.193,0.467,0.272,0.146,0.332,0.295,0.11,0.152,0.116,0.437,0.218,0.079,0.365,0.343,0.149,0.207,0.124,0.459,0.251,0.186,0.429,0.207,0.114,0.432,0.491,0.356,0.32,0.321,0.413,0.212,0.488,0.272,0.116,0.413,0.225,0.509,0.203,0.295,0.216,0.28,0.174,0.09,0.079,0.228,0.191,0.191,0.35,0.188,0.352,0.346,0.334,0.161,0.127,0.249,0.315,0.253,0.108,0.193,0.243,0.159,0.313,0.198,0.232,0.28,0.293,0.267,0.185,0.125,0.222,0.128,0.118,0.191,0.296,0.324,0.149,0.345,0.066,0.066,0.067,0.07,0.341,0.156,0.083,0.165,0.136,0.268,0.255,0.161,0.155,0.257,0.461,0.092,0.4,0.325,0.127,0.182,0.391,0.126,0.199,0.097,0.118,0.121,0.156,0.088,0.285,0.304,0.228,0.121,0.458,0.273,0.404,0.117,0.193,0.122,0.077,0.208,0.249,0.07,0.217,0.242,0.098,0.353,0.188,0.193,0.186,0.148,0.309,0.395,0.099,0.247,0.259,0.087,0.467,0.063,0.176,0.18,0.454,0.338,0.208,0.18,0.48,0.369,0.19,0.207,0.218,0.173,0.181,1.0,0.051,0.144,0.285,0.123,0.103,0.158,0.148,0.228,0.141,0.403,0.214,0.067,0.467,0.355,0.236,0.298,0.148,0.139,0.299,0.122,0.333,0.322,0.283,0.282,0.591,0.088,0.419,0.206,0.13,0.23,0.099,0.086,0.317,0.214,0.166,0.594,0.271,0.166,0.197,0.535,0.259,0.084,0.376,0.133,0.223,0.422,0.289,0.481,0.235,0.193,0.097,0.195,0.271,0.353,0.172,0.316,0.114,0.313,0.172,0.384,0.318,0.245,0.16,0.116,0.106,0.211,0.191,0.311,0.12,0.187,0.29,0.112,0.232,0.213,0.147,0.142,0.098,0.325,0.304,0.267,0.16,0.215,0.131,0.116,0.158,0.171,0.296,0.245,0.101,0.404,0.082,0.352,0.305,0.551,0.132,0.339,0.093,0.387,0.3
0.184,0.269,0.278,0.158,0.333,0.148,0.11,0.554,0.254,0.208,0.122,0.38,0.117,0.113,0.23,0.149,0.206,0.109,0.19,0.274,0.11,0.12,0.127,0.39,0.194,0.146,0.224,1.0,0.371,0.259,0.226,0.132,0.167,0.321,0.226,0.304,0.308,0.181,0.238,0.242,0.241,0.195,0.291,0.149,0.269,0.216,0.257,0.274,0.205,0.636,0.176,0.335,0.119,0.189,0.367,0.412,0.257,0.205,0.249,0.133,0.447,0.376,0.368,0.198,0.24,0.441,0.111,0.458,0.154,0.213,0.157,0.39,0.284,0.228,0.413,0.268,0.202,0.123,0.379,0.228,0.098,0.301,0.147,0.187,0.237,0.257,0.232,0.197,0.269,0.36,0.338,0.184,0.317,0.227,0.304,0.238,0.269,0.186,0.155,0.202,0.269,0.186,0.136,0.178,0.173,0.138,0.165,0.356,0.212,0.39,0.166,0.2,0.227,0.15,0.239,0.263,0.237,0.108,0.327,0.216,0.281,0.321,0.286,0.221,0.332,0.31,0.186,0.197,0.257,0.282,0.438,0.352,0.362,0.125,0.274,0.447,0.399,0.167,0.262,0.334,0.334,0.257,0.153,0.287,0.113,0.302,0.206,0.602,0.197,0.194,0.279,0.263,0.253,0.272,0.201,0.391,0.439,0.139,0.259,0.3,0.102,0.252,0.133,0.368,0.239,0.152,0.334,0.309,0.293,0.402,0.233,0.293,0.138,0.155,0.129,0.194,0.297,0.133,0.404,0.327,0.246,0.316,0.341,0.416,0.126,0.439,0.211,0.183,0.463,0.182,0.155,0.23,0.31,0.174,0.368,0.09,0.264,0.194,0.135,0.2,0.252,0.248,0.183,0.274,0.426,0.277,0.409,0.192,0.121,0.276,0.336,0.174,0.145,0.186,0.36,0.306,0.292,0.149,0.229,0.227,0.127,0.358,0.212,0.157,0.171,0.245,0.151,0.269,0.129,0.188,0.428,0.18,0.143,0.103,0.215,0.393,0.369,0.102,0.286,0.322,0.377,0.403,0.756,0.098,0.169,0.332,0.305,0.136,0.504,0.175,0.394,0.371,0.244,0.128,0.28,0.269,0.151,0.26,0.22,0.394,0.132,0.249,0.249,0.224,0.277,0.212,0.196,0.147,0.17,0.248,0.135,0.121,0.126,0.23,0.074,0.155,0.166,0.196,0.28,0.134,0.318,0.298,0.25,0.245,0.191,0.188,0.193,0.204,0.221,0.357,0.249,0.265,0.236,0.169,0.382,0.378,0.283,0.387,0.362,0.206,0.206,0.292,0.343,0.28,0.306,0.186,0.324,0.311,0.415,0.271,0.267,0.162,0.147,0.167,0.178,0.377,0.154,0.096,0.154,0.163,0.245,0.314,0.316,0.201,0.213,0.272,0.199,0.153,0.191,0.315,0.381,0.104,0.189,0.207,0.292,0.252,0.258,0.137,0.259,0.152,0.261,0.324
0.272,0.253,0.309,0.201,0.165,0.156,0.203,0.268,0.206,0.181,0.212,0.366,0.165,0.235,0.327,0.292,0.256,0.177,0.187,0.309,0.321,0.205,0.116,0.314,0.288,0.235,0.32,0.371,1.0,0.29,0.344,0.194,0.24,0.335,0.187,0.48,0.422,0.306,0.363,0.362,0.285,0.235,0.502,0.2,0.285,0.295,0.335,0.311,0.259,0.505,0.266,0.27,0.3,0.21,0.351,0.315,0.31,0.267,0.309,0.187,0.367,0.208,0.404,0.264,0.247,0.411,0.136,0.316,0.212,0.329,0.171,0.314,0.361,0.383,0.316,0.335,0.169,0.227,0.363,0.637,0.119,0.261,0.279,0.355,0.214,0.266,0.226,0.239,0.34,0.341,0.213,0.259,0.488,0.257,0.384,0.246,0.253,0.272,0.22,0.287,0.276,0.228,0.189,0.223,0.329,0.153,0.201,0.449,0.305,0.324,0.215,0.314,0.384,0.267,0.181,0.342,0.208,0.127,0.451,0.389,0.371,0.334,0.277,0.337,0.372,0.412,0.272,0.085,0.314,0.294,0.409,0.379,0.351,0.134,0.311,0.279,0.311,0.195,0.202,0.605,1.0,0.386,0.184,0.396,0.122,0.343,0.23,0.283,0.24,0.251,0.234,0.289,0.333,0.333,0.366,0.45,0.333,0.218,0.29,0.358,0.155,0.322,0.16,0.326,0.351,0.137,0.605,0.308,0.346,0.362,0.335,0.122,0.157,0.248,0.24,0.281,0.368,0.187,0.462,0.345,0.433,0.348,0.484,0.82,0.18,0.466,0.164,0.308,0.337,0.248,0.203,0.358,0.243,0.16,0.294,0.118,0.16,0.315,0.098,0.269,0.273,0.284,0.317,0.34,0.417,0.332,0.342,0.24,0.312,0.197,0.282,0.23,0.176,0.227,0.305,0.368,0.362,0.197,0.304,0.147,0.175,0.435,0.178,0.142,0.231,0.281,0.119,0.253,0.149,0.213,0.291,0.362,0.207,0.16,0.361,0.355,0.344,0.309,0.307,0.375,0.531,0.296,1.0,0.289,0.276,0.387,0.213,0.115,0.244,0.178,0.313,0.294,0.407,0.164,0.323,0.253,0.283,0.313,0.271,0.341,0.128,0.349,0.238,0.164,0.513,0.236,0.322,0.279,0.275,0.421,0.202,0.177,0.171,0.217,0.095,0.311,0.197,0.161,0.594,0.25,0.212,0.257,0.447,0.281,0.201,0.22,0.36,0.231,0.413,0.357,0.377,0.272,0.274,0.267,0.331,0.453,0.481,0.316,0.449,1.0,0.293,0.532,0.503,0.342,0.446,0.256,0.212,0.292,0.254,0.325,0.311,0.216,0.133,0.29,0.17,0.366,0.215,0.117,0.145,0.314,0.34,0.353,0.35,0.287,0.262,0.388,0.918,0.24,0.21,0.392,0.411,0.135,0.262,0.142,0.425,0.418,0.4,0.193,0.348,0.099,0.495,0.47
0.178,0.275,0.248,0.16,0.166,0.159,0.15,0.268,0.222,0.151,0.101,0.431,0.123,0.122,0.199,0.157,0.228,0.092,0.191,0.181,0.259,0.14,0.107,0.218,0.301,0.173,0.203,0.259,0.29,1.0,0.471,0.118,0.241,0.211,0.212,0.279,0.236,0.189,0.246,0.194,0.152,0.297,0.243,0.168,0.278,0.18,0.194,0.321,0.334,0.44,0.125,0.226,0.206,0.161,0.369,0.196,0.13,0.192,0.152,0.107,0.202,0.175,0.261,0.189,0.312,0.272,0.095,0.401,0.166,0.244,0.181,0.218,0.182,0.228,0.208,0.339,0.175,0.223,0.449,0.27,0.102,0.186,0.21,0.216,0.16,0.184,0.183,0.149,0.201,0.272,0.293,0.203,0.355,0.224,0.185,0.15,0.275,0.132,0.131,0.166,0.17,0.209,0.139,0.156,0.173,0.125,0.127,0.375,0.159,0.282,0.179,0.169,0.163,0.136,0.26,0.163,0.175,0.147,0.165,0.207,0.187,0.252,0.267,0.162,0.228,0.209,0.132,0.123,0.197,0.199,0.292,0.403,0.195,0.166,0.321,0.224,0.218,0.114,0.114,0.384,0.242,0.201,0.171,0.265,0.135,0.299,0.216,0.185,0.203,0.112,0.173,0.398,0.28,0.315,0.161,0.246,0.17,0.205,0.211,0.212,0.13,0.204,0.167,0.243,0.262,0.147,0.384,0.243,0.254,0.373,0.266,0.093,0.132,0.135,0.182,0.238,0.298,0.107,0.3,0.205,0.232,0.23,0.216,0.265,0.166,0.307,0.163,0.237,0.33,0.236,0.198,0.371,0.169,0.19,0.188,0.141,0.171,0.172,0.144,0.183,0.211,0.188,0.147,0.246,0.32,0.366,0.378,0.159,0.181,0.217,0.681,0.189,0.111,0.451,0.189,0.186,0.41,0.168,0.331,0.14,0.112,0.274,0.195,0.225,0.166,0.396,0.153,0.275,0.087,0.169,0.238,0.188,0.127,0.142,0.169,0.299,0.329,0.32,0.288,0.243,0.235,0.229,0.25,0.114,0.329,0.181,0.254,0.079,0.28,0.153,0.33,0.239,0.172,0.111,0.182,0.275,0.192,0.199,0.244,0.214,0.112,0.154,0.181,0.148,0.371,0.216,0.164,0.21,0.147,0.141,0.178,0.206,0.205,0.17,0.139,0.162,0.166,0.194,0.224,0.127,0.288,0.194,0.221,0.396,0.161,0.167,0.265,0.202,0.146,0.315,0.261,0.319,0.192,0.21,0.351,0.391,0.228,0.269,0.191,0.251,0.146,0.404,0.24,0.242,0.346,0.395,0.143,0.2,0.238,0.209,0.274,0.168,0.136,0.147,0.197,0.246,0.186,0.136,0.154,0.162,0.16,0.206,0.291,0.23,0.284,0.379,0.226,0.316,0.214,0.191,0.173,0.132,0.142,0.204,0.422,0.369,0.252,0.156,0.154,0.148,0.399,0.322
0.801,0.467,0.189,0.219,0.149,0.268,0.155,0.201,0.234,0.195,0.165,0.321,0.146,0.178,0.325,0.138,0.301,0.111,0.159,0.224,0.172,0.211,0.092,0.174,0.315,0.281,0.422,0.226,0.344,0.471,1.0,0.162,0.332,0.301,0.167,0.376,0.785,0.335,0.325,0.22,0.199,0.269,0.29,0.13,0.25,0.247,0.235,0.543,0.204,0.465,0.182,0.216,0.205,0.188,0.337,0.217,0.189,0.329,0.202,0.141,0.202,0.218,0.38,0.187,0.333,0.326,0.1,0.254,0.249,0.22,0.17,0.174,0.24,0.232,0.212,0.307,0.168,0.228,0.31,0.304,0.079,0.163,0.762,0.269,0.171,0.171,0.189,0.266,0.326,0.27,0.116,0.612,0.334,0.223,0.206,0.216,0.467,0.213,0.135,0.241,0.234,0.151,0.165,0.171,0.26,0.138,0.127,0.435,0.181,0.244,0.202,0.181,0.338,0.181,0.205,0.245,0.18,0.155,0.319,0.402,0.24,0.292,0.589,0.329,0.233,0.28,0.213,0.123,0.343,0.208,0.31,0.297,0.236,0.146,0.543,0.244,0.159,0.119,0.213,0.432,0.432,0.249,0.214,0.366,0.181,0.269,0.274,0.211,0.299,0.185,0.183,0.246,0.266,0.36,0.177,0.287,0.187,0.255,0.244,0.241,0.224,0.192,0.181,0.235,0.329,0.146,0.432,0.232,0.333,0.286,0.282,0.092,0.098,0.107,0.131,0.301,0.318,0.141,0.251,0.206,0.217,0.281,0.475,0.375,0.174,0.405,0.117,0.62,0.372,0.17,0.201,0.416,0.207,0.193,0.159,0.138,0.148,0.22,0.12,0.225,0.235,0.287,0.174,0.507,0.373,0.434,0.378,0.208,0.201,0.139,0.681,0.169,0.106,0.451,0.196,0.181,0.353,0.269,0.315,0.143,0.161,0.267,0.249,0.158,0.22,0.469,0.161,0.467,0.091,0.194,0.2,0.286,0.188,0.211,0.202,0.403,0.434,0.21,0.278,0.214,0.525,0.208,0.49,0.079,0.226,0.25,0.188,0.085,0.203,0.137,0.265,0.206,0.26,0.175,0.122,0.467,0.42,0.194,0.269,0.183,0.107,0.266,0.186,0.203,0.363,0.231,0.201,0.762,0.121,0.228,0.255,0.164,0.22,0.151,0.147,0.198,0.156,0.192,0.279,0.17,0.233,0.286,0.347,0.469,0.122,0.251,0.193,0.252,0.234,0.291,0.453,0.363,0.203,0.373,0.316,0.327,0.262,0.229,0.285,0.283,0.212,0.375,0.277,0.37,0.295,0.283,0.113,0.197,0.229,0.239,0.348,0.144,0.146,0.213,0.166,0.247,0.222,0.131,0.164,0.141,0.224,0.263,0.272,0.267,0.284,0.26,0.27,0.231,0.225,0.214,0.241,0.124,0.23,0.152,0.421,0.355,0.409,0.211,0.199,0.121,0.407,0.277
0.125,0.329,0.152,0.352,0.105,0.234,0.069,0.096,0.186,0.376,0.066,0.119,0.523,0.087,0.32,0.082,0.189,0.141,0.097,0.173,0.093,0.326,0.214,0.099,0.205,0.298,0.284,0.132,0.194,0.118,0.162,1.0,0.14,0.282,0.142,0.204,0.231,0.142,0.199,0.218,0.222,0.15,0.345,0.057,0.072,0.52,0.221,0.177,0.083,0.066,0.371,0.122,0.087,0.25,0.092,0.115,0.29,0.175,0.151,0.072,0.174,0.202,0.163,0.085,0.159,0.15,0.157,0.085,0.12,0.121,0.139,0.099,0.243,0.177,0.136,0.166,0.138,0.204,0.18,0.067,0.08,0.105,0.259,0.227,0.177,0.083,0.235,0.234,0.142,0.205,0.058,0.219,0.228,0.094,0.241,0.186,0.329,0.113,0.181,0.366,0.244,0.096,0.152,0.077,0.549,0.241,0.071,0.134,0.233,0.134,0.282,0.102,0.363,0.166,0.218,0.277,0.164,0.084,0.273,0.26,0.302,0.165,0.083,0.291,0.21,0.245,0.113,0.061,0.196,0.231,0.303,0.122,0.321,0.159,0.177,0.133,0.073,0.07,0.132,0.107,0.107,0.338,0.127,0.227,0.265,0.125,0.071,0.078,0.393,0.271,0.204,0.084,0.107,0.111,0.104,0.349,0.153,0.253,0.209,0.307,0.346,0.213,0.115,0.182,0.051,0.071,0.107,0.192,0.181,0.084,0.212,0.054,0.053,0.05,0.064,0.224,0.095,0.072,0.106,0.132,0.206,0.133,0.071,0.077,0.256,0.207,0.114,0.184,0.126,0.089,0.202,0.142,0.102,0.172,0.088,0.074,0.108,0.132,0.057,0.163,0.255,0.11,0.113,0.322,0.146,0.158,0.043,0.12,0.073,0.064,0.052,0.206,0.057,0.122,0.224,0.089,0.18,0.153,0.125,0.179,0.123,0.276,0.288,0.086,0.257,0.164,0.062,0.329,0.054,0.203,0.136,0.327,0.588,0.207,0.17,0.222,0.139,0.119,0.129,0.185,0.077,0.206,0.584,0.044,0.082,0.241,0.114,0.154,0.132,0.135,0.118,0.128,0.263,0.433,0.056,0.329,0.354,0.166,0.16,0.12,0.228,0.251,0.067,0.203,0.171,0.148,0.254,0.259,0.069,0.336,0.154,0.101,0.18,0.075,0.052,0.314,0.191,0.114,0.225,0.224,0.119,0.11,0.257,0.164,0.062,0.193,0.104,0.146,0.433,0.172,0.195,0.114,0.196,0.038,0.09,0.159,0.234,0.123,0.202,0.045,0.295,0.086,0.223,0.186,0.13,0.088,0.07,0.079,0.149,0.117,0.204,0.091,0.171,0.246,0.122,0.195,0.162,0.118,0.084,0.079,0.327,0.259,0.205,0.09,0.157,0.071,0.041,0.115,0.128,0.223,0.252,0.09,0.237,0.055,0.153,0.144,0.263,0.096,0.295,0.056,0.2,0.266
0.648,0.153,0.208,0.166,0.107,0.4,0.179,0.153,0.143,0.17,0.076,0.196,0.125,0.123,0.182,0.125,0.199,0.12,0.161,0.148,0.219,0.144,0.066,0.198,0.245,0.202,0.37,0.167,0.24,0.241,0.332,0.14,1.0,0.284,0.094,0.195,0.634,0.179,0.178,0.168,0.203,0.2,0.21,0.096,0.194,0.149,0.164,0.168,0.183,0.27,0.157,0.188,0.159,0.132,0.23,0.204,0.159,0.204,0.152,0.092,0.215,0.303,0.262,0.124,0.295,0.207,0.122,0.264,0.222,0.2,0.123,0.198,0.183,0.215,0.185,0.179,0.119,0.171,0.259,0.181,0.072,0.162,0.24,0.205,0.163,0.156,0.124,0.257,0.149,0.205,0.127,0.447,0.302,0.129,0.173,0.239,0.153,0.098,0.1,0.162,0.126,0.147,0.189,0.155,0.241,0.121,0.088,0.293,0.138,0.159,0.118,0.125,0.154,0.156,0.111,0.16,0.159,0.129,0.185,0.219,0.204,0.237,0.589,0.156,0.221,0.147,0.098,0.041,0.225,0.219,0.287,0.227,0.204,0.138,0.168,0.259,0.146,0.084,0.244,0.139,0.139,0.202,0.117,0.224,0.188,0.291,0.14,0.23,0.22,0.158,0.116,0.204,0.24,0.207,0.164,0.207,0.205,0.288,0.185,0.229,0.179,0.122,0.121,0.177,0.167,0.09,0.139,0.204,0.209,0.201,0.196,0.069,0.1,0.173,0.149,0.229,0.167,0.092,0.236,0.152,0.185,0.162,0.134,0.132,0.157,0.307,0.117,0.441,0.268,0.167,0.156,0.264,0.183,0.162,0.177,0.076,0.095,0.13,0.066,0.144,0.232,0.191,0.114,0.34,0.217,0.272,0.156,0.11,0.245,0.118,0.24,0.162,0.087,0.122,0.143,0.134,0.318,0.269,0.276,0.094,0.132,0.225,0.236,0.126,0.191,0.156,0.12,0.153,0.067,0.133,0.214,0.191,0.188,0.204,0.152,0.325,0.318,0.274,0.188,0.225,0.14,0.152,0.272,0.143,0.297,0.192,0.15,0.066,0.141,0.116,0.212,0.152,0.23,0.117,0.171,0.153,0.232,0.169,0.2,0.181,0.074,0.166,0.227,0.271,0.328,0.18,0.15,0.24,0.136,0.169,0.212,0.237,0.143,0.188,0.086,0.165,0.137,0.126,0.181,0.159,0.205,0.315,0.244,0.156,0.132,0.158,0.2,0.238,0.186,0.234,0.228,0.191,0.15,0.15,0.194,0.241,0.187,0.229,0.198,0.355,0.133,0.115,0.192,0.199,0.304,0.251,0.114,0.152,0.232,0.202,0.286,0.119,0.112,0.071,0.203,0.197,0.148,0.106,0.173,0.127,0.183,0.264,0.261,0.216,0.187,0.215,0.312,0.228,0.157,0.174,0.183,0.099,0.159,0.119,0.243,0.24,0.325,0.146,0.151,0.064,0.241,0.266
0.272,0.242,0.272,0.287,0.18,0.37,0.167,0.157,0.189,0.178,0.148,0.224,0.225,0.184,0.423,0.231,0.222,0.235,0.191,0.35,0.214,0.238,0.129,0.169,0.36,0.244,0.465,0.321,0.335,0.211,0.301,0.282,0.284,1.0,0.281,0.368,0.422,0.672,0.367,0.291,0.333,0.273,0.406,0.256,0.153,0.288,0.37,0.3,0.17,0.067,0.347,0.204,0.209,0.246,0.191,0.193,0.384,0.307,0.277,0.164,0.301,0.28,0.292,0.356,0.345,0.292,0.162,0.152,0.231,0.219,0.194,0.169,0.541,0.277,0.234,0.362,0.182,0.295,0.289,0.26,0.161,0.198,0.279,0.399,0.326,0.2,0.232,0.452,0.295,0.279,0.143,0.356,0.363,0.237,0.274,0.359,0.242,0.272,0.435,0.336,0.283,0.239,0.364,0.24,0.398,0.232,0.214,0.315,0.302,0.199,0.269,0.229,0.384,0.28,0.169,0.371,0.221,0.16,0.424,0.363,0.419,0.292,0.167,0.376,0.196,0.445,0.272,0.065,0.386,0.325,0.477,0.214,0.397,0.185,0.3,0.187,0.149,0.207,0.358,0.309,0.309,0.49,0.272,0.375,0.27,0.255,0.163,0.159,0.278,0.326,0.244,0.171,0.234,0.298,0.28,0.343,0.264,0.292,0.334,0.397,0.243,0.211,0.272,0.188,0.441,0.166,0.309,0.295,0.373,0.202,0.409,0.128,0.217,0.133,0.17,0.272,0.232,0.164,0.232,0.18,0.367,0.275,0.333,0.273,0.238,0.376,0.186,0.329,0.244,0.239,0.208,0.272,0.144,0.173,0.166,0.155,0.177,0.238,0.142,0.362,0.308,0.369,0.216,0.437,0.233,0.314,0.182,0.321,0.228,0.133,0.149,0.275,0.232,0.22,0.357,0.256,0.342,0.237,0.304,0.173,0.349,0.419,0.323,0.134,0.268,0.272,0.186,0.242,0.18,0.265,0.223,0.357,0.327,0.229,0.302,0.451,0.278,0.214,0.395,0.308,0.359,0.158,1.0,0.148,0.165,0.411,0.153,0.134,0.263,0.253,0.211,0.182,0.35,0.224,0.13,0.242,0.318,0.394,0.281,0.244,0.164,0.32,0.123,0.28,0.353,0.243,0.451,0.279,0.217,0.369,0.24,0.232,0.228,0.163,0.142,0.303,0.229,0.254,0.594,0.275,0.191,0.19,0.474,0.272,0.157,0.3,0.246,0.358,0.416,0.318,0.402,0.233,0.324,0.336,0.176,0.281,0.326,0.234,0.351,0.246,0.322,0.262,0.372,0.267,0.323,0.169,0.062,0.183,0.153,0.182,0.31,0.179,0.214,0.29,0.152,0.293,0.33,0.138,0.134,0.24,0.41,0.38,0.331,0.302,0.275,0.174,0.22,0.237,0.442,0.316,0.345,0.303,0.343,0.106,0.312,0.364,0.442,0.331,0.381,0.156,0.366,0.43
0.122,0.148,0.176,0.153,0.274,0.094,0.137,0.209,0.126,0.086,0.078,0.162,0.142,0.1,0.177,0.093,0.166,0.164,0.162,0.206,0.114,0.124,0.153,0.095,0.153,0.124,0.176,0.226,0.187,0.212,0.167,0.142,0.094,0.281,1.0,0.203,0.222,0.136,0.161,0.154,0.251,0.27,0.25,0.072,0.15,0.157,0.209,0.186,0.1,0.081,0.198,0.145,0.073,0.197,0.161,0.139,0.278,0.175,0.145,0.084,0.285,0.082,0.137,0.097,0.098,0.16,0.12,0.112,0.135,0.138,0.323,0.095,0.232,0.134,0.179,0.158,0.259,0.111,0.237,0.082,0.076,0.115,0.11,0.146,0.306,0.094,0.159,0.198,0.14,0.172,0.068,0.124,0.156,0.119,0.134,0.146,0.148,0.186,0.115,0.188,0.139,0.108,0.134,0.091,0.18,0.197,0.085,0.133,0.213,0.131,0.16,0.113,0.169,0.177,0.409,0.184,0.125,0.113,0.273,0.164,0.277,0.167,0.1,0.176,0.17,0.356,0.186,0.074,0.176,0.268,0.237,0.14,0.374,0.133,0.186,0.138,0.087,0.084,0.319,0.121,0.121,0.288,0.122,0.234,0.151,0.163,0.09,0.091,0.142,0.286,0.144,0.178,0.126,0.14,0.128,0.262,0.299,0.134,0.181,0.238,0.114,0.136,0.123,0.11,0.069,0.103,0.121,0.179,0.213,0.106,0.165,0.061,0.069,0.077,0.077,0.14,0.09,0.084,0.121,0.251,0.127,0.114,0.09,0.093,0.09,0.21,0.098,0.12,0.153,0.105,0.105,0.146,0.116,0.106,0.101,0.077,0.174,0.139,0.102,0.161,0.229,0.151,0.124,0.159,0.135,0.149,0.093,0.131,0.087,0.163,0.089,0.145,0.073,0.451,0.294,0.098,0.176,0.178,0.141,0.104,0.114,0.364,0.12,0.229,0.197,0.396,0.061,0.148,0.069,0.165,0.172,0.176,0.184,0.115,0.205,0.206,0.149,0.091,0.252,0.246,0.096,0.13,0.556,0.057,0.098,0.276,0.275,0.117,0.143,0.182,0.15,0.278,0.202,0.178,0.072,0.148,0.112,0.141,0.122,0.143,0.221,0.205,0.096,0.083,0.195,0.144,0.217,0.11,0.08,0.294,0.09,0.146,0.241,0.09,0.064,0.151,0.137,0.144,0.262,0.148,0.204,0.127,0.196,0.396,0.075,0.185,0.118,0.179,0.231,0.159,0.148,0.101,0.188,0.054,0.158,0.136,0.176,0.154,0.175,0.062,0.21,0.103,0.177,0.121,0.107,0.198,0.073,0.092,0.137,0.193,0.141,0.098,0.115,0.147,0.131,0.306,0.126,0.079,0.098,0.09,0.273,0.282,0.219,0.091,0.248,0.092,0.06,0.196,0.138,0.149,0.286,0.1,0.226,0.084,0.151,0.139,0.181,0.116,0.263,0.108,0.189,0.278
0.231,0.258,0.373,0.175,0.137,0.148,0.143,0.167,0.301,0.168,0.093,0.366,0.17,0.132,0.377,0.132,0.223,0.173,0.141,0.31,0.189,0.216,0.11,0.187,0.362,0.257,0.446,0.304,0.48,0.279,0.376,0.204,0.195,0.368,0.203,1.0,0.383,0.262,0.4,0.293,0.245,0.25,0.526,0.129,0.166,0.298,0.309,0.311,0.198,0.305,0.298,0.2,0.207,0.183,0.207,0.323,0.315,0.419,0.293,0.112,0.274,0.116,0.321,0.166,0.27,0.383,0.161,0.198,0.208,0.181,0.163,0.187,0.339,0.365,0.273,0.352,0.155,0.288,0.403,0.411,0.071,0.19,0.421,0.419,0.296,0.168,0.184,0.231,0.46,0.349,0.165,0.264,0.483,0.305,0.325,0.232,0.258,0.248,0.163,0.349,0.33,0.176,0.165,0.162,0.406,0.159,0.119,0.319,0.315,0.22,0.2,0.167,0.392,0.326,0.148,0.39,0.342,0.18,0.546,0.469,0.422,0.337,0.164,0.374,0.25,0.412,0.248,0.063,0.404,0.286,0.401,0.295,0.332,0.194,0.311,0.189,0.159,0.115,0.241,1.0,0.605,0.421,0.185,0.486,0.129,0.301,0.23,0.153,0.233,0.308,0.254,0.201,0.217,0.299,0.232,0.373,0.251,0.229,0.326,0.338,0.177,0.178,0.149,0.26,0.344,0.125,1.0,0.263,0.374,0.22,0.419,0.082,0.089,0.082,0.125,0.373,0.292,0.112,0.25,0.17,0.365,0.362,0.484,0.514,0.184,0.504,0.13,0.284,0.361,0.211,0.208,0.434,0.138,0.153,0.177,0.148,0.132,0.193,0.096,0.268,0.289,0.338,0.164,0.349,0.429,0.407,0.202,0.239,0.161,0.109,0.21,0.261,0.104,0.293,0.291,0.155,0.295,0.224,0.28,0.162,0.148,0.381,0.16,0.112,0.242,0.281,0.111,0.258,0.088,0.185,0.306,0.445,0.22,0.151,0.262,0.397,0.3,0.294,0.283,0.306,0.531,0.166,0.915,0.076,0.239,0.358,0.15,0.103,0.231,0.142,0.286,0.179,0.486,0.167,0.096,0.258,0.324,0.286,0.283,0.211,0.121,0.38,0.127,0.105,0.531,0.214,0.332,0.421,0.13,0.511,0.198,0.169,0.194,0.113,0.132,0.347,0.178,0.139,0.484,0.359,0.311,0.227,0.476,0.281,0.158,0.273,0.178,0.226,0.435,0.449,0.54,0.224,0.23,0.229,0.282,0.388,0.451,0.228,0.354,0.299,0.37,0.88,0.528,0.407,0.426,0.244,0.076,0.152,0.17,0.199,0.275,0.18,0.126,0.248,0.112,0.285,0.266,0.131,0.113,0.141,0.374,0.329,0.312,0.231,0.266,0.188,0.288,0.217,0.179,0.352,0.288,0.109,0.309,0.086,0.496,0.493,0.536,0.157,0.382,0.09,0.554,0.458
0.634,0.199,0.288,0.126,0.19,0.585,0.249,0.19,0.264,0.264,0.13,0.351,0.151,0.264,0.351,0.196,0.466,0.205,0.241,0.383,0.299,0.185,0.096,0.201,0.422,0.38,0.673,0.308,0.422,0.236,0.785,0.231,0.634,0.422,0.222,0.383,1.0,0.291,0.422,0.307,0.522,0.284,0.422,0.13,0.306,0.271,0.351,0.255,0.208,0.138,0.336,0.259,0.172,0.255,0.603,0.523,0.383,0.422,0.327,0.138,0.371,0.168,0.634,0.166,0.561,0.482,0.141,0.331,0.38,0.255,0.234,0.201,0.422,0.308,0.288,0.331,0.234,0.218,0.362,0.112,0.093,0.163,0.264,0.351,0.225,0.378,0.271,0.224,0.383,0.366,0.135,0.785,0.539,0.218,0.345,0.634,0.199,0.104,0.143,0.301,0.351,0.186,0.305,0.243,0.336,0.146,0.143,0.444,0.291,0.19,0.209,0.201,0.165,0.246,0.199,0.351,0.218,0.178,0.383,0.482,0.422,0.631,0.461,0.327,0.364,0.351,0.104,0.052,0.383,0.399,0.422,0.351,0.422,0.141,0.255,0.631,0.212,0.143,0.595,0.166,0.166,0.422,0.255,0.75,0.146,0.553,0.132,0.562,0.482,0.272,0.199,0.19,0.631,0.75,0.288,0.417,0.415,0.38,0.331,0.383,0.332,0.199,0.214,0.239,0.102,0.196,0.166,0.466,0.457,0.308,0.422,0.132,0.116,0.279,0.126,0.38,0.236,0.138,0.288,0.234,0.308,0.378,0.132,0.13,0.168,0.634,0.147,0.785,0.634,0.308,0.264,0.618,0.249,0.563,0.166,0.153,0.192,0.255,0.119,0.346,0.305,0.631,0.201,0.482,0.75,0.673,0.148,0.272,0.264,0.149,0.299,0.31,0.12,0.19,0.308,0.166,0.295,0.38,0.389,0.151,0.291,0.422,0.199,0.208,0.445,0.234,0.208,0.199,0.116,0.255,0.362,0.27,0.244,0.309,0.228,0.631,0.634,0.236,0.299,0.351,0.143,0.199,0.422,0.091,0.415,0.422,0.234,0.114,0.234,0.146,0.269,0.234,0.383,0.151,0.157,0.199,0.482,0.293,0.341,0.218,0.118,0.336,0.435,0.168,0.422,0.259,0.351,0.264,0.149,0.383,0.309,0.166,0.151,0.445,0.167,0.351,0.309,0.291,0.242,0.218,0.362,0.585,0.529,0.234,0.219,0.314,0.295,0.852,0.351,0.445,0.414,0.503,0.301,0.077,0.306,0.38,0.383,0.378,0.327,0.091,0.27,0.145,0.327,0.603,0.308,0.329,0.151,0.315,0.409,0.309,0.673,0.201,0.16,0.112,0.341,0.422,0.218,0.158,0.522,0.196,0.422,0.631,0.38,0.337,0.459,0.34,0.091,0.234,0.291,0.298,0.383,0.151,0.327,0.244,0.75,0.455,0.649,0.327,0.383,0.119,0.383,0.422
0.171,0.156,0.194,0.143,0.142,0.22,0.157,0.142,0.194,0.165,0.096,0.227,0.125,0.171,0.78,0.126,0.211,0.125,0.157,0.262,0.198,0.245,0.074,0.126,0.306,0.26,0.306,0.181,0.306,0.189,0.335,0.142,0.179,0.672,0.136,0.262,0.291,1.0,0.874,0.201,0.227,0.199,0.306,0.096,0.108,0.194,0.227,0.194,0.114,0.042,0.233,0.162,0.214,0.194,0.2,0.192,0.262,0.317,0.2,0.107,0.139,0.22,0.238,0.12,0.312,0.335,0.095,0.114,0.26,0.194,0.18,0.126,0.572,0.216,0.194,0.235,0.18,0.214,0.227,0.084,0.064,0.116,0.165,0.78,0.161,0.124,0.171,0.22,0.34,0.231,0.077,0.26,0.262,0.139,0.214,0.572,0.156,0.073,0.572,0.237,0.231,0.139,0.572,0.153,0.371,0.253,0.1,0.252,0.183,0.115,0.196,0.149,0.113,0.184,0.156,0.227,0.244,0.112,0.262,0.608,0.306,0.235,0.103,0.78,0.25,0.227,0.073,0.036,0.412,0.235,0.306,0.227,0.306,0.139,0.194,0.194,0.096,0.1,0.165,0.126,0.126,0.306,0.194,0.306,0.171,0.169,0.093,0.153,0.335,0.191,0.318,0.116,0.206,0.262,0.194,0.262,0.125,0.26,0.235,0.262,0.22,0.156,0.166,0.188,0.072,0.144,0.126,0.2,0.306,0.209,0.572,0.093,0.08,0.071,0.089,0.334,0.146,0.107,0.194,0.18,0.209,0.181,0.093,0.096,0.213,0.306,0.342,0.26,0.335,0.209,0.165,0.308,0.166,0.182,0.126,0.103,0.136,0.194,0.077,0.239,0.213,0.165,0.149,0.335,0.227,0.244,0.064,0.191,0.175,0.098,0.07,0.203,0.084,0.142,0.181,0.126,0.179,0.26,0.276,0.318,1.0,0.306,0.168,0.116,0.312,0.18,0.069,0.156,0.08,0.194,0.165,0.874,0.155,0.31,0.153,0.262,0.26,0.247,0.166,0.227,0.1,0.156,0.306,0.064,0.137,0.306,0.142,0.084,0.392,0.107,0.244,0.18,0.262,0.137,0.064,0.156,0.335,0.183,0.272,0.139,0.086,0.233,0.128,0.22,0.306,0.194,0.227,0.165,0.097,0.262,0.341,0.126,0.258,0.1,0.098,0.227,0.19,1.0,0.146,0.194,0.18,0.26,0.365,0.18,0.1,0.459,0.139,0.236,0.227,0.312,0.262,0.317,0.193,0.055,0.153,0.26,0.262,0.252,0.213,0.064,0.194,0.106,0.213,0.235,0.386,0.17,0.055,0.12,0.156,0.202,0.353,0.149,0.256,0.081,0.128,0.227,0.166,0.102,0.116,0.126,0.306,0.306,0.26,0.588,0.321,0.135,0.062,0.18,1.0,0.78,0.262,0.116,0.2,0.103,0.78,0.306,0.306,0.221,0.262,0.077,0.262,0.306
0.272,0.306,0.228,0.226,0.13,0.16,0.127,0.145,0.285,0.183,0.101,0.218,0.188,0.168,0.499,0.161,0.27,0.155,0.149,0.253,0.148,0.237,0.12,0.137,0.374,0.269,0.421,0.238,0.363,0.246,0.325,0.199,0.178,0.367,0.161,0.4,0.422,0.874,1.0,0.305,0.228,0.245,0.443,0.112,0.123,0.298,0.33,0.28,0.121,0.161,0.272,0.175,0.245,0.209,0.188,0.221,0.276,0.413,0.24,0.117,0.245,0.131,0.285,0.169,0.261,0.284,0.137,0.117,0.21,0.219,0.153,0.137,0.352,0.257,0.206,0.299,0.158,0.292,0.295,0.411,0.084,0.17,0.591,0.438,0.244,0.149,0.206,0.226,0.354,0.261,0.088,0.264,0.375,0.21,0.255,0.255,0.306,1.0,0.32,0.331,0.28,0.136,0.236,0.166,0.311,0.197,0.126,0.315,0.274,0.207,0.251,0.178,0.527,0.269,0.179,0.414,0.237,0.124,0.4,0.438,0.354,0.297,0.167,0.452,0.216,0.401,1.0,0.168,0.326,0.249,0.415,0.212,0.313,0.182,0.28,0.167,0.121,0.121,0.181,0.382,0.63,0.337,0.18,0.46,0.166,0.222,0.162,0.143,0.241,0.313,0.26,0.121,0.256,0.304,0.217,0.336,0.212,0.24,0.313,0.296,0.219,0.215,0.142,0.219,0.288,0.16,0.382,0.323,0.386,0.213,0.379,0.087,0.09,0.085,0.103,0.377,0.242,0.117,0.218,0.152,0.255,0.293,0.418,0.518,0.199,0.355,0.127,0.261,0.299,0.182,0.199,0.32,0.143,0.197,0.136,0.15,0.146,0.204,0.132,0.293,0.324,0.245,0.178,0.345,0.309,0.357,0.149,0.247,0.2,0.088,0.163,0.267,0.106,0.217,0.257,0.156,0.272,0.204,0.213,0.19,0.258,0.312,0.204,0.098,0.311,0.259,0.079,0.306,0.092,0.207,0.212,0.425,0.201,0.197,0.23,0.334,0.289,0.185,0.226,0.22,0.459,0.176,1.0,0.085,0.139,0.325,0.126,0.126,0.191,0.154,0.242,0.157,0.373,0.189,0.09,0.306,0.315,0.215,0.32,0.171,0.198,0.335,0.108,0.131,0.396,0.264,0.257,0.591,0.149,0.308,0.225,0.136,0.238,0.107,0.11,0.282,0.199,0.278,0.594,0.248,0.168,0.193,0.391,0.259,0.107,0.434,0.194,0.238,0.339,0.322,0.436,0.305,0.255,0.188,0.19,0.323,0.331,0.212,0.415,0.25,0.301,0.326,0.446,0.358,0.266,0.194,0.088,0.137,0.195,0.204,0.297,0.154,0.177,0.372,0.138,0.231,0.215,0.154,0.12,0.17,0.315,0.301,0.284,0.276,0.239,0.165,0.234,0.17,0.272,0.362,0.255,0.109,0.373,0.094,0.381,0.334,0.444,0.161,0.306,0.147,0.433,0.339
0.234,0.329,0.191,0.302,0.151,0.16,0.174,0.145,0.182,0.105,0.17,0.188,0.253,0.333,0.252,0.436,0.228,0.143,0.241,0.25,0.156,0.288,0.15,0.209,0.301,0.277,0.307,0.242,0.362,0.194,0.22,0.218,0.168,0.291,0.154,0.293,0.307,0.201,0.305,1.0,0.259,0.237,0.359,0.189,0.126,0.445,0.283,0.208,0.168,0.126,0.219,0.143,0.263,0.25,0.201,0.209,0.286,0.222,0.243,0.308,0.228,0.104,0.198,0.25,0.21,0.312,0.195,0.189,0.221,0.409,0.148,0.209,0.349,0.254,0.191,0.27,0.144,0.228,0.22,1.0,0.217,0.199,0.173,0.301,0.184,0.249,0.198,0.235,0.245,0.22,0.198,0.238,0.374,0.199,0.259,0.206,0.329,0.164,0.267,0.241,0.223,0.22,0.182,0.216,0.248,0.167,0.195,0.244,0.334,0.216,0.296,0.409,0.35,0.215,0.187,0.287,0.17,0.174,0.333,0.37,0.339,0.281,0.321,0.313,0.207,0.393,0.164,0.061,0.276,0.252,0.293,0.189,0.292,0.228,0.208,0.2,0.198,0.195,0.156,0.411,0.637,0.321,0.151,0.312,0.16,0.24,0.228,0.166,0.238,0.251,0.246,0.166,0.227,0.216,0.258,0.323,0.197,0.232,0.245,0.345,0.136,0.35,0.13,0.167,0.367,0.154,0.411,0.236,0.293,0.209,0.308,0.117,0.195,0.246,0.163,0.202,0.196,0.308,0.248,0.147,0.315,0.293,0.341,0.521,0.135,0.262,0.157,0.238,0.196,0.256,0.22,0.281,0.205,0.213,0.195,0.126,0.138,0.329,0.102,0.353,0.407,0.241,0.382,0.291,0.233,0.234,0.252,0.222,0.214,0.146,0.264,0.391,0.184,0.151,0.282,0.275,0.278,0.219,0.221,0.165,0.173,0.325,0.195,0.114,0.225,0.192,0.075,0.329,0.147,0.242,0.202,0.263,0.177,0.211,0.354,0.251,0.22,0.192,0.246,0.226,0.366,0.175,0.744,0.269,0.124,0.366,0.14,0.107,0.213,0.245,0.173,0.147,0.323,0.288,0.208,0.329,0.34,0.251,0.415,0.214,0.186,0.234,0.134,0.096,0.3,0.365,0.272,0.173,0.274,0.319,0.21,0.12,0.223,0.25,0.079,0.24,0.251,0.148,0.351,0.256,0.164,0.16,0.339,0.192,0.215,0.227,0.248,0.218,0.352,0.282,0.268,0.195,0.288,0.281,0.157,0.274,0.359,0.255,0.326,0.45,0.318,0.35,0.346,0.24,0.284,0.161,0.074,0.236,0.228,0.162,0.31,0.161,0.156,0.329,0.187,0.253,0.171,0.247,0.155,0.442,0.263,0.325,0.304,0.209,0.25,0.279,0.416,0.16,0.185,0.276,0.251,0.124,0.239,0.12,0.256,0.276,0.314,0.217,0.38,0.118,0.337,0.352
0.331,0.301,0.246,0.175,0.198,0.189,0.135,0.185,0.186,0.14,0.118,0.247,0.188,0.156,0.261,0.142,0.368,0.272,0.149,0.29,0.17,0.165,0.174,0.2,0.199,0.189,0.256,0.241,0.285,0.152,0.199,0.222,0.203,0.333,0.251,0.245,0.522,0.227,0.228,0.259,1.0,0.23,0.366,0.111,0.178,0.245,0.324,0.334,0.176,0.152,0.288,0.213,0.12,0.32,0.261,0.2,0.443,0.215,0.239,0.122,0.292,0.146,0.21,0.16,0.157,0.274,0.182,0.228,0.21,0.205,0.252,0.2,0.336,0.307,0.291,0.259,0.226,0.171,0.272,0.116,0.089,0.155,0.196,0.22,0.227,0.158,0.303,0.262,0.19,0.23,0.123,0.23,0.289,0.152,0.237,0.276,0.301,0.19,0.167,0.302,0.191,0.178,0.204,0.152,0.265,0.188,0.145,0.201,0.265,0.217,0.2,0.184,0.261,0.25,0.238,0.285,0.184,0.116,0.34,0.246,0.421,0.335,0.57,0.248,0.196,0.373,0.19,0.058,0.226,0.448,0.354,0.257,0.505,0.149,0.334,0.43,0.16,0.145,0.31,0.191,0.191,0.42,0.191,0.344,0.142,0.485,0.147,0.185,0.237,0.355,0.178,0.172,0.347,0.209,0.178,0.381,0.274,0.209,0.32,0.394,0.19,0.252,0.196,0.166,0.105,0.116,0.191,0.317,0.246,0.204,0.234,0.103,0.113,0.194,0.123,0.151,0.145,0.122,0.206,0.238,0.225,0.196,0.147,0.141,0.119,0.283,0.128,0.22,0.208,0.16,0.179,0.224,0.206,0.15,0.151,0.094,0.137,0.235,0.095,0.224,0.304,0.247,0.208,0.244,0.229,0.235,0.147,0.164,0.134,0.143,0.336,0.244,0.116,0.231,0.377,0.166,0.188,0.277,0.27,0.099,0.172,0.515,0.226,0.192,0.258,0.295,0.088,0.301,0.115,0.27,0.338,0.203,0.234,0.177,0.303,0.274,0.216,0.144,0.268,0.444,0.164,0.247,0.847,0.084,0.2,0.388,0.232,0.155,0.171,0.173,0.185,0.236,0.303,0.237,0.112,0.301,0.165,0.265,0.198,0.241,0.19,0.295,0.261,0.134,0.273,0.232,0.314,0.196,0.123,0.366,0.14,0.168,0.181,0.339,0.089,0.213,0.202,0.147,0.397,0.237,0.272,0.239,0.29,0.295,0.184,0.189,0.174,0.321,0.343,0.26,0.225,0.169,0.244,0.073,0.18,0.219,0.247,0.229,0.302,0.089,0.281,0.164,0.299,0.202,0.22,0.197,0.125,0.227,0.262,0.172,0.219,0.164,0.143,0.214,0.204,0.409,0.204,0.1,0.564,0.136,0.385,0.628,0.377,0.142,0.267,0.281,0.09,0.202,0.227,0.232,0.442,0.151,0.258,0.196,0.221,0.22,0.299,0.178,0.345,0.088,0.258,0.416
0.294,0.383,0.287,0.158,0.302,0.129,0.241,0.308,0.222,0.129,0.116,0.256,0.157,0.138,0.329,0.135,0.312,0.15,0.306,0.228,0.173,0.154,0.132,0.142,0.221,0.175,0.216,0.195,0.235,0.297,0.269,0.15,0.2,0.273,0.27,0.25,0.284,0.199,0.245,0.237,0.23,1.0,0.292,0.144,0.237,0.246,0.335,0.469,0.161,0.098,0.202,0.257,0.247,0.248,0.298,0.173,0.221,0.227,0.232,0.12,0.289,0.096,0.205,0.202,0.184,0.226,0.142,0.206,0.189,0.218,0.417,0.142,0.267,0.186,0.188,0.332,0.352,0.194,0.381,0.181,0.105,0.157,0.176,0.191,0.263,0.144,0.302,0.198,0.203,0.204,0.091,0.265,0.224,0.231,0.19,0.218,0.383,0.239,0.158,0.215,0.188,0.172,0.244,0.163,0.192,0.183,0.147,0.233,0.185,0.276,0.221,0.193,0.331,0.235,0.255,0.235,0.142,0.162,0.285,0.239,0.263,0.229,0.246,0.257,0.331,0.257,0.239,0.102,0.234,0.241,0.269,0.161,0.277,0.172,0.469,0.229,0.115,0.135,0.217,0.281,0.281,0.277,0.252,0.421,0.172,0.214,0.245,0.18,0.263,0.244,0.173,0.288,0.228,0.332,0.208,0.264,0.329,0.218,0.23,0.232,0.157,0.228,0.203,0.161,0.183,0.139,0.281,0.213,0.287,0.253,0.233,0.101,0.119,0.082,0.123,0.228,0.22,0.12,0.174,0.347,0.202,0.21,0.245,0.221,0.141,0.271,0.115,0.249,0.206,0.165,0.173,0.268,0.19,0.158,0.133,0.223,0.32,0.243,0.119,0.258,0.259,0.246,0.192,0.212,0.24,0.237,0.162,0.204,0.225,0.206,0.159,0.221,0.121,0.831,0.384,0.168,0.205,0.24,0.268,0.12,0.152,0.264,0.216,0.255,0.237,1.0,0.137,0.383,0.112,0.251,0.258,0.235,0.174,0.215,0.233,0.231,0.217,0.134,0.289,0.205,0.274,0.21,0.419,0.082,0.186,0.269,0.332,0.12,0.287,0.189,0.167,0.386,0.297,0.16,0.094,0.383,0.21,0.183,0.247,0.164,0.171,0.254,0.115,0.097,0.247,0.23,0.233,0.176,0.121,0.235,0.222,0.212,0.252,0.126,0.138,0.174,0.163,0.147,0.263,0.168,0.358,0.2,0.245,1.0,0.112,0.211,0.194,0.221,0.227,0.264,0.275,0.185,0.229,0.126,0.226,0.29,0.216,0.191,0.234,0.155,0.233,0.257,0.23,0.184,0.182,0.332,0.078,0.154,0.195,0.31,0.25,0.171,0.15,0.195,0.218,0.353,0.212,0.174,0.175,0.139,0.264,0.289,0.329,0.244,0.369,0.155,0.163,0.427,0.228,0.211,0.223,0.273,0.22,0.098,0.249,0.312,0.23,0.195,0.266,0.123,0.26,0.281
0.272,0.315,0.357,0.374,0.174,0.166,0.148,0.179,0.25,0.209,0.119,0.328,0.32,0.159,0.511,0.146,0.326,0.242,0.188,0.332,0.252,0.343,0.169,0.152,0.323,0.337,0.434,0.291,0.502,0.243,0.29,0.345,0.21,0.406,0.25,0.526,0.422,0.306,0.443,0.359,0.366,0.292,1.0,0.129,0.205,0.437,0.436,0.403,0.215,0.155,0.41,0.223,0.213,0.342,0.281,0.29,0.438,0.327,0.302,0.126,0.32,0.13,0.28,0.166,0.213,0.322,0.193,0.219,0.215,0.212,0.212,0.152,0.403,0.518,0.269,0.333,0.2,0.298,0.339,0.167,0.11,0.175,0.444,0.435,0.266,0.148,0.245,0.264,0.344,0.346,0.1,0.262,0.521,0.209,0.38,0.301,0.315,0.316,0.348,0.556,0.329,0.177,0.214,0.163,0.529,0.284,0.135,0.263,0.415,0.216,0.326,0.186,0.406,0.364,0.191,0.454,0.252,0.134,0.576,0.49,0.487,0.361,0.221,0.396,0.295,0.476,0.316,0.09,0.324,0.404,0.432,0.342,0.442,0.204,0.403,0.23,0.139,0.133,0.259,0.252,0.252,0.544,0.242,0.504,0.199,0.351,0.217,0.164,0.277,0.408,0.305,0.208,0.326,0.296,0.23,0.488,0.27,0.224,0.376,0.466,0.25,0.191,0.186,0.261,0.166,0.139,0.252,0.303,0.37,0.218,0.409,0.108,0.114,0.099,0.149,0.313,0.181,0.126,0.232,0.212,0.473,0.306,0.217,0.2,0.237,0.502,0.161,0.308,0.293,0.175,0.297,0.462,0.162,0.188,0.149,0.153,0.172,0.231,0.104,0.314,0.364,0.25,0.188,0.365,0.336,0.319,0.176,0.246,0.159,0.138,0.462,0.307,0.118,0.3,0.381,0.153,0.321,0.228,0.262,0.19,0.172,0.559,0.18,0.184,0.447,0.36,0.103,0.315,0.109,0.326,0.256,0.512,0.297,0.187,0.285,0.331,0.27,0.324,0.328,0.375,0.24,0.202,1.0,0.089,0.242,0.413,0.177,0.181,0.204,0.241,0.244,0.226,0.587,0.328,0.096,0.315,0.33,0.343,0.346,0.241,0.386,0.38,0.161,0.119,0.469,0.244,0.449,0.444,0.126,0.661,0.198,0.209,0.287,0.136,0.103,0.426,0.24,0.163,0.594,0.386,0.219,0.208,0.493,0.36,0.128,0.362,0.228,0.271,0.592,0.393,0.466,0.27,0.323,0.117,0.251,0.401,0.54,0.214,0.43,0.143,0.467,0.229,0.52,0.381,0.421,0.242,0.097,0.159,0.183,0.224,0.257,0.175,0.164,0.372,0.335,0.378,0.283,0.148,0.153,0.147,0.483,0.424,0.386,0.228,0.282,0.255,0.149,0.264,0.218,0.412,0.389,0.15,0.435,0.138,0.379,0.433,0.546,0.18,0.486,0.096,0.554,0.477
0.085,0.202,0.065,0.168,0.198,0.051,0.146,0.155,0.135,0.06,0.124,0.118,0.094,0.176,0.106,0.292,0.107,0.046,0.132,0.17,0.16,0.094,0.075,0.235,0.083,0.105,0.081,0.149,0.2,0.168,0.13,0.057,0.096,0.256,0.072,0.129,0.13,0.096,0.112,0.189,0.111,0.144,0.129,1.0,0.116,0.134,0.177,0.242,0.297,0.05,0.092,0.099,0.215,0.196,0.145,0.047,0.095,0.078,0.142,0.209,0.075,0.044,0.068,0.521,0.149,0.166,0.05,0.188,0.152,0.244,0.181,0.235,0.23,0.084,0.063,0.389,0.17,0.096,0.139,0.408,0.147,0.192,0.083,0.066,0.053,0.294,0.169,0.169,0.116,0.154,0.237,0.138,0.29,0.177,0.068,0.086,0.202,0.086,0.18,0.099,0.107,0.351,0.137,0.263,0.082,0.101,0.306,0.162,0.072,0.226,0.143,0.32,0.054,0.082,0.165,0.126,0.046,0.086,0.092,0.1,0.108,0.13,0.123,0.124,0.09,0.081,0.086,0.044,0.183,0.111,0.092,0.101,0.127,0.049,0.242,0.17,0.252,0.26,0.064,0.514,0.514,0.19,0.2,0.102,0.084,0.107,0.238,0.182,0.186,0.078,0.102,0.22,0.193,0.179,0.253,0.101,0.054,0.149,0.14,0.141,0.07,0.317,0.28,0.093,0.366,0.137,0.514,0.08,0.114,0.184,0.13,0.149,0.232,0.194,0.27,0.086,0.199,0.209,0.185,0.167,0.192,0.272,0.421,0.574,0.082,0.142,0.071,0.134,0.075,0.308,0.246,0.105,0.071,0.059,0.232,0.088,0.149,0.336,0.104,0.246,0.136,0.213,0.325,0.148,0.111,0.093,0.263,0.209,0.199,0.141,0.196,0.054,0.234,0.173,0.19,0.406,0.206,0.112,0.205,0.065,0.141,0.137,0.163,0.114,0.111,0.221,0.179,0.202,0.193,0.2,0.074,0.082,0.084,0.074,0.284,0.087,0.087,0.168,0.289,0.111,0.458,0.166,0.155,0.232,0.128,0.27,0.132,0.07,0.241,0.204,0.072,0.166,0.091,0.099,0.166,0.202,0.123,0.225,0.179,0.143,0.076,0.078,0.087,0.044,0.213,0.225,0.189,0.083,0.332,0.096,0.157,0.177,0.094,0.444,0.088,0.074,0.055,0.071,0.076,0.055,0.148,0.089,0.108,0.221,0.247,0.089,0.391,0.185,0.088,0.133,0.22,0.146,0.21,0.271,0.087,0.163,0.224,0.248,0.22,0.343,0.112,0.445,0.224,0.112,0.263,0.119,0.054,0.262,0.13,0.104,0.138,0.248,0.098,0.095,0.096,0.125,0.23,0.055,0.101,0.313,0.121,0.149,0.145,0.277,0.177,0.243,0.314,0.169,0.315,0.069,0.1,0.203,0.074,0.082,0.142,0.238,0.102,0.31,0.086,0.131,0.165,0.299
0.215,0.279,0.148,0.113,0.309,0.164,0.285,0.408,0.206,0.164,0.1,0.427,0.095,0.102,0.109,0.141,0.198,0.079,0.331,0.16,0.113,0.111,0.076,0.267,0.134,0.142,0.129,0.269,0.285,0.278,0.25,0.072,0.194,0.153,0.15,0.166,0.306,0.108,0.123,0.126,0.178,0.237,0.205,0.116,1.0,0.147,0.141,0.298,0.251,0.554,0.109,0.301,0.132,0.186,0.65,0.251,0.115,0.146,0.116,0.115,0.298,0.242,0.275,0.167,0.23,0.253,0.077,0.34,0.165,0.197,0.324,0.267,0.155,0.126,0.254,0.265,0.285,0.109,0.376,0.164,0.079,0.17,0.147,0.105,0.119,0.173,0.176,0.109,0.215,0.156,0.184,0.196,0.276,0.259,0.242,0.196,0.279,0.097,0.114,0.127,0.147,0.158,0.146,0.163,0.104,0.101,0.125,0.336,0.1,0.237,0.128,0.163,0.076,0.1,0.178,0.106,0.151,0.103,0.137,0.14,0.142,0.265,0.323,0.105,0.372,0.11,0.097,0.092,0.154,0.3,0.208,0.367,0.187,0.092,0.298,0.337,0.311,0.124,0.147,0.181,0.181,0.148,0.165,0.23,0.089,0.284,0.131,0.273,0.179,0.095,0.137,0.338,0.23,0.385,0.133,0.316,0.274,0.183,0.22,0.271,0.091,0.194,0.179,0.261,0.152,0.175,0.181,0.206,0.178,0.396,0.202,0.102,0.112,0.159,0.146,0.127,0.276,0.115,0.309,0.507,0.126,0.228,0.177,0.17,0.11,0.315,0.145,0.18,0.272,0.155,0.152,0.337,0.231,0.147,0.249,0.157,0.128,0.188,0.162,0.119,0.179,0.166,0.162,0.178,0.309,0.255,0.489,0.104,0.18,0.5,0.768,0.095,0.113,0.726,0.265,0.295,0.158,0.172,0.23,0.09,0.099,0.314,0.167,0.465,0.142,0.639,0.21,0.279,0.096,0.186,0.245,0.107,0.08,0.096,0.168,0.211,0.345,0.149,0.384,0.272,0.188,0.382,0.185,0.12,0.189,0.162,0.465,0.081,0.255,0.132,0.338,0.498,0.171,0.098,0.185,0.279,0.113,0.188,0.236,0.316,0.08,0.14,0.374,0.159,0.202,0.214,0.133,0.147,0.153,0.117,0.124,0.115,0.14,0.18,0.178,0.094,0.11,0.123,0.1,0.091,0.364,0.29,0.124,0.639,0.164,0.109,0.239,0.176,0.108,0.181,0.23,0.301,0.159,0.139,0.542,0.28,0.152,0.246,0.266,0.211,0.125,0.151,0.197,0.223,0.253,0.346,0.315,0.24,0.281,0.716,0.247,0.161,0.108,0.107,0.314,0.569,0.176,0.085,0.177,0.141,0.143,0.227,0.279,0.188,0.304,0.393,0.19,0.299,0.193,0.24,0.302,0.124,0.093,0.267,0.246,0.204,0.208,0.116,0.11,0.1,0.214,0.159
0.234,0.467,0.192,0.333,0.188,0.117,0.116,0.186,0.281,0.15,0.137,0.199,0.404,0.131,0.288,0.133,0.237,0.123,0.148,0.257,0.114,0.438,0.21,0.154,0.211,0.403,0.326,0.216,0.295,0.18,0.247,0.52,0.149,0.288,0.157,0.298,0.271,0.194,0.298,0.445,0.245,0.246,0.437,0.134,0.147,1.0,0.252,0.543,0.146,0.108,0.318,0.16,0.196,0.384,0.196,0.16,0.263,0.252,0.214,0.13,0.166,0.103,0.201,0.177,0.187,0.23,0.142,0.152,0.168,0.332,0.237,0.154,0.335,0.238,0.166,0.218,0.22,0.287,0.253,0.195,0.113,0.173,0.259,0.269,0.159,0.146,0.261,0.177,0.239,0.359,0.092,0.246,0.312,0.185,0.413,0.216,0.467,0.245,0.252,0.343,0.338,0.186,0.194,0.15,0.346,0.253,0.139,0.186,0.525,0.21,0.418,0.217,0.363,0.22,0.268,0.384,0.166,0.116,0.337,0.457,0.338,0.275,0.273,0.33,0.291,0.333,0.245,0.116,0.279,0.217,0.268,0.174,0.3,0.15,0.543,0.315,0.121,0.141,0.168,0.311,0.311,0.407,0.303,0.295,0.236,0.207,0.274,0.143,0.352,0.238,0.337,0.185,0.204,0.193,0.151,0.348,0.149,0.224,0.243,0.285,0.166,0.27,0.193,0.236,0.2,0.177,0.311,0.207,0.253,0.141,0.361,0.107,0.12,0.082,0.116,0.323,0.161,0.13,0.15,0.215,0.377,0.22,0.274,0.242,0.218,0.325,0.143,0.231,0.225,0.137,0.193,0.285,0.163,0.191,0.144,0.142,0.147,0.272,0.137,0.288,0.487,0.213,0.217,0.299,0.234,0.214,0.176,0.204,0.127,0.126,0.171,0.192,0.123,0.388,0.288,0.151,0.227,0.238,0.215,0.279,0.141,0.288,0.256,0.146,0.315,0.469,0.095,0.467,0.113,0.37,0.185,0.408,0.206,0.197,0.233,0.226,0.195,0.153,0.207,0.215,0.311,0.253,0.584,0.08,0.143,0.321,0.196,0.194,0.246,0.229,0.143,0.228,0.396,0.446,0.095,0.467,0.376,0.313,0.374,0.143,0.272,0.257,0.097,0.103,0.252,0.356,0.42,0.259,0.117,0.39,0.179,0.164,0.312,0.131,0.093,0.359,0.177,0.17,0.225,0.267,0.222,0.182,0.29,0.469,0.117,0.269,0.167,0.232,0.515,0.239,0.313,0.209,0.307,0.134,0.156,0.245,0.354,0.195,0.231,0.168,0.429,0.286,0.29,0.279,0.24,0.224,0.084,0.165,0.285,0.176,0.221,0.185,0.222,0.498,0.164,0.262,0.212,0.141,0.166,0.137,0.317,0.306,0.269,0.188,0.237,0.155,0.178,0.269,0.216,0.412,0.247,0.137,0.275,0.09,0.247,0.261,0.313,0.163,0.332,0.147,0.341,0.297
0.199,0.284,0.295,0.279,0.179,0.109,0.2,0.153,0.176,0.11,0.114,0.232,0.193,0.139,0.391,0.153,0.276,0.217,0.171,0.39,0.15,0.179,0.211,0.151,0.262,0.189,0.279,0.257,0.335,0.194,0.235,0.221,0.164,0.37,0.209,0.309,0.351,0.227,0.33,0.283,0.324,0.335,0.436,0.177,0.141,0.252,1.0,0.281,0.169,0.071,0.273,0.185,0.266,0.262,0.224,0.196,0.424,0.259,0.365,0.136,0.399,0.078,0.23,0.246,0.155,0.302,0.194,0.147,0.195,0.222,0.18,0.151,0.421,0.243,0.243,0.331,0.173,0.254,0.235,0.204,0.109,0.185,0.196,0.266,0.229,0.168,0.253,0.261,0.231,0.238,0.107,0.202,0.346,0.25,0.199,0.234,0.284,0.292,0.194,0.318,0.244,0.179,0.177,0.189,0.262,0.21,0.177,0.255,0.248,0.291,0.232,0.181,0.527,0.48,0.201,0.341,0.218,0.222,0.387,0.278,0.441,0.258,0.128,0.335,0.17,0.365,0.292,0.068,0.307,0.411,0.419,0.241,0.44,0.206,0.281,0.178,0.129,0.171,0.209,0.31,0.31,0.434,0.243,0.452,0.143,0.235,0.191,0.166,0.226,0.35,0.181,0.163,0.214,0.313,0.333,0.369,0.33,0.182,0.347,0.429,0.143,0.227,0.217,0.158,0.211,0.155,0.31,0.264,0.296,0.197,0.272,0.127,0.138,0.128,0.224,0.216,0.211,0.136,0.254,0.17,0.277,0.246,0.315,0.279,0.096,0.294,0.099,0.203,0.161,0.176,0.161,0.252,0.134,0.174,0.145,0.165,0.16,0.208,0.11,0.341,0.331,0.246,0.194,0.267,0.232,0.234,0.169,0.243,0.263,0.105,0.416,0.291,0.147,0.184,0.386,0.185,0.245,0.212,0.306,0.093,0.153,0.473,0.195,0.139,0.325,0.248,0.155,0.284,0.13,0.244,0.27,0.228,0.192,0.148,0.297,0.243,0.201,0.128,0.328,0.307,0.352,0.194,0.847,0.17,0.132,0.442,0.14,0.136,0.226,0.209,0.193,0.169,0.36,0.223,0.159,0.284,0.204,0.225,0.234,0.232,0.301,0.347,0.136,0.078,0.338,0.19,0.33,0.196,0.141,0.382,0.187,0.191,0.216,0.138,0.127,0.228,0.319,0.129,0.922,0.251,0.167,0.166,0.358,0.248,0.126,0.203,0.161,0.274,0.387,0.289,0.356,0.197,0.302,0.146,0.165,0.251,0.37,0.23,0.37,0.389,0.294,0.263,0.377,0.301,0.245,0.152,0.067,0.152,0.169,0.141,0.222,0.149,0.113,0.246,0.192,0.308,0.301,0.159,0.132,0.157,0.382,0.389,0.385,0.233,0.25,0.21,0.374,0.168,0.261,0.277,0.359,0.154,0.283,0.141,0.239,0.334,0.336,0.206,0.38,0.096,0.326,0.444
0.164,0.467,0.179,0.253,0.388,0.14,0.196,0.388,0.543,0.178,0.242,0.469,0.306,0.163,0.357,0.243,0.284,0.132,0.224,0.301,0.184,0.306,0.193,0.311,0.28,0.306,0.28,0.274,0.311,0.321,0.543,0.177,0.168,0.3,0.186,0.311,0.255,0.194,0.28,0.208,0.334,0.469,0.403,0.242,0.298,0.543,0.281,1.0,0.294,0.108,0.221,0.338,0.253,1.0,0.334,0.13,0.266,0.28,0.244,0.237,0.138,0.126,0.254,0.357,0.237,0.323,0.136,0.294,0.263,0.543,0.469,0.311,0.311,0.237,0.179,0.311,0.469,0.153,0.469,0.195,0.185,0.311,0.178,0.278,0.132,0.311,0.467,0.268,0.323,0.294,0.196,0.428,0.311,0.311,0.206,0.278,0.467,0.205,0.278,0.357,0.254,0.373,0.278,0.274,0.221,0.259,0.311,0.403,0.208,0.266,0.306,0.428,0.094,0.301,0.467,0.254,0.138,0.154,0.266,0.788,0.28,0.388,0.273,0.231,0.247,0.254,0.205,0.116,0.311,0.2,0.28,0.254,0.28,0.171,1.0,0.543,0.242,0.311,0.178,0.311,0.311,0.349,1.0,0.28,0.53,0.342,0.274,0.274,0.543,0.178,0.39,0.334,0.388,0.334,0.179,0.357,0.133,0.263,0.2,0.266,0.226,0.467,0.403,0.39,0.2,0.256,0.311,0.284,0.306,0.219,0.349,0.274,0.243,0.151,0.253,0.263,0.311,0.237,0.179,0.469,0.311,0.428,0.274,0.242,0.298,0.469,0.168,0.268,0.357,0.235,0.357,0.263,0.162,0.193,0.311,0.185,0.202,0.543,0.187,0.23,0.306,0.388,0.428,0.323,0.543,0.342,0.176,0.274,0.246,0.298,0.171,0.212,0.257,0.388,0.469,0.311,0.253,0.263,0.281,0.183,0.194,0.28,0.467,0.334,0.285,0.469,0.187,0.467,0.243,1.0,0.192,0.357,0.191,0.21,0.428,0.388,0.272,0.148,0.403,0.254,0.311,0.467,0.28,0.168,0.294,0.311,0.388,0.211,0.469,0.53,0.178,0.469,0.266,0.306,0.178,0.467,0.323,0.227,1.0,0.203,0.221,0.221,0.156,0.128,0.311,1.0,0.349,0.178,0.242,0.266,0.281,0.311,0.306,0.259,0.153,0.254,0.177,0.194,0.167,0.206,0.469,0.263,0.257,0.469,0.257,0.388,0.373,0.349,0.306,0.285,0.428,0.403,0.357,0.134,0.388,0.357,0.266,0.25,0.311,0.168,0.788,0.286,0.311,0.242,0.311,0.388,0.141,0.357,0.467,0.298,0.3,0.428,0.334,0.213,0.137,0.388,0.403,0.193,0.334,0.243,0.334,0.388,0.263,0.349,0.39,0.311,0.178,0.469,0.403,0.188,0.266,0.271,0.244,0.14,0.428,0.349,0.28,0.254,0.266,0.169,0.311,0.294
0.166,0.258,0.142,0.149,0.219,0.096,0.129,0.217,0.152,0.099,0.138,0.412,0.12,0.155,0.133,0.259,0.171,0.067,0.145,0.139,0.356,0.108,0.105,0.365,0.094,0.122,0.101,0.205,0.259,0.334,0.204,0.083,0.183,0.17,0.1,0.198,0.208,0.114,0.121,0.168,0.176,0.161,0.215,0.297,0.251,0.146,0.169,0.294,1.0,0.176,0.114,0.142,0.285,0.223,0.413,0.114,0.114,0.091,0.136,0.206,0.182,0.123,0.131,0.332,0.155,0.283,0.085,0.515,0.157,0.229,0.208,0.365,0.196,0.18,0.143,0.322,0.19,0.078,0.254,0.311,0.139,0.246,0.1,0.085,0.073,0.345,0.184,0.181,0.115,0.237,0.344,0.154,0.332,0.205,0.133,0.132,0.258,0.114,0.169,0.121,0.118,0.527,0.158,0.263,0.098,0.131,0.29,0.193,0.095,0.388,0.152,0.314,0.062,0.1,0.183,0.131,0.077,0.081,0.114,0.112,0.126,0.187,0.243,0.121,0.166,0.11,0.114,0.063,0.173,0.251,0.128,0.473,0.155,0.081,0.294,0.251,0.425,0.285,0.101,0.754,0.47,0.164,0.184,0.151,0.113,0.244,0.17,0.228,0.176,0.104,0.115,0.343,0.277,0.21,0.14,0.227,0.132,0.136,0.18,0.201,0.089,0.319,0.21,0.145,0.265,0.139,0.754,0.121,0.142,0.281,0.172,0.163,0.194,0.206,0.376,0.115,0.259,0.206,0.181,0.227,0.258,0.357,0.385,0.515,0.104,0.195,0.195,0.177,0.145,0.465,0.307,0.3,0.135,0.088,0.352,0.094,0.126,0.278,0.101,0.129,0.151,0.197,0.315,0.15,0.195,0.178,0.207,0.151,0.178,0.184,0.574,0.081,0.237,0.21,0.2,0.271,0.32,0.136,0.262,0.082,0.154,0.316,0.173,0.499,0.144,0.265,0.128,0.258,0.211,0.211,0.161,0.101,0.097,0.089,0.27,0.141,0.176,0.286,0.336,0.316,0.421,0.261,0.178,0.201,0.322,0.273,0.206,0.108,0.224,0.179,0.216,0.249,0.108,0.131,0.18,0.258,0.119,0.167,0.206,0.192,0.118,0.102,0.243,0.088,0.325,0.23,0.158,0.1,0.313,0.118,0.141,0.307,0.107,0.326,0.082,0.093,0.085,0.094,0.092,0.076,0.215,0.148,0.134,0.265,0.366,0.107,0.455,0.167,0.108,0.165,0.214,0.188,0.223,0.174,0.298,0.249,0.144,0.402,0.228,0.231,0.131,0.63,0.263,0.13,0.455,0.284,0.163,0.337,0.174,0.153,0.169,0.451,0.118,0.115,0.298,0.231,0.164,0.069,0.167,0.28,0.15,0.201,0.225,0.243,0.165,0.515,0.213,0.252,0.249,0.128,0.148,0.149,0.104,0.329,0.245,0.286,0.119,0.177,0.108,0.086,0.278,0.53
0.152,0.224,0.294,0.048,0.077,0.214,0.034,0.583,0.305,0.338,0.05,0.569,0.059,0.036,0.082,0.055,0.223,0.026,0.202,0.323,0.042,0.059,0.098,1.0,0.079,0.115,0.108,0.636,0.505,0.44,0.465,0.066,0.27,0.067,0.081,0.305,0.138,0.042,0.161,0.126,0.152,0.098,0.155,0.05,0.554,0.108,0.071,0.108,0.176,1.0,0.051,0.626,0.047,0.108,0.583,0.573,0.059,0.067,0.055,0.054,0.803,0.583,0.636,0.066,0.44,0.509,0.069,0.636,0.058,0.124,0.098,1.0,0.067,0.156,0.636,0.27,0.145,0.05,0.554,0.042,0.051,0.424,0.036,0.096,0.094,0.212,0.224,0.049,0.465,0.248,0.44,0.164,0.291,0.293,0.583,0.353,0.224,0.037,0.055,0.066,0.108,0.075,0.055,0.05,0.051,0.082,0.055,0.543,0.082,0.53,0.059,0.087,0.023,0.061,0.224,0.087,0.285,0.05,0.174,0.082,0.108,0.43,0.242,0.066,0.537,0.124,0.037,0.101,0.066,0.226,0.636,0.537,0.248,0.079,0.108,0.592,0.583,0.055,0.08,0.066,0.066,0.072,0.108,0.272,0.071,0.445,0.05,0.678,0.108,0.04,0.144,0.317,0.426,0.583,0.172,0.554,0.803,0.058,0.244,0.19,0.043,0.224,0.088,1.0,0.037,0.057,0.066,0.512,0.223,0.583,0.19,0.05,0.042,0.176,0.047,0.186,0.537,0.054,0.583,0.554,0.055,0.292,0.05,0.05,0.149,0.635,0.371,0.164,0.812,0.045,0.066,0.291,0.538,0.294,0.626,0.07,0.145,0.108,0.126,0.066,0.082,0.283,0.082,0.333,1.0,0.509,0.328,0.051,0.043,0.357,0.27,0.079,0.044,0.077,0.098,0.494,0.293,0.058,0.166,0.12,0.042,0.27,0.224,0.176,0.062,0.098,0.292,0.224,0.042,0.108,0.636,0.066,0.039,0.044,0.082,0.895,0.753,0.035,0.27,0.309,0.055,0.583,0.067,0.032,0.157,0.067,0.398,0.102,0.44,0.056,0.736,0.583,0.059,0.059,0.388,0.224,0.068,0.378,0.19,0.583,0.082,0.191,0.398,0.371,0.225,0.108,0.072,0.036,0.05,0.059,0.047,0.066,0.059,0.217,0.038,0.051,0.26,0.183,0.035,0.033,0.402,0.47,0.182,0.098,0.322,0.077,0.139,0.114,0.059,0.345,0.19,0.554,0.066,0.027,0.633,0.783,0.183,0.414,0.465,0.032,0.082,0.056,0.419,0.583,0.283,0.219,0.583,0.513,1.0,0.554,0.421,0.082,0.088,0.041,0.215,0.494,0.088,0.098,0.152,0.055,0.067,0.187,0.334,0.134,0.092,0.334,0.032,0.098,0.088,0.583,0.465,0.059,0.082,0.221,0.633,0.291,0.263,0.047,0.077,0.126,0.269,0.067
0.208,0.171,0.218,0.242,0.14,0.169,0.112,0.116,0.199,0.263,0.096,0.166,0.242,0.134,0.301,0.12,0.246,0.211,0.126,0.221,0.133,0.22,0.121,0.109,0.202,0.217,0.271,0.176,0.266,0.125,0.182,0.371,0.157,0.347,0.198,0.298,0.336,0.233,0.272,0.219,0.288,0.202,0.41,0.092,0.109,0.318,0.273,0.221,0.114,0.051,1.0,0.165,0.138,0.225,0.135,0.166,0.332,0.28,0.195,0.101,0.228,0.138,0.183,0.12,0.166,0.208,0.142,0.102,0.175,0.158,0.176,0.109,0.339,0.245,0.182,0.206,0.163,0.263,0.198,0.102,0.069,0.119,0.43,0.254,0.219,0.114,0.211,0.224,0.197,0.234,0.074,0.2,0.255,0.131,0.311,0.266,0.171,0.197,0.236,0.47,0.27,0.133,0.252,0.12,0.419,0.251,0.103,0.154,0.333,0.137,0.47,0.139,0.437,0.242,0.155,0.411,0.225,0.098,0.366,0.307,0.362,0.295,0.126,0.383,0.279,0.358,0.197,0.046,0.226,0.28,0.327,0.155,0.347,0.138,0.221,0.159,0.084,0.102,0.2,0.148,0.148,0.424,0.186,0.298,0.132,0.198,0.117,0.104,0.242,0.311,0.306,0.113,0.157,0.172,0.144,0.307,0.202,0.232,0.285,0.357,0.286,0.157,0.15,0.216,0.092,0.105,0.148,0.218,0.268,0.123,0.387,0.08,0.086,0.073,0.092,0.254,0.116,0.101,0.13,0.16,0.311,0.184,0.117,0.117,0.254,0.267,0.131,0.19,0.159,0.13,0.272,0.213,0.119,0.125,0.106,0.09,0.113,0.171,0.083,0.223,0.25,0.165,0.148,0.319,0.176,0.198,0.083,0.15,0.114,0.09,0.088,0.204,0.089,0.167,0.305,0.114,0.178,0.205,0.177,0.288,0.214,0.353,0.156,0.117,0.37,0.206,0.071,0.171,0.085,0.2,0.183,0.306,0.341,0.188,0.23,0.234,0.152,0.187,0.196,0.245,0.125,0.142,0.809,0.068,0.127,0.297,0.133,0.119,0.168,0.133,0.129,0.159,0.338,0.263,0.064,0.171,0.25,0.268,0.218,0.164,0.141,0.359,0.094,0.138,0.249,0.193,0.379,0.43,0.103,0.397,0.158,0.146,0.21,0.105,0.08,0.392,0.175,0.172,0.43,0.3,0.164,0.149,0.323,0.206,0.091,0.318,0.15,0.213,0.389,0.236,0.249,0.169,0.209,0.071,0.121,0.232,0.278,0.152,0.271,0.082,0.341,0.129,0.312,0.204,0.2,0.131,0.056,0.109,0.129,0.164,0.195,0.131,0.227,0.217,0.117,0.237,0.26,0.093,0.117,0.117,0.415,0.31,0.266,0.15,0.214,0.111,0.082,0.161,0.196,0.294,0.298,0.131,0.273,0.078,0.211,0.202,0.317,0.137,0.348,0.079,0.268,0.332
0.243,0.329,0.184,0.094,0.18,0.126,0.242,0.37,0.177,0.192,0.097,0.302,0.103,0.103,0.172,0.107,0.195,0.121,0.137,0.215,0.118,0.099,0.1,0.324,0.139,0.145,0.159,0.335,0.27,0.226,0.216,0.122,0.188,0.204,0.145,0.2,0.259,0.162,0.175,0.143,0.213,0.257,0.223,0.099,0.301,0.16,0.185,0.338,0.142,0.626,0.165,1.0,0.099,0.201,0.305,0.286,0.207,0.181,0.148,0.098,0.282,0.239,0.278,0.15,0.182,0.282,0.096,0.28,0.192,0.185,0.237,0.324,0.205,0.161,0.29,0.2,0.477,0.172,0.324,0.124,0.066,0.344,0.22,0.148,0.148,0.148,0.294,0.121,0.25,0.192,0.167,0.181,0.216,0.198,0.225,0.195,0.329,0.116,0.121,0.19,0.183,0.14,0.14,0.135,0.153,0.116,0.108,0.279,0.192,0.241,0.143,0.155,0.129,0.143,0.228,0.19,0.152,0.119,0.217,0.181,0.233,0.238,0.401,0.155,0.315,0.225,0.116,0.274,0.186,0.216,0.293,0.274,0.333,0.095,0.338,0.346,0.419,0.106,0.16,0.198,0.198,0.23,0.173,0.276,0.1,0.277,0.156,0.278,0.198,0.161,0.255,0.196,0.209,0.269,0.137,0.272,0.316,0.184,0.2,0.211,0.114,0.233,0.203,0.345,0.114,0.159,0.198,0.252,0.198,0.292,0.181,0.079,0.088,0.104,0.093,0.184,0.215,0.098,0.287,0.348,0.159,0.175,0.156,0.149,0.131,0.283,0.134,0.166,0.308,0.124,0.154,0.215,0.24,0.14,0.529,0.196,0.388,0.197,0.205,0.161,0.192,0.172,0.16,0.203,0.318,0.221,0.328,0.125,0.132,0.221,0.27,0.127,0.091,0.3,0.238,0.241,0.158,0.226,0.237,0.133,0.113,0.273,0.214,0.167,0.169,0.392,0.206,0.329,0.085,0.195,0.274,0.138,0.119,0.113,0.178,0.242,0.295,0.123,0.198,0.257,0.173,0.34,0.44,0.063,0.253,0.22,0.255,0.143,0.207,0.111,0.272,0.348,0.276,0.107,0.191,0.329,0.125,0.233,0.162,0.267,0.099,0.187,0.214,0.178,0.25,0.193,0.186,0.22,0.107,0.19,0.142,0.125,0.161,0.136,0.202,0.143,0.14,0.194,0.227,0.13,0.27,0.316,0.179,0.392,0.151,0.133,0.146,0.168,0.183,0.22,0.188,0.243,0.149,0.079,0.3,0.266,0.201,0.243,0.267,0.097,0.157,0.172,0.242,0.193,0.176,0.198,0.232,0.23,0.351,0.248,0.217,0.14,0.118,0.126,0.136,0.321,0.196,0.088,0.139,0.108,0.215,0.253,0.262,0.149,0.361,0.199,0.098,0.246,0.184,0.229,0.32,0.178,0.153,0.273,0.248,0.221,0.2,0.129,0.188,0.123,0.198,0.229
0.151,0.232,0.105,0.164,0.189,0.127,0.167,0.149,0.144,0.078,0.114,0.157,0.13,0.143,0.236,0.213,0.185,0.05,0.131,0.123,0.209,0.185,0.077,0.185,0.175,0.171,0.15,0.119,0.3,0.206,0.205,0.087,0.159,0.209,0.073,0.207,0.172,0.214,0.245,0.263,0.12,0.247,0.213,0.215,0.132,0.196,0.266,0.253,0.285,0.047,0.138,0.099,1.0,0.199,0.187,0.146,0.106,0.121,0.26,0.197,0.111,0.095,0.136,0.358,0.195,0.172,0.055,0.204,0.167,0.296,0.183,0.185,0.238,0.199,0.074,0.226,0.172,0.223,0.208,0.326,0.119,0.182,0.08,0.132,0.097,0.215,0.179,0.211,0.168,0.197,0.135,0.189,0.311,0.143,0.201,0.108,0.232,0.076,0.171,0.139,0.143,0.23,0.15,0.261,0.196,0.12,0.282,0.227,0.166,0.239,0.169,0.263,0.107,0.146,0.174,0.168,0.08,0.073,0.218,0.21,0.199,0.15,0.117,0.162,0.161,0.123,0.076,0.042,0.2,0.171,0.151,0.167,0.148,0.066,0.253,0.172,0.161,0.259,0.069,0.456,0.456,0.22,0.187,0.237,0.128,0.125,0.193,0.154,0.186,0.097,0.217,0.224,0.188,0.198,0.297,0.13,0.078,0.168,0.186,0.159,0.113,0.271,0.19,0.145,0.355,0.118,0.456,0.14,0.155,0.211,0.222,0.133,0.179,0.215,0.605,0.176,0.269,0.197,0.208,0.17,0.333,0.204,0.5,0.399,0.154,0.187,0.1,0.202,0.095,0.204,0.165,0.223,0.097,0.086,0.181,0.068,0.11,0.263,0.075,0.245,0.148,0.201,0.259,0.229,0.136,0.146,0.188,0.175,0.486,0.106,0.409,0.086,0.228,0.173,0.189,0.226,0.186,0.128,0.245,0.123,0.178,0.219,0.229,0.146,0.144,0.228,0.09,0.232,0.196,0.193,0.089,0.174,0.114,0.14,0.224,0.124,0.124,0.225,0.303,0.169,0.549,0.174,0.187,0.294,0.19,0.289,0.133,0.069,0.204,0.145,0.121,0.167,0.17,0.128,0.248,0.232,0.243,0.214,0.371,0.103,0.076,0.135,0.12,0.096,0.305,0.265,0.261,0.08,0.203,0.2,0.182,0.185,0.139,0.177,0.057,0.195,0.076,0.108,0.067,0.188,0.15,0.111,0.172,0.228,0.183,0.146,0.248,0.143,0.152,0.142,0.248,0.161,0.212,0.235,0.107,0.171,0.321,0.203,0.181,0.654,0.21,0.402,0.215,0.142,0.283,0.185,0.055,0.196,0.136,0.111,0.193,0.189,0.12,0.087,0.159,0.129,0.167,0.072,0.11,0.222,0.142,0.182,0.188,0.352,0.165,0.262,0.631,0.192,0.262,0.172,0.114,0.143,0.135,0.124,0.218,0.299,0.208,0.195,0.143,0.081,0.263,0.28
0.164,0.467,0.152,0.386,0.316,0.107,0.149,0.246,0.273,0.14,0.179,0.182,0.411,0.143,0.264,0.19,0.274,0.155,0.174,0.233,0.14,0.337,0.284,0.217,0.149,0.309,0.177,0.189,0.21,0.161,0.188,0.25,0.132,0.246,0.197,0.183,0.255,0.194,0.209,0.25,0.32,0.248,0.342,0.196,0.186,0.384,0.262,1.0,0.223,0.108,0.225,0.201,0.199,1.0,0.202,0.113,0.246,0.155,0.205,0.185,0.15,0.104,0.139,0.27,0.135,0.196,0.15,0.198,0.195,0.312,0.386,0.217,0.277,0.187,0.153,0.192,0.34,0.124,0.253,0.195,0.18,0.199,0.178,0.173,0.13,0.219,0.344,0.195,0.156,0.23,0.148,0.215,0.215,0.186,0.178,0.232,0.467,0.245,0.296,0.263,0.193,0.288,0.225,0.226,0.191,0.319,0.249,0.16,0.199,0.249,0.369,0.295,0.289,0.201,0.352,0.194,0.123,0.119,0.211,0.277,0.251,0.196,0.273,0.197,0.173,0.214,0.245,0.116,0.211,0.226,0.199,0.159,0.318,0.153,1.0,0.337,0.167,0.254,0.177,0.311,0.311,0.288,0.483,0.223,0.358,0.228,0.274,0.18,0.309,0.314,0.193,0.262,0.252,0.174,0.138,0.264,0.143,0.188,0.189,0.217,0.169,0.378,0.29,0.16,0.2,0.169,0.311,0.176,0.183,0.148,0.211,0.171,0.207,0.134,0.203,0.162,0.188,0.185,0.14,0.326,0.241,0.216,0.274,0.242,0.188,0.216,0.179,0.187,0.162,0.176,0.254,0.164,0.141,0.169,0.207,0.144,0.186,0.369,0.15,0.179,0.363,0.204,0.328,0.206,0.18,0.164,0.176,0.207,0.166,0.198,0.171,0.15,0.207,0.388,0.325,0.224,0.199,0.236,0.224,0.137,0.173,0.269,0.318,0.243,0.366,0.469,0.133,0.467,0.209,0.825,0.177,0.311,0.183,0.156,0.318,0.169,0.158,0.125,0.24,0.238,0.311,0.332,0.383,0.142,0.17,0.316,0.296,0.217,0.27,0.445,0.115,0.334,0.209,0.532,0.14,0.467,0.232,0.191,0.31,0.177,0.426,0.178,0.136,0.105,0.211,0.503,0.278,0.178,0.178,0.242,0.158,0.235,0.401,0.225,0.11,0.184,0.182,0.152,0.193,0.172,0.272,0.163,0.212,0.469,0.175,0.229,0.213,0.237,0.333,0.198,0.255,0.17,0.474,0.134,0.147,0.179,0.2,0.191,0.238,0.168,0.581,0.286,0.232,0.187,0.197,0.234,0.122,0.247,0.24,0.205,0.164,0.255,0.217,0.498,0.225,0.291,0.215,0.117,0.228,0.189,0.3,0.306,0.24,0.218,0.27,0.193,0.178,0.304,0.311,0.186,0.26,0.186,0.281,0.112,0.181,0.192,0.203,0.202,0.245,0.13,0.236,0.286
0.624,0.301,0.207,0.138,0.312,0.195,0.21,0.464,0.217,0.186,0.128,0.59,0.107,0.118,0.163,0.163,0.258,0.095,0.302,0.214,0.11,0.114,0.091,0.317,0.152,0.156,0.184,0.367,0.351,0.369,0.337,0.092,0.23,0.191,0.161,0.207,0.603,0.2,0.188,0.201,0.261,0.298,0.281,0.145,0.65,0.196,0.224,0.334,0.413,0.583,0.135,0.305,0.187,0.202,1.0,0.289,0.159,0.161,0.172,0.147,0.394,0.294,0.362,0.22,0.263,0.354,0.092,0.468,0.156,0.229,0.308,0.317,0.223,0.187,0.305,0.452,0.28,0.104,0.419,0.245,0.098,0.246,0.174,0.142,0.151,0.227,0.282,0.178,0.235,0.232,0.226,0.241,0.418,0.259,0.335,0.273,0.301,0.114,0.144,0.16,0.156,0.191,0.161,0.19,0.136,0.116,0.18,0.41,0.144,0.311,0.146,0.195,0.196,0.141,0.199,0.189,0.155,0.116,0.201,0.187,0.199,0.402,0.414,0.192,0.407,0.208,0.114,0.13,0.199,0.433,0.306,0.548,0.232,0.092,0.334,0.4,0.404,0.182,0.16,0.367,0.367,0.192,0.18,0.412,0.111,0.4,0.228,0.362,0.215,0.148,0.18,0.385,0.302,0.526,0.197,0.446,0.347,0.142,0.348,0.358,0.106,0.23,0.159,0.318,0.26,0.155,0.367,0.287,0.252,0.484,0.252,0.146,0.147,0.207,0.194,0.211,0.342,0.147,0.41,0.481,0.19,0.298,0.377,0.329,0.122,0.393,0.176,0.234,0.332,0.162,0.162,0.486,0.294,0.179,0.299,0.116,0.201,0.221,0.109,0.144,0.201,0.27,0.203,0.232,0.395,0.343,0.565,0.166,0.158,0.458,1.0,0.13,0.157,0.837,0.309,0.319,0.201,0.148,0.275,0.11,0.133,0.488,0.193,0.544,0.167,0.717,0.143,0.301,0.14,0.204,0.32,0.139,0.104,0.122,0.214,0.282,0.45,0.104,0.457,0.359,0.422,0.452,0.453,0.142,0.187,0.251,0.454,0.099,0.319,0.156,0.406,0.586,0.181,0.11,0.238,0.301,0.151,0.246,0.334,0.417,0.095,0.186,0.421,0.194,0.252,0.215,0.159,0.174,0.153,0.16,0.146,0.158,0.121,0.263,0.072,0.12,0.145,0.144,0.213,0.108,0.375,0.286,0.203,0.717,0.212,0.156,0.327,0.239,0.162,0.25,0.308,0.35,0.231,0.179,0.592,0.35,0.208,0.296,0.315,0.282,0.167,0.321,0.278,0.316,0.332,0.356,0.384,0.324,0.342,0.502,0.335,0.159,0.135,0.118,0.391,0.597,0.16,0.088,0.24,0.168,0.18,0.326,0.463,0.218,0.332,0.568,0.264,0.26,0.292,0.344,0.33,0.151,0.131,0.411,0.332,0.262,0.246,0.141,0.163,0.115,0.301,0.23
0.342,0.205,0.3,0.101,0.071,0.317,0.08,0.293,0.187,0.189,0.059,0.311,0.102,0.077,0.176,0.065,0.189,0.129,0.159,0.206,0.085,0.131,0.081,0.329,0.181,0.149,0.215,0.412,0.315,0.196,0.217,0.115,0.204,0.193,0.139,0.323,0.523,0.192,0.221,0.209,0.2,0.173,0.29,0.047,0.251,0.16,0.196,0.13,0.114,0.573,0.166,0.286,0.146,0.113,0.289,1.0,0.175,0.193,0.108,0.055,0.503,0.328,0.389,0.062,0.24,0.345,0.113,0.329,0.107,0.098,0.093,0.329,0.175,0.319,0.44,0.224,0.111,0.183,0.311,0.058,0.042,0.193,0.117,0.221,0.208,0.159,0.175,0.157,0.263,0.194,0.237,0.199,0.298,0.157,0.348,0.285,0.205,0.105,0.086,0.164,0.151,0.069,0.127,0.066,0.24,0.101,0.049,0.339,0.197,0.277,0.102,0.076,0.406,0.249,0.138,0.253,0.259,0.077,0.337,0.265,0.264,0.367,0.274,0.224,0.339,0.282,0.105,0.09,0.155,0.297,0.468,0.296,0.276,0.113,0.13,0.382,0.264,0.048,0.157,0.086,0.086,0.247,0.103,0.355,0.103,0.288,0.059,0.377,0.13,0.18,0.166,0.161,0.287,0.215,0.167,0.331,0.497,0.122,0.262,0.236,0.104,0.136,0.082,0.366,0.045,0.062,0.086,0.34,0.208,0.267,0.217,0.041,0.039,0.115,0.046,0.217,0.205,0.055,0.369,0.295,0.145,0.171,0.059,0.065,0.16,0.356,0.184,0.197,0.378,0.082,0.075,0.278,0.301,0.179,0.293,0.084,0.124,0.094,0.076,0.126,0.196,0.17,0.077,0.253,0.337,0.262,0.304,0.102,0.069,0.221,0.255,0.173,0.043,0.094,0.176,0.232,0.169,0.119,0.181,0.127,0.103,0.294,0.181,0.119,0.137,0.123,0.171,0.205,0.039,0.106,0.429,0.232,0.122,0.132,0.159,0.312,0.339,0.179,0.204,0.275,0.062,0.313,0.52,0.033,0.134,0.181,0.238,0.084,0.175,0.066,0.386,0.287,0.28,0.101,0.194,0.205,0.189,0.263,0.246,0.334,0.08,0.289,0.245,0.231,0.226,0.165,0.188,0.117,0.055,0.311,0.097,0.073,0.128,0.21,0.049,0.202,0.159,0.152,0.276,0.247,0.249,0.306,0.263,0.123,0.138,0.156,0.119,0.201,0.263,0.267,0.189,0.247,0.136,0.037,0.336,0.303,0.269,0.259,0.288,0.041,0.278,0.07,0.287,0.282,0.217,0.151,0.284,0.245,0.305,0.281,0.303,0.07,0.091,0.122,0.178,0.299,0.141,0.091,0.124,0.064,0.21,0.266,0.304,0.095,0.135,0.207,0.039,0.096,0.116,0.368,0.332,0.069,0.18,0.148,0.264,0.285,0.384,0.086,0.198,0.076,0.279,0.207
0.231,0.218,0.304,0.181,0.14,0.144,0.139,0.119,0.159,0.129,0.096,0.199,0.188,0.164,0.333,0.121,0.232,0.306,0.148,0.3,0.175,0.174,0.164,0.105,0.241,0.182,0.275,0.257,0.31,0.13,0.189,0.29,0.159,0.384,0.278,0.315,0.383,0.262,0.276,0.286,0.443,0.221,0.438,0.095,0.115,0.263,0.424,0.266,0.114,0.059,0.332,0.207,0.106,0.246,0.159,0.175,1.0,0.263,0.321,0.098,0.338,0.091,0.191,0.125,0.146,0.285,0.206,0.105,0.217,0.156,0.175,0.105,0.384,0.321,0.245,0.25,0.156,0.227,0.239,0.115,0.074,0.143,0.233,0.279,0.266,0.125,0.24,0.252,0.23,0.211,0.071,0.204,0.301,0.166,0.205,0.267,0.218,0.226,0.17,0.373,0.217,0.134,0.186,0.138,0.314,0.18,0.106,0.168,0.307,0.169,0.2,0.144,0.374,0.298,0.159,0.36,0.249,0.124,0.43,0.283,0.507,0.222,0.146,0.306,0.177,0.467,0.226,0.054,0.263,0.431,0.413,0.204,0.547,0.171,0.266,0.158,0.083,0.106,0.277,0.171,0.171,0.469,0.155,0.381,0.126,0.24,0.137,0.116,0.217,0.429,0.186,0.121,0.175,0.206,0.199,0.388,0.3,0.216,0.313,0.502,0.195,0.163,0.141,0.14,0.106,0.111,0.171,0.333,0.286,0.146,0.267,0.075,0.09,0.07,0.093,0.169,0.123,0.098,0.171,0.152,0.281,0.223,0.137,0.134,0.105,0.296,0.099,0.203,0.165,0.163,0.153,0.208,0.145,0.142,0.101,0.104,0.139,0.177,0.088,0.268,0.328,0.198,0.152,0.282,0.211,0.214,0.094,0.185,0.136,0.09,0.099,0.294,0.092,0.197,0.44,0.112,0.221,0.267,0.217,0.089,0.168,0.511,0.151,0.117,0.261,0.243,0.072,0.218,0.087,0.218,0.248,0.244,0.234,0.179,0.284,0.254,0.164,0.152,0.228,0.373,0.148,0.142,0.915,0.067,0.133,0.44,0.134,0.152,0.141,0.152,0.143,0.156,0.399,0.231,0.066,0.218,0.201,0.224,0.194,0.232,0.184,0.347,0.113,0.091,0.307,0.189,0.345,0.233,0.102,0.471,0.147,0.152,0.192,0.105,0.092,0.256,0.21,0.15,0.484,0.314,0.164,0.183,0.353,0.243,0.088,0.204,0.154,0.26,0.429,0.317,0.258,0.132,0.25,0.078,0.132,0.249,0.319,0.197,0.374,0.093,0.32,0.15,0.37,0.23,0.219,0.14,0.056,0.112,0.136,0.156,0.19,0.131,0.113,0.248,0.141,0.365,0.226,0.109,0.118,0.119,0.435,0.452,0.358,0.134,0.269,0.113,0.093,0.169,0.182,0.273,0.504,0.13,0.306,0.097,0.228,0.235,0.344,0.176,0.444,0.088,0.3,0.484
0.272,0.296,0.217,0.146,0.099,0.16,0.144,0.102,0.239,0.16,0.082,0.213,0.136,0.123,0.339,0.093,0.206,0.163,0.131,0.281,0.134,0.173,0.101,0.088,0.3,0.228,0.398,0.205,0.267,0.192,0.329,0.175,0.204,0.307,0.175,0.419,0.422,0.317,0.413,0.222,0.215,0.227,0.327,0.078,0.146,0.252,0.259,0.28,0.091,0.067,0.28,0.181,0.121,0.155,0.161,0.193,0.263,1.0,0.186,0.077,0.209,0.123,0.235,0.109,0.236,0.235,0.134,0.094,0.221,0.174,0.127,0.088,0.269,0.243,0.187,0.273,0.121,0.257,0.233,0.134,0.055,0.118,0.376,0.305,0.241,0.095,0.187,0.21,0.277,0.27,0.055,0.269,0.262,0.196,0.196,0.173,0.296,0.272,0.135,0.297,0.275,0.1,0.159,0.131,0.266,0.149,0.072,0.242,0.244,0.123,0.219,0.113,0.384,0.246,0.149,0.32,0.211,0.139,0.369,0.367,0.324,0.256,0.167,0.346,0.196,0.418,0.272,0.065,0.43,0.227,0.349,0.194,0.283,0.174,0.28,0.155,0.07,0.07,0.247,0.191,0.191,0.31,0.189,0.364,0.153,0.232,0.161,0.111,0.223,0.27,0.208,0.099,0.166,0.235,0.173,0.279,0.188,0.277,0.266,0.275,0.189,0.149,0.145,0.177,0.128,0.167,0.191,0.246,0.399,0.165,0.309,0.059,0.06,0.052,0.066,0.324,0.157,0.077,0.161,0.12,0.205,0.21,0.161,0.155,0.157,0.342,0.08,0.265,0.249,0.137,0.162,0.323,0.127,0.162,0.084,0.157,0.136,0.141,0.126,0.241,0.29,0.26,0.108,0.314,0.249,0.313,0.117,0.205,0.16,0.067,0.119,0.226,0.064,0.217,0.225,0.096,0.231,0.287,0.279,0.15,0.163,0.303,0.179,0.084,0.229,0.259,0.109,0.296,0.057,0.156,0.22,0.326,0.203,0.168,0.187,0.327,0.238,0.192,0.196,0.209,0.173,0.143,1.0,0.047,0.136,0.277,0.105,0.084,0.145,0.116,0.183,0.124,0.363,0.14,0.055,0.296,0.265,0.187,0.231,0.155,0.112,0.287,0.105,0.123,0.317,0.201,0.231,0.376,0.094,0.328,0.241,0.134,0.21,0.072,0.144,0.262,0.183,0.179,0.594,0.226,0.189,0.254,0.38,0.259,0.069,0.451,0.128,0.222,0.38,0.267,0.405,0.27,0.19,0.097,0.181,0.271,0.248,0.172,0.294,0.114,0.26,0.172,0.317,0.282,0.182,0.162,0.048,0.086,0.162,0.172,0.241,0.114,0.146,0.29,0.107,0.206,0.211,0.136,0.108,0.095,0.326,0.279,0.286,0.205,0.225,0.104,0.116,0.16,0.188,0.253,0.238,0.111,0.302,0.076,0.291,0.283,0.389,0.14,0.293,0.141,0.348,0.296
0.175,0.296,0.178,0.179,0.152,0.09,0.322,0.129,0.214,0.084,0.148,0.168,0.122,0.134,0.344,0.152,0.208,0.143,0.13,0.226,0.158,0.118,0.129,0.127,0.203,0.136,0.195,0.249,0.309,0.152,0.202,0.151,0.152,0.277,0.145,0.293,0.327,0.2,0.24,0.243,0.239,0.232,0.302,0.142,0.116,0.214,0.365,0.244,0.136,0.055,0.195,0.148,0.26,0.205,0.172,0.108,0.321,0.186,1.0,0.121,0.248,0.063,0.205,0.211,0.166,0.359,0.125,0.146,0.161,0.276,0.164,0.127,0.315,0.259,0.149,0.22,0.155,0.168,0.178,0.27,0.104,0.144,0.168,0.191,0.158,0.148,0.243,0.171,0.224,0.172,0.137,0.164,0.244,0.157,0.129,0.16,0.296,0.161,0.157,0.3,0.17,0.198,0.14,0.165,0.187,0.133,0.148,0.228,0.207,0.207,0.159,0.181,0.262,0.172,0.217,0.282,0.238,0.115,0.312,0.212,0.316,0.181,0.114,0.252,0.132,0.305,0.161,0.048,0.215,0.266,0.268,0.165,0.316,0.107,0.244,0.158,0.115,0.134,0.147,0.22,0.22,0.297,0.161,0.316,0.102,0.16,0.216,0.122,0.206,0.232,0.156,0.158,0.138,0.254,0.286,0.256,0.214,0.169,0.293,0.328,0.121,0.236,0.152,0.115,0.262,0.116,0.22,0.18,0.228,0.194,0.235,0.101,0.173,0.185,0.178,0.156,0.338,0.121,0.223,0.151,0.258,0.22,0.216,0.201,0.09,0.233,0.075,0.161,0.129,0.18,0.173,0.256,0.108,0.112,0.118,0.078,0.113,0.18,0.087,0.248,0.249,0.283,0.165,0.211,0.257,0.181,0.224,0.169,0.351,0.117,0.301,0.186,0.134,0.168,0.379,0.144,0.237,0.183,0.228,0.099,0.127,0.355,0.21,0.117,0.184,0.221,0.078,0.296,0.1,0.2,0.145,0.167,0.14,0.116,0.208,0.189,0.136,0.149,0.387,0.211,0.235,0.208,0.795,0.27,0.11,0.312,0.129,0.095,0.19,0.183,0.116,0.151,0.259,0.143,0.233,0.296,0.179,0.173,0.237,0.181,0.126,0.369,0.11,0.064,0.281,0.182,0.216,0.168,0.13,0.281,0.136,0.124,0.129,0.116,0.071,0.204,0.127,0.12,0.33,0.168,0.149,0.135,0.304,0.221,0.12,0.152,0.137,0.194,0.26,0.271,0.306,0.134,0.21,0.21,0.112,0.247,0.326,0.189,0.27,0.602,0.335,0.179,0.265,0.334,0.243,0.121,0.063,0.123,0.177,0.122,0.174,0.125,0.128,0.187,0.128,0.231,0.177,0.087,0.103,0.159,0.268,0.287,0.279,0.201,0.453,0.163,0.552,0.156,0.19,0.162,0.259,0.121,0.184,0.125,0.237,0.296,0.289,0.187,0.284,0.097,0.252,0.341
0.095,0.183,0.07,0.17,0.209,0.062,0.134,0.154,0.117,0.073,0.304,0.108,0.102,0.581,0.099,0.505,0.104,0.061,0.143,0.123,0.121,0.118,0.073,0.23,0.081,0.138,0.083,0.133,0.187,0.107,0.141,0.072,0.092,0.164,0.084,0.112,0.138,0.107,0.117,0.308,0.122,0.12,0.126,0.209,0.115,0.13,0.136,0.237,0.206,0.054,0.101,0.098,0.197,0.185,0.147,0.055,0.098,0.077,0.121,1.0,0.087,0.049,0.066,0.358,0.129,0.164,0.053,0.141,0.52,0.327,0.175,0.23,0.223,0.079,0.071,0.172,0.158,0.059,0.122,0.72,0.181,0.202,0.095,0.072,0.062,0.301,0.14,0.26,0.099,0.132,0.225,0.225,0.209,0.145,0.079,0.092,0.183,0.099,0.202,0.107,0.108,0.249,0.158,0.299,0.088,0.106,0.33,0.122,0.084,0.183,0.139,0.452,0.062,0.092,0.133,0.114,0.055,0.09,0.155,0.126,0.108,0.11,0.133,0.129,0.093,0.089,0.099,0.049,0.176,0.119,0.092,0.095,0.128,0.057,0.237,0.155,0.219,0.331,0.079,0.358,0.459,0.121,0.141,0.095,0.088,0.11,0.183,0.162,0.185,0.088,0.098,0.176,0.168,0.131,0.178,0.099,0.063,0.172,0.131,0.155,0.083,0.339,0.147,0.089,0.284,0.129,0.358,0.082,0.105,0.149,0.103,0.174,0.235,0.261,0.262,0.097,0.201,1.0,0.139,0.155,0.202,0.224,0.386,0.373,0.092,0.122,0.072,0.211,0.079,0.254,0.221,0.103,0.195,0.06,0.226,0.061,0.12,0.493,0.077,0.101,0.146,0.214,0.44,0.195,0.101,0.09,0.172,0.15,0.204,0.142,0.179,0.058,0.279,0.178,0.18,0.281,0.149,0.19,0.151,0.071,0.181,0.134,0.131,0.121,0.119,0.219,0.065,0.183,0.25,0.181,0.084,0.09,0.096,0.171,0.348,0.088,0.107,0.142,0.196,0.099,0.415,0.134,0.16,0.313,0.091,0.302,0.134,0.08,0.19,0.204,0.068,0.156,0.094,0.109,0.207,0.183,0.166,0.123,0.166,0.149,0.088,0.082,0.105,0.049,0.171,0.188,0.121,0.095,0.307,0.102,0.152,0.111,0.082,0.247,0.055,0.08,0.061,0.079,0.088,0.07,0.137,0.09,0.106,0.219,0.252,0.09,0.221,0.114,0.095,0.123,0.159,0.1,0.225,0.267,0.085,0.144,0.168,0.214,0.21,0.32,0.111,0.313,0.197,0.167,0.199,0.114,0.056,0.25,0.106,0.111,0.148,0.182,0.102,0.107,0.114,0.128,0.113,0.048,0.104,0.485,0.123,0.149,0.138,0.238,0.179,0.227,0.283,0.155,0.206,0.079,0.104,0.134,0.085,0.103,0.131,0.156,0.099,0.219,0.091,0.065,0.152,0.218
0.39,0.265,0.495,0.125,0.104,0.161,0.143,0.286,0.169,0.176,0.074,0.406,0.116,0.118,0.26,0.108,0.213,0.23,0.204,0.262,0.138,0.121,0.107,0.302,0.198,0.131,0.219,0.447,0.367,0.202,0.202,0.174,0.215,0.301,0.285,0.274,0.371,0.139,0.245,0.228,0.292,0.289,0.32,0.075,0.298,0.166,0.399,0.138,0.182,0.803,0.228,0.282,0.111,0.15,0.394,0.503,0.338,0.209,0.248,0.087,1.0,0.255,0.423,0.106,0.193,0.44,0.203,0.311,0.152,0.142,0.114,0.302,0.29,0.25,0.481,0.351,0.135,0.225,0.3,0.111,0.064,0.211,0.116,0.215,0.312,0.203,0.227,0.258,0.205,0.197,0.176,0.198,0.344,0.196,0.339,0.41,0.265,0.143,0.123,0.22,0.175,0.103,0.219,0.121,0.219,0.126,0.088,0.347,0.209,0.283,0.129,0.108,0.527,0.372,0.148,0.3,0.297,0.116,0.347,0.224,0.374,0.384,0.311,0.3,0.341,0.267,0.143,0.136,0.205,0.556,0.517,0.412,0.42,0.177,0.138,0.338,0.255,0.088,0.245,0.14,0.14,0.334,0.107,0.36,0.098,0.329,0.089,0.363,0.157,0.364,0.159,0.153,0.228,0.293,0.278,0.47,0.875,0.154,0.39,0.442,0.118,0.153,0.101,0.34,0.106,0.087,0.14,0.397,0.267,0.309,0.259,0.07,0.075,0.124,0.101,0.215,0.197,0.087,0.44,0.276,0.199,0.257,0.136,0.134,0.088,0.341,0.152,0.2,0.389,0.144,0.105,0.351,0.288,0.17,0.267,0.118,0.168,0.121,0.075,0.196,0.329,0.248,0.112,0.238,0.402,0.307,0.436,0.157,0.133,0.215,0.527,0.257,0.081,0.1,0.388,0.221,0.211,0.165,0.194,0.088,0.116,0.458,0.146,0.189,0.177,0.13,0.139,0.265,0.071,0.138,0.513,0.183,0.169,0.182,0.268,0.378,0.439,0.108,0.323,0.36,0.141,0.303,0.545,0.09,0.147,0.325,0.196,0.119,0.16,0.131,0.463,0.27,0.403,0.132,0.181,0.265,0.138,0.258,0.289,0.388,0.125,0.389,0.278,0.183,0.265,0.152,0.22,0.116,0.095,0.351,0.106,0.104,0.141,0.146,0.062,0.181,0.185,0.15,0.259,0.318,0.211,0.33,0.244,0.13,0.151,0.156,0.196,0.254,0.331,0.304,0.23,0.266,0.233,0.089,0.446,0.416,0.285,0.306,0.483,0.174,0.21,0.119,0.353,0.278,0.274,0.167,0.247,0.238,0.295,0.287,0.327,0.103,0.08,0.128,0.348,0.403,0.227,0.108,0.119,0.108,0.306,0.392,0.438,0.133,0.177,0.306,0.156,0.123,0.129,0.421,0.436,0.09,0.208,0.246,0.256,0.262,0.28,0.126,0.305,0.077,0.292,0.38
0.164,0.269,0.159,0.184,0.075,0.661,0.059,0.409,0.13,0.283,0.05,0.295,0.175,0.071,0.157,0.061,0.157,0.054,0.127,0.12,0.08,0.182,0.085,0.346,0.176,0.172,0.333,0.376,0.208,0.175,0.218,0.202,0.303,0.28,0.082,0.116,0.168,0.22,0.131,0.104,0.146,0.096,0.13,0.044,0.242,0.103,0.078,0.126,0.123,0.583,0.138,0.239,0.095,0.104,0.294,0.328,0.091,0.123,0.063,0.049,0.255,1.0,0.36,0.062,0.267,0.251,0.063,0.274,0.093,0.103,0.097,0.346,0.103,0.16,0.3,0.154,0.143,0.161,0.288,0.046,0.043,0.167,0.085,0.167,0.121,0.151,0.178,0.414,0.118,0.133,0.236,0.297,0.238,0.09,0.259,0.185,0.269,0.042,0.072,0.116,0.105,0.068,0.105,0.062,0.315,0.168,0.054,0.336,0.116,0.269,0.098,0.073,0.07,0.104,0.192,0.122,0.192,0.054,0.13,0.167,0.143,0.244,0.271,0.084,0.366,0.108,0.042,0.13,0.16,0.212,0.35,0.293,0.244,0.099,0.126,0.346,0.308,0.054,0.082,0.074,0.074,0.129,0.09,0.14,0.318,0.238,0.056,0.294,0.171,0.09,0.144,0.135,0.163,0.16,0.081,0.211,0.264,0.183,0.177,0.139,0.237,0.174,0.078,0.348,0.041,0.053,0.074,0.246,0.112,0.261,0.135,0.038,0.042,0.116,0.049,0.143,0.208,0.049,0.322,0.306,0.1,0.116,0.056,0.055,0.238,0.264,0.183,0.257,0.325,0.072,0.073,0.193,0.307,0.17,0.291,0.046,0.128,0.09,0.075,0.071,0.107,0.089,0.079,0.351,0.25,0.24,0.409,0.059,0.059,0.258,0.336,0.099,0.044,0.088,0.092,0.237,0.201,0.125,0.129,0.137,0.144,0.204,0.508,0.14,0.131,0.112,0.14,0.269,0.043,0.092,0.316,0.157,0.268,0.2,0.088,0.322,0.353,0.125,0.145,0.249,0.062,0.45,0.182,0.033,0.101,0.102,0.226,0.086,0.133,0.054,0.346,0.344,0.109,0.163,0.192,0.269,0.229,0.182,0.142,0.327,0.071,0.118,0.29,0.727,0.113,0.139,0.116,0.085,0.053,0.13,0.13,0.056,0.136,0.147,0.045,0.163,0.133,0.2,0.072,0.122,0.226,0.306,0.192,0.112,0.123,0.156,0.102,0.1,0.145,0.174,0.149,0.221,0.074,0.029,0.3,0.192,0.146,0.249,0.168,0.035,0.115,0.063,0.154,0.157,0.135,0.123,0.389,0.223,0.296,0.226,0.26,0.065,0.16,0.046,0.199,0.275,0.105,0.081,0.114,0.058,0.131,0.186,0.187,0.074,0.105,0.239,0.035,0.09,0.14,0.246,0.298,0.057,0.145,0.182,0.17,0.126,0.248,0.078,0.094,0.077,0.123,0.111
0.624,0.296,0.281,0.128,0.09,0.316,0.089,0.306,0.191,0.211,0.073,0.365,0.133,0.082,0.338,0.076,0.24,0.12,0.151,0.255,0.099,0.152,0.101,0.27,0.29,0.186,0.382,0.368,0.404,0.261,0.38,0.163,0.262,0.292,0.137,0.321,0.634,0.238,0.285,0.198,0.21,0.205,0.28,0.068,0.275,0.201,0.23,0.254,0.131,0.636,0.183,0.278,0.136,0.139,0.362,0.389,0.191,0.235,0.205,0.066,0.423,0.36,1.0,0.097,0.312,0.366,0.112,0.336,0.121,0.133,0.115,0.27,0.21,0.212,0.442,0.291,0.138,0.203,0.357,0.1,0.051,0.209,0.196,0.268,0.221,0.166,0.206,0.236,0.285,0.292,0.198,0.274,0.323,0.229,0.42,0.304,0.296,0.19,0.1,0.204,0.26,0.088,0.125,0.08,0.236,0.131,0.07,0.445,0.221,0.355,0.137,0.101,0.484,0.184,0.175,0.279,0.218,0.088,0.331,0.282,0.257,0.37,0.3,0.267,0.378,0.303,0.19,0.132,0.238,0.263,0.515,0.351,0.292,0.155,0.254,0.345,0.272,0.062,0.158,0.156,0.156,0.262,0.147,0.352,0.188,0.337,0.118,0.319,0.186,0.178,0.233,0.201,0.249,0.334,0.252,0.375,0.408,0.145,0.283,0.247,0.128,0.175,0.114,0.501,0.087,0.082,0.156,0.383,0.291,0.315,0.28,0.054,0.051,0.115,0.059,0.313,0.364,0.066,0.508,0.295,0.175,0.238,0.118,0.117,0.172,0.457,0.171,0.258,0.442,0.092,0.093,0.313,0.303,0.196,0.252,0.106,0.14,0.128,0.098,0.187,0.208,0.219,0.097,0.371,0.425,0.406,0.378,0.168,0.13,0.211,0.296,0.205,0.054,0.181,0.197,0.259,0.277,0.125,0.203,0.165,0.095,0.309,0.268,0.127,0.156,0.231,0.168,0.296,0.049,0.139,0.348,0.256,0.186,0.135,0.191,0.482,0.498,0.099,0.293,0.293,0.128,0.314,0.847,0.039,0.154,0.204,0.261,0.102,0.206,0.093,0.517,0.301,0.245,0.126,0.23,0.296,0.247,0.325,0.211,0.331,0.101,0.308,0.232,0.337,0.267,0.156,0.22,0.196,0.065,0.224,0.125,0.098,0.156,0.179,0.081,0.292,0.198,0.159,0.485,0.164,0.228,0.278,0.419,0.231,0.128,0.199,0.132,0.206,0.277,0.305,0.332,0.345,0.151,0.064,0.418,0.385,0.254,0.285,0.323,0.076,0.194,0.132,0.37,0.324,0.229,0.178,0.269,0.22,0.291,0.29,0.395,0.093,0.114,0.214,0.166,0.337,0.186,0.117,0.143,0.076,0.212,0.282,0.322,0.16,0.165,0.218,0.075,0.126,0.135,0.402,0.34,0.083,0.236,0.151,0.349,0.27,0.377,0.104,0.238,0.101,0.32,0.227
0.105,0.329,0.085,0.234,0.317,0.07,0.218,0.234,0.176,0.085,0.19,0.156,0.132,0.251,0.154,0.392,0.145,0.068,0.201,0.244,0.169,0.138,0.102,0.341,0.125,0.156,0.102,0.198,0.264,0.189,0.187,0.085,0.124,0.356,0.097,0.166,0.166,0.12,0.169,0.25,0.16,0.202,0.166,0.521,0.167,0.177,0.246,0.357,0.332,0.066,0.12,0.15,0.358,0.27,0.22,0.062,0.125,0.109,0.211,0.358,0.106,0.062,0.097,1.0,0.22,0.23,0.066,0.216,0.246,0.342,0.246,0.341,0.405,0.102,0.083,0.474,0.228,0.123,0.171,0.476,0.273,0.336,0.106,0.086,0.069,0.451,0.23,0.328,0.17,0.205,0.301,0.216,0.34,0.289,0.092,0.116,0.329,0.113,0.294,0.136,0.164,0.381,0.21,0.506,0.106,0.134,0.557,0.21,0.101,0.289,0.225,0.397,0.066,0.115,0.224,0.15,0.064,0.123,0.127,0.131,0.138,0.176,0.165,0.186,0.118,0.106,0.113,0.061,0.312,0.161,0.114,0.137,0.165,0.067,0.357,0.229,0.306,0.541,0.09,0.661,0.661,0.234,0.304,0.132,0.116,0.141,0.284,0.246,0.243,0.1,0.133,0.283,0.282,0.25,0.307,0.13,0.073,0.231,0.212,0.213,0.1,0.431,0.342,0.125,0.52,0.239,0.661,0.105,0.159,0.252,0.169,0.266,0.364,0.273,0.405,0.119,0.307,0.358,0.219,0.223,0.336,0.326,0.735,0.573,0.115,0.173,0.095,0.214,0.099,0.375,0.304,0.142,0.093,0.077,0.335,0.164,0.238,0.385,0.16,0.289,0.199,0.35,0.435,0.24,0.144,0.119,0.279,0.328,0.343,0.194,0.279,0.07,0.468,0.244,0.272,0.513,0.23,0.15,0.302,0.087,0.256,0.188,0.22,0.164,0.148,0.313,0.22,0.329,0.41,0.269,0.098,0.11,0.118,0.101,0.373,0.11,0.111,0.177,0.389,0.139,0.825,0.225,0.195,0.355,0.14,0.492,0.184,0.098,0.306,0.285,0.095,0.222,0.126,0.141,0.287,0.329,0.198,0.299,0.274,0.208,0.11,0.111,0.14,0.062,0.276,0.279,0.235,0.106,0.364,0.126,0.294,0.231,0.141,0.345,0.16,0.1,0.074,0.096,0.099,0.08,0.192,0.114,0.148,0.313,0.351,0.116,0.291,0.229,0.119,0.177,0.308,0.2,0.372,0.334,0.112,0.209,0.265,0.313,0.314,0.463,0.15,0.605,0.303,0.152,0.325,0.163,0.074,0.38,0.171,0.14,0.199,0.291,0.138,0.123,0.15,0.171,0.287,0.083,0.151,0.395,0.156,0.206,0.196,0.462,0.231,0.307,0.443,0.224,0.42,0.092,0.132,0.299,0.104,0.138,0.187,0.32,0.129,0.455,0.113,0.167,0.215,0.332
0.383,0.329,0.202,0.2,0.129,0.298,0.146,0.203,0.199,0.19,0.148,0.276,0.144,0.142,0.235,0.153,0.179,0.112,0.149,0.195,0.133,0.185,0.074,0.199,0.296,0.229,0.346,0.24,0.247,0.312,0.333,0.159,0.295,0.345,0.098,0.27,0.561,0.312,0.261,0.21,0.157,0.184,0.213,0.149,0.23,0.187,0.155,0.237,0.155,0.44,0.166,0.182,0.195,0.135,0.263,0.24,0.146,0.236,0.166,0.129,0.193,0.267,0.312,0.22,1.0,0.278,0.099,0.195,0.232,0.157,0.123,0.199,0.231,0.195,0.209,0.322,0.126,0.246,0.302,0.309,0.095,0.177,0.226,0.245,0.173,0.18,0.157,0.261,0.242,0.211,0.22,0.338,0.325,0.212,0.23,0.171,0.329,0.099,0.148,0.209,0.216,0.155,0.172,0.244,0.238,0.138,0.152,0.399,0.178,0.191,0.185,0.159,0.147,0.165,0.151,0.215,0.231,0.118,0.212,0.292,0.223,0.288,0.318,0.212,0.225,0.192,0.099,0.09,0.296,0.195,0.302,0.228,0.191,0.145,0.237,0.196,0.186,0.156,0.147,0.382,0.382,0.246,0.207,0.246,0.193,0.234,0.242,0.202,0.221,0.128,0.178,0.165,0.226,0.315,0.169,0.216,0.164,0.269,0.261,0.22,0.167,0.184,0.165,0.277,0.307,0.134,0.382,0.218,0.275,0.269,0.268,0.104,0.133,0.137,0.127,0.258,0.309,0.129,0.245,0.16,0.229,0.222,0.411,0.341,0.191,0.323,0.113,0.317,0.34,0.206,0.163,0.338,0.159,0.182,0.182,0.13,0.207,0.172,0.106,0.201,0.242,0.315,0.157,0.372,0.315,0.328,0.271,0.221,0.234,0.146,0.486,0.166,0.159,0.178,0.159,0.193,0.288,0.205,0.307,0.153,0.171,0.223,0.244,0.115,0.18,0.219,0.156,0.329,0.141,0.142,0.231,0.235,0.197,0.185,0.182,0.358,0.354,0.217,0.271,0.191,0.442,0.19,0.298,0.108,0.172,0.224,0.146,0.065,0.248,0.131,0.263,0.176,0.198,0.137,0.156,0.329,0.296,0.267,0.301,0.271,0.078,0.187,0.19,0.237,0.279,0.276,0.227,0.226,0.167,0.177,0.235,0.139,0.196,0.158,0.139,0.227,0.153,0.166,0.185,0.188,0.247,0.252,0.283,0.219,0.144,0.192,0.184,0.237,0.19,0.258,0.32,0.31,0.241,0.244,0.267,0.28,0.208,0.249,0.244,0.291,0.212,0.337,0.266,0.274,0.25,0.182,0.116,0.186,0.196,0.194,0.347,0.162,0.14,0.134,0.173,0.206,0.204,0.147,0.138,0.158,0.181,0.228,0.22,0.286,0.216,0.241,0.27,0.183,0.251,0.228,0.177,0.19,0.174,0.14,0.339,0.316,0.325,0.16,0.163,0.105,0.291,0.222
0.292,0.277,0.32,0.134,0.159,0.179,0.143,0.303,0.243,0.2,0.152,0.375,0.127,0.23,0.254,0.196,0.25,0.163,0.203,0.27,0.192,0.126,0.116,0.392,0.228,0.179,0.234,0.441,0.411,0.272,0.326,0.15,0.207,0.292,0.16,0.383,0.482,0.335,0.284,0.312,0.274,0.226,0.322,0.166,0.253,0.23,0.302,0.323,0.283,0.509,0.208,0.282,0.172,0.196,0.354,0.345,0.285,0.235,0.359,0.164,0.44,0.251,0.366,0.23,0.278,1.0,0.132,0.305,0.233,0.209,0.169,0.392,0.304,0.29,0.392,0.369,0.174,0.178,0.347,0.411,0.101,0.307,0.304,0.227,0.216,0.269,0.228,0.222,0.296,0.272,0.291,0.3,0.398,0.276,0.356,0.254,0.277,0.14,0.172,0.286,0.199,0.261,0.169,0.212,0.211,0.129,0.185,0.369,0.216,0.356,0.166,0.274,0.484,0.236,0.19,0.332,0.274,0.122,0.355,0.315,0.316,0.312,0.295,0.337,0.337,0.297,0.14,0.111,0.278,0.327,0.456,0.427,0.345,0.125,0.323,0.326,0.396,0.184,0.194,1.0,0.605,0.3,0.165,0.345,0.112,0.325,0.23,0.328,0.295,0.232,0.177,0.252,0.28,0.304,0.244,0.409,0.416,0.194,0.345,0.338,0.158,0.265,0.146,0.297,0.344,0.129,1.0,0.329,0.289,0.364,0.295,0.11,0.139,0.166,0.168,0.23,0.36,0.164,0.421,0.291,0.296,0.43,0.484,0.514,0.127,0.365,0.176,0.296,0.335,0.311,0.222,0.301,0.317,0.173,0.371,0.115,0.157,0.277,0.105,0.217,0.266,0.329,0.271,0.362,0.444,0.307,0.455,0.21,0.154,0.257,0.358,0.225,0.167,0.235,0.37,0.291,0.352,0.27,0.279,0.109,0.166,0.378,0.191,0.162,0.209,0.291,0.135,0.277,0.142,0.199,0.381,0.197,0.146,0.203,0.319,0.326,0.39,0.194,0.263,0.366,0.531,0.357,0.756,0.123,0.21,0.366,0.237,0.11,0.262,0.14,0.384,0.338,0.299,0.132,0.218,0.277,0.254,0.341,0.301,0.368,0.116,0.374,0.227,0.18,0.393,0.218,0.229,0.304,0.183,0.283,0.179,0.149,0.144,0.25,0.096,0.209,0.168,0.174,0.351,0.182,0.26,0.294,0.311,0.291,0.292,0.19,0.218,0.247,0.268,0.367,0.309,0.257,0.257,0.229,0.331,0.507,0.281,0.385,0.421,0.299,0.277,0.88,0.452,0.396,0.409,0.225,0.27,0.329,0.284,0.279,0.343,0.258,0.127,0.167,0.186,0.383,0.183,0.115,0.153,0.212,0.276,0.349,0.356,0.243,0.331,0.308,0.288,0.219,0.205,0.356,0.367,0.114,0.199,0.174,0.372,0.404,0.31,0.221,0.275,0.106,0.375,0.475
0.089,0.271,0.169,0.111,0.075,0.063,0.065,0.079,0.117,0.104,0.053,0.11,0.12,0.067,0.192,0.064,0.121,0.312,0.152,0.172,0.074,0.107,0.232,0.078,0.311,0.122,0.13,0.111,0.136,0.095,0.1,0.157,0.122,0.162,0.12,0.161,0.141,0.095,0.137,0.195,0.182,0.142,0.193,0.05,0.077,0.142,0.194,0.136,0.085,0.069,0.142,0.096,0.055,0.15,0.092,0.113,0.206,0.134,0.125,0.053,0.203,0.063,0.112,0.066,0.099,0.132,1.0,0.082,0.123,0.086,0.093,0.078,0.167,0.116,0.175,0.156,0.094,0.193,0.109,0.054,0.577,0.092,0.125,0.35,0.217,0.064,0.2,0.157,0.149,0.125,0.05,0.11,0.13,0.141,0.145,0.162,0.271,0.097,0.11,0.152,0.192,0.071,0.087,0.082,0.133,0.154,0.056,0.089,0.188,0.147,0.118,0.077,0.256,0.19,0.166,0.147,0.228,0.168,0.182,0.158,0.3,0.136,0.071,0.257,0.089,0.194,0.097,0.066,0.12,0.257,0.199,0.13,0.237,0.714,0.136,0.096,0.062,0.056,0.121,0.083,0.083,0.236,0.104,0.215,0.137,0.143,0.067,0.07,0.099,0.231,0.096,0.072,0.083,0.134,0.126,0.353,0.18,0.122,0.193,0.268,0.073,0.152,0.078,0.092,0.05,0.058,0.083,0.169,0.188,0.072,0.157,0.043,0.047,0.039,0.051,0.127,0.074,0.053,0.122,0.089,0.106,0.238,0.067,0.064,0.059,0.16,0.477,0.109,0.104,0.077,0.093,0.111,0.088,0.246,0.068,0.174,0.119,0.092,0.051,0.208,0.283,0.16,0.079,0.132,0.113,0.153,0.047,0.124,0.084,0.054,0.046,0.687,0.049,0.098,0.214,0.067,0.151,0.149,0.114,0.089,0.071,0.201,0.147,0.088,0.129,0.122,0.067,0.271,0.046,0.137,0.154,0.152,0.109,0.075,0.244,0.138,0.109,0.089,0.106,0.143,0.074,0.151,0.35,0.037,0.085,0.185,0.088,0.145,0.12,0.094,0.1,0.091,0.195,0.143,0.053,0.271,0.092,0.094,0.112,0.252,0.179,0.164,0.073,0.064,0.154,0.109,0.134,0.125,0.071,0.203,0.166,0.128,0.14,0.056,0.062,0.114,0.375,0.087,0.264,0.285,0.102,0.128,0.274,0.122,0.048,0.128,0.109,0.198,0.218,0.124,0.139,0.086,0.216,0.036,0.119,0.135,0.142,0.096,0.178,0.044,0.156,0.073,0.238,0.155,0.092,0.1,0.062,0.064,0.119,0.08,0.131,0.08,0.073,0.124,0.12,0.15,0.215,0.235,0.075,0.062,0.196,0.195,0.206,0.101,0.112,0.061,0.044,0.111,0.093,0.326,0.187,0.069,0.158,0.049,0.119,0.108,0.17,0.076,0.386,0.052,0.176,0.219
0.263,0.38,0.203,0.162,0.32,0.161,0.151,0.488,0.189,0.172,0.116,0.532,0.109,0.109,0.13,0.172,0.212,0.057,0.166,0.196,0.235,0.098,0.114,0.397,0.102,0.127,0.117,0.458,0.316,0.401,0.254,0.085,0.264,0.152,0.112,0.198,0.331,0.114,0.117,0.189,0.228,0.206,0.219,0.188,0.34,0.152,0.147,0.294,0.515,0.636,0.102,0.28,0.204,0.198,0.468,0.329,0.105,0.094,0.146,0.141,0.311,0.274,0.336,0.216,0.195,0.305,0.082,1.0,0.118,0.224,0.257,0.397,0.174,0.258,0.36,0.255,0.245,0.075,0.423,0.304,0.121,0.227,0.1,0.092,0.087,0.279,0.224,0.124,0.145,0.358,0.31,0.168,0.294,0.232,0.229,0.211,0.38,0.114,0.147,0.116,0.172,0.258,0.127,0.178,0.091,0.128,0.161,0.355,0.099,0.351,0.124,0.205,0.062,0.096,0.228,0.112,0.132,0.103,0.127,0.114,0.133,0.348,0.416,0.105,0.292,0.113,0.114,0.111,0.142,0.243,0.273,0.549,0.181,0.084,0.294,0.498,0.316,0.158,0.12,0.238,0.238,0.147,0.179,0.177,0.11,0.351,0.237,0.461,0.188,0.089,0.134,0.48,0.335,0.244,0.164,0.303,0.347,0.131,0.196,0.208,0.08,0.254,0.178,0.3,0.302,0.123,0.238,0.233,0.173,0.401,0.186,0.224,0.197,0.237,0.23,0.131,0.277,0.141,0.393,0.376,0.218,0.237,0.237,0.219,0.111,0.318,0.247,0.197,0.335,0.167,0.181,0.323,0.269,0.145,0.308,0.091,0.132,0.203,0.105,0.117,0.139,0.204,0.186,0.159,0.34,0.257,0.343,0.121,0.16,0.324,0.574,0.088,0.157,0.365,0.226,0.29,0.267,0.116,0.334,0.097,0.103,0.323,0.217,0.416,0.125,0.463,0.178,0.38,0.122,0.205,0.289,0.101,0.094,0.08,0.171,0.273,0.341,0.202,0.341,0.352,0.257,0.364,0.178,0.16,0.429,0.174,0.395,0.106,0.459,0.19,0.403,0.397,0.105,0.114,0.302,0.38,0.107,0.257,0.205,0.326,0.116,0.143,0.28,0.198,0.332,0.182,0.142,0.1,0.152,0.108,0.103,0.289,0.104,0.317,0.074,0.092,0.128,0.12,0.092,0.069,0.316,0.279,0.128,0.463,0.222,0.109,0.32,0.185,0.103,0.304,0.188,0.27,0.168,0.241,0.473,0.306,0.174,0.333,0.219,0.286,0.129,0.2,0.197,0.192,0.372,0.372,0.293,0.383,0.341,0.275,0.277,0.143,0.118,0.115,0.271,0.339,0.154,0.081,0.223,0.18,0.135,0.268,0.273,0.21,0.224,0.495,0.265,0.326,0.202,0.208,0.249,0.14,0.106,0.316,0.275,0.302,0.155,0.154,0.111,0.095,0.262,0.307
0.23,0.207,0.166,0.126,0.178,0.146,0.163,0.144,0.162,0.194,0.251,0.154,0.107,0.38,0.16,0.272,0.204,0.198,0.166,0.173,0.19,0.155,0.076,0.17,0.187,0.309,0.181,0.154,0.212,0.166,0.249,0.12,0.222,0.231,0.135,0.208,0.38,0.26,0.21,0.221,0.21,0.189,0.215,0.152,0.165,0.168,0.195,0.263,0.157,0.058,0.175,0.192,0.167,0.195,0.156,0.107,0.217,0.221,0.161,0.52,0.152,0.093,0.121,0.246,0.232,0.233,0.123,0.118,1.0,0.228,0.184,0.17,0.234,0.172,0.134,0.198,0.169,0.17,0.174,0.314,0.117,0.162,0.376,0.169,0.182,0.22,0.184,0.234,0.185,0.168,0.134,0.341,0.224,0.161,0.128,0.163,0.207,0.107,0.145,0.241,0.144,0.183,0.218,0.316,0.177,0.111,0.221,0.154,0.174,0.149,0.155,0.262,0.146,0.178,0.152,0.194,0.169,0.151,0.256,0.277,0.254,0.143,0.144,0.217,0.185,0.208,0.107,0.054,0.258,0.218,0.213,0.135,0.255,0.12,0.263,0.168,0.149,0.221,0.251,0.265,0.265,0.243,0.154,0.237,0.102,0.186,0.136,0.154,0.255,0.194,0.121,0.144,0.212,0.179,0.152,0.174,0.129,0.365,0.236,0.257,0.191,0.219,0.155,0.106,0.206,0.134,0.265,0.159,0.198,0.186,0.19,0.128,0.153,0.126,0.184,0.186,0.21,0.52,0.141,0.165,0.208,0.223,0.283,0.237,0.11,0.238,0.074,0.331,0.148,0.255,0.246,0.204,0.23,0.124,0.167,0.088,0.128,0.422,0.09,0.177,0.299,0.228,0.297,0.333,0.155,0.178,0.118,0.164,0.253,0.112,0.132,0.143,0.187,0.196,0.218,0.176,0.178,0.479,0.304,0.093,0.202,0.253,0.153,0.118,0.241,0.241,0.096,0.207,0.166,0.185,0.202,0.168,0.129,0.233,0.304,0.167,0.179,0.271,0.186,0.182,0.302,0.146,0.392,0.143,0.188,0.308,0.141,0.083,0.159,0.147,0.098,0.167,0.213,0.113,0.122,0.207,0.215,0.142,0.211,0.184,0.091,0.194,0.166,0.093,0.275,0.287,0.185,0.376,0.226,0.201,0.24,0.117,0.143,0.176,0.133,0.152,0.125,0.154,0.258,0.2,0.227,0.291,0.19,0.241,0.157,0.16,0.198,0.217,0.19,0.227,0.22,0.152,0.261,0.273,0.115,0.213,0.181,0.251,0.277,0.185,0.161,0.224,0.276,0.261,0.194,0.157,0.058,0.184,0.138,0.179,0.197,0.199,0.119,0.115,0.137,0.184,0.163,0.102,0.144,0.261,0.221,0.251,0.215,0.249,0.302,0.163,0.169,0.216,0.215,0.161,0.214,0.121,0.15,0.113,0.206,0.208,0.233,0.266,0.196,0.089,0.241,0.29
0.164,0.467,0.151,0.238,0.26,0.097,0.281,0.253,0.238,0.122,0.205,0.188,0.169,0.313,0.186,0.463,0.182,0.091,0.171,0.232,0.157,0.177,0.129,0.252,0.131,0.187,0.159,0.213,0.329,0.244,0.22,0.121,0.2,0.219,0.138,0.181,0.255,0.194,0.219,0.409,0.205,0.218,0.212,0.244,0.197,0.332,0.222,0.543,0.229,0.124,0.158,0.185,0.296,0.312,0.229,0.098,0.156,0.174,0.276,0.327,0.142,0.103,0.133,0.342,0.157,0.209,0.086,0.224,0.228,1.0,0.286,0.252,0.303,0.138,0.129,0.204,0.27,0.1,0.231,0.666,0.199,0.238,0.178,0.138,0.115,0.289,0.274,0.198,0.158,0.222,0.257,0.224,0.259,0.201,0.151,0.161,0.467,0.205,0.253,0.195,0.168,0.318,0.193,0.261,0.139,0.168,0.272,0.271,0.191,0.244,0.219,0.441,0.094,0.156,0.285,0.173,0.098,0.13,0.181,0.203,0.173,0.22,0.273,0.17,0.156,0.186,0.205,0.123,0.248,0.177,0.148,0.153,0.231,0.105,0.543,0.393,0.252,0.272,0.166,0.365,0.553,0.197,0.259,0.165,0.149,0.2,0.274,0.19,0.365,0.131,0.233,0.268,0.247,0.204,0.379,0.18,0.114,0.307,0.156,0.227,0.133,0.431,0.22,0.165,0.351,0.205,0.365,0.192,0.189,0.21,0.192,0.171,0.263,0.414,0.348,0.179,0.228,0.327,0.316,0.248,0.24,0.265,0.322,0.455,0.182,0.248,0.118,0.204,0.189,0.27,0.301,0.18,0.167,0.124,0.25,0.113,0.167,0.402,0.217,0.169,0.239,0.228,0.474,0.203,0.201,0.17,0.234,0.18,0.422,0.217,0.282,0.104,0.248,0.388,0.275,0.306,0.229,0.272,0.286,0.171,0.177,0.22,0.257,0.197,0.214,0.469,0.119,0.467,0.209,0.316,0.176,0.202,0.148,0.136,0.356,0.158,0.158,0.172,0.288,0.158,0.345,0.271,0.28,0.583,0.159,0.288,0.234,0.137,0.265,0.279,0.124,0.273,0.231,0.174,0.487,0.467,0.192,0.192,0.251,0.215,0.144,0.14,0.15,0.104,0.246,0.321,0.206,0.178,0.308,0.163,0.192,0.177,0.135,0.245,0.101,0.143,0.11,0.348,0.167,0.118,0.249,0.202,0.174,0.469,0.255,0.185,0.273,0.243,0.167,0.234,0.239,0.212,0.236,0.267,0.149,0.226,0.494,0.267,0.245,1.0,0.197,0.31,0.244,0.179,0.247,0.298,0.115,0.291,0.262,0.198,0.234,0.237,0.21,0.213,0.151,0.229,0.181,0.09,0.188,0.458,0.208,0.226,0.265,0.236,0.278,0.276,0.918,0.322,0.266,0.146,0.158,0.178,0.152,0.166,0.2,0.198,0.168,0.246,0.16,0.216,0.225,0.256
0.154,0.383,0.118,0.179,0.688,0.103,0.271,0.475,0.222,0.132,0.168,0.258,0.2,0.136,0.183,0.18,0.192,0.111,0.292,0.186,0.134,0.159,0.148,0.201,0.105,0.16,0.141,0.157,0.171,0.181,0.17,0.139,0.123,0.194,0.323,0.163,0.234,0.18,0.153,0.148,0.252,0.417,0.212,0.181,0.324,0.237,0.18,0.469,0.208,0.098,0.176,0.237,0.183,0.386,0.308,0.093,0.175,0.127,0.164,0.175,0.114,0.097,0.115,0.246,0.123,0.169,0.093,0.257,0.184,0.286,1.0,0.201,0.214,0.152,0.121,0.164,0.712,0.101,0.447,0.181,0.129,0.18,0.165,0.125,0.183,0.202,0.307,0.167,0.129,0.18,0.14,0.192,0.182,0.242,0.146,0.167,0.383,0.187,0.185,0.205,0.151,0.265,0.211,0.207,0.15,0.192,0.229,0.145,0.158,0.185,0.191,0.27,0.091,0.173,0.29,0.156,0.094,0.177,0.165,0.17,0.182,0.169,0.246,0.137,0.337,0.158,0.187,0.102,0.176,0.159,0.148,0.133,0.225,0.1,0.469,0.305,0.155,0.232,0.144,0.281,0.281,0.217,0.27,0.223,0.166,0.199,0.245,0.166,0.282,0.15,0.178,0.45,0.223,0.197,0.111,0.181,0.158,0.178,0.147,0.16,0.16,0.337,0.271,0.148,0.183,0.158,0.281,0.144,0.139,0.164,0.176,0.159,0.19,0.128,0.19,0.138,0.174,0.175,0.116,0.701,0.206,0.193,0.245,0.221,0.173,0.253,0.132,0.16,0.134,0.165,0.234,0.171,0.134,0.108,0.193,0.11,0.138,0.335,0.141,0.143,0.198,0.183,0.301,0.159,0.158,0.132,0.162,0.138,0.155,0.416,0.159,0.093,0.191,0.837,0.554,0.209,0.14,0.222,0.207,0.127,0.164,0.2,0.284,0.559,0.217,1.0,0.124,0.383,0.192,0.345,0.146,0.164,0.151,0.149,0.282,0.137,0.169,0.12,0.219,0.182,0.274,0.295,0.259,0.134,0.178,0.241,0.663,0.151,0.372,0.218,0.098,0.709,0.164,0.219,0.13,0.383,0.15,0.162,0.2,0.144,0.171,0.136,0.13,0.098,0.183,0.291,0.232,0.165,0.168,0.18,0.131,0.201,0.162,0.21,0.103,0.148,0.112,0.142,0.155,0.135,0.518,0.154,0.154,1.0,0.165,0.16,0.199,0.213,0.176,0.168,0.2,0.142,0.213,0.126,0.208,0.187,0.16,0.178,0.188,0.155,0.207,0.257,0.19,0.147,0.174,0.467,0.112,0.226,0.214,0.408,0.198,0.235,0.2,0.195,0.105,0.528,0.196,0.082,0.211,0.178,0.224,0.242,0.194,0.198,0.492,0.18,0.163,0.497,0.287,0.142,0.184,0.176,0.159,0.106,0.207,0.194,0.146,0.188,0.163,0.122,0.167,0.22
0.355,0.38,0.172,0.149,0.219,0.138,0.117,0.398,0.195,0.208,0.138,0.306,0.116,0.19,0.122,0.29,0.171,0.064,0.175,0.186,0.156,0.108,0.126,1.0,0.097,0.136,0.106,0.39,0.314,0.218,0.174,0.099,0.198,0.169,0.095,0.187,0.201,0.126,0.137,0.209,0.2,0.142,0.152,0.235,0.267,0.154,0.151,0.311,0.365,1.0,0.109,0.324,0.185,0.217,0.317,0.329,0.105,0.088,0.127,0.23,0.302,0.346,0.27,0.341,0.199,0.392,0.078,0.397,0.17,0.252,0.201,1.0,0.205,0.147,0.311,0.277,0.201,0.072,0.287,0.411,0.158,0.409,0.112,0.093,0.078,0.481,0.269,0.191,0.14,0.191,0.49,0.196,0.304,0.286,0.234,0.208,0.38,0.12,0.19,0.126,0.141,0.404,0.152,0.302,0.094,0.134,0.315,0.305,0.113,0.501,0.145,0.315,0.068,0.106,0.272,0.127,0.15,0.09,0.13,0.119,0.138,0.26,0.63,0.135,0.31,0.116,0.12,0.101,0.192,0.191,0.229,0.273,0.211,0.081,0.311,0.432,0.543,0.318,0.106,1.0,0.605,0.137,0.17,0.142,0.111,0.297,0.23,0.415,0.193,0.091,0.137,0.306,0.296,0.204,0.185,0.238,0.316,0.141,0.175,0.166,0.09,0.439,0.159,0.347,0.344,0.13,1.0,0.212,0.13,0.356,0.136,0.16,0.221,0.255,0.231,0.116,0.364,0.23,0.382,0.397,0.205,0.392,0.484,0.514,0.126,0.243,0.214,0.19,0.348,0.456,0.294,0.153,0.313,0.141,0.663,0.079,0.157,0.306,0.109,0.115,0.165,0.235,0.356,0.209,0.318,0.19,0.328,0.162,0.166,0.284,0.27,0.076,0.274,0.227,0.202,0.454,0.304,0.131,0.208,0.108,0.161,0.2,0.257,0.176,0.13,0.281,0.18,0.38,0.243,0.215,0.346,0.107,0.099,0.087,0.294,0.256,0.311,0.162,0.233,0.24,0.531,0.445,0.191,0.215,0.182,0.305,0.38,0.109,0.287,0.178,0.329,0.391,0.108,0.123,0.308,0.38,0.14,0.222,0.191,0.361,0.125,0.136,0.295,0.248,0.251,0.242,0.138,0.112,0.292,0.11,0.146,0.123,0.093,0.386,0.069,0.096,0.129,0.139,0.104,0.079,0.291,0.322,0.157,0.281,0.5,0.108,0.252,0.152,0.109,0.242,0.204,0.209,0.238,0.229,0.357,0.369,0.192,0.513,0.348,0.299,0.131,0.88,0.376,0.18,0.319,0.201,0.357,0.474,0.493,0.281,0.218,0.383,0.132,0.129,0.184,0.323,0.127,0.074,0.18,0.305,0.139,0.232,0.222,0.27,0.174,0.334,0.288,0.182,0.222,0.218,0.317,0.133,0.112,0.178,0.244,0.23,0.134,0.164,0.113,0.1,0.226,0.365
0.272,0.296,0.263,0.281,0.239,0.143,0.206,0.19,0.201,0.142,0.194,0.217,0.196,0.227,0.367,0.277,0.232,0.248,0.203,0.322,0.184,0.189,0.138,0.205,0.272,0.202,0.274,0.284,0.361,0.182,0.24,0.243,0.183,0.541,0.232,0.339,0.422,0.572,0.352,0.349,0.336,0.267,0.403,0.23,0.155,0.335,0.421,0.311,0.196,0.067,0.339,0.205,0.238,0.277,0.223,0.175,0.384,0.269,0.315,0.223,0.29,0.103,0.21,0.405,0.231,0.304,0.167,0.174,0.234,0.303,0.214,0.205,1.0,0.261,0.22,0.336,0.198,0.289,0.248,0.48,0.172,0.23,0.279,0.353,0.249,0.255,0.275,0.316,0.282,0.307,0.204,0.262,0.33,0.272,0.297,0.426,0.296,0.272,0.526,0.337,0.314,0.27,0.453,0.306,0.291,0.217,0.273,0.246,0.301,0.232,0.258,0.287,0.384,0.28,0.206,0.429,0.198,0.154,0.392,0.333,0.404,0.288,0.167,0.367,0.212,0.444,0.272,0.065,0.338,0.324,0.365,0.204,0.38,0.156,0.311,0.202,0.201,0.303,0.239,0.367,0.367,0.4,0.252,0.368,0.143,0.253,0.228,0.208,0.258,0.319,0.253,0.219,0.228,0.305,0.355,0.327,0.247,0.274,0.392,0.409,0.176,0.266,0.207,0.178,0.378,0.172,0.367,0.265,0.339,0.227,0.411,0.187,0.244,0.201,0.213,0.265,0.298,0.223,0.265,0.196,0.464,0.288,0.462,0.329,0.184,0.323,0.217,0.262,0.189,0.264,0.259,0.253,0.14,0.149,0.202,0.123,0.223,0.262,0.11,0.309,0.308,0.307,0.264,0.321,0.237,0.257,0.251,0.297,0.332,0.166,0.221,0.251,0.3,0.217,0.412,0.251,0.276,0.232,0.27,0.191,0.368,0.426,0.202,0.141,0.262,0.274,0.121,0.296,0.279,0.267,0.215,0.313,0.256,0.177,0.337,0.279,0.193,0.193,0.351,0.29,0.422,0.191,1.0,0.258,0.159,0.459,0.164,0.138,0.306,0.262,0.161,0.196,0.345,0.219,0.217,0.296,0.254,0.334,0.291,0.303,0.163,0.322,0.128,0.104,0.365,0.237,0.394,0.279,0.221,0.365,0.26,0.189,0.205,0.207,0.111,0.289,0.204,0.241,0.594,0.263,0.206,0.176,0.398,0.274,0.229,0.262,0.215,0.274,0.39,0.321,0.366,0.188,0.422,0.283,0.152,0.282,0.375,0.245,0.383,0.467,0.332,0.321,0.4,0.281,0.335,0.167,0.066,0.224,0.174,0.168,0.287,0.191,0.195,0.29,0.156,0.29,0.271,0.12,0.143,0.28,0.391,0.363,0.355,0.335,0.299,0.207,0.431,0.21,0.382,0.305,0.334,0.185,0.285,0.127,0.275,0.37,0.339,0.268,0.376,0.118,0.354,0.436
0.225,0.221,0.289,0.141,0.113,0.203,0.113,0.133,0.149,0.117,0.076,0.22,0.16,0.112,0.243,0.091,0.227,0.141,0.119,0.204,0.31,0.196,0.107,0.147,0.249,0.2,0.282,0.228,0.383,0.228,0.232,0.177,0.215,0.277,0.134,0.365,0.308,0.216,0.257,0.254,0.307,0.186,0.518,0.084,0.126,0.238,0.243,0.237,0.18,0.156,0.245,0.161,0.199,0.187,0.187,0.319,0.321,0.243,0.259,0.079,0.25,0.16,0.212,0.102,0.195,0.29,0.116,0.258,0.172,0.138,0.152,0.147,0.261,1.0,0.198,0.222,0.142,0.282,0.276,0.079,0.046,0.109,0.147,0.3,0.178,0.105,0.169,0.191,0.297,0.239,0.077,0.212,0.35,0.134,0.248,0.188,0.221,0.14,0.115,0.281,0.19,0.122,0.173,0.099,0.36,0.145,0.08,0.212,0.256,0.158,0.184,0.116,0.227,0.374,0.149,0.306,0.223,0.089,0.394,0.319,0.411,0.289,0.38,0.208,0.255,0.338,0.14,0.033,0.222,0.275,0.318,0.252,0.335,0.125,0.237,0.241,0.104,0.072,0.163,0.134,0.134,0.383,0.152,0.348,0.128,0.34,0.09,0.135,0.197,0.247,0.204,0.192,0.352,0.164,0.14,0.31,0.236,0.183,0.28,0.315,0.168,0.152,0.136,0.188,0.062,0.089,0.134,0.231,0.247,0.175,0.272,0.057,0.056,0.109,0.123,0.206,0.132,0.079,0.187,0.154,0.378,0.182,0.09,0.095,0.179,0.359,0.124,0.289,0.21,0.122,0.115,0.326,0.174,0.13,0.106,0.088,0.101,0.154,0.067,0.188,0.242,0.173,0.123,0.272,0.278,0.24,0.106,0.131,0.106,0.092,0.273,0.191,0.061,0.158,0.323,0.124,0.277,0.211,0.317,0.148,0.159,0.484,0.182,0.111,0.222,0.213,0.076,0.221,0.055,0.17,0.217,0.302,0.176,0.188,0.179,0.255,0.205,0.444,0.181,0.303,0.099,0.158,0.756,0.045,0.271,0.283,0.157,0.085,0.124,0.097,0.194,0.154,0.405,0.163,0.072,0.221,0.263,0.235,0.24,0.156,0.106,0.238,0.147,0.146,0.411,0.21,0.274,0.147,0.08,0.484,0.154,0.176,0.196,0.236,0.078,0.298,0.143,0.144,0.28,0.425,0.174,0.187,0.328,0.213,0.107,0.189,0.157,0.187,0.371,0.372,0.239,0.189,0.162,0.044,0.157,0.311,0.365,0.183,0.261,0.054,0.329,0.108,0.306,0.284,0.347,0.229,0.081,0.191,0.175,0.148,0.211,0.104,0.119,0.167,0.134,0.278,0.184,0.091,0.177,0.089,0.329,0.388,0.288,0.126,0.217,0.222,0.05,0.204,0.18,0.264,0.289,0.1,0.222,0.112,0.295,0.375,0.362,0.135,0.295,0.065,0.369,0.392
0.206,0.232,0.411,0.106,0.094,0.219,0.088,0.337,0.204,0.205,0.069,0.371,0.108,0.1,0.226,0.087,0.251,0.208,0.168,0.391,0.102,0.11,0.167,0.311,0.217,0.14,0.188,0.413,0.316,0.208,0.212,0.136,0.185,0.234,0.179,0.273,0.288,0.194,0.206,0.191,0.291,0.188,0.269,0.063,0.254,0.166,0.243,0.179,0.143,0.636,0.182,0.29,0.074,0.153,0.305,0.44,0.245,0.187,0.149,0.071,0.481,0.3,0.442,0.083,0.209,0.392,0.175,0.36,0.134,0.129,0.121,0.311,0.22,0.198,1.0,0.279,0.139,0.163,0.32,0.08,0.082,0.196,0.168,0.22,0.289,0.224,0.217,0.191,0.206,0.223,0.256,0.207,0.248,0.179,0.325,0.297,0.232,0.154,0.106,0.205,0.194,0.091,0.123,0.087,0.179,0.114,0.066,0.335,0.207,0.332,0.128,0.1,0.367,0.317,0.156,0.245,0.269,0.146,0.309,0.212,0.313,0.348,0.334,0.248,0.296,0.306,0.154,0.111,0.17,0.37,0.476,0.348,0.326,0.169,0.179,0.429,0.273,0.066,0.186,0.118,0.118,0.278,0.114,0.335,0.09,0.365,0.087,0.351,0.15,0.254,0.156,0.204,0.26,0.252,0.217,0.361,0.468,0.132,0.308,0.299,0.107,0.15,0.105,0.342,0.067,0.08,0.118,0.36,0.242,0.267,0.201,0.054,0.055,0.142,0.061,0.169,0.236,0.071,0.442,0.285,0.139,0.216,0.087,0.091,0.109,0.327,0.199,0.206,0.375,0.101,0.101,0.229,0.306,0.224,0.285,0.092,0.147,0.124,0.092,0.173,0.25,0.216,0.102,0.26,0.332,0.289,0.343,0.131,0.088,0.281,0.285,0.226,0.058,0.132,0.267,0.233,0.199,0.149,0.211,0.102,0.099,0.349,0.146,0.151,0.152,0.167,0.17,0.232,0.053,0.145,0.458,0.169,0.126,0.112,0.233,0.341,0.36,0.091,0.227,0.362,0.093,0.317,0.69,0.044,0.181,0.24,0.301,0.111,0.211,0.092,0.415,0.292,0.239,0.123,0.255,0.232,0.134,0.318,0.175,0.371,0.111,0.333,0.264,0.303,0.246,0.134,0.238,0.168,0.074,0.247,0.102,0.1,0.131,0.226,0.066,0.194,0.262,0.152,0.438,0.204,0.288,0.337,0.28,0.167,0.167,0.148,0.147,0.245,0.273,0.298,0.204,0.236,0.198,0.052,0.405,0.359,0.204,0.326,0.305,0.061,0.185,0.099,0.34,0.25,0.212,0.177,0.291,0.248,0.301,0.261,0.313,0.093,0.088,0.173,0.185,0.348,0.179,0.143,0.176,0.086,0.239,0.354,0.364,0.129,0.166,0.228,0.059,0.137,0.13,0.352,0.363,0.091,0.191,0.193,0.243,0.205,0.264,0.105,0.28,0.093,0.258,0.284
0.24,0.253,0.261,0.172,0.171,0.161,0.185,0.202,0.168,0.146,0.12,0.373,0.144,0.165,0.306,0.214,0.222,0.208,0.168,0.265,0.159,0.147,0.092,0.277,0.37,0.179,0.293,0.268,0.335,0.339,0.307,0.166,0.179,0.362,0.158,0.352,0.331,0.235,0.299,0.27,0.259,0.332,0.333,0.389,0.265,0.218,0.331,0.311,0.322,0.27,0.206,0.2,0.226,0.192,0.452,0.224,0.25,0.273,0.22,0.172,0.351,0.154,0.291,0.474,0.322,0.369,0.156,0.255,0.198,0.204,0.164,0.277,0.336,0.222,0.279,1.0,0.157,0.28,0.348,0.411,0.115,0.269,0.21,0.306,0.273,0.258,0.26,0.321,0.266,0.255,0.19,0.251,0.531,0.3,0.274,0.222,0.253,0.194,0.184,0.258,0.248,0.254,0.159,0.261,0.253,0.128,0.233,0.317,0.223,0.282,0.183,0.228,0.461,0.237,0.155,0.278,0.193,0.131,0.292,0.282,0.334,0.364,0.374,0.303,0.214,0.341,0.194,0.063,0.315,0.426,0.423,0.367,0.281,0.214,0.311,0.228,0.269,0.216,0.174,1.0,0.605,0.331,0.23,0.374,0.129,0.333,0.23,0.196,0.232,0.25,0.195,0.199,0.253,0.439,0.314,0.346,0.269,0.202,0.395,0.379,0.151,0.238,0.209,0.243,0.344,0.152,1.0,0.326,0.312,0.356,0.305,0.137,0.154,0.161,0.223,0.287,0.338,0.172,0.327,0.188,0.287,0.401,0.577,0.514,0.159,0.344,0.101,0.251,0.274,0.292,0.219,0.4,0.154,0.181,0.266,0.199,0.312,0.263,0.112,0.28,0.279,0.374,0.246,0.306,0.306,0.375,0.329,0.291,0.197,0.151,1.0,0.276,0.202,0.227,0.318,0.298,0.304,0.175,0.306,0.107,0.171,0.433,0.169,0.215,0.18,0.281,0.15,0.253,0.161,0.194,0.262,0.265,0.196,0.164,0.346,0.349,0.349,0.176,0.416,0.275,0.531,0.211,0.782,0.158,0.164,0.375,0.165,0.091,0.207,0.17,0.324,0.215,0.269,0.133,0.154,0.253,0.225,0.292,0.318,0.288,0.106,0.257,0.233,0.13,0.366,0.213,0.251,0.21,0.213,0.269,0.236,0.199,0.178,0.212,0.129,0.231,0.197,0.124,0.488,0.238,0.209,0.19,0.373,0.281,0.255,0.197,0.315,0.272,0.299,0.244,0.379,0.279,0.323,0.229,0.319,0.373,0.287,0.288,0.343,0.299,0.23,0.88,0.435,0.286,0.366,0.174,0.126,0.262,0.19,0.169,0.322,0.232,0.124,0.212,0.262,0.305,0.305,0.163,0.163,0.225,0.262,0.322,0.423,0.302,0.221,0.437,0.288,0.175,0.269,0.305,0.261,0.283,0.22,0.261,0.381,0.357,0.306,0.232,0.274,0.123,0.42,0.431
0.154,0.383,0.12,0.168,0.502,0.103,0.212,0.434,0.202,0.142,0.152,0.236,0.181,0.126,0.178,0.162,0.196,0.1,0.228,0.18,0.12,0.145,0.15,0.201,0.11,0.151,0.139,0.202,0.169,0.175,0.168,0.138,0.119,0.182,0.259,0.155,0.234,0.18,0.158,0.144,0.226,0.352,0.2,0.17,0.285,0.22,0.173,0.469,0.19,0.145,0.163,0.477,0.172,0.34,0.28,0.111,0.156,0.121,0.155,0.158,0.135,0.143,0.138,0.228,0.126,0.174,0.094,0.245,0.169,0.27,0.712,0.201,0.198,0.142,0.139,0.157,1.0,0.099,0.403,0.181,0.121,0.311,0.165,0.129,0.158,0.178,0.314,0.151,0.153,0.205,0.148,0.18,0.175,0.21,0.159,0.164,0.383,0.187,0.175,0.194,0.151,0.24,0.188,0.193,0.139,0.181,0.206,0.156,0.157,0.218,0.175,0.25,0.091,0.161,0.314,0.153,0.097,0.131,0.168,0.164,0.177,0.177,0.246,0.135,0.308,0.162,0.187,0.274,0.171,0.144,0.149,0.143,0.308,0.105,0.469,0.29,0.455,0.209,0.132,0.281,0.281,0.197,0.25,0.195,0.153,0.193,0.245,0.179,0.258,0.138,0.211,0.378,0.208,0.188,0.116,0.178,0.173,0.159,0.139,0.147,0.142,0.344,0.234,0.167,0.183,0.145,0.281,0.185,0.146,0.175,0.168,0.138,0.176,0.127,0.17,0.173,0.182,0.158,0.141,0.564,0.196,0.189,0.245,0.221,0.188,0.25,0.132,0.15,0.16,0.152,0.212,0.163,0.178,0.117,0.471,0.11,0.475,0.308,0.163,0.137,0.189,0.176,0.272,0.159,0.178,0.137,0.162,0.134,0.145,0.325,0.159,0.097,0.176,0.831,0.456,0.2,0.145,0.198,0.196,0.176,0.147,0.184,0.29,0.41,0.197,1.0,0.128,0.383,0.175,0.314,0.16,0.159,0.142,0.131,0.254,0.145,0.164,0.111,0.2,0.172,0.274,0.32,0.259,0.121,0.22,0.223,0.52,0.229,0.326,0.199,0.122,0.617,0.155,0.194,0.202,0.383,0.146,0.159,0.186,0.173,0.167,0.137,0.131,0.144,0.198,0.264,0.212,0.165,0.152,0.164,0.121,0.183,0.148,0.189,0.098,0.138,0.113,0.23,0.155,0.126,0.426,0.157,0.152,1.0,0.148,0.151,0.181,0.193,0.165,0.164,0.194,0.171,0.199,0.126,0.194,0.186,0.184,0.218,0.185,0.155,0.192,0.257,0.195,0.153,0.169,0.367,0.154,0.218,0.241,0.35,0.191,0.211,0.185,0.195,0.102,0.43,0.175,0.086,0.185,0.164,0.207,0.229,0.192,0.19,0.402,0.171,0.163,0.432,0.257,0.156,0.176,0.157,0.157,0.374,0.22,0.189,0.14,0.172,0.156,0.146,0.166,0.205
0.161,0.168,0.219,0.157,0.077,0.204,0.125,0.075,0.136,0.174,0.11,0.116,0.161,0.092,0.269,0.074,0.217,0.224,0.113,0.169,0.138,0.212,0.082,0.072,0.325,0.216,0.253,0.123,0.227,0.223,0.228,0.204,0.171,0.295,0.111,0.288,0.218,0.214,0.292,0.228,0.171,0.194,0.298,0.096,0.109,0.287,0.254,0.153,0.078,0.05,0.263,0.172,0.223,0.124,0.104,0.183,0.227,0.257,0.168,0.059,0.225,0.161,0.203,0.123,0.246,0.178,0.193,0.075,0.17,0.1,0.101,0.072,0.289,0.282,0.163,0.28,0.099,1.0,0.273,0.061,0.043,0.082,0.181,0.341,0.354,0.103,0.166,0.228,0.263,0.186,0.046,0.202,0.35,0.242,0.445,0.219,0.168,0.11,0.154,0.249,0.294,0.074,0.186,0.094,0.346,0.133,0.063,0.166,0.318,0.12,0.216,0.082,0.322,0.274,0.13,0.421,0.315,0.127,0.315,0.313,0.44,0.228,0.072,0.222,0.271,0.252,0.11,0.046,0.205,0.248,0.357,0.114,0.24,0.222,0.153,0.1,0.055,0.052,0.137,0.092,0.092,0.376,0.259,0.317,0.148,0.162,0.063,0.089,0.185,0.244,0.301,0.075,0.141,0.2,0.215,0.196,0.191,0.294,0.313,0.287,0.187,0.129,0.186,0.204,0.048,0.112,0.092,0.318,0.26,0.16,0.387,0.043,0.042,0.041,0.059,0.326,0.182,0.059,0.152,0.097,0.392,0.124,0.063,0.068,0.255,0.266,0.08,0.204,0.154,0.102,0.107,0.226,0.112,0.182,0.067,0.164,0.126,0.107,0.097,0.204,0.286,0.186,0.084,0.254,0.149,0.227,0.042,0.152,0.176,0.05,0.049,0.302,0.046,0.104,0.228,0.115,0.162,0.202,0.235,0.236,0.172,0.245,0.196,0.064,0.198,0.142,0.159,0.168,0.042,0.115,0.166,0.295,0.224,0.236,0.22,0.231,0.171,0.216,0.166,0.158,0.066,0.124,0.545,0.036,0.119,0.205,0.083,0.066,0.108,0.071,0.178,0.096,0.34,0.152,0.044,0.168,0.24,0.332,0.299,0.178,0.082,0.242,0.097,0.161,0.216,0.198,0.472,0.181,0.074,0.338,0.222,0.126,0.257,0.057,0.174,0.348,0.196,0.147,0.311,0.499,0.119,0.157,0.297,0.142,0.051,0.184,0.107,0.243,0.313,0.181,0.259,0.179,0.195,0.038,0.118,0.212,0.287,0.129,0.199,0.043,0.292,0.074,0.306,0.279,0.155,0.102,0.049,0.061,0.117,0.116,0.217,0.079,0.153,0.128,0.099,0.162,0.378,0.157,0.122,0.073,0.242,0.222,0.237,0.157,0.168,0.07,0.041,0.116,0.207,0.317,0.196,0.131,0.207,0.082,0.217,0.234,0.307,0.136,0.349,0.098,0.256,0.252
0.291,0.383,0.355,0.15,0.366,0.228,0.18,0.531,0.354,0.202,0.122,0.5,0.183,0.115,0.268,0.131,0.236,0.129,0.25,0.282,0.187,0.175,0.122,0.287,0.336,0.194,0.279,0.379,0.363,0.449,0.31,0.18,0.259,0.289,0.237,0.403,0.362,0.227,0.295,0.22,0.272,0.381,0.339,0.139,0.376,0.253,0.235,0.469,0.254,0.554,0.198,0.324,0.208,0.253,0.419,0.311,0.239,0.233,0.178,0.122,0.3,0.288,0.357,0.171,0.302,0.347,0.109,0.423,0.174,0.231,0.447,0.287,0.248,0.276,0.32,0.348,0.403,0.273,1.0,0.181,0.087,0.222,0.196,0.299,0.299,0.211,0.251,0.21,0.248,0.327,0.274,0.268,0.464,0.281,0.275,0.254,0.383,0.19,0.162,0.289,0.214,0.19,0.16,0.151,0.27,0.154,0.139,0.36,0.209,0.261,0.175,0.209,0.261,0.221,0.233,0.258,0.277,0.147,0.299,0.29,0.292,0.317,0.446,0.229,0.371,0.32,0.19,0.102,0.223,0.241,0.471,0.352,0.282,0.204,0.469,0.389,0.234,0.138,0.181,0.281,0.281,0.3,0.233,0.355,0.183,0.403,0.245,0.273,0.276,0.184,0.247,0.457,0.314,0.324,0.199,0.383,0.317,0.238,0.257,0.266,0.181,0.243,0.194,0.344,0.183,0.132,0.281,0.409,0.31,0.285,0.281,0.111,0.116,0.143,0.168,0.271,0.303,0.122,0.29,0.495,0.253,0.274,0.245,0.221,0.237,0.468,0.21,0.268,0.415,0.14,0.173,0.328,0.221,0.24,0.257,0.113,0.13,0.25,0.12,0.186,0.216,0.246,0.198,0.308,0.39,0.385,0.294,0.185,0.138,0.339,0.355,0.273,0.119,1.0,0.436,0.236,0.252,0.185,0.259,0.147,0.138,0.354,0.268,0.344,0.191,1.0,0.186,0.383,0.111,0.254,0.395,0.267,0.192,0.197,0.243,0.414,0.421,0.184,0.287,0.357,0.274,0.33,0.847,0.081,0.313,0.26,0.472,0.118,0.436,0.146,0.392,0.531,0.235,0.169,0.176,0.383,0.215,0.277,0.268,0.258,0.128,0.26,0.218,0.208,0.393,0.276,0.26,0.196,0.122,0.238,0.164,0.232,0.18,0.196,0.1,0.252,0.237,0.157,0.485,0.18,0.624,0.299,0.322,1.0,0.18,0.209,0.202,0.239,0.271,0.385,0.283,0.263,0.202,0.126,0.43,0.372,0.245,0.253,0.286,0.155,0.255,0.257,0.292,0.25,0.319,0.493,0.207,0.262,0.334,0.406,0.372,0.183,0.176,0.214,0.152,0.531,0.21,0.168,0.203,0.133,0.256,0.35,0.298,0.213,0.391,0.285,0.163,0.47,0.226,0.272,0.307,0.137,0.236,0.153,0.416,0.331,0.328,0.154,0.259,0.11,0.342,0.364
0.075,0.157,0.08,0.402,0.228,0.064,0.27,0.228,0.195,0.073,0.276,0.181,0.111,0.72,0.121,1.0,0.112,0.055,0.21,0.3,0.191,0.133,0.075,0.411,0.261,0.156,0.134,0.228,0.637,0.27,0.304,0.067,0.181,0.26,0.082,0.411,0.112,0.084,0.411,1.0,0.116,0.181,0.167,0.408,0.164,0.195,0.204,0.195,0.311,0.042,0.102,0.124,0.326,0.195,0.245,0.058,0.115,0.134,0.27,0.72,0.111,0.046,0.1,0.476,0.309,0.411,0.054,0.304,0.314,0.666,0.181,0.411,0.48,0.079,0.08,0.411,0.181,0.061,0.181,1.0,0.315,0.366,0.073,0.105,0.064,0.502,0.157,0.304,0.246,0.228,0.441,0.304,0.637,0.411,0.08,0.105,0.157,0.073,0.442,0.121,0.209,0.402,0.17,0.341,0.102,0.113,0.366,0.45,0.084,0.353,0.179,1.0,0.05,0.104,0.157,0.189,0.061,0.209,0.207,0.224,0.134,0.297,0.104,0.27,0.11,0.1,0.073,0.036,0.366,0.124,0.134,0.126,0.134,0.065,0.195,0.195,0.368,0.366,0.073,0.411,0.637,0.135,0.195,0.134,0.107,0.133,0.228,0.228,0.228,0.084,0.152,0.322,0.348,0.343,0.45,0.121,0.055,0.344,0.165,0.347,0.084,0.637,0.167,0.152,0.367,0.205,0.411,0.112,0.253,0.369,0.135,0.228,0.343,0.563,0.326,0.197,0.411,0.72,0.45,0.181,0.341,0.502,0.341,0.521,0.098,0.209,0.07,0.304,0.17,0.441,0.441,0.163,0.177,0.075,0.411,0.066,0.17,0.637,0.075,0.151,0.17,0.366,0.637,0.304,0.411,0.301,0.252,0.341,0.45,0.27,0.154,0.089,0.323,0.143,0.221,0.637,0.402,0.198,0.204,0.081,0.216,0.154,0.157,0.116,0.12,0.181,0.069,0.157,0.266,0.217,0.084,0.121,0.138,0.152,0.637,0.242,0.281,0.269,0.431,0.1,0.366,0.157,0.134,0.563,0.114,0.366,0.143,0.084,0.304,0.402,0.129,0.181,0.115,0.111,0.45,0.157,0.267,0.248,0.341,0.309,0.087,0.102,0.115,0.046,0.502,0.301,0.135,0.073,0.521,0.115,0.303,0.126,0.111,0.353,0.057,0.1,0.064,0.084,0.066,0.062,0.181,0.114,0.329,0.181,0.36,0.143,0.441,0.135,0.111,0.343,0.502,0.233,0.304,0.281,0.159,0.411,0.45,0.353,0.502,0.45,0.15,0.35,0.502,0.3,0.502,0.143,0.055,0.502,0.157,0.164,0.664,0.236,0.116,0.081,0.122,0.143,0.167,0.075,0.116,1.0,0.134,0.17,0.235,0.366,0.322,0.637,0.416,0.233,0.245,0.082,0.115,0.178,0.088,0.122,0.411,0.353,0.238,0.323,0.115,0.065,0.411,0.353
0.056,0.172,0.051,0.257,0.152,0.034,0.109,0.111,0.119,0.077,0.095,0.076,0.102,0.128,0.084,0.241,0.083,0.046,0.168,0.173,0.125,0.097,0.241,0.158,0.238,0.104,0.061,0.098,0.119,0.102,0.079,0.08,0.072,0.161,0.076,0.071,0.093,0.064,0.084,0.217,0.089,0.105,0.11,0.147,0.079,0.113,0.109,0.185,0.139,0.051,0.069,0.066,0.119,0.18,0.098,0.042,0.074,0.055,0.104,0.181,0.064,0.043,0.051,0.273,0.095,0.101,0.577,0.121,0.117,0.199,0.129,0.158,0.172,0.046,0.082,0.115,0.121,0.043,0.087,0.315,1.0,0.188,0.05,0.216,0.052,0.2,0.14,0.139,0.09,0.118,0.201,0.094,0.129,0.091,0.063,0.07,0.172,0.067,0.202,0.07,0.134,0.324,0.108,0.28,0.056,0.146,0.366,0.096,0.058,0.153,0.148,0.242,0.067,0.089,0.161,0.074,0.043,0.178,0.065,0.078,0.084,0.086,0.081,0.187,0.068,0.086,0.067,0.047,0.192,0.094,0.068,0.079,0.111,0.43,0.185,0.118,0.153,0.363,0.054,0.297,0.297,0.095,0.111,0.086,0.132,0.071,0.198,0.114,0.135,0.079,0.079,0.14,0.106,0.102,0.136,0.24,0.05,0.125,0.098,0.118,0.047,0.234,0.103,0.077,0.676,0.083,0.297,0.065,0.12,0.125,0.086,0.115,0.413,0.169,0.18,0.072,0.125,0.181,0.111,0.118,0.13,0.213,0.323,0.259,0.058,0.085,0.328,0.097,0.062,0.229,0.182,0.069,0.064,0.18,0.152,0.117,0.095,0.177,0.049,0.125,0.135,0.16,0.21,0.108,0.08,0.096,0.2,0.131,0.149,0.124,0.128,0.38,0.316,0.124,0.131,0.156,0.226,0.085,0.097,0.092,0.16,0.101,0.134,0.088,0.113,0.169,0.048,0.172,0.254,0.225,0.06,0.07,0.07,0.051,0.172,0.071,0.068,0.1,0.162,0.069,0.35,0.143,0.119,0.23,0.056,0.231,0.098,0.1,0.235,0.306,0.052,0.115,0.064,0.133,0.17,0.172,0.092,0.111,0.124,0.138,0.175,0.06,0.066,0.043,0.128,0.136,0.078,0.05,0.265,0.071,0.137,0.133,0.089,0.162,0.035,0.056,0.327,0.064,0.111,0.045,0.095,0.082,0.147,0.169,0.176,0.091,0.172,0.08,0.087,0.13,0.108,0.085,0.194,0.391,0.067,0.104,0.125,0.154,0.149,0.297,0.107,0.245,0.142,0.095,0.149,0.09,0.058,0.159,0.099,0.081,0.13,0.152,0.074,0.124,0.096,0.089,0.079,0.178,0.071,0.279,0.101,0.118,0.115,0.255,0.136,0.131,0.264,0.137,0.149,0.211,0.084,0.161,0.108,0.07,0.094,0.107,0.08,0.237,0.231,0.046,0.13,0.156
0.163,0.467,0.128,0.138,0.197,0.097,0.107,0.271,0.179,0.117,0.127,0.216,0.099,0.144,0.142,0.219,0.148,0.077,0.141,0.177,0.113,0.102,0.122,0.409,0.133,0.121,0.134,0.301,0.261,0.186,0.163,0.105,0.162,0.198,0.115,0.19,0.163,0.116,0.17,0.199,0.155,0.157,0.175,0.192,0.17,0.173,0.185,0.311,0.246,0.424,0.119,0.344,0.182,0.199,0.246,0.193,0.143,0.118,0.144,0.202,0.211,0.167,0.209,0.336,0.177,0.307,0.092,0.227,0.162,0.238,0.18,0.409,0.23,0.109,0.196,0.269,0.311,0.082,0.222,0.366,0.188,1.0,0.101,0.122,0.104,0.294,0.283,0.206,0.183,0.216,0.251,0.174,0.267,0.245,0.164,0.157,0.467,0.096,0.216,0.14,0.174,0.289,0.133,0.284,0.114,0.122,0.388,0.26,0.14,0.327,0.171,0.255,0.118,0.115,0.284,0.159,0.107,0.093,0.157,0.139,0.239,0.201,0.271,0.206,0.181,0.203,0.096,1.0,0.289,0.148,0.2,0.197,0.255,0.09,0.311,0.288,0.453,0.391,0.089,0.88,0.532,0.17,0.169,0.167,0.108,0.189,0.228,0.263,0.186,0.112,0.196,0.198,0.222,0.202,0.183,0.199,0.198,0.135,0.162,0.178,0.08,0.374,0.15,0.243,0.616,0.142,0.88,0.206,0.161,0.248,0.138,0.153,0.238,0.161,0.213,0.172,0.282,0.202,0.257,0.239,0.221,0.317,0.59,0.458,0.126,0.233,0.113,0.168,0.222,0.301,0.214,0.141,0.184,0.127,0.512,0.088,0.283,0.272,0.122,0.14,0.183,0.308,0.28,0.211,0.271,0.162,0.213,0.2,0.154,0.16,0.221,0.11,0.248,0.208,0.217,0.278,0.266,0.114,0.175,0.163,0.18,0.194,0.262,0.124,0.129,0.274,0.124,0.467,0.287,0.2,0.177,0.114,0.098,0.084,0.258,0.193,0.216,0.119,0.208,0.162,0.66,0.327,0.357,0.166,0.134,0.333,0.187,0.204,0.242,0.16,0.196,0.243,0.137,0.103,0.307,0.467,0.148,0.175,0.214,0.227,0.111,0.141,0.148,0.132,0.283,0.223,0.146,0.101,0.219,0.137,0.165,0.109,0.095,0.236,0.072,0.113,0.114,0.217,0.178,0.087,0.188,0.178,0.185,0.274,0.324,0.119,0.201,0.142,0.137,0.187,0.21,0.227,0.248,0.258,0.206,0.278,0.212,0.344,0.291,0.345,0.146,1.0,0.328,0.156,0.278,0.158,0.226,0.315,0.441,0.166,0.196,0.261,0.136,0.106,0.108,0.215,0.14,0.088,0.121,0.229,0.163,0.2,0.252,0.369,0.196,0.232,0.337,0.168,0.21,0.163,0.198,0.126,0.124,0.201,0.24,0.232,0.146,0.152,0.154,0.125,0.227,0.316
0.148,0.15,0.168,0.075,0.127,0.142,0.131,0.127,0.591,1.0,0.083,0.224,0.096,0.145,0.494,0.105,0.762,0.159,0.133,0.233,0.171,0.111,0.068,0.112,0.279,0.376,0.591,0.147,0.279,0.21,0.762,0.259,0.24,0.279,0.11,0.421,0.264,0.165,0.591,0.173,0.196,0.176,0.444,0.083,0.147,0.259,0.196,0.178,0.1,0.036,0.43,0.22,0.08,0.178,0.174,0.117,0.233,0.376,0.168,0.095,0.116,0.085,0.196,0.106,0.226,0.304,0.125,0.1,0.376,0.178,0.165,0.112,0.279,0.147,0.168,0.21,0.165,0.181,0.196,0.073,0.05,0.101,1.0,0.198,0.185,0.109,0.15,0.122,0.233,0.218,0.064,0.319,0.233,0.181,0.168,0.148,0.15,0.059,0.09,1.0,0.611,0.124,0.189,0.208,0.43,0.1,0.084,0.591,0.169,0.102,0.189,0.133,0.273,0.138,0.15,0.591,0.181,0.151,1.0,0.376,0.279,0.21,0.089,1.0,0.223,0.196,0.059,0.029,0.376,0.21,0.489,0.21,0.279,0.125,0.178,0.178,0.083,0.084,0.224,0.112,0.112,0.279,0.178,0.279,0.092,0.21,0.078,0.132,0.304,0.591,0.137,0.1,0.176,0.233,0.168,0.494,0.101,0.376,1.0,0.527,0.762,0.15,0.152,0.148,0.058,0.128,0.112,0.169,0.279,0.184,0.279,0.078,0.065,0.061,0.075,0.444,0.181,0.095,0.168,0.165,0.171,0.591,0.078,0.083,0.101,0.283,0.058,0.319,0.336,0.184,1.0,0.376,0.143,0.138,0.112,0.089,0.12,0.178,0.069,0.363,0.307,0.181,0.133,1.0,1.0,0.611,0.051,0.17,0.245,0.082,0.059,0.175,0.07,0.127,0.165,0.112,0.156,0.376,0.376,0.101,0.165,0.279,0.15,0.1,0.283,0.165,0.09,0.15,0.065,0.178,0.224,0.295,0.128,0.174,0.205,0.365,0.421,0.21,0.152,0.196,0.084,0.15,0.279,0.053,0.175,0.279,0.127,0.071,0.165,0.092,0.132,0.165,0.233,0.096,0.052,0.15,0.304,0.154,0.267,0.181,0.073,0.444,0.158,0.085,0.298,0.22,0.196,1.0,0.131,0.233,0.283,0.112,0.135,0.087,0.123,0.196,0.138,0.165,0.145,0.181,0.224,0.376,0.196,0.165,0.086,0.489,0.124,0.207,0.259,0.421,0.712,0.307,0.164,0.044,0.205,0.842,0.233,0.222,0.591,0.052,0.295,0.092,0.591,1.0,0.159,0.153,0.049,0.104,0.15,0.485,0.291,0.133,0.107,0.068,0.107,0.196,0.181,0.138,0.12,0.105,0.279,0.279,0.231,0.298,0.291,0.114,0.049,0.194,0.165,0.198,0.233,0.103,0.444,0.088,0.291,0.279,0.489,0.194,0.233,0.069,0.376,0.279
0.199,0.329,0.217,0.178,0.097,0.197,0.085,0.114,0.182,0.151,0.069,0.197,0.19,0.095,0.386,0.081,0.16,0.179,0.15,0.267,0.105,0.245,0.226,0.093,0.695,0.259,0.449,0.187,0.355,0.216,0.269,0.227,0.205,0.399,0.146,0.419,0.351,0.78,0.438,0.301,0.22,0.191,0.435,0.066,0.105,0.269,0.266,0.278,0.085,0.096,0.254,0.148,0.132,0.173,0.142,0.221,0.279,0.305,0.191,0.072,0.215,0.167,0.268,0.086,0.245,0.227,0.35,0.092,0.169,0.138,0.125,0.093,0.353,0.3,0.22,0.306,0.129,0.341,0.299,0.105,0.216,0.122,0.198,1.0,0.276,0.089,0.183,0.247,0.376,0.256,0.059,0.247,0.429,0.194,0.292,0.279,0.329,0.19,0.283,0.269,0.345,0.095,0.217,0.104,0.397,0.21,0.066,0.241,0.288,0.155,0.189,0.107,0.454,0.314,0.157,0.315,0.262,0.167,0.414,0.477,0.374,0.286,0.137,0.364,0.197,0.335,0.19,0.091,0.279,0.248,0.412,0.196,0.298,0.51,0.278,0.137,0.078,0.066,0.153,0.167,0.167,0.37,0.159,0.375,0.205,0.201,0.127,0.095,0.199,0.229,0.269,0.088,0.129,0.226,0.176,0.408,0.187,0.193,0.272,0.291,0.152,0.154,0.111,0.233,0.093,0.088,0.167,0.313,0.368,0.128,0.371,0.058,0.054,0.051,0.06,0.305,0.191,0.072,0.174,0.123,0.267,0.287,0.127,0.125,0.245,0.417,0.248,0.232,0.266,0.111,0.116,0.302,0.11,0.332,0.09,0.183,0.126,0.137,0.073,0.26,0.277,0.204,0.104,0.325,0.254,0.398,0.081,0.182,0.112,0.068,0.088,0.575,0.057,0.196,0.24,0.088,0.314,0.176,0.176,0.191,0.219,0.298,0.202,0.084,0.217,0.25,0.085,0.329,0.052,0.172,0.185,0.468,0.224,0.162,0.213,0.394,0.267,0.192,0.167,0.207,0.139,0.152,0.847,0.042,0.118,0.28,0.104,0.113,0.21,0.113,0.234,0.128,0.411,0.185,0.06,0.329,0.304,0.228,0.21,0.181,0.157,0.252,0.095,0.167,0.311,0.174,0.286,0.198,0.078,0.424,0.234,0.114,0.203,0.068,0.073,0.322,0.387,0.21,0.397,0.372,0.153,0.17,0.631,0.25,0.065,0.259,0.117,0.191,0.416,0.241,0.351,0.195,0.203,0.067,0.177,0.235,0.39,0.145,0.253,0.08,0.292,0.142,0.397,0.299,0.291,0.135,0.059,0.085,0.157,0.123,0.29,0.103,0.151,0.226,0.102,0.23,0.25,0.246,0.094,0.082,0.337,0.286,0.252,0.157,0.192,0.09,0.08,0.14,0.213,0.515,0.244,0.083,0.27,0.085,0.377,0.31,0.432,0.116,0.508,0.071,0.441,0.295
0.15,0.129,0.325,0.121,0.142,0.171,0.182,0.143,0.114,0.158,0.061,0.178,0.131,0.109,0.245,0.082,0.172,0.305,0.206,0.25,0.122,0.127,0.098,0.078,0.311,0.16,0.244,0.237,0.214,0.16,0.171,0.177,0.163,0.326,0.306,0.296,0.225,0.161,0.244,0.184,0.227,0.263,0.266,0.053,0.119,0.159,0.229,0.132,0.073,0.094,0.219,0.148,0.097,0.13,0.151,0.208,0.266,0.241,0.158,0.062,0.312,0.121,0.221,0.069,0.173,0.216,0.217,0.087,0.182,0.115,0.183,0.078,0.249,0.178,0.289,0.273,0.158,0.354,0.299,0.064,0.052,0.104,0.185,0.276,1.0,0.087,0.18,0.281,0.195,0.17,0.056,0.211,0.286,0.165,0.219,0.231,0.129,0.166,0.099,0.213,0.205,0.075,0.16,0.103,0.283,0.126,0.054,0.156,0.271,0.119,0.129,0.081,0.287,0.325,0.106,0.243,0.259,0.237,0.363,0.259,0.348,0.222,0.075,0.221,0.248,0.29,0.166,0.09,0.204,0.367,0.354,0.161,0.335,0.262,0.132,0.116,0.074,0.054,0.325,0.091,0.091,0.344,0.099,0.351,0.134,0.211,0.066,0.109,0.173,0.292,0.194,0.103,0.12,0.187,0.206,0.243,0.315,0.262,0.3,0.3,0.162,0.098,0.089,0.154,0.053,0.076,0.091,0.402,0.311,0.123,0.215,0.045,0.045,0.052,0.052,0.249,0.145,0.062,0.189,0.15,0.154,0.136,0.066,0.071,0.157,0.258,0.064,0.206,0.234,0.118,0.115,0.204,0.13,0.212,0.084,0.091,0.138,0.099,0.069,0.185,0.364,0.194,0.083,0.235,0.157,0.23,0.073,0.15,0.116,0.091,0.064,0.331,0.049,0.274,0.292,0.077,0.146,0.224,0.181,0.098,0.123,0.341,0.142,0.12,0.185,0.253,0.076,0.129,0.044,0.119,0.245,0.261,0.224,0.193,0.313,0.333,0.24,0.143,0.21,0.233,0.07,0.101,0.535,0.04,0.142,0.27,0.145,0.096,0.108,0.122,0.248,0.161,0.308,0.122,0.059,0.129,0.157,0.16,0.18,0.266,0.117,0.263,0.103,0.121,0.233,0.161,0.226,0.185,0.081,0.314,0.148,0.108,0.195,0.059,0.078,0.231,0.21,0.132,0.363,0.308,0.175,0.184,0.264,0.253,0.055,0.184,0.122,0.278,0.268,0.218,0.207,0.125,0.254,0.043,0.196,0.213,0.205,0.147,0.208,0.049,0.215,0.076,0.275,0.201,0.123,0.172,0.054,0.07,0.112,0.145,0.239,0.084,0.095,0.13,0.124,0.237,0.228,0.202,0.08,0.08,0.278,0.291,0.338,0.1,0.221,0.078,0.046,0.156,0.123,0.246,0.267,0.083,0.236,0.099,0.211,0.194,0.275,0.122,0.295,0.071,0.22,0.297
0.273,0.296,0.19,0.153,0.259,0.145,0.148,0.297,0.204,0.11,0.164,0.209,0.096,0.267,0.106,0.408,0.188,0.076,0.18,0.14,0.18,0.104,0.098,0.481,0.115,0.128,0.107,0.257,0.266,0.184,0.171,0.083,0.156,0.2,0.094,0.168,0.378,0.124,0.149,0.249,0.158,0.144,0.148,0.294,0.173,0.146,0.168,0.311,0.345,0.212,0.114,0.148,0.215,0.219,0.227,0.159,0.125,0.095,0.148,0.301,0.203,0.151,0.166,0.451,0.18,0.269,0.064,0.279,0.22,0.289,0.202,0.481,0.255,0.105,0.224,0.258,0.178,0.103,0.211,0.502,0.2,0.294,0.109,0.089,0.087,1.0,0.231,0.263,0.122,0.168,0.392,0.204,0.353,0.209,0.119,0.186,0.296,0.087,0.212,0.124,0.125,0.364,0.186,0.411,0.103,0.11,0.451,0.221,0.115,0.438,0.196,0.397,0.068,0.104,0.225,0.154,0.159,0.123,0.142,0.121,0.136,0.155,0.217,0.148,0.158,0.125,0.087,0.048,0.226,0.172,0.161,0.184,0.171,0.078,0.311,0.276,0.358,0.458,0.139,0.765,0.765,0.15,0.152,0.15,0.091,0.179,0.228,0.296,0.207,0.111,0.119,0.342,0.245,0.186,0.191,0.133,0.197,0.185,0.161,0.17,0.116,0.509,0.153,0.163,0.407,0.143,0.765,0.132,0.123,0.234,0.147,0.2,0.286,0.272,0.309,0.1,0.276,0.301,0.256,0.231,0.246,0.463,0.59,0.642,0.11,0.187,0.133,0.203,0.178,0.424,0.285,0.161,0.175,0.117,0.402,0.065,0.139,0.367,0.085,0.129,0.19,0.236,0.482,0.231,0.196,0.148,0.213,0.194,0.198,0.214,0.221,0.085,0.374,0.208,0.227,0.425,0.239,0.163,0.244,0.093,0.228,0.178,0.214,0.176,0.156,0.274,0.131,0.296,0.345,0.215,0.173,0.092,0.1,0.109,0.39,0.152,0.179,0.171,0.239,0.168,0.66,0.265,0.192,0.302,0.197,0.426,0.331,0.074,0.268,0.198,0.189,0.236,0.114,0.108,0.297,0.296,0.149,0.157,0.208,0.217,0.096,0.178,0.241,0.127,0.281,0.284,0.137,0.109,0.411,0.121,0.199,0.105,0.102,0.418,0.076,0.089,0.094,0.102,0.101,0.078,0.26,0.18,0.137,0.274,0.398,0.107,0.331,0.201,0.112,0.237,0.218,0.176,0.296,0.258,0.193,0.31,0.181,0.618,0.34,0.345,0.126,0.685,0.329,0.135,0.345,0.15,0.156,0.5,0.21,0.154,0.206,0.314,0.134,0.099,0.157,0.196,0.112,0.061,0.149,0.419,0.148,0.199,0.178,0.346,0.2,0.318,0.337,0.178,0.266,0.113,0.174,0.141,0.097,0.2,0.204,0.269,0.131,0.216,0.112,0.082,0.211,0.344
0.152,1.0,0.197,0.163,0.26,0.113,0.144,0.261,0.258,0.161,0.177,0.192,0.181,0.136,0.235,0.151,0.215,0.195,0.151,0.255,0.148,0.152,0.291,0.269,0.164,0.171,0.212,0.232,0.226,0.183,0.189,0.235,0.124,0.232,0.159,0.184,0.271,0.171,0.206,0.198,0.303,0.302,0.245,0.169,0.176,0.261,0.253,0.467,0.184,0.224,0.211,0.294,0.179,0.344,0.282,0.175,0.24,0.187,0.243,0.14,0.227,0.178,0.206,0.23,0.157,0.228,0.2,0.224,0.184,0.274,0.307,0.269,0.275,0.169,0.217,0.26,0.314,0.166,0.251,0.157,0.14,0.283,0.15,0.183,0.18,0.231,1.0,0.224,0.175,0.259,0.145,0.18,0.218,0.231,0.219,0.21,1.0,0.186,0.166,0.23,0.274,0.238,0.216,0.208,0.185,0.242,0.216,0.2,0.282,0.26,0.195,0.243,0.179,0.208,0.586,0.218,0.213,0.15,0.227,0.214,0.349,0.229,0.234,0.201,0.231,0.254,0.186,0.275,0.22,0.298,0.25,0.179,0.45,0.175,0.467,0.317,0.216,0.224,0.155,0.253,0.253,0.318,0.265,0.313,0.207,0.216,0.252,0.201,0.281,0.238,0.264,0.259,0.234,0.262,0.172,0.249,0.216,0.182,0.222,0.233,0.17,0.602,0.218,0.225,0.181,0.183,0.253,0.243,0.218,0.166,0.201,0.144,0.185,0.104,0.169,0.228,0.184,0.14,0.238,0.277,0.225,0.219,0.252,0.202,0.176,0.23,0.173,0.151,0.2,0.174,0.224,0.177,0.202,0.207,0.235,0.185,0.356,0.301,0.152,0.203,0.301,0.212,0.266,0.18,0.222,0.177,0.162,0.192,0.159,0.186,0.144,0.175,0.182,0.334,0.314,0.199,0.196,0.23,0.224,0.231,0.164,0.268,0.555,0.199,0.234,0.383,0.197,1.0,0.186,0.318,0.223,0.185,0.173,0.152,0.316,0.192,0.176,0.129,0.206,0.222,0.296,0.606,0.432,0.116,0.154,0.321,0.3,0.177,0.251,0.196,0.18,0.299,0.242,0.194,0.182,1.0,0.151,0.189,0.223,0.246,0.256,0.227,0.132,0.181,0.212,0.294,0.255,0.15,0.144,0.252,0.151,0.175,0.149,0.181,0.158,0.213,0.203,0.232,0.184,0.208,0.221,0.188,0.209,0.383,0.139,0.188,0.185,0.265,0.23,0.213,0.221,0.194,0.244,0.113,0.178,0.207,0.219,0.246,0.228,0.147,0.231,0.247,0.243,0.188,0.178,0.219,0.221,0.235,0.418,0.211,0.179,0.216,0.221,0.185,0.104,0.282,0.226,0.149,0.209,0.15,0.322,0.319,0.342,0.195,0.299,0.164,0.163,0.255,0.254,0.236,0.279,0.232,0.215,0.154,0.195,0.194,0.179,0.202,0.275,0.179,0.198,0.3
0.132,0.245,0.217,0.27,0.203,0.497,0.136,0.149,0.123,0.16,0.124,0.141,0.212,0.166,0.289,0.226,0.163,0.225,0.163,0.19,0.134,0.218,0.095,0.191,0.281,0.204,0.418,0.197,0.239,0.149,0.266,0.234,0.257,0.452,0.198,0.231,0.224,0.22,0.226,0.235,0.262,0.198,0.264,0.169,0.109,0.177,0.261,0.268,0.181,0.049,0.224,0.121,0.211,0.195,0.178,0.157,0.252,0.21,0.171,0.26,0.258,0.414,0.236,0.328,0.261,0.222,0.157,0.124,0.234,0.198,0.167,0.191,0.316,0.191,0.191,0.321,0.151,0.228,0.21,0.304,0.139,0.206,0.122,0.247,0.281,0.263,0.224,1.0,0.182,0.181,0.151,0.411,0.301,0.167,0.194,0.186,0.245,0.159,0.2,0.226,0.199,0.22,0.171,0.305,0.378,0.193,0.302,0.205,0.212,0.178,0.174,0.235,0.279,0.224,0.153,0.249,0.204,0.118,0.298,0.256,0.332,0.243,0.123,0.227,0.152,0.267,0.159,0.042,0.326,0.363,0.413,0.138,0.307,0.178,0.268,0.152,0.169,0.304,0.188,0.432,0.432,0.305,0.147,0.262,0.316,0.176,0.203,0.173,0.242,0.278,0.151,0.164,0.167,0.192,0.236,0.207,0.227,0.253,0.312,0.293,0.252,0.258,0.134,0.141,0.329,0.119,0.432,0.233,0.215,0.151,0.195,0.154,0.209,0.134,0.215,0.199,0.188,0.26,0.178,0.147,0.261,0.217,0.475,0.375,0.22,0.271,0.07,0.39,0.156,0.237,0.183,0.194,0.103,0.132,0.186,0.075,0.156,0.244,0.065,0.171,0.263,0.249,0.264,0.495,0.143,0.224,0.195,0.2,0.166,0.111,0.205,0.22,0.26,0.183,0.316,0.195,0.261,0.173,0.192,0.11,0.226,0.302,0.447,0.112,0.194,0.24,0.061,0.245,0.228,0.192,0.188,0.248,0.426,0.225,0.335,0.319,0.205,0.176,0.228,0.19,0.525,0.146,0.548,0.179,0.1,0.433,0.124,0.089,0.209,0.212,0.155,0.149,0.234,0.202,0.144,0.245,0.283,0.168,0.236,0.228,0.129,0.217,0.108,0.414,0.248,0.217,0.22,0.122,0.218,0.307,0.237,0.131,0.179,0.197,0.059,0.221,0.16,0.133,0.27,0.258,0.138,0.122,0.33,0.24,0.194,0.224,0.2,0.207,0.309,0.184,0.279,0.14,0.33,0.373,0.129,0.218,0.229,0.225,0.276,0.283,0.224,0.375,0.312,0.186,0.221,0.114,0.051,0.207,0.117,0.115,0.272,0.176,0.16,0.127,0.133,0.191,0.205,0.1,0.1,0.234,0.26,0.278,0.3,0.26,0.198,0.187,0.27,0.152,0.256,0.23,0.245,0.121,0.249,0.107,0.204,0.228,0.332,0.186,0.246,0.057,0.28,0.362
0.231,0.296,0.189,0.151,0.116,0.129,0.165,0.161,0.175,0.119,0.118,0.233,0.127,0.164,0.265,0.112,0.168,0.134,0.138,0.291,0.132,0.169,0.115,0.14,0.356,0.198,0.306,0.269,0.34,0.201,0.326,0.142,0.149,0.295,0.14,0.46,0.383,0.34,0.354,0.245,0.19,0.203,0.344,0.116,0.215,0.239,0.231,0.323,0.115,0.465,0.197,0.25,0.168,0.156,0.235,0.263,0.23,0.277,0.224,0.099,0.205,0.118,0.285,0.17,0.242,0.296,0.149,0.145,0.185,0.158,0.129,0.14,0.282,0.297,0.206,0.266,0.153,0.263,0.248,0.246,0.09,0.183,0.233,0.376,0.195,0.122,0.175,0.182,1.0,0.227,0.088,0.236,0.312,0.245,0.229,0.196,0.296,0.63,0.197,0.239,0.304,0.121,0.176,0.136,0.254,0.141,0.127,0.289,0.234,0.171,0.195,0.136,0.313,0.257,0.154,0.258,0.192,0.121,0.346,0.355,0.314,0.264,0.213,0.32,0.214,0.394,0.63,0.136,0.281,0.212,0.298,0.233,0.256,0.181,0.323,0.172,0.153,0.096,0.153,0.341,0.341,0.299,0.167,0.332,0.136,0.228,0.21,0.167,0.213,0.196,0.225,0.132,0.216,0.309,0.179,0.294,0.187,0.169,0.248,0.234,0.128,0.16,0.157,0.233,0.259,0.151,0.341,0.245,0.299,0.202,0.311,0.079,0.085,0.071,0.087,0.276,0.22,0.099,0.224,0.176,0.217,0.238,0.347,0.313,0.145,0.379,0.118,0.237,0.309,0.138,0.131,0.312,0.185,0.172,0.149,0.233,0.194,0.169,0.145,0.234,0.26,0.31,0.131,0.28,0.356,0.364,0.309,0.27,0.138,0.099,0.234,0.235,0.088,0.235,0.21,0.176,0.24,0.182,0.218,0.179,0.154,0.272,0.166,0.091,0.224,0.291,0.12,0.296,0.076,0.16,0.18,0.319,0.156,0.15,0.195,0.314,0.289,0.195,0.205,0.206,0.378,0.176,0.915,0.062,0.159,0.272,0.123,0.095,0.199,0.139,0.226,0.163,0.354,0.128,0.096,0.296,0.297,0.221,0.252,0.188,0.114,0.232,0.129,0.107,0.335,0.202,0.228,0.233,0.102,0.298,0.181,0.136,0.226,0.094,0.198,0.241,0.205,0.158,0.484,0.278,0.155,0.187,0.37,0.291,0.09,0.217,0.139,0.227,0.287,0.249,0.321,0.267,0.208,0.19,0.262,0.292,0.295,0.19,0.279,0.227,0.313,0.305,0.303,0.418,0.246,0.168,0.09,0.126,0.284,0.182,0.259,0.127,0.131,0.248,0.111,0.228,0.207,0.139,0.118,0.117,0.305,0.26,0.251,0.198,0.266,0.139,0.223,0.146,0.194,0.276,0.289,0.12,0.227,0.141,0.334,0.365,0.333,0.204,0.281,0.141,0.367,0.274
0.287,0.467,0.208,0.215,0.305,0.134,0.107,0.325,0.282,0.151,0.116,0.278,0.196,0.106,0.278,0.142,0.197,0.102,0.143,0.248,0.168,0.204,0.181,0.191,0.228,0.229,0.3,0.36,0.341,0.272,0.27,0.205,0.205,0.279,0.172,0.349,0.366,0.231,0.261,0.22,0.23,0.204,0.346,0.154,0.156,0.359,0.238,0.294,0.237,0.248,0.234,0.192,0.197,0.23,0.232,0.194,0.211,0.27,0.172,0.132,0.197,0.133,0.292,0.205,0.211,0.272,0.125,0.358,0.168,0.222,0.18,0.191,0.307,0.239,0.223,0.255,0.205,0.186,0.327,0.228,0.118,0.216,0.218,0.256,0.17,0.168,0.259,0.181,0.227,1.0,0.151,0.225,0.336,0.181,0.329,0.19,0.467,0.14,0.207,0.253,0.478,0.197,0.169,0.172,0.234,0.2,0.162,0.271,0.267,0.241,0.195,0.184,0.194,0.164,0.259,0.307,0.135,0.115,0.276,0.316,0.277,0.288,0.442,0.226,0.288,0.294,0.14,0.281,0.297,0.205,0.278,0.281,0.31,0.148,0.294,0.264,0.196,0.161,0.186,0.334,0.334,0.336,0.229,0.268,0.205,0.315,0.206,0.38,0.245,0.167,0.309,0.274,0.251,0.22,0.173,0.381,0.182,0.216,0.249,0.221,0.12,0.278,0.169,0.299,0.239,0.133,0.334,0.29,0.285,0.247,0.309,0.258,0.132,0.123,0.177,0.4,0.206,0.132,0.232,0.187,0.335,0.222,0.341,0.303,0.178,0.452,0.174,0.242,0.311,0.145,0.158,0.339,0.157,0.194,0.193,0.118,0.187,0.213,0.106,0.18,0.23,0.248,0.19,0.252,0.352,0.269,0.198,0.185,0.138,0.142,0.311,0.174,0.139,0.21,0.233,0.176,0.254,0.209,0.283,0.242,0.15,0.34,0.252,0.135,0.219,0.265,0.108,0.467,0.125,0.226,0.227,0.34,0.194,0.116,0.215,0.344,0.269,0.192,0.252,0.296,0.377,0.272,0.756,0.094,0.277,0.289,0.184,0.163,0.411,0.174,0.28,0.203,0.271,0.194,0.159,0.467,0.237,0.286,0.228,0.188,0.184,0.211,0.14,0.13,0.401,0.224,0.296,0.218,0.139,0.292,0.192,0.218,0.174,0.186,0.076,0.377,0.185,0.169,0.342,0.184,0.241,0.218,0.307,0.265,0.155,0.22,0.18,0.19,0.267,0.247,0.289,0.241,0.242,0.169,0.215,0.268,0.281,0.226,0.237,0.206,0.256,0.292,0.289,0.235,0.33,0.29,0.123,0.205,0.268,0.137,0.261,0.17,0.161,0.306,0.131,0.242,0.196,0.132,0.155,0.147,0.271,0.302,0.271,0.211,0.212,0.256,0.199,0.236,0.221,0.304,0.22,0.118,0.264,0.13,0.34,0.305,0.281,0.141,0.294,0.101,0.382,0.364
0.138,0.176,0.279,0.18,0.182,0.097,0.161,0.298,0.241,0.138,0.114,0.301,0.072,0.182,0.071,0.314,0.121,0.043,0.16,0.146,0.176,0.073,0.078,0.49,0.073,0.091,0.063,0.338,0.213,0.293,0.116,0.058,0.127,0.143,0.068,0.165,0.135,0.077,0.088,0.198,0.123,0.091,0.1,0.237,0.184,0.092,0.107,0.196,0.344,0.44,0.074,0.167,0.135,0.148,0.226,0.237,0.071,0.055,0.137,0.225,0.176,0.236,0.198,0.301,0.22,0.291,0.05,0.31,0.134,0.257,0.14,0.49,0.204,0.077,0.256,0.19,0.148,0.046,0.274,0.441,0.201,0.251,0.064,0.059,0.056,0.392,0.145,0.151,0.088,0.151,1.0,0.118,0.214,0.169,0.139,0.136,0.176,0.063,0.179,0.075,0.092,0.41,0.132,0.284,0.061,0.086,0.268,0.264,0.064,0.409,0.107,0.306,0.044,0.063,0.156,0.099,0.235,0.105,0.086,0.076,0.085,0.177,0.206,0.092,0.214,0.072,0.063,0.082,0.143,0.143,0.149,0.21,0.162,0.054,0.196,0.288,0.484,0.268,0.071,0.637,0.415,0.093,0.106,0.09,0.07,0.159,0.259,0.318,0.173,0.065,0.094,0.261,0.182,0.161,0.187,0.145,0.176,0.159,0.122,0.155,0.057,0.296,0.112,0.223,0.408,0.1,0.637,0.142,0.099,0.278,0.089,0.142,0.327,0.28,0.196,0.077,0.29,0.225,0.309,0.251,0.146,0.278,0.349,0.445,0.085,0.171,0.188,0.116,0.243,0.567,0.448,0.113,0.208,0.09,0.416,0.046,0.129,0.22,0.076,0.076,0.127,0.164,0.275,0.145,0.227,0.142,0.309,0.117,0.191,0.303,0.206,0.051,0.268,0.138,0.15,0.304,0.276,0.095,0.159,0.073,0.136,0.144,0.137,0.144,0.089,0.181,0.111,0.176,0.202,0.179,0.376,0.061,0.088,0.059,0.222,0.153,0.212,0.245,0.222,0.22,0.377,0.302,0.13,0.306,0.132,0.247,0.265,0.08,0.384,0.237,0.245,0.267,0.067,0.08,0.34,0.176,0.098,0.2,0.149,0.333,0.076,0.1,0.21,0.163,0.221,0.179,0.087,0.064,0.329,0.073,0.106,0.08,0.059,0.316,0.042,0.059,0.073,0.108,0.058,0.047,0.412,0.199,0.098,0.181,0.402,0.065,0.241,0.099,0.066,0.304,0.135,0.155,0.184,0.306,0.25,0.271,0.177,0.475,0.228,0.381,0.081,0.526,0.248,0.139,0.274,0.133,0.246,0.322,0.225,0.183,0.193,0.324,0.083,0.073,0.145,0.201,0.084,0.046,0.11,0.336,0.095,0.168,0.184,0.216,0.172,0.253,0.357,0.149,0.176,0.133,0.193,0.141,0.065,0.163,0.186,0.186,0.105,0.184,0.068,0.07,0.177,0.32
0.648,0.38,0.225,0.305,0.173,0.406,0.166,0.178,0.217,0.211,0.194,0.214,0.204,0.264,0.28,0.188,0.241,0.134,0.183,0.223,0.158,0.257,0.087,0.196,0.271,0.317,0.436,0.184,0.259,0.203,0.612,0.219,0.447,0.356,0.124,0.264,0.785,0.26,0.264,0.238,0.23,0.265,0.262,0.138,0.196,0.246,0.202,0.428,0.154,0.164,0.2,0.181,0.189,0.215,0.241,0.199,0.204,0.269,0.164,0.225,0.198,0.297,0.274,0.216,0.338,0.3,0.11,0.168,0.341,0.224,0.192,0.196,0.262,0.212,0.207,0.251,0.18,0.202,0.268,0.304,0.094,0.174,0.319,0.247,0.211,0.204,0.18,0.411,0.236,0.225,0.118,1.0,0.321,0.18,0.187,0.243,0.38,0.149,0.167,0.226,0.198,0.172,0.212,0.226,0.308,0.165,0.169,0.309,0.18,0.172,0.193,0.309,0.238,0.208,0.162,0.23,0.187,0.195,0.3,0.384,0.254,0.264,0.589,0.277,0.244,0.206,0.149,0.082,0.345,0.219,0.336,0.187,0.245,0.133,0.428,0.265,0.154,0.17,0.266,0.432,0.432,0.259,0.208,0.314,0.247,0.258,0.203,0.22,0.353,0.19,0.174,0.169,0.256,0.237,0.169,0.228,0.185,0.316,0.226,0.244,0.239,0.2,0.156,0.197,0.329,0.134,0.432,0.232,0.31,0.216,0.243,0.112,0.128,0.131,0.136,0.273,0.253,0.225,0.181,0.183,0.222,0.294,0.475,0.375,0.219,0.363,0.096,0.91,0.31,0.203,0.198,0.296,0.253,0.206,0.176,0.105,0.129,0.354,0.082,0.193,0.27,0.32,0.308,0.595,0.265,0.297,0.195,0.194,0.19,0.121,0.26,0.173,0.152,0.3,0.219,0.169,0.325,0.331,0.289,0.138,0.194,0.257,0.302,0.133,0.243,0.373,0.12,0.38,0.129,0.219,0.206,0.26,0.27,0.307,0.337,0.366,0.351,0.196,0.226,0.194,0.525,0.174,0.392,0.103,0.216,0.3,0.169,0.086,0.212,0.147,0.196,0.188,0.285,0.243,0.121,0.38,0.448,0.187,0.27,0.166,0.105,0.216,0.198,0.288,0.32,0.254,0.202,0.319,0.158,0.217,0.284,0.121,0.204,0.19,0.099,0.223,0.164,0.167,0.22,0.187,0.242,0.333,0.303,0.373,0.151,0.228,0.191,0.271,0.242,0.282,0.341,0.224,0.245,0.373,0.19,0.294,0.218,0.232,0.265,0.283,0.204,0.375,0.275,0.324,0.232,0.205,0.081,0.201,0.206,0.216,0.349,0.173,0.164,0.173,0.17,0.232,0.189,0.135,0.172,0.194,0.244,0.304,0.299,0.265,0.278,0.208,0.27,0.222,0.226,0.196,0.208,0.115,0.211,0.115,0.277,0.283,0.401,0.259,0.204,0.077,0.316,0.272
0.577,0.296,0.267,0.22,0.19,0.273,0.165,0.244,0.207,0.189,0.134,0.338,0.191,0.232,0.321,0.296,0.248,0.154,0.204,0.276,0.203,0.234,0.108,0.304,0.395,0.25,0.373,0.317,0.488,0.355,0.334,0.228,0.302,0.363,0.156,0.483,0.539,0.262,0.375,0.374,0.289,0.224,0.521,0.29,0.276,0.312,0.346,0.311,0.332,0.291,0.255,0.216,0.311,0.215,0.418,0.298,0.301,0.262,0.244,0.209,0.344,0.238,0.323,0.34,0.325,0.398,0.13,0.294,0.224,0.259,0.182,0.304,0.33,0.35,0.248,0.531,0.175,0.35,0.464,0.637,0.129,0.267,0.233,0.429,0.286,0.353,0.218,0.301,0.312,0.336,0.214,0.321,1.0,0.266,0.372,0.294,0.296,0.226,0.21,0.316,0.276,0.248,0.207,0.272,0.409,0.155,0.28,0.346,0.295,0.299,0.207,0.327,0.374,0.273,0.186,0.349,0.203,0.127,0.433,0.403,0.36,0.376,0.357,0.302,0.311,0.37,0.226,0.076,0.331,0.436,0.448,0.346,0.297,0.219,0.311,0.285,0.31,0.249,0.21,0.765,1.0,0.399,0.217,0.4,0.172,0.354,0.23,0.283,0.266,0.238,0.28,0.25,0.324,0.374,0.231,0.445,0.28,0.283,0.349,0.452,0.205,0.35,0.193,0.282,0.407,0.161,0.765,0.38,0.344,0.341,0.36,0.15,0.175,0.231,0.25,0.322,0.368,0.209,0.298,0.234,0.415,0.449,0.59,0.82,0.292,0.479,0.164,0.33,0.314,0.286,0.22,0.474,0.197,0.256,0.292,0.121,0.15,0.352,0.114,0.25,0.258,0.341,0.353,0.363,0.362,0.399,0.279,0.267,0.22,0.189,0.799,0.325,0.216,0.227,0.319,0.389,0.343,0.204,0.28,0.179,0.202,0.459,0.224,0.217,0.237,0.281,0.172,0.296,0.187,0.215,0.251,0.42,0.235,0.23,0.362,0.402,0.387,0.291,0.41,0.403,0.66,0.288,0.915,0.202,0.254,0.399,0.189,0.102,0.24,0.173,0.353,0.272,0.427,0.179,0.191,0.296,0.312,0.359,0.395,0.284,0.116,0.256,0.305,0.193,0.47,0.291,0.34,0.233,0.297,0.458,0.237,0.193,0.19,0.291,0.107,0.331,0.242,0.156,0.484,0.294,0.252,0.248,0.464,0.281,0.253,0.218,0.345,0.284,0.403,0.321,0.478,0.323,0.297,0.258,0.297,0.371,0.427,0.355,0.421,0.345,0.313,0.685,0.509,0.334,0.569,0.263,0.197,0.33,0.236,0.216,0.384,0.223,0.165,0.248,0.347,0.383,0.255,0.165,0.2,0.319,0.321,0.346,0.39,0.321,0.252,0.539,0.337,0.225,0.269,0.374,0.277,0.147,0.256,0.252,0.455,0.439,0.441,0.228,0.349,0.114,0.517,0.465
0.176,0.329,0.149,0.12,0.23,0.099,0.224,0.266,0.164,0.101,0.12,0.235,0.1,0.124,0.22,0.172,0.156,0.133,0.156,0.371,0.115,0.106,0.092,0.286,0.206,0.135,0.155,0.227,0.257,0.224,0.223,0.094,0.129,0.237,0.119,0.305,0.218,0.139,0.21,0.199,0.152,0.231,0.209,0.177,0.259,0.185,0.25,0.311,0.205,0.293,0.131,0.198,0.143,0.186,0.259,0.157,0.166,0.196,0.157,0.145,0.196,0.09,0.229,0.289,0.212,0.276,0.141,0.232,0.161,0.201,0.242,0.286,0.272,0.134,0.179,0.3,0.21,0.242,0.281,0.411,0.091,0.245,0.181,0.194,0.165,0.209,0.231,0.167,0.245,0.181,0.169,0.18,0.266,1.0,0.157,0.153,0.329,0.12,0.148,0.164,0.192,0.231,0.121,0.189,0.125,0.108,0.179,0.263,0.178,0.26,0.161,0.213,0.322,0.145,0.209,0.18,0.18,0.111,0.206,0.186,0.251,0.309,0.303,0.229,0.155,0.193,0.12,0.063,0.243,0.179,0.227,0.176,0.195,0.116,0.311,0.228,0.225,0.182,0.099,1.0,0.605,0.258,0.207,0.25,0.093,0.209,0.23,0.176,0.191,0.153,0.141,0.303,0.251,0.315,0.196,0.202,0.172,0.143,0.225,0.223,0.081,0.272,0.253,0.188,0.344,0.294,1.0,0.193,0.207,0.234,0.205,0.115,0.13,0.111,0.142,0.147,0.356,0.145,0.254,0.229,0.213,0.303,0.484,0.514,0.092,0.275,0.079,0.174,0.212,0.246,0.188,0.172,0.127,0.1,0.244,0.441,0.151,0.232,0.366,0.206,0.237,0.368,0.217,0.208,0.247,0.241,0.213,0.322,0.219,0.184,0.221,0.167,0.168,0.726,0.29,0.25,0.29,0.147,0.249,0.098,0.113,0.199,0.207,0.194,0.165,0.639,0.266,0.329,0.153,0.19,0.16,0.174,0.095,0.085,0.267,0.256,0.237,0.122,0.27,0.147,0.531,0.226,0.545,0.108,0.132,0.262,0.282,0.073,0.246,0.133,0.177,0.261,0.275,0.101,0.132,0.329,0.158,0.196,0.198,0.212,0.089,0.185,0.104,0.082,0.282,0.207,0.209,0.181,0.17,0.173,0.179,0.161,0.241,0.191,0.492,0.115,0.101,0.102,0.311,0.212,0.221,0.153,0.257,0.639,0.22,0.164,0.179,0.252,0.183,0.233,0.34,0.227,0.279,0.229,0.245,0.293,0.201,0.264,0.249,0.299,0.16,0.88,0.368,0.235,0.25,0.224,0.094,0.223,0.233,0.211,0.199,0.23,0.123,0.129,0.088,0.286,0.358,0.098,0.118,0.185,0.175,0.208,0.217,0.295,0.235,0.209,0.288,0.221,0.27,0.182,0.171,0.16,0.117,0.077,0.272,0.278,0.225,0.169,0.229,0.296,0.277,0.322
0.265,0.269,0.25,0.194,0.109,0.176,0.074,0.254,0.179,0.2,0.075,0.366,0.185,0.09,0.252,0.091,0.21,0.158,0.149,0.219,0.09,0.28,0.109,0.234,0.209,0.27,0.288,0.304,0.384,0.185,0.206,0.241,0.173,0.274,0.134,0.325,0.345,0.214,0.255,0.259,0.237,0.19,0.38,0.068,0.242,0.413,0.199,0.206,0.133,0.583,0.311,0.225,0.201,0.178,0.335,0.348,0.205,0.196,0.129,0.079,0.339,0.259,0.42,0.092,0.23,0.356,0.145,0.229,0.128,0.151,0.146,0.234,0.297,0.248,0.325,0.274,0.159,0.445,0.275,0.08,0.063,0.164,0.168,0.292,0.219,0.119,0.219,0.194,0.229,0.329,0.139,0.187,0.372,0.157,1.0,0.282,0.269,0.154,0.186,0.241,0.353,0.105,0.185,0.083,0.342,0.181,0.071,0.319,0.397,0.237,0.189,0.113,0.367,0.232,0.178,0.533,0.207,0.089,0.368,0.356,0.353,0.407,0.427,0.237,0.49,0.346,0.154,0.13,0.183,0.3,0.355,0.378,0.269,0.143,0.206,0.305,0.257,0.071,0.16,0.123,0.123,0.435,0.26,0.325,0.126,0.332,0.087,0.222,0.187,0.204,0.418,0.133,0.216,0.282,0.198,0.338,0.315,0.193,0.323,0.269,0.125,0.176,0.128,0.395,0.067,0.086,0.123,0.305,0.23,0.268,0.444,0.059,0.055,0.103,0.064,0.35,0.219,0.079,0.381,0.265,0.542,0.175,0.087,0.091,0.254,0.369,0.174,0.18,0.342,0.092,0.103,0.328,0.21,0.164,0.21,0.085,0.122,0.149,0.079,0.15,0.206,0.197,0.118,0.254,0.344,0.312,0.565,0.119,0.081,0.193,0.445,0.195,0.06,0.14,0.249,0.202,0.177,0.139,0.171,0.31,0.154,0.312,0.177,0.138,0.234,0.185,0.105,0.269,0.054,0.167,0.299,0.316,0.231,0.147,0.234,0.331,0.353,0.174,0.226,0.286,0.093,0.343,0.69,0.045,0.13,0.205,0.183,0.115,0.2,0.094,0.339,0.309,0.37,0.193,0.135,0.269,0.266,0.623,0.341,0.318,0.105,0.234,0.205,0.196,0.23,0.181,0.618,0.168,0.076,0.419,0.154,0.112,0.203,0.162,0.058,0.413,0.194,0.172,0.438,0.442,0.223,0.232,0.346,0.185,0.119,0.2,0.143,0.225,0.397,0.221,0.255,0.247,0.175,0.052,0.346,0.312,0.347,0.197,0.257,0.061,0.334,0.101,0.359,0.292,0.273,0.158,0.286,0.186,0.268,0.216,0.288,0.108,0.164,0.173,0.161,0.327,0.201,0.099,0.156,0.09,0.273,0.294,0.312,0.106,0.165,0.248,0.059,0.142,0.163,0.527,0.299,0.096,0.205,0.137,0.283,0.246,0.343,0.095,0.398,0.076,0.315,0.245
0.624,0.239,0.322,0.156,0.131,0.235,0.132,0.219,0.21,0.159,0.089,0.228,0.17,0.121,0.265,0.111,0.343,0.189,0.178,0.186,0.141,0.154,0.103,0.208,0.185,0.17,0.193,0.238,0.246,0.15,0.216,0.186,0.239,0.359,0.146,0.232,0.634,0.572,0.255,0.206,0.276,0.218,0.301,0.086,0.196,0.216,0.234,0.278,0.132,0.353,0.266,0.195,0.108,0.232,0.273,0.285,0.267,0.173,0.16,0.092,0.41,0.185,0.304,0.116,0.171,0.254,0.162,0.211,0.163,0.161,0.167,0.208,0.426,0.188,0.297,0.222,0.164,0.219,0.254,0.105,0.07,0.157,0.148,0.279,0.231,0.186,0.21,0.186,0.196,0.19,0.136,0.243,0.294,0.153,0.282,1.0,0.239,0.104,0.484,0.213,0.173,0.125,0.483,0.119,0.213,0.194,0.095,0.224,0.203,0.192,0.2,0.137,0.41,0.219,0.163,0.262,0.238,0.106,0.299,0.242,0.315,0.277,0.3,0.255,0.259,0.236,0.104,0.075,0.17,0.35,0.317,0.214,0.355,0.154,0.278,0.376,0.174,0.095,0.215,0.167,0.167,0.285,0.155,0.303,0.127,0.273,0.127,0.293,0.21,0.309,0.203,0.136,0.226,0.202,0.162,0.297,0.386,0.187,0.253,0.318,0.141,0.168,0.137,0.222,0.093,0.095,0.167,0.352,0.225,0.279,0.32,0.072,0.079,0.131,0.084,0.172,0.161,0.092,0.236,0.239,0.202,0.204,0.127,0.125,0.193,0.346,0.254,0.234,0.283,0.132,0.134,0.232,0.221,0.179,0.193,0.094,0.129,0.172,0.097,0.164,0.275,0.207,0.144,0.251,0.273,0.227,0.194,0.14,0.112,0.158,0.222,0.22,0.082,0.196,0.288,0.174,0.166,0.193,0.189,0.171,0.355,0.305,0.16,0.138,0.236,0.25,0.302,0.239,0.077,0.21,0.277,0.249,0.178,0.189,0.228,0.237,0.293,0.122,0.196,0.239,0.139,0.235,0.534,0.06,0.168,0.252,0.173,0.1,0.196,0.135,0.224,0.23,0.284,0.181,0.126,0.239,0.181,0.216,0.216,0.242,0.148,0.258,0.216,0.144,0.212,0.174,0.239,0.148,0.095,0.289,0.141,0.107,0.181,0.182,0.076,0.188,0.15,0.265,0.25,0.278,0.248,0.268,0.248,0.25,0.133,0.189,0.16,0.293,0.287,0.273,0.207,0.189,0.234,0.067,0.235,0.266,0.215,0.204,0.254,0.08,0.23,0.142,0.283,0.209,0.232,0.186,0.167,0.192,0.24,0.229,0.259,0.12,0.186,0.217,0.217,0.288,0.195,0.095,0.18,0.109,0.312,0.334,0.31,0.166,0.191,0.185,0.08,0.164,0.274,0.322,0.297,0.102,0.18,0.152,0.235,0.206,0.274,0.142,0.258,0.09,0.243,0.3
0.129,1.0,0.15,0.228,0.334,0.116,0.183,0.334,0.467,0.185,0.228,0.383,0.269,0.135,0.38,0.189,0.248,0.112,0.196,0.334,0.157,0.269,0.383,0.38,0.232,0.269,0.467,0.269,0.253,0.275,0.467,0.329,0.153,0.242,0.148,0.258,0.199,0.156,0.306,0.329,0.301,0.383,0.315,0.202,0.279,0.467,0.284,0.467,0.258,0.224,0.171,0.329,0.232,0.467,0.301,0.205,0.218,0.296,0.296,0.183,0.265,0.269,0.296,0.329,0.329,0.277,0.271,0.38,0.207,0.467,0.383,0.38,0.296,0.221,0.232,0.253,0.383,0.168,0.383,0.157,0.172,0.467,0.15,0.329,0.129,0.296,1.0,0.245,0.296,0.467,0.176,0.38,0.296,0.329,0.269,0.239,1.0,0.186,0.239,0.329,0.467,0.317,0.239,0.252,0.169,0.38,0.296,0.38,0.38,0.334,0.269,0.38,0.07,0.285,1.0,0.306,0.296,0.208,0.214,0.38,0.467,0.334,0.234,0.329,0.234,0.329,0.186,0.275,0.329,0.151,0.232,0.253,0.467,0.26,0.467,0.467,0.329,0.296,0.15,0.253,0.253,0.292,0.467,0.38,0.284,0.301,0.252,0.256,0.467,0.15,0.34,0.334,0.334,0.301,0.19,0.329,0.265,0.207,0.151,0.209,0.199,1.0,0.315,0.34,0.181,0.226,0.253,0.38,0.63,0.269,0.292,0.252,0.229,0.12,0.228,0.38,0.253,0.183,0.38,0.383,0.296,0.38,0.252,0.202,0.279,0.383,0.26,0.245,0.38,0.209,0.329,0.329,0.306,0.383,0.296,0.224,0.329,0.467,0.194,0.329,0.38,0.334,0.38,0.265,0.63,0.38,0.162,0.252,0.232,0.279,0.144,0.271,0.246,0.334,0.383,0.253,0.383,0.207,0.275,0.329,0.156,0.218,1.0,0.301,0.228,0.383,0.329,1.0,0.229,0.467,0.232,0.329,0.172,0.171,0.38,0.383,0.329,0.134,0.315,0.214,0.296,1.0,0.204,0.147,0.258,0.296,0.383,0.228,0.383,0.25,0.274,0.383,0.296,0.269,0.252,1.0,0.265,0.205,0.467,0.269,0.38,0.277,0.139,0.274,0.3,0.467,0.292,0.15,0.202,0.209,0.275,0.253,0.269,0.22,0.252,0.229,0.334,0.275,0.147,0.205,0.383,0.207,0.329,0.383,0.217,0.334,0.317,0.296,0.269,0.296,0.38,0.467,0.329,0.113,0.334,0.329,0.266,0.306,0.296,0.147,0.38,0.247,0.296,0.269,0.296,0.334,0.284,0.329,1.0,0.279,0.334,0.38,0.315,0.185,0.111,0.334,0.315,0.383,0.301,0.189,0.301,0.334,0.467,0.296,0.34,0.253,0.163,0.383,0.315,0.269,0.209,0.214,0.38,0.199,0.38,0.296,0.209,0.229,0.334,0.261,0.329,0.258
0.064,0.186,0.154,0.316,0.139,0.052,0.055,0.139,0.205,0.059,0.086,0.19,0.245,0.062,0.213,0.101,0.133,0.094,0.07,0.226,0.064,0.245,0.187,0.12,0.272,0.245,0.272,0.186,0.272,0.132,0.213,0.113,0.098,0.272,0.186,0.248,0.104,0.073,1.0,0.164,0.19,0.239,0.316,0.086,0.097,0.245,0.292,0.205,0.114,0.037,0.197,0.116,0.076,0.245,0.114,0.105,0.226,0.272,0.161,0.099,0.143,0.042,0.19,0.113,0.099,0.14,0.097,0.114,0.107,0.205,0.187,0.12,0.272,0.14,0.154,0.194,0.187,0.11,0.19,0.073,0.067,0.096,0.059,0.19,0.166,0.087,0.186,0.159,0.63,0.14,0.063,0.149,0.226,0.12,0.154,0.104,0.186,1.0,0.172,0.193,0.244,0.136,0.095,0.08,0.197,0.332,0.087,0.169,0.146,0.261,0.245,0.149,0.086,0.11,0.186,0.19,0.11,0.092,0.254,0.272,0.272,0.194,0.093,0.206,0.102,0.201,1.0,0.029,0.226,0.194,0.272,0.19,0.272,0.224,0.205,0.205,0.086,0.087,0.186,0.12,0.12,0.272,0.205,0.272,0.169,0.264,0.08,0.08,0.205,0.224,0.151,0.107,1.0,1.0,0.154,0.226,0.143,0.107,0.194,0.226,0.07,0.186,0.169,0.151,0.056,0.104,0.12,0.161,0.272,0.071,0.272,0.08,0.064,0.06,0.076,1.0,0.12,0.099,0.154,0.187,0.14,0.149,0.08,0.086,0.085,0.272,0.09,0.107,0.319,0.072,0.112,0.203,0.069,0.187,0.12,0.277,0.099,0.205,0.063,0.203,0.245,0.15,0.149,0.197,0.205,1.0,0.048,0.224,0.066,0.085,0.057,0.166,0.071,0.139,0.187,0.12,0.187,0.107,0.109,0.069,0.073,0.272,0.186,0.114,0.316,0.187,0.053,0.186,0.064,0.245,0.127,0.275,0.18,0.077,0.149,0.248,0.27,0.054,0.202,0.19,0.087,0.186,0.272,0.05,0.106,0.272,0.139,0.173,0.187,0.256,0.186,0.187,0.226,0.245,0.049,0.186,0.162,0.146,0.205,0.11,0.316,0.197,0.053,0.042,0.272,0.205,0.19,0.059,0.086,0.226,0.077,0.213,0.245,0.09,0.041,0.19,0.139,0.073,0.11,0.11,0.187,0.107,0.255,0.187,0.089,0.264,0.136,0.13,0.245,0.19,0.396,0.172,0.245,0.041,0.296,0.134,0.226,0.088,0.199,0.049,0.245,0.096,0.199,1.0,0.14,0.139,0.053,0.112,0.186,0.085,0.139,0.149,0.107,0.164,0.116,0.19,0.169,0.187,0.107,0.101,0.416,0.272,0.194,0.13,0.151,0.12,0.046,0.187,0.169,0.16,0.226,0.109,0.308,0.043,0.272,0.272,0.272,0.076,0.226,0.052,0.245,0.272
0.091,0.239,0.107,0.297,0.189,0.078,0.123,0.159,0.165,0.094,0.127,0.135,0.226,0.148,0.377,0.235,0.152,0.094,0.158,0.179,0.104,0.225,0.13,0.19,0.15,0.224,0.146,0.155,0.22,0.131,0.135,0.181,0.1,0.435,0.115,0.163,0.143,0.572,0.32,0.267,0.167,0.158,0.348,0.18,0.114,0.252,0.194,0.278,0.169,0.055,0.236,0.121,0.171,0.296,0.144,0.086,0.17,0.135,0.157,0.202,0.123,0.072,0.1,0.294,0.148,0.172,0.11,0.147,0.145,0.253,0.185,0.19,0.526,0.115,0.106,0.184,0.175,0.154,0.162,0.442,0.202,0.216,0.09,0.283,0.099,0.212,0.166,0.2,0.197,0.207,0.179,0.167,0.21,0.148,0.186,0.484,0.239,0.172,1.0,0.168,0.199,0.236,0.533,0.23,0.175,0.256,0.291,0.155,0.152,0.213,0.262,0.251,0.204,0.123,0.17,0.199,0.103,0.103,0.164,0.231,0.191,0.16,0.137,0.218,0.106,0.169,0.172,0.049,0.238,0.16,0.169,0.121,0.202,0.109,0.278,0.179,0.183,0.29,0.1,0.293,0.293,0.198,0.181,0.25,0.149,0.139,0.201,0.144,0.192,0.168,0.214,0.172,0.167,0.154,0.194,0.176,0.095,0.185,0.167,0.21,0.086,0.237,0.159,0.131,0.344,0.128,0.293,0.13,0.158,0.144,0.355,0.149,0.235,0.176,0.194,0.168,0.167,0.202,0.164,0.173,0.234,0.21,0.315,0.26,0.181,0.176,0.314,0.175,0.142,0.199,0.197,0.131,0.073,0.11,0.187,0.083,0.13,0.233,0.072,0.143,0.233,0.201,0.23,0.196,0.13,0.134,0.23,0.178,0.187,0.139,0.149,0.137,0.21,0.196,0.213,0.192,0.199,0.118,0.144,0.198,0.574,0.201,0.163,0.119,0.24,0.25,0.062,0.239,0.209,0.282,0.109,0.286,0.166,0.109,0.232,0.14,0.119,0.125,0.212,0.143,0.337,0.161,0.357,0.218,0.096,0.293,0.141,0.157,0.274,0.269,0.091,0.173,0.161,0.255,0.189,0.239,0.206,0.179,0.196,0.167,0.195,0.133,0.087,0.072,0.212,0.192,0.213,0.09,0.198,0.183,0.174,0.149,0.194,0.184,0.05,0.173,0.129,0.303,0.179,0.137,0.158,0.097,0.191,0.25,0.201,0.337,0.19,0.137,0.226,0.164,0.199,0.185,0.3,0.263,0.105,0.162,0.218,0.172,0.331,0.43,0.244,0.248,0.3,0.148,0.354,0.122,0.057,0.203,0.134,0.109,0.188,0.222,0.214,0.353,0.156,0.167,0.148,0.084,0.109,0.239,0.274,0.207,0.183,0.317,0.19,0.181,0.394,0.178,0.353,0.257,0.167,0.132,0.29,0.083,0.166,0.173,0.241,0.169,0.181,0.061,0.255,0.247
0.176,0.329,0.228,0.23,0.158,0.15,0.118,0.144,0.297,0.394,0.103,0.207,0.19,0.131,0.383,0.118,0.391,0.184,0.127,0.271,0.147,0.212,0.125,0.126,0.253,0.23,0.332,0.202,0.287,0.166,0.241,0.366,0.162,0.336,0.188,0.349,0.301,0.237,0.331,0.241,0.302,0.215,0.556,0.099,0.127,0.343,0.318,0.357,0.121,0.066,0.47,0.19,0.139,0.263,0.16,0.164,0.373,0.297,0.3,0.107,0.22,0.116,0.204,0.136,0.209,0.286,0.152,0.116,0.241,0.195,0.205,0.126,0.337,0.281,0.205,0.258,0.194,0.249,0.289,0.121,0.07,0.14,1.0,0.269,0.213,0.124,0.23,0.226,0.239,0.253,0.075,0.226,0.316,0.164,0.241,0.213,0.329,0.193,0.168,1.0,0.299,0.151,0.177,0.15,0.468,0.199,0.109,0.244,0.285,0.156,0.236,0.165,0.464,0.27,0.194,0.434,0.209,0.117,0.463,0.336,0.418,0.237,0.165,0.48,0.268,0.326,0.193,0.061,0.265,0.297,0.429,0.194,0.399,0.163,0.357,0.204,0.094,0.109,0.22,0.2,0.2,0.415,0.205,0.325,0.149,0.223,0.155,0.122,0.252,0.423,0.258,0.132,0.175,0.187,0.182,0.468,0.195,0.245,0.614,0.44,0.434,0.201,0.172,0.2,0.109,0.116,0.2,0.239,0.254,0.138,0.285,0.088,0.087,0.07,0.094,0.304,0.149,0.107,0.166,0.191,0.254,0.259,0.155,0.147,0.157,0.308,0.09,0.213,0.202,0.156,0.587,0.253,0.128,0.141,0.123,0.096,0.127,0.215,0.08,0.301,0.287,0.211,0.171,0.456,0.253,0.232,0.094,0.179,0.153,0.098,0.1,0.243,0.091,0.244,0.315,0.129,0.198,0.275,0.238,0.192,0.174,0.385,0.2,0.124,0.314,0.313,0.08,0.329,0.085,0.249,0.215,0.327,0.218,0.169,0.261,0.273,0.195,0.174,0.226,0.285,0.173,0.188,0.73,0.065,0.14,0.358,0.156,0.116,0.167,0.159,0.16,0.193,0.34,0.208,0.066,0.329,0.236,0.225,0.277,0.182,0.228,0.47,0.116,0.116,0.295,0.252,0.322,1.0,0.112,0.386,0.186,0.148,0.221,0.109,0.088,0.442,0.179,0.162,0.364,0.29,0.195,0.224,0.303,0.313,0.097,0.274,0.154,0.227,0.419,0.307,0.355,0.166,0.216,0.075,0.153,0.441,0.306,0.183,0.383,0.093,0.419,0.172,0.366,0.334,0.207,0.154,0.061,0.126,0.166,0.263,0.205,0.153,0.144,0.233,0.118,0.298,0.224,0.104,0.13,0.118,0.363,0.371,0.289,0.221,0.288,0.122,0.093,0.196,0.213,0.269,0.329,0.124,0.346,0.083,0.235,0.258,0.376,0.166,0.338,0.074,0.294,0.376
0.199,0.467,0.16,0.207,0.22,0.105,0.137,0.207,0.201,0.219,0.097,0.179,0.191,0.097,0.281,0.118,0.165,0.161,0.126,0.322,0.093,0.206,0.311,0.141,0.287,0.221,0.295,0.269,0.276,0.17,0.234,0.244,0.126,0.283,0.139,0.33,0.351,0.231,0.28,0.223,0.191,0.188,0.329,0.107,0.147,0.338,0.244,0.254,0.118,0.108,0.27,0.183,0.143,0.193,0.156,0.151,0.217,0.275,0.17,0.108,0.175,0.105,0.26,0.164,0.216,0.199,0.192,0.172,0.144,0.168,0.151,0.141,0.314,0.19,0.194,0.248,0.151,0.294,0.214,0.209,0.134,0.174,0.611,0.345,0.205,0.125,0.274,0.199,0.304,0.478,0.092,0.198,0.276,0.192,0.353,0.173,0.467,0.244,0.199,0.299,1.0,0.142,0.159,0.141,0.271,0.202,0.126,0.192,0.313,0.177,0.192,0.153,0.443,0.23,0.254,0.397,0.163,0.31,0.33,0.33,0.308,0.255,0.128,0.314,0.283,0.308,0.244,0.116,0.281,0.194,0.276,0.173,0.26,0.216,0.254,0.163,0.121,0.126,0.144,0.298,0.298,0.359,0.233,0.276,0.173,0.198,0.182,0.214,0.224,0.188,0.379,0.137,0.153,0.235,0.159,0.256,0.155,0.18,0.273,0.278,0.152,0.268,0.152,0.29,0.215,0.128,0.298,0.237,0.294,0.176,0.342,0.181,0.105,0.071,0.103,0.496,0.155,0.108,0.166,0.148,0.329,0.213,0.3,0.272,0.171,0.346,0.121,0.185,0.207,0.124,0.186,0.248,0.116,0.324,0.125,0.152,0.142,0.178,0.102,0.187,0.248,0.215,0.155,0.264,0.261,0.261,0.179,0.177,0.112,0.094,0.19,0.261,0.111,0.181,0.231,0.131,0.304,0.142,0.167,0.41,0.141,0.254,0.253,0.099,0.216,0.231,0.104,0.467,0.098,0.227,0.146,0.339,0.231,0.127,0.218,0.275,0.194,0.145,0.188,0.173,0.328,0.25,0.847,0.076,0.11,0.264,0.135,0.118,0.422,0.158,0.175,0.15,0.346,0.189,0.095,0.467,0.241,0.265,0.248,0.185,0.177,0.217,0.081,0.105,0.278,0.206,0.329,0.611,0.114,0.302,0.166,0.153,0.21,0.107,0.156,0.409,0.338,0.13,0.397,0.245,0.153,0.149,0.438,0.231,0.103,0.221,0.139,0.18,0.286,0.207,0.318,0.178,0.242,0.156,0.186,0.239,0.272,0.161,0.228,0.188,0.293,0.259,0.308,0.239,0.222,0.156,0.082,0.129,0.227,0.119,0.281,0.151,0.154,0.214,0.092,0.191,0.23,0.319,0.104,0.122,0.276,0.242,0.244,0.176,0.189,0.132,0.18,0.156,0.184,0.338,0.203,0.103,0.264,0.079,0.266,0.24,0.293,0.116,0.412,0.082,0.296,0.26
0.12,0.317,0.097,0.364,0.288,0.075,0.214,0.214,0.179,0.094,0.175,0.157,0.144,0.2,0.137,0.345,0.143,0.076,0.189,0.251,0.279,0.126,0.11,0.404,0.112,0.133,0.11,0.186,0.228,0.209,0.151,0.096,0.147,0.239,0.108,0.176,0.186,0.139,0.136,0.22,0.178,0.172,0.177,0.351,0.158,0.186,0.179,0.373,0.527,0.075,0.133,0.14,0.23,0.288,0.191,0.069,0.134,0.1,0.198,0.249,0.103,0.068,0.088,0.381,0.155,0.261,0.071,0.258,0.183,0.318,0.265,0.404,0.27,0.122,0.091,0.254,0.24,0.074,0.19,0.402,0.324,0.289,0.124,0.095,0.075,0.364,0.238,0.22,0.121,0.197,0.41,0.172,0.248,0.231,0.105,0.125,0.317,0.136,0.236,0.151,0.142,1.0,0.2,0.446,0.114,0.145,0.336,0.156,0.113,0.364,0.165,0.413,0.071,0.126,0.229,0.158,0.069,0.186,0.127,0.137,0.145,0.169,0.188,0.134,0.126,0.119,0.136,0.073,0.229,0.15,0.119,0.143,0.175,0.074,0.373,0.239,0.422,0.336,0.102,0.754,0.47,0.167,0.212,0.125,0.124,0.158,0.319,0.225,0.264,0.111,0.14,0.305,0.229,0.185,0.188,0.145,0.081,0.206,0.154,0.184,0.111,0.378,0.211,0.131,0.689,0.163,0.754,0.112,0.154,0.256,0.141,0.218,0.593,0.248,0.294,0.121,0.294,0.249,0.158,0.233,0.245,0.355,0.385,0.515,0.127,0.175,0.116,0.165,0.107,0.541,0.39,0.134,0.101,0.083,0.398,0.08,0.15,0.333,0.1,0.126,0.186,0.21,0.365,0.17,0.152,0.126,0.365,0.159,0.23,0.228,0.198,0.074,0.394,0.266,0.258,0.284,0.394,0.165,0.207,0.096,0.185,0.185,0.224,0.178,0.162,0.33,0.087,0.317,0.249,0.36,0.109,0.123,0.135,0.109,0.323,0.121,0.115,0.237,0.27,0.17,0.421,0.231,0.212,0.305,0.173,0.319,0.2,0.107,0.388,0.464,0.096,0.235,0.126,0.155,0.235,0.317,0.144,0.196,0.225,0.235,0.121,0.106,0.127,0.069,0.266,0.275,0.172,0.124,0.424,0.136,0.163,0.187,0.112,0.335,0.071,0.11,0.082,0.105,0.115,0.091,0.2,0.121,0.158,0.33,0.408,0.124,0.37,0.162,0.13,0.251,0.209,0.148,0.268,0.502,0.119,0.246,0.194,0.413,0.257,0.385,0.159,0.63,0.299,0.184,0.368,0.194,0.082,0.316,0.173,0.165,0.175,0.55,0.148,0.146,0.125,0.186,0.159,0.065,0.153,0.39,0.17,0.205,0.21,0.317,0.261,0.25,0.371,0.296,0.286,0.104,0.141,0.228,0.116,0.12,0.202,0.245,0.137,0.326,0.124,0.085,0.219,0.45
0.312,0.239,0.203,0.176,0.21,0.152,0.189,0.15,0.181,0.149,0.136,0.14,0.143,0.19,0.178,0.201,0.189,0.128,0.21,0.144,0.2,0.151,0.088,0.152,0.133,0.153,0.152,0.136,0.189,0.139,0.165,0.152,0.189,0.364,0.134,0.165,0.305,0.572,0.236,0.182,0.204,0.244,0.214,0.137,0.146,0.194,0.177,0.278,0.158,0.055,0.252,0.14,0.15,0.225,0.161,0.127,0.186,0.159,0.14,0.158,0.219,0.105,0.125,0.21,0.172,0.169,0.087,0.127,0.218,0.193,0.211,0.152,0.453,0.173,0.123,0.159,0.188,0.186,0.16,0.17,0.108,0.133,0.189,0.217,0.16,0.186,0.216,0.171,0.176,0.169,0.132,0.212,0.207,0.121,0.185,0.483,0.239,0.095,0.533,0.177,0.159,0.2,1.0,0.224,0.189,0.213,0.199,0.136,0.171,0.137,0.188,0.196,0.211,0.193,0.176,0.238,0.117,0.108,0.221,0.249,0.198,0.141,0.137,0.234,0.238,0.177,0.095,0.049,0.221,0.232,0.215,0.125,0.23,0.083,0.278,0.18,0.135,0.2,0.161,0.226,0.226,0.211,0.169,0.19,0.124,0.143,0.153,0.174,0.228,0.223,0.185,0.158,0.205,0.152,0.118,0.157,0.184,0.244,0.172,0.243,0.176,0.232,0.168,0.119,0.17,0.129,0.226,0.155,0.181,0.187,0.317,0.143,0.164,0.12,0.161,0.167,0.144,0.158,0.115,0.182,0.221,0.177,0.223,0.212,0.196,0.199,0.265,0.207,0.15,0.227,0.18,0.196,0.202,0.11,0.146,0.098,0.122,0.216,0.088,0.142,0.469,0.166,0.218,0.207,0.145,0.144,0.146,0.131,0.19,0.124,0.156,0.126,0.174,0.196,0.236,0.158,0.177,0.244,0.201,0.179,0.482,0.239,0.197,0.139,0.249,0.25,0.081,0.239,0.163,0.207,0.168,0.196,0.178,0.261,0.209,0.173,0.144,0.182,0.202,0.159,0.237,0.171,0.318,0.136,0.14,0.248,0.155,0.089,0.23,0.162,0.101,0.181,0.227,0.153,0.108,0.239,0.18,0.159,0.249,0.132,0.101,0.205,0.136,0.105,0.2,0.259,0.229,0.189,0.182,0.204,0.151,0.119,0.154,0.172,0.089,0.172,0.098,0.3,0.172,0.156,0.177,0.159,0.166,0.25,0.147,0.184,0.218,0.187,0.182,0.214,0.19,0.159,0.224,0.134,0.108,0.205,0.163,0.252,0.29,0.154,0.177,0.196,0.261,0.137,0.236,0.156,0.067,0.158,0.137,0.198,0.176,0.182,0.228,0.104,0.223,0.173,0.142,0.092,0.137,0.195,0.275,0.461,0.239,0.211,0.214,0.173,0.146,0.197,0.368,0.227,0.188,0.137,0.153,0.109,0.188,0.194,0.192,0.175,0.166,0.084,0.189,0.248
0.138,0.252,0.098,0.299,0.276,0.084,0.193,0.199,0.158,0.105,0.171,0.14,0.103,0.228,0.112,0.335,0.141,0.099,0.196,0.23,0.17,0.136,0.086,0.302,0.149,0.162,0.116,0.178,0.223,0.156,0.171,0.077,0.155,0.24,0.091,0.162,0.243,0.153,0.166,0.216,0.152,0.163,0.163,0.263,0.163,0.15,0.189,0.274,0.263,0.05,0.12,0.135,0.261,0.226,0.19,0.066,0.138,0.131,0.165,0.299,0.121,0.062,0.08,0.506,0.244,0.212,0.082,0.178,0.316,0.261,0.207,0.302,0.306,0.099,0.087,0.261,0.193,0.094,0.151,0.341,0.28,0.284,0.208,0.104,0.103,0.411,0.208,0.305,0.136,0.172,0.284,0.226,0.272,0.189,0.083,0.119,0.252,0.08,0.23,0.15,0.141,0.446,0.224,1.0,0.114,0.11,0.46,0.157,0.106,0.234,0.177,0.326,0.093,0.117,0.196,0.153,0.091,0.166,0.139,0.158,0.167,0.158,0.125,0.176,0.125,0.124,0.08,0.043,0.28,0.178,0.137,0.118,0.182,0.078,0.274,0.191,0.261,0.464,0.132,0.484,0.484,0.172,0.163,0.151,0.095,0.137,0.251,0.22,0.224,0.119,0.114,0.23,0.235,0.19,0.206,0.122,0.081,0.297,0.19,0.233,0.112,0.373,0.17,0.101,0.484,0.164,0.484,0.111,0.184,0.232,0.133,0.245,0.603,0.235,0.351,0.13,0.264,0.299,0.171,0.19,0.386,0.264,1.0,0.421,0.093,0.193,0.065,0.228,0.105,0.381,0.288,0.155,0.101,0.087,0.298,0.06,0.217,0.314,0.07,0.144,0.247,0.312,0.368,0.264,0.131,0.135,0.251,0.306,0.305,0.178,0.207,0.09,0.629,0.186,0.243,0.306,0.26,0.237,0.247,0.075,0.237,0.193,0.196,0.13,0.161,0.245,0.073,0.252,0.343,0.25,0.119,0.111,0.108,0.114,0.34,0.122,0.128,0.239,0.355,0.119,0.59,0.196,0.258,0.29,0.131,0.424,0.149,0.078,0.388,0.372,0.086,0.185,0.133,0.112,0.232,0.252,0.171,0.157,0.325,0.22,0.087,0.12,0.144,0.062,0.272,0.317,0.142,0.208,0.379,0.133,0.252,0.114,0.11,0.31,0.073,0.099,0.077,0.098,0.135,0.109,0.192,0.169,0.141,0.245,0.286,0.115,0.277,0.158,0.123,0.232,0.225,0.143,0.52,0.35,0.104,0.21,0.195,0.311,0.309,0.322,0.135,0.428,0.296,0.217,0.279,0.128,0.061,0.33,0.152,0.15,0.187,0.279,0.112,0.091,0.156,0.151,0.144,0.072,0.13,0.343,0.159,0.214,0.194,0.422,0.239,0.259,0.312,0.225,0.284,0.098,0.143,0.184,0.098,0.129,0.177,0.221,0.159,0.284,0.125,0.06,0.21,0.314
0.208,0.169,0.211,0.32,0.118,0.361,0.113,0.104,0.181,0.39,0.082,0.16,0.374,0.133,0.381,0.109,0.231,0.192,0.124,0.218,0.135,0.378,0.104,0.094,0.305,0.337,0.437,0.173,0.329,0.173,0.26,0.549,0.241,0.398,0.18,0.406,0.336,0.371,0.311,0.248,0.265,0.192,0.529,0.082,0.104,0.346,0.262,0.221,0.098,0.051,0.419,0.153,0.196,0.191,0.136,0.24,0.314,0.266,0.187,0.088,0.219,0.315,0.236,0.106,0.238,0.211,0.133,0.091,0.177,0.139,0.15,0.094,0.291,0.36,0.179,0.253,0.139,0.346,0.27,0.102,0.056,0.114,0.43,0.397,0.283,0.103,0.185,0.378,0.254,0.234,0.061,0.308,0.409,0.125,0.342,0.213,0.169,0.197,0.175,0.468,0.271,0.114,0.189,0.114,1.0,0.199,0.083,0.198,0.389,0.123,0.227,0.123,0.437,0.315,0.135,0.396,0.255,0.096,0.46,0.44,0.392,0.25,0.126,0.383,0.283,0.384,0.197,0.046,0.29,0.268,0.416,0.154,0.332,0.185,0.221,0.14,0.073,0.083,0.188,0.148,0.148,0.458,0.173,0.335,0.247,0.187,0.117,0.103,0.357,0.292,0.301,0.101,0.15,0.173,0.145,0.298,0.193,0.382,0.295,0.34,0.509,0.136,0.129,0.21,0.092,0.103,0.148,0.294,0.251,0.126,0.298,0.065,0.071,0.062,0.076,0.289,0.145,0.088,0.131,0.137,0.349,0.176,0.117,0.117,0.344,0.382,0.1,0.289,0.182,0.134,0.244,0.283,0.123,0.182,0.092,0.091,0.114,0.153,0.08,0.22,0.242,0.16,0.127,0.457,0.192,0.252,0.083,0.15,0.115,0.075,0.088,0.25,0.075,0.167,0.273,0.099,0.236,0.202,0.181,0.236,0.236,0.341,0.294,0.097,0.279,0.206,0.063,0.169,0.068,0.177,0.175,0.558,0.568,0.414,0.204,0.309,0.198,0.304,0.178,0.233,0.125,0.123,0.809,0.057,0.119,0.291,0.114,0.1,0.144,0.114,0.185,0.138,0.478,0.321,0.055,0.169,0.375,0.284,0.259,0.153,0.119,0.344,0.092,0.315,0.274,0.223,0.395,0.43,0.091,0.59,0.258,0.128,0.204,0.088,0.077,0.409,0.232,0.206,0.43,0.392,0.145,0.153,0.432,0.206,0.077,0.266,0.138,0.204,0.489,0.239,0.333,0.162,0.197,0.071,0.119,0.238,0.434,0.156,0.261,0.082,0.383,0.129,0.365,0.258,0.257,0.128,0.048,0.094,0.124,0.162,0.347,0.114,0.181,0.217,0.115,0.223,0.207,0.121,0.103,0.108,0.391,0.301,0.262,0.155,0.215,0.105,0.082,0.148,0.229,0.38,0.282,0.115,0.303,0.076,0.271,0.273,0.458,0.14,0.363,0.077,0.358,0.323
0.1,0.38,0.112,0.342,0.155,0.166,0.079,0.137,0.211,0.142,0.101,0.131,0.291,0.082,0.219,0.108,0.15,0.113,0.13,0.17,0.08,0.249,0.327,0.134,0.169,0.225,0.218,0.138,0.153,0.125,0.138,0.241,0.121,0.232,0.197,0.159,0.146,0.253,0.197,0.167,0.188,0.183,0.284,0.101,0.101,0.253,0.21,0.259,0.131,0.082,0.251,0.116,0.12,0.319,0.116,0.101,0.18,0.149,0.133,0.106,0.126,0.168,0.131,0.134,0.138,0.129,0.154,0.128,0.111,0.168,0.192,0.134,0.217,0.145,0.114,0.128,0.181,0.133,0.154,0.113,0.146,0.122,0.1,0.21,0.126,0.11,0.242,0.193,0.141,0.2,0.086,0.165,0.155,0.108,0.181,0.194,0.38,0.332,0.256,0.199,0.202,0.145,0.213,0.11,0.199,1.0,0.118,0.121,0.183,0.18,0.258,0.153,0.123,0.133,0.281,0.172,0.111,0.097,0.185,0.196,0.202,0.178,0.143,0.149,0.13,0.205,0.332,0.082,0.202,0.161,0.182,0.136,0.228,0.187,0.259,0.18,0.105,0.118,0.145,0.168,0.168,0.21,0.178,0.166,0.311,0.158,0.134,0.1,0.197,0.186,0.177,0.134,0.168,0.112,0.098,0.226,0.122,0.134,0.148,0.16,0.129,0.257,0.157,0.158,0.104,0.099,0.168,0.139,0.179,0.088,0.197,0.087,0.098,0.077,0.103,0.178,0.11,0.106,0.102,0.173,0.182,0.135,0.134,0.132,0.257,0.164,0.191,0.142,0.13,0.094,0.127,0.138,0.1,0.192,0.121,0.121,0.154,0.188,0.087,0.127,0.228,0.127,0.165,0.178,0.137,0.159,0.093,0.122,0.089,0.103,0.097,0.149,0.101,0.193,0.189,0.126,0.2,0.128,0.121,0.173,0.197,0.194,0.274,0.137,0.373,0.237,0.086,0.38,0.098,0.27,0.118,0.233,0.222,0.111,0.169,0.182,0.132,0.117,0.156,0.159,0.145,0.242,0.318,0.075,0.099,0.194,0.161,0.155,0.208,0.214,0.1,0.176,0.176,0.335,0.085,0.38,0.215,0.154,0.15,0.112,0.601,0.135,0.078,0.169,0.145,0.174,0.209,0.1,0.099,0.223,0.13,0.213,0.228,0.116,0.067,0.199,0.211,0.165,0.162,0.168,0.15,0.099,0.226,0.237,0.097,0.274,0.125,0.138,0.243,0.125,0.181,0.13,0.224,0.077,0.119,0.118,0.17,0.119,0.156,0.091,0.247,0.147,0.165,0.156,0.135,0.125,0.088,0.125,0.178,0.106,0.145,0.132,0.271,0.292,0.131,0.17,0.167,0.127,0.117,0.108,0.301,0.195,0.164,0.124,0.146,0.108,0.092,0.162,0.194,0.199,0.185,0.109,0.323,0.07,0.136,0.13,0.186,0.103,0.287,0.08,0.189,0.194
0.086,0.296,0.066,0.182,0.306,0.055,0.154,0.199,0.138,0.07,0.172,0.122,0.108,0.207,0.116,0.347,0.124,0.056,0.172,0.143,0.153,0.11,0.095,0.315,0.087,0.126,0.079,0.165,0.201,0.127,0.127,0.071,0.088,0.214,0.085,0.119,0.143,0.1,0.126,0.195,0.145,0.147,0.135,0.306,0.125,0.139,0.177,0.311,0.29,0.055,0.103,0.108,0.282,0.249,0.18,0.049,0.106,0.072,0.148,0.33,0.088,0.054,0.07,0.557,0.152,0.185,0.056,0.161,0.221,0.272,0.229,0.315,0.273,0.08,0.066,0.233,0.206,0.063,0.139,0.366,0.366,0.388,0.084,0.066,0.054,0.451,0.216,0.302,0.127,0.162,0.268,0.169,0.28,0.179,0.071,0.095,0.296,0.087,0.291,0.109,0.126,0.336,0.199,0.46,0.083,0.118,1.0,0.133,0.082,0.243,0.241,0.338,0.051,0.09,0.211,0.12,0.051,0.093,0.1,0.102,0.114,0.113,0.137,0.183,0.1,0.087,0.087,0.048,0.317,0.149,0.089,0.108,0.154,0.054,0.311,0.198,0.268,0.832,0.076,0.531,0.531,0.146,0.178,0.105,0.095,0.114,0.228,0.216,0.201,0.088,0.105,0.223,0.207,0.163,0.193,0.104,0.06,0.18,0.17,0.163,0.083,0.431,0.201,0.094,0.616,0.155,0.531,0.085,0.098,0.176,0.109,0.254,0.443,0.227,0.398,0.092,0.225,0.33,0.144,0.2,0.269,0.259,0.59,0.458,0.094,0.137,0.077,0.168,0.079,0.33,0.255,0.11,0.084,0.062,0.308,0.067,0.158,0.345,0.084,0.149,0.175,0.294,0.416,0.192,0.111,0.09,0.213,0.207,0.237,0.155,0.221,0.053,0.432,0.208,0.237,0.357,0.177,0.14,0.197,0.074,0.35,0.161,0.205,0.148,0.131,0.274,0.092,0.296,0.604,0.235,0.084,0.084,0.095,0.085,0.346,0.083,0.086,0.14,0.245,0.113,0.66,0.212,0.173,0.309,0.106,0.463,0.164,0.084,0.25,0.236,0.071,0.196,0.093,0.122,0.231,0.296,0.146,0.151,0.21,0.168,0.098,0.085,0.129,0.054,0.213,0.241,0.143,0.084,0.347,0.104,0.216,0.136,0.087,0.342,0.062,0.078,0.06,0.084,0.075,0.062,0.16,0.093,0.11,0.274,0.315,0.089,0.254,0.138,0.094,0.131,0.199,0.115,0.319,0.258,0.087,0.165,0.177,0.289,0.267,0.345,0.119,0.471,0.25,0.104,0.267,0.125,0.069,0.343,0.143,0.111,0.145,0.253,0.118,0.099,0.139,0.145,0.144,0.051,0.13,0.345,0.136,0.182,0.161,0.511,0.184,0.256,0.337,0.18,0.296,0.073,0.116,0.182,0.084,0.128,0.14,0.197,0.094,0.248,0.09,0.089,0.161,0.285
0.294,0.38,0.229,0.155,0.135,0.286,0.167,0.316,0.287,0.236,0.102,0.393,0.118,0.124,0.3,0.149,0.288,0.087,0.177,0.272,0.115,0.136,0.097,0.305,0.279,0.179,0.365,0.356,0.449,0.375,0.435,0.134,0.293,0.315,0.133,0.319,0.444,0.252,0.315,0.244,0.201,0.233,0.263,0.162,0.336,0.186,0.255,0.403,0.193,0.543,0.154,0.279,0.227,0.16,0.41,0.339,0.168,0.242,0.228,0.122,0.347,0.336,0.445,0.21,0.399,0.369,0.089,0.355,0.154,0.271,0.145,0.305,0.246,0.212,0.335,0.317,0.156,0.166,0.36,0.45,0.096,0.26,0.591,0.241,0.156,0.221,0.2,0.205,0.289,0.271,0.264,0.309,0.346,0.263,0.319,0.224,0.38,0.169,0.155,0.244,0.192,0.156,0.136,0.157,0.198,0.121,0.133,1.0,0.164,0.378,0.16,0.183,0.459,0.158,0.191,0.289,0.2,0.112,0.275,0.266,0.245,0.351,0.369,0.333,0.342,0.259,0.169,0.152,0.252,0.247,0.452,0.372,0.249,0.117,0.403,0.341,0.322,0.129,0.157,0.299,0.299,0.257,0.219,0.345,0.152,0.328,0.217,0.327,0.2,0.201,0.17,0.256,0.289,0.408,0.301,0.394,0.329,0.175,0.3,0.28,0.174,0.218,0.18,0.349,0.351,0.141,0.299,0.297,0.285,0.37,0.247,0.097,0.122,0.224,0.164,0.243,0.383,0.122,0.51,0.325,0.179,0.312,0.322,0.269,0.161,0.431,0.176,0.291,0.401,0.154,0.205,0.336,0.278,0.189,0.281,0.138,0.144,0.186,0.13,0.216,0.195,0.288,0.154,0.379,0.411,0.406,0.497,0.217,0.291,0.31,0.684,0.157,0.12,0.3,0.191,0.305,0.313,0.143,0.312,0.118,0.124,0.345,0.246,0.171,0.146,0.36,0.218,0.38,0.1,0.17,0.302,0.203,0.145,0.129,0.18,0.437,0.454,0.123,0.391,0.288,0.345,0.355,0.795,0.214,0.185,0.227,0.276,0.092,0.28,0.137,0.419,0.336,0.191,0.115,0.383,0.38,0.249,0.311,0.258,0.341,0.094,0.279,0.27,0.279,0.331,0.19,0.233,0.591,0.125,0.179,0.172,0.141,0.147,0.224,0.11,0.175,0.168,0.156,0.404,0.131,0.272,0.282,0.341,0.36,0.181,0.231,0.173,0.242,0.213,0.343,0.415,0.436,0.175,0.267,0.395,0.388,0.31,0.303,0.384,1.0,0.179,0.257,0.354,0.335,0.295,0.216,0.3,0.295,0.316,0.362,0.368,0.137,0.13,0.187,0.203,0.346,0.205,0.112,0.16,0.154,0.188,0.264,0.331,0.278,0.204,0.301,0.918,0.189,0.234,0.325,0.315,0.163,0.218,0.204,0.337,0.328,0.372,0.172,0.195,0.122,0.362,0.232
0.162,0.38,0.229,0.202,0.12,0.14,0.095,0.115,0.189,0.158,0.105,0.174,0.213,0.112,0.255,0.096,0.181,0.259,0.115,0.242,0.124,0.281,0.128,0.113,0.217,0.265,0.343,0.212,0.305,0.159,0.181,0.233,0.138,0.302,0.213,0.315,0.291,0.183,0.274,0.334,0.265,0.185,0.415,0.072,0.1,0.525,0.248,0.208,0.095,0.082,0.333,0.192,0.166,0.199,0.144,0.197,0.307,0.244,0.207,0.084,0.209,0.116,0.221,0.101,0.178,0.216,0.188,0.099,0.174,0.191,0.158,0.113,0.301,0.256,0.207,0.223,0.157,0.318,0.209,0.084,0.058,0.14,0.169,0.288,0.271,0.115,0.282,0.212,0.234,0.267,0.064,0.18,0.295,0.178,0.397,0.203,0.38,0.146,0.152,0.285,0.313,0.113,0.171,0.106,0.389,0.183,0.082,0.164,1.0,0.148,0.256,0.121,0.247,0.255,0.239,0.468,0.249,0.125,0.41,0.415,0.433,0.292,0.105,0.251,0.356,0.458,0.146,0.082,0.246,0.31,0.367,0.166,0.364,0.165,0.208,0.157,0.085,0.082,0.188,0.13,0.13,0.639,0.179,0.326,0.116,0.296,0.094,0.095,0.209,0.26,0.421,0.101,0.135,0.182,0.172,0.242,0.193,0.203,0.296,0.308,0.157,0.217,0.134,0.261,0.07,0.169,0.13,0.326,0.24,0.114,0.32,0.065,0.065,0.057,0.073,0.288,0.105,0.084,0.164,0.151,0.357,0.154,0.094,0.097,0.236,0.309,0.086,0.17,0.183,0.119,0.124,0.261,0.116,0.131,0.103,0.106,0.133,0.156,0.13,0.307,0.479,0.188,0.13,0.254,0.174,0.229,0.061,0.163,0.109,0.076,0.069,0.212,0.069,0.148,0.317,0.103,0.169,0.209,0.172,0.349,0.145,0.346,0.218,0.097,0.286,0.192,0.075,0.38,0.064,0.179,0.203,0.331,0.265,0.145,0.297,0.234,0.152,0.208,0.187,0.266,0.101,0.212,0.721,0.051,0.119,0.34,0.129,0.108,0.128,0.11,0.154,0.15,0.536,0.214,0.064,0.38,0.246,0.415,0.311,0.215,0.129,0.266,0.093,0.116,0.252,0.323,0.463,0.169,0.089,0.499,0.141,0.114,0.171,0.085,0.1,0.466,0.173,0.185,0.379,0.433,0.153,0.163,0.322,0.192,0.074,0.227,0.126,0.321,0.409,0.218,0.249,0.159,0.232,0.052,0.141,0.214,0.394,0.199,0.22,0.062,0.286,0.108,0.334,0.219,0.209,0.14,0.073,0.095,0.254,0.119,0.179,0.116,0.236,0.169,0.097,0.223,0.243,0.104,0.138,0.094,0.355,0.312,0.377,0.108,0.253,0.091,0.059,0.15,0.15,0.549,0.296,0.129,0.245,0.087,0.217,0.223,0.343,0.125,0.396,0.172,0.288,0.32
0.194,0.334,0.19,0.205,0.191,0.136,0.104,0.376,0.191,0.18,0.126,0.324,0.166,0.146,0.285,0.227,0.289,0.104,0.174,0.212,0.164,0.162,0.167,0.501,0.178,0.178,0.149,0.39,0.324,0.282,0.244,0.134,0.159,0.199,0.131,0.22,0.19,0.115,0.207,0.216,0.217,0.276,0.216,0.226,0.237,0.21,0.291,0.266,0.388,0.53,0.137,0.241,0.239,0.249,0.311,0.277,0.169,0.123,0.207,0.183,0.283,0.269,0.355,0.289,0.191,0.356,0.147,0.351,0.149,0.244,0.185,0.501,0.232,0.158,0.332,0.282,0.218,0.12,0.261,0.353,0.153,0.327,0.102,0.155,0.119,0.438,0.26,0.178,0.171,0.241,0.409,0.172,0.299,0.26,0.237,0.192,0.334,0.261,0.213,0.156,0.177,0.364,0.137,0.234,0.123,0.18,0.243,0.378,0.148,1.0,0.222,0.292,0.145,0.132,0.276,0.184,0.156,0.099,0.204,0.154,0.203,0.261,0.327,0.169,0.257,0.204,0.261,0.218,0.204,0.218,0.259,0.32,0.289,0.15,0.266,0.352,0.506,0.236,0.122,0.82,0.514,0.196,0.191,0.3,0.128,0.264,0.191,0.348,0.177,0.134,0.16,0.366,0.267,0.269,0.211,0.27,0.283,0.128,0.202,0.212,0.085,0.364,0.169,0.326,0.302,0.126,0.82,0.255,0.183,0.331,0.173,0.139,0.175,0.199,0.186,0.16,0.378,0.183,0.386,0.291,0.2,0.41,0.421,0.574,0.128,0.29,0.227,0.167,0.319,0.415,0.278,0.192,0.298,0.18,0.439,0.099,0.188,0.26,0.118,0.187,0.214,0.222,0.277,0.225,0.311,0.247,0.38,0.179,0.217,0.251,0.333,0.159,0.208,0.198,0.225,0.348,0.339,0.119,0.236,0.123,0.131,0.257,0.253,0.19,0.159,0.244,0.171,0.334,0.182,0.236,0.285,0.155,0.115,0.084,0.253,0.255,0.296,0.161,0.277,0.266,0.458,0.386,0.376,0.158,0.185,0.286,0.374,0.197,0.284,0.187,0.357,0.329,0.148,0.198,0.347,0.334,0.177,0.226,0.189,0.318,0.181,0.207,0.223,0.298,0.294,0.225,0.173,0.102,0.27,0.159,0.154,0.195,0.158,0.316,0.085,0.123,0.177,0.165,0.214,0.109,0.254,0.244,0.232,0.244,0.34,0.149,0.264,0.165,0.185,0.226,0.243,0.254,0.257,0.205,0.318,0.333,0.234,0.538,0.338,0.265,0.192,0.705,0.385,0.209,0.349,0.192,0.281,0.399,0.314,0.216,0.249,0.366,0.128,0.282,0.186,0.305,0.161,0.112,0.188,0.254,0.181,0.261,0.252,0.277,0.164,0.328,0.252,0.181,0.211,0.234,0.289,0.133,0.186,0.211,0.261,0.305,0.185,0.151,0.187,0.112,0.288,0.407
0.133,0.269,0.156,0.362,0.167,0.124,0.117,0.14,0.218,0.165,0.145,0.139,0.398,0.123,0.265,0.155,0.313,0.118,0.144,0.18,0.188,0.382,0.196,0.145,0.172,0.343,0.207,0.166,0.215,0.179,0.202,0.282,0.118,0.269,0.16,0.2,0.209,0.196,0.251,0.296,0.2,0.221,0.326,0.143,0.128,0.418,0.232,0.306,0.152,0.059,0.47,0.143,0.169,0.369,0.146,0.102,0.2,0.219,0.159,0.139,0.129,0.098,0.137,0.225,0.185,0.166,0.118,0.124,0.155,0.219,0.191,0.145,0.258,0.184,0.128,0.183,0.175,0.216,0.175,0.179,0.148,0.171,0.189,0.189,0.129,0.196,0.195,0.174,0.195,0.195,0.107,0.193,0.207,0.161,0.189,0.2,0.269,0.245,0.262,0.236,0.192,0.165,0.188,0.177,0.227,0.258,0.241,0.16,0.256,0.222,1.0,0.186,0.215,0.148,0.207,0.23,0.157,0.108,0.227,0.272,0.217,0.204,0.147,0.29,0.172,0.229,0.245,0.054,0.239,0.179,0.192,0.135,0.232,0.139,0.306,0.179,0.125,0.257,0.132,0.236,0.236,0.266,0.202,0.27,0.197,0.17,0.137,0.121,0.222,0.224,0.214,0.144,0.198,0.163,0.15,0.241,0.113,0.171,0.231,0.19,0.176,0.228,0.223,0.147,0.257,0.174,0.236,0.165,0.22,0.151,0.306,0.106,0.145,0.1,0.152,0.19,0.184,0.139,0.12,0.171,0.261,0.186,0.252,0.21,0.22,0.194,0.137,0.196,0.145,0.152,0.194,0.177,0.101,0.165,0.139,0.151,0.176,0.218,0.143,0.202,0.398,0.184,0.197,0.232,0.152,0.165,0.103,0.206,0.15,0.104,0.117,0.148,0.172,0.214,0.246,0.167,0.199,0.163,0.213,0.196,0.179,0.233,0.191,0.123,0.348,0.273,0.15,0.269,0.241,0.317,0.125,0.269,0.209,0.133,0.201,0.159,0.132,0.171,0.199,0.17,0.267,0.181,0.383,0.111,0.156,0.266,0.149,0.134,0.177,0.224,0.097,0.173,0.226,0.485,0.101,0.269,0.293,0.196,0.207,0.141,0.286,0.195,0.109,0.098,0.208,0.24,0.253,0.189,0.144,0.237,0.155,0.193,0.323,0.144,0.149,0.234,0.167,0.157,0.193,0.167,0.172,0.124,0.216,0.273,0.128,0.329,0.174,0.213,0.372,0.192,0.24,0.223,0.332,0.126,0.11,0.177,0.22,0.201,0.206,0.162,0.316,0.195,0.215,0.17,0.174,0.154,0.066,0.155,0.214,0.151,0.155,0.156,0.248,0.498,0.18,0.179,0.237,0.1,0.331,0.156,0.293,0.216,0.177,0.228,0.179,0.134,0.144,0.179,0.233,0.193,0.196,0.188,0.254,0.11,0.172,0.202,0.215,0.157,0.23,0.16,0.247,0.234
0.127,0.38,0.098,0.262,0.274,0.082,0.179,0.224,0.206,0.101,0.304,0.16,0.155,0.432,0.151,0.655,0.153,0.081,0.175,0.201,0.199,0.146,0.114,0.315,0.119,0.154,0.124,0.2,0.314,0.169,0.181,0.102,0.125,0.229,0.113,0.167,0.201,0.149,0.178,0.409,0.184,0.193,0.186,0.32,0.163,0.217,0.181,0.428,0.314,0.087,0.139,0.155,0.263,0.295,0.195,0.076,0.144,0.113,0.181,0.452,0.108,0.073,0.101,0.397,0.159,0.274,0.077,0.205,0.262,0.441,0.27,0.315,0.287,0.116,0.1,0.228,0.25,0.082,0.209,1.0,0.242,0.255,0.133,0.107,0.081,0.397,0.243,0.235,0.136,0.184,0.306,0.309,0.327,0.213,0.113,0.137,0.38,0.149,0.251,0.165,0.153,0.413,0.196,0.326,0.123,0.153,0.338,0.183,0.121,0.292,0.186,1.0,0.076,0.138,0.237,0.175,0.078,0.146,0.189,0.178,0.157,0.175,0.207,0.163,0.137,0.13,0.149,0.088,0.227,0.148,0.133,0.127,0.181,0.084,0.428,0.259,0.321,0.339,0.106,0.514,0.82,0.18,0.235,0.138,0.138,0.166,0.228,0.232,0.278,0.115,0.183,0.251,0.262,0.181,0.254,0.152,0.085,0.226,0.158,0.206,0.12,0.569,0.22,0.152,0.479,0.17,0.514,0.146,0.15,0.204,0.152,0.205,0.32,0.378,0.317,0.153,0.283,0.452,0.188,0.245,0.246,0.338,0.421,1.0,0.139,0.193,0.1,0.21,0.12,0.373,0.335,0.133,0.174,0.094,0.31,0.089,0.152,0.659,0.107,0.139,0.19,0.236,0.755,0.227,0.161,0.132,0.252,0.184,0.254,0.207,0.196,0.086,0.328,0.3,0.265,0.454,0.256,0.251,0.2,0.105,0.195,0.182,0.233,0.175,0.169,0.373,0.097,0.38,0.257,0.315,0.115,0.136,0.13,0.237,0.691,0.13,0.14,0.194,0.276,0.141,0.458,0.239,0.229,0.389,0.136,0.325,0.211,0.116,0.298,0.314,0.097,0.249,0.137,0.163,0.256,0.38,0.193,0.18,0.24,0.198,0.128,0.116,0.125,0.073,0.244,0.317,0.184,0.133,0.674,0.146,0.188,0.163,0.128,0.359,0.08,0.123,0.091,0.114,0.123,0.099,0.219,0.15,0.157,0.373,0.316,0.141,0.471,0.176,0.143,0.201,0.235,0.147,0.268,0.348,0.13,0.213,0.252,0.312,0.297,0.45,0.178,0.445,0.284,0.204,0.294,0.187,0.086,0.361,0.194,0.167,0.236,0.32,0.161,0.159,0.123,0.2,0.179,0.076,0.165,0.73,0.181,0.24,0.194,0.286,0.259,0.364,0.416,0.256,0.277,0.112,0.15,0.2,0.126,0.119,0.193,0.218,0.143,0.304,0.136,0.093,0.224,0.329
0.172,0.07,0.454,0.177,0.072,0.104,0.153,0.072,0.459,0.273,0.054,0.261,0.215,0.104,0.392,0.082,0.338,0.224,0.218,0.313,0.116,0.215,0.098,0.068,0.384,0.215,0.459,0.227,0.384,0.163,0.338,0.363,0.154,0.384,0.169,0.392,0.165,0.113,0.527,0.35,0.261,0.331,0.406,0.054,0.076,0.363,0.527,0.094,0.062,0.023,0.437,0.129,0.107,0.289,0.196,0.406,0.374,0.384,0.262,0.062,0.527,0.07,0.484,0.066,0.147,0.484,0.256,0.062,0.146,0.094,0.091,0.068,0.384,0.227,0.367,0.461,0.091,0.322,0.261,0.05,0.067,0.118,0.273,0.454,0.287,0.068,0.179,0.279,0.313,0.194,0.044,0.238,0.374,0.322,0.367,0.41,0.07,0.086,0.204,0.464,0.443,0.071,0.211,0.093,0.437,0.123,0.051,0.459,0.247,0.145,0.215,0.076,1.0,0.527,0.095,0.622,0.322,0.136,0.399,0.733,0.384,0.461,0.056,1.0,0.233,0.297,0.086,0.018,0.313,0.461,0.527,0.261,0.384,0.256,0.094,0.094,0.054,0.051,0.169,0.068,0.068,0.384,0.169,0.461,0.116,0.247,0.049,0.16,0.179,0.459,0.165,0.061,0.155,0.384,0.367,0.527,0.454,0.146,0.461,0.628,0.338,0.07,0.087,0.165,0.04,0.082,0.068,0.476,0.384,0.172,0.384,0.049,0.042,0.045,0.048,0.474,0.088,0.062,0.367,0.091,0.227,0.459,0.049,0.054,0.066,0.384,0.09,0.238,0.287,0.125,0.273,0.454,0.168,0.182,0.068,0.219,0.152,0.094,0.046,0.361,0.37,0.322,0.074,0.437,0.527,0.459,0.036,0.358,0.107,0.05,0.042,0.371,0.046,0.072,0.392,0.068,0.202,0.146,0.16,0.059,0.113,0.384,0.093,0.062,0.177,0.091,0.045,0.07,0.042,0.289,0.484,0.554,0.191,0.189,0.3,0.454,0.527,0.096,0.194,0.261,0.051,0.07,0.384,0.039,0.089,0.384,0.072,0.104,0.091,0.157,0.484,0.091,0.454,0.215,0.037,0.07,0.292,0.22,0.71,0.258,0.177,0.549,0.079,0.07,0.384,0.124,0.261,0.273,0.069,0.374,0.152,0.082,0.289,0.055,0.063,0.261,0.18,0.113,0.194,0.322,0.097,0.146,0.322,0.091,0.055,0.366,0.136,0.255,0.392,0.309,0.459,0.204,0.35,0.034,0.3,0.401,0.374,0.139,0.459,0.037,0.554,0.056,0.459,0.392,0.227,0.183,0.029,0.06,0.072,0.41,0.484,0.074,0.061,0.163,0.256,0.309,0.322,0.179,0.059,0.082,0.384,0.384,0.461,0.118,0.175,0.088,0.035,0.136,0.113,0.527,0.313,0.078,0.362,0.057,0.384,0.384,0.384,0.129,0.374,0.047,0.392,0.392
0.205,0.285,0.281,0.133,0.132,0.136,0.117,0.119,0.154,0.126,0.081,0.153,0.15,0.106,0.24,0.1,0.169,0.197,0.256,0.531,0.126,0.174,0.208,0.106,0.264,0.18,0.251,0.15,0.267,0.136,0.181,0.166,0.156,0.28,0.177,0.326,0.246,0.184,0.269,0.215,0.25,0.235,0.364,0.082,0.1,0.22,0.48,0.301,0.1,0.061,0.242,0.143,0.146,0.201,0.141,0.249,0.298,0.246,0.172,0.092,0.372,0.104,0.184,0.115,0.165,0.236,0.19,0.096,0.178,0.156,0.173,0.106,0.28,0.374,0.317,0.237,0.161,0.274,0.221,0.104,0.089,0.115,0.138,0.314,0.325,0.104,0.208,0.224,0.257,0.164,0.063,0.208,0.273,0.145,0.232,0.219,0.285,0.11,0.123,0.27,0.23,0.126,0.193,0.117,0.315,0.133,0.09,0.158,0.255,0.132,0.148,0.138,0.527,1.0,0.162,0.295,0.229,0.296,0.352,0.311,0.455,0.229,0.139,0.278,0.225,0.294,0.11,0.056,0.21,0.329,0.399,0.145,0.353,0.203,0.301,0.167,0.079,0.09,0.161,0.171,0.171,0.378,0.166,0.367,0.118,0.177,0.127,0.121,0.201,0.299,0.192,0.112,0.145,0.158,0.174,0.286,0.32,0.188,0.296,0.318,0.149,0.174,0.143,0.146,0.09,0.093,0.171,0.235,0.222,0.123,0.231,0.069,0.073,0.061,0.079,0.207,0.116,0.092,0.154,0.157,0.211,0.156,0.127,0.125,0.158,0.305,0.07,0.203,0.143,0.126,0.132,0.254,0.141,0.181,0.102,0.096,0.116,0.18,0.068,0.196,0.284,0.169,0.145,0.252,0.18,0.207,0.077,0.14,0.115,0.08,0.085,0.259,0.077,0.206,0.299,0.108,0.192,0.217,0.183,0.153,0.142,0.33,0.186,0.1,0.205,0.267,0.069,0.285,0.07,0.195,0.26,0.268,0.168,0.19,0.257,0.213,0.163,0.211,0.173,0.237,0.141,0.159,0.608,0.055,0.11,0.301,0.131,0.095,0.167,0.111,0.157,0.16,0.39,0.154,0.057,0.285,0.23,0.187,0.244,0.18,0.107,0.292,0.101,0.104,0.313,0.203,0.284,0.138,0.091,0.424,0.158,0.127,0.189,0.094,0.07,0.284,0.37,0.13,0.922,0.425,0.155,0.174,0.324,0.267,0.08,0.171,0.132,0.214,0.392,0.208,0.22,0.139,0.193,0.063,0.123,0.236,0.307,0.15,0.276,0.077,0.281,0.144,0.337,0.238,0.198,0.161,0.055,0.104,0.136,0.15,0.226,0.122,0.116,0.128,0.127,0.231,0.221,0.197,0.108,0.1,0.319,0.325,0.306,0.123,0.206,0.1,0.076,0.16,0.176,0.32,0.279,0.103,0.208,0.069,0.21,0.254,0.336,0.137,0.309,0.062,0.324,0.339
0.129,1.0,0.123,0.178,0.249,0.098,0.129,0.271,0.267,0.154,0.18,0.177,0.205,0.115,0.196,0.138,0.207,0.104,0.158,0.221,0.115,0.166,0.33,0.272,0.136,0.166,0.186,0.239,0.181,0.26,0.205,0.218,0.111,0.169,0.409,0.148,0.199,0.156,0.179,0.187,0.238,0.255,0.191,0.165,0.178,0.268,0.201,0.467,0.183,0.224,0.155,0.228,0.174,0.352,0.199,0.138,0.159,0.149,0.217,0.133,0.148,0.192,0.175,0.224,0.151,0.19,0.166,0.228,0.152,0.285,0.29,0.272,0.206,0.149,0.156,0.155,0.314,0.13,0.233,0.157,0.161,0.284,0.15,0.157,0.106,0.225,0.586,0.153,0.154,0.259,0.156,0.162,0.186,0.209,0.178,0.163,1.0,0.186,0.17,0.194,0.254,0.229,0.176,0.196,0.135,0.281,0.211,0.191,0.239,0.276,0.207,0.237,0.095,0.162,1.0,0.168,0.161,0.154,0.155,0.172,0.235,0.192,0.234,0.155,0.205,0.306,0.186,0.275,0.194,0.142,0.151,0.16,0.346,0.162,0.467,0.311,0.23,0.219,0.131,0.253,0.253,0.211,0.258,0.182,0.234,0.185,0.252,0.197,0.252,0.149,0.254,0.257,0.222,0.161,0.118,0.206,0.152,0.147,0.133,0.139,0.145,0.611,0.202,0.204,0.181,0.187,0.253,0.213,0.188,0.156,0.168,0.139,0.182,0.11,0.164,0.189,0.184,0.133,0.201,0.265,0.209,0.213,0.252,0.202,0.186,0.199,0.188,0.134,0.192,0.146,0.209,0.148,0.203,0.216,0.241,0.146,0.298,0.29,0.186,0.174,0.246,0.185,0.256,0.155,0.222,0.165,0.162,0.174,0.141,0.19,0.144,0.138,0.178,0.334,0.256,0.2,0.281,0.18,0.191,0.268,0.136,0.179,0.561,0.198,0.199,0.383,0.205,1.0,0.183,0.324,0.168,0.167,0.143,0.124,0.243,0.162,0.161,0.107,0.183,0.17,0.296,0.615,0.204,0.112,0.155,0.239,0.294,0.19,0.254,0.206,0.161,0.296,0.178,0.222,0.197,1.0,0.145,0.153,0.215,0.196,0.31,0.157,0.132,0.194,0.173,0.3,0.211,0.15,0.134,0.16,0.145,0.169,0.224,0.174,0.159,0.184,0.201,0.25,0.147,0.132,0.213,0.156,0.175,0.383,0.133,0.181,0.17,0.227,0.17,0.189,0.198,0.192,0.218,0.113,0.166,0.175,0.193,0.241,0.19,0.147,0.211,0.247,0.189,0.161,0.168,0.223,0.246,0.236,0.444,0.202,0.154,0.205,0.244,0.185,0.154,0.245,0.182,0.164,0.217,0.139,0.241,0.23,0.245,0.188,0.237,0.158,0.163,0.27,0.233,0.174,0.188,0.135,0.211,0.167,0.174,0.168,0.129,0.172,0.219,0.213,0.186,0.199
0.24,0.306,0.276,0.204,0.142,0.163,0.147,0.135,0.335,0.27,0.114,0.214,0.201,0.138,0.358,0.133,0.322,0.186,0.163,0.283,0.149,0.232,0.119,0.127,0.267,0.249,0.429,0.263,0.342,0.163,0.245,0.277,0.16,0.371,0.184,0.39,0.351,0.227,0.414,0.287,0.285,0.235,0.454,0.126,0.106,0.384,0.341,0.254,0.131,0.087,0.411,0.19,0.168,0.194,0.189,0.253,0.36,0.32,0.282,0.114,0.3,0.122,0.279,0.15,0.215,0.332,0.147,0.112,0.194,0.173,0.156,0.127,0.429,0.306,0.245,0.278,0.153,0.421,0.258,0.189,0.074,0.159,0.591,0.315,0.243,0.154,0.218,0.249,0.258,0.307,0.099,0.23,0.349,0.18,0.533,0.262,0.306,0.19,0.199,0.434,0.397,0.158,0.238,0.153,0.396,0.172,0.12,0.289,0.468,0.184,0.23,0.175,0.622,0.295,0.168,1.0,0.231,0.134,0.517,0.488,0.415,0.3,0.128,0.506,0.366,0.446,0.19,0.088,0.281,0.328,0.548,0.209,0.384,0.161,0.254,0.16,0.131,0.121,0.191,0.259,0.259,0.507,0.245,0.375,0.132,0.284,0.16,0.175,0.27,0.46,0.362,0.127,0.17,0.224,0.228,0.359,0.275,0.234,0.409,0.397,0.321,0.184,0.136,0.277,0.192,0.128,0.259,0.345,0.282,0.169,0.451,0.095,0.103,0.076,0.099,0.402,0.145,0.114,0.206,0.15,0.471,0.352,0.259,0.364,0.23,0.338,0.095,0.226,0.209,0.191,0.288,0.286,0.149,0.16,0.122,0.122,0.143,0.178,0.082,0.259,0.303,0.214,0.155,0.356,0.264,0.295,0.162,0.211,0.131,0.091,0.173,0.258,0.11,0.181,0.356,0.123,0.246,0.204,0.208,0.281,0.189,0.387,0.186,0.099,0.279,0.231,0.074,0.306,0.095,0.19,0.271,0.336,0.283,0.213,0.254,0.289,0.215,0.188,0.218,0.279,0.279,0.163,0.847,0.078,0.12,0.381,0.125,0.109,0.21,0.135,0.216,0.152,0.451,0.207,0.081,0.306,0.29,0.467,0.353,0.197,0.124,0.469,0.109,0.123,0.307,0.26,0.517,0.591,0.143,0.447,0.184,0.119,0.238,0.129,0.089,0.475,0.194,0.171,0.397,0.315,0.159,0.174,0.358,0.231,0.114,0.295,0.165,0.236,0.401,0.374,0.396,0.173,0.235,0.145,0.16,0.328,0.376,0.22,0.445,0.17,0.386,0.225,0.451,0.286,0.271,0.151,0.113,0.122,0.167,0.276,0.273,0.152,0.154,0.214,0.136,0.277,0.233,0.115,0.114,0.145,0.383,0.366,0.393,0.178,0.275,0.135,0.162,0.153,0.2,0.366,0.321,0.111,0.373,0.112,0.276,0.295,0.429,0.164,0.389,0.087,0.316,0.41
0.145,0.296,0.387,0.125,0.073,0.199,0.08,0.147,0.292,0.149,0.099,0.22,0.125,0.091,0.236,0.07,0.156,0.274,0.104,0.153,0.103,0.148,0.089,0.15,0.229,0.172,0.207,0.237,0.208,0.175,0.18,0.164,0.159,0.221,0.125,0.342,0.218,0.244,0.237,0.17,0.184,0.142,0.252,0.046,0.151,0.166,0.218,0.138,0.077,0.285,0.225,0.152,0.08,0.123,0.155,0.259,0.249,0.211,0.238,0.055,0.297,0.192,0.218,0.064,0.231,0.274,0.228,0.132,0.169,0.098,0.094,0.15,0.198,0.223,0.269,0.193,0.097,0.315,0.277,0.061,0.043,0.107,0.181,0.262,0.259,0.159,0.213,0.204,0.192,0.135,0.235,0.187,0.203,0.18,0.207,0.238,0.296,0.11,0.103,0.209,0.163,0.069,0.117,0.091,0.255,0.111,0.051,0.2,0.249,0.156,0.157,0.078,0.322,0.229,0.161,0.231,1.0,0.123,0.291,0.24,0.367,0.194,0.111,0.205,0.18,0.255,0.11,0.051,0.204,0.297,0.319,0.171,0.269,0.193,0.138,0.16,0.122,0.05,0.159,0.091,0.091,0.278,0.096,0.282,0.108,0.207,0.063,0.136,0.15,0.261,0.16,0.096,0.112,0.198,0.141,0.234,0.264,0.202,0.247,0.319,0.159,0.158,0.08,0.185,0.048,0.077,0.091,0.224,0.2,0.154,0.212,0.039,0.041,0.06,0.048,0.157,0.133,0.055,0.205,0.142,0.143,0.169,0.063,0.068,0.173,0.259,0.123,0.184,0.23,0.098,0.104,0.21,0.15,0.13,0.115,0.066,0.105,0.095,0.072,0.157,0.318,0.183,0.08,0.258,0.237,0.224,0.152,0.108,0.102,0.125,0.126,0.234,0.044,0.1,0.25,0.106,0.137,0.212,0.16,0.134,0.145,0.257,0.204,0.079,0.168,0.13,0.14,0.296,0.04,0.11,0.307,0.221,0.176,0.159,0.249,0.229,0.214,0.206,0.148,0.218,0.066,0.216,0.545,0.034,0.125,0.213,0.14,0.078,0.162,0.072,0.205,0.151,0.273,0.13,0.098,0.296,0.192,0.165,0.24,0.264,0.091,0.313,0.179,0.157,0.205,0.157,0.175,0.181,0.074,0.287,0.157,0.079,0.14,0.072,0.076,0.175,0.134,0.153,0.311,0.446,0.362,0.208,0.275,0.13,0.091,0.204,0.104,0.24,0.287,0.305,0.181,0.174,0.21,0.038,0.218,0.226,0.204,0.188,0.216,0.043,0.238,0.074,0.307,0.275,0.147,0.113,0.126,0.101,0.194,0.154,0.196,0.077,0.178,0.128,0.103,0.21,0.299,0.09,0.085,0.068,0.241,0.228,0.254,0.115,0.19,0.11,0.041,0.111,0.14,0.264,0.247,0.073,0.158,0.102,0.21,0.196,0.275,0.1,0.316,0.078,0.238,0.265
0.103,0.208,0.117,0.159,0.15,0.071,0.145,0.127,0.115,0.112,0.081,0.105,0.069,0.097,0.114,0.13,0.13,0.14,0.191,0.275,0.114,0.073,0.248,0.09,0.204,0.107,0.114,0.108,0.127,0.147,0.155,0.084,0.129,0.16,0.113,0.18,0.178,0.112,0.124,0.174,0.116,0.162,0.134,0.086,0.103,0.116,0.222,0.154,0.081,0.05,0.098,0.119,0.073,0.119,0.116,0.077,0.124,0.139,0.115,0.09,0.116,0.054,0.088,0.123,0.118,0.122,0.168,0.103,0.151,0.13,0.177,0.09,0.154,0.089,0.146,0.131,0.131,0.127,0.147,0.209,0.178,0.093,0.151,0.167,0.237,0.123,0.15,0.118,0.121,0.115,0.105,0.195,0.127,0.111,0.089,0.106,0.208,0.092,0.103,0.117,0.31,0.186,0.108,0.166,0.096,0.097,0.093,0.112,0.125,0.099,0.108,0.146,0.136,0.296,0.154,0.134,0.123,1.0,0.13,0.131,0.171,0.111,0.073,0.128,0.137,0.154,0.092,0.045,0.15,0.146,0.141,0.089,0.156,0.212,0.154,0.098,0.088,0.093,0.108,0.17,0.17,0.154,0.088,0.301,0.089,0.115,0.164,0.099,0.14,0.124,0.162,0.137,0.092,0.132,0.118,0.125,0.112,0.156,0.141,0.155,0.086,0.162,0.085,0.074,0.405,0.08,0.17,0.127,0.167,0.122,0.106,0.07,0.197,0.086,0.076,0.198,0.119,0.09,0.106,0.129,0.11,0.122,0.164,0.159,0.072,0.142,0.065,0.198,0.096,0.146,0.145,0.127,0.086,0.244,0.084,0.064,0.083,0.114,0.059,0.161,0.185,0.125,0.111,0.144,0.104,0.153,0.166,0.107,0.118,0.111,0.107,0.205,0.148,0.273,0.174,0.086,0.226,0.172,0.145,0.211,0.094,0.149,0.141,0.105,0.124,0.244,0.072,0.208,0.071,0.251,0.109,0.101,0.08,0.093,0.165,0.115,0.117,0.113,0.13,0.1,0.176,0.142,0.239,0.104,0.114,0.166,0.142,0.062,0.234,0.175,0.078,0.141,0.135,0.08,0.093,0.208,0.099,0.103,0.124,0.159,0.097,0.125,0.101,0.054,0.192,0.123,0.103,0.151,0.149,0.119,0.145,0.106,0.124,0.081,0.079,0.085,0.308,0.085,0.661,0.133,0.141,0.143,0.211,0.244,0.088,0.097,0.13,0.142,0.124,0.159,0.128,0.097,0.16,0.305,0.105,0.13,0.12,0.134,0.141,0.192,0.104,0.137,0.162,0.14,0.108,0.171,0.052,0.082,0.125,0.118,0.168,0.098,0.086,0.1,0.083,0.148,0.119,0.317,0.101,0.157,0.136,0.142,0.161,0.161,0.199,0.088,0.167,0.16,0.121,0.12,0.123,0.107,0.103,0.083,0.138,0.123,0.165,0.167,0.199,0.062,0.168,0.16
0.246,0.214,0.336,0.192,0.13,0.186,0.147,0.157,0.244,0.271,0.159,0.266,0.201,0.194,0.423,0.149,0.331,0.235,0.161,0.314,0.184,0.236,0.124,0.13,0.345,0.261,0.432,0.327,0.451,0.165,0.319,0.273,0.185,0.424,0.273,0.546,0.383,0.262,0.4,0.333,0.34,0.285,0.576,0.092,0.137,0.337,0.387,0.266,0.114,0.174,0.366,0.217,0.218,0.211,0.201,0.337,0.43,0.369,0.312,0.155,0.347,0.13,0.331,0.127,0.212,0.355,0.182,0.127,0.256,0.181,0.165,0.13,0.392,0.394,0.309,0.292,0.168,0.315,0.299,0.207,0.065,0.157,1.0,0.414,0.363,0.142,0.227,0.298,0.346,0.276,0.086,0.3,0.433,0.206,0.368,0.299,0.214,0.254,0.164,0.463,0.33,0.127,0.221,0.139,0.46,0.185,0.1,0.275,0.41,0.204,0.227,0.189,0.399,0.352,0.155,0.517,0.291,0.13,1.0,0.466,0.473,0.351,0.146,0.428,0.279,0.491,0.254,0.112,0.339,0.377,0.521,0.259,0.448,0.2,0.266,0.185,0.108,0.094,0.318,0.171,0.171,0.52,0.184,0.496,0.15,0.287,0.137,0.159,0.268,0.41,0.299,0.124,0.195,0.26,0.274,0.414,0.322,0.234,0.454,0.443,0.266,0.154,0.148,0.257,0.106,0.118,0.171,0.349,0.399,0.234,0.382,0.079,0.078,0.075,0.085,0.319,0.237,0.155,0.258,0.17,0.366,0.325,0.137,0.134,0.213,0.45,0.1,0.281,0.273,0.165,0.288,0.329,0.225,0.173,0.128,0.13,0.162,0.232,0.093,0.317,0.34,0.248,0.196,0.409,0.34,0.31,0.127,0.217,0.192,0.102,0.117,0.303,0.082,0.197,0.367,0.133,0.243,0.261,0.236,0.17,0.172,0.441,0.172,0.112,0.277,0.243,0.102,0.214,0.076,0.203,0.301,0.435,0.309,0.232,0.319,0.372,0.268,0.251,0.298,0.328,0.148,0.159,0.915,0.061,0.151,0.401,0.144,0.133,0.16,0.162,0.261,0.176,0.557,0.198,0.085,0.214,0.329,0.321,0.283,0.239,0.155,0.451,0.139,0.128,0.385,0.222,0.405,1.0,0.101,0.611,0.184,0.15,0.2,0.1,0.097,0.398,0.216,0.18,0.484,0.382,0.194,0.225,0.453,0.243,0.091,0.285,0.161,0.27,0.492,0.367,0.433,0.225,0.245,0.078,0.237,0.359,0.51,0.223,0.396,0.093,0.407,0.15,0.468,0.409,0.308,0.172,0.075,0.12,0.168,0.226,0.272,0.131,0.137,0.248,0.146,0.362,0.268,0.127,0.123,0.146,0.453,0.427,0.373,0.188,0.271,0.133,0.093,0.168,0.185,0.396,0.382,0.123,0.36,0.119,0.348,0.372,0.529,0.191,0.445,0.095,0.438,0.426
0.292,0.38,0.239,0.319,0.138,0.217,0.132,0.139,0.252,0.211,0.117,0.245,0.267,0.181,0.362,0.135,0.237,0.187,0.151,0.262,0.144,0.375,0.12,0.119,0.352,0.437,0.491,0.216,0.389,0.207,0.402,0.26,0.219,0.363,0.164,0.469,0.482,0.608,0.438,0.37,0.246,0.239,0.49,0.1,0.14,0.457,0.278,0.788,0.112,0.082,0.307,0.181,0.21,0.277,0.187,0.265,0.283,0.367,0.212,0.126,0.224,0.167,0.282,0.131,0.292,0.315,0.158,0.114,0.277,0.203,0.17,0.119,0.333,0.319,0.212,0.282,0.164,0.313,0.29,0.224,0.078,0.139,0.376,0.477,0.259,0.121,0.214,0.256,0.355,0.316,0.076,0.384,0.403,0.186,0.356,0.242,0.38,0.272,0.231,0.336,0.33,0.137,0.249,0.158,0.44,0.196,0.102,0.266,0.415,0.154,0.272,0.178,0.733,0.311,0.172,0.488,0.24,0.131,0.466,1.0,0.388,0.318,0.207,0.455,0.277,0.469,0.272,0.082,0.38,0.263,0.411,0.212,0.308,0.181,0.788,0.191,0.096,0.103,0.22,0.244,0.244,0.44,0.28,0.403,0.242,0.257,0.201,0.136,0.324,0.284,0.295,0.127,0.194,0.262,0.194,0.307,0.198,0.313,0.317,0.318,0.232,0.176,0.148,0.255,0.17,0.134,0.244,0.31,0.334,0.166,0.402,0.088,0.085,0.069,0.09,0.378,0.175,0.126,0.19,0.162,0.34,0.265,0.223,0.212,0.237,0.455,0.121,0.378,0.286,0.163,0.189,0.458,0.171,0.185,0.115,0.13,0.138,0.22,0.091,0.293,0.468,0.257,0.172,0.444,0.283,0.362,0.146,0.219,0.167,0.094,0.156,0.263,0.091,0.3,0.277,0.118,0.288,0.308,0.267,0.228,0.218,0.322,0.243,0.108,0.295,0.373,0.079,0.38,0.082,0.284,0.248,0.505,0.278,0.253,0.258,0.367,0.293,0.262,0.22,0.234,0.237,0.166,1.0,0.067,0.15,0.308,0.138,0.107,0.189,0.189,0.213,0.167,0.497,0.309,0.07,0.38,0.504,0.316,0.447,0.187,0.158,0.319,0.113,0.167,0.357,0.411,0.366,0.376,0.116,0.455,0.261,0.132,0.282,0.1,0.101,0.376,0.213,0.219,0.594,0.336,0.214,0.25,0.468,0.373,0.095,0.31,0.16,0.251,0.492,0.293,0.432,0.26,0.275,0.134,0.185,0.309,0.413,0.203,0.35,0.154,0.404,0.216,0.478,0.356,0.323,0.184,0.056,0.12,0.185,0.203,0.327,0.151,0.175,0.498,0.15,0.244,0.244,0.145,0.121,0.136,0.35,0.335,0.31,0.199,0.261,0.138,0.146,0.203,0.238,0.386,0.264,0.117,0.371,0.086,0.399,0.352,0.523,0.193,0.363,0.093,0.49,0.322
0.272,0.467,0.355,0.205,0.149,0.176,0.153,0.146,0.177,0.163,0.106,0.241,0.215,0.176,0.382,0.135,0.254,0.365,0.167,0.336,0.183,0.299,0.166,0.138,0.32,0.291,0.356,0.281,0.371,0.187,0.24,0.302,0.204,0.419,0.277,0.422,0.422,0.306,0.354,0.339,0.421,0.263,0.487,0.108,0.142,0.338,0.441,0.28,0.126,0.108,0.362,0.233,0.199,0.251,0.199,0.264,0.507,0.324,0.316,0.108,0.374,0.143,0.257,0.138,0.223,0.316,0.3,0.133,0.254,0.173,0.182,0.138,0.404,0.411,0.313,0.334,0.177,0.44,0.292,0.134,0.084,0.239,0.279,0.374,0.348,0.136,0.349,0.332,0.314,0.277,0.085,0.254,0.36,0.251,0.353,0.315,0.467,0.272,0.191,0.418,0.308,0.145,0.198,0.167,0.392,0.202,0.114,0.245,0.433,0.203,0.217,0.157,0.384,0.455,0.235,0.415,0.367,0.171,0.473,0.388,1.0,0.323,0.167,0.343,0.241,0.494,0.272,0.116,0.305,0.491,0.463,0.24,0.542,0.262,0.28,0.183,0.112,0.115,0.291,0.191,0.191,0.536,0.184,0.45,0.151,0.295,0.161,0.144,0.245,0.477,0.267,0.142,0.201,0.264,0.265,0.394,0.339,0.254,0.42,0.496,0.212,0.238,0.154,0.206,0.128,0.127,0.191,0.338,0.337,0.174,0.337,0.087,0.1,0.077,0.101,0.285,0.162,0.108,0.249,0.169,0.366,0.246,0.161,0.155,0.166,0.413,0.117,0.251,0.225,0.18,0.184,0.294,0.176,0.174,0.126,0.134,0.189,0.19,0.101,0.299,0.438,0.272,0.161,0.35,0.257,0.287,0.117,0.222,0.169,0.105,0.119,0.336,0.103,0.217,0.473,0.128,0.264,0.291,0.251,0.162,0.19,0.51,0.248,0.126,0.276,0.259,0.106,0.467,0.096,0.233,0.31,0.35,0.274,0.206,0.383,0.315,0.226,0.219,0.256,0.369,0.173,0.228,1.0,0.075,0.161,0.445,0.16,0.161,0.163,0.162,0.208,0.175,0.457,0.238,0.09,0.467,0.281,0.3,0.296,0.323,0.189,0.376,0.134,0.144,0.392,0.235,0.433,0.279,0.123,0.523,0.207,0.168,0.241,0.112,0.121,0.382,0.254,0.191,0.594,0.545,0.19,0.227,0.443,0.259,0.099,0.248,0.182,0.336,0.517,0.339,0.316,0.201,0.317,0.097,0.194,0.316,0.388,0.221,0.383,0.114,0.374,0.172,0.497,0.333,0.267,0.164,0.144,0.129,0.199,0.179,0.263,0.149,0.139,0.29,0.158,0.361,0.343,0.142,0.132,0.134,0.442,0.46,0.588,0.163,0.283,0.133,0.116,0.192,0.212,0.397,0.449,0.144,0.354,0.107,0.29,0.31,0.416,0.19,0.508,0.102,0.39,0.495
0.411,0.334,0.252,0.194,0.143,0.256,0.118,0.253,0.184,0.167,0.11,0.355,0.157,0.116,0.315,0.132,0.277,0.173,0.147,0.294,0.105,0.181,0.1,0.26,0.241,0.217,0.32,0.321,0.334,0.252,0.292,0.165,0.237,0.292,0.167,0.337,0.631,0.235,0.297,0.281,0.335,0.229,0.361,0.13,0.265,0.275,0.258,0.388,0.187,0.43,0.295,0.238,0.15,0.196,0.402,0.367,0.222,0.256,0.181,0.11,0.384,0.244,0.37,0.176,0.288,0.312,0.136,0.348,0.143,0.22,0.169,0.26,0.288,0.289,0.348,0.364,0.177,0.228,0.317,0.297,0.086,0.201,0.21,0.286,0.222,0.155,0.229,0.243,0.264,0.288,0.177,0.264,0.376,0.309,0.407,0.277,0.334,0.194,0.16,0.237,0.255,0.169,0.141,0.158,0.25,0.178,0.113,0.351,0.292,0.261,0.204,0.175,0.461,0.229,0.192,0.3,0.194,0.111,0.351,0.318,0.323,1.0,0.701,0.28,0.292,0.336,0.194,0.127,0.286,0.355,0.378,0.352,0.269,0.14,0.388,0.385,0.245,0.121,0.208,0.231,0.231,0.349,0.214,0.384,0.142,0.448,0.229,0.278,0.211,0.226,0.249,0.211,0.41,0.357,0.241,0.39,0.352,0.158,0.371,0.33,0.118,0.19,0.172,0.33,0.293,0.146,0.231,0.345,0.317,0.319,0.302,0.09,0.132,0.184,0.098,0.26,0.299,0.11,0.357,0.241,0.283,0.231,0.358,0.213,0.231,0.392,0.139,0.244,0.341,0.144,0.156,0.372,0.221,0.164,0.224,0.123,0.183,0.192,0.128,0.196,0.24,0.349,0.154,0.282,0.343,0.372,0.322,0.232,0.163,0.184,0.793,0.206,0.144,0.276,0.285,0.214,0.304,0.144,0.252,0.178,0.118,0.378,0.203,0.178,0.207,0.342,0.175,0.334,0.107,0.205,0.321,0.3,0.201,0.113,0.236,0.403,0.377,0.146,0.352,0.31,0.248,0.269,0.782,0.1,0.182,0.251,0.229,0.106,0.224,0.17,0.321,0.27,0.34,0.154,0.187,0.334,0.245,0.345,0.284,0.362,0.113,0.248,0.256,0.196,0.286,0.204,0.289,0.21,0.113,0.326,0.142,0.14,0.181,0.273,0.097,0.278,0.193,0.159,0.488,0.257,0.247,0.232,0.389,0.342,0.163,0.231,0.181,0.288,0.333,0.286,0.333,0.382,0.251,0.236,0.35,0.314,0.329,0.233,0.28,0.279,0.247,0.201,0.358,0.316,0.304,0.221,0.205,0.247,0.294,0.212,0.333,0.135,0.165,0.212,0.229,0.362,0.322,0.106,0.253,0.139,0.256,0.4,0.389,0.186,0.207,0.366,0.258,0.187,0.189,0.398,0.28,0.13,0.229,0.202,0.331,0.303,0.393,0.149,0.321,0.128,0.355,0.285
0.589,0.234,0.122,0.117,0.193,0.303,0.085,0.311,0.273,0.173,0.123,0.303,0.147,0.088,0.165,0.136,0.497,0.065,0.133,0.334,0.095,0.147,0.101,0.63,0.167,0.285,0.321,0.286,0.277,0.267,0.589,0.083,0.589,0.167,0.1,0.164,0.461,0.103,0.167,0.321,0.57,0.246,0.221,0.123,0.323,0.273,0.128,0.273,0.243,0.242,0.126,0.401,0.117,0.273,0.414,0.274,0.146,0.167,0.114,0.133,0.311,0.271,0.3,0.165,0.318,0.295,0.071,0.416,0.144,0.273,0.246,0.63,0.167,0.38,0.334,0.374,0.246,0.072,0.446,0.104,0.081,0.271,0.089,0.137,0.075,0.217,0.234,0.123,0.213,0.442,0.206,0.589,0.357,0.303,0.427,0.3,0.234,0.093,0.137,0.165,0.128,0.188,0.137,0.125,0.126,0.143,0.137,0.369,0.105,0.327,0.147,0.207,0.056,0.139,0.234,0.128,0.111,0.073,0.146,0.207,0.167,0.701,1.0,0.112,0.249,0.128,0.093,0.049,0.146,0.306,0.263,0.303,0.167,0.081,0.273,0.701,0.305,0.137,0.276,0.164,0.164,0.179,0.273,0.387,0.141,0.768,0.125,0.308,0.273,0.099,0.203,0.327,0.701,0.387,0.137,0.507,0.311,0.144,0.341,0.259,0.108,0.234,0.221,0.242,0.092,0.141,0.164,0.497,0.261,0.367,0.237,0.125,0.106,0.34,0.117,0.144,0.249,0.133,0.381,0.246,0.137,0.217,0.125,0.123,0.132,0.358,0.2,0.589,0.497,0.111,0.165,0.367,0.337,0.291,0.401,0.083,0.095,0.273,0.089,0.13,0.147,0.701,0.207,0.199,0.497,0.603,0.202,0.125,0.107,0.207,0.374,0.111,0.111,0.193,0.246,0.275,0.303,0.144,0.397,0.099,0.103,0.374,0.234,0.243,0.154,0.246,0.116,0.234,0.106,0.273,0.446,0.165,0.091,0.111,0.207,0.701,0.497,0.079,0.374,0.357,0.137,0.271,0.167,0.08,0.46,0.167,0.412,0.106,0.246,0.141,0.327,0.271,0.146,0.147,0.26,0.234,0.169,0.365,0.273,0.271,0.11,0.147,0.358,0.22,0.227,0.273,0.179,0.089,0.123,0.146,0.118,0.164,0.147,0.566,0.07,0.128,0.253,0.103,0.082,0.081,0.446,0.322,0.284,0.246,0.317,0.193,0.191,0.386,0.147,0.252,0.259,0.469,0.165,0.066,0.287,0.258,0.146,0.311,0.213,0.08,0.207,0.14,0.247,0.329,0.357,0.46,0.271,0.397,0.675,0.214,0.339,0.207,0.157,0.103,0.285,0.531,0.221,0.101,0.57,0.136,0.167,0.701,0.423,0.179,0.203,0.426,0.079,0.246,0.221,0.271,0.213,0.148,0.114,0.299,0.459,0.295,0.308,0.118,0.146,0.079,0.299,0.167
0.264,0.329,0.281,0.169,0.127,0.125,0.148,0.123,0.398,0.316,0.13,0.214,0.169,0.205,0.398,0.143,0.378,0.17,0.179,0.294,0.158,0.191,0.13,0.135,0.358,0.231,0.413,0.221,0.337,0.162,0.329,0.291,0.156,0.376,0.176,0.374,0.327,0.78,0.452,0.313,0.248,0.257,0.396,0.124,0.105,0.33,0.335,0.231,0.121,0.066,0.383,0.155,0.162,0.197,0.192,0.224,0.306,0.346,0.252,0.129,0.3,0.084,0.267,0.186,0.212,0.337,0.257,0.105,0.217,0.17,0.137,0.135,0.367,0.208,0.248,0.303,0.135,0.222,0.229,0.27,0.187,0.206,1.0,0.364,0.221,0.148,0.201,0.227,0.32,0.226,0.092,0.277,0.302,0.229,0.237,0.255,0.329,0.206,0.218,0.48,0.314,0.134,0.234,0.176,0.383,0.149,0.183,0.333,0.251,0.169,0.29,0.163,1.0,0.278,0.155,0.506,0.205,0.128,0.428,0.455,0.343,0.28,0.112,1.0,0.217,0.344,0.206,0.061,0.38,0.319,0.467,0.226,0.345,0.253,0.231,0.143,0.116,0.187,0.184,0.376,0.376,0.347,0.166,0.365,0.151,0.209,0.167,0.161,0.236,0.453,0.196,0.114,0.195,0.243,0.258,0.457,0.268,0.203,0.423,0.421,0.362,0.182,0.15,0.153,0.429,0.145,0.376,0.282,0.326,0.205,0.322,0.094,0.125,0.083,0.117,0.301,0.241,0.129,0.233,0.134,0.234,0.415,0.41,0.329,0.102,0.289,0.138,0.276,0.217,0.183,0.369,0.277,0.207,0.174,0.131,0.191,0.156,0.19,0.092,0.343,0.349,0.283,0.165,0.433,0.287,0.282,0.154,0.251,0.174,0.083,0.167,0.329,0.128,0.16,0.283,0.14,0.243,0.21,0.221,0.13,0.216,0.349,0.159,0.093,0.237,0.21,0.088,0.329,0.15,0.193,0.282,0.312,0.173,0.206,0.257,0.298,0.258,0.138,0.252,0.251,0.447,0.146,0.695,0.088,0.117,0.377,0.11,0.102,0.183,0.147,0.223,0.134,0.345,0.181,0.09,0.329,0.27,0.215,0.379,0.197,0.142,0.557,0.103,0.084,0.334,0.196,0.267,1.0,0.126,0.302,0.195,0.13,0.19,0.114,0.095,0.232,0.237,0.193,0.387,0.205,0.141,0.184,0.343,0.21,0.113,0.364,0.156,0.249,0.349,0.332,0.454,0.208,0.266,0.191,0.182,0.346,0.294,0.216,0.441,0.251,0.328,0.323,0.419,0.352,0.221,0.169,0.05,0.136,0.192,0.338,0.304,0.132,0.127,0.29,0.167,0.244,0.229,0.158,0.102,0.147,0.345,0.341,0.345,0.308,0.261,0.143,0.235,0.146,0.225,0.35,0.286,0.131,0.363,0.084,0.29,0.302,0.398,0.231,0.355,0.102,0.303,0.358
0.361,0.234,0.26,0.197,0.237,0.205,0.27,0.401,0.206,0.296,0.092,0.394,0.194,0.144,0.185,0.116,0.221,0.113,0.252,0.177,0.158,0.21,0.093,0.31,0.16,0.22,0.212,0.332,0.372,0.228,0.233,0.21,0.221,0.196,0.17,0.25,0.364,0.25,0.216,0.207,0.196,0.331,0.295,0.09,0.372,0.291,0.17,0.247,0.166,0.537,0.279,0.315,0.161,0.173,0.407,0.339,0.177,0.196,0.132,0.093,0.341,0.366,0.378,0.118,0.225,0.337,0.089,0.292,0.185,0.156,0.337,0.31,0.212,0.255,0.296,0.214,0.308,0.271,0.371,0.11,0.068,0.181,0.223,0.197,0.248,0.158,0.231,0.152,0.214,0.288,0.214,0.244,0.311,0.155,0.49,0.259,0.234,0.102,0.106,0.268,0.283,0.126,0.238,0.125,0.283,0.13,0.1,0.342,0.356,0.257,0.172,0.137,0.233,0.225,0.205,0.366,0.18,0.137,0.279,0.277,0.241,0.292,0.249,0.217,1.0,0.213,0.102,0.118,0.178,0.26,0.337,0.353,0.282,0.106,0.247,0.33,0.335,0.1,0.159,0.162,0.162,0.373,0.2,0.281,0.122,0.252,0.129,0.31,0.264,0.211,0.35,0.244,0.225,0.246,0.12,0.321,0.395,0.223,0.307,0.239,0.202,0.21,0.132,0.425,0.1,0.101,0.162,0.266,0.202,0.377,0.282,0.072,0.086,0.116,0.089,0.326,0.309,0.093,0.356,0.546,0.31,0.185,0.129,0.127,0.229,0.33,0.167,0.237,0.326,0.138,0.141,0.342,0.368,0.169,0.267,0.104,0.143,0.165,0.106,0.141,0.231,0.161,0.144,0.259,0.345,0.258,0.497,0.118,0.12,0.347,0.392,0.146,0.089,0.449,0.281,0.308,0.188,0.223,0.208,0.353,0.149,0.308,0.211,0.267,0.268,0.554,0.141,0.234,0.084,0.164,0.346,0.276,0.267,0.251,0.154,0.251,0.342,0.214,0.209,0.323,0.139,0.48,0.376,0.065,0.179,0.188,0.358,0.101,0.226,0.104,0.32,0.556,0.318,0.188,0.186,0.234,0.258,0.315,0.26,0.38,0.097,0.233,0.341,0.268,0.219,0.229,0.341,0.223,0.098,0.323,0.139,0.104,0.218,0.152,0.088,0.521,0.141,0.185,0.202,0.255,0.349,0.31,0.237,0.554,0.134,0.164,0.162,0.18,0.248,0.281,0.22,0.263,0.152,0.075,0.38,0.371,0.275,0.277,0.315,0.089,0.225,0.142,0.286,0.244,0.231,0.246,0.393,0.228,0.294,0.421,0.295,0.124,0.163,0.11,0.231,0.448,0.164,0.1,0.131,0.114,0.22,0.271,0.315,0.129,0.313,0.276,0.089,0.245,0.172,0.491,0.403,0.101,0.176,0.194,0.265,0.248,0.265,0.146,0.232,0.106,0.237,0.208
0.199,0.329,0.317,0.175,0.123,0.153,0.128,0.136,0.196,0.136,0.101,0.29,0.198,0.141,0.352,0.105,0.225,0.224,0.169,0.385,0.163,0.208,0.176,0.116,0.343,0.214,0.488,0.31,0.412,0.209,0.28,0.245,0.147,0.445,0.356,0.412,0.351,0.227,0.401,0.393,0.373,0.257,0.476,0.081,0.11,0.333,0.365,0.254,0.11,0.124,0.358,0.225,0.123,0.214,0.208,0.282,0.467,0.418,0.305,0.089,0.267,0.108,0.303,0.106,0.192,0.297,0.194,0.113,0.208,0.186,0.158,0.116,0.444,0.338,0.306,0.341,0.162,0.252,0.32,0.1,0.086,0.203,0.196,0.335,0.29,0.125,0.254,0.267,0.394,0.294,0.072,0.206,0.37,0.193,0.346,0.236,0.329,0.201,0.169,0.326,0.308,0.119,0.177,0.124,0.384,0.205,0.087,0.259,0.458,0.204,0.229,0.13,0.297,0.294,0.306,0.446,0.255,0.154,0.491,0.469,0.494,0.336,0.128,0.344,0.213,1.0,0.201,0.122,0.397,0.399,0.489,0.304,0.508,0.218,0.254,0.17,0.097,0.087,0.265,0.156,0.156,0.523,0.175,0.498,0.176,0.303,0.118,0.13,0.25,0.348,0.292,0.107,0.173,0.248,0.278,0.386,0.248,0.215,0.366,0.414,0.179,0.19,0.139,0.23,0.087,0.148,0.156,0.413,0.375,0.161,0.408,0.076,0.07,0.064,0.077,0.256,0.125,0.089,0.265,0.157,0.281,0.245,0.118,0.117,0.158,0.404,0.118,0.203,0.245,0.163,0.136,0.324,0.152,0.176,0.114,0.137,0.189,0.168,0.114,0.408,0.404,0.242,0.132,0.334,0.294,0.305,0.093,0.249,0.134,0.087,0.09,0.305,0.073,0.181,0.339,0.11,0.307,0.223,0.217,0.169,0.16,0.492,0.203,0.111,0.278,0.231,0.076,0.329,0.069,0.206,0.267,0.316,0.264,0.176,0.275,0.324,0.21,0.18,0.263,0.379,0.128,0.19,0.847,0.054,0.126,0.479,0.13,0.159,0.16,0.161,0.234,0.16,0.474,0.204,0.074,0.329,0.251,0.304,0.312,0.234,0.197,0.373,0.116,0.108,0.392,0.292,0.386,0.196,0.087,0.469,0.175,0.136,0.24,0.087,0.097,0.366,0.252,0.193,0.485,0.285,0.158,0.205,0.375,0.231,0.082,0.278,0.148,0.285,0.419,0.335,0.322,0.191,0.23,0.064,0.219,0.271,0.421,0.235,0.314,0.076,0.363,0.132,0.339,0.291,0.252,0.161,0.096,0.107,0.248,0.165,0.252,0.125,0.164,0.214,0.136,0.34,0.228,0.15,0.123,0.105,0.476,0.471,0.387,0.123,0.282,0.111,0.075,0.165,0.167,0.352,0.485,0.117,0.403,0.109,0.309,0.394,0.46,0.174,0.425,0.124,0.377,0.472
0.064,0.186,0.154,0.316,0.139,0.052,0.055,0.139,0.205,0.059,0.086,0.19,0.245,0.062,0.213,0.101,0.133,0.094,0.07,0.226,0.064,0.245,0.187,0.12,0.272,0.245,0.272,0.186,0.272,0.132,0.213,0.113,0.098,0.272,0.186,0.248,0.104,0.073,1.0,0.164,0.19,0.239,0.316,0.086,0.097,0.245,0.292,0.205,0.114,0.037,0.197,0.116,0.076,0.245,0.114,0.105,0.226,0.272,0.161,0.099,0.143,0.042,0.19,0.113,0.099,0.14,0.097,0.114,0.107,0.205,0.187,0.12,0.272,0.14,0.154,0.194,0.187,0.11,0.19,0.073,0.067,0.096,0.059,0.19,0.166,0.087,0.186,0.159,0.63,0.14,0.063,0.149,0.226,0.12,0.154,0.104,0.186,1.0,0.172,0.193,0.244,0.136,0.095,0.08,0.197,0.332,0.087,0.169,0.146,0.261,0.245,0.149,0.086,0.11,0.186,0.19,0.11,0.092,0.254,0.272,0.272,0.194,0.093,0.206,0.102,0.201,1.0,0.029,0.226,0.194,0.272,0.19,0.272,0.224,0.205,0.205,0.086,0.087,0.186,0.12,0.12,0.272,0.205,0.272,0.169,0.264,0.08,0.08,0.205,0.224,0.151,0.107,1.0,1.0,0.154,0.226,0.143,0.107,0.194,0.226,0.07,0.186,0.169,0.151,0.056,0.104,0.12,0.161,0.272,0.071,0.272,0.08,0.064,0.06,0.076,1.0,0.12,0.099,0.154,0.187,0.14,0.149,0.08,0.086,0.085,0.272,0.09,0.107,0.319,0.072,0.112,0.203,0.069,0.187,0.12,0.277,0.099,0.205,0.063,0.203,0.245,0.15,0.149,0.197,0.205,1.0,0.048,0.224,0.066,0.085,0.057,0.166,0.071,0.139,0.187,0.12,0.187,0.107,0.109,0.069,0.073,0.272,0.186,0.114,0.316,0.187,0.053,0.186,0.064,0.245,0.127,0.275,0.18,0.077,0.149,0.248,0.27,0.054,0.202,0.19,0.087,0.186,0.272,0.05,0.106,0.272,0.139,0.173,0.187,0.256,0.186,0.187,0.226,0.245,0.049,0.186,0.162,0.146,0.205,0.11,0.316,0.197,0.053,0.042,0.272,0.205,0.19,0.059,0.086,0.226,0.077,0.213,0.245,0.09,0.041,0.19,0.139,0.073,0.11,0.11,0.187,0.107,0.255,0.187,0.089,0.264,0.136,0.13,0.245,0.19,0.396,0.172,0.245,0.041,0.296,0.134,0.226,0.088,0.199,0.049,0.245,0.096,0.199,1.0,0.14,0.139,0.053,0.112,0.186,0.085,0.139,0.149,0.107,0.164,0.116,0.19,0.169,0.187,0.107,0.101,0.416,0.272,0.194,0.13,0.151,0.12,0.046,0.187,0.169,0.16,0.226,0.109,0.308,0.043,0.272,0.272,0.272,0.076,0.226,0.052,0.245,0.272
0.031,0.275,0.061,0.042,0.076,0.06,0.027,0.213,0.116,0.086,0.044,0.118,0.054,0.03,0.082,0.05,0.15,0.02,0.038,0.076,0.036,0.054,0.102,0.101,0.072,0.054,0.116,0.197,0.085,0.123,0.123,0.061,0.041,0.065,0.074,0.063,0.052,0.036,0.168,0.061,0.058,0.102,0.09,0.044,0.092,0.116,0.068,0.116,0.063,0.101,0.046,0.274,0.042,0.116,0.13,0.09,0.054,0.065,0.048,0.049,0.136,0.13,0.132,0.061,0.09,0.111,0.066,0.111,0.054,0.123,0.102,0.101,0.065,0.033,0.111,0.063,0.274,0.046,0.102,0.036,0.047,1.0,0.029,0.091,0.09,0.048,0.275,0.042,0.136,0.281,0.082,0.082,0.076,0.063,0.13,0.075,0.275,0.029,0.049,0.061,0.116,0.073,0.049,0.043,0.046,0.082,0.048,0.152,0.082,0.218,0.054,0.088,0.018,0.056,0.275,0.088,0.051,0.045,0.112,0.082,0.116,0.127,0.049,0.061,0.118,0.122,0.029,1.0,0.061,0.042,0.111,0.118,0.281,0.072,0.116,0.119,0.274,0.048,0.029,0.063,0.063,0.069,0.116,0.082,0.068,0.077,0.043,0.111,0.116,0.035,0.197,0.076,0.076,0.13,0.087,0.087,0.136,0.054,0.046,0.054,0.036,0.275,0.09,0.132,0.029,0.052,0.063,0.2,0.172,0.13,0.069,0.043,0.034,0.061,0.042,0.368,0.118,0.049,0.13,0.102,0.048,0.097,0.043,0.044,0.152,0.229,0.064,0.054,0.2,0.037,0.061,0.076,0.183,0.102,0.213,0.068,0.274,0.116,0.125,0.061,0.082,0.076,0.082,0.099,0.453,0.131,0.064,0.047,0.034,0.069,0.05,0.072,0.036,0.076,0.102,0.083,0.122,0.054,0.061,0.197,0.036,0.072,0.275,0.058,0.058,0.102,0.061,0.275,0.034,0.116,0.111,0.061,0.032,0.038,0.082,0.109,0.13,0.029,0.09,0.065,0.048,0.275,0.065,0.024,0.085,0.065,0.102,0.459,0.102,0.051,0.132,0.13,0.054,0.054,0.493,0.275,0.065,0.071,0.116,0.13,0.082,0.079,0.062,0.132,0.346,0.116,0.069,0.029,0.044,0.054,0.038,0.063,0.054,0.046,0.032,0.046,0.076,0.444,0.029,0.023,0.102,0.076,0.066,0.102,0.046,0.076,0.073,0.069,0.054,0.061,0.09,0.453,0.061,0.02,0.118,0.09,0.193,0.213,0.073,0.024,0.082,0.051,0.135,0.13,0.065,0.157,0.13,0.078,0.275,0.087,0.128,0.082,0.09,0.034,0.038,0.092,0.09,0.102,0.058,0.05,0.065,0.087,0.116,0.069,0.094,0.066,0.023,0.102,0.09,0.13,0.073,0.055,0.082,0.161,0.213,0.088,0.065,0.04,0.076,0.125,0.082,0.065
0.231,0.329,0.203,0.265,0.179,0.204,0.158,0.165,0.194,0.174,0.128,0.231,0.187,0.167,0.372,0.199,0.182,0.153,0.163,0.276,0.154,0.193,0.111,0.192,0.299,0.244,0.413,0.257,0.314,0.197,0.343,0.196,0.225,0.386,0.176,0.404,0.383,0.412,0.326,0.276,0.226,0.234,0.324,0.183,0.154,0.279,0.307,0.311,0.173,0.066,0.226,0.186,0.2,0.211,0.199,0.155,0.263,0.43,0.215,0.176,0.205,0.16,0.238,0.312,0.296,0.278,0.12,0.142,0.258,0.248,0.176,0.192,0.338,0.222,0.17,0.315,0.171,0.205,0.223,0.366,0.192,0.289,0.376,0.279,0.204,0.226,0.22,0.326,0.281,0.297,0.143,0.345,0.331,0.243,0.183,0.17,0.329,0.226,0.238,0.265,0.281,0.229,0.221,0.28,0.29,0.202,0.317,0.252,0.246,0.204,0.239,0.227,0.313,0.21,0.194,0.281,0.204,0.15,0.339,0.38,0.305,0.286,0.146,0.38,0.178,0.397,0.226,0.061,1.0,0.231,0.325,0.191,0.284,0.161,0.311,0.203,0.165,0.316,0.248,0.531,0.531,0.319,0.219,0.319,0.184,0.236,0.228,0.168,0.293,0.218,0.209,0.168,0.244,0.27,0.226,0.255,0.17,0.319,0.272,0.294,0.169,0.251,0.235,0.188,0.646,0.207,0.531,0.222,0.346,0.206,0.309,0.14,0.23,0.122,0.184,0.306,0.23,0.176,0.201,0.169,0.284,0.277,0.59,0.458,0.192,0.366,0.088,0.314,0.255,0.23,0.213,0.32,0.122,0.15,0.187,0.139,0.146,0.241,0.13,0.251,0.372,0.377,0.23,0.363,0.242,0.297,0.213,0.276,0.237,0.116,0.221,0.198,0.221,0.208,0.278,0.21,0.296,0.295,0.312,0.143,0.246,0.307,0.249,0.113,0.24,0.274,0.161,0.329,0.229,0.227,0.211,0.312,0.266,0.158,0.261,0.351,0.242,0.214,0.295,0.21,0.66,0.185,0.915,0.139,0.155,0.394,0.139,0.102,0.243,0.225,0.179,0.17,0.319,0.177,0.136,0.329,0.324,0.222,0.287,0.186,0.129,0.238,0.12,0.16,0.364,0.255,0.257,0.376,0.205,0.334,0.296,0.158,0.194,0.169,0.122,0.233,0.166,0.18,0.484,0.205,0.229,0.255,0.395,0.274,0.167,0.332,0.199,0.241,0.283,0.285,0.426,0.295,0.287,0.378,0.186,0.286,0.298,0.261,0.384,0.345,0.259,0.471,0.401,0.278,0.29,0.164,0.06,0.208,0.235,0.152,0.278,0.185,0.186,0.248,0.13,0.22,0.285,0.119,0.124,0.213,0.294,0.32,0.289,0.386,0.257,0.201,0.337,0.21,0.28,0.221,0.241,0.156,0.288,0.102,0.304,0.33,0.356,0.233,0.283,0.118,0.375,0.349
0.273,0.151,0.391,0.184,0.158,0.202,0.198,0.191,0.154,0.159,0.113,0.334,0.155,0.178,0.309,0.159,0.299,0.476,0.222,0.259,0.189,0.159,0.141,0.191,0.231,0.168,0.225,0.282,0.294,0.199,0.208,0.231,0.219,0.325,0.268,0.286,0.399,0.235,0.249,0.252,0.448,0.241,0.404,0.111,0.3,0.217,0.411,0.2,0.251,0.226,0.28,0.216,0.171,0.226,0.433,0.297,0.431,0.227,0.266,0.119,0.556,0.212,0.263,0.161,0.195,0.327,0.257,0.243,0.218,0.177,0.159,0.191,0.324,0.275,0.37,0.426,0.144,0.248,0.241,0.124,0.094,0.148,0.21,0.248,0.367,0.172,0.298,0.363,0.212,0.205,0.143,0.219,0.436,0.179,0.3,0.35,0.151,0.194,0.16,0.297,0.194,0.15,0.232,0.178,0.268,0.161,0.149,0.247,0.31,0.218,0.179,0.148,0.461,0.329,0.142,0.328,0.297,0.146,0.377,0.263,0.491,0.355,0.306,0.319,0.26,0.399,0.194,0.042,0.231,1.0,0.437,0.356,0.486,0.2,0.2,0.256,0.221,0.149,0.286,0.171,0.171,0.435,0.13,0.431,0.119,0.372,0.107,0.197,0.192,0.486,0.144,0.136,0.228,0.32,0.3,0.418,0.454,0.221,0.486,0.637,0.204,0.161,0.132,0.181,0.118,0.117,0.171,0.323,0.284,0.307,0.255,0.109,0.117,0.194,0.211,0.186,0.177,0.119,0.33,0.219,0.227,0.245,0.165,0.16,0.107,0.339,0.135,0.222,0.217,0.195,0.166,0.361,0.231,0.157,0.162,0.108,0.171,0.16,0.093,0.231,0.404,0.239,0.165,0.274,0.254,0.286,0.265,0.168,0.208,0.197,0.799,0.287,0.128,0.152,0.45,0.163,0.224,0.277,0.266,0.085,0.181,0.65,0.133,0.282,0.255,0.187,0.106,0.151,0.117,0.191,0.405,0.223,0.206,0.191,0.375,0.278,0.279,0.178,0.419,0.433,0.176,0.266,0.782,0.179,0.163,0.385,0.172,0.134,0.149,0.167,0.279,0.252,0.349,0.202,0.161,0.151,0.176,0.241,0.313,0.435,0.166,0.369,0.417,0.155,0.295,0.186,0.284,0.21,0.141,0.402,0.158,0.149,0.183,0.211,0.097,0.205,0.216,0.156,0.488,0.375,0.226,0.247,0.336,0.187,0.176,0.19,0.244,0.357,0.424,0.273,0.281,0.227,0.346,0.092,0.286,0.296,0.262,0.331,0.359,0.22,0.265,0.14,0.388,0.273,0.282,0.158,0.22,0.186,0.182,0.214,0.259,0.13,0.106,0.212,0.583,0.393,0.248,0.118,0.198,0.152,0.359,0.442,0.557,0.154,0.24,0.437,0.199,0.165,0.199,0.369,0.445,0.136,0.261,0.373,0.251,0.231,0.312,0.181,0.376,0.095,0.328,0.456
0.272,0.232,0.397,0.187,0.119,0.38,0.158,0.265,0.284,0.274,0.09,0.388,0.213,0.155,0.407,0.115,0.311,0.274,0.19,0.345,0.16,0.211,0.129,0.229,0.443,0.232,0.509,0.438,0.409,0.292,0.31,0.303,0.287,0.477,0.237,0.401,0.422,0.306,0.415,0.293,0.354,0.269,0.432,0.092,0.208,0.268,0.419,0.28,0.128,0.636,0.327,0.293,0.151,0.199,0.306,0.468,0.413,0.349,0.268,0.092,0.517,0.35,0.515,0.114,0.302,0.456,0.199,0.273,0.213,0.148,0.148,0.229,0.365,0.318,0.476,0.423,0.149,0.357,0.471,0.134,0.068,0.2,0.489,0.412,0.354,0.161,0.25,0.413,0.298,0.278,0.149,0.336,0.448,0.227,0.355,0.317,0.232,0.272,0.169,0.429,0.276,0.119,0.215,0.137,0.416,0.182,0.089,0.452,0.367,0.259,0.192,0.133,0.527,0.399,0.151,0.548,0.319,0.141,0.521,0.411,0.463,0.378,0.263,0.467,0.337,0.489,0.272,0.111,0.325,0.437,1.0,0.37,0.463,0.273,0.28,0.322,0.183,0.09,0.255,0.191,0.191,0.466,0.157,0.428,0.272,0.363,0.161,0.288,0.256,0.48,0.234,0.177,0.231,0.294,0.271,0.49,0.48,0.26,0.453,0.419,0.312,0.153,0.128,0.364,0.128,0.114,0.191,0.491,0.35,0.263,0.313,0.07,0.08,0.087,0.08,0.341,0.271,0.092,0.407,0.231,0.267,0.312,0.161,0.155,0.228,0.438,0.154,0.316,0.447,0.162,0.22,0.334,0.255,0.241,0.204,0.149,0.175,0.161,0.094,0.284,0.357,0.246,0.131,0.44,0.402,0.455,0.343,0.211,0.143,0.194,0.285,0.372,0.082,0.217,0.377,0.182,0.307,0.231,0.246,0.131,0.171,0.475,0.338,0.127,0.24,0.259,0.116,0.232,0.075,0.194,0.455,0.33,0.305,0.287,0.294,0.56,0.493,0.166,0.259,0.4,0.173,0.229,1.0,0.061,0.159,0.394,0.219,0.134,0.19,0.133,0.496,0.233,0.421,0.205,0.15,0.232,0.295,0.35,0.282,0.34,0.147,0.487,0.189,0.309,0.353,0.208,0.33,0.489,0.098,0.388,0.189,0.14,0.227,0.116,0.099,0.339,0.293,0.183,0.594,0.337,0.224,0.296,0.459,0.259,0.127,0.327,0.166,0.284,0.441,0.393,0.388,0.246,0.26,0.097,0.38,0.429,0.321,0.283,0.512,0.114,0.323,0.172,0.459,0.339,0.268,0.191,0.159,0.192,0.244,0.33,0.39,0.124,0.152,0.29,0.182,0.391,0.268,0.169,0.12,0.116,0.39,0.425,0.439,0.167,0.27,0.198,0.116,0.166,0.185,0.446,0.454,0.124,0.424,0.139,0.348,0.297,0.485,0.169,0.403,0.094,0.361,0.427
0.199,0.253,0.263,0.129,0.12,0.167,0.12,0.309,0.177,0.188,0.087,0.831,0.114,0.095,0.206,0.109,0.241,0.11,0.173,0.245,0.206,0.115,0.128,0.273,0.192,0.164,0.203,0.352,0.379,0.403,0.297,0.122,0.227,0.214,0.14,0.295,0.351,0.227,0.212,0.189,0.257,0.161,0.342,0.101,0.367,0.174,0.241,0.254,0.473,0.537,0.155,0.274,0.167,0.159,0.548,0.296,0.204,0.194,0.165,0.095,0.412,0.293,0.351,0.137,0.228,0.427,0.13,0.549,0.135,0.153,0.133,0.273,0.204,0.252,0.348,0.367,0.143,0.114,0.352,0.126,0.079,0.197,0.21,0.196,0.161,0.184,0.179,0.138,0.233,0.281,0.21,0.187,0.346,0.176,0.378,0.214,0.253,0.19,0.121,0.194,0.173,0.143,0.125,0.118,0.154,0.136,0.108,0.372,0.166,0.32,0.135,0.127,0.261,0.145,0.16,0.209,0.171,0.089,0.259,0.212,0.24,0.352,0.303,0.226,0.353,0.304,0.19,0.118,0.191,0.356,0.37,1.0,0.268,0.122,0.254,0.344,0.358,0.105,0.172,0.17,0.17,0.224,0.134,0.317,0.121,0.434,0.118,0.272,0.159,0.169,0.141,0.296,0.308,0.353,0.193,0.436,0.35,0.128,0.3,0.335,0.09,0.174,0.122,0.292,0.12,0.098,0.17,0.297,0.29,0.407,0.322,0.09,0.083,0.168,0.18,0.206,0.292,0.095,0.404,0.297,0.227,0.267,0.165,0.16,0.102,0.405,0.238,0.218,0.351,0.113,0.118,0.443,0.293,0.178,0.253,0.102,0.137,0.146,0.086,0.161,0.198,0.218,0.128,0.237,0.368,0.361,0.497,0.144,0.126,0.261,0.658,0.169,0.092,0.181,0.195,0.237,0.233,0.141,0.317,0.084,0.098,0.497,0.157,0.45,0.157,0.231,0.139,0.253,0.08,0.157,0.341,0.165,0.114,0.089,0.172,0.337,0.39,0.221,0.381,0.398,0.175,0.404,0.847,0.101,0.307,0.215,0.278,0.123,0.21,0.119,0.392,0.38,0.198,0.124,0.233,0.253,0.143,0.31,0.235,0.396,0.128,0.227,0.303,0.193,0.366,0.15,0.181,0.21,0.103,0.192,0.121,0.216,0.125,0.209,0.069,0.154,0.184,0.139,0.485,0.121,0.264,0.26,0.275,0.231,0.175,0.162,0.338,0.191,0.22,0.28,0.253,0.292,0.178,0.094,0.508,0.322,0.214,0.289,0.302,0.19,0.175,0.14,0.29,0.297,0.322,0.266,0.366,0.272,0.28,0.276,0.277,0.109,0.092,0.214,0.29,0.411,0.139,0.109,0.19,0.11,0.221,0.321,0.396,0.175,0.17,0.481,0.167,0.215,0.146,0.36,0.322,0.094,0.189,0.389,0.329,0.321,0.258,0.106,0.232,0.087,0.395,0.304
0.272,0.467,0.345,0.224,0.189,0.197,0.181,0.282,0.196,0.213,0.131,0.27,0.22,0.205,0.347,0.164,0.418,0.4,0.194,0.331,0.216,0.203,0.209,0.211,0.266,0.213,0.295,0.362,0.351,0.195,0.236,0.321,0.204,0.397,0.374,0.332,0.422,0.306,0.313,0.292,0.505,0.277,0.442,0.127,0.187,0.3,0.44,0.28,0.155,0.248,0.347,0.333,0.148,0.318,0.232,0.276,0.547,0.283,0.316,0.128,0.42,0.244,0.292,0.165,0.191,0.345,0.237,0.181,0.255,0.231,0.225,0.211,0.38,0.335,0.326,0.281,0.308,0.24,0.282,0.134,0.111,0.255,0.279,0.298,0.335,0.171,0.45,0.307,0.256,0.31,0.162,0.245,0.297,0.195,0.269,0.355,0.467,0.272,0.202,0.399,0.26,0.175,0.23,0.182,0.332,0.228,0.154,0.249,0.364,0.289,0.232,0.181,0.384,0.353,0.346,0.384,0.269,0.156,0.448,0.308,0.542,0.269,0.167,0.345,0.282,0.508,0.272,0.281,0.284,0.486,0.463,0.268,1.0,0.207,0.28,0.254,0.236,0.155,0.344,0.191,0.191,0.492,0.192,0.412,0.164,0.296,0.161,0.218,0.246,0.462,0.254,0.167,0.229,0.252,0.239,0.405,0.396,0.255,0.345,0.48,0.245,0.332,0.181,0.241,0.128,0.137,0.191,0.458,0.328,0.232,0.274,0.109,0.131,0.126,0.134,0.242,0.194,0.128,0.274,0.235,0.293,0.243,0.161,0.155,0.167,0.372,0.16,0.241,0.285,0.194,0.206,0.246,0.289,0.185,0.25,0.134,0.307,0.214,0.171,0.286,0.379,0.229,0.198,0.322,0.291,0.272,0.182,0.212,0.17,0.168,0.152,0.3,0.133,0.217,0.473,0.191,0.256,0.321,0.25,0.17,0.207,0.552,0.318,0.164,0.293,0.259,0.17,0.467,0.132,0.268,0.349,0.275,0.272,0.224,0.346,0.307,0.245,0.197,0.274,0.434,0.173,0.361,1.0,0.101,0.178,0.443,0.198,0.273,0.179,0.197,0.252,0.264,0.39,0.282,0.193,0.467,0.228,0.263,0.233,0.366,0.247,0.399,0.179,0.246,0.352,0.233,0.378,0.279,0.141,0.448,0.178,0.205,0.228,0.147,0.14,0.281,0.256,0.319,0.594,0.334,0.218,0.264,0.399,0.259,0.122,0.249,0.202,0.319,0.461,0.328,0.274,0.215,0.312,0.097,0.215,0.297,0.351,0.321,0.409,0.114,0.355,0.172,0.413,0.272,0.237,0.197,0.209,0.187,0.264,0.225,0.248,0.171,0.155,0.29,0.198,0.392,0.249,0.142,0.164,0.158,0.436,0.491,0.426,0.169,0.298,0.164,0.116,0.222,0.238,0.329,0.555,0.178,0.354,0.188,0.269,0.255,0.356,0.211,0.45,0.171,0.331,0.492
0.089,0.26,0.165,0.14,0.077,0.114,0.059,0.094,0.146,0.121,0.058,0.114,0.149,0.065,0.218,0.066,0.13,0.218,0.163,0.181,0.071,0.138,0.22,0.081,0.574,0.144,0.216,0.125,0.134,0.166,0.146,0.159,0.138,0.185,0.133,0.194,0.141,0.139,0.182,0.228,0.149,0.172,0.204,0.049,0.092,0.15,0.206,0.171,0.081,0.079,0.138,0.095,0.066,0.153,0.092,0.113,0.171,0.174,0.107,0.057,0.177,0.099,0.155,0.067,0.145,0.125,0.714,0.084,0.12,0.105,0.1,0.081,0.156,0.125,0.169,0.214,0.105,0.222,0.204,0.065,0.43,0.09,0.125,0.51,0.262,0.078,0.175,0.178,0.181,0.148,0.054,0.133,0.219,0.116,0.143,0.154,0.26,0.224,0.109,0.163,0.216,0.074,0.083,0.078,0.185,0.187,0.054,0.117,0.165,0.15,0.139,0.084,0.256,0.203,0.162,0.161,0.193,0.212,0.2,0.181,0.262,0.14,0.081,0.253,0.106,0.218,0.224,0.072,0.161,0.2,0.273,0.122,0.207,1.0,0.171,0.107,0.07,0.053,0.135,0.104,0.104,0.218,0.121,0.216,0.17,0.163,0.069,0.07,0.128,0.196,0.136,0.07,0.104,0.141,0.11,0.332,0.158,0.14,0.181,0.219,0.104,0.154,0.085,0.134,0.049,0.061,0.104,0.245,0.259,0.09,0.162,0.043,0.043,0.044,0.05,0.2,0.156,0.057,0.113,0.099,0.104,0.239,0.069,0.075,0.14,0.182,0.366,0.126,0.163,0.074,0.091,0.142,0.087,0.325,0.076,0.168,0.11,0.104,0.065,0.228,0.236,0.153,0.085,0.172,0.123,0.244,0.058,0.125,0.08,0.057,0.051,0.752,0.046,0.119,0.175,0.072,0.17,0.137,0.12,0.114,0.082,0.189,0.17,0.083,0.16,0.159,0.095,0.26,0.042,0.144,0.131,0.222,0.17,0.12,0.19,0.209,0.157,0.094,0.124,0.126,0.074,0.153,0.35,0.035,0.104,0.166,0.088,0.132,0.131,0.139,0.151,0.102,0.179,0.149,0.058,0.26,0.124,0.096,0.121,0.182,0.196,0.173,0.09,0.099,0.157,0.128,0.131,0.125,0.069,0.187,0.207,0.138,0.152,0.057,0.068,0.154,0.415,0.1,0.372,0.236,0.133,0.124,0.327,0.159,0.05,0.178,0.106,0.158,0.209,0.131,0.165,0.111,0.191,0.037,0.142,0.136,0.143,0.105,0.161,0.044,0.173,0.083,0.212,0.161,0.089,0.111,0.065,0.067,0.14,0.092,0.174,0.08,0.097,0.144,0.116,0.133,0.172,0.289,0.091,0.066,0.179,0.177,0.173,0.102,0.113,0.064,0.04,0.119,0.109,0.318,0.16,0.067,0.217,0.082,0.163,0.124,0.204,0.074,0.368,0.063,0.209,0.195
0.164,0.467,0.179,0.253,0.388,0.14,0.196,0.388,0.543,0.178,0.242,0.469,0.306,0.163,0.357,0.243,0.284,0.132,0.224,0.301,0.184,0.306,0.193,0.311,0.28,0.306,0.28,0.274,0.311,0.321,0.543,0.177,0.168,0.3,0.186,0.311,0.255,0.194,0.28,0.208,0.334,0.469,0.403,0.242,0.298,0.543,0.281,1.0,0.294,0.108,0.221,0.338,0.253,1.0,0.334,0.13,0.266,0.28,0.244,0.237,0.138,0.126,0.254,0.357,0.237,0.323,0.136,0.294,0.263,0.543,0.469,0.311,0.311,0.237,0.179,0.311,0.469,0.153,0.469,0.195,0.185,0.311,0.178,0.278,0.132,0.311,0.467,0.268,0.323,0.294,0.196,0.428,0.311,0.311,0.206,0.278,0.467,0.205,0.278,0.357,0.254,0.373,0.278,0.274,0.221,0.259,0.311,0.403,0.208,0.266,0.306,0.428,0.094,0.301,0.467,0.254,0.138,0.154,0.266,0.788,0.28,0.388,0.273,0.231,0.247,0.254,0.205,0.116,0.311,0.2,0.28,0.254,0.28,0.171,1.0,0.543,0.242,0.311,0.178,0.311,0.311,0.349,1.0,0.28,0.53,0.342,0.274,0.274,0.543,0.178,0.39,0.334,0.388,0.334,0.179,0.357,0.133,0.263,0.2,0.266,0.226,0.467,0.403,0.39,0.2,0.256,0.311,0.284,0.306,0.219,0.349,0.274,0.243,0.151,0.253,0.263,0.311,0.237,0.179,0.469,0.311,0.428,0.274,0.242,0.298,0.469,0.168,0.268,0.357,0.235,0.357,0.263,0.162,0.193,0.311,0.185,0.202,0.543,0.187,0.23,0.306,0.388,0.428,0.323,0.543,0.342,0.176,0.274,0.246,0.298,0.171,0.212,0.257,0.388,0.469,0.311,0.253,0.263,0.281,0.183,0.194,0.28,0.467,0.334,0.285,0.469,0.187,0.467,0.243,1.0,0.192,0.357,0.191,0.21,0.428,0.388,0.272,0.148,0.403,0.254,0.311,0.467,0.28,0.168,0.294,0.311,0.388,0.211,0.469,0.53,0.178,0.469,0.266,0.306,0.178,0.467,0.323,0.227,1.0,0.203,0.221,0.221,0.156,0.128,0.311,1.0,0.349,0.178,0.242,0.266,0.281,0.311,0.306,0.259,0.153,0.254,0.177,0.194,0.167,0.206,0.469,0.263,0.257,0.469,0.257,0.388,0.373,0.349,0.306,0.285,0.428,0.403,0.357,0.134,0.388,0.357,0.266,0.25,0.311,0.168,0.788,0.286,0.311,0.242,0.311,0.388,0.141,0.357,0.467,0.298,0.3,0.428,0.334,0.213,0.137,0.388,0.403,0.193,0.334,0.243,0.334,0.388,0.263,0.349,0.39,0.311,0.178,0.469,0.403,0.188,0.266,0.271,0.244,0.14,0.428,0.349,0.28,0.254,0.266,0.169,0.311,0.294
0.411,0.467,0.221,0.167,0.25,0.213,0.125,0.435,0.275,0.231,0.151,0.382,0.181,0.121,0.192,0.159,0.345,0.093,0.176,0.274,0.115,0.155,0.149,0.432,0.117,0.196,0.174,0.447,0.279,0.224,0.244,0.133,0.259,0.187,0.138,0.189,0.631,0.194,0.167,0.2,0.43,0.229,0.23,0.17,0.337,0.315,0.178,0.543,0.251,0.592,0.159,0.346,0.172,0.337,0.4,0.382,0.158,0.155,0.158,0.155,0.338,0.346,0.345,0.229,0.196,0.326,0.096,0.498,0.168,0.393,0.305,0.432,0.202,0.241,0.429,0.228,0.29,0.1,0.389,0.195,0.118,0.288,0.178,0.137,0.116,0.276,0.317,0.152,0.172,0.264,0.288,0.265,0.285,0.228,0.305,0.376,0.467,0.205,0.179,0.204,0.163,0.239,0.18,0.191,0.14,0.18,0.198,0.341,0.157,0.352,0.179,0.259,0.094,0.167,0.311,0.16,0.16,0.098,0.185,0.191,0.183,0.385,0.701,0.143,0.33,0.17,0.205,0.119,0.203,0.256,0.322,0.344,0.254,0.107,0.543,1.0,0.356,0.201,0.252,0.311,0.311,0.202,0.273,0.214,0.161,0.464,0.274,0.436,0.371,0.131,0.196,0.328,0.436,0.238,0.142,0.348,0.361,0.222,0.228,0.206,0.137,0.34,0.236,0.343,0.2,0.151,0.311,0.364,0.178,0.336,0.21,0.143,0.17,0.233,0.162,0.169,0.285,0.155,0.348,0.472,0.202,0.255,0.274,0.242,0.19,0.378,0.231,0.241,0.383,0.151,0.212,0.237,0.325,0.182,0.39,0.115,0.157,0.323,0.154,0.142,0.193,0.288,0.271,0.204,0.34,0.254,0.322,0.143,0.147,0.343,0.429,0.102,0.171,0.388,0.271,0.347,0.197,0.26,0.328,0.138,0.137,0.285,0.3,0.267,0.192,0.469,0.27,0.467,0.165,0.326,0.407,0.204,0.137,0.127,0.257,0.285,0.351,0.105,0.292,0.334,0.311,0.484,0.28,0.114,0.245,0.222,0.427,0.151,0.307,0.194,0.346,0.465,0.198,0.189,0.277,0.467,0.157,0.294,0.23,0.342,0.16,0.176,0.339,0.245,0.209,0.285,0.216,0.178,0.15,0.165,0.159,0.186,0.143,0.398,0.098,0.145,0.178,0.173,0.167,0.124,0.403,0.43,0.181,0.469,0.262,0.167,0.218,0.287,0.172,0.274,0.23,0.268,0.208,0.134,0.364,0.312,0.189,0.343,0.282,0.168,0.208,0.286,0.249,0.232,0.258,0.286,0.356,0.422,0.475,0.339,0.272,0.224,0.191,0.213,0.237,0.439,0.191,0.096,0.4,0.162,0.209,0.429,0.331,0.216,0.242,0.364,0.178,0.319,0.258,0.262,0.338,0.158,0.161,0.236,0.243,0.22,0.211,0.168,0.165,0.138,0.23,0.205
0.21,0.329,0.146,0.142,0.187,0.126,0.114,0.37,0.16,0.181,0.123,0.363,0.086,0.18,0.092,0.279,0.17,0.047,0.193,0.157,0.18,0.091,0.099,0.543,0.091,0.111,0.09,0.399,0.311,0.218,0.159,0.073,0.146,0.149,0.087,0.159,0.212,0.096,0.121,0.198,0.16,0.115,0.139,0.252,0.311,0.121,0.129,0.242,0.425,0.583,0.084,0.419,0.161,0.167,0.404,0.264,0.083,0.07,0.115,0.219,0.255,0.308,0.272,0.306,0.186,0.396,0.062,0.316,0.149,0.252,0.155,0.543,0.201,0.104,0.273,0.269,0.455,0.055,0.234,0.368,0.153,0.453,0.083,0.078,0.074,0.358,0.216,0.169,0.153,0.196,0.484,0.154,0.31,0.225,0.257,0.174,0.329,0.086,0.183,0.094,0.121,0.422,0.135,0.261,0.073,0.105,0.268,0.322,0.085,0.506,0.125,0.321,0.054,0.079,0.23,0.131,0.122,0.088,0.108,0.096,0.112,0.245,0.305,0.116,0.335,0.097,0.086,0.274,0.165,0.221,0.183,0.358,0.236,0.07,0.242,0.356,1.0,0.27,0.089,0.82,0.514,0.108,0.134,0.141,0.086,0.264,0.191,0.378,0.158,0.071,0.149,0.223,0.244,0.244,0.191,0.252,0.248,0.149,0.194,0.186,0.066,0.372,0.128,0.29,0.302,0.116,0.82,0.212,0.126,0.4,0.135,0.147,0.203,0.245,0.204,0.134,0.379,0.219,0.41,0.336,0.175,0.354,0.421,0.574,0.115,0.241,0.17,0.149,0.289,0.495,0.331,0.186,0.271,0.135,0.698,0.06,0.399,0.26,0.105,0.097,0.145,0.206,0.3,0.184,0.335,0.197,0.565,0.141,0.177,0.311,0.445,0.067,0.238,0.173,0.172,0.398,0.309,0.101,0.18,0.129,0.144,0.227,0.209,0.196,0.1,0.221,0.135,0.329,0.206,0.175,0.285,0.08,0.081,0.067,0.253,0.206,0.287,0.194,0.248,0.274,0.458,0.496,0.155,0.229,0.2,0.263,0.252,0.151,0.266,0.171,0.291,0.412,0.083,0.091,0.336,0.329,0.118,0.196,0.185,0.416,0.095,0.111,0.312,0.214,0.252,0.215,0.104,0.083,0.322,0.086,0.131,0.095,0.073,0.337,0.05,0.072,0.107,0.179,0.076,0.056,0.246,0.26,0.131,0.221,0.616,0.084,0.285,0.128,0.082,0.189,0.186,0.253,0.206,0.212,0.34,0.325,0.206,0.519,0.314,0.322,0.101,0.705,0.327,0.195,0.348,0.192,0.409,0.387,0.355,0.266,0.224,0.403,0.102,0.095,0.235,0.333,0.104,0.063,0.148,0.302,0.109,0.21,0.232,0.232,0.155,0.373,0.292,0.153,0.19,0.241,0.274,0.123,0.085,0.403,0.249,0.238,0.126,0.152,0.088,0.098,0.209,0.388
0.086,0.296,0.064,0.184,0.31,0.054,0.153,0.201,0.14,0.069,0.206,0.121,0.108,0.206,0.097,0.348,0.112,0.055,0.174,0.134,0.128,0.109,0.097,0.318,0.084,0.125,0.079,0.167,0.195,0.114,0.119,0.07,0.084,0.207,0.084,0.115,0.143,0.1,0.121,0.195,0.145,0.135,0.133,0.26,0.124,0.141,0.171,0.311,0.285,0.055,0.102,0.106,0.259,0.254,0.182,0.048,0.106,0.07,0.134,0.331,0.088,0.054,0.062,0.541,0.156,0.184,0.056,0.158,0.221,0.272,0.232,0.318,0.303,0.072,0.066,0.216,0.209,0.052,0.138,0.366,0.363,0.391,0.084,0.066,0.054,0.458,0.224,0.304,0.096,0.161,0.268,0.17,0.249,0.182,0.071,0.095,0.296,0.087,0.29,0.109,0.126,0.336,0.2,0.464,0.083,0.118,0.832,0.129,0.082,0.236,0.257,0.339,0.051,0.09,0.219,0.121,0.05,0.093,0.094,0.103,0.115,0.121,0.137,0.187,0.1,0.087,0.087,0.048,0.316,0.149,0.09,0.105,0.155,0.053,0.311,0.201,0.27,1.0,0.075,0.531,0.531,0.136,0.167,0.094,0.095,0.113,0.228,0.219,0.204,0.087,0.106,0.221,0.201,0.151,0.192,0.102,0.061,0.179,0.19,0.162,0.082,0.434,0.18,0.094,0.616,0.152,0.531,0.085,0.095,0.167,0.102,0.258,0.442,0.226,0.396,0.092,0.221,0.331,0.144,0.203,0.282,0.254,0.59,0.458,0.093,0.137,0.07,0.168,0.078,0.331,0.255,0.109,0.084,0.062,0.311,0.054,0.176,0.34,0.074,0.114,0.176,0.287,0.419,0.193,0.11,0.089,0.213,0.196,0.222,0.156,0.221,0.052,0.461,0.208,0.24,0.322,0.176,0.14,0.191,0.073,0.347,0.159,0.213,0.149,0.131,0.274,0.064,0.296,0.887,0.238,0.084,0.084,0.094,0.084,0.349,0.083,0.086,0.134,0.233,0.103,0.66,0.22,0.173,0.309,0.09,0.467,0.165,0.083,0.252,0.24,0.07,0.198,0.092,0.122,0.231,0.296,0.143,0.129,0.211,0.199,0.098,0.078,0.129,0.054,0.206,0.24,0.132,0.084,0.349,0.104,0.212,0.117,0.082,0.344,0.047,0.078,0.061,0.083,0.075,0.061,0.163,0.093,0.107,0.274,0.316,0.089,0.253,0.127,0.094,0.131,0.198,0.109,0.364,0.258,0.087,0.164,0.176,0.29,0.271,0.345,0.12,0.471,0.252,0.102,0.265,0.12,0.069,0.347,0.147,0.111,0.146,0.252,0.118,0.099,0.14,0.146,0.124,0.048,0.123,0.346,0.137,0.183,0.162,0.468,0.185,0.255,0.337,0.177,0.299,0.073,0.116,0.162,0.084,0.128,0.136,0.194,0.092,0.227,0.09,0.061,0.156,0.282
0.346,0.15,0.211,0.124,0.11,0.176,0.111,0.102,0.135,0.145,0.073,0.183,0.107,0.123,0.178,0.094,0.219,0.176,0.112,0.2,0.145,0.103,0.102,0.106,0.168,0.164,0.228,0.262,0.202,0.114,0.213,0.132,0.244,0.358,0.319,0.241,0.595,0.165,0.181,0.156,0.31,0.217,0.259,0.064,0.147,0.168,0.209,0.178,0.101,0.08,0.2,0.16,0.069,0.177,0.16,0.157,0.277,0.247,0.147,0.079,0.245,0.082,0.158,0.09,0.147,0.194,0.121,0.12,0.251,0.166,0.144,0.106,0.239,0.163,0.186,0.174,0.132,0.137,0.181,0.073,0.054,0.089,0.224,0.153,0.325,0.139,0.155,0.188,0.153,0.186,0.071,0.266,0.21,0.099,0.16,0.215,0.15,0.186,0.1,0.22,0.144,0.102,0.161,0.132,0.188,0.145,0.076,0.157,0.188,0.122,0.132,0.106,0.169,0.161,0.131,0.191,0.159,0.108,0.318,0.22,0.291,0.208,0.276,0.184,0.159,0.265,0.186,0.029,0.248,0.286,0.255,0.172,0.344,0.135,0.178,0.252,0.089,0.075,1.0,0.112,0.112,0.292,0.119,0.262,0.117,0.264,0.078,0.145,0.19,0.272,0.11,0.092,0.193,0.152,0.132,0.258,0.246,0.354,0.224,0.268,0.15,0.135,0.121,0.101,0.058,0.083,0.112,0.18,0.258,0.138,0.196,0.058,0.06,0.102,0.069,0.183,0.106,0.079,0.132,0.138,0.133,0.144,0.078,0.083,0.077,0.259,0.076,0.257,0.211,0.136,0.156,0.205,0.13,0.126,0.089,0.068,0.097,0.135,0.063,0.166,0.257,0.176,0.117,0.199,0.156,0.197,0.077,0.132,0.144,0.079,0.171,0.147,0.064,0.127,0.2,0.098,0.121,0.45,0.297,0.07,0.138,0.344,0.125,0.107,0.228,0.165,0.102,0.15,0.06,0.152,0.28,0.202,0.175,0.148,0.21,0.282,0.208,0.164,0.253,0.264,0.084,0.13,0.556,0.05,0.178,0.273,0.123,0.089,0.102,0.154,0.171,0.134,0.242,0.13,0.06,0.15,0.12,0.172,0.135,0.158,0.145,0.221,0.222,0.078,0.239,0.161,0.214,0.224,0.102,0.272,0.2,0.137,0.125,0.156,0.088,0.162,0.132,0.121,0.262,0.17,0.248,0.382,0.205,0.165,0.1,0.172,0.127,0.321,0.226,0.203,0.186,0.124,0.177,0.044,0.15,0.171,0.171,0.175,0.221,0.052,0.196,0.092,0.206,0.182,0.135,0.124,0.063,0.114,0.139,0.147,0.207,0.104,0.089,0.13,0.141,0.22,0.131,0.081,0.187,0.091,0.278,0.35,0.277,0.12,0.206,0.141,0.049,0.147,0.142,0.16,0.285,0.094,0.209,0.103,0.173,0.17,0.271,0.143,0.256,0.061,0.219,0.286
0.11,0.253,0.118,0.315,0.334,0.094,0.22,0.334,0.311,0.112,0.236,0.281,0.179,0.293,0.2,0.466,0.174,0.084,0.26,0.252,0.28,0.179,0.116,1.0,0.359,0.205,0.191,0.334,0.605,0.384,0.432,0.107,0.139,0.309,0.121,1.0,0.166,0.126,0.382,0.411,0.191,0.281,0.252,0.514,0.181,0.311,0.31,0.311,0.754,0.066,0.148,0.198,0.456,0.311,0.367,0.086,0.171,0.191,0.22,0.358,0.14,0.074,0.156,0.661,0.382,1.0,0.083,0.238,0.265,0.365,0.281,1.0,0.367,0.134,0.118,1.0,0.281,0.092,0.281,0.411,0.297,0.88,0.112,0.167,0.091,0.765,0.253,0.432,0.341,0.334,0.637,0.432,0.765,1.0,0.123,0.167,0.253,0.12,0.293,0.2,0.298,0.754,0.226,0.484,0.148,0.168,0.531,0.299,0.13,0.82,0.236,0.514,0.068,0.171,0.253,0.259,0.091,0.17,0.171,0.244,0.191,0.231,0.164,0.376,0.162,0.156,0.12,0.063,0.531,0.171,0.191,0.17,0.191,0.104,0.311,0.311,0.82,0.531,0.112,1.0,0.605,0.211,0.311,0.191,0.171,0.207,0.23,0.334,0.311,0.117,0.236,0.31,0.508,0.543,0.299,0.2,0.084,0.23,0.222,0.232,0.135,0.605,0.252,0.236,0.344,0.282,1.0,0.174,0.214,0.63,0.211,0.334,0.34,0.347,0.456,0.276,1.0,0.358,0.299,0.281,0.484,1.0,0.484,0.514,0.166,0.298,0.107,0.432,0.226,0.754,0.637,0.225,0.106,0.116,1.0,0.107,0.241,0.605,0.112,0.207,0.226,0.531,0.605,0.432,1.0,0.258,0.202,0.484,0.299,0.207,0.21,0.135,0.416,0.227,0.319,0.605,0.754,0.17,0.31,0.12,0.288,0.21,0.253,0.191,0.181,0.281,0.112,0.253,0.38,0.311,0.125,0.2,0.132,0.134,0.605,0.227,0.217,0.351,0.363,0.156,0.531,0.253,0.191,0.347,0.179,0.531,0.227,0.131,0.334,0.315,0.182,0.281,0.171,0.179,0.299,0.253,0.343,0.2,0.484,0.243,0.136,0.148,0.157,0.074,0.765,0.423,0.211,0.112,0.514,0.171,0.443,0.193,0.179,0.514,0.092,0.156,0.105,0.126,0.104,0.111,0.281,0.17,0.812,0.281,0.812,0.227,0.45,0.211,0.179,0.279,0.765,0.289,0.451,0.229,0.227,1.0,0.299,0.82,0.765,0.299,0.244,0.88,1.0,0.252,0.765,0.227,0.085,0.765,0.253,0.166,0.456,0.569,0.191,0.129,0.16,0.227,0.252,0.116,0.191,0.466,0.191,0.227,0.206,0.531,0.257,0.605,0.288,0.281,0.367,0.123,0.171,0.174,0.143,0.167,1.0,0.82,0.191,0.292,0.171,0.098,1.0,0.82
0.11,0.253,0.118,0.315,0.334,0.094,0.22,0.334,0.311,0.112,0.236,0.281,0.179,0.459,0.2,0.723,0.174,0.084,0.26,0.252,0.19,0.179,0.116,0.605,0.359,0.205,0.191,0.334,1.0,0.242,0.432,0.107,0.139,0.309,0.121,0.605,0.166,0.126,0.63,0.637,0.191,0.281,0.252,0.514,0.181,0.311,0.31,0.311,0.47,0.066,0.148,0.198,0.456,0.311,0.367,0.086,0.171,0.191,0.22,0.459,0.14,0.074,0.156,0.661,0.382,0.605,0.083,0.238,0.265,0.553,0.281,0.605,0.367,0.134,0.118,0.605,0.281,0.092,0.281,0.637,0.297,0.532,0.112,0.167,0.091,0.765,0.253,0.432,0.341,0.334,0.415,0.432,1.0,0.605,0.123,0.167,0.253,0.12,0.293,0.2,0.298,0.47,0.226,0.484,0.148,0.168,0.531,0.299,0.13,0.514,0.236,0.82,0.068,0.171,0.253,0.259,0.091,0.17,0.171,0.244,0.191,0.231,0.164,0.376,0.162,0.156,0.12,0.063,0.531,0.171,0.191,0.17,0.191,0.104,0.311,0.311,0.514,0.531,0.112,0.605,1.0,0.211,0.311,0.191,0.171,0.207,0.23,0.334,0.311,0.117,0.236,0.31,0.508,0.543,0.299,0.2,0.084,0.23,0.222,0.232,0.135,1.0,0.252,0.236,0.344,0.282,0.605,0.174,0.214,0.381,0.211,0.334,0.34,0.541,0.456,0.276,0.605,0.459,0.299,0.281,0.484,0.765,0.484,0.82,0.166,0.298,0.107,0.432,0.226,0.47,0.415,0.225,0.106,0.116,0.605,0.107,0.241,1.0,0.112,0.207,0.226,0.531,1.0,0.432,0.605,0.258,0.202,0.484,0.299,0.207,0.21,0.135,0.416,0.227,0.319,1.0,0.47,0.17,0.31,0.12,0.288,0.21,0.253,0.191,0.181,0.281,0.112,0.253,0.38,0.311,0.125,0.2,0.132,0.134,1.0,0.227,0.217,0.243,0.363,0.156,0.531,0.253,0.191,0.541,0.179,0.531,0.227,0.131,0.334,0.315,0.182,0.281,0.171,0.179,0.299,0.253,0.343,0.2,0.484,0.243,0.136,0.148,0.157,0.074,0.765,0.423,0.211,0.112,0.82,0.171,0.443,0.193,0.179,0.514,0.092,0.156,0.105,0.126,0.104,0.111,0.281,0.17,0.491,0.281,0.491,0.227,0.707,0.211,0.179,0.279,0.765,0.289,0.451,0.229,0.227,0.605,0.299,0.514,0.765,0.299,0.244,0.532,0.765,0.252,0.765,0.227,0.085,0.765,0.253,0.166,0.456,0.352,0.191,0.129,0.16,0.227,0.252,0.116,0.191,0.723,0.191,0.227,0.206,0.531,0.257,1.0,0.288,0.281,0.367,0.123,0.171,0.174,0.143,0.167,0.63,0.514,0.191,0.292,0.171,0.098,0.605,0.514
0.272,0.292,0.329,0.239,0.175,0.176,0.16,0.152,0.197,0.223,0.118,0.23,0.305,0.178,0.382,0.148,0.255,0.354,0.17,0.352,0.188,0.306,0.164,0.137,0.286,0.298,0.35,0.257,0.386,0.201,0.249,0.338,0.202,0.49,0.288,0.421,0.422,0.306,0.337,0.321,0.42,0.277,0.544,0.19,0.148,0.407,0.434,0.349,0.164,0.072,0.424,0.23,0.22,0.288,0.192,0.247,0.469,0.31,0.297,0.121,0.334,0.129,0.262,0.234,0.246,0.3,0.236,0.147,0.243,0.197,0.217,0.137,0.4,0.383,0.278,0.331,0.197,0.376,0.3,0.135,0.095,0.17,0.279,0.37,0.344,0.15,0.318,0.305,0.299,0.336,0.093,0.259,0.399,0.258,0.435,0.285,0.292,0.272,0.198,0.415,0.359,0.167,0.211,0.172,0.458,0.21,0.146,0.257,0.639,0.196,0.266,0.18,0.384,0.378,0.211,0.507,0.278,0.154,0.52,0.44,0.536,0.349,0.179,0.347,0.373,0.523,0.272,0.069,0.319,0.435,0.466,0.224,0.492,0.218,0.349,0.202,0.108,0.136,0.292,0.211,0.211,1.0,0.372,0.436,0.159,0.327,0.171,0.141,0.305,0.4,0.369,0.167,0.236,0.285,0.261,0.37,0.304,0.27,0.391,0.438,0.227,0.217,0.314,0.256,0.128,0.175,0.211,0.398,0.341,0.17,0.374,0.101,0.114,0.087,0.124,0.328,0.186,0.121,0.213,0.192,0.454,0.246,0.171,0.162,0.249,0.394,0.127,0.244,0.211,0.177,0.195,0.295,0.164,0.172,0.13,0.183,0.174,0.23,0.165,0.331,0.402,0.304,0.189,0.326,0.235,0.27,0.117,0.268,0.206,0.117,0.119,0.299,0.117,0.251,0.439,0.197,0.239,0.283,0.334,0.265,0.183,0.488,0.205,0.147,0.318,0.311,0.234,0.292,0.112,0.264,0.279,0.431,0.362,0.206,0.384,0.302,0.204,0.28,0.391,0.373,0.19,0.195,1.0,0.086,0.184,0.416,0.173,0.161,0.176,0.177,0.19,0.198,0.593,0.279,0.088,0.292,0.305,0.477,0.289,0.288,0.194,0.364,0.132,0.129,0.36,0.278,0.728,0.279,0.133,0.606,0.185,0.254,0.24,0.13,0.172,0.545,0.249,0.166,0.594,0.493,0.21,0.207,0.46,0.311,0.112,0.25,0.195,0.525,0.526,0.31,0.397,0.241,0.315,0.097,0.175,0.288,0.438,0.209,0.355,0.114,0.389,0.186,0.44,0.292,0.3,0.184,0.076,0.144,0.175,0.179,0.239,0.169,0.175,0.29,0.159,0.337,0.437,0.129,0.151,0.146,0.444,0.434,0.396,0.268,0.292,0.146,0.116,0.22,0.393,0.473,0.425,0.291,0.345,0.107,0.299,0.365,0.425,0.258,0.517,0.145,0.39,0.473
0.164,0.467,0.109,0.219,0.218,0.096,0.131,0.206,0.229,0.113,0.134,0.178,0.186,0.107,0.233,0.144,0.195,0.083,0.121,0.21,0.114,0.182,0.129,0.17,0.153,0.214,0.188,0.153,0.184,0.171,0.214,0.127,0.117,0.272,0.122,0.185,0.255,0.194,0.18,0.151,0.191,0.252,0.242,0.2,0.165,0.303,0.243,1.0,0.184,0.108,0.186,0.173,0.187,0.483,0.18,0.103,0.155,0.189,0.161,0.141,0.107,0.09,0.147,0.304,0.207,0.165,0.104,0.179,0.154,0.259,0.27,0.17,0.252,0.152,0.114,0.23,0.25,0.259,0.233,0.195,0.111,0.169,0.178,0.159,0.099,0.152,0.265,0.147,0.167,0.229,0.106,0.208,0.217,0.207,0.26,0.155,0.467,0.205,0.181,0.205,0.233,0.212,0.169,0.163,0.173,0.178,0.178,0.219,0.179,0.191,0.202,0.235,0.169,0.166,0.258,0.245,0.096,0.088,0.184,0.28,0.184,0.214,0.273,0.166,0.2,0.175,0.205,0.116,0.219,0.13,0.157,0.134,0.192,0.121,1.0,0.273,0.134,0.167,0.119,0.311,0.311,0.372,1.0,0.191,0.234,0.198,0.274,0.143,0.267,0.159,0.233,0.217,0.233,0.247,0.197,0.185,0.103,0.172,0.193,0.15,0.125,0.281,0.325,0.282,0.2,0.163,0.311,0.146,0.197,0.15,0.297,0.125,0.141,0.094,0.143,0.226,0.218,0.141,0.158,0.243,0.251,0.245,0.274,0.242,0.176,0.213,0.134,0.173,0.151,0.132,0.186,0.178,0.11,0.118,0.163,0.151,0.167,0.304,0.157,0.216,0.19,0.285,0.238,0.196,0.174,0.161,0.176,0.308,0.215,0.146,0.171,0.113,0.144,0.388,0.252,0.243,0.155,0.163,0.278,0.184,0.131,0.18,0.261,0.174,0.198,0.469,0.214,0.467,0.135,0.52,0.125,0.232,0.137,0.137,0.23,0.158,0.144,0.118,0.313,0.153,0.311,0.26,0.28,0.095,0.159,0.209,0.22,0.122,0.245,0.267,0.107,0.256,0.185,0.209,0.106,0.467,0.208,0.305,0.336,0.118,0.162,0.135,0.095,0.09,0.19,0.419,0.426,0.178,0.134,0.199,0.182,0.272,0.255,0.152,0.13,0.226,0.117,0.129,0.167,0.133,0.229,0.136,0.189,0.469,0.134,0.181,0.181,0.331,0.188,0.164,0.297,0.222,0.239,0.134,0.145,0.17,0.228,0.15,0.172,0.168,0.471,0.286,0.196,0.175,0.19,0.208,0.089,0.189,0.226,0.159,0.176,0.207,0.178,0.217,0.102,0.22,0.311,0.112,0.165,0.148,0.2,0.215,0.18,0.318,0.223,0.168,0.178,0.257,0.374,0.173,0.155,0.305,0.174,0.079,0.212,0.25,0.18,0.22,0.164,0.158,0.2,0.205
0.493,0.38,0.342,0.17,0.191,0.193,0.194,0.22,0.192,0.159,0.1,0.33,0.182,0.157,0.532,0.121,0.384,0.266,0.21,0.339,0.19,0.204,0.146,0.142,0.344,0.255,0.352,0.287,0.396,0.265,0.366,0.227,0.224,0.375,0.234,0.486,0.75,0.306,0.46,0.312,0.344,0.421,0.504,0.102,0.23,0.295,0.452,0.28,0.151,0.272,0.298,0.276,0.237,0.223,0.412,0.355,0.381,0.364,0.316,0.095,0.36,0.14,0.352,0.132,0.246,0.345,0.215,0.177,0.237,0.165,0.223,0.142,0.368,0.348,0.335,0.374,0.195,0.317,0.355,0.134,0.086,0.167,0.279,0.375,0.351,0.15,0.313,0.262,0.332,0.268,0.09,0.314,0.4,0.25,0.325,0.303,0.38,0.272,0.25,0.325,0.276,0.125,0.19,0.151,0.335,0.166,0.105,0.345,0.326,0.3,0.27,0.138,0.461,0.367,0.182,0.375,0.282,0.301,0.496,0.403,0.45,0.384,0.387,0.365,0.281,0.498,0.272,0.082,0.319,0.431,0.428,0.317,0.412,0.216,0.28,0.214,0.141,0.094,0.262,0.191,0.191,0.436,0.191,1.0,0.143,0.366,0.161,0.184,0.248,0.349,0.226,0.191,0.238,0.44,0.299,0.455,0.329,0.24,0.401,0.41,0.186,0.181,0.157,0.241,0.128,0.139,0.191,0.338,0.372,0.275,0.349,0.077,0.08,0.088,0.092,0.285,0.253,0.095,0.313,0.218,0.28,0.254,0.161,0.155,0.147,0.423,0.117,0.313,0.305,0.17,0.165,0.419,0.182,0.239,0.129,0.174,0.203,0.17,0.107,0.366,0.377,0.26,0.137,0.324,0.37,0.378,0.268,0.235,0.231,0.16,0.499,0.304,0.083,0.535,0.392,0.139,0.27,0.256,0.264,0.142,0.167,0.45,0.195,0.184,0.277,0.454,0.133,0.38,0.077,0.217,0.324,0.329,0.217,0.188,0.282,0.349,0.352,0.231,0.318,0.356,0.173,0.221,1.0,0.061,0.2,0.38,0.221,0.132,0.195,0.141,0.275,0.252,0.412,0.194,0.09,0.38,0.293,0.274,0.307,0.29,0.16,0.393,0.206,0.122,0.415,0.229,0.326,0.279,0.107,0.428,0.204,0.153,0.247,0.126,0.141,0.299,0.263,0.17,0.594,0.336,0.239,0.266,0.447,0.454,0.105,0.305,0.182,0.328,0.436,0.327,0.37,0.309,0.282,0.097,0.3,0.323,0.37,0.221,0.392,0.114,0.367,0.172,0.433,0.379,0.292,0.262,0.117,0.135,0.223,0.236,0.348,0.133,0.14,0.321,0.203,0.415,0.273,0.218,0.193,0.121,0.382,0.413,0.426,0.212,0.333,0.232,0.116,0.213,0.199,0.373,0.362,0.157,0.386,0.147,0.375,0.424,0.521,0.188,0.393,0.111,0.457,0.422
0.122,0.284,0.091,0.234,0.13,0.435,0.074,0.121,0.227,0.117,0.081,0.112,0.255,0.072,0.228,0.091,0.138,0.074,0.132,0.14,0.075,0.236,0.264,0.111,0.209,0.216,0.346,0.113,0.122,0.135,0.181,0.265,0.188,0.27,0.151,0.129,0.146,0.171,0.166,0.16,0.142,0.172,0.199,0.084,0.089,0.236,0.143,0.53,0.113,0.071,0.132,0.1,0.128,0.358,0.111,0.103,0.126,0.153,0.102,0.088,0.098,0.318,0.188,0.116,0.193,0.112,0.137,0.11,0.102,0.149,0.166,0.111,0.143,0.128,0.09,0.129,0.153,0.148,0.183,0.107,0.132,0.108,0.092,0.205,0.134,0.091,0.207,0.316,0.136,0.205,0.07,0.247,0.172,0.093,0.126,0.127,0.284,0.169,0.149,0.149,0.173,0.124,0.124,0.095,0.247,0.311,0.095,0.152,0.116,0.128,0.197,0.138,0.116,0.118,0.234,0.132,0.108,0.089,0.15,0.242,0.151,0.142,0.141,0.151,0.122,0.176,0.169,0.068,0.184,0.119,0.272,0.121,0.164,0.17,0.53,0.161,0.086,0.095,0.117,0.171,0.171,0.159,0.234,0.143,1.0,0.134,0.13,0.097,0.187,0.211,0.132,0.119,0.137,0.094,0.078,0.211,0.095,0.158,0.114,0.117,0.16,0.22,0.133,0.123,0.095,0.085,0.171,0.152,0.177,0.085,0.137,0.069,0.079,0.06,0.082,0.169,0.111,0.088,0.083,0.149,0.12,0.125,0.13,0.128,0.18,0.166,0.141,0.209,0.138,0.086,0.11,0.147,0.104,0.199,0.1,0.121,0.141,0.174,0.073,0.103,0.203,0.114,0.144,0.259,0.134,0.175,0.083,0.143,0.079,0.084,0.089,0.155,0.082,0.203,0.153,0.106,0.235,0.117,0.115,0.105,0.109,0.147,0.492,0.115,0.218,0.259,0.072,0.284,0.076,0.328,0.098,0.26,0.222,0.175,0.14,0.265,0.171,0.089,0.138,0.119,0.144,0.205,0.181,0.058,0.088,0.153,0.138,0.14,0.167,0.472,0.106,0.154,0.129,0.266,0.071,0.284,0.217,0.107,0.201,0.085,0.311,0.103,0.068,0.318,0.119,0.319,0.143,0.092,0.082,0.145,0.157,0.132,0.238,0.094,0.055,0.147,0.204,0.115,0.105,0.11,0.133,0.092,0.23,0.259,0.079,0.221,0.11,0.117,0.219,0.112,0.183,0.127,0.221,0.068,0.106,0.11,0.121,0.111,0.121,0.082,0.31,0.146,0.125,0.127,0.105,0.123,0.074,0.106,0.157,0.104,0.191,0.114,0.151,0.615,0.12,0.142,0.133,0.129,0.096,0.092,0.187,0.165,0.138,0.108,0.14,0.095,0.082,0.149,0.166,0.135,0.133,0.091,0.311,0.058,0.145,0.132,0.215,0.094,0.216,0.067,0.152,0.149
0.457,0.301,0.267,0.141,0.156,0.226,0.102,0.277,0.211,0.168,0.102,0.398,0.145,0.103,0.25,0.116,0.352,0.18,0.14,0.292,0.207,0.138,0.112,0.297,0.208,0.215,0.334,0.302,0.343,0.299,0.269,0.125,0.291,0.255,0.163,0.301,0.553,0.169,0.222,0.24,0.485,0.214,0.351,0.107,0.284,0.207,0.235,0.342,0.244,0.445,0.198,0.277,0.125,0.228,0.4,0.288,0.24,0.232,0.16,0.11,0.329,0.238,0.337,0.141,0.234,0.325,0.143,0.351,0.186,0.2,0.199,0.297,0.253,0.34,0.365,0.333,0.193,0.162,0.403,0.133,0.071,0.189,0.21,0.201,0.211,0.179,0.216,0.176,0.228,0.315,0.159,0.258,0.354,0.209,0.332,0.273,0.301,0.264,0.139,0.223,0.198,0.158,0.143,0.137,0.187,0.158,0.114,0.328,0.296,0.264,0.17,0.166,0.247,0.177,0.185,0.284,0.207,0.115,0.287,0.257,0.295,0.448,0.768,0.209,0.252,0.303,0.264,0.077,0.236,0.372,0.363,0.434,0.296,0.163,0.342,0.464,0.264,0.113,0.264,0.207,0.207,0.327,0.198,0.366,0.134,1.0,0.169,0.276,0.226,0.206,0.193,0.241,0.454,0.316,0.184,0.442,0.318,0.182,0.341,0.331,0.118,0.192,0.175,0.272,0.126,0.114,0.207,0.391,0.296,0.303,0.332,0.093,0.092,0.206,0.125,0.219,0.225,0.11,0.335,0.264,0.236,0.23,0.169,0.16,0.123,0.377,0.165,0.281,0.369,0.126,0.159,0.365,0.244,0.189,0.234,0.101,0.128,0.212,0.094,0.192,0.266,0.336,0.169,0.241,0.336,0.414,0.342,0.158,0.13,0.206,0.682,0.185,0.096,0.247,0.252,0.207,0.216,0.202,0.375,0.095,0.116,0.459,0.181,0.214,0.204,0.306,0.144,0.301,0.09,0.222,0.361,0.228,0.157,0.119,0.267,0.369,0.371,0.227,0.334,0.405,0.186,0.296,0.704,0.069,0.38,0.267,0.25,0.112,0.199,0.165,0.349,0.295,0.269,0.15,0.168,0.301,0.151,0.368,0.219,0.323,0.14,0.243,0.345,0.16,0.365,0.214,0.234,0.21,0.115,0.245,0.142,0.181,0.153,0.355,0.092,0.186,0.199,0.13,0.329,0.198,0.332,0.301,0.275,0.306,0.212,0.212,0.197,0.326,0.24,0.282,0.277,0.274,0.221,0.089,0.353,0.291,0.21,0.248,0.259,0.108,0.215,0.183,0.294,0.29,0.342,0.324,0.234,0.301,0.361,0.223,0.288,0.159,0.127,0.165,0.264,0.431,0.218,0.104,0.41,0.117,0.268,0.514,0.436,0.2,0.238,0.389,0.11,0.27,0.185,0.287,0.302,0.131,0.222,0.236,0.32,0.297,0.306,0.132,0.262,0.087,0.33,0.318
0.081,0.252,0.087,0.319,0.206,0.066,0.216,0.206,0.274,0.078,0.142,0.245,0.137,0.158,0.155,0.228,0.136,0.055,0.163,0.251,0.099,0.137,0.101,0.23,0.172,0.137,0.161,0.206,0.23,0.216,0.274,0.071,0.14,0.163,0.09,0.23,0.132,0.093,0.162,0.228,0.147,0.245,0.217,0.238,0.131,0.274,0.191,0.274,0.17,0.05,0.117,0.156,0.193,0.274,0.228,0.059,0.137,0.161,0.216,0.183,0.089,0.056,0.118,0.284,0.242,0.23,0.067,0.237,0.136,0.274,0.245,0.23,0.228,0.09,0.087,0.23,0.245,0.063,0.245,0.228,0.198,0.228,0.078,0.127,0.066,0.228,0.252,0.203,0.21,0.206,0.259,0.203,0.23,0.23,0.087,0.127,0.252,0.08,0.201,0.155,0.182,0.319,0.153,0.251,0.117,0.134,0.228,0.217,0.094,0.191,0.137,0.228,0.049,0.127,0.252,0.16,0.063,0.164,0.137,0.201,0.161,0.229,0.125,0.167,0.129,0.118,0.08,0.043,0.228,0.107,0.161,0.118,0.161,0.069,0.274,0.274,0.191,0.228,0.078,0.23,0.23,0.171,0.274,0.161,0.13,0.169,1.0,0.206,1.0,0.091,0.198,0.256,0.186,0.217,0.206,0.155,0.066,0.172,0.133,0.161,0.096,0.252,0.217,0.198,0.228,0.195,0.23,0.136,0.21,0.284,0.171,0.206,0.28,0.2,0.193,0.168,0.293,0.183,0.206,0.245,0.228,0.23,0.206,0.191,0.12,0.245,0.075,0.203,0.161,0.259,0.259,0.14,0.088,0.101,0.23,0.071,0.147,0.274,0.08,0.121,0.153,0.228,0.23,0.203,0.274,0.217,0.198,0.206,0.206,0.203,0.13,0.101,0.201,0.186,0.245,0.23,0.319,0.136,0.191,0.089,0.142,0.161,0.252,0.147,0.145,0.245,0.074,0.252,0.17,0.274,0.093,0.155,0.41,0.1,0.23,0.186,0.214,0.142,0.277,0.118,0.228,0.252,0.161,0.206,0.14,0.228,0.186,0.095,0.251,0.319,0.119,0.245,0.137,0.137,0.206,0.252,0.162,0.144,0.274,0.242,0.098,0.117,0.102,0.057,0.259,0.274,0.171,0.078,0.198,0.137,0.191,0.156,0.137,0.191,0.058,0.118,0.077,0.093,0.07,0.066,0.245,0.136,0.18,0.245,0.18,0.186,0.181,0.171,0.137,0.28,0.284,0.217,0.284,0.169,0.186,0.23,0.206,0.197,0.228,0.206,0.201,0.196,0.23,0.251,0.228,0.186,0.069,0.228,0.252,0.12,0.319,0.201,0.147,0.091,0.097,0.186,0.217,0.101,0.147,0.228,0.161,0.186,0.19,0.28,0.256,0.23,0.199,0.245,0.228,0.091,0.137,0.139,0.102,0.1,0.248,0.228,0.183,0.201,0.137,0.068,0.23,0.191
0.591,0.256,0.197,0.138,0.461,0.192,0.148,0.54,0.19,0.176,0.127,0.292,0.087,0.126,0.11,0.188,0.203,0.066,0.202,0.18,0.113,0.084,0.087,0.415,0.106,0.115,0.127,0.602,0.283,0.185,0.211,0.078,0.23,0.159,0.091,0.153,0.562,0.153,0.143,0.166,0.185,0.18,0.164,0.182,0.273,0.143,0.166,0.274,0.228,0.678,0.104,0.278,0.154,0.18,0.362,0.377,0.116,0.111,0.122,0.162,0.363,0.294,0.319,0.246,0.202,0.328,0.07,0.461,0.154,0.19,0.166,0.415,0.208,0.135,0.351,0.196,0.179,0.089,0.273,0.228,0.114,0.263,0.132,0.095,0.109,0.296,0.201,0.173,0.167,0.38,0.318,0.22,0.283,0.176,0.222,0.293,0.256,0.08,0.144,0.122,0.214,0.225,0.174,0.22,0.103,0.1,0.216,0.327,0.095,0.348,0.121,0.232,0.16,0.121,0.197,0.175,0.136,0.099,0.159,0.136,0.144,0.278,0.308,0.161,0.31,0.13,0.08,0.111,0.168,0.197,0.288,0.272,0.218,0.07,0.274,0.436,0.378,0.219,0.145,0.334,0.334,0.141,0.143,0.184,0.097,0.276,0.206,1.0,0.185,0.122,0.13,0.256,0.286,0.209,0.15,0.248,0.372,0.136,0.18,0.167,0.096,0.25,0.137,0.307,0.239,0.126,0.334,0.241,0.166,0.394,0.137,0.422,0.179,0.19,0.166,0.127,0.274,0.162,0.352,0.345,0.18,0.241,0.341,0.416,0.11,0.361,0.167,0.22,0.316,0.217,0.183,0.205,0.296,0.152,0.379,0.075,0.168,0.209,0.092,0.109,0.175,0.21,0.216,0.212,0.379,0.22,0.351,0.142,0.134,0.354,0.287,0.095,0.187,0.186,0.197,0.325,0.208,0.14,0.226,0.089,0.142,0.22,0.194,0.156,0.133,0.245,0.161,0.256,0.171,0.182,0.29,0.097,0.088,0.13,0.197,0.24,0.324,0.115,0.217,0.232,0.377,0.369,0.242,0.13,0.168,0.256,0.282,0.09,0.515,0.165,0.309,0.34,0.137,0.093,0.263,0.256,0.127,0.22,0.207,0.335,0.085,0.166,0.283,0.201,0.205,0.182,0.122,0.132,0.221,0.115,0.141,0.098,0.107,0.314,0.057,0.088,0.118,0.141,0.117,0.075,0.26,0.327,0.136,0.245,0.224,0.114,0.218,0.198,0.115,0.244,0.196,0.25,0.225,0.169,0.319,0.285,0.166,0.363,0.287,0.206,0.126,0.292,0.246,0.199,0.272,0.176,0.296,0.43,0.333,0.275,0.271,0.182,0.101,0.091,0.216,0.299,0.116,0.08,0.171,0.203,0.136,0.243,0.239,0.22,0.179,0.275,0.199,0.157,0.221,0.211,0.28,0.108,0.109,0.179,0.202,0.233,0.19,0.144,0.113,0.085,0.175,0.223
0.292,0.467,0.187,0.301,0.229,0.203,0.188,0.211,0.245,0.288,0.167,0.203,0.353,0.265,0.312,0.209,0.232,0.122,0.179,0.247,0.164,0.218,0.117,0.193,0.191,0.251,0.249,0.197,0.24,0.203,0.299,0.393,0.22,0.278,0.142,0.233,0.482,0.335,0.241,0.238,0.237,0.263,0.277,0.186,0.179,0.352,0.226,0.543,0.176,0.108,0.242,0.198,0.186,0.309,0.215,0.13,0.217,0.223,0.206,0.185,0.157,0.171,0.186,0.243,0.221,0.295,0.099,0.188,0.255,0.365,0.282,0.193,0.258,0.197,0.15,0.232,0.258,0.185,0.276,0.228,0.135,0.186,0.304,0.199,0.173,0.207,0.281,0.242,0.213,0.245,0.173,0.353,0.266,0.191,0.187,0.21,0.467,0.205,0.192,0.252,0.224,0.264,0.228,0.224,0.357,0.197,0.201,0.2,0.209,0.177,0.222,0.278,0.179,0.201,0.252,0.27,0.15,0.14,0.268,0.324,0.245,0.211,0.273,0.236,0.264,0.25,0.205,0.116,0.293,0.192,0.256,0.159,0.246,0.128,0.543,0.371,0.158,0.204,0.19,0.311,0.311,0.305,0.267,0.248,0.187,0.226,1.0,0.185,1.0,0.186,0.232,0.235,0.243,0.211,0.156,0.223,0.139,0.318,0.193,0.228,0.278,0.276,0.226,0.2,0.228,0.168,0.311,0.213,0.232,0.213,0.238,0.156,0.204,0.147,0.168,0.255,0.219,0.185,0.159,0.252,0.245,0.239,0.274,0.242,0.246,0.3,0.113,0.315,0.21,0.229,0.254,0.224,0.206,0.163,0.188,0.12,0.15,0.327,0.121,0.184,0.238,0.233,0.287,0.363,0.214,0.214,0.198,0.179,0.195,0.178,0.171,0.158,0.179,0.388,0.295,0.197,0.225,0.363,0.276,0.195,0.201,0.253,0.278,0.174,0.293,0.469,0.105,0.467,0.162,0.307,0.179,0.298,0.615,0.285,0.284,0.232,0.213,0.172,0.244,0.193,0.311,0.252,0.49,0.156,0.182,0.269,0.224,0.115,0.247,0.234,0.151,0.265,0.26,0.269,0.147,0.467,0.336,0.193,0.263,0.188,0.128,0.2,0.126,0.171,0.268,0.299,0.246,0.304,0.172,0.239,0.236,0.175,0.166,0.181,0.108,0.248,0.159,0.173,0.279,0.173,0.257,0.222,0.264,0.469,0.158,0.235,0.213,0.24,0.243,0.277,0.269,0.188,0.259,0.169,0.153,0.245,0.214,0.232,0.246,0.206,0.234,0.286,0.26,0.248,0.215,0.226,0.086,0.21,0.231,0.202,0.335,0.217,0.211,0.213,0.127,0.252,0.205,0.109,0.177,0.208,0.277,0.272,0.267,0.23,0.313,0.194,0.199,0.315,0.27,0.194,0.207,0.153,0.2,0.117,0.249,0.237,0.248,0.274,0.223,0.107,0.252,0.273
0.24,0.15,0.33,0.223,0.119,0.14,0.15,0.094,0.322,0.266,0.082,0.16,0.197,0.147,0.343,0.112,0.393,0.312,0.161,0.235,0.172,0.184,0.142,0.091,0.214,0.192,0.315,0.194,0.251,0.112,0.185,0.271,0.158,0.326,0.286,0.308,0.272,0.191,0.313,0.251,0.355,0.244,0.408,0.078,0.095,0.238,0.35,0.178,0.104,0.04,0.311,0.161,0.097,0.314,0.148,0.18,0.429,0.27,0.232,0.088,0.364,0.09,0.178,0.1,0.128,0.232,0.231,0.089,0.194,0.131,0.15,0.091,0.319,0.247,0.254,0.25,0.138,0.244,0.184,0.084,0.079,0.112,0.591,0.229,0.292,0.111,0.238,0.278,0.196,0.167,0.065,0.19,0.238,0.153,0.204,0.309,0.15,0.224,0.168,0.423,0.188,0.111,0.223,0.119,0.292,0.186,0.088,0.201,0.26,0.134,0.224,0.115,0.459,0.299,0.149,0.46,0.261,0.124,0.41,0.284,0.477,0.226,0.099,0.453,0.211,0.348,0.224,0.035,0.218,0.486,0.48,0.169,0.462,0.196,0.178,0.131,0.071,0.087,0.272,0.117,0.117,0.4,0.159,0.349,0.211,0.206,0.091,0.122,0.186,1.0,0.143,0.092,0.159,0.175,0.213,0.373,0.326,0.199,0.436,0.457,0.406,0.136,0.13,0.106,0.074,0.096,0.117,0.238,0.257,0.136,0.224,0.067,0.073,0.066,0.081,0.202,0.099,0.088,0.172,0.136,0.201,0.257,0.091,0.094,0.089,0.233,0.097,0.195,0.153,0.15,0.344,0.19,0.166,0.123,0.089,0.105,0.145,0.141,0.074,0.238,0.366,0.188,0.124,0.285,0.184,0.209,0.067,0.239,0.123,0.076,0.073,0.262,0.076,0.128,0.392,0.097,0.181,0.241,0.187,0.076,0.16,0.422,0.133,0.108,0.284,0.165,0.064,0.15,0.073,0.253,0.264,0.316,0.221,0.21,0.288,0.223,0.184,0.141,0.214,0.302,0.096,0.121,0.659,0.061,0.118,0.362,0.111,0.125,0.109,0.252,0.146,0.132,0.35,0.257,0.055,0.15,0.185,0.18,0.213,0.24,0.242,0.441,0.111,0.09,0.242,0.154,0.274,0.591,0.093,0.39,0.135,0.16,0.246,0.092,0.082,0.203,0.182,0.139,0.354,0.331,0.14,0.169,0.288,0.165,0.078,0.28,0.146,0.26,0.43,0.327,0.333,0.111,0.371,0.059,0.136,0.29,0.249,0.173,0.453,0.067,0.428,0.101,0.433,0.257,0.159,0.125,0.048,0.09,0.107,0.294,0.178,0.11,0.097,0.283,0.19,0.271,0.236,0.098,0.101,0.108,0.365,0.392,0.386,0.134,0.217,0.096,0.066,0.136,0.16,0.272,0.391,0.121,0.396,0.089,0.178,0.192,0.35,0.163,0.38,0.074,0.25,0.431
0.14,0.34,0.174,0.188,0.142,0.14,0.085,0.185,0.192,0.169,0.108,0.165,0.178,0.085,0.24,0.103,0.144,0.104,0.116,0.185,0.088,0.253,0.125,0.137,0.196,0.234,0.253,0.279,0.234,0.173,0.183,0.204,0.116,0.244,0.144,0.254,0.199,0.318,0.26,0.246,0.178,0.173,0.305,0.102,0.137,0.337,0.181,0.39,0.115,0.144,0.306,0.255,0.217,0.193,0.18,0.166,0.186,0.208,0.156,0.098,0.159,0.144,0.233,0.133,0.178,0.177,0.096,0.134,0.121,0.233,0.178,0.137,0.253,0.204,0.156,0.195,0.211,0.301,0.247,0.152,0.079,0.196,0.137,0.269,0.194,0.119,0.264,0.151,0.225,0.309,0.094,0.174,0.28,0.141,0.418,0.203,0.34,0.151,0.214,0.258,0.379,0.14,0.185,0.114,0.301,0.177,0.105,0.17,0.421,0.16,0.214,0.183,0.165,0.192,0.254,0.362,0.16,0.162,0.299,0.295,0.267,0.249,0.203,0.196,0.35,0.292,0.151,0.197,0.209,0.144,0.234,0.141,0.254,0.136,0.39,0.196,0.149,0.106,0.11,0.236,0.236,0.369,0.233,0.226,0.132,0.193,0.198,0.13,0.232,0.143,1.0,0.142,0.151,0.19,0.157,0.195,0.143,0.179,0.207,0.175,0.136,0.235,0.146,0.417,0.148,0.149,0.236,0.362,0.245,0.126,0.304,0.08,0.091,0.118,0.108,0.37,0.16,0.098,0.137,0.17,0.391,0.178,0.198,0.183,0.266,0.273,0.119,0.153,0.229,0.103,0.127,0.225,0.131,0.188,0.154,0.111,0.238,0.2,0.16,0.174,0.208,0.161,0.158,0.215,0.205,0.203,0.131,0.151,0.096,0.107,0.132,0.182,0.094,0.283,0.236,0.13,0.182,0.127,0.147,0.668,0.172,0.233,0.229,0.112,0.283,0.346,0.103,0.34,0.086,0.23,0.136,0.301,0.238,0.146,0.167,0.204,0.157,0.161,0.162,0.161,0.22,0.228,0.513,0.064,0.16,0.215,0.153,0.118,0.209,0.112,0.161,0.189,0.314,0.177,0.122,0.34,0.266,0.327,0.269,0.135,0.103,0.178,0.093,0.144,0.206,0.266,0.402,0.137,0.092,0.321,0.133,0.119,0.17,0.101,0.083,0.457,0.158,0.231,0.295,0.335,0.173,0.139,0.317,0.346,0.091,0.208,0.128,0.188,0.281,0.196,0.22,0.206,0.149,0.103,0.148,0.206,0.361,0.185,0.178,0.127,0.253,0.211,0.253,0.175,0.214,0.216,0.107,0.136,0.287,0.136,0.232,0.141,0.234,0.16,0.083,0.192,0.181,0.183,0.142,0.107,0.238,0.257,0.214,0.148,0.273,0.122,0.131,0.178,0.201,0.338,0.178,0.145,0.194,0.124,0.239,0.208,0.257,0.108,0.327,0.167,0.237,0.205
0.194,0.334,0.171,0.19,0.451,0.087,0.274,0.486,0.209,0.115,0.143,0.356,0.126,0.127,0.134,0.21,0.155,0.06,0.294,0.176,0.237,0.113,0.114,0.306,0.095,0.122,0.108,0.263,0.289,0.398,0.246,0.084,0.204,0.171,0.178,0.201,0.19,0.116,0.121,0.166,0.172,0.288,0.208,0.22,0.338,0.185,0.163,0.334,0.343,0.317,0.113,0.196,0.224,0.262,0.385,0.161,0.121,0.099,0.158,0.176,0.153,0.135,0.201,0.283,0.165,0.252,0.072,0.48,0.144,0.268,0.45,0.306,0.219,0.192,0.204,0.199,0.378,0.075,0.457,0.322,0.14,0.198,0.1,0.088,0.103,0.342,0.259,0.164,0.132,0.274,0.261,0.169,0.25,0.303,0.133,0.136,0.334,0.107,0.172,0.132,0.137,0.305,0.158,0.23,0.101,0.134,0.223,0.256,0.101,0.366,0.144,0.251,0.061,0.112,0.257,0.127,0.096,0.137,0.124,0.127,0.142,0.211,0.327,0.114,0.244,0.107,0.107,0.076,0.168,0.136,0.177,0.296,0.167,0.07,0.334,0.328,0.223,0.221,0.092,0.31,0.31,0.167,0.217,0.191,0.119,0.241,0.256,0.256,0.235,0.092,0.142,1.0,0.257,0.284,0.159,0.219,0.159,0.154,0.136,0.149,0.094,0.298,0.218,0.216,0.323,0.15,0.31,0.138,0.155,0.233,0.17,0.171,0.233,0.177,0.258,0.138,0.249,0.176,0.276,0.416,0.259,0.25,0.315,0.279,0.111,0.26,0.188,0.19,0.223,0.202,0.218,0.21,0.168,0.101,0.237,0.088,0.13,0.261,0.098,0.124,0.162,0.191,0.247,0.164,0.227,0.181,0.472,0.141,0.178,0.452,0.204,0.074,0.2,0.837,0.354,0.255,0.229,0.139,0.291,0.093,0.129,0.22,0.253,0.42,0.141,0.717,0.121,0.334,0.166,0.26,0.173,0.108,0.101,0.095,0.226,0.203,0.24,0.208,0.254,0.29,0.352,0.296,0.188,0.175,0.36,0.235,0.588,0.095,0.368,0.228,0.252,0.465,0.115,0.134,0.242,0.334,0.121,0.179,0.203,0.224,0.111,0.134,0.145,0.12,0.318,0.234,0.166,0.1,0.189,0.121,0.13,0.293,0.122,0.225,0.077,0.1,0.089,0.1,0.092,0.073,0.375,0.168,0.136,0.717,0.19,0.12,0.228,0.173,0.115,0.248,0.232,0.196,0.223,0.253,0.326,0.293,0.17,0.326,0.202,0.304,0.152,0.263,0.199,0.189,0.395,0.481,0.149,0.296,0.251,0.375,0.233,0.185,0.139,0.118,0.116,0.431,0.183,0.075,0.166,0.215,0.151,0.215,0.282,0.247,0.511,0.308,0.283,0.417,0.324,0.129,0.178,0.16,0.104,0.158,0.273,0.28,0.167,0.178,0.116,0.085,0.227,0.337
0.411,0.334,0.238,0.164,0.194,0.21,0.129,0.247,0.206,0.14,0.122,0.295,0.143,0.211,0.181,0.239,0.315,0.089,0.161,0.239,0.301,0.166,0.118,0.296,0.16,0.206,0.193,0.253,0.333,0.28,0.266,0.107,0.24,0.234,0.126,0.217,0.631,0.206,0.256,0.227,0.347,0.228,0.326,0.193,0.23,0.204,0.214,0.388,0.277,0.426,0.157,0.209,0.188,0.252,0.302,0.287,0.175,0.166,0.138,0.168,0.228,0.163,0.249,0.282,0.226,0.28,0.083,0.335,0.212,0.247,0.223,0.296,0.228,0.352,0.26,0.253,0.208,0.141,0.314,0.348,0.106,0.222,0.176,0.129,0.12,0.245,0.234,0.167,0.216,0.251,0.182,0.256,0.324,0.251,0.216,0.226,0.334,1.0,0.167,0.175,0.153,0.229,0.205,0.235,0.15,0.168,0.207,0.289,0.135,0.267,0.198,0.262,0.155,0.145,0.222,0.17,0.112,0.092,0.195,0.194,0.201,0.41,0.701,0.195,0.225,0.173,1.0,0.076,0.244,0.228,0.231,0.308,0.229,0.104,0.388,0.436,0.244,0.201,0.193,0.508,0.508,0.236,0.233,0.238,0.137,0.454,0.186,0.286,0.243,0.159,0.151,0.257,1.0,0.261,0.16,0.287,0.223,0.2,0.221,0.237,0.132,0.304,0.244,0.236,0.276,0.226,0.508,0.254,0.225,0.336,0.225,0.123,0.143,0.204,0.202,0.217,0.242,0.168,0.267,0.266,0.276,0.264,0.391,0.432,0.126,0.293,0.14,0.311,0.288,0.298,0.196,0.283,0.207,0.158,0.266,0.156,0.13,0.289,0.12,0.17,0.237,0.296,0.274,0.248,0.31,0.28,0.241,0.19,0.2,0.17,0.429,0.118,0.175,0.276,0.231,0.278,0.318,0.188,0.324,0.099,0.14,0.371,0.224,0.177,0.228,0.342,0.262,0.334,0.151,0.245,0.255,0.159,0.12,0.146,0.252,0.266,0.298,0.265,0.282,0.278,0.424,0.283,0.34,0.135,0.313,0.264,0.217,0.105,0.22,0.178,0.244,0.264,0.185,0.149,0.162,0.334,0.173,0.237,0.248,0.189,0.151,0.17,0.222,0.126,0.38,0.329,0.208,0.176,0.218,0.175,0.153,0.227,0.169,0.357,0.13,0.135,0.145,0.132,0.154,0.107,0.276,0.254,0.186,0.342,0.225,0.17,0.301,0.269,0.168,0.295,0.318,0.27,0.263,0.185,0.268,0.347,0.188,0.277,0.279,0.242,0.185,0.438,0.301,0.254,0.327,0.284,0.157,0.361,0.321,0.217,0.245,0.244,0.136,0.164,0.199,0.31,0.248,0.099,0.309,0.247,0.25,0.418,0.263,0.272,0.221,0.379,0.226,0.292,0.259,0.18,0.229,0.162,0.177,0.157,0.315,0.327,0.249,0.18,0.172,0.107,0.286,0.374
0.493,0.301,0.209,0.171,0.2,0.138,0.201,0.276,0.186,0.142,0.12,0.4,0.105,0.128,0.309,0.162,0.224,0.145,0.267,0.258,0.143,0.122,0.085,0.204,0.301,0.175,0.243,0.272,0.333,0.315,0.36,0.111,0.207,0.298,0.14,0.299,0.75,0.262,0.304,0.216,0.209,0.332,0.296,0.179,0.385,0.193,0.313,0.334,0.21,0.583,0.172,0.269,0.198,0.174,0.526,0.215,0.206,0.235,0.254,0.131,0.293,0.16,0.334,0.25,0.315,0.304,0.134,0.244,0.179,0.204,0.197,0.204,0.305,0.164,0.252,0.439,0.188,0.2,0.324,0.343,0.102,0.202,0.233,0.226,0.187,0.186,0.262,0.192,0.309,0.22,0.161,0.237,0.374,0.315,0.282,0.202,0.301,1.0,0.154,0.187,0.235,0.185,0.152,0.19,0.173,0.112,0.163,0.408,0.182,0.269,0.163,0.181,0.384,0.158,0.161,0.224,0.198,0.132,0.26,0.262,0.264,0.357,0.387,0.243,0.246,0.248,1.0,0.13,0.27,0.32,0.294,0.353,0.252,0.141,0.334,0.238,0.244,0.151,0.152,0.543,0.543,0.285,0.247,0.44,0.094,0.316,0.217,0.209,0.211,0.175,0.19,0.284,0.261,1.0,0.285,0.325,0.24,0.192,0.333,0.322,0.105,0.196,0.189,0.278,0.299,0.154,0.543,0.263,0.337,0.336,0.31,0.124,0.138,0.149,0.155,0.297,0.334,0.131,0.379,0.249,0.215,0.319,0.426,0.446,0.107,0.404,0.114,0.23,0.33,0.185,0.18,0.396,0.181,0.159,0.197,0.175,0.224,0.2,0.11,0.262,0.263,0.315,0.175,0.254,0.365,0.448,0.922,0.249,0.264,0.313,1.0,0.188,0.143,0.837,0.278,0.241,0.245,0.168,0.268,0.09,0.126,0.356,0.157,0.235,0.166,0.717,0.165,0.301,0.121,0.182,0.237,0.199,0.129,0.107,0.254,0.33,0.402,0.152,0.379,0.247,0.476,0.27,0.915,0.137,0.164,0.278,0.229,0.083,0.239,0.17,0.282,0.319,0.229,0.108,0.164,0.301,0.217,0.26,0.286,0.318,0.092,0.232,0.23,0.116,0.344,0.198,0.229,0.233,0.163,0.202,0.189,0.151,0.142,0.162,0.12,0.161,0.146,0.122,0.484,0.175,0.253,0.222,0.338,0.717,0.164,0.16,0.215,0.268,0.207,0.251,0.422,0.341,0.267,0.248,0.428,0.308,0.283,0.236,0.281,0.39,0.183,0.456,0.329,0.361,0.337,0.246,0.206,0.204,0.222,0.323,0.302,0.148,0.103,0.248,0.216,0.372,0.256,0.12,0.149,0.166,0.238,0.284,0.354,0.279,0.311,0.315,0.344,0.234,0.293,0.29,0.248,0.22,0.163,0.213,0.433,0.371,0.315,0.19,0.236,0.115,0.376,0.284
0.174,0.19,0.22,0.175,0.127,0.08,0.237,0.158,0.113,0.082,0.094,0.194,0.089,0.166,0.265,0.228,0.192,0.173,0.137,0.231,0.161,0.102,0.081,0.185,0.204,0.124,0.159,0.201,0.366,0.161,0.177,0.104,0.164,0.28,0.128,0.232,0.288,0.194,0.217,0.258,0.178,0.208,0.23,0.253,0.133,0.151,0.333,0.179,0.14,0.172,0.144,0.137,0.297,0.138,0.197,0.167,0.199,0.173,0.286,0.178,0.278,0.081,0.252,0.307,0.169,0.244,0.126,0.164,0.152,0.379,0.111,0.185,0.355,0.14,0.217,0.314,0.116,0.215,0.199,0.45,0.136,0.183,0.168,0.176,0.206,0.191,0.172,0.236,0.179,0.173,0.187,0.169,0.231,0.196,0.198,0.162,0.19,0.154,0.194,0.182,0.159,0.188,0.118,0.206,0.145,0.098,0.193,0.301,0.172,0.211,0.15,0.254,0.367,0.174,0.118,0.228,0.141,0.118,0.274,0.194,0.265,0.241,0.137,0.258,0.12,0.278,0.154,0.087,0.226,0.3,0.271,0.193,0.239,0.11,0.179,0.142,0.191,0.192,0.132,0.299,0.299,0.261,0.197,0.299,0.078,0.184,0.206,0.15,0.156,0.213,0.157,0.159,0.16,0.285,1.0,0.218,0.214,0.177,0.342,0.301,0.085,0.206,0.167,0.184,0.351,0.108,0.299,0.308,0.262,0.201,0.169,0.105,0.187,0.462,0.331,0.169,0.238,0.178,0.545,0.123,0.195,0.212,0.322,0.265,0.073,0.231,0.077,0.176,0.171,0.197,0.181,0.183,0.119,0.096,0.174,0.096,0.143,0.19,0.094,0.25,0.223,0.23,0.195,0.217,0.19,0.211,0.234,0.206,0.42,0.13,0.282,0.177,0.183,0.132,0.251,0.219,0.213,0.124,0.216,0.064,0.137,0.301,0.114,0.116,0.124,0.167,0.148,0.19,0.142,0.148,0.193,0.155,0.119,0.084,0.313,0.219,0.192,0.129,0.266,0.193,0.345,0.128,0.69,0.457,0.112,0.294,0.115,0.082,0.176,0.174,0.202,0.13,0.208,0.103,0.425,0.19,0.162,0.225,0.188,0.239,0.087,0.248,0.123,0.077,0.282,0.138,0.204,0.168,0.18,0.204,0.196,0.127,0.121,0.157,0.083,0.135,0.124,0.1,0.438,0.171,0.122,0.153,0.273,0.167,0.179,0.135,0.198,0.217,0.256,0.21,0.258,0.164,0.242,0.267,0.181,0.239,0.662,0.214,0.262,1.0,0.164,0.253,0.301,0.225,0.21,0.169,0.073,0.176,0.125,0.121,0.332,0.12,0.073,0.173,0.151,0.175,0.233,0.087,0.09,0.233,0.19,0.387,0.305,0.217,0.186,0.189,0.918,0.128,0.186,0.2,0.196,0.152,0.159,0.132,0.199,0.227,0.223,0.212,0.228,0.111,0.254,0.292
0.315,0.329,0.321,0.196,0.142,0.161,0.111,0.254,0.341,0.235,0.093,0.419,0.22,0.123,0.399,0.112,0.339,0.194,0.188,0.333,0.169,0.21,0.2,0.238,0.356,0.226,0.313,0.391,0.45,0.246,0.287,0.349,0.207,0.343,0.262,0.373,0.417,0.262,0.336,0.323,0.381,0.264,0.488,0.101,0.316,0.348,0.369,0.357,0.227,0.554,0.307,0.272,0.13,0.264,0.446,0.331,0.388,0.279,0.256,0.099,0.47,0.211,0.375,0.13,0.216,0.409,0.353,0.303,0.174,0.18,0.181,0.238,0.327,0.31,0.361,0.346,0.178,0.196,0.383,0.121,0.24,0.199,0.494,0.408,0.243,0.133,0.249,0.207,0.294,0.381,0.145,0.228,0.445,0.202,0.338,0.297,0.329,0.226,0.176,0.468,0.256,0.145,0.157,0.122,0.298,0.226,0.104,0.394,0.242,0.27,0.241,0.152,0.527,0.286,0.206,0.359,0.234,0.125,0.414,0.307,0.394,0.39,0.507,0.457,0.321,0.386,0.226,0.087,0.255,0.418,0.49,0.436,0.405,0.332,0.357,0.348,0.252,0.102,0.258,0.2,0.2,0.37,0.185,0.455,0.211,0.442,0.155,0.248,0.223,0.373,0.195,0.219,0.287,0.325,0.218,1.0,0.427,0.17,0.415,0.458,0.219,0.202,0.159,0.296,0.109,0.11,0.2,0.357,0.365,0.307,0.345,0.083,0.083,0.129,0.124,0.233,0.247,0.099,0.358,0.351,0.267,0.323,0.155,0.147,0.113,0.388,0.28,0.231,0.368,0.134,0.3,0.358,0.236,0.245,0.219,0.17,0.163,0.196,0.09,0.284,0.313,0.278,0.155,0.322,0.467,0.367,0.378,0.204,0.12,0.203,0.682,0.403,0.086,0.244,0.354,0.252,0.279,0.187,0.237,0.109,0.125,0.517,0.195,0.202,0.224,0.313,0.121,0.329,0.081,0.252,0.367,0.279,0.188,0.14,0.253,0.43,0.414,0.147,0.398,0.523,0.173,0.341,0.915,0.062,0.234,0.349,0.203,0.149,0.211,0.178,0.371,0.316,0.351,0.245,0.14,0.329,0.217,0.281,0.265,0.348,0.229,0.372,0.312,0.154,0.368,0.198,0.287,0.494,0.096,0.361,0.151,0.19,0.2,0.189,0.079,0.232,0.336,0.15,0.484,0.234,0.255,0.271,0.396,0.313,0.14,0.266,0.195,0.251,0.45,0.348,0.341,0.302,0.251,0.078,0.401,0.443,0.307,0.233,0.468,0.093,0.329,0.172,0.4,0.338,0.364,0.254,0.245,0.214,0.293,0.34,0.305,0.141,0.12,0.306,0.257,0.529,0.235,0.173,0.196,0.112,0.351,0.454,0.419,0.184,0.234,0.384,0.093,0.217,0.181,0.463,0.471,0.124,0.336,0.2,0.328,0.296,0.375,0.144,0.458,0.089,0.383,0.447
0.423,0.265,0.444,0.104,0.115,0.162,0.15,0.317,0.159,0.178,0.059,0.357,0.105,0.092,0.231,0.075,0.202,0.212,0.189,0.241,0.113,0.1,0.102,0.316,0.176,0.114,0.198,0.439,0.333,0.17,0.187,0.153,0.205,0.264,0.299,0.251,0.415,0.125,0.212,0.197,0.274,0.329,0.27,0.054,0.274,0.149,0.33,0.133,0.132,0.803,0.202,0.316,0.078,0.143,0.347,0.497,0.3,0.188,0.214,0.063,0.875,0.264,0.408,0.073,0.164,0.416,0.18,0.347,0.129,0.114,0.158,0.316,0.247,0.236,0.468,0.269,0.173,0.191,0.317,0.055,0.05,0.198,0.101,0.187,0.315,0.197,0.216,0.227,0.187,0.182,0.176,0.185,0.28,0.172,0.315,0.386,0.265,0.143,0.095,0.195,0.155,0.081,0.184,0.081,0.193,0.122,0.06,0.329,0.193,0.283,0.113,0.085,0.454,0.32,0.152,0.275,0.264,0.112,0.322,0.198,0.339,0.352,0.311,0.268,0.395,0.248,0.143,0.136,0.17,0.454,0.48,0.35,0.396,0.158,0.133,0.361,0.248,0.061,0.246,0.084,0.084,0.304,0.103,0.329,0.095,0.318,0.066,0.372,0.139,0.326,0.143,0.159,0.223,0.24,0.214,0.427,1.0,0.134,0.338,0.348,0.109,0.142,0.096,0.337,0.05,0.072,0.084,0.368,0.244,0.287,0.212,0.049,0.049,0.116,0.055,0.191,0.182,0.063,0.399,0.321,0.172,0.213,0.066,0.063,0.082,0.304,0.155,0.184,0.383,0.102,0.09,0.282,0.29,0.169,0.272,0.105,0.159,0.105,0.072,0.171,0.278,0.212,0.09,0.208,0.381,0.276,0.436,0.133,0.084,0.225,0.364,0.224,0.052,0.189,0.381,0.225,0.172,0.155,0.186,0.086,0.102,0.387,0.147,0.152,0.166,0.246,0.141,0.265,0.049,0.128,0.489,0.167,0.154,0.167,0.237,0.358,0.407,0.087,0.261,0.343,0.073,0.306,0.516,0.041,0.211,0.274,0.224,0.113,0.152,0.114,0.435,0.308,0.36,0.121,0.164,0.265,0.114,0.247,0.208,0.36,0.122,0.355,0.266,0.189,0.256,0.119,0.198,0.101,0.064,0.323,0.093,0.103,0.141,0.147,0.057,0.16,0.177,0.147,0.259,0.268,0.231,0.343,0.222,0.246,0.14,0.147,0.139,0.248,0.288,0.278,0.186,0.227,0.193,0.036,0.41,0.398,0.238,0.266,0.442,0.043,0.193,0.072,0.302,0.249,0.213,0.17,0.253,0.265,0.312,0.291,0.32,0.08,0.077,0.113,0.226,0.392,0.197,0.103,0.123,0.073,0.275,0.353,0.384,0.098,0.197,0.234,0.044,0.141,0.113,0.373,0.427,0.083,0.192,0.16,0.226,0.29,0.253,0.111,0.276,0.073,0.231,0.339
0.23,0.207,0.202,0.271,0.16,0.247,0.186,0.13,0.155,0.293,0.114,0.178,0.209,0.211,0.205,0.237,0.207,0.206,0.189,0.182,0.213,0.197,0.074,0.141,0.206,0.256,0.232,0.139,0.218,0.205,0.255,0.253,0.288,0.292,0.134,0.229,0.38,0.26,0.24,0.232,0.209,0.218,0.224,0.149,0.183,0.224,0.182,0.263,0.136,0.058,0.232,0.184,0.168,0.188,0.142,0.122,0.216,0.277,0.169,0.172,0.154,0.183,0.145,0.231,0.269,0.194,0.122,0.131,0.365,0.307,0.178,0.141,0.274,0.183,0.132,0.202,0.159,0.294,0.238,0.344,0.125,0.135,0.376,0.193,0.262,0.185,0.182,0.253,0.169,0.216,0.159,0.316,0.283,0.143,0.193,0.187,0.207,0.107,0.185,0.245,0.18,0.206,0.244,0.297,0.382,0.134,0.18,0.175,0.203,0.128,0.171,0.226,0.146,0.188,0.147,0.234,0.202,0.156,0.234,0.313,0.254,0.158,0.144,0.203,0.223,0.215,0.107,0.054,0.319,0.221,0.26,0.128,0.255,0.14,0.263,0.222,0.149,0.179,0.354,0.23,0.23,0.27,0.172,0.24,0.158,0.182,0.172,0.136,0.318,0.199,0.179,0.154,0.2,0.192,0.177,0.17,0.134,1.0,0.233,0.31,0.282,0.196,0.146,0.14,0.266,0.123,0.23,0.224,0.214,0.193,0.222,0.102,0.184,0.171,0.15,0.279,0.186,0.172,0.172,0.155,0.226,0.175,0.244,0.206,0.202,0.286,0.085,0.301,0.182,0.278,0.263,0.239,0.153,0.155,0.137,0.087,0.114,0.2,0.09,0.172,0.297,0.196,0.194,0.326,0.162,0.213,0.184,0.148,0.32,0.132,0.114,0.177,0.174,0.196,0.215,0.148,0.214,0.598,0.386,0.167,0.214,0.249,0.233,0.111,0.263,0.241,0.094,0.207,0.136,0.189,0.285,0.306,0.333,0.349,0.232,0.22,0.19,0.334,0.2,0.179,0.258,0.139,0.392,0.22,0.186,0.262,0.136,0.078,0.184,0.176,0.128,0.159,0.277,0.2,0.172,0.207,0.271,0.185,0.242,0.196,0.086,0.193,0.164,0.183,0.268,0.313,0.237,0.376,0.246,0.229,0.354,0.112,0.156,0.149,0.135,0.224,0.16,0.177,0.258,0.221,0.304,0.408,0.218,0.241,0.177,0.167,0.211,0.215,0.206,0.242,0.236,0.153,0.239,0.212,0.114,0.238,0.218,0.229,0.25,0.332,0.194,0.192,0.262,0.206,0.209,0.155,0.057,0.153,0.134,0.213,0.321,0.194,0.141,0.115,0.133,0.177,0.164,0.126,0.14,0.235,0.228,0.247,0.278,0.218,0.257,0.141,0.296,0.259,0.219,0.185,0.212,0.133,0.183,0.105,0.228,0.203,0.294,0.214,0.195,0.09,0.277,0.276
0.22,0.151,0.307,0.178,0.152,0.167,0.139,0.179,0.222,0.351,0.142,0.288,0.144,0.155,0.353,0.153,0.376,0.303,0.173,0.257,0.171,0.172,0.103,0.175,0.275,0.206,0.28,0.259,0.29,0.211,0.244,0.209,0.185,0.334,0.181,0.326,0.331,0.235,0.313,0.245,0.32,0.23,0.376,0.14,0.22,0.243,0.347,0.2,0.18,0.244,0.285,0.2,0.186,0.189,0.348,0.262,0.313,0.266,0.293,0.131,0.39,0.177,0.283,0.212,0.261,0.345,0.193,0.196,0.236,0.156,0.147,0.175,0.392,0.28,0.308,0.395,0.139,0.313,0.257,0.165,0.098,0.162,1.0,0.272,0.3,0.161,0.222,0.312,0.248,0.249,0.122,0.226,0.349,0.225,0.323,0.253,0.151,0.194,0.167,0.614,0.273,0.154,0.172,0.19,0.295,0.148,0.17,0.3,0.296,0.202,0.231,0.158,0.461,0.296,0.133,0.409,0.247,0.141,0.454,0.317,0.42,0.371,0.341,0.423,0.307,0.366,0.194,0.046,0.272,0.486,0.453,0.3,0.345,0.181,0.2,0.228,0.194,0.19,0.224,0.222,0.222,0.391,0.193,0.401,0.114,0.341,0.133,0.18,0.193,0.436,0.207,0.136,0.221,0.333,0.342,0.415,0.338,0.233,1.0,0.441,0.317,0.168,0.162,0.241,0.172,0.126,0.222,0.303,0.312,0.263,0.262,0.11,0.133,0.141,0.127,0.297,0.258,0.131,0.324,0.183,0.278,0.257,0.22,0.208,0.141,0.321,0.108,0.23,0.238,0.177,0.414,0.35,0.184,0.146,0.156,0.109,0.181,0.177,0.09,0.276,0.333,0.274,0.169,0.378,0.31,0.307,0.318,0.213,0.248,0.162,0.617,0.26,0.169,0.152,0.349,0.187,0.21,0.265,0.261,0.164,0.188,0.457,0.139,0.172,0.225,0.187,0.128,0.151,0.184,0.178,0.324,0.267,0.204,0.159,0.308,0.297,0.282,0.184,0.319,0.328,0.234,0.208,0.782,0.103,0.151,0.343,0.147,0.101,0.172,0.149,0.26,0.211,0.328,0.16,0.117,0.151,0.229,0.283,0.263,0.346,0.118,0.364,0.25,0.143,0.286,0.199,0.276,1.0,0.147,0.352,0.231,0.14,0.194,0.177,0.102,0.387,0.191,0.147,0.488,0.346,0.204,0.243,0.356,0.187,0.164,0.239,0.179,0.282,0.383,0.279,0.377,0.243,0.334,0.128,0.253,0.427,0.313,0.22,0.387,0.148,0.288,0.191,0.412,0.387,0.245,0.15,0.148,0.176,0.173,0.236,0.281,0.13,0.116,0.212,0.247,0.323,0.274,0.113,0.16,0.154,0.3,0.367,0.427,0.222,0.257,0.317,0.139,0.152,0.215,0.373,0.323,0.144,0.28,0.205,0.271,0.279,0.354,0.2,0.32,0.101,0.34,0.381
0.241,0.209,0.329,0.21,0.149,0.165,0.175,0.166,0.229,0.275,0.109,0.321,0.162,0.199,0.35,0.212,0.334,0.313,0.197,0.303,0.221,0.186,0.133,0.166,0.267,0.208,0.293,0.3,0.358,0.212,0.241,0.307,0.229,0.397,0.238,0.338,0.383,0.262,0.296,0.345,0.394,0.232,0.466,0.141,0.271,0.285,0.429,0.266,0.201,0.19,0.357,0.211,0.159,0.217,0.358,0.236,0.502,0.275,0.328,0.155,0.442,0.139,0.247,0.213,0.22,0.338,0.268,0.208,0.257,0.227,0.16,0.166,0.409,0.315,0.299,0.379,0.147,0.287,0.266,0.347,0.118,0.178,0.527,0.291,0.3,0.17,0.233,0.293,0.234,0.221,0.155,0.244,0.452,0.223,0.269,0.318,0.209,0.226,0.21,0.44,0.278,0.184,0.243,0.233,0.34,0.16,0.163,0.28,0.308,0.212,0.19,0.206,0.628,0.318,0.139,0.397,0.319,0.155,0.443,0.318,0.496,0.33,0.259,0.421,0.239,0.414,0.226,0.054,0.294,0.637,0.419,0.335,0.48,0.219,0.266,0.206,0.186,0.162,0.268,0.232,0.232,0.438,0.15,0.41,0.117,0.331,0.161,0.167,0.228,0.457,0.175,0.149,0.237,0.322,0.301,0.458,0.348,0.31,0.441,1.0,0.312,0.176,0.136,0.186,0.263,0.126,0.232,0.301,0.31,0.292,0.308,0.103,0.158,0.18,0.167,0.195,0.185,0.155,0.321,0.181,0.293,0.307,0.247,0.207,0.108,0.388,0.108,0.244,0.228,0.244,0.347,0.343,0.19,0.151,0.154,0.113,0.154,0.189,0.086,0.278,0.433,0.277,0.178,0.351,0.284,0.299,0.239,0.209,0.262,0.16,0.703,0.31,0.155,0.197,0.453,0.157,0.286,0.28,0.261,0.091,0.173,0.588,0.133,0.193,0.259,0.243,0.096,0.209,0.123,0.209,0.317,0.265,0.219,0.187,0.352,0.302,0.288,0.22,0.398,0.388,0.263,0.193,0.915,0.195,0.158,0.436,0.146,0.13,0.175,0.196,0.253,0.204,0.4,0.189,0.174,0.209,0.221,0.261,0.369,0.352,0.153,0.392,0.276,0.112,0.364,0.238,0.312,0.527,0.18,0.441,0.177,0.141,0.183,0.167,0.097,0.246,0.208,0.152,0.484,0.37,0.2,0.248,0.375,0.243,0.165,0.223,0.249,0.309,0.424,0.344,0.364,0.221,0.332,0.206,0.28,0.341,0.366,0.287,0.424,0.333,0.337,0.191,0.451,0.313,0.329,0.165,0.126,0.177,0.163,0.267,0.28,0.164,0.107,0.248,0.385,0.417,0.29,0.114,0.14,0.213,0.408,0.466,0.49,0.201,0.274,0.345,0.295,0.205,0.188,0.316,0.423,0.135,0.294,0.229,0.29,0.29,0.381,0.204,0.445,0.086,0.367,0.487
0.185,0.199,0.14,0.197,0.121,0.291,0.116,0.096,0.264,0.59,0.08,0.099,0.215,0.142,0.226,0.105,0.436,0.113,0.121,0.126,0.161,0.195,0.066,0.09,0.164,0.199,0.267,0.102,0.155,0.13,0.224,0.346,0.179,0.243,0.114,0.177,0.332,0.22,0.219,0.136,0.19,0.157,0.25,0.07,0.091,0.166,0.143,0.226,0.089,0.043,0.286,0.114,0.113,0.169,0.106,0.104,0.195,0.189,0.121,0.083,0.118,0.237,0.128,0.1,0.167,0.158,0.073,0.08,0.191,0.133,0.16,0.09,0.176,0.168,0.107,0.151,0.142,0.187,0.181,0.084,0.047,0.08,0.762,0.152,0.162,0.116,0.17,0.252,0.128,0.12,0.057,0.239,0.205,0.081,0.125,0.141,0.199,0.07,0.086,0.434,0.152,0.111,0.176,0.112,0.509,0.129,0.083,0.174,0.157,0.085,0.176,0.12,0.338,0.149,0.145,0.321,0.159,0.086,0.266,0.232,0.212,0.118,0.108,0.362,0.202,0.179,0.07,0.036,0.169,0.204,0.312,0.09,0.245,0.104,0.226,0.137,0.066,0.082,0.15,0.135,0.135,0.227,0.125,0.186,0.16,0.118,0.096,0.096,0.278,0.406,0.136,0.094,0.132,0.105,0.085,0.219,0.109,0.282,0.317,0.312,1.0,0.157,0.127,0.117,0.069,0.089,0.135,0.171,0.146,0.119,0.154,0.058,0.066,0.059,0.075,0.18,0.115,0.083,0.084,0.138,0.141,0.186,0.096,0.099,0.2,0.184,0.06,0.228,0.125,0.139,0.46,0.153,0.13,0.129,0.085,0.064,0.091,0.152,0.071,0.165,0.185,0.105,0.132,0.383,0.142,0.157,0.06,0.096,0.111,0.069,0.068,0.128,0.07,0.157,0.174,0.095,0.147,0.259,0.189,0.132,0.186,0.22,0.266,0.091,0.237,0.206,0.061,0.199,0.065,0.15,0.124,0.226,0.361,0.296,0.144,0.176,0.146,0.167,0.118,0.154,0.104,0.136,0.347,0.052,0.111,0.202,0.115,0.061,0.104,0.088,0.104,0.137,0.177,0.187,0.049,0.199,0.237,0.113,0.191,0.097,0.071,0.3,0.101,0.237,0.165,0.199,0.168,0.762,0.086,0.194,0.176,0.088,0.128,0.089,0.074,0.197,0.127,0.157,0.157,0.153,0.142,0.162,0.176,0.206,0.07,0.227,0.127,0.175,0.195,0.235,0.25,0.12,0.136,0.05,0.079,0.209,0.14,0.175,0.276,0.06,0.195,0.111,0.238,0.183,0.108,0.112,0.049,0.087,0.12,0.243,0.215,0.105,0.134,0.08,0.097,0.149,0.116,0.08,0.101,0.101,0.205,0.221,0.178,0.134,0.198,0.088,0.058,0.136,0.188,0.138,0.196,0.092,0.233,0.086,0.157,0.152,0.257,0.154,0.154,0.072,0.147,0.218
0.129,1.0,0.122,0.21,0.334,0.095,0.167,0.298,0.275,0.154,0.226,0.195,0.199,0.344,0.199,0.54,0.206,0.105,0.187,0.232,0.174,0.169,0.303,0.439,0.146,0.179,0.185,0.252,0.322,0.204,0.192,0.213,0.122,0.211,0.136,0.178,0.199,0.156,0.215,0.35,0.252,0.228,0.191,0.317,0.194,0.27,0.227,0.467,0.319,0.224,0.157,0.233,0.271,0.378,0.23,0.136,0.163,0.149,0.236,0.339,0.153,0.174,0.175,0.431,0.184,0.265,0.152,0.254,0.219,0.431,0.337,0.439,0.266,0.152,0.15,0.238,0.344,0.129,0.243,0.637,0.234,0.374,0.15,0.154,0.098,0.509,0.602,0.258,0.16,0.278,0.296,0.2,0.35,0.272,0.176,0.168,1.0,0.186,0.237,0.201,0.268,0.378,0.232,0.373,0.136,0.257,0.431,0.218,0.217,0.364,0.228,0.569,0.07,0.174,0.611,0.184,0.158,0.162,0.154,0.176,0.238,0.19,0.234,0.182,0.21,0.19,0.186,0.275,0.251,0.161,0.153,0.174,0.332,0.154,0.467,0.34,0.372,0.434,0.135,0.605,1.0,0.217,0.281,0.181,0.22,0.192,0.252,0.25,0.276,0.136,0.235,0.298,0.304,0.196,0.206,0.202,0.142,0.196,0.168,0.176,0.157,1.0,0.244,0.208,0.344,0.217,0.605,0.204,0.186,0.215,0.172,0.23,0.288,0.33,0.334,0.194,0.26,0.339,0.245,0.308,0.284,0.355,0.484,0.82,0.183,0.214,0.183,0.176,0.191,0.358,0.328,0.156,0.188,0.202,0.405,0.141,0.257,0.554,0.159,0.183,0.26,0.257,0.697,0.202,0.228,0.165,0.202,0.23,0.222,0.224,0.21,0.128,0.354,0.334,0.296,0.527,0.264,0.198,0.219,0.233,0.222,0.193,0.577,0.233,0.199,0.383,0.206,1.0,0.333,0.345,0.167,0.164,0.151,0.138,0.574,0.166,0.169,0.175,0.249,0.174,0.531,0.631,0.204,0.382,0.157,0.381,0.321,0.193,0.292,0.259,0.164,0.323,0.176,0.216,0.27,1.0,0.174,0.175,0.264,0.227,0.272,0.158,0.148,0.176,0.257,0.375,0.224,0.15,0.559,0.164,0.198,0.189,0.154,0.367,0.16,0.186,0.194,0.22,0.147,0.136,0.242,0.167,0.195,0.383,0.342,0.18,0.433,0.231,0.167,0.201,0.25,0.202,0.301,0.229,0.175,0.236,0.231,0.358,0.323,0.299,0.213,0.532,0.313,0.168,0.29,0.221,0.23,0.424,0.431,0.212,0.183,0.337,0.236,0.185,0.135,0.258,0.206,0.147,0.233,0.556,0.244,0.252,0.26,0.3,0.262,0.372,0.288,0.274,0.304,0.171,0.193,0.181,0.195,0.183,0.218,0.218,0.131,0.241,0.214,0.183,0.227,0.326
0.144,0.315,0.107,0.15,0.224,0.088,0.198,0.182,0.171,0.11,0.137,0.141,0.16,0.118,0.176,0.15,0.176,0.093,0.117,0.216,0.149,0.129,0.113,0.159,0.101,0.137,0.125,0.133,0.16,0.167,0.181,0.115,0.121,0.272,0.123,0.149,0.214,0.166,0.142,0.13,0.196,0.203,0.186,0.28,0.179,0.193,0.217,0.403,0.21,0.088,0.15,0.203,0.19,0.29,0.159,0.082,0.141,0.145,0.152,0.147,0.101,0.078,0.114,0.342,0.165,0.146,0.078,0.178,0.155,0.22,0.271,0.159,0.207,0.136,0.105,0.209,0.234,0.186,0.194,0.167,0.103,0.15,0.152,0.111,0.089,0.153,0.218,0.134,0.157,0.169,0.112,0.156,0.193,0.253,0.128,0.137,0.315,0.169,0.159,0.172,0.152,0.211,0.168,0.17,0.129,0.157,0.201,0.18,0.134,0.169,0.223,0.22,0.087,0.143,0.202,0.136,0.08,0.085,0.148,0.148,0.154,0.172,0.221,0.15,0.132,0.139,0.169,0.09,0.235,0.132,0.128,0.122,0.181,0.085,0.403,0.236,0.128,0.18,0.121,0.252,0.252,0.314,0.325,0.157,0.133,0.175,0.217,0.137,0.226,0.13,0.146,0.218,0.244,0.189,0.167,0.159,0.096,0.146,0.162,0.136,0.127,0.244,1.0,0.138,0.166,0.291,0.252,0.123,0.162,0.149,0.177,0.119,0.155,0.109,0.168,0.124,0.186,0.147,0.127,0.225,0.18,0.174,0.217,0.2,0.145,0.163,0.124,0.136,0.12,0.138,0.185,0.128,0.112,0.092,0.152,0.251,0.152,0.279,0.307,0.21,0.164,0.207,0.237,0.139,0.135,0.123,0.148,0.186,0.2,0.144,0.147,0.082,0.156,0.3,0.229,0.282,0.127,0.18,0.3,0.107,0.136,0.173,0.198,0.174,0.179,0.36,0.395,0.315,0.152,0.27,0.125,0.144,0.128,0.12,0.221,0.124,0.115,0.124,0.31,0.17,0.24,0.206,0.237,0.112,0.168,0.201,0.211,0.12,0.199,0.176,0.093,0.237,0.169,0.17,0.109,0.315,0.136,0.232,0.164,0.118,0.136,0.122,0.109,0.078,0.175,0.228,0.326,0.152,0.138,0.15,0.138,0.312,0.167,0.169,0.251,0.125,0.096,0.117,0.143,0.114,0.198,0.127,0.141,0.36,0.134,0.137,0.167,0.31,0.148,0.147,0.252,0.228,0.175,0.117,0.113,0.142,0.164,0.147,0.16,0.143,0.169,0.229,0.165,0.139,0.169,0.198,0.089,0.18,0.163,0.154,0.129,0.184,0.156,0.177,0.091,0.201,0.459,0.08,0.172,0.152,0.186,0.196,0.166,0.242,0.204,0.16,0.149,0.233,0.423,0.124,0.146,0.333,0.136,0.086,0.152,0.214,0.132,0.293,0.139,0.186,0.163,0.213
0.152,0.34,0.191,0.169,0.122,0.194,0.071,0.345,0.202,0.24,0.084,0.32,0.149,0.078,0.221,0.097,0.178,0.074,0.138,0.213,0.077,0.165,0.094,0.347,0.22,0.22,0.222,0.368,0.326,0.243,0.235,0.182,0.177,0.188,0.11,0.26,0.239,0.188,0.219,0.167,0.166,0.161,0.261,0.093,0.261,0.236,0.158,0.39,0.145,1.0,0.216,0.345,0.145,0.16,0.318,0.366,0.14,0.177,0.115,0.089,0.34,0.348,0.501,0.125,0.277,0.297,0.092,0.3,0.106,0.165,0.148,0.347,0.178,0.188,0.342,0.243,0.167,0.204,0.344,0.152,0.077,0.243,0.148,0.233,0.154,0.163,0.225,0.141,0.233,0.299,0.223,0.197,0.282,0.188,0.395,0.222,0.34,0.151,0.131,0.2,0.29,0.131,0.119,0.101,0.21,0.158,0.094,0.349,0.261,0.326,0.147,0.152,0.165,0.146,0.204,0.277,0.185,0.074,0.257,0.255,0.206,0.33,0.242,0.153,0.425,0.23,0.151,0.132,0.188,0.181,0.364,0.292,0.241,0.134,0.39,0.343,0.29,0.094,0.101,0.236,0.236,0.256,0.282,0.241,0.123,0.272,0.198,0.307,0.2,0.106,0.417,0.216,0.236,0.278,0.184,0.296,0.337,0.14,0.241,0.186,0.117,0.208,0.138,1.0,0.206,0.103,0.236,0.323,0.219,0.283,0.246,0.078,0.091,0.143,0.093,0.31,0.295,0.089,0.368,0.304,0.218,0.246,0.206,0.194,0.229,0.376,0.196,0.176,0.425,0.094,0.106,0.254,0.292,0.199,0.298,0.106,0.153,0.17,0.122,0.131,0.145,0.233,0.134,0.281,0.347,0.297,0.343,0.218,0.114,0.218,0.285,0.161,0.087,0.283,0.177,0.265,0.215,0.104,0.17,0.294,0.093,0.235,0.218,0.142,0.21,0.346,0.172,0.34,0.075,0.167,0.294,0.243,0.19,0.109,0.139,0.349,0.381,0.124,0.206,0.225,0.221,0.345,0.513,0.059,0.139,0.159,0.267,0.099,0.25,0.108,0.445,0.331,0.217,0.143,0.231,0.34,0.228,0.332,0.213,0.295,0.091,0.178,0.212,0.324,0.211,0.193,0.227,0.148,0.09,0.222,0.118,0.121,0.132,0.152,0.068,0.365,0.191,0.164,0.295,0.167,0.251,0.279,0.299,0.346,0.152,0.165,0.147,0.141,0.211,0.229,0.235,0.306,0.131,0.157,0.363,0.319,0.284,0.275,0.262,0.131,0.195,0.211,0.331,0.272,0.24,0.191,0.285,0.26,0.369,0.259,0.312,0.127,0.182,0.16,0.14,0.299,0.194,0.105,0.132,0.101,0.183,0.229,0.254,0.173,0.216,0.219,0.131,0.163,0.149,0.388,0.28,0.13,0.19,0.148,0.287,0.231,0.278,0.095,0.206,0.117,0.267,0.166
0.063,0.181,0.067,0.689,0.239,0.051,0.262,0.239,0.2,0.058,0.174,0.183,0.099,0.253,0.109,0.367,0.101,0.04,0.199,0.484,0.247,0.13,0.075,0.344,0.412,0.153,0.128,0.239,0.351,0.262,0.329,0.051,0.167,0.441,0.069,0.344,0.102,0.072,0.288,0.367,0.105,0.183,0.166,0.366,0.152,0.2,0.211,0.2,0.265,0.037,0.092,0.114,0.355,0.2,0.26,0.045,0.106,0.128,0.262,0.284,0.106,0.041,0.087,0.52,0.307,0.344,0.05,0.302,0.206,0.351,0.183,0.344,0.378,0.062,0.067,0.344,0.183,0.048,0.183,0.367,0.676,0.616,0.058,0.093,0.053,0.407,0.181,0.329,0.259,0.239,0.408,0.329,0.407,0.344,0.067,0.093,0.181,0.056,0.344,0.109,0.215,0.689,0.17,0.484,0.092,0.104,0.616,0.351,0.07,0.302,0.257,0.479,0.04,0.09,0.181,0.192,0.048,0.405,0.106,0.17,0.128,0.293,0.092,0.429,0.1,0.087,0.056,0.029,0.646,0.118,0.128,0.12,0.128,0.049,0.2,0.2,0.302,0.616,0.058,0.344,0.344,0.128,0.2,0.128,0.095,0.126,0.228,0.239,0.228,0.074,0.148,0.323,0.276,0.299,0.351,0.109,0.05,0.266,0.172,0.263,0.069,0.344,0.166,0.206,1.0,0.21,0.344,0.101,0.39,0.378,0.128,0.239,0.695,0.339,0.355,0.201,0.388,0.284,0.351,0.183,0.374,0.407,0.374,0.302,0.083,0.215,0.056,0.329,0.17,0.408,0.408,0.161,0.067,0.075,0.344,0.055,0.17,0.344,0.062,0.148,0.17,0.616,0.344,0.329,0.344,0.299,0.242,0.374,0.351,0.263,0.151,0.076,0.602,0.136,0.23,0.344,0.689,0.105,0.211,0.069,0.32,0.151,0.181,0.105,0.111,0.183,0.053,0.181,0.415,0.422,0.071,0.109,0.126,0.076,0.344,0.234,0.276,0.224,0.45,0.087,0.407,0.181,0.128,0.351,0.104,0.407,0.136,0.07,0.484,0.689,0.123,0.183,0.106,0.099,0.351,0.181,0.261,0.36,0.374,0.307,0.073,0.092,0.108,0.041,0.408,0.233,0.127,0.058,0.479,0.106,0.33,0.118,0.099,0.302,0.04,0.087,0.056,0.072,0.051,0.048,0.183,0.105,0.272,0.183,0.272,0.136,0.349,0.127,0.099,0.571,0.407,0.346,0.332,0.47,0.146,0.344,0.351,0.302,0.407,0.351,0.145,0.293,0.407,0.484,0.407,0.136,0.052,0.407,0.181,0.152,0.545,0.246,0.105,0.066,0.117,0.136,0.166,0.075,0.105,0.479,0.128,0.17,0.222,0.616,0.323,0.344,0.322,0.341,0.26,0.07,0.106,0.32,0.073,0.116,0.344,0.33,0.228,0.602,0.106,0.051,0.344,0.302
0.127,0.226,0.086,0.112,0.159,0.07,0.167,0.136,0.171,0.072,0.117,0.116,0.09,0.111,0.112,0.142,0.122,0.06,0.118,0.174,0.116,0.121,0.079,0.13,0.095,0.133,0.118,0.152,0.137,0.147,0.146,0.071,0.09,0.166,0.103,0.125,0.196,0.144,0.16,0.154,0.116,0.139,0.139,0.137,0.175,0.177,0.155,0.256,0.139,0.057,0.105,0.159,0.118,0.169,0.155,0.062,0.111,0.167,0.116,0.129,0.087,0.053,0.082,0.239,0.134,0.129,0.058,0.123,0.134,0.205,0.158,0.13,0.172,0.089,0.08,0.152,0.145,0.112,0.132,0.205,0.083,0.142,0.128,0.088,0.076,0.143,0.183,0.119,0.151,0.133,0.1,0.134,0.161,0.294,0.086,0.095,0.226,0.104,0.128,0.116,0.128,0.163,0.129,0.164,0.103,0.099,0.155,0.141,0.169,0.126,0.174,0.17,0.082,0.093,0.187,0.128,0.077,0.08,0.118,0.134,0.127,0.146,0.141,0.145,0.101,0.148,0.104,0.052,0.207,0.117,0.114,0.098,0.137,0.061,0.256,0.151,0.116,0.152,0.083,0.282,0.282,0.175,0.163,0.139,0.085,0.114,0.195,0.126,0.168,0.096,0.149,0.15,0.226,0.154,0.108,0.11,0.072,0.123,0.126,0.126,0.089,0.217,0.291,0.103,0.21,1.0,0.282,0.115,0.153,0.142,0.181,0.109,0.132,0.088,0.126,0.099,0.144,0.129,0.098,0.143,0.145,0.151,0.284,0.261,0.095,0.143,0.066,0.128,0.102,0.149,0.129,0.137,0.086,0.077,0.123,0.294,0.114,0.185,0.427,0.179,0.207,0.194,0.175,0.154,0.118,0.119,0.177,0.187,0.147,0.096,0.187,0.073,0.139,0.191,0.293,0.168,0.145,0.131,0.18,0.133,0.108,0.145,0.173,0.102,0.233,0.235,0.303,0.226,0.121,0.172,0.085,0.116,0.081,0.093,0.157,0.118,0.097,0.093,0.206,0.103,0.307,0.174,0.217,0.097,0.107,0.272,0.127,0.067,0.178,0.129,0.077,0.146,0.271,0.092,0.094,0.226,0.147,0.126,0.174,0.096,0.082,0.109,0.093,0.053,0.152,0.205,0.162,0.128,0.132,0.112,0.113,0.143,0.118,0.127,0.269,0.088,0.071,0.142,0.118,0.071,0.138,0.103,0.111,0.235,0.119,0.206,0.141,0.241,0.106,0.183,0.187,0.183,0.167,0.157,0.091,0.143,0.15,0.19,0.14,0.185,0.118,0.247,0.152,0.111,0.153,0.146,0.058,0.134,0.191,0.105,0.12,0.147,0.16,0.113,0.09,0.125,0.245,0.06,0.116,0.148,0.133,0.152,0.138,0.194,0.156,0.143,0.178,0.151,0.243,0.087,0.111,0.164,0.093,0.082,0.133,0.168,0.117,0.152,0.107,0.383,0.134,0.17
0.11,0.253,0.118,0.315,0.334,0.094,0.22,0.334,0.311,0.112,0.236,0.281,0.179,0.293,0.2,0.466,0.174,0.084,0.26,0.252,0.28,0.179,0.116,1.0,0.359,0.205,0.191,0.334,0.605,0.384,0.432,0.107,0.139,0.309,0.121,1.0,0.166,0.126,0.382,0.411,0.191,0.281,0.252,0.514,0.181,0.311,0.31,0.311,0.754,0.066,0.148,0.198,0.456,0.311,0.367,0.086,0.171,0.191,0.22,0.358,0.14,0.074,0.156,0.661,0.382,1.0,0.083,0.238,0.265,0.365,0.281,1.0,0.367,0.134,0.118,1.0,0.281,0.092,0.281,0.411,0.297,0.88,0.112,0.167,0.091,0.765,0.253,0.432,0.341,0.334,0.637,0.432,0.765,1.0,0.123,0.167,0.253,0.12,0.293,0.2,0.298,0.754,0.226,0.484,0.148,0.168,0.531,0.299,0.13,0.82,0.236,0.514,0.068,0.171,0.253,0.259,0.091,0.17,0.171,0.244,0.191,0.231,0.164,0.376,0.162,0.156,0.12,0.063,0.531,0.171,0.191,0.17,0.191,0.104,0.311,0.311,0.82,0.531,0.112,1.0,0.605,0.211,0.311,0.191,0.171,0.207,0.23,0.334,0.311,0.117,0.236,0.31,0.508,0.543,0.299,0.2,0.084,0.23,0.222,0.232,0.135,0.605,0.252,0.236,0.344,0.282,1.0,0.174,0.214,0.63,0.211,0.334,0.34,0.347,0.456,0.276,1.0,0.358,0.299,0.281,0.484,1.0,0.484,0.514,0.166,0.298,0.107,0.432,0.226,0.754,0.637,0.225,0.106,0.116,1.0,0.107,0.241,0.605,0.112,0.207,0.226,0.531,0.605,0.432,1.0,0.258,0.202,0.484,0.299,0.207,0.21,0.135,0.416,0.227,0.319,0.605,0.754,0.17,0.31,0.12,0.288,0.21,0.253,0.191,0.181,0.281,0.112,0.253,0.38,0.311,0.125,0.2,0.132,0.134,0.605,0.227,0.217,0.351,0.363,0.156,0.531,0.253,0.191,0.347,0.179,0.531,0.227,0.131,0.334,0.315,0.182,0.281,0.171,0.179,0.299,0.253,0.343,0.2,0.484,0.243,0.136,0.148,0.157,0.074,0.765,0.423,0.211,0.112,0.514,0.171,0.443,0.193,0.179,0.514,0.092,0.156,0.105,0.126,0.104,0.111,0.281,0.17,0.812,0.281,0.812,0.227,0.45,0.211,0.179,0.279,0.765,0.289,0.451,0.229,0.227,1.0,0.299,0.82,0.765,0.299,0.244,0.88,1.0,0.252,0.765,0.227,0.085,0.765,0.253,0.166,0.456,0.569,0.191,0.129,0.16,0.227,0.252,0.116,0.191,0.466,0.191,0.227,0.206,0.531,0.257,0.605,0.288,0.281,0.367,0.123,0.171,0.174,0.143,0.167,1.0,0.82,0.191,0.292,0.171,0.098,1.0,0.82
0.306,0.38,0.3,0.129,0.115,0.222,0.109,0.256,0.18,0.196,0.087,0.302,0.159,0.107,0.267,0.095,0.336,0.234,0.149,0.257,0.119,0.165,0.124,0.212,0.323,0.192,0.296,0.309,0.308,0.243,0.232,0.192,0.204,0.295,0.179,0.263,0.466,0.2,0.323,0.236,0.317,0.213,0.303,0.08,0.206,0.207,0.264,0.284,0.121,0.512,0.218,0.252,0.14,0.176,0.287,0.34,0.333,0.246,0.18,0.082,0.397,0.246,0.383,0.105,0.218,0.329,0.169,0.233,0.159,0.192,0.144,0.212,0.265,0.231,0.36,0.326,0.185,0.318,0.409,0.112,0.065,0.206,0.169,0.313,0.402,0.132,0.243,0.233,0.245,0.29,0.142,0.232,0.38,0.193,0.305,0.352,0.38,0.161,0.13,0.239,0.237,0.112,0.155,0.111,0.294,0.139,0.085,0.297,0.326,0.255,0.165,0.146,0.476,0.235,0.213,0.345,0.224,0.127,0.349,0.31,0.338,0.345,0.497,0.282,0.266,0.413,0.161,0.2,0.222,0.323,0.491,0.297,0.458,0.245,0.284,0.364,0.212,0.085,0.18,0.174,0.174,0.398,0.146,0.338,0.152,0.391,0.136,0.241,0.213,0.238,0.362,0.138,0.254,0.263,0.308,0.357,0.368,0.224,0.303,0.301,0.171,0.204,0.123,0.323,0.101,0.115,0.174,1.0,0.352,0.26,0.251,0.069,0.071,0.207,0.09,0.289,0.242,0.082,0.302,0.21,0.182,0.201,0.136,0.133,0.279,0.406,0.128,0.223,0.388,0.122,0.124,0.263,0.243,0.271,0.21,0.117,0.188,0.157,0.149,0.207,0.3,0.244,0.126,0.281,0.343,0.338,0.278,0.172,0.111,0.155,0.355,0.359,0.074,0.204,0.258,0.174,0.21,0.175,0.214,0.16,0.134,0.382,0.233,0.122,0.191,0.257,0.186,0.38,0.069,0.172,0.349,0.253,0.199,0.184,0.251,0.378,0.369,0.133,0.211,0.294,0.149,0.256,0.795,0.053,0.185,0.281,0.171,0.144,0.162,0.107,0.375,0.227,0.352,0.148,0.16,0.38,0.189,0.265,0.226,0.328,0.123,0.324,0.195,0.216,0.267,0.206,0.233,0.169,0.087,0.267,0.138,0.107,0.166,0.164,0.084,0.243,0.247,0.213,0.33,0.234,0.218,0.262,0.313,0.257,0.12,0.189,0.137,0.272,0.277,0.273,0.246,0.249,0.218,0.073,0.315,0.284,0.376,0.253,0.29,0.088,0.227,0.151,0.31,0.247,0.201,0.252,0.22,0.194,0.308,0.212,0.386,0.117,0.153,0.187,0.172,0.32,0.202,0.202,0.196,0.096,0.282,0.511,0.348,0.13,0.212,0.211,0.088,0.163,0.166,0.32,0.348,0.1,0.234,0.179,0.286,0.25,0.324,0.129,0.28,0.154,0.26,0.302
0.488,0.63,0.297,0.192,0.119,0.149,0.151,0.149,0.219,0.134,0.11,0.281,0.144,0.154,0.324,0.12,0.214,0.199,0.182,0.333,0.192,0.169,0.152,0.13,0.419,0.208,0.324,0.293,0.346,0.254,0.333,0.181,0.209,0.373,0.213,0.374,0.457,0.306,0.386,0.293,0.246,0.287,0.37,0.114,0.178,0.253,0.296,0.306,0.142,0.223,0.268,0.198,0.155,0.183,0.252,0.208,0.286,0.399,0.228,0.105,0.267,0.112,0.291,0.159,0.275,0.289,0.188,0.173,0.198,0.189,0.139,0.13,0.339,0.247,0.242,0.312,0.146,0.26,0.31,0.253,0.12,0.161,0.279,0.368,0.311,0.123,0.218,0.215,0.299,0.285,0.099,0.31,0.344,0.207,0.23,0.225,0.63,0.272,0.158,0.254,0.294,0.154,0.181,0.184,0.251,0.179,0.098,0.285,0.24,0.183,0.22,0.15,0.384,0.222,0.188,0.282,0.2,0.167,0.399,0.334,0.337,0.317,0.261,0.326,0.202,0.375,0.272,0.172,0.346,0.284,0.35,0.29,0.328,0.259,0.306,0.178,0.126,0.095,0.258,0.214,0.214,0.341,0.197,0.372,0.177,0.296,0.21,0.166,0.232,0.257,0.245,0.155,0.225,0.337,0.262,0.365,0.244,0.214,0.312,0.31,0.146,0.186,0.162,0.219,0.39,0.153,0.214,0.352,1.0,0.23,0.34,0.082,0.149,0.09,0.098,0.321,0.229,0.105,0.262,0.15,0.252,0.26,0.21,0.195,0.143,0.362,0.137,0.325,0.332,0.162,0.148,0.342,0.179,0.257,0.125,0.179,0.166,0.172,0.127,0.316,0.306,0.289,0.139,0.296,0.352,0.371,0.232,0.249,0.192,0.104,0.404,0.375,0.1,0.221,0.252,0.143,0.297,0.209,0.277,0.126,0.142,0.369,0.194,0.112,0.23,0.259,0.133,0.63,0.075,0.191,0.227,0.296,0.201,0.18,0.223,0.392,0.318,0.176,0.29,0.272,0.23,0.197,1.0,0.074,0.195,0.314,0.125,0.116,0.229,0.189,0.276,0.161,0.356,0.151,0.098,0.63,0.257,0.241,0.244,0.221,0.162,0.282,0.139,0.106,0.374,0.204,0.269,0.279,0.112,0.29,0.213,0.151,0.204,0.101,0.129,0.24,0.265,0.167,0.594,0.194,0.181,0.209,0.411,0.259,0.095,0.377,0.17,0.263,0.295,0.337,0.37,0.288,0.232,0.289,0.272,0.31,0.3,0.205,0.282,0.232,0.25,0.172,0.302,0.321,0.246,0.231,0.089,0.125,0.208,0.187,0.314,0.131,0.134,0.364,0.164,0.264,0.227,0.235,0.123,0.127,0.311,0.324,0.347,0.223,0.25,0.178,0.204,0.2,0.201,0.275,0.277,0.131,0.285,0.117,0.372,0.361,0.356,0.201,0.363,0.14,0.389,0.35
0.253,0.269,0.197,0.159,0.25,0.177,0.194,0.403,0.192,0.181,0.11,0.417,0.077,0.19,0.162,0.216,0.274,0.081,0.228,0.221,0.19,0.113,0.071,0.356,0.186,0.149,0.149,0.402,0.362,0.373,0.286,0.084,0.201,0.202,0.106,0.22,0.308,0.209,0.213,0.209,0.204,0.253,0.218,0.184,0.396,0.141,0.197,0.219,0.281,0.583,0.123,0.292,0.211,0.148,0.484,0.267,0.146,0.165,0.194,0.149,0.309,0.261,0.315,0.252,0.269,0.364,0.072,0.401,0.186,0.21,0.164,0.356,0.227,0.175,0.267,0.356,0.175,0.16,0.285,0.369,0.125,0.248,0.184,0.128,0.123,0.234,0.166,0.151,0.202,0.247,0.278,0.216,0.341,0.234,0.268,0.279,0.269,0.071,0.144,0.138,0.176,0.256,0.187,0.232,0.126,0.088,0.176,0.37,0.114,0.331,0.151,0.204,0.172,0.123,0.156,0.169,0.154,0.122,0.234,0.166,0.174,0.319,0.367,0.205,0.377,0.161,0.071,0.13,0.206,0.307,0.263,0.407,0.232,0.09,0.219,0.336,0.4,0.167,0.138,0.63,0.381,0.17,0.15,0.275,0.085,0.303,0.284,0.394,0.213,0.136,0.126,0.233,0.336,0.336,0.201,0.307,0.287,0.193,0.263,0.292,0.119,0.215,0.149,0.283,0.378,0.142,0.63,0.26,0.23,1.0,0.199,0.211,0.207,0.214,0.17,0.145,0.438,0.149,0.408,0.312,0.174,0.304,0.299,0.327,0.102,0.36,0.138,0.221,0.346,0.358,0.203,0.337,0.278,0.156,0.333,0.132,0.182,0.19,0.106,0.172,0.201,0.231,0.192,0.259,0.389,0.284,0.565,0.159,0.246,0.278,0.924,0.122,0.168,0.209,0.192,0.315,0.308,0.168,0.263,0.092,0.134,0.36,0.153,0.224,0.164,0.279,0.285,0.269,0.128,0.165,0.279,0.108,0.102,0.139,0.186,0.264,0.383,0.206,0.391,0.273,0.319,0.369,0.321,0.175,0.164,0.224,0.218,0.078,0.372,0.183,0.321,0.373,0.166,0.08,0.248,0.269,0.161,0.229,0.279,0.387,0.071,0.234,0.316,0.179,0.324,0.224,0.138,0.184,0.191,0.14,0.169,0.102,0.132,0.232,0.113,0.108,0.12,0.15,0.165,0.09,0.274,0.27,0.194,0.279,0.235,0.129,0.27,0.177,0.133,0.275,0.272,0.303,0.225,0.296,0.383,0.437,0.208,0.333,0.299,0.352,0.126,0.532,0.339,0.271,0.298,0.202,0.313,0.286,0.264,0.307,0.288,0.215,0.097,0.079,0.328,0.352,0.175,0.093,0.181,0.224,0.16,0.282,0.356,0.255,0.236,0.445,0.337,0.194,0.198,0.274,0.28,0.141,0.116,0.255,0.352,0.317,0.256,0.184,0.14,0.12,0.294,0.325
0.272,0.292,0.229,0.192,0.14,0.157,0.129,0.163,0.225,0.155,0.101,0.313,0.179,0.127,0.328,0.117,0.201,0.16,0.136,0.247,0.182,0.205,0.102,0.136,0.271,0.236,0.345,0.233,0.335,0.266,0.282,0.212,0.196,0.409,0.165,0.419,0.422,0.572,0.379,0.308,0.234,0.233,0.409,0.13,0.202,0.361,0.272,0.349,0.172,0.19,0.387,0.181,0.222,0.211,0.252,0.217,0.267,0.309,0.235,0.103,0.259,0.135,0.28,0.169,0.268,0.295,0.157,0.186,0.19,0.192,0.176,0.136,0.411,0.272,0.201,0.305,0.168,0.387,0.281,0.135,0.086,0.138,0.279,0.371,0.215,0.147,0.201,0.195,0.311,0.309,0.089,0.243,0.36,0.205,0.444,0.32,0.292,0.272,0.355,0.285,0.342,0.141,0.317,0.133,0.298,0.197,0.109,0.247,0.32,0.173,0.306,0.152,0.384,0.231,0.168,0.451,0.212,0.106,0.382,0.402,0.337,0.302,0.237,0.322,0.282,0.408,0.272,0.069,0.309,0.255,0.313,0.322,0.274,0.162,0.349,0.21,0.135,0.102,0.196,0.211,0.211,0.374,0.297,0.349,0.137,0.332,0.171,0.137,0.238,0.224,0.304,0.17,0.225,0.31,0.169,0.345,0.212,0.222,0.262,0.308,0.154,0.172,0.177,0.246,0.128,0.181,0.211,0.251,0.34,0.199,1.0,0.085,0.084,0.089,0.113,0.353,0.172,0.103,0.195,0.188,0.425,0.261,0.171,0.162,0.253,0.369,0.206,0.246,0.258,0.136,0.147,0.381,0.14,0.164,0.131,0.165,0.128,0.198,0.132,0.255,0.3,0.262,0.152,0.279,0.294,0.325,0.183,0.216,0.143,0.121,0.437,0.235,0.089,0.251,0.276,0.162,0.221,0.199,0.27,0.252,0.239,0.355,0.178,0.16,0.289,0.311,0.12,0.292,0.081,0.209,0.194,0.357,0.246,0.161,0.207,0.306,0.251,0.258,0.315,0.293,0.19,0.201,1.0,0.07,0.233,0.275,0.156,0.105,0.214,0.141,0.234,0.206,0.366,0.185,0.088,0.292,0.275,0.389,0.368,0.178,0.123,0.266,0.162,0.118,0.355,0.249,0.438,0.279,0.107,0.35,0.182,0.167,0.234,0.12,0.154,0.343,0.208,0.221,0.594,0.273,0.208,0.195,0.394,0.311,0.116,0.321,0.19,0.259,0.346,0.287,0.329,0.306,0.206,0.097,0.231,0.28,0.305,0.182,0.288,0.13,0.384,0.186,0.35,0.308,0.342,0.216,0.104,0.142,0.198,0.172,0.251,0.147,0.2,0.29,0.153,0.273,0.271,0.121,0.143,0.118,0.36,0.295,0.285,0.219,0.259,0.266,0.116,0.23,0.262,0.338,0.244,0.163,0.269,0.146,0.342,0.361,0.36,0.16,0.349,0.15,0.398,0.32
0.081,0.252,0.051,0.134,0.546,0.041,0.11,0.315,0.098,0.052,0.125,0.1,0.078,0.119,0.083,0.193,0.085,0.041,0.129,0.106,0.074,0.073,0.066,0.16,0.062,0.085,0.066,0.293,0.122,0.093,0.092,0.054,0.069,0.128,0.061,0.082,0.132,0.093,0.087,0.117,0.103,0.101,0.108,0.149,0.102,0.107,0.127,0.274,0.163,0.05,0.08,0.079,0.133,0.171,0.146,0.041,0.075,0.059,0.101,0.174,0.07,0.038,0.054,0.266,0.104,0.11,0.043,0.224,0.128,0.171,0.159,0.16,0.187,0.057,0.054,0.137,0.138,0.043,0.111,0.228,0.115,0.153,0.078,0.058,0.045,0.2,0.144,0.154,0.079,0.258,0.142,0.112,0.15,0.115,0.059,0.072,0.252,0.08,0.149,0.088,0.181,0.218,0.143,0.245,0.065,0.087,0.254,0.097,0.065,0.139,0.106,0.205,0.049,0.069,0.139,0.095,0.039,0.07,0.079,0.088,0.087,0.09,0.125,0.094,0.072,0.076,0.08,0.043,0.14,0.109,0.07,0.09,0.109,0.043,0.274,0.143,0.147,0.258,0.058,0.334,0.334,0.101,0.125,0.077,0.069,0.093,0.206,0.422,0.156,0.067,0.08,0.171,0.123,0.124,0.105,0.083,0.049,0.102,0.11,0.103,0.058,0.23,0.119,0.078,0.239,0.109,0.334,0.069,0.082,0.211,0.085,1.0,0.209,0.119,0.181,0.077,0.14,0.174,0.087,0.134,0.162,0.153,0.341,0.303,0.075,0.185,0.054,0.108,0.069,0.185,0.15,0.098,0.064,0.051,0.154,0.046,0.11,0.207,0.058,0.076,0.139,0.148,0.233,0.121,0.125,0.08,0.198,0.115,0.131,0.114,0.207,0.043,0.218,0.186,0.177,0.165,0.124,0.102,0.146,0.057,0.129,0.122,0.134,0.107,0.097,0.245,0.048,0.252,0.203,0.176,0.066,0.072,0.074,0.059,0.188,0.083,0.075,0.078,0.152,0.077,0.377,0.14,0.161,0.153,0.07,0.254,0.119,0.058,0.439,0.17,0.058,0.139,0.074,0.085,0.12,0.252,0.097,0.084,0.134,0.121,0.07,0.063,0.094,0.038,0.133,0.165,0.098,0.078,0.187,0.078,0.105,0.087,0.061,0.182,0.037,0.062,0.049,0.062,0.07,0.049,0.115,0.068,0.082,0.245,0.163,0.072,0.152,0.093,0.075,0.103,0.141,0.094,0.212,0.169,0.075,0.112,0.105,0.178,0.151,0.206,0.092,0.292,0.152,0.086,0.155,0.098,0.048,0.171,0.103,0.089,0.097,0.15,0.084,0.091,0.109,0.111,0.088,0.037,0.082,0.197,0.104,0.141,0.131,0.196,0.145,0.165,0.199,0.139,0.213,0.06,0.079,0.106,0.069,0.09,0.106,0.133,0.078,0.125,0.072,0.048,0.112,0.17
0.07,0.229,0.053,0.424,0.242,0.045,0.211,0.166,0.124,0.055,0.144,0.101,0.088,0.182,0.077,0.318,0.092,0.042,0.164,0.285,0.173,0.086,0.079,0.221,0.086,0.092,0.066,0.138,0.157,0.132,0.098,0.053,0.1,0.217,0.069,0.089,0.116,0.08,0.09,0.195,0.113,0.119,0.114,0.232,0.112,0.12,0.138,0.243,0.194,0.042,0.086,0.088,0.179,0.207,0.147,0.039,0.09,0.06,0.173,0.235,0.075,0.042,0.051,0.364,0.133,0.139,0.047,0.197,0.153,0.263,0.19,0.221,0.244,0.056,0.055,0.154,0.176,0.042,0.116,0.343,0.413,0.238,0.065,0.054,0.045,0.286,0.185,0.209,0.085,0.132,0.327,0.128,0.175,0.13,0.055,0.079,0.229,0.064,0.235,0.087,0.105,0.593,0.164,0.603,0.071,0.098,0.443,0.122,0.065,0.175,0.145,0.32,0.042,0.073,0.182,0.103,0.041,0.197,0.078,0.085,0.1,0.132,0.106,0.125,0.086,0.07,0.064,0.034,0.23,0.117,0.08,0.083,0.131,0.043,0.243,0.17,0.203,0.442,0.06,0.34,0.34,0.114,0.141,0.08,0.079,0.092,0.28,0.179,0.204,0.073,0.091,0.233,0.143,0.138,0.187,0.083,0.049,0.184,0.133,0.158,0.066,0.288,0.155,0.091,0.695,0.132,0.34,0.071,0.149,0.207,0.084,0.209,1.0,0.265,0.254,0.077,0.198,0.235,0.143,0.173,0.192,0.179,0.37,0.299,0.075,0.112,0.055,0.127,0.064,0.328,0.298,0.086,0.07,0.052,0.216,0.043,0.125,0.24,0.059,0.083,0.146,0.192,0.278,0.141,0.085,0.083,0.299,0.136,0.218,0.214,0.169,0.045,0.433,0.162,0.194,0.224,0.268,0.115,0.154,0.06,0.207,0.13,0.178,0.115,0.108,0.218,0.05,0.229,0.32,0.291,0.069,0.067,0.103,0.071,0.241,0.075,0.081,0.15,0.252,0.084,0.401,0.182,0.145,0.318,0.077,0.3,0.133,0.067,0.434,0.553,0.058,0.166,0.077,0.098,0.235,0.229,0.107,0.177,0.182,0.244,0.077,0.067,0.101,0.043,0.165,0.19,0.109,0.065,0.354,0.088,0.145,0.099,0.071,0.236,0.036,0.064,0.049,0.068,0.057,0.047,0.142,0.082,0.085,0.218,0.228,0.075,0.228,0.107,0.077,0.245,0.146,0.111,0.249,0.414,0.075,0.138,0.175,0.211,0.19,0.324,0.101,0.29,0.175,0.203,0.205,0.098,0.055,0.231,0.126,0.119,0.149,0.2,0.096,0.076,0.111,0.12,0.111,0.041,0.099,0.358,0.115,0.152,0.171,0.416,0.222,0.187,0.304,0.22,0.238,0.058,0.099,0.228,0.066,0.102,0.113,0.145,0.1,0.359,0.075,0.048,0.125,0.203
0.232,0.12,0.077,0.152,0.156,0.111,0.238,0.178,0.089,0.084,0.101,0.161,0.071,0.239,0.064,0.39,0.167,0.045,0.13,0.129,0.126,0.073,0.054,0.255,0.064,0.095,0.067,0.155,0.248,0.135,0.107,0.05,0.173,0.133,0.077,0.082,0.279,0.071,0.085,0.246,0.194,0.082,0.099,0.194,0.159,0.082,0.128,0.151,0.206,0.176,0.073,0.104,0.215,0.134,0.207,0.115,0.07,0.052,0.185,0.261,0.124,0.116,0.115,0.273,0.137,0.166,0.039,0.237,0.126,0.414,0.128,0.255,0.201,0.109,0.142,0.161,0.127,0.041,0.143,0.563,0.169,0.161,0.061,0.051,0.052,0.272,0.104,0.134,0.071,0.123,0.28,0.131,0.231,0.111,0.103,0.131,0.12,0.06,0.176,0.07,0.071,0.248,0.12,0.235,0.062,0.077,0.227,0.224,0.057,0.199,0.1,0.378,0.045,0.061,0.11,0.076,0.06,0.086,0.075,0.069,0.077,0.184,0.34,0.083,0.116,0.064,0.06,0.061,0.122,0.194,0.087,0.168,0.126,0.044,0.151,0.233,0.245,0.226,0.102,0.347,0.541,0.087,0.094,0.088,0.06,0.206,0.2,0.19,0.147,0.066,0.118,0.177,0.204,0.149,0.462,0.129,0.116,0.171,0.141,0.18,0.059,0.33,0.109,0.143,0.339,0.088,0.347,0.207,0.09,0.214,0.089,0.119,0.265,1.0,0.338,0.072,0.165,0.261,0.299,0.151,0.127,0.182,0.285,0.446,0.073,0.126,0.091,0.129,0.132,0.263,0.212,0.126,0.134,0.074,0.223,0.04,0.102,0.266,0.066,0.074,0.109,0.166,0.344,0.117,0.139,0.119,0.25,0.098,0.349,0.183,0.303,0.044,0.231,0.113,0.133,0.306,0.17,0.092,0.201,0.055,0.128,0.187,0.097,0.163,0.086,0.142,0.072,0.12,0.176,0.158,0.164,0.058,0.081,0.062,0.275,0.116,0.15,0.135,0.223,0.165,0.302,0.158,0.112,0.717,0.122,0.21,0.15,0.066,0.19,0.198,0.136,0.153,0.064,0.078,0.469,0.12,0.092,0.174,0.138,0.208,0.063,0.073,0.23,0.1,0.163,0.155,0.083,0.061,0.341,0.073,0.093,0.078,0.059,0.311,0.037,0.053,0.065,0.086,0.056,0.048,0.175,0.169,0.084,0.142,0.282,0.059,0.26,0.125,0.064,0.133,0.124,0.132,0.155,0.268,0.161,0.15,0.4,0.246,0.173,0.813,0.074,0.294,0.168,0.107,0.222,0.236,0.119,0.278,0.153,0.127,0.284,0.162,0.072,0.067,0.206,0.178,0.078,0.036,0.181,0.401,0.088,0.363,0.178,0.177,0.145,0.317,0.73,0.133,0.153,0.082,0.123,0.134,0.058,0.187,0.133,0.148,0.109,0.164,0.061,0.058,0.127,0.173
0.078,0.228,0.091,0.139,0.235,0.052,0.21,0.157,0.115,0.063,0.138,0.152,0.093,0.176,0.092,0.285,0.108,0.053,0.136,0.115,0.228,0.097,0.081,0.231,0.074,0.109,0.07,0.129,0.24,0.182,0.131,0.064,0.149,0.17,0.077,0.125,0.126,0.089,0.103,0.163,0.123,0.123,0.149,0.27,0.146,0.116,0.224,0.253,0.376,0.047,0.092,0.093,0.605,0.203,0.194,0.046,0.093,0.066,0.178,0.262,0.101,0.049,0.059,0.405,0.127,0.168,0.051,0.23,0.184,0.348,0.19,0.231,0.213,0.123,0.061,0.223,0.17,0.059,0.168,0.326,0.18,0.213,0.075,0.06,0.052,0.309,0.169,0.215,0.087,0.177,0.196,0.136,0.25,0.142,0.064,0.084,0.228,0.076,0.194,0.094,0.103,0.294,0.161,0.351,0.076,0.103,0.398,0.164,0.073,0.186,0.152,0.317,0.048,0.079,0.164,0.099,0.048,0.076,0.085,0.09,0.101,0.098,0.117,0.117,0.089,0.077,0.076,0.042,0.184,0.211,0.08,0.18,0.134,0.05,0.253,0.162,0.204,0.396,0.069,0.456,0.456,0.124,0.143,0.092,0.082,0.125,0.193,0.166,0.168,0.081,0.108,0.258,0.202,0.155,0.331,0.124,0.055,0.15,0.127,0.167,0.075,0.334,0.168,0.093,0.355,0.126,0.456,0.09,0.098,0.17,0.113,0.181,0.254,0.338,1.0,0.104,0.17,0.262,0.211,0.166,0.249,0.208,0.5,0.399,0.082,0.134,0.122,0.157,0.074,0.262,0.199,0.156,0.075,0.056,0.225,0.061,0.119,0.293,0.077,0.127,0.148,0.196,0.333,0.156,0.102,0.094,0.188,0.159,0.311,0.127,0.409,0.05,0.33,0.173,0.194,0.257,0.18,0.123,0.269,0.065,0.19,0.245,0.16,0.185,0.114,0.228,0.082,0.228,0.304,0.194,0.076,0.074,0.082,0.078,0.272,0.083,0.095,0.192,0.238,0.208,0.549,0.165,0.153,0.483,0.204,0.35,0.136,0.075,0.208,0.18,0.103,0.162,0.083,0.106,0.35,0.228,0.124,0.113,0.179,0.128,0.086,0.073,0.168,0.049,0.267,0.203,0.12,0.075,0.28,0.092,0.154,0.204,0.078,0.251,0.06,0.07,0.054,0.075,0.067,0.057,0.136,0.099,0.09,0.228,0.246,0.078,0.3,0.117,0.083,0.125,0.164,0.109,0.247,0.235,0.103,0.152,0.267,0.247,0.197,0.654,0.102,0.402,0.196,0.087,0.279,0.184,0.06,0.245,0.114,0.098,0.138,0.215,0.1,0.087,0.216,0.123,0.123,0.046,0.112,0.288,0.119,0.182,0.183,0.285,0.154,0.307,0.631,0.198,0.24,0.066,0.102,0.15,0.074,0.182,0.152,0.198,0.084,0.188,0.08,0.066,0.168,0.319
0.23,0.38,0.196,0.207,0.117,0.154,0.108,0.147,0.2,0.201,0.093,0.234,0.186,0.117,0.286,0.103,0.174,0.116,0.132,0.187,0.126,0.213,0.124,0.116,0.281,0.254,0.341,0.194,0.281,0.238,0.301,0.224,0.229,0.272,0.14,0.373,0.38,0.334,0.377,0.202,0.151,0.228,0.313,0.086,0.127,0.323,0.216,0.263,0.115,0.186,0.254,0.184,0.176,0.162,0.211,0.217,0.169,0.324,0.156,0.097,0.215,0.143,0.313,0.119,0.258,0.23,0.127,0.131,0.186,0.179,0.138,0.116,0.265,0.206,0.169,0.287,0.173,0.326,0.271,0.197,0.072,0.172,0.444,0.305,0.249,0.1,0.228,0.199,0.276,0.4,0.077,0.273,0.322,0.147,0.35,0.172,0.38,1.0,0.168,0.304,0.496,0.121,0.167,0.13,0.289,0.178,0.092,0.243,0.288,0.16,0.19,0.153,0.474,0.207,0.189,0.402,0.157,0.198,0.319,0.378,0.285,0.26,0.144,0.301,0.326,0.256,1.0,0.368,0.306,0.186,0.341,0.206,0.242,0.2,0.263,0.169,0.134,0.092,0.183,0.276,0.276,0.328,0.226,0.285,0.169,0.219,0.168,0.127,0.255,0.202,0.37,0.138,0.217,0.297,0.169,0.233,0.191,0.279,0.297,0.195,0.18,0.194,0.124,0.31,0.201,0.099,0.276,0.289,0.321,0.145,0.353,0.077,0.077,0.072,0.104,1.0,0.184,0.097,0.179,0.138,0.313,0.205,0.277,0.254,0.222,0.354,0.113,0.261,0.314,0.117,0.156,0.4,0.142,0.212,0.137,0.12,0.177,0.18,0.082,0.161,0.223,0.219,0.149,0.279,0.292,0.354,0.317,0.156,0.131,0.094,0.342,0.229,0.082,0.196,0.185,0.109,0.213,0.234,0.26,0.333,0.141,0.242,0.208,0.105,0.234,0.241,0.076,0.38,0.072,0.169,0.201,0.382,0.235,0.194,0.198,0.32,0.286,0.219,0.185,0.156,0.301,0.189,0.548,0.072,0.174,0.212,0.117,0.131,0.196,0.136,0.273,0.145,0.305,0.181,0.137,0.38,0.282,0.256,0.25,0.153,0.135,0.251,0.096,0.143,0.377,0.22,0.299,0.444,0.101,0.293,0.213,0.163,0.193,0.085,0.079,0.403,0.194,0.173,0.325,0.246,0.178,0.203,0.349,0.241,0.084,0.255,0.15,0.162,0.274,0.223,0.367,0.24,0.184,0.149,0.202,0.295,0.289,0.169,0.239,0.317,0.271,0.239,0.313,0.319,0.237,0.18,0.084,0.107,0.19,0.155,0.277,0.122,0.15,0.213,0.109,0.162,0.192,0.193,0.101,0.106,0.264,0.209,0.263,0.2,0.208,0.141,0.299,0.19,0.189,0.325,0.171,0.103,0.303,0.103,0.314,0.272,0.331,0.121,0.275,0.08,0.334,0.224
0.155,0.253,0.155,0.171,0.181,0.136,0.146,0.302,0.202,0.166,0.295,0.324,0.111,0.24,0.244,0.222,0.241,0.073,0.173,0.203,0.161,0.112,0.084,0.364,0.304,0.149,0.156,0.297,0.368,0.298,0.318,0.095,0.167,0.232,0.09,0.292,0.236,0.146,0.242,0.196,0.145,0.22,0.181,0.199,0.276,0.161,0.211,0.311,0.259,0.537,0.116,0.215,0.269,0.188,0.342,0.205,0.123,0.157,0.338,0.201,0.197,0.208,0.364,0.307,0.309,0.36,0.074,0.277,0.21,0.228,0.174,0.364,0.298,0.132,0.236,0.338,0.182,0.182,0.303,0.411,0.125,0.282,0.181,0.191,0.145,0.276,0.184,0.188,0.22,0.206,0.29,0.253,0.368,0.356,0.219,0.161,0.253,0.12,0.167,0.149,0.155,0.294,0.144,0.264,0.145,0.11,0.225,0.383,0.105,0.378,0.184,0.283,0.088,0.116,0.184,0.145,0.133,0.119,0.237,0.175,0.162,0.299,0.249,0.241,0.309,0.125,0.12,0.118,0.23,0.177,0.271,0.292,0.194,0.156,0.311,0.285,0.379,0.221,0.106,1.0,0.605,0.186,0.218,0.253,0.111,0.225,0.293,0.274,0.219,0.099,0.16,0.249,0.242,0.334,0.238,0.247,0.182,0.186,0.258,0.185,0.115,0.26,0.186,0.295,0.388,0.144,1.0,0.242,0.229,0.438,0.172,0.14,0.198,0.165,0.17,0.184,1.0,0.201,0.365,0.303,0.238,0.402,0.533,0.514,0.154,0.266,0.129,0.231,0.304,0.302,0.232,0.22,0.24,0.187,0.347,0.095,0.232,0.299,0.109,0.21,0.167,0.275,0.286,0.256,0.33,0.293,0.497,0.221,0.39,0.233,0.392,0.167,0.238,0.227,0.191,0.338,0.291,0.171,0.247,0.103,0.143,0.214,0.191,0.147,0.146,0.281,0.163,0.253,0.189,0.203,0.212,0.149,0.115,0.149,0.275,0.252,0.319,0.16,0.434,0.215,0.531,0.323,0.252,0.152,0.169,0.258,0.222,0.091,0.288,0.186,0.272,0.32,0.129,0.107,0.224,0.253,0.202,0.237,0.236,0.382,0.087,0.284,0.222,0.157,0.325,0.214,0.159,0.181,0.205,0.126,0.213,0.13,0.122,0.208,0.092,0.129,0.124,0.128,0.117,0.1,0.244,0.231,0.258,0.281,0.273,0.132,0.216,0.169,0.126,0.242,0.409,0.284,0.271,0.302,0.329,0.35,0.229,0.333,0.308,0.361,0.14,0.88,0.325,0.337,0.298,0.186,0.231,0.296,0.249,0.252,0.265,0.249,0.123,0.129,0.155,0.275,0.192,0.127,0.148,0.234,0.151,0.197,0.222,0.327,0.23,0.289,0.346,0.188,0.242,0.22,0.245,0.152,0.112,0.158,0.357,0.301,0.299,0.224,0.124,0.111,0.274,0.286
0.095,0.183,0.07,0.17,0.209,0.062,0.134,0.154,0.117,0.073,0.304,0.108,0.102,0.581,0.099,0.505,0.104,0.061,0.143,0.123,0.121,0.118,0.073,0.23,0.081,0.138,0.083,0.133,0.187,0.107,0.141,0.072,0.092,0.164,0.084,0.112,0.138,0.107,0.117,0.308,0.122,0.12,0.126,0.209,0.115,0.13,0.136,0.237,0.206,0.054,0.101,0.098,0.197,0.185,0.147,0.055,0.098,0.077,0.121,1.0,0.087,0.049,0.066,0.358,0.129,0.164,0.053,0.141,0.52,0.327,0.175,0.23,0.223,0.079,0.071,0.172,0.158,0.059,0.122,0.72,0.181,0.202,0.095,0.072,0.062,0.301,0.14,0.26,0.099,0.132,0.225,0.225,0.209,0.145,0.079,0.092,0.183,0.099,0.202,0.107,0.108,0.249,0.158,0.299,0.088,0.106,0.33,0.122,0.084,0.183,0.139,0.452,0.062,0.092,0.133,0.114,0.055,0.09,0.155,0.126,0.108,0.11,0.133,0.129,0.093,0.089,0.099,0.049,0.176,0.119,0.092,0.095,0.128,0.057,0.237,0.155,0.219,0.331,0.079,0.358,0.459,0.121,0.141,0.095,0.088,0.11,0.183,0.162,0.185,0.088,0.098,0.176,0.168,0.131,0.178,0.099,0.063,0.172,0.131,0.155,0.083,0.339,0.147,0.089,0.284,0.129,0.358,0.082,0.105,0.149,0.103,0.174,0.235,0.261,0.262,0.097,0.201,1.0,0.139,0.155,0.202,0.224,0.386,0.373,0.092,0.122,0.072,0.211,0.079,0.254,0.221,0.103,0.195,0.06,0.226,0.061,0.12,0.493,0.077,0.101,0.146,0.214,0.44,0.195,0.101,0.09,0.172,0.15,0.204,0.142,0.179,0.058,0.279,0.178,0.18,0.281,0.149,0.19,0.151,0.071,0.181,0.134,0.131,0.121,0.119,0.219,0.065,0.183,0.25,0.181,0.084,0.09,0.096,0.171,0.348,0.088,0.107,0.142,0.196,0.099,0.415,0.134,0.16,0.313,0.091,0.302,0.134,0.08,0.19,0.204,0.068,0.156,0.094,0.109,0.207,0.183,0.166,0.123,0.166,0.149,0.088,0.082,0.105,0.049,0.171,0.188,0.121,0.095,0.307,0.102,0.152,0.111,0.082,0.247,0.055,0.08,0.061,0.079,0.088,0.07,0.137,0.09,0.106,0.219,0.252,0.09,0.221,0.114,0.095,0.123,0.159,0.1,0.225,0.267,0.085,0.144,0.168,0.214,0.21,0.32,0.111,0.313,0.197,0.167,0.199,0.114,0.056,0.25,0.106,0.111,0.148,0.182,0.102,0.107,0.114,0.128,0.113,0.048,0.104,0.485,0.123,0.149,0.138,0.238,0.179,0.227,0.283,0.155,0.206,0.079,0.104,0.134,0.085,0.103,0.131,0.156,0.099,0.219,0.091,0.065,0.152,0.218
0.221,0.38,0.272,0.144,0.116,0.171,0.175,0.357,0.175,0.205,0.082,0.402,0.086,0.135,0.226,0.179,0.209,0.135,0.191,0.255,0.118,0.109,0.1,0.382,0.199,0.141,0.165,0.404,0.462,0.3,0.251,0.106,0.236,0.232,0.121,0.25,0.288,0.194,0.218,0.248,0.206,0.174,0.232,0.185,0.309,0.15,0.254,0.179,0.181,0.583,0.13,0.287,0.208,0.14,0.41,0.369,0.171,0.161,0.223,0.139,0.44,0.322,0.508,0.219,0.245,0.421,0.122,0.393,0.141,0.316,0.116,0.382,0.265,0.187,0.442,0.327,0.141,0.152,0.29,0.45,0.111,0.257,0.168,0.174,0.189,0.256,0.238,0.178,0.224,0.232,0.309,0.181,0.298,0.254,0.381,0.236,0.38,0.154,0.164,0.166,0.166,0.158,0.115,0.171,0.131,0.102,0.144,0.51,0.164,0.386,0.12,0.188,0.367,0.154,0.201,0.206,0.205,0.106,0.258,0.19,0.249,0.357,0.381,0.233,0.356,0.265,0.154,0.13,0.201,0.33,0.407,0.404,0.274,0.113,0.179,0.348,0.41,0.144,0.132,0.299,0.299,0.213,0.158,0.313,0.083,0.335,0.206,0.352,0.159,0.172,0.137,0.276,0.267,0.379,0.545,0.358,0.399,0.172,0.324,0.321,0.084,0.245,0.127,0.368,0.351,0.098,0.299,0.302,0.262,0.408,0.195,0.087,0.143,0.299,0.211,0.179,0.365,0.139,1.0,0.308,0.16,0.266,0.322,0.265,0.101,0.353,0.192,0.186,0.338,0.173,0.15,0.252,0.332,0.158,0.325,0.092,0.153,0.165,0.101,0.191,0.208,0.252,0.155,0.284,0.365,0.316,0.565,0.176,0.338,0.306,0.445,0.17,0.139,0.132,0.218,0.341,0.301,0.117,0.25,0.096,0.105,0.329,0.196,0.167,0.122,0.167,0.175,0.38,0.108,0.147,0.367,0.149,0.102,0.083,0.24,0.342,0.378,0.12,0.298,0.315,0.345,0.415,0.69,0.313,0.151,0.23,0.325,0.098,0.254,0.142,0.468,0.382,0.186,0.095,0.487,0.38,0.155,0.306,0.221,0.461,0.097,0.26,0.273,0.238,0.28,0.158,0.165,0.168,0.145,0.177,0.144,0.102,0.106,0.249,0.067,0.13,0.165,0.147,0.438,0.141,0.241,0.275,0.278,0.167,0.195,0.133,0.205,0.192,0.221,0.303,0.249,0.29,0.218,0.267,0.383,0.388,0.421,0.381,0.343,1.0,0.154,0.253,0.386,0.329,0.304,0.171,0.37,0.309,0.304,0.29,0.347,0.125,0.089,0.173,0.225,0.36,0.181,0.1,0.137,0.186,0.171,0.267,0.363,0.217,0.172,0.318,0.918,0.152,0.148,0.379,0.343,0.114,0.155,0.206,0.28,0.241,0.254,0.151,0.208,0.106,0.303,0.252
0.154,0.383,0.171,0.165,0.494,0.139,0.21,0.545,0.23,0.216,0.148,0.391,0.176,0.125,0.176,0.159,0.196,0.099,0.279,0.208,0.116,0.142,0.138,0.397,0.103,0.154,0.136,0.327,0.345,0.205,0.206,0.132,0.152,0.18,0.251,0.17,0.234,0.18,0.152,0.147,0.238,0.347,0.212,0.167,0.507,0.215,0.17,0.469,0.227,0.554,0.16,0.348,0.17,0.326,0.481,0.295,0.152,0.12,0.151,0.155,0.276,0.306,0.295,0.223,0.16,0.291,0.089,0.376,0.165,0.248,0.701,0.397,0.196,0.154,0.285,0.188,0.564,0.097,0.495,0.181,0.118,0.239,0.165,0.123,0.15,0.231,0.277,0.147,0.176,0.187,0.251,0.183,0.234,0.229,0.265,0.239,0.383,0.187,0.173,0.191,0.148,0.233,0.182,0.19,0.137,0.173,0.2,0.325,0.151,0.291,0.171,0.245,0.091,0.157,0.265,0.15,0.142,0.129,0.17,0.162,0.169,0.241,0.246,0.134,0.546,0.157,0.187,0.102,0.169,0.219,0.231,0.297,0.235,0.099,0.469,0.472,0.336,0.203,0.138,0.281,0.281,0.192,0.243,0.218,0.149,0.264,0.245,0.345,0.252,0.136,0.17,0.416,0.266,0.249,0.123,0.351,0.321,0.155,0.183,0.181,0.138,0.308,0.225,0.304,0.183,0.143,0.281,0.21,0.15,0.312,0.188,0.134,0.173,0.151,0.166,0.138,0.303,0.155,0.308,1.0,0.193,0.218,0.245,0.221,0.175,0.298,0.192,0.155,0.276,0.15,0.206,0.213,0.272,0.144,0.357,0.108,0.141,0.3,0.146,0.134,0.183,0.191,0.265,0.18,0.325,0.21,0.378,0.133,0.143,0.483,0.296,0.091,0.173,0.831,0.449,0.457,0.154,0.194,0.204,0.127,0.144,0.24,0.254,0.457,0.193,1.0,0.203,0.383,0.171,0.304,0.278,0.158,0.14,0.128,0.246,0.206,0.31,0.109,0.249,0.358,0.274,0.526,0.259,0.119,0.175,0.22,0.598,0.143,0.359,0.195,0.261,0.811,0.153,0.188,0.212,0.383,0.145,0.226,0.198,0.367,0.157,0.152,0.455,0.213,0.189,0.256,0.207,0.165,0.148,0.16,0.119,0.179,0.144,0.221,0.095,0.136,0.14,0.157,0.155,0.124,0.495,0.33,0.156,1.0,0.196,0.149,0.197,0.195,0.162,0.213,0.206,0.257,0.195,0.126,0.418,0.327,0.17,0.262,0.337,0.155,0.187,0.257,0.22,0.205,0.21,0.378,0.397,0.33,0.341,0.619,0.229,0.205,0.178,0.195,0.192,0.651,0.17,0.081,0.198,0.161,0.203,0.24,0.24,0.193,0.397,0.263,0.163,0.427,0.25,0.253,0.517,0.153,0.152,0.177,0.221,0.202,0.164,0.169,0.153,0.129,0.181,0.201
0.177,0.296,0.224,0.249,0.218,0.126,0.142,0.179,0.184,0.134,0.162,0.214,0.197,0.161,0.26,0.216,0.187,0.116,0.156,0.219,0.305,0.292,0.114,0.205,0.202,0.276,0.268,0.246,0.433,0.232,0.217,0.206,0.185,0.367,0.127,0.365,0.308,0.209,0.255,0.315,0.225,0.202,0.473,0.192,0.126,0.377,0.277,0.311,0.258,0.055,0.311,0.159,0.333,0.241,0.19,0.145,0.281,0.205,0.258,0.202,0.199,0.1,0.175,0.336,0.229,0.296,0.106,0.218,0.208,0.24,0.206,0.205,0.464,0.378,0.139,0.287,0.196,0.392,0.253,0.341,0.13,0.221,0.171,0.267,0.154,0.246,0.225,0.261,0.217,0.335,0.146,0.222,0.415,0.213,0.542,0.202,0.296,0.14,0.234,0.254,0.329,0.245,0.221,0.386,0.349,0.182,0.269,0.179,0.357,0.2,0.261,0.246,0.227,0.211,0.209,0.471,0.143,0.11,0.366,0.34,0.366,0.283,0.137,0.234,0.31,0.281,0.14,0.048,0.284,0.227,0.267,0.227,0.293,0.104,0.311,0.202,0.175,0.282,0.133,0.484,0.484,0.454,0.251,0.28,0.12,0.236,0.228,0.18,0.245,0.201,0.391,0.259,0.276,0.215,0.195,0.267,0.172,0.226,0.278,0.293,0.141,0.284,0.18,0.218,0.374,0.145,0.484,0.182,0.252,0.174,0.425,0.162,0.192,0.127,0.249,0.313,0.238,0.202,0.16,0.193,1.0,0.288,1.0,0.421,0.224,0.332,0.134,0.274,0.161,0.224,0.192,0.278,0.109,0.117,0.201,0.085,0.182,0.27,0.076,0.204,0.22,0.273,0.266,0.286,0.231,0.191,0.213,0.249,0.181,0.12,0.221,0.171,0.298,0.208,0.369,0.209,0.279,0.181,0.287,0.261,0.211,0.375,0.21,0.127,0.261,0.274,0.072,0.296,0.234,0.234,0.139,0.299,0.23,0.155,0.276,0.206,0.141,0.324,0.253,0.262,0.59,0.203,0.756,0.153,0.27,0.417,0.15,0.094,0.259,0.181,0.151,0.192,0.379,0.202,0.139,0.296,0.288,0.439,0.402,0.195,0.11,0.205,0.103,0.1,0.406,0.238,0.602,0.171,0.205,0.449,0.224,0.199,0.189,0.191,0.08,0.387,0.127,0.139,0.28,0.409,0.185,0.145,0.31,0.274,0.19,0.189,0.24,0.183,0.354,0.298,0.333,0.154,0.369,0.244,0.12,0.3,0.399,0.228,0.308,0.322,0.309,0.428,0.376,0.217,0.434,0.235,0.06,0.22,0.175,0.125,0.226,0.197,0.172,0.167,0.111,0.233,0.207,0.088,0.137,0.224,0.313,0.287,0.25,0.305,0.243,0.243,0.312,0.258,0.261,0.343,0.237,0.15,0.196,0.104,0.307,0.396,0.323,0.184,0.403,0.071,0.356,0.431
0.273,0.38,0.205,0.169,0.195,0.14,0.136,0.253,0.334,0.167,0.267,0.293,0.127,0.255,0.245,0.273,0.232,0.099,0.192,0.236,0.169,0.138,0.121,0.392,0.308,0.212,0.255,0.316,0.348,0.23,0.281,0.133,0.162,0.275,0.114,0.362,0.378,0.181,0.293,0.293,0.196,0.21,0.306,0.272,0.228,0.22,0.246,0.428,0.357,0.292,0.184,0.175,0.204,0.216,0.298,0.171,0.223,0.21,0.22,0.224,0.257,0.116,0.238,0.326,0.222,0.43,0.238,0.237,0.223,0.265,0.193,0.392,0.288,0.182,0.216,0.401,0.189,0.124,0.274,0.502,0.213,0.317,0.591,0.287,0.136,0.463,0.219,0.217,0.238,0.222,0.278,0.294,0.449,0.303,0.175,0.204,0.38,0.149,0.21,0.259,0.213,0.355,0.177,0.264,0.176,0.135,0.259,0.312,0.154,0.41,0.186,0.338,0.459,0.156,0.213,0.352,0.169,0.122,0.325,0.265,0.246,0.231,0.217,0.415,0.185,0.245,0.149,0.097,0.277,0.245,0.312,0.267,0.243,0.239,0.428,0.255,0.354,0.254,0.144,1.0,0.765,0.246,0.245,0.254,0.125,0.23,0.23,0.241,0.239,0.257,0.178,0.25,0.264,0.319,0.212,0.323,0.213,0.175,0.257,0.307,0.186,0.355,0.174,0.246,0.407,0.151,1.0,0.201,0.26,0.304,0.261,0.153,0.179,0.182,0.208,0.205,0.402,0.224,0.266,0.218,0.288,1.0,0.59,0.642,0.129,0.312,0.227,0.274,0.261,0.354,0.332,0.286,0.202,0.2,0.369,0.14,0.148,0.371,0.101,0.225,0.218,0.357,0.357,0.337,0.341,0.281,0.238,0.355,0.18,0.172,0.467,0.296,0.215,0.3,0.325,0.33,0.366,0.174,0.234,0.107,0.17,0.285,0.209,0.181,0.179,0.373,0.155,0.38,0.187,0.221,0.175,0.171,0.124,0.142,0.356,0.255,0.284,0.167,0.289,0.196,0.66,0.247,0.756,0.176,0.181,0.361,0.228,0.105,0.263,0.18,0.233,0.234,0.221,0.129,0.199,0.38,0.207,0.217,0.301,0.197,0.116,0.301,0.191,0.104,0.398,0.263,0.202,0.591,0.27,0.217,0.205,0.135,0.138,0.263,0.085,0.153,0.208,0.122,0.28,0.128,0.253,0.2,0.343,0.373,0.319,0.215,0.304,0.206,0.205,0.34,0.428,0.242,0.268,0.258,0.271,0.45,0.253,0.45,0.457,0.345,0.205,0.88,0.505,0.31,0.461,0.194,0.124,0.363,0.228,0.257,0.268,0.483,0.135,0.167,0.192,0.257,0.187,0.126,0.141,0.289,0.233,0.263,0.268,0.317,0.241,0.363,0.337,0.204,0.231,0.221,0.216,0.145,0.217,0.182,0.369,0.366,0.298,0.234,0.26,0.108,0.37,0.439
0.081,0.252,0.087,0.319,0.341,0.066,0.216,0.341,0.274,0.078,0.234,0.245,0.137,0.238,0.155,0.394,0.136,0.055,0.26,0.251,0.149,0.171,0.101,0.484,0.391,0.218,0.161,0.341,0.484,0.216,0.475,0.071,0.134,0.333,0.09,0.484,0.132,0.093,0.418,0.341,0.147,0.245,0.217,0.421,0.177,0.274,0.315,0.274,0.385,0.05,0.117,0.156,0.5,0.274,0.377,0.059,0.137,0.161,0.216,0.386,0.136,0.056,0.118,0.735,0.411,0.484,0.067,0.237,0.283,0.322,0.245,0.484,0.462,0.09,0.087,0.577,0.245,0.063,0.245,0.341,0.323,0.59,0.078,0.127,0.066,0.59,0.252,0.475,0.347,0.341,0.349,0.475,0.59,0.484,0.087,0.127,0.252,0.08,0.315,0.155,0.3,0.385,0.223,1.0,0.117,0.134,0.59,0.322,0.094,0.421,0.252,0.421,0.049,0.127,0.252,0.259,0.063,0.164,0.137,0.223,0.161,0.358,0.125,0.41,0.129,0.118,0.08,0.043,0.59,0.165,0.161,0.165,0.161,0.069,0.274,0.274,0.421,0.59,0.078,0.484,0.484,0.171,0.274,0.161,0.13,0.169,0.206,0.341,0.274,0.091,0.198,0.315,0.391,0.426,0.322,0.155,0.066,0.244,0.22,0.247,0.096,0.484,0.217,0.206,0.374,0.284,0.484,0.136,0.21,0.299,0.171,0.341,0.37,0.285,0.5,0.277,0.533,0.386,0.322,0.245,1.0,0.59,1.0,0.421,0.12,0.3,0.075,0.475,0.223,0.385,0.349,0.223,0.088,0.101,0.484,0.071,0.372,0.484,0.08,0.223,0.223,0.725,0.484,0.475,0.484,0.258,0.198,0.725,0.322,0.203,0.207,0.101,0.624,0.186,0.324,0.484,0.385,0.136,0.315,0.089,0.309,0.207,0.252,0.147,0.145,0.245,0.074,0.252,0.419,0.274,0.093,0.155,0.111,0.1,0.484,0.223,0.214,0.19,0.511,0.118,0.59,0.252,0.161,0.322,0.14,0.59,0.186,0.095,0.341,0.319,0.177,0.245,0.137,0.137,0.322,0.252,0.381,0.211,1.0,0.242,0.098,0.117,0.152,0.057,0.59,0.321,0.171,0.078,0.421,0.137,0.493,0.156,0.137,0.421,0.058,0.118,0.077,0.093,0.07,0.066,0.245,0.136,0.392,0.245,0.392,0.186,0.356,0.171,0.137,0.28,0.59,0.291,0.624,0.244,0.186,0.484,0.322,0.421,0.59,0.322,0.201,0.428,0.59,0.251,0.59,0.186,0.069,0.59,0.252,0.12,0.5,0.284,0.147,0.091,0.155,0.186,0.217,0.101,0.147,0.394,0.161,0.223,0.203,0.59,0.256,0.484,0.312,0.245,0.377,0.091,0.137,0.17,0.102,0.161,0.484,0.498,0.183,0.315,0.137,0.068,0.484,0.421
0.085,0.202,0.091,0.287,0.303,0.071,0.201,0.303,0.242,0.083,0.22,0.221,0.133,0.373,0.147,0.592,0.133,0.062,0.239,0.228,0.213,0.15,0.091,0.514,0.316,0.182,0.155,0.416,0.82,0.265,0.375,0.077,0.132,0.273,0.093,0.514,0.13,0.096,0.518,0.521,0.141,0.221,0.2,0.574,0.17,0.242,0.279,0.242,0.515,0.05,0.117,0.149,0.399,0.242,0.329,0.065,0.134,0.155,0.201,0.373,0.134,0.055,0.117,0.573,0.341,0.514,0.064,0.219,0.237,0.455,0.221,0.514,0.329,0.095,0.091,0.514,0.221,0.068,0.221,0.521,0.259,0.458,0.083,0.125,0.071,0.642,0.202,0.375,0.313,0.303,0.445,0.375,0.82,0.514,0.091,0.125,0.202,0.086,0.26,0.147,0.272,0.515,0.212,0.421,0.117,0.132,0.458,0.269,0.097,0.574,0.21,1.0,0.054,0.125,0.202,0.364,0.068,0.159,0.134,0.212,0.155,0.213,0.123,0.329,0.127,0.117,0.086,0.044,0.458,0.16,0.155,0.16,0.155,0.075,0.242,0.242,0.574,0.458,0.083,0.514,0.82,0.162,0.242,0.155,0.128,0.16,0.191,0.416,0.242,0.094,0.183,0.279,0.432,0.446,0.265,0.147,0.063,0.206,0.208,0.207,0.099,0.82,0.2,0.194,0.302,0.261,0.514,0.133,0.195,0.327,0.162,0.303,0.299,0.446,0.399,0.254,0.514,0.373,0.265,0.221,0.421,0.642,0.421,1.0,0.119,0.416,0.08,0.375,0.212,0.515,0.445,0.209,0.082,0.091,0.514,0.077,0.222,0.82,0.084,0.181,0.212,0.458,0.82,0.375,0.514,0.24,0.187,0.421,0.265,0.192,0.196,0.103,0.359,0.173,0.29,0.82,0.515,0.133,0.279,0.092,0.256,0.196,0.202,0.141,0.141,0.221,0.08,0.202,0.329,0.242,0.096,0.147,0.112,0.102,0.82,0.212,0.204,0.274,0.32,0.117,0.458,0.202,0.155,0.446,0.136,0.458,0.173,0.098,0.416,0.287,0.169,0.221,0.134,0.133,0.265,0.202,0.291,0.182,0.421,0.224,0.101,0.117,0.148,0.055,0.642,0.365,0.162,0.083,1.0,0.134,0.38,0.15,0.133,0.574,0.065,0.117,0.074,0.096,0.076,0.074,0.221,0.133,0.413,0.221,0.413,0.173,0.841,0.162,0.133,0.253,0.642,0.269,0.403,0.205,0.173,0.514,0.265,0.574,0.642,0.265,0.185,0.445,0.642,0.228,0.642,0.173,0.066,0.642,0.202,0.119,0.399,0.386,0.141,0.095,0.151,0.173,0.2,0.091,0.141,0.624,0.155,0.212,0.192,0.458,0.235,0.82,0.252,0.221,0.329,0.094,0.134,0.148,0.104,0.156,0.518,0.574,0.176,0.258,0.134,0.074,0.514,0.574
0.102,0.279,0.101,0.261,0.134,0.243,0.069,0.159,0.156,0.229,0.092,0.136,0.234,0.078,0.196,0.097,0.13,0.058,0.091,0.103,0.081,0.247,0.082,0.126,0.216,0.224,0.257,0.126,0.18,0.166,0.174,0.256,0.157,0.238,0.09,0.184,0.168,0.213,0.199,0.135,0.119,0.141,0.237,0.082,0.11,0.218,0.096,0.298,0.104,0.149,0.254,0.131,0.154,0.188,0.122,0.16,0.105,0.157,0.09,0.092,0.088,0.238,0.172,0.115,0.191,0.127,0.059,0.111,0.11,0.182,0.173,0.126,0.184,0.179,0.109,0.159,0.188,0.255,0.237,0.098,0.058,0.126,0.101,0.245,0.157,0.11,0.176,0.22,0.145,0.178,0.085,0.219,0.292,0.092,0.254,0.193,0.279,0.085,0.181,0.157,0.171,0.127,0.196,0.093,0.344,0.257,0.094,0.161,0.236,0.128,0.22,0.139,0.066,0.158,0.186,0.23,0.173,0.072,0.213,0.237,0.166,0.231,0.132,0.102,0.229,0.158,0.085,0.152,0.192,0.107,0.228,0.102,0.167,0.14,0.298,0.19,0.115,0.093,0.077,0.166,0.166,0.249,0.176,0.147,0.18,0.123,0.12,0.11,0.246,0.089,0.266,0.111,0.126,0.107,0.073,0.113,0.082,0.202,0.141,0.108,0.2,0.183,0.145,0.229,0.083,0.095,0.166,0.279,0.143,0.102,0.253,0.075,0.075,0.073,0.082,0.222,0.154,0.092,0.101,0.175,0.224,0.129,0.12,0.119,1.0,0.226,0.119,0.182,0.188,0.088,0.112,0.166,0.103,0.18,0.137,0.062,0.105,0.18,0.094,0.093,0.12,0.106,0.146,0.246,0.143,0.168,0.118,0.091,0.078,0.1,0.103,0.145,0.078,0.2,0.158,0.124,0.144,0.121,0.124,0.242,0.179,0.135,0.253,0.106,0.235,0.263,0.08,0.279,0.074,0.178,0.098,0.251,0.326,0.166,0.141,0.189,0.16,0.196,0.132,0.103,0.133,0.184,0.172,0.058,0.114,0.131,0.134,0.095,0.161,0.099,0.177,0.181,0.234,0.241,0.089,0.279,0.275,0.187,0.184,0.091,0.083,0.107,0.09,0.238,0.131,0.201,0.238,0.101,0.085,0.289,0.139,0.104,0.144,0.095,0.062,0.285,0.163,0.183,0.093,0.215,0.163,0.12,0.194,0.263,0.086,0.231,0.121,0.128,0.227,0.124,0.184,0.186,0.111,0.058,0.122,0.133,0.259,0.132,0.106,0.071,0.185,0.138,0.182,0.137,0.171,0.134,0.132,0.12,0.173,0.109,0.178,0.122,0.326,0.096,0.075,0.141,0.208,0.106,0.114,0.097,0.328,0.147,0.115,0.109,0.147,0.109,0.069,0.157,0.178,0.234,0.119,0.097,0.144,0.093,0.182,0.161,0.23,0.094,0.163,0.089,0.191,0.133
0.389,0.383,0.292,0.185,0.275,0.27,0.148,0.396,0.226,0.214,0.121,0.462,0.173,0.146,0.336,0.141,0.26,0.178,0.197,0.317,0.186,0.227,0.114,0.243,0.386,0.284,0.461,0.439,0.466,0.307,0.405,0.207,0.307,0.376,0.21,0.504,0.634,0.306,0.355,0.262,0.283,0.271,0.502,0.142,0.315,0.325,0.294,0.469,0.195,0.635,0.267,0.283,0.187,0.216,0.393,0.356,0.296,0.342,0.233,0.122,0.341,0.264,0.457,0.173,0.323,0.365,0.16,0.318,0.238,0.248,0.253,0.243,0.323,0.359,0.327,0.344,0.25,0.266,0.468,0.209,0.085,0.233,0.283,0.417,0.258,0.187,0.23,0.271,0.379,0.452,0.171,0.363,0.479,0.275,0.369,0.346,0.383,0.272,0.176,0.308,0.346,0.175,0.199,0.193,0.382,0.164,0.137,0.431,0.309,0.29,0.194,0.193,0.384,0.305,0.199,0.338,0.259,0.142,0.45,0.455,0.413,0.392,0.358,0.289,0.33,0.404,0.272,0.229,0.366,0.339,0.438,0.405,0.372,0.182,0.469,0.378,0.241,0.137,0.259,0.298,0.298,0.394,0.213,0.423,0.166,0.377,0.245,0.361,0.3,0.233,0.273,0.26,0.293,0.404,0.231,0.388,0.304,0.286,0.321,0.388,0.184,0.214,0.163,0.376,0.215,0.143,0.298,0.406,0.362,0.36,0.369,0.185,0.112,0.126,0.134,0.354,0.266,0.122,0.353,0.298,0.332,0.312,0.3,0.416,0.226,1.0,0.146,0.359,0.506,0.198,0.191,0.525,0.24,0.217,0.232,0.117,0.173,0.217,0.116,0.24,0.31,0.301,0.178,0.411,0.487,0.478,0.465,0.214,0.204,0.213,0.703,0.26,0.119,0.831,0.338,0.216,0.322,0.278,0.328,0.182,0.166,0.434,0.247,0.196,0.247,1.0,0.19,0.383,0.107,0.22,0.317,0.436,0.228,0.172,0.263,0.495,0.499,0.289,0.324,0.312,0.328,0.271,1.0,0.09,0.248,0.33,0.268,0.127,0.379,0.149,0.38,0.341,0.427,0.171,0.177,0.383,0.34,0.312,0.313,0.294,0.121,0.307,0.221,0.24,0.482,0.26,0.322,0.283,0.158,0.427,0.231,0.142,0.191,0.184,0.107,0.334,0.218,0.194,0.594,0.325,0.32,0.348,0.484,1.0,0.148,0.253,0.218,0.268,0.408,0.343,0.448,0.34,0.254,0.156,0.407,0.389,0.42,0.31,0.355,0.211,0.305,0.259,0.481,0.403,0.393,0.301,0.179,0.225,0.28,0.291,0.373,0.185,0.155,0.29,0.217,0.404,0.249,0.136,0.162,0.148,0.352,0.366,0.364,0.229,0.309,0.283,0.193,0.322,0.21,0.375,0.336,0.124,0.269,0.182,0.472,0.431,0.502,0.173,0.353,0.111,0.539,0.371
0.139,0.26,0.191,0.142,0.102,0.093,0.048,0.208,0.161,0.115,0.066,0.234,0.137,0.053,0.131,0.073,0.126,0.059,0.141,0.113,0.143,0.119,0.232,0.214,0.187,0.122,0.092,0.211,0.164,0.163,0.117,0.114,0.117,0.186,0.098,0.13,0.147,0.342,0.127,0.157,0.128,0.115,0.161,0.071,0.145,0.143,0.099,0.168,0.195,0.371,0.131,0.134,0.1,0.179,0.176,0.184,0.099,0.08,0.075,0.072,0.152,0.183,0.171,0.095,0.113,0.176,0.477,0.247,0.074,0.118,0.132,0.214,0.217,0.124,0.199,0.101,0.132,0.08,0.21,0.07,0.328,0.113,0.058,0.248,0.064,0.133,0.173,0.07,0.118,0.174,0.188,0.096,0.164,0.079,0.174,0.254,0.26,0.09,0.314,0.09,0.121,0.116,0.265,0.065,0.1,0.191,0.077,0.176,0.086,0.227,0.137,0.1,0.09,0.07,0.188,0.095,0.123,0.065,0.1,0.121,0.117,0.139,0.2,0.138,0.167,0.118,0.09,0.064,0.088,0.135,0.154,0.238,0.16,0.366,0.168,0.231,0.17,0.07,0.076,0.107,0.107,0.127,0.134,0.117,0.141,0.165,0.075,0.167,0.113,0.097,0.119,0.188,0.14,0.114,0.077,0.28,0.155,0.085,0.108,0.108,0.06,0.183,0.124,0.196,0.056,0.066,0.107,0.128,0.137,0.138,0.206,0.054,0.055,0.091,0.122,0.113,0.129,0.072,0.192,0.192,0.134,0.227,0.075,0.08,0.119,0.146,1.0,0.106,0.215,0.059,0.079,0.13,0.164,0.21,0.159,0.148,0.104,0.127,0.068,0.122,0.127,0.097,0.109,0.112,0.178,0.152,0.217,0.098,0.058,0.16,0.19,0.337,0.059,0.12,0.117,0.148,0.142,0.088,0.168,0.118,0.226,0.216,0.172,0.146,0.136,0.157,0.098,0.26,0.056,0.153,0.23,0.125,0.086,0.071,0.109,0.161,0.175,0.117,0.125,0.254,0.08,0.278,0.171,0.046,0.218,0.115,0.206,0.133,0.182,0.102,0.22,0.206,0.092,0.165,0.141,0.26,0.103,0.141,0.098,0.166,0.184,0.105,0.147,0.13,0.148,0.115,0.122,0.058,0.064,0.108,0.104,0.148,0.122,0.117,0.043,0.091,0.316,0.182,0.077,0.07,0.215,0.156,0.181,0.157,0.118,0.13,0.117,0.101,0.119,0.171,0.098,0.141,0.118,0.043,0.209,0.144,0.109,0.185,0.135,0.05,0.136,0.088,0.124,0.102,0.205,0.162,0.186,0.146,0.214,0.132,0.154,0.084,0.132,0.157,0.126,0.175,0.105,0.14,0.102,0.072,0.157,0.151,0.135,0.112,0.096,0.19,0.047,0.2,0.2,0.253,0.173,0.085,0.13,0.11,0.146,0.155,0.107,0.07,0.196,0.064,0.149,0.202
0.648,0.245,0.271,0.303,0.154,0.365,0.168,0.158,0.193,0.187,0.144,0.218,0.172,0.246,0.229,0.177,0.247,0.134,0.188,0.22,0.231,0.263,0.078,0.19,0.263,0.323,0.4,0.183,0.308,0.237,0.62,0.184,0.441,0.329,0.12,0.284,0.785,0.26,0.261,0.238,0.22,0.249,0.308,0.134,0.18,0.231,0.203,0.268,0.177,0.164,0.19,0.166,0.202,0.187,0.234,0.197,0.203,0.265,0.161,0.211,0.2,0.257,0.258,0.214,0.317,0.296,0.109,0.197,0.331,0.204,0.16,0.19,0.262,0.289,0.206,0.251,0.15,0.204,0.268,0.304,0.097,0.168,0.319,0.232,0.206,0.203,0.151,0.39,0.237,0.242,0.116,0.91,0.33,0.174,0.18,0.234,0.245,0.107,0.175,0.213,0.185,0.165,0.207,0.228,0.289,0.142,0.168,0.291,0.17,0.167,0.196,0.21,0.238,0.203,0.134,0.226,0.184,0.198,0.281,0.378,0.251,0.244,0.589,0.276,0.237,0.203,0.107,0.054,0.314,0.222,0.316,0.218,0.241,0.126,0.268,0.241,0.149,0.168,0.257,0.432,0.432,0.244,0.173,0.313,0.209,0.281,0.203,0.22,0.315,0.195,0.153,0.19,0.311,0.23,0.176,0.231,0.184,0.301,0.23,0.244,0.228,0.176,0.136,0.176,0.329,0.128,0.432,0.223,0.325,0.221,0.246,0.108,0.127,0.129,0.157,0.261,0.231,0.211,0.186,0.155,0.274,0.274,0.475,0.375,0.182,0.359,0.106,1.0,0.307,0.205,0.186,0.331,0.241,0.195,0.169,0.101,0.128,0.255,0.074,0.195,0.276,0.314,0.212,0.592,0.285,0.297,0.195,0.196,0.188,0.107,0.26,0.17,0.149,0.196,0.198,0.163,0.38,0.313,0.312,0.123,0.201,0.312,0.25,0.115,0.232,0.241,0.11,0.245,0.126,0.187,0.205,0.25,0.228,0.278,0.248,0.352,0.34,0.245,0.21,0.209,0.525,0.144,0.392,0.102,0.266,0.308,0.142,0.076,0.19,0.146,0.205,0.157,0.28,0.228,0.118,0.245,0.45,0.18,0.26,0.17,0.102,0.216,0.194,0.249,0.393,0.224,0.184,0.319,0.158,0.208,0.288,0.141,0.202,0.185,0.097,0.212,0.155,0.163,0.22,0.184,0.216,0.326,0.29,0.241,0.146,0.214,0.197,0.257,0.233,0.319,0.317,0.213,0.246,0.489,0.186,0.337,0.214,0.235,0.269,0.283,0.187,0.375,0.273,0.304,0.261,0.227,0.072,0.19,0.181,0.205,0.346,0.167,0.131,0.173,0.177,0.212,0.168,0.13,0.16,0.182,0.231,0.301,0.3,0.269,0.261,0.223,0.27,0.224,0.214,0.193,0.207,0.106,0.198,0.114,0.298,0.332,0.384,0.252,0.198,0.073,0.341,0.309
0.389,0.38,0.297,0.12,0.107,0.233,0.09,0.337,0.258,0.213,0.078,0.411,0.122,0.092,0.278,0.09,0.256,0.1,0.154,0.241,0.114,0.139,0.102,0.348,0.305,0.201,0.325,0.463,0.337,0.33,0.372,0.126,0.268,0.244,0.153,0.361,0.634,0.335,0.299,0.196,0.208,0.206,0.293,0.075,0.272,0.225,0.161,0.357,0.145,0.812,0.159,0.308,0.095,0.162,0.332,0.378,0.165,0.249,0.129,0.079,0.389,0.325,0.442,0.099,0.34,0.335,0.104,0.335,0.148,0.189,0.134,0.348,0.189,0.21,0.375,0.274,0.16,0.154,0.415,0.17,0.062,0.222,0.336,0.266,0.234,0.178,0.2,0.156,0.309,0.311,0.243,0.31,0.314,0.212,0.342,0.283,0.38,0.319,0.142,0.202,0.207,0.107,0.15,0.105,0.182,0.13,0.079,0.401,0.183,0.319,0.145,0.12,0.287,0.143,0.192,0.209,0.23,0.096,0.273,0.286,0.225,0.341,0.497,0.217,0.326,0.245,0.319,0.2,0.255,0.217,0.447,0.351,0.285,0.163,0.357,0.383,0.289,0.078,0.211,0.226,0.226,0.211,0.151,0.305,0.138,0.369,0.161,0.316,0.21,0.153,0.229,0.223,0.288,0.33,0.171,0.368,0.383,0.182,0.238,0.228,0.125,0.191,0.12,0.425,0.17,0.102,0.226,0.388,0.332,0.346,0.258,0.069,0.064,0.132,0.074,0.314,0.304,0.079,0.338,0.276,0.161,0.261,0.223,0.212,0.188,0.506,0.215,0.307,1.0,0.108,0.137,0.335,0.303,0.223,0.284,0.101,0.166,0.15,0.113,0.165,0.246,0.268,0.116,0.342,0.446,0.468,0.363,0.149,0.105,0.213,0.425,0.191,0.068,0.244,0.173,0.232,0.283,0.176,0.272,0.175,0.1,0.294,0.215,0.137,0.176,0.313,0.202,0.38,0.062,0.164,0.395,0.287,0.137,0.13,0.156,0.615,0.549,0.121,0.244,0.259,0.237,0.32,0.795,0.049,0.242,0.194,0.266,0.111,0.27,0.114,0.43,0.309,0.242,0.12,0.229,0.38,0.217,0.272,0.215,0.314,0.112,0.245,0.227,0.264,0.297,0.18,0.173,0.336,0.083,0.183,0.15,0.109,0.136,0.181,0.075,0.183,0.189,0.175,0.404,0.131,0.313,0.313,0.317,0.313,0.154,0.226,0.149,0.199,0.2,0.352,0.282,0.351,0.164,0.134,0.451,0.428,0.229,0.303,0.312,0.154,0.174,0.196,0.343,0.336,0.236,0.23,0.268,0.256,0.404,0.288,0.343,0.116,0.128,0.353,0.167,0.306,0.157,0.13,0.164,0.091,0.192,0.299,0.32,0.177,0.18,0.228,0.146,0.189,0.14,0.338,0.285,0.086,0.215,0.17,0.432,0.29,0.342,0.108,0.201,0.114,0.359,0.206
0.188,0.209,0.128,0.219,0.212,0.111,0.202,0.157,0.137,0.104,0.143,0.126,0.087,0.295,0.118,0.416,0.16,0.103,0.202,0.176,0.402,0.138,0.068,0.456,0.156,0.143,0.127,0.182,0.248,0.236,0.17,0.089,0.167,0.239,0.105,0.211,0.308,0.209,0.182,0.256,0.16,0.165,0.175,0.308,0.155,0.137,0.176,0.235,0.465,0.045,0.13,0.124,0.204,0.176,0.162,0.082,0.163,0.137,0.18,0.254,0.144,0.072,0.092,0.375,0.206,0.311,0.077,0.167,0.255,0.27,0.165,0.456,0.264,0.122,0.101,0.292,0.152,0.102,0.14,0.441,0.229,0.301,0.184,0.111,0.118,0.424,0.174,0.237,0.138,0.145,0.567,0.203,0.286,0.246,0.092,0.132,0.209,0.072,0.199,0.156,0.124,0.541,0.227,0.381,0.134,0.094,0.33,0.154,0.119,0.415,0.152,0.373,0.125,0.126,0.146,0.191,0.098,0.146,0.165,0.163,0.18,0.144,0.111,0.183,0.138,0.163,0.072,0.037,0.23,0.195,0.162,0.113,0.194,0.074,0.235,0.151,0.495,0.331,0.136,0.754,0.47,0.177,0.132,0.17,0.086,0.126,0.259,0.217,0.229,0.15,0.103,0.202,0.298,0.185,0.197,0.134,0.102,0.278,0.177,0.244,0.139,0.358,0.138,0.094,0.408,0.149,0.754,0.122,0.162,0.358,0.136,0.185,0.328,0.263,0.262,0.117,0.302,0.254,0.173,0.15,0.224,0.354,0.385,0.515,0.088,0.198,0.059,0.205,0.108,1.0,0.525,0.16,0.116,0.095,0.452,0.068,0.135,0.293,0.072,0.137,0.235,0.216,0.353,0.252,0.165,0.141,0.309,0.171,0.271,0.174,0.17,0.103,0.311,0.163,0.229,0.297,0.38,0.211,0.213,0.077,0.197,0.209,0.148,0.111,0.178,0.213,0.065,0.209,0.24,0.208,0.12,0.111,0.119,0.135,0.326,0.139,0.131,0.445,0.245,0.133,0.421,0.141,0.321,0.315,0.12,0.33,0.122,0.068,0.252,0.27,0.087,0.148,0.15,0.093,0.225,0.209,0.158,0.149,0.238,0.206,0.075,0.146,0.131,0.072,0.369,0.341,0.143,0.184,0.515,0.15,0.193,0.096,0.108,0.357,0.076,0.106,0.083,0.114,0.165,0.106,0.158,0.153,0.189,0.213,0.455,0.13,0.379,0.161,0.142,0.226,0.216,0.135,0.304,0.306,0.096,0.335,0.194,0.512,0.315,0.381,0.136,0.63,0.417,0.162,0.403,0.119,0.05,0.332,0.127,0.169,0.198,0.526,0.103,0.083,0.163,0.146,0.121,0.07,0.111,0.423,0.167,0.223,0.215,0.276,0.24,0.266,0.357,0.222,0.228,0.108,0.159,0.161,0.112,0.116,0.238,0.275,0.176,0.252,0.142,0.07,0.304,0.626
0.148,0.329,0.108,0.198,0.227,0.096,0.192,0.174,0.278,0.45,0.137,0.142,0.121,0.198,0.232,0.296,0.39,0.12,0.167,0.18,0.209,0.112,0.097,0.294,0.127,0.158,0.182,0.155,0.203,0.198,0.201,0.202,0.156,0.208,0.105,0.208,0.264,0.165,0.199,0.22,0.179,0.173,0.297,0.246,0.152,0.193,0.161,0.357,0.307,0.066,0.272,0.154,0.165,0.254,0.162,0.075,0.153,0.162,0.173,0.221,0.105,0.073,0.093,0.304,0.163,0.222,0.093,0.181,0.246,0.301,0.234,0.294,0.259,0.115,0.101,0.219,0.212,0.107,0.173,0.441,0.182,0.214,1.0,0.116,0.115,0.285,0.224,0.183,0.131,0.158,0.448,0.198,0.22,0.188,0.103,0.134,0.329,0.112,0.197,0.587,0.186,0.39,0.18,0.288,0.244,0.127,0.255,0.205,0.124,0.278,0.194,0.335,0.273,0.132,0.209,0.288,0.104,0.145,0.288,0.189,0.184,0.156,0.165,0.369,0.141,0.136,0.112,0.061,0.213,0.166,0.22,0.118,0.206,0.091,0.357,0.212,0.331,0.255,0.156,0.637,0.415,0.195,0.186,0.165,0.11,0.159,0.259,0.183,0.254,0.344,0.127,0.218,0.196,0.18,0.181,0.3,0.09,0.263,0.414,0.347,0.46,0.328,0.185,0.106,0.408,0.129,0.637,0.124,0.148,0.203,0.147,0.15,0.298,0.212,0.199,0.156,0.232,0.221,0.15,0.206,0.192,0.332,0.349,0.445,0.112,0.191,0.079,0.186,0.137,0.525,1.0,0.146,0.112,0.097,0.287,0.074,0.13,0.293,0.085,0.191,0.216,0.193,0.303,0.327,0.19,0.159,0.309,0.151,0.227,0.186,0.17,0.098,0.25,0.244,0.226,0.224,0.277,0.281,0.234,0.089,0.175,0.196,0.208,0.146,0.187,0.313,0.089,0.329,0.192,0.268,0.139,0.153,0.125,0.129,0.296,0.143,0.141,0.282,0.243,0.138,0.377,0.21,0.279,0.267,0.146,0.292,0.175,0.091,0.26,0.252,0.082,0.208,0.148,0.132,0.201,0.329,0.147,0.148,0.218,0.216,0.104,0.28,0.126,0.073,0.287,0.255,0.164,1.0,0.312,0.151,0.183,0.131,0.121,0.258,0.088,0.115,0.088,0.114,0.145,0.131,0.209,0.191,0.151,0.313,0.336,0.18,0.249,0.177,0.187,0.246,0.293,0.133,0.231,0.306,0.121,0.359,0.19,0.333,0.348,0.381,0.202,0.526,0.343,0.255,0.255,0.152,0.071,0.245,0.162,0.267,0.18,0.325,0.128,0.123,0.11,0.175,0.154,0.078,0.149,0.318,0.184,0.213,0.211,0.291,0.267,0.196,0.357,0.224,0.239,0.116,0.161,0.166,0.198,0.105,0.191,0.215,0.218,0.232,0.141,0.073,0.213,0.37
0.577,0.329,0.276,0.162,0.148,0.222,0.183,0.206,0.212,0.159,0.107,0.447,0.14,0.126,0.255,0.124,0.234,0.12,0.2,0.214,0.185,0.195,0.087,0.153,0.29,0.256,0.391,0.23,0.358,0.371,0.416,0.142,0.264,0.272,0.146,0.434,0.618,0.308,0.32,0.281,0.224,0.268,0.462,0.105,0.337,0.285,0.252,0.263,0.3,0.291,0.213,0.215,0.223,0.164,0.486,0.278,0.208,0.323,0.256,0.103,0.351,0.193,0.313,0.142,0.338,0.301,0.111,0.323,0.204,0.18,0.171,0.153,0.253,0.326,0.229,0.4,0.163,0.226,0.328,0.163,0.069,0.141,0.376,0.302,0.204,0.161,0.177,0.194,0.312,0.339,0.113,0.296,0.474,0.172,0.328,0.232,0.329,0.203,0.131,0.253,0.248,0.134,0.196,0.155,0.283,0.138,0.11,0.336,0.261,0.192,0.177,0.133,0.454,0.254,0.148,0.286,0.21,0.127,0.329,0.458,0.294,0.372,0.367,0.277,0.342,0.324,0.203,0.076,0.32,0.361,0.334,0.443,0.246,0.142,0.263,0.237,0.186,0.109,0.205,0.225,0.225,0.295,0.178,0.419,0.147,0.365,0.14,0.205,0.224,0.19,0.225,0.21,0.283,0.396,0.183,0.358,0.282,0.239,0.35,0.343,0.153,0.156,0.128,0.254,0.161,0.137,0.225,0.263,0.342,0.337,0.381,0.098,0.086,0.126,0.156,0.4,0.22,0.103,0.252,0.213,0.278,0.286,0.223,0.209,0.166,0.525,0.13,0.331,0.335,0.16,0.146,1.0,0.2,0.187,0.147,0.118,0.135,0.156,0.089,0.227,0.287,0.289,0.134,0.302,0.419,0.448,0.31,0.172,0.177,0.176,0.924,0.197,0.095,0.449,0.224,0.144,0.258,0.231,0.32,0.17,0.152,0.457,0.184,0.297,0.239,0.554,0.104,0.329,0.084,0.164,0.269,0.342,0.161,0.188,0.181,0.384,0.428,0.261,0.349,0.273,0.24,0.23,0.756,0.1,0.243,0.255,0.191,0.085,0.191,0.128,0.341,0.252,0.373,0.138,0.127,0.329,0.286,0.265,0.445,0.23,0.105,0.249,0.246,0.152,0.434,0.265,0.243,0.376,0.118,0.324,0.214,0.142,0.202,0.155,0.088,0.3,0.157,0.16,0.342,0.241,0.258,0.266,0.33,0.554,0.132,0.235,0.268,0.23,0.296,0.277,0.401,0.336,0.204,0.122,0.395,0.362,0.321,0.243,0.253,0.256,0.26,0.191,0.306,0.375,0.384,0.268,0.165,0.172,0.208,0.234,0.378,0.124,0.135,0.279,0.336,0.322,0.177,0.131,0.167,0.125,0.266,0.308,0.388,0.195,0.288,0.375,0.234,0.231,0.194,0.328,0.226,0.106,0.277,0.275,0.487,0.405,0.41,0.144,0.247,0.093,0.538,0.286
0.245,0.306,0.218,0.069,0.109,0.183,0.135,0.306,0.176,0.207,0.23,0.298,0.079,0.345,0.113,0.167,0.21,0.091,0.182,0.159,0.134,0.079,0.102,0.313,0.115,0.12,0.126,0.31,0.243,0.169,0.207,0.102,0.183,0.144,0.116,0.138,0.249,0.166,0.143,0.205,0.206,0.19,0.162,0.071,0.231,0.163,0.134,0.162,0.135,0.538,0.119,0.24,0.097,0.141,0.294,0.301,0.145,0.127,0.108,0.195,0.288,0.307,0.303,0.093,0.159,0.317,0.088,0.269,0.23,0.167,0.134,0.313,0.14,0.174,0.306,0.154,0.178,0.112,0.221,0.177,0.064,0.184,0.143,0.11,0.13,0.175,0.202,0.103,0.185,0.157,0.208,0.253,0.197,0.127,0.21,0.221,0.306,0.069,0.073,0.128,0.116,0.101,0.202,0.101,0.123,0.1,0.084,0.278,0.116,0.298,0.101,0.174,0.168,0.141,0.203,0.149,0.15,0.086,0.225,0.171,0.176,0.221,0.337,0.207,0.368,0.152,0.069,0.183,0.122,0.231,0.255,0.293,0.289,0.087,0.162,0.325,0.271,0.084,0.13,0.106,0.106,0.164,0.11,0.182,0.104,0.244,0.088,0.296,0.206,0.166,0.131,0.168,0.207,0.181,0.119,0.236,0.29,0.153,0.184,0.19,0.13,0.188,0.112,0.292,0.067,0.086,0.106,0.243,0.179,0.278,0.14,0.064,0.07,0.134,0.075,0.142,0.24,0.195,0.332,0.272,0.109,0.202,0.088,0.082,0.103,0.24,0.164,0.241,0.303,0.116,0.112,0.2,1.0,0.158,0.264,0.088,0.16,0.209,0.098,0.114,0.192,0.162,0.202,0.222,0.271,0.203,0.389,0.098,0.098,0.23,0.342,0.113,0.072,0.121,0.139,0.23,0.162,0.263,0.184,0.112,0.119,0.254,0.19,0.147,0.163,0.148,0.137,0.306,0.071,0.128,0.323,0.096,0.088,0.348,0.184,0.216,0.315,0.107,0.165,0.255,0.097,0.361,0.263,0.055,0.137,0.159,0.247,0.111,0.15,0.083,0.327,0.3,0.172,0.084,0.217,0.306,0.191,0.174,0.173,0.28,0.095,0.198,0.254,0.279,0.158,0.146,0.123,0.143,0.08,0.136,0.101,0.085,0.111,0.17,0.075,0.106,0.128,0.192,0.127,0.097,0.229,0.3,0.13,0.148,0.134,0.119,0.126,0.152,0.127,0.239,0.139,0.21,0.117,0.048,0.295,0.244,0.162,0.293,0.22,0.058,0.118,0.093,0.209,0.245,0.145,0.164,0.294,0.22,0.287,0.263,0.228,0.099,0.096,0.072,0.212,0.278,0.103,0.093,0.153,0.154,0.159,0.278,0.266,0.1,0.247,0.246,0.06,0.13,0.136,0.214,0.298,0.085,0.127,0.176,0.189,0.152,0.162,0.343,0.137,0.101,0.15,0.169
0.369,0.383,0.152,0.144,0.086,0.18,0.077,0.158,0.194,0.168,0.067,0.173,0.156,0.082,0.166,0.073,0.17,0.086,0.179,0.272,0.092,0.166,0.391,0.141,0.352,0.186,0.199,0.174,0.16,0.19,0.193,0.172,0.162,0.173,0.106,0.153,0.563,0.182,0.197,0.213,0.15,0.158,0.188,0.059,0.147,0.191,0.174,0.193,0.088,0.294,0.125,0.14,0.086,0.169,0.179,0.179,0.142,0.162,0.112,0.06,0.17,0.17,0.196,0.077,0.182,0.173,0.246,0.145,0.124,0.124,0.108,0.141,0.149,0.13,0.224,0.181,0.117,0.182,0.24,0.075,0.18,0.127,0.138,0.332,0.212,0.117,0.207,0.132,0.172,0.194,0.09,0.206,0.256,0.1,0.164,0.179,0.383,0.187,0.11,0.141,0.324,0.083,0.11,0.087,0.182,0.192,0.062,0.189,0.131,0.18,0.165,0.094,0.182,0.181,0.216,0.16,0.13,0.244,0.173,0.185,0.174,0.164,0.291,0.174,0.169,0.176,0.187,0.102,0.15,0.157,0.241,0.178,0.185,0.325,0.193,0.182,0.135,0.062,0.126,0.116,0.116,0.172,0.118,0.239,0.199,0.189,0.101,0.152,0.163,0.123,0.188,0.101,0.158,0.159,0.096,0.245,0.169,0.155,0.146,0.151,0.129,0.202,0.092,0.199,0.075,0.077,0.116,0.271,0.257,0.156,0.164,0.051,0.052,0.074,0.056,0.212,0.187,0.06,0.158,0.144,0.117,0.2,0.101,0.091,0.18,0.217,0.21,0.195,0.223,0.095,0.097,0.187,0.158,1.0,0.128,0.152,0.13,0.116,0.085,0.208,0.199,0.128,0.092,0.199,0.222,0.269,0.178,0.113,0.087,0.101,0.232,0.392,0.054,0.141,0.13,0.109,0.313,0.135,0.145,0.277,0.1,0.181,0.217,0.087,0.178,0.17,0.125,0.383,0.05,0.196,0.164,0.182,0.129,0.121,0.119,0.243,0.232,0.102,0.126,0.15,0.113,0.244,0.246,0.038,0.133,0.156,0.128,0.105,0.234,0.1,0.213,0.158,0.146,0.16,0.101,0.383,0.16,0.132,0.149,0.146,0.202,0.152,0.137,0.141,0.189,0.145,0.13,0.138,0.067,0.142,0.153,0.127,0.162,0.095,0.071,0.153,0.43,0.13,0.364,0.11,0.167,0.215,0.288,0.17,0.08,0.183,0.115,0.162,0.17,0.173,0.17,0.182,0.161,0.052,0.186,0.156,0.142,0.154,0.154,0.064,0.173,0.106,0.156,0.166,0.127,0.175,0.134,0.117,0.238,0.142,0.298,0.089,0.117,0.292,0.138,0.174,0.104,0.647,0.111,0.073,0.174,0.185,0.171,0.111,0.147,0.136,0.067,0.116,0.126,0.218,0.158,0.065,0.213,0.122,0.206,0.161,0.214,0.099,0.324,0.086,0.19,0.161
0.243,0.296,0.141,0.146,0.212,0.118,0.113,0.366,0.17,0.181,0.131,0.272,0.11,0.188,0.117,0.286,0.158,0.06,0.16,0.171,0.152,0.104,0.105,0.663,0.095,0.124,0.097,0.368,0.294,0.188,0.159,0.088,0.177,0.166,0.101,0.177,0.166,0.126,0.136,0.195,0.151,0.133,0.149,0.232,0.249,0.144,0.145,0.311,0.352,0.626,0.106,0.529,0.181,0.207,0.299,0.293,0.101,0.084,0.118,0.226,0.267,0.291,0.252,0.335,0.182,0.371,0.068,0.308,0.167,0.25,0.193,0.663,0.202,0.106,0.285,0.266,0.471,0.067,0.257,0.411,0.152,0.512,0.112,0.09,0.084,0.402,0.235,0.186,0.149,0.193,0.416,0.176,0.292,0.244,0.21,0.193,0.296,0.12,0.187,0.123,0.125,0.398,0.146,0.298,0.092,0.121,0.308,0.281,0.103,0.439,0.139,0.31,0.068,0.102,0.241,0.122,0.115,0.084,0.128,0.115,0.126,0.224,0.401,0.131,0.267,0.114,0.12,0.213,0.187,0.162,0.204,0.253,0.25,0.076,0.311,0.39,0.698,0.311,0.089,1.0,0.605,0.13,0.163,0.129,0.1,0.234,0.23,0.379,0.188,0.089,0.154,0.237,0.266,0.197,0.174,0.219,0.272,0.137,0.156,0.154,0.085,0.405,0.152,0.298,0.344,0.123,1.0,0.21,0.125,0.333,0.131,0.154,0.216,0.223,0.225,0.137,0.347,0.226,0.325,0.357,0.201,0.369,0.484,0.514,0.137,0.232,0.159,0.169,0.284,0.452,0.287,0.147,0.264,0.128,1.0,0.074,0.381,0.3,0.119,0.109,0.155,0.235,0.349,0.197,0.296,0.176,0.328,0.155,0.162,0.252,0.27,0.072,0.268,0.227,0.197,0.405,0.272,0.126,0.178,0.129,0.157,0.178,0.223,0.16,0.126,0.281,0.16,0.296,0.237,0.208,0.257,0.104,0.095,0.082,0.288,0.199,0.271,0.159,0.218,0.215,0.531,0.402,0.191,0.211,0.193,0.302,0.255,0.158,0.257,0.172,0.27,0.345,0.103,0.116,0.303,0.296,0.139,0.205,0.184,0.316,0.109,0.119,0.259,0.207,0.26,0.232,0.133,0.112,0.288,0.107,0.142,0.119,0.088,0.303,0.061,0.089,0.113,0.179,0.104,0.075,0.238,0.297,0.15,0.281,0.457,0.102,0.247,0.131,0.106,0.187,0.2,0.217,0.234,0.229,0.296,0.327,0.195,0.457,0.326,0.299,0.125,0.88,0.36,0.167,0.309,0.175,0.297,0.431,0.382,0.254,0.202,0.377,0.121,0.129,0.16,0.287,0.12,0.065,0.13,0.301,0.131,0.19,0.196,0.264,0.169,0.301,0.288,0.174,0.216,0.192,0.272,0.128,0.104,0.32,0.264,0.219,0.13,0.16,0.104,0.108,0.22,0.361
0.157,0.224,0.106,0.093,0.083,0.057,0.185,0.085,0.147,0.057,0.056,0.105,0.09,0.06,0.13,0.067,0.12,0.061,0.102,0.255,0.09,0.101,0.126,0.079,0.207,0.112,0.118,0.09,0.118,0.141,0.138,0.074,0.076,0.155,0.077,0.148,0.153,0.103,0.15,0.126,0.094,0.223,0.153,0.088,0.157,0.142,0.165,0.185,0.094,0.07,0.09,0.196,0.068,0.144,0.116,0.084,0.104,0.157,0.078,0.061,0.118,0.046,0.106,0.164,0.13,0.115,0.174,0.091,0.088,0.113,0.11,0.079,0.123,0.088,0.092,0.199,0.11,0.164,0.113,0.066,0.117,0.088,0.089,0.183,0.091,0.065,0.185,0.075,0.233,0.118,0.046,0.105,0.121,0.441,0.085,0.094,0.224,0.277,0.083,0.096,0.152,0.08,0.098,0.06,0.091,0.121,0.067,0.138,0.106,0.099,0.151,0.089,0.219,0.096,0.146,0.122,0.066,0.064,0.13,0.13,0.134,0.123,0.083,0.191,0.104,0.137,0.277,0.068,0.139,0.108,0.149,0.102,0.134,0.168,0.185,0.115,0.06,0.054,0.068,0.107,0.107,0.183,0.151,0.174,0.121,0.101,0.071,0.075,0.12,0.105,0.111,0.088,0.156,0.175,0.096,0.17,0.105,0.087,0.109,0.113,0.064,0.141,0.251,0.106,0.055,0.294,0.107,0.117,0.179,0.132,0.165,0.046,0.043,0.04,0.061,0.12,0.095,0.061,0.092,0.108,0.085,0.14,0.071,0.077,0.062,0.117,0.148,0.101,0.101,0.068,0.074,0.118,0.088,0.152,0.074,1.0,0.198,0.122,0.42,0.181,0.153,0.197,0.09,0.105,0.119,0.151,0.052,0.218,0.089,0.053,0.052,0.201,0.047,0.124,0.126,0.134,0.14,0.093,0.173,0.081,0.064,0.13,0.142,0.072,0.16,0.169,0.241,0.224,0.042,0.137,0.097,0.114,0.062,0.087,0.105,0.147,0.103,0.071,0.177,0.09,0.076,0.139,0.24,0.035,0.093,0.123,0.09,0.067,0.109,0.084,0.083,0.108,0.216,0.098,0.046,0.224,0.101,0.123,0.129,0.066,0.119,0.125,0.053,0.046,0.12,0.123,0.156,0.089,0.057,0.106,0.114,0.166,0.251,0.058,0.422,0.081,0.232,0.081,0.118,0.068,0.104,0.085,0.157,0.169,0.054,0.155,0.094,0.17,0.123,0.129,0.171,0.165,0.112,0.041,0.092,0.116,0.103,0.098,0.11,0.049,0.125,0.085,0.113,0.109,0.085,0.101,0.049,0.067,0.14,0.085,0.119,0.084,0.089,0.163,0.073,0.101,0.253,0.126,0.084,0.067,0.159,0.134,0.13,0.13,0.118,0.072,0.05,0.105,0.197,0.139,0.105,0.21,0.13,0.045,0.111,0.143,0.119,0.12,0.166,0.292,0.128,0.137
0.127,0.329,0.137,0.138,0.149,0.09,0.127,0.191,0.142,0.1,0.124,0.14,0.117,0.101,0.136,0.137,0.176,0.108,0.123,0.142,0.118,0.124,0.156,0.157,0.125,0.129,0.121,0.264,0.16,0.171,0.148,0.108,0.095,0.177,0.174,0.132,0.192,0.136,0.146,0.138,0.137,0.32,0.172,0.149,0.128,0.147,0.16,0.202,0.126,0.145,0.113,0.388,0.11,0.186,0.201,0.124,0.139,0.136,0.113,0.12,0.168,0.128,0.14,0.238,0.207,0.157,0.119,0.132,0.128,0.167,0.138,0.157,0.223,0.101,0.147,0.312,0.475,0.126,0.13,0.17,0.095,0.283,0.12,0.126,0.138,0.139,0.356,0.156,0.194,0.187,0.129,0.129,0.15,0.151,0.122,0.129,0.329,0.099,0.13,0.127,0.142,0.15,0.122,0.217,0.114,0.154,0.158,0.144,0.133,0.188,0.176,0.152,0.152,0.116,0.298,0.143,0.105,0.083,0.162,0.138,0.189,0.183,0.095,0.156,0.143,0.189,0.099,0.274,0.146,0.171,0.175,0.137,0.307,0.11,0.202,0.157,0.399,0.176,0.097,0.241,0.241,0.174,0.167,0.203,0.141,0.128,0.147,0.168,0.15,0.145,0.238,0.13,0.13,0.224,0.143,0.163,0.159,0.114,0.181,0.154,0.091,0.257,0.152,0.153,0.17,0.114,0.241,0.188,0.166,0.182,0.128,0.11,0.125,0.102,0.119,0.177,0.232,0.12,0.153,0.141,0.182,0.148,0.372,0.222,0.105,0.173,0.104,0.128,0.166,0.135,0.13,0.135,0.16,0.13,0.381,0.198,1.0,0.169,0.129,0.164,0.193,0.172,0.165,0.15,0.172,0.137,0.139,0.165,0.162,0.104,0.153,0.124,0.216,0.139,0.19,0.189,0.166,0.128,0.201,0.239,0.113,0.179,0.219,0.099,0.161,0.185,0.104,0.329,0.168,0.173,0.151,0.116,0.086,0.095,0.183,0.135,0.124,0.101,0.171,0.132,0.26,0.238,0.288,0.095,0.162,0.21,0.118,0.182,0.165,0.131,0.128,0.16,0.142,0.144,0.187,0.329,0.116,0.134,0.16,0.209,0.176,0.149,0.098,0.129,0.187,0.149,0.125,0.12,0.129,0.138,0.133,0.155,0.153,0.121,0.108,0.095,0.123,0.201,0.144,0.108,0.131,0.126,0.138,0.185,0.111,0.128,0.136,0.14,0.159,0.142,0.179,0.167,0.251,0.126,0.12,0.15,0.17,0.224,0.165,0.149,0.15,0.204,0.186,0.137,0.132,0.117,0.121,0.14,0.236,0.115,0.143,0.124,0.102,0.179,0.145,0.145,0.141,0.117,0.115,0.14,0.152,0.181,0.189,0.18,0.16,0.129,0.139,0.14,0.188,0.147,0.163,0.315,0.155,0.296,0.176,0.172,0.137,0.144,0.161,0.143,0.168,0.186
0.164,0.467,0.121,0.207,0.303,0.1,0.156,0.257,0.257,0.127,0.335,0.192,0.199,0.381,0.201,0.494,0.192,0.101,0.171,0.211,0.16,0.182,0.139,0.306,0.129,0.199,0.156,0.194,0.315,0.172,0.22,0.132,0.13,0.238,0.139,0.193,0.255,0.194,0.204,0.329,0.235,0.243,0.231,0.336,0.188,0.272,0.208,0.543,0.278,0.108,0.171,0.197,0.263,0.369,0.221,0.094,0.177,0.141,0.18,0.493,0.121,0.09,0.128,0.385,0.172,0.277,0.092,0.203,0.422,0.402,0.335,0.306,0.262,0.154,0.124,0.263,0.308,0.107,0.25,0.637,0.177,0.272,0.178,0.137,0.099,0.367,0.301,0.244,0.169,0.213,0.22,0.354,0.352,0.232,0.149,0.172,0.467,0.205,0.233,0.215,0.178,0.333,0.216,0.314,0.153,0.188,0.345,0.186,0.156,0.26,0.218,0.659,0.094,0.18,0.29,0.178,0.095,0.114,0.232,0.22,0.19,0.192,0.273,0.19,0.165,0.168,0.205,0.116,0.241,0.16,0.161,0.146,0.214,0.104,0.543,0.323,0.26,0.34,0.135,0.605,1.0,0.23,0.304,0.17,0.174,0.212,0.274,0.209,0.327,0.141,0.2,0.261,0.289,0.2,0.19,0.196,0.105,0.2,0.177,0.189,0.152,0.554,0.279,0.17,0.344,0.185,0.605,0.157,0.172,0.19,0.198,0.207,0.24,0.266,0.293,0.18,0.299,0.493,0.165,0.3,0.27,0.371,0.484,0.82,0.18,0.217,0.127,0.255,0.15,0.293,0.293,0.156,0.209,0.116,0.3,0.122,0.169,1.0,0.141,0.178,0.216,0.276,0.752,0.246,0.189,0.15,0.202,0.202,0.206,0.197,0.21,0.104,0.286,0.388,0.31,0.474,0.213,0.272,0.228,0.13,0.197,0.207,0.286,0.218,0.209,0.469,0.133,0.467,0.26,0.355,0.143,0.18,0.147,0.261,0.679,0.156,0.163,0.155,0.272,0.178,0.531,0.294,0.28,0.288,0.173,0.337,0.266,0.145,0.283,0.241,0.111,0.308,0.173,0.207,0.186,0.467,0.217,0.192,0.267,0.166,0.16,0.143,0.132,0.091,0.262,0.354,0.241,0.178,0.444,0.181,0.197,0.212,0.161,0.298,0.105,0.156,0.115,0.14,0.167,0.132,0.27,0.162,0.185,0.469,0.283,0.18,0.434,0.228,0.184,0.19,0.267,0.17,0.289,0.229,0.151,0.226,0.211,0.265,0.297,0.299,0.227,0.532,0.3,0.253,0.284,0.231,0.104,0.357,0.241,0.194,0.19,0.312,0.204,0.213,0.123,0.254,0.226,0.096,0.209,0.511,0.225,0.251,0.204,0.298,0.276,0.363,0.288,0.295,0.315,0.144,0.181,0.207,0.163,0.12,0.224,0.227,0.16,0.277,0.173,0.136,0.235,0.306
0.068,0.194,0.082,0.064,0.108,0.068,0.216,0.135,0.157,0.074,0.082,0.106,0.074,0.063,0.081,0.079,0.11,0.047,0.081,0.168,0.083,0.09,0.076,0.109,0.084,0.093,0.088,0.135,0.098,0.144,0.12,0.057,0.066,0.142,0.102,0.096,0.119,0.077,0.132,0.102,0.095,0.119,0.104,0.104,0.162,0.137,0.11,0.187,0.101,0.126,0.083,0.205,0.075,0.15,0.109,0.076,0.088,0.126,0.087,0.077,0.075,0.075,0.098,0.16,0.106,0.105,0.051,0.105,0.09,0.217,0.141,0.109,0.11,0.067,0.092,0.112,0.163,0.097,0.12,0.075,0.049,0.122,0.069,0.073,0.069,0.085,0.152,0.065,0.145,0.106,0.076,0.082,0.114,0.366,0.079,0.097,0.194,0.063,0.072,0.08,0.102,0.1,0.088,0.07,0.08,0.087,0.084,0.13,0.13,0.118,0.143,0.107,0.046,0.068,0.186,0.082,0.072,0.059,0.093,0.091,0.101,0.128,0.089,0.092,0.106,0.114,0.063,0.125,0.13,0.093,0.094,0.086,0.171,0.065,0.187,0.154,0.105,0.074,0.063,0.112,0.112,0.165,0.157,0.107,0.073,0.094,0.08,0.092,0.121,0.074,0.16,0.098,0.12,0.11,0.094,0.09,0.072,0.09,0.09,0.086,0.071,0.159,0.307,0.122,0.062,0.427,0.112,0.149,0.127,0.106,0.132,0.058,0.059,0.066,0.077,0.082,0.109,0.077,0.101,0.146,0.076,0.101,0.08,0.084,0.094,0.116,0.068,0.074,0.113,0.072,0.085,0.089,0.098,0.085,0.119,0.42,0.129,0.141,1.0,0.16,0.147,0.15,0.115,0.098,0.113,0.095,0.095,0.168,0.093,0.084,0.081,0.07,0.063,0.128,0.143,0.152,0.088,0.106,0.164,0.131,0.074,0.116,0.146,0.084,0.176,0.172,0.252,0.194,0.059,0.136,0.086,0.08,0.059,0.078,0.11,0.127,0.087,0.067,0.165,0.09,0.085,0.165,0.143,0.049,0.105,0.128,0.109,0.086,0.104,0.079,0.091,0.15,0.232,0.079,0.083,0.194,0.091,0.116,0.118,0.083,0.073,0.09,0.081,0.076,0.097,0.157,0.151,0.069,0.068,0.087,0.073,0.166,0.132,0.078,0.362,0.069,0.065,0.194,0.065,0.051,0.128,0.103,0.069,0.172,0.07,0.146,0.089,0.216,0.075,0.132,0.126,0.179,0.08,0.049,0.095,0.098,0.16,0.142,0.084,0.057,0.091,0.091,0.091,0.078,0.085,0.146,0.085,0.095,0.183,0.091,0.089,0.096,0.137,0.071,0.063,0.112,0.253,0.064,0.105,0.078,0.11,0.122,0.096,0.112,0.114,0.086,0.055,0.118,0.205,0.077,0.105,0.188,0.068,0.085,0.096,0.115,0.082,0.129,0.082,0.706,0.081,0.118
0.213,0.329,0.197,0.131,0.119,0.106,0.128,0.113,0.184,0.132,0.097,0.165,0.121,0.13,0.316,0.125,0.24,0.166,0.147,0.245,0.176,0.136,0.12,0.115,0.298,0.164,0.285,0.2,0.269,0.183,0.225,0.163,0.144,0.362,0.161,0.268,0.346,0.239,0.293,0.353,0.224,0.258,0.314,0.246,0.119,0.288,0.341,0.23,0.129,0.066,0.223,0.161,0.245,0.179,0.144,0.126,0.268,0.241,0.248,0.101,0.196,0.071,0.187,0.289,0.201,0.217,0.208,0.117,0.177,0.169,0.143,0.115,0.309,0.188,0.173,0.28,0.137,0.204,0.186,0.151,0.125,0.14,0.363,0.26,0.185,0.129,0.203,0.171,0.234,0.18,0.076,0.193,0.25,0.206,0.15,0.164,0.329,0.203,0.143,0.301,0.187,0.126,0.142,0.144,0.22,0.127,0.149,0.216,0.307,0.187,0.202,0.139,0.361,0.196,0.174,0.259,0.157,0.161,0.317,0.293,0.299,0.196,0.13,0.343,0.141,0.408,0.203,0.061,0.251,0.231,0.284,0.161,0.286,0.228,0.23,0.142,0.097,0.114,0.166,0.207,0.207,0.331,0.216,0.366,0.103,0.192,0.121,0.109,0.184,0.238,0.174,0.124,0.17,0.262,0.25,0.284,0.171,0.172,0.276,0.278,0.165,0.183,0.21,0.131,0.148,0.179,0.207,0.207,0.316,0.172,0.255,0.076,0.083,0.074,0.127,0.161,0.21,0.101,0.191,0.134,0.204,0.225,0.223,0.181,0.093,0.24,0.122,0.195,0.165,0.137,0.191,0.227,0.114,0.208,0.109,0.181,0.164,0.178,0.16,1.0,0.338,0.229,0.146,0.253,0.19,0.218,0.085,0.262,0.253,0.078,0.09,0.289,0.1,0.173,0.27,0.23,0.205,0.19,0.25,0.126,0.128,0.3,0.16,0.096,0.208,0.213,0.146,0.329,0.083,0.171,0.158,0.202,0.141,0.126,0.213,0.219,0.15,0.144,0.286,0.208,0.239,0.157,0.831,0.076,0.143,0.302,0.117,0.098,0.139,0.117,0.128,0.136,0.282,0.136,0.074,0.329,0.203,0.268,0.278,0.152,0.117,0.294,0.095,0.072,0.285,0.296,0.268,0.363,0.115,0.244,0.221,0.179,0.169,0.1,0.17,0.17,0.214,0.144,0.441,0.17,0.147,0.156,0.318,0.213,0.091,0.226,0.179,0.286,0.263,0.236,0.297,0.19,0.206,0.098,0.126,0.227,0.266,0.188,0.256,0.133,0.228,0.161,0.27,0.208,0.178,0.153,0.054,0.116,0.193,0.154,0.19,0.118,0.145,0.223,0.116,0.204,0.238,0.355,0.121,0.126,0.257,0.27,0.243,0.251,0.204,0.119,0.111,0.158,0.248,0.208,0.24,0.2,0.204,0.077,0.218,0.286,0.273,0.234,0.299,0.199,0.285,0.306
0.312,0.38,0.312,0.354,0.191,0.148,0.184,0.165,0.262,0.177,0.156,0.201,0.338,0.186,0.323,0.184,0.257,0.406,0.213,0.257,0.193,0.361,0.2,0.165,0.271,0.378,0.304,0.252,0.273,0.211,0.235,0.255,0.232,0.308,0.229,0.289,0.305,0.213,0.324,0.407,0.304,0.259,0.364,0.136,0.179,0.487,0.331,0.306,0.151,0.082,0.25,0.192,0.148,0.363,0.201,0.196,0.328,0.29,0.249,0.146,0.329,0.107,0.208,0.199,0.242,0.266,0.283,0.139,0.299,0.239,0.198,0.165,0.308,0.242,0.25,0.279,0.189,0.286,0.216,0.17,0.135,0.183,0.307,0.277,0.364,0.19,0.301,0.263,0.26,0.23,0.127,0.27,0.258,0.237,0.206,0.275,0.38,0.245,0.233,0.287,0.248,0.186,0.469,0.247,0.242,0.228,0.175,0.195,0.479,0.214,0.398,0.19,0.37,0.284,0.246,0.303,0.318,0.185,0.34,0.468,0.438,0.24,0.147,0.349,0.231,0.404,0.245,0.082,0.372,0.404,0.357,0.198,0.379,0.236,0.306,0.193,0.145,0.176,0.257,0.226,0.226,0.402,0.19,0.377,0.203,0.266,0.153,0.175,0.238,0.366,0.208,0.162,0.237,0.263,0.223,0.313,0.278,0.297,0.333,0.433,0.185,0.26,0.164,0.145,0.17,0.207,0.226,0.3,0.306,0.201,0.3,0.139,0.146,0.109,0.148,0.223,0.167,0.146,0.208,0.183,0.22,0.218,0.223,0.212,0.12,0.31,0.127,0.276,0.246,0.235,0.216,0.287,0.192,0.199,0.155,0.153,0.193,0.216,0.147,0.338,1.0,0.273,0.202,0.297,0.215,0.255,0.146,0.204,0.239,0.124,0.156,0.281,0.154,0.214,0.375,0.159,0.268,0.332,0.262,0.17,0.174,0.369,0.228,0.131,0.348,0.273,0.104,0.38,0.142,0.322,0.275,0.303,0.186,0.224,0.381,0.292,0.232,0.215,0.264,0.267,0.237,0.218,0.635,0.117,0.184,0.379,0.162,0.153,0.193,0.246,0.179,0.185,0.402,0.44,0.114,0.38,0.294,0.185,0.366,0.32,0.285,0.328,0.165,0.107,0.304,0.421,0.257,0.307,0.187,0.32,0.211,0.164,0.299,0.156,0.149,0.214,0.234,0.208,0.465,0.372,0.22,0.253,0.322,0.273,0.138,0.274,0.215,0.396,0.458,0.28,0.306,0.247,0.471,0.134,0.188,0.302,0.264,0.318,0.45,0.154,0.34,0.196,0.48,0.283,0.215,0.201,0.079,0.162,0.262,0.214,0.222,0.196,0.207,0.498,0.265,0.254,0.282,0.159,0.173,0.182,0.324,0.532,0.371,0.21,0.262,0.173,0.146,0.244,0.215,0.273,0.322,0.14,0.312,0.124,0.243,0.245,0.33,0.185,0.367,0.186,0.358,0.386
0.411,0.334,0.249,0.167,0.187,0.113,0.137,0.203,0.2,0.105,0.161,0.261,0.119,0.218,0.251,0.2,0.202,0.15,0.154,0.279,0.122,0.133,0.094,0.235,0.25,0.236,0.228,0.248,0.284,0.188,0.287,0.11,0.191,0.369,0.151,0.338,0.631,0.165,0.245,0.241,0.247,0.246,0.25,0.213,0.166,0.213,0.246,0.388,0.197,0.283,0.165,0.172,0.201,0.204,0.27,0.17,0.198,0.26,0.283,0.214,0.248,0.089,0.219,0.35,0.315,0.329,0.16,0.204,0.228,0.228,0.183,0.235,0.307,0.173,0.216,0.374,0.176,0.186,0.246,0.366,0.16,0.308,0.181,0.204,0.194,0.236,0.212,0.249,0.31,0.248,0.164,0.32,0.341,0.368,0.197,0.207,0.334,0.15,0.201,0.211,0.215,0.21,0.166,0.312,0.16,0.127,0.294,0.288,0.188,0.222,0.184,0.236,0.322,0.169,0.185,0.214,0.183,0.125,0.248,0.257,0.272,0.349,0.701,0.283,0.161,0.242,0.15,0.076,0.377,0.239,0.246,0.218,0.229,0.153,0.388,0.288,0.206,0.287,0.176,0.531,0.531,0.304,0.285,0.26,0.114,0.336,0.228,0.21,0.233,0.188,0.161,0.191,0.296,0.315,0.23,0.278,0.212,0.196,0.274,0.277,0.105,0.257,0.207,0.233,0.616,0.194,0.531,0.244,0.289,0.231,0.262,0.148,0.192,0.166,0.196,0.219,0.275,0.214,0.252,0.191,0.273,0.357,0.725,0.458,0.106,0.301,0.097,0.314,0.268,0.216,0.193,0.289,0.162,0.128,0.235,0.197,0.172,0.276,0.15,0.229,0.273,1.0,0.245,0.267,0.347,0.304,0.213,0.524,0.203,0.132,0.429,0.192,0.258,0.276,0.27,0.249,0.224,0.187,0.294,0.095,0.171,0.275,0.186,0.13,0.17,0.342,0.133,0.334,0.218,0.208,0.236,0.226,0.14,0.139,0.315,0.304,0.293,0.134,0.364,0.207,0.66,0.202,0.545,0.145,0.168,0.344,0.164,0.088,0.222,0.188,0.203,0.194,0.276,0.12,0.16,0.334,0.224,0.262,0.294,0.272,0.106,0.202,0.152,0.079,0.315,0.225,0.249,0.181,0.192,0.249,0.216,0.159,0.141,0.242,0.172,0.168,0.142,0.111,0.311,0.217,0.251,0.197,0.272,0.342,0.211,0.233,0.206,0.311,0.209,0.285,0.372,0.249,0.361,0.258,0.24,0.31,0.236,0.238,0.289,0.345,0.242,0.471,0.354,0.332,0.289,0.194,0.086,0.268,0.266,0.153,0.279,0.184,0.123,0.149,0.143,0.25,0.278,0.103,0.184,0.206,0.219,0.326,0.302,0.374,0.295,0.283,0.337,0.205,0.28,0.19,0.198,0.206,0.174,0.12,0.299,0.365,0.247,0.226,0.237,0.154,0.319,0.312
0.127,0.38,0.099,0.203,0.313,0.087,0.164,0.234,0.202,0.11,0.345,0.157,0.167,0.464,0.153,0.686,0.163,0.09,0.178,0.176,0.164,0.148,0.125,0.356,0.106,0.157,0.121,0.183,0.317,0.147,0.174,0.113,0.114,0.216,0.124,0.164,0.201,0.149,0.178,0.382,0.208,0.192,0.188,0.325,0.162,0.217,0.194,0.428,0.315,0.082,0.148,0.16,0.259,0.328,0.203,0.077,0.152,0.108,0.165,0.44,0.112,0.079,0.097,0.435,0.157,0.271,0.079,0.186,0.297,0.474,0.301,0.356,0.264,0.123,0.102,0.246,0.272,0.084,0.198,0.637,0.21,0.28,0.133,0.104,0.083,0.482,0.266,0.264,0.131,0.19,0.275,0.308,0.353,0.217,0.118,0.144,0.38,0.149,0.23,0.171,0.155,0.365,0.218,0.368,0.127,0.165,0.416,0.154,0.13,0.277,0.197,0.755,0.074,0.145,0.256,0.155,0.08,0.111,0.196,0.172,0.161,0.154,0.207,0.165,0.144,0.132,0.149,0.082,0.23,0.165,0.131,0.128,0.198,0.085,0.428,0.271,0.3,0.419,0.117,0.605,1.0,0.189,0.238,0.137,0.144,0.169,0.23,0.216,0.287,0.124,0.158,0.247,0.274,0.175,0.195,0.155,0.09,0.194,0.169,0.178,0.132,0.697,0.237,0.134,0.344,0.175,0.605,0.126,0.139,0.192,0.152,0.233,0.278,0.344,0.333,0.149,0.286,0.44,0.155,0.265,0.266,0.357,0.484,0.82,0.146,0.178,0.109,0.212,0.116,0.353,0.303,0.134,0.202,0.092,0.349,0.09,0.165,0.752,0.115,0.146,0.202,0.245,1.0,0.227,0.153,0.121,0.202,0.19,0.212,0.185,0.21,0.082,0.341,0.3,0.282,0.535,0.209,0.277,0.216,0.11,0.224,0.193,0.251,0.197,0.184,0.373,0.105,0.38,0.318,0.307,0.123,0.136,0.131,0.274,0.805,0.121,0.128,0.169,0.25,0.153,0.531,0.259,0.229,0.381,0.138,0.381,0.23,0.127,0.264,0.249,0.094,0.266,0.139,0.182,0.206,0.38,0.191,0.156,0.233,0.176,0.143,0.117,0.141,0.08,0.252,0.327,0.195,0.133,0.562,0.153,0.198,0.172,0.129,0.364,0.084,0.125,0.094,0.122,0.123,0.108,0.225,0.136,0.155,0.373,0.344,0.138,0.438,0.184,0.148,0.166,0.239,0.139,0.299,0.229,0.12,0.21,0.196,0.306,0.321,0.299,0.18,0.532,0.306,0.188,0.296,0.182,0.094,0.406,0.194,0.163,0.168,0.313,0.173,0.159,0.138,0.211,0.177,0.072,0.18,0.68,0.192,0.225,0.19,0.301,0.243,0.396,0.288,0.244,0.308,0.116,0.161,0.175,0.132,0.134,0.192,0.207,0.13,0.264,0.139,0.099,0.21,0.328
0.292,0.265,0.26,0.377,0.159,0.398,0.152,0.205,0.249,0.344,0.13,0.251,0.243,0.232,0.349,0.191,0.309,0.173,0.185,0.253,0.181,0.392,0.095,0.209,0.347,0.429,0.458,0.274,0.34,0.246,0.507,0.322,0.34,0.437,0.159,0.349,0.482,0.335,0.345,0.291,0.244,0.212,0.365,0.148,0.178,0.299,0.267,0.323,0.15,0.333,0.319,0.203,0.229,0.206,0.232,0.253,0.282,0.314,0.211,0.195,0.238,0.351,0.371,0.24,0.372,0.362,0.132,0.159,0.333,0.203,0.159,0.209,0.321,0.272,0.26,0.306,0.159,0.254,0.308,0.304,0.108,0.211,1.0,0.325,0.235,0.231,0.18,0.495,0.28,0.252,0.145,0.595,0.363,0.208,0.254,0.251,0.265,0.197,0.196,0.456,0.264,0.17,0.207,0.264,0.457,0.178,0.192,0.379,0.254,0.225,0.232,0.227,0.437,0.252,0.155,0.356,0.258,0.144,0.409,0.444,0.35,0.282,0.199,0.433,0.259,0.334,0.197,0.099,0.363,0.274,0.44,0.237,0.322,0.172,0.323,0.204,0.184,0.193,0.199,0.432,0.432,0.326,0.196,0.324,0.259,0.241,0.203,0.212,0.363,0.285,0.215,0.164,0.248,0.254,0.217,0.322,0.208,0.326,0.378,0.351,0.383,0.202,0.139,0.281,0.329,0.154,0.432,0.281,0.296,0.259,0.279,0.121,0.141,0.117,0.156,0.279,0.256,0.195,0.284,0.18,0.286,0.337,0.475,0.375,0.246,0.411,0.112,0.592,0.342,0.252,0.327,0.302,0.222,0.199,0.197,0.105,0.15,0.246,0.098,0.253,0.297,0.267,0.227,1.0,0.329,0.337,0.232,0.234,0.208,0.128,0.206,0.229,0.168,0.235,0.266,0.196,0.409,0.301,0.266,0.167,0.239,0.332,0.323,0.109,0.271,0.291,0.112,0.265,0.145,0.206,0.226,0.343,0.34,0.314,0.284,0.412,0.375,0.248,0.224,0.244,0.525,0.178,0.809,0.117,0.153,0.374,0.154,0.101,0.215,0.159,0.285,0.193,0.298,0.316,0.15,0.265,0.605,0.236,0.308,0.229,0.12,0.344,0.167,0.344,0.352,0.282,0.26,1.0,0.18,0.298,0.316,0.122,0.245,0.159,0.105,0.306,0.203,0.221,0.43,0.261,0.216,0.266,0.419,0.291,0.149,0.292,0.207,0.246,0.362,0.348,0.397,0.263,0.304,0.373,0.231,0.381,0.286,0.295,0.359,0.283,0.296,0.375,0.401,0.35,0.271,0.186,0.095,0.207,0.188,0.237,0.384,0.174,0.171,0.217,0.168,0.261,0.2,0.131,0.117,0.196,0.305,0.322,0.294,0.277,0.281,0.204,0.27,0.193,0.252,0.282,0.287,0.115,0.302,0.123,0.336,0.311,0.434,0.233,0.29,0.101,0.37,0.368
0.493,0.63,0.337,0.117,0.171,0.182,0.109,0.35,0.315,0.225,0.099,0.419,0.119,0.106,0.244,0.116,0.271,0.098,0.179,0.266,0.145,0.134,0.121,0.318,0.243,0.189,0.273,0.426,0.417,0.32,0.373,0.146,0.217,0.233,0.135,0.429,0.75,0.227,0.309,0.233,0.229,0.24,0.336,0.111,0.309,0.234,0.232,0.543,0.195,1.0,0.176,0.318,0.136,0.18,0.395,0.337,0.211,0.249,0.257,0.101,0.402,0.25,0.425,0.144,0.315,0.444,0.113,0.34,0.155,0.201,0.158,0.318,0.237,0.278,0.332,0.306,0.178,0.149,0.39,0.411,0.08,0.271,1.0,0.254,0.157,0.196,0.222,0.143,0.356,0.352,0.227,0.265,0.362,0.247,0.344,0.273,0.63,0.205,0.13,0.253,0.261,0.152,0.145,0.131,0.192,0.137,0.111,0.411,0.174,0.311,0.152,0.161,0.527,0.18,0.222,0.264,0.237,0.104,0.34,0.283,0.257,0.343,0.497,0.287,0.345,0.294,0.205,0.453,0.242,0.254,0.402,0.368,0.291,0.123,0.543,0.34,0.335,0.11,0.156,1.0,0.605,0.235,0.174,0.37,0.134,0.336,0.274,0.379,0.214,0.184,0.205,0.227,0.31,0.365,0.19,0.467,0.381,0.162,0.31,0.284,0.142,0.228,0.135,0.347,0.344,0.118,1.0,0.343,0.352,0.389,0.294,0.125,0.085,0.139,0.102,0.292,0.33,0.101,0.365,0.325,0.231,0.341,0.484,0.514,0.143,0.487,0.178,0.285,0.446,0.165,0.19,0.419,0.271,0.222,0.296,0.119,0.172,0.189,0.113,0.19,0.215,0.347,0.153,0.329,1.0,0.42,0.497,0.181,0.117,0.231,0.441,0.193,0.095,0.388,0.232,0.287,0.331,0.161,0.249,0.133,0.115,0.338,0.216,0.157,0.175,0.484,0.153,0.63,0.085,0.185,0.338,0.226,0.118,0.125,0.181,0.435,0.438,0.159,0.25,0.298,0.531,0.359,0.847,0.068,0.205,0.249,0.242,0.115,0.339,0.114,0.319,0.338,0.287,0.12,0.226,0.63,0.223,0.254,0.288,0.329,0.122,0.285,0.252,0.18,0.383,0.2,0.185,1.0,0.111,0.229,0.151,0.116,0.137,0.187,0.075,0.183,0.187,0.182,0.397,0.153,0.303,0.279,0.32,0.484,0.176,0.194,0.182,0.209,0.222,0.397,0.351,0.399,0.181,0.229,0.409,0.51,0.278,0.301,0.376,0.299,0.257,0.88,0.377,0.454,0.341,0.26,0.276,0.269,0.346,0.33,0.36,0.155,0.122,0.306,0.182,0.399,0.168,0.125,0.163,0.122,0.225,0.301,0.34,0.199,0.27,0.261,0.288,0.207,0.16,0.361,0.327,0.097,0.222,0.174,0.449,0.437,0.354,0.129,0.24,0.113,0.421,0.286
0.656,0.38,0.259,0.165,0.114,0.229,0.11,0.211,0.23,0.189,0.086,0.391,0.144,0.108,0.307,0.107,0.248,0.13,0.218,0.278,0.129,0.172,0.146,0.19,0.496,0.226,0.404,0.277,0.332,0.366,0.434,0.158,0.272,0.314,0.149,0.407,0.673,0.244,0.357,0.234,0.235,0.237,0.319,0.093,0.255,0.214,0.234,0.342,0.178,0.509,0.198,0.221,0.146,0.164,0.343,0.262,0.214,0.313,0.181,0.09,0.307,0.24,0.406,0.119,0.328,0.307,0.153,0.257,0.178,0.17,0.132,0.19,0.257,0.24,0.289,0.375,0.137,0.227,0.385,0.301,0.096,0.162,0.611,0.398,0.23,0.148,0.177,0.224,0.364,0.269,0.142,0.297,0.399,0.241,0.312,0.227,0.38,1.0,0.134,0.232,0.261,0.126,0.144,0.135,0.252,0.159,0.09,0.406,0.229,0.247,0.165,0.132,0.459,0.207,0.165,0.295,0.224,0.153,0.31,0.362,0.287,0.372,0.603,0.282,0.258,0.305,1.0,0.131,0.297,0.286,0.455,0.361,0.272,0.244,0.342,0.254,0.197,0.089,0.197,0.258,0.258,0.27,0.161,0.378,0.175,0.414,0.217,0.22,0.214,0.209,0.203,0.181,0.28,0.448,0.211,0.367,0.276,0.213,0.307,0.299,0.157,0.165,0.123,0.297,0.299,0.119,0.258,0.338,0.371,0.284,0.325,0.08,0.083,0.119,0.094,0.354,0.293,0.09,0.316,0.21,0.191,0.281,0.258,0.24,0.168,0.478,0.152,0.297,0.468,0.141,0.159,0.448,0.203,0.269,0.176,0.151,0.137,0.15,0.095,0.218,0.255,0.304,0.121,0.337,0.42,1.0,1.0,0.206,0.159,0.195,0.703,0.285,0.081,0.247,0.203,0.169,0.321,0.195,0.261,0.126,0.124,0.338,0.21,0.168,0.197,0.306,0.136,0.38,0.069,0.168,0.284,0.315,0.178,0.153,0.197,0.538,0.504,0.169,0.266,0.263,0.276,0.24,0.847,0.071,0.189,0.254,0.176,0.099,0.211,0.14,0.351,0.227,0.278,0.142,0.139,0.38,0.271,0.28,0.257,0.261,0.129,0.254,0.218,0.192,0.363,0.192,0.205,0.611,0.103,0.239,0.224,0.129,0.179,0.154,0.104,0.221,0.239,0.143,0.397,0.216,0.255,0.282,0.407,0.306,0.119,0.242,0.185,0.212,0.258,0.311,0.401,0.339,0.197,0.248,0.396,0.346,0.263,0.228,0.291,0.287,0.218,0.225,0.323,0.377,0.275,0.203,0.177,0.184,0.239,0.255,0.368,0.119,0.122,0.226,0.192,0.3,0.194,0.186,0.169,0.109,0.253,0.324,0.366,0.201,0.224,0.244,0.27,0.184,0.184,0.32,0.275,0.096,0.247,0.178,0.469,0.359,0.399,0.132,0.279,0.097,0.438,0.269
0.132,0.162,0.165,0.365,0.198,0.173,0.224,0.409,0.176,0.229,0.147,0.497,0.086,0.172,0.094,0.252,0.203,0.035,0.553,0.251,0.106,0.086,0.069,0.328,0.19,0.115,0.117,0.409,0.342,0.378,0.378,0.043,0.156,0.182,0.093,0.202,0.148,0.064,0.149,0.252,0.147,0.162,0.176,0.263,0.489,0.176,0.169,0.176,0.207,0.328,0.083,0.328,0.188,0.176,0.565,0.304,0.094,0.117,0.224,0.172,0.436,0.409,0.378,0.279,0.271,0.455,0.047,0.343,0.118,0.234,0.162,0.328,0.251,0.106,0.343,0.329,0.162,0.042,0.294,0.252,0.2,0.213,0.051,0.081,0.073,0.213,0.162,0.195,0.309,0.198,0.309,0.195,0.279,0.213,0.565,0.194,0.162,0.048,0.23,0.094,0.179,0.365,0.146,0.251,0.083,0.093,0.213,0.497,0.061,0.38,0.103,0.252,0.036,0.077,0.162,0.162,0.152,0.166,0.127,0.146,0.117,0.322,0.202,0.154,0.497,0.093,0.048,0.064,0.213,0.265,0.343,0.497,0.182,0.058,0.176,0.322,0.565,0.213,0.077,0.202,0.202,0.117,0.176,0.268,0.083,0.342,0.198,0.351,0.198,0.067,0.131,0.472,0.241,0.922,0.234,0.378,0.436,0.184,0.318,0.239,0.06,0.202,0.148,0.343,0.242,0.177,0.202,0.278,0.232,0.565,0.183,0.198,0.299,0.25,0.188,0.317,0.497,0.172,0.565,0.378,0.213,0.238,0.198,0.187,0.118,0.465,0.217,0.195,0.363,0.309,0.309,0.31,0.389,0.178,0.328,0.052,0.139,0.202,0.095,0.085,0.146,0.213,0.202,0.232,0.497,1.0,1.0,0.198,0.234,0.922,0.329,0.068,0.218,0.12,0.19,0.332,0.365,0.094,0.169,0.085,0.127,0.329,0.162,0.207,0.099,0.162,0.163,0.162,0.154,0.176,0.363,0.094,0.11,0.067,0.202,0.328,0.409,0.165,0.329,0.279,0.213,0.565,0.117,0.25,0.133,0.213,0.275,0.069,0.262,0.365,0.267,0.565,0.094,0.086,0.273,0.162,0.191,0.234,0.291,0.565,0.063,0.127,0.302,0.241,0.309,0.176,0.112,0.051,0.201,0.094,0.169,0.105,0.086,0.187,0.034,0.077,0.129,0.141,0.044,0.042,0.256,0.246,0.278,0.162,0.23,0.12,0.163,0.114,0.086,0.299,0.331,0.397,0.279,0.198,0.497,0.376,0.234,0.293,0.309,0.234,0.127,0.165,0.28,0.565,0.315,0.234,0.565,0.258,0.328,0.489,0.365,0.127,0.091,0.057,0.245,0.443,0.148,0.069,0.147,0.252,0.117,0.193,0.364,0.299,0.472,0.364,0.21,0.197,0.5,0.565,0.309,0.149,0.063,0.259,0.436,0.241,0.316,0.218,0.094,0.095,0.259,0.187
0.175,0.252,0.145,0.174,0.145,0.079,0.117,0.137,0.166,0.083,0.121,0.16,0.121,0.126,0.22,0.161,0.158,0.104,0.127,0.244,0.115,0.139,0.097,0.162,0.28,0.327,0.193,0.192,0.24,0.159,0.208,0.12,0.11,0.321,0.131,0.239,0.272,0.191,0.247,0.222,0.164,0.204,0.246,0.209,0.104,0.204,0.243,0.274,0.151,0.051,0.15,0.125,0.175,0.207,0.166,0.102,0.185,0.205,0.169,0.15,0.157,0.059,0.168,0.328,0.221,0.21,0.124,0.121,0.164,0.18,0.138,0.162,0.297,0.131,0.131,0.291,0.134,0.152,0.185,0.341,0.131,0.2,0.17,0.182,0.15,0.194,0.192,0.2,0.27,0.185,0.117,0.194,0.267,0.322,0.119,0.14,0.252,0.224,0.178,0.179,0.177,0.159,0.131,0.306,0.15,0.122,0.207,0.217,0.163,0.179,0.206,0.184,0.358,0.14,0.174,0.211,0.108,0.107,0.217,0.219,0.222,0.232,0.125,0.251,0.118,0.249,0.224,0.047,0.276,0.168,0.211,0.144,0.212,0.125,0.274,0.143,0.141,0.196,0.132,0.484,0.484,0.268,0.308,0.235,0.143,0.158,0.206,0.142,0.179,0.239,0.151,0.141,0.19,0.249,0.206,0.204,0.133,0.148,0.213,0.209,0.096,0.23,0.186,0.218,0.374,0.187,0.484,0.172,0.249,0.159,0.216,0.115,0.136,0.098,0.159,0.156,0.221,0.15,0.176,0.133,0.249,0.355,0.725,0.421,0.091,0.214,0.098,0.196,0.149,0.171,0.151,0.172,0.098,0.113,0.155,0.218,0.165,0.202,0.168,0.262,0.204,0.524,0.19,0.234,0.181,0.206,0.198,1.0,0.188,0.091,0.207,0.174,0.251,0.186,0.215,0.222,0.194,0.134,0.214,0.091,0.137,0.225,0.169,0.089,0.174,0.245,0.148,0.252,0.163,0.205,0.127,0.251,0.125,0.102,0.218,0.211,0.148,0.109,0.317,0.156,0.59,0.167,0.659,0.114,0.122,0.305,0.115,0.076,0.175,0.191,0.126,0.134,0.215,0.133,0.119,0.252,0.201,0.277,0.236,0.157,0.132,0.177,0.094,0.06,0.266,0.176,0.225,0.17,0.155,0.181,0.181,0.156,0.171,0.141,0.196,0.134,0.123,0.108,0.354,0.113,0.142,0.12,0.255,0.245,0.142,0.193,0.16,0.225,0.192,0.2,0.296,0.233,0.382,0.244,0.124,0.206,0.223,0.197,0.241,0.322,0.273,0.428,0.26,0.169,0.22,0.132,0.056,0.173,0.17,0.106,0.19,0.143,0.114,0.283,0.107,0.168,0.234,0.098,0.11,0.168,0.197,0.214,0.208,0.276,0.178,0.169,0.312,0.144,0.246,0.14,0.173,0.177,0.166,0.09,0.216,0.297,0.203,0.215,0.208,0.192,0.246,0.273
0.158,0.232,0.106,0.161,0.17,0.09,0.268,0.134,0.132,0.112,0.133,0.141,0.08,0.199,0.224,0.259,0.195,0.111,0.159,0.16,0.184,0.113,0.065,0.166,0.187,0.145,0.122,0.121,0.312,0.181,0.201,0.073,0.245,0.228,0.087,0.161,0.264,0.175,0.2,0.214,0.134,0.225,0.159,0.199,0.18,0.127,0.263,0.246,0.178,0.043,0.114,0.132,0.486,0.166,0.158,0.069,0.136,0.16,0.351,0.204,0.133,0.059,0.13,0.343,0.234,0.154,0.084,0.16,0.253,0.422,0.155,0.166,0.332,0.106,0.088,0.197,0.145,0.176,0.138,0.45,0.149,0.154,0.245,0.112,0.116,0.198,0.159,0.166,0.138,0.138,0.191,0.19,0.22,0.219,0.081,0.112,0.232,0.066,0.187,0.153,0.112,0.23,0.19,0.305,0.115,0.089,0.237,0.291,0.109,0.217,0.15,0.254,0.107,0.115,0.141,0.131,0.102,0.118,0.192,0.167,0.169,0.163,0.107,0.174,0.12,0.134,0.066,0.034,0.237,0.208,0.143,0.126,0.17,0.08,0.246,0.147,0.177,0.222,0.144,0.299,0.299,0.206,0.215,0.231,0.079,0.13,0.206,0.134,0.195,0.123,0.096,0.178,0.2,0.264,0.42,0.12,0.084,0.32,0.248,0.262,0.111,0.222,0.2,0.114,0.351,0.147,0.299,0.111,0.192,0.246,0.143,0.131,0.218,0.349,0.311,0.131,0.39,0.204,0.338,0.143,0.181,0.18,0.322,0.265,0.078,0.204,0.058,0.188,0.105,0.271,0.227,0.177,0.098,0.087,0.162,0.089,0.162,0.206,0.093,0.253,0.239,0.203,0.212,0.208,0.117,0.159,0.234,0.188,1.0,0.139,0.282,0.096,0.24,0.164,0.19,0.21,0.21,0.239,0.27,0.066,0.143,0.205,0.142,0.123,0.151,0.22,0.147,0.232,0.177,0.177,0.124,0.112,0.094,0.114,0.208,0.135,0.139,0.238,0.348,0.121,0.345,0.138,0.278,0.519,0.144,0.242,0.115,0.062,0.193,0.196,0.092,0.142,0.139,0.085,0.425,0.232,0.178,0.172,0.211,0.168,0.069,0.175,0.14,0.06,0.276,0.263,0.169,0.245,0.243,0.129,0.216,0.125,0.117,0.167,0.105,0.096,0.078,0.096,0.164,0.118,0.169,0.176,0.172,0.22,0.207,0.114,0.204,0.191,0.123,0.174,0.273,0.173,0.246,0.267,0.11,0.174,0.363,0.243,0.221,1.0,0.121,0.253,0.226,0.171,0.25,0.121,0.047,0.172,0.119,0.164,0.188,0.197,0.09,0.076,0.181,0.131,0.214,0.077,0.107,0.262,0.149,0.199,0.185,0.33,0.207,0.195,0.918,0.218,0.247,0.102,0.135,0.178,0.095,0.125,0.189,0.23,0.196,0.227,0.127,0.093,0.233,0.236
0.14,0.279,0.149,0.153,0.384,0.113,0.225,0.441,0.172,0.155,0.106,0.329,0.091,0.112,0.091,0.18,0.14,0.047,0.369,0.14,0.092,0.079,0.086,0.284,0.072,0.093,0.077,0.276,0.197,0.217,0.139,0.064,0.118,0.133,0.163,0.109,0.149,0.098,0.088,0.146,0.143,0.206,0.138,0.141,0.5,0.126,0.105,0.298,0.184,0.357,0.09,0.221,0.106,0.198,0.458,0.221,0.09,0.067,0.117,0.142,0.215,0.258,0.211,0.194,0.146,0.257,0.054,0.324,0.112,0.217,0.416,0.284,0.166,0.092,0.281,0.151,0.325,0.05,0.339,0.27,0.124,0.16,0.082,0.068,0.091,0.214,0.186,0.111,0.099,0.142,0.303,0.121,0.189,0.184,0.193,0.158,0.279,0.085,0.139,0.098,0.094,0.228,0.124,0.178,0.075,0.103,0.155,0.31,0.076,0.251,0.104,0.207,0.05,0.08,0.19,0.091,0.125,0.111,0.102,0.094,0.105,0.184,0.207,0.083,0.347,0.087,0.085,0.069,0.116,0.197,0.194,0.261,0.168,0.057,0.298,0.343,0.311,0.156,0.079,0.207,0.207,0.117,0.146,0.16,0.084,0.206,0.203,0.354,0.178,0.076,0.107,0.452,0.17,0.313,0.13,0.203,0.225,0.132,0.162,0.16,0.069,0.224,0.144,0.218,0.263,0.096,0.207,0.155,0.104,0.278,0.121,0.114,0.214,0.183,0.127,0.094,0.233,0.142,0.306,0.483,0.12,0.172,0.203,0.192,0.1,0.213,0.16,0.107,0.213,0.174,0.186,0.176,0.23,0.101,0.252,0.053,0.104,0.197,0.084,0.078,0.124,0.132,0.185,0.128,0.231,0.195,0.922,0.091,0.139,1.0,0.373,0.055,0.163,0.726,0.275,0.246,0.151,0.115,0.155,0.076,0.102,0.205,0.177,0.465,0.111,0.639,0.128,0.279,0.121,0.205,0.229,0.079,0.085,0.071,0.164,0.154,0.232,0.099,0.227,0.251,0.217,0.414,0.168,0.178,0.14,0.17,0.643,0.082,0.301,0.194,0.231,0.56,0.084,0.1,0.233,0.279,0.09,0.186,0.157,0.324,0.086,0.11,0.26,0.17,0.14,0.17,0.113,0.082,0.156,0.09,0.081,0.102,0.085,0.175,0.044,0.071,0.085,0.111,0.073,0.055,0.35,0.22,0.096,0.639,0.212,0.082,0.166,0.118,0.085,0.19,0.143,0.218,0.148,0.218,0.364,0.216,0.143,0.26,0.181,0.254,0.107,0.173,0.153,0.162,0.228,0.306,0.332,0.307,0.242,0.58,0.194,0.134,0.101,0.096,0.207,0.48,0.109,0.05,0.126,0.186,0.118,0.171,0.223,0.161,0.361,0.259,0.233,0.271,0.274,0.19,0.246,0.127,0.078,0.184,0.178,0.145,0.129,0.141,0.084,0.075,0.131,0.143
0.24,0.144,0.139,0.198,0.207,0.24,0.301,0.336,0.171,0.188,0.158,0.658,0.092,0.116,0.1,0.2,0.355,0.043,0.226,0.227,0.08,0.092,0.066,0.27,0.162,0.189,0.208,0.336,0.282,0.681,0.681,0.052,0.24,0.149,0.089,0.21,0.299,0.07,0.163,0.264,0.336,0.159,0.462,0.196,0.768,0.171,0.416,0.171,0.574,0.27,0.088,0.27,0.409,0.171,1.0,0.255,0.099,0.119,0.301,0.179,0.527,0.336,0.296,0.279,0.486,0.358,0.046,0.574,0.132,0.282,0.159,0.27,0.221,0.273,0.285,1.0,0.159,0.049,0.355,0.154,0.128,0.221,0.059,0.088,0.064,0.221,0.144,0.205,0.234,0.311,0.206,0.26,0.799,0.221,0.445,0.222,0.144,0.057,0.149,0.1,0.19,0.198,0.156,0.207,0.088,0.097,0.221,0.684,0.069,0.333,0.117,0.196,0.042,0.085,0.144,0.173,0.126,0.107,0.117,0.156,0.119,0.793,0.374,0.167,0.392,0.09,0.057,0.05,0.221,0.799,0.285,0.658,0.152,0.051,0.171,0.429,0.445,0.221,0.171,0.21,0.21,0.119,0.171,0.499,0.089,0.682,0.13,0.287,0.171,0.073,0.132,0.204,0.429,1.0,0.282,0.682,0.364,0.114,0.617,0.703,0.068,0.21,0.147,0.285,0.151,0.187,0.21,0.355,0.404,0.924,0.437,0.207,0.169,0.303,0.409,0.342,0.392,0.179,0.445,0.296,0.221,0.467,0.207,0.196,0.103,0.703,0.19,0.26,0.425,0.17,0.17,0.924,0.342,0.232,0.27,0.052,0.153,0.21,0.081,0.09,0.156,0.429,0.21,0.206,0.441,0.703,0.329,0.207,0.282,0.373,1.0,0.074,0.186,0.122,0.2,0.25,0.216,0.098,0.416,0.071,0.141,1.0,0.144,0.574,0.103,0.159,0.139,0.144,0.169,0.171,0.355,0.1,0.079,0.074,0.21,0.487,0.929,0.102,1.0,0.437,0.221,0.445,0.119,0.282,0.227,0.221,0.263,0.069,0.207,0.198,0.748,0.445,0.099,0.092,0.282,0.144,0.137,0.34,0.703,0.445,0.071,0.124,0.674,0.209,0.318,0.171,0.116,0.059,0.196,0.099,0.182,0.108,0.092,0.351,0.043,0.083,0.164,0.121,0.053,0.049,0.355,0.25,0.255,0.159,0.272,0.122,0.447,0.241,0.092,0.169,0.703,0.691,0.279,0.116,0.609,0.294,0.282,0.299,0.234,0.282,0.128,0.178,0.243,0.445,0.467,0.303,0.445,0.318,0.314,0.296,0.486,0.128,0.097,0.066,0.703,0.612,0.147,0.066,0.336,0.2,0.119,0.429,0.929,0.221,0.159,1.0,0.264,0.159,0.221,0.445,0.234,0.103,0.071,0.783,1.0,0.269,0.291,0.138,0.099,0.081,0.783,0.196
0.18,0.271,0.254,0.13,0.074,0.127,0.09,0.094,0.15,0.125,0.061,0.16,0.149,0.095,0.269,0.074,0.177,0.235,0.252,0.238,0.101,0.148,0.209,0.076,0.58,0.161,0.249,0.174,0.23,0.189,0.169,0.206,0.162,0.275,0.145,0.261,0.31,0.203,0.267,0.391,0.244,0.221,0.307,0.054,0.095,0.192,0.291,0.212,0.081,0.079,0.204,0.127,0.086,0.15,0.13,0.173,0.294,0.226,0.186,0.058,0.257,0.099,0.205,0.07,0.166,0.225,0.687,0.088,0.143,0.104,0.093,0.076,0.251,0.191,0.226,0.276,0.097,0.302,0.273,0.089,0.38,0.11,0.175,0.575,0.331,0.085,0.175,0.22,0.235,0.174,0.051,0.173,0.325,0.167,0.195,0.22,0.271,0.166,0.137,0.243,0.261,0.074,0.126,0.09,0.25,0.149,0.053,0.157,0.212,0.159,0.148,0.086,0.371,0.259,0.138,0.258,0.234,0.205,0.303,0.263,0.336,0.206,0.111,0.329,0.146,0.305,0.166,0.072,0.198,0.287,0.372,0.169,0.3,0.752,0.212,0.102,0.067,0.052,0.147,0.135,0.135,0.299,0.113,0.304,0.155,0.185,0.101,0.095,0.158,0.262,0.182,0.074,0.118,0.188,0.177,0.403,0.224,0.177,0.26,0.31,0.128,0.128,0.082,0.161,0.076,0.073,0.135,0.359,0.375,0.122,0.235,0.043,0.045,0.044,0.05,0.229,0.167,0.058,0.17,0.091,0.171,0.296,0.101,0.103,0.145,0.26,0.337,0.17,0.191,0.103,0.098,0.197,0.113,0.392,0.072,0.201,0.124,0.104,0.07,0.289,0.281,0.192,0.082,0.229,0.193,0.285,0.068,0.174,0.096,0.055,0.074,1.0,0.048,0.154,0.265,0.071,0.223,0.155,0.154,0.1,0.104,0.309,0.149,0.081,0.163,0.195,0.087,0.271,0.043,0.146,0.212,0.246,0.191,0.15,0.223,0.267,0.196,0.103,0.145,0.198,0.109,0.125,0.752,0.036,0.117,0.267,0.083,0.129,0.158,0.1,0.203,0.098,0.278,0.15,0.057,0.271,0.174,0.148,0.184,0.228,0.15,0.265,0.091,0.099,0.239,0.143,0.196,0.175,0.069,0.277,0.226,0.113,0.176,0.055,0.073,0.206,0.433,0.113,0.354,0.261,0.127,0.138,0.411,0.195,0.051,0.181,0.137,0.197,0.289,0.232,0.218,0.133,0.21,0.058,0.167,0.208,0.235,0.134,0.254,0.068,0.221,0.114,0.287,0.207,0.148,0.13,0.056,0.068,0.13,0.122,0.279,0.08,0.095,0.188,0.167,0.22,0.212,0.371,0.083,0.075,0.27,0.276,0.275,0.125,0.166,0.078,0.066,0.128,0.117,0.385,0.242,0.075,0.228,0.088,0.231,0.203,0.292,0.107,0.449,0.07,0.281,0.294
0.074,0.246,0.057,0.259,0.252,0.049,0.157,0.173,0.125,0.059,0.192,0.107,0.092,0.185,0.082,0.328,0.095,0.047,0.163,0.158,0.16,0.098,0.079,0.274,0.088,0.108,0.07,0.145,0.176,0.111,0.106,0.057,0.087,0.232,0.073,0.104,0.12,0.084,0.106,0.184,0.116,0.121,0.118,0.234,0.113,0.123,0.147,0.257,0.237,0.044,0.089,0.091,0.228,0.207,0.157,0.043,0.092,0.064,0.134,0.279,0.081,0.044,0.054,0.468,0.159,0.167,0.049,0.157,0.187,0.248,0.191,0.274,0.3,0.061,0.058,0.202,0.176,0.046,0.119,0.323,0.316,0.248,0.07,0.057,0.049,0.374,0.182,0.26,0.088,0.139,0.268,0.152,0.216,0.168,0.06,0.082,0.246,0.071,0.21,0.091,0.111,0.394,0.174,0.629,0.075,0.101,0.432,0.12,0.069,0.208,0.172,0.328,0.046,0.077,0.178,0.11,0.044,0.148,0.082,0.091,0.103,0.144,0.111,0.128,0.089,0.073,0.071,0.036,0.221,0.128,0.082,0.092,0.133,0.046,0.257,0.171,0.238,0.461,0.064,0.416,0.416,0.117,0.144,0.083,0.082,0.096,0.201,0.187,0.179,0.076,0.094,0.2,0.175,0.143,0.183,0.086,0.052,0.174,0.169,0.155,0.07,0.354,0.156,0.087,0.602,0.139,0.416,0.074,0.1,0.168,0.089,0.218,0.433,0.231,0.33,0.082,0.238,0.279,0.139,0.173,0.298,0.215,0.624,0.359,0.078,0.119,0.059,0.149,0.068,0.311,0.25,0.095,0.072,0.054,0.268,0.047,0.216,0.286,0.063,0.1,0.154,0.258,0.341,0.168,0.095,0.081,0.218,0.251,0.24,0.163,0.186,0.048,1.0,0.17,0.203,0.277,0.205,0.117,0.163,0.063,0.21,0.139,0.175,0.121,0.111,0.229,0.054,0.246,0.39,0.262,0.072,0.072,0.089,0.074,0.295,0.076,0.079,0.141,0.326,0.087,0.508,0.179,0.15,0.291,0.08,0.376,0.136,0.07,0.26,0.332,0.063,0.167,0.081,0.101,0.218,0.246,0.122,0.151,0.228,0.208,0.08,0.071,0.112,0.045,0.181,0.204,0.112,0.07,0.369,0.092,0.238,0.102,0.073,0.286,0.04,0.067,0.051,0.071,0.063,0.052,0.143,0.084,0.095,0.229,0.267,0.078,0.248,0.109,0.081,0.163,0.176,0.107,0.492,0.433,0.078,0.15,0.17,0.247,0.237,0.307,0.104,0.356,0.216,0.114,0.23,0.101,0.056,0.296,0.126,0.104,0.14,0.21,0.099,0.081,0.124,0.122,0.113,0.043,0.102,0.361,0.118,0.161,0.149,0.309,0.178,0.223,0.278,0.183,0.247,0.063,0.101,0.212,0.071,0.113,0.119,0.184,0.09,0.468,0.079,0.052,0.143,0.24
0.122,0.334,0.132,0.173,1.0,0.103,0.428,1.0,0.388,0.127,0.173,0.831,0.214,0.118,0.244,0.182,0.204,0.093,0.565,0.206,0.132,0.214,0.141,0.227,0.217,0.214,0.217,0.186,0.227,0.451,0.451,0.122,0.122,0.22,0.451,0.293,0.19,0.142,0.217,0.151,0.231,0.831,0.3,0.173,0.726,0.388,0.184,0.388,0.21,0.077,0.167,0.3,0.173,0.388,0.837,0.094,0.197,0.217,0.168,0.178,0.1,0.088,0.181,0.244,0.178,0.235,0.098,0.365,0.196,0.388,0.837,0.227,0.217,0.158,0.132,0.227,0.831,0.104,1.0,0.143,0.124,0.208,0.127,0.196,0.274,0.208,0.334,0.183,0.235,0.21,0.138,0.3,0.227,0.726,0.14,0.196,0.334,0.139,0.196,0.244,0.181,0.266,0.196,0.186,0.167,0.193,0.208,0.3,0.148,0.198,0.214,0.3,0.072,0.206,0.334,0.181,0.1,0.273,0.197,0.3,0.217,0.276,0.193,0.16,0.449,0.181,0.139,0.076,0.208,0.152,0.217,0.181,0.217,0.119,0.388,0.388,0.173,0.208,0.127,0.227,0.227,0.251,0.388,0.535,0.203,0.247,0.186,0.186,0.388,0.128,0.283,0.837,0.276,0.837,0.132,0.244,0.189,0.196,0.152,0.197,0.157,0.334,0.3,0.283,0.136,0.191,0.227,0.204,0.221,0.209,0.251,0.186,0.162,0.113,0.173,0.196,0.227,0.178,0.132,0.831,0.208,0.3,0.186,0.173,0.2,0.831,0.12,0.196,0.244,0.163,0.244,0.449,0.121,0.141,0.227,0.124,0.139,0.388,0.128,0.173,0.214,0.276,0.3,0.235,0.388,0.247,0.12,0.186,0.164,0.726,0.122,0.154,0.17,1.0,0.831,0.227,0.173,0.196,0.201,0.135,0.142,0.217,0.334,0.837,0.21,0.831,0.128,0.334,0.162,0.388,0.14,0.244,0.133,0.153,0.3,0.276,0.65,0.109,0.3,0.181,0.208,0.334,0.217,0.116,0.21,0.217,1.0,0.15,0.831,0.203,0.126,0.837,0.197,0.214,0.119,0.334,0.235,0.164,0.388,0.138,0.156,0.167,0.112,0.089,0.217,0.388,0.251,0.127,0.173,0.197,0.184,0.227,0.214,0.185,0.104,0.181,0.12,0.142,0.117,0.131,0.831,0.196,0.183,0.831,0.183,0.276,0.266,0.251,0.214,0.21,0.3,0.3,0.244,0.094,1.0,0.327,0.197,0.179,0.208,0.116,0.3,0.201,0.227,0.173,0.21,1.0,0.102,0.244,0.334,0.726,0.534,0.3,0.231,0.149,0.099,1.0,0.3,0.141,0.231,0.182,0.231,0.276,0.196,0.251,1.0,0.227,0.119,0.831,0.3,0.138,0.197,0.201,0.168,0.098,0.837,0.251,0.217,0.174,0.197,0.112,0.227,0.217
0.157,0.383,0.292,0.205,0.432,0.121,0.219,0.365,0.22,0.137,0.167,0.274,0.206,0.166,0.349,0.2,0.23,0.27,0.257,0.298,0.194,0.193,0.162,0.202,0.212,0.196,0.242,0.36,0.305,0.189,0.196,0.224,0.143,0.357,0.294,0.291,0.308,0.181,0.257,0.282,0.377,0.384,0.381,0.19,0.265,0.288,0.386,0.469,0.2,0.098,0.305,0.238,0.189,0.325,0.309,0.176,0.44,0.225,0.379,0.18,0.388,0.092,0.197,0.272,0.159,0.37,0.214,0.226,0.218,0.275,0.554,0.202,0.412,0.323,0.267,0.318,0.456,0.228,0.436,0.221,0.131,0.217,0.165,0.24,0.292,0.227,0.314,0.316,0.21,0.233,0.15,0.219,0.319,0.29,0.249,0.288,0.383,0.187,0.213,0.315,0.231,0.258,0.236,0.243,0.273,0.189,0.237,0.191,0.317,0.225,0.246,0.265,0.392,0.299,0.256,0.356,0.25,0.174,0.367,0.277,0.473,0.285,0.246,0.283,0.281,0.339,0.187,0.102,0.278,0.45,0.377,0.195,0.473,0.175,0.469,0.271,0.172,0.24,0.2,0.319,0.319,0.439,0.252,0.392,0.153,0.252,0.245,0.197,0.295,0.392,0.236,0.354,0.231,0.278,0.251,0.354,0.381,0.215,0.349,0.453,0.174,0.296,0.229,0.177,0.23,0.293,0.319,0.258,0.252,0.192,0.276,0.177,0.194,0.133,0.194,0.185,0.191,0.18,0.218,0.449,0.369,0.325,0.324,0.29,0.158,0.338,0.117,0.198,0.173,0.229,0.226,0.224,0.139,0.13,0.197,0.126,0.19,0.31,0.143,0.27,0.375,0.27,0.282,0.266,0.232,0.203,0.19,0.215,0.19,0.275,0.2,0.265,0.203,0.831,1.0,0.208,0.28,0.245,0.249,0.161,0.187,0.425,0.24,0.321,0.271,1.0,0.105,0.383,0.188,0.311,0.258,0.229,0.212,0.165,0.387,0.231,0.197,0.142,0.282,0.315,0.357,0.247,0.756,0.142,0.17,0.572,0.419,0.152,0.342,0.229,0.166,0.491,0.373,0.219,0.133,0.383,0.208,0.227,0.256,0.276,0.169,0.296,0.15,0.092,0.3,0.294,0.328,0.165,0.189,0.431,0.175,0.177,0.184,0.206,0.105,0.238,0.165,0.167,0.323,0.328,0.377,0.185,0.287,1.0,0.172,0.187,0.219,0.304,0.386,0.316,0.292,0.168,0.335,0.164,0.22,0.353,0.324,0.262,0.382,0.199,0.282,0.278,0.39,0.264,0.305,0.341,0.09,0.228,0.246,0.323,0.242,0.233,0.206,0.195,0.148,0.517,0.299,0.115,0.18,0.202,0.411,0.433,0.381,0.227,0.417,0.197,0.192,0.407,0.283,0.291,0.386,0.181,0.23,0.124,0.269,0.274,0.284,0.214,0.376,0.137,0.286,0.54
0.178,0.253,0.132,0.152,0.226,0.114,0.144,0.327,0.172,0.16,0.14,0.259,0.12,0.288,0.135,0.447,0.157,0.068,0.165,0.206,0.135,0.112,0.099,0.454,0.101,0.13,0.098,0.306,0.368,0.186,0.181,0.089,0.134,0.256,0.098,0.155,0.166,0.126,0.156,0.275,0.166,0.168,0.153,0.406,0.295,0.151,0.185,0.311,0.271,0.494,0.114,0.241,0.226,0.224,0.319,0.232,0.112,0.096,0.144,0.281,0.221,0.237,0.259,0.513,0.193,0.291,0.067,0.29,0.176,0.306,0.209,0.454,0.251,0.124,0.233,0.298,0.2,0.115,0.236,0.637,0.156,0.278,0.112,0.088,0.077,0.425,0.199,0.195,0.176,0.176,0.304,0.169,0.389,0.25,0.202,0.174,0.253,0.12,0.192,0.129,0.131,0.284,0.158,0.306,0.099,0.126,0.357,0.305,0.103,0.348,0.167,0.454,0.068,0.108,0.2,0.123,0.106,0.086,0.133,0.118,0.128,0.214,0.275,0.14,0.308,0.11,0.12,0.083,0.21,0.163,0.182,0.237,0.191,0.072,0.311,0.347,0.398,0.322,0.098,0.605,1.0,0.197,0.243,0.139,0.106,0.207,0.23,0.325,0.197,0.097,0.13,0.255,0.278,0.241,0.219,0.252,0.225,0.148,0.187,0.157,0.095,0.527,0.282,0.265,0.344,0.168,0.605,0.174,0.143,0.315,0.162,0.165,0.224,0.306,0.257,0.109,0.338,0.281,0.341,0.457,0.209,0.33,0.484,0.82,0.124,0.216,0.148,0.163,0.232,0.297,0.224,0.144,0.23,0.109,0.405,0.134,0.189,0.474,0.152,0.23,0.159,0.249,0.535,0.196,0.287,0.169,0.332,0.222,0.21,0.246,0.25,0.071,0.277,0.227,0.208,1.0,0.21,0.138,0.246,0.093,0.167,0.181,0.187,0.165,0.137,0.281,0.25,0.253,0.248,0.22,0.225,0.107,0.102,0.093,0.431,0.169,0.241,0.137,0.282,0.299,0.531,0.385,0.191,0.297,0.14,0.313,0.27,0.105,0.255,0.183,0.231,0.366,0.116,0.128,0.253,0.253,0.145,0.29,0.187,0.318,0.11,0.129,0.321,0.175,0.228,0.242,0.201,0.112,0.458,0.116,0.182,0.183,0.121,0.327,0.136,0.094,0.094,0.125,0.104,0.081,0.232,0.248,0.136,0.281,0.292,0.106,0.375,0.2,0.112,0.189,0.249,0.257,0.241,0.229,0.287,0.297,0.204,0.355,0.344,0.299,0.132,0.532,0.296,0.179,0.284,0.168,0.296,0.405,0.267,0.308,0.192,0.25,0.126,0.129,0.151,0.421,0.232,0.078,0.15,0.475,0.141,0.199,0.189,0.303,0.175,0.384,0.288,0.184,0.31,0.194,0.312,0.232,0.105,0.142,0.199,0.244,0.129,0.317,0.108,0.165,0.199,0.269
0.263,0.383,0.207,0.344,0.15,0.24,0.169,0.19,0.199,0.137,0.11,0.223,0.173,0.164,0.255,0.225,0.171,0.102,0.21,0.331,0.297,0.238,0.282,0.304,0.346,0.25,0.353,0.292,0.362,0.41,0.353,0.18,0.318,0.342,0.176,0.295,0.295,0.179,0.272,0.278,0.188,0.205,0.321,0.206,0.158,0.227,0.245,0.253,0.32,0.293,0.178,0.158,0.186,0.199,0.201,0.169,0.221,0.231,0.237,0.149,0.211,0.201,0.277,0.23,0.288,0.352,0.151,0.267,0.178,0.229,0.14,0.304,0.276,0.277,0.199,0.304,0.145,0.162,0.252,0.402,0.226,0.266,0.156,0.314,0.146,0.239,0.196,0.261,0.24,0.254,0.276,0.325,0.343,0.29,0.177,0.166,0.383,0.187,0.199,0.198,0.304,0.394,0.177,0.26,0.236,0.2,0.177,0.313,0.169,0.339,0.199,0.256,0.202,0.192,0.281,0.246,0.137,0.226,0.243,0.288,0.264,0.304,0.303,0.243,0.188,0.307,0.187,0.122,0.296,0.224,0.307,0.233,0.256,0.17,0.253,0.197,0.309,0.176,0.121,0.754,0.47,0.239,0.155,0.27,0.235,0.216,0.319,0.208,0.225,0.181,0.182,0.229,0.318,0.245,0.213,0.279,0.172,0.214,0.21,0.286,0.147,0.264,0.127,0.215,0.689,0.145,0.754,0.21,0.297,0.308,0.221,0.124,0.268,0.17,0.18,0.213,0.291,0.149,0.301,0.154,0.279,0.366,0.385,0.515,0.144,0.322,0.142,0.38,0.283,0.38,0.277,0.258,0.162,0.313,0.272,0.14,0.166,0.213,0.088,0.205,0.268,0.224,0.209,0.409,0.331,0.321,0.365,0.194,0.21,0.151,0.216,0.223,0.205,0.173,0.28,0.21,1.0,0.16,0.234,0.156,0.142,0.305,0.258,0.099,0.205,0.228,0.088,0.383,0.129,0.24,0.165,0.224,0.179,0.159,0.228,0.375,0.308,0.303,0.221,0.2,0.421,0.199,0.727,0.176,0.177,0.307,0.157,0.096,0.361,0.272,0.208,0.164,0.231,0.193,0.195,0.383,0.325,0.209,0.264,0.213,0.182,0.196,0.125,0.194,0.411,0.246,0.179,0.156,0.252,0.219,0.224,0.136,0.207,0.225,0.079,0.187,0.284,0.143,0.364,0.148,0.152,0.169,0.393,0.228,0.229,0.21,0.269,0.162,0.249,0.363,0.299,0.239,0.272,0.502,0.206,0.439,0.267,0.372,0.303,0.412,0.207,0.63,0.375,0.246,0.427,0.199,0.093,0.235,0.219,0.168,0.331,0.323,0.135,0.292,0.172,0.214,0.152,0.262,0.114,0.257,0.242,0.274,0.259,0.264,0.229,0.247,0.371,0.235,0.183,0.222,0.22,0.139,0.241,0.106,0.368,0.363,0.318,0.208,0.342,0.09,0.399,0.456
0.23,0.207,0.231,0.112,0.181,0.182,0.193,0.136,0.175,0.253,0.175,0.193,0.127,0.31,0.169,0.207,0.249,0.283,0.174,0.191,0.232,0.118,0.092,0.131,0.18,0.223,0.188,0.149,0.197,0.168,0.269,0.153,0.269,0.237,0.178,0.224,0.38,0.26,0.204,0.219,0.277,0.24,0.228,0.112,0.172,0.238,0.212,0.263,0.136,0.058,0.205,0.226,0.128,0.236,0.148,0.119,0.267,0.287,0.183,0.19,0.165,0.125,0.125,0.15,0.205,0.27,0.149,0.116,0.479,0.272,0.222,0.131,0.232,0.211,0.149,0.175,0.198,0.202,0.185,0.198,0.085,0.114,0.376,0.176,0.224,0.163,0.23,0.173,0.182,0.209,0.095,0.331,0.204,0.147,0.139,0.193,0.207,0.107,0.118,0.275,0.142,0.165,0.244,0.237,0.202,0.128,0.14,0.143,0.209,0.119,0.163,0.251,0.146,0.217,0.18,0.204,0.212,0.172,0.261,0.308,0.291,0.144,0.144,0.21,0.223,0.223,0.107,0.054,0.295,0.277,0.231,0.141,0.321,0.137,0.263,0.26,0.101,0.14,0.45,0.17,0.17,0.283,0.163,0.256,0.117,0.202,0.136,0.14,0.363,0.241,0.127,0.139,0.188,0.168,0.124,0.187,0.155,0.598,0.265,0.28,0.259,0.198,0.18,0.104,0.105,0.131,0.17,0.175,0.209,0.168,0.199,0.102,0.115,0.092,0.123,0.234,0.171,0.19,0.117,0.194,0.181,0.174,0.136,0.133,0.121,0.278,0.088,0.313,0.176,0.211,0.281,0.231,0.263,0.135,0.126,0.093,0.128,0.272,0.106,0.19,0.332,0.187,0.277,0.301,0.161,0.195,0.094,0.134,0.239,0.115,0.098,0.155,0.117,0.196,0.245,0.138,0.16,1.0,0.449,0.103,0.224,0.29,0.182,0.144,0.294,0.241,0.116,0.207,0.117,0.207,0.349,0.211,0.154,0.348,0.315,0.175,0.175,0.289,0.172,0.227,0.147,0.171,0.392,0.091,0.217,0.271,0.166,0.101,0.143,0.137,0.099,0.19,0.287,0.14,0.082,0.207,0.203,0.148,0.193,0.216,0.112,0.217,0.203,0.125,0.257,0.267,0.218,0.376,0.175,0.237,0.334,0.132,0.162,0.138,0.169,0.171,0.147,0.19,0.258,0.252,0.367,0.498,0.191,0.241,0.111,0.169,0.174,0.258,0.216,0.254,0.221,0.147,0.218,0.078,0.116,0.224,0.174,0.239,0.264,0.092,0.177,0.149,0.256,0.253,0.164,0.17,0.072,0.135,0.149,0.199,0.19,0.169,0.14,0.115,0.146,0.211,0.184,0.11,0.18,0.191,0.254,0.285,0.302,0.174,0.332,0.128,0.093,0.242,0.229,0.181,0.275,0.132,0.172,0.129,0.192,0.186,0.264,0.296,0.216,0.106,0.256,0.284
0.251,0.275,0.277,0.136,0.203,0.196,0.259,0.221,0.195,0.185,0.133,0.363,0.12,0.176,0.179,0.183,0.283,0.168,0.177,0.231,0.295,0.122,0.086,0.208,0.189,0.209,0.193,0.229,0.304,0.331,0.315,0.125,0.276,0.304,0.141,0.28,0.389,0.276,0.213,0.221,0.27,0.268,0.262,0.205,0.23,0.215,0.306,0.281,0.262,0.166,0.177,0.237,0.245,0.224,0.275,0.181,0.217,0.279,0.228,0.151,0.194,0.129,0.203,0.302,0.307,0.279,0.114,0.334,0.304,0.286,0.207,0.208,0.27,0.317,0.211,0.306,0.196,0.235,0.259,0.204,0.097,0.175,0.376,0.176,0.181,0.244,0.224,0.192,0.218,0.283,0.159,0.289,0.28,0.249,0.171,0.189,0.275,0.109,0.144,0.238,0.167,0.207,0.201,0.247,0.181,0.121,0.197,0.312,0.172,0.236,0.213,0.2,0.16,0.183,0.191,0.208,0.16,0.145,0.236,0.267,0.251,0.252,0.397,0.221,0.208,0.217,0.109,0.061,0.312,0.266,0.246,0.317,0.25,0.12,0.281,0.328,0.18,0.191,0.297,0.31,0.31,0.334,0.278,0.264,0.115,0.375,0.191,0.226,0.276,0.187,0.147,0.291,0.324,0.268,0.216,0.237,0.186,0.386,0.261,0.261,0.189,0.219,0.3,0.17,0.211,0.18,0.31,0.214,0.277,0.263,0.27,0.146,0.154,0.201,0.269,0.26,0.247,0.151,0.25,0.204,0.287,0.234,0.315,0.279,0.124,0.328,0.168,0.312,0.272,0.213,0.234,0.32,0.184,0.145,0.178,0.173,0.201,0.228,0.164,0.25,0.262,0.294,0.216,0.266,0.249,0.261,0.169,0.214,0.27,0.155,0.416,0.154,0.163,0.201,0.249,0.246,0.234,0.449,1.0,0.101,0.189,0.417,0.191,0.207,0.236,0.248,0.223,0.275,0.148,0.215,0.309,0.2,0.135,0.182,0.246,0.25,0.243,0.329,0.366,0.26,0.352,0.202,0.399,0.184,0.412,0.297,0.227,0.094,0.219,0.161,0.213,0.205,0.256,0.126,0.212,0.275,0.181,0.27,0.229,0.207,0.098,0.208,0.212,0.119,0.37,0.245,0.298,0.376,0.184,0.204,0.297,0.322,0.203,0.295,0.209,0.159,0.134,0.158,0.258,0.178,0.337,0.372,0.214,0.248,0.186,0.176,0.227,0.335,0.198,0.338,0.326,0.268,0.256,0.146,0.211,0.292,0.228,0.306,0.268,0.389,0.181,0.263,0.271,0.219,0.304,0.257,0.1,0.358,0.222,0.193,0.246,0.18,0.132,0.117,0.199,0.251,0.286,0.136,0.23,0.184,0.222,0.312,0.322,0.313,0.264,0.319,0.374,0.305,0.397,0.176,0.23,0.421,0.158,0.216,0.274,0.38,0.257,0.243,0.201,0.139,0.323,0.315
0.096,0.329,0.085,0.176,0.1,0.126,0.06,0.131,0.15,0.183,0.088,0.102,0.167,0.068,0.142,0.076,0.116,0.052,0.1,0.137,0.077,0.195,0.175,0.108,0.129,0.177,0.186,0.227,0.147,0.14,0.143,0.179,0.094,0.173,0.104,0.162,0.151,0.318,0.19,0.165,0.099,0.12,0.19,0.065,0.09,0.279,0.093,0.183,0.082,0.12,0.288,0.133,0.123,0.137,0.11,0.127,0.089,0.15,0.099,0.071,0.088,0.137,0.165,0.087,0.153,0.109,0.089,0.097,0.093,0.171,0.127,0.108,0.191,0.148,0.102,0.107,0.176,0.236,0.147,0.081,0.092,0.163,0.101,0.191,0.098,0.093,0.231,0.11,0.179,0.242,0.073,0.138,0.179,0.098,0.31,0.171,0.329,0.069,0.198,0.192,0.41,0.096,0.179,0.075,0.236,0.173,0.074,0.118,0.349,0.123,0.196,0.105,0.059,0.153,0.268,0.281,0.134,0.211,0.17,0.228,0.162,0.178,0.099,0.13,0.353,0.169,0.069,0.197,0.143,0.085,0.131,0.084,0.17,0.114,0.183,0.138,0.129,0.073,0.07,0.12,0.12,0.265,0.184,0.142,0.105,0.095,0.089,0.089,0.195,0.076,0.668,0.093,0.099,0.09,0.064,0.109,0.086,0.167,0.164,0.091,0.132,0.233,0.107,0.294,0.069,0.133,0.12,0.16,0.126,0.092,0.252,0.057,0.06,0.055,0.065,0.333,0.103,0.071,0.096,0.127,0.261,0.107,0.089,0.092,0.242,0.182,0.118,0.123,0.175,0.077,0.089,0.17,0.112,0.277,0.129,0.081,0.239,0.13,0.131,0.126,0.17,0.095,0.11,0.167,0.133,0.126,0.085,0.091,0.066,0.076,0.071,0.1,0.063,0.135,0.161,0.093,0.156,0.103,0.101,1.0,0.178,0.109,0.236,0.08,0.284,0.171,0.082,0.329,0.059,0.245,0.089,0.248,0.222,0.138,0.107,0.122,0.109,0.152,0.1,0.085,0.095,0.237,0.157,0.046,0.123,0.135,0.116,0.101,0.178,0.076,0.113,0.134,0.221,0.163,0.104,0.329,0.211,0.21,0.201,0.088,0.092,0.103,0.077,0.138,0.128,0.227,0.284,0.101,0.067,0.234,0.117,0.101,0.142,0.073,0.079,0.451,0.153,0.229,0.102,0.196,0.12,0.106,0.211,0.171,0.064,0.172,0.09,0.147,0.17,0.122,0.132,0.17,0.089,0.053,0.092,0.147,0.239,0.16,0.091,0.062,0.194,0.101,0.148,0.119,0.148,0.148,0.095,0.089,0.282,0.095,0.16,0.096,0.23,0.077,0.057,0.11,0.143,0.258,0.116,0.076,0.175,0.117,0.117,0.092,0.123,0.079,0.06,0.114,0.161,0.301,0.097,0.096,0.128,0.108,0.172,0.131,0.169,0.078,0.2,0.158,0.146,0.108
0.171,0.156,0.127,0.15,0.176,0.173,0.136,0.121,0.123,0.124,0.117,0.107,0.119,0.16,0.199,0.194,0.165,0.108,0.142,0.125,0.151,0.144,0.068,0.161,0.131,0.148,0.148,0.127,0.175,0.112,0.161,0.123,0.132,0.349,0.114,0.148,0.291,1.0,0.258,0.173,0.172,0.152,0.172,0.141,0.099,0.141,0.153,0.194,0.154,0.042,0.214,0.113,0.178,0.173,0.133,0.103,0.168,0.163,0.127,0.181,0.116,0.144,0.095,0.256,0.171,0.166,0.071,0.103,0.202,0.177,0.164,0.161,0.368,0.159,0.099,0.171,0.147,0.172,0.138,0.216,0.16,0.18,0.165,0.219,0.123,0.228,0.164,0.226,0.154,0.15,0.136,0.194,0.202,0.113,0.154,0.355,0.156,0.073,0.574,0.174,0.141,0.185,0.482,0.237,0.236,0.197,0.35,0.124,0.145,0.131,0.179,0.195,0.113,0.142,0.136,0.189,0.145,0.094,0.172,0.218,0.19,0.118,0.103,0.216,0.149,0.16,0.073,0.036,0.246,0.181,0.171,0.098,0.207,0.082,0.194,0.137,0.144,0.347,0.138,0.288,0.288,0.183,0.131,0.167,0.109,0.116,0.142,0.142,0.201,0.16,0.172,0.129,0.14,0.126,0.137,0.125,0.102,0.214,0.188,0.173,0.186,0.222,0.136,0.093,0.32,0.108,0.288,0.134,0.142,0.134,0.239,0.129,0.207,0.128,0.19,0.141,0.143,0.181,0.105,0.144,0.211,0.17,0.309,0.256,0.179,0.166,0.226,0.201,0.1,0.197,0.175,0.152,0.119,0.1,0.157,0.064,0.113,0.197,0.074,0.128,0.174,0.171,0.224,0.239,0.115,0.124,0.127,0.137,0.143,0.102,0.141,0.104,0.21,0.142,0.187,0.167,0.142,0.224,0.189,0.178,1.0,0.205,0.162,0.111,0.218,0.18,0.065,0.156,0.253,0.159,0.116,0.215,0.15,0.238,0.206,0.126,0.111,0.183,0.158,0.138,0.331,0.128,0.306,0.162,0.111,0.288,0.12,0.072,0.207,0.138,0.082,0.14,0.161,0.13,0.121,0.156,0.18,0.137,0.199,0.126,0.08,0.143,0.106,0.144,0.197,0.172,0.19,0.165,0.183,0.178,0.203,0.096,0.16,0.178,0.073,0.153,0.095,0.516,0.146,0.153,0.143,0.142,0.158,0.18,0.167,0.211,0.163,0.16,0.156,0.172,0.162,0.128,0.196,0.154,0.075,0.154,0.162,0.203,0.19,0.198,0.153,0.243,0.19,0.131,0.258,0.11,0.053,0.168,0.11,0.121,0.18,0.176,0.211,0.081,0.113,0.14,0.116,0.067,0.11,0.195,0.227,0.195,0.176,0.303,0.185,0.149,0.181,0.135,0.57,0.275,0.169,0.113,0.119,0.106,0.176,0.174,0.173,0.183,0.142,0.072,0.16,0.232
0.272,0.218,0.504,0.219,0.184,0.206,0.234,0.223,0.196,0.188,0.13,0.483,0.202,0.198,0.342,0.17,0.321,0.327,0.207,0.364,0.322,0.196,0.162,0.2,0.277,0.219,0.309,0.358,0.435,0.274,0.267,0.276,0.225,0.419,0.364,0.381,0.422,0.306,0.312,0.325,0.515,0.264,0.559,0.137,0.314,0.288,0.473,0.28,0.316,0.27,0.353,0.273,0.219,0.269,0.488,0.294,0.511,0.303,0.355,0.134,0.458,0.204,0.309,0.188,0.223,0.378,0.201,0.323,0.253,0.22,0.2,0.2,0.426,0.484,0.349,0.433,0.184,0.245,0.354,0.154,0.101,0.194,0.279,0.298,0.341,0.178,0.268,0.302,0.272,0.34,0.144,0.257,0.459,0.199,0.312,0.305,0.218,0.272,0.201,0.385,0.254,0.185,0.239,0.193,0.341,0.194,0.161,0.345,0.346,0.257,0.233,0.182,0.384,0.33,0.179,0.387,0.257,0.149,0.441,0.322,0.51,0.378,0.374,0.349,0.308,0.492,0.272,0.072,0.307,0.65,0.475,0.497,0.552,0.189,0.28,0.285,0.227,0.159,0.344,0.21,0.21,0.488,0.18,0.45,0.147,0.459,0.161,0.22,0.253,0.422,0.233,0.22,0.371,0.356,0.301,0.517,0.387,0.249,0.457,0.588,0.22,0.193,0.173,0.235,0.151,0.145,0.21,0.382,0.369,0.36,0.355,0.122,0.13,0.187,0.245,0.242,0.214,0.134,0.329,0.24,0.375,0.285,0.207,0.196,0.135,0.434,0.216,0.312,0.294,0.209,0.196,0.457,0.254,0.181,0.178,0.13,0.179,0.207,0.116,0.3,0.369,0.275,0.193,0.332,0.338,0.338,0.329,0.225,0.205,0.205,1.0,0.309,0.139,0.217,0.425,0.181,0.305,0.29,0.417,0.109,0.205,1.0,0.17,0.296,0.288,0.259,0.115,0.218,0.127,0.244,0.379,0.272,0.262,0.22,0.332,0.355,0.321,0.267,0.506,0.547,0.221,0.272,1.0,0.173,0.33,0.479,0.198,0.167,0.189,0.193,0.329,0.275,0.402,0.241,0.176,0.218,0.234,0.323,0.3,0.365,0.19,0.389,0.38,0.161,0.454,0.218,0.387,0.279,0.149,0.442,0.187,0.193,0.228,0.206,0.117,0.296,0.255,0.184,0.594,0.299,0.254,0.267,0.399,0.259,0.186,0.261,0.264,0.318,0.452,0.449,0.33,0.258,0.315,0.116,0.32,0.357,0.357,0.275,0.408,0.282,0.336,0.178,0.399,0.293,0.341,0.241,0.201,0.208,0.225,0.248,0.275,0.157,0.133,0.29,0.429,0.475,0.237,0.138,0.21,0.167,0.451,0.541,0.562,0.188,0.303,0.496,0.264,0.274,0.233,0.35,0.525,0.158,0.35,0.367,0.339,0.385,0.385,0.214,0.441,0.116,0.421,0.549
0.129,1.0,0.121,0.228,0.243,0.568,0.136,0.252,0.249,0.19,0.168,0.174,0.239,0.116,0.261,0.137,0.191,0.096,0.142,0.217,0.116,0.224,0.281,0.257,0.2,0.212,0.395,0.212,0.178,0.195,0.249,0.288,0.236,0.323,0.12,0.16,0.199,0.168,0.204,0.195,0.226,0.216,0.18,0.163,0.167,0.256,0.195,0.467,0.173,0.224,0.156,0.214,0.229,0.318,0.193,0.181,0.151,0.179,0.21,0.131,0.146,0.508,0.268,0.22,0.244,0.191,0.147,0.217,0.153,0.257,0.284,0.257,0.202,0.182,0.146,0.169,0.29,0.196,0.268,0.157,0.134,0.262,0.15,0.202,0.142,0.214,0.555,0.447,0.166,0.252,0.137,0.302,0.224,0.207,0.177,0.16,1.0,0.186,0.163,0.2,0.253,0.224,0.197,0.196,0.294,0.274,0.205,0.246,0.218,0.253,0.191,0.233,0.093,0.186,0.561,0.186,0.204,0.141,0.172,0.243,0.248,0.203,0.234,0.159,0.211,0.203,0.186,0.275,0.249,0.133,0.338,0.157,0.318,0.17,0.467,0.3,0.209,0.213,0.125,0.253,0.253,0.205,0.261,0.195,0.492,0.181,0.252,0.194,0.278,0.133,0.229,0.253,0.224,0.157,0.114,0.195,0.147,0.233,0.139,0.133,0.266,0.577,0.198,0.218,0.181,0.173,0.253,0.233,0.194,0.153,0.178,0.134,0.178,0.097,0.16,0.208,0.191,0.131,0.196,0.254,0.21,0.209,0.252,0.202,0.253,0.247,0.172,0.25,0.215,0.148,0.208,0.184,0.19,0.217,0.223,0.142,0.219,0.286,0.146,0.16,0.228,0.186,0.251,0.323,0.216,0.21,0.162,0.169,0.142,0.177,0.144,0.149,0.175,0.334,0.24,0.187,0.258,0.182,0.191,0.236,0.162,0.17,1.0,0.185,0.191,0.383,0.191,1.0,0.178,0.301,0.164,0.209,0.252,0.277,0.238,0.288,0.232,0.137,0.177,0.16,0.296,0.581,0.204,0.11,0.142,0.233,0.286,0.168,0.245,0.186,0.174,0.281,0.176,0.244,0.177,1.0,0.238,0.155,0.253,0.179,0.246,0.154,0.118,0.51,0.175,0.338,0.209,0.15,0.133,0.159,0.192,0.165,0.236,0.17,0.151,0.201,0.22,0.23,0.147,0.167,0.206,0.156,0.247,0.383,0.13,0.226,0.163,0.212,0.211,0.184,0.239,0.21,0.197,0.113,0.162,0.174,0.178,0.221,0.188,0.147,0.24,0.247,0.186,0.172,0.167,0.217,0.214,0.225,0.406,0.199,0.24,0.2,0.27,0.185,0.096,0.238,0.202,0.169,0.196,0.139,0.235,0.229,0.248,0.19,0.239,0.155,0.163,0.243,0.252,0.175,0.178,0.128,0.294,0.14,0.198,0.192,0.246,0.173,0.207,0.172,0.175,0.194
0.166,0.301,0.104,0.117,0.489,0.102,0.268,0.387,0.15,0.103,0.112,0.463,0.124,0.088,0.119,0.127,0.163,0.07,0.299,0.12,0.11,0.098,0.111,0.176,0.079,0.108,0.099,0.157,0.142,0.225,0.158,0.086,0.126,0.134,0.229,0.112,0.208,0.116,0.098,0.114,0.192,0.255,0.184,0.114,0.465,0.146,0.139,0.334,0.499,0.176,0.117,0.167,0.146,0.243,0.544,0.119,0.117,0.084,0.117,0.121,0.189,0.14,0.127,0.164,0.115,0.162,0.088,0.416,0.118,0.197,0.559,0.176,0.141,0.111,0.151,0.215,0.41,0.064,0.344,0.116,0.088,0.124,0.1,0.084,0.12,0.176,0.199,0.112,0.091,0.135,0.144,0.133,0.217,0.194,0.138,0.138,0.301,0.114,0.119,0.124,0.099,0.178,0.139,0.13,0.097,0.137,0.148,0.171,0.097,0.19,0.123,0.175,0.062,0.1,0.198,0.099,0.079,0.105,0.112,0.108,0.126,0.178,0.243,0.093,0.267,0.111,0.114,0.058,0.113,0.282,0.127,0.45,0.164,0.083,0.334,0.267,0.196,0.149,0.107,0.191,0.191,0.147,0.174,0.184,0.115,0.214,0.147,0.156,0.174,0.108,0.112,0.42,0.177,0.235,0.116,0.202,0.152,0.111,0.172,0.193,0.091,0.233,0.174,0.142,0.105,0.102,0.191,0.122,0.112,0.224,0.16,0.107,0.115,0.163,0.185,0.105,0.147,0.121,0.167,0.457,0.127,0.181,0.147,0.141,0.106,0.196,0.146,0.115,0.137,0.111,0.146,0.297,0.147,0.087,0.16,0.072,0.099,0.218,0.084,0.096,0.131,0.13,0.197,0.109,0.157,0.168,0.207,0.089,0.123,0.465,0.574,0.081,0.121,0.837,0.321,0.165,0.099,0.144,0.207,0.08,0.111,0.296,0.185,1.0,0.151,0.717,0.095,0.301,0.117,0.218,0.174,0.101,0.095,0.09,0.184,0.123,0.198,0.095,0.3,0.252,0.164,0.296,0.188,0.14,0.148,0.158,0.605,0.114,0.231,0.143,0.188,0.539,0.105,0.138,0.146,0.301,0.09,0.144,0.172,0.174,0.126,0.097,0.273,0.096,0.142,0.186,0.141,0.1,0.118,0.12,0.089,0.232,0.113,0.187,0.057,0.091,0.087,0.095,0.091,0.078,0.366,0.155,0.101,0.717,0.183,0.105,0.326,0.149,0.109,0.13,0.154,0.166,0.143,0.082,0.382,0.15,0.128,0.184,0.133,0.161,0.132,0.164,0.128,0.119,0.197,0.336,0.188,0.226,0.18,0.457,0.166,0.142,0.122,0.118,0.332,0.52,0.124,0.066,0.167,0.124,0.157,0.198,0.229,0.134,0.34,0.432,0.14,0.308,0.188,0.132,0.158,0.114,0.107,0.377,0.172,0.153,0.113,0.116,0.108,0.073,0.166,0.159
0.274,0.228,0.201,0.427,0.174,0.18,0.156,0.14,0.23,0.206,0.118,0.161,0.324,0.186,0.258,0.152,0.261,0.167,0.179,0.203,0.195,0.302,0.185,0.13,0.191,0.305,0.247,0.171,0.231,0.166,0.22,0.257,0.191,0.268,0.197,0.242,0.445,0.312,0.311,0.225,0.258,0.237,0.447,0.111,0.142,0.315,0.325,0.285,0.144,0.062,0.37,0.169,0.144,0.366,0.167,0.137,0.261,0.229,0.184,0.119,0.177,0.131,0.156,0.148,0.18,0.209,0.129,0.125,0.241,0.214,0.217,0.13,0.262,0.222,0.152,0.18,0.197,0.198,0.191,0.12,0.113,0.129,0.283,0.217,0.185,0.156,0.234,0.194,0.224,0.219,0.089,0.243,0.237,0.165,0.234,0.236,0.228,0.316,0.24,0.314,0.216,0.162,0.249,0.161,0.279,0.373,0.131,0.146,0.286,0.159,0.348,0.169,0.177,0.205,0.199,0.279,0.168,0.124,0.277,0.295,0.276,0.207,0.154,0.237,0.268,0.278,0.316,0.058,0.24,0.255,0.24,0.157,0.293,0.16,0.285,0.192,0.1,0.131,0.228,0.181,0.181,0.318,0.198,0.277,0.218,0.204,0.145,0.133,0.293,0.284,0.283,0.141,0.228,0.166,0.124,0.224,0.166,0.263,0.225,0.259,0.237,0.199,0.179,0.21,0.111,0.233,0.181,0.191,0.23,0.164,0.289,0.097,0.108,0.086,0.114,0.234,0.146,0.119,0.122,0.193,0.261,0.179,0.145,0.141,0.235,0.247,0.136,0.232,0.176,0.178,0.187,0.239,0.163,0.178,0.126,0.16,0.161,0.209,0.176,0.208,0.348,0.17,0.184,0.271,0.175,0.197,0.099,0.174,0.151,0.111,0.103,0.163,0.111,0.21,0.271,0.137,0.205,0.294,0.236,0.284,0.218,0.288,0.191,0.151,1.0,0.26,0.09,0.228,0.108,0.307,0.177,0.3,0.281,0.218,0.202,0.197,0.178,0.201,0.186,0.216,0.158,0.177,0.454,0.083,0.167,0.274,0.164,0.137,0.173,0.251,0.112,0.193,0.3,0.356,0.079,0.228,0.261,0.204,0.249,0.143,0.552,0.223,0.125,0.131,0.237,0.244,0.291,0.283,0.128,0.31,0.175,0.217,0.252,0.129,0.149,0.339,0.184,0.204,0.259,0.226,0.206,0.2,0.257,0.26,0.107,0.287,0.183,0.26,0.327,0.332,0.268,0.184,0.293,0.081,0.129,0.211,0.244,0.225,0.233,0.097,0.302,0.159,0.253,0.245,0.189,0.176,0.07,0.135,0.201,0.179,0.209,0.164,0.297,0.372,0.196,0.214,0.19,0.108,0.166,0.147,0.325,0.28,0.24,0.153,0.249,0.134,0.098,0.198,0.232,0.245,0.253,0.14,0.309,0.111,0.22,0.206,0.278,0.188,0.275,0.216,0.255,0.285
0.154,0.383,0.167,0.228,0.831,0.132,0.373,0.831,0.469,0.165,0.221,1.0,0.273,0.152,0.313,0.225,0.257,0.124,0.495,0.267,0.171,0.273,0.17,0.281,0.259,0.273,0.259,0.245,0.281,0.396,0.469,0.164,0.156,0.272,0.396,0.281,0.234,0.18,0.259,0.192,0.295,1.0,0.36,0.221,0.639,0.469,0.248,0.469,0.265,0.098,0.206,0.392,0.228,0.469,0.717,0.123,0.243,0.259,0.221,0.219,0.13,0.112,0.231,0.313,0.219,0.291,0.122,0.463,0.241,0.469,1.0,0.281,0.274,0.213,0.167,0.281,1.0,0.142,1.0,0.181,0.169,0.274,0.165,0.25,0.253,0.274,0.383,0.24,0.291,0.265,0.181,0.373,0.281,0.639,0.185,0.25,0.383,0.187,0.25,0.313,0.231,0.33,0.25,0.245,0.206,0.237,0.274,0.36,0.192,0.244,0.273,0.373,0.091,0.267,0.383,0.231,0.13,0.244,0.243,0.373,0.259,0.342,0.246,0.21,0.554,0.231,0.187,0.102,0.274,0.187,0.259,0.231,0.259,0.159,0.469,0.469,0.221,0.274,0.165,0.281,0.281,0.311,0.469,0.454,0.259,0.306,0.245,0.245,0.469,0.165,0.346,0.717,0.342,0.717,0.167,0.313,0.246,0.241,0.187,0.243,0.206,0.383,0.36,0.346,0.183,0.235,0.281,0.257,0.259,0.279,0.311,0.245,0.218,0.142,0.228,0.241,0.281,0.219,0.167,1.0,0.274,0.373,0.245,0.221,0.263,1.0,0.157,0.241,0.313,0.213,0.313,0.554,0.148,0.17,0.281,0.169,0.185,0.469,0.172,0.213,0.273,0.342,0.373,0.291,0.484,0.306,0.162,0.245,0.22,0.639,0.159,0.195,0.229,0.831,1.0,0.281,0.228,0.241,0.248,0.171,0.18,0.259,0.383,0.717,0.26,1.0,0.172,0.383,0.218,0.469,0.178,0.313,0.176,0.194,0.373,0.342,0.586,0.14,0.36,0.231,0.274,0.383,0.259,0.155,0.265,0.274,0.831,0.194,1.0,0.259,0.165,1.0,0.243,0.273,0.163,0.383,0.291,0.208,0.469,0.185,0.202,0.206,0.146,0.114,0.274,0.469,0.311,0.165,0.221,0.243,0.248,0.281,0.273,0.235,0.142,0.231,0.163,0.18,0.155,0.185,1.0,0.241,0.233,1.0,0.233,0.342,0.33,0.311,0.273,0.26,0.373,0.36,0.313,0.126,0.831,0.427,0.243,0.228,0.274,0.155,0.373,0.257,0.281,0.221,0.274,0.831,0.126,0.313,0.383,0.639,0.66,0.373,0.295,0.195,0.129,0.831,0.36,0.17,0.295,0.225,0.295,0.342,0.241,0.311,0.831,0.281,0.163,1.0,0.36,0.175,0.243,0.247,0.221,0.131,0.717,0.321,0.259,0.228,0.243,0.155,0.281,0.265
0.158,0.329,0.13,0.055,0.094,0.132,0.133,0.17,0.168,0.098,0.064,0.155,0.062,0.055,0.096,0.07,0.157,0.056,0.086,0.201,0.087,0.058,0.093,0.18,0.11,0.07,0.087,0.151,0.119,0.153,0.161,0.062,0.12,0.186,0.061,0.111,0.208,0.069,0.079,0.075,0.088,0.137,0.103,0.179,0.21,0.095,0.155,0.187,0.128,0.292,0.071,0.206,0.09,0.133,0.143,0.171,0.072,0.109,0.078,0.065,0.139,0.14,0.168,0.22,0.156,0.135,0.067,0.178,0.096,0.119,0.124,0.18,0.121,0.076,0.17,0.15,0.128,0.159,0.186,0.069,0.048,0.124,0.09,0.085,0.076,0.131,0.197,0.061,0.12,0.108,0.111,0.12,0.172,0.266,0.105,0.302,0.329,0.053,0.062,0.08,0.104,0.087,0.081,0.073,0.063,0.086,0.092,0.218,0.075,0.171,0.15,0.097,0.045,0.069,0.205,0.074,0.14,0.072,0.102,0.079,0.106,0.175,0.116,0.088,0.141,0.076,0.053,0.061,0.161,0.106,0.116,0.139,0.17,0.095,0.187,0.27,0.135,0.064,0.102,0.112,0.112,0.234,0.214,0.133,0.072,0.144,0.074,0.161,0.105,0.064,0.103,0.121,0.262,0.165,0.148,0.121,0.141,0.094,0.128,0.096,0.061,0.206,0.395,0.172,0.053,0.303,0.112,0.186,0.133,0.285,0.12,0.048,0.05,0.072,0.082,0.076,0.163,0.065,0.175,0.203,0.072,0.155,0.074,0.08,0.08,0.19,0.098,0.11,0.202,0.065,0.089,0.104,0.137,0.125,0.16,0.241,0.104,0.133,0.252,0.146,0.104,0.133,0.105,0.112,0.153,0.136,0.163,0.148,0.147,0.128,0.139,0.087,0.054,0.128,0.105,0.25,0.088,0.116,0.223,0.082,0.065,0.115,0.191,0.095,0.09,0.172,1.0,0.329,0.05,0.121,0.138,0.063,0.051,0.065,0.112,0.121,0.194,0.078,0.257,0.124,0.08,0.274,0.123,0.04,0.137,0.092,0.138,0.063,0.108,0.068,0.153,0.186,0.107,0.068,0.097,0.329,0.06,0.194,0.094,0.134,0.08,0.116,0.195,0.102,0.119,0.12,0.217,0.09,0.068,0.073,0.103,0.209,0.175,0.108,0.298,0.064,0.089,0.091,0.078,0.06,0.212,0.193,0.078,0.172,0.094,0.07,0.094,0.251,0.067,0.137,0.187,0.24,0.079,0.039,0.174,0.119,0.121,0.139,0.104,0.046,0.079,0.09,0.096,0.101,0.106,0.131,0.155,0.137,0.222,0.161,0.114,0.084,0.088,0.063,0.1,0.148,0.355,0.079,0.101,0.07,0.097,0.111,0.116,0.167,0.105,0.122,0.043,0.118,0.291,0.097,0.143,0.232,0.068,0.101,0.133,0.166,0.125,0.2,0.079,0.171,0.098,0.12
0.129,1.0,0.15,0.228,0.334,0.116,0.183,0.334,0.467,0.185,0.228,0.383,0.269,0.135,0.38,0.189,0.248,0.112,0.196,0.334,0.157,0.269,0.383,0.38,0.232,0.269,0.467,0.269,0.253,0.275,0.467,0.329,0.153,0.242,0.148,0.258,0.199,0.156,0.306,0.329,0.301,0.383,0.315,0.202,0.279,0.467,0.284,0.467,0.258,0.224,0.171,0.329,0.232,0.467,0.301,0.205,0.218,0.296,0.296,0.183,0.265,0.269,0.296,0.329,0.329,0.277,0.271,0.38,0.207,0.467,0.383,0.38,0.296,0.221,0.232,0.253,0.383,0.168,0.383,0.157,0.172,0.467,0.15,0.329,0.129,0.296,1.0,0.245,0.296,0.467,0.176,0.38,0.296,0.329,0.269,0.239,1.0,0.186,0.239,0.329,0.467,0.317,0.239,0.252,0.169,0.38,0.296,0.38,0.38,0.334,0.269,0.38,0.07,0.285,1.0,0.306,0.296,0.208,0.214,0.38,0.467,0.334,0.234,0.329,0.234,0.329,0.186,0.275,0.329,0.151,0.232,0.253,0.467,0.26,0.467,0.467,0.329,0.296,0.15,0.253,0.253,0.292,0.467,0.38,0.284,0.301,0.252,0.256,0.467,0.15,0.34,0.334,0.334,0.301,0.19,0.329,0.265,0.207,0.151,0.209,0.199,1.0,0.315,0.34,0.181,0.226,0.253,0.38,0.63,0.269,0.292,0.252,0.229,0.12,0.228,0.38,0.253,0.183,0.38,0.383,0.296,0.38,0.252,0.202,0.279,0.383,0.26,0.245,0.38,0.209,0.329,0.329,0.306,0.383,0.296,0.224,0.329,0.467,0.194,0.329,0.38,0.334,0.38,0.265,0.63,0.38,0.162,0.252,0.232,0.279,0.144,0.271,0.246,0.334,0.383,0.253,0.383,0.207,0.275,0.329,0.156,0.218,1.0,0.301,0.228,0.383,0.329,1.0,0.229,0.467,0.232,0.329,0.172,0.171,0.38,0.383,0.329,0.134,0.315,0.214,0.296,1.0,0.204,0.147,0.258,0.296,0.383,0.228,0.383,0.25,0.274,0.383,0.296,0.269,0.252,1.0,0.265,0.205,0.467,0.269,0.38,0.277,0.139,0.274,0.3,0.467,0.292,0.15,0.202,0.209,0.275,0.253,0.269,0.22,0.252,0.229,0.334,0.275,0.147,0.205,0.383,0.207,0.329,0.383,0.217,0.334,0.317,0.296,0.269,0.296,0.38,0.467,0.329,0.113,0.334,0.329,0.266,0.306,0.296,0.147,0.38,0.247,0.296,0.269,0.296,0.334,0.284,0.329,1.0,0.279,0.334,0.38,0.315,0.185,0.111,0.334,0.315,0.383,0.301,0.189,0.301,0.334,0.467,0.296,0.34,0.253,0.163,0.383,0.315,0.269,0.209,0.214,0.38,0.199,0.38,0.296,0.209,0.229,0.334,0.261,0.329,0.258
0.07,0.229,0.052,0.144,0.243,0.044,0.115,0.157,0.115,0.055,0.202,0.096,0.086,0.15,0.076,0.264,0.091,0.042,0.135,0.101,0.098,0.083,0.08,0.243,0.065,0.093,0.063,0.129,0.149,0.087,0.091,0.054,0.067,0.18,0.069,0.088,0.116,0.08,0.092,0.147,0.115,0.112,0.109,0.193,0.096,0.113,0.13,0.243,0.211,0.042,0.085,0.085,0.196,0.209,0.14,0.039,0.087,0.057,0.1,0.25,0.071,0.043,0.049,0.41,0.141,0.142,0.046,0.122,0.166,0.209,0.192,0.243,0.279,0.055,0.053,0.161,0.175,0.042,0.111,0.266,0.254,0.287,0.065,0.052,0.044,0.345,0.186,0.228,0.076,0.125,0.202,0.129,0.187,0.153,0.054,0.077,0.229,0.064,0.209,0.085,0.098,0.249,0.163,0.343,0.068,0.098,0.604,0.1,0.064,0.182,0.241,0.257,0.042,0.07,0.183,0.095,0.04,0.071,0.076,0.082,0.096,0.107,0.106,0.15,0.084,0.069,0.064,0.034,0.229,0.117,0.075,0.08,0.132,0.042,0.243,0.165,0.206,0.887,0.06,0.38,0.38,0.112,0.135,0.077,0.076,0.09,0.17,0.171,0.162,0.073,0.086,0.166,0.151,0.121,0.142,0.081,0.049,0.136,0.184,0.123,0.065,0.333,0.152,0.075,0.415,0.121,0.38,0.069,0.075,0.128,0.081,0.203,0.32,0.176,0.304,0.072,0.189,0.25,0.108,0.171,0.234,0.187,0.419,0.329,0.074,0.107,0.056,0.126,0.062,0.24,0.192,0.084,0.071,0.05,0.237,0.042,0.168,0.26,0.059,0.083,0.142,0.218,0.318,0.145,0.085,0.069,0.154,0.163,0.177,0.121,0.169,0.043,0.39,0.162,0.188,0.248,0.129,0.117,0.148,0.059,0.253,0.127,0.178,0.117,0.108,0.218,0.05,0.229,1.0,0.191,0.068,0.065,0.073,0.069,0.268,0.066,0.068,0.105,0.179,0.083,0.461,0.184,0.145,0.231,0.073,0.348,0.133,0.067,0.19,0.188,0.054,0.164,0.074,0.098,0.17,0.229,0.102,0.111,0.162,0.194,0.078,0.065,0.099,0.043,0.155,0.187,0.106,0.065,0.263,0.085,0.156,0.096,0.067,0.264,0.036,0.061,0.048,0.068,0.057,0.047,0.135,0.078,0.081,0.218,0.233,0.071,0.188,0.104,0.074,0.101,0.165,0.088,0.328,0.182,0.069,0.125,0.134,0.223,0.205,0.245,0.096,0.322,0.188,0.077,0.193,0.095,0.056,0.262,0.12,0.086,0.113,0.179,0.095,0.076,0.11,0.117,0.103,0.039,0.098,0.26,0.113,0.15,0.126,0.334,0.144,0.192,0.227,0.142,0.234,0.057,0.098,0.14,0.066,0.099,0.103,0.161,0.074,0.169,0.072,0.047,0.118,0.216
0.164,0.467,0.141,0.409,0.289,0.098,0.153,0.244,0.278,0.133,0.173,0.191,0.338,0.142,0.255,0.211,0.244,0.125,0.175,0.249,0.155,0.297,0.243,0.215,0.161,0.286,0.176,0.188,0.213,0.169,0.194,0.203,0.133,0.265,0.165,0.185,0.255,0.194,0.207,0.242,0.27,0.251,0.326,0.2,0.186,0.37,0.244,1.0,0.211,0.108,0.2,0.195,0.193,0.825,0.204,0.106,0.218,0.156,0.2,0.181,0.138,0.092,0.139,0.269,0.142,0.199,0.137,0.205,0.185,0.316,0.345,0.215,0.267,0.17,0.145,0.194,0.314,0.115,0.254,0.217,0.225,0.2,0.178,0.172,0.119,0.215,0.318,0.192,0.16,0.226,0.179,0.219,0.215,0.19,0.167,0.21,0.467,0.245,0.282,0.249,0.227,0.36,0.207,0.25,0.177,0.27,0.235,0.17,0.179,0.236,0.317,0.315,0.289,0.195,0.324,0.19,0.11,0.251,0.203,0.284,0.233,0.205,0.273,0.193,0.164,0.206,0.245,0.116,0.227,0.191,0.194,0.157,0.268,0.144,1.0,0.326,0.175,0.238,0.152,0.311,0.311,0.264,0.52,0.217,0.328,0.222,0.274,0.182,0.307,0.253,0.23,0.26,0.245,0.182,0.148,0.252,0.128,0.189,0.178,0.209,0.15,0.345,0.27,0.167,0.422,0.172,0.311,0.172,0.191,0.165,0.209,0.176,0.291,0.158,0.194,0.169,0.203,0.181,0.147,0.304,0.234,0.221,0.274,0.242,0.178,0.22,0.153,0.187,0.164,0.208,0.268,0.164,0.128,0.196,0.208,0.137,0.173,0.355,0.136,0.171,0.322,0.208,0.307,0.206,0.185,0.168,0.176,0.205,0.177,0.205,0.171,0.146,0.262,0.388,0.311,0.22,0.24,0.207,0.215,0.245,0.159,0.244,0.301,0.218,0.307,0.469,0.121,0.467,0.191,1.0,0.159,0.299,0.167,0.141,0.299,0.174,0.161,0.133,0.259,0.208,0.311,0.31,0.383,0.169,0.167,0.288,0.27,0.181,0.296,0.488,0.114,0.314,0.199,0.407,0.15,0.467,0.232,0.206,0.341,0.183,0.322,0.169,0.123,0.093,0.217,0.497,0.256,0.178,0.228,0.219,0.161,0.219,0.347,0.21,0.1,0.174,0.172,0.138,0.193,0.152,0.27,0.159,0.222,0.469,0.18,0.226,0.238,0.224,0.301,0.228,0.258,0.179,0.43,0.315,0.153,0.185,0.204,0.188,0.232,0.199,0.596,0.286,0.229,0.198,0.204,0.232,0.108,0.242,0.245,0.2,0.175,0.249,0.203,0.498,0.188,0.272,0.219,0.159,0.208,0.232,0.27,0.284,0.228,0.243,0.272,0.196,0.178,0.317,0.294,0.173,0.223,0.218,0.252,0.105,0.187,0.196,0.204,0.259,0.232,0.118,0.242,0.266
0.291,0.232,0.53,0.108,0.116,0.189,0.118,0.301,0.239,0.23,0.078,0.465,0.11,0.108,0.203,0.097,0.266,0.222,0.187,0.241,0.125,0.104,0.1,0.346,0.174,0.162,0.18,0.428,0.291,0.238,0.2,0.136,0.214,0.223,0.172,0.306,0.362,0.165,0.212,0.202,0.338,0.258,0.256,0.074,0.245,0.185,0.27,0.192,0.161,0.636,0.183,0.274,0.089,0.177,0.32,0.429,0.248,0.22,0.145,0.084,0.513,0.316,0.348,0.098,0.231,0.381,0.154,0.289,0.202,0.176,0.146,0.346,0.215,0.217,0.458,0.262,0.16,0.166,0.395,0.084,0.06,0.177,0.224,0.185,0.245,0.173,0.223,0.188,0.18,0.227,0.376,0.206,0.251,0.16,0.299,0.277,0.232,0.127,0.109,0.215,0.146,0.109,0.168,0.119,0.175,0.118,0.084,0.302,0.203,0.285,0.125,0.115,0.484,0.26,0.168,0.271,0.307,0.109,0.301,0.248,0.31,0.321,0.446,0.282,0.346,0.267,0.127,0.111,0.211,0.405,0.455,0.341,0.349,0.131,0.192,0.407,0.285,0.084,0.28,0.125,0.125,0.279,0.125,0.324,0.098,0.361,0.093,0.29,0.179,0.264,0.136,0.173,0.255,0.237,0.193,0.367,0.489,0.285,0.324,0.317,0.124,0.167,0.125,0.294,0.071,0.085,0.125,0.349,0.227,0.279,0.194,0.066,0.069,0.164,0.076,0.201,0.212,0.084,0.367,0.278,0.139,0.175,0.093,0.096,0.098,0.317,0.23,0.205,0.395,0.12,0.139,0.269,0.323,0.164,0.257,0.097,0.151,0.143,0.086,0.158,0.275,0.236,0.123,0.226,0.338,0.284,0.363,0.127,0.124,0.229,0.355,0.212,0.072,0.14,0.258,0.225,0.165,0.349,0.309,0.089,0.116,0.379,0.164,0.174,0.177,0.178,0.138,0.232,0.068,0.159,1.0,0.196,0.129,0.155,0.245,0.31,0.336,0.131,0.237,0.365,0.099,0.354,0.567,0.056,0.189,0.239,0.254,0.113,0.231,0.105,0.365,0.318,0.281,0.128,0.195,0.232,0.133,0.25,0.201,0.385,0.112,0.347,0.278,0.224,0.235,0.165,0.233,0.224,0.097,0.249,0.175,0.111,0.137,0.227,0.082,0.181,0.178,0.158,0.351,0.21,0.676,0.414,0.234,0.178,0.18,0.142,0.147,0.254,0.273,0.375,0.205,0.215,0.193,0.055,0.372,0.314,0.194,0.283,0.337,0.064,0.182,0.105,0.305,0.235,0.197,0.18,0.3,0.246,0.314,0.253,0.298,0.111,0.096,0.143,0.229,0.36,0.173,0.108,0.223,0.095,0.237,0.389,0.391,0.117,0.186,0.268,0.062,0.172,0.144,0.346,0.373,0.104,0.184,0.196,0.215,0.188,0.251,0.123,0.242,0.083,0.261,0.279
0.161,0.329,0.207,0.299,0.125,0.183,0.085,0.123,0.189,0.23,0.08,0.201,0.315,0.094,0.387,0.098,0.186,0.158,0.104,0.216,0.099,0.36,0.131,0.107,0.352,0.366,0.454,0.18,0.362,0.188,0.286,0.327,0.191,0.357,0.176,0.445,0.27,0.874,0.425,0.263,0.203,0.235,0.512,0.082,0.107,0.408,0.228,0.357,0.101,0.066,0.306,0.138,0.174,0.311,0.139,0.232,0.244,0.326,0.167,0.09,0.183,0.157,0.256,0.11,0.235,0.197,0.152,0.101,0.168,0.202,0.164,0.107,0.313,0.302,0.169,0.265,0.159,0.295,0.267,0.121,0.07,0.114,0.295,0.468,0.261,0.092,0.185,0.248,0.319,0.34,0.061,0.26,0.42,0.174,0.316,0.249,0.329,0.275,0.286,0.327,0.339,0.123,0.196,0.111,0.558,0.233,0.084,0.203,0.331,0.155,0.269,0.136,0.554,0.268,0.167,0.336,0.221,0.101,0.435,0.505,0.35,0.3,0.165,0.312,0.276,0.316,0.275,0.061,0.312,0.223,0.33,0.165,0.275,0.222,0.357,0.204,0.08,0.084,0.202,0.2,0.2,0.431,0.232,0.329,0.26,0.228,0.155,0.097,0.298,0.316,0.301,0.108,0.159,0.199,0.155,0.279,0.167,0.306,0.267,0.265,0.226,0.164,0.144,0.243,0.109,0.116,0.2,0.253,0.296,0.108,0.357,0.072,0.067,0.058,0.074,0.382,0.149,0.09,0.149,0.158,0.299,0.171,0.155,0.147,0.251,0.436,0.125,0.25,0.287,0.111,0.153,0.342,0.096,0.182,0.104,0.114,0.116,0.18,0.08,0.202,0.303,0.226,0.136,0.343,0.226,0.315,0.094,0.251,0.112,0.079,0.1,0.246,0.072,0.244,0.229,0.107,0.224,0.211,0.2,0.248,0.215,0.272,0.209,0.101,0.3,0.313,0.063,0.329,0.065,0.299,0.196,1.0,0.342,0.21,0.22,0.33,0.239,0.244,0.21,0.188,0.173,0.158,0.658,0.052,0.117,0.263,0.127,0.109,0.178,0.227,0.203,0.16,0.476,0.305,0.054,0.329,0.372,0.26,0.255,0.16,0.201,0.23,0.082,0.157,0.292,0.228,0.329,0.295,0.092,0.489,0.231,0.14,0.302,0.086,0.077,0.403,0.192,0.198,0.312,0.351,0.196,0.19,0.449,0.313,0.081,0.305,0.132,0.2,0.476,0.231,0.398,0.201,0.353,0.075,0.183,0.227,0.427,0.132,0.212,0.093,0.497,0.172,0.386,0.3,0.3,0.139,0.051,0.103,0.154,0.125,0.295,0.131,0.161,0.498,0.127,0.213,0.24,0.138,0.103,0.098,0.352,0.268,0.251,0.177,0.191,0.108,0.093,0.206,0.235,0.363,0.225,0.103,0.281,0.059,0.326,0.303,0.449,0.115,0.363,0.081,0.45,0.272
0.139,0.172,0.146,0.439,0.121,0.3,0.094,0.097,0.124,0.427,0.079,0.124,0.499,0.104,0.343,0.112,0.137,0.13,0.095,0.161,0.098,0.312,0.096,0.099,0.223,0.29,0.338,0.143,0.207,0.127,0.188,0.588,0.188,0.327,0.184,0.22,0.244,0.155,0.201,0.177,0.234,0.174,0.297,0.084,0.08,0.206,0.192,0.191,0.097,0.039,0.341,0.119,0.114,0.183,0.104,0.122,0.234,0.203,0.14,0.096,0.169,0.268,0.186,0.118,0.197,0.146,0.109,0.094,0.129,0.148,0.151,0.099,0.256,0.176,0.126,0.196,0.142,0.224,0.192,0.138,0.07,0.098,0.128,0.224,0.224,0.1,0.173,0.426,0.156,0.194,0.088,0.27,0.235,0.095,0.231,0.178,0.172,0.18,0.166,0.218,0.231,0.135,0.178,0.108,0.568,0.222,0.095,0.145,0.265,0.115,0.209,0.13,0.191,0.168,0.143,0.283,0.176,0.08,0.309,0.278,0.274,0.201,0.091,0.173,0.267,0.264,0.18,0.032,0.266,0.206,0.305,0.114,0.272,0.17,0.191,0.137,0.081,0.094,0.175,0.132,0.132,0.362,0.137,0.217,0.222,0.157,0.41,0.088,0.615,0.221,0.238,0.101,0.12,0.129,0.119,0.188,0.154,0.333,0.204,0.219,0.361,0.151,0.128,0.19,0.126,0.081,0.132,0.199,0.201,0.102,0.246,0.074,0.103,0.081,0.082,0.235,0.115,0.096,0.102,0.14,0.23,0.124,0.111,0.112,0.326,0.228,0.086,0.228,0.137,0.119,0.125,0.161,0.088,0.129,0.095,0.062,0.086,0.147,0.059,0.141,0.186,0.14,0.131,0.34,0.118,0.178,0.11,0.125,0.094,0.085,0.079,0.191,0.089,0.133,0.212,0.102,0.179,0.154,0.135,0.222,0.15,0.262,0.252,0.095,0.281,0.176,0.051,0.172,0.073,0.167,0.129,0.342,1.0,0.269,0.18,0.245,0.155,0.151,0.177,0.17,0.119,0.135,0.602,0.087,0.091,0.236,0.109,0.087,0.139,0.166,0.143,0.136,0.26,0.4,0.072,0.172,0.395,0.196,0.152,0.134,0.128,0.182,0.071,0.268,0.186,0.163,0.276,0.128,0.095,0.338,0.2,0.13,0.13,0.093,0.051,0.351,0.158,0.117,0.253,0.235,0.133,0.112,0.276,0.176,0.089,0.221,0.121,0.153,0.267,0.164,0.206,0.109,0.171,0.104,0.113,0.148,0.236,0.123,0.173,0.12,0.221,0.108,0.213,0.146,0.15,0.097,0.048,0.092,0.112,0.095,0.253,0.106,0.201,0.138,0.084,0.171,0.164,0.083,0.091,0.113,0.331,0.24,0.201,0.105,0.172,0.091,0.11,0.126,0.147,0.239,0.22,0.101,0.211,0.061,0.167,0.158,0.275,0.116,0.268,0.054,0.212,0.251
0.292,0.171,0.187,0.178,0.116,0.271,0.162,0.094,0.142,0.187,0.178,0.097,0.172,0.278,0.169,0.146,0.171,0.114,0.166,0.123,0.166,0.183,0.062,0.087,0.174,0.188,0.208,0.103,0.16,0.142,0.211,0.207,0.204,0.229,0.115,0.151,0.309,0.31,0.197,0.211,0.177,0.215,0.187,0.074,0.096,0.197,0.148,0.21,0.089,0.044,0.188,0.113,0.14,0.156,0.122,0.132,0.179,0.168,0.116,0.171,0.182,0.2,0.135,0.101,0.185,0.203,0.075,0.08,0.233,0.136,0.149,0.087,0.177,0.188,0.112,0.164,0.131,0.236,0.197,0.152,0.051,0.084,0.174,0.162,0.193,0.109,0.152,0.225,0.15,0.116,0.059,0.307,0.23,0.085,0.147,0.189,0.171,0.077,0.109,0.169,0.127,0.109,0.261,0.114,0.414,0.111,0.085,0.129,0.145,0.084,0.133,0.237,0.189,0.19,0.124,0.213,0.159,0.093,0.232,0.253,0.206,0.113,0.111,0.206,0.251,0.176,0.077,0.038,0.158,0.191,0.287,0.089,0.224,0.12,0.21,0.127,0.067,0.084,0.148,0.134,0.134,0.206,0.137,0.188,0.175,0.119,0.1,0.13,0.285,0.21,0.146,0.095,0.146,0.107,0.084,0.14,0.167,0.349,0.159,0.187,0.296,0.138,0.12,0.109,0.076,0.093,0.134,0.184,0.18,0.139,0.161,0.059,0.071,0.062,0.078,0.194,0.149,0.171,0.083,0.128,0.155,0.142,0.1,0.102,0.166,0.172,0.071,0.278,0.13,0.135,0.129,0.188,0.348,0.121,0.082,0.087,0.095,0.261,0.078,0.126,0.224,0.139,0.274,0.314,0.125,0.153,0.067,0.102,0.114,0.071,0.074,0.15,0.074,0.153,0.165,0.093,0.159,0.348,0.182,0.138,0.238,0.22,0.277,0.09,0.218,0.194,0.065,0.171,0.069,0.141,0.155,0.21,0.269,1.0,0.274,0.175,0.174,0.152,0.116,0.146,0.108,0.116,0.323,0.057,0.116,0.19,0.11,0.063,0.114,0.089,0.105,0.129,0.216,0.168,0.053,0.171,0.278,0.128,0.216,0.099,0.071,0.189,0.107,0.2,0.165,0.206,0.187,0.174,0.09,0.183,0.213,0.089,0.171,0.09,0.078,0.179,0.114,0.191,0.154,0.157,0.135,0.156,0.169,0.194,0.071,0.156,0.125,0.164,0.179,0.2,0.159,0.121,0.132,0.057,0.078,0.174,0.133,0.163,0.177,0.068,0.173,0.114,0.167,0.162,0.111,0.134,0.048,0.088,0.114,0.171,0.278,0.105,0.13,0.086,0.148,0.142,0.108,0.102,0.111,0.136,0.185,0.237,0.221,0.111,0.198,0.091,0.066,0.132,0.222,0.165,0.18,0.093,0.179,0.082,0.177,0.163,0.218,0.204,0.145,0.077,0.152,0.205
0.14,0.38,0.245,0.188,0.275,0.106,0.159,0.213,0.196,0.14,0.298,0.196,0.175,0.375,0.255,0.491,0.201,0.385,0.178,0.257,0.167,0.153,0.133,0.294,0.205,0.178,0.18,0.215,0.361,0.169,0.202,0.17,0.152,0.302,0.205,0.262,0.228,0.153,0.23,0.354,0.303,0.233,0.285,0.284,0.168,0.233,0.297,0.428,0.27,0.082,0.23,0.178,0.224,0.318,0.214,0.159,0.284,0.187,0.208,0.348,0.268,0.088,0.191,0.373,0.182,0.319,0.244,0.171,0.304,0.356,0.282,0.294,0.337,0.179,0.233,0.346,0.254,0.22,0.243,0.637,0.172,0.258,0.205,0.213,0.313,0.39,0.316,0.335,0.195,0.215,0.222,0.337,0.362,0.267,0.234,0.228,0.38,0.149,0.232,0.261,0.218,0.323,0.209,0.34,0.204,0.169,0.346,0.18,0.297,0.253,0.201,0.691,0.3,0.257,0.243,0.254,0.249,0.165,0.319,0.258,0.383,0.236,0.207,0.257,0.154,0.275,0.149,0.082,0.261,0.375,0.294,0.172,0.346,0.19,0.428,0.257,0.253,0.349,0.21,0.605,1.0,0.384,0.23,0.282,0.14,0.267,0.23,0.197,0.284,0.288,0.167,0.226,0.252,0.254,0.313,0.253,0.237,0.232,0.308,0.352,0.144,0.574,0.221,0.139,0.344,0.157,0.605,0.251,0.223,0.186,0.207,0.188,0.241,0.275,0.272,0.198,0.275,0.348,0.24,0.246,0.276,0.356,0.484,0.82,0.141,0.263,0.109,0.248,0.156,0.326,0.296,0.181,0.184,0.119,0.288,0.105,0.183,0.679,0.11,0.213,0.381,0.315,0.805,0.284,0.181,0.197,0.202,0.218,0.208,0.164,0.21,0.223,0.295,0.3,0.387,0.431,0.228,0.315,0.246,0.107,0.206,0.332,0.238,0.184,0.202,0.373,0.112,0.38,0.268,0.299,0.245,0.22,0.18,0.274,1.0,0.214,0.174,0.182,0.285,0.262,0.531,0.243,0.567,0.311,0.165,0.45,0.217,0.135,0.251,0.224,0.161,0.251,0.29,0.191,0.177,0.38,0.208,0.204,0.24,0.338,0.151,0.255,0.139,0.089,0.322,0.31,0.283,0.205,0.485,0.296,0.226,0.166,0.171,0.3,0.105,0.196,0.165,0.13,0.415,0.352,0.239,0.191,0.274,0.373,0.294,0.166,0.403,0.341,0.315,0.201,0.294,0.147,0.42,0.229,0.173,0.261,0.246,0.28,0.354,0.299,0.237,0.532,0.427,0.258,0.29,0.186,0.088,0.337,0.187,0.169,0.206,0.293,0.162,0.159,0.145,0.267,0.3,0.115,0.183,0.512,0.298,0.324,0.331,0.299,0.246,0.34,0.288,0.257,0.281,0.233,0.282,0.169,0.194,0.119,0.235,0.235,0.241,0.248,0.308,0.095,0.297,0.437
0.411,0.383,0.294,0.189,0.122,0.322,0.103,0.239,0.231,0.195,0.079,0.376,0.178,0.107,0.369,0.105,0.226,0.145,0.147,0.302,0.132,0.198,0.119,0.256,0.437,0.241,0.48,0.393,0.355,0.299,0.403,0.222,0.325,0.451,0.206,0.397,0.631,0.262,0.334,0.251,0.274,0.231,0.331,0.087,0.211,0.226,0.243,0.388,0.141,0.895,0.234,0.242,0.124,0.169,0.282,0.312,0.254,0.327,0.189,0.088,0.378,0.322,0.482,0.11,0.358,0.326,0.138,0.273,0.167,0.158,0.137,0.256,0.279,0.255,0.341,0.349,0.145,0.231,0.414,0.242,0.071,0.193,0.365,0.394,0.333,0.152,0.192,0.319,0.314,0.344,0.153,0.366,0.402,0.256,0.331,0.237,0.383,0.248,0.14,0.273,0.275,0.121,0.173,0.122,0.309,0.182,0.083,0.437,0.234,0.255,0.159,0.13,0.454,0.213,0.162,0.289,0.229,0.115,0.372,0.367,0.315,0.403,0.701,0.298,0.251,0.324,0.248,0.109,0.351,0.278,0.56,0.337,0.307,0.209,0.388,0.285,0.206,0.083,0.282,0.227,0.227,0.302,0.158,0.349,0.265,0.369,0.186,0.24,0.232,0.223,0.204,0.203,0.266,0.33,0.219,0.43,0.358,0.22,0.297,0.302,0.176,0.166,0.124,0.349,0.234,0.118,0.227,0.378,0.392,0.264,0.306,0.083,0.075,0.116,0.083,0.32,0.252,0.088,0.342,0.206,0.206,0.255,0.223,0.212,0.189,0.495,0.161,0.352,0.615,0.139,0.143,0.384,0.216,0.243,0.199,0.147,0.135,0.156,0.127,0.219,0.292,0.304,0.121,0.412,0.435,0.538,0.328,0.211,0.135,0.154,0.487,0.267,0.076,0.276,0.231,0.169,0.375,0.175,0.25,0.122,0.126,0.355,0.288,0.123,0.197,0.342,0.121,0.383,0.066,0.174,0.31,0.33,0.245,0.175,0.214,1.0,0.618,0.148,0.28,0.3,0.237,0.224,0.915,0.062,0.202,0.28,0.217,0.104,0.233,0.144,0.454,0.221,0.317,0.17,0.159,0.383,0.302,0.298,0.233,0.264,0.136,0.286,0.182,0.281,0.342,0.199,0.241,0.365,0.101,0.27,0.18,0.121,0.184,0.166,0.093,0.255,0.24,0.151,0.484,0.202,0.224,0.253,0.446,0.342,0.157,0.255,0.155,0.232,0.302,0.318,0.382,0.29,0.2,0.203,0.401,0.376,0.273,0.256,0.306,0.229,0.243,0.208,0.332,0.316,0.278,0.212,0.163,0.182,0.289,0.227,0.377,0.126,0.137,0.306,0.156,0.322,0.206,0.153,0.159,0.108,0.286,0.39,0.32,0.167,0.202,0.211,0.212,0.199,0.159,0.32,0.297,0.095,0.299,0.142,0.473,0.34,0.442,0.128,0.301,0.139,0.375,0.316
0.624,0.329,0.245,0.152,0.143,0.285,0.124,0.345,0.248,0.224,0.094,0.423,0.13,0.128,0.252,0.11,0.25,0.109,0.186,0.236,0.104,0.15,0.09,0.311,0.328,0.218,0.369,0.369,0.344,0.329,0.434,0.139,0.318,0.278,0.149,0.3,0.634,0.26,0.289,0.22,0.216,0.217,0.27,0.087,0.345,0.195,0.201,0.272,0.176,0.753,0.152,0.295,0.124,0.158,0.45,0.339,0.164,0.238,0.136,0.107,0.439,0.353,0.498,0.111,0.354,0.39,0.109,0.341,0.179,0.158,0.169,0.311,0.193,0.205,0.36,0.349,0.164,0.171,0.421,0.281,0.068,0.216,0.421,0.267,0.24,0.179,0.176,0.205,0.289,0.269,0.212,0.351,0.387,0.237,0.353,0.293,0.329,0.27,0.119,0.195,0.194,0.115,0.144,0.128,0.198,0.132,0.086,0.454,0.152,0.296,0.132,0.14,0.527,0.163,0.161,0.215,0.214,0.117,0.268,0.293,0.226,0.377,0.497,0.258,0.342,0.21,0.27,0.13,0.242,0.279,0.493,0.39,0.245,0.157,0.272,0.351,0.287,0.086,0.208,0.217,0.217,0.204,0.144,0.352,0.171,0.371,0.214,0.324,0.213,0.184,0.157,0.24,0.298,0.402,0.192,0.414,0.407,0.19,0.282,0.288,0.146,0.169,0.115,0.381,0.276,0.097,0.217,0.369,0.318,0.383,0.251,0.075,0.081,0.15,0.095,0.286,0.319,0.107,0.378,0.31,0.141,0.284,0.214,0.204,0.16,0.499,0.175,0.34,0.549,0.131,0.141,0.428,0.315,0.232,0.271,0.103,0.124,0.163,0.087,0.15,0.232,0.293,0.128,0.375,0.438,0.504,0.409,0.148,0.139,0.232,0.929,0.196,0.079,0.65,0.197,0.241,0.308,0.175,0.243,0.109,0.111,0.321,0.232,0.198,0.178,0.586,0.194,0.329,0.068,0.161,0.336,0.239,0.155,0.174,0.174,0.618,1.0,0.126,0.295,0.269,0.227,0.309,0.556,0.072,0.183,0.197,0.292,0.089,0.258,0.125,0.443,0.336,0.214,0.126,0.216,0.329,0.257,0.298,0.269,0.332,0.115,0.247,0.282,0.258,0.272,0.18,0.155,0.421,0.105,0.176,0.152,0.104,0.152,0.208,0.069,0.166,0.195,0.153,0.363,0.144,0.28,0.314,0.321,0.586,0.166,0.205,0.179,0.211,0.209,0.294,0.351,0.357,0.182,0.233,0.523,0.414,0.216,0.288,0.331,0.267,0.178,0.188,0.346,0.391,0.266,0.26,0.27,0.243,0.32,0.345,0.403,0.118,0.112,0.394,0.231,0.371,0.157,0.127,0.17,0.113,0.189,0.294,0.35,0.182,0.215,0.312,0.249,0.193,0.146,0.35,0.293,0.087,0.229,0.208,0.439,0.291,0.37,0.129,0.194,0.087,0.356,0.207
0.139,0.134,0.181,0.17,0.116,0.161,0.145,0.088,0.106,0.146,0.093,0.167,0.116,0.187,0.119,0.243,0.167,0.132,0.152,0.123,0.504,0.173,0.052,0.162,0.168,0.188,0.19,0.102,0.309,0.32,0.21,0.119,0.274,0.214,0.091,0.294,0.236,0.247,0.185,0.192,0.144,0.134,0.324,0.168,0.149,0.153,0.128,0.148,0.286,0.035,0.187,0.123,0.225,0.125,0.104,0.179,0.152,0.192,0.149,0.142,0.108,0.125,0.099,0.177,0.217,0.194,0.089,0.202,0.271,0.172,0.12,0.162,0.193,0.444,0.091,0.176,0.111,0.216,0.184,0.269,0.1,0.119,0.21,0.192,0.143,0.171,0.129,0.176,0.195,0.192,0.245,0.196,0.291,0.122,0.174,0.122,0.134,0.054,0.125,0.174,0.145,0.237,0.182,0.239,0.304,0.117,0.14,0.123,0.208,0.161,0.171,0.194,0.096,0.211,0.107,0.188,0.206,0.113,0.251,0.262,0.219,0.146,0.079,0.138,0.214,0.18,0.054,0.029,0.214,0.178,0.166,0.221,0.197,0.094,0.148,0.105,0.194,0.134,0.164,0.351,0.243,0.28,0.118,0.231,0.089,0.227,0.142,0.115,0.172,0.141,0.161,0.208,0.265,0.152,0.129,0.147,0.087,0.334,0.184,0.22,0.167,0.175,0.124,0.124,0.224,0.093,0.351,0.133,0.176,0.206,0.258,0.078,0.15,0.135,0.192,0.219,0.16,0.142,0.12,0.109,0.324,0.167,0.19,0.274,0.196,0.289,0.117,0.245,0.121,0.445,0.282,0.261,0.107,0.102,0.159,0.071,0.101,0.155,0.067,0.144,0.215,0.134,0.169,0.248,0.159,0.169,0.165,0.109,0.238,0.099,0.102,0.103,0.141,0.109,0.142,0.137,0.303,0.289,0.329,0.152,0.183,0.267,0.137,0.095,0.201,0.14,0.078,0.134,0.105,0.133,0.131,0.244,0.151,0.152,0.182,0.148,0.126,1.0,0.165,0.237,0.197,0.101,0.25,0.165,0.372,0.205,0.088,0.052,0.141,0.129,0.116,0.106,0.278,0.113,0.114,0.134,0.209,0.155,0.241,0.143,0.056,0.154,0.12,0.125,0.404,0.3,0.204,0.21,0.315,0.355,0.168,0.195,0.138,0.153,0.108,0.256,0.101,0.145,0.143,0.304,0.146,0.196,0.2,0.14,0.208,0.16,0.296,0.151,0.232,0.196,0.193,0.149,0.177,0.189,0.09,0.256,0.287,0.237,0.183,0.22,0.223,0.289,0.278,0.229,0.348,0.232,0.04,0.128,0.09,0.164,0.16,0.296,0.127,0.062,0.116,0.116,0.145,0.074,0.123,0.249,0.232,0.191,0.156,0.221,0.19,0.197,0.199,0.302,0.187,0.191,0.158,0.121,0.124,0.082,0.26,0.352,0.282,0.169,0.144,0.065,0.371,0.402
0.24,0.315,0.194,0.228,0.213,0.139,0.205,0.244,0.207,0.131,0.143,0.38,0.144,0.166,0.296,0.237,0.246,0.128,0.176,0.307,0.174,0.142,0.101,0.233,0.205,0.16,0.207,0.286,0.307,0.288,0.278,0.129,0.188,0.395,0.252,0.283,0.299,0.166,0.226,0.246,0.268,0.289,0.328,0.289,0.384,0.207,0.328,0.403,0.336,0.27,0.196,0.198,0.303,0.24,0.457,0.204,0.228,0.196,0.387,0.196,0.323,0.145,0.293,0.389,0.271,0.263,0.106,0.341,0.186,0.288,0.219,0.233,0.351,0.181,0.227,0.416,0.2,0.166,0.287,0.431,0.162,0.208,0.152,0.167,0.21,0.239,0.206,0.228,0.205,0.252,0.222,0.226,0.41,0.27,0.226,0.196,0.315,0.202,0.212,0.226,0.188,0.27,0.202,0.355,0.178,0.156,0.245,0.391,0.187,0.277,0.199,0.276,0.194,0.173,0.183,0.218,0.148,0.13,0.298,0.22,0.256,0.352,0.374,0.252,0.209,0.263,0.202,0.09,0.295,0.419,0.259,0.381,0.274,0.124,0.403,0.292,0.248,0.233,0.253,0.363,0.363,0.391,0.313,0.318,0.138,0.334,0.277,0.217,0.244,0.214,0.162,0.254,0.282,0.379,0.266,0.398,0.261,0.2,0.319,0.398,0.118,0.249,0.31,0.206,0.45,0.206,0.363,0.211,0.29,0.391,0.315,0.152,0.252,0.223,0.238,0.185,0.434,0.196,0.298,0.249,0.253,0.289,0.511,0.32,0.132,0.324,0.125,0.21,0.244,0.245,0.243,0.349,0.165,0.126,0.218,0.177,0.171,0.272,0.165,0.286,0.264,0.364,0.25,0.224,0.25,0.266,0.329,0.317,0.348,0.227,1.0,0.145,0.326,0.3,0.282,0.282,0.221,0.172,0.366,0.1,0.158,0.506,0.177,0.3,0.186,0.36,0.257,0.315,0.179,0.259,0.237,0.21,0.177,0.116,0.285,0.28,0.295,0.165,1.0,0.311,0.427,0.277,0.62,0.232,0.207,0.344,0.212,0.106,0.266,0.277,0.329,0.288,0.214,0.147,0.222,0.315,0.192,0.334,0.311,0.29,0.136,0.28,0.325,0.108,0.341,0.237,0.361,0.152,0.218,0.247,0.177,0.233,0.159,0.233,0.161,0.176,0.134,0.118,0.319,0.146,0.263,0.212,0.3,0.36,0.216,0.191,0.281,0.346,0.225,0.247,0.444,0.336,0.36,0.333,0.33,0.24,0.27,0.247,0.294,0.417,0.226,0.313,0.29,0.236,0.322,0.222,0.18,0.265,0.214,0.241,0.27,0.203,0.135,0.177,0.366,0.338,0.311,0.096,0.186,0.25,0.258,0.339,0.405,0.364,0.249,0.488,0.394,0.241,0.385,0.218,0.256,0.297,0.185,0.308,0.299,0.34,0.305,0.288,0.249,0.139,0.335,0.325
0.226,0.214,0.334,0.15,0.143,0.178,0.112,0.251,0.185,0.173,0.095,0.368,0.154,0.136,0.247,0.116,0.293,0.221,0.159,0.297,0.29,0.143,0.143,0.24,0.195,0.167,0.218,0.322,0.375,0.243,0.214,0.185,0.225,0.308,0.246,0.306,0.351,0.227,0.22,0.226,0.444,0.205,0.375,0.111,0.272,0.215,0.307,0.254,0.316,0.309,0.245,0.257,0.169,0.238,0.359,0.275,0.373,0.209,0.211,0.099,0.36,0.249,0.293,0.139,0.191,0.366,0.143,0.352,0.182,0.158,0.182,0.24,0.29,0.303,0.362,0.275,0.172,0.158,0.357,0.1,0.069,0.162,0.196,0.207,0.233,0.168,0.222,0.19,0.206,0.296,0.22,0.194,0.403,0.147,0.286,0.239,0.214,0.19,0.143,0.285,0.173,0.17,0.159,0.119,0.233,0.159,0.113,0.288,0.266,0.266,0.17,0.141,0.261,0.237,0.17,0.279,0.218,0.1,0.328,0.234,0.369,0.31,0.357,0.251,0.323,0.379,0.19,0.065,0.21,0.433,0.4,0.398,0.434,0.126,0.254,0.334,0.274,0.103,0.264,0.156,0.156,0.373,0.153,0.356,0.119,0.405,0.118,0.232,0.193,0.302,0.161,0.29,0.278,0.247,0.193,0.523,0.343,0.179,0.328,0.388,0.154,0.174,0.17,0.225,0.087,0.103,0.156,0.294,0.272,0.273,0.293,0.077,0.084,0.165,0.208,0.156,0.215,0.099,0.315,0.358,0.262,0.196,0.118,0.117,0.103,0.312,0.254,0.209,0.259,0.133,0.138,0.273,0.255,0.15,0.215,0.09,0.132,0.178,0.09,0.208,0.267,0.207,0.153,0.244,0.298,0.263,0.279,0.156,0.121,0.251,0.437,0.198,0.087,0.181,0.315,0.299,0.2,0.227,0.26,0.085,0.138,0.547,0.16,0.252,0.216,0.231,0.124,0.214,0.083,0.208,0.365,0.188,0.17,0.146,0.262,0.3,0.269,0.237,0.311,1.0,0.128,0.356,0.847,0.066,0.328,0.33,0.247,0.13,0.177,0.136,0.303,0.327,0.281,0.191,0.167,0.214,0.156,0.295,0.194,0.366,0.155,0.304,0.377,0.172,0.357,0.184,0.313,0.196,0.099,0.321,0.122,0.246,0.159,0.238,0.083,0.216,0.199,0.15,0.485,0.201,0.28,0.26,0.297,0.231,0.18,0.183,0.208,0.267,0.338,0.303,0.227,0.218,0.209,0.064,0.298,0.293,0.23,0.269,0.334,0.076,0.247,0.132,0.298,0.235,0.355,0.267,0.298,0.201,0.238,0.28,0.235,0.127,0.112,0.214,0.248,0.499,0.19,0.092,0.237,0.113,0.327,0.465,0.397,0.131,0.231,0.425,0.075,0.237,0.194,0.298,0.484,0.137,0.259,0.239,0.257,0.252,0.293,0.156,0.333,0.088,0.307,0.527
0.086,0.296,0.093,0.351,0.377,0.07,0.235,0.377,0.311,0.084,0.251,0.274,0.151,0.252,0.173,0.425,0.149,0.058,0.283,0.277,0.154,0.178,0.113,0.531,0.635,0.231,0.173,0.377,0.531,0.235,0.525,0.077,0.14,0.359,0.096,0.531,0.143,0.1,0.459,0.366,0.164,0.274,0.24,0.458,0.188,0.311,0.352,0.311,0.421,0.055,0.125,0.173,0.549,0.311,0.422,0.062,0.148,0.173,0.235,0.415,0.141,0.062,0.128,0.825,0.442,0.531,0.074,0.257,0.302,0.345,0.274,0.531,0.422,0.099,0.093,0.531,0.274,0.066,0.274,0.366,0.35,0.66,0.084,0.139,0.07,0.66,0.296,0.525,0.378,0.377,0.377,0.525,0.66,0.531,0.093,0.139,0.296,0.087,0.337,0.173,0.328,0.421,0.237,0.59,0.125,0.145,0.66,0.345,0.101,0.458,0.267,0.458,0.051,0.141,0.296,0.279,0.066,0.176,0.148,0.237,0.173,0.248,0.137,0.447,0.139,0.128,0.087,0.048,0.66,0.176,0.173,0.175,0.173,0.074,0.311,0.311,0.458,0.66,0.084,0.531,0.531,0.19,0.311,0.173,0.144,0.186,0.228,0.377,0.311,0.096,0.22,0.352,0.424,0.476,0.345,0.173,0.073,0.258,0.234,0.263,0.104,0.531,0.24,0.221,0.407,0.307,0.531,0.149,0.23,0.319,0.19,0.377,0.401,0.302,0.549,0.301,0.531,0.415,0.345,0.274,0.59,0.66,0.59,0.458,0.133,0.328,0.08,0.525,0.237,0.421,0.377,0.24,0.097,0.113,0.531,0.076,0.26,0.531,0.085,0.239,0.237,0.66,0.531,0.525,0.531,0.276,0.213,0.59,0.345,0.217,0.221,0.109,0.508,0.208,0.357,0.531,0.421,0.147,0.352,0.095,0.331,0.221,0.296,0.164,0.158,0.274,0.08,0.296,0.461,0.311,0.099,0.173,0.119,0.108,0.531,0.237,0.227,0.197,0.427,0.128,1.0,0.296,0.173,0.345,0.153,1.0,0.208,0.102,0.377,0.351,0.19,0.274,0.148,0.151,0.345,0.296,0.425,0.221,0.59,0.263,0.107,0.125,0.161,0.063,0.66,0.344,0.19,0.084,0.458,0.148,0.55,0.171,0.151,0.458,0.062,0.128,0.086,0.1,0.075,0.072,0.274,0.147,0.428,0.274,0.428,0.208,0.386,0.19,0.151,0.309,0.66,0.312,0.527,0.258,0.208,0.531,0.345,0.458,0.66,0.345,0.227,0.471,0.66,0.277,0.66,0.208,0.077,0.66,0.296,0.133,0.549,0.306,0.164,0.099,0.163,0.208,0.24,0.113,0.164,0.425,0.173,0.237,0.217,0.746,0.28,0.531,0.337,0.274,0.422,0.097,0.148,0.177,0.112,0.171,0.531,0.55,0.194,0.339,0.148,0.073,0.531,0.458
0.164,1.0,0.185,0.161,0.252,0.152,0.124,0.441,0.295,0.262,0.172,0.41,0.177,0.11,0.193,0.138,0.223,0.091,0.222,0.251,0.107,0.141,0.302,0.445,0.131,0.156,0.181,0.403,0.296,0.229,0.208,0.206,0.152,0.158,0.13,0.166,0.199,0.156,0.176,0.175,0.247,0.21,0.202,0.166,0.382,0.253,0.194,0.467,0.261,0.583,0.142,0.34,0.174,0.332,0.452,0.313,0.142,0.143,0.208,0.134,0.303,0.45,0.314,0.225,0.19,0.357,0.151,0.364,0.146,0.271,0.295,0.445,0.191,0.158,0.317,0.211,0.32,0.124,0.33,0.157,0.143,0.327,0.15,0.152,0.101,0.265,0.606,0.146,0.176,0.272,0.302,0.174,0.288,0.226,0.343,0.235,1.0,0.186,0.161,0.188,0.25,0.231,0.171,0.196,0.123,0.242,0.212,0.355,0.212,0.386,0.181,0.239,0.07,0.159,0.615,0.163,0.216,0.142,0.159,0.166,0.228,0.269,0.271,0.146,0.48,0.19,0.186,0.275,0.185,0.266,0.229,0.404,0.361,0.153,0.467,0.484,0.496,0.22,0.13,0.253,0.253,0.195,0.26,0.221,0.205,0.296,0.252,0.369,0.252,0.121,0.228,0.296,0.283,0.27,0.128,0.341,0.306,0.139,0.208,0.193,0.136,0.631,0.206,0.345,0.181,0.174,0.253,0.256,0.197,0.369,0.201,0.14,0.182,0.158,0.165,0.189,0.323,0.134,0.415,0.526,0.203,0.247,0.252,0.202,0.184,0.271,0.278,0.144,0.32,0.141,0.21,0.23,0.361,0.244,0.402,0.139,0.238,0.294,0.165,0.157,0.218,0.202,0.259,0.178,0.359,0.24,0.565,0.167,0.138,0.414,0.445,0.125,0.179,0.334,0.247,0.385,0.199,0.171,0.202,0.237,0.128,0.272,0.581,0.296,0.177,0.383,0.274,1.0,0.184,0.31,0.354,0.158,0.135,0.116,0.243,0.224,0.309,0.101,0.277,0.356,0.296,1.0,0.204,0.112,0.159,0.223,0.382,0.192,0.295,0.191,0.32,0.613,0.166,0.188,0.289,1.0,0.137,0.229,0.237,0.513,0.262,0.174,0.386,0.316,0.182,0.285,0.202,0.15,0.135,0.146,0.129,0.169,0.138,0.226,0.152,0.175,0.224,0.238,0.147,0.124,0.331,0.326,0.178,0.383,0.189,0.171,0.207,0.217,0.155,0.233,0.22,0.29,0.197,0.113,0.379,0.268,0.187,0.314,0.285,0.147,0.196,0.247,0.231,0.249,0.238,0.255,0.642,0.35,0.546,0.378,0.216,0.208,0.218,0.185,0.265,0.459,0.184,0.146,0.229,0.14,0.225,0.238,0.334,0.195,0.236,0.34,0.163,0.249,0.236,0.332,0.395,0.132,0.19,0.284,0.217,0.181,0.154,0.165,0.205,0.191,0.192,0.185
0.272,0.204,0.69,0.303,0.217,0.257,0.265,0.217,0.28,0.279,0.155,0.847,0.383,0.279,0.847,0.211,0.401,0.516,0.256,0.915,0.313,0.383,0.236,0.191,1.0,0.392,1.0,0.756,1.0,0.25,0.49,0.584,0.272,1.0,0.556,0.915,0.422,0.306,1.0,0.744,0.847,0.419,1.0,0.155,0.185,0.584,0.847,0.28,0.178,0.067,0.809,0.44,0.187,0.383,0.453,0.52,0.915,1.0,0.795,0.16,0.545,0.182,0.847,0.195,0.298,0.756,0.35,0.178,0.392,0.28,0.259,0.191,1.0,0.756,0.69,0.782,0.259,0.545,0.847,0.134,0.119,0.357,0.279,0.847,0.535,0.192,0.432,0.548,0.915,0.756,0.13,0.392,0.915,0.545,0.69,0.534,0.204,0.272,0.357,0.73,0.847,0.212,0.318,0.258,0.809,0.318,0.173,0.795,0.721,0.376,0.383,0.229,0.384,0.608,0.204,0.847,0.545,0.239,0.915,1.0,1.0,0.782,0.167,0.695,0.376,0.847,0.272,0.065,0.915,0.782,1.0,0.847,1.0,0.35,0.28,0.28,0.155,0.173,0.556,0.191,0.191,1.0,0.28,1.0,0.181,0.704,0.161,0.242,0.49,0.659,0.513,0.188,0.34,0.915,0.69,0.915,0.516,0.392,0.782,0.915,0.347,0.204,0.237,0.513,0.128,0.217,0.191,0.795,1.0,0.321,1.0,0.161,0.145,0.112,0.153,0.548,0.252,0.16,0.69,0.259,0.756,0.756,0.161,0.155,0.172,1.0,0.171,0.392,0.795,0.321,0.279,0.756,0.263,0.246,0.191,0.24,0.288,0.28,0.143,0.831,0.635,0.545,0.229,0.809,0.847,0.847,0.117,0.659,0.278,0.168,0.119,0.752,0.15,0.217,0.756,0.191,0.727,0.392,0.399,0.157,0.306,1.0,0.204,0.188,0.454,0.259,0.123,0.204,0.145,0.383,0.567,0.658,0.602,0.323,0.567,0.915,0.556,0.25,0.62,0.847,0.173,0.204,1.0,0.114,0.221,1.0,0.217,0.294,0.259,0.271,0.567,0.259,0.915,0.383,0.116,0.204,0.681,0.721,0.345,0.545,0.303,0.809,0.202,0.182,1.0,0.28,0.847,0.279,0.161,0.915,0.323,0.23,0.383,0.162,0.182,0.847,0.608,0.306,0.594,0.545,0.279,0.392,0.847,0.259,0.161,0.497,0.243,0.533,0.847,0.847,0.915,0.357,0.444,0.097,0.567,0.663,0.915,0.391,0.795,0.114,0.658,0.172,0.795,0.663,0.756,0.251,0.083,0.195,0.204,0.323,0.567,0.229,0.188,0.29,0.221,0.847,0.545,0.236,0.188,0.211,1.0,1.0,0.782,0.224,0.513,0.217,0.116,0.259,0.306,0.714,0.915,0.204,0.795,0.17,1.0,1.0,1.0,0.34,0.915,0.143,0.915,1.0
0.057,0.147,0.044,0.193,0.182,0.04,0.361,0.117,0.08,0.046,0.114,0.099,0.065,0.28,0.058,0.462,0.069,0.038,0.144,0.117,0.146,0.075,0.056,0.215,0.057,0.08,0.051,0.098,0.289,0.114,0.079,0.044,0.143,0.148,0.057,0.076,0.091,0.064,0.085,0.269,0.084,0.082,0.089,0.232,0.12,0.08,0.17,0.168,0.201,0.032,0.068,0.063,0.294,0.142,0.142,0.033,0.067,0.047,0.27,0.313,0.09,0.033,0.039,0.355,0.108,0.123,0.037,0.16,0.143,0.583,0.134,0.215,0.258,0.045,0.044,0.158,0.121,0.036,0.081,0.563,0.23,0.166,0.053,0.042,0.04,0.302,0.116,0.179,0.062,0.094,0.306,0.103,0.202,0.108,0.045,0.06,0.147,0.05,0.218,0.065,0.076,0.305,0.136,0.29,0.057,0.075,0.309,0.214,0.051,0.158,0.111,0.389,0.039,0.055,0.112,0.078,0.034,0.104,0.061,0.067,0.075,0.1,0.08,0.088,0.065,0.054,0.05,0.024,0.139,0.179,0.061,0.101,0.101,0.035,0.168,0.114,0.229,0.309,0.05,0.347,0.541,0.086,0.095,0.061,0.058,0.069,0.206,0.13,0.156,0.061,0.064,0.175,0.135,0.137,0.457,0.062,0.041,0.22,0.103,0.195,0.052,0.382,0.112,0.059,0.351,0.097,0.347,0.053,0.074,0.175,0.07,0.153,0.318,0.717,0.483,0.072,0.152,0.313,0.313,0.119,0.153,0.176,0.322,0.446,0.058,0.09,0.046,0.102,0.049,0.315,0.267,0.1,0.055,0.038,0.211,0.035,0.095,0.288,0.049,0.076,0.117,0.145,0.381,0.117,0.068,0.071,0.25,0.114,0.519,0.178,0.282,0.036,0.291,0.116,0.142,0.297,0.176,0.091,0.184,0.046,0.162,0.173,0.11,0.14,0.083,0.155,0.04,0.147,0.231,0.169,0.056,0.052,0.087,0.057,0.311,0.062,0.072,0.165,0.232,0.066,0.345,0.112,0.114,1.0,0.058,0.261,0.094,0.053,0.193,0.257,0.061,0.114,0.059,0.074,0.633,0.147,0.094,0.114,0.146,0.194,0.06,0.053,0.143,0.033,0.166,0.166,0.079,0.053,0.383,0.068,0.121,0.074,0.053,0.236,0.031,0.048,0.037,0.054,0.047,0.041,0.097,0.061,0.072,0.155,0.304,0.055,0.262,0.077,0.058,0.119,0.12,0.08,0.184,0.268,0.072,0.125,0.376,0.213,0.177,1.0,0.071,0.294,0.166,0.088,0.201,0.071,0.041,0.225,0.077,0.104,0.148,0.173,0.07,0.058,0.183,0.085,0.077,0.03,0.072,0.461,0.087,0.122,0.16,0.201,0.168,0.258,0.918,0.133,0.172,0.047,0.076,0.148,0.052,0.163,0.104,0.125,0.082,0.209,0.057,0.04,0.119,0.194
0.281,0.258,0.256,0.084,0.139,0.149,0.121,0.185,0.16,0.124,0.084,0.285,0.092,0.1,0.132,0.101,0.212,0.098,0.107,0.143,0.361,0.097,0.074,0.182,0.132,0.153,0.144,0.169,0.276,0.329,0.226,0.082,0.297,0.165,0.098,0.239,0.415,0.137,0.139,0.124,0.2,0.186,0.242,0.128,0.189,0.143,0.132,0.294,0.322,0.157,0.127,0.253,0.19,0.17,0.187,0.134,0.133,0.136,0.11,0.091,0.147,0.101,0.154,0.14,0.172,0.21,0.085,0.429,0.188,0.159,0.178,0.182,0.159,0.271,0.181,0.164,0.22,0.119,0.313,0.114,0.056,0.134,0.175,0.118,0.142,0.197,0.154,0.1,0.159,0.277,0.132,0.216,0.254,0.132,0.13,0.168,0.258,0.106,0.096,0.14,0.11,0.173,0.14,0.131,0.119,0.099,0.106,0.185,0.119,0.185,0.156,0.136,0.089,0.11,0.155,0.12,0.125,0.114,0.151,0.15,0.161,0.182,0.46,0.117,0.179,0.126,0.106,0.085,0.155,0.163,0.159,0.307,0.178,0.104,0.294,0.245,0.2,0.09,0.178,0.179,0.179,0.184,0.159,0.2,0.088,0.38,0.14,0.168,0.182,0.118,0.16,0.36,0.313,0.164,0.112,0.234,0.211,0.186,0.151,0.158,0.111,0.157,0.168,0.139,0.104,0.107,0.179,0.185,0.195,0.164,0.233,0.07,0.077,0.122,0.204,0.174,0.169,0.091,0.151,0.175,0.27,0.181,0.14,0.136,0.114,0.248,0.218,0.266,0.242,0.12,0.146,0.243,0.137,0.133,0.193,0.093,0.162,0.173,0.105,0.143,0.184,0.168,0.138,0.153,0.205,0.189,0.133,0.122,0.144,0.14,0.227,0.117,0.08,0.21,0.17,0.14,0.177,0.217,0.412,0.123,0.111,0.33,0.142,0.148,0.167,0.265,0.137,0.258,0.073,0.167,0.189,0.117,0.091,0.116,0.165,0.202,0.183,0.372,0.207,0.328,0.153,0.159,0.221,0.058,1.0,0.169,0.204,0.084,0.161,0.097,0.204,0.18,0.137,0.094,0.125,0.258,0.114,0.169,0.145,0.131,0.078,0.141,0.19,0.087,0.412,0.179,0.151,0.175,0.105,0.135,0.132,0.283,0.122,0.168,0.106,0.107,0.094,0.119,0.122,0.111,0.226,0.229,0.122,0.265,0.171,0.115,0.209,0.206,0.121,0.242,0.174,0.182,0.134,0.074,0.184,0.232,0.135,0.218,0.16,0.09,0.125,0.155,0.159,0.149,0.306,0.46,0.101,0.178,0.281,0.152,0.185,0.127,0.109,0.115,0.135,0.196,0.157,0.094,0.203,0.102,0.164,0.241,0.174,0.2,0.204,0.276,0.09,0.327,0.176,0.122,0.153,0.121,0.104,0.232,0.258,0.352,0.18,0.14,0.127,0.095,0.247,0.355
0.272,0.296,0.29,0.288,0.3,0.153,0.221,0.221,0.222,0.141,0.193,0.226,0.196,0.256,0.323,0.323,0.245,0.288,0.242,0.326,0.222,0.203,0.157,0.305,0.288,0.225,0.285,0.332,0.387,0.181,0.25,0.241,0.192,0.411,0.276,0.358,0.422,0.306,0.325,0.366,0.388,0.269,0.413,0.27,0.162,0.321,0.442,0.311,0.273,0.067,0.297,0.22,0.289,0.316,0.251,0.181,0.44,0.277,0.312,0.302,0.325,0.102,0.204,0.492,0.224,0.366,0.185,0.174,0.308,0.288,0.241,0.305,0.459,0.283,0.24,0.375,0.223,0.205,0.26,0.366,0.231,0.333,0.279,0.28,0.27,0.426,0.321,0.433,0.272,0.289,0.247,0.3,0.399,0.262,0.205,0.252,0.296,0.272,0.293,0.358,0.264,0.319,0.248,0.424,0.291,0.194,0.463,0.227,0.34,0.286,0.266,0.325,0.384,0.301,0.239,0.381,0.213,0.166,0.401,0.308,0.445,0.251,0.167,0.377,0.188,0.479,0.272,0.065,0.394,0.385,0.394,0.215,0.443,0.166,0.311,0.222,0.263,0.467,0.273,0.531,0.531,0.416,0.209,0.38,0.153,0.267,0.228,0.256,0.269,0.362,0.215,0.235,0.264,0.278,0.294,0.349,0.274,0.262,0.343,0.436,0.202,0.381,0.201,0.159,0.407,0.272,0.531,0.281,0.314,0.224,0.275,0.254,0.3,0.21,0.35,0.212,0.258,0.302,0.23,0.22,0.417,0.361,0.59,0.458,0.131,0.33,0.115,0.308,0.194,0.33,0.292,0.255,0.159,0.156,0.302,0.123,0.21,0.337,0.128,0.302,0.379,0.344,0.381,0.374,0.249,0.254,0.213,0.305,0.242,0.17,0.221,0.267,0.376,0.217,0.572,0.313,0.307,0.271,0.297,0.135,0.288,0.479,0.233,0.158,0.274,0.274,0.092,0.296,0.348,0.288,0.239,0.263,0.236,0.19,0.45,0.28,0.197,0.205,0.344,0.33,1.0,0.223,1.0,0.261,0.169,1.0,0.181,0.154,0.27,0.284,0.169,0.217,0.362,0.234,0.218,0.296,0.263,0.254,0.316,0.303,0.183,0.342,0.164,0.102,0.408,0.278,0.329,0.279,0.316,0.379,0.295,0.195,0.208,0.313,0.115,0.246,0.217,0.173,0.594,0.266,0.225,0.198,0.406,0.274,0.289,0.249,0.269,0.301,0.405,0.336,0.343,0.177,0.448,0.258,0.155,0.316,0.333,0.342,0.486,0.345,0.328,0.471,0.473,0.266,0.355,0.179,0.074,0.343,0.222,0.179,0.278,0.255,0.181,0.29,0.191,0.317,0.241,0.123,0.158,0.324,0.376,0.411,0.381,0.427,0.309,0.266,0.337,0.22,0.338,0.255,0.39,0.182,0.305,0.161,0.278,0.335,0.341,0.281,0.399,0.13,0.362,0.524
0.245,0.383,0.169,0.132,0.611,0.121,0.253,0.648,0.227,0.169,0.13,0.396,0.149,0.1,0.145,0.137,0.183,0.077,0.311,0.167,0.099,0.122,0.144,0.38,0.09,0.137,0.123,0.305,0.213,0.254,0.188,0.114,0.15,0.153,0.275,0.15,0.234,0.142,0.126,0.14,0.232,0.332,0.177,0.132,0.465,0.196,0.14,0.388,0.206,0.398,0.133,0.255,0.133,0.296,0.454,0.238,0.134,0.105,0.129,0.134,0.196,0.226,0.261,0.184,0.146,0.237,0.088,0.395,0.141,0.234,0.663,0.38,0.164,0.157,0.301,0.165,0.52,0.083,0.472,0.143,0.098,0.187,0.127,0.104,0.145,0.331,0.3,0.124,0.123,0.184,0.265,0.169,0.189,0.282,0.183,0.173,0.383,0.139,0.141,0.156,0.135,0.2,0.155,0.149,0.114,0.161,0.164,0.276,0.129,0.374,0.149,0.211,0.072,0.131,0.294,0.125,0.14,0.142,0.144,0.138,0.16,0.229,0.412,0.11,0.358,0.13,0.139,0.102,0.139,0.172,0.219,0.278,0.198,0.088,0.388,0.427,0.252,0.165,0.123,0.227,0.227,0.173,0.22,0.221,0.138,0.25,0.186,0.282,0.224,0.111,0.153,0.588,0.217,0.229,0.115,0.203,0.224,0.136,0.147,0.146,0.115,0.321,0.211,0.267,0.136,0.127,0.227,0.171,0.125,0.218,0.156,0.119,0.133,0.15,0.136,0.117,0.222,0.134,0.325,0.598,0.15,0.228,0.186,0.173,0.134,0.268,0.206,0.142,0.266,0.122,0.175,0.191,0.247,0.128,0.255,0.09,0.118,0.266,0.109,0.117,0.162,0.164,0.23,0.154,0.242,0.176,0.275,0.115,0.115,0.643,0.263,0.083,0.136,1.0,0.419,0.27,0.157,0.166,0.227,0.116,0.12,0.198,0.286,0.605,0.164,0.831,0.138,0.383,0.133,0.27,0.254,0.127,0.109,0.11,0.217,0.217,0.292,0.088,0.212,0.247,0.208,0.382,0.217,0.094,0.204,0.181,1.0,0.118,0.35,0.16,0.295,0.676,0.131,0.16,0.255,0.383,0.115,0.196,0.174,0.229,0.145,0.168,0.202,0.202,0.155,0.237,0.176,0.127,0.126,0.137,0.102,0.155,0.136,0.247,0.084,0.119,0.118,0.124,0.117,0.096,0.506,0.226,0.127,0.831,0.211,0.132,0.179,0.187,0.134,0.226,0.165,0.196,0.162,0.094,0.409,0.255,0.154,0.376,0.194,0.116,0.166,0.201,0.191,0.152,0.177,0.459,0.243,0.293,0.301,0.555,0.233,0.182,0.162,0.149,0.149,0.603,0.164,0.081,0.209,0.137,0.177,0.25,0.204,0.175,0.449,0.255,0.119,0.396,0.222,0.175,0.245,0.138,0.129,0.179,0.215,0.175,0.128,0.137,0.136,0.098,0.163,0.171
0.074,0.228,0.099,0.144,0.116,0.052,0.054,0.142,0.122,0.074,0.07,0.117,0.142,0.06,0.165,0.082,0.125,0.097,0.09,0.118,0.058,0.12,0.161,0.109,0.106,0.115,0.103,0.136,0.115,0.079,0.085,0.154,0.066,0.134,0.117,0.103,0.114,0.084,0.126,0.107,0.155,0.12,0.181,0.07,0.081,0.194,0.136,0.211,0.108,0.102,0.119,0.143,0.069,0.217,0.099,0.084,0.152,0.084,0.095,0.08,0.119,0.086,0.102,0.098,0.065,0.11,0.145,0.106,0.083,0.137,0.151,0.109,0.138,0.085,0.111,0.091,0.229,0.066,0.118,0.084,0.1,0.204,0.071,0.113,0.096,0.074,0.177,0.089,0.095,0.163,0.08,0.086,0.102,0.073,0.115,0.1,0.228,0.173,0.157,0.116,0.118,0.107,0.089,0.078,0.1,0.155,0.084,0.092,0.108,0.197,0.134,0.116,0.104,0.095,0.19,0.109,0.078,0.062,0.133,0.107,0.161,0.106,0.106,0.102,0.101,0.159,0.173,0.459,0.102,0.134,0.134,0.123,0.273,0.132,0.211,0.151,0.151,0.083,0.089,0.131,0.131,0.161,0.122,0.132,0.14,0.112,0.095,0.09,0.115,0.125,0.118,0.095,0.105,0.083,0.082,0.149,0.113,0.078,0.101,0.13,0.061,0.193,0.12,0.099,0.07,0.067,0.131,0.144,0.116,0.078,0.105,0.058,0.067,0.066,0.075,0.131,0.091,0.08,0.098,0.143,0.094,0.105,0.095,0.098,0.095,0.127,0.133,0.076,0.111,0.068,0.091,0.085,0.111,0.105,0.158,0.067,0.182,0.145,0.086,0.098,0.153,0.088,0.127,0.101,0.115,0.099,0.069,0.076,0.062,0.082,0.069,0.129,0.07,0.15,0.152,0.105,0.096,0.101,0.094,0.101,0.072,0.167,0.168,0.114,0.137,0.194,0.063,0.228,0.067,0.181,0.113,0.109,0.087,0.063,0.135,0.104,0.089,0.052,0.106,0.13,0.102,0.192,0.294,0.053,0.084,0.154,0.118,1.0,0.113,0.123,0.09,0.153,0.113,0.189,0.218,0.228,0.09,0.091,0.088,0.12,0.167,0.115,0.065,0.087,0.134,0.123,0.128,0.071,0.072,0.136,0.074,0.162,0.122,0.087,0.041,0.087,0.127,0.254,0.141,0.088,0.116,0.089,0.122,0.194,0.069,0.12,0.095,0.104,0.148,0.098,0.105,0.119,0.138,0.052,0.1,0.092,0.132,0.125,0.172,0.062,0.147,0.109,0.16,0.122,0.083,0.11,0.096,0.098,0.14,0.088,0.088,0.093,0.089,0.262,0.102,0.139,0.099,0.081,0.083,0.082,0.162,0.169,0.134,0.083,0.108,0.078,0.06,0.119,0.125,0.115,0.166,0.082,0.176,0.11,0.098,0.089,0.115,0.074,0.151,0.077,0.119,0.159
0.154,0.383,0.209,0.333,0.567,0.093,0.206,0.567,0.302,0.135,0.167,0.351,0.157,0.146,0.186,0.233,0.153,0.071,0.23,0.358,0.126,0.145,0.266,0.287,0.199,0.155,0.158,0.504,0.244,0.28,0.203,0.132,0.141,0.263,0.143,0.231,0.234,0.392,0.191,0.213,0.171,0.287,0.204,0.241,0.255,0.246,0.226,0.469,0.224,0.44,0.168,0.207,0.204,0.27,0.319,0.175,0.141,0.145,0.19,0.19,0.16,0.133,0.206,0.306,0.248,0.262,0.12,0.459,0.159,0.265,0.372,0.287,0.306,0.124,0.211,0.207,0.326,0.108,0.436,0.304,0.235,0.242,0.165,0.21,0.108,0.268,0.251,0.209,0.199,0.411,0.384,0.212,0.24,0.246,0.2,0.196,0.383,0.187,0.274,0.167,0.422,0.388,0.23,0.388,0.144,0.208,0.25,0.28,0.128,0.284,0.177,0.298,0.091,0.167,0.254,0.21,0.162,0.234,0.16,0.189,0.163,0.224,0.246,0.183,0.226,0.16,0.187,0.102,0.243,0.149,0.19,0.21,0.179,0.131,0.469,0.307,0.266,0.252,0.102,0.334,0.334,0.176,0.245,0.195,0.167,0.199,0.251,0.515,0.247,0.109,0.209,0.368,0.22,0.239,0.176,0.211,0.152,0.184,0.172,0.175,0.104,0.292,0.199,0.25,0.484,0.178,0.334,0.162,0.229,0.372,0.214,0.439,0.434,0.19,0.208,0.196,0.288,0.19,0.254,0.359,0.259,0.263,0.341,0.416,0.161,0.379,0.182,0.19,0.27,0.252,0.26,0.191,0.15,0.234,0.257,0.109,0.165,0.283,0.104,0.139,0.193,0.222,0.264,0.215,0.339,0.211,0.262,0.175,0.193,0.301,0.207,0.158,0.26,0.831,0.342,0.255,0.361,0.143,0.219,0.178,0.207,0.189,0.245,0.231,0.173,1.0,0.108,0.383,0.19,0.296,0.231,0.178,0.139,0.114,0.251,0.233,0.258,0.141,0.266,0.177,0.377,0.295,0.259,0.193,0.161,0.27,0.35,0.113,1.0,0.354,0.221,0.404,0.15,0.16,0.228,0.383,0.176,0.237,0.248,0.255,0.152,0.14,0.142,0.11,0.236,0.253,0.2,0.165,0.254,0.152,0.19,0.184,0.147,0.243,0.072,0.142,0.264,0.152,0.364,0.1,0.42,0.177,0.222,1.0,0.209,0.206,0.233,0.168,0.156,0.353,0.246,0.216,0.285,0.35,0.296,0.264,0.206,0.286,0.252,0.286,0.196,0.292,0.246,0.268,0.263,0.305,0.139,0.276,0.267,0.262,0.316,0.215,0.175,0.195,0.129,0.321,0.181,0.219,0.149,0.249,0.213,0.216,0.21,0.326,0.334,0.237,0.265,0.357,0.3,0.212,0.176,0.17,0.152,0.13,0.258,0.235,0.181,0.23,0.239,0.091,0.238,0.244
0.093,0.25,0.092,0.475,0.236,0.061,0.182,0.172,0.165,0.074,0.14,0.126,0.222,0.158,0.175,0.284,0.159,0.088,0.175,0.241,0.16,0.199,0.158,0.178,0.143,0.192,0.148,0.175,0.178,0.153,0.137,0.135,0.116,0.253,0.182,0.142,0.146,0.107,0.154,0.245,0.173,0.189,0.241,0.204,0.132,0.229,0.209,0.53,0.179,0.056,0.133,0.111,0.145,0.445,0.156,0.066,0.152,0.116,0.183,0.204,0.131,0.054,0.093,0.285,0.131,0.14,0.094,0.19,0.147,0.279,0.218,0.178,0.262,0.097,0.092,0.17,0.199,0.071,0.146,0.402,0.306,0.16,0.092,0.113,0.122,0.198,0.196,0.212,0.139,0.174,0.237,0.147,0.173,0.133,0.094,0.135,0.25,0.256,0.269,0.159,0.158,0.464,0.162,0.372,0.114,0.214,0.236,0.137,0.11,0.187,0.224,0.314,0.157,0.111,0.206,0.135,0.072,0.175,0.162,0.189,0.162,0.17,0.141,0.147,0.104,0.161,0.256,0.051,0.225,0.167,0.133,0.119,0.197,0.139,0.53,0.194,0.171,0.24,0.154,0.315,0.315,0.177,0.267,0.141,0.472,0.165,0.319,0.165,0.234,0.252,0.112,0.228,0.178,0.17,0.174,0.178,0.114,0.176,0.149,0.196,0.088,0.259,0.176,0.108,0.689,0.129,0.315,0.107,0.189,0.183,0.141,0.17,0.553,0.198,0.18,0.136,0.186,0.204,0.142,0.195,0.181,0.18,0.319,0.287,0.099,0.149,0.102,0.146,0.114,0.27,0.252,0.128,0.083,0.1,0.172,0.084,0.131,0.241,0.079,0.117,0.246,0.188,0.249,0.159,0.114,0.14,0.365,0.191,0.196,0.194,0.198,0.1,0.332,0.203,0.229,0.183,0.272,0.137,0.161,0.076,0.138,0.193,0.186,0.143,0.251,0.259,0.068,0.25,0.188,0.488,0.105,0.227,0.166,0.089,0.224,0.144,0.125,0.129,0.277,0.136,0.351,0.191,0.271,0.257,0.097,0.284,0.16,0.123,0.354,1.0,0.094,0.192,0.125,0.287,0.2,0.25,0.164,0.177,0.233,0.216,0.281,0.113,0.103,0.055,0.181,0.338,0.156,0.092,0.308,0.161,0.127,0.191,0.191,0.187,0.054,0.102,0.108,0.086,0.123,0.092,0.165,0.1,0.169,0.259,0.206,0.166,0.228,0.137,0.197,0.227,0.201,0.138,0.348,0.502,0.125,0.152,0.181,0.179,0.189,0.385,0.315,0.274,0.186,0.193,0.199,0.126,0.066,0.186,0.14,0.136,0.158,0.222,0.119,0.319,0.163,0.163,0.136,0.074,0.123,0.335,0.186,0.205,0.208,0.272,0.224,0.178,0.371,0.242,0.239,0.105,0.158,0.209,0.201,0.095,0.144,0.161,0.151,0.281,0.195,0.066,0.184,0.223
0.22,0.274,0.275,0.105,0.085,0.217,0.079,0.347,0.188,0.204,0.064,0.38,0.105,0.069,0.194,0.077,0.201,0.098,0.149,0.203,0.102,0.106,0.086,0.329,0.256,0.137,0.228,0.394,0.313,0.33,0.265,0.118,0.212,0.211,0.15,0.286,0.269,0.244,0.242,0.173,0.185,0.167,0.244,0.072,0.338,0.143,0.193,0.178,0.216,0.736,0.129,0.272,0.121,0.115,0.406,0.386,0.143,0.183,0.116,0.068,0.463,0.346,0.517,0.095,0.263,0.384,0.1,0.403,0.098,0.124,0.098,0.329,0.161,0.194,0.415,0.324,0.122,0.178,0.392,0.129,0.052,0.196,0.132,0.234,0.248,0.189,0.18,0.155,0.226,0.28,0.245,0.196,0.353,0.177,0.339,0.224,0.274,0.186,0.091,0.16,0.175,0.096,0.101,0.086,0.185,0.1,0.071,0.419,0.154,0.357,0.097,0.097,0.484,0.157,0.161,0.216,0.205,0.078,0.261,0.213,0.208,0.321,0.327,0.223,0.32,0.234,0.186,0.132,0.179,0.279,0.496,0.392,0.252,0.151,0.178,0.346,0.291,0.07,0.171,0.182,0.182,0.19,0.107,0.275,0.106,0.349,0.119,0.309,0.151,0.146,0.161,0.252,0.244,0.282,0.202,0.371,0.435,0.128,0.26,0.253,0.104,0.164,0.093,0.445,0.123,0.077,0.182,0.375,0.276,0.321,0.234,0.058,0.058,0.136,0.103,0.273,0.272,0.068,0.468,0.261,0.151,0.233,0.177,0.169,0.177,0.38,0.22,0.205,0.43,0.087,0.082,0.341,0.327,0.213,0.27,0.083,0.128,0.111,0.091,0.128,0.179,0.203,0.094,0.285,0.319,0.351,0.267,0.126,0.092,0.231,0.748,0.203,0.063,0.126,0.166,0.231,0.208,0.099,0.213,0.113,0.082,0.329,0.174,0.188,0.112,0.165,0.153,0.274,0.054,0.114,0.365,0.203,0.143,0.105,0.161,0.454,0.443,0.116,0.329,0.303,0.19,0.32,0.567,0.061,0.204,0.169,0.295,0.09,0.221,0.094,1.0,0.298,0.181,0.09,0.284,0.274,0.163,0.281,0.213,0.331,0.091,0.262,0.247,0.307,0.264,0.133,0.152,0.132,0.073,0.161,0.1,0.113,0.102,0.18,0.051,0.174,0.19,0.153,0.351,0.127,0.246,0.285,0.263,0.165,0.153,0.16,0.174,0.16,0.191,0.262,0.231,0.266,0.141,0.094,0.39,0.345,0.2,0.315,0.291,0.202,0.149,0.148,0.325,0.273,0.264,0.2,0.293,0.231,0.323,0.268,0.376,0.089,0.099,0.143,0.219,0.307,0.13,0.12,0.133,0.08,0.162,0.248,0.321,0.147,0.128,0.323,0.177,0.153,0.122,0.345,0.284,0.072,0.16,0.21,0.324,0.246,0.27,0.081,0.18,0.092,0.311,0.226
0.164,0.383,0.185,0.163,0.568,0.146,0.232,0.642,0.255,0.234,0.149,0.498,0.178,0.122,0.179,0.16,0.202,0.094,0.332,0.209,0.116,0.148,0.141,0.391,0.111,0.157,0.141,0.371,0.294,0.239,0.206,0.128,0.152,0.182,0.278,0.179,0.234,0.18,0.157,0.147,0.236,0.386,0.226,0.166,0.498,0.228,0.169,0.469,0.249,0.583,0.159,0.348,0.167,0.334,0.586,0.287,0.156,0.124,0.151,0.156,0.27,0.344,0.301,0.222,0.176,0.338,0.091,0.397,0.167,0.273,0.709,0.391,0.196,0.154,0.292,0.215,0.617,0.096,0.531,0.181,0.115,0.243,0.165,0.128,0.161,0.236,0.299,0.149,0.163,0.203,0.267,0.188,0.272,0.261,0.309,0.23,0.383,0.187,0.173,0.193,0.15,0.235,0.181,0.185,0.138,0.176,0.196,0.336,0.15,0.329,0.173,0.249,0.091,0.16,0.296,0.152,0.151,0.141,0.176,0.167,0.175,0.27,0.271,0.134,0.556,0.16,0.187,0.13,0.17,0.252,0.233,0.38,0.264,0.102,0.469,0.465,0.412,0.198,0.134,0.281,0.281,0.198,0.256,0.252,0.154,0.295,0.245,0.34,0.265,0.132,0.189,0.465,0.264,0.319,0.13,0.316,0.308,0.159,0.211,0.204,0.137,0.323,0.237,0.331,0.183,0.146,0.281,0.227,0.161,0.373,0.206,0.139,0.166,0.153,0.162,0.145,0.32,0.156,0.382,0.811,0.192,0.234,0.245,0.221,0.181,0.341,0.206,0.157,0.309,0.148,0.208,0.252,0.3,0.158,0.345,0.108,0.16,0.308,0.15,0.136,0.185,0.194,0.266,0.193,0.338,0.227,0.565,0.134,0.142,0.56,0.445,0.098,0.167,0.837,0.491,0.366,0.164,0.19,0.205,0.134,0.14,0.275,0.281,0.539,0.193,1.0,0.186,0.383,0.164,0.314,0.318,0.16,0.136,0.129,0.251,0.221,0.336,0.106,0.288,0.327,0.274,0.613,0.259,0.114,0.18,0.217,0.676,0.153,0.404,0.192,0.298,1.0,0.155,0.188,0.233,0.383,0.148,0.223,0.222,0.434,0.156,0.159,0.328,0.237,0.191,0.27,0.21,0.165,0.149,0.163,0.123,0.183,0.15,0.218,0.094,0.138,0.139,0.173,0.155,0.121,0.564,0.313,0.159,1.0,0.188,0.156,0.218,0.201,0.165,0.231,0.219,0.259,0.197,0.126,0.448,0.299,0.184,0.284,0.277,0.155,0.196,0.257,0.238,0.237,0.234,0.431,0.467,0.321,0.349,0.54,0.259,0.215,0.183,0.195,0.237,0.678,0.184,0.087,0.204,0.162,0.203,0.253,0.268,0.196,0.449,0.332,0.163,0.459,0.256,0.3,0.363,0.158,0.153,0.213,0.246,0.204,0.172,0.165,0.156,0.133,0.194,0.202
0.373,0.296,0.42,0.192,0.129,0.155,0.255,0.12,0.234,0.164,0.097,0.212,0.208,0.142,0.341,0.112,0.213,0.245,0.164,0.302,0.161,0.258,0.123,0.108,0.283,0.278,0.403,0.244,0.407,0.172,0.26,0.263,0.23,0.35,0.202,0.486,0.383,0.262,0.373,0.323,0.303,0.297,0.587,0.091,0.171,0.396,0.36,0.266,0.108,0.059,0.338,0.276,0.17,0.209,0.181,0.28,0.399,0.363,0.259,0.094,0.403,0.109,0.245,0.126,0.198,0.299,0.195,0.105,0.213,0.231,0.164,0.108,0.345,0.405,0.239,0.269,0.155,0.34,0.235,0.115,0.064,0.137,0.233,0.411,0.308,0.114,0.242,0.234,0.354,0.271,0.067,0.285,0.427,0.275,0.37,0.284,0.296,0.226,0.161,0.34,0.346,0.126,0.227,0.133,0.478,0.176,0.093,0.191,0.536,0.148,0.226,0.137,0.454,0.39,0.178,0.451,0.273,0.135,0.557,0.497,0.457,0.34,0.146,0.345,0.318,0.474,0.226,0.054,0.319,0.349,0.421,0.198,0.39,0.179,0.266,0.198,0.083,0.092,0.242,0.171,0.171,0.593,0.185,0.412,0.129,0.269,0.137,0.137,0.26,0.35,0.314,0.115,0.185,0.229,0.208,0.351,0.36,0.277,0.328,0.4,0.177,0.176,0.169,0.217,0.106,0.271,0.171,0.352,0.356,0.166,0.366,0.074,0.077,0.064,0.083,0.305,0.129,0.094,0.186,0.153,0.379,0.221,0.137,0.134,0.234,0.427,0.092,0.28,0.242,0.15,0.148,0.373,0.172,0.146,0.103,0.216,0.142,0.173,0.232,0.282,0.402,0.276,0.139,0.298,0.287,0.278,0.094,0.215,0.139,0.084,0.099,0.278,0.081,0.197,0.373,0.116,0.231,0.287,0.256,0.221,0.161,0.402,0.176,0.105,0.3,0.243,0.107,0.296,0.074,0.199,0.281,0.476,0.26,0.216,0.29,0.317,0.214,0.278,0.214,0.281,0.148,0.166,0.915,0.059,0.137,0.362,0.131,0.113,0.15,0.125,0.181,0.155,1.0,0.204,0.062,0.296,0.304,0.322,0.302,0.223,0.134,0.334,0.11,0.109,0.333,0.23,0.418,0.233,0.1,0.664,0.196,0.141,0.211,0.094,0.245,0.406,0.194,0.187,0.484,0.434,0.195,0.235,0.444,0.243,0.085,0.294,0.152,0.323,0.535,0.354,0.381,0.192,0.25,0.078,0.162,0.337,0.549,0.201,0.338,0.093,0.36,0.15,0.463,0.308,0.311,0.183,0.055,0.106,0.186,0.179,0.245,0.131,0.179,0.248,0.147,0.297,0.307,0.121,0.125,0.112,0.442,0.378,0.427,0.145,0.254,0.113,0.093,0.185,0.18,0.419,0.33,0.128,0.286,0.087,0.294,0.327,0.471,0.159,0.45,0.269,0.456,0.386
0.096,0.269,0.124,0.71,0.17,0.179,0.076,0.133,0.174,0.196,0.097,0.122,0.642,0.081,0.267,0.112,0.214,0.143,0.114,0.17,0.078,0.573,0.279,0.123,0.155,0.474,0.214,0.128,0.164,0.111,0.175,0.433,0.117,0.224,0.178,0.167,0.151,0.137,0.189,0.288,0.237,0.16,0.328,0.099,0.098,0.446,0.223,0.306,0.131,0.059,0.263,0.107,0.128,0.532,0.11,0.101,0.231,0.14,0.143,0.109,0.132,0.163,0.126,0.141,0.137,0.132,0.143,0.114,0.113,0.174,0.219,0.123,0.219,0.163,0.123,0.133,0.194,0.152,0.169,0.111,0.133,0.103,0.096,0.185,0.122,0.108,0.194,0.202,0.128,0.194,0.08,0.243,0.179,0.101,0.193,0.181,0.269,0.245,0.255,0.208,0.189,0.155,0.153,0.112,0.321,0.335,0.122,0.115,0.214,0.198,0.485,0.163,0.215,0.154,0.222,0.207,0.13,0.08,0.198,0.309,0.238,0.154,0.147,0.181,0.188,0.204,0.245,0.054,0.177,0.202,0.205,0.124,0.282,0.149,0.306,0.189,0.091,0.122,0.13,0.179,0.179,0.279,0.209,0.194,0.266,0.15,0.137,0.093,0.269,0.257,0.177,0.134,0.149,0.108,0.103,0.245,0.121,0.2,0.16,0.189,0.187,0.216,0.17,0.143,0.099,0.092,0.179,0.148,0.151,0.08,0.185,0.085,0.098,0.078,0.106,0.181,0.107,0.109,0.095,0.188,0.202,0.129,0.137,0.133,0.241,0.171,0.165,0.228,0.12,0.093,0.132,0.138,0.084,0.16,0.116,0.098,0.144,0.207,0.079,0.136,0.44,0.12,0.182,0.316,0.12,0.142,0.086,0.133,0.085,0.1,0.092,0.15,0.101,0.214,0.219,0.128,0.193,0.14,0.126,0.163,0.13,0.241,0.244,0.138,0.356,0.273,0.068,0.269,0.098,0.407,0.128,0.305,0.4,0.168,0.191,0.17,0.126,0.113,0.147,0.191,0.151,0.188,0.383,0.074,0.094,0.234,0.16,0.189,0.16,0.287,0.09,0.188,0.204,1.0,0.071,0.269,0.456,0.168,0.151,0.124,0.442,0.149,0.075,0.163,0.153,0.19,0.252,0.096,0.099,0.27,0.144,0.179,0.324,0.123,0.054,0.27,0.176,0.105,0.193,0.188,0.156,0.095,0.223,0.273,0.096,0.212,0.123,0.144,0.451,0.13,0.191,0.124,0.337,0.07,0.098,0.12,0.193,0.107,0.183,0.085,0.373,0.153,0.188,0.147,0.137,0.125,0.068,0.126,0.133,0.105,0.155,0.134,0.184,0.498,0.226,0.191,0.153,0.105,0.119,0.111,0.27,0.233,0.18,0.116,0.15,0.106,0.085,0.172,0.183,0.202,0.232,0.111,0.283,0.058,0.132,0.135,0.206,0.105,0.239,0.066,0.233,0.233
0.167,0.252,0.121,0.16,0.149,0.096,0.273,0.304,0.14,0.122,0.099,0.248,0.065,0.167,0.065,0.27,0.134,0.033,0.13,0.137,0.097,0.07,0.087,0.308,0.079,0.088,0.067,0.28,0.323,0.182,0.122,0.056,0.171,0.13,0.072,0.096,0.157,0.064,0.09,0.208,0.112,0.094,0.096,0.166,0.185,0.095,0.159,0.178,0.18,0.388,0.064,0.191,0.248,0.14,0.238,0.194,0.066,0.055,0.233,0.207,0.181,0.192,0.23,0.287,0.156,0.218,0.053,0.302,0.122,0.487,0.13,0.308,0.217,0.072,0.255,0.154,0.202,0.044,0.176,0.45,0.17,0.307,0.052,0.06,0.059,0.297,0.182,0.144,0.096,0.159,0.34,0.121,0.191,0.132,0.135,0.126,0.252,0.049,0.189,0.066,0.095,0.235,0.108,0.232,0.055,0.085,0.231,0.383,0.064,0.347,0.101,0.256,0.037,0.057,0.197,0.081,0.098,0.093,0.085,0.07,0.09,0.187,0.26,0.09,0.186,0.074,0.049,0.493,0.136,0.161,0.15,0.233,0.193,0.058,0.178,0.277,0.336,0.231,0.06,0.299,0.299,0.088,0.106,0.09,0.071,0.168,0.206,0.263,0.147,0.055,0.122,0.242,0.162,0.164,0.425,0.14,0.164,0.172,0.117,0.174,0.049,0.27,0.109,0.231,0.351,0.094,0.299,0.16,0.098,0.248,0.088,0.12,0.235,0.469,0.35,0.137,0.224,0.207,0.487,0.212,0.139,0.199,0.322,0.265,0.089,0.177,0.141,0.118,0.229,0.225,0.201,0.127,0.217,0.101,0.303,0.046,0.187,0.186,0.083,0.074,0.114,0.16,0.206,0.15,0.226,0.139,0.273,0.119,0.425,0.233,0.282,0.057,0.218,0.119,0.133,0.253,0.195,0.082,0.212,0.104,0.121,0.176,0.177,0.146,0.079,0.163,0.097,0.252,0.17,0.15,0.195,0.054,0.072,0.053,0.177,0.159,0.216,0.114,0.222,0.167,0.345,0.289,0.116,0.633,0.125,0.218,0.255,0.218,0.228,0.2,0.284,0.233,0.062,0.071,1.0,0.252,0.091,0.176,0.15,0.279,0.076,0.105,0.199,0.21,0.21,0.146,0.08,0.052,0.195,0.066,0.11,0.074,0.059,0.217,0.038,0.057,0.079,0.225,0.046,0.039,0.205,0.18,0.081,0.163,0.232,0.064,0.169,0.097,0.059,0.186,0.12,0.202,0.163,0.267,0.242,0.205,0.381,0.354,0.192,1.0,0.078,0.253,0.191,0.13,0.211,0.13,0.205,0.266,0.234,0.161,0.237,0.135,0.083,0.058,0.168,0.186,0.089,0.055,0.106,0.272,0.089,0.16,0.178,0.198,0.154,0.242,1.0,0.139,0.151,0.126,0.165,0.117,0.061,0.217,0.156,0.147,0.099,0.16,0.069,0.08,0.13,0.153
0.129,1.0,0.15,0.228,0.334,0.116,0.183,0.334,0.467,0.185,0.228,0.383,0.269,0.135,0.38,0.189,0.248,0.112,0.196,0.334,0.157,0.269,0.383,0.38,0.232,0.269,0.467,0.269,0.253,0.275,0.467,0.329,0.153,0.242,0.148,0.258,0.199,0.156,0.306,0.329,0.301,0.383,0.315,0.202,0.279,0.467,0.284,0.467,0.258,0.224,0.171,0.329,0.232,0.467,0.301,0.205,0.218,0.296,0.296,0.183,0.265,0.269,0.296,0.329,0.329,0.277,0.271,0.38,0.207,0.467,0.383,0.38,0.296,0.221,0.232,0.253,0.383,0.168,0.383,0.157,0.172,0.467,0.15,0.329,0.129,0.296,1.0,0.245,0.296,0.467,0.176,0.38,0.296,0.329,0.269,0.239,1.0,0.186,0.239,0.329,0.467,0.317,0.239,0.252,0.169,0.38,0.296,0.38,0.38,0.334,0.269,0.38,0.07,0.285,1.0,0.306,0.296,0.208,0.214,0.38,0.467,0.334,0.234,0.329,0.234,0.329,0.186,0.275,0.329,0.151,0.232,0.253,0.467,0.26,0.467,0.467,0.329,0.296,0.15,0.253,0.253,0.292,0.467,0.38,0.284,0.301,0.252,0.256,0.467,0.15,0.34,0.334,0.334,0.301,0.19,0.329,0.265,0.207,0.151,0.209,0.199,1.0,0.315,0.34,0.181,0.226,0.253,0.38,0.63,0.269,0.292,0.252,0.229,0.12,0.228,0.38,0.253,0.183,0.38,0.383,0.296,0.38,0.252,0.202,0.279,0.383,0.26,0.245,0.38,0.209,0.329,0.329,0.306,0.383,0.296,0.224,0.329,0.467,0.194,0.329,0.38,0.334,0.38,0.265,0.63,0.38,0.162,0.252,0.232,0.279,0.144,0.271,0.246,0.334,0.383,0.253,0.383,0.207,0.275,0.329,0.156,0.218,1.0,0.301,0.228,0.383,0.329,1.0,0.229,0.467,0.232,0.329,0.172,0.171,0.38,0.383,0.329,0.134,0.315,0.214,0.296,1.0,0.204,0.147,0.258,0.296,0.383,0.228,0.383,0.25,0.274,0.383,0.296,0.269,0.252,1.0,0.265,0.205,0.467,0.269,0.38,0.277,0.139,0.274,0.3,0.467,0.292,0.15,0.202,0.209,0.275,0.253,0.269,0.22,0.252,0.229,0.334,0.275,0.147,0.205,0.383,0.207,0.329,0.383,0.217,0.334,0.317,0.296,0.269,0.296,0.38,0.467,0.329,0.113,0.334,0.329,0.266,0.306,0.296,0.147,0.38,0.247,0.296,0.269,0.296,0.334,0.284,0.329,1.0,0.279,0.334,0.38,0.315,0.185,0.111,0.334,0.315,0.383,0.301,0.189,0.301,0.334,0.467,0.296,0.34,0.253,0.163,0.383,0.315,0.269,0.209,0.214,0.38,0.199,0.38,0.296,0.209,0.229,0.334,0.261,0.329,0.258
0.292,0.265,0.15,0.485,0.133,0.255,0.109,0.13,0.171,0.235,0.118,0.165,0.338,0.168,0.365,0.149,0.184,0.094,0.131,0.188,0.126,0.547,0.099,0.14,0.317,0.564,0.355,0.151,0.283,0.192,0.42,0.354,0.232,0.318,0.112,0.324,0.482,0.335,0.315,0.34,0.165,0.21,0.33,0.123,0.113,0.376,0.204,0.323,0.119,0.068,0.25,0.125,0.243,0.232,0.151,0.189,0.201,0.265,0.179,0.166,0.138,0.229,0.247,0.198,0.296,0.254,0.092,0.107,0.215,0.192,0.15,0.14,0.254,0.263,0.134,0.225,0.146,0.24,0.215,0.267,0.092,0.148,0.304,0.304,0.157,0.149,0.151,0.283,0.297,0.237,0.098,0.448,0.312,0.158,0.266,0.181,0.265,0.162,0.206,0.236,0.241,0.144,0.18,0.171,0.375,0.215,0.146,0.249,0.246,0.177,0.293,0.193,0.292,0.23,0.145,0.29,0.192,0.099,0.329,0.504,0.281,0.245,0.169,0.27,0.258,0.251,0.162,0.065,0.324,0.176,0.295,0.143,0.228,0.124,0.323,0.157,0.118,0.143,0.12,0.343,0.343,0.305,0.208,0.293,0.217,0.151,0.162,0.127,0.336,0.185,0.266,0.121,0.173,0.217,0.162,0.217,0.114,0.271,0.229,0.221,0.237,0.174,0.136,0.228,0.261,0.147,0.343,0.189,0.257,0.161,0.275,0.097,0.107,0.092,0.124,0.282,0.202,0.166,0.155,0.145,0.288,0.207,0.381,0.291,0.275,0.34,0.103,0.45,0.217,0.158,0.147,0.286,0.191,0.16,0.139,0.101,0.116,0.217,0.091,0.203,0.294,0.224,0.191,0.605,0.223,0.271,0.191,0.201,0.178,0.09,0.137,0.174,0.122,0.235,0.208,0.145,0.325,0.203,0.181,0.211,0.18,0.234,0.238,0.09,0.261,0.291,0.06,0.265,0.102,0.232,0.133,0.372,0.395,0.278,0.208,0.302,0.257,0.209,0.192,0.156,0.425,0.137,0.681,0.094,0.114,0.263,0.115,0.09,0.176,0.164,0.163,0.148,0.304,0.456,0.091,0.265,1.0,0.226,0.259,0.123,0.143,0.186,0.089,0.229,0.304,0.222,0.266,0.304,0.132,0.303,0.245,0.106,0.24,0.121,0.076,0.328,0.149,0.171,0.285,0.308,0.157,0.154,0.349,0.291,0.114,0.26,0.148,0.172,0.369,0.23,0.333,0.221,0.252,0.273,0.13,0.237,0.297,0.172,0.225,0.254,0.299,0.277,0.281,0.289,0.239,0.164,0.045,0.149,0.155,0.134,0.302,0.137,0.184,0.324,0.137,0.176,0.179,0.11,0.097,0.152,0.267,0.237,0.202,0.214,0.211,0.145,0.226,0.167,0.188,0.261,0.187,0.11,0.224,0.069,0.297,0.303,0.351,0.175,0.283,0.091,0.396,0.258
0.239,0.205,0.209,0.224,0.136,0.162,0.112,0.222,0.171,0.15,0.103,0.282,0.165,0.116,0.229,0.148,0.208,0.117,0.121,0.293,0.129,0.223,0.098,0.222,0.188,0.223,0.236,0.26,0.313,0.199,0.194,0.166,0.169,0.394,0.141,0.286,0.293,0.183,0.215,0.251,0.265,0.183,0.343,0.225,0.188,0.313,0.225,0.227,0.167,0.378,0.268,0.233,0.214,0.191,0.246,0.263,0.224,0.187,0.173,0.123,0.258,0.182,0.325,0.299,0.267,0.341,0.094,0.257,0.142,0.192,0.162,0.222,0.334,0.235,0.318,0.292,0.159,0.332,0.277,0.248,0.111,0.175,0.154,0.228,0.16,0.157,0.189,0.168,0.221,0.286,0.2,0.187,0.359,0.196,0.623,0.216,0.205,0.146,0.179,0.225,0.265,0.196,0.159,0.157,0.284,0.154,0.151,0.311,0.415,0.226,0.196,0.18,0.22,0.187,0.153,0.467,0.165,0.103,0.321,0.316,0.3,0.345,0.365,0.215,0.315,0.304,0.146,0.071,0.222,0.241,0.35,0.31,0.263,0.096,0.227,0.294,0.196,0.129,0.172,0.2,0.2,0.477,0.305,0.274,0.107,0.368,0.144,0.22,0.193,0.18,0.327,0.179,0.237,0.26,0.225,0.281,0.247,0.185,0.283,0.261,0.113,0.175,0.232,0.332,0.36,0.126,0.2,0.265,0.241,0.229,0.389,0.084,0.177,0.174,0.113,0.256,0.237,0.123,0.306,0.226,0.439,0.217,0.211,0.182,0.187,0.312,0.141,0.18,0.272,0.149,0.148,0.265,0.174,0.132,0.205,0.123,0.134,0.192,0.116,0.268,0.185,0.262,0.156,0.236,0.254,0.28,0.234,0.277,0.172,0.186,0.34,0.148,0.151,0.164,0.227,0.29,0.209,0.148,0.27,0.21,0.137,0.323,0.155,0.144,0.204,0.208,0.194,0.205,0.111,0.206,0.25,0.26,0.196,0.128,0.204,0.298,0.298,0.155,0.334,0.295,0.221,0.229,0.721,0.114,0.169,0.254,0.196,0.091,0.237,0.177,0.281,0.223,0.322,0.168,0.176,0.205,0.226,1.0,0.287,0.236,0.102,0.215,0.184,0.141,0.252,0.183,0.577,0.154,0.146,0.351,0.156,0.165,0.183,0.213,0.1,0.342,0.153,0.128,0.379,0.287,0.241,0.219,0.299,0.208,0.178,0.169,0.165,0.291,0.309,0.259,0.29,0.251,0.185,0.288,0.255,0.25,0.335,0.214,0.237,0.236,0.28,0.168,0.309,0.224,0.261,0.174,0.153,0.213,0.227,0.179,0.268,0.143,0.141,0.169,0.146,0.285,0.257,0.09,0.172,0.165,0.265,0.322,0.349,0.215,0.223,0.229,0.211,0.172,0.275,0.339,0.267,0.24,0.19,0.137,0.267,0.343,0.299,0.256,0.315,0.131,0.289,0.27
0.315,0.467,0.197,0.22,0.19,0.171,0.179,0.203,0.267,0.144,0.157,0.251,0.153,0.167,0.234,0.203,0.209,0.106,0.222,0.21,0.163,0.221,0.098,0.191,0.211,0.233,0.298,0.22,0.271,0.244,0.269,0.16,0.2,0.281,0.122,0.283,0.341,0.272,0.32,0.415,0.198,0.247,0.346,0.179,0.236,0.374,0.234,1.0,0.206,0.19,0.218,0.162,0.371,0.31,0.334,0.246,0.194,0.231,0.237,0.166,0.289,0.142,0.211,0.274,0.301,0.301,0.112,0.205,0.211,0.251,0.2,0.191,0.291,0.24,0.175,0.318,0.186,0.299,0.268,0.341,0.124,0.214,0.267,0.21,0.18,0.208,0.223,0.236,0.252,0.228,0.149,0.27,0.395,0.198,0.341,0.216,0.467,0.205,0.196,0.277,0.248,0.225,0.249,0.325,0.259,0.15,0.21,0.258,0.311,0.189,0.207,0.24,0.71,0.244,0.215,0.353,0.24,0.124,0.283,0.447,0.296,0.284,0.273,0.379,0.26,0.312,0.205,0.116,0.287,0.313,0.282,0.235,0.233,0.121,1.0,0.23,0.185,0.211,0.135,0.484,0.484,0.289,0.336,0.307,0.201,0.219,0.274,0.207,0.263,0.213,0.269,0.203,0.248,0.286,0.188,0.265,0.208,0.242,0.263,0.369,0.191,0.264,0.164,0.213,0.374,0.174,0.484,0.226,0.244,0.279,0.368,0.134,0.182,0.138,0.179,0.25,0.236,0.166,0.221,0.198,0.402,0.301,1.0,0.421,0.184,0.313,0.098,0.26,0.215,0.238,0.218,0.445,0.173,0.149,0.184,0.129,0.16,0.267,0.118,0.278,0.366,0.294,0.233,0.308,0.288,0.257,0.291,0.236,0.211,0.157,0.703,0.184,0.228,0.388,0.256,0.187,0.264,0.193,0.229,0.201,0.199,0.3,0.253,0.172,0.249,0.469,0.094,0.467,0.162,0.341,0.201,0.255,0.152,0.216,0.24,0.233,0.269,0.241,0.311,0.194,0.59,0.237,0.345,0.146,0.145,0.316,0.174,0.088,0.248,0.233,0.213,0.222,0.302,0.151,0.15,0.467,0.259,0.287,1.0,0.192,0.132,0.294,0.188,0.129,0.287,0.525,0.324,0.267,0.186,0.267,0.208,0.136,0.205,0.173,0.091,0.235,0.132,0.188,0.175,0.239,0.201,0.187,0.245,0.469,0.165,0.237,0.253,0.232,0.261,0.25,0.334,0.275,0.292,0.266,0.228,0.303,0.275,0.294,0.297,0.322,0.382,0.428,0.324,0.278,0.315,0.234,0.105,0.216,0.245,0.249,0.298,0.193,0.183,0.213,0.318,0.244,0.185,0.114,0.148,0.21,0.235,0.278,0.317,0.278,0.273,0.312,0.312,0.253,0.247,0.268,0.196,0.139,0.239,0.167,0.327,0.355,0.315,0.194,0.234,0.12,0.316,0.289
0.164,0.269,0.271,0.192,0.162,0.134,0.157,0.349,0.156,0.215,0.135,0.398,0.1,0.134,0.19,0.195,0.193,0.535,0.207,0.236,0.119,0.093,0.106,0.361,0.171,0.128,0.148,0.394,0.341,0.214,0.183,0.12,0.181,0.244,0.143,0.211,0.218,0.139,0.171,0.214,0.241,0.164,0.241,0.143,0.316,0.143,0.232,0.203,0.192,0.583,0.164,0.267,0.103,0.177,0.417,0.334,0.232,0.155,0.181,0.149,0.388,0.327,0.331,0.208,0.271,0.368,0.252,0.326,0.184,0.215,0.144,0.361,0.303,0.156,0.371,0.288,0.173,0.178,0.258,0.309,0.138,0.227,0.181,0.181,0.266,0.217,0.246,0.228,0.188,0.188,0.333,0.166,0.284,0.212,0.318,0.242,0.269,0.11,0.167,0.182,0.185,0.235,0.132,0.22,0.153,0.112,0.168,0.341,0.215,0.318,0.141,0.198,0.258,0.18,0.196,0.197,0.264,0.159,0.239,0.187,0.323,0.362,0.271,0.197,0.38,0.234,0.11,0.13,0.186,0.435,0.34,0.396,0.366,0.182,0.203,0.342,0.416,0.199,0.158,0.243,0.243,0.288,0.118,0.29,0.085,0.323,0.242,0.335,0.188,0.24,0.135,0.224,0.189,0.318,0.239,0.348,0.36,0.196,0.346,0.352,0.097,0.227,0.118,0.295,0.307,0.096,0.243,0.328,0.221,0.387,0.178,0.121,0.244,0.208,0.128,0.153,0.382,0.149,0.461,0.367,0.195,0.197,0.242,0.224,0.091,0.294,0.166,0.17,0.314,0.206,0.216,0.23,0.28,0.146,0.316,0.066,0.209,0.166,0.083,0.152,0.32,0.272,0.176,0.229,0.329,0.261,0.565,0.157,0.168,0.324,0.445,0.228,0.208,0.138,0.276,0.318,0.213,0.216,0.207,0.088,0.126,0.365,0.179,0.174,0.143,0.185,0.134,0.269,0.194,0.183,0.385,0.16,0.134,0.099,0.338,0.264,0.332,0.143,0.29,0.366,0.263,0.513,0.545,0.194,0.131,0.303,0.229,0.12,0.255,0.216,0.331,0.434,0.223,0.124,0.279,0.269,0.123,0.236,0.192,1.0,0.11,0.228,0.33,0.22,0.236,0.152,0.168,0.181,0.174,0.225,0.148,0.101,0.122,0.201,0.068,0.127,0.16,0.152,0.311,0.275,0.257,0.322,0.248,0.185,0.179,0.116,0.175,0.247,0.224,0.264,0.227,0.242,0.343,0.244,0.386,0.308,0.231,0.29,0.321,0.291,0.165,0.204,0.335,0.286,0.237,0.153,0.434,0.267,0.287,0.282,0.252,0.126,0.088,0.128,0.243,0.396,0.211,0.091,0.131,0.204,0.22,0.294,0.383,0.191,0.215,0.315,0.27,0.16,0.179,0.349,0.434,0.126,0.145,0.209,0.215,0.201,0.239,0.168,0.241,0.079,0.23,0.29
0.076,0.38,0.105,0.5,0.133,0.05,0.061,0.12,0.209,0.071,0.086,0.117,0.319,0.065,0.185,0.09,0.18,0.118,0.131,0.158,0.066,0.263,0.404,0.125,0.14,0.227,0.139,0.132,0.128,0.112,0.107,0.228,0.074,0.164,0.221,0.121,0.118,0.086,0.198,0.186,0.19,0.171,0.386,0.076,0.08,0.272,0.301,0.221,0.118,0.082,0.141,0.099,0.076,0.426,0.095,0.08,0.184,0.112,0.126,0.088,0.125,0.071,0.101,0.11,0.078,0.116,0.179,0.116,0.091,0.144,0.171,0.125,0.163,0.106,0.111,0.106,0.167,0.082,0.128,0.087,0.175,0.111,0.073,0.157,0.117,0.096,0.256,0.129,0.114,0.184,0.076,0.105,0.116,0.089,0.105,0.148,0.38,0.316,0.195,0.228,0.177,0.121,0.101,0.087,0.119,0.601,0.098,0.094,0.129,0.181,0.286,0.128,0.177,0.107,0.31,0.124,0.091,0.097,0.155,0.158,0.189,0.113,0.11,0.142,0.097,0.197,0.316,0.082,0.129,0.166,0.147,0.128,0.247,0.196,0.221,0.16,0.095,0.098,0.145,0.136,0.136,0.194,0.162,0.16,0.311,0.14,0.098,0.085,0.128,0.242,0.103,0.111,0.151,0.092,0.087,0.229,0.122,0.086,0.118,0.153,0.071,0.272,0.136,0.091,0.073,0.082,0.136,0.123,0.162,0.071,0.123,0.07,0.077,0.063,0.086,0.135,0.087,0.088,0.097,0.157,0.11,0.116,0.098,0.101,0.083,0.121,0.184,0.102,0.112,0.075,0.104,0.105,0.095,0.202,0.109,0.119,0.176,0.16,0.073,0.117,0.285,0.106,0.143,0.12,0.122,0.129,0.063,0.132,0.069,0.086,0.071,0.15,0.08,0.156,0.169,0.11,0.182,0.112,0.098,0.092,0.08,0.19,0.246,0.126,0.552,0.202,0.08,0.38,0.078,0.322,0.112,0.201,0.128,0.071,0.151,0.136,0.115,0.056,0.136,0.155,0.107,0.262,0.303,0.06,0.078,0.183,0.145,0.167,0.152,0.281,0.091,0.156,0.134,0.442,0.076,0.38,0.143,0.102,0.132,0.11,1.0,0.128,0.064,0.072,0.122,0.145,0.15,0.073,0.08,0.173,0.106,0.214,0.264,0.098,0.058,0.115,0.217,0.098,0.145,0.103,0.126,0.084,0.18,0.202,0.078,0.188,0.103,0.122,0.261,0.109,0.171,0.102,0.282,0.054,0.109,0.096,0.127,0.109,0.146,0.064,0.302,0.113,0.139,0.164,0.092,0.099,0.095,0.104,0.175,0.087,0.102,0.106,0.111,0.372,0.187,0.155,0.115,0.131,0.102,0.089,0.213,0.19,0.155,0.091,0.122,0.083,0.062,0.134,0.138,0.134,0.196,0.091,0.315,0.062,0.1,0.098,0.134,0.084,0.275,0.071,0.162,0.184
0.22,0.277,0.349,0.13,0.108,0.152,0.144,0.168,0.403,0.232,0.144,0.233,0.132,0.138,0.321,0.102,0.357,0.227,0.167,0.263,0.172,0.137,0.115,0.136,0.266,0.17,0.299,0.249,0.349,0.154,0.266,0.251,0.166,0.32,0.205,0.38,0.336,0.233,0.335,0.234,0.295,0.254,0.38,0.078,0.14,0.257,0.347,0.221,0.102,0.191,0.359,0.187,0.135,0.178,0.186,0.289,0.347,0.287,0.369,0.082,0.389,0.118,0.308,0.111,0.187,0.374,0.164,0.143,0.194,0.14,0.136,0.136,0.322,0.238,0.333,0.257,0.137,0.242,0.26,0.102,0.06,0.141,0.444,0.252,0.263,0.178,0.227,0.217,0.232,0.211,0.1,0.216,0.256,0.185,0.234,0.258,0.277,0.197,0.133,0.47,0.217,0.106,0.205,0.12,0.344,0.135,0.085,0.279,0.266,0.207,0.195,0.116,0.549,0.292,0.157,0.469,0.313,0.125,0.451,0.319,0.376,0.248,0.147,0.557,0.233,0.373,0.197,0.079,0.238,0.369,0.487,0.227,0.399,0.173,0.221,0.176,0.111,0.078,0.221,0.148,0.148,0.364,0.135,0.393,0.103,0.243,0.117,0.166,0.2,0.441,0.178,0.134,0.17,0.232,0.248,0.372,0.355,0.193,0.364,0.392,0.3,0.158,0.122,0.178,0.092,0.109,0.148,0.324,0.282,0.234,0.266,0.063,0.067,0.073,0.073,0.251,0.284,0.082,0.26,0.152,0.205,0.301,0.117,0.117,0.107,0.307,0.105,0.216,0.245,0.146,0.28,0.249,0.198,0.152,0.119,0.125,0.149,0.143,0.09,0.294,0.328,0.202,0.117,0.344,0.285,0.254,0.127,0.177,0.175,0.11,0.124,0.265,0.071,0.167,0.296,0.129,0.196,0.217,0.208,0.103,0.143,0.389,0.154,0.097,0.223,0.206,0.116,0.277,0.065,0.169,0.347,0.23,0.182,0.189,0.255,0.286,0.247,0.154,0.28,0.304,0.125,0.174,0.809,0.053,0.141,0.342,0.168,0.115,0.14,0.113,0.262,0.159,0.334,0.149,0.105,0.277,0.186,0.215,0.294,0.228,0.128,1.0,0.152,0.11,0.305,0.165,0.271,0.444,0.087,0.323,0.15,0.122,0.159,0.092,0.094,0.229,0.18,0.156,0.43,0.224,0.201,0.201,0.317,0.206,0.088,0.244,0.145,0.261,0.348,0.34,0.376,0.167,0.216,0.071,0.217,0.31,0.262,0.243,0.406,0.082,0.319,0.129,0.362,0.269,0.187,0.16,0.089,0.115,0.169,0.304,0.25,0.109,0.116,0.217,0.158,0.273,0.192,0.122,0.112,0.102,0.339,0.364,0.36,0.182,0.26,0.126,0.082,0.142,0.152,0.281,0.345,0.109,0.375,0.115,0.26,0.257,0.401,0.156,0.317,0.097,0.27,0.365
0.322,0.139,0.163,0.081,0.132,0.208,0.124,0.247,0.164,0.171,0.093,0.294,0.067,0.108,0.082,0.126,0.253,0.102,0.168,0.133,0.105,0.07,0.066,0.295,0.113,0.113,0.122,0.249,0.238,0.181,0.186,0.067,0.227,0.123,0.096,0.127,0.435,0.128,0.108,0.134,0.261,0.115,0.161,0.087,0.374,0.097,0.136,0.156,0.243,0.398,0.094,0.214,0.12,0.136,0.421,0.245,0.113,0.105,0.11,0.105,0.278,0.29,0.232,0.14,0.19,0.227,0.073,0.28,0.166,0.15,0.13,0.295,0.128,0.147,0.264,0.233,0.131,0.097,0.218,0.115,0.066,0.148,0.158,0.095,0.103,0.241,0.132,0.108,0.129,0.14,0.21,0.198,0.305,0.104,0.205,0.216,0.139,0.053,0.087,0.116,0.081,0.127,0.136,0.144,0.092,0.078,0.129,0.27,0.093,0.223,0.109,0.125,0.079,0.101,0.132,0.109,0.179,0.101,0.139,0.113,0.134,0.256,0.358,0.103,0.341,0.116,0.053,0.062,0.12,0.417,0.189,0.303,0.179,0.09,0.156,0.339,0.312,0.129,0.222,0.157,0.157,0.132,0.095,0.206,0.068,0.345,0.102,0.283,0.126,0.111,0.093,0.145,0.222,0.23,0.123,0.312,0.266,0.164,0.25,0.276,0.101,0.148,0.109,0.212,0.108,0.093,0.157,0.195,0.139,0.316,0.162,0.094,0.101,0.23,0.168,0.096,0.222,0.105,0.273,0.455,0.103,0.191,0.152,0.148,0.09,0.221,0.147,0.194,0.227,0.131,0.126,0.246,0.254,0.137,0.259,0.053,0.098,0.132,0.081,0.095,0.165,0.152,0.141,0.167,0.252,0.218,0.302,0.094,0.14,0.26,0.674,0.091,0.112,0.112,0.15,0.321,0.125,0.203,0.212,0.077,0.106,0.38,0.118,0.273,0.125,0.146,0.195,0.139,0.099,0.123,0.278,0.082,0.071,0.107,0.139,0.182,0.282,0.12,0.325,0.377,0.161,0.386,0.202,0.143,0.19,0.164,0.202,0.065,0.142,0.103,0.247,0.328,0.11,0.075,0.199,0.139,0.089,0.184,0.188,0.33,0.064,0.152,1.0,0.195,0.169,0.151,0.099,0.158,0.122,0.105,0.11,0.074,0.086,0.282,0.087,0.078,0.119,0.121,0.138,0.098,0.291,0.331,0.11,0.146,0.192,0.087,0.192,0.208,0.097,0.178,0.162,0.239,0.14,0.085,0.315,0.236,0.128,0.27,0.233,0.179,0.093,0.127,0.163,0.177,0.223,0.151,0.365,0.237,0.255,0.339,0.203,0.109,0.087,0.061,0.417,0.382,0.093,0.063,0.261,0.124,0.12,0.277,0.311,0.146,0.137,0.432,0.156,0.129,0.144,0.194,0.361,0.093,0.078,0.377,0.178,0.164,0.18,0.104,0.102,0.085,0.158,0.149
0.13,0.274,0.121,0.184,0.076,0.644,0.059,0.233,0.104,0.218,0.05,0.198,0.175,0.072,0.157,0.061,0.151,0.054,0.092,0.096,0.08,0.182,0.086,0.248,0.176,0.168,0.333,0.224,0.164,0.148,0.203,0.203,0.271,0.28,0.083,0.105,0.168,0.22,0.131,0.096,0.134,0.097,0.119,0.044,0.159,0.103,0.078,0.128,0.088,0.371,0.138,0.178,0.096,0.105,0.194,0.231,0.091,0.123,0.064,0.049,0.183,0.727,0.337,0.062,0.237,0.18,0.064,0.198,0.093,0.104,0.098,0.248,0.104,0.146,0.303,0.13,0.144,0.161,0.208,0.046,0.043,0.132,0.085,0.167,0.121,0.127,0.181,0.414,0.107,0.13,0.163,0.288,0.193,0.082,0.196,0.144,0.274,0.042,0.072,0.116,0.105,0.069,0.105,0.062,0.315,0.169,0.054,0.279,0.116,0.298,0.098,0.073,0.07,0.104,0.194,0.123,0.157,0.054,0.128,0.167,0.144,0.196,0.22,0.084,0.268,0.108,0.042,0.132,0.16,0.155,0.309,0.193,0.246,0.099,0.128,0.245,0.214,0.054,0.078,0.074,0.074,0.129,0.09,0.122,0.318,0.16,0.057,0.201,0.171,0.09,0.144,0.12,0.126,0.116,0.077,0.154,0.189,0.183,0.143,0.112,0.237,0.176,0.078,0.324,0.041,0.053,0.074,0.216,0.106,0.179,0.118,0.038,0.043,0.1,0.049,0.143,0.157,0.049,0.238,0.213,0.1,0.104,0.057,0.055,0.238,0.24,0.13,0.249,0.264,0.072,0.073,0.152,0.279,0.141,0.207,0.046,0.129,0.091,0.076,0.072,0.107,0.079,0.08,0.344,0.18,0.192,0.241,0.06,0.06,0.17,0.209,0.099,0.045,0.089,0.092,0.175,0.194,0.125,0.119,0.138,0.144,0.161,0.51,0.096,0.131,0.114,0.102,0.274,0.043,0.093,0.224,0.157,0.268,0.2,0.089,0.281,0.258,0.125,0.108,0.172,0.063,0.316,0.182,0.033,0.087,0.102,0.202,0.087,0.11,0.055,0.307,0.237,0.109,0.163,0.21,0.274,0.229,0.141,0.129,0.22,0.072,0.11,0.195,1.0,0.106,0.14,0.116,0.085,0.053,0.13,0.13,0.056,0.136,0.122,0.045,0.164,0.121,0.202,0.072,0.122,0.163,0.21,0.189,0.114,0.087,0.156,0.081,0.097,0.145,0.142,0.139,0.178,0.075,0.029,0.199,0.151,0.145,0.224,0.132,0.035,0.115,0.064,0.143,0.126,0.104,0.103,0.254,0.154,0.216,0.161,0.233,0.065,0.16,0.046,0.128,0.2,0.106,0.081,0.102,0.058,0.131,0.176,0.156,0.071,0.105,0.163,0.035,0.089,0.141,0.192,0.218,0.057,0.146,0.126,0.149,0.113,0.233,0.078,0.094,0.077,0.114,0.111
0.275,0.3,0.31,0.193,0.179,0.156,0.185,0.195,0.204,0.165,0.121,0.318,0.147,0.203,0.316,0.222,0.246,0.184,0.203,0.335,0.335,0.181,0.124,0.251,0.331,0.248,0.322,0.277,0.513,0.371,0.363,0.171,0.328,0.353,0.195,0.531,0.422,0.306,0.396,0.3,0.273,0.247,0.469,0.213,0.202,0.252,0.338,0.311,0.325,0.225,0.249,0.25,0.305,0.211,0.252,0.226,0.307,0.317,0.281,0.171,0.265,0.113,0.267,0.276,0.279,0.393,0.154,0.332,0.275,0.246,0.183,0.251,0.365,0.411,0.246,0.366,0.198,0.216,0.393,0.502,0.128,0.283,0.298,0.311,0.233,0.281,0.212,0.248,0.335,0.401,0.221,0.32,0.47,0.282,0.23,0.212,0.3,0.272,0.212,0.295,0.278,0.266,0.2,0.272,0.274,0.145,0.213,0.331,0.252,0.294,0.208,0.244,0.384,0.313,0.173,0.307,0.205,0.192,0.385,0.357,0.392,0.286,0.227,0.334,0.219,0.392,0.272,0.346,0.364,0.295,0.353,0.366,0.352,0.157,0.311,0.209,0.252,0.206,0.239,0.765,0.765,0.36,0.19,0.415,0.119,0.365,0.259,0.205,0.268,0.242,0.206,0.318,0.38,0.344,0.282,0.368,0.256,0.268,0.286,0.364,0.165,0.257,0.175,0.211,0.408,0.152,0.765,0.267,0.374,0.324,0.355,0.133,0.165,0.163,0.267,0.377,0.325,0.171,0.28,0.189,0.406,0.398,0.59,0.642,0.131,0.482,0.148,0.393,0.297,0.369,0.287,0.434,0.158,0.189,0.26,0.12,0.187,0.262,0.097,0.285,0.304,0.315,0.252,0.352,0.383,0.363,0.309,0.266,0.276,0.14,0.318,0.239,0.181,0.217,0.3,0.228,0.411,0.257,0.37,0.128,0.197,0.454,0.175,0.142,0.237,0.274,0.119,0.3,0.155,0.217,0.235,0.292,0.186,0.165,0.322,0.342,0.272,0.404,0.341,0.357,0.66,0.182,1.0,0.166,0.412,0.408,0.155,0.134,0.236,0.181,0.264,0.191,0.333,0.153,0.21,0.3,0.304,0.252,0.287,0.236,0.122,0.305,0.169,0.106,1.0,0.273,0.288,0.298,0.226,0.331,0.256,0.247,0.179,0.205,0.117,0.272,0.202,0.178,0.594,0.256,0.222,0.278,0.412,0.274,0.221,0.229,0.291,0.254,0.334,0.365,0.421,0.273,0.295,0.306,0.234,0.448,0.357,0.331,0.402,0.494,0.274,0.685,0.479,0.337,0.516,0.332,0.093,0.268,0.186,0.201,0.312,0.242,0.121,0.29,0.167,0.278,0.226,0.15,0.153,0.233,0.324,0.351,0.343,0.36,0.292,0.315,0.459,0.306,0.237,0.253,0.293,0.14,0.255,0.135,0.45,0.511,0.409,0.215,0.319,0.097,0.565,0.591
0.169,0.467,0.135,0.184,0.256,0.177,0.148,0.228,0.257,0.154,0.175,0.183,0.182,0.222,0.206,0.266,0.202,0.12,0.171,0.202,0.208,0.229,0.132,0.242,0.184,0.233,0.283,0.212,0.236,0.216,0.231,0.148,0.18,0.243,0.144,0.214,0.259,0.194,0.264,0.365,0.232,0.23,0.244,0.225,0.214,0.356,0.19,1.0,0.23,0.108,0.193,0.193,0.265,0.503,0.215,0.165,0.189,0.201,0.182,0.188,0.152,0.139,0.156,0.279,0.276,0.218,0.109,0.182,0.287,0.321,0.291,0.242,0.237,0.21,0.134,0.213,0.264,0.198,0.276,0.301,0.136,0.223,0.22,0.174,0.161,0.284,0.294,0.217,0.202,0.224,0.179,0.254,0.291,0.207,0.181,0.174,0.467,0.205,0.192,0.252,0.206,0.275,0.259,0.317,0.223,0.174,0.241,0.19,0.323,0.225,0.24,0.317,0.124,0.203,0.3,0.26,0.157,0.123,0.222,0.411,0.235,0.204,0.273,0.196,0.229,0.292,0.205,0.116,0.255,0.186,0.208,0.15,0.233,0.128,1.0,0.285,0.215,0.24,0.161,0.423,0.423,0.278,0.419,0.229,0.319,0.214,0.274,0.182,0.299,0.154,0.266,0.234,0.329,0.198,0.138,0.198,0.119,0.313,0.199,0.238,0.199,0.375,0.228,0.193,0.233,0.205,0.423,0.206,0.204,0.224,0.249,0.165,0.19,0.155,0.203,0.22,0.214,0.188,0.158,0.256,0.238,0.263,0.321,0.365,0.201,0.26,0.115,0.224,0.18,0.341,0.255,0.265,0.146,0.145,0.232,0.123,0.149,0.354,0.157,0.296,0.421,0.225,0.327,0.282,0.2,0.192,0.176,0.176,0.263,0.17,0.171,0.143,0.204,0.388,0.294,0.242,0.246,0.267,0.245,0.227,0.172,0.218,0.338,0.186,0.244,0.469,0.12,0.467,0.187,0.497,0.165,0.228,0.163,0.206,0.31,0.199,0.18,0.3,0.237,0.184,0.344,0.285,0.28,0.166,0.179,0.278,0.237,0.123,0.253,0.338,0.133,0.27,0.23,0.19,0.146,0.467,0.222,0.183,0.525,0.152,0.145,0.165,0.151,0.14,0.273,1.0,0.241,0.22,0.295,0.212,0.189,0.18,0.196,0.244,0.118,0.249,0.138,0.185,0.167,0.191,0.251,0.207,0.205,0.469,0.215,0.224,0.305,0.261,0.207,0.201,0.259,0.215,0.285,0.163,0.16,0.263,0.217,0.302,0.268,0.208,0.355,0.363,0.294,0.198,0.267,0.245,0.098,0.279,0.296,0.225,0.211,0.338,0.248,0.213,0.163,0.243,0.209,0.125,0.208,0.269,0.24,0.284,0.215,0.262,0.271,0.242,0.192,0.311,0.267,0.175,0.194,0.168,0.216,0.116,0.259,0.254,0.244,0.193,0.187,0.16,0.274,0.322
0.199,0.292,0.256,0.228,0.182,0.144,0.128,0.155,0.187,0.154,0.113,0.197,0.238,0.134,0.29,0.134,0.201,0.195,0.131,0.308,0.142,0.311,0.139,0.138,0.212,0.278,0.282,0.196,0.322,0.164,0.201,0.254,0.15,0.451,0.217,0.332,0.351,0.227,0.257,0.272,0.314,0.233,0.449,0.189,0.133,0.42,0.33,0.349,0.158,0.072,0.379,0.186,0.261,0.278,0.159,0.188,0.345,0.231,0.216,0.121,0.22,0.116,0.22,0.235,0.227,0.229,0.134,0.142,0.185,0.206,0.232,0.138,0.394,0.274,0.238,0.251,0.212,0.472,0.26,0.135,0.078,0.146,0.196,0.286,0.226,0.137,0.255,0.22,0.228,0.296,0.087,0.202,0.34,0.209,0.618,0.239,0.292,0.19,0.213,0.322,0.329,0.172,0.229,0.142,0.395,0.209,0.143,0.233,0.463,0.173,0.253,0.184,0.261,0.284,0.211,0.517,0.175,0.103,0.405,0.366,0.433,0.289,0.179,0.267,0.341,0.386,0.19,0.069,0.257,0.284,0.33,0.181,0.378,0.131,0.349,0.216,0.104,0.132,0.214,0.211,0.211,0.728,0.426,0.326,0.143,0.234,0.171,0.122,0.246,0.274,0.402,0.166,0.208,0.229,0.204,0.287,0.198,0.237,0.276,0.312,0.168,0.224,0.326,0.227,0.127,0.162,0.211,0.233,0.269,0.138,0.438,0.098,0.109,0.083,0.12,0.299,0.159,0.121,0.165,0.207,0.602,0.202,0.171,0.162,0.238,0.322,0.122,0.184,0.173,0.143,0.164,0.243,0.123,0.13,0.133,0.156,0.125,0.241,0.151,0.268,0.257,0.249,0.195,0.26,0.185,0.205,0.112,0.225,0.169,0.113,0.116,0.196,0.112,0.251,0.328,0.201,0.179,0.218,0.298,0.284,0.19,0.387,0.209,0.141,0.291,0.311,0.217,0.292,0.106,0.256,0.233,0.329,0.276,0.187,0.283,0.241,0.155,0.204,0.361,0.313,0.19,0.202,0.847,0.079,0.151,0.329,0.176,0.128,0.2,0.156,0.152,0.21,0.418,0.252,0.08,0.292,0.266,0.577,0.324,0.168,0.15,0.271,0.099,0.116,0.288,0.241,1.0,0.196,0.117,0.517,0.168,0.224,0.233,0.13,0.147,0.502,0.183,0.158,0.485,0.446,0.198,0.16,0.357,0.311,0.109,0.215,0.168,0.436,0.442,0.234,0.339,0.215,0.221,0.09,0.143,0.213,0.378,0.171,0.259,0.109,0.368,0.186,0.331,0.209,0.251,0.171,0.071,0.144,0.174,0.15,0.22,0.165,0.184,0.214,0.11,0.272,0.347,0.103,0.142,0.133,0.372,0.344,0.295,0.251,0.246,0.138,0.112,0.21,0.392,0.388,0.317,0.285,0.276,0.084,0.247,0.306,0.34,0.225,0.451,0.124,0.316,0.371
0.148,0.15,0.168,0.075,0.127,0.142,0.131,0.127,0.591,1.0,0.083,0.224,0.096,0.145,0.494,0.105,0.762,0.159,0.133,0.233,0.171,0.111,0.068,0.112,0.279,0.376,0.591,0.147,0.279,0.21,0.762,0.259,0.24,0.279,0.11,0.421,0.264,0.165,0.591,0.173,0.196,0.176,0.444,0.083,0.147,0.259,0.196,0.178,0.1,0.036,0.43,0.22,0.08,0.178,0.174,0.117,0.233,0.376,0.168,0.095,0.116,0.085,0.196,0.106,0.226,0.304,0.125,0.1,0.376,0.178,0.165,0.112,0.279,0.147,0.168,0.21,0.165,0.181,0.196,0.073,0.05,0.101,1.0,0.198,0.185,0.109,0.15,0.122,0.233,0.218,0.064,0.319,0.233,0.181,0.168,0.148,0.15,0.059,0.09,1.0,0.611,0.124,0.189,0.208,0.43,0.1,0.084,0.591,0.169,0.102,0.189,0.133,0.273,0.138,0.15,0.591,0.181,0.151,1.0,0.376,0.279,0.21,0.089,1.0,0.223,0.196,0.059,0.029,0.376,0.21,0.489,0.21,0.279,0.125,0.178,0.178,0.083,0.084,0.224,0.112,0.112,0.279,0.178,0.279,0.092,0.21,0.078,0.132,0.304,0.591,0.137,0.1,0.176,0.233,0.168,0.494,0.101,0.376,1.0,0.527,0.762,0.15,0.152,0.148,0.058,0.128,0.112,0.169,0.279,0.184,0.279,0.078,0.065,0.061,0.075,0.444,0.181,0.095,0.168,0.165,0.171,0.591,0.078,0.083,0.101,0.283,0.058,0.319,0.336,0.184,1.0,0.376,0.143,0.138,0.112,0.089,0.12,0.178,0.069,0.363,0.307,0.181,0.133,1.0,1.0,0.611,0.051,0.17,0.245,0.082,0.059,0.175,0.07,0.127,0.165,0.112,0.156,0.376,0.376,0.101,0.165,0.279,0.15,0.1,0.283,0.165,0.09,0.15,0.065,0.178,0.224,0.295,0.128,0.174,0.205,0.365,0.421,0.21,0.152,0.196,0.084,0.15,0.279,0.053,0.175,0.279,0.127,0.071,0.165,0.092,0.132,0.165,0.233,0.096,0.052,0.15,0.304,0.154,0.267,0.181,0.073,0.444,0.158,0.085,0.298,0.22,0.196,1.0,0.131,0.233,0.283,0.112,0.135,0.087,0.123,0.196,0.138,0.165,0.145,0.181,0.224,0.376,0.196,0.165,0.086,0.489,0.124,0.207,0.259,0.421,0.712,0.307,0.164,0.044,0.205,0.842,0.233,0.222,0.591,0.052,0.295,0.092,0.591,1.0,0.159,0.153,0.049,0.104,0.15,0.485,0.291,0.133,0.107,0.068,0.107,0.196,0.181,0.138,0.12,0.105,0.279,0.279,0.231,0.298,0.291,0.114,0.049,0.194,0.165,0.198,0.233,0.103,0.444,0.088,0.291,0.279,0.489,0.194,0.233,0.069,0.376,0.279
0.091,0.202,0.073,0.244,0.222,0.069,0.153,0.159,0.115,0.088,0.144,0.114,0.092,0.315,0.094,0.642,0.108,0.082,0.17,0.151,0.268,0.11,0.07,0.292,0.115,0.126,0.088,0.17,0.275,0.147,0.121,0.069,0.136,0.217,0.08,0.13,0.149,0.097,0.149,0.274,0.123,0.121,0.126,0.332,0.153,0.117,0.141,0.242,0.313,0.05,0.103,0.107,0.203,0.178,0.153,0.055,0.102,0.094,0.13,0.307,0.095,0.053,0.065,0.364,0.167,0.183,0.071,0.152,0.226,0.308,0.168,0.292,0.221,0.08,0.074,0.213,0.152,0.074,0.122,0.521,0.265,0.219,0.131,0.078,0.081,0.411,0.144,0.218,0.102,0.139,0.329,0.158,0.297,0.17,0.076,0.095,0.202,0.086,0.198,0.112,0.114,0.424,0.182,0.379,0.091,0.099,0.347,0.125,0.089,0.27,0.144,0.674,0.069,0.091,0.134,0.143,0.074,0.149,0.101,0.116,0.123,0.113,0.123,0.126,0.098,0.087,0.086,0.044,0.205,0.141,0.098,0.103,0.141,0.069,0.242,0.15,0.322,0.349,0.102,0.514,0.82,0.133,0.134,0.107,0.082,0.115,0.198,0.221,0.172,0.093,0.092,0.189,0.218,0.163,0.18,0.096,0.064,0.246,0.147,0.18,0.086,0.559,0.138,0.09,0.479,0.132,0.514,0.087,0.112,0.191,0.107,0.187,0.354,0.341,0.28,0.101,0.205,0.307,0.145,0.148,0.205,0.27,0.421,1.0,0.085,0.158,0.064,0.158,0.083,0.515,0.312,0.118,0.08,0.067,0.288,0.057,0.129,0.444,0.068,0.115,0.187,0.192,0.562,0.18,0.111,0.103,0.201,0.155,0.243,0.156,0.196,0.069,0.369,0.173,0.189,0.458,0.252,0.175,0.184,0.067,0.183,0.149,0.133,0.118,0.128,0.221,0.068,0.202,0.263,0.228,0.097,0.092,0.095,0.09,0.485,0.101,0.105,0.315,0.218,0.099,0.458,0.135,0.161,0.383,0.105,0.316,0.126,0.072,0.254,0.308,0.073,0.149,0.1,0.099,0.195,0.202,0.132,0.146,0.186,0.174,0.08,0.087,0.122,0.053,0.226,0.295,0.117,0.131,1.0,0.105,0.175,0.101,0.09,0.387,0.064,0.081,0.061,0.082,0.086,0.09,0.147,0.125,0.114,0.221,0.32,0.089,0.599,0.121,0.095,0.16,0.188,0.112,0.26,0.348,0.092,0.181,0.163,0.322,0.27,0.285,0.106,0.445,0.261,0.129,0.312,0.111,0.053,0.324,0.106,0.148,0.141,0.361,0.095,0.095,0.133,0.124,0.115,0.058,0.108,0.741,0.129,0.167,0.148,0.282,0.179,0.371,0.256,0.227,0.217,0.082,0.111,0.188,0.083,0.109,0.156,0.19,0.123,0.27,0.094,0.058,0.247,0.326
0.231,0.209,0.299,0.247,0.142,0.17,0.128,0.122,0.165,0.176,0.098,0.197,0.266,0.152,0.373,0.126,0.222,0.282,0.142,0.279,0.154,0.31,0.142,0.11,0.276,0.286,0.419,0.248,0.421,0.141,0.228,0.336,0.169,0.369,0.294,0.511,0.383,0.262,0.308,0.319,0.366,0.235,0.661,0.096,0.117,0.39,0.382,0.266,0.118,0.059,0.397,0.19,0.2,0.242,0.16,0.311,0.471,0.328,0.281,0.102,0.351,0.13,0.224,0.126,0.177,0.283,0.203,0.108,0.201,0.163,0.18,0.11,0.365,0.484,0.247,0.269,0.164,0.338,0.238,0.115,0.071,0.137,0.233,0.424,0.314,0.121,0.252,0.307,0.298,0.292,0.073,0.217,0.458,0.173,0.419,0.289,0.209,0.226,0.183,0.386,0.302,0.136,0.204,0.133,0.59,0.223,0.104,0.179,0.499,0.159,0.237,0.146,0.374,0.424,0.16,0.447,0.287,0.119,0.611,0.455,0.523,0.326,0.146,0.302,0.323,0.469,0.226,0.054,0.334,0.402,0.388,0.192,0.448,0.187,0.266,0.165,0.086,0.104,0.272,0.171,0.171,0.606,0.199,0.428,0.145,0.245,0.137,0.115,0.239,0.39,0.321,0.121,0.175,0.202,0.204,0.361,0.323,0.229,0.352,0.441,0.194,0.164,0.15,0.222,0.106,0.112,0.171,0.267,0.29,0.14,0.35,0.078,0.088,0.073,0.092,0.293,0.126,0.102,0.177,0.16,0.449,0.217,0.137,0.134,0.289,0.427,0.108,0.208,0.183,0.15,0.151,0.324,0.136,0.142,0.107,0.106,0.138,0.181,0.087,0.244,0.32,0.249,0.153,0.298,0.229,0.239,0.094,0.181,0.129,0.09,0.099,0.277,0.092,0.197,0.431,0.116,0.219,0.237,0.204,0.234,0.178,0.442,0.159,0.12,0.31,0.243,0.073,0.209,0.085,0.219,0.249,0.489,0.338,0.183,0.296,0.27,0.176,0.355,0.247,0.321,0.148,0.146,0.915,0.068,0.135,0.379,0.137,0.136,0.152,0.161,0.161,0.163,0.664,0.27,0.066,0.209,0.303,0.351,0.267,0.225,0.173,0.323,0.105,0.13,0.331,0.212,0.517,0.233,0.105,1.0,0.158,0.159,0.203,0.106,0.088,0.477,0.213,0.158,0.484,0.525,0.17,0.171,0.468,0.243,0.091,0.298,0.165,0.269,0.642,0.295,0.371,0.156,0.261,0.078,0.149,0.268,0.617,0.179,0.342,0.093,0.433,0.15,0.495,0.31,0.345,0.144,0.056,0.113,0.139,0.148,0.216,0.134,0.172,0.248,0.135,0.328,0.294,0.105,0.118,0.124,0.515,0.39,0.351,0.139,0.249,0.118,0.093,0.174,0.189,0.461,0.385,0.135,0.342,0.088,0.299,0.318,0.489,0.159,0.5,0.085,0.438,0.426
0.18,0.275,0.14,0.192,0.142,0.169,0.13,0.122,0.144,0.157,0.096,0.151,0.158,0.14,0.18,0.168,0.176,0.128,0.234,0.157,0.13,0.165,0.157,0.146,0.258,0.202,0.206,0.135,0.202,0.178,0.255,0.154,0.212,0.24,0.09,0.198,0.309,0.341,0.225,0.21,0.14,0.222,0.198,0.157,0.124,0.179,0.187,0.281,0.141,0.047,0.158,0.142,0.182,0.158,0.146,0.097,0.147,0.241,0.136,0.152,0.106,0.13,0.125,0.294,0.235,0.179,0.166,0.103,0.24,0.192,0.131,0.146,0.26,0.154,0.102,0.236,0.121,0.222,0.164,0.303,0.137,0.165,0.283,0.234,0.148,0.199,0.151,0.237,0.181,0.192,0.106,0.284,0.237,0.179,0.154,0.141,0.275,0.077,0.174,0.186,0.166,0.163,0.151,0.252,0.258,0.13,0.216,0.172,0.141,0.154,0.155,0.188,0.152,0.158,0.145,0.184,0.157,0.145,0.184,0.261,0.207,0.142,0.118,0.195,0.139,0.175,0.077,0.038,0.296,0.158,0.189,0.121,0.178,0.207,0.281,0.159,0.131,0.212,0.2,0.443,0.443,0.185,0.182,0.204,0.157,0.142,0.191,0.141,0.236,0.135,0.133,0.13,0.153,0.189,0.196,0.151,0.093,0.354,0.231,0.177,0.176,0.198,0.138,0.118,0.33,0.113,0.443,0.138,0.213,0.169,0.182,0.105,0.145,0.093,0.154,0.213,0.213,0.152,0.144,0.119,0.224,0.205,0.493,0.38,0.139,0.231,0.104,0.288,0.15,0.193,0.183,0.214,0.101,0.153,0.142,0.114,0.133,0.197,0.073,0.221,0.211,0.216,0.198,0.316,0.151,0.224,0.169,0.181,0.216,0.081,0.182,0.226,0.238,0.184,0.175,0.182,0.224,0.334,0.297,0.117,0.203,0.187,0.192,0.089,0.175,0.248,0.103,0.275,0.156,0.161,0.175,0.231,0.2,0.213,0.226,0.18,0.152,0.168,0.177,0.122,0.55,0.129,0.323,0.121,0.132,0.295,0.102,0.074,0.19,0.127,0.1,0.123,0.196,0.144,0.11,0.275,0.245,0.156,0.208,0.148,0.106,0.15,0.11,0.13,0.256,0.189,0.168,0.283,0.175,0.158,1.0,0.103,0.194,0.138,0.114,0.168,0.17,0.145,0.2,0.176,0.202,0.256,0.225,0.248,0.142,0.171,0.172,0.16,0.165,0.181,0.25,0.159,0.237,0.207,0.102,0.198,0.194,0.191,0.228,0.281,0.157,0.381,0.244,0.194,0.189,0.117,0.043,0.163,0.119,0.116,0.26,0.145,0.11,0.121,0.123,0.134,0.176,0.145,0.11,0.179,0.168,0.181,0.209,0.283,0.193,0.153,0.266,0.17,0.23,0.185,0.144,0.101,0.147,0.085,0.201,0.217,0.225,0.231,0.215,0.081,0.254,0.226
0.11,0.253,0.118,0.183,0.159,0.064,0.113,0.138,0.147,0.102,0.1,0.174,0.164,0.084,0.161,0.113,0.139,0.084,0.106,0.181,0.247,0.136,0.202,0.123,0.116,0.131,0.13,0.121,0.177,0.206,0.164,0.101,0.237,0.232,0.146,0.169,0.166,0.126,0.136,0.12,0.168,0.212,0.209,0.177,0.115,0.164,0.191,0.311,0.307,0.066,0.146,0.125,0.185,0.235,0.158,0.073,0.152,0.134,0.124,0.111,0.104,0.056,0.098,0.231,0.139,0.149,0.128,0.289,0.117,0.177,0.201,0.123,0.189,0.176,0.1,0.199,0.183,0.126,0.232,0.126,0.133,0.109,0.112,0.114,0.108,0.105,0.175,0.131,0.136,0.218,0.08,0.121,0.193,0.161,0.112,0.107,0.253,0.213,0.149,0.148,0.153,0.187,0.119,0.114,0.128,0.213,0.136,0.141,0.114,0.195,0.193,0.163,0.082,0.127,0.169,0.119,0.079,0.106,0.15,0.132,0.168,0.14,0.164,0.13,0.104,0.136,0.213,0.063,0.158,0.149,0.14,0.216,0.205,0.138,0.311,0.186,0.095,0.117,0.137,0.193,0.193,0.254,0.272,0.153,0.132,0.181,0.156,0.098,0.175,0.16,0.119,0.293,0.227,0.151,0.127,0.19,0.103,0.112,0.14,0.141,0.088,0.189,0.312,0.121,0.118,0.143,0.193,0.107,0.151,0.102,0.167,0.087,0.099,0.078,0.204,0.163,0.13,0.111,0.102,0.179,0.199,0.135,0.156,0.15,0.104,0.142,0.148,0.141,0.109,0.096,0.131,0.142,0.085,0.127,0.119,0.166,0.155,0.212,0.166,0.179,0.164,0.159,0.172,0.122,0.116,0.129,0.105,0.156,0.125,0.102,0.108,0.113,0.102,0.227,0.177,0.183,0.136,0.132,0.322,0.101,0.096,0.193,0.165,0.232,0.217,0.281,0.209,0.253,0.096,0.219,0.111,0.14,0.13,0.089,0.166,0.121,0.104,0.195,0.233,0.246,0.171,0.169,0.23,0.074,0.283,0.195,0.155,0.162,0.184,0.191,0.113,0.183,0.141,0.179,0.074,0.253,0.106,0.165,0.136,0.101,0.214,0.122,0.074,0.056,0.247,0.18,0.224,0.112,0.101,0.159,0.103,1.0,0.157,0.117,0.134,0.114,0.145,0.087,0.139,0.097,0.161,0.105,0.132,0.281,0.1,0.142,0.188,0.212,0.142,0.13,0.225,0.16,0.169,0.085,0.133,0.137,0.142,0.108,0.154,0.102,0.165,0.17,0.148,0.125,0.221,0.279,0.066,0.128,0.137,0.108,0.119,0.14,0.116,0.14,0.097,0.163,0.263,0.138,0.124,0.114,0.195,0.196,0.149,0.266,0.155,0.184,0.104,0.219,0.285,0.116,0.164,0.387,0.172,0.06,0.159,0.19,0.13,0.182,0.16,0.119,0.172,0.314
0.147,0.269,0.154,0.279,0.136,0.192,0.222,0.122,0.156,0.094,0.079,0.127,0.258,0.085,0.231,0.092,0.242,0.128,0.16,0.245,0.121,0.274,0.172,0.093,0.192,0.267,0.23,0.126,0.171,0.205,0.22,0.18,0.143,0.228,0.241,0.194,0.151,0.258,0.238,0.223,0.181,0.252,0.287,0.094,0.14,0.312,0.216,0.306,0.107,0.059,0.21,0.161,0.139,0.401,0.121,0.128,0.192,0.21,0.129,0.082,0.141,0.136,0.156,0.141,0.196,0.144,0.14,0.104,0.143,0.135,0.162,0.093,0.205,0.196,0.131,0.178,0.148,0.257,0.18,0.111,0.089,0.095,0.135,0.203,0.195,0.102,0.149,0.179,0.226,0.174,0.059,0.204,0.19,0.241,0.203,0.181,0.269,0.245,0.194,0.221,0.21,0.112,0.154,0.11,0.204,0.228,0.087,0.147,0.171,0.158,0.323,0.128,0.289,0.189,0.224,0.238,0.14,0.124,0.2,0.282,0.241,0.181,0.147,0.19,0.218,0.24,0.245,0.054,0.194,0.183,0.227,0.125,0.228,0.152,0.306,0.143,0.073,0.082,0.125,0.179,0.179,0.24,0.255,0.247,0.238,0.153,0.137,0.107,0.166,0.246,0.17,0.122,0.169,0.142,0.121,0.2,0.141,0.156,0.194,0.183,0.128,0.154,0.167,0.132,0.099,0.118,0.179,0.166,0.204,0.132,0.234,0.061,0.071,0.059,0.078,0.193,0.122,0.082,0.106,0.144,0.189,0.138,0.137,0.133,0.144,0.191,0.122,0.202,0.136,0.108,0.121,0.202,0.111,0.162,0.088,0.251,0.153,0.161,0.132,0.169,0.299,0.141,0.129,0.245,0.137,0.179,0.086,0.171,0.117,0.085,0.092,0.176,0.073,0.214,0.184,0.121,0.207,0.162,0.203,0.142,0.16,0.228,0.236,0.113,0.252,0.273,0.175,0.269,0.067,0.347,0.137,0.302,0.13,0.171,0.171,0.184,0.152,0.138,0.159,0.159,0.151,0.138,0.383,0.053,0.122,0.208,0.136,0.122,0.147,0.191,0.102,0.15,0.211,0.324,0.059,0.269,0.24,0.183,0.205,0.122,0.264,0.159,0.086,0.136,0.179,0.196,0.233,0.135,0.09,0.203,0.194,0.157,1.0,0.084,0.328,0.222,0.16,0.145,0.193,0.188,0.149,0.129,0.214,0.273,0.072,0.253,0.132,0.165,0.296,0.154,0.218,0.21,0.34,0.07,0.116,0.157,0.162,0.125,0.176,0.085,0.438,0.153,0.179,0.173,0.127,0.142,0.053,0.095,0.132,0.128,0.184,0.113,0.129,0.498,0.214,0.174,0.255,0.137,0.121,0.093,0.217,0.217,0.188,0.143,0.181,0.096,0.085,0.169,0.224,0.196,0.187,0.116,0.273,0.074,0.173,0.188,0.244,0.126,0.209,0.1,0.222,0.21
0.344,0.22,0.09,0.146,0.244,0.239,0.124,0.235,0.137,0.108,0.145,0.201,0.11,0.19,0.097,0.315,0.243,0.064,0.143,0.156,0.152,0.103,0.088,0.386,0.074,0.138,0.099,0.23,0.217,0.17,0.151,0.075,0.188,0.163,0.09,0.113,0.445,0.1,0.107,0.25,0.339,0.126,0.136,0.444,0.18,0.131,0.138,0.259,0.326,0.217,0.105,0.136,0.177,0.225,0.263,0.21,0.105,0.072,0.116,0.247,0.146,0.147,0.179,0.345,0.158,0.25,0.056,0.317,0.176,0.245,0.21,0.386,0.207,0.236,0.226,0.212,0.189,0.057,0.196,0.353,0.162,0.236,0.087,0.068,0.059,0.418,0.181,0.197,0.094,0.186,0.316,0.19,0.291,0.191,0.162,0.182,0.22,0.09,0.184,0.109,0.107,0.335,0.172,0.31,0.088,0.116,0.342,0.224,0.085,0.316,0.144,0.359,0.055,0.094,0.174,0.129,0.072,0.081,0.1,0.1,0.112,0.273,0.566,0.114,0.152,0.087,0.09,0.046,0.169,0.211,0.116,0.209,0.147,0.057,0.259,0.398,0.337,0.344,0.156,0.514,0.514,0.13,0.152,0.126,0.094,0.355,0.191,0.314,0.181,0.092,0.101,0.225,0.357,0.162,0.157,0.189,0.147,0.149,0.177,0.167,0.089,0.367,0.169,0.152,0.302,0.127,0.514,0.164,0.101,0.232,0.12,0.182,0.236,0.311,0.251,0.085,0.208,0.247,0.249,0.221,0.191,0.263,0.421,0.574,0.095,0.184,0.117,0.185,0.181,0.357,0.258,0.155,0.17,0.095,0.303,0.058,0.121,0.298,0.078,0.1,0.156,0.242,0.364,0.159,0.187,0.154,0.187,0.141,0.167,0.175,0.351,0.055,0.286,0.185,0.206,0.327,0.225,0.138,0.295,0.073,0.178,0.206,0.17,0.187,0.129,0.235,0.108,0.22,0.264,0.21,0.227,0.086,0.093,0.09,0.3,0.166,0.208,0.153,0.233,0.238,0.458,0.226,0.162,0.236,0.168,0.313,0.247,0.087,0.243,0.187,0.18,0.218,0.094,0.123,0.217,0.22,0.121,0.213,0.173,0.201,0.098,0.092,0.282,0.122,0.205,0.244,0.13,0.087,0.387,0.106,0.138,0.117,0.084,1.0,0.054,0.08,0.097,0.084,0.079,0.07,0.248,0.196,0.126,0.235,0.33,0.089,0.299,0.201,0.096,0.202,0.178,0.161,0.233,0.205,0.181,0.196,0.15,0.36,0.25,0.265,0.116,0.445,0.242,0.123,0.306,0.171,0.155,0.491,0.248,0.141,0.194,0.297,0.114,0.1,0.218,0.265,0.119,0.047,0.317,0.34,0.132,0.343,0.204,0.242,0.165,0.437,0.252,0.175,0.236,0.109,0.165,0.143,0.086,0.189,0.176,0.203,0.143,0.169,0.091,0.065,0.169,0.29
0.09,0.252,0.077,0.043,0.076,0.061,0.243,0.071,0.104,0.075,0.059,0.074,0.049,0.066,0.08,0.063,0.15,0.066,0.064,0.333,0.11,0.061,0.066,0.069,0.099,0.094,0.086,0.074,0.095,0.139,0.147,0.052,0.086,0.142,0.064,0.132,0.167,0.098,0.11,0.079,0.089,0.138,0.103,0.088,0.178,0.093,0.127,0.153,0.082,0.038,0.08,0.202,0.057,0.11,0.072,0.049,0.092,0.144,0.071,0.055,0.062,0.045,0.081,0.16,0.139,0.096,0.062,0.074,0.133,0.101,0.103,0.069,0.111,0.078,0.066,0.129,0.098,0.174,0.1,0.057,0.035,0.072,0.123,0.073,0.078,0.076,0.158,0.059,0.198,0.076,0.042,0.099,0.107,0.492,0.058,0.076,0.252,0.041,0.05,0.088,0.156,0.071,0.089,0.073,0.077,0.067,0.062,0.11,0.1,0.085,0.149,0.08,0.063,0.07,0.159,0.089,0.076,0.079,0.097,0.101,0.121,0.097,0.07,0.095,0.088,0.097,0.041,0.032,0.122,0.097,0.099,0.069,0.14,0.068,0.153,0.098,0.05,0.047,0.088,0.092,0.092,0.172,0.13,0.141,0.055,0.092,0.058,0.057,0.108,0.082,0.083,0.077,0.13,0.12,0.083,0.079,0.057,0.135,0.102,0.097,0.074,0.16,0.251,0.068,0.04,0.269,0.092,0.084,0.129,0.113,0.154,0.037,0.036,0.037,0.06,0.079,0.092,0.055,0.067,0.095,0.08,0.085,0.058,0.065,0.062,0.107,0.043,0.097,0.075,0.076,0.088,0.088,0.075,0.071,0.061,0.422,0.108,0.105,0.362,0.17,0.149,0.172,0.084,0.105,0.075,0.104,0.034,0.196,0.105,0.044,0.043,0.073,0.04,0.104,0.105,0.136,0.079,0.169,0.209,0.079,0.073,0.117,0.151,0.057,0.149,0.142,0.298,0.252,0.036,0.1,0.082,0.077,0.051,0.078,0.105,0.093,0.069,0.108,0.161,0.083,0.062,0.152,0.182,0.031,0.106,0.115,0.084,0.041,0.072,0.054,0.051,0.094,0.245,0.054,0.038,0.252,0.076,0.1,0.091,0.068,0.058,0.094,0.087,0.045,0.117,0.118,0.147,0.123,0.064,0.088,0.114,0.134,0.328,0.054,1.0,0.065,0.064,0.088,0.097,0.07,0.111,0.122,0.07,0.142,0.046,0.109,0.09,0.182,0.074,0.117,0.144,0.13,0.078,0.031,0.058,0.086,0.09,0.111,0.095,0.036,0.079,0.072,0.096,0.093,0.068,0.089,0.046,0.056,0.136,0.072,0.078,0.073,0.092,0.05,0.047,0.085,0.246,0.067,0.118,0.062,0.109,0.121,0.101,0.123,0.12,0.058,0.032,0.1,0.21,0.066,0.098,0.151,0.065,0.056,0.092,0.118,0.1,0.129,0.086,0.323,0.092,0.125
0.199,0.229,0.205,0.269,0.113,0.186,0.083,0.106,0.148,0.217,0.077,0.166,0.253,0.103,0.287,0.092,0.152,0.139,0.098,0.221,0.102,0.311,0.114,0.096,0.245,0.291,0.317,0.155,0.311,0.162,0.198,0.314,0.165,0.303,0.151,0.347,0.351,0.227,0.282,0.24,0.213,0.174,0.426,0.074,0.094,0.359,0.228,0.254,0.093,0.051,0.392,0.143,0.195,0.184,0.12,0.202,0.256,0.262,0.204,0.08,0.181,0.163,0.292,0.1,0.227,0.209,0.114,0.092,0.152,0.143,0.148,0.096,0.289,0.298,0.194,0.231,0.138,0.348,0.252,0.1,0.056,0.113,0.196,0.322,0.231,0.089,0.213,0.221,0.241,0.377,0.059,0.223,0.331,0.115,0.413,0.188,0.229,0.19,0.173,0.442,0.409,0.11,0.172,0.099,0.409,0.199,0.078,0.175,0.466,0.123,0.234,0.123,0.261,0.284,0.184,0.475,0.175,0.085,0.398,0.376,0.382,0.278,0.128,0.232,0.521,0.366,0.19,0.046,0.233,0.205,0.339,0.154,0.281,0.154,0.254,0.145,0.072,0.078,0.162,0.156,0.156,0.545,0.226,0.299,0.147,0.186,0.118,0.088,0.248,0.203,0.457,0.1,0.135,0.161,0.135,0.232,0.16,0.224,0.387,0.246,0.197,0.186,0.125,0.365,0.087,0.088,0.156,0.243,0.24,0.108,0.343,0.062,0.064,0.053,0.07,0.403,0.129,0.08,0.13,0.136,0.387,0.153,0.118,0.117,0.285,0.334,0.091,0.212,0.183,0.106,0.115,0.3,0.106,0.153,0.089,0.081,0.095,0.156,0.069,0.17,0.214,0.168,0.125,0.306,0.183,0.221,0.077,0.134,0.096,0.071,0.083,0.206,0.067,0.181,0.238,0.094,0.187,0.171,0.159,0.451,0.153,0.296,0.201,0.091,0.339,0.231,0.064,0.229,0.061,0.174,0.181,0.403,0.351,0.179,0.196,0.255,0.166,0.256,0.176,0.216,0.128,0.175,0.847,0.048,0.107,0.246,0.119,0.087,0.142,0.102,0.174,0.138,0.406,0.27,0.057,0.229,0.328,0.342,0.235,0.127,0.115,0.229,0.078,0.164,0.272,0.249,0.502,0.196,0.081,0.477,0.168,0.114,0.222,0.08,0.065,1.0,0.2,0.136,0.485,0.4,0.144,0.134,0.408,0.231,0.071,0.231,0.122,0.182,0.433,0.198,0.264,0.156,0.167,0.064,0.121,0.268,0.364,0.139,0.21,0.076,0.341,0.132,0.322,0.242,0.238,0.118,0.057,0.091,0.157,0.108,0.225,0.112,0.201,0.214,0.083,0.196,0.217,0.098,0.094,0.092,0.346,0.257,0.24,0.112,0.225,0.095,0.075,0.146,0.156,0.412,0.225,0.099,0.281,0.063,0.261,0.244,0.371,0.11,0.39,0.067,0.325,0.274
0.205,0.334,0.168,0.142,0.086,0.137,0.063,0.128,0.169,0.173,0.059,0.165,0.18,0.074,0.194,0.067,0.167,0.131,0.174,0.464,0.082,0.167,0.468,0.129,0.418,0.175,0.214,0.166,0.197,0.166,0.156,0.191,0.137,0.229,0.137,0.178,0.309,0.19,0.199,0.251,0.202,0.163,0.24,0.055,0.11,0.177,0.319,0.177,0.085,0.26,0.175,0.14,0.076,0.182,0.145,0.159,0.21,0.183,0.127,0.061,0.185,0.133,0.198,0.074,0.153,0.168,0.375,0.128,0.125,0.11,0.112,0.129,0.204,0.143,0.262,0.197,0.113,0.196,0.237,0.064,0.327,0.114,0.138,0.387,0.21,0.094,0.203,0.16,0.205,0.185,0.073,0.164,0.242,0.101,0.194,0.15,0.334,0.139,0.129,0.179,0.338,0.082,0.098,0.077,0.232,0.211,0.06,0.168,0.173,0.177,0.167,0.091,0.18,0.37,0.201,0.194,0.134,0.308,0.216,0.213,0.254,0.193,0.253,0.237,0.141,0.252,0.139,0.076,0.166,0.216,0.293,0.184,0.256,0.415,0.177,0.178,0.107,0.061,0.132,0.105,0.105,0.249,0.117,0.263,0.204,0.199,0.077,0.118,0.159,0.182,0.158,0.089,0.145,0.146,0.124,0.336,0.177,0.16,0.191,0.208,0.127,0.194,0.096,0.191,0.056,0.071,0.105,0.247,0.265,0.12,0.208,0.049,0.049,0.065,0.054,0.194,0.124,0.061,0.165,0.14,0.127,0.208,0.077,0.074,0.163,0.218,0.316,0.155,0.189,0.083,0.088,0.157,0.128,0.43,0.113,0.232,0.123,0.115,0.065,0.214,0.234,0.142,0.094,0.203,0.187,0.239,0.129,0.123,0.078,0.085,0.164,0.433,0.051,0.12,0.165,0.094,0.284,0.147,0.134,0.153,0.095,0.255,0.22,0.087,0.184,0.163,0.089,0.334,0.048,0.172,0.178,0.192,0.158,0.114,0.165,0.24,0.195,0.101,0.134,0.199,0.086,0.224,0.608,0.037,0.094,0.217,0.118,0.127,0.264,0.108,0.19,0.139,0.194,0.176,0.079,0.334,0.149,0.153,0.132,0.16,0.217,0.18,0.119,0.121,0.202,0.138,0.183,0.138,0.061,0.213,0.17,0.145,0.16,0.097,0.064,0.2,1.0,0.112,0.922,0.159,0.143,0.195,0.37,0.163,0.07,0.189,0.1,0.161,0.229,0.163,0.167,0.147,0.176,0.039,0.158,0.152,0.167,0.137,0.18,0.048,0.186,0.083,0.192,0.152,0.117,0.141,0.111,0.101,0.2,0.114,0.277,0.084,0.111,0.167,0.112,0.196,0.131,0.35,0.115,0.067,0.239,0.259,0.216,0.098,0.151,0.111,0.049,0.113,0.119,0.34,0.218,0.073,0.236,0.075,0.182,0.156,0.266,0.087,0.403,0.066,0.227,0.232
0.171,0.275,0.138,0.106,0.112,0.163,0.096,0.183,0.155,0.14,0.09,0.146,0.102,0.117,0.183,0.095,0.195,0.091,0.114,0.127,0.125,0.136,0.107,0.139,0.133,0.144,0.166,0.196,0.161,0.194,0.192,0.114,0.126,0.254,0.144,0.139,0.291,1.0,0.278,0.148,0.147,0.147,0.163,0.071,0.123,0.17,0.129,0.194,0.094,0.183,0.172,0.194,0.108,0.152,0.144,0.152,0.15,0.179,0.12,0.079,0.15,0.2,0.159,0.096,0.166,0.174,0.087,0.12,0.154,0.348,0.142,0.139,0.241,0.144,0.152,0.124,0.23,0.147,0.157,0.084,0.064,0.217,0.165,0.21,0.132,0.102,0.232,0.133,0.158,0.169,0.108,0.167,0.156,0.102,0.172,0.265,0.275,0.073,0.303,0.162,0.13,0.105,0.3,0.098,0.206,0.165,0.084,0.156,0.185,0.165,0.157,0.114,0.113,0.13,0.25,0.171,0.153,0.085,0.18,0.219,0.191,0.159,0.103,0.193,0.185,0.193,0.073,0.444,0.18,0.156,0.183,0.139,0.319,0.1,0.194,0.173,0.179,0.083,0.121,0.126,0.126,0.166,0.129,0.17,0.115,0.13,0.093,0.141,0.173,0.139,0.231,0.1,0.132,0.122,0.1,0.15,0.147,0.177,0.147,0.152,0.157,0.22,0.117,0.164,0.072,0.142,0.126,0.213,0.167,0.15,0.221,0.062,0.068,0.086,0.075,0.173,0.128,0.079,0.147,0.157,0.139,0.122,0.093,0.096,0.183,0.194,0.182,0.163,0.175,0.114,0.114,0.16,0.192,0.13,0.179,0.081,0.201,0.14,0.194,0.144,0.208,0.111,0.122,0.221,0.182,0.143,0.141,0.108,0.096,0.111,0.121,0.113,0.071,0.142,0.167,0.125,0.143,0.19,0.158,0.229,0.516,0.184,0.23,0.095,0.204,0.18,0.091,0.275,0.068,0.138,0.158,0.198,0.117,0.191,0.13,0.151,0.153,0.145,0.118,0.15,0.1,0.238,0.306,0.054,0.119,0.173,0.124,0.254,0.152,0.086,0.153,0.173,0.187,0.105,0.225,0.275,0.171,0.128,0.188,0.152,0.098,0.156,0.121,0.202,0.178,0.185,0.158,0.165,0.082,0.158,0.145,0.087,0.145,0.084,0.088,0.136,0.112,1.0,0.146,0.126,0.147,0.169,0.153,0.18,0.076,0.219,0.117,0.202,0.144,0.176,0.133,0.226,0.12,0.055,0.13,0.162,0.325,0.229,0.148,0.064,0.145,0.106,0.165,0.139,0.145,0.2,0.143,0.116,0.229,0.141,0.179,0.103,0.198,0.081,0.098,0.161,0.114,0.086,0.11,0.093,0.193,0.196,0.171,0.154,0.168,0.113,0.062,0.14,0.412,0.264,0.179,0.088,0.124,0.153,0.188,0.147,0.167,0.122,0.145,0.217,0.147,0.175
0.131,0.147,0.438,0.145,0.117,0.126,0.113,0.117,0.167,0.145,0.076,0.485,0.193,0.128,0.397,0.091,0.234,0.261,0.187,0.922,0.152,0.193,0.364,0.104,0.594,0.258,0.594,0.28,0.594,0.224,0.279,0.225,0.181,0.594,0.262,0.484,0.242,0.146,0.594,0.351,0.397,0.263,0.594,0.076,0.1,0.225,0.922,0.167,0.092,0.035,0.43,0.227,0.067,0.193,0.213,0.276,0.484,0.594,0.33,0.088,0.259,0.072,0.485,0.099,0.185,0.351,0.264,0.092,0.258,0.167,0.155,0.104,0.594,0.28,0.438,0.488,0.155,0.311,0.485,0.066,0.111,0.178,0.145,0.397,0.363,0.101,0.184,0.27,0.484,0.342,0.058,0.22,0.484,0.311,0.438,0.25,0.147,0.11,0.179,0.364,0.397,0.115,0.172,0.135,0.43,0.162,0.075,0.404,0.379,0.214,0.193,0.123,0.194,0.922,0.147,0.397,0.311,0.661,0.484,0.594,0.594,0.488,0.082,0.387,0.202,0.485,0.11,0.029,0.484,0.488,0.594,0.485,0.594,0.372,0.167,0.167,0.076,0.075,0.262,0.104,0.104,0.594,0.167,0.594,0.105,0.329,0.07,0.117,0.279,0.354,0.295,0.092,0.154,0.484,0.438,0.484,0.259,0.258,0.488,0.484,0.157,0.147,0.143,0.295,0.051,0.118,0.104,0.33,0.594,0.165,0.594,0.07,0.057,0.056,0.067,0.325,0.117,0.088,0.438,0.155,0.28,0.28,0.07,0.076,0.093,0.594,0.077,0.22,0.404,0.165,0.145,0.342,0.127,0.364,0.104,0.118,0.144,0.167,0.065,0.441,0.465,0.311,0.123,0.43,0.397,0.397,0.044,0.354,0.164,0.073,0.053,0.354,0.063,0.117,0.323,0.104,0.364,0.258,0.258,0.102,0.146,0.594,0.147,0.091,0.259,0.155,0.078,0.147,0.057,0.193,0.351,0.312,0.253,0.154,0.415,0.484,0.363,0.143,0.319,0.485,0.075,0.147,0.594,0.047,0.122,0.594,0.117,0.141,0.364,0.123,0.351,0.155,0.484,0.193,0.046,0.147,0.285,0.379,0.175,0.311,0.145,0.43,0.138,0.072,0.594,0.167,0.485,0.145,0.086,0.484,0.2,0.139,0.193,0.079,0.097,0.485,0.922,0.146,1.0,0.311,0.155,0.258,0.922,0.155,0.079,0.23,0.149,0.346,0.485,0.397,0.484,0.212,0.255,0.039,0.415,0.323,0.484,0.199,0.33,0.046,0.312,0.084,0.33,0.323,0.28,0.187,0.048,0.095,0.147,0.154,0.351,0.123,0.101,0.132,0.122,0.397,0.311,0.364,0.105,0.091,0.594,0.594,0.488,0.185,0.295,0.104,0.043,0.155,0.146,0.394,0.484,0.097,0.404,0.08,0.594,0.594,0.703,0.175,0.484,0.065,0.641,0.594
0.126,0.205,0.254,0.179,0.098,0.154,0.085,0.082,0.114,0.149,0.061,0.128,0.185,0.097,0.269,0.083,0.155,0.346,0.096,0.174,0.109,0.271,0.097,0.079,0.287,0.257,0.271,0.134,0.25,0.127,0.17,0.224,0.159,0.275,0.148,0.359,0.218,0.194,0.248,0.256,0.237,0.168,0.386,0.055,0.091,0.267,0.251,0.206,0.076,0.033,0.3,0.13,0.188,0.172,0.108,0.247,0.314,0.226,0.168,0.07,0.318,0.122,0.164,0.08,0.188,0.182,0.285,0.069,0.2,0.118,0.135,0.079,0.263,0.425,0.204,0.238,0.126,0.499,0.18,0.062,0.045,0.087,0.181,0.372,0.308,0.078,0.208,0.258,0.278,0.184,0.047,0.187,0.294,0.212,0.442,0.278,0.205,0.11,0.137,0.29,0.245,0.091,0.156,0.109,0.392,0.168,0.062,0.131,0.433,0.109,0.167,0.099,0.322,0.425,0.132,0.315,0.446,0.133,0.382,0.336,0.545,0.257,0.081,0.205,0.255,0.285,0.11,0.023,0.205,0.375,0.337,0.121,0.334,0.236,0.206,0.124,0.056,0.061,0.17,0.111,0.111,0.493,0.133,0.336,0.11,0.198,0.066,0.075,0.173,0.331,0.335,0.073,0.107,0.175,0.171,0.234,0.268,0.221,0.346,0.37,0.153,0.136,0.114,0.167,0.048,0.071,0.111,0.234,0.194,0.09,0.273,0.049,0.047,0.048,0.057,0.246,0.1,0.07,0.141,0.124,0.409,0.128,0.066,0.074,0.215,0.325,0.07,0.184,0.131,0.106,0.131,0.241,0.097,0.11,0.075,0.068,0.108,0.132,0.051,0.17,0.372,0.217,0.108,0.261,0.153,0.216,0.042,0.113,0.118,0.055,0.049,0.261,0.052,0.131,0.328,0.081,0.148,0.252,0.178,0.196,0.153,0.299,0.167,0.078,0.226,0.185,0.06,0.205,0.047,0.152,0.21,0.351,0.235,0.157,0.352,0.202,0.144,0.304,0.146,0.201,0.072,0.124,0.545,0.041,0.111,0.266,0.096,0.088,0.1,0.092,0.127,0.121,0.434,0.188,0.039,0.205,0.308,0.287,0.239,0.275,0.103,0.224,0.098,0.122,0.256,0.191,0.446,0.181,0.09,0.525,0.176,0.097,0.188,0.07,0.07,0.4,0.159,0.126,0.311,1.0,0.147,0.18,0.341,0.185,0.059,0.183,0.116,0.281,0.436,0.182,0.235,0.129,0.255,0.038,0.128,0.216,0.361,0.123,0.229,0.043,0.309,0.084,0.389,0.325,0.196,0.092,0.04,0.07,0.101,0.1,0.179,0.098,0.147,0.128,0.097,0.214,0.389,0.091,0.094,0.08,0.334,0.282,0.285,0.099,0.172,0.073,0.041,0.139,0.153,0.417,0.267,0.091,0.201,0.055,0.218,0.246,0.354,0.109,0.509,0.049,0.344,0.321
0.291,0.383,0.434,0.145,0.369,0.191,0.186,0.447,0.404,0.199,0.133,0.489,0.152,0.125,0.176,0.144,0.246,0.121,0.229,0.208,0.126,0.138,0.11,0.291,0.155,0.192,0.166,0.318,0.212,0.288,0.233,0.119,0.205,0.191,0.204,0.311,0.362,0.18,0.168,0.164,0.272,0.358,0.219,0.148,0.364,0.222,0.167,0.469,0.215,0.402,0.164,0.27,0.15,0.272,0.375,0.249,0.164,0.189,0.149,0.137,0.211,0.226,0.228,0.192,0.247,0.26,0.102,0.316,0.227,0.249,0.518,0.291,0.206,0.174,0.288,0.209,0.426,0.119,0.624,0.181,0.095,0.188,0.224,0.153,0.175,0.26,0.221,0.138,0.155,0.241,0.412,0.242,0.252,0.221,0.223,0.248,0.383,0.187,0.158,0.195,0.153,0.2,0.177,0.192,0.145,0.15,0.16,0.272,0.153,0.254,0.172,0.219,0.097,0.155,0.213,0.159,0.362,0.141,0.194,0.214,0.19,0.247,0.446,0.141,0.349,0.158,0.187,0.102,0.229,0.226,0.224,0.264,0.218,0.133,0.469,0.403,0.246,0.163,0.248,0.281,0.281,0.21,0.229,0.239,0.133,0.332,0.245,0.26,0.257,0.14,0.173,0.375,0.276,0.253,0.122,0.255,0.231,0.304,0.204,0.2,0.142,0.242,0.198,0.251,0.183,0.138,0.281,0.218,0.181,0.274,0.208,0.115,0.142,0.175,0.136,0.178,0.244,0.137,0.241,0.495,0.185,0.253,0.245,0.221,0.163,0.32,0.215,0.216,0.313,0.158,0.209,0.258,0.229,0.167,0.238,0.104,0.131,0.27,0.128,0.147,0.22,0.251,0.225,0.216,0.303,0.255,0.256,0.142,0.169,0.35,0.355,0.127,0.143,0.831,0.377,0.232,0.152,0.367,0.337,0.12,0.143,0.254,0.206,0.366,0.206,1.0,0.212,0.383,0.135,0.27,0.676,0.196,0.133,0.135,0.239,0.224,0.28,0.146,0.263,0.28,0.274,0.331,0.279,0.097,0.226,0.225,0.506,0.116,0.42,0.165,0.246,0.564,0.195,0.156,0.205,0.383,0.157,0.241,0.201,0.257,0.126,0.201,0.291,0.163,0.222,0.251,0.198,0.224,0.147,0.17,0.202,0.161,0.149,0.248,0.111,0.144,0.143,0.147,0.155,0.147,1.0,0.371,0.169,1.0,0.215,0.153,0.197,0.237,0.166,0.416,0.228,0.219,0.196,0.126,0.345,0.272,0.165,0.285,0.233,0.155,0.18,0.257,0.229,0.201,0.227,0.382,0.228,0.271,0.293,0.391,0.249,0.193,0.159,0.195,0.194,0.478,0.176,0.102,0.245,0.147,0.213,0.294,0.277,0.22,0.373,0.28,0.163,0.406,0.225,0.209,0.235,0.138,0.148,0.196,0.259,0.221,0.208,0.168,0.163,0.115,0.238,0.211
0.392,0.207,0.233,0.088,0.124,0.23,0.133,0.284,0.193,0.297,0.088,0.309,0.092,0.146,0.151,0.113,0.256,0.176,0.167,0.241,0.147,0.094,0.119,0.322,0.173,0.188,0.197,0.298,0.257,0.194,0.286,0.11,0.315,0.19,0.127,0.227,0.585,0.26,0.193,0.16,0.239,0.2,0.208,0.089,0.29,0.182,0.166,0.263,0.148,0.47,0.149,0.316,0.111,0.163,0.286,0.306,0.183,0.254,0.135,0.09,0.33,0.306,0.278,0.114,0.252,0.294,0.128,0.279,0.291,0.202,0.154,0.322,0.176,0.187,0.337,0.19,0.157,0.157,0.299,0.114,0.082,0.178,0.376,0.17,0.184,0.18,0.188,0.122,0.187,0.218,0.199,0.333,0.248,0.153,0.232,0.268,0.207,0.107,0.097,0.224,0.149,0.121,0.159,0.169,0.153,0.099,0.093,0.282,0.163,0.244,0.124,0.15,0.146,0.174,0.156,0.174,0.208,0.143,0.225,0.25,0.227,0.232,0.322,0.184,0.31,0.205,0.107,0.076,0.255,0.247,0.296,0.26,0.264,0.124,0.263,0.43,0.26,0.093,0.382,0.17,0.17,0.207,0.136,0.266,0.092,0.301,0.136,0.327,0.222,0.169,0.139,0.168,0.254,0.222,0.153,0.271,0.343,0.408,0.243,0.248,0.162,0.167,0.127,0.279,0.105,0.103,0.17,0.262,0.209,0.27,0.195,0.068,0.082,0.169,0.099,0.203,0.231,0.09,0.275,0.33,0.145,0.2,0.136,0.133,0.12,0.348,0.156,0.326,0.313,0.153,0.191,0.266,0.3,0.215,0.297,0.085,0.126,0.162,0.103,0.156,0.253,0.197,0.136,0.266,0.279,0.282,0.246,0.12,0.176,0.22,0.25,0.138,0.084,0.196,0.185,0.248,0.169,0.498,0.372,0.106,0.142,0.267,0.156,0.155,0.2,0.241,0.193,0.207,0.078,0.159,0.414,0.19,0.112,0.156,0.191,0.253,0.314,0.196,0.212,0.26,0.147,0.326,0.392,0.061,0.229,0.198,0.226,0.089,0.177,0.1,0.285,0.313,0.235,0.095,0.18,0.207,0.154,0.219,0.187,0.322,0.084,0.201,0.331,0.21,0.278,0.207,0.16,0.376,0.125,0.171,0.256,0.105,0.129,0.196,0.122,0.134,0.195,0.169,0.258,0.18,0.371,1.0,0.195,0.241,0.157,0.149,0.165,0.253,0.172,0.26,0.219,0.217,0.172,0.078,0.287,0.288,0.194,0.272,0.288,0.092,0.147,0.149,0.283,0.263,0.192,0.192,0.282,0.254,0.298,0.298,0.3,0.132,0.107,0.115,0.196,0.311,0.144,0.118,0.196,0.112,0.185,0.316,0.301,0.171,0.22,0.221,0.093,0.2,0.167,0.25,0.319,0.098,0.139,0.168,0.23,0.2,0.291,0.151,0.189,0.103,0.259,0.216
0.339,0.329,0.275,0.222,0.127,0.252,0.106,0.138,0.189,0.158,0.086,0.272,0.23,0.125,0.436,0.124,0.204,0.225,0.172,0.365,0.143,0.267,0.235,0.157,0.548,0.28,0.535,0.25,0.447,0.221,0.347,0.257,0.244,0.474,0.196,0.476,0.529,0.365,0.391,0.339,0.29,0.245,0.493,0.108,0.124,0.29,0.358,0.257,0.134,0.182,0.323,0.179,0.172,0.212,0.203,0.263,0.353,0.38,0.304,0.106,0.244,0.192,0.419,0.148,0.283,0.311,0.274,0.128,0.19,0.174,0.154,0.157,0.398,0.328,0.28,0.373,0.152,0.297,0.322,0.329,0.147,0.185,0.196,0.631,0.264,0.137,0.209,0.33,0.37,0.307,0.098,0.303,0.464,0.257,0.346,0.248,0.329,0.255,0.191,0.303,0.438,0.158,0.166,0.141,0.432,0.226,0.11,0.341,0.322,0.232,0.216,0.157,0.322,0.324,0.175,0.358,0.275,0.211,0.453,0.468,0.443,0.389,0.284,0.343,0.237,0.375,0.255,0.066,0.395,0.336,0.459,0.275,0.399,0.327,0.257,0.181,0.131,0.107,0.205,0.812,0.491,0.46,0.189,0.447,0.23,0.275,0.18,0.136,0.264,0.288,0.317,0.136,0.186,0.338,0.273,0.396,0.222,0.218,0.356,0.375,0.176,0.195,0.141,0.299,0.272,0.111,0.812,0.313,0.411,0.194,0.394,0.082,0.085,0.084,0.09,0.349,0.258,0.106,0.278,0.156,0.31,0.343,0.392,0.413,0.194,0.484,0.181,0.29,0.317,0.189,0.151,0.33,0.13,0.288,0.15,0.157,0.138,0.185,0.069,0.318,0.322,0.272,0.155,0.419,0.32,0.407,0.278,0.255,0.172,0.096,0.255,0.411,0.095,0.183,0.287,0.136,0.393,0.191,0.214,0.211,0.158,0.399,0.247,0.101,0.257,0.233,0.078,0.329,0.081,0.222,0.234,0.449,0.276,0.169,0.274,0.446,0.321,0.2,0.3,0.297,0.428,0.178,0.847,0.072,0.122,0.406,0.127,0.122,0.222,0.169,0.263,0.159,0.444,0.223,0.081,0.329,0.349,0.299,0.245,0.248,0.18,0.317,0.11,0.189,0.412,0.205,0.357,0.196,0.114,0.468,0.225,0.132,0.214,0.126,0.07,0.408,0.37,0.153,0.922,0.341,0.169,0.195,1.0,0.233,0.154,0.273,0.167,0.242,0.451,0.308,0.492,0.236,0.257,0.18,0.246,0.319,0.44,0.212,0.303,0.238,0.333,0.691,0.439,0.345,0.345,0.15,0.064,0.15,0.177,0.148,0.341,0.16,0.141,0.321,0.129,0.302,0.276,0.233,0.105,0.13,0.429,0.4,0.367,0.191,0.259,0.153,0.221,0.165,0.184,0.411,0.332,0.102,0.333,0.083,0.48,0.429,0.574,0.157,0.534,0.07,0.502,0.43
0.154,0.383,0.167,0.228,0.831,0.132,0.373,0.831,0.469,0.165,0.221,1.0,0.273,0.152,0.313,0.225,0.257,0.124,0.495,0.267,0.171,0.273,0.17,0.281,0.259,0.273,0.259,0.245,0.281,0.396,0.469,0.164,0.156,0.272,0.396,0.281,0.234,0.18,0.259,0.192,0.295,1.0,0.36,0.221,0.639,0.469,0.248,0.469,0.265,0.098,0.206,0.392,0.228,0.469,0.717,0.123,0.243,0.259,0.221,0.219,0.13,0.112,0.231,0.313,0.219,0.291,0.122,0.463,0.241,0.469,1.0,0.281,0.274,0.213,0.167,0.281,1.0,0.142,1.0,0.181,0.169,0.274,0.165,0.25,0.253,0.274,0.383,0.24,0.291,0.265,0.181,0.373,0.281,0.639,0.185,0.25,0.383,0.187,0.25,0.313,0.231,0.33,0.25,0.245,0.206,0.237,0.274,0.36,0.192,0.244,0.273,0.373,0.091,0.267,0.383,0.231,0.13,0.244,0.243,0.373,0.259,0.342,0.246,0.21,0.554,0.231,0.187,0.102,0.274,0.187,0.259,0.231,0.259,0.159,0.469,0.469,0.221,0.274,0.165,0.281,0.281,0.311,0.469,0.454,0.259,0.306,0.245,0.245,0.469,0.165,0.346,0.717,0.342,0.717,0.167,0.313,0.246,0.241,0.187,0.243,0.206,0.383,0.36,0.346,0.183,0.235,0.281,0.257,0.259,0.279,0.311,0.245,0.218,0.142,0.228,0.241,0.281,0.219,0.167,1.0,0.274,0.373,0.245,0.221,0.263,1.0,0.157,0.241,0.313,0.213,0.313,0.554,0.148,0.17,0.281,0.169,0.185,0.469,0.172,0.213,0.273,0.342,0.373,0.291,0.484,0.306,0.162,0.245,0.22,0.639,0.159,0.195,0.229,0.831,1.0,0.281,0.228,0.241,0.248,0.171,0.18,0.259,0.383,0.717,0.26,1.0,0.172,0.383,0.218,0.469,0.178,0.313,0.176,0.194,0.373,0.342,0.586,0.14,0.36,0.231,0.274,0.383,0.259,0.155,0.265,0.274,0.831,0.194,1.0,0.259,0.165,1.0,0.243,0.273,0.163,0.383,0.291,0.208,0.469,0.185,0.202,0.206,0.146,0.114,0.274,0.469,0.311,0.165,0.221,0.243,0.248,0.281,0.273,0.235,0.142,0.231,0.163,0.18,0.155,0.185,1.0,0.241,0.233,1.0,0.233,0.342,0.33,0.311,0.273,0.26,0.373,0.36,0.313,0.126,0.831,0.427,0.243,0.228,0.274,0.155,0.373,0.257,0.281,0.221,0.274,0.831,0.126,0.313,0.383,0.639,0.66,0.373,0.295,0.195,0.129,0.831,0.36,0.17,0.295,0.225,0.295,0.342,0.241,0.311,0.831,0.281,0.163,1.0,0.36,0.175,0.243,0.247,0.221,0.131,0.717,0.321,0.259,0.228,0.243,0.155,0.281,0.265
0.208,0.217,0.112,0.168,0.199,0.108,0.133,0.204,0.136,0.092,0.129,0.189,0.089,0.21,0.09,0.331,0.151,0.051,0.156,0.125,0.184,0.092,0.069,0.5,0.074,0.108,0.084,0.191,0.201,0.161,0.122,0.062,0.132,0.157,0.075,0.158,0.219,0.1,0.107,0.215,0.184,0.112,0.128,0.247,0.164,0.117,0.126,0.257,0.366,0.322,0.091,0.151,0.183,0.175,0.212,0.138,0.088,0.069,0.12,0.252,0.151,0.123,0.128,0.351,0.144,0.292,0.048,0.222,0.157,0.255,0.165,0.5,0.229,0.107,0.167,0.255,0.148,0.051,0.18,0.36,0.176,0.324,0.086,0.065,0.055,0.398,0.139,0.194,0.09,0.155,0.402,0.151,0.253,0.22,0.119,0.133,0.217,0.089,0.201,0.097,0.103,0.408,0.147,0.286,0.077,0.097,0.315,0.181,0.074,0.34,0.128,0.316,0.055,0.08,0.133,0.114,0.091,0.088,0.091,0.095,0.099,0.163,0.317,0.113,0.134,0.082,0.089,0.046,0.167,0.176,0.127,0.175,0.122,0.05,0.257,0.262,0.616,0.316,0.1,0.812,0.491,0.112,0.134,0.105,0.079,0.212,0.18,0.224,0.158,0.078,0.091,0.19,0.225,0.164,0.179,0.14,0.14,0.177,0.164,0.165,0.07,0.342,0.134,0.152,0.272,0.119,0.812,0.12,0.095,0.235,0.116,0.163,0.228,0.282,0.246,0.084,0.273,0.252,0.195,0.196,0.19,0.319,0.392,0.413,0.086,0.148,0.118,0.146,0.154,0.455,0.336,0.132,0.134,0.08,0.457,0.054,0.111,0.283,0.07,0.091,0.138,0.211,0.344,0.149,0.176,0.119,0.23,0.142,0.207,0.212,0.272,0.051,0.267,0.183,0.172,0.292,0.229,0.111,0.186,0.064,0.167,0.186,0.13,0.183,0.107,0.233,0.094,0.217,0.233,0.18,0.18,0.081,0.089,0.071,0.294,0.157,0.166,0.208,0.216,0.18,0.428,0.189,0.161,0.304,0.171,0.289,0.211,0.069,0.209,0.206,0.153,0.188,0.085,0.096,0.232,0.217,0.114,0.178,0.165,0.179,0.078,0.088,0.192,0.087,0.221,0.215,0.109,0.086,0.32,0.091,0.142,0.1,0.072,0.33,0.046,0.071,0.07,0.076,0.079,0.059,0.215,0.157,0.154,0.233,1.0,0.082,0.281,0.136,0.085,0.151,0.175,0.136,0.216,0.199,0.177,0.25,0.171,0.385,0.255,0.309,0.101,0.691,0.298,0.108,0.275,0.166,0.13,0.344,0.257,0.153,0.174,0.343,0.092,0.099,0.175,0.191,0.103,0.044,0.167,0.329,0.114,0.207,0.179,0.227,0.162,0.279,0.274,0.155,0.198,0.102,0.137,0.133,0.076,0.191,0.19,0.205,0.109,0.179,0.082,0.059,0.197,0.375
0.205,0.334,0.156,0.211,0.125,0.176,0.103,0.127,0.287,0.165,0.088,0.163,0.206,0.112,0.377,0.103,0.228,0.103,0.14,0.217,0.118,0.251,0.145,0.108,0.244,0.255,0.376,0.188,0.22,0.167,0.251,0.193,0.158,0.3,0.185,0.273,0.314,0.459,0.434,0.227,0.189,0.211,0.362,0.089,0.109,0.269,0.203,0.388,0.107,0.077,0.318,0.133,0.146,0.229,0.156,0.156,0.204,0.451,0.152,0.09,0.156,0.156,0.199,0.116,0.192,0.19,0.128,0.109,0.16,0.185,0.16,0.108,0.262,0.189,0.148,0.197,0.151,0.184,0.209,0.143,0.091,0.119,0.489,0.259,0.184,0.107,0.188,0.224,0.217,0.22,0.065,0.228,0.218,0.164,0.2,0.189,0.334,0.264,0.337,0.274,0.221,0.124,0.184,0.115,0.266,0.274,0.089,0.231,0.227,0.149,0.329,0.141,0.366,0.171,0.181,0.295,0.204,0.097,0.285,0.31,0.248,0.231,0.193,0.364,0.164,0.278,0.264,0.076,0.332,0.19,0.327,0.162,0.249,0.178,0.388,0.167,0.084,0.089,0.172,0.227,0.227,0.25,0.181,0.305,0.221,0.212,0.186,0.114,0.235,0.28,0.208,0.12,0.17,0.16,0.135,0.266,0.147,0.167,0.239,0.223,0.227,0.18,0.137,0.165,0.136,0.206,0.227,0.189,0.377,0.129,0.321,0.072,0.075,0.059,0.078,0.255,0.132,0.09,0.133,0.149,0.189,0.215,0.186,0.173,0.231,0.253,0.13,0.214,0.226,0.13,0.18,0.235,0.119,0.183,0.102,0.155,0.128,0.18,0.146,0.226,0.274,0.233,0.138,0.292,0.194,0.242,0.12,0.193,0.114,0.082,0.122,0.181,0.078,0.276,0.187,0.106,0.21,0.169,0.176,0.172,0.211,0.261,0.226,0.105,0.287,0.342,0.07,0.334,0.071,0.226,0.142,0.305,0.221,0.156,0.166,0.255,0.205,0.16,0.191,0.183,0.208,0.171,0.497,0.055,0.115,0.249,0.132,0.12,0.206,0.166,0.16,0.156,0.294,0.212,0.064,0.334,0.26,0.169,0.237,0.116,0.188,0.244,0.087,0.156,0.229,0.224,0.215,0.489,0.089,0.298,0.171,0.142,0.253,0.089,0.109,0.231,0.189,0.219,0.23,0.183,0.153,0.149,0.273,0.342,0.082,1.0,0.133,0.211,0.286,0.242,0.333,0.273,0.211,0.094,0.153,0.209,0.221,0.173,0.31,0.116,0.262,0.201,0.299,0.217,0.158,0.172,0.057,0.107,0.186,0.189,0.21,0.127,0.278,0.353,0.127,0.188,0.176,0.116,0.108,0.105,0.313,0.252,0.213,0.164,0.207,0.116,0.119,0.166,0.226,0.226,0.204,0.097,0.397,0.074,0.222,0.216,0.344,0.136,0.266,0.167,0.291,0.246
0.212,0.317,0.157,0.197,0.202,0.124,0.133,0.198,0.164,0.107,0.136,0.321,0.119,0.285,0.148,0.539,0.178,0.104,0.194,0.169,0.337,0.152,0.09,0.252,0.152,0.153,0.133,0.193,0.36,0.265,0.193,0.104,0.2,0.246,0.118,0.178,0.295,0.139,0.194,0.248,0.174,0.194,0.228,0.391,0.239,0.167,0.161,0.373,0.455,0.139,0.15,0.146,0.248,0.213,0.327,0.119,0.154,0.128,0.137,0.221,0.196,0.102,0.132,0.291,0.184,0.218,0.109,0.32,0.198,0.273,0.199,0.252,0.215,0.157,0.147,0.315,0.181,0.107,0.202,0.441,0.172,0.201,0.124,0.117,0.122,0.331,0.185,0.2,0.139,0.18,0.241,0.191,0.345,0.179,0.143,0.16,0.317,0.136,0.19,0.154,0.139,0.37,0.218,0.277,0.138,0.125,0.254,0.173,0.126,0.264,0.174,0.471,0.136,0.132,0.17,0.165,0.104,0.13,0.161,0.16,0.182,0.181,0.191,0.156,0.162,0.148,0.136,0.073,0.199,0.244,0.166,0.338,0.202,0.106,0.373,0.218,0.285,0.253,0.127,0.45,0.707,0.195,0.181,0.182,0.11,0.197,0.181,0.218,0.213,0.146,0.128,0.228,0.301,0.215,0.198,0.195,0.139,0.211,0.179,0.249,0.127,0.433,0.167,0.147,0.349,0.141,0.45,0.137,0.17,0.27,0.19,0.152,0.228,0.26,0.3,0.15,0.216,0.221,0.205,0.197,0.24,0.304,0.356,0.841,0.121,0.218,0.117,0.197,0.149,0.379,0.249,0.268,0.126,0.115,0.247,0.094,0.136,0.434,0.089,0.179,0.215,0.206,0.438,0.207,0.182,0.185,0.163,0.16,0.204,0.166,0.447,0.137,0.248,0.266,0.219,0.375,0.269,0.174,0.227,0.09,0.163,0.264,0.163,0.326,0.183,0.33,0.094,0.317,0.188,0.238,0.147,0.132,0.121,0.125,0.403,0.155,0.179,0.296,0.281,0.208,0.386,0.207,0.243,0.262,0.209,0.269,0.179,0.095,0.233,0.228,0.174,0.218,0.152,0.123,0.169,0.317,0.148,0.165,0.253,0.175,0.103,0.145,0.192,0.081,0.291,0.305,0.168,0.124,0.599,0.165,0.172,0.188,0.132,0.299,0.09,0.122,0.1,0.117,0.149,0.116,0.197,0.165,0.167,0.33,0.281,0.133,1.0,0.183,0.148,0.195,0.223,0.181,0.263,0.27,0.259,0.242,0.181,0.307,0.255,0.221,0.158,0.382,0.27,0.156,0.333,0.204,0.111,0.311,0.159,0.177,0.194,0.342,0.12,0.146,0.252,0.213,0.146,0.103,0.142,0.55,0.193,0.227,0.215,0.268,0.203,0.575,0.204,0.281,0.211,0.142,0.17,0.164,0.125,0.219,0.24,0.247,0.172,0.211,0.158,0.079,0.297,0.359
0.514,0.296,0.255,0.12,0.17,0.21,0.144,0.161,0.221,0.138,0.121,0.197,0.135,0.15,0.234,0.133,0.274,0.29,0.15,0.262,0.167,0.141,0.112,0.152,0.187,0.18,0.223,0.204,0.231,0.202,0.252,0.146,0.238,0.358,0.179,0.226,0.852,0.236,0.238,0.218,0.321,0.221,0.271,0.185,0.176,0.232,0.274,0.349,0.167,0.114,0.213,0.168,0.143,0.237,0.239,0.201,0.26,0.222,0.194,0.114,0.254,0.1,0.206,0.229,0.237,0.247,0.198,0.185,0.217,0.243,0.213,0.152,0.274,0.187,0.245,0.272,0.193,0.243,0.239,0.135,0.08,0.142,0.207,0.191,0.278,0.201,0.265,0.207,0.227,0.19,0.099,0.271,0.284,0.252,0.225,0.293,0.296,0.13,0.137,0.227,0.18,0.162,0.187,0.158,0.204,0.138,0.138,0.242,0.321,0.165,0.213,0.176,0.255,0.214,0.227,0.236,0.24,0.142,0.27,0.251,0.336,0.288,0.386,0.249,0.18,0.285,0.13,0.069,0.241,0.357,0.284,0.191,0.319,0.158,0.349,0.287,0.128,0.127,0.321,0.211,0.211,0.525,0.331,0.328,0.117,0.326,0.171,0.198,0.24,0.26,0.188,0.173,0.269,0.268,0.217,0.251,0.248,0.215,0.282,0.309,0.175,0.231,0.31,0.141,0.127,0.241,0.211,0.272,0.263,0.177,0.259,0.093,0.107,0.125,0.117,0.162,0.169,0.114,0.192,0.195,0.183,0.206,0.171,0.162,0.128,0.268,0.101,0.257,0.199,0.161,0.177,0.23,0.152,0.162,0.131,0.17,0.14,0.228,0.216,0.286,0.396,0.311,0.184,0.246,0.209,0.212,0.114,0.225,0.191,0.118,0.241,0.197,0.109,0.251,0.304,0.2,0.162,0.258,0.335,0.147,0.16,0.318,0.212,0.149,0.26,0.311,0.251,0.296,0.104,0.224,0.254,0.2,0.153,0.164,0.341,0.232,0.211,0.151,0.346,0.267,0.19,0.217,0.533,0.077,0.206,0.301,0.187,0.104,0.168,0.137,0.16,0.201,0.323,0.144,0.097,0.296,0.172,0.291,0.232,0.247,0.122,0.261,0.208,0.097,0.254,0.261,0.436,0.207,0.121,0.269,0.16,0.212,0.165,0.201,0.182,0.182,0.161,0.202,0.346,0.281,0.237,0.253,0.242,0.311,0.136,0.211,0.183,1.0,0.252,0.252,0.302,0.262,0.275,0.09,0.185,0.225,0.237,0.232,0.22,0.109,0.201,0.186,0.282,0.22,0.188,0.227,0.092,0.173,0.264,0.176,0.273,0.158,0.189,0.139,0.172,0.263,0.364,0.104,0.247,0.132,0.276,0.365,0.308,0.267,0.238,0.196,0.112,0.21,0.375,0.213,0.268,0.283,0.183,0.129,0.232,0.285,0.28,0.245,0.269,0.221,0.234,0.328
0.199,0.269,0.313,0.33,0.136,0.195,0.115,0.124,0.193,0.162,0.088,0.217,0.403,0.13,0.38,0.109,0.241,0.245,0.138,0.314,0.139,0.425,0.187,0.109,0.309,0.393,0.422,0.221,0.413,0.146,0.234,0.433,0.186,0.416,0.231,0.435,0.351,0.227,0.339,0.352,0.343,0.227,0.592,0.088,0.108,0.515,0.387,0.306,0.108,0.059,0.389,0.183,0.152,0.333,0.162,0.263,0.429,0.38,0.26,0.095,0.331,0.145,0.277,0.119,0.19,0.268,0.218,0.103,0.19,0.167,0.176,0.109,0.39,0.371,0.273,0.299,0.165,0.313,0.271,0.111,0.087,0.137,0.259,0.416,0.268,0.112,0.23,0.309,0.287,0.267,0.066,0.242,0.403,0.183,0.397,0.287,0.269,0.245,0.226,0.419,0.286,0.13,0.182,0.123,0.489,0.243,0.094,0.213,0.409,0.185,0.372,0.143,0.392,0.392,0.17,0.401,0.287,0.124,0.492,0.492,0.517,0.333,0.147,0.349,0.248,0.419,0.245,0.054,0.283,0.424,0.441,0.22,0.461,0.209,0.306,0.172,0.082,0.094,0.226,0.179,0.179,0.526,0.188,0.436,0.219,0.24,0.137,0.115,0.243,0.43,0.281,0.115,0.168,0.207,0.256,0.45,0.288,0.206,0.383,0.424,0.195,0.167,0.148,0.211,0.099,0.106,0.179,0.277,0.295,0.133,0.346,0.075,0.077,0.064,0.083,0.274,0.126,0.095,0.221,0.162,0.354,0.205,0.137,0.133,0.227,0.408,0.119,0.233,0.2,0.142,0.187,0.296,0.127,0.17,0.106,0.123,0.159,0.184,0.075,0.263,0.458,0.209,0.148,0.362,0.222,0.258,0.086,0.192,0.123,0.085,0.092,0.289,0.081,0.214,0.386,0.112,0.249,0.216,0.198,0.17,0.156,0.452,0.211,0.109,0.327,0.273,0.067,0.269,0.074,0.301,0.273,0.476,0.267,0.179,0.315,0.302,0.209,0.232,0.225,0.338,0.151,0.155,0.847,0.058,0.121,0.405,0.134,0.148,0.156,0.197,0.191,0.165,0.535,0.451,0.059,0.269,0.369,0.309,0.261,0.224,0.261,0.348,0.097,0.145,0.334,0.207,0.442,0.259,0.095,0.642,0.165,0.142,0.296,0.096,0.074,0.433,0.229,0.144,0.485,0.436,0.166,0.172,0.451,0.273,0.085,0.286,0.148,0.252,1.0,0.281,0.348,0.177,0.316,0.07,0.155,0.28,0.491,0.171,0.327,0.085,0.445,0.153,0.435,0.312,0.276,0.142,0.053,0.109,0.144,0.157,0.243,0.133,0.146,0.498,0.174,0.313,0.286,0.12,0.11,0.109,0.481,0.413,0.38,0.136,0.243,0.11,0.085,0.17,0.181,0.437,0.383,0.115,0.367,0.078,0.274,0.312,0.471,0.152,0.468,0.071,0.448,0.45
0.274,0.296,0.631,0.216,0.152,0.207,0.189,0.23,0.389,0.207,0.107,0.387,0.121,0.179,0.291,0.168,0.269,0.152,0.191,0.304,0.24,0.146,0.106,0.242,0.238,0.203,0.289,0.357,0.357,0.315,0.291,0.172,0.234,0.318,0.159,0.449,0.445,0.312,0.322,0.282,0.26,0.264,0.393,0.133,0.181,0.239,0.289,0.285,0.165,0.345,0.236,0.22,0.142,0.198,0.25,0.267,0.317,0.267,0.271,0.123,0.304,0.174,0.305,0.177,0.258,0.367,0.124,0.304,0.227,0.234,0.168,0.242,0.321,0.372,0.298,0.244,0.164,0.181,0.385,0.343,0.13,0.187,0.421,0.241,0.218,0.237,0.213,0.184,0.249,0.247,0.304,0.282,0.321,0.233,0.221,0.273,0.296,0.19,0.164,0.307,0.207,0.251,0.214,0.232,0.239,0.125,0.131,0.343,0.218,0.226,0.192,0.201,0.309,0.208,0.189,0.374,0.305,0.159,0.367,0.293,0.339,0.286,0.252,0.332,0.281,0.335,0.19,0.061,0.285,0.273,0.393,0.28,0.328,0.131,0.285,0.274,0.189,0.131,0.203,0.279,0.279,0.31,0.164,0.327,0.112,0.282,0.28,0.244,0.277,0.327,0.196,0.248,0.295,0.251,0.21,0.348,0.278,0.242,0.279,0.344,0.235,0.201,0.147,0.229,0.571,0.183,0.279,0.273,0.337,0.275,0.287,0.103,0.245,0.133,0.125,0.223,0.242,0.123,0.303,0.213,0.298,0.34,0.28,0.253,0.124,0.343,0.171,0.319,0.352,0.226,0.246,0.277,0.239,0.173,0.187,0.129,0.142,0.19,0.132,0.236,0.28,0.285,0.166,0.348,0.397,0.311,0.299,0.2,0.174,0.19,0.169,0.232,0.163,0.21,0.316,0.189,0.363,0.254,0.338,0.122,0.172,0.449,0.184,0.13,0.332,0.26,0.137,0.296,0.101,0.228,0.375,0.231,0.164,0.2,0.201,0.318,0.294,0.196,0.247,0.303,0.309,0.233,0.847,0.119,0.242,0.336,0.226,0.098,0.353,0.227,0.262,0.231,0.354,0.13,0.186,0.296,0.23,0.259,0.25,0.264,0.109,0.34,0.178,0.142,0.365,0.201,0.234,0.421,0.16,0.295,0.181,0.13,0.154,0.202,0.117,0.198,0.163,0.176,0.397,0.182,0.416,0.26,0.308,0.26,0.151,0.242,0.195,0.252,0.281,1.0,0.352,0.235,0.236,0.414,0.256,0.408,0.289,0.304,0.382,0.324,0.23,0.235,0.376,0.307,0.295,0.226,0.145,0.25,0.258,0.285,0.282,0.156,0.135,0.214,0.163,0.305,0.173,0.115,0.136,0.192,0.296,0.332,0.373,0.249,0.3,0.221,0.304,0.31,0.203,0.249,0.315,0.136,0.261,0.14,0.346,0.337,0.347,0.243,0.305,0.152,0.333,0.379
0.275,0.38,0.212,0.242,0.191,0.196,0.171,0.2,0.333,0.223,0.142,0.28,0.189,0.155,0.44,0.187,0.312,0.157,0.178,0.284,0.153,0.225,0.115,0.204,0.354,0.278,0.481,0.249,0.377,0.261,0.453,0.195,0.228,0.402,0.148,0.54,0.414,0.262,0.436,0.268,0.225,0.275,0.466,0.22,0.23,0.313,0.356,0.428,0.214,0.19,0.249,0.188,0.248,0.255,0.308,0.189,0.258,0.405,0.306,0.159,0.23,0.149,0.332,0.308,0.32,0.309,0.139,0.188,0.22,0.239,0.2,0.204,0.366,0.239,0.204,0.379,0.194,0.259,0.283,0.502,0.108,0.21,0.712,0.351,0.207,0.218,0.221,0.279,0.321,0.289,0.135,0.341,0.478,0.34,0.255,0.207,0.38,0.396,0.199,0.355,0.318,0.209,0.19,0.225,0.333,0.181,0.199,0.415,0.249,0.243,0.24,0.235,0.459,0.22,0.198,0.396,0.181,0.128,0.433,0.432,0.316,0.333,0.259,0.454,0.22,0.322,0.396,0.09,0.426,0.281,0.388,0.253,0.274,0.165,0.428,0.23,0.186,0.198,0.186,0.765,0.765,0.397,0.297,0.37,0.183,0.277,0.284,0.196,0.269,0.333,0.22,0.232,0.318,0.422,0.258,0.341,0.186,0.236,0.377,0.364,0.25,0.25,0.252,0.235,0.407,0.187,0.765,0.246,0.37,0.272,0.329,0.141,0.146,0.124,0.164,0.367,0.409,0.159,0.249,0.206,0.333,0.428,0.59,0.642,0.184,0.448,0.098,0.317,0.282,0.216,0.293,0.401,0.139,0.17,0.2,0.171,0.179,0.267,0.126,0.297,0.306,0.372,0.239,0.397,0.351,0.401,0.331,0.296,0.273,0.143,0.703,0.218,0.176,0.3,0.292,0.249,0.299,0.221,0.326,0.132,0.162,0.33,0.239,0.154,0.268,0.373,0.187,0.38,0.165,0.258,0.205,0.398,0.206,0.159,0.294,0.382,0.351,0.193,0.444,0.227,0.66,0.22,0.915,0.12,0.174,0.343,0.165,0.105,0.246,0.201,0.231,0.219,0.381,0.191,0.12,0.38,0.333,0.29,0.334,0.227,0.171,0.376,0.162,0.139,0.421,0.259,0.339,0.712,0.188,0.371,0.25,0.225,0.218,0.178,0.144,0.264,0.167,0.133,0.484,0.235,0.228,0.219,0.492,0.373,0.175,0.333,0.223,0.302,0.348,0.352,1.0,0.329,0.336,0.258,0.29,0.34,0.367,0.237,0.429,0.345,0.306,0.685,0.503,0.394,0.376,0.201,0.092,0.273,0.201,0.267,0.316,0.203,0.143,0.439,0.198,0.272,0.316,0.128,0.146,0.198,0.294,0.294,0.324,0.362,0.277,0.28,0.337,0.256,0.331,0.267,0.233,0.206,0.359,0.132,0.418,0.436,0.583,0.225,0.31,0.115,0.468,0.35
0.366,0.467,0.154,0.161,0.129,0.18,0.115,0.248,0.196,0.155,0.098,0.308,0.119,0.102,0.264,0.116,0.213,0.075,0.15,0.22,0.107,0.163,0.093,0.209,0.209,0.2,0.235,0.265,0.272,0.319,0.363,0.114,0.191,0.233,0.101,0.224,0.503,0.317,0.305,0.195,0.169,0.185,0.27,0.146,0.301,0.209,0.197,0.403,0.188,0.554,0.169,0.243,0.161,0.17,0.35,0.247,0.132,0.27,0.134,0.1,0.266,0.221,0.345,0.2,0.31,0.257,0.086,0.27,0.152,0.212,0.142,0.209,0.188,0.189,0.236,0.279,0.171,0.179,0.263,0.233,0.085,0.227,0.307,0.195,0.125,0.176,0.194,0.14,0.267,0.241,0.155,0.224,0.323,0.227,0.247,0.189,0.467,0.172,0.185,0.166,0.178,0.148,0.159,0.143,0.162,0.13,0.115,0.436,0.159,0.254,0.223,0.147,0.204,0.139,0.192,0.173,0.174,0.097,0.225,0.26,0.201,0.382,0.469,0.208,0.263,0.191,0.172,0.453,0.295,0.227,0.246,0.292,0.215,0.111,0.403,0.268,0.253,0.109,0.124,0.289,0.289,0.241,0.222,0.309,0.127,0.274,0.217,0.25,0.188,0.111,0.206,0.196,0.27,0.341,0.164,0.302,0.227,0.153,0.243,0.221,0.12,0.202,0.228,0.306,0.346,0.183,0.289,0.249,0.288,0.303,0.306,0.094,0.111,0.132,0.109,0.24,0.284,0.1,0.29,0.257,0.154,0.242,0.291,0.269,0.186,0.34,0.141,0.213,0.351,0.135,0.133,0.336,0.21,0.182,0.217,0.165,0.167,0.17,0.179,0.19,0.247,0.249,0.139,0.263,0.399,0.339,0.397,0.233,0.173,0.218,0.691,0.133,0.107,0.3,0.168,0.257,0.239,0.147,0.268,0.17,0.128,0.258,0.21,0.166,0.184,0.36,0.24,0.467,0.088,0.179,0.215,0.201,0.109,0.121,0.147,0.29,0.357,0.149,0.336,0.218,0.312,0.29,0.357,0.08,0.182,0.177,0.196,0.119,0.216,0.138,0.266,0.259,0.192,0.124,0.202,0.467,0.221,0.251,0.275,0.242,0.102,0.167,0.239,0.178,0.273,0.215,0.215,0.307,0.112,0.156,0.159,0.16,0.21,0.161,0.13,0.156,0.147,0.226,0.212,0.129,0.219,0.217,0.236,0.36,0.136,0.273,0.181,0.262,0.177,0.235,0.329,1.0,0.18,0.268,0.328,0.297,0.242,0.261,0.297,0.215,0.19,0.257,0.288,0.286,0.273,0.255,0.223,0.233,0.281,0.249,0.28,0.133,0.151,0.353,0.206,0.288,0.329,0.106,0.165,0.121,0.179,0.242,0.273,0.25,0.18,0.281,0.193,0.179,0.262,0.257,0.223,0.162,0.184,0.209,0.32,0.329,0.266,0.173,0.152,0.168,0.323,0.187
0.171,0.329,0.213,0.368,0.259,0.103,0.164,0.209,0.203,0.115,0.2,0.185,0.276,0.205,0.259,0.262,0.244,0.256,0.22,0.239,0.157,0.298,0.181,0.238,0.229,0.295,0.193,0.236,0.274,0.192,0.203,0.196,0.15,0.324,0.188,0.23,0.301,0.193,0.255,0.288,0.244,0.229,0.323,0.21,0.159,0.307,0.302,0.357,0.223,0.066,0.209,0.149,0.212,0.474,0.231,0.136,0.25,0.19,0.21,0.225,0.233,0.074,0.151,0.372,0.241,0.257,0.216,0.168,0.261,0.236,0.213,0.238,0.422,0.162,0.198,0.323,0.199,0.195,0.202,0.304,0.194,0.248,0.164,0.203,0.254,0.296,0.244,0.33,0.208,0.242,0.184,0.245,0.297,0.279,0.175,0.234,0.329,0.245,0.3,0.216,0.242,0.268,0.224,0.52,0.197,0.224,0.319,0.175,0.232,0.257,0.332,0.268,0.35,0.193,0.218,0.235,0.21,0.16,0.245,0.275,0.317,0.251,0.165,0.266,0.152,0.23,0.245,0.061,0.287,0.346,0.26,0.178,0.312,0.191,0.357,0.208,0.206,0.364,0.177,0.451,0.451,0.315,0.239,0.282,0.221,0.221,0.284,0.225,0.259,0.371,0.149,0.223,0.263,0.267,0.242,0.251,0.193,0.239,0.334,0.332,0.136,0.301,0.175,0.131,0.332,0.167,0.451,0.218,0.232,0.225,0.206,0.212,0.249,0.155,0.247,0.184,0.271,0.225,0.218,0.195,0.369,0.268,0.624,0.403,0.111,0.254,0.118,0.246,0.164,0.304,0.231,0.204,0.117,0.161,0.234,0.112,0.251,0.289,0.08,0.206,0.471,0.361,0.299,0.304,0.181,0.197,0.279,0.382,0.246,0.148,0.279,0.21,0.492,0.244,0.335,0.241,0.272,0.218,0.256,0.089,0.196,0.315,0.197,0.143,0.293,0.313,0.079,0.329,0.328,0.43,0.193,0.353,0.171,0.132,0.42,0.2,0.182,0.177,0.36,0.209,0.527,0.197,0.444,0.184,0.134,0.448,0.162,0.138,0.285,0.348,0.141,0.197,0.25,0.337,0.163,0.329,0.252,0.185,0.292,0.343,0.282,0.216,0.14,0.075,0.295,0.285,0.221,0.164,0.26,0.261,0.237,0.169,0.34,0.233,0.078,0.167,0.176,0.12,0.255,0.255,0.196,0.172,0.257,0.313,0.216,0.211,0.263,0.275,0.316,0.236,0.336,0.18,1.0,0.227,0.172,0.258,0.233,0.285,0.322,0.281,0.451,0.407,0.381,0.234,0.272,0.153,0.064,0.262,0.169,0.149,0.215,0.228,0.124,0.498,0.228,0.225,0.248,0.118,0.133,0.265,0.283,0.322,0.316,0.324,0.245,0.25,0.283,0.229,0.284,0.207,0.254,0.156,0.247,0.123,0.226,0.287,0.249,0.202,0.29,0.071,0.309,0.4
0.05,0.113,0.052,0.502,0.169,0.041,0.21,0.169,0.134,0.044,0.133,0.126,0.07,0.202,0.075,0.281,0.073,0.032,0.174,0.35,0.199,0.134,0.052,0.229,0.322,0.146,0.097,0.169,0.267,0.21,0.373,0.038,0.15,0.336,0.054,0.229,0.077,0.055,0.188,0.281,0.073,0.126,0.117,0.271,0.139,0.134,0.146,0.134,0.174,0.027,0.071,0.079,0.235,0.134,0.179,0.037,0.078,0.097,0.21,0.267,0.089,0.029,0.064,0.334,0.244,0.229,0.036,0.241,0.273,0.267,0.126,0.229,0.283,0.044,0.052,0.229,0.126,0.038,0.126,0.281,0.391,0.258,0.044,0.067,0.043,0.258,0.113,0.373,0.19,0.169,0.306,0.373,0.258,0.229,0.052,0.067,0.113,0.041,0.263,0.075,0.156,0.502,0.134,0.35,0.071,0.077,0.258,0.267,0.052,0.205,0.126,0.348,0.034,0.063,0.113,0.145,0.038,0.305,0.078,0.134,0.097,0.236,0.066,0.191,0.075,0.064,0.041,0.02,0.378,0.092,0.097,0.094,0.097,0.037,0.134,0.134,0.212,0.258,0.044,0.229,0.229,0.097,0.134,0.097,0.068,0.089,0.169,0.169,0.169,0.059,0.103,0.253,0.185,0.248,0.267,0.078,0.036,0.212,0.128,0.206,0.05,0.229,0.117,0.157,0.47,0.157,0.229,0.073,0.289,0.296,0.097,0.169,0.414,0.268,0.235,0.149,0.302,0.267,0.267,0.126,0.244,0.258,0.244,0.205,0.058,0.156,0.043,0.489,0.134,0.306,0.306,0.122,0.048,0.052,0.229,0.041,0.126,0.229,0.049,0.098,0.134,0.258,0.229,0.373,0.229,0.248,0.198,0.244,0.267,0.218,0.116,0.058,0.433,0.094,0.164,0.229,0.502,0.078,0.146,0.053,0.154,0.116,0.113,0.082,0.081,0.126,0.039,0.113,0.182,0.315,0.055,0.075,0.104,0.057,0.229,0.203,0.233,0.189,0.333,0.064,0.258,0.113,0.097,0.268,0.074,0.258,0.094,0.052,0.35,0.502,0.094,0.126,0.078,0.07,0.267,0.113,0.273,0.288,0.266,0.244,0.054,0.071,0.085,0.029,0.306,0.163,0.09,0.044,0.348,0.078,0.207,0.085,0.07,0.205,0.031,0.064,0.039,0.055,0.039,0.038,0.126,0.078,0.18,0.126,0.199,0.094,0.27,0.09,0.07,0.414,0.258,0.268,0.227,1.0,0.134,0.229,0.267,0.205,0.258,0.267,0.098,0.19,0.258,0.35,0.258,0.094,0.037,0.258,0.113,0.139,0.39,0.169,0.073,0.049,0.095,0.094,0.117,0.052,0.073,0.348,0.097,0.134,0.181,0.414,0.253,0.229,0.24,0.276,0.179,0.054,0.078,0.265,0.052,0.091,0.257,0.207,0.194,0.433,0.078,0.04,0.373,0.205
0.281,0.334,0.254,0.113,0.189,0.169,0.116,0.41,0.228,0.192,0.078,0.584,0.096,0.073,0.2,0.098,0.198,0.113,0.252,0.207,0.092,0.105,0.099,0.357,0.19,0.146,0.195,0.382,0.331,0.351,0.316,0.09,0.194,0.176,0.158,0.282,0.306,0.153,0.19,0.157,0.18,0.226,0.251,0.087,0.542,0.156,0.165,0.388,0.298,0.633,0.121,0.3,0.107,0.147,0.592,0.336,0.132,0.181,0.112,0.085,0.446,0.3,0.418,0.112,0.267,0.331,0.119,0.473,0.115,0.149,0.208,0.357,0.152,0.157,0.405,0.319,0.194,0.118,0.43,0.159,0.067,0.206,0.205,0.177,0.196,0.193,0.178,0.129,0.262,0.215,0.25,0.19,0.297,0.245,0.346,0.235,0.334,0.296,0.105,0.153,0.186,0.119,0.108,0.104,0.119,0.119,0.087,0.395,0.141,0.318,0.11,0.13,0.3,0.123,0.166,0.16,0.218,0.105,0.237,0.185,0.194,0.35,0.287,0.182,0.38,0.219,0.296,0.118,0.186,0.286,0.38,0.508,0.215,0.142,0.388,0.364,0.34,0.087,0.15,0.227,0.227,0.175,0.145,0.3,0.106,0.353,0.186,0.319,0.153,0.136,0.148,0.326,0.268,0.428,0.181,0.401,0.41,0.114,0.253,0.28,0.079,0.175,0.113,0.363,0.146,0.091,0.227,0.315,0.272,0.383,0.231,0.075,0.075,0.161,0.103,0.202,0.329,0.085,0.383,0.418,0.12,0.271,0.186,0.173,0.122,0.407,0.209,0.186,0.451,0.096,0.121,0.395,0.295,0.186,0.296,0.092,0.12,0.151,0.095,0.126,0.188,0.24,0.12,0.231,0.409,0.396,0.497,0.124,0.11,0.364,0.609,0.167,0.078,1.0,0.22,0.287,0.206,0.116,0.211,0.092,0.075,0.32,0.162,0.382,0.129,0.831,0.174,0.334,0.069,0.153,0.372,0.183,0.113,0.078,0.173,0.401,0.523,0.09,0.33,0.298,0.208,0.379,0.567,0.072,0.184,0.155,0.409,0.1,0.296,0.125,0.39,0.448,0.162,0.098,0.242,0.334,0.13,0.255,0.228,0.386,0.109,0.217,0.315,0.199,0.234,0.16,0.143,0.205,0.092,0.149,0.102,0.133,0.116,0.181,0.058,0.121,0.158,0.13,0.415,0.128,0.345,0.287,0.246,0.831,0.177,0.153,0.259,0.185,0.155,0.256,0.29,0.328,0.172,0.134,1.0,0.411,0.186,0.291,0.3,0.163,0.15,0.201,0.293,0.327,0.272,0.322,0.342,0.277,0.355,0.471,0.339,0.115,0.096,0.19,0.247,0.459,0.151,0.113,0.149,0.099,0.156,0.248,0.325,0.179,0.223,0.358,0.14,0.218,0.134,0.352,0.314,0.087,0.157,0.264,0.355,0.241,0.258,0.086,0.182,0.091,0.318,0.174
0.373,0.329,0.357,0.158,0.163,0.159,0.156,0.31,0.257,0.244,0.11,0.373,0.117,0.175,0.314,0.196,0.262,0.145,0.221,0.252,0.252,0.151,0.094,0.369,0.252,0.191,0.271,0.378,0.453,0.391,0.327,0.159,0.241,0.281,0.136,0.388,0.38,0.26,0.323,0.274,0.219,0.29,0.401,0.163,0.28,0.245,0.251,0.357,0.249,0.783,0.232,0.266,0.171,0.179,0.35,0.303,0.249,0.271,0.247,0.144,0.416,0.192,0.385,0.209,0.28,0.507,0.135,0.306,0.213,0.226,0.187,0.369,0.282,0.311,0.359,0.373,0.186,0.212,0.372,0.411,0.104,0.278,0.842,0.235,0.213,0.31,0.207,0.218,0.292,0.268,0.271,0.294,0.371,0.293,0.312,0.266,0.329,0.134,0.162,0.441,0.239,0.246,0.205,0.21,0.238,0.118,0.165,0.388,0.214,0.333,0.177,0.213,0.401,0.236,0.175,0.328,0.226,0.13,0.359,0.309,0.316,0.314,0.258,0.346,0.371,0.271,0.134,0.09,0.286,0.296,0.429,0.322,0.297,0.136,0.357,0.312,0.325,0.164,0.171,1.0,0.605,0.288,0.17,0.323,0.11,0.291,0.23,0.285,0.245,0.29,0.206,0.293,0.347,0.308,0.239,0.443,0.398,0.238,0.427,0.341,0.209,0.236,0.142,0.319,0.344,0.143,1.0,0.284,0.31,0.437,0.28,0.112,0.138,0.15,0.152,0.295,0.35,0.144,0.388,0.327,0.3,0.45,0.484,0.514,0.133,0.389,0.144,0.337,0.428,0.335,0.359,0.362,0.244,0.156,0.327,0.116,0.15,0.226,0.098,0.227,0.302,0.31,0.21,0.381,0.51,0.346,0.376,0.206,0.174,0.216,0.294,0.208,0.15,0.327,0.353,0.297,0.439,0.224,0.292,0.147,0.154,0.357,0.174,0.15,0.211,0.427,0.119,0.329,0.125,0.185,0.314,0.227,0.148,0.174,0.261,0.376,0.414,0.256,0.24,0.293,0.531,0.268,0.663,0.125,0.232,0.316,0.255,0.092,0.264,0.152,0.345,0.299,0.337,0.12,0.205,0.329,0.237,0.25,0.303,0.308,0.096,0.31,0.236,0.151,0.448,0.263,0.213,0.842,0.181,0.268,0.198,0.137,0.157,0.196,0.086,0.268,0.152,0.162,0.323,0.216,0.272,0.288,0.319,0.427,0.25,0.209,0.242,0.225,0.28,0.408,0.34,0.297,0.258,0.229,0.411,1.0,0.281,0.425,0.477,0.299,0.223,0.88,0.503,0.392,0.381,0.248,0.187,0.278,0.286,0.346,0.328,0.241,0.131,0.156,0.175,0.359,0.202,0.11,0.132,0.205,0.258,0.315,0.399,0.278,0.277,0.267,0.288,0.259,0.197,0.34,0.338,0.117,0.207,0.137,0.448,0.458,0.337,0.173,0.255,0.103,0.454,0.489
0.231,0.266,0.216,0.243,0.15,0.14,0.217,0.196,0.175,0.152,0.112,0.223,0.198,0.172,0.332,0.205,0.21,0.164,0.144,0.257,0.153,0.257,0.118,0.192,0.273,0.256,0.353,0.283,0.481,0.228,0.262,0.234,0.187,0.326,0.176,0.451,0.383,0.262,0.331,0.359,0.247,0.216,0.54,0.224,0.152,0.354,0.37,0.266,0.144,0.183,0.278,0.201,0.321,0.2,0.208,0.269,0.319,0.248,0.326,0.168,0.285,0.146,0.254,0.265,0.208,0.281,0.142,0.174,0.181,0.494,0.16,0.192,0.375,0.365,0.204,0.287,0.184,0.287,0.245,0.45,0.125,0.212,0.233,0.39,0.205,0.181,0.219,0.229,0.295,0.281,0.177,0.218,0.427,0.201,0.347,0.215,0.266,0.226,0.218,0.306,0.272,0.194,0.163,0.195,0.434,0.17,0.177,0.31,0.394,0.234,0.22,0.252,0.374,0.307,0.193,0.376,0.204,0.12,0.51,0.413,0.388,0.329,0.146,0.294,0.275,0.421,0.226,0.193,0.298,0.262,0.321,0.214,0.351,0.143,0.266,0.189,0.206,0.176,0.171,0.299,0.299,0.438,0.228,0.37,0.121,0.21,0.206,0.166,0.214,0.249,0.361,0.17,0.188,0.283,0.662,0.307,0.238,0.218,0.313,0.366,0.14,0.231,0.164,0.284,0.351,0.15,0.299,0.376,0.3,0.208,0.305,0.105,0.175,0.4,0.267,0.289,0.229,0.168,0.421,0.17,0.399,0.253,0.322,0.265,0.259,0.42,0.109,0.214,0.229,0.194,0.19,0.321,0.162,0.142,0.195,0.103,0.17,0.211,0.16,0.266,0.264,0.236,0.196,0.286,0.278,0.263,0.234,0.223,0.363,0.143,0.282,0.235,0.17,0.197,0.324,0.204,0.267,0.174,0.228,0.239,0.162,0.357,0.178,0.128,0.244,0.243,0.121,0.266,0.134,0.204,0.194,0.427,0.236,0.133,0.246,0.273,0.216,0.287,0.27,0.23,0.345,0.187,0.915,0.376,0.135,0.333,0.154,0.132,0.206,0.181,0.2,0.184,0.549,0.193,0.381,0.266,0.297,0.335,0.275,0.231,0.127,0.262,0.128,0.145,0.357,0.217,0.378,0.233,0.163,0.617,0.194,0.142,0.162,0.15,0.09,0.364,0.167,0.325,0.484,0.361,0.165,0.194,0.44,0.243,0.171,0.221,0.181,0.237,0.491,0.289,0.367,0.242,0.233,0.267,0.186,0.281,1.0,0.24,0.324,1.0,0.342,0.253,0.467,0.318,0.358,0.265,0.108,0.182,0.199,0.153,0.347,0.147,0.17,0.248,0.141,0.27,0.267,0.104,0.12,0.212,0.362,0.451,0.297,0.213,0.238,0.186,0.918,0.174,0.191,0.375,0.268,0.14,0.24,0.144,0.308,0.33,0.427,0.199,0.394,0.178,0.431,0.34
0.251,0.306,0.231,0.149,0.218,0.179,0.192,0.448,0.226,0.191,0.16,0.312,0.1,0.231,0.147,0.277,0.26,0.118,0.229,0.199,0.234,0.137,0.114,0.513,0.17,0.167,0.172,0.387,0.316,0.269,0.229,0.123,0.229,0.234,0.154,0.228,0.378,0.252,0.212,0.255,0.229,0.191,0.214,0.248,0.246,0.195,0.23,0.25,0.402,0.414,0.152,0.243,0.203,0.191,0.296,0.259,0.197,0.172,0.189,0.214,0.306,0.249,0.285,0.313,0.249,0.385,0.096,0.333,0.251,0.267,0.178,0.513,0.245,0.183,0.326,0.288,0.218,0.129,0.253,0.353,0.154,0.344,0.222,0.145,0.147,0.618,0.246,0.225,0.19,0.226,0.475,0.232,0.355,0.264,0.197,0.204,0.306,0.088,0.172,0.183,0.161,0.413,0.252,0.311,0.156,0.119,0.289,0.303,0.199,0.538,0.201,0.312,0.139,0.15,0.241,0.22,0.188,0.134,0.223,0.203,0.221,0.233,0.311,0.216,0.277,0.235,0.088,0.213,0.261,0.331,0.283,0.289,0.321,0.105,0.25,0.343,0.519,0.29,0.175,0.82,0.514,0.209,0.15,0.221,0.111,0.248,0.197,0.363,0.232,0.173,0.185,0.326,0.277,0.236,0.214,0.233,0.266,0.229,0.22,0.287,0.175,0.358,0.147,0.275,0.302,0.19,0.82,0.253,0.205,0.333,0.182,0.178,0.211,0.246,0.247,0.169,0.333,0.214,0.381,0.262,0.228,0.45,0.421,0.574,0.132,0.31,0.185,0.235,0.303,0.512,0.333,0.243,0.293,0.154,0.457,0.098,0.224,0.265,0.142,0.188,0.318,0.238,0.306,0.295,0.301,0.228,0.293,0.197,0.243,0.26,0.299,0.134,0.247,0.179,0.262,0.355,0.372,0.239,0.306,0.16,0.203,0.275,0.221,0.184,0.225,0.228,0.139,0.306,0.223,0.188,0.283,0.132,0.123,0.163,0.28,0.256,0.288,0.237,0.247,0.269,0.458,0.314,0.391,0.213,0.218,0.342,0.376,0.125,0.286,0.179,0.315,0.284,0.201,0.107,0.354,0.306,0.172,0.214,0.294,0.29,0.109,0.243,0.27,0.224,0.331,0.302,0.171,0.222,0.322,0.179,0.191,0.108,0.125,0.36,0.111,0.139,0.137,0.229,0.199,0.123,0.285,0.272,0.212,0.228,0.385,0.173,0.307,0.232,0.171,0.304,0.237,0.261,0.285,0.205,0.291,0.425,0.24,1.0,0.352,0.289,0.158,0.705,0.382,0.199,0.377,0.186,0.235,0.383,0.318,0.232,0.268,0.398,0.175,0.097,0.288,0.279,0.135,0.095,0.193,0.301,0.199,0.318,0.265,0.281,0.238,0.324,0.282,0.205,0.247,0.203,0.284,0.136,0.146,0.23,0.286,0.319,0.203,0.206,0.181,0.163,0.28,0.449
0.24,0.296,0.287,0.196,0.2,0.133,0.168,0.264,0.316,0.25,0.128,0.311,0.161,0.215,0.408,0.267,0.307,0.189,0.214,0.279,0.168,0.172,0.137,0.348,0.25,0.219,0.316,0.362,0.449,0.191,0.285,0.202,0.198,0.351,0.175,0.354,0.327,0.213,0.415,0.326,0.302,0.234,0.43,0.22,0.266,0.231,0.37,0.311,0.228,0.465,0.271,0.267,0.181,0.238,0.315,0.288,0.374,0.294,0.27,0.21,0.483,0.168,0.323,0.314,0.244,0.421,0.178,0.219,0.277,0.245,0.188,0.348,0.383,0.261,0.305,0.343,0.185,0.199,0.286,0.502,0.149,0.291,0.591,0.253,0.208,0.34,0.228,0.276,0.279,0.237,0.228,0.265,0.421,0.249,0.257,0.254,0.296,0.199,0.331,0.383,0.228,0.257,0.29,0.309,0.261,0.156,0.267,0.384,0.22,0.338,0.206,0.297,0.459,0.276,0.19,0.445,0.216,0.141,0.396,0.35,0.383,0.28,0.213,0.441,0.315,0.314,0.199,0.073,0.384,0.359,0.512,0.302,0.409,0.161,0.311,0.282,0.314,0.271,0.221,0.765,0.765,0.355,0.172,0.392,0.121,0.259,0.228,0.287,0.246,0.453,0.178,0.202,0.279,0.281,0.262,0.468,0.442,0.25,0.387,0.424,0.276,0.323,0.16,0.262,0.407,0.14,0.765,0.29,0.282,0.299,0.288,0.151,0.19,0.173,0.197,0.239,0.308,0.21,0.343,0.337,0.308,0.457,0.59,0.642,0.106,0.355,0.135,0.269,0.312,0.315,0.348,0.253,0.22,0.154,0.326,0.11,0.165,0.297,0.084,0.256,0.45,0.289,0.321,0.359,0.376,0.291,0.309,0.241,0.221,0.181,0.234,0.254,0.237,0.208,0.382,0.344,0.303,0.264,0.268,0.091,0.19,0.408,0.188,0.133,0.233,0.274,0.104,0.296,0.205,0.232,0.337,0.212,0.173,0.177,0.354,0.306,0.331,0.183,0.294,0.334,0.66,0.285,0.795,0.177,0.16,0.486,0.194,0.172,0.252,0.189,0.291,0.277,0.338,0.183,0.192,0.296,0.225,0.237,0.297,0.321,0.146,0.406,0.233,0.132,0.402,0.268,0.259,0.591,0.27,0.342,0.228,0.154,0.176,0.25,0.095,0.21,0.18,0.148,0.33,0.229,0.233,0.288,0.303,0.274,0.255,0.31,0.255,0.22,0.327,0.382,0.429,0.297,0.322,0.258,0.3,0.477,0.324,0.352,1.0,0.345,0.258,0.685,0.73,0.318,0.371,0.172,0.176,0.341,0.24,0.393,0.28,0.249,0.117,0.22,0.184,0.388,0.207,0.121,0.134,0.287,0.34,0.444,0.362,0.311,0.278,0.277,0.337,0.208,0.229,0.324,0.532,0.128,0.38,0.124,0.289,0.311,0.406,0.2,0.328,0.081,0.36,0.497
0.057,0.147,0.061,0.385,0.206,0.047,0.602,0.206,0.168,0.052,0.155,0.19,0.085,0.32,0.093,0.45,0.088,0.037,0.197,0.28,0.153,0.121,0.064,0.299,0.242,0.139,0.114,0.206,1.0,0.251,0.283,0.045,0.355,0.246,0.062,0.299,0.091,0.064,0.25,0.45,0.089,0.155,0.143,0.343,0.211,0.168,0.389,0.168,0.231,0.032,0.082,0.097,0.654,0.168,0.282,0.041,0.093,0.114,0.602,0.32,0.174,0.035,0.076,0.463,0.291,0.299,0.044,0.286,0.185,1.0,0.155,0.299,0.467,0.054,0.061,0.299,0.155,0.043,0.155,0.45,0.297,0.345,0.052,0.08,0.049,0.345,0.147,0.283,0.227,0.206,0.381,0.283,0.345,0.299,0.061,0.08,0.147,0.049,0.43,0.093,0.188,0.385,0.154,0.322,0.082,0.091,0.345,1.0,0.062,0.265,0.162,0.45,0.037,0.077,0.147,0.17,0.043,0.192,0.093,0.154,0.114,0.279,0.08,0.251,0.089,0.076,0.049,0.024,0.345,0.22,0.114,0.19,0.114,0.044,0.168,0.168,0.322,0.345,0.052,0.299,0.299,0.114,0.168,0.114,0.082,0.108,0.206,0.206,0.206,0.067,0.127,0.304,0.242,0.39,1.0,0.093,0.043,0.332,0.148,0.333,0.06,0.299,0.143,0.131,0.351,0.185,0.299,0.088,0.232,0.352,0.13,0.206,0.324,0.813,0.654,0.317,0.361,0.32,1.0,0.155,0.322,0.345,0.322,0.265,0.071,0.211,0.05,0.283,0.154,0.381,0.381,0.256,0.058,0.064,0.299,0.049,0.149,0.299,0.057,0.133,0.154,0.345,0.299,0.283,0.299,0.287,0.234,0.322,1.0,0.254,0.282,0.068,0.307,0.116,0.199,0.299,0.412,0.092,0.389,0.062,0.198,0.282,0.147,0.161,0.097,0.155,0.046,0.147,0.245,0.199,0.064,0.093,0.12,0.068,0.299,0.229,0.267,0.22,0.417,0.076,0.345,0.147,0.114,1.0,0.09,0.345,0.116,0.062,0.286,0.385,0.202,0.155,0.093,0.085,1.0,0.147,0.254,0.236,0.322,0.291,0.064,0.082,0.179,0.035,0.494,0.208,0.109,0.052,0.285,0.093,0.281,0.102,0.085,0.265,0.036,0.076,0.048,0.064,0.046,0.043,0.155,0.092,0.238,0.155,0.309,0.116,0.221,0.109,0.085,0.324,0.345,0.215,0.281,0.267,0.163,0.299,1.0,0.289,0.345,1.0,0.122,0.253,0.345,0.28,0.355,0.116,0.045,0.345,0.147,0.153,0.654,0.173,0.089,0.058,0.211,0.116,0.143,0.064,0.089,0.45,0.114,0.154,0.254,0.345,0.304,0.299,0.918,0.218,0.221,0.063,0.093,0.166,0.063,0.216,0.3,0.281,0.223,0.307,0.093,0.046,0.299,0.265
0.161,0.38,0.197,0.318,0.164,0.153,0.109,0.156,0.247,0.149,0.12,0.185,0.326,0.114,0.317,0.12,0.25,0.166,0.135,0.247,0.119,0.33,0.188,0.131,0.248,0.314,0.313,0.206,0.293,0.146,0.212,0.295,0.133,0.322,0.21,0.37,0.27,0.194,0.301,0.318,0.281,0.233,0.467,0.112,0.125,0.429,0.294,0.788,0.131,0.082,0.341,0.157,0.21,0.581,0.167,0.278,0.32,0.26,0.335,0.111,0.21,0.115,0.194,0.15,0.212,0.277,0.156,0.129,0.161,0.197,0.207,0.131,0.332,0.329,0.185,0.23,0.192,0.292,0.255,0.15,0.107,0.146,0.295,0.292,0.215,0.126,0.231,0.224,0.313,0.256,0.081,0.204,0.313,0.16,0.334,0.23,0.38,0.245,0.244,0.419,0.293,0.159,0.177,0.135,0.383,0.247,0.119,0.179,0.286,0.192,0.316,0.178,0.554,0.281,0.211,0.386,0.238,0.104,0.407,0.404,0.374,0.247,0.207,0.328,0.225,0.363,0.245,0.082,0.259,0.265,0.323,0.175,0.355,0.173,0.788,0.208,0.101,0.12,0.196,0.244,0.244,0.389,0.471,0.367,0.31,0.215,0.201,0.126,0.234,0.428,0.253,0.152,0.185,0.183,0.164,0.329,0.193,0.194,0.288,0.337,0.195,0.213,0.169,0.195,0.145,0.118,0.244,0.227,0.25,0.126,0.384,0.092,0.101,0.074,0.102,0.271,0.14,0.111,0.154,0.187,0.309,0.205,0.201,0.185,0.185,0.305,0.136,0.187,0.174,0.136,0.202,0.26,0.118,0.173,0.125,0.125,0.15,0.227,0.091,0.228,0.34,0.242,0.18,0.296,0.257,0.218,0.127,0.273,0.121,0.107,0.128,0.221,0.104,0.3,0.282,0.132,0.207,0.177,0.181,0.194,0.153,0.336,0.24,0.132,0.302,0.373,0.079,0.38,0.096,0.596,0.182,0.497,0.221,0.173,0.237,0.243,0.178,0.223,0.226,0.247,0.227,0.196,0.658,0.071,0.125,0.328,0.166,0.147,0.196,0.315,0.149,0.196,0.36,0.373,0.078,0.38,0.299,0.28,0.382,0.165,0.302,0.319,0.093,0.115,0.274,0.355,0.368,0.295,0.106,0.433,0.157,0.165,0.438,0.116,0.079,0.341,0.186,0.145,0.312,0.309,0.18,0.147,0.333,0.373,0.101,0.262,0.158,0.201,0.445,0.23,0.306,0.19,0.451,0.098,0.15,0.223,0.342,0.158,0.258,0.122,1.0,0.216,0.304,0.322,0.228,0.169,0.067,0.139,0.175,0.167,0.21,0.156,0.153,0.498,0.182,0.274,0.214,0.121,0.127,0.122,0.337,0.335,0.268,0.165,0.3,0.132,0.127,0.202,0.208,0.267,0.294,0.123,0.332,0.078,0.252,0.359,0.381,0.146,0.343,0.081,0.338,0.335
0.092,0.247,0.099,0.274,0.292,0.077,0.179,0.292,0.286,0.092,0.203,0.257,0.153,0.241,0.172,0.402,0.151,0.067,0.221,0.207,0.225,0.153,0.106,0.88,0.308,0.165,0.172,0.292,0.532,0.404,0.375,0.086,0.115,0.262,0.103,0.88,0.145,0.106,0.326,0.35,0.164,0.257,0.229,0.445,0.151,0.286,0.263,0.286,0.63,0.056,0.129,0.172,0.402,0.286,0.321,0.07,0.15,0.172,0.179,0.313,0.119,0.063,0.132,0.605,0.337,0.88,0.073,0.2,0.224,0.31,0.257,0.88,0.321,0.108,0.099,0.88,0.257,0.074,0.257,0.35,0.245,1.0,0.092,0.142,0.076,0.685,0.247,0.375,0.305,0.292,0.526,0.375,0.685,0.88,0.101,0.142,0.247,0.096,0.248,0.172,0.259,0.63,0.196,0.428,0.129,0.147,0.471,0.257,0.108,0.705,0.195,0.445,0.056,0.144,0.247,0.225,0.074,0.137,0.15,0.216,0.172,0.201,0.14,0.323,0.142,0.132,0.096,0.051,0.471,0.14,0.172,0.14,0.172,0.083,0.286,0.286,0.705,0.471,0.092,0.88,0.532,0.186,0.286,0.172,0.146,0.183,0.196,0.292,0.286,0.101,0.211,0.263,0.438,0.456,0.253,0.172,0.072,0.192,0.191,0.191,0.111,0.532,0.229,0.211,0.293,0.247,0.88,0.151,0.172,0.532,0.186,0.292,0.29,0.294,0.402,0.239,0.88,0.313,0.253,0.257,0.428,0.88,0.428,0.445,0.138,0.259,0.088,0.375,0.196,0.63,0.526,0.191,0.093,0.106,0.88,0.085,0.204,0.532,0.091,0.161,0.196,0.471,0.532,0.375,0.88,0.225,0.165,0.428,0.253,0.173,0.178,0.114,0.356,0.201,0.278,0.532,0.63,0.149,0.263,0.101,0.243,0.178,0.247,0.164,0.159,0.257,0.09,0.247,0.322,0.286,0.105,0.172,0.108,0.114,0.532,0.208,0.188,0.289,0.313,0.132,0.471,0.247,0.172,0.294,0.155,0.471,0.201,0.109,0.292,0.274,0.148,0.257,0.15,0.153,0.253,0.247,0.277,0.168,0.428,0.204,0.113,0.129,0.127,0.064,0.685,0.363,0.186,0.092,0.445,0.15,0.381,0.17,0.153,0.445,0.072,0.132,0.083,0.106,0.084,0.084,0.257,0.149,0.691,0.257,0.691,0.201,0.382,0.186,0.153,0.235,0.685,0.257,0.407,0.19,0.201,0.88,0.253,0.705,0.685,0.253,0.216,1.0,0.88,0.207,0.685,0.201,0.075,0.685,0.247,0.138,0.402,0.459,0.164,0.106,0.134,0.201,0.229,0.106,0.164,0.402,0.172,0.201,0.173,0.471,0.216,0.532,0.237,0.257,0.321,0.104,0.15,0.152,0.118,0.136,1.0,0.705,0.172,0.245,0.15,0.08,0.88,0.705
0.24,0.296,0.303,0.213,0.194,0.144,0.156,0.255,0.282,0.233,0.129,0.307,0.188,0.218,0.46,0.261,0.285,0.25,0.193,0.296,0.202,0.233,0.129,0.376,0.315,0.272,0.384,0.343,0.503,0.24,0.277,0.223,0.192,0.372,0.177,0.528,0.327,0.213,0.446,0.346,0.299,0.23,0.52,0.224,0.197,0.29,0.377,0.311,0.263,0.419,0.312,0.242,0.215,0.232,0.278,0.287,0.37,0.317,0.265,0.197,0.353,0.154,0.37,0.303,0.266,0.452,0.238,0.197,0.276,0.244,0.19,0.376,0.4,0.306,0.34,0.435,0.195,0.306,0.292,0.502,0.142,0.328,0.591,0.397,0.275,0.329,0.243,0.312,0.303,0.289,0.248,0.275,0.509,0.368,0.359,0.283,0.296,0.199,0.3,0.366,0.308,0.299,0.261,0.296,0.365,0.165,0.25,0.354,0.334,0.385,0.215,0.284,0.459,0.337,0.189,0.451,0.307,0.162,0.468,0.478,0.497,0.358,0.247,0.419,0.286,0.339,0.199,0.135,0.401,0.388,0.459,0.29,0.413,0.212,0.311,0.249,0.327,0.252,0.206,1.0,0.765,0.44,0.196,0.433,0.125,0.294,0.23,0.246,0.26,0.433,0.253,0.199,0.301,0.329,0.301,0.4,0.302,0.262,0.412,0.451,0.238,0.313,0.165,0.331,0.407,0.152,1.0,0.31,0.302,0.339,0.35,0.152,0.175,0.168,0.196,0.313,0.325,0.197,0.386,0.22,0.376,0.505,0.59,0.642,0.182,0.481,0.124,0.273,0.343,0.417,0.343,0.306,0.209,0.156,0.36,0.113,0.186,0.3,0.091,0.27,0.48,0.354,0.306,0.401,0.377,0.323,0.28,0.26,0.226,0.153,0.243,0.287,0.216,0.227,0.39,0.296,0.375,0.256,0.271,0.148,0.19,0.399,0.186,0.128,0.253,0.281,0.096,0.296,0.188,0.229,0.305,0.386,0.213,0.167,0.427,0.332,0.346,0.278,0.29,0.298,0.66,0.231,0.795,0.166,0.159,0.473,0.191,0.16,0.246,0.186,0.325,0.238,0.463,0.188,0.191,0.296,0.281,0.309,0.324,0.335,0.139,0.362,0.163,0.143,0.479,0.294,0.331,0.591,0.261,0.495,0.244,0.148,0.179,0.242,0.096,0.322,0.192,0.165,0.33,0.389,0.229,0.283,0.439,0.281,0.298,0.299,0.27,0.282,0.435,0.376,0.503,0.288,0.381,0.258,0.293,0.503,0.467,0.382,0.73,0.345,0.304,0.88,1.0,0.376,0.449,0.178,0.123,0.327,0.213,0.273,0.309,0.305,0.134,0.22,0.169,0.353,0.318,0.126,0.134,0.274,0.392,0.432,0.39,0.306,0.275,0.283,0.337,0.219,0.225,0.394,0.359,0.129,0.355,0.116,0.41,0.396,0.477,0.201,0.406,0.085,0.525,0.584
0.399,0.269,0.217,0.235,0.127,0.147,0.124,0.209,0.224,0.22,0.243,0.31,0.146,0.251,0.287,0.155,0.237,0.16,0.147,0.26,0.125,0.168,0.104,0.18,0.323,0.231,0.318,0.28,0.342,0.242,0.37,0.186,0.199,0.267,0.121,0.407,0.603,0.235,0.358,0.24,0.202,0.184,0.381,0.112,0.223,0.279,0.301,0.242,0.13,0.583,0.204,0.193,0.142,0.187,0.316,0.282,0.23,0.282,0.334,0.167,0.278,0.157,0.324,0.152,0.274,0.396,0.155,0.192,0.261,0.179,0.147,0.18,0.281,0.284,0.25,0.286,0.153,0.279,0.25,0.3,0.095,0.156,1.0,0.299,0.201,0.135,0.188,0.186,0.418,0.235,0.139,0.324,0.334,0.235,0.292,0.209,0.269,1.0,0.148,0.334,0.239,0.184,0.137,0.217,0.258,0.156,0.104,0.335,0.219,0.209,0.17,0.204,0.392,0.238,0.161,0.286,0.275,0.14,0.409,0.356,0.333,0.316,0.329,0.352,0.244,0.291,1.0,0.13,0.278,0.273,0.339,0.297,0.272,0.161,0.242,0.232,0.195,0.102,0.182,0.252,0.252,0.292,0.175,0.379,0.127,0.29,0.251,0.199,0.248,0.257,0.175,0.189,0.254,0.361,0.225,0.338,0.249,0.206,0.387,0.313,0.183,0.168,0.139,0.272,0.484,0.111,0.252,0.247,0.321,0.271,0.308,0.086,0.203,0.107,0.087,0.319,0.337,0.167,0.329,0.205,0.217,0.31,0.251,0.228,0.137,0.403,0.102,0.304,0.336,0.162,0.255,0.375,0.245,0.166,0.167,0.109,0.137,0.253,0.078,0.208,0.283,0.332,0.188,0.35,0.454,0.377,0.565,0.169,0.171,0.162,0.445,0.207,0.114,0.173,0.264,0.179,0.246,0.253,0.219,0.119,0.131,0.293,0.172,0.119,0.245,0.221,0.101,0.269,0.077,0.198,0.235,0.3,0.146,0.162,0.258,0.316,0.391,0.229,0.236,0.235,0.277,0.249,0.663,0.088,0.149,0.266,0.152,0.122,0.268,0.193,0.273,0.237,0.308,0.147,0.13,0.269,0.289,0.224,0.278,0.286,0.164,0.269,0.177,0.126,0.337,0.198,0.209,1.0,0.129,0.31,0.194,0.125,0.173,0.123,0.093,0.242,0.152,0.139,0.323,0.325,0.201,0.263,0.345,0.221,0.108,0.217,0.156,0.22,0.312,0.307,0.394,0.286,0.234,0.35,0.327,0.392,0.318,0.199,0.318,0.28,0.322,0.207,0.376,1.0,0.279,0.156,0.155,0.158,0.211,0.217,0.306,0.13,0.109,0.246,0.155,0.281,0.247,0.114,0.123,0.166,0.278,0.275,0.357,0.24,0.445,0.206,0.255,0.172,0.181,0.314,0.258,0.112,0.228,0.114,0.362,0.387,0.426,0.275,0.283,0.078,0.363,0.304
0.227,0.296,0.203,0.217,0.189,0.14,0.153,0.233,0.182,0.127,0.128,0.308,0.14,0.181,0.245,0.273,0.185,0.096,0.193,0.221,0.287,0.19,0.092,0.319,0.216,0.209,0.245,0.306,0.446,0.346,0.295,0.13,0.304,0.323,0.107,0.426,0.308,0.386,0.266,0.284,0.22,0.182,0.421,0.263,0.253,0.24,0.245,0.311,0.455,0.283,0.2,0.176,0.283,0.197,0.332,0.217,0.219,0.182,0.243,0.199,0.274,0.135,0.229,0.325,0.25,0.409,0.092,0.372,0.194,0.247,0.174,0.319,0.335,0.347,0.212,0.366,0.169,0.155,0.319,0.502,0.149,0.278,0.159,0.291,0.123,0.345,0.178,0.221,0.246,0.33,0.274,0.232,0.569,0.25,0.273,0.232,0.296,0.14,0.354,0.207,0.222,0.368,0.236,0.279,0.257,0.135,0.267,0.295,0.209,0.349,0.174,0.294,0.227,0.198,0.168,0.271,0.147,0.108,0.308,0.323,0.267,0.304,0.357,0.221,0.231,0.252,0.14,0.065,0.29,0.282,0.268,0.322,0.237,0.089,0.311,0.258,0.348,0.265,0.135,0.765,0.765,0.3,0.19,0.292,0.105,0.342,0.228,0.272,0.215,0.159,0.214,0.395,0.327,0.337,0.21,0.364,0.213,0.209,0.245,0.329,0.108,0.29,0.169,0.24,0.407,0.153,0.765,0.201,0.246,0.298,0.342,0.155,0.205,0.222,0.279,0.237,0.298,0.199,0.304,0.21,0.434,0.461,0.59,0.642,0.171,0.393,0.205,0.261,0.236,0.403,0.255,0.384,0.145,0.127,0.309,0.085,0.132,0.284,0.085,0.178,0.215,0.289,0.296,0.271,0.341,0.275,0.315,0.22,0.25,0.228,0.467,0.148,0.23,0.21,0.305,0.284,0.427,0.164,0.304,0.148,0.258,0.341,0.167,0.197,0.189,0.274,0.106,0.296,0.193,0.204,0.197,0.3,0.15,0.111,0.29,0.278,0.266,0.348,0.322,0.355,0.66,0.238,0.756,0.201,0.306,0.355,0.177,0.083,0.263,0.199,0.264,0.234,0.311,0.137,0.211,0.296,0.239,0.261,0.315,0.237,0.092,0.187,0.223,0.104,0.516,0.267,0.251,0.159,0.312,0.345,0.189,0.221,0.127,0.306,0.068,0.238,0.117,0.145,0.28,0.196,0.227,0.192,0.345,0.274,0.275,0.158,0.333,0.188,0.276,0.295,0.376,0.273,0.272,0.258,0.272,0.381,0.358,0.377,0.371,0.355,0.228,0.685,0.449,0.279,1.0,0.286,0.142,0.385,0.205,0.207,0.276,0.336,0.135,0.167,0.226,0.296,0.199,0.084,0.157,0.288,0.264,0.291,0.319,0.347,0.262,0.461,0.337,0.29,0.266,0.29,0.22,0.146,0.151,0.198,0.398,0.441,0.338,0.191,0.246,0.076,0.491,0.533
0.332,0.334,0.203,0.106,0.387,0.143,0.181,0.404,0.232,0.123,0.11,0.324,0.123,0.101,0.155,0.122,0.208,0.076,0.243,0.175,0.25,0.133,0.134,0.201,0.142,0.167,0.16,0.186,0.256,0.395,0.283,0.088,0.251,0.169,0.198,0.244,0.329,0.17,0.194,0.161,0.197,0.332,0.242,0.119,0.346,0.224,0.152,0.388,0.284,0.219,0.131,0.198,0.185,0.234,0.356,0.151,0.14,0.162,0.121,0.114,0.167,0.123,0.178,0.163,0.182,0.225,0.1,0.372,0.157,0.298,0.467,0.201,0.167,0.229,0.177,0.174,0.367,0.102,0.493,0.143,0.09,0.158,0.153,0.135,0.172,0.15,0.219,0.114,0.168,0.29,0.133,0.205,0.263,0.224,0.158,0.186,0.334,0.139,0.122,0.154,0.156,0.194,0.156,0.128,0.128,0.125,0.125,0.216,0.14,0.192,0.154,0.187,0.183,0.161,0.223,0.151,0.113,0.171,0.172,0.184,0.164,0.221,0.46,0.169,0.246,0.161,0.139,0.157,0.164,0.158,0.191,0.266,0.197,0.111,0.388,0.286,0.192,0.12,0.124,0.227,0.227,0.184,0.208,0.262,0.123,0.324,0.186,0.176,0.226,0.125,0.216,0.481,0.284,0.246,0.169,0.254,0.17,0.155,0.15,0.165,0.112,0.221,0.198,0.191,0.136,0.146,0.227,0.252,0.231,0.202,0.216,0.098,0.098,0.236,0.184,0.18,0.186,0.114,0.171,0.378,0.235,0.194,0.186,0.173,0.134,0.301,0.162,0.227,0.23,0.119,0.152,0.268,0.164,0.175,0.175,0.101,0.117,0.231,0.146,0.153,0.201,0.194,0.182,0.186,0.26,0.203,0.234,0.132,0.121,0.306,0.303,0.13,0.101,1.0,0.341,0.168,0.199,0.17,0.257,0.148,0.11,0.241,0.217,0.336,0.176,0.831,0.131,0.334,0.095,0.232,0.18,0.139,0.097,0.134,0.186,0.212,0.26,0.232,0.222,0.267,0.208,0.255,0.251,0.071,0.46,0.179,0.459,0.11,0.305,0.126,0.2,0.431,0.183,0.125,0.13,0.334,0.164,0.174,0.234,0.153,0.099,0.16,0.151,0.103,0.332,0.245,0.171,0.153,0.111,0.144,0.117,0.279,0.142,0.171,0.089,0.118,0.141,0.2,0.187,0.092,0.382,0.192,0.15,0.831,0.166,0.172,0.204,0.227,0.142,0.226,0.201,0.255,0.153,0.094,0.322,0.248,0.265,0.186,0.172,0.116,0.169,0.201,0.178,0.156,0.286,1.0,0.14,0.19,0.298,0.338,0.312,0.165,0.152,0.149,0.145,0.438,0.181,0.138,0.191,0.123,0.171,0.309,0.201,0.197,0.377,0.269,0.119,0.4,0.208,0.157,0.16,0.132,0.126,0.139,0.318,0.237,0.182,0.135,0.153,0.148,0.248,0.326
0.164,0.284,0.136,0.054,0.09,0.118,0.042,0.334,0.137,0.199,0.06,0.363,0.062,0.042,0.063,0.058,0.14,0.034,0.149,0.115,0.046,0.05,0.113,0.357,0.059,0.063,0.116,0.324,0.212,0.143,0.113,0.07,0.114,0.062,0.073,0.076,0.151,0.055,0.088,0.074,0.125,0.078,0.097,0.054,0.315,0.084,0.067,0.141,0.163,0.583,0.056,0.232,0.055,0.122,0.384,0.284,0.056,0.048,0.063,0.056,0.247,0.389,0.269,0.074,0.116,0.27,0.062,0.293,0.058,0.115,0.112,0.357,0.066,0.081,0.291,0.126,0.154,0.049,0.207,0.055,0.058,0.226,0.049,0.059,0.054,0.156,0.221,0.051,0.09,0.123,0.246,0.081,0.197,0.094,0.286,0.167,0.284,0.053,0.057,0.061,0.082,0.082,0.067,0.061,0.048,0.088,0.069,0.3,0.073,0.281,0.066,0.086,0.029,0.055,0.246,0.113,0.126,0.052,0.075,0.056,0.144,0.205,0.271,0.05,0.393,0.096,0.053,0.13,0.06,0.22,0.159,0.366,0.209,0.065,0.141,0.356,0.409,0.069,0.063,0.085,0.085,0.076,0.089,0.117,0.074,0.234,0.069,0.296,0.086,0.048,0.107,0.149,0.157,0.206,0.073,0.245,0.253,0.057,0.148,0.126,0.049,0.23,0.089,0.285,0.052,0.058,0.085,0.22,0.089,0.313,0.104,0.048,0.055,0.119,0.06,0.084,0.231,0.056,0.37,0.397,0.06,0.124,0.069,0.066,0.132,0.179,0.186,0.072,0.268,0.05,0.071,0.165,0.294,0.134,0.297,0.049,0.121,0.104,0.085,0.054,0.079,0.086,0.094,0.095,0.276,0.177,0.565,0.056,0.047,0.332,0.445,0.056,0.056,0.102,0.09,0.296,0.093,0.072,0.1,0.095,0.053,0.201,0.214,0.188,0.07,0.126,0.155,0.284,0.056,0.108,0.3,0.051,0.048,0.048,0.088,0.163,0.27,0.04,0.18,0.298,0.077,0.642,0.083,0.041,0.101,0.074,0.243,0.096,0.139,0.066,0.293,0.467,0.055,0.068,0.205,0.284,0.045,0.153,0.105,0.434,0.095,0.089,0.365,0.254,0.093,0.098,0.071,0.049,0.053,0.056,0.043,0.066,0.053,0.155,0.046,0.057,0.111,0.143,0.048,0.04,0.228,0.282,0.064,0.126,0.13,0.057,0.111,0.092,0.053,0.145,0.092,0.223,0.064,0.037,0.342,0.187,0.108,0.235,0.176,0.045,0.067,0.075,0.123,0.155,0.142,0.14,1.0,0.234,0.324,0.274,0.157,0.072,0.086,0.057,0.25,0.343,0.072,0.058,0.12,0.057,0.077,0.145,0.243,0.07,0.085,0.297,0.045,0.096,0.091,0.242,0.328,0.057,0.065,0.229,0.126,0.089,0.088,0.057,0.068,0.086,0.089,0.071
0.251,0.329,0.124,0.152,0.24,0.159,0.116,0.338,0.189,0.147,0.14,0.29,0.118,0.208,0.117,0.323,0.19,0.058,0.154,0.169,0.126,0.115,0.102,0.474,0.096,0.145,0.106,0.311,0.292,0.2,0.197,0.079,0.152,0.183,0.092,0.152,0.315,0.12,0.137,0.236,0.227,0.154,0.159,0.262,0.24,0.165,0.152,0.357,0.337,0.513,0.109,0.23,0.196,0.247,0.324,0.245,0.112,0.086,0.123,0.25,0.238,0.223,0.22,0.38,0.186,0.329,0.064,0.383,0.184,0.291,0.226,0.474,0.224,0.191,0.248,0.262,0.218,0.061,0.262,0.502,0.159,0.315,0.104,0.085,0.07,0.5,0.235,0.207,0.126,0.205,0.322,0.201,0.33,0.223,0.186,0.192,0.329,0.112,0.203,0.126,0.129,0.316,0.158,0.33,0.094,0.125,0.343,0.295,0.095,0.399,0.155,0.361,0.06,0.104,0.236,0.122,0.101,0.082,0.12,0.12,0.129,0.247,0.397,0.136,0.228,0.107,0.112,0.078,0.208,0.186,0.192,0.272,0.187,0.067,0.357,0.422,0.387,0.347,0.114,0.765,0.765,0.144,0.189,0.135,0.106,0.301,0.228,0.43,0.21,0.09,0.136,0.296,0.361,0.204,0.176,0.214,0.265,0.153,0.176,0.177,0.087,0.424,0.18,0.26,0.407,0.134,0.765,0.194,0.125,0.286,0.142,0.171,0.231,0.278,0.245,0.107,0.296,0.25,0.309,0.33,0.22,0.363,0.59,0.642,0.12,0.225,0.146,0.19,0.256,0.332,0.245,0.172,0.22,0.117,0.431,0.067,0.14,0.357,0.095,0.116,0.162,0.268,0.406,0.207,0.269,0.184,0.258,0.173,0.172,0.307,0.318,0.068,0.296,0.244,0.228,0.405,0.235,0.135,0.358,0.089,0.168,0.208,0.225,0.226,0.135,0.313,0.137,0.329,0.262,0.242,0.246,0.103,0.092,0.088,0.337,0.182,0.243,0.128,0.265,0.201,0.66,0.35,0.195,0.225,0.178,0.343,0.293,0.098,0.276,0.186,0.231,0.321,0.106,0.126,0.266,0.329,0.149,0.213,0.216,0.267,0.104,0.115,0.237,0.154,0.268,0.279,0.144,0.104,0.324,0.113,0.163,0.128,0.095,0.491,0.056,0.091,0.101,0.116,0.095,0.07,0.271,0.254,0.15,0.313,0.344,0.107,0.311,0.173,0.109,0.25,0.273,0.233,0.262,0.258,0.277,0.278,0.182,0.383,0.341,0.345,0.139,0.685,0.327,0.158,0.385,0.19,0.234,1.0,0.316,0.22,0.236,0.29,0.128,0.123,0.177,0.278,0.14,0.062,0.208,0.342,0.144,0.266,0.213,0.306,0.187,0.399,0.337,0.334,0.249,0.165,0.23,0.143,0.098,0.197,0.223,0.245,0.14,0.172,0.106,0.083,0.214,0.29
0.389,1.0,0.177,0.125,0.178,0.162,0.103,0.348,0.286,0.194,0.145,0.311,0.133,0.099,0.181,0.113,0.254,0.076,0.16,0.239,0.106,0.143,0.201,0.493,0.143,0.173,0.211,0.415,0.254,0.238,0.229,0.149,0.232,0.153,0.137,0.17,0.409,0.156,0.195,0.228,0.262,0.195,0.183,0.13,0.281,0.285,0.169,0.467,0.174,1.0,0.129,0.351,0.136,0.24,0.342,0.305,0.136,0.162,0.177,0.106,0.295,0.296,0.291,0.171,0.196,0.284,0.119,0.341,0.138,0.262,0.214,0.493,0.174,0.175,0.301,0.19,0.241,0.117,0.334,0.157,0.099,0.441,0.15,0.157,0.112,0.21,0.418,0.117,0.284,0.268,0.225,0.206,0.236,0.233,0.268,0.24,1.0,0.186,0.134,0.166,0.227,0.173,0.137,0.152,0.124,0.178,0.143,0.316,0.254,0.314,0.214,0.194,0.072,0.136,0.444,0.167,0.194,0.125,0.168,0.185,0.199,0.294,0.675,0.192,0.294,0.248,0.186,0.275,0.235,0.182,0.244,0.28,0.264,0.14,0.467,0.475,0.355,0.147,0.139,0.253,0.253,0.175,0.226,0.223,0.157,0.361,0.252,0.333,0.231,0.107,0.287,0.251,0.321,0.222,0.125,0.293,0.312,0.134,0.173,0.163,0.12,0.431,0.163,0.369,0.181,0.191,0.253,0.308,0.208,0.264,0.198,0.103,0.126,0.153,0.114,0.19,0.249,0.106,0.304,0.341,0.175,0.228,0.252,0.202,0.173,0.28,0.214,0.181,0.404,0.127,0.162,0.208,0.287,0.238,0.382,0.14,0.236,0.241,0.183,0.193,0.262,0.266,0.194,0.188,0.346,0.239,0.328,0.17,0.119,0.242,0.314,0.13,0.126,0.334,0.246,0.267,0.219,0.149,0.222,0.282,0.11,0.225,0.406,0.18,0.201,0.383,0.222,1.0,0.12,0.245,0.314,0.154,0.112,0.114,0.187,0.289,0.32,0.09,0.214,0.238,0.296,0.546,0.204,0.077,0.281,0.222,0.301,0.14,0.267,0.14,0.323,0.349,0.186,0.133,0.234,1.0,0.155,0.227,0.245,0.287,0.175,0.169,0.255,0.216,0.186,0.296,0.174,0.15,0.106,0.139,0.119,0.137,0.132,0.248,0.136,0.157,0.2,0.229,0.147,0.101,0.293,0.298,0.177,0.383,0.257,0.186,0.159,0.264,0.144,0.258,0.201,0.281,0.169,0.113,0.355,0.286,0.199,0.318,0.24,0.147,0.175,0.247,0.213,0.211,0.205,0.298,0.324,0.316,1.0,0.289,0.228,0.175,0.241,0.185,0.161,0.337,0.161,0.142,0.277,0.116,0.192,0.284,0.273,0.179,0.212,0.246,0.163,0.213,0.189,0.243,0.272,0.13,0.165,0.238,0.233,0.202,0.166,0.138,0.184,0.213,0.183,0.17
0.292,0.279,0.203,0.11,0.377,0.164,0.231,0.436,0.327,0.243,0.098,0.358,0.098,0.127,0.148,0.142,0.273,0.092,0.422,0.164,0.139,0.108,0.085,0.281,0.147,0.133,0.191,0.271,0.325,0.209,0.239,0.117,0.202,0.182,0.193,0.199,0.309,0.202,0.204,0.162,0.172,0.31,0.224,0.104,0.716,0.176,0.141,0.298,0.153,0.554,0.164,0.248,0.111,0.205,0.502,0.281,0.156,0.172,0.122,0.111,0.287,0.226,0.29,0.14,0.194,0.279,0.08,0.275,0.179,0.198,0.408,0.281,0.168,0.148,0.261,0.169,0.35,0.116,0.406,0.164,0.081,0.166,0.485,0.123,0.145,0.154,0.211,0.115,0.182,0.137,0.183,0.216,0.216,0.211,0.216,0.229,0.279,0.085,0.109,0.263,0.119,0.165,0.198,0.15,0.162,0.106,0.111,0.362,0.119,0.216,0.151,0.167,0.41,0.15,0.202,0.276,0.154,0.118,0.226,0.203,0.179,0.212,0.214,0.338,0.421,0.165,0.085,0.087,0.152,0.214,0.33,0.276,0.225,0.092,0.298,0.339,0.266,0.111,0.147,0.166,0.166,0.179,0.159,0.236,0.104,0.223,0.12,0.275,0.202,0.294,0.136,0.375,0.217,0.323,0.121,0.34,0.291,0.213,0.236,0.267,0.243,0.212,0.154,0.259,0.152,0.105,0.166,0.212,0.187,0.307,0.172,0.089,0.119,0.127,0.098,0.155,0.252,0.111,0.29,0.619,0.125,0.257,0.12,0.119,0.109,0.291,0.132,0.205,0.288,0.169,0.267,0.234,0.263,0.142,0.254,0.085,0.115,0.194,0.091,0.154,0.214,0.153,0.163,0.237,0.33,0.255,0.489,0.106,0.164,0.58,0.296,0.122,0.104,0.726,0.323,0.308,0.168,0.199,0.193,0.095,0.121,0.248,0.199,0.457,0.179,0.639,0.161,0.279,0.086,0.2,0.253,0.125,0.095,0.171,0.169,0.227,0.345,0.164,0.241,0.28,0.133,0.378,0.323,0.104,0.152,0.179,0.555,0.088,0.262,0.136,0.268,0.54,0.179,0.105,0.161,0.279,0.134,0.179,0.249,0.282,0.087,0.304,0.339,0.161,0.201,0.225,0.15,0.485,0.148,0.148,0.116,0.108,0.128,0.141,0.072,0.108,0.114,0.141,0.154,0.1,0.391,0.298,0.148,0.639,0.153,0.189,0.177,0.176,0.157,0.285,0.267,0.249,0.149,0.139,0.471,0.346,0.153,0.232,0.393,0.153,0.167,0.138,0.273,0.217,0.207,0.338,0.274,0.22,0.289,1.0,0.236,0.159,0.117,0.096,0.189,0.622,0.135,0.09,0.136,0.142,0.17,0.242,0.261,0.166,0.361,0.225,0.136,0.322,0.211,0.222,0.373,0.124,0.196,0.147,0.233,0.194,0.263,0.141,0.142,0.087,0.181,0.191
0.656,0.334,0.238,0.215,0.172,0.287,0.19,0.277,0.191,0.212,0.103,0.307,0.176,0.179,0.251,0.184,0.223,0.12,0.194,0.314,0.138,0.193,0.155,0.218,0.336,0.235,0.311,0.267,0.311,0.274,0.348,0.204,0.286,0.31,0.141,0.275,0.673,0.353,0.297,0.31,0.219,0.25,0.257,0.138,0.247,0.221,0.222,0.3,0.169,0.421,0.195,0.217,0.193,0.164,0.335,0.303,0.19,0.241,0.174,0.148,0.327,0.26,0.395,0.199,0.347,0.343,0.131,0.277,0.197,0.234,0.198,0.218,0.287,0.211,0.313,0.322,0.191,0.217,0.372,0.664,0.13,0.196,0.291,0.29,0.239,0.206,0.179,0.272,0.259,0.261,0.193,0.349,0.384,0.199,0.288,0.259,0.334,0.139,0.188,0.205,0.281,0.175,0.176,0.187,0.347,0.145,0.145,0.368,0.179,0.249,0.155,0.236,0.484,0.226,0.154,0.273,0.196,0.168,0.272,0.327,0.263,0.333,0.339,0.304,0.295,0.252,0.139,0.128,0.278,0.259,0.39,0.277,0.248,0.174,0.3,0.272,0.224,0.146,0.207,0.456,0.456,0.239,0.176,0.348,0.191,0.288,0.319,0.271,0.335,0.178,0.232,0.233,0.245,0.302,0.332,0.305,0.32,0.321,0.281,0.28,0.215,0.183,0.129,0.312,0.545,0.12,0.456,0.386,0.314,0.288,0.251,0.097,0.149,0.284,0.138,0.277,0.265,0.148,0.347,0.229,0.226,0.268,0.5,0.399,0.178,0.373,0.154,0.346,0.343,0.198,0.18,0.378,0.228,0.298,0.202,0.119,0.143,0.19,0.089,0.19,0.222,0.279,0.168,0.384,0.36,0.368,0.365,0.19,0.188,0.194,0.486,0.279,0.14,0.534,0.242,0.192,0.331,0.19,0.246,0.16,0.18,0.275,0.24,0.166,0.209,0.66,0.114,0.334,0.113,0.175,0.298,0.295,0.253,0.278,0.206,0.377,0.403,0.16,0.27,0.235,0.549,0.216,0.567,0.148,0.185,0.278,0.233,0.088,0.316,0.158,0.376,0.259,0.245,0.155,0.237,0.334,0.302,0.268,0.298,0.252,0.102,0.25,0.203,0.233,0.312,0.211,0.22,0.291,0.141,0.216,0.26,0.119,0.184,0.194,0.078,0.225,0.277,0.179,0.351,0.179,0.249,0.3,0.341,0.66,0.174,0.21,0.194,0.273,0.243,0.282,0.316,0.28,0.215,0.39,0.339,0.328,0.347,0.268,0.28,0.654,0.21,0.402,0.309,0.306,0.276,0.312,0.157,0.236,0.228,0.236,1.0,0.14,0.126,0.149,0.2,0.297,0.171,0.224,0.168,0.193,0.223,0.369,0.31,0.239,0.297,0.257,0.631,0.212,0.206,0.292,0.223,0.111,0.251,0.158,0.39,0.312,0.385,0.193,0.279,0.089,0.308,0.262
0.127,0.38,0.09,0.188,0.216,0.075,0.113,0.184,0.173,0.097,0.139,0.136,0.129,0.166,0.142,0.262,0.138,0.077,0.136,0.158,0.268,0.143,0.098,0.383,0.109,0.143,0.12,0.162,0.216,0.168,0.144,0.091,0.119,0.179,0.098,0.18,0.201,0.149,0.154,0.161,0.164,0.171,0.175,0.248,0.161,0.185,0.149,0.428,0.451,0.082,0.131,0.14,0.189,0.255,0.159,0.07,0.131,0.114,0.125,0.182,0.103,0.065,0.093,0.291,0.162,0.258,0.08,0.143,0.199,0.237,0.235,0.383,0.191,0.104,0.093,0.232,0.211,0.079,0.183,0.236,0.152,0.261,0.133,0.103,0.084,0.314,0.216,0.176,0.127,0.17,0.324,0.173,0.223,0.23,0.108,0.12,0.38,0.149,0.222,0.153,0.151,0.55,0.182,0.279,0.114,0.132,0.253,0.137,0.116,0.366,0.156,0.32,0.074,0.122,0.205,0.152,0.077,0.098,0.131,0.151,0.149,0.135,0.207,0.132,0.124,0.125,0.149,0.082,0.185,0.13,0.124,0.109,0.171,0.08,0.428,0.224,0.403,0.252,0.104,0.569,0.352,0.169,0.207,0.133,0.114,0.159,0.201,0.182,0.217,0.11,0.141,0.185,0.244,0.148,0.12,0.141,0.08,0.194,0.13,0.164,0.105,0.337,0.184,0.127,0.246,0.147,0.569,0.117,0.131,0.215,0.147,0.15,0.2,0.162,0.215,0.122,0.249,0.182,0.125,0.205,0.197,0.483,0.284,0.386,0.122,0.185,0.084,0.167,0.116,0.526,0.325,0.124,0.099,0.089,0.377,0.084,0.124,0.312,0.096,0.118,0.196,0.184,0.313,0.174,0.155,0.119,0.127,0.143,0.197,0.134,0.128,0.08,0.21,0.3,0.233,0.25,0.323,0.169,0.18,0.096,0.176,0.157,0.2,0.142,0.164,0.373,0.084,0.38,0.179,0.249,0.111,0.131,0.106,0.105,0.293,0.126,0.118,0.296,0.203,0.127,0.306,0.208,0.229,0.173,0.127,0.255,0.182,0.093,0.215,0.222,0.089,0.215,0.131,0.134,0.135,0.38,0.137,0.143,0.193,0.126,0.106,0.109,0.109,0.065,0.242,0.338,0.165,0.133,0.361,0.134,0.145,0.14,0.113,0.297,0.073,0.112,0.084,0.103,0.123,0.098,0.193,0.132,0.16,0.373,0.343,0.127,0.342,0.158,0.133,0.156,0.203,0.133,0.228,0.169,0.115,0.241,0.147,0.398,0.249,0.173,0.156,0.459,0.305,0.13,0.336,0.165,0.072,0.29,0.175,0.159,0.14,1.0,0.138,0.159,0.108,0.181,0.153,0.073,0.144,0.28,0.173,0.197,0.154,0.222,0.195,0.258,0.153,0.237,0.222,0.108,0.135,0.141,0.116,0.087,0.186,0.22,0.13,0.19,0.128,0.082,0.237,0.433
0.101,0.315,0.09,0.183,0.158,0.166,0.082,0.143,0.184,0.156,0.123,0.112,0.172,0.086,0.158,0.106,0.142,0.068,0.105,0.122,0.096,0.166,0.112,0.132,0.126,0.16,0.187,0.147,0.133,0.136,0.146,0.171,0.112,0.214,0.115,0.126,0.16,0.256,0.177,0.156,0.143,0.15,0.164,0.098,0.108,0.222,0.113,0.334,0.118,0.088,0.227,0.118,0.12,0.217,0.135,0.091,0.113,0.146,0.128,0.102,0.08,0.16,0.114,0.138,0.14,0.127,0.073,0.118,0.119,0.21,0.2,0.132,0.195,0.119,0.088,0.124,0.185,0.153,0.176,0.116,0.074,0.136,0.107,0.151,0.095,0.134,0.221,0.16,0.131,0.161,0.083,0.164,0.165,0.123,0.164,0.186,0.315,0.107,0.214,0.144,0.154,0.148,0.228,0.112,0.181,0.271,0.118,0.13,0.236,0.128,0.248,0.161,0.061,0.116,0.244,0.154,0.178,0.086,0.137,0.175,0.139,0.165,0.157,0.127,0.163,0.164,0.107,0.09,0.186,0.106,0.152,0.092,0.155,0.097,0.334,0.191,0.102,0.118,0.089,0.191,0.191,0.175,0.178,0.14,0.151,0.127,0.147,0.101,0.211,0.097,0.234,0.139,0.136,0.103,0.073,0.12,0.077,0.141,0.116,0.107,0.134,0.236,0.156,0.182,0.105,0.16,0.191,0.153,0.134,0.097,0.2,0.084,0.096,0.072,0.1,0.15,0.123,0.102,0.089,0.178,0.172,0.135,0.147,0.141,0.326,0.155,0.132,0.131,0.128,0.103,0.128,0.135,0.096,0.117,0.121,0.089,0.102,0.204,0.137,0.145,0.207,0.123,0.173,0.171,0.122,0.122,0.091,0.114,0.09,0.101,0.097,0.095,0.099,0.231,0.206,0.126,0.135,0.14,0.132,0.23,0.211,0.133,0.27,0.122,0.297,0.295,0.088,0.315,0.095,0.203,0.096,0.161,0.201,0.13,0.162,0.137,0.112,0.127,0.135,0.112,0.164,0.218,0.188,0.07,0.109,0.181,0.162,0.089,0.175,0.119,0.099,0.183,0.179,0.184,0.083,0.315,0.184,0.141,0.183,0.088,0.111,0.116,0.087,0.16,0.121,0.248,0.184,0.107,0.095,0.172,0.11,0.116,0.129,0.114,0.092,0.201,0.111,0.198,0.101,0.147,0.159,0.107,0.141,0.295,0.092,0.278,0.12,0.189,0.146,0.135,0.143,0.151,0.124,0.073,0.096,0.131,0.17,0.175,0.117,0.089,0.153,0.164,0.134,0.109,0.135,0.152,0.086,0.128,0.241,0.117,0.126,0.138,1.0,0.118,0.066,0.15,0.183,0.079,0.158,0.106,0.28,0.156,0.129,0.122,0.166,0.107,0.09,0.166,0.205,0.156,0.123,0.121,0.125,0.09,0.135,0.126,0.139,0.11,0.137,0.161,0.14,0.144
0.071,0.185,0.173,0.372,0.149,0.059,0.064,0.149,0.306,0.068,0.095,0.214,0.498,0.07,0.353,0.109,0.267,0.113,0.121,0.248,0.073,0.498,0.226,0.129,0.29,0.498,0.29,0.167,0.29,0.147,0.213,0.246,0.071,0.29,0.147,0.248,0.112,0.081,0.372,0.329,0.214,0.195,0.372,0.095,0.107,0.498,0.246,0.213,0.115,0.041,0.217,0.126,0.087,0.498,0.118,0.122,0.248,0.29,0.187,0.107,0.128,0.046,0.214,0.123,0.134,0.167,0.124,0.115,0.115,0.213,0.195,0.129,0.29,0.167,0.173,0.212,0.195,0.128,0.214,0.081,0.124,0.106,0.068,0.226,0.13,0.099,0.185,0.127,0.248,0.306,0.073,0.173,0.248,0.129,0.173,0.217,0.185,0.164,0.353,0.233,0.214,0.146,0.104,0.091,0.217,0.292,0.099,0.187,0.169,0.282,0.498,0.159,0.163,0.128,0.185,0.214,0.128,0.1,0.248,0.498,0.29,0.212,0.103,0.29,0.11,0.214,0.164,0.034,0.248,0.212,0.29,0.214,0.29,0.144,0.213,0.213,0.095,0.099,0.13,0.129,0.129,0.29,0.217,0.321,0.615,0.165,0.091,0.091,0.213,0.283,0.16,0.118,0.164,0.248,0.173,0.306,0.113,0.115,0.212,0.248,0.08,0.185,0.177,0.16,0.066,0.113,0.129,0.187,0.364,0.079,0.29,0.091,0.076,0.067,0.087,0.213,0.129,0.107,0.173,0.195,0.167,0.167,0.091,0.095,0.096,0.29,0.157,0.173,0.353,0.083,0.123,0.279,0.072,0.292,0.129,0.163,0.179,0.213,0.071,0.223,0.498,0.149,0.159,0.217,0.306,0.226,0.057,0.283,0.076,0.096,0.066,0.188,0.081,0.149,0.195,0.129,0.292,0.115,0.117,0.077,0.081,0.29,0.185,0.118,0.372,0.195,0.063,0.185,0.076,0.498,0.143,0.498,0.138,0.086,0.159,0.306,0.394,0.062,0.177,0.214,0.099,0.185,0.29,0.058,0.115,0.29,0.149,0.262,0.195,0.319,0.143,0.195,0.248,0.498,0.058,0.185,0.324,0.169,0.213,0.128,0.372,0.217,0.061,0.046,0.29,0.213,0.214,0.068,0.095,0.248,0.121,0.14,0.498,0.1,0.05,0.214,0.167,0.081,0.132,0.128,0.195,0.115,0.321,0.195,0.099,0.353,0.146,0.139,0.498,0.214,0.439,0.353,0.498,0.049,0.19,0.156,0.248,0.097,0.22,0.058,0.498,0.106,0.22,0.246,0.167,0.149,0.057,0.123,0.185,0.096,0.149,0.159,0.118,1.0,0.247,0.214,0.177,0.195,0.118,0.109,0.29,0.29,0.212,0.139,0.16,0.129,0.056,0.195,0.177,0.18,0.248,0.117,0.321,0.051,0.29,0.29,0.302,0.087,0.248,0.06,0.498,0.29
0.315,0.111,0.165,0.198,0.128,0.175,0.162,0.179,0.129,0.112,0.093,0.271,0.168,0.125,0.129,0.144,0.249,0.101,0.235,0.116,0.14,0.173,0.113,0.184,0.123,0.179,0.112,0.178,0.17,0.197,0.166,0.122,0.203,0.152,0.131,0.112,0.341,0.128,0.138,0.187,0.204,0.218,0.335,0.096,0.314,0.164,0.192,0.137,0.298,0.215,0.117,0.136,0.159,0.225,0.391,0.178,0.141,0.107,0.128,0.114,0.348,0.199,0.166,0.15,0.173,0.186,0.12,0.271,0.137,0.151,0.105,0.184,0.156,0.134,0.185,0.262,0.102,0.099,0.152,0.122,0.096,0.108,0.107,0.102,0.124,0.157,0.104,0.133,0.111,0.131,0.145,0.17,0.347,0.088,0.161,0.217,0.111,0.116,0.156,0.118,0.092,0.125,0.223,0.156,0.115,0.131,0.139,0.203,0.097,0.186,0.18,0.123,0.256,0.127,0.154,0.136,0.103,0.083,0.146,0.15,0.158,0.229,0.285,0.167,0.231,0.136,0.116,0.038,0.13,0.583,0.182,0.29,0.198,0.116,0.137,0.237,0.235,0.14,0.141,0.16,0.16,0.159,0.102,0.203,0.12,0.264,0.097,0.216,0.127,0.19,0.083,0.116,0.199,0.216,0.151,0.257,0.226,0.133,0.247,0.385,0.097,0.135,0.091,0.14,0.117,0.09,0.16,0.172,0.164,0.328,0.153,0.109,0.111,0.206,0.216,0.109,0.155,0.114,0.225,0.192,0.111,0.192,0.155,0.151,0.075,0.217,0.126,0.177,0.167,0.163,0.11,0.336,0.212,0.138,0.16,0.073,0.145,0.123,0.063,0.116,0.265,0.143,0.138,0.168,0.182,0.192,0.245,0.107,0.181,0.207,0.703,0.167,0.124,0.099,0.148,0.151,0.172,0.146,0.199,0.057,0.113,0.429,0.096,0.332,0.196,0.129,0.1,0.111,0.11,0.188,0.229,0.127,0.084,0.148,0.145,0.156,0.231,0.116,0.366,0.248,0.163,0.265,0.221,0.183,0.135,0.191,0.149,0.102,0.129,0.163,0.219,0.237,0.147,0.226,0.168,0.111,0.137,0.146,0.318,0.243,0.187,0.158,0.417,0.128,0.167,0.163,0.11,0.107,0.133,0.135,0.123,0.097,0.214,0.218,0.047,0.083,0.112,0.098,0.122,0.097,0.194,0.196,0.129,0.129,0.175,0.127,0.252,0.172,0.174,0.163,0.198,0.206,0.228,0.095,0.247,0.175,0.141,0.288,0.184,0.211,0.182,0.134,0.169,0.155,0.226,0.145,0.25,0.177,0.161,0.189,0.2,0.108,0.066,0.247,1.0,0.27,0.086,0.117,0.185,0.14,0.154,0.268,0.336,0.135,0.13,0.444,0.193,0.134,0.137,0.172,0.18,0.087,0.158,0.397,0.176,0.165,0.167,0.112,0.14,0.061,0.199,0.189
0.33,0.334,0.258,0.157,0.478,0.185,0.224,0.537,0.226,0.2,0.121,0.484,0.172,0.131,0.281,0.139,0.296,0.18,0.326,0.292,0.133,0.157,0.145,0.323,0.197,0.178,0.232,0.377,0.366,0.246,0.247,0.195,0.197,0.293,0.306,0.285,0.422,0.227,0.231,0.253,0.409,0.353,0.378,0.125,0.569,0.262,0.308,0.388,0.231,0.494,0.237,0.321,0.129,0.291,0.597,0.299,0.365,0.206,0.231,0.128,0.403,0.275,0.337,0.171,0.206,0.383,0.15,0.339,0.184,0.229,0.528,0.323,0.29,0.278,0.348,0.305,0.43,0.162,0.531,0.143,0.089,0.215,0.196,0.23,0.237,0.196,0.282,0.191,0.228,0.242,0.201,0.232,0.383,0.286,0.327,0.288,0.334,0.19,0.167,0.298,0.191,0.186,0.173,0.151,0.223,0.17,0.145,0.346,0.223,0.305,0.179,0.2,0.309,0.231,0.245,0.277,0.21,0.148,0.362,0.244,0.361,0.362,0.531,0.244,0.448,0.34,0.19,0.092,0.22,0.393,0.391,0.411,0.392,0.133,0.388,0.439,0.333,0.146,0.22,0.227,0.227,0.337,0.22,0.415,0.142,0.431,0.186,0.299,0.252,0.271,0.192,0.431,0.31,0.372,0.175,0.529,0.392,0.177,0.323,0.417,0.149,0.258,0.201,0.299,0.136,0.125,0.227,0.32,0.264,0.352,0.273,0.111,0.12,0.178,0.123,0.162,0.275,0.128,0.36,0.651,0.233,0.257,0.186,0.173,0.141,0.404,0.175,0.212,0.306,0.146,0.175,0.322,0.278,0.174,0.287,0.101,0.145,0.254,0.112,0.204,0.254,0.25,0.211,0.261,0.399,0.3,0.443,0.168,0.131,0.48,0.612,0.22,0.122,1.0,0.517,0.421,0.214,0.211,0.251,0.11,0.14,0.475,0.238,0.52,0.214,0.831,0.148,0.334,0.117,0.272,0.36,0.213,0.171,0.142,0.267,0.322,0.371,0.116,0.338,0.499,0.208,0.459,0.847,0.085,0.196,0.317,0.603,0.139,0.321,0.163,0.307,0.678,0.297,0.191,0.186,0.334,0.176,0.285,0.244,0.396,0.155,0.273,0.382,0.2,0.278,0.243,0.272,0.196,0.124,0.328,0.134,0.163,0.174,0.265,0.085,0.196,0.196,0.161,0.397,0.214,0.478,0.311,0.302,0.831,0.191,0.188,0.213,0.263,0.313,0.305,0.272,0.288,0.225,0.094,0.459,0.359,0.27,0.279,0.388,0.116,0.274,0.201,0.353,0.281,0.296,0.438,0.343,0.278,0.337,0.622,0.297,0.181,0.15,0.214,0.27,1.0,0.224,0.104,0.261,0.139,0.313,0.448,0.39,0.167,0.44,0.388,0.119,0.362,0.223,0.341,0.475,0.146,0.222,0.232,0.306,0.241,0.313,0.158,0.33,0.102,0.297,0.351
0.144,0.315,0.192,0.148,0.159,0.12,0.166,0.154,0.156,0.12,0.104,0.157,0.147,0.099,0.288,0.116,0.179,0.237,0.107,0.273,0.122,0.138,0.105,0.127,0.212,0.158,0.213,0.154,0.215,0.186,0.222,0.162,0.148,0.33,0.126,0.266,0.218,0.166,0.215,0.171,0.204,0.212,0.283,0.23,0.176,0.212,0.301,0.403,0.164,0.088,0.26,0.196,0.167,0.215,0.16,0.141,0.226,0.211,0.177,0.113,0.227,0.105,0.186,0.287,0.204,0.183,0.215,0.154,0.163,0.181,0.196,0.127,0.271,0.184,0.179,0.305,0.175,0.378,0.21,0.167,0.079,0.14,0.181,0.25,0.228,0.112,0.226,0.205,0.207,0.196,0.084,0.189,0.255,0.358,0.201,0.195,0.315,0.169,0.148,0.224,0.23,0.159,0.142,0.144,0.207,0.167,0.144,0.205,0.243,0.161,0.237,0.179,0.322,0.221,0.182,0.233,0.299,0.119,0.268,0.244,0.343,0.322,0.221,0.229,0.164,0.228,0.169,0.09,0.285,0.248,0.268,0.139,0.249,0.172,0.403,0.191,0.104,0.124,0.131,0.252,0.252,0.437,0.311,0.273,0.133,0.218,0.217,0.116,0.205,0.236,0.181,0.183,0.248,0.256,0.233,0.235,0.197,0.164,0.274,0.29,0.116,0.206,0.459,0.194,0.166,0.245,0.252,0.202,0.227,0.175,0.271,0.088,0.111,0.078,0.123,0.192,0.192,0.113,0.181,0.17,0.207,0.187,0.217,0.2,0.208,0.249,0.105,0.168,0.157,0.121,0.154,0.177,0.103,0.104,0.12,0.253,0.141,0.226,0.253,0.238,0.282,0.278,0.177,0.2,0.168,0.194,0.148,0.234,0.214,0.109,0.147,0.212,0.113,0.3,0.299,0.232,0.152,0.184,0.286,0.143,0.116,0.237,0.202,0.124,0.19,0.36,0.355,0.315,0.103,0.219,0.173,0.24,0.164,0.108,0.3,0.206,0.157,0.145,0.311,0.19,0.24,0.184,0.545,0.077,0.157,0.241,0.164,0.099,0.181,0.136,0.13,0.184,0.307,0.153,0.089,0.315,0.179,0.257,0.185,0.211,0.115,0.192,0.093,0.106,0.226,0.209,0.347,0.181,0.115,0.294,0.176,0.263,0.255,0.119,0.246,0.217,0.131,0.114,0.311,0.389,0.176,0.144,0.276,0.36,0.103,0.176,0.146,0.364,0.286,0.173,0.316,0.329,0.248,0.117,0.151,0.202,0.267,0.135,0.207,0.143,0.214,0.229,0.318,0.247,0.199,0.181,0.072,0.14,0.161,0.135,0.171,0.153,0.183,0.177,0.086,0.224,1.0,0.1,0.132,0.121,0.267,0.238,0.25,0.242,0.19,0.141,0.149,0.211,0.347,0.242,0.194,0.265,0.176,0.069,0.208,0.256,0.244,0.245,0.317,0.174,0.248,0.301
0.137,0.383,0.107,0.101,0.065,0.084,0.071,0.087,0.123,0.127,0.05,0.108,0.094,0.058,0.129,0.056,0.111,0.079,0.177,0.236,0.067,0.103,0.311,0.074,0.29,0.123,0.147,0.096,0.117,0.136,0.131,0.118,0.106,0.138,0.079,0.131,0.158,0.102,0.154,0.247,0.1,0.174,0.148,0.055,0.085,0.141,0.159,0.193,0.069,0.098,0.093,0.088,0.072,0.117,0.088,0.091,0.109,0.136,0.087,0.048,0.108,0.081,0.117,0.083,0.147,0.115,0.235,0.081,0.102,0.09,0.082,0.074,0.12,0.091,0.143,0.163,0.086,0.157,0.168,0.075,0.178,0.088,0.138,0.246,0.202,0.061,0.149,0.1,0.139,0.132,0.046,0.135,0.165,0.098,0.099,0.095,0.383,0.187,0.084,0.104,0.319,0.065,0.092,0.072,0.121,0.127,0.051,0.112,0.104,0.112,0.1,0.076,0.179,0.197,0.164,0.115,0.09,0.317,0.127,0.145,0.142,0.106,0.101,0.158,0.1,0.15,0.187,0.102,0.119,0.118,0.169,0.109,0.142,0.289,0.193,0.096,0.063,0.048,0.081,0.116,0.116,0.129,0.112,0.218,0.129,0.104,0.101,0.08,0.109,0.098,0.183,0.075,0.099,0.12,0.087,0.173,0.103,0.126,0.113,0.114,0.08,0.147,0.08,0.105,0.075,0.06,0.116,0.202,0.235,0.093,0.121,0.037,0.041,0.036,0.046,0.193,0.127,0.048,0.1,0.081,0.088,0.126,0.101,0.091,0.106,0.136,0.14,0.13,0.13,0.07,0.078,0.131,0.093,0.647,0.065,0.126,0.117,0.096,0.064,0.355,0.159,0.103,0.072,0.131,0.125,0.186,0.069,0.098,0.077,0.05,0.066,0.371,0.043,0.141,0.115,0.078,0.262,0.11,0.136,0.258,0.067,0.138,0.169,0.066,0.108,0.17,0.079,0.383,0.039,0.159,0.108,0.138,0.083,0.102,0.115,0.153,0.127,0.074,0.096,0.092,0.113,0.146,0.236,0.03,0.094,0.123,0.081,0.081,0.219,0.074,0.12,0.087,0.121,0.105,0.055,0.383,0.11,0.09,0.114,0.091,0.131,0.122,0.063,0.081,0.15,0.125,0.103,0.138,0.058,0.105,0.145,0.138,0.137,0.047,0.067,0.098,0.35,0.086,0.364,0.091,0.102,0.118,0.233,0.17,0.044,0.116,0.103,0.104,0.12,0.115,0.128,0.106,0.118,0.052,0.113,0.11,0.104,0.095,0.121,0.064,0.121,0.106,0.126,0.114,0.084,0.138,0.058,0.062,0.142,0.09,0.224,0.073,0.079,0.195,0.117,0.104,0.1,1.0,0.067,0.057,0.137,0.132,0.14,0.11,0.111,0.064,0.067,0.111,0.103,0.178,0.108,0.099,0.149,0.057,0.143,0.118,0.15,0.076,0.277,0.071,0.163,0.127
0.331,0.301,0.097,0.1,0.166,0.147,0.103,0.17,0.153,0.109,0.106,0.184,0.109,0.088,0.125,0.111,0.368,0.087,0.102,0.151,0.152,0.108,0.098,0.18,0.101,0.146,0.142,0.154,0.145,0.154,0.164,0.084,0.173,0.134,0.098,0.113,0.522,0.116,0.12,0.155,0.564,0.175,0.153,0.101,0.177,0.166,0.132,0.334,0.167,0.152,0.117,0.139,0.11,0.228,0.24,0.124,0.118,0.108,0.103,0.104,0.119,0.114,0.143,0.151,0.138,0.153,0.075,0.223,0.144,0.188,0.211,0.18,0.143,0.177,0.176,0.163,0.185,0.122,0.203,0.116,0.071,0.121,0.12,0.094,0.08,0.149,0.209,0.1,0.118,0.155,0.11,0.172,0.2,0.118,0.156,0.18,0.301,0.107,0.109,0.13,0.104,0.153,0.137,0.13,0.103,0.117,0.13,0.16,0.138,0.188,0.331,0.165,0.059,0.108,0.217,0.114,0.085,0.101,0.123,0.121,0.132,0.253,0.57,0.102,0.131,0.123,0.107,0.058,0.124,0.198,0.12,0.19,0.164,0.091,0.334,0.4,0.148,0.123,0.187,0.191,0.191,0.151,0.165,0.193,0.096,0.41,0.147,0.171,0.177,0.101,0.142,0.166,0.309,0.149,0.09,0.196,0.123,0.14,0.16,0.14,0.101,0.233,0.172,0.132,0.105,0.116,0.191,0.196,0.123,0.181,0.143,0.082,0.099,0.181,0.112,0.101,0.148,0.104,0.137,0.198,0.137,0.141,0.147,0.141,0.114,0.162,0.102,0.16,0.164,0.111,0.149,0.167,0.153,0.111,0.13,0.084,0.115,0.209,0.105,0.121,0.173,0.184,0.18,0.117,0.163,0.169,0.147,0.11,0.107,0.126,0.336,0.083,0.102,0.231,0.18,0.15,0.114,0.18,0.23,0.116,0.11,0.21,0.196,0.167,0.166,0.295,0.101,0.301,0.098,0.208,0.223,0.103,0.091,0.111,0.183,0.159,0.17,0.123,0.186,0.237,0.164,0.229,0.188,0.072,0.203,0.158,0.209,0.083,0.149,0.123,0.133,0.204,0.125,0.119,0.106,0.301,0.097,0.172,0.148,0.131,0.102,0.112,0.261,0.102,0.153,0.208,0.142,0.12,0.108,0.118,0.11,0.124,0.121,0.317,0.118,0.094,0.115,0.11,0.105,0.094,0.245,0.196,0.105,0.295,0.167,0.108,0.142,0.247,0.11,0.136,0.146,0.165,0.133,0.073,0.149,0.132,0.12,0.193,0.134,0.089,0.127,0.164,0.134,0.123,0.157,0.191,0.12,0.208,0.277,0.136,0.168,0.144,0.158,0.118,0.185,0.261,0.132,0.067,1.0,0.111,0.15,0.381,0.184,0.132,0.168,0.264,0.09,0.181,0.182,0.106,0.147,0.122,0.099,0.184,0.148,0.147,0.142,0.119,0.11,0.104,0.13,0.149
0.115,0.189,0.088,0.275,0.227,0.08,0.182,0.171,0.129,0.083,0.233,0.121,0.105,0.505,0.108,0.957,0.125,0.07,0.188,0.175,0.261,0.123,0.074,0.305,0.113,0.131,0.098,0.163,0.314,0.162,0.141,0.079,0.127,0.24,0.09,0.141,0.196,0.126,0.17,0.442,0.136,0.139,0.147,0.313,0.141,0.137,0.157,0.243,0.28,0.055,0.117,0.108,0.222,0.189,0.168,0.064,0.119,0.095,0.159,0.485,0.108,0.058,0.076,0.395,0.158,0.212,0.062,0.18,0.261,0.458,0.178,0.305,0.28,0.089,0.086,0.225,0.164,0.073,0.133,1.0,0.279,0.229,0.105,0.082,0.08,0.419,0.15,0.234,0.117,0.147,0.336,0.194,0.319,0.185,0.09,0.109,0.189,0.101,0.239,0.118,0.122,0.39,0.195,0.343,0.108,0.108,0.345,0.154,0.094,0.254,0.156,0.73,0.082,0.1,0.139,0.145,0.068,0.157,0.146,0.136,0.134,0.139,0.136,0.147,0.114,0.105,0.101,0.05,0.213,0.152,0.116,0.11,0.158,0.066,0.243,0.162,0.302,0.346,0.091,0.466,0.723,0.146,0.148,0.121,0.092,0.117,0.228,0.203,0.208,0.108,0.107,0.215,0.247,0.166,0.233,0.112,0.073,0.235,0.154,0.213,0.101,0.556,0.152,0.101,0.479,0.148,0.466,0.096,0.127,0.224,0.118,0.197,0.358,0.401,0.288,0.106,0.234,0.485,0.186,0.161,0.224,0.289,0.394,0.624,0.097,0.148,0.072,0.182,0.091,0.423,0.318,0.125,0.154,0.073,0.301,0.067,0.14,0.511,0.078,0.126,0.182,0.206,0.68,0.196,0.122,0.109,0.252,0.168,0.262,0.186,0.2,0.075,0.361,0.182,0.202,0.475,0.257,0.191,0.184,0.076,0.195,0.167,0.139,0.124,0.147,0.225,0.07,0.189,0.26,0.232,0.095,0.098,0.113,0.136,0.512,0.108,0.113,0.249,0.25,0.113,0.425,0.14,0.211,0.461,0.102,0.324,0.137,0.082,0.249,0.335,0.08,0.162,0.112,0.111,0.272,0.189,0.152,0.165,0.21,0.204,0.089,0.102,0.124,0.058,0.233,0.269,0.133,0.105,0.741,0.124,0.179,0.114,0.093,0.34,0.062,0.092,0.067,0.093,0.091,0.08,0.147,0.112,0.13,0.225,0.329,0.105,0.55,0.132,0.109,0.192,0.198,0.121,0.265,0.348,0.099,0.205,0.212,0.301,0.287,0.45,0.122,0.402,0.274,0.166,0.288,0.123,0.057,0.342,0.116,0.142,0.193,0.28,0.106,0.109,0.14,0.139,0.121,0.057,0.111,1.0,0.147,0.185,0.177,0.274,0.221,0.397,0.416,0.211,0.228,0.091,0.127,0.191,0.095,0.118,0.175,0.194,0.134,0.311,0.108,0.067,0.231,0.318
0.272,0.301,0.289,0.241,0.18,0.166,0.147,0.152,0.21,0.192,0.121,0.219,0.25,0.171,0.353,0.149,0.24,0.289,0.169,0.3,0.169,0.22,0.193,0.139,0.26,0.228,0.325,0.245,0.34,0.16,0.224,0.327,0.183,0.41,0.273,0.374,0.422,0.306,0.315,0.263,0.385,0.264,0.483,0.121,0.143,0.317,0.382,0.334,0.15,0.067,0.415,0.215,0.142,0.3,0.18,0.21,0.435,0.326,0.268,0.123,0.306,0.131,0.212,0.156,0.181,0.276,0.196,0.135,0.221,0.208,0.224,0.139,0.391,0.329,0.239,0.262,0.207,0.242,0.256,0.134,0.101,0.163,0.279,0.337,0.278,0.148,0.322,0.26,0.305,0.271,0.095,0.244,0.321,0.175,0.273,0.312,0.301,0.416,0.274,0.363,0.276,0.17,0.275,0.159,0.391,0.301,0.136,0.188,0.355,0.181,0.293,0.181,0.384,0.319,0.241,0.383,0.241,0.136,0.453,0.35,0.442,0.256,0.167,0.345,0.22,0.476,0.416,0.065,0.294,0.359,0.39,0.221,0.436,0.179,0.334,0.209,0.109,0.137,0.278,0.191,0.191,0.444,0.2,0.382,0.187,0.268,0.161,0.136,0.277,0.365,0.238,0.151,0.25,0.238,0.19,0.351,0.275,0.228,0.3,0.408,0.205,0.244,0.186,0.183,0.128,0.133,0.191,0.282,0.311,0.16,0.36,0.104,0.115,0.088,0.119,0.264,0.151,0.123,0.171,0.203,0.313,0.233,0.161,0.155,0.328,0.352,0.157,0.231,0.192,0.167,0.184,0.266,0.159,0.174,0.131,0.159,0.152,0.225,0.11,0.257,0.324,0.219,0.192,0.305,0.225,0.253,0.117,0.197,0.149,0.118,0.119,0.27,0.118,0.231,0.411,0.141,0.242,0.254,0.222,0.175,0.227,0.451,0.235,0.157,0.325,0.295,0.097,0.301,0.113,0.27,0.237,0.352,0.331,0.185,0.298,0.286,0.189,0.232,0.258,0.327,0.173,0.225,1.0,0.087,0.164,0.376,0.177,0.162,0.213,0.186,0.162,0.203,0.442,0.27,0.089,0.301,0.267,0.265,0.235,0.22,0.213,0.339,0.12,0.131,0.324,0.24,0.372,0.279,0.129,0.515,0.168,0.195,0.217,0.132,0.109,0.346,0.239,0.193,0.594,0.334,0.213,0.185,0.429,0.295,0.114,0.313,0.193,0.276,0.481,0.296,0.294,0.179,0.283,0.097,0.156,0.258,0.362,0.199,0.34,0.114,0.337,0.172,0.392,0.278,0.264,0.171,0.077,0.144,0.192,0.17,0.223,0.173,0.28,0.29,0.154,0.313,0.267,0.137,0.15,0.147,1.0,0.394,0.347,0.167,0.274,0.143,0.116,0.211,0.228,0.309,0.385,0.162,0.32,0.103,0.273,0.261,0.379,0.176,0.428,0.107,0.384,0.422
0.411,0.334,0.321,0.219,0.215,0.228,0.192,0.234,0.226,0.182,0.146,0.308,0.195,0.2,0.337,0.188,0.404,0.304,0.212,0.351,0.214,0.202,0.159,0.232,0.263,0.239,0.304,0.314,0.353,0.206,0.263,0.259,0.264,0.38,0.282,0.329,0.631,0.306,0.301,0.325,0.628,0.289,0.424,0.149,0.227,0.306,0.389,0.388,0.201,0.187,0.31,0.253,0.182,0.306,0.326,0.266,0.452,0.279,0.287,0.149,0.392,0.186,0.282,0.206,0.228,0.349,0.195,0.268,0.251,0.226,0.242,0.232,0.363,0.388,0.354,0.322,0.229,0.222,0.35,0.17,0.118,0.2,0.279,0.286,0.291,0.199,0.319,0.278,0.26,0.302,0.168,0.304,0.346,0.208,0.294,0.334,0.334,0.272,0.207,0.371,0.242,0.205,0.461,0.214,0.301,0.195,0.182,0.264,0.312,0.261,0.216,0.24,0.384,0.325,0.23,0.366,0.228,0.142,0.427,0.335,0.46,0.4,0.701,0.341,0.271,0.471,0.272,0.087,0.32,0.442,0.425,0.321,0.491,0.177,0.388,0.429,0.21,0.183,0.35,0.227,0.227,0.434,0.215,0.413,0.165,0.514,0.186,0.243,0.272,0.392,0.257,0.215,0.418,0.284,0.387,0.454,0.353,0.247,0.367,0.466,0.221,0.252,0.196,0.229,0.17,0.152,0.227,0.511,0.324,0.282,0.295,0.141,0.152,0.363,0.182,0.209,0.197,0.149,0.267,0.24,0.287,0.263,0.223,0.212,0.147,0.366,0.151,0.301,0.299,0.223,0.213,0.308,0.278,0.185,0.19,0.134,0.181,0.251,0.122,0.27,0.532,0.326,0.225,0.322,0.301,0.324,0.193,0.214,0.199,0.171,0.429,0.276,0.161,0.276,0.433,0.199,0.274,0.285,0.312,0.117,0.195,0.541,0.229,0.198,0.28,0.342,0.111,0.334,0.15,0.284,0.389,0.268,0.24,0.237,0.324,0.39,0.294,0.191,0.339,0.465,0.237,0.238,1.0,0.122,0.241,0.411,0.25,0.169,0.216,0.205,0.248,0.253,0.378,0.233,0.16,0.334,0.237,0.322,0.278,0.294,0.19,0.364,0.277,0.176,0.351,0.284,0.344,0.279,0.167,0.39,0.181,0.196,0.217,0.343,0.121,0.257,0.259,0.196,0.594,0.282,0.294,0.316,0.4,0.342,0.207,0.252,0.227,0.365,0.413,0.332,0.294,0.242,0.322,0.134,0.248,0.315,0.451,0.318,0.444,0.154,0.335,0.201,0.432,0.275,0.291,0.309,0.145,0.266,0.284,0.242,0.369,0.197,0.156,0.29,0.268,0.448,0.238,0.132,0.381,0.185,0.394,1.0,0.452,0.199,0.302,0.343,0.146,0.243,0.253,0.298,0.435,0.171,0.324,0.209,0.297,0.291,0.375,0.211,0.408,0.12,0.347,0.451
0.373,0.467,0.423,0.207,0.181,0.171,0.223,0.232,0.211,0.171,0.125,0.402,0.16,0.175,0.317,0.176,0.276,0.3,0.232,0.325,0.176,0.154,0.144,0.222,0.243,0.186,0.267,0.316,0.35,0.291,0.272,0.205,0.261,0.331,0.219,0.312,0.38,0.26,0.284,0.304,0.377,0.329,0.386,0.145,0.279,0.269,0.385,0.263,0.225,0.334,0.266,0.262,0.188,0.24,0.463,0.304,0.358,0.286,0.279,0.138,0.438,0.187,0.322,0.196,0.22,0.356,0.206,0.273,0.215,0.265,0.194,0.222,0.355,0.288,0.364,0.423,0.192,0.237,0.298,0.235,0.115,0.252,0.231,0.252,0.338,0.178,0.342,0.3,0.251,0.271,0.184,0.299,0.39,0.217,0.312,0.31,0.467,0.194,0.183,0.289,0.244,0.21,0.239,0.194,0.262,0.164,0.161,0.331,0.377,0.252,0.177,0.194,0.461,0.306,0.245,0.393,0.254,0.161,0.373,0.31,0.588,0.389,0.423,0.345,0.315,0.387,0.194,0.116,0.289,0.557,0.439,0.396,0.426,0.173,0.263,0.331,0.232,0.162,0.277,0.206,0.206,0.396,0.18,0.426,0.138,0.436,0.19,0.239,0.267,0.386,0.214,0.282,0.263,0.354,0.305,0.419,0.384,0.278,0.427,0.49,0.178,0.26,0.166,0.254,0.222,0.138,0.206,0.348,0.347,0.356,0.285,0.131,0.171,0.178,0.183,0.263,0.222,0.138,0.363,0.24,0.25,0.268,0.203,0.192,0.115,0.364,0.135,0.3,0.32,0.215,0.211,0.388,0.266,0.171,0.196,0.13,0.189,0.204,0.096,0.243,0.371,0.302,0.19,0.294,0.34,0.366,0.364,0.208,0.185,0.223,0.929,0.275,0.149,0.196,0.381,0.189,0.259,0.302,0.322,0.117,0.176,0.562,0.248,0.229,0.24,0.241,0.116,0.467,0.126,0.228,0.391,0.251,0.201,0.221,0.331,0.32,0.35,0.156,0.405,0.397,0.217,0.334,0.782,0.16,0.174,0.381,0.204,0.134,0.21,0.208,0.321,0.268,0.427,0.18,0.178,0.467,0.202,0.349,0.317,0.383,0.155,0.36,0.311,0.156,0.343,0.215,0.295,0.231,0.148,0.351,0.209,0.149,0.188,0.204,0.101,0.24,0.216,0.171,0.488,0.285,0.277,0.301,0.367,0.241,0.179,0.213,0.215,0.308,0.38,0.373,0.324,0.273,0.316,0.181,0.325,0.399,0.297,0.265,0.362,0.254,0.268,0.173,0.39,0.357,0.319,0.201,0.243,0.213,0.273,0.261,0.31,0.154,0.129,0.212,0.336,0.39,0.25,0.14,0.184,0.177,0.347,0.452,1.0,0.181,0.38,0.429,0.233,0.205,0.243,0.354,0.39,0.145,0.276,0.267,0.305,0.276,0.387,0.204,0.351,0.096,0.367,0.421
0.241,0.296,0.127,0.248,0.226,0.096,0.174,0.221,0.218,0.12,0.158,0.197,0.114,0.189,0.258,0.26,0.207,0.08,0.18,0.244,0.188,0.142,0.089,0.27,0.246,0.173,0.16,0.201,0.287,0.23,0.267,0.09,0.216,0.302,0.091,0.231,0.337,0.588,0.276,0.209,0.142,0.244,0.228,0.277,0.188,0.188,0.233,0.349,0.243,0.134,0.15,0.149,0.352,0.218,0.218,0.095,0.134,0.205,0.201,0.238,0.133,0.074,0.16,0.462,0.286,0.243,0.101,0.21,0.249,0.236,0.198,0.27,0.335,0.126,0.129,0.302,0.19,0.157,0.213,0.366,0.255,0.369,0.298,0.157,0.1,0.346,0.195,0.26,0.198,0.211,0.216,0.265,0.321,0.295,0.106,0.166,0.296,0.13,0.317,0.221,0.176,0.317,0.211,0.422,0.155,0.124,0.511,0.278,0.108,0.277,0.228,0.286,0.118,0.123,0.188,0.178,0.115,0.161,0.188,0.199,0.163,0.186,0.179,0.308,0.129,0.123,0.13,0.069,0.386,0.154,0.167,0.175,0.169,0.102,0.349,0.216,0.232,0.468,0.12,0.531,0.531,0.268,0.318,0.212,0.108,0.2,0.28,0.22,0.23,0.134,0.148,0.247,0.272,0.279,0.217,0.184,0.098,0.218,0.222,0.201,0.134,0.3,0.242,0.173,0.616,0.194,0.531,0.13,0.223,0.255,0.219,0.196,0.416,0.177,0.285,0.2,0.327,0.238,0.217,0.193,0.305,0.317,0.59,0.458,0.109,0.229,0.112,0.269,0.177,0.276,0.291,0.195,0.1,0.111,0.264,0.13,0.18,0.298,0.112,0.251,0.21,0.374,0.301,0.277,0.199,0.201,0.299,0.276,0.33,0.161,0.221,0.125,0.309,0.251,0.227,0.303,0.264,0.174,0.313,0.092,0.303,0.188,0.19,0.134,0.153,0.311,0.167,0.296,0.334,0.243,0.117,0.177,0.105,0.111,0.299,0.167,0.182,0.221,0.364,0.131,0.746,0.195,0.224,0.201,0.2,0.427,0.175,0.083,0.326,0.272,0.147,0.196,0.145,0.116,0.198,0.296,0.214,0.215,0.278,0.191,0.091,0.182,0.146,0.071,0.36,0.262,0.251,0.298,0.282,0.139,0.283,0.266,0.143,0.242,0.123,0.112,0.098,0.154,0.185,0.099,0.22,0.171,0.191,0.311,0.227,0.164,0.268,0.267,0.136,0.249,0.362,0.25,0.324,0.414,0.179,0.278,0.213,0.281,0.311,0.345,0.165,0.471,0.306,0.24,0.347,0.197,0.07,0.306,0.179,0.166,0.239,0.222,0.122,0.139,0.135,0.167,0.242,0.11,0.132,0.274,0.167,0.199,0.181,1.0,0.22,0.262,0.337,0.257,0.385,0.142,0.141,0.224,0.12,0.109,0.249,0.363,0.202,0.264,0.137,0.099,0.283,0.287
0.281,0.34,0.198,0.191,0.438,0.146,0.288,0.366,0.247,0.154,0.213,0.25,0.145,0.287,0.227,0.216,0.233,0.162,0.288,0.25,0.182,0.143,0.113,0.174,0.192,0.191,0.215,0.213,0.262,0.284,0.284,0.157,0.187,0.275,0.248,0.266,0.459,0.321,0.239,0.25,0.267,0.369,0.282,0.177,0.304,0.237,0.25,0.39,0.165,0.092,0.214,0.361,0.165,0.27,0.332,0.135,0.269,0.225,0.453,0.179,0.177,0.105,0.165,0.231,0.216,0.331,0.112,0.224,0.302,0.278,0.492,0.174,0.299,0.217,0.166,0.221,0.402,0.168,0.391,0.322,0.136,0.196,0.291,0.192,0.221,0.2,0.299,0.198,0.266,0.212,0.172,0.278,0.252,0.235,0.165,0.191,0.34,0.151,0.19,0.288,0.189,0.261,0.214,0.239,0.215,0.146,0.184,0.204,0.253,0.164,0.179,0.259,0.175,0.206,0.237,0.275,0.19,0.199,0.271,0.261,0.283,0.207,0.203,0.261,0.313,0.282,0.151,0.094,0.257,0.24,0.27,0.17,0.298,0.113,0.39,0.242,0.155,0.185,0.206,0.257,0.257,0.292,0.223,0.333,0.14,0.238,0.256,0.179,0.313,0.217,0.273,0.511,0.221,0.311,0.186,0.234,0.197,0.257,0.257,0.274,0.198,0.262,0.204,0.216,0.323,0.156,0.257,0.212,0.25,0.236,0.259,0.145,0.222,0.145,0.154,0.208,0.23,0.179,0.172,0.397,0.243,0.241,0.256,0.235,0.147,0.309,0.096,0.261,0.18,0.24,0.267,0.288,0.247,0.147,0.169,0.118,0.16,0.276,0.114,0.204,0.262,0.295,0.243,0.281,0.27,0.224,0.472,0.178,0.207,0.361,0.159,0.166,0.178,1.0,0.417,0.175,0.229,0.332,0.264,0.123,0.185,0.303,0.239,0.34,0.249,0.831,0.105,0.34,0.144,0.272,0.186,0.191,0.172,0.198,0.246,0.202,0.215,0.19,0.249,0.231,0.28,0.236,0.513,0.168,0.204,0.309,0.449,0.108,0.334,0.224,0.128,0.449,0.254,0.15,0.154,0.34,0.211,0.223,0.273,0.215,0.122,0.26,0.137,0.105,0.292,0.271,0.246,0.291,0.179,0.249,0.193,0.155,0.181,0.165,0.12,0.225,0.151,0.168,0.295,0.172,0.373,0.22,0.259,0.831,0.162,0.207,0.203,0.238,0.243,0.3,0.277,0.18,0.245,0.253,0.223,0.277,0.238,0.238,0.278,0.304,0.3,0.216,0.275,0.445,0.262,0.377,0.085,0.187,0.212,0.361,0.297,0.195,0.166,0.16,0.13,0.44,0.19,0.111,0.168,0.221,0.274,0.302,0.38,0.22,1.0,0.172,0.283,0.373,0.297,0.184,0.26,0.188,0.209,0.122,0.297,0.328,0.293,0.342,0.245,0.107,0.244,0.312
0.275,0.253,0.154,0.159,0.2,0.191,0.166,0.29,0.162,0.152,0.136,0.449,0.104,0.236,0.12,0.375,0.254,0.059,0.18,0.175,0.195,0.116,0.076,0.334,0.11,0.159,0.131,0.272,0.388,0.379,0.26,0.071,0.215,0.174,0.092,0.188,0.34,0.135,0.165,0.279,0.281,0.155,0.255,0.243,0.393,0.155,0.21,0.311,0.515,0.334,0.111,0.199,0.262,0.193,0.568,0.207,0.113,0.104,0.163,0.227,0.306,0.239,0.218,0.307,0.241,0.308,0.061,0.495,0.163,0.276,0.18,0.334,0.207,0.222,0.228,0.437,0.171,0.07,0.285,0.637,0.131,0.232,0.114,0.09,0.078,0.318,0.164,0.187,0.139,0.256,0.253,0.208,0.539,0.209,0.248,0.185,0.253,0.12,0.181,0.122,0.132,0.25,0.173,0.259,0.105,0.108,0.256,0.301,0.091,0.328,0.134,0.364,0.088,0.1,0.158,0.135,0.11,0.088,0.133,0.138,0.133,0.366,0.426,0.143,0.276,0.111,0.12,0.066,0.201,0.437,0.198,0.481,0.164,0.064,0.311,0.364,0.373,0.255,0.141,0.605,1.0,0.146,0.168,0.232,0.095,0.389,0.23,0.275,0.194,0.096,0.122,0.308,0.379,0.315,0.189,0.384,0.234,0.141,0.317,0.345,0.088,0.372,0.16,0.219,0.344,0.143,0.605,0.211,0.178,0.445,0.266,0.165,0.187,0.317,0.307,0.141,0.289,0.227,0.318,0.263,0.243,0.363,0.484,0.82,0.109,0.283,0.19,0.223,0.228,0.266,0.196,0.375,0.246,0.136,0.301,0.072,0.129,0.363,0.086,0.119,0.173,0.283,0.396,0.204,0.261,0.244,0.364,0.169,0.195,0.259,1.0,0.078,0.223,0.227,0.197,0.384,0.247,0.128,0.319,0.079,0.149,0.496,0.155,0.432,0.134,0.281,0.122,0.253,0.192,0.196,0.268,0.108,0.091,0.091,0.34,0.211,0.312,0.197,0.488,0.425,0.531,0.34,0.217,0.258,0.276,0.266,0.255,0.078,0.237,0.178,0.323,0.332,0.113,0.106,0.242,0.253,0.145,0.229,0.312,0.315,0.083,0.126,0.432,0.163,0.315,0.242,0.138,0.114,0.371,0.118,0.153,0.184,0.096,0.437,0.058,0.095,0.111,0.113,0.104,0.073,0.28,0.221,0.153,0.281,0.279,0.116,0.575,0.196,0.11,0.221,0.28,0.281,0.25,0.229,0.358,0.267,0.186,0.324,0.277,0.299,0.132,0.532,0.283,0.206,0.461,0.269,0.297,0.399,0.246,0.225,0.257,0.258,0.107,0.129,0.444,0.388,0.141,0.064,0.264,0.397,0.143,0.343,0.429,0.262,0.172,1.0,0.288,0.23,0.217,0.234,0.208,0.127,0.095,0.473,0.302,0.276,0.176,0.155,0.111,0.078,0.336,0.326
0.055,0.163,0.059,0.371,0.199,0.044,0.552,0.199,0.178,0.049,0.147,0.167,0.085,0.283,0.093,0.416,0.088,0.033,0.177,0.255,0.131,0.107,0.067,0.288,0.226,0.121,0.116,0.199,0.918,0.226,0.27,0.041,0.312,0.22,0.06,0.288,0.091,0.062,0.234,0.416,0.09,0.163,0.149,0.314,0.19,0.178,0.374,0.178,0.213,0.032,0.082,0.098,0.631,0.178,0.264,0.039,0.093,0.116,0.552,0.283,0.156,0.035,0.075,0.443,0.27,0.288,0.044,0.265,0.169,0.918,0.163,0.288,0.431,0.05,0.059,0.288,0.163,0.041,0.163,0.416,0.264,0.337,0.049,0.08,0.046,0.337,0.163,0.27,0.223,0.199,0.357,0.27,0.337,0.288,0.059,0.08,0.163,0.046,0.394,0.093,0.18,0.371,0.146,0.312,0.082,0.092,0.337,0.918,0.059,0.252,0.144,0.416,0.035,0.076,0.163,0.162,0.041,0.167,0.093,0.146,0.116,0.258,0.079,0.235,0.089,0.075,0.046,0.023,0.337,0.199,0.116,0.167,0.116,0.04,0.178,0.178,0.292,0.337,0.049,0.288,0.288,0.116,0.178,0.116,0.082,0.11,0.199,0.199,0.199,0.066,0.131,0.283,0.226,0.344,0.918,0.093,0.044,0.296,0.139,0.295,0.058,0.288,0.149,0.131,0.322,0.178,0.288,0.088,0.204,0.337,0.116,0.199,0.304,0.73,0.631,0.299,0.346,0.283,0.918,0.163,0.312,0.337,0.312,0.252,0.069,0.193,0.047,0.27,0.146,0.357,0.357,0.234,0.06,0.067,0.288,0.05,0.139,0.288,0.055,0.111,0.146,0.337,0.288,0.27,0.288,0.27,0.21,0.312,0.918,0.233,0.264,0.066,0.278,0.119,0.192,0.288,0.371,0.093,0.374,0.06,0.181,0.264,0.163,0.14,0.098,0.163,0.043,0.163,0.227,0.178,0.062,0.093,0.11,0.066,0.288,0.212,0.249,0.199,0.394,0.075,0.337,0.163,0.116,0.918,0.09,0.337,0.119,0.06,0.265,0.371,0.177,0.163,0.093,0.085,1.0,0.163,0.226,0.211,0.312,0.27,0.062,0.082,0.156,0.035,0.459,0.192,0.112,0.049,0.256,0.093,0.266,0.104,0.085,0.252,0.032,0.075,0.049,0.062,0.043,0.041,0.163,0.093,0.221,0.163,0.274,0.119,0.204,0.112,0.085,0.304,0.337,0.193,0.283,0.24,0.14,0.288,0.918,0.282,0.337,0.918,0.127,0.237,0.337,0.255,0.337,0.119,0.045,0.337,0.163,0.136,0.631,0.153,0.09,0.056,0.193,0.119,0.149,0.067,0.09,0.416,0.116,0.146,0.233,0.337,0.283,0.288,1.0,0.198,0.216,0.061,0.093,0.149,0.061,0.194,0.288,0.266,0.202,0.278,0.093,0.044,0.288,0.252
0.154,0.383,0.213,0.21,0.371,0.107,0.186,0.407,0.232,0.13,0.141,0.302,0.167,0.132,0.184,0.205,0.199,0.11,0.241,0.202,0.269,0.163,0.121,0.182,0.167,0.183,0.158,0.153,0.24,0.316,0.231,0.115,0.228,0.237,0.196,0.217,0.234,0.18,0.17,0.16,0.202,0.427,0.264,0.169,0.299,0.269,0.168,0.469,0.252,0.098,0.161,0.246,0.192,0.304,0.26,0.096,0.169,0.16,0.156,0.155,0.123,0.09,0.126,0.224,0.183,0.219,0.111,0.326,0.216,0.322,0.497,0.182,0.21,0.204,0.137,0.175,0.432,0.116,0.47,0.233,0.137,0.168,0.194,0.14,0.156,0.178,0.255,0.152,0.146,0.236,0.149,0.222,0.225,0.221,0.142,0.164,0.383,0.187,0.178,0.196,0.156,0.296,0.197,0.225,0.148,0.162,0.18,0.189,0.15,0.181,0.179,0.256,0.136,0.16,0.27,0.153,0.111,0.16,0.168,0.203,0.192,0.187,0.246,0.146,0.245,0.165,0.187,0.102,0.21,0.165,0.166,0.215,0.222,0.119,0.469,0.319,0.153,0.177,0.147,0.281,0.281,0.22,0.257,0.213,0.149,0.27,0.245,0.157,0.315,0.136,0.178,0.417,0.292,0.234,0.128,0.217,0.141,0.259,0.152,0.205,0.136,0.274,0.233,0.163,0.341,0.151,0.281,0.163,0.2,0.194,0.23,0.139,0.22,0.133,0.198,0.19,0.188,0.155,0.152,0.427,0.258,0.204,0.245,0.221,0.157,0.322,0.2,0.224,0.189,0.222,0.224,0.231,0.13,0.116,0.174,0.105,0.14,0.295,0.118,0.158,0.244,0.205,0.244,0.193,0.207,0.184,0.197,0.144,0.218,0.271,0.159,0.128,0.183,0.831,0.407,0.184,0.235,0.242,0.305,0.114,0.135,0.274,0.243,0.308,0.198,1.0,0.118,0.383,0.142,0.317,0.172,0.206,0.126,0.132,0.257,0.199,0.193,0.302,0.241,0.237,0.274,0.249,0.259,0.133,0.327,0.22,0.396,0.119,0.357,0.242,0.153,0.459,0.185,0.172,0.139,0.383,0.167,0.172,0.253,0.16,0.134,0.142,0.129,0.089,0.306,0.311,0.21,0.194,0.227,0.174,0.17,0.219,0.169,0.175,0.1,0.146,0.113,0.14,0.155,0.139,0.406,0.2,0.165,1.0,0.155,0.166,0.281,0.21,0.17,0.31,0.256,0.179,0.229,0.276,0.218,0.259,0.174,0.205,0.208,0.218,0.202,0.257,0.219,0.172,0.29,0.4,0.096,0.334,0.213,0.322,0.212,0.237,0.166,0.195,0.134,0.362,0.211,0.111,0.181,0.211,0.211,0.243,0.205,0.257,0.373,0.23,0.198,1.0,0.251,0.143,0.173,0.181,0.147,0.091,0.271,0.284,0.186,0.195,0.172,0.105,0.275,0.302
0.171,0.315,0.133,0.207,0.299,0.162,0.199,0.229,0.2,0.13,0.18,0.164,0.171,0.166,0.25,0.228,0.203,0.11,0.314,0.244,0.168,0.175,0.119,0.222,0.153,0.174,0.171,0.191,0.21,0.214,0.225,0.128,0.157,0.442,0.138,0.179,0.291,1.0,0.272,0.185,0.227,0.228,0.218,0.315,0.193,0.216,0.261,0.403,0.249,0.088,0.196,0.184,0.262,0.311,0.292,0.116,0.182,0.188,0.19,0.206,0.129,0.14,0.135,0.42,0.251,0.205,0.093,0.202,0.215,0.266,0.287,0.222,0.382,0.18,0.13,0.269,0.257,0.207,0.226,0.245,0.149,0.21,0.165,0.213,0.123,0.266,0.254,0.256,0.194,0.221,0.176,0.226,0.269,0.27,0.163,0.274,0.315,0.169,0.353,0.213,0.184,0.286,0.368,0.284,0.229,0.194,0.296,0.234,0.15,0.211,0.233,0.277,0.113,0.176,0.233,0.2,0.14,0.121,0.185,0.238,0.212,0.189,0.221,0.225,0.172,0.167,0.169,0.09,0.28,0.199,0.185,0.146,0.238,0.109,0.403,0.258,0.19,0.299,0.142,0.367,0.367,0.393,0.374,0.199,0.166,0.185,0.228,0.221,0.27,0.16,0.201,0.324,0.259,0.293,0.186,0.181,0.113,0.219,0.215,0.188,0.188,0.304,0.423,0.149,0.26,0.243,0.367,0.166,0.201,0.198,0.262,0.213,0.238,0.153,0.24,0.189,0.242,0.206,0.148,0.25,0.261,0.231,0.377,0.329,0.178,0.21,0.2,0.214,0.14,0.228,0.239,0.194,0.136,0.126,0.216,0.197,0.188,0.315,0.205,0.248,0.215,0.28,0.308,0.252,0.16,0.184,0.5,0.246,0.247,0.274,0.221,0.117,0.247,0.3,0.283,0.31,0.183,0.229,0.397,0.161,0.57,0.233,0.252,0.188,0.232,0.36,0.291,0.315,0.234,0.294,0.144,0.235,0.147,0.222,0.281,0.159,0.146,0.187,0.385,0.194,0.422,0.236,0.306,0.172,0.176,0.338,0.222,0.125,0.3,0.239,0.122,0.256,0.18,0.183,0.151,0.315,0.188,0.275,0.247,0.179,0.138,0.152,0.144,0.141,0.237,0.267,0.392,0.165,0.217,0.189,0.23,0.285,0.224,0.236,0.21,0.156,0.119,0.412,0.146,0.153,0.225,0.167,0.184,0.36,0.198,0.226,0.211,0.375,0.181,0.203,0.331,0.262,0.284,0.179,0.134,0.197,0.191,0.247,0.229,0.221,0.208,0.321,0.225,0.181,0.266,0.208,0.091,0.249,0.189,0.211,0.206,0.222,0.205,0.177,0.137,0.223,0.347,0.103,0.182,0.228,0.228,0.253,0.243,0.385,0.297,0.217,0.216,0.251,1.0,0.252,0.194,0.381,0.161,0.134,0.226,0.308,0.197,0.318,0.167,0.162,0.207,0.288
0.199,0.269,0.308,0.197,0.108,0.158,0.092,0.245,0.181,0.209,0.072,0.369,0.201,0.102,0.314,0.092,0.193,0.208,0.169,0.248,0.105,0.277,0.18,0.218,0.351,0.272,0.296,0.315,0.392,0.191,0.214,0.223,0.174,0.316,0.149,0.352,0.298,0.78,0.362,0.276,0.232,0.211,0.412,0.069,0.24,0.412,0.277,0.188,0.128,0.583,0.294,0.229,0.172,0.186,0.344,0.368,0.273,0.253,0.162,0.079,0.421,0.246,0.402,0.092,0.228,0.356,0.326,0.208,0.161,0.146,0.142,0.218,0.305,0.264,0.352,0.305,0.156,0.317,0.272,0.082,0.211,0.163,0.198,0.515,0.246,0.113,0.236,0.23,0.276,0.304,0.133,0.196,0.374,0.182,0.527,0.322,0.269,0.16,0.257,0.269,0.338,0.104,0.227,0.098,0.38,0.199,0.073,0.325,0.549,0.234,0.193,0.112,0.527,0.32,0.174,0.366,0.264,0.12,0.396,0.386,0.397,0.398,0.271,0.35,0.491,0.352,0.16,0.13,0.221,0.369,0.446,0.36,0.329,0.318,0.188,0.262,0.241,0.073,0.16,0.123,0.123,0.473,0.173,0.373,0.135,0.287,0.091,0.211,0.194,0.272,0.338,0.129,0.18,0.29,0.2,0.463,0.373,0.185,0.373,0.316,0.138,0.171,0.124,0.388,0.07,0.087,0.123,0.32,0.275,0.274,0.338,0.06,0.058,0.082,0.066,0.325,0.22,0.079,0.379,0.253,0.343,0.221,0.091,0.094,0.234,0.375,0.253,0.193,0.338,0.108,0.116,0.328,0.214,0.218,0.192,0.139,0.147,0.144,0.077,0.208,0.273,0.19,0.116,0.282,0.361,0.32,0.565,0.14,0.102,0.19,0.445,0.385,0.063,0.138,0.291,0.194,0.222,0.181,0.176,0.301,0.275,0.35,0.175,0.132,0.245,0.175,0.097,0.269,0.057,0.173,0.346,0.363,0.239,0.165,0.233,0.32,0.35,0.191,0.218,0.298,0.097,0.332,0.714,0.047,0.122,0.255,0.175,0.115,0.212,0.105,0.345,0.3,0.419,0.202,0.126,0.269,0.261,0.339,0.268,0.349,0.134,0.281,0.194,0.192,0.253,0.175,0.388,0.198,0.082,0.461,0.185,0.116,0.196,0.109,0.066,0.412,0.34,0.264,0.394,0.417,0.209,0.25,0.411,0.175,0.102,0.226,0.142,0.213,0.437,0.249,0.267,0.257,0.207,0.054,0.352,0.34,0.375,0.203,0.324,0.063,0.267,0.104,0.394,0.314,0.29,0.157,0.242,0.165,0.243,0.222,0.292,0.108,0.156,0.18,0.172,0.341,0.242,0.178,0.106,0.091,0.309,0.298,0.354,0.142,0.184,0.234,0.061,0.143,0.252,1.0,0.369,0.099,0.227,0.125,0.311,0.237,0.359,0.111,0.444,0.074,0.339,0.299
0.231,0.209,0.317,0.183,0.149,0.175,0.141,0.278,0.184,0.212,0.103,0.322,0.18,0.168,0.287,0.13,0.262,0.318,0.181,0.296,0.176,0.166,0.173,0.317,0.219,0.182,0.245,0.381,0.411,0.173,0.241,0.252,0.183,0.345,0.286,0.288,0.383,0.262,0.255,0.251,0.442,0.223,0.389,0.1,0.302,0.247,0.359,0.266,0.148,0.465,0.298,0.32,0.114,0.26,0.33,0.332,0.504,0.238,0.259,0.104,0.436,0.298,0.34,0.132,0.177,0.367,0.187,0.249,0.214,0.158,0.184,0.317,0.334,0.289,0.363,0.261,0.176,0.196,0.307,0.115,0.084,0.198,0.233,0.244,0.267,0.174,0.279,0.245,0.289,0.22,0.193,0.208,0.277,0.171,0.299,0.297,0.209,0.226,0.167,0.329,0.203,0.141,0.188,0.143,0.282,0.185,0.116,0.315,0.296,0.289,0.196,0.15,0.313,0.279,0.188,0.321,0.247,0.123,0.382,0.264,0.449,0.28,0.213,0.286,0.403,0.485,0.226,0.073,0.241,0.445,0.454,0.322,0.555,0.16,0.266,0.338,0.274,0.116,0.285,0.171,0.171,0.425,0.155,0.362,0.133,0.302,0.137,0.28,0.207,0.391,0.178,0.178,0.229,0.248,0.196,0.471,0.427,0.212,0.323,0.423,0.196,0.193,0.146,0.28,0.106,0.111,0.171,0.348,0.277,0.28,0.244,0.079,0.099,0.123,0.102,0.171,0.245,0.104,0.343,0.517,0.237,0.216,0.137,0.134,0.119,0.336,0.173,0.207,0.285,0.159,0.161,0.226,0.298,0.158,0.272,0.105,0.163,0.181,0.105,0.24,0.322,0.198,0.161,0.287,0.327,0.275,0.309,0.173,0.135,0.246,0.234,0.242,0.101,0.197,0.386,0.312,0.22,0.275,0.23,0.097,0.169,0.525,0.178,0.158,0.253,0.243,0.143,0.209,0.098,0.223,0.373,0.225,0.22,0.18,0.282,0.297,0.293,0.158,0.256,0.484,0.148,0.395,0.915,0.076,0.153,0.39,0.245,0.166,0.176,0.158,0.284,0.363,0.33,0.232,0.165,0.209,0.187,0.267,0.196,0.434,0.196,0.345,0.361,0.218,0.293,0.194,0.317,0.233,0.111,0.385,0.144,0.164,0.187,0.165,0.098,0.225,0.218,0.179,0.484,0.267,0.235,0.319,0.332,0.243,0.137,0.204,0.17,0.268,0.383,0.315,0.233,0.223,0.254,0.078,0.314,0.338,0.268,0.284,0.532,0.093,0.294,0.15,0.359,0.258,0.22,0.16,0.328,0.23,0.272,0.373,0.223,0.135,0.123,0.248,0.18,0.475,0.194,0.108,0.147,0.127,0.385,0.435,0.39,0.141,0.26,0.208,0.093,0.173,0.194,0.369,1.0,0.141,0.292,0.167,0.241,0.225,0.316,0.172,0.38,0.105,0.287,0.431
0.102,0.214,0.093,0.172,0.159,0.069,0.149,0.13,0.121,0.08,0.12,0.103,0.105,0.11,0.124,0.174,0.125,0.083,0.118,0.173,0.176,0.111,0.073,0.133,0.089,0.111,0.101,0.104,0.135,0.132,0.124,0.09,0.099,0.303,0.1,0.109,0.151,0.116,0.109,0.124,0.151,0.273,0.15,0.203,0.124,0.137,0.154,0.271,0.149,0.059,0.131,0.178,0.143,0.186,0.151,0.069,0.13,0.111,0.121,0.134,0.09,0.057,0.083,0.299,0.19,0.114,0.069,0.14,0.121,0.178,0.176,0.133,0.185,0.1,0.091,0.283,0.157,0.131,0.137,0.178,0.161,0.126,0.103,0.083,0.083,0.141,0.232,0.121,0.12,0.118,0.141,0.115,0.147,0.16,0.096,0.102,0.214,0.109,0.132,0.124,0.103,0.228,0.137,0.184,0.115,0.109,0.182,0.163,0.129,0.133,0.188,0.2,0.078,0.103,0.135,0.111,0.073,0.107,0.123,0.117,0.144,0.13,0.148,0.131,0.101,0.117,0.109,0.055,0.156,0.136,0.124,0.094,0.178,0.067,0.271,0.158,0.123,0.162,0.094,0.174,0.174,0.291,0.305,0.157,0.091,0.131,0.139,0.108,0.153,0.121,0.145,0.16,0.162,0.22,0.152,0.124,0.083,0.133,0.144,0.135,0.092,0.181,0.333,0.13,0.32,0.164,0.174,0.1,0.131,0.141,0.163,0.106,0.228,0.134,0.15,0.103,0.152,0.134,0.114,0.153,0.15,0.145,0.17,0.148,0.097,0.124,0.085,0.106,0.086,0.161,0.166,0.106,0.085,0.065,0.128,0.21,0.315,0.207,0.188,0.2,0.14,0.206,0.175,0.115,0.097,0.096,0.149,0.177,0.178,0.127,0.103,0.075,0.212,0.201,0.181,0.232,0.139,0.132,0.421,0.096,0.113,0.158,0.128,0.114,0.14,0.247,0.232,0.214,0.14,0.218,0.104,0.103,0.101,0.093,0.169,0.095,0.087,0.121,0.297,0.137,0.177,0.132,0.204,0.148,0.121,0.182,0.138,0.082,0.17,0.209,0.072,0.158,0.128,0.111,0.117,0.214,0.11,0.24,0.139,0.126,0.091,0.109,0.093,0.057,0.14,0.168,0.285,0.103,0.188,0.135,0.101,0.387,0.116,0.143,0.151,0.099,0.073,0.088,0.097,0.091,0.138,0.098,0.102,0.247,0.133,0.097,0.164,0.283,0.115,0.136,0.206,0.162,0.156,0.265,0.087,0.117,0.14,0.136,0.128,0.166,0.123,0.152,0.129,0.112,0.146,0.132,0.057,0.143,0.13,0.124,0.111,0.141,0.121,0.117,0.087,0.146,0.265,0.099,0.122,0.191,0.162,0.171,0.145,0.224,0.188,0.127,0.149,0.181,0.381,0.099,0.141,1.0,0.102,0.074,0.123,0.193,0.114,0.272,0.115,0.164,0.131,0.18
0.202,0.38,0.212,0.245,0.122,0.208,0.1,0.118,0.312,0.168,0.079,0.18,0.259,0.105,0.467,0.096,0.253,0.156,0.143,0.259,0.112,0.256,0.242,0.112,0.264,0.253,0.404,0.189,0.262,0.142,0.23,0.237,0.159,0.343,0.226,0.309,0.327,0.2,0.373,0.239,0.258,0.22,0.435,0.074,0.093,0.275,0.283,0.244,0.104,0.082,0.273,0.153,0.135,0.281,0.131,0.18,0.306,0.302,0.184,0.085,0.208,0.145,0.236,0.104,0.174,0.199,0.158,0.106,0.15,0.152,0.159,0.112,0.285,0.222,0.191,0.22,0.157,0.207,0.236,0.088,0.108,0.124,0.444,0.27,0.236,0.097,0.215,0.249,0.227,0.264,0.065,0.211,0.256,0.117,0.205,0.18,0.38,0.308,0.29,0.346,0.264,0.116,0.153,0.098,0.303,0.323,0.084,0.218,0.245,0.186,0.254,0.126,0.362,0.208,0.211,0.373,0.158,0.103,0.36,0.371,0.354,0.229,0.114,0.363,0.176,0.403,0.308,0.082,0.288,0.261,0.424,0.189,0.354,0.217,0.244,0.161,0.085,0.084,0.209,0.143,0.143,0.345,0.174,0.386,0.311,0.222,0.102,0.109,0.2,0.396,0.194,0.104,0.177,0.163,0.159,0.336,0.192,0.183,0.28,0.294,0.233,0.195,0.136,0.19,0.073,0.093,0.143,0.234,0.285,0.116,0.269,0.069,0.066,0.058,0.074,0.303,0.112,0.085,0.155,0.152,0.196,0.217,0.102,0.104,0.144,0.269,0.13,0.198,0.215,0.112,0.198,0.277,0.127,0.213,0.104,0.13,0.155,0.163,0.068,0.204,0.312,0.174,0.132,0.302,0.222,0.247,0.063,0.166,0.095,0.078,0.071,0.228,0.071,0.168,0.23,0.105,0.241,0.172,0.158,0.128,0.119,0.35,0.294,0.107,0.309,0.221,0.068,0.38,0.066,0.252,0.184,0.281,0.211,0.179,0.194,0.299,0.229,0.124,0.185,0.259,0.112,0.19,0.795,0.052,0.104,0.305,0.129,0.176,0.152,0.201,0.16,0.153,0.286,0.283,0.061,0.38,0.224,0.19,0.239,0.145,0.315,0.375,0.078,0.146,0.255,0.216,0.276,0.444,0.083,0.342,0.147,0.172,0.273,0.086,0.065,0.281,0.236,0.124,0.404,0.201,0.148,0.139,0.333,0.221,0.076,0.397,0.125,0.183,0.367,0.261,0.359,0.184,0.247,0.052,0.157,0.207,0.24,0.146,0.38,0.063,0.332,0.118,0.355,0.228,0.151,0.126,0.065,0.098,0.165,0.196,0.251,0.116,0.125,0.321,0.158,0.222,0.176,0.149,0.099,0.095,0.32,0.324,0.276,0.12,0.209,0.095,0.061,0.147,0.161,0.227,0.292,0.102,1.0,0.066,0.231,0.228,0.464,0.119,0.362,0.066,0.298,0.323
0.193,0.199,0.124,0.075,0.121,0.133,0.133,0.195,0.108,0.101,0.096,0.37,0.052,0.087,0.068,0.118,0.197,0.057,0.126,0.096,0.092,0.054,0.069,0.178,0.1,0.083,0.082,0.207,0.142,0.204,0.152,0.055,0.119,0.106,0.084,0.086,0.244,0.103,0.094,0.12,0.196,0.098,0.138,0.082,0.267,0.09,0.141,0.14,0.329,0.221,0.078,0.273,0.124,0.112,0.411,0.148,0.097,0.076,0.125,0.103,0.246,0.182,0.151,0.138,0.14,0.174,0.049,0.316,0.113,0.166,0.106,0.178,0.127,0.112,0.193,0.261,0.374,0.082,0.153,0.122,0.07,0.201,0.088,0.085,0.099,0.2,0.154,0.107,0.141,0.13,0.163,0.115,0.252,0.077,0.137,0.152,0.199,0.043,0.083,0.083,0.079,0.12,0.109,0.129,0.076,0.07,0.128,0.204,0.087,0.211,0.11,0.119,0.057,0.069,0.167,0.112,0.102,0.083,0.119,0.086,0.107,0.202,0.299,0.084,0.194,0.109,0.043,0.161,0.102,0.373,0.139,0.389,0.188,0.082,0.14,0.236,0.403,0.128,0.103,0.167,0.167,0.107,0.079,0.147,0.058,0.236,0.1,0.179,0.117,0.089,0.124,0.158,0.157,0.213,0.132,0.2,0.16,0.105,0.205,0.229,0.086,0.183,0.086,0.148,0.116,0.082,0.167,0.179,0.117,0.255,0.146,0.09,0.102,0.187,0.182,0.103,0.158,0.103,0.206,0.177,0.104,0.182,0.161,0.156,0.093,0.182,0.11,0.114,0.17,0.116,0.105,0.275,0.176,0.122,0.32,0.045,0.296,0.12,0.085,0.077,0.124,0.12,0.134,0.123,0.174,0.178,0.259,0.09,0.125,0.184,0.783,0.088,0.113,0.098,0.124,0.142,0.106,0.129,0.216,0.108,0.106,0.367,0.14,0.377,0.111,0.131,0.101,0.199,0.099,0.105,0.196,0.059,0.061,0.082,0.119,0.142,0.208,0.082,0.308,0.239,0.171,0.284,0.17,0.163,0.232,0.161,0.179,0.11,0.13,0.095,0.21,0.213,0.087,0.058,0.217,0.199,0.069,0.137,0.167,0.209,0.062,0.115,0.377,0.126,0.135,0.116,0.084,0.088,0.109,0.088,0.085,0.06,0.074,0.189,0.056,0.063,0.075,0.153,0.08,0.055,0.196,0.168,0.083,0.131,0.191,0.074,0.219,0.129,0.078,0.14,0.132,0.209,0.123,0.091,0.264,0.137,0.144,0.23,0.124,0.216,0.078,0.136,0.116,0.114,0.198,0.139,0.229,0.197,0.238,0.147,0.158,0.087,0.09,0.051,0.397,0.232,0.069,0.057,0.184,0.118,0.103,0.209,0.267,0.109,0.122,0.473,0.194,0.091,0.134,0.125,0.167,0.074,0.066,1.0,0.177,0.155,0.109,0.102,0.085,0.088,0.162,0.135
0.493,0.38,0.268,0.163,0.175,0.208,0.146,0.251,0.224,0.159,0.171,0.36,0.134,0.173,0.316,0.171,0.213,0.123,0.19,0.247,0.219,0.184,0.103,0.244,0.371,0.23,0.352,0.292,0.425,0.422,0.421,0.153,0.243,0.312,0.151,0.496,0.75,0.78,0.381,0.256,0.221,0.249,0.379,0.142,0.246,0.247,0.239,0.428,0.245,0.633,0.211,0.248,0.218,0.181,0.332,0.264,0.228,0.291,0.237,0.131,0.256,0.17,0.349,0.187,0.339,0.372,0.119,0.275,0.206,0.2,0.207,0.244,0.275,0.295,0.243,0.381,0.22,0.217,0.416,0.411,0.094,0.24,0.291,0.377,0.211,0.204,0.195,0.204,0.334,0.34,0.186,0.277,0.455,0.272,0.283,0.235,0.38,0.272,0.166,0.235,0.266,0.202,0.188,0.177,0.271,0.136,0.14,0.337,0.217,0.261,0.172,0.193,0.384,0.21,0.174,0.276,0.21,0.138,0.348,0.399,0.29,0.331,0.459,0.29,0.265,0.309,0.272,0.213,0.304,0.251,0.348,0.329,0.269,0.163,0.428,0.243,0.249,0.136,0.173,1.0,0.63,0.299,0.212,0.375,0.145,0.32,0.248,0.202,0.249,0.178,0.239,0.273,0.315,0.433,0.199,0.328,0.226,0.228,0.271,0.29,0.157,0.218,0.152,0.287,0.344,0.133,1.0,0.286,0.372,0.352,0.342,0.106,0.113,0.133,0.152,0.314,0.357,0.131,0.28,0.221,0.307,0.369,0.484,0.518,0.182,0.472,0.146,0.298,0.432,0.238,0.191,0.487,0.189,0.206,0.264,0.111,0.176,0.224,0.096,0.218,0.243,0.299,0.192,0.336,0.449,0.469,0.436,0.216,0.189,0.178,1.0,0.231,0.119,0.837,0.269,0.199,0.368,0.192,0.274,0.172,0.176,0.339,0.198,0.172,0.22,0.717,0.133,0.38,0.103,0.187,0.215,0.326,0.167,0.177,0.235,0.473,0.439,0.26,0.299,0.257,0.531,0.217,1.0,0.104,0.258,0.278,0.215,0.098,0.258,0.144,0.324,0.246,0.294,0.132,0.156,0.38,0.297,0.267,0.327,0.215,0.1,0.26,0.178,0.149,0.45,0.259,0.247,0.291,0.156,0.299,0.201,0.159,0.173,0.176,0.092,0.261,0.182,0.188,0.594,0.218,0.259,0.23,0.48,0.717,0.19,0.222,0.24,0.232,0.274,0.346,0.418,0.32,0.226,0.257,0.355,0.448,0.308,0.286,0.289,0.3,0.252,1.0,0.41,0.362,0.398,0.318,0.126,0.223,0.233,0.233,0.39,0.186,0.135,0.29,0.176,0.306,0.208,0.143,0.148,0.175,0.273,0.297,0.305,0.249,0.297,0.302,0.288,0.271,0.226,0.311,0.241,0.123,0.231,0.177,1.0,0.461,0.425,0.171,0.271,0.098,0.525,0.388
0.423,0.296,0.289,0.181,0.184,0.17,0.173,0.22,0.207,0.123,0.14,0.31,0.135,0.159,0.305,0.182,0.227,0.129,0.189,0.268,0.273,0.177,0.089,0.23,0.312,0.212,0.305,0.252,0.418,0.369,0.355,0.144,0.24,0.364,0.139,0.493,0.455,0.306,0.334,0.276,0.22,0.312,0.433,0.238,0.204,0.261,0.334,0.349,0.286,0.291,0.202,0.221,0.299,0.192,0.262,0.285,0.235,0.283,0.296,0.156,0.262,0.126,0.27,0.32,0.316,0.404,0.108,0.302,0.208,0.198,0.194,0.23,0.37,0.375,0.205,0.357,0.189,0.234,0.331,0.353,0.107,0.232,0.279,0.31,0.194,0.269,0.194,0.228,0.365,0.305,0.186,0.283,0.439,0.278,0.246,0.206,0.296,0.272,0.173,0.258,0.24,0.245,0.194,0.221,0.273,0.13,0.197,0.328,0.223,0.305,0.202,0.218,0.384,0.254,0.168,0.295,0.196,0.123,0.372,0.352,0.31,0.303,0.295,0.302,0.248,0.394,0.272,0.088,0.33,0.231,0.297,0.321,0.255,0.124,0.349,0.22,0.238,0.194,0.17,0.82,0.514,0.365,0.25,0.424,0.132,0.297,0.228,0.233,0.237,0.192,0.208,0.28,0.327,0.371,0.227,0.296,0.29,0.203,0.279,0.29,0.152,0.218,0.214,0.231,0.33,0.168,0.82,0.25,0.361,0.317,0.361,0.133,0.145,0.148,0.198,0.272,0.301,0.156,0.241,0.202,0.396,0.366,0.498,0.574,0.161,0.431,0.155,0.332,0.29,0.275,0.215,0.405,0.152,0.161,0.219,0.143,0.172,0.227,0.115,0.286,0.245,0.365,0.207,0.311,0.437,0.359,0.241,0.297,0.23,0.145,0.269,0.203,0.184,0.251,0.274,0.244,0.363,0.186,0.38,0.131,0.174,0.385,0.192,0.153,0.206,0.321,0.166,0.296,0.161,0.196,0.188,0.303,0.158,0.163,0.235,0.34,0.291,0.352,0.34,0.252,0.55,0.181,1.0,0.125,0.352,0.335,0.175,0.089,0.235,0.161,0.246,0.204,0.327,0.135,0.147,0.296,0.303,0.343,0.355,0.201,0.098,0.257,0.164,0.113,0.511,0.254,0.306,0.279,0.19,0.318,0.217,0.19,0.188,0.203,0.118,0.244,0.156,0.147,0.594,0.246,0.221,0.2,0.429,0.321,0.205,0.216,0.247,0.285,0.312,0.337,0.436,0.329,0.287,0.207,0.241,0.458,0.33,0.319,0.311,0.281,0.359,0.705,0.396,0.387,0.441,0.237,0.089,0.245,0.202,0.194,0.312,0.22,0.126,0.29,0.165,0.241,0.256,0.118,0.147,0.194,0.261,0.291,0.276,0.363,0.328,0.276,0.266,0.284,0.308,0.237,0.225,0.193,0.228,0.155,0.461,1.0,0.402,0.238,0.27,0.116,0.488,0.424
0.397,0.209,0.273,0.218,0.121,0.366,0.143,0.15,0.255,0.211,0.094,0.262,0.205,0.15,0.478,0.131,0.29,0.211,0.19,0.307,0.16,0.263,0.114,0.134,0.389,0.308,0.551,0.258,0.4,0.252,0.409,0.263,0.325,0.442,0.181,0.536,0.649,0.306,0.444,0.314,0.299,0.23,0.546,0.102,0.208,0.313,0.336,0.28,0.119,0.263,0.317,0.2,0.208,0.203,0.246,0.384,0.344,0.389,0.289,0.099,0.28,0.248,0.377,0.129,0.325,0.31,0.17,0.155,0.233,0.168,0.146,0.134,0.339,0.362,0.264,0.306,0.14,0.307,0.328,0.238,0.08,0.146,0.489,0.432,0.275,0.131,0.179,0.332,0.333,0.281,0.105,0.401,0.441,0.225,0.343,0.274,0.209,0.272,0.241,0.376,0.293,0.137,0.192,0.159,0.458,0.186,0.094,0.372,0.343,0.185,0.215,0.143,0.384,0.336,0.129,0.429,0.275,0.165,0.529,0.523,0.416,0.393,0.308,0.398,0.265,0.46,0.272,0.065,0.356,0.312,0.485,0.258,0.356,0.204,0.28,0.211,0.126,0.092,0.271,0.191,0.191,0.425,0.18,0.521,0.215,0.306,0.183,0.19,0.248,0.35,0.257,0.167,0.249,0.315,0.223,0.375,0.253,0.294,0.354,0.381,0.257,0.131,0.132,0.278,0.228,0.117,0.191,0.324,0.356,0.256,0.36,0.078,0.1,0.109,0.084,0.331,0.299,0.099,0.254,0.164,0.323,0.298,0.183,0.176,0.23,0.502,0.107,0.384,0.342,0.176,0.218,0.41,0.162,0.214,0.13,0.119,0.137,0.16,0.082,0.273,0.33,0.247,0.13,0.434,0.354,0.399,0.316,0.203,0.196,0.129,0.291,0.292,0.09,0.217,0.284,0.129,0.318,0.264,0.257,0.169,0.173,0.385,0.246,0.113,0.278,0.259,0.125,0.209,0.074,0.204,0.251,0.449,0.275,0.218,0.241,0.442,0.37,0.282,0.305,0.293,0.194,0.154,1.0,0.082,0.18,0.341,0.128,0.115,0.181,0.151,0.27,0.172,0.471,0.206,0.099,0.209,0.351,0.299,0.315,0.239,0.134,0.401,0.18,0.233,0.409,0.244,0.34,0.489,0.123,0.489,0.225,0.13,0.244,0.143,0.1,0.371,0.266,0.167,0.703,0.354,0.208,0.291,0.574,0.259,0.109,0.344,0.172,0.28,0.471,0.347,0.583,0.266,0.249,0.194,0.258,0.337,0.427,0.203,0.406,0.223,0.381,0.172,0.477,0.426,0.338,0.182,0.088,0.14,0.166,0.263,0.385,0.13,0.139,0.302,0.167,0.313,0.244,0.15,0.142,0.134,0.379,0.375,0.387,0.202,0.293,0.176,0.202,0.186,0.197,0.359,0.316,0.114,0.464,0.109,0.425,0.402,1.0,0.171,0.389,0.082,0.475,0.366
0.197,0.229,0.137,0.217,0.184,0.118,0.179,0.137,0.15,0.103,0.248,0.122,0.096,0.42,0.149,0.271,0.178,0.107,0.155,0.233,0.21,0.098,0.078,0.164,0.146,0.126,0.132,0.137,0.193,0.156,0.211,0.096,0.146,0.331,0.116,0.157,0.327,0.221,0.161,0.217,0.178,0.195,0.18,0.31,0.116,0.163,0.206,0.254,0.177,0.047,0.137,0.129,0.195,0.202,0.141,0.086,0.176,0.14,0.187,0.219,0.126,0.078,0.104,0.455,0.16,0.221,0.076,0.154,0.266,0.246,0.188,0.164,0.268,0.135,0.105,0.232,0.172,0.136,0.154,0.323,0.237,0.152,0.194,0.116,0.122,0.216,0.202,0.186,0.204,0.141,0.184,0.259,0.228,0.169,0.095,0.142,0.229,0.076,0.169,0.166,0.116,0.326,0.175,0.284,0.14,0.103,0.248,0.172,0.125,0.151,0.157,0.304,0.129,0.137,0.172,0.164,0.1,0.167,0.191,0.193,0.19,0.149,0.118,0.231,0.146,0.174,0.076,0.04,0.233,0.181,0.169,0.106,0.211,0.074,0.254,0.168,0.152,0.227,0.143,0.292,0.292,0.258,0.22,0.188,0.094,0.132,0.201,0.144,0.274,0.163,0.108,0.178,0.18,0.19,0.212,0.144,0.111,0.214,0.2,0.204,0.154,0.241,0.293,0.095,0.602,0.152,0.292,0.129,0.201,0.184,0.16,0.125,0.359,0.164,0.188,0.121,0.224,0.219,0.151,0.169,0.184,0.234,0.315,0.258,0.094,0.173,0.07,0.252,0.108,0.252,0.232,0.144,0.343,0.099,0.16,0.12,0.144,0.277,0.129,0.234,0.185,0.226,0.264,0.233,0.129,0.132,0.218,0.215,0.227,0.141,0.138,0.107,0.468,0.174,0.214,0.317,0.208,0.296,0.243,0.078,0.183,0.214,0.173,0.116,0.188,0.228,0.2,0.229,0.169,0.259,0.123,0.115,0.116,0.204,0.248,0.128,0.129,0.169,0.288,0.156,0.339,0.165,0.34,0.209,0.14,0.281,0.137,0.074,0.23,0.281,0.081,0.165,0.159,0.105,0.16,0.229,0.175,0.256,0.194,0.168,0.084,0.156,0.104,0.078,0.215,0.193,0.225,0.194,0.27,0.159,0.231,0.182,0.126,0.169,0.129,0.11,0.087,0.122,0.175,0.109,0.168,0.151,0.157,0.228,0.179,0.136,0.211,0.245,0.152,0.243,0.225,0.173,0.202,0.433,0.086,0.173,0.199,0.206,0.2,0.307,0.146,0.245,0.201,0.275,0.191,0.135,0.057,0.172,0.138,0.141,0.193,0.19,0.11,0.087,0.112,0.158,0.245,0.076,0.119,0.311,0.176,0.211,0.204,0.264,0.342,0.155,0.278,0.195,0.318,0.111,0.172,0.272,0.119,0.102,0.171,0.238,0.171,1.0,0.15,0.147,0.179,0.255
0.231,0.334,0.297,0.215,0.127,0.125,0.113,0.124,0.207,0.152,0.088,0.226,0.23,0.133,0.36,0.107,0.217,0.265,0.212,0.423,0.14,0.26,0.465,0.113,0.409,0.259,0.339,0.259,0.348,0.154,0.199,0.295,0.151,0.381,0.263,0.382,0.383,0.262,0.306,0.38,0.345,0.266,0.486,0.086,0.11,0.332,0.38,0.266,0.108,0.077,0.348,0.188,0.143,0.245,0.163,0.198,0.444,0.293,0.284,0.091,0.305,0.094,0.238,0.113,0.163,0.275,0.386,0.111,0.196,0.16,0.163,0.113,0.376,0.295,0.28,0.274,0.156,0.349,0.259,0.115,0.231,0.154,0.233,0.508,0.295,0.112,0.275,0.246,0.281,0.294,0.068,0.204,0.349,0.229,0.398,0.258,0.334,0.226,0.181,0.338,0.412,0.124,0.166,0.125,0.363,0.287,0.09,0.195,0.396,0.187,0.23,0.136,0.374,0.309,0.219,0.389,0.316,0.199,0.445,0.363,0.508,0.321,0.146,0.355,0.232,0.425,0.226,0.076,0.283,0.376,0.403,0.232,0.45,0.368,0.266,0.165,0.088,0.09,0.256,0.171,0.171,0.517,0.164,0.393,0.216,0.262,0.137,0.113,0.223,0.38,0.327,0.116,0.172,0.236,0.228,0.458,0.276,0.195,0.32,0.445,0.154,0.214,0.139,0.206,0.106,0.107,0.171,0.28,0.363,0.14,0.349,0.072,0.075,0.061,0.08,0.275,0.124,0.091,0.208,0.153,0.403,0.26,0.137,0.134,0.163,0.353,0.196,0.198,0.201,0.142,0.141,0.247,0.137,0.324,0.104,0.166,0.161,0.173,0.082,0.299,0.367,0.237,0.139,0.29,0.24,0.279,0.094,0.208,0.127,0.084,0.099,0.449,0.079,0.197,0.376,0.108,0.342,0.216,0.201,0.2,0.142,0.441,0.207,0.108,0.275,0.243,0.079,0.334,0.072,0.232,0.242,0.363,0.268,0.145,0.308,0.301,0.194,0.144,0.249,0.333,0.148,0.205,0.915,0.057,0.127,0.399,0.136,0.151,0.239,0.195,0.18,0.156,0.45,0.239,0.069,0.334,0.283,0.315,0.234,0.241,0.275,0.317,0.102,0.094,0.319,0.187,0.451,0.233,0.094,0.5,0.215,0.16,0.209,0.091,0.086,0.39,0.403,0.145,0.484,0.509,0.163,0.189,0.534,0.243,0.082,0.266,0.158,0.269,0.468,0.305,0.31,0.152,0.29,0.078,0.182,0.255,0.394,0.181,0.328,0.093,0.343,0.15,0.406,0.283,0.246,0.153,0.068,0.106,0.184,0.142,0.279,0.128,0.137,0.248,0.14,0.33,0.317,0.277,0.11,0.108,0.428,0.408,0.351,0.137,0.245,0.111,0.093,0.172,0.167,0.444,0.38,0.115,0.362,0.085,0.271,0.27,0.389,0.15,1.0,0.081,0.363,0.432
0.07,0.261,0.083,0.054,0.091,0.069,0.081,0.125,0.168,0.071,0.079,0.1,0.062,0.061,0.082,0.068,0.116,0.046,0.079,0.173,0.09,0.093,0.079,0.1,0.086,0.094,0.093,0.152,0.099,0.148,0.121,0.056,0.064,0.156,0.108,0.09,0.119,0.077,0.147,0.118,0.088,0.123,0.096,0.131,0.1,0.147,0.096,0.169,0.086,0.126,0.079,0.123,0.081,0.13,0.115,0.076,0.088,0.141,0.097,0.065,0.077,0.077,0.101,0.167,0.105,0.106,0.052,0.095,0.089,0.216,0.122,0.1,0.118,0.065,0.093,0.123,0.146,0.098,0.11,0.065,0.046,0.125,0.069,0.071,0.071,0.082,0.179,0.057,0.141,0.101,0.07,0.077,0.114,0.296,0.076,0.09,0.261,0.052,0.061,0.074,0.082,0.085,0.084,0.06,0.077,0.08,0.089,0.122,0.172,0.112,0.16,0.093,0.047,0.062,0.213,0.087,0.078,0.062,0.095,0.093,0.102,0.128,0.079,0.102,0.106,0.124,0.052,0.125,0.118,0.095,0.094,0.087,0.171,0.063,0.169,0.138,0.098,0.061,0.061,0.098,0.098,0.145,0.158,0.111,0.067,0.087,0.068,0.085,0.107,0.074,0.167,0.085,0.107,0.115,0.111,0.089,0.073,0.09,0.101,0.086,0.072,0.183,0.186,0.117,0.051,0.383,0.098,0.154,0.14,0.12,0.15,0.048,0.048,0.058,0.066,0.08,0.111,0.065,0.106,0.129,0.071,0.108,0.068,0.074,0.089,0.111,0.064,0.073,0.114,0.07,0.073,0.093,0.101,0.086,0.108,0.292,0.143,0.136,0.706,0.199,0.186,0.154,0.099,0.101,0.113,0.097,0.095,0.192,0.093,0.075,0.081,0.07,0.052,0.112,0.137,0.165,0.09,0.106,0.139,0.158,0.072,0.116,0.172,0.073,0.216,0.155,0.171,0.261,0.047,0.118,0.083,0.081,0.054,0.077,0.095,0.139,0.087,0.065,0.139,0.088,0.073,0.191,0.143,0.04,0.095,0.13,0.098,0.077,0.091,0.066,0.092,0.133,0.269,0.066,0.08,0.261,0.091,0.131,0.12,0.079,0.071,0.097,0.085,0.077,0.097,0.16,0.124,0.069,0.058,0.085,0.081,0.119,0.1,0.065,0.323,0.067,0.066,0.217,0.065,0.049,0.115,0.103,0.07,0.155,0.059,0.167,0.079,0.221,0.071,0.152,0.115,0.168,0.071,0.04,0.091,0.103,0.178,0.163,0.081,0.046,0.081,0.08,0.085,0.078,0.076,0.148,0.086,0.083,0.213,0.087,0.089,0.082,0.161,0.06,0.061,0.102,0.174,0.071,0.104,0.067,0.107,0.12,0.096,0.099,0.107,0.078,0.044,0.105,0.162,0.074,0.105,0.164,0.066,0.088,0.098,0.116,0.082,0.147,0.081,1.0,0.079,0.112
0.277,0.329,0.297,0.245,0.153,0.145,0.133,0.193,0.209,0.152,0.105,0.407,0.225,0.165,0.396,0.221,0.216,0.167,0.174,0.303,0.23,0.278,0.143,0.226,0.433,0.32,0.387,0.261,0.495,0.399,0.407,0.2,0.241,0.366,0.189,0.554,0.383,0.262,0.433,0.337,0.258,0.26,0.554,0.165,0.214,0.341,0.326,0.311,0.278,0.269,0.268,0.198,0.263,0.236,0.301,0.279,0.3,0.348,0.252,0.152,0.292,0.123,0.32,0.215,0.291,0.375,0.176,0.262,0.241,0.225,0.167,0.226,0.354,0.369,0.258,0.42,0.166,0.256,0.342,0.411,0.13,0.227,0.376,0.441,0.22,0.211,0.198,0.28,0.367,0.382,0.177,0.316,0.517,0.277,0.315,0.243,0.329,0.245,0.255,0.294,0.296,0.219,0.189,0.21,0.358,0.189,0.161,0.362,0.288,0.288,0.247,0.224,0.392,0.324,0.186,0.316,0.238,0.168,0.438,0.49,0.39,0.355,0.299,0.303,0.237,0.377,0.245,0.082,0.375,0.328,0.361,0.395,0.331,0.209,0.311,0.23,0.209,0.156,0.219,1.0,0.605,0.39,0.2,0.457,0.152,0.33,0.23,0.175,0.252,0.25,0.237,0.227,0.286,0.376,0.254,0.383,0.231,0.277,0.34,0.367,0.147,0.227,0.163,0.267,0.344,0.134,1.0,0.26,0.389,0.294,0.398,0.112,0.125,0.127,0.168,0.334,0.274,0.152,0.303,0.181,0.356,0.37,0.484,0.514,0.191,0.539,0.149,0.341,0.359,0.304,0.213,0.538,0.15,0.19,0.22,0.128,0.168,0.235,0.081,0.285,0.358,0.319,0.21,0.37,0.421,0.438,0.259,0.246,0.233,0.131,0.783,0.281,0.143,0.227,0.286,0.199,0.399,0.256,0.323,0.146,0.16,0.421,0.175,0.166,0.255,0.281,0.098,0.329,0.118,0.242,0.261,0.45,0.212,0.152,0.297,0.375,0.356,0.371,0.335,0.307,0.531,0.192,0.915,0.119,0.247,0.362,0.163,0.119,0.238,0.184,0.311,0.194,0.456,0.233,0.13,0.329,0.396,0.289,0.316,0.23,0.162,0.27,0.158,0.114,0.565,0.274,0.316,0.376,0.247,0.438,0.254,0.172,0.222,0.169,0.092,0.325,0.227,0.147,0.641,0.344,0.238,0.259,0.502,0.281,0.197,0.291,0.297,0.234,0.448,0.333,0.468,0.323,0.309,0.373,0.318,0.454,0.431,0.28,0.36,0.299,0.338,0.88,0.525,0.363,0.491,0.248,0.089,0.214,0.183,0.181,0.308,0.237,0.14,0.498,0.199,0.297,0.248,0.163,0.13,0.231,0.384,0.347,0.367,0.283,0.244,0.336,0.288,0.275,0.207,0.339,0.287,0.131,0.298,0.162,0.525,0.488,0.475,0.179,0.363,0.079,1.0,0.494
0.272,0.258,0.373,0.238,0.226,0.166,0.189,0.182,0.204,0.155,0.156,0.263,0.2,0.27,0.366,0.3,0.264,0.317,0.214,0.34,0.425,0.219,0.156,0.365,0.288,0.229,0.3,0.324,0.47,0.322,0.277,0.266,0.266,0.43,0.278,0.458,0.422,0.306,0.339,0.352,0.416,0.281,0.477,0.299,0.159,0.297,0.444,0.294,0.53,0.067,0.332,0.229,0.28,0.286,0.23,0.207,0.484,0.296,0.341,0.218,0.38,0.111,0.227,0.332,0.222,0.475,0.219,0.307,0.29,0.256,0.22,0.365,0.436,0.392,0.284,0.431,0.205,0.252,0.364,0.353,0.156,0.316,0.279,0.295,0.297,0.344,0.3,0.362,0.274,0.364,0.32,0.272,0.465,0.322,0.245,0.3,0.258,0.272,0.247,0.376,0.26,0.45,0.248,0.314,0.323,0.194,0.285,0.232,0.32,0.407,0.234,0.329,0.392,0.339,0.199,0.41,0.265,0.16,0.426,0.322,0.495,0.285,0.167,0.358,0.208,0.472,0.272,0.065,0.349,0.456,0.427,0.304,0.492,0.195,0.294,0.205,0.388,0.282,0.286,0.82,0.514,0.473,0.205,0.422,0.149,0.318,0.191,0.223,0.273,0.431,0.205,0.337,0.374,0.284,0.292,0.447,0.339,0.276,0.381,0.487,0.218,0.326,0.213,0.166,0.302,0.17,0.82,0.302,0.35,0.325,0.32,0.17,0.203,0.173,0.319,0.224,0.286,0.218,0.252,0.201,0.431,0.439,0.421,0.574,0.133,0.371,0.202,0.309,0.206,0.626,0.37,0.286,0.169,0.161,0.361,0.137,0.186,0.306,0.118,0.306,0.386,0.312,0.328,0.368,0.286,0.269,0.187,0.273,0.236,0.143,0.196,0.294,0.24,0.217,0.54,0.269,0.456,0.284,0.315,0.108,0.232,0.549,0.194,0.159,0.285,0.265,0.12,0.258,0.216,0.266,0.279,0.272,0.251,0.205,0.437,0.316,0.207,0.402,0.325,0.527,0.458,0.185,1.0,0.194,0.355,0.524,0.171,0.159,0.244,0.223,0.226,0.202,0.386,0.233,0.153,0.258,0.258,0.27,0.289,0.29,0.184,0.365,0.149,0.111,0.591,0.322,0.371,0.279,0.326,0.426,0.226,0.314,0.21,0.29,0.125,0.274,0.232,0.175,0.594,0.321,0.211,0.216,0.43,0.265,0.375,0.246,0.359,0.328,0.45,0.379,0.35,0.187,0.4,0.205,0.174,0.489,0.34,0.449,0.497,0.265,0.335,0.705,0.584,0.304,0.533,0.326,0.071,0.29,0.17,0.191,0.262,0.433,0.144,0.29,0.189,0.351,0.301,0.127,0.149,0.318,0.422,0.451,0.421,0.287,0.312,0.326,0.252,0.302,0.288,0.299,0.431,0.18,0.323,0.135,0.388,0.424,0.366,0.255,0.432,0.112,0.494,1.0
