116,18,9,21,21,21,18,23,27,2,33,8,18,18,9,18,18,22,19,94,91,0,56,18,66,11,76,14,5,19,81,10,29,18,20,2,5,5,31,3,56,21,73,12,86,18,84,51,28,79,18,16,21,70,21,64,48,22,15,3,18,10,22,16,12,19,34,12,32,102,3,9,18,18,18,20,18,76,10,15,18,19,18,1,18,18,20,18,87,5,14,17,28,65,15,27,11,3,22,5,21,0,69,76,36,18,14,20,18,28,22,30,0,17,18,40,1,2,82,18,29,18,19,20,39,22,6,21,18,18,1,29,21,5,2,18,21,18,21,25,8,22,10,90,57,18,18,18,18,41,18,21,24,18,18,52,9,0,11,33,16,25,18,93,26,36,9,37,84,19,3,18,36,24,18,65,0,5,91,31,5,20,5,25,43,75,19,31,26,74,5,5,22,0,27,2,30,5,69,23,58,74,18,21,69,12,57,5,89,39,78,38,29,39,20,6,5,18,47,29,21,26,86,75,13,5,24,1,21,28,65,16,21,6,8,87,58,5,5,11,26,88,22,18,51,10,72,5,57,25,27,23,90,20,6,39,32,80,88,19,31,5,14,84,90,87,84,55,21,11,1,55,48,3,64,35,24,42,78,6,20,13,92,86,76,88,36,30,11,37,82,23,92,5,78,41,88,6,19,48,28,8,5,23,47,81,19,18,38,17,15,40,78,32,26,20,11,18,63,18,19,52,5,38,27,33,63,80,70,71,95,87,64,32,32,22,67,20,5,23,25,84,21,27,5,21,53,5,5,5,5,23,5,6,39,37,31,7,5,22,5,10,18,87,5,85,18,5,1,18,40,22,42,18,19,59,18,18,28,17,18,49,85,14,27,16,84,3,73,5,22,27,44,66,23,7,18,68,27,34,19,3,0,62,68,69,54,26,6,17,86,68,89,26,85,6,77,61,26,5,86,27,5,5,65,26,18,1,6,26,14,9,21,14,5,26,19,65,28,23,89,59,11,30,18,18,8,32,23,18,23,12,18,35,3,18,29,33,84,22,28,6,10,27,79,1,25,19,88,10,32,27,5,18,5,23,10,68,94,20,48,75,55,23,21,71,85,26,12,39,71,88,67,18,91,1,21,16,27,87
18,116,33,25,76,59,76,71,37,12,38,91,75,76,35,76,46,35,62,17,0,26,10,76,58,40,38,66,3,72,8,96,2,105,71,32,3,24,53,26,5,72,29,57,34,76,1,6,47,40,75,43,73,11,73,6,9,71,58,49,74,34,71,47,65,67,35,49,64,21,23,60,73,73,75,66,73,3,75,6,76,73,76,37,76,76,70,73,35,23,41,74,36,59,25,57,18,28,59,25,53,9,55,48,49,75,59,71,68,58,61,17,12,46,73,51,76,22,2,70,13,76,41,70,20,71,30,73,76,66,57,59,73,4,42,76,73,76,72,15,62,73,54,31,27,72,74,76,72,43,75,64,62,76,76,49,57,13,55,41,45,61,76,3,2,22,84,57,3,73,38,73,56,9,76,58,25,10,14,26,4,63,19,1,37,38,3,8,2,43,17,4,71,19,27,58,8,3,58,3,13,26,19,2,52,35,0,32,0,29,18,12,46,45,3,15,18,73,4,2,72,2,39,44,14,10,22,41,73,2,59,84,2,18,34,1,7,16,3,24,2,36,71,107,19,22,0,4,0,29,3,30,8,26,23,2,14,41,4,74,53,23,37,31,7,0,8,27,73,39,50,10,6,33,0,17,36,5,3,9,66,33,3,28,24,36,41,2,25,10,0,41,27,4,43,45,30,9,75,2,7,58,23,7,7,44,70,74,2,38,56,17,2,47,2,7,8,73,2,74,2,36,3,40,84,26,0,0,0,54,8,1,24,71,24,2,2,6,3,2,26,0,2,57,26,30,42,24,24,31,3,69,25,48,18,40,0,44,9,37,24,48,72,19,3,22,75,10,54,73,51,71,14,36,41,7,76,75,61,6,72,8,10,40,25,74,5,54,6,26,73,2,4,18,37,47,76,59,34,29,65,31,31,20,56,53,20,45,12,33,0,5,0,2,4,21,3,24,2,23,0,58,33,37,0,66,74,52,20,37,40,31,72,41,4,2,71,4,58,66,6,26,27,64,72,76,63,49,70,72,3,33,65,37,32,76,28,45,13,72,37,16,21,1,36,34,42,36,0,37,92,93,18,75,18,62,18,12,8,21,4,2,6,23,3,0,0,2,45,60,9,3,3,48,34,34,26,19,3,35
9,33,116,6,25,31,22,23,39,48,7,55,22,22,48,22,73,19,36,17,12,5,23,22,13,45,8,31,1,24,7,44,0,37,25,39,1,10,20,11,45,22,15,45,13,22,20,56,21,11,23,78,25,23,22,33,54,22,40,59,23,50,22,22,45,31,35,39,32,8,9,49,25,28,22,31,24,21,22,19,22,24,22,54,22,22,27,22,1,9,17,60,28,15,64,44,3,14,28,9,20,0,15,22,21,22,47,29,29,29,29,31,7,24,17,18,65,63,22,22,39,22,27,25,13,22,39,22,22,8,91,20,22,0,50,22,22,22,22,0,70,23,60,12,54,24,20,22,22,10,23,22,36,22,22,34,60,6,30,20,80,36,22,8,0,71,64,22,12,20,71,22,12,19,22,15,5,14,22,74,0,34,3,1,46,6,4,62,0,30,3,0,22,1,18,50,15,1,18,0,58,8,55,0,20,29,52,39,12,36,33,47,21,25,4,8,4,22,8,7,22,0,8,28,26,10,4,76,24,7,15,12,0,3,38,8,48,7,1,40,0,2,22,39,14,46,28,0,52,39,0,47,4,61,8,0,29,0,4,22,20,8,71,15,15,18,0,33,22,42,97,60,58,21,34,37,35,24,17,18,29,50,9,19,25,9,14,0,85,74,16,38,9,0,5,9,9,6,22,5,5,20,9,12,18,3,26,20,0,44,42,7,18,25,0,4,10,22,14,20,0,42,5,26,20,4,46,16,39,16,9,13,24,26,49,0,14,3,1,8,65,12,0,27,83,45,36,18,19,81,9,25,9,60,15,9,0,36,11,40,10,38,22,30,1,25,22,18,94,22,15,22,36,60,1,61,22,23,22,7,22,43,1,8,31,28,20,86,24,12,23,17,33,16,37,27,22,18,30,54,31,34,62,40,17,19,37,22,21,31,11,0,12,0,22,6,22,34,0,9,15,39,61,68,36,25,20,58,5,40,51,19,22,13,0,0,27,25,30,22,7,25,90,22,22,22,53,0,22,26,4,71,30,44,20,22,29,32,2,22,9,13,76,23,12,68,35,55,11,38,37,50,4,22,6,31,3,24,8,56,16,16,54,36,0,30,18,0,66,25,40,7,32,17,8,48,50,49,0,11
21,25,6,116,59,67,62,66,74,29,96,27,62,62,11,62,37,0,59,21,34,54,0,62,9,65,12,63,20,64,28,22,0,32,64,19,19,0,83,0,0,66,32,55,6,62,26,9,32,13,62,34,62,13,67,28,4,67,59,0,63,30,67,91,50,59,65,63,23,21,2,53,62,59,63,60,63,22,39,21,62,65,62,33,62,62,60,62,20,0,42,31,51,12,31,56,1,0,70,0,28,31,16,6,78,62,51,60,43,70,63,73,21,90,60,62,24,24,23,62,39,62,85,62,89,67,58,67,62,68,15,80,65,19,17,62,65,62,66,3,26,58,41,11,0,62,62,62,62,65,62,68,59,62,62,11,42,20,54,71,34,58,62,35,0,7,29,71,22,61,20,62,62,96,62,13,57,7,9,6,21,60,0,3,19,6,0,0,0,3,5,21,67,40,95,21,10,19,10,0,0,3,49,0,7,61,7,0,32,30,0,28,55,53,2,3,3,62,0,3,68,0,9,3,10,11,100,17,59,21,12,45,0,4,26,24,4,30,19,0,0,18,67,32,32,26,33,19,0,71,1,43,38,15,1,0,23,11,40,64,83,0,19,7,26,24,40,48,65,32,0,2,7,14,28,65,50,0,39,3,62,35,32,3,3,6,71,4,12,9,33,40,11,19,12,80,14,16,63,28,6,23,0,4,52,9,62,62,9,38,56,17,26,59,0,0,0,62,0,62,2,8,15,60,40,11,15,30,8,6,29,37,34,49,38,0,4,0,19,0,20,34,0,62,19,43,3,0,17,25,11,62,0,17,86,88,0,20,8,46,0,40,63,7,19,3,63,3,12,62,58,67,34,18,42,0,62,62,77,1,63,0,35,57,68,57,25,0,19,0,58,8,49,39,50,20,62,9,53,27,64,0,14,3,9,6,39,83,1,53,31,24,32,0,19,3,18,3,0,0,32,56,19,22,20,69,62,52,1,67,37,63,66,31,19,0,62,9,68,72,32,36,15,68,62,62,47,82,68,62,1,21,65,45,14,62,53,76,35,66,99,10,22,3,9,14,49,32,32,20,8,28,0,62,3,63,0,6,27,36,1,4,7,33,0,6,29,0,19,25,11,37,17,42,8,14,39,41,1,6
21,76,25,59,116,96,113,108,77,12,75,62,112,113,5,113,34,29,99,20,3,59,1,113,56,65,38,103,24,109,8,63,2,81,108,33,23,0,88,0,6,109,29,80,37,113,4,3,14,43,112,59,111,10,108,3,0,108,95,18,111,3,108,84,86,104,63,86,30,24,0,85,110,106,112,103,110,6,50,0,113,108,113,22,113,113,107,110,35,0,72,60,12,59,2,97,0,0,96,1,60,32,55,51,86,112,84,104,91,95,47,54,23,83,106,88,47,31,5,107,3,113,78,104,54,108,42,108,113,78,40,94,110,22,8,113,110,113,109,14,36,113,71,34,30,109,111,113,109,76,112,101,99,113,113,43,74,21,88,77,61,98,113,6,0,3,67,94,6,110,0,110,93,46,113,58,58,8,17,3,20,100,3,0,19,39,0,3,0,46,1,20,108,44,64,18,4,23,61,0,10,27,10,0,55,43,3,0,3,3,21,3,82,28,0,0,7,110,5,1,107,0,42,47,0,12,45,3,113,0,59,57,0,5,0,4,2,34,23,2,0,36,108,83,7,32,3,22,3,58,0,6,11,3,0,0,9,41,4,111,88,0,1,28,10,3,8,60,110,5,20,10,3,0,3,50,0,3,6,0,103,0,6,31,25,39,77,0,3,3,3,3,30,22,43,82,33,15,112,1,6,29,0,5,1,47,107,111,0,0,93,11,5,84,0,0,0,110,3,111,0,11,19,77,63,25,3,3,3,57,11,4,1,59,3,0,3,0,23,0,3,3,0,78,0,1,41,0,0,5,15,106,1,11,55,77,0,12,10,0,0,21,109,22,23,25,112,4,37,110,91,108,3,10,65,10,113,112,98,0,109,3,10,73,54,95,8,25,7,0,113,0,3,18,0,13,113,62,5,0,102,0,0,14,59,56,6,82,0,57,3,1,3,0,7,0,6,19,0,0,3,98,1,0,3,103,111,77,0,58,2,62,109,64,22,0,108,5,95,103,9,0,3,101,109,113,80,73,107,109,0,1,102,12,0,113,54,80,13,109,74,0,1,3,36,30,8,6,3,3,58,74,2,112,0,99,0,15,11,3,5,5,3,37,0,3,3,0,10,73,12,6,6,79,37,0,0,6,0,38
21,59,31,67,96,116,99,103,80,16,80,63,99,99,2,99,40,19,100,28,7,62,4,99,40,75,27,105,24,101,19,47,0,65,100,34,23,0,97,0,9,103,34,85,19,99,12,9,13,30,99,65,95,5,100,6,9,103,101,18,100,1,103,91,89,104,58,103,21,20,0,98,101,96,100,105,100,1,35,0,99,98,99,31,99,99,103,99,28,0,75,71,15,45,15,91,0,0,111,1,55,28,48,33,96,99,92,97,78,107,58,72,23,91,94,87,57,43,14,99,10,99,92,97,54,103,52,100,99,68,50,93,102,22,6,99,102,99,103,0,49,93,82,14,26,99,97,99,99,75,99,103,97,99,99,45,87,21,91,67,67,98,99,10,0,9,67,99,6,96,9,99,79,57,99,46,58,8,18,5,20,105,3,0,19,20,0,9,0,35,1,20,104,44,75,21,0,23,42,0,16,14,24,0,37,36,9,0,7,11,16,5,68,36,0,0,7,99,0,0,101,0,22,36,0,12,54,12,94,6,45,45,0,5,0,7,9,34,23,5,0,28,103,67,5,39,9,22,9,73,0,9,15,9,0,0,5,31,15,100,97,0,5,14,13,12,19,53,102,3,29,16,9,0,2,60,7,0,10,0,105,6,10,23,15,19,80,0,9,9,7,5,14,22,33,88,15,15,99,7,0,12,0,1,10,27,101,97,1,7,105,4,5,88,0,0,0,99,0,97,0,14,19,78,43,14,12,8,8,37,11,10,7,42,10,0,0,0,23,5,5,7,0,91,9,6,30,0,0,14,15,92,1,11,65,82,0,4,10,13,0,21,100,19,23,21,100,4,47,99,74,103,20,17,57,16,99,99,102,0,100,4,18,76,72,93,16,32,11,0,93,1,9,29,7,5,99,42,12,6,105,0,4,26,41,37,11,89,0,52,8,8,8,0,8,0,1,9,0,0,7,92,8,9,8,106,97,88,0,69,15,69,103,61,22,0,101,0,105,106,7,9,9,98,99,99,83,71,104,100,0,5,100,29,0,99,54,95,22,102,84,0,9,5,36,42,17,11,7,0,41,63,2,99,0,94,0,0,10,1,1,0,9,37,0,4,12,0,12,56,9,10,4,75,17,4,11,6,0,18
18,76,22,62,113,99,116,111,74,12,78,63,115,116,2,116,31,29,102,17,0,62,0,116,57,68,41,106,24,112,11,63,2,82,111,33,23,0,91,0,3,112,32,83,34,116,1,0,14,40,115,56,108,7,111,0,0,111,98,17,114,3,111,87,89,107,60,89,30,21,0,88,113,109,115,106,113,3,48,0,116,111,116,22,116,116,110,113,38,0,75,61,12,62,0,94,0,0,99,1,58,32,58,48,89,115,87,107,94,98,48,57,23,86,109,91,48,34,2,110,0,116,81,107,51,111,44,111,116,80,41,97,113,22,8,116,113,116,112,14,37,110,74,31,27,112,114,116,112,79,115,104,102,116,116,46,77,21,91,74,58,101,116,3,0,0,68,97,3,113,0,113,96,49,116,61,61,8,14,0,20,103,3,0,20,36,0,0,0,43,1,20,111,44,67,18,1,23,58,0,7,24,11,0,52,45,0,0,0,2,18,0,79,29,0,0,7,113,2,1,110,0,39,44,0,12,47,3,110,0,62,57,0,5,0,1,0,34,23,2,0,39,111,84,7,35,0,22,0,61,0,3,8,0,0,0,6,44,7,114,91,0,0,25,7,0,11,57,113,5,20,7,0,0,0,47,0,0,3,0,106,0,3,28,22,36,80,0,0,0,0,3,27,22,46,85,30,15,115,1,6,29,0,5,3,44,110,114,0,0,96,11,2,87,0,0,0,113,0,114,0,10,19,80,60,25,0,0,0,54,8,1,0,56,0,0,0,0,23,0,0,0,0,81,0,0,40,0,0,5,15,109,1,11,58,80,0,12,10,0,0,21,112,19,23,22,115,4,38,113,88,111,5,8,65,7,116,115,101,0,112,0,13,76,57,98,5,25,4,0,110,0,0,21,0,13,116,59,5,0,105,0,0,17,56,53,3,85,0,54,0,2,0,0,4,0,3,16,0,0,0,95,1,0,0,106,114,80,0,61,2,65,112,64,22,0,111,2,98,106,6,1,0,104,112,116,83,75,110,112,0,0,105,13,0,116,57,83,16,112,77,0,1,0,39,32,8,4,0,3,58,71,2,115,0,102,0,12,8,0,2,2,0,34,0,0,0,0,9,70,9,3,3,82,34,0,0,6,0,35
23,71,23,66,108,103,111,116,78,13,82,63,111,111,2,111,32,25,103,21,5,62,1,111,52,73,40,105,24,112,16,59,1,77,110,33,23,0,95,0,1,114,35,82,29,111,6,1,14,41,111,57,104,7,112,3,1,113,99,17,111,0,113,91,89,107,63,93,30,25,0,88,109,107,111,107,111,0,45,0,111,110,111,23,111,111,107,111,41,0,75,61,14,57,4,94,0,0,104,1,58,31,59,43,94,111,88,108,90,102,52,61,23,91,105,94,49,34,7,110,4,111,86,106,53,113,46,112,111,79,42,101,114,22,3,111,114,111,114,9,39,105,74,26,24,111,109,111,111,82,111,100,102,111,111,46,77,21,91,74,59,101,111,8,0,1,66,100,1,108,1,111,91,53,111,57,61,8,14,1,20,105,3,0,17,32,0,1,0,40,1,20,115,44,71,15,0,23,53,0,8,21,16,0,48,42,1,0,5,5,18,2,78,34,0,0,7,111,2,0,112,0,34,41,0,12,52,4,106,3,57,52,0,5,0,4,1,34,23,1,0,40,113,79,5,35,4,22,1,63,0,5,13,1,0,0,6,40,11,110,95,0,1,22,11,5,15,59,114,1,21,8,1,0,1,50,5,0,8,0,107,3,8,25,20,31,81,0,1,1,5,1,25,22,43,88,26,15,110,4,5,24,0,2,8,39,110,109,1,4,97,7,5,88,0,0,0,111,0,109,0,11,19,81,55,24,2,4,1,49,13,6,5,51,4,0,0,0,23,1,1,5,0,84,1,4,39,0,0,6,15,104,1,8,63,83,0,8,10,4,0,21,111,20,23,20,111,4,39,111,86,113,9,9,65,8,111,111,105,0,111,0,18,76,61,96,9,26,5,0,105,0,5,25,5,12,111,54,10,2,105,0,0,18,51,49,7,89,0,55,4,5,4,0,7,0,2,12,0,0,5,95,2,1,3,110,109,80,0,65,4,65,114,64,22,0,110,2,102,108,4,5,1,107,111,111,84,76,114,110,0,1,105,18,0,111,58,88,20,113,81,0,1,1,40,32,13,7,4,1,53,68,2,111,0,100,0,11,12,2,2,2,1,35,0,1,5,0,7,68,10,7,0,82,29,1,5,7,0,30
27,37,39,74,77,80,74,78,116,18,71,43,74,74,9,74,41,15,80,24,36,53,11,74,17,75,5,71,24,74,31,36,0,42,75,30,23,0,78,0,16,76,45,63,12,74,38,26,27,10,75,66,75,33,74,25,10,77,72,17,74,3,77,93,75,80,85,83,7,23,0,72,76,70,74,79,74,23,30,4,74,72,74,31,74,74,80,74,13,0,50,61,33,20,21,88,0,0,81,1,35,28,23,27,83,74,70,71,54,87,43,88,23,95,69,72,44,36,40,74,38,74,100,73,76,77,41,74,74,48,37,77,76,22,4,74,76,74,76,4,49,74,62,19,30,74,72,74,74,69,75,74,85,74,74,21,63,21,71,67,68,84,74,33,0,24,44,88,33,71,6,74,64,68,74,20,53,8,28,17,20,79,3,0,6,7,0,17,0,29,1,20,77,44,95,9,8,23,24,0,17,12,34,0,20,30,24,3,36,29,21,28,65,47,0,0,7,74,10,0,74,0,13,29,4,12,74,11,76,22,20,25,0,5,3,32,12,34,23,6,0,16,77,44,18,29,35,22,17,69,0,28,30,28,0,0,30,5,30,75,78,0,15,17,43,36,26,57,76,10,24,17,24,0,24,82,26,11,33,0,79,7,34,17,17,14,55,4,17,26,37,16,18,22,7,69,19,15,75,25,0,10,0,3,27,8,77,72,6,15,75,2,32,67,0,0,0,74,8,72,0,17,19,71,34,4,30,36,25,22,39,39,34,42,31,0,12,0,23,5,17,36,0,71,7,25,23,0,0,15,15,77,1,8,88,75,0,8,10,24,0,24,74,20,23,16,74,4,36,74,66,77,23,10,47,17,74,75,83,0,74,12,29,53,82,63,38,19,35,0,74,5,35,42,26,4,74,23,28,21,77,0,1,11,21,21,33,99,0,60,35,24,36,0,40,0,25,11,0,0,36,86,6,8,28,84,72,73,0,75,27,51,76,41,22,0,76,23,87,78,30,32,17,82,74,74,62,65,78,75,0,15,76,44,0,74,40,86,30,77,67,0,8,14,13,33,23,17,35,3,19,54,2,74,0,77,0,16,36,24,13,17,24,36,0,17,40,0,21,40,13,32,22,54,16,6,23,13,0,12
2,12,48,29,12,16,12,13,18,116,29,10,12,12,74,12,37,22,22,8,1,31,24,12,1,32,2,13,35,12,1,25,27,5,12,17,34,35,12,34,17,12,0,14,0,12,1,24,7,1,13,32,13,7,12,21,36,12,15,24,12,56,12,12,24,18,22,28,34,0,29,23,14,8,12,17,12,2,33,70,12,12,12,55,12,12,17,14,1,33,21,8,33,0,77,22,28,35,17,34,30,43,0,1,13,12,20,8,17,18,25,22,43,14,13,16,20,43,7,15,27,12,17,10,21,12,71,12,12,46,39,12,12,35,69,12,12,12,12,20,23,13,34,1,16,12,12,12,14,14,13,12,18,12,12,8,31,43,15,27,32,19,12,2,27,29,15,12,5,13,68,14,12,41,12,0,31,49,4,34,35,17,28,33,28,0,28,30,27,4,33,35,12,39,29,56,50,34,0,28,24,6,50,27,0,47,18,38,1,38,8,13,14,7,28,32,27,14,22,41,12,27,0,5,52,37,37,65,13,15,0,30,27,28,69,6,28,34,34,38,27,0,12,5,48,33,13,35,20,39,28,42,1,17,33,23,32,0,0,12,12,33,55,11,6,1,0,17,12,58,56,26,24,63,8,12,51,23,7,39,16,58,2,5,2,0,13,27,56,30,2,53,9,35,0,12,0,41,12,23,36,49,34,21,46,0,17,12,25,60,18,56,0,20,27,32,33,14,15,12,27,10,30,23,21,22,18,0,10,1,1,3,7,3,52,27,15,31,34,33,45,1,27,20,77,41,9,43,71,67,42,12,34,64,13,29,27,59,33,51,35,46,14,8,34,10,12,45,39,14,18,12,57,56,27,30,12,13,12,31,14,21,1,24,26,21,8,53,4,35,13,43,49,0,51,59,12,0,43,27,15,40,76,16,0,2,17,12,42,48,0,9,0,27,5,31,1,17,27,34,2,20,61,65,8,15,12,31,30,26,59,42,12,29,35,27,14,7,20,12,1,5,68,12,14,12,31,37,12,13,28,59,15,22,63,12,22,19,0,12,30,49,67,40,6,43,50,63,0,72,15,9,29,12,36,12,28,4,1,39,18,12,24,57,28,12,5,27,49,9,14,1,4,14,1,90,59,65,28,1
33,38,7,96,75,80,78,82,71,29,116,35,78,78,10,78,46,1,74,28,20,56,0,78,21,51,24,77,24,80,18,26,1,46,80,18,23,0,91,0,0,82,24,60,20,78,16,0,22,21,78,43,73,8,79,14,4,83,74,0,79,26,83,81,59,74,57,69,36,31,0,62,77,75,79,75,79,9,46,21,78,77,78,36,78,78,75,78,32,0,55,42,47,24,29,71,0,0,81,1,38,34,28,22,92,78,62,76,57,85,72,68,23,79,76,78,24,23,14,77,23,78,78,76,81,83,56,79,78,80,14,86,81,22,18,78,81,78,82,6,17,74,52,27,10,78,78,78,78,80,78,80,74,78,78,17,53,21,65,86,43,73,78,23,0,0,39,89,12,77,20,78,78,87,78,25,59,8,22,4,20,75,3,3,25,20,0,0,0,17,4,20,83,44,92,20,10,23,22,0,7,16,44,0,19,56,0,0,20,30,11,18,70,45,0,0,7,78,2,3,80,0,21,17,7,12,84,17,75,9,24,60,0,5,24,14,4,34,23,0,0,34,83,46,29,26,19,22,0,82,0,27,24,4,0,0,14,23,28,80,91,0,17,20,19,14,28,65,81,31,0,9,0,14,12,58,37,0,23,0,77,29,20,16,14,22,75,4,12,2,19,35,25,22,24,90,28,15,79,18,7,31,0,5,40,21,77,78,6,36,71,19,10,74,0,0,0,78,0,78,0,11,19,75,55,22,8,18,1,22,21,21,20,57,32,0,4,0,23,0,17,20,0,77,19,27,14,0,17,24,15,78,1,21,78,106,0,23,10,35,0,41,79,20,23,14,79,4,13,78,74,83,30,17,59,7,78,78,93,0,79,0,23,70,63,68,16,0,8,0,74,6,33,25,37,24,78,21,42,14,79,0,14,10,21,20,23,79,0,62,19,15,20,0,14,0,10,8,0,0,20,71,19,22,9,84,78,52,0,55,30,69,82,46,22,0,77,0,83,84,20,22,15,84,78,78,54,101,84,78,0,17,80,34,14,78,58,87,23,82,110,9,20,3,20,13,41,33,20,19,20,42,2,78,3,79,0,5,19,21,3,6,0,47,0,4,18,0,20,39,15,23,7,57,24,14,30,33,0,20
8,91,55,27,62,63,63,63,43,10,35,116,63,63,33,63,68,27,59,13,4,34,11,63,40,50,26,72,6,65,14,76,4,92,66,41,6,25,52,27,16,63,22,71,17,63,9,21,44,26,64,65,61,16,63,7,25,63,67,61,62,31,63,50,80,64,41,57,49,8,24,78,64,65,63,64,65,5,56,2,63,65,63,48,63,63,60,63,22,25,42,93,39,41,26,53,19,29,60,26,42,9,41,31,49,63,72,65,57,54,66,33,15,50,62,43,99,40,7,61,16,63,45,65,18,63,30,63,63,44,80,53,63,5,33,63,63,63,63,2,82,59,73,12,34,65,61,63,63,35,64,60,57,63,63,58,75,14,68,32,67,58,63,1,4,39,101,51,4,60,46,63,43,12,63,41,33,11,17,39,5,63,20,2,32,20,4,25,4,28,18,5,62,22,26,57,4,6,40,4,30,9,32,4,33,30,17,41,4,23,21,22,36,49,4,16,21,63,4,2,63,4,20,29,16,11,21,52,61,5,41,66,4,19,31,0,23,19,6,27,4,21,63,94,9,43,4,5,17,48,4,24,6,41,24,4,14,24,2,63,52,24,45,14,2,9,6,20,63,32,61,27,23,29,8,36,32,15,1,10,60,31,1,13,27,17,47,4,37,27,4,32,13,5,31,43,12,10,63,0,7,36,24,3,2,25,65,61,4,34,65,6,3,48,4,8,10,63,2,61,4,48,6,38,60,10,17,3,16,35,2,5,28,59,22,4,2,7,6,6,34,4,4,60,34,29,41,25,20,42,6,56,26,40,28,34,2,34,12,37,25,44,63,12,6,13,63,11,77,63,40,63,16,44,27,24,63,64,57,7,63,21,7,44,41,70,5,62,9,27,59,4,1,22,33,40,63,40,27,38,70,34,30,38,39,36,17,44,13,19,3,6,3,4,9,22,8,24,4,24,4,54,41,45,9,63,61,75,21,39,43,40,63,37,5,4,66,11,55,63,0,30,39,54,63,63,83,31,62,67,4,42,67,51,28,63,40,46,9,63,37,15,31,5,28,44,40,29,3,32,67,83,19,63,19,60,19,11,0,26,12,10,23,16,4,10,5,4,51,47,17,0,9,40,15,32,28,19,4,16
18,75,22,62,112,99,115,111,74,12,78,63,116,115,3,115,31,30,102,17,0,63,0,115,56,68,41,106,25,112,11,62,3,81,110,33,24,1,91,1,3,112,31,83,33,115,1,0,13,39,114,56,108,8,110,0,0,111,98,18,114,3,111,87,89,107,60,89,30,21,1,88,112,109,115,106,113,3,47,1,115,110,115,22,115,115,110,112,38,1,76,61,12,61,0,94,1,1,99,2,59,31,57,47,89,116,87,106,93,98,48,57,24,86,110,91,48,34,2,111,0,115,81,107,51,111,44,110,115,79,41,98,112,23,7,115,112,115,112,13,37,109,74,30,27,113,113,115,113,80,114,104,102,115,115,45,77,22,92,74,58,101,115,3,1,0,67,96,3,112,0,112,95,49,115,61,62,9,14,0,21,103,4,1,20,37,1,0,1,43,2,21,111,45,67,18,0,24,57,1,7,25,11,1,51,44,0,1,0,2,18,0,78,29,1,1,8,112,3,0,110,1,38,44,1,13,47,3,109,1,61,56,1,6,1,0,0,35,24,2,1,38,111,83,6,36,0,23,0,61,1,3,8,0,1,1,5,44,7,114,91,1,0,24,7,0,11,57,112,6,20,7,0,1,0,47,0,1,3,1,106,0,3,27,21,35,80,1,0,0,0,3,26,23,45,84,30,16,114,0,7,28,1,5,3,43,110,113,1,1,96,10,2,87,1,1,1,112,1,113,1,10,20,80,59,24,0,0,0,53,8,1,0,55,0,1,1,1,24,0,0,0,1,82,0,0,39,1,1,5,16,108,2,11,58,79,1,13,11,0,1,21,112,19,24,22,115,5,38,112,87,111,5,8,66,7,115,114,101,1,112,1,13,77,57,98,5,25,3,1,109,0,0,21,0,14,115,58,5,0,105,1,1,17,55,52,3,85,1,54,0,3,0,1,4,1,3,15,1,1,0,95,1,0,0,106,113,80,1,61,2,66,112,65,23,1,111,3,98,106,7,1,0,103,113,115,83,74,110,111,1,0,105,13,1,115,57,83,16,111,77,1,1,0,39,32,8,4,1,2,57,71,3,116,1,102,1,11,9,0,2,3,0,34,1,0,0,1,8,69,9,4,3,83,33,0,0,6,1,34
18,76,22,62,113,99,116,111,74,12,78,63,115,116,2,116,31,29,102,17,0,62,0,116,57,68,41,106,24,112,11,63,2,82,111,33,23,0,91,0,3,112,32,83,34,116,1,0,14,40,115,56,108,7,111,0,0,111,98,17,114,3,111,87,89,107,60,89,30,21,0,88,113,109,115,106,113,3,48,0,116,111,116,22,116,116,110,113,38,0,75,61,12,62,0,94,0,0,99,1,58,32,58,48,89,115,87,107,94,98,48,57,23,86,109,91,48,34,2,110,0,116,81,107,51,111,44,111,116,80,41,97,113,22,8,116,113,116,112,14,37,110,74,31,27,112,114,116,112,79,115,104,102,116,116,46,77,21,91,74,58,101,116,3,0,0,68,97,3,113,0,113,96,49,116,61,61,8,14,0,20,103,3,0,20,36,0,0,0,43,1,20,111,44,67,18,1,23,58,0,7,24,11,0,52,45,0,0,0,2,18,0,79,29,0,0,7,113,2,1,110,0,39,44,0,12,47,3,110,0,62,57,0,5,0,1,0,34,23,2,0,39,111,84,7,35,0,22,0,61,0,3,8,0,0,0,6,44,7,114,91,0,0,25,7,0,11,57,113,5,20,7,0,0,0,47,0,0,3,0,106,0,3,28,22,36,80,0,0,0,0,3,27,22,46,85,30,15,115,1,6,29,0,5,3,44,110,114,0,0,96,11,2,87,0,0,0,113,0,114,0,10,19,80,60,25,0,0,0,54,8,1,0,56,0,0,0,0,23,0,0,0,0,81,0,0,40,0,0,5,15,109,1,11,58,80,0,12,10,0,0,21,112,19,23,22,115,4,38,113,88,111,5,8,65,7,116,115,101,0,112,0,13,76,57,98,5,25,4,0,110,0,0,21,0,13,116,59,5,0,105,0,0,17,56,53,3,85,0,54,0,2,0,0,4,0,3,16,0,0,0,95,1,0,0,106,114,80,0,61,2,65,112,64,22,0,111,2,98,106,6,1,0,104,112,116,83,75,110,112,0,0,105,13,0,116,57,83,16,112,77,0,1,0,39,32,8,4,0,3,58,71,2,115,0,102,0,12,8,0,2,2,0,34,0,0,0,0,9,70,9,3,3,82,34,0,0,6,0,35
9,35,48,11,5,2,2,2,9,74,10,33,3,2,116,2,39,21,3,11,8,30,30,2,2,19,2,3,35,2,0,40,25,27,2,17,35,57,0,59,15,2,0,7,10,2,8,17,33,5,3,17,7,25,2,27,17,2,3,50,2,60,2,0,11,3,15,13,40,9,56,9,3,2,2,2,2,9,58,55,2,2,2,49,2,2,2,4,0,56,21,30,41,2,61,11,52,61,2,57,31,27,2,10,0,3,8,2,9,2,35,8,41,0,9,7,42,26,11,7,42,2,0,3,18,2,45,2,2,27,39,1,2,36,73,2,2,2,2,16,41,5,11,8,10,3,2,2,5,17,3,2,8,2,2,10,9,42,15,27,17,8,2,7,35,34,21,0,12,2,70,4,7,21,2,2,25,42,8,49,36,2,51,31,28,9,36,28,35,10,46,36,2,35,15,72,66,35,5,36,17,25,41,35,5,25,11,65,7,50,13,20,13,25,36,49,50,4,41,34,2,35,10,10,56,42,15,67,6,19,2,42,35,52,80,13,19,37,35,52,35,0,2,27,35,26,19,36,13,16,37,59,4,37,57,31,45,2,4,2,0,56,68,24,9,8,0,19,2,68,49,19,17,85,8,8,58,42,13,43,2,64,8,11,16,10,3,35,61,30,8,62,16,36,2,0,8,43,2,14,30,55,56,24,34,5,5,2,30,73,3,48,8,5,35,40,41,4,33,2,35,29,35,9,45,16,11,8,11,5,8,8,29,29,62,35,33,39,35,31,56,7,35,18,59,59,11,65,78,52,35,7,57,67,4,10,30,80,41,59,57,47,4,11,35,11,2,42,39,4,15,2,32,49,22,22,2,3,0,40,4,31,0,23,1,15,11,51,13,59,5,45,40,0,59,72,2,5,50,34,3,67,80,9,5,6,38,0,46,38,7,18,8,35,8,55,8,32,35,56,7,9,62,67,8,3,2,16,54,18,62,40,2,25,36,35,2,25,3,2,8,30,67,0,5,2,11,15,2,3,37,70,3,34,84,2,18,6,0,2,10,57,46,35,3,25,56,67,8,77,29,35,51,3,48,7,51,11,9,53,34,24,17,35,36,15,8,35,65,13,11,10,10,14,9,100,49,48,37,10
18,76,22,62,113,99,116,111,74,12,78,63,115,116,2,116,31,29,102,17,0,62,0,116,57,68,41,106,24,112,11,63,2,82,111,33,23,0,91,0,3,112,32,83,34,116,1,0,14,40,115,56,108,7,111,0,0,111,98,17,114,3,111,87,89,107,60,89,30,21,0,88,113,109,115,106,113,3,48,0,116,111,116,22,116,116,110,113,38,0,75,61,12,62,0,94,0,0,99,1,58,32,58,48,89,115,87,107,94,98,48,57,23,86,109,91,48,34,2,110,0,116,81,107,51,111,44,111,116,80,41,97,113,22,8,116,113,116,112,14,37,110,74,31,27,112,114,116,112,79,115,104,102,116,116,46,77,21,91,74,58,101,116,3,0,0,68,97,3,113,0,113,96,49,116,61,61,8,14,0,20,103,3,0,20,36,0,0,0,43,1,20,111,44,67,18,1,23,58,0,7,24,11,0,52,45,0,0,0,2,18,0,79,29,0,0,7,113,2,1,110,0,39,44,0,12,47,3,110,0,62,57,0,5,0,1,0,34,23,2,0,39,111,84,7,35,0,22,0,61,0,3,8,0,0,0,6,44,7,114,91,0,0,25,7,0,11,57,113,5,20,7,0,0,0,47,0,0,3,0,106,0,3,28,22,36,80,0,0,0,0,3,27,22,46,85,30,15,115,1,6,29,0,5,3,44,110,114,0,0,96,11,2,87,0,0,0,113,0,114,0,10,19,80,60,25,0,0,0,54,8,1,0,56,0,0,0,0,23,0,0,0,0,81,0,0,40,0,0,5,15,109,1,11,58,80,0,12,10,0,0,21,112,19,23,22,115,4,38,113,88,111,5,8,65,7,116,115,101,0,112,0,13,76,57,98,5,25,4,0,110,0,0,21,0,13,116,59,5,0,105,0,0,17,56,53,3,85,0,54,0,2,0,0,4,0,3,16,0,0,0,95,1,0,0,106,114,80,0,61,2,65,112,64,22,0,111,2,98,106,6,1,0,104,112,116,83,75,110,112,0,0,105,13,0,116,57,83,16,112,77,0,1,0,39,32,8,4,0,3,58,71,2,115,0,102,0,12,8,0,2,2,0,34,0,0,0,0,9,70,9,3,3,82,34,0,0,6,0,35
18,46,73,37,34,40,31,32,41,37,46,68,31,31,39,31,116,6,45,26,14,22,23,31,7,23,11,40,2,33,7,34,0,52,34,27,2,13,33,15,45,31,0,53,20,31,16,52,22,12,32,85,34,21,31,23,47,31,49,39,32,45,31,24,54,40,50,34,48,17,12,58,34,33,31,40,33,23,46,21,31,33,31,78,31,31,36,31,8,13,16,73,44,7,59,53,7,17,37,14,16,7,7,16,34,31,56,34,25,38,72,50,11,26,29,40,67,41,22,31,24,31,29,34,41,31,36,31,31,43,66,33,31,1,43,31,31,31,31,3,53,34,71,15,48,33,31,31,31,34,32,31,45,31,31,26,69,10,42,55,85,45,31,10,0,70,77,31,12,31,66,31,36,27,31,7,22,15,29,55,1,43,8,3,42,13,0,53,0,24,11,1,31,18,46,50,18,2,10,0,61,15,57,0,14,46,48,29,14,38,36,40,41,38,0,4,9,31,8,5,31,0,15,22,9,7,35,67,35,3,7,53,0,7,36,8,41,17,2,32,0,7,31,52,20,41,14,1,48,78,0,50,6,56,12,0,17,7,6,31,33,12,71,22,15,18,2,31,31,37,62,60,54,27,32,49,37,19,10,14,38,45,9,26,32,16,39,0,77,56,14,38,16,1,10,31,16,6,31,3,3,32,12,7,16,10,35,31,0,39,51,13,18,47,0,4,6,31,14,31,0,53,2,50,61,10,44,12,39,10,9,15,25,56,40,0,14,3,2,8,64,14,0,39,70,48,25,13,23,79,10,36,14,53,34,44,0,26,8,42,13,64,31,35,2,32,31,15,69,31,39,31,40,68,25,55,31,32,31,3,31,43,1,32,46,40,22,51,24,15,34,0,33,5,39,33,31,10,32,41,40,24,52,45,11,13,19,24,17,50,11,0,14,0,22,10,22,27,0,12,13,50,54,63,32,34,31,53,9,19,53,34,31,12,1,0,36,25,39,31,9,26,85,31,31,31,62,37,31,35,0,67,39,47,26,31,31,45,0,31,48,12,67,22,17,43,44,50,13,34,25,65,7,31,12,42,7,20,8,50,16,16,54,60,0,32,20,0,73,24,45,9,30,16,15,38,50,47,0,18
22,35,19,0,29,19,29,25,15,22,1,27,30,29,21,29,6,116,24,24,24,19,51,29,56,27,35,23,51,26,35,34,81,36,25,63,52,58,20,59,26,26,46,23,36,29,24,20,25,32,28,21,29,31,26,25,24,26,18,50,28,8,26,19,28,25,11,19,19,26,49,25,27,27,29,24,27,29,12,37,29,26,29,6,29,29,28,26,38,60,40,15,3,53,7,19,52,56,19,58,46,49,50,51,19,30,29,24,49,20,1,0,57,18,28,8,22,43,21,25,8,29,18,25,4,26,8,26,29,13,25,23,26,52,16,29,26,29,26,81,25,32,28,33,36,27,31,29,27,10,28,26,19,29,29,52,25,58,21,7,19,21,29,27,69,15,27,22,34,32,6,26,13,2,29,53,22,58,29,17,52,21,52,67,15,46,64,35,69,49,52,52,25,36,2,18,56,52,53,68,20,44,0,74,53,5,14,28,26,7,27,13,11,7,64,56,52,26,53,56,26,69,37,51,40,58,2,7,30,55,53,9,74,52,12,35,32,35,52,28,69,36,26,34,43,34,16,52,19,0,67,2,28,25,57,66,43,44,26,29,20,58,6,42,28,28,30,7,26,11,24,15,17,39,9,2,8,55,18,55,24,7,29,33,27,37,8,65,14,5,20,11,34,52,38,5,33,58,29,43,58,46,57,70,19,42,25,31,63,10,19,40,27,7,69,72,76,26,45,31,74,9,52,6,14,56,12,21,26,56,30,22,5,10,5,73,41,71,52,68,3,23,74,24,7,0,48,50,35,6,52,26,58,12,2,5,71,14,58,9,58,3,26,23,52,34,29,58,25,26,8,26,20,12,26,13,29,28,19,66,26,36,34,5,5,29,23,28,27,56,32,46,5,43,8,20,29,53,3,8,20,26,16,35,55,55,5,22,58,9,28,30,26,69,28,55,30,34,69,57,23,22,8,5,13,21,31,26,54,28,7,5,26,52,52,69,26,33,20,23,31,4,6,26,27,29,28,7,25,26,63,7,20,5,40,29,2,13,33,26,0,46,7,60,34,42,7,6,27,16,40,31,52,30,54,21,53,41,32,2,48,41,24,21,73,36,24,69,8,49,9,26,20,43,37,21,8,13,67,37
19,62,36,59,99,100,102,103,80,22,74,59,102,102,3,102,45,24,116,26,1,58,5,102,43,65,33,101,24,104,13,51,0,68,103,36,23,0,89,0,11,102,31,79,22,102,2,14,9,33,103,70,97,12,100,2,14,102,98,21,103,3,102,83,93,111,66,91,28,21,0,93,105,100,102,109,104,3,39,0,102,102,102,35,102,102,107,102,33,0,75,69,14,48,11,106,0,0,101,1,55,28,48,36,90,102,89,99,82,105,54,68,23,85,97,88,53,41,10,102,2,102,86,102,49,102,49,100,102,71,47,94,102,22,6,102,102,102,102,7,42,96,82,21,31,104,100,102,102,79,103,95,104,102,102,41,82,21,90,74,72,105,102,4,0,14,62,96,1,99,14,102,82,49,102,48,58,8,20,14,20,108,3,0,18,27,0,13,0,39,1,20,102,44,71,14,0,23,45,0,21,21,16,0,41,36,14,4,1,9,26,2,76,30,0,0,7,102,2,2,100,0,25,40,0,12,48,17,98,0,48,43,0,5,3,0,14,36,23,12,0,32,102,70,4,38,1,22,14,70,0,9,9,12,0,0,3,33,7,102,89,0,14,22,13,2,11,59,102,2,34,21,14,0,3,55,1,2,4,0,109,4,4,28,18,22,78,0,13,12,1,0,22,22,38,81,21,15,102,0,0,19,0,1,4,30,106,100,0,0,102,2,3,97,0,0,0,102,0,100,0,23,19,92,46,21,13,0,13,40,9,4,1,47,6,0,0,0,23,8,14,1,0,81,14,4,40,0,0,19,15,95,1,13,59,79,0,6,10,1,0,31,102,31,23,30,102,4,44,102,77,102,14,14,64,21,102,103,96,0,102,5,14,74,64,92,14,29,7,0,96,0,3,21,1,3,102,45,6,9,103,4,3,31,44,41,3,85,0,62,0,2,0,0,11,0,5,6,0,0,1,103,11,12,1,102,100,84,0,61,10,62,102,61,22,0,107,7,106,97,3,1,14,101,102,102,81,69,102,106,0,14,102,19,0,102,56,91,16,102,76,0,13,11,43,43,11,11,0,3,44,67,2,102,0,95,0,11,7,6,4,4,14,46,0,10,6,0,19,62,18,3,6,82,21,10,3,8,0,21
94,17,17,21,20,28,17,21,24,8,28,13,17,17,11,17,26,24,26,116,88,3,67,17,70,15,80,19,0,17,79,7,33,17,17,5,0,0,32,1,70,19,67,10,90,17,82,66,34,81,18,24,20,75,19,65,63,19,18,4,17,6,19,19,17,24,33,19,35,94,0,18,20,17,17,23,17,84,10,9,17,17,17,9,17,17,22,17,90,2,17,28,10,71,20,34,5,0,33,0,19,0,73,77,31,17,12,18,18,33,35,36,0,21,17,41,10,5,87,17,25,17,22,18,22,19,19,19,17,17,10,27,19,0,5,17,19,17,19,27,10,19,18,88,68,17,17,17,17,37,18,24,28,17,17,62,15,0,13,29,24,28,17,93,23,49,14,24,83,16,11,17,35,19,17,71,3,0,94,43,0,23,0,21,41,78,15,46,23,81,0,0,20,0,22,7,35,0,74,19,73,77,13,28,71,9,72,2,90,46,89,37,30,32,16,0,0,17,52,34,19,23,92,81,2,0,17,9,21,28,71,17,28,0,7,84,73,2,0,20,23,87,19,17,48,14,70,0,72,32,21,23,88,26,0,46,34,84,90,17,32,1,26,86,93,86,86,42,19,10,9,70,63,0,63,34,16,49,74,0,21,14,92,95,82,89,35,25,19,41,82,18,92,0,85,43,87,0,17,43,34,4,0,27,44,87,21,17,24,15,21,43,77,39,23,16,18,17,70,17,26,70,0,43,24,35,76,81,83,71,89,89,50,30,28,29,72,16,0,37,31,85,28,23,12,19,60,0,0,12,0,22,0,9,34,24,28,4,0,12,0,11,17,98,0,98,17,0,7,17,37,19,46,25,14,70,17,18,28,11,17,59,83,17,30,20,95,5,80,0,19,21,37,68,16,1,17,74,19,38,23,2,1,77,75,72,45,13,0,20,87,71,90,23,86,0,78,68,23,0,86,32,5,9,64,26,17,10,0,13,17,8,19,14,0,23,20,73,33,24,90,48,19,23,17,17,13,23,20,19,17,21,22,31,0,17,32,42,82,19,34,0,10,40,90,6,21,24,89,1,33,30,0,17,0,23,6,70,87,19,52,77,70,29,27,89,96,23,14,41,76,90,81,17,91,8,9,9,21,89
91,0,12,34,3,7,0,5,36,1,20,4,0,0,8,0,14,24,1,88,116,0,61,0,52,29,63,0,0,1,98,1,33,0,2,10,0,0,22,0,64,3,82,7,73,0,102,68,44,65,0,12,3,82,3,83,56,4,2,7,0,16,4,28,4,1,41,8,18,90,0,3,0,0,0,2,0,100,2,10,0,1,0,5,0,0,2,0,74,0,0,10,33,52,19,8,6,0,12,0,2,0,56,61,27,0,7,2,0,10,15,44,0,29,0,21,4,7,99,0,47,0,31,2,42,4,8,3,0,0,4,16,3,0,0,0,3,0,3,26,21,3,5,75,56,0,0,0,0,22,0,11,5,0,0,51,4,0,3,13,12,5,0,110,21,49,3,19,101,0,5,0,17,37,0,52,0,0,86,36,0,2,0,20,37,63,14,39,21,61,0,0,4,0,30,1,33,0,56,18,59,60,28,26,57,12,72,3,114,44,73,57,10,51,15,1,0,0,49,33,3,21,72,60,10,0,43,5,3,47,52,0,26,1,9,101,66,0,0,12,21,75,4,0,57,13,90,0,65,18,22,35,108,32,1,44,44,67,106,1,22,0,21,70,99,106,102,36,3,17,5,56,63,0,87,44,39,49,95,1,2,21,107,73,71,75,29,25,14,42,103,33,77,0,65,31,75,1,1,63,33,0,0,29,65,68,1,0,33,23,2,42,97,14,21,15,16,0,68,0,24,54,0,19,7,20,78,103,85,57,103,111,77,17,35,27,72,15,0,28,27,109,26,13,3,36,49,0,0,8,0,4,0,2,58,19,26,4,0,33,0,7,0,74,0,74,0,0,5,0,20,4,50,20,0,57,0,0,14,12,0,57,99,0,41,0,95,4,90,0,3,29,57,90,40,0,0,55,39,52,3,0,1,64,55,55,64,30,1,9,111,84,112,21,98,1,96,62,21,0,109,8,6,7,83,8,0,4,1,32,22,0,3,0,0,21,1,80,10,9,106,76,14,12,0,0,4,14,5,0,18,17,4,47,0,0,23,24,97,4,19,1,10,30,66,5,27,19,113,6,16,8,0,0,0,4,5,70,101,36,52,79,70,9,26,83,108,21,10,24,76,105,86,0,76,1,28,22,22,72
0,26,5,54,59,62,62,62,53,31,56,34,63,62,30,62,22,19,58,3,0,116,29,62,7,44,9,62,78,62,4,22,45,30,62,28,77,54,56,54,12,62,4,48,4,62,1,0,15,6,62,34,59,13,60,0,0,62,59,20,62,0,62,58,58,62,49,62,4,1,54,56,62,58,62,62,62,0,37,25,62,60,62,31,62,62,62,65,6,54,65,33,10,10,0,55,54,54,62,55,42,73,10,4,56,63,53,58,41,58,33,55,77,58,69,62,36,35,0,68,10,62,56,59,42,62,38,60,62,55,18,57,62,76,11,62,62,62,62,33,14,58,43,0,0,64,62,62,66,70,62,62,62,62,62,11,45,75,74,58,34,61,62,0,54,0,30,56,4,61,0,65,62,44,62,10,109,62,0,7,74,62,57,49,1,6,54,13,54,4,50,74,62,98,56,19,28,77,7,54,0,17,9,54,4,34,0,46,0,0,2,10,65,20,54,54,61,65,47,48,60,54,7,4,45,66,47,0,59,29,10,34,54,59,17,8,0,88,77,39,54,4,62,30,3,40,0,76,9,50,54,0,1,10,54,44,25,10,4,62,56,54,0,6,0,0,4,34,62,5,0,0,0,30,0,45,0,31,0,54,62,0,0,4,9,4,60,54,6,0,0,0,5,76,10,58,0,69,62,22,43,4,54,40,3,7,64,62,48,6,59,20,0,60,54,54,54,65,36,62,54,3,73,59,28,24,0,0,0,4,1,1,0,36,0,54,36,54,77,48,0,0,54,62,0,0,2,54,25,5,69,62,55,2,56,56,49,24,64,0,54,19,65,0,77,0,62,58,15,65,64,62,2,4,75,0,62,62,58,54,65,21,4,99,48,62,0,4,5,54,58,48,0,4,0,21,62,7,2,0,62,52,22,3,7,4,0,56,54,47,0,28,0,54,0,54,1,9,54,54,0,57,0,0,0,62,62,56,54,34,1,74,62,48,76,54,62,14,59,62,1,1,0,58,66,62,50,50,62,62,54,0,62,11,30,62,49,54,4,62,58,37,0,37,10,14,8,0,1,15,6,29,56,63,49,62,54,9,1,0,38,22,0,25,54,11,0,54,5,21,0,3,0,58,3,24,0,5,54,4
56,10,23,0,1,4,0,1,11,24,0,11,0,0,30,0,23,51,5,67,61,29,116,0,50,8,56,0,33,0,59,7,49,9,0,30,33,39,0,40,79,0,46,11,68,0,61,69,33,53,0,25,2,73,0,58,70,0,8,37,0,11,0,0,15,5,26,5,33,57,33,12,1,0,0,5,0,67,9,18,0,0,0,17,0,0,5,3,59,41,19,12,2,46,11,12,33,39,5,39,25,28,46,54,1,0,13,0,6,4,7,21,39,2,6,19,21,37,65,4,9,0,5,0,5,0,11,0,0,10,15,0,0,33,24,0,0,0,0,41,14,3,18,60,56,1,2,0,3,24,0,0,11,0,0,53,15,39,9,9,23,10,0,62,50,52,10,0,68,2,19,3,17,0,0,46,33,39,69,44,33,7,33,43,26,70,45,67,50,62,28,33,0,33,9,24,50,33,47,49,69,68,5,55,52,2,63,30,63,31,69,19,16,13,45,37,33,3,75,57,0,50,64,60,27,39,1,19,3,33,46,7,55,33,13,72,76,31,33,39,50,56,0,7,51,30,43,33,68,10,48,16,56,23,38,73,40,58,60,0,0,39,30,71,70,66,56,16,0,5,19,59,66,28,50,23,8,75,48,36,4,13,65,72,76,65,13,46,29,34,56,14,64,33,56,10,62,39,0,40,57,10,38,55,25,59,4,2,42,9,10,47,67,18,50,53,57,3,101,2,55,50,33,24,8,26,56,58,75,49,65,62,30,8,13,56,97,52,33,58,28,60,55,13,19,16,51,39,21,20,33,7,39,21,15,0,45,16,39,8,39,15,3,69,33,73,0,39,18,3,19,0,43,31,13,54,0,0,0,47,3,86,59,12,15,13,65,16,79,39,3,44,16,46,10,15,0,47,3,38,2,31,30,73,49,51,20,0,39,23,64,72,63,50,70,36,70,81,50,38,58,13,16,18,55,2,2,13,35,6,14,10,0,19,33,50,2,81,6,0,61,29,23,0,3,0,10,2,0,0,44,24,4,22,28,0,19,9,56,0,1,24,19,50,61,20,10,18,62,17,25,17,33,0,30,9,34,76,64,13,67,78,73,24,54,86,68,50,25,23,51,61,63,14,64,29,9,11,48,67
18,76,22,62,113,99,116,111,74,12,78,63,115,116,2,116,31,29,102,17,0,62,0,116,57,68,41,106,24,112,11,63,2,82,111,33,23,0,91,0,3,112,32,83,34,116,1,0,14,40,115,56,108,7,111,0,0,111,98,17,114,3,111,87,89,107,60,89,30,21,0,88,113,109,115,106,113,3,48,0,116,111,116,22,116,116,110,113,38,0,75,61,12,62,0,94,0,0,99,1,58,32,58,48,89,115,87,107,94,98,48,57,23,86,109,91,48,34,2,110,0,116,81,107,51,111,44,111,116,80,41,97,113,22,8,116,113,116,112,14,37,110,74,31,27,112,114,116,112,79,115,104,102,116,116,46,77,21,91,74,58,101,116,3,0,0,68,97,3,113,0,113,96,49,116,61,61,8,14,0,20,103,3,0,20,36,0,0,0,43,1,20,111,44,67,18,1,23,58,0,7,24,11,0,52,45,0,0,0,2,18,0,79,29,0,0,7,113,2,1,110,0,39,44,0,12,47,3,110,0,62,57,0,5,0,1,0,34,23,2,0,39,111,84,7,35,0,22,0,61,0,3,8,0,0,0,6,44,7,114,91,0,0,25,7,0,11,57,113,5,20,7,0,0,0,47,0,0,3,0,106,0,3,28,22,36,80,0,0,0,0,3,27,22,46,85,30,15,115,1,6,29,0,5,3,44,110,114,0,0,96,11,2,87,0,0,0,113,0,114,0,10,19,80,60,25,0,0,0,54,8,1,0,56,0,0,0,0,23,0,0,0,0,81,0,0,40,0,0,5,15,109,1,11,58,80,0,12,10,0,0,21,112,19,23,22,115,4,38,113,88,111,5,8,65,7,116,115,101,0,112,0,13,76,57,98,5,25,4,0,110,0,0,21,0,13,116,59,5,0,105,0,0,17,56,53,3,85,0,54,0,2,0,0,4,0,3,16,0,0,0,95,1,0,0,106,114,80,0,61,2,65,112,64,22,0,111,2,98,106,6,1,0,104,112,116,83,75,110,112,0,0,105,13,0,116,57,83,16,112,77,0,1,0,39,32,8,4,0,3,58,71,2,115,0,102,0,12,8,0,2,2,0,34,0,0,0,0,9,70,9,3,3,82,34,0,0,6,0,35
66,58,13,9,56,40,57,52,17,1,21,40,56,57,2,57,7,56,43,70,52,7,50,57,116,27,92,47,0,53,64,48,33,61,52,17,0,0,36,1,49,53,81,36,90,57,52,38,36,87,56,22,53,54,54,33,44,52,40,18,55,5,52,28,38,48,9,30,51,69,0,35,54,54,56,47,54,57,27,7,57,54,57,0,57,57,51,54,91,2,33,31,5,111,1,37,5,0,40,0,35,4,107,105,32,56,35,52,56,39,20,1,0,27,52,32,25,17,53,51,0,57,22,51,8,52,10,54,57,34,28,42,54,0,13,57,54,57,53,43,26,59,34,84,75,53,59,57,53,26,56,45,43,57,57,89,33,0,34,25,20,44,57,58,23,21,43,38,60,60,2,54,41,4,57,110,6,0,70,8,0,44,0,21,29,89,15,21,23,99,0,0,52,0,8,18,29,0,109,19,45,75,3,28,108,17,44,2,54,29,70,15,30,11,16,0,0,54,46,36,53,23,94,101,1,0,0,3,57,22,111,38,28,0,3,58,50,0,0,13,23,88,52,59,50,8,34,0,42,12,21,3,59,2,0,36,21,97,58,55,36,1,7,75,63,56,62,21,54,8,20,38,35,0,35,2,3,31,39,0,47,2,60,84,76,92,25,23,0,11,46,10,82,0,95,26,81,0,56,38,40,23,0,32,27,99,51,59,21,3,38,57,53,28,23,16,18,54,52,59,26,42,0,25,41,46,40,49,56,111,63,50,19,32,1,29,52,16,0,29,8,49,28,30,3,2,90,0,0,2,0,54,0,15,1,21,25,15,0,3,0,6,53,69,0,78,56,0,26,54,35,52,34,23,23,42,57,56,42,11,53,40,66,21,6,47,56,25,58,0,59,19,13,70,2,15,57,110,6,13,46,2,2,61,111,110,10,26,0,13,56,55,54,23,60,0,59,64,23,0,51,42,5,2,41,47,59,27,0,24,3,13,53,33,0,23,52,56,39,47,61,19,0,45,53,57,38,27,51,53,17,3,46,3,0,57,21,28,65,53,20,0,3,24,88,18,4,4,54,8,76,48,0,56,0,47,6,63,65,0,47,59,42,16,27,54,54,23,8,76,46,56,50,40,91,0,5,1,21,92
11,40,45,65,65,75,68,73,75,32,51,50,68,68,19,68,23,27,65,15,29,44,8,68,27,116,15,68,17,69,33,38,2,45,70,45,16,7,74,6,5,71,45,69,5,68,26,20,31,17,68,48,65,19,71,39,11,72,66,40,68,22,72,86,76,69,62,76,14,9,1,77,69,64,68,70,68,20,15,0,68,69,68,10,68,68,70,68,16,6,51,41,32,32,30,56,0,7,80,6,47,19,36,19,72,68,77,66,67,70,32,61,25,88,63,53,47,57,23,68,37,68,85,66,51,72,69,71,68,49,64,67,71,15,16,68,71,68,71,0,71,62,63,1,17,68,66,68,68,43,68,77,63,68,68,42,66,23,65,34,50,63,68,26,0,18,51,70,20,65,20,68,48,77,68,32,41,13,7,27,15,70,0,0,28,7,0,11,0,18,0,15,72,26,62,32,0,16,30,0,11,0,39,0,24,30,12,17,29,14,7,21,37,38,0,4,1,68,0,0,71,0,9,19,16,17,61,26,63,22,32,15,0,0,15,20,11,19,16,14,0,15,72,47,18,40,39,15,5,42,0,32,31,23,5,0,35,19,29,69,74,5,27,6,20,24,33,47,71,23,43,8,18,6,20,50,43,6,26,3,70,29,26,5,9,6,59,0,15,21,29,33,2,15,19,62,1,21,69,21,1,11,6,2,41,14,70,66,4,31,66,4,23,53,0,4,6,68,0,66,0,13,12,45,13,1,15,28,13,24,23,28,29,18,28,0,0,3,16,2,12,29,0,67,20,30,25,15,4,27,8,61,6,21,69,53,0,14,15,38,7,9,68,2,16,2,68,9,61,68,43,72,23,16,25,17,68,68,72,3,68,9,32,44,61,70,19,47,19,7,62,15,35,49,44,7,68,29,38,36,72,11,18,21,27,24,36,81,6,27,28,19,28,0,19,3,16,11,0,6,29,57,20,19,19,77,66,78,2,94,35,46,71,38,15,0,70,12,70,77,22,29,23,68,68,68,71,41,73,68,0,26,73,49,6,68,55,66,34,72,55,2,19,2,20,45,39,28,28,13,34,39,1,68,3,61,0,4,20,33,3,3,18,12,0,9,27,0,22,33,11,23,14,51,4,20,35,31,0,5
76,38,8,12,38,27,41,40,5,2,24,26,41,41,2,41,11,35,33,80,63,9,56,41,92,15,116,36,0,42,75,32,32,41,40,11,0,0,26,1,55,40,64,27,97,41,70,59,31,103,40,17,36,62,40,44,55,39,32,8,40,3,39,16,28,38,24,18,56,78,0,24,38,47,41,37,43,66,22,11,41,42,41,4,41,41,37,40,102,2,23,18,6,91,3,28,5,0,28,0,23,3,89,84,23,41,24,44,40,27,19,17,0,16,40,47,14,13,63,38,4,41,11,40,9,39,13,40,41,33,14,32,40,0,9,41,40,41,40,36,12,41,24,98,58,42,43,41,40,38,40,30,36,41,41,73,22,0,26,29,15,35,41,69,19,38,27,25,67,44,5,40,52,7,41,91,8,0,81,29,0,34,0,19,40,91,19,39,19,82,0,0,39,0,10,13,24,0,87,15,66,75,3,24,86,26,65,2,65,31,91,25,36,24,20,4,0,40,42,31,40,19,99,82,5,4,4,4,39,26,91,31,24,0,2,66,63,4,0,13,19,97,39,39,42,22,51,0,63,17,17,4,70,13,0,42,16,104,70,40,26,1,9,81,73,66,74,40,40,5,8,59,56,0,56,22,3,39,58,4,36,2,70,91,84,97,43,19,8,32,64,7,90,0,105,39,88,0,40,33,36,18,0,27,27,103,39,43,17,2,28,50,63,46,19,12,22,40,59,43,22,57,4,44,37,49,60,66,69,89,73,61,32,29,7,25,59,12,0,26,16,60,24,21,9,3,72,0,0,8,0,39,0,13,18,21,24,11,4,2,0,9,40,90,0,87,41,4,12,40,47,39,32,24,23,57,41,40,30,15,40,49,79,25,21,35,66,11,64,0,41,15,19,56,2,13,41,88,6,33,36,0,1,75,89,88,27,14,4,19,66,59,63,19,72,0,72,68,19,0,70,31,6,5,59,35,43,17,0,12,2,13,40,21,0,19,42,65,28,34,69,31,4,32,40,41,28,27,38,41,21,5,36,16,0,41,42,19,75,39,23,4,10,29,100,9,4,6,64,5,60,33,0,41,0,37,6,82,74,8,45,70,55,18,23,67,64,19,8,66,68,66,66,30,97,1,4,10,17,99
14,66,31,63,103,105,106,105,71,13,77,72,106,106,3,106,40,23,101,19,0,62,0,106,47,68,36,116,24,109,12,55,2,72,109,37,23,0,92,0,6,107,27,90,26,106,5,9,14,35,107,65,101,7,104,2,9,107,107,22,106,2,107,88,90,106,57,94,29,18,0,98,107,105,107,106,109,2,41,0,106,106,106,31,106,106,102,106,32,0,75,70,14,52,6,93,0,0,100,1,58,31,52,40,89,106,92,104,86,96,49,63,23,86,101,85,57,43,3,104,1,106,81,106,49,107,49,104,106,73,50,94,106,22,5,106,106,106,107,4,46,100,83,21,26,108,104,106,106,74,107,102,99,106,106,53,87,21,95,70,67,100,106,3,0,9,76,92,2,103,9,106,86,50,106,53,61,8,15,5,20,103,3,0,18,27,0,9,0,36,1,20,106,44,64,20,0,23,49,0,16,16,15,0,42,45,9,3,0,2,19,4,73,29,0,0,7,106,0,0,105,0,29,37,0,12,47,12,102,0,52,50,0,5,1,0,9,34,23,2,0,32,107,74,3,43,2,22,9,70,0,5,8,9,0,0,6,36,8,107,92,0,5,17,4,5,12,55,106,2,29,16,9,0,4,55,0,3,3,0,104,2,3,22,22,26,83,0,9,9,0,1,22,22,42,84,22,15,106,0,5,19,0,2,3,34,107,104,0,0,105,4,1,88,0,0,0,106,0,104,0,14,19,80,50,19,9,1,8,44,4,1,0,49,1,0,0,0,23,1,5,0,0,85,9,0,38,0,0,14,15,99,1,8,58,75,0,6,10,6,0,20,107,18,23,21,107,4,47,106,81,107,11,17,59,16,106,107,99,0,107,8,11,79,63,98,7,34,4,0,100,1,0,22,0,10,106,49,5,4,110,0,5,26,48,45,4,82,0,50,1,2,1,0,3,0,4,16,0,0,0,94,10,9,6,103,104,89,0,62,8,70,107,64,22,0,108,4,95,105,3,2,9,97,106,106,91,70,106,110,0,5,107,18,0,106,62,84,15,106,79,0,8,2,38,42,8,5,0,2,48,64,2,106,0,102,0,8,3,3,4,3,9,34,0,4,1,0,13,66,13,3,3,77,24,1,4,9,0,25
5,3,1,20,24,24,24,24,24,35,24,6,25,24,35,24,2,51,24,0,0,78,33,24,0,17,0,24,116,24,0,0,77,2,24,53,115,92,22,90,12,24,0,13,0,24,0,0,21,0,24,6,24,14,22,0,0,24,24,35,24,0,24,24,20,24,18,24,0,0,88,18,24,20,24,24,24,0,14,54,24,22,24,21,24,24,24,27,0,92,65,7,10,0,0,24,92,88,24,93,59,101,0,0,24,25,18,20,33,24,7,24,105,24,31,24,8,33,0,30,18,24,24,21,24,24,16,22,24,22,1,23,24,114,9,24,24,24,24,66,0,24,10,0,0,26,24,24,28,36,24,24,24,24,24,1,10,103,36,28,6,24,24,0,92,0,2,24,4,24,0,27,24,23,24,0,79,100,0,7,112,24,95,87,0,10,92,23,92,0,88,112,24,96,24,8,53,115,0,92,0,27,3,87,0,13,0,61,0,0,0,14,38,4,92,92,99,27,62,63,22,92,0,0,62,104,20,0,24,60,0,11,87,97,22,8,0,94,115,50,92,0,24,2,5,40,0,114,9,16,92,0,0,27,92,69,41,0,0,24,22,92,0,9,0,0,0,16,24,5,0,0,0,59,0,20,0,48,0,92,24,0,0,0,5,0,22,88,14,5,0,0,7,114,0,24,0,107,24,33,61,29,92,62,0,0,26,24,82,6,24,24,0,24,92,92,87,27,40,24,87,0,111,25,6,57,0,0,0,0,0,0,5,13,5,87,36,92,115,79,5,0,87,30,0,0,0,84,53,0,107,24,93,0,24,24,87,22,102,0,92,11,27,0,115,0,24,96,1,27,30,24,0,0,72,0,24,24,24,92,27,23,0,61,16,24,0,0,5,90,24,62,6,0,0,30,24,0,2,0,24,63,24,0,0,0,0,24,92,25,0,26,0,92,0,92,1,5,92,92,0,24,0,0,0,24,24,18,92,13,0,46,24,76,114,92,24,16,25,24,1,3,0,24,28,24,12,23,24,24,92,0,24,3,59,24,29,22,0,24,24,73,5,62,0,23,5,0,1,20,0,2,94,25,87,24,92,13,1,0,52,24,0,39,87,13,0,92,3,19,0,3,0,58,0,33,0,8,92,0
19,72,24,64,109,101,112,112,74,12,80,65,112,112,2,112,33,26,104,17,1,62,0,112,53,69,42,109,24,116,12,60,2,78,113,36,23,0,93,0,0,114,32,85,30,112,2,2,13,42,112,58,106,9,111,2,2,113,100,19,112,1,113,89,91,109,60,89,32,23,0,91,110,111,113,109,115,1,45,0,112,113,112,24,112,112,107,112,39,0,75,63,16,58,0,96,0,0,100,1,58,31,58,44,90,112,91,109,91,100,48,57,23,87,106,92,50,37,3,110,2,112,82,110,53,113,46,111,112,79,43,98,113,22,4,112,113,112,114,10,39,106,76,27,24,114,110,112,112,80,112,102,104,112,112,47,80,21,93,75,60,103,112,4,0,2,69,97,1,109,2,112,92,51,112,59,61,8,18,2,20,106,3,0,18,33,0,2,0,40,1,20,113,44,69,15,0,23,54,0,9,21,12,0,48,45,2,2,1,3,20,4,78,30,0,0,7,112,2,0,112,0,35,41,0,12,48,5,107,1,58,53,0,5,0,1,2,34,23,0,0,39,113,80,4,37,2,22,2,63,0,4,9,2,0,0,5,42,9,112,93,0,2,22,7,1,13,61,113,2,22,9,2,0,4,50,1,2,4,0,110,2,4,25,23,32,83,0,2,2,1,1,26,22,46,85,28,15,111,1,6,25,0,3,4,40,110,110,0,1,98,7,4,89,0,0,0,112,0,110,0,12,19,82,56,24,2,2,2,50,9,2,1,52,0,0,0,0,23,0,2,1,0,82,2,1,41,0,0,7,15,105,1,8,59,80,0,9,10,2,0,22,113,21,23,20,113,4,40,112,87,113,5,10,65,9,112,112,103,0,113,2,14,78,57,97,5,27,4,0,106,1,1,23,1,13,112,55,6,3,107,0,0,19,52,50,5,87,0,54,2,3,2,0,7,0,5,13,0,0,1,97,3,2,2,106,110,82,0,63,2,65,114,64,22,0,112,4,99,108,3,3,2,104,112,112,85,75,112,113,0,2,107,14,0,112,59,84,18,112,79,0,2,0,41,35,9,4,1,2,54,68,2,112,0,104,0,13,9,3,5,4,2,34,0,2,1,0,10,71,11,4,1,82,30,0,1,9,0,31
81,8,7,28,8,19,11,16,31,1,18,14,11,11,0,11,7,35,13,79,98,4,59,11,64,33,75,12,0,12,116,7,35,11,12,10,0,0,22,1,63,14,94,13,72,11,101,67,45,71,11,9,8,80,14,70,62,14,12,12,11,6,14,32,16,13,38,18,24,80,0,15,12,11,11,14,11,86,6,11,11,12,11,7,11,11,12,11,89,2,9,11,25,65,17,5,5,0,18,0,6,0,68,61,27,11,19,13,11,22,9,43,0,33,11,23,14,14,92,11,30,11,35,12,28,14,9,14,11,6,14,20,14,0,3,11,14,11,14,31,27,9,17,74,53,11,13,11,11,26,11,15,7,11,11,64,14,0,16,6,7,7,11,97,23,48,13,29,99,12,4,11,21,33,11,65,4,0,85,25,0,14,0,21,34,70,15,38,23,60,0,0,15,0,31,7,27,0,62,19,58,59,28,28,64,6,71,3,100,39,72,43,8,48,16,0,0,11,44,34,14,23,72,60,8,0,36,8,10,49,65,4,28,0,2,98,70,0,0,13,23,88,14,9,63,24,79,0,62,19,21,18,100,23,0,46,36,82,100,11,22,1,10,69,96,105,104,29,14,10,12,51,62,0,69,43,30,44,78,0,12,13,99,72,70,73,27,27,7,40,91,24,73,0,79,35,73,0,11,65,34,3,0,32,60,77,13,13,30,16,12,45,92,26,23,16,18,11,62,13,26,49,0,22,4,23,73,94,82,65,102,95,62,8,18,29,66,16,0,31,13,95,28,24,4,20,58,0,0,7,0,8,0,4,50,25,28,6,0,32,0,1,11,69,0,75,11,0,13,11,15,14,54,21,2,55,11,11,21,11,11,55,109,4,53,14,92,11,91,0,9,27,40,92,30,0,11,62,30,43,13,0,2,76,65,63,48,40,0,6,101,88,99,23,95,0,89,59,23,0,96,7,11,6,80,18,13,16,0,42,24,7,14,5,0,23,13,78,22,17,93,62,7,23,11,11,15,21,15,12,17,5,10,47,0,11,19,18,107,14,17,0,7,25,79,13,18,8,99,8,24,7,0,11,0,9,6,69,100,20,47,76,69,4,27,71,97,23,6,32,58,92,75,11,75,1,30,12,21,71
10,96,44,22,63,47,63,59,36,25,26,76,62,63,40,63,34,34,51,7,1,22,7,63,48,38,32,55,0,60,7,116,3,89,59,32,0,17,41,19,2,60,25,49,23,63,4,10,40,35,64,39,60,9,61,8,16,59,48,43,61,40,59,42,54,56,33,58,60,11,18,51,62,64,62,54,60,2,79,22,63,61,63,39,63,63,57,61,24,16,27,63,37,47,34,46,14,21,47,17,38,10,44,38,37,62,50,63,56,46,47,17,8,41,58,39,75,20,3,58,21,63,36,59,19,59,41,61,63,55,59,47,61,1,51,63,61,63,60,16,59,62,46,25,19,60,61,63,60,29,64,51,51,63,63,41,49,9,45,36,41,52,63,1,0,18,71,45,3,62,46,61,43,5,63,46,21,6,7,31,1,51,13,4,21,25,5,10,0,32,15,1,59,16,22,61,17,0,46,1,10,13,18,0,41,49,5,27,0,48,16,17,39,39,5,17,12,61,2,5,60,0,27,34,21,10,24,46,62,4,47,70,0,14,45,2,14,17,0,20,0,25,59,91,32,25,5,1,5,21,2,28,5,31,19,0,12,29,0,61,41,18,42,21,5,0,4,20,61,48,55,7,10,38,5,19,39,2,6,13,54,42,1,19,16,25,31,0,34,16,5,47,19,1,31,33,19,7,62,5,9,63,18,4,11,32,59,61,1,46,46,29,2,36,0,4,9,61,0,61,0,26,4,29,72,22,5,4,1,44,4,1,23,57,42,0,0,3,0,0,40,0,0,42,43,33,36,17,31,45,0,56,17,56,16,28,0,49,9,38,17,55,60,14,0,13,62,10,57,61,41,59,28,46,29,2,63,64,49,8,60,6,6,26,24,60,3,62,4,19,62,0,15,17,37,56,63,47,31,33,54,26,35,13,44,45,24,40,14,48,0,2,0,0,4,17,2,32,0,18,5,47,41,47,4,55,61,57,16,33,40,38,60,28,1,0,58,3,46,54,3,24,32,52,60,63,54,39,58,61,6,40,54,34,37,63,24,33,9,60,25,30,33,9,26,40,51,44,0,48,87,77,13,62,17,49,13,18,6,28,3,3,6,15,1,1,0,0,53,55,8,1,6,34,24,38,27,35,2,25
29,2,0,0,2,0,2,1,0,27,1,4,3,2,25,2,0,81,0,33,33,45,49,2,33,2,32,2,77,2,35,3,116,2,2,42,78,78,3,79,27,2,32,0,35,2,31,15,22,28,2,0,2,31,2,22,19,2,0,31,1,2,2,1,1,1,3,0,5,30,75,0,1,2,2,1,2,35,1,52,2,2,2,9,2,2,1,5,35,80,32,1,3,32,1,1,83,76,0,78,32,75,32,33,2,3,2,1,17,0,0,3,77,0,4,5,0,21,28,4,18,2,0,1,4,2,0,2,2,3,0,1,2,78,12,2,2,2,2,93,0,3,1,32,24,4,2,2,6,3,2,4,1,2,2,25,0,78,3,5,0,2,2,36,101,10,2,2,40,3,0,5,5,2,2,32,48,78,34,14,78,0,78,99,8,36,93,27,101,32,78,78,1,62,0,6,73,78,32,97,15,45,0,106,30,2,21,46,35,10,30,26,20,6,94,78,78,5,80,85,2,101,35,33,63,78,2,0,2,78,32,7,106,78,16,44,27,61,78,51,101,35,2,2,30,23,23,78,30,0,99,0,33,32,78,88,51,37,35,2,3,79,0,31,33,35,35,5,2,6,0,15,12,46,16,3,3,60,22,78,0,2,36,33,29,35,6,97,8,8,27,2,43,78,35,3,30,78,2,61,87,30,78,86,22,35,3,2,95,4,0,48,30,3,101,94,96,5,59,2,104,15,78,3,3,76,19,28,33,33,35,29,10,12,2,105,55,94,78,100,0,30,106,3,1,0,27,70,44,0,78,2,78,1,5,2,106,16,78,3,78,2,5,29,78,34,2,78,0,5,12,2,13,4,42,20,2,2,1,89,5,28,35,28,3,0,30,3,29,76,3,75,9,30,2,29,2,32,3,5,1,50,16,27,32,33,8,2,78,5,35,45,35,101,33,78,36,24,101,78,32,1,2,0,20,0,2,1,78,2,1,8,2,44,78,101,1,35,0,2,37,9,0,3,6,2,1,2,1,2,95,1,1,3,47,2,0,0,35,2,0,64,0,86,33,18,2,0,36,21,7,2,78,3,78,2,84,41,37,2,72,54,19,24,105,45,33,101,1,26,18,33,26,25,36,26,3,9,99,36
18,105,37,32,81,65,82,77,42,5,46,92,81,82,27,82,52,36,68,17,0,30,9,82,61,45,41,72,2,78,11,89,2,116,77,26,2,20,61,22,5,78,28,61,36,82,3,7,48,38,81,51,78,7,79,5,9,77,64,44,80,28,77,53,66,73,39,55,59,21,21,65,79,79,81,72,79,3,70,0,82,79,82,30,82,82,76,79,38,20,43,81,32,58,18,62,16,24,65,21,42,8,54,50,57,81,64,77,73,64,70,25,10,52,75,57,77,26,4,76,14,82,47,76,26,77,21,79,82,57,62,67,79,1,39,82,79,82,78,16,66,82,63,33,29,78,84,82,78,49,81,70,68,82,82,47,62,9,57,48,49,67,82,3,0,23,89,63,5,83,31,79,66,17,82,57,29,6,16,25,1,69,17,0,37,38,0,7,0,45,17,1,77,18,33,51,1,2,56,0,14,26,28,0,54,29,2,30,0,27,20,13,55,54,0,11,18,79,2,1,78,0,41,46,13,6,17,32,82,0,58,81,0,16,29,3,7,15,2,23,0,35,77,114,14,23,0,1,0,37,0,27,8,25,21,0,11,44,5,80,61,21,31,32,9,2,9,34,79,34,41,9,7,26,0,26,32,2,3,7,72,29,5,30,24,38,48,0,17,13,0,34,27,1,42,51,32,5,81,3,6,49,21,7,1,46,76,84,0,31,62,13,4,53,0,3,5,79,0,84,0,39,2,50,82,25,0,2,2,56,10,1,25,80,19,0,0,2,2,0,20,0,0,58,19,27,44,20,17,24,2,79,21,45,26,46,0,39,7,31,20,43,78,19,2,24,81,6,59,79,58,77,6,27,40,9,82,81,67,2,78,7,13,44,31,75,5,45,6,22,82,0,0,19,31,42,82,57,30,27,71,29,22,18,58,55,21,51,8,30,2,4,0,0,6,19,5,23,0,21,0,67,28,32,2,72,84,57,18,41,33,33,78,38,1,0,77,4,64,72,6,28,21,70,78,82,68,45,76,78,0,28,71,45,25,82,31,53,12,78,45,14,15,0,35,23,38,30,0,34,83,103,16,81,18,72,16,14,10,18,2,4,7,20,0,0,0,0,43,64,9,3,3,50,36,25,22,12,0,37
20,71,25,64,108,100,111,110,75,12,80,66,110,111,2,111,34,25,103,17,2,62,0,111,52,70,40,109,24,113,12,59,2,77,116,36,23,0,93,0,1,111,34,86,30,111,3,3,14,41,111,59,104,10,110,1,3,112,101,20,109,2,112,89,92,108,59,90,31,22,0,91,110,108,110,110,112,2,45,0,111,112,111,25,111,111,107,111,37,0,75,64,17,57,0,95,0,0,100,1,58,32,59,44,91,110,91,110,90,99,49,57,23,88,105,90,51,38,3,108,2,111,83,109,51,112,47,110,111,78,44,98,112,22,5,111,112,111,111,9,40,105,77,26,25,112,109,111,110,79,111,102,102,111,111,49,80,21,94,72,61,102,111,5,0,3,71,99,0,108,3,111,91,51,111,56,61,8,18,3,20,107,3,0,18,31,0,3,0,39,1,20,110,44,69,15,1,23,55,0,10,20,13,0,47,46,3,3,2,3,21,5,77,31,0,0,7,111,2,1,109,0,34,40,0,12,49,6,106,1,57,53,0,5,0,2,3,34,23,0,0,38,112,79,5,38,1,22,3,64,0,4,10,3,0,0,6,39,9,111,93,0,3,21,8,1,13,60,112,2,23,10,3,0,5,51,2,3,5,0,109,1,5,25,25,31,85,0,3,3,2,1,27,22,46,87,25,15,112,3,5,24,0,1,5,39,109,109,1,1,99,7,4,90,0,0,0,111,0,109,0,14,19,84,55,24,3,2,4,49,10,3,2,53,1,0,0,0,23,0,3,2,0,82,3,2,42,0,0,8,15,104,1,7,60,82,0,8,10,1,0,22,110,20,23,19,110,4,41,111,86,112,5,11,63,10,111,111,101,0,110,3,15,79,57,95,5,28,5,0,105,1,2,23,2,12,111,54,7,4,108,0,0,20,52,49,5,87,0,53,2,3,2,0,9,0,5,15,0,0,2,96,4,3,3,107,109,83,0,63,2,65,111,64,22,0,111,5,99,108,4,3,3,103,110,111,86,77,111,113,0,3,109,14,0,111,60,84,18,113,78,0,3,0,41,35,10,5,2,2,53,67,2,110,0,104,0,12,8,5,5,5,3,34,0,3,1,0,12,70,13,5,1,81,29,0,2,11,0,30
2,32,39,19,33,34,33,33,30,17,18,41,33,33,17,33,27,63,36,5,10,28,30,33,17,45,11,37,53,36,10,32,42,26,36,116,54,52,36,52,27,34,19,54,4,33,9,25,26,15,33,43,35,20,33,22,23,34,42,67,35,24,34,37,53,35,28,33,19,7,43,51,34,40,34,36,36,18,14,29,33,35,33,32,33,33,33,34,6,51,58,26,15,19,11,29,46,50,37,53,62,55,19,12,34,33,56,40,54,33,12,19,64,37,39,17,46,61,8,34,24,33,36,39,16,34,31,33,33,27,38,31,33,55,7,33,33,33,34,39,34,31,42,5,23,36,31,33,34,20,33,39,29,33,33,34,46,66,48,19,45,30,33,6,45,23,39,33,6,31,21,34,16,17,33,20,33,53,11,37,55,39,47,42,25,20,50,48,45,13,42,55,34,43,18,18,32,54,19,46,27,13,2,45,21,19,21,35,10,9,16,26,24,14,50,57,46,34,26,24,34,45,2,13,32,65,22,27,31,46,19,8,45,46,8,3,23,41,54,32,45,8,34,28,15,57,17,55,28,15,46,16,10,42,51,37,31,10,7,34,36,51,28,6,2,6,11,22,33,10,41,24,30,36,28,25,11,39,13,53,37,23,6,5,20,3,31,41,40,21,16,15,1,55,11,26,6,60,33,15,26,42,51,44,7,7,34,31,42,14,42,7,17,28,45,50,55,34,23,31,45,18,58,18,7,39,16,18,17,17,2,7,9,6,13,44,19,49,54,42,29,13,45,43,24,12,29,44,27,28,46,26,53,14,23,19,40,6,67,9,52,16,35,13,54,4,34,57,41,34,16,34,10,24,36,18,33,33,35,53,35,34,8,24,17,46,5,42,14,50,31,31,15,24,13,14,33,19,6,29,37,24,21,30,17,19,14,34,56,26,11,6,11,45,10,49,20,20,45,51,13,28,24,20,21,34,31,51,48,39,10,19,34,70,55,45,36,21,32,36,6,11,24,33,34,33,43,17,34,35,50,29,41,9,37,33,31,29,12,33,21,41,30,37,13,67,14,20,10,5,30,20,46,33,43,32,46,26,2,27,35,17,23,35,46,28,9,45,22,36,27,4,26,58,1,20,7,34,46,3
5,3,1,19,23,23,23,23,23,34,23,6,24,23,35,23,2,52,23,0,0,77,33,23,0,16,0,23,115,23,0,0,78,2,23,54,116,93,21,91,12,23,0,12,0,23,0,0,21,0,23,5,23,14,21,0,0,23,23,35,23,0,23,23,19,23,17,23,0,0,88,17,23,19,23,23,23,0,14,55,23,21,23,21,23,23,23,26,0,93,64,7,10,0,0,23,93,89,23,94,60,100,0,0,23,24,17,19,32,23,7,23,104,23,30,23,8,34,0,29,18,23,23,20,23,23,15,21,23,21,1,22,23,115,9,23,23,23,23,67,0,23,9,0,0,25,23,23,27,35,23,23,23,23,23,1,9,104,35,27,5,23,23,0,93,0,2,23,4,23,0,26,23,22,23,0,78,101,0,7,113,23,96,88,0,11,93,23,93,0,89,113,23,95,23,8,54,116,0,93,0,27,3,88,0,12,0,61,0,0,0,14,37,4,93,93,100,26,62,64,21,93,0,0,63,105,19,0,23,61,0,11,88,98,22,8,0,95,116,50,93,0,23,2,6,41,0,115,9,15,93,0,0,27,93,70,41,0,0,23,21,93,0,9,0,0,0,15,23,5,0,0,0,59,0,19,0,48,0,93,23,0,0,0,5,0,21,89,14,5,0,0,7,115,0,23,0,108,23,34,62,30,93,63,0,0,25,23,83,6,23,24,0,23,93,93,88,26,40,23,88,0,112,24,6,58,0,0,0,0,0,0,5,13,6,87,36,93,116,79,5,0,88,29,0,0,0,85,54,0,108,23,94,0,23,23,88,22,103,0,93,11,26,0,116,0,23,97,1,26,29,23,0,0,73,0,23,23,23,93,26,23,0,60,15,23,0,1,5,91,23,63,6,0,0,30,23,0,2,0,23,63,25,0,0,0,0,23,93,24,0,26,0,93,0,93,1,5,93,93,0,23,0,0,0,23,23,17,93,12,0,45,23,75,115,93,23,16,24,23,1,3,0,23,27,23,11,22,23,23,93,0,23,3,60,23,28,21,0,23,23,74,5,63,0,24,5,0,1,20,0,2,95,24,88,23,93,13,1,0,52,24,0,38,88,13,0,93,3,19,0,3,0,57,0,33,0,8,93,0
5,24,10,0,0,0,0,0,0,35,0,25,1,0,57,0,13,58,0,0,0,54,39,0,0,7,0,0,92,0,0,17,78,20,0,52,93,116,0,113,12,0,0,4,0,0,0,6,41,0,0,6,2,16,0,7,6,0,0,57,0,16,0,0,8,0,6,0,18,0,105,6,0,0,0,0,0,0,24,56,0,0,0,23,0,0,0,3,0,114,41,15,20,0,12,0,109,112,0,115,51,79,0,0,0,1,6,0,21,0,15,0,93,0,7,0,27,34,0,6,26,0,0,0,5,0,8,0,0,12,14,1,0,94,28,0,0,0,0,68,21,0,6,0,0,2,0,0,4,12,0,0,0,0,0,7,6,95,12,8,6,0,0,0,93,13,13,0,4,0,23,3,0,1,0,0,55,100,0,25,94,0,109,89,8,11,94,29,93,0,104,94,0,72,0,31,55,93,0,94,6,27,8,88,0,6,0,83,0,12,0,17,18,15,94,106,108,3,62,65,0,93,0,0,77,100,0,23,0,61,0,21,88,109,41,8,6,76,93,66,93,0,0,20,13,38,1,94,9,0,94,14,0,44,114,70,48,0,0,0,0,114,23,15,0,0,0,1,0,24,15,3,6,81,0,2,21,51,0,100,0,18,0,0,5,0,0,89,25,9,0,23,7,94,0,0,0,100,0,35,63,51,115,63,2,0,2,0,83,29,0,25,0,0,93,98,94,3,40,0,88,15,93,1,16,59,0,0,0,0,0,0,20,25,20,87,36,97,93,79,20,0,88,18,11,15,0,108,74,10,93,0,115,22,0,0,88,37,99,22,116,23,3,0,93,0,0,100,14,3,6,0,6,14,50,1,0,0,0,97,3,29,0,37,0,12,0,16,5,114,0,64,6,0,22,47,0,0,16,17,0,82,40,6,0,0,8,0,103,7,0,26,0,93,0,112,1,11,93,115,0,0,17,22,0,0,0,6,111,6,23,22,0,52,94,93,0,16,1,0,1,18,15,0,4,0,8,1,0,0,94,18,0,23,82,0,11,0,0,0,0,88,11,64,0,27,25,19,1,39,18,20,110,1,107,0,109,13,1,9,52,24,6,25,89,13,0,93,24,11,0,3,0,34,0,56,11,13,94,0
31,53,20,83,88,97,91,95,78,12,91,52,91,91,0,91,33,20,89,32,22,56,0,91,36,74,26,92,22,93,22,41,3,61,93,36,21,0,116,0,0,95,39,77,16,91,16,0,25,25,91,56,90,4,96,18,0,96,87,16,92,13,96,98,76,89,57,86,15,31,2,81,90,88,92,90,92,13,28,4,91,94,91,20,91,91,90,91,34,0,69,55,26,39,10,82,0,0,100,1,52,27,43,29,109,91,81,89,72,100,57,64,23,96,86,76,40,37,10,90,22,91,93,89,64,96,43,96,91,61,33,107,94,20,1,91,94,91,95,1,32,87,69,21,21,91,91,91,91,78,91,101,85,91,91,34,70,21,79,71,56,84,91,25,0,0,56,102,12,90,3,91,74,70,91,40,57,8,18,6,22,90,1,0,33,20,0,0,0,28,3,22,96,42,73,8,0,21,37,0,7,14,23,0,32,42,0,0,22,13,9,22,66,49,2,2,5,91,0,0,97,0,19,28,6,12,71,0,88,11,39,39,0,3,9,14,0,32,21,0,0,32,96,61,12,32,23,20,0,69,0,16,30,4,0,0,10,29,30,93,116,0,6,18,15,14,34,61,94,14,17,9,0,0,18,58,22,0,27,2,92,16,22,14,10,16,83,4,2,2,23,20,21,20,26,94,24,15,92,15,2,10,0,7,25,23,90,91,8,19,86,0,16,76,0,0,0,91,0,91,2,15,17,73,38,17,8,20,1,33,19,23,22,54,19,0,4,0,21,0,6,24,0,89,2,18,27,0,0,7,13,87,1,2,78,85,0,7,10,18,0,24,92,18,21,14,92,4,30,91,70,96,11,0,55,7,91,91,106,0,92,0,29,70,63,82,14,19,8,0,87,8,22,46,22,3,91,36,25,12,92,0,0,14,36,33,27,92,0,45,21,13,22,0,10,2,10,4,0,0,22,82,4,5,11,97,91,71,0,72,11,55,95,56,20,0,90,0,98,101,22,24,2,101,91,91,71,76,97,91,0,6,93,28,0,91,54,102,29,95,93,0,3,0,24,30,30,18,22,4,35,55,0,91,0,88,0,3,17,14,1,4,0,30,0,6,18,0,5,52,19,25,9,69,18,0,13,22,0,16
3,26,11,0,0,0,0,0,0,34,0,27,1,0,59,0,15,59,0,1,0,54,40,0,1,6,1,0,90,0,1,19,79,22,0,52,91,113,0,116,13,0,1,4,1,0,1,7,44,1,0,6,2,17,0,6,7,0,0,58,0,17,0,0,8,0,6,0,21,0,106,6,0,0,0,0,0,1,26,55,0,0,0,25,0,0,0,3,1,113,41,17,18,1,13,0,107,113,0,113,49,79,1,1,0,1,6,0,21,0,17,0,93,0,7,0,29,33,0,6,28,0,0,0,3,0,7,0,0,12,15,1,0,92,29,0,0,0,0,69,23,0,6,1,1,2,0,0,4,12,0,0,0,0,0,8,6,95,12,8,6,0,0,1,92,16,15,0,5,0,24,3,0,0,0,1,55,98,1,26,92,0,107,88,9,12,93,30,92,1,102,92,0,72,0,32,56,91,1,93,7,28,9,89,1,4,1,80,1,15,1,20,18,17,93,104,106,3,63,66,0,92,1,1,75,98,0,24,0,62,1,23,89,107,42,9,7,74,91,67,92,1,0,22,14,38,0,92,10,0,92,16,0,46,112,71,47,1,1,0,0,113,24,16,1,1,1,0,0,25,16,4,7,82,0,1,22,52,0,98,0,19,1,1,6,1,0,88,26,6,1,24,8,92,1,0,1,98,0,36,64,53,112,64,1,1,2,0,81,30,0,26,1,0,92,97,95,3,41,0,89,18,91,1,18,60,1,1,1,1,1,0,18,27,18,88,37,96,91,80,18,1,89,18,12,17,1,105,71,12,91,0,113,23,0,0,87,38,97,23,113,21,3,1,91,1,0,98,15,3,6,0,6,16,50,0,0,0,0,95,3,30,1,37,0,12,1,17,6,111,0,63,4,1,23,49,0,1,17,19,0,83,41,7,1,1,10,0,101,7,1,27,1,92,1,110,2,12,92,112,1,0,18,23,1,0,0,6,109,6,24,20,0,52,92,92,0,17,1,0,2,20,16,0,4,0,8,1,0,0,92,20,0,25,83,0,9,0,1,0,0,86,9,65,1,27,23,20,2,40,21,22,107,1,104,0,108,14,2,10,53,25,7,25,90,14,1,92,26,12,0,4,1,34,1,57,12,11,92,1
56,5,45,0,6,9,3,1,16,17,0,16,3,3,15,3,45,26,11,70,64,12,79,3,49,5,55,6,12,0,63,2,27,5,1,27,12,12,0,13,116,0,44,19,72,3,68,89,25,51,2,47,6,73,0,48,88,0,15,29,4,17,0,0,18,6,29,9,26,57,12,18,4,1,3,7,1,78,11,15,3,0,3,41,3,3,8,0,57,14,5,23,8,47,24,19,17,12,6,12,7,7,44,58,1,3,17,1,2,7,9,33,12,2,8,19,25,42,73,0,14,3,5,0,7,0,9,0,3,0,29,0,0,12,17,3,0,3,0,31,17,8,33,63,90,0,5,3,0,22,2,3,11,3,3,48,29,12,15,8,45,11,3,62,27,74,21,0,71,5,26,0,20,0,3,47,12,20,76,54,12,10,12,20,35,69,19,87,27,66,7,12,0,12,9,23,32,12,50,23,91,65,19,32,56,17,97,20,66,36,78,37,11,11,20,12,12,0,56,35,0,27,67,64,7,12,4,29,7,22,47,5,32,12,2,64,82,14,12,44,27,54,0,3,36,38,45,12,102,29,25,19,56,33,12,50,22,59,58,3,0,13,36,60,70,74,54,18,0,7,37,84,88,5,71,36,1,59,43,20,5,12,65,76,83,68,16,27,49,62,57,9,62,12,56,10,63,12,3,28,33,3,12,41,20,62,3,5,25,2,17,40,69,23,27,20,22,0,80,5,30,66,12,28,13,13,87,61,92,52,65,63,33,13,12,33,80,20,12,41,41,61,32,9,34,17,53,12,0,38,20,10,12,24,18,0,22,10,12,5,12,20,0,73,12,82,3,20,32,0,18,0,52,46,5,88,3,2,0,15,0,96,57,6,31,11,70,27,85,12,8,23,30,45,2,1,3,50,1,38,6,18,25,77,53,53,22,0,20,22,67,59,66,27,76,12,77,77,27,12,61,18,24,24,81,2,5,20,12,2,15,9,0,5,12,27,4,83,8,0,64,32,45,0,0,3,22,2,0,1,21,30,5,23,5,3,25,12,54,0,2,3,38,40,61,36,5,15,65,4,20,18,12,3,7,12,18,74,64,24,62,77,95,37,31,88,72,27,33,23,78,59,78,5,67,14,20,18,25,70
21,72,22,66,109,103,112,114,76,12,82,63,112,112,2,112,31,26,102,19,3,62,0,112,53,71,40,107,24,114,14,60,2,78,111,34,23,0,95,0,0,116,34,83,30,112,4,0,15,40,112,56,106,7,113,4,0,115,98,17,112,1,115,91,89,107,62,91,30,25,0,89,110,109,113,107,113,1,45,0,112,111,112,22,112,112,107,112,41,0,75,61,14,58,2,94,0,0,102,1,58,31,60,44,92,112,89,107,91,102,50,59,23,89,106,94,48,35,5,110,4,112,84,108,55,115,44,113,112,79,41,100,115,22,4,112,115,112,116,10,37,106,74,27,24,112,110,112,112,82,112,102,102,112,112,45,78,21,91,75,58,101,112,6,0,0,67,99,1,109,0,112,92,53,112,59,61,8,16,0,20,104,3,0,18,33,0,0,0,40,1,20,115,44,71,15,0,23,54,0,7,21,14,0,48,43,0,0,3,5,18,2,78,32,0,0,7,112,2,0,114,0,35,41,0,12,50,3,107,3,58,53,0,5,0,3,0,34,23,0,0,41,115,80,4,35,4,22,0,61,0,6,11,0,0,0,7,42,11,112,95,0,0,22,9,3,15,59,115,2,20,7,0,0,2,48,3,0,6,0,108,4,6,25,21,32,81,0,0,0,3,1,26,22,44,87,28,15,111,3,6,25,0,3,6,40,110,110,0,3,96,7,6,87,0,0,0,112,0,110,0,10,19,80,56,24,0,4,0,50,11,4,3,52,2,0,0,0,23,0,0,3,0,84,0,3,39,0,0,5,15,105,1,8,61,82,0,9,10,4,0,20,113,19,23,20,113,4,38,112,87,115,7,8,65,7,112,112,105,0,113,0,16,76,59,97,7,25,6,0,106,1,3,25,3,13,112,55,8,1,105,0,0,17,52,50,7,89,0,54,4,5,4,0,5,0,3,13,0,0,3,95,1,0,4,108,110,80,0,65,4,65,116,64,22,0,110,2,101,110,3,5,0,106,112,112,83,77,114,111,0,0,105,16,0,112,57,86,20,114,81,0,0,0,39,33,11,6,3,2,54,68,2,112,0,102,0,11,11,1,3,2,0,34,0,0,3,0,8,69,9,6,1,82,30,0,3,7,0,31
73,29,15,32,29,34,32,35,45,0,24,22,31,32,0,32,0,46,31,67,82,4,46,32,81,45,64,27,0,32,94,25,32,28,34,19,0,0,39,1,44,34,116,24,62,32,81,45,50,66,32,13,28,71,35,56,40,35,26,20,31,7,35,51,28,31,24,31,25,72,0,24,32,31,31,32,31,71,7,11,32,33,32,0,32,32,32,32,78,2,24,19,25,86,13,23,5,0,34,0,21,1,90,77,43,31,28,34,32,41,12,23,0,51,28,16,19,18,74,31,28,32,53,33,33,35,9,35,32,14,22,37,35,0,1,32,35,32,34,32,35,26,21,65,61,31,30,32,31,19,32,34,26,32,32,75,23,0,23,11,15,25,32,87,23,26,23,51,80,29,0,32,12,37,32,85,4,0,68,7,0,32,0,21,25,63,15,19,23,74,0,0,35,0,39,1,28,0,84,19,36,56,26,28,81,4,49,0,84,40,54,38,9,38,16,0,0,32,46,35,34,23,63,74,8,0,33,3,27,46,86,8,28,0,2,84,48,0,0,11,23,83,35,30,62,11,62,0,42,12,21,22,90,13,0,36,37,72,91,32,39,1,5,60,86,83,95,22,35,10,20,31,40,0,54,21,30,31,68,0,33,12,87,62,57,64,17,27,0,18,75,25,67,0,73,29,63,0,33,65,34,8,0,30,60,68,31,30,31,16,26,46,75,18,23,16,18,32,52,30,26,31,0,12,8,29,53,77,62,82,92,79,46,13,18,29,56,16,0,29,8,79,28,37,0,20,69,0,0,0,0,25,0,2,34,34,25,6,0,29,0,2,31,59,0,59,31,0,21,32,8,35,52,19,7,33,32,32,41,11,31,38,97,7,35,26,78,22,74,0,26,28,40,103,30,2,32,83,33,25,31,0,0,58,81,80,39,61,0,4,84,78,84,23,79,0,73,49,23,0,80,21,5,2,61,38,30,24,0,59,20,7,34,20,0,23,31,63,40,36,84,47,0,44,31,32,24,26,36,32,17,0,30,27,0,32,4,32,100,36,19,0,0,23,72,22,18,8,84,7,45,21,0,31,0,24,6,54,90,17,46,60,47,5,27,54,79,23,3,49,42,83,58,28,66,0,26,12,21,62
12,57,45,55,80,85,83,82,63,14,60,71,83,83,7,83,53,23,79,10,7,48,11,83,36,69,27,90,13,85,13,49,0,61,86,54,12,4,77,4,19,83,24,116,21,83,8,24,11,27,82,75,83,12,84,15,24,84,97,35,85,18,84,71,90,82,54,78,28,16,2,100,83,82,84,83,86,15,26,0,83,86,83,35,83,83,82,82,20,4,55,62,17,40,12,71,1,4,80,4,49,21,40,30,73,83,101,81,71,77,34,55,22,71,78,61,61,57,12,82,13,83,68,89,44,84,47,84,83,62,56,78,82,12,8,83,82,83,83,1,56,78,89,13,35,84,81,83,82,53,82,82,78,83,83,55,95,21,86,49,77,77,83,1,0,24,77,76,5,81,21,82,63,37,83,41,47,8,20,19,14,86,0,0,26,21,0,23,0,31,2,14,83,33,51,21,0,12,38,0,31,10,12,0,39,45,20,11,5,3,24,13,52,23,2,10,0,82,0,0,85,0,17,29,3,12,47,27,77,5,40,34,0,1,0,0,24,23,12,8,0,22,84,63,6,46,9,12,20,60,1,14,7,26,4,0,11,24,5,85,77,3,20,13,3,8,9,44,82,1,44,28,27,3,24,52,5,9,8,6,85,15,1,19,31,18,69,0,23,20,9,8,13,12,29,66,20,17,84,1,3,16,3,9,3,22,83,81,3,4,93,5,17,72,0,2,4,82,6,81,2,21,8,61,33,14,16,9,21,35,1,8,6,40,5,0,6,1,12,1,18,10,0,78,20,12,46,4,1,30,4,76,4,15,50,59,0,1,15,10,4,29,83,19,12,16,84,4,59,82,59,84,16,27,41,27,83,82,79,2,83,22,8,60,53,85,7,44,12,4,78,6,8,27,7,7,83,37,2,22,88,0,14,41,35,36,9,68,5,40,6,1,6,0,11,6,17,24,0,3,4,70,22,20,21,84,81,89,1,68,9,52,83,47,12,0,86,14,76,84,2,9,24,75,82,83,89,53,84,84,1,24,89,25,3,83,55,71,12,83,60,1,30,1,28,61,12,19,5,0,41,52,0,83,0,82,0,16,0,22,9,8,24,25,0,15,5,0,26,50,30,3,18,55,16,5,7,27,1,20
86,34,13,6,37,19,34,29,12,0,20,17,33,34,10,34,20,36,22,90,73,4,68,34,90,5,97,26,0,30,72,23,35,36,30,4,0,0,16,1,72,30,62,21,116,34,73,64,29,93,33,22,35,72,31,58,61,30,26,7,32,7,30,7,17,27,30,8,53,90,0,14,33,31,33,26,31,81,25,7,34,31,34,5,34,34,29,31,95,2,14,18,2,88,3,32,5,0,19,0,19,4,85,99,14,33,19,29,33,19,14,20,0,6,33,45,5,6,76,28,9,34,3,29,13,30,7,31,34,29,5,22,31,0,15,34,31,34,30,42,6,39,18,103,75,30,36,34,30,38,33,23,32,34,34,67,17,0,15,29,20,32,34,77,23,47,20,19,81,36,5,31,54,3,34,87,3,0,93,32,0,23,0,21,39,98,15,44,23,99,0,0,29,0,12,12,36,0,91,19,71,89,0,28,94,16,70,0,75,32,96,26,38,16,16,0,0,31,54,35,30,23,111,97,0,0,0,5,38,22,88,31,28,0,0,78,71,0,0,18,23,94,30,34,48,11,55,0,68,15,21,15,71,18,0,46,29,100,74,33,16,1,16,95,85,79,70,42,31,5,5,64,61,0,59,24,0,49,58,0,25,5,80,110,99,112,30,23,13,37,66,9,102,0,100,31,102,0,34,37,39,20,0,35,27,106,30,36,21,0,22,55,78,35,23,16,18,31,74,36,26,58,0,41,44,46,63,71,81,93,84,70,34,38,7,29,74,16,0,30,21,70,28,14,5,9,74,0,0,6,0,41,0,19,17,19,28,9,0,1,0,7,30,95,0,104,33,0,8,31,52,30,33,25,21,68,34,33,20,11,30,62,74,18,14,29,79,8,81,0,39,19,19,52,1,12,34,91,3,29,25,0,4,73,94,94,30,7,0,26,77,62,76,23,82,0,83,87,23,0,70,35,7,5,66,25,36,6,0,5,3,8,30,17,0,23,31,78,19,25,80,34,13,23,30,34,16,26,29,32,17,10,24,14,0,34,30,19,72,31,18,0,6,32,91,5,0,11,75,4,51,41,0,33,0,36,6,85,84,12,54,79,68,29,27,79,77,23,17,59,70,75,76,21,110,0,3,5,21,114
18,76,22,62,113,99,116,111,74,12,78,63,115,116,2,116,31,29,102,17,0,62,0,116,57,68,41,106,24,112,11,63,2,82,111,33,23,0,91,0,3,112,32,83,34,116,1,0,14,40,115,56,108,7,111,0,0,111,98,17,114,3,111,87,89,107,60,89,30,21,0,88,113,109,115,106,113,3,48,0,116,111,116,22,116,116,110,113,38,0,75,61,12,62,0,94,0,0,99,1,58,32,58,48,89,115,87,107,94,98,48,57,23,86,109,91,48,34,2,110,0,116,81,107,51,111,44,111,116,80,41,97,113,22,8,116,113,116,112,14,37,110,74,31,27,112,114,116,112,79,115,104,102,116,116,46,77,21,91,74,58,101,116,3,0,0,68,97,3,113,0,113,96,49,116,61,61,8,14,0,20,103,3,0,20,36,0,0,0,43,1,20,111,44,67,18,1,23,58,0,7,24,11,0,52,45,0,0,0,2,18,0,79,29,0,0,7,113,2,1,110,0,39,44,0,12,47,3,110,0,62,57,0,5,0,1,0,34,23,2,0,39,111,84,7,35,0,22,0,61,0,3,8,0,0,0,6,44,7,114,91,0,0,25,7,0,11,57,113,5,20,7,0,0,0,47,0,0,3,0,106,0,3,28,22,36,80,0,0,0,0,3,27,22,46,85,30,15,115,1,6,29,0,5,3,44,110,114,0,0,96,11,2,87,0,0,0,113,0,114,0,10,19,80,60,25,0,0,0,54,8,1,0,56,0,0,0,0,23,0,0,0,0,81,0,0,40,0,0,5,15,109,1,11,58,80,0,12,10,0,0,21,112,19,23,22,115,4,38,113,88,111,5,8,65,7,116,115,101,0,112,0,13,76,57,98,5,25,4,0,110,0,0,21,0,13,116,59,5,0,105,0,0,17,56,53,3,85,0,54,0,2,0,0,4,0,3,16,0,0,0,95,1,0,0,106,114,80,0,61,2,65,112,64,22,0,111,2,98,106,6,1,0,104,112,116,83,75,110,112,0,0,105,13,0,116,57,83,16,112,77,0,1,0,39,32,8,4,0,3,58,71,2,115,0,102,0,12,8,0,2,2,0,34,0,0,0,0,9,70,9,3,3,82,34,0,0,6,0,35
84,1,20,26,4,12,1,6,38,1,16,9,1,1,8,1,16,24,2,82,102,1,61,1,52,26,70,5,0,2,101,4,31,3,3,9,0,0,16,1,68,4,81,8,73,1,116,80,43,71,1,22,4,82,4,72,60,5,5,7,1,7,5,25,5,2,43,13,24,83,0,8,1,5,1,3,1,90,5,15,1,2,1,8,1,1,3,1,75,2,1,16,26,51,20,10,5,0,9,0,3,0,55,62,21,1,8,7,1,11,9,46,0,26,1,23,9,10,97,1,43,1,28,3,35,5,5,4,1,1,9,12,4,0,3,1,4,1,4,25,22,5,10,84,58,1,3,1,1,26,1,8,7,1,1,54,7,0,6,16,20,6,1,101,19,57,8,20,102,2,5,1,21,31,1,51,1,0,86,36,0,3,0,19,30,62,19,51,19,61,0,0,5,0,32,7,31,0,55,15,71,61,30,24,56,8,84,3,104,50,81,55,18,44,20,4,0,1,48,30,4,19,74,61,12,4,35,8,6,53,51,3,24,0,2,102,70,4,0,12,19,74,5,1,56,18,90,0,75,22,17,27,96,36,0,42,40,68,98,2,16,1,15,71,99,110,94,40,4,10,8,64,75,0,81,56,31,48,90,4,3,12,104,73,71,75,21,23,20,53,104,25,76,0,64,28,75,0,2,62,30,0,0,28,55,69,2,3,27,16,5,41,95,15,19,12,22,1,66,3,22,56,4,23,10,25,86,107,89,57,105,99,68,17,30,25,70,12,0,26,24,99,24,18,10,26,48,0,0,13,0,8,0,6,52,20,24,6,4,33,0,1,1,78,0,76,1,4,8,1,21,5,48,23,0,62,1,1,13,15,1,61,97,1,46,3,93,7,92,0,5,24,52,82,31,1,1,54,31,46,6,0,4,65,56,55,61,31,4,15,105,83,104,19,98,0,92,64,19,0,108,12,11,7,95,9,3,9,0,33,26,5,4,0,0,19,2,80,11,8,97,66,16,13,1,1,9,17,6,1,21,10,3,47,0,1,19,18,94,5,13,4,12,36,65,7,19,12,103,8,21,12,0,1,0,8,6,79,102,33,51,80,74,11,23,75,100,19,13,32,70,96,86,1,77,1,34,17,17,73
51,6,56,9,3,9,0,1,26,24,0,21,0,0,17,0,52,20,14,66,68,0,69,0,38,20,59,9,0,2,67,10,15,7,3,25,0,6,0,7,89,0,45,24,64,0,80,116,35,58,1,58,3,74,0,64,96,0,18,24,1,15,0,9,23,9,44,10,39,52,0,27,3,6,0,9,2,79,5,16,0,2,0,37,0,0,5,0,52,8,0,26,15,36,33,22,0,6,6,6,8,0,36,47,1,0,25,7,7,7,8,46,6,11,0,22,27,39,77,0,27,0,14,3,16,0,18,0,0,6,36,0,0,0,16,0,0,0,0,11,35,5,42,63,77,2,2,0,0,17,1,0,14,0,0,55,38,6,13,13,56,14,0,66,5,93,30,0,72,2,33,0,20,9,0,36,0,14,73,63,0,12,0,5,38,51,8,86,5,55,0,0,0,0,18,19,17,0,39,4,107,47,24,10,45,22,108,15,70,38,84,53,19,23,8,8,0,0,34,21,0,5,59,53,7,10,13,36,6,26,36,2,10,0,5,68,90,6,0,24,5,49,0,5,39,40,59,0,99,32,3,31,60,60,5,28,29,51,62,0,0,6,43,66,75,78,58,27,0,4,44,97,111,5,87,54,15,48,60,15,7,15,69,70,71,60,19,5,55,77,71,14,58,0,52,13,57,6,0,30,19,6,5,19,22,54,4,2,3,6,20,27,75,29,5,8,20,0,58,2,10,67,4,34,10,13,100,73,95,41,69,69,45,10,22,11,58,7,0,19,49,67,10,10,45,22,51,6,3,49,8,7,6,24,30,0,10,2,10,20,6,21,0,79,0,76,0,18,39,0,21,0,57,53,0,86,0,1,0,10,0,89,61,3,44,11,75,34,79,6,5,4,39,48,17,3,0,39,10,64,9,6,27,85,42,44,40,9,18,26,71,53,70,5,82,3,82,73,5,5,73,21,28,30,93,3,2,27,2,17,27,5,0,0,0,5,5,80,8,0,65,44,52,0,0,0,29,2,0,4,7,37,8,40,5,0,27,12,58,0,2,6,47,32,59,41,8,22,69,7,27,20,0,0,2,13,1,75,68,39,42,67,110,36,9,79,76,5,39,27,84,65,83,0,59,16,28,30,3,62
28,47,21,32,14,13,14,14,27,7,22,44,13,14,33,14,22,25,9,34,44,15,33,14,36,31,31,14,21,13,45,40,22,48,14,26,21,41,25,44,25,15,50,11,29,14,43,35,116,27,15,11,13,41,16,34,28,15,12,45,12,32,15,37,14,10,21,11,54,29,42,11,14,13,13,9,13,35,38,7,14,14,14,19,14,14,9,14,37,43,14,34,44,32,32,8,37,45,17,41,22,20,34,34,25,13,10,13,20,16,41,20,26,36,19,7,42,19,39,11,52,14,35,13,30,15,12,16,14,12,29,21,16,21,34,14,16,14,15,24,50,16,14,36,25,13,16,14,13,18,15,17,8,14,14,34,11,26,12,8,9,8,14,49,23,44,35,21,41,16,33,14,11,31,14,31,18,26,30,31,21,8,37,17,33,35,22,18,23,28,32,21,14,21,26,40,11,21,32,22,26,35,39,26,32,10,28,51,46,59,22,58,17,60,22,32,37,14,36,28,15,23,29,28,32,26,28,32,17,45,32,38,26,37,38,45,26,21,21,47,23,38,15,46,42,14,33,21,19,8,21,48,49,48,42,15,51,28,49,13,25,43,41,35,47,43,51,10,16,47,29,16,33,33,34,20,60,14,42,28,8,41,50,25,31,31,11,27,23,24,45,55,32,21,29,23,35,26,14,52,32,29,42,30,28,31,13,16,24,51,9,20,40,6,23,25,31,14,24,16,26,52,21,6,36,27,31,47,28,36,46,44,61,50,41,26,28,24,21,25,33,46,26,31,20,48,27,41,19,20,21,14,41,35,28,16,18,40,26,55,41,28,13,24,21,25,13,26,29,14,9,15,36,38,22,9,14,15,24,23,13,32,51,18,26,22,43,28,45,43,16,24,33,51,59,34,14,32,58,50,15,50,29,26,34,35,48,31,29,2,48,51,45,23,38,40,37,37,23,42,46,10,30,36,36,17,16,12,39,36,52,7,15,23,21,23,12,36,16,20,47,63,22,17,13,14,15,23,14,15,21,33,15,56,32,14,14,21,48,16,21,24,15,16,24,13,47,38,46,36,58,40,37,13,34,13,38,25,46,33,35,25,33,6,25,24,45,23,37,31,22,49,31,14,33,33,41,18,21,29
79,40,11,13,43,30,40,41,10,1,21,26,39,40,5,40,12,32,33,81,65,6,53,40,87,17,103,35,0,42,71,35,28,38,41,15,0,0,25,1,51,40,66,27,93,40,71,58,27,116,40,16,43,65,43,47,51,39,30,11,39,1,39,17,27,37,28,19,52,82,2,25,39,45,39,37,41,65,25,9,40,45,40,2,40,40,35,40,94,2,24,18,8,88,4,30,3,0,30,0,29,4,88,82,21,39,26,47,40,29,18,14,0,17,38,45,16,6,63,39,12,40,12,41,12,39,15,43,40,36,16,33,41,0,4,40,41,40,40,30,15,42,19,95,52,41,38,40,39,34,40,28,32,40,40,77,23,0,27,32,18,33,40,71,17,37,29,29,67,39,2,40,46,6,40,87,5,0,80,30,2,35,0,17,37,89,17,38,17,76,2,2,41,0,11,9,26,0,90,13,65,73,3,22,88,24,62,2,67,29,87,32,38,24,22,6,0,40,43,30,42,17,97,78,6,4,5,5,41,30,88,29,22,0,1,69,61,4,0,9,17,95,39,40,44,21,59,0,62,14,15,7,72,14,0,40,18,96,67,38,25,1,8,83,72,67,71,46,41,1,9,60,55,0,61,26,4,42,64,6,38,2,71,90,82,95,40,17,9,29,71,7,90,0,102,43,88,0,39,33,32,20,0,20,24,102,38,38,17,3,28,46,67,44,17,12,22,40,59,38,24,52,4,37,37,52,65,68,66,88,74,67,32,30,9,23,59,12,0,23,17,66,22,22,7,5,70,0,0,6,0,33,0,7,16,25,22,6,4,4,0,7,39,89,0,83,39,4,14,40,49,39,33,29,23,54,40,40,31,15,39,49,73,22,21,36,67,14,63,0,42,14,25,57,3,11,40,91,7,31,35,0,0,73,88,88,35,17,4,18,67,57,67,17,72,2,69,67,17,0,72,31,3,2,59,36,38,16,0,15,0,14,40,25,0,17,40,63,28,34,70,30,5,34,39,40,28,24,40,41,19,4,35,15,0,40,36,18,76,40,21,4,6,29,98,9,4,6,67,4,62,31,0,39,0,30,4,86,76,13,46,69,54,17,21,66,66,17,6,66,67,73,66,31,94,0,4,10,15,95
18,75,23,62,112,99,115,111,75,13,78,64,114,115,3,115,32,28,103,18,0,62,0,115,56,68,40,107,24,112,11,64,2,81,111,33,23,0,91,0,2,112,32,82,33,115,1,1,15,40,116,57,107,8,111,0,1,111,99,18,113,2,111,87,90,108,61,90,31,21,0,89,114,108,114,106,112,2,49,0,115,111,115,23,115,115,109,113,38,0,75,62,12,61,1,95,0,0,99,1,58,32,58,47,89,114,87,107,95,98,49,58,23,86,108,91,49,35,2,110,0,115,81,108,51,111,45,111,115,80,42,97,113,22,7,115,113,115,112,13,38,109,75,30,26,112,113,115,112,79,116,103,103,115,115,47,78,21,92,75,59,102,115,3,0,1,69,97,2,112,1,113,95,49,115,60,61,8,14,1,20,103,3,0,19,35,0,1,0,42,1,20,111,44,67,17,1,23,57,0,8,23,11,0,51,44,1,0,0,3,19,0,80,29,0,0,7,113,2,1,110,0,38,43,0,12,47,4,111,0,61,56,0,5,1,1,1,34,23,3,0,39,111,83,8,36,0,22,1,62,0,4,8,1,0,0,7,43,7,113,91,0,1,26,8,0,11,57,113,4,21,8,1,0,0,47,0,0,3,0,106,0,3,29,23,35,80,0,1,1,0,2,28,22,45,85,29,15,114,1,6,28,0,4,3,43,111,113,0,0,97,10,2,88,0,0,0,113,0,113,0,11,19,81,59,25,1,0,1,53,8,1,0,55,1,0,0,0,23,0,1,0,0,81,1,0,41,0,0,6,15,108,1,10,58,80,0,11,10,0,0,20,112,20,23,23,114,4,39,113,88,111,6,9,65,8,115,116,101,0,112,1,13,76,58,99,6,26,4,0,109,0,0,21,0,13,115,58,5,0,106,0,1,18,55,54,3,85,0,54,0,2,0,0,4,0,2,17,0,0,0,96,2,1,0,107,113,81,0,61,3,66,112,64,22,0,110,3,98,106,5,1,1,104,112,115,84,75,110,113,0,1,106,13,0,115,58,83,16,112,77,0,0,1,40,33,8,5,0,4,57,70,2,114,0,101,0,13,8,0,2,2,1,35,0,1,0,0,10,71,10,3,2,82,33,1,0,6,0,34
16,43,78,34,59,65,56,57,66,32,43,65,56,56,17,56,85,21,70,24,12,34,25,56,22,48,17,65,6,58,9,39,0,51,59,43,5,6,56,6,47,56,13,75,22,56,22,58,11,16,57,116,59,21,56,21,49,56,74,35,57,17,56,49,79,65,62,59,29,15,0,83,59,62,56,65,58,21,22,12,56,58,56,56,56,56,61,56,10,6,36,70,15,20,31,78,0,6,62,7,33,10,20,31,57,56,81,63,48,63,41,60,17,51,51,52,61,62,24,56,18,56,54,56,33,56,35,56,56,42,63,56,56,4,16,56,56,56,56,2,50,61,98,21,63,58,58,56,56,48,57,56,70,56,56,39,94,15,64,56,114,70,56,8,0,56,74,56,14,58,35,56,50,24,56,20,34,18,31,45,4,68,1,1,27,15,4,59,0,39,1,4,56,26,45,26,8,5,23,0,67,17,26,0,29,45,54,15,12,19,42,30,59,20,4,8,2,56,8,2,56,0,17,37,7,14,32,38,62,7,20,26,0,0,5,10,43,26,5,20,0,7,56,49,9,50,16,4,52,75,0,22,4,46,5,0,17,9,4,56,56,5,40,24,17,20,0,42,56,6,59,62,60,5,34,66,6,19,12,15,63,17,11,28,34,18,49,0,57,52,16,7,16,4,10,43,18,9,56,2,0,10,5,9,1,12,60,58,0,8,76,2,20,59,0,4,10,56,14,58,0,39,9,64,34,11,46,18,41,25,11,13,9,39,20,0,14,3,5,8,43,12,0,61,47,17,40,6,3,56,13,63,7,26,44,43,0,2,12,11,6,35,56,37,5,34,56,22,66,56,51,56,27,39,32,58,56,57,56,7,56,45,3,44,58,62,20,49,26,6,61,0,22,16,8,4,56,23,1,31,65,8,27,45,26,28,12,49,18,55,13,0,12,0,24,3,24,29,0,5,15,77,30,32,38,59,58,78,2,41,22,34,56,28,4,0,61,27,64,56,7,8,54,56,56,56,87,38,56,60,4,39,64,29,5,56,43,68,0,56,45,6,49,23,17,62,15,22,11,7,30,64,0,56,2,69,0,26,10,30,16,18,56,55,0,30,18,0,46,45,47,7,32,36,17,16,23,33,0,20
21,73,25,62,111,95,108,104,75,13,73,61,108,108,7,108,34,29,97,20,3,59,2,108,53,65,36,101,24,106,8,60,2,78,104,35,23,2,90,2,6,106,28,83,35,108,4,3,13,43,107,59,116,12,107,4,0,106,93,19,108,4,106,82,86,102,63,84,30,25,4,86,107,103,109,101,107,7,49,2,108,107,108,20,108,108,105,105,33,2,72,58,11,56,2,95,2,2,94,3,62,31,53,49,84,108,85,99,88,94,45,52,25,81,104,84,47,32,5,105,6,108,76,103,52,106,42,107,108,77,40,96,105,22,6,108,105,108,106,11,36,108,71,31,29,105,106,108,105,76,107,99,96,108,108,43,75,23,88,76,61,96,108,6,2,3,65,91,7,105,0,105,88,45,108,57,58,10,18,3,24,98,3,2,20,37,2,3,2,45,5,24,105,44,63,17,5,23,59,2,10,29,8,2,53,43,3,2,3,4,21,6,78,26,4,4,7,105,7,2,108,2,39,46,1,14,47,3,108,3,56,52,2,5,2,4,2,34,23,2,2,33,106,80,7,34,6,22,3,56,2,7,11,3,2,2,8,40,5,109,90,2,1,27,10,3,9,59,105,5,20,10,3,2,6,52,0,5,8,4,102,1,6,30,24,36,75,2,3,3,5,4,28,22,41,79,34,17,108,0,4,26,2,4,1,44,105,106,0,2,91,10,8,82,2,2,2,105,5,106,4,11,19,75,58,28,5,4,3,54,11,6,1,59,3,2,5,2,23,0,3,5,2,80,0,3,39,2,2,5,15,101,3,11,53,74,2,8,12,1,2,22,106,22,23,25,109,6,37,105,86,106,3,10,63,10,108,107,95,2,106,5,10,73,52,96,8,25,6,2,108,1,5,21,0,11,108,59,3,0,100,2,2,14,57,53,9,81,2,55,4,3,4,2,7,4,8,17,2,2,3,96,1,0,4,101,106,77,2,59,2,62,106,64,22,2,106,7,93,101,9,1,3,96,105,108,81,69,105,105,2,1,100,12,2,108,52,82,14,105,73,2,1,3,35,31,8,6,3,1,55,73,2,108,2,97,2,15,10,5,8,7,3,35,2,4,3,2,9,70,12,8,7,79,34,1,0,8,2,35
70,11,23,13,10,5,7,7,33,7,8,16,8,7,25,7,21,31,12,75,82,13,73,7,54,19,62,7,14,9,80,9,31,7,10,20,14,16,4,17,73,7,71,12,72,7,82,74,41,65,8,21,12,116,7,59,62,7,6,26,7,3,7,15,20,10,38,6,26,70,14,14,8,9,7,10,9,83,16,14,7,9,7,17,7,7,7,7,66,18,17,21,22,57,14,20,17,16,5,16,18,5,57,64,6,8,14,10,10,12,6,35,16,15,14,22,20,19,84,10,25,7,17,10,23,7,13,7,7,11,14,5,7,14,1,7,7,7,7,34,26,7,13,71,60,10,5,7,8,33,8,5,15,7,7,61,13,16,26,18,23,14,7,81,35,55,14,12,85,4,10,7,20,15,7,57,12,16,85,36,14,10,14,28,15,74,29,56,35,62,9,14,7,14,26,7,46,14,60,33,65,79,13,40,57,8,74,26,84,38,79,40,17,24,28,16,14,7,66,40,7,35,73,62,3,16,18,15,9,47,57,3,40,14,8,83,72,16,14,17,35,70,7,9,53,38,64,14,67,18,33,18,76,30,16,58,48,65,79,7,4,17,24,76,87,85,75,28,7,10,15,58,69,16,65,41,16,71,64,16,9,4,82,73,86,74,14,33,27,43,76,14,73,14,69,16,70,16,7,48,37,10,16,31,42,68,8,5,25,13,6,48,77,23,35,31,34,7,82,5,38,53,14,27,12,28,77,78,86,59,87,81,46,12,15,41,80,30,14,37,27,79,40,22,11,12,60,16,9,14,14,10,16,5,32,12,30,11,16,16,16,9,7,73,14,73,7,16,13,7,22,7,44,28,17,58,7,8,8,25,7,83,77,16,31,14,84,10,87,16,7,25,31,66,16,4,7,60,14,38,11,14,15,71,58,58,36,21,16,17,84,87,85,35,94,16,87,77,35,16,80,16,6,8,67,10,5,14,14,21,17,16,7,13,14,35,9,104,13,7,82,45,21,8,8,7,16,10,7,10,29,19,9,30,16,7,26,12,79,7,4,9,12,33,71,15,6,6,85,1,25,15,14,8,9,13,18,76,87,27,73,85,76,13,39,83,85,35,21,33,61,82,76,21,75,12,13,9,33,72
21,73,22,67,108,100,111,112,74,12,79,63,110,111,2,111,31,26,100,19,3,60,0,111,54,71,40,104,22,111,14,61,2,79,110,33,21,0,96,0,0,113,35,84,31,111,4,0,16,43,111,56,107,7,116,3,0,112,96,17,109,0,112,88,89,105,62,89,30,24,2,88,109,106,110,105,110,0,44,0,111,114,111,20,111,111,105,111,41,0,73,59,11,59,2,92,0,0,100,1,58,30,61,45,90,110,88,106,92,99,48,57,23,87,104,92,48,34,5,108,5,111,82,105,52,112,44,116,111,80,41,102,114,20,5,111,114,111,113,11,37,105,74,28,24,110,109,111,110,80,111,99,100,111,111,46,77,21,89,72,58,99,111,6,0,0,68,98,0,108,0,111,91,50,111,58,59,8,15,0,22,102,1,0,17,33,0,0,0,40,3,22,112,42,68,15,1,21,55,0,7,21,12,0,49,46,0,0,3,4,18,3,77,30,2,2,5,111,2,1,115,0,36,41,0,12,52,3,106,5,59,52,0,3,0,4,0,32,21,0,0,42,112,81,5,35,5,20,0,59,0,5,11,0,0,0,8,41,10,109,96,0,0,23,9,3,14,56,114,2,20,7,0,0,3,50,3,0,8,2,105,3,6,26,22,33,79,0,0,0,5,0,27,20,45,86,29,15,110,4,6,26,0,2,6,41,108,109,0,3,94,8,7,85,0,0,0,111,0,109,2,10,17,78,55,27,2,3,0,51,11,6,3,55,2,0,0,0,21,0,0,5,0,84,0,5,40,0,0,5,13,104,1,8,59,81,0,7,10,3,0,22,110,19,21,20,110,4,38,111,86,112,7,8,63,7,111,111,102,0,110,0,16,74,57,96,7,25,7,0,105,0,5,26,3,13,111,56,6,1,103,0,0,17,53,51,8,86,0,52,3,5,3,0,5,2,2,14,0,0,3,93,1,0,3,106,109,80,0,64,4,63,113,62,20,0,108,2,99,107,3,4,0,105,110,111,83,76,111,110,0,0,103,16,0,111,55,88,19,113,78,0,0,0,39,32,11,6,3,3,55,68,0,110,0,99,0,14,11,3,2,2,0,32,0,0,3,0,9,70,9,8,0,80,31,0,3,9,0,32
64,6,33,28,3,6,0,3,25,21,14,7,0,0,27,0,23,25,2,65,83,0,58,0,33,39,44,2,0,2,70,8,22,5,1,22,0,7,18,6,48,4,56,15,58,0,72,64,34,47,0,21,4,59,3,116,52,4,8,29,2,42,4,24,9,1,46,6,16,70,1,11,1,1,1,2,1,84,5,7,0,1,0,7,0,0,0,0,53,7,0,5,30,33,37,9,0,7,9,6,8,0,36,41,19,0,17,1,6,8,10,35,6,23,0,20,9,26,74,0,50,0,23,5,39,4,26,3,0,6,22,13,3,0,23,0,3,0,4,14,28,3,12,53,39,0,0,0,0,21,0,9,5,0,0,40,14,6,2,14,21,5,0,83,13,48,9,12,75,0,32,0,17,43,0,34,0,6,61,58,0,5,0,11,62,46,8,42,13,45,0,0,4,0,24,24,24,0,36,12,55,41,35,15,41,10,56,14,84,25,54,38,10,43,8,7,0,0,30,16,4,13,53,43,22,6,30,26,3,30,33,0,15,0,23,76,62,0,0,26,13,53,4,5,46,19,95,0,49,11,12,55,78,42,5,33,59,49,81,1,18,5,42,63,72,78,77,47,3,29,26,49,65,9,76,35,50,44,76,3,3,51,80,59,55,54,27,17,26,53,81,48,57,0,47,26,62,6,0,39,16,9,6,28,66,49,1,0,20,38,7,25,89,18,13,16,17,0,54,0,15,38,0,18,7,10,52,81,67,36,76,80,54,13,39,16,58,15,0,17,24,87,15,14,30,52,34,15,7,27,0,4,6,27,47,12,18,19,9,49,7,15,1,61,0,58,1,6,25,0,20,4,37,22,0,64,0,0,11,11,1,52,72,0,32,8,76,30,74,7,3,40,60,64,52,5,0,36,42,70,1,11,27,60,37,38,70,24,6,15,83,60,84,13,68,3,81,64,13,6,79,8,33,33,73,3,0,9,2,44,38,3,4,0,0,13,1,63,7,7,80,55,35,10,0,0,6,8,4,1,8,38,4,49,9,0,27,18,72,3,17,4,28,18,47,21,35,46,84,20,11,13,1,0,3,8,0,54,76,51,31,57,66,15,14,65,80,13,25,17,61,81,78,0,54,21,37,45,12,56
48,9,54,4,0,9,0,1,10,36,4,25,0,0,17,0,47,24,14,63,56,0,70,0,44,11,55,9,0,2,62,16,19,9,3,23,0,6,0,7,88,0,40,24,61,0,60,96,28,51,1,49,0,62,0,52,116,0,18,27,1,31,0,0,25,9,32,17,42,49,0,27,3,2,0,9,2,67,15,24,0,2,0,51,0,0,5,0,56,8,0,24,17,40,41,15,0,6,6,6,7,0,40,44,1,0,25,3,7,7,16,33,6,2,0,18,38,39,65,0,7,0,5,3,0,0,30,0,0,11,47,0,0,0,30,0,0,0,0,15,28,2,42,52,76,2,2,0,0,13,1,0,10,0,0,59,38,6,13,2,47,10,0,54,9,81,32,0,60,2,49,0,16,4,0,40,0,14,70,54,0,12,0,7,42,52,4,77,9,52,0,0,0,0,5,35,21,0,40,8,98,44,25,14,46,30,92,17,58,36,73,37,8,16,4,4,0,0,31,25,0,9,56,50,3,6,9,52,3,13,40,9,14,0,19,56,106,2,0,26,9,53,0,7,53,49,39,0,90,28,7,15,52,40,5,32,17,55,53,0,0,6,49,63,63,66,53,16,0,20,56,88,95,17,67,34,13,45,40,11,7,31,57,67,68,57,21,9,53,61,51,26,55,0,56,13,54,6,0,25,23,18,5,23,22,55,4,2,7,22,20,43,63,29,9,12,16,0,55,2,14,66,0,30,3,9,84,53,87,42,57,57,33,3,16,15,55,11,0,23,47,55,14,10,57,14,56,6,15,61,8,3,6,40,17,4,14,16,6,18,6,35,0,68,0,73,0,14,50,0,14,0,71,65,0,83,0,1,0,6,0,86,56,3,35,11,63,46,67,6,2,8,19,43,15,17,0,40,8,58,9,10,41,91,43,45,20,0,14,22,59,50,58,9,70,3,70,77,9,5,53,14,44,46,73,3,2,36,2,8,29,16,0,0,0,9,5,68,8,0,53,33,54,0,0,0,31,7,0,4,3,43,8,37,17,0,27,8,53,0,6,8,59,21,63,51,24,32,57,21,26,13,0,0,2,9,1,64,56,19,39,64,102,31,13,76,64,9,45,20,73,53,67,0,56,28,30,36,7,59
22,71,22,67,108,103,111,113,77,12,83,63,111,111,2,111,31,26,102,19,4,62,0,111,52,72,39,107,24,113,14,59,2,77,112,34,23,0,96,0,0,115,35,84,30,111,5,0,15,39,111,56,106,7,112,4,0,116,98,17,111,2,116,92,89,107,62,92,30,26,0,89,110,108,112,107,112,2,45,0,111,110,111,22,111,111,108,111,40,0,75,61,15,57,2,94,0,0,102,1,58,31,61,44,93,111,89,106,90,102,51,59,23,90,106,93,48,36,5,109,5,111,85,109,54,116,44,112,111,78,41,101,114,22,4,111,114,111,115,9,37,105,74,26,24,111,109,111,111,82,111,103,101,111,111,45,78,21,91,74,58,101,111,7,0,0,67,100,1,108,0,111,91,54,111,58,61,8,16,0,20,104,3,0,19,32,0,0,0,40,1,20,114,44,72,15,0,23,55,0,7,21,15,0,47,42,0,0,4,6,18,3,77,33,0,0,7,111,2,0,113,0,34,41,0,12,51,3,106,3,57,52,0,5,0,3,0,34,23,0,0,40,116,79,4,35,4,22,0,61,0,7,12,0,0,0,7,41,12,113,96,0,0,21,10,3,16,60,114,2,20,7,0,0,3,48,4,0,7,0,109,4,7,25,21,31,82,0,0,0,4,2,27,22,44,88,27,15,112,4,5,24,0,2,7,39,110,109,1,3,96,6,7,87,0,0,0,111,0,109,0,11,19,81,55,24,0,5,1,49,12,5,4,53,3,0,0,0,23,0,0,4,0,84,0,4,38,0,0,5,15,104,1,8,62,83,0,8,10,4,0,19,112,19,23,20,112,4,38,111,86,116,7,8,64,7,111,111,104,0,112,0,17,76,59,97,7,25,6,0,105,2,4,26,4,12,111,54,9,1,105,0,0,17,52,49,8,90,0,54,5,5,5,0,6,0,3,13,0,0,4,95,1,0,5,109,109,80,0,66,4,65,115,64,22,0,110,2,101,111,4,6,0,105,111,111,83,78,115,111,0,0,106,16,0,111,57,86,21,115,81,0,0,0,38,33,12,7,4,1,53,68,2,111,0,102,0,10,10,2,3,2,0,34,0,0,3,0,8,68,10,7,1,82,29,0,4,8,0,30
15,58,40,59,95,101,98,99,72,15,74,67,98,98,3,98,49,18,98,18,2,59,8,98,40,66,32,107,24,100,12,48,0,64,101,42,23,0,87,0,15,98,26,97,26,98,5,18,12,30,99,74,93,6,96,8,18,98,116,28,99,8,98,83,89,101,55,92,32,14,0,97,101,96,98,101,100,8,35,0,98,98,98,39,98,98,97,98,26,0,71,67,13,44,8,90,0,0,98,1,54,31,44,35,89,98,97,97,78,93,47,66,23,85,93,78,57,49,6,98,1,98,82,98,47,98,47,96,98,67,51,89,98,22,8,98,98,98,98,0,48,93,88,17,31,100,96,98,98,69,99,95,96,98,98,47,92,21,93,65,76,96,98,4,0,18,72,91,1,96,18,98,78,48,98,44,58,8,15,13,20,104,3,0,24,25,0,17,0,37,1,20,98,44,63,18,0,23,41,0,25,14,15,0,43,43,18,3,2,2,22,4,69,30,0,0,7,98,0,0,96,0,21,35,0,12,47,21,94,0,44,44,0,5,1,0,18,34,23,11,0,27,98,66,3,43,1,22,18,69,0,11,8,18,0,0,4,27,6,98,87,0,14,15,7,7,10,51,98,0,38,25,18,0,10,56,1,3,4,0,99,8,4,26,28,22,81,0,17,18,1,1,18,22,34,81,18,15,98,0,3,14,0,7,3,26,102,96,0,0,112,4,7,91,0,0,0,98,6,96,0,17,19,78,43,17,12,1,17,39,4,1,1,42,3,0,6,0,23,3,14,2,0,84,17,8,42,0,0,23,15,91,1,15,58,74,0,2,10,5,0,29,98,27,23,24,98,4,54,98,75,98,13,23,57,25,98,99,94,0,98,14,11,76,64,92,10,41,10,0,93,0,1,20,2,8,98,41,6,13,107,0,11,35,40,42,3,80,0,54,1,1,1,0,6,0,10,20,0,0,1,89,19,18,12,101,96,88,0,60,8,66,98,63,22,0,103,10,94,98,3,2,18,91,98,98,87,67,98,102,0,13,106,19,0,98,60,85,13,98,76,0,17,4,35,49,7,14,1,1,41,57,2,98,0,97,0,10,3,11,3,3,18,43,0,12,4,0,19,61,21,3,9,71,20,3,5,15,0,24
3,49,59,0,18,18,17,17,17,24,0,61,18,17,50,17,39,50,21,4,7,20,37,17,18,40,8,22,35,19,12,43,31,44,20,67,35,57,16,58,29,17,20,35,7,17,7,24,45,11,18,35,19,26,17,29,27,17,28,116,17,49,17,17,39,21,17,18,35,3,52,35,19,19,17,21,19,15,31,15,17,19,17,34,17,17,17,17,6,57,41,46,42,18,31,18,50,57,18,56,46,28,18,13,16,18,39,20,31,18,27,6,41,17,23,2,67,71,6,20,31,17,17,20,3,17,28,17,17,11,65,15,17,35,48,17,17,17,17,23,69,16,36,2,27,20,15,17,18,9,18,19,16,17,17,33,38,41,37,5,37,16,17,4,36,40,51,19,12,15,57,17,0,14,17,18,23,41,12,62,35,23,50,30,43,20,35,41,36,17,45,35,17,28,2,53,24,35,19,35,26,17,30,36,20,10,20,70,8,22,16,29,7,30,35,47,50,17,28,20,17,36,2,15,46,41,5,63,17,32,18,27,36,50,40,8,25,26,35,61,36,8,17,46,12,47,20,35,27,10,35,40,7,53,55,32,40,8,3,17,16,55,61,12,4,9,7,17,17,42,69,23,26,46,17,10,43,39,3,41,19,49,4,8,23,3,13,32,45,37,7,45,3,35,11,7,3,41,17,10,20,37,56,33,14,7,19,15,30,47,27,5,13,15,36,39,42,17,32,15,36,40,35,6,23,17,15,8,19,17,4,4,28,23,28,36,28,38,35,32,38,8,36,32,44,44,32,65,33,47,35,10,56,50,5,5,31,45,41,45,57,33,17,12,35,8,17,41,68,17,1,17,11,36,17,32,17,18,17,38,17,41,7,16,12,31,5,66,17,55,16,35,12,20,45,29,17,19,38,52,22,61,51,32,18,20,29,19,44,9,8,16,8,36,11,53,18,24,36,56,7,15,54,56,15,18,15,37,52,36,46,13,17,44,35,36,20,30,19,17,5,30,51,19,18,17,35,1,17,21,35,56,23,41,45,17,25,11,10,17,1,37,38,26,12,55,39,44,9,42,43,39,51,18,48,16,50,24,5,44,35,23,26,20,35,27,7,36,56,24,18,3,17,37,2,47,35,29,35,5
18,74,23,63,111,100,114,111,74,12,79,62,114,114,2,114,32,28,103,17,0,62,0,114,55,68,40,106,24,112,11,61,1,80,109,35,23,0,92,0,4,112,31,85,32,114,1,1,12,39,113,57,108,7,109,2,1,111,99,17,116,5,111,88,88,106,61,89,29,22,0,90,111,109,115,105,113,5,47,0,114,109,114,22,114,114,109,111,37,0,75,60,13,60,0,93,0,0,99,1,58,31,56,46,89,114,89,106,92,99,48,57,23,86,108,90,48,35,2,110,1,114,81,107,51,111,44,109,114,79,42,97,111,22,6,114,111,114,112,12,37,108,73,29,26,111,112,114,111,79,113,104,101,114,114,45,79,21,91,75,59,100,114,3,0,1,66,96,4,111,1,111,94,50,114,61,61,8,14,1,20,104,3,0,22,35,0,0,0,42,1,20,112,44,68,17,0,23,56,0,8,24,11,0,52,43,1,0,0,3,17,1,78,29,0,0,7,111,2,0,110,0,37,43,0,12,47,4,108,0,60,55,0,5,0,0,1,34,23,3,0,37,111,82,6,35,1,22,1,61,0,5,8,1,0,0,4,44,8,114,92,0,1,24,7,0,12,58,111,4,21,8,1,0,2,47,0,0,3,0,108,2,3,28,20,34,79,0,0,1,0,4,25,22,44,84,30,15,113,0,5,27,0,7,3,42,109,112,0,0,97,10,4,88,0,0,0,111,0,112,0,11,19,80,58,24,0,1,1,52,8,1,0,54,0,0,0,0,23,0,1,0,0,81,1,1,40,0,0,6,15,107,1,10,58,79,0,11,10,1,0,22,112,20,23,21,115,4,39,111,86,111,5,9,65,8,114,113,102,0,112,0,13,76,57,99,5,26,2,0,108,1,0,22,0,12,114,57,5,1,104,0,0,18,54,51,4,86,0,54,1,2,1,0,4,0,5,14,0,0,0,94,2,1,2,106,112,79,0,62,1,65,112,64,22,0,110,2,98,106,6,2,1,103,111,114,83,73,111,110,0,1,104,13,0,114,57,83,17,110,78,0,2,0,40,34,8,5,0,1,56,70,2,114,0,102,0,12,8,1,3,2,1,35,0,0,0,0,7,68,10,3,5,82,32,0,0,5,0,33
10,34,50,30,3,1,3,0,3,56,26,31,3,3,60,3,45,8,3,6,16,0,11,3,5,22,3,2,0,1,6,40,2,28,2,24,0,16,13,17,17,1,7,18,7,3,7,15,32,1,2,17,4,3,0,42,31,2,8,49,5,116,2,8,10,0,11,11,50,15,21,10,2,2,4,1,2,25,52,39,3,0,3,48,3,3,4,0,2,15,0,26,72,3,75,3,12,20,4,15,8,5,1,3,14,3,15,1,5,1,50,5,3,7,3,0,40,28,5,0,54,3,7,6,29,2,56,0,3,27,45,9,0,0,89,3,0,3,1,8,42,3,11,5,16,0,3,3,0,2,2,12,1,3,3,7,13,3,5,18,17,0,3,14,0,35,23,7,10,3,94,0,3,44,3,4,0,3,7,56,0,4,15,5,68,6,3,21,0,7,20,0,1,0,17,74,24,0,4,3,17,3,67,0,8,45,14,40,15,52,7,38,0,45,0,12,12,0,0,15,1,0,3,5,42,3,39,88,2,4,3,50,0,12,87,6,29,0,0,42,0,2,2,28,44,18,28,0,14,20,0,86,15,36,14,0,19,6,15,5,13,14,84,7,4,7,15,25,0,95,63,27,20,49,29,5,84,14,26,0,3,101,11,7,9,4,18,2,57,36,16,91,3,0,1,8,10,3,4,20,13,54,15,22,61,3,0,3,8,88,7,37,20,5,0,5,3,0,6,3,0,39,0,5,43,5,10,16,15,3,7,13,44,33,73,0,8,6,0,0,72,18,0,5,80,86,18,24,58,72,0,3,15,89,14,24,0,77,6,81,16,73,1,9,0,8,4,3,48,0,0,2,42,60,0,26,3,2,5,6,1,12,10,1,2,6,6,64,8,18,3,32,49,15,86,67,3,3,82,58,1,46,71,17,3,4,54,8,3,33,14,4,15,0,7,12,21,24,0,15,14,2,101,95,20,1,3,17,17,26,78,24,1,0,0,0,1,9,0,4,17,48,75,5,0,3,8,27,2,0,0,91,6,43,48,3,24,7,10,1,27,32,78,7,2,36,80,95,15,84,32,26,16,3,23,5,12,7,6,81,4,5,17,30,0,15,9,0,72,0,28,12,27,0,3,68,77,75,0,6
22,71,22,67,108,103,111,113,77,12,83,63,111,111,2,111,31,26,102,19,4,62,0,111,52,72,39,107,24,113,14,59,2,77,112,34,23,0,96,0,0,115,35,84,30,111,5,0,15,39,111,56,106,7,112,4,0,116,98,17,111,2,116,92,89,107,62,92,30,26,0,89,110,108,112,107,112,2,45,0,111,110,111,22,111,111,108,111,40,0,75,61,15,57,2,94,0,0,102,1,58,31,61,44,93,111,89,106,90,102,51,59,23,90,106,93,48,36,5,109,5,111,85,109,54,116,44,112,111,78,41,101,114,22,4,111,114,111,115,9,37,105,74,26,24,111,109,111,111,82,111,103,101,111,111,45,78,21,91,74,58,101,111,7,0,0,67,100,1,108,0,111,91,54,111,58,61,8,16,0,20,104,3,0,19,32,0,0,0,40,1,20,114,44,72,15,0,23,55,0,7,21,15,0,47,42,0,0,4,6,18,3,77,33,0,0,7,111,2,0,113,0,34,41,0,12,51,3,106,3,57,52,0,5,0,3,0,34,23,0,0,40,116,79,4,35,4,22,0,61,0,7,12,0,0,0,7,41,12,113,96,0,0,21,10,3,16,60,114,2,20,7,0,0,3,48,4,0,7,0,109,4,7,25,21,31,82,0,0,0,4,2,27,22,44,88,27,15,112,4,5,24,0,2,7,39,110,109,1,3,96,6,7,87,0,0,0,111,0,109,0,11,19,81,55,24,0,5,1,49,12,5,4,53,3,0,0,0,23,0,0,4,0,84,0,4,38,0,0,5,15,104,1,8,62,83,0,8,10,4,0,19,112,19,23,20,112,4,38,111,86,116,7,8,64,7,111,111,104,0,112,0,17,76,59,97,7,25,6,0,105,2,4,26,4,12,111,54,9,1,105,0,0,17,52,49,8,90,0,54,5,5,5,0,6,0,3,13,0,0,4,95,1,0,5,109,109,80,0,66,4,65,115,64,22,0,110,2,101,111,4,6,0,105,111,111,83,78,115,111,0,0,106,16,0,111,57,86,21,115,81,0,0,0,38,33,12,7,4,1,53,68,2,111,0,102,0,10,10,2,3,2,0,34,0,0,3,0,8,68,10,7,1,82,29,0,4,8,0,30
16,47,22,91,84,91,87,91,93,12,81,50,87,87,0,87,24,19,83,19,28,58,0,87,28,86,16,88,24,89,32,42,1,53,89,37,23,0,98,0,0,91,51,71,7,87,25,9,37,17,87,49,82,15,88,24,0,92,83,17,88,8,92,116,72,83,68,87,7,16,0,75,86,84,88,84,88,18,29,4,87,86,87,22,87,87,84,87,26,0,63,50,30,33,11,75,0,0,94,1,46,31,37,20,95,87,73,85,66,94,47,75,23,114,82,69,43,36,21,86,29,87,109,85,72,92,44,88,87,55,36,93,90,22,1,87,90,87,91,1,44,81,61,12,14,87,85,87,87,69,87,93,78,87,87,30,64,21,75,60,51,77,87,31,0,7,52,94,21,84,0,87,67,78,87,34,61,8,9,4,20,84,3,0,19,12,0,0,0,17,1,20,92,44,88,9,0,23,31,0,0,3,31,0,24,37,7,0,28,17,0,22,59,57,0,0,7,87,0,0,89,0,10,17,4,12,75,3,82,18,33,33,0,5,6,23,0,34,23,0,0,26,92,55,15,35,28,22,0,60,0,25,36,11,0,0,23,17,36,89,98,0,4,7,26,23,40,48,90,13,20,0,7,0,20,65,28,0,31,0,86,13,31,3,3,7,71,4,0,9,28,19,12,22,20,90,13,15,88,24,4,11,0,5,31,15,86,85,6,18,80,0,23,70,0,0,0,87,0,85,0,8,19,64,31,6,11,29,8,25,28,29,28,43,20,0,4,0,23,0,4,28,0,81,0,22,21,0,0,5,15,80,1,0,86,77,0,9,10,24,0,19,88,5,23,3,88,4,33,87,63,92,18,3,46,0,87,87,102,0,88,0,37,61,79,76,23,20,19,0,81,6,28,50,28,5,87,30,33,18,88,0,0,10,28,25,32,106,0,43,29,24,29,0,19,0,16,4,0,0,28,73,3,2,19,93,85,74,0,84,18,56,91,52,22,0,86,9,92,97,28,30,0,93,87,87,69,70,93,87,0,4,89,36,0,87,46,86,41,91,83,0,0,0,16,33,27,12,28,2,29,44,2,87,0,81,0,3,26,17,1,4,7,23,0,4,27,0,5,44,5,31,14,63,9,0,20,17,0,7
12,65,45,50,86,89,89,89,75,24,59,80,89,89,11,89,54,28,93,17,4,58,15,89,38,76,28,90,20,91,16,54,1,66,92,53,19,8,76,8,18,89,28,90,17,89,5,23,14,27,90,79,86,20,89,9,25,89,89,39,88,10,89,72,116,98,71,83,29,11,2,106,92,87,89,98,91,7,33,0,89,91,89,38,89,89,94,89,24,8,64,67,17,43,13,85,2,8,90,9,56,22,43,31,75,89,102,87,81,88,44,59,31,74,88,75,75,57,11,88,5,89,75,89,39,89,60,89,89,71,64,78,89,18,11,89,89,89,89,5,56,83,93,12,38,91,87,89,89,65,90,85,91,89,89,53,95,29,96,56,81,92,89,1,2,25,77,81,4,86,22,89,69,38,89,43,54,16,25,25,18,99,3,0,19,20,2,27,2,34,1,18,88,40,60,31,2,19,40,2,32,13,12,2,34,39,19,15,4,7,29,10,58,23,2,6,4,89,4,0,89,2,20,35,3,20,47,28,85,5,43,36,2,2,3,0,25,30,19,13,2,23,89,68,10,56,4,18,19,66,2,7,6,23,7,2,10,28,4,89,76,7,25,18,10,5,8,41,89,5,45,29,25,7,10,55,6,13,1,5,94,10,1,21,31,17,75,2,27,19,4,6,13,18,33,66,12,23,89,0,1,19,7,4,4,25,93,87,2,8,93,6,7,84,2,6,8,89,4,87,2,28,15,72,36,11,17,3,18,35,6,7,4,33,9,2,4,5,19,8,22,4,2,82,22,7,41,8,3,30,11,82,9,20,54,64,0,7,18,7,8,28,89,22,19,17,89,12,61,89,64,89,18,30,50,26,89,90,81,5,89,19,11,68,59,94,9,45,15,8,83,2,3,24,7,10,89,40,1,22,94,6,11,42,39,36,0,74,8,47,3,4,3,2,17,5,12,22,2,7,4,86,18,21,7,91,87,103,4,62,17,58,89,50,18,2,94,15,89,87,0,4,25,83,89,89,95,57,88,93,2,25,95,25,7,89,58,76,13,89,61,2,24,7,38,58,18,14,3,4,45,65,2,89,2,88,2,12,4,11,12,10,25,34,2,16,9,2,31,52,19,0,13,68,15,14,6,18,2,16
19,67,31,59,104,104,107,107,80,18,74,64,107,107,3,107,40,25,111,24,1,62,5,107,48,69,38,106,24,109,13,56,1,73,108,35,23,0,89,0,6,107,31,82,27,107,2,9,10,37,108,65,102,10,105,1,9,107,101,21,106,0,107,83,98,116,65,95,33,21,0,96,110,105,107,114,109,0,43,0,107,107,107,31,107,107,112,107,34,0,75,70,14,53,7,103,0,0,105,1,55,28,53,41,90,107,92,103,87,103,54,64,23,85,102,93,57,41,8,106,2,107,86,107,50,107,53,105,107,75,50,94,107,22,7,107,107,107,107,8,46,101,83,22,28,109,105,107,107,79,108,100,109,107,107,45,85,21,94,74,67,110,107,4,0,9,67,96,1,104,9,107,87,49,107,53,58,8,21,9,20,111,3,0,17,28,0,9,0,44,1,20,106,44,71,19,0,23,50,0,16,21,14,0,44,41,9,2,1,7,27,2,76,30,0,0,7,107,2,0,105,0,30,45,0,12,48,12,103,0,53,48,0,5,1,0,9,34,23,7,0,33,107,75,4,38,1,22,9,70,0,6,9,9,0,0,2,38,7,107,89,0,9,22,13,2,11,59,107,1,29,16,9,0,2,55,1,2,4,0,112,1,4,31,23,27,83,0,9,9,1,0,23,22,43,81,22,15,107,0,1,20,0,0,4,35,111,105,0,0,105,6,2,96,0,0,0,107,0,105,0,18,19,88,51,21,9,0,8,45,9,4,1,48,6,0,0,0,23,6,9,1,0,81,9,3,39,0,0,14,15,100,1,14,59,79,0,7,10,1,0,26,107,28,23,27,107,4,47,107,82,107,12,17,64,16,107,108,96,0,107,3,14,78,64,96,12,32,8,0,101,0,3,21,1,8,107,50,6,8,108,0,1,26,49,46,3,85,0,60,0,2,0,0,11,0,4,11,0,0,1,104,8,9,0,106,105,89,0,61,9,66,107,61,22,0,112,5,104,102,3,1,9,101,107,107,85,70,106,111,0,9,107,19,0,107,60,89,16,107,76,0,8,7,46,40,11,10,0,2,49,72,2,107,0,100,0,10,7,3,4,4,9,41,0,8,6,0,16,67,13,3,3,82,25,6,1,9,0,26
34,35,35,65,63,58,60,63,85,22,57,41,60,60,15,60,50,11,66,33,41,49,26,60,9,62,24,57,18,60,38,33,3,39,59,28,17,6,57,6,29,62,24,54,30,60,43,44,21,28,61,62,63,38,62,46,32,62,55,17,61,11,62,68,71,65,116,59,17,36,0,67,62,56,60,63,60,37,30,4,60,60,60,28,60,60,63,60,30,6,36,42,25,12,17,74,0,6,59,7,33,22,14,16,58,60,63,55,52,64,35,85,29,69,58,83,43,30,43,60,30,60,69,59,64,62,45,62,60,59,34,63,62,16,7,60,62,60,62,7,34,60,54,32,20,60,58,60,60,77,61,54,70,60,60,18,56,27,57,66,64,69,60,38,0,46,40,63,40,57,15,60,76,54,60,12,49,14,35,39,16,62,1,0,26,20,0,35,0,20,1,16,62,38,77,19,8,17,15,0,39,21,28,0,12,31,40,8,41,17,36,28,66,50,0,4,2,60,10,0,62,0,31,19,9,18,62,20,62,16,12,22,0,0,5,38,34,28,17,9,0,29,62,41,16,50,42,16,33,60,0,30,35,36,5,10,28,23,35,60,57,5,24,39,44,43,31,64,62,8,20,36,46,5,38,82,23,24,38,3,63,18,39,34,28,28,67,4,25,42,42,14,33,16,26,73,32,21,60,17,0,19,5,5,19,26,63,58,6,16,56,2,45,77,0,4,6,60,19,58,0,33,13,80,34,7,38,41,39,10,44,44,39,42,22,0,23,3,17,4,23,41,0,61,16,29,13,6,3,24,9,63,7,16,87,63,3,8,16,24,6,21,60,35,17,32,60,10,31,60,78,62,19,18,44,33,60,61,61,3,60,29,34,49,79,64,41,14,42,6,60,6,27,21,24,6,60,15,18,39,58,4,8,33,14,11,38,72,6,57,40,26,41,0,42,3,40,29,0,5,41,71,12,16,42,61,58,69,2,60,28,47,62,25,16,0,62,32,65,57,35,37,26,67,60,60,60,52,62,62,0,24,57,52,5,60,49,61,35,62,58,2,17,13,29,29,24,21,40,7,17,51,0,60,2,61,0,35,42,25,13,30,46,33,0,29,43,0,28,27,29,37,42,43,29,10,22,17,0,29
12,49,39,63,86,103,89,93,83,28,69,57,89,89,13,89,34,19,91,19,8,62,5,89,30,76,18,94,24,89,18,58,0,55,90,33,23,0,86,0,9,91,31,78,8,89,13,10,11,19,90,59,84,6,89,6,17,92,92,18,89,11,92,87,83,95,59,116,12,9,0,90,91,85,89,94,89,1,46,10,89,87,89,39,89,89,95,89,18,0,65,65,14,35,26,82,0,0,100,1,45,28,38,22,87,89,82,86,69,94,51,73,23,89,84,77,65,44,13,89,9,89,90,88,49,92,63,89,89,58,58,83,91,22,15,89,91,89,91,0,50,83,76,4,19,89,87,89,89,64,90,93,89,89,89,39,79,21,85,57,61,89,89,8,0,10,60,89,4,86,20,89,69,53,89,35,58,8,8,6,20,94,3,0,9,10,0,10,0,25,1,20,92,44,71,31,10,23,33,0,10,4,28,0,27,43,10,0,8,22,10,4,59,34,0,0,7,89,0,0,89,0,12,26,0,12,55,20,85,5,35,35,0,5,11,6,17,34,23,6,0,17,92,57,16,47,6,22,10,67,0,7,13,10,0,0,6,20,11,90,86,0,13,5,13,11,15,42,91,13,37,10,10,10,1,59,11,0,8,0,94,13,8,13,8,9,71,0,17,10,8,15,6,22,22,78,4,15,90,7,0,22,0,0,14,17,92,87,2,16,96,14,4,79,0,0,0,89,0,87,0,10,19,71,33,4,13,7,11,27,9,11,8,33,23,0,0,0,23,5,13,8,0,80,20,10,24,0,10,22,15,82,1,21,66,72,0,14,10,13,0,32,89,10,23,12,89,4,55,89,64,92,31,28,47,10,89,90,90,0,89,5,16,66,73,82,14,43,9,0,83,1,13,28,11,15,89,32,10,5,96,0,15,20,30,28,7,85,0,62,7,7,7,0,9,0,0,19,0,0,8,83,19,20,7,99,87,96,0,65,19,80,91,51,22,0,91,1,94,95,5,8,17,87,89,89,78,61,93,90,0,13,93,28,10,89,48,84,18,92,71,6,16,6,28,48,28,24,7,11,31,53,2,89,0,82,0,1,6,2,0,0,10,28,0,6,11,0,19,47,5,7,2,65,7,16,15,17,0,8
32,64,32,23,30,21,30,30,7,34,36,49,30,30,40,30,48,19,28,35,18,4,33,30,51,14,56,29,0,32,24,60,5,59,31,19,0,18,15,21,26,30,25,28,53,30,24,39,54,52,31,29,30,26,30,16,42,30,32,35,29,50,30,7,29,33,17,12,116,36,17,25,33,36,30,31,32,21,62,30,30,32,30,38,30,30,29,30,46,18,15,40,48,47,44,29,12,22,22,18,30,9,47,49,15,30,29,34,37,21,56,5,6,9,30,27,39,16,24,29,23,30,6,33,19,30,44,30,30,60,31,22,30,1,58,30,30,30,30,20,40,32,30,48,35,32,32,30,30,23,31,20,32,30,30,45,28,7,19,39,27,32,30,21,1,42,42,19,20,32,63,30,31,20,30,47,3,7,38,39,1,28,12,8,30,48,6,26,1,51,17,1,29,0,21,58,19,0,47,2,46,40,32,4,51,45,33,28,19,69,51,31,32,26,6,17,11,30,19,18,30,1,48,49,23,11,25,64,33,8,47,74,4,12,50,19,40,4,0,29,1,43,30,57,55,11,10,1,31,28,1,46,20,40,17,4,11,47,20,30,15,18,63,47,30,22,20,27,30,50,39,36,39,41,26,11,52,9,19,11,29,53,23,51,49,49,20,1,47,26,22,59,43,1,50,18,45,7,30,20,22,60,17,10,26,49,34,32,0,53,28,50,25,28,1,6,14,30,21,32,4,54,4,28,71,38,28,24,28,49,27,17,29,48,46,4,21,5,0,7,63,19,4,21,58,46,45,18,39,59,0,31,18,69,1,36,1,47,10,53,18,55,30,50,0,47,30,11,34,30,29,30,51,72,21,25,30,31,20,8,30,32,25,20,5,36,27,41,28,20,32,0,29,17,54,59,30,47,50,51,31,25,44,41,50,52,24,8,14,44,20,19,18,1,28,15,27,43,1,17,22,32,60,62,27,29,32,18,14,12,58,24,30,18,1,1,35,28,22,25,20,31,48,22,30,30,28,50,29,34,5,53,30,34,40,30,33,17,23,30,36,31,52,18,47,22,51,58,18,53,87,55,12,30,19,31,13,39,26,47,21,23,35,44,5,26,21,1,61,47,37,20,26,22,47,45,44,44,1,51
102,21,8,21,24,20,21,25,23,0,31,8,21,21,9,21,17,26,21,94,90,1,57,21,69,9,78,18,0,23,80,11,30,21,22,7,0,0,31,0,57,25,72,16,90,21,83,52,29,82,21,15,25,70,24,70,49,26,14,3,22,15,26,16,11,21,36,9,36,116,0,11,21,22,22,21,22,80,13,7,21,22,21,0,21,21,22,21,91,0,15,15,20,70,13,29,6,0,20,0,17,0,74,79,34,21,15,22,21,26,20,26,0,15,21,42,1,3,85,21,31,21,17,27,33,26,5,24,21,21,1,34,24,0,1,21,24,21,25,29,5,23,9,93,57,21,21,21,21,44,21,21,26,21,21,57,10,0,12,35,15,25,21,91,18,38,10,34,83,20,2,21,39,24,21,71,1,0,91,30,0,19,0,17,47,79,11,32,18,77,0,0,26,0,25,0,31,0,74,15,59,78,15,23,73,9,58,0,88,38,80,41,32,35,12,4,0,21,48,30,25,18,91,77,10,0,22,0,24,27,70,16,23,1,5,85,59,0,0,10,18,93,26,21,49,11,75,0,58,23,19,27,90,19,1,41,34,86,90,23,31,0,14,88,87,85,86,62,24,8,0,56,55,0,74,31,20,44,82,1,24,17,90,90,77,92,37,22,10,31,86,22,95,0,83,40,99,1,22,46,30,10,0,26,44,86,21,21,30,14,14,40,87,31,18,12,13,21,65,21,21,56,0,39,28,37,62,87,71,74,93,87,55,35,23,24,69,12,0,24,20,89,23,25,3,20,56,0,0,4,0,26,0,5,37,34,23,5,3,19,0,3,22,88,0,89,22,0,0,21,41,26,39,19,20,57,21,21,26,9,22,51,85,15,24,21,88,2,74,0,23,33,41,68,20,2,21,73,23,34,16,0,0,63,73,72,55,24,1,18,87,68,90,18,83,1,79,62,18,0,84,29,7,4,74,22,21,1,1,28,11,5,25,14,0,18,21,67,24,23,88,55,10,33,21,21,10,29,27,21,15,14,17,29,0,21,27,31,86,25,28,1,7,27,82,5,18,21,88,6,36,29,0,21,0,24,5,71,91,23,49,75,56,21,23,73,84,18,8,43,79,87,77,21,94,0,16,17,19,90
3,23,9,2,0,0,0,0,0,29,0,24,1,0,56,0,12,49,0,0,0,54,33,0,0,1,0,0,88,0,0,18,75,21,0,43,88,105,2,106,12,0,0,2,0,0,0,0,42,2,0,0,4,14,2,1,0,0,0,52,0,21,0,0,2,0,0,0,17,0,116,0,0,0,0,0,0,0,30,54,0,2,0,29,0,0,0,3,0,103,39,21,22,0,11,0,105,109,0,104,40,77,0,0,0,1,0,0,13,0,21,0,85,0,7,0,26,25,0,6,37,0,0,0,3,0,2,2,0,6,13,3,0,89,35,0,0,0,0,65,20,0,0,0,0,2,0,0,4,12,0,0,0,0,0,1,0,86,12,8,0,0,0,0,88,12,12,0,4,0,22,3,0,1,0,0,55,89,0,24,91,0,108,84,13,10,92,21,88,0,105,91,0,72,0,30,52,88,0,92,0,27,17,85,0,6,0,80,0,18,0,28,18,24,91,99,104,3,62,67,2,88,0,0,72,89,2,22,0,60,0,27,85,105,48,8,0,73,88,72,88,0,0,21,6,29,3,89,9,0,89,21,0,43,105,67,40,0,0,0,2,105,22,9,0,0,0,1,0,31,14,3,0,82,2,3,22,49,5,95,0,19,0,0,5,0,0,84,24,14,2,22,7,89,0,0,2,89,0,37,65,44,106,63,5,0,2,0,78,28,0,25,2,0,88,91,85,3,40,0,87,21,88,1,22,58,2,0,0,0,0,2,25,33,19,85,36,92,88,77,21,2,85,12,10,26,3,97,69,9,88,0,104,23,0,0,83,46,88,21,105,27,3,0,88,0,0,89,13,3,6,0,0,13,49,1,0,0,0,92,3,23,0,37,0,6,0,13,5,107,0,66,6,2,21,54,0,0,25,16,0,89,37,0,0,0,19,0,92,7,0,26,0,88,0,107,1,5,88,106,0,0,22,23,0,0,0,0,108,0,22,20,0,50,89,88,0,16,1,0,1,27,14,0,4,0,2,1,0,0,89,17,0,24,81,0,9,2,0,0,0,85,6,61,0,18,22,18,1,46,17,21,109,1,104,0,105,15,1,20,52,24,0,23,86,13,0,88,25,11,0,5,0,32,0,55,16,12,89,0
9,60,49,53,85,98,88,88,72,23,62,78,88,88,9,88,58,25,93,18,3,56,12,88,35,77,24,98,18,91,15,51,0,65,91,51,17,6,81,6,18,89,24,100,14,88,8,27,11,25,89,83,86,14,88,11,27,89,97,35,90,10,89,75,106,96,67,90,25,11,0,116,91,87,89,96,91,9,29,0,88,90,88,37,88,88,92,88,20,6,64,73,14,40,16,83,0,6,93,7,56,22,40,28,78,88,108,87,80,89,43,64,29,75,83,73,74,60,10,88,6,88,76,89,39,89,61,88,88,69,68,80,88,16,10,88,88,88,89,0,61,82,99,9,34,90,86,88,88,61,89,89,89,88,88,59,105,27,96,57,85,90,88,0,0,27,84,81,5,85,24,88,68,41,88,41,52,14,23,23,16,99,1,0,19,15,0,26,0,30,1,16,89,38,59,29,0,17,37,0,34,9,15,0,33,40,21,13,3,6,25,9,58,24,0,4,2,88,0,0,89,0,17,31,3,18,46,30,84,3,40,35,0,0,3,0,27,28,17,9,0,20,89,67,8,56,5,16,21,73,0,9,5,27,5,0,7,26,5,89,81,5,23,16,5,8,9,42,88,2,47,31,27,5,12,60,5,11,0,3,96,10,0,20,26,14,73,0,26,21,3,7,10,16,30,70,10,21,88,0,0,16,5,4,3,22,91,86,0,6,101,4,7,84,0,4,6,88,2,86,0,26,13,71,33,9,18,4,20,32,1,6,3,34,8,0,2,3,17,5,20,3,0,86,24,5,40,6,3,32,9,81,7,16,55,64,0,2,16,12,6,26,89,20,17,17,89,10,65,88,63,89,21,32,46,28,88,89,84,3,89,21,8,68,64,95,8,47,12,6,82,1,2,25,6,7,88,37,0,22,96,2,13,44,36,33,1,73,6,44,4,2,4,0,12,3,12,21,0,5,3,84,20,23,13,90,86,105,2,65,17,62,89,50,16,0,92,11,88,89,0,5,27,83,88,88,98,54,89,92,0,23,95,30,5,88,57,79,12,88,66,2,26,6,36,60,15,16,3,3,42,63,0,88,2,88,0,9,0,11,9,8,27,30,0,15,8,0,28,51,21,0,13,64,12,11,7,16,0,13
18,73,25,62,110,101,113,109,76,14,77,64,112,113,3,113,34,27,105,20,0,62,1,113,54,69,38,107,24,110,12,62,1,79,110,34,23,0,90,0,4,110,32,83,33,113,1,3,14,39,114,59,107,8,109,1,3,110,101,19,111,2,110,86,92,110,62,91,33,21,0,91,116,106,112,108,110,2,49,0,113,109,113,25,113,113,110,111,36,0,75,64,12,59,3,97,0,0,101,1,58,32,57,47,89,112,89,105,93,100,50,60,23,87,107,89,51,36,4,109,0,113,82,108,50,110,47,109,113,79,44,97,111,22,7,113,111,113,110,11,40,107,77,28,26,110,111,113,110,79,114,102,103,113,113,47,80,21,92,74,61,104,113,3,0,3,69,97,3,110,3,111,93,49,113,58,61,8,16,3,20,105,3,0,19,33,0,3,0,42,1,20,109,44,68,17,1,23,56,0,10,23,11,0,50,43,3,0,0,4,21,0,80,29,0,0,7,111,2,1,108,0,36,43,0,12,47,6,109,0,59,54,0,5,1,1,3,34,23,5,0,37,110,81,8,36,1,22,3,64,0,4,8,3,0,0,6,41,7,112,90,0,3,25,9,1,11,57,111,3,23,10,3,0,0,49,0,0,3,0,107,1,3,31,25,33,80,0,3,3,0,2,27,22,45,85,27,15,113,1,4,26,0,2,3,41,113,111,0,0,99,9,2,90,0,0,0,111,0,111,0,12,19,82,57,25,3,0,2,51,8,1,0,54,2,0,0,0,23,2,3,0,0,81,3,0,41,0,0,8,15,106,1,12,58,80,0,9,10,1,0,20,110,22,23,25,112,4,41,111,86,110,8,11,64,10,113,114,99,0,110,1,13,76,60,101,8,28,6,0,107,0,0,21,0,11,113,56,5,2,108,0,1,20,55,52,3,85,0,56,0,2,0,0,5,0,2,17,0,0,0,98,4,3,0,108,111,83,0,61,5,66,110,64,22,0,112,3,100,105,5,1,3,102,110,113,85,74,109,113,0,3,107,15,0,113,60,85,16,111,79,0,2,3,40,35,9,6,0,3,55,70,2,112,0,101,0,12,7,0,2,2,3,37,0,2,2,0,12,69,10,3,3,82,31,2,0,6,0,32
18,73,28,59,106,96,109,107,70,8,75,65,109,109,2,109,33,27,100,17,0,58,0,109,54,64,47,105,20,111,11,64,2,79,108,40,19,0,88,0,1,109,31,82,31,109,5,6,13,45,108,62,103,9,106,1,2,108,96,19,109,2,108,84,87,105,56,85,36,22,0,87,106,116,110,104,112,2,45,4,109,108,109,24,109,109,104,108,38,0,71,63,15,59,0,92,0,0,95,1,54,27,57,45,85,109,86,112,87,95,48,53,19,82,103,87,50,33,2,106,5,109,77,106,48,108,42,106,109,75,43,93,108,18,5,109,108,109,109,11,39,103,72,32,25,110,107,109,108,75,108,99,100,109,109,47,76,17,89,79,64,99,109,3,0,2,69,92,2,106,2,108,89,46,109,60,57,4,17,6,16,101,3,1,19,34,4,6,0,41,1,16,108,40,64,16,0,19,55,0,13,22,11,0,49,50,6,2,0,7,24,7,82,29,4,4,7,108,2,0,107,0,36,42,4,16,43,5,103,4,59,54,0,5,0,0,2,38,19,0,0,38,108,81,4,33,5,18,6,59,0,4,8,6,0,0,5,43,8,109,88,0,2,22,7,0,12,64,108,3,22,13,6,0,7,53,0,2,7,4,105,1,3,25,23,33,78,0,6,6,4,2,26,18,47,80,29,11,108,0,6,26,0,4,3,41,106,107,0,0,94,8,3,85,0,0,4,108,0,107,0,12,23,78,57,28,6,5,2,51,8,1,0,53,4,0,0,0,19,0,6,0,0,77,6,0,41,0,0,11,11,102,1,9,54,75,0,10,14,1,0,23,109,25,19,20,110,8,40,108,83,108,5,10,61,10,109,108,98,4,109,2,13,74,53,93,5,27,3,0,103,1,4,22,0,13,109,56,5,6,103,0,0,19,53,50,8,82,4,58,1,2,1,0,6,0,6,13,0,0,4,93,3,2,5,102,107,78,0,58,2,61,109,60,18,0,109,4,94,103,4,2,2,99,108,109,81,70,107,109,4,2,103,13,0,109,63,79,17,107,74,4,7,4,41,31,8,4,0,2,59,69,2,109,0,101,0,17,8,6,5,4,2,30,0,2,0,0,10,75,15,3,6,78,31,0,0,12,0,32
18,75,22,63,112,100,115,111,74,12,79,63,115,115,2,115,31,29,102,17,0,62,0,115,56,68,41,107,24,113,11,62,2,81,110,34,23,0,92,0,3,113,31,84,33,115,1,0,13,39,114,56,109,7,110,1,0,112,98,17,115,4,112,88,89,107,60,89,30,22,0,89,112,110,116,106,114,4,47,0,115,110,115,22,115,115,110,112,38,0,75,61,13,61,0,94,0,0,99,1,58,31,57,47,89,115,88,106,93,99,48,57,23,86,109,91,48,35,2,110,1,115,81,108,52,112,44,110,115,79,41,97,112,22,7,115,112,115,113,13,37,109,74,30,27,112,113,115,112,79,114,105,102,115,115,45,78,21,91,75,58,101,115,3,0,0,67,96,4,112,0,112,95,50,115,62,61,8,15,0,20,103,3,0,21,36,0,0,0,43,1,20,112,44,68,18,0,23,57,0,7,24,11,0,51,44,0,0,0,3,18,1,78,29,0,0,7,112,2,0,111,0,38,44,0,12,47,3,109,0,61,56,0,5,0,0,0,34,23,2,0,38,112,83,6,35,1,22,0,61,0,4,8,0,0,0,5,45,8,115,92,0,0,24,7,0,12,58,112,5,20,7,0,0,1,47,0,0,3,0,107,1,3,27,21,35,80,0,0,0,0,4,26,22,45,84,31,15,114,0,6,28,0,6,3,43,110,113,0,0,96,10,3,87,0,0,0,112,0,113,0,10,19,80,59,24,0,1,0,53,8,1,0,55,0,0,0,0,23,0,0,0,0,81,0,0,39,0,0,5,15,108,1,11,58,79,0,12,10,1,0,21,113,19,23,22,116,4,38,112,87,112,5,8,65,7,115,114,102,0,113,0,13,76,57,99,5,25,3,0,109,1,0,22,0,13,115,58,5,0,105,0,0,17,55,52,4,86,0,54,1,2,1,0,4,0,4,15,0,0,0,95,1,0,1,106,113,80,0,62,2,65,113,64,22,0,111,2,98,107,6,2,0,103,112,115,83,74,111,111,0,0,105,13,0,115,57,83,17,111,78,0,1,0,39,33,8,4,0,2,57,71,2,115,0,103,0,11,8,0,3,2,0,34,0,0,0,0,8,69,9,3,4,82,33,0,0,6,0,34
20,66,31,60,103,105,106,107,79,17,75,64,106,106,2,106,40,24,109,23,2,62,5,106,47,70,37,106,24,109,14,54,1,72,110,36,23,0,90,0,7,107,32,83,26,106,3,9,9,37,106,65,101,10,105,2,9,107,101,21,105,1,107,84,98,114,63,94,31,21,0,96,108,104,106,116,108,1,41,0,106,107,106,31,106,106,111,106,34,0,75,70,16,52,6,101,0,0,106,1,55,28,53,40,91,106,94,105,85,104,53,63,23,86,101,93,57,41,9,105,3,106,87,105,51,107,53,105,106,74,50,94,107,22,7,106,107,106,107,7,46,100,83,21,29,108,104,106,106,79,106,100,107,106,106,45,85,21,94,72,67,108,106,5,0,9,67,97,1,103,9,106,86,50,106,52,58,8,23,9,20,113,3,0,17,27,0,9,0,43,1,20,106,44,72,19,0,23,49,0,16,20,15,0,43,42,9,3,2,6,27,4,74,31,0,0,7,106,2,0,105,0,29,44,0,12,49,12,101,1,52,48,0,5,0,1,9,34,23,6,0,33,107,74,3,38,2,22,9,70,0,5,10,9,0,0,1,37,8,106,90,0,9,20,12,3,12,59,107,1,29,16,9,0,4,57,2,3,5,0,112,2,5,29,23,26,85,0,9,9,2,0,21,22,42,82,21,15,106,1,1,19,0,0,5,34,109,104,0,1,105,6,3,96,0,0,0,106,0,104,0,18,19,88,50,20,9,1,8,44,10,5,2,47,5,0,0,0,23,6,9,2,0,82,9,4,39,0,0,14,15,99,1,13,60,80,0,7,10,2,0,27,106,26,23,25,106,4,47,106,81,107,11,17,63,16,106,106,97,0,106,3,15,79,63,94,11,32,9,0,100,0,4,22,2,8,106,49,7,10,108,0,0,26,48,44,4,86,0,59,1,3,1,0,13,0,5,11,0,0,2,102,8,9,2,105,104,89,0,62,8,65,107,61,22,0,111,5,105,103,3,2,9,101,106,106,85,71,106,109,0,9,107,20,0,106,60,90,17,107,77,0,9,6,46,40,12,9,1,1,48,71,2,106,0,101,0,8,8,5,5,5,9,40,0,8,7,0,16,65,13,4,4,81,24,5,2,11,0,25
18,73,24,63,110,100,113,111,74,12,79,65,113,113,2,113,33,27,104,17,0,62,0,113,54,68,43,109,24,115,11,60,2,79,112,36,23,0,92,0,1,113,31,86,31,113,1,2,13,41,112,58,107,9,110,1,2,112,100,19,113,2,112,88,91,109,60,89,32,22,0,91,110,112,114,108,116,2,45,0,113,112,113,24,113,113,108,112,38,0,75,63,15,59,0,96,0,0,99,1,58,31,57,45,89,113,90,108,91,99,48,57,23,86,107,91,50,37,2,110,1,113,81,110,52,112,46,110,113,79,43,97,112,22,5,113,112,113,113,11,39,107,76,28,25,114,111,113,112,79,112,103,104,113,113,47,80,21,93,75,60,103,113,3,0,2,69,96,2,110,2,112,93,50,113,60,61,8,17,2,20,105,3,0,19,34,0,2,0,41,1,20,112,44,68,16,0,23,55,0,9,22,11,0,49,46,2,2,0,3,20,3,78,29,0,0,7,112,2,0,111,0,36,42,0,12,47,5,107,0,59,54,0,5,0,0,2,34,23,0,0,38,112,81,4,37,1,22,2,63,0,4,8,2,0,0,5,43,8,113,92,0,2,22,7,0,12,60,112,3,22,9,2,0,3,49,0,2,3,0,109,1,3,25,23,33,82,0,2,2,0,2,26,22,47,84,29,15,112,0,6,26,0,4,3,41,110,111,0,0,98,8,3,89,0,0,0,112,0,111,0,12,19,82,57,24,2,1,2,51,8,1,0,53,0,0,0,0,23,0,2,0,0,81,2,0,41,0,0,7,15,106,1,9,58,79,0,10,10,1,0,23,113,21,23,20,114,4,40,112,87,112,5,10,65,9,113,112,102,0,113,2,13,78,57,97,5,27,3,0,107,1,0,22,0,13,113,56,5,2,107,0,0,19,53,50,4,86,0,54,1,2,1,0,6,0,6,13,0,0,0,97,3,2,1,106,111,82,0,62,2,65,113,64,22,0,113,4,98,107,4,2,2,103,112,113,85,74,111,113,0,2,107,13,0,113,59,83,17,111,78,0,3,0,41,35,8,4,0,2,55,69,2,113,0,105,0,13,8,2,5,4,2,34,0,2,0,0,10,71,11,3,2,82,31,0,0,8,0,32
76,3,21,22,6,1,3,0,23,2,9,5,3,3,9,3,23,29,3,84,100,0,67,3,57,20,66,2,0,1,86,2,35,3,2,18,0,0,13,1,78,1,71,15,81,3,90,79,35,65,2,21,7,83,0,84,67,2,8,15,5,25,2,18,7,0,37,1,21,80,0,9,2,2,4,1,2,116,4,9,3,0,3,13,3,3,4,0,69,2,0,11,25,57,10,10,5,0,4,0,2,0,55,64,14,3,14,1,2,5,10,35,0,17,3,17,7,14,87,0,33,3,17,3,29,2,6,0,3,0,8,9,0,0,8,3,0,3,1,30,15,6,12,75,69,0,3,3,0,16,2,12,5,3,3,54,12,0,7,12,21,4,3,98,23,60,7,7,97,3,14,0,20,25,3,58,0,0,83,46,0,4,0,21,45,70,15,49,23,68,0,0,1,0,18,5,34,0,61,19,70,65,14,28,65,16,83,7,102,38,81,53,10,37,16,0,0,0,51,34,1,23,77,66,6,0,27,14,5,39,57,3,28,0,7,90,77,2,0,22,23,69,2,3,50,18,79,0,76,13,21,34,92,39,0,46,36,73,96,5,13,1,30,72,88,94,92,30,0,11,14,67,74,0,91,36,24,53,79,0,3,24,95,81,80,78,28,25,22,52,91,27,77,0,68,21,76,0,4,51,34,3,0,40,51,73,0,3,28,10,7,46,99,20,23,16,18,0,75,3,26,63,0,22,10,21,77,93,96,60,91,95,61,15,20,29,77,16,0,31,35,97,28,2,12,32,59,0,0,16,0,7,0,9,44,7,28,5,0,20,0,17,1,83,0,82,4,0,11,0,20,2,35,25,0,67,3,2,5,11,1,68,87,1,28,3,88,10,90,0,6,27,41,80,25,0,3,60,24,54,1,2,6,75,60,61,50,18,0,13,101,74,102,23,92,0,106,73,23,0,97,7,11,12,89,1,3,7,0,18,10,0,1,0,0,23,1,91,4,4,101,62,23,5,0,3,5,3,2,0,17,24,6,31,0,3,23,15,87,1,10,0,18,32,69,13,13,18,102,4,20,10,0,3,0,9,6,77,90,43,57,81,81,16,27,93,96,23,18,26,83,94,102,0,78,2,13,24,21,80
10,75,22,39,50,35,48,45,30,33,46,56,47,48,58,48,46,12,39,10,2,37,9,48,27,15,22,41,14,45,6,79,1,70,45,14,14,24,28,26,11,45,7,26,25,48,5,5,38,25,49,22,49,16,44,5,15,45,35,31,47,52,45,29,33,43,30,46,62,13,30,29,49,45,47,41,45,4,116,33,48,44,48,69,48,48,44,46,20,23,26,56,54,26,46,39,25,28,35,25,29,17,24,26,27,47,27,45,31,34,70,23,12,29,53,41,64,9,6,47,16,48,24,46,32,45,47,44,48,63,38,35,46,15,62,48,46,48,45,13,36,51,26,21,8,45,50,48,45,46,49,37,41,48,48,19,26,13,44,50,20,41,48,2,8,21,49,33,6,49,55,46,49,25,48,25,36,10,10,23,13,39,28,4,17,27,9,11,8,21,21,13,45,30,37,76,36,14,28,9,5,25,37,8,27,56,5,32,2,51,15,15,46,39,9,17,30,46,12,5,43,8,29,22,13,10,39,53,53,7,26,90,8,30,59,6,17,27,14,29,8,17,45,68,41,24,2,15,3,38,9,39,3,23,25,8,13,25,1,47,28,25,47,21,9,4,1,24,46,58,31,3,5,59,2,24,47,10,2,13,42,51,4,23,24,26,31,8,43,16,2,56,18,15,24,34,20,9,48,4,4,70,25,9,24,30,46,50,5,56,33,43,6,37,8,9,8,46,10,50,8,31,14,39,90,19,3,4,5,27,9,3,23,66,44,8,10,9,14,6,43,2,8,31,43,42,18,24,48,45,14,49,25,66,23,47,3,70,9,46,24,72,45,12,14,16,47,10,35,46,45,45,31,55,40,5,48,49,35,9,45,13,5,41,25,47,5,38,12,26,51,6,19,1,46,65,48,28,46,25,41,34,54,2,30,28,20,28,12,63,4,9,2,8,8,25,7,34,8,25,2,44,55,56,4,43,50,34,25,9,49,65,45,26,15,8,45,15,35,40,4,25,41,38,45,48,34,58,45,47,9,43,41,35,58,48,35,25,4,46,46,30,33,5,20,17,60,57,2,59,51,67,27,47,20,43,25,16,8,34,12,9,5,33,9,5,2,8,58,38,5,2,4,33,24,58,40,38,9,25
15,6,19,21,0,0,0,0,4,70,21,2,1,0,55,0,21,37,0,9,10,25,18,0,7,0,11,0,54,0,11,22,52,0,0,29,55,56,4,55,15,0,11,0,7,0,15,16,7,9,0,12,2,14,0,7,24,0,0,15,0,39,0,4,0,0,4,10,30,7,54,0,0,4,0,0,0,9,33,116,0,0,0,45,0,0,0,3,11,56,32,0,33,7,43,0,58,52,0,56,41,51,7,7,4,1,0,4,15,2,17,0,49,4,2,0,8,19,5,6,20,0,4,0,22,0,35,0,0,30,15,5,0,56,47,0,0,0,0,47,0,0,8,15,15,2,0,0,4,11,0,0,0,0,0,5,8,51,7,29,12,0,0,11,62,9,8,4,15,0,35,3,0,21,0,7,22,64,11,4,56,0,59,69,15,9,70,27,62,7,64,56,0,34,17,33,77,55,7,66,16,19,33,57,7,49,19,29,11,39,11,20,8,7,65,60,55,3,36,49,0,62,7,7,50,60,28,32,0,42,7,30,57,56,62,16,16,44,55,18,62,11,0,0,49,38,9,56,21,25,62,24,10,19,56,53,21,7,11,0,4,57,27,17,11,11,11,8,0,45,23,19,13,80,17,10,31,39,12,68,0,36,11,7,7,7,0,66,43,24,10,39,18,56,7,4,6,56,0,32,45,60,56,41,41,7,2,0,59,45,0,66,6,0,62,62,58,3,28,0,55,3,59,1,20,50,17,12,7,7,11,8,14,7,46,56,32,63,55,50,39,6,57,11,47,29,10,48,88,44,63,0,56,35,4,21,62,52,59,31,56,42,3,13,55,7,0,68,15,3,6,0,47,43,22,15,0,0,4,66,3,21,11,18,12,1,6,27,11,54,0,39,45,9,31,67,0,7,31,13,0,33,56,4,7,7,11,4,68,38,11,25,11,62,11,56,12,14,62,56,15,0,40,37,20,0,0,7,59,4,30,41,0,38,56,62,0,16,3,0,12,12,35,4,4,0,10,29,0,0,66,26,0,11,81,0,14,2,11,0,21,82,48,56,7,37,43,38,12,60,13,0,59,1,64,0,59,11,12,28,29,28,12,52,58,11,11,62,30,16,15,12,10,25,8,58,40,59,62,7
18,76,22,62,113,99,116,111,74,12,78,63,115,116,2,116,31,29,102,17,0,62,0,116,57,68,41,106,24,112,11,63,2,82,111,33,23,0,91,0,3,112,32,83,34,116,1,0,14,40,115,56,108,7,111,0,0,111,98,17,114,3,111,87,89,107,60,89,30,21,0,88,113,109,115,106,113,3,48,0,116,111,116,22,116,116,110,113,38,0,75,61,12,62,0,94,0,0,99,1,58,32,58,48,89,115,87,107,94,98,48,57,23,86,109,91,48,34,2,110,0,116,81,107,51,111,44,111,116,80,41,97,113,22,8,116,113,116,112,14,37,110,74,31,27,112,114,116,112,79,115,104,102,116,116,46,77,21,91,74,58,101,116,3,0,0,68,97,3,113,0,113,96,49,116,61,61,8,14,0,20,103,3,0,20,36,0,0,0,43,1,20,111,44,67,18,1,23,58,0,7,24,11,0,52,45,0,0,0,2,18,0,79,29,0,0,7,113,2,1,110,0,39,44,0,12,47,3,110,0,62,57,0,5,0,1,0,34,23,2,0,39,111,84,7,35,0,22,0,61,0,3,8,0,0,0,6,44,7,114,91,0,0,25,7,0,11,57,113,5,20,7,0,0,0,47,0,0,3,0,106,0,3,28,22,36,80,0,0,0,0,3,27,22,46,85,30,15,115,1,6,29,0,5,3,44,110,114,0,0,96,11,2,87,0,0,0,113,0,114,0,10,19,80,60,25,0,0,0,54,8,1,0,56,0,0,0,0,23,0,0,0,0,81,0,0,40,0,0,5,15,109,1,11,58,80,0,12,10,0,0,21,112,19,23,22,115,4,38,113,88,111,5,8,65,7,116,115,101,0,112,0,13,76,57,98,5,25,4,0,110,0,0,21,0,13,116,59,5,0,105,0,0,17,56,53,3,85,0,54,0,2,0,0,4,0,3,16,0,0,0,95,1,0,0,106,114,80,0,61,2,65,112,64,22,0,111,2,98,106,6,1,0,104,112,116,83,75,110,112,0,0,105,13,0,116,57,83,16,112,77,0,1,0,39,32,8,4,0,3,58,71,2,115,0,102,0,12,8,0,2,2,0,34,0,0,0,0,9,70,9,3,3,82,34,0,0,6,0,35
19,73,24,65,108,98,111,110,72,12,77,65,110,111,2,111,33,26,102,17,1,60,0,111,54,69,42,106,22,113,12,61,2,79,112,35,21,0,94,0,0,111,33,86,31,111,2,2,14,45,111,58,107,9,114,1,2,110,98,19,109,0,110,86,91,107,60,87,32,22,2,90,109,108,110,107,112,0,44,0,111,116,111,22,111,111,105,111,39,0,73,61,13,59,0,94,0,0,98,1,58,30,59,45,88,110,90,108,92,97,46,55,23,85,104,90,50,36,3,108,3,111,80,107,50,110,46,114,111,80,43,100,112,20,5,111,112,111,111,11,39,105,76,28,24,112,109,111,110,78,111,99,102,111,111,48,79,21,91,72,60,101,111,4,0,2,70,96,0,108,2,111,91,48,111,58,59,8,17,2,22,104,1,0,17,33,0,2,0,40,3,22,110,42,66,15,1,21,55,0,9,21,10,0,49,48,2,2,1,2,20,5,77,28,2,2,5,111,2,1,113,0,36,41,0,12,50,5,106,3,59,52,0,3,0,2,2,32,21,0,0,40,110,81,5,37,3,20,2,61,0,3,9,2,0,0,6,41,8,109,94,0,2,23,7,1,12,58,112,2,22,9,2,0,5,52,1,2,6,2,107,1,4,26,24,33,81,0,2,2,3,0,27,20,47,84,29,15,110,2,6,26,0,2,4,41,108,109,0,1,96,8,5,87,0,0,0,111,0,109,2,12,17,80,55,27,4,1,2,51,9,4,1,55,0,0,0,0,21,0,2,3,0,82,2,3,42,0,0,7,13,104,1,8,57,79,0,7,10,1,0,24,110,21,21,20,110,4,40,111,86,110,5,10,63,9,111,111,100,0,110,2,14,76,55,96,5,27,5,0,105,0,3,24,1,13,111,56,4,3,105,0,0,19,53,51,6,84,0,52,1,3,1,0,7,2,4,14,0,0,1,95,3,2,1,104,109,82,0,62,2,63,111,62,20,0,110,4,97,105,3,2,2,103,110,111,85,74,109,112,0,2,105,14,0,111,57,86,17,111,76,0,2,0,41,34,9,4,1,3,55,68,0,110,0,101,0,16,9,5,4,4,2,32,0,2,1,0,11,72,11,6,0,80,31,0,1,11,0,32
18,76,22,62,113,99,116,111,74,12,78,63,115,116,2,116,31,29,102,17,0,62,0,116,57,68,41,106,24,112,11,63,2,82,111,33,23,0,91,0,3,112,32,83,34,116,1,0,14,40,115,56,108,7,111,0,0,111,98,17,114,3,111,87,89,107,60,89,30,21,0,88,113,109,115,106,113,3,48,0,116,111,116,22,116,116,110,113,38,0,75,61,12,62,0,94,0,0,99,1,58,32,58,48,89,115,87,107,94,98,48,57,23,86,109,91,48,34,2,110,0,116,81,107,51,111,44,111,116,80,41,97,113,22,8,116,113,116,112,14,37,110,74,31,27,112,114,116,112,79,115,104,102,116,116,46,77,21,91,74,58,101,116,3,0,0,68,97,3,113,0,113,96,49,116,61,61,8,14,0,20,103,3,0,20,36,0,0,0,43,1,20,111,44,67,18,1,23,58,0,7,24,11,0,52,45,0,0,0,2,18,0,79,29,0,0,7,113,2,1,110,0,39,44,0,12,47,3,110,0,62,57,0,5,0,1,0,34,23,2,0,39,111,84,7,35,0,22,0,61,0,3,8,0,0,0,6,44,7,114,91,0,0,25,7,0,11,57,113,5,20,7,0,0,0,47,0,0,3,0,106,0,3,28,22,36,80,0,0,0,0,3,27,22,46,85,30,15,115,1,6,29,0,5,3,44,110,114,0,0,96,11,2,87,0,0,0,113,0,114,0,10,19,80,60,25,0,0,0,54,8,1,0,56,0,0,0,0,23,0,0,0,0,81,0,0,40,0,0,5,15,109,1,11,58,80,0,12,10,0,0,21,112,19,23,22,115,4,38,113,88,111,5,8,65,7,116,115,101,0,112,0,13,76,57,98,5,25,4,0,110,0,0,21,0,13,116,59,5,0,105,0,0,17,56,53,3,85,0,54,0,2,0,0,4,0,3,16,0,0,0,95,1,0,0,106,114,80,0,61,2,65,112,64,22,0,111,2,98,106,6,1,0,104,112,116,83,75,110,112,0,0,105,13,0,116,57,83,16,112,77,0,1,0,39,32,8,4,0,3,58,71,2,115,0,102,0,12,8,0,2,2,0,34,0,0,0,0,9,70,9,3,3,82,34,0,0,6,0,35
1,37,54,33,22,31,22,23,31,55,36,48,22,22,49,22,78,6,35,9,5,31,17,22,0,10,4,31,21,24,7,39,9,30,25,32,21,23,20,25,41,22,0,35,5,22,8,37,19,2,23,56,20,17,20,7,51,22,39,34,22,48,22,22,38,31,28,39,38,0,29,37,25,24,22,31,24,13,69,45,22,22,22,116,22,22,27,22,1,22,15,56,50,0,59,36,24,27,28,24,13,20,0,1,23,22,35,25,5,29,59,41,19,24,27,26,65,37,14,23,16,22,27,25,28,22,44,20,22,38,55,20,22,22,51,22,22,22,22,8,37,22,51,0,33,24,22,22,22,28,23,22,31,22,22,13,48,20,41,34,56,31,22,1,15,51,53,22,4,22,67,22,22,24,22,0,31,25,14,34,20,33,27,11,25,8,16,45,15,9,20,20,22,37,36,62,34,21,0,16,39,7,48,15,3,61,39,31,5,38,21,28,25,28,16,16,29,22,12,13,20,15,0,7,13,17,42,70,23,18,0,55,15,29,44,0,43,36,21,46,15,0,22,30,30,43,4,22,41,59,16,35,1,35,24,11,14,0,0,22,20,24,61,2,7,10,0,12,22,44,64,39,39,55,22,37,33,16,1,28,28,47,1,10,22,1,29,15,75,44,4,40,3,22,3,22,1,16,22,8,10,46,24,18,21,0,26,22,14,41,41,35,9,37,15,16,15,22,14,22,15,36,21,37,50,11,34,4,30,0,1,6,15,32,32,15,14,16,21,23,55,5,15,27,70,38,16,23,44,79,29,22,24,58,26,36,10,48,16,36,23,75,22,17,21,17,22,25,58,22,24,22,47,69,37,39,22,23,22,16,22,35,1,34,44,28,12,53,21,25,22,15,29,3,33,43,22,0,35,33,31,29,68,31,1,3,6,22,27,57,4,9,4,15,14,24,14,25,15,24,4,33,60,66,23,25,22,47,24,7,47,51,22,21,22,15,27,23,31,22,0,17,73,22,22,22,43,42,22,26,16,56,30,35,54,22,33,28,0,22,38,27,67,19,9,51,47,47,4,44,14,35,26,22,19,28,24,11,0,37,20,9,39,55,16,23,10,15,68,19,28,0,19,15,0,64,48,61,16,3
18,76,22,62,113,99,116,111,74,12,78,63,115,116,2,116,31,29,102,17,0,62,0,116,57,68,41,106,24,112,11,63,2,82,111,33,23,0,91,0,3,112,32,83,34,116,1,0,14,40,115,56,108,7,111,0,0,111,98,17,114,3,111,87,89,107,60,89,30,21,0,88,113,109,115,106,113,3,48,0,116,111,116,22,116,116,110,113,38,0,75,61,12,62,0,94,0,0,99,1,58,32,58,48,89,115,87,107,94,98,48,57,23,86,109,91,48,34,2,110,0,116,81,107,51,111,44,111,116,80,41,97,113,22,8,116,113,116,112,14,37,110,74,31,27,112,114,116,112,79,115,104,102,116,116,46,77,21,91,74,58,101,116,3,0,0,68,97,3,113,0,113,96,49,116,61,61,8,14,0,20,103,3,0,20,36,0,0,0,43,1,20,111,44,67,18,1,23,58,0,7,24,11,0,52,45,0,0,0,2,18,0,79,29,0,0,7,113,2,1,110,0,39,44,0,12,47,3,110,0,62,57,0,5,0,1,0,34,23,2,0,39,111,84,7,35,0,22,0,61,0,3,8,0,0,0,6,44,7,114,91,0,0,25,7,0,11,57,113,5,20,7,0,0,0,47,0,0,3,0,106,0,3,28,22,36,80,0,0,0,0,3,27,22,46,85,30,15,115,1,6,29,0,5,3,44,110,114,0,0,96,11,2,87,0,0,0,113,0,114,0,10,19,80,60,25,0,0,0,54,8,1,0,56,0,0,0,0,23,0,0,0,0,81,0,0,40,0,0,5,15,109,1,11,58,80,0,12,10,0,0,21,112,19,23,22,115,4,38,113,88,111,5,8,65,7,116,115,101,0,112,0,13,76,57,98,5,25,4,0,110,0,0,21,0,13,116,59,5,0,105,0,0,17,56,53,3,85,0,54,0,2,0,0,4,0,3,16,0,0,0,95,1,0,0,106,114,80,0,61,2,65,112,64,22,0,111,2,98,106,6,1,0,104,112,116,83,75,110,112,0,0,105,13,0,116,57,83,16,112,77,0,1,0,39,32,8,4,0,3,58,71,2,115,0,102,0,12,8,0,2,2,0,34,0,0,0,0,9,70,9,3,3,82,34,0,0,6,0,35
18,76,22,62,113,99,116,111,74,12,78,63,115,116,2,116,31,29,102,17,0,62,0,116,57,68,41,106,24,112,11,63,2,82,111,33,23,0,91,0,3,112,32,83,34,116,1,0,14,40,115,56,108,7,111,0,0,111,98,17,114,3,111,87,89,107,60,89,30,21,0,88,113,109,115,106,113,3,48,0,116,111,116,22,116,116,110,113,38,0,75,61,12,62,0,94,0,0,99,1,58,32,58,48,89,115,87,107,94,98,48,57,23,86,109,91,48,34,2,110,0,116,81,107,51,111,44,111,116,80,41,97,113,22,8,116,113,116,112,14,37,110,74,31,27,112,114,116,112,79,115,104,102,116,116,46,77,21,91,74,58,101,116,3,0,0,68,97,3,113,0,113,96,49,116,61,61,8,14,0,20,103,3,0,20,36,0,0,0,43,1,20,111,44,67,18,1,23,58,0,7,24,11,0,52,45,0,0,0,2,18,0,79,29,0,0,7,113,2,1,110,0,39,44,0,12,47,3,110,0,62,57,0,5,0,1,0,34,23,2,0,39,111,84,7,35,0,22,0,61,0,3,8,0,0,0,6,44,7,114,91,0,0,25,7,0,11,57,113,5,20,7,0,0,0,47,0,0,3,0,106,0,3,28,22,36,80,0,0,0,0,3,27,22,46,85,30,15,115,1,6,29,0,5,3,44,110,114,0,0,96,11,2,87,0,0,0,113,0,114,0,10,19,80,60,25,0,0,0,54,8,1,0,56,0,0,0,0,23,0,0,0,0,81,0,0,40,0,0,5,15,109,1,11,58,80,0,12,10,0,0,21,112,19,23,22,115,4,38,113,88,111,5,8,65,7,116,115,101,0,112,0,13,76,57,98,5,25,4,0,110,0,0,21,0,13,116,59,5,0,105,0,0,17,56,53,3,85,0,54,0,2,0,0,4,0,3,16,0,0,0,95,1,0,0,106,114,80,0,61,2,65,112,64,22,0,111,2,98,106,6,1,0,104,112,116,83,75,110,112,0,0,105,13,0,116,57,83,16,112,77,0,1,0,39,32,8,4,0,3,58,71,2,115,0,102,0,12,8,0,2,2,0,34,0,0,0,0,9,70,9,3,3,82,34,0,0,6,0,35
20,70,27,60,107,103,110,107,80,17,75,60,110,110,2,110,36,28,107,22,2,62,5,110,51,70,37,102,24,107,12,57,1,76,107,33,23,0,90,0,8,107,32,82,29,110,3,5,9,35,109,61,105,7,105,0,5,108,97,17,109,4,108,84,94,112,63,95,29,22,0,92,110,104,110,111,108,4,44,0,110,105,110,27,110,110,116,107,34,0,75,66,13,56,5,99,0,0,104,1,55,28,54,43,91,110,89,101,88,102,54,62,23,86,105,93,53,39,7,106,3,110,87,105,50,108,49,105,110,75,46,95,107,22,9,110,107,110,107,11,42,104,79,25,30,107,108,110,107,79,109,104,106,110,110,42,81,21,91,73,63,106,110,5,0,5,63,97,3,107,5,107,90,50,110,56,58,8,18,5,20,108,3,0,21,31,0,5,0,46,1,20,106,44,72,21,0,23,54,0,12,24,15,0,47,40,5,0,2,7,23,1,75,31,0,0,7,107,2,0,105,0,33,47,0,12,49,8,104,0,56,51,0,5,0,0,5,34,23,7,0,33,108,78,5,35,0,22,5,66,0,6,10,5,0,0,1,41,8,111,90,0,5,23,13,1,12,58,107,4,25,12,5,0,1,52,2,0,5,0,111,0,5,31,19,30,82,0,5,5,2,4,23,22,41,82,25,15,111,1,1,23,0,3,5,38,109,108,1,0,101,9,3,92,0,0,0,107,0,108,0,16,19,86,54,21,5,1,6,48,10,5,2,52,6,0,0,0,23,5,5,2,0,81,5,4,36,0,0,10,15,103,1,16,60,80,0,10,10,0,0,25,107,24,23,27,110,4,43,107,82,108,10,13,64,12,110,109,96,0,107,0,15,76,62,96,10,28,7,0,104,1,4,22,2,8,110,53,7,5,104,0,0,22,51,47,4,86,0,59,1,2,1,0,10,0,3,11,0,0,2,100,4,5,1,106,108,85,0,62,7,65,107,61,22,0,110,2,103,103,7,2,5,101,107,110,82,71,107,107,0,5,105,18,0,110,56,88,17,108,75,0,6,5,43,36,12,10,1,1,52,74,2,110,0,98,0,7,7,2,2,2,5,39,0,5,5,0,12,64,11,4,5,82,28,5,2,8,0,29
18,73,22,62,110,99,113,111,74,14,78,63,112,113,4,113,31,26,102,17,0,65,3,113,54,68,40,106,27,112,11,61,5,79,111,34,26,3,91,3,0,112,32,82,31,113,1,0,14,40,113,56,105,7,111,0,0,111,98,17,111,0,111,87,89,107,60,89,30,21,3,88,111,108,112,106,112,0,46,3,113,111,113,22,113,113,107,116,38,3,78,61,12,59,0,94,3,3,99,4,61,35,58,45,89,112,87,107,92,98,48,57,26,86,106,91,48,34,2,113,0,113,81,107,51,111,44,111,113,83,41,97,113,25,5,113,113,113,112,11,37,107,74,28,24,113,111,113,115,79,113,101,102,113,113,46,77,24,91,76,58,101,113,3,3,0,68,97,0,110,0,116,93,49,113,58,64,11,14,0,23,103,6,3,17,33,3,0,3,40,4,23,111,47,67,15,4,26,55,3,7,21,11,3,49,44,0,1,0,2,18,0,81,29,3,3,10,116,5,4,110,3,36,41,3,15,47,3,108,0,59,54,3,8,2,1,0,37,26,0,3,39,111,81,5,35,0,25,0,61,3,3,8,0,3,3,6,41,7,111,91,3,0,23,7,0,11,57,113,2,20,7,0,3,0,47,0,1,3,3,106,0,3,26,22,33,80,3,0,0,0,0,29,25,45,85,27,18,112,1,9,26,3,2,3,41,112,111,3,0,96,8,2,87,3,3,3,116,3,111,3,10,22,80,57,28,0,0,0,51,8,1,0,53,0,3,3,3,26,3,0,0,3,81,0,0,40,3,3,5,18,106,4,8,58,80,3,9,13,0,3,20,115,19,26,20,112,7,38,116,91,111,5,8,68,7,113,113,101,3,115,0,13,77,57,96,5,25,4,3,107,3,0,21,0,16,113,56,5,0,105,3,2,17,53,51,3,85,3,57,0,2,0,3,4,3,2,14,3,3,0,95,1,0,0,106,111,80,3,61,2,67,112,67,25,3,110,2,98,106,3,1,0,104,115,113,83,75,110,112,3,0,105,13,3,113,57,83,16,112,77,3,0,2,39,32,8,4,0,5,55,68,5,112,3,101,3,12,8,0,3,3,0,36,3,0,0,3,9,70,9,3,0,85,31,2,0,6,3,32
87,35,1,20,35,28,38,41,13,1,32,22,38,38,0,38,8,38,33,90,74,6,59,38,91,16,102,32,0,39,89,24,35,38,37,6,0,0,34,1,57,41,78,20,95,38,75,52,37,94,38,10,33,66,41,53,56,40,26,6,37,2,40,26,24,34,30,18,46,91,0,20,36,38,38,34,38,69,20,11,38,39,38,1,38,38,34,38,116,2,25,15,8,92,4,26,5,0,29,0,25,3,94,82,31,38,20,37,38,35,19,20,0,26,37,47,10,9,73,36,8,38,21,36,15,40,9,41,38,31,10,40,41,0,4,38,41,38,41,39,7,36,21,97,60,38,40,38,38,47,38,27,30,38,38,73,17,0,22,28,8,28,38,79,23,35,23,35,74,39,1,38,48,15,38,92,9,0,89,21,0,31,0,21,41,95,15,32,23,80,0,0,40,0,19,8,27,0,88,19,59,78,9,28,86,12,58,0,76,31,82,24,33,30,16,0,0,38,46,34,41,23,99,80,4,0,12,2,37,26,92,28,28,0,2,77,64,0,0,12,23,111,40,36,51,21,54,0,56,21,21,7,82,8,0,46,25,105,82,37,34,1,6,89,84,78,86,41,41,5,6,52,49,0,53,23,9,41,60,0,33,5,81,90,81,96,38,27,1,27,67,10,97,0,104,49,96,0,37,44,40,18,0,32,39,104,37,40,25,8,23,48,73,43,23,16,18,38,62,40,26,55,0,42,31,45,55,70,70,88,86,73,38,34,8,29,66,16,0,30,9,71,28,31,1,8,72,0,0,1,0,35,0,9,26,31,28,13,0,8,0,4,38,85,0,90,38,0,7,38,42,40,41,18,22,56,38,38,40,11,38,50,91,20,30,33,75,6,74,0,36,23,21,68,9,8,38,89,12,30,32,0,0,77,90,88,30,24,0,14,77,72,75,23,80,0,75,67,23,0,72,28,6,3,61,35,40,13,0,22,8,11,41,22,0,23,37,66,36,35,75,38,1,42,38,38,24,37,39,37,17,1,32,24,0,38,31,25,89,40,31,0,1,24,100,7,12,11,75,6,51,29,0,38,0,31,6,74,85,4,46,75,56,17,27,68,76,23,5,57,60,76,62,32,98,1,9,7,21,96
5,23,9,0,0,0,0,0,0,33,0,25,1,0,56,0,13,60,0,2,0,54,41,0,2,6,2,0,92,0,2,16,80,20,0,51,93,114,0,113,14,0,2,4,2,0,2,8,43,2,0,6,2,18,0,7,8,0,0,57,0,15,0,0,8,0,6,0,18,0,103,6,0,0,0,0,0,2,23,56,0,0,0,22,0,0,0,3,2,116,41,15,20,2,10,0,108,110,0,114,50,78,2,2,0,1,6,0,21,0,15,0,93,0,7,0,27,33,0,6,26,0,0,0,5,0,6,0,0,11,13,1,0,93,26,0,0,0,0,68,21,0,6,2,2,2,0,0,4,12,0,0,0,0,0,9,6,94,12,8,6,0,0,2,95,15,13,0,6,0,21,3,0,0,0,2,55,99,2,25,93,0,108,89,8,13,94,31,95,2,103,93,0,72,0,29,55,93,2,94,8,29,7,90,2,5,2,81,2,12,2,19,18,15,94,105,108,3,64,65,0,95,2,2,77,99,0,21,0,63,2,20,90,108,39,10,8,76,93,66,95,2,0,20,13,38,1,93,11,0,93,14,0,44,113,72,47,2,2,0,0,114,21,17,2,2,2,0,0,22,13,5,8,79,0,2,20,53,0,99,0,17,2,2,7,2,0,91,23,9,2,21,9,93,2,0,2,99,0,35,63,50,113,65,0,2,2,0,83,27,0,25,2,0,95,98,96,3,42,0,90,17,93,1,15,59,2,2,2,2,2,0,20,25,20,89,38,97,93,81,19,2,90,18,9,15,2,106,72,9,93,0,114,20,0,0,90,35,99,21,114,22,3,2,93,2,0,99,13,3,6,0,6,13,50,1,0,0,0,96,3,31,2,37,0,12,2,14,7,112,0,63,6,2,21,46,0,2,15,17,0,80,38,8,2,2,8,0,102,6,2,28,2,95,2,111,3,13,95,113,2,0,15,20,2,0,0,6,110,6,21,22,0,52,93,95,0,18,1,0,3,18,13,0,4,0,8,0,0,0,93,18,0,23,80,0,11,0,2,0,0,87,11,64,2,26,25,18,3,37,18,20,108,1,105,0,109,15,3,8,54,26,8,24,89,15,2,95,23,13,0,5,2,34,2,54,10,12,93,2
14,41,17,42,72,75,75,75,50,21,55,42,76,75,21,75,16,40,75,17,0,65,19,75,33,51,23,75,65,75,9,27,32,43,75,58,64,41,69,41,5,75,24,55,14,75,1,0,14,24,75,36,72,17,73,0,0,75,71,41,75,0,75,63,64,75,36,65,15,15,39,64,75,71,75,75,75,0,26,32,75,73,75,15,75,75,75,78,25,41,116,40,5,38,0,66,41,39,75,42,93,60,38,25,69,76,61,71,84,74,31,40,64,63,82,60,37,51,0,81,0,75,61,72,30,75,33,73,75,54,27,70,75,63,5,75,75,75,75,22,23,69,51,14,17,77,73,75,79,69,75,75,69,75,75,34,53,62,82,56,38,69,75,3,41,0,40,72,4,72,0,78,58,40,75,38,66,49,9,0,61,75,44,36,17,30,41,16,41,24,37,61,75,55,46,10,40,64,35,41,7,30,9,41,30,17,0,21,0,0,9,0,57,19,41,41,48,78,24,18,73,41,18,25,15,53,32,3,70,31,38,33,41,46,12,5,0,43,64,10,41,25,75,45,4,66,0,63,0,44,41,3,8,13,41,41,17,26,7,75,69,41,0,19,3,0,11,41,75,5,17,7,0,39,0,30,0,33,3,41,75,0,3,14,14,15,58,37,14,0,0,0,16,63,28,64,14,56,75,4,15,31,41,22,3,23,77,73,31,6,72,10,0,64,41,41,41,78,24,73,41,10,60,58,26,39,0,0,0,30,4,1,0,27,0,41,20,41,64,33,0,0,41,78,0,0,24,33,31,0,56,68,42,2,41,58,36,18,51,0,41,4,78,14,64,14,75,45,24,78,56,75,5,4,60,7,75,75,74,41,78,14,11,76,40,75,3,18,5,39,69,16,0,18,0,18,75,35,5,0,75,22,17,17,33,30,3,61,41,38,0,18,0,41,0,41,1,7,41,41,0,65,1,0,0,75,73,55,41,47,1,63,75,99,63,41,75,16,75,75,4,1,0,74,79,75,56,50,75,75,41,0,75,6,39,75,47,63,14,75,57,36,0,25,28,48,3,4,1,9,34,37,43,76,36,68,41,4,4,0,20,12,0,52,41,4,0,41,0,40,9,6,0,109,14,16,0,0,41,14
17,74,60,31,60,71,61,61,61,8,42,93,61,61,30,61,73,15,69,28,10,33,12,61,31,41,18,70,7,63,11,63,1,81,64,26,7,15,55,17,23,61,19,62,18,61,16,26,34,18,62,70,58,21,59,5,24,61,67,46,60,26,61,50,67,70,42,65,40,15,21,73,64,63,61,70,63,11,56,0,61,61,61,56,61,61,66,61,15,15,40,116,45,32,28,73,16,19,68,16,26,9,32,32,56,61,65,63,44,66,80,53,5,52,56,57,86,32,20,60,26,61,53,64,31,61,29,59,61,34,71,53,61,6,33,61,61,61,61,1,77,57,72,15,41,63,59,61,61,45,62,63,73,61,61,44,70,4,66,46,72,74,61,7,0,42,88,57,11,58,44,61,51,21,61,32,31,1,30,42,4,69,19,0,23,11,0,26,0,35,17,4,60,23,44,46,5,7,31,0,33,14,39,0,25,30,26,35,10,37,34,27,48,52,0,8,23,61,5,0,59,0,21,36,11,1,26,49,59,5,32,65,0,21,28,7,22,22,7,30,0,14,61,83,3,28,11,6,26,68,0,30,4,46,16,0,11,17,8,61,55,16,48,15,13,16,4,34,61,30,54,33,26,21,12,52,30,13,7,4,66,27,8,22,28,18,46,0,38,37,11,28,16,6,22,46,15,0,61,2,1,27,16,0,4,16,65,59,0,28,71,2,8,58,0,0,0,61,5,59,0,58,7,58,67,9,28,10,25,26,9,13,35,68,29,0,5,0,7,8,40,10,0,51,33,34,38,15,15,41,7,64,16,37,41,44,0,32,2,33,15,54,61,25,7,26,61,1,68,61,48,61,15,37,32,33,61,62,59,0,61,20,5,45,49,55,18,49,16,17,57,0,9,20,29,32,61,31,32,36,72,29,22,31,30,27,25,48,3,37,9,6,10,0,20,16,12,17,0,16,10,70,37,43,14,65,59,66,16,32,42,40,61,32,6,0,66,16,67,63,6,37,42,57,61,61,68,35,60,65,0,45,67,55,20,61,41,65,6,61,46,12,29,14,27,33,38,30,9,29,52,88,18,61,16,68,16,13,7,34,13,13,26,30,0,21,16,0,56,43,25,6,16,40,16,28,26,15,0,17
28,36,28,51,12,15,12,14,33,33,47,39,12,12,41,12,44,3,14,10,33,10,2,12,5,32,6,14,10,16,25,37,3,32,17,15,10,20,26,18,8,14,25,17,2,12,26,15,44,8,12,15,11,22,11,30,17,15,13,42,13,72,15,30,17,14,25,14,48,20,22,14,12,15,13,16,15,25,54,33,12,13,12,50,12,12,13,12,8,20,5,45,116,2,53,14,22,20,16,20,10,10,4,5,31,12,17,17,2,20,63,28,0,29,12,13,39,20,23,12,56,12,31,17,60,15,47,11,12,31,39,20,13,10,58,12,13,12,14,7,59,13,13,10,10,14,12,12,12,18,12,19,14,12,12,10,14,0,18,33,15,15,12,29,5,31,29,28,26,13,66,12,12,64,12,3,10,5,21,41,8,16,23,10,38,2,5,10,5,2,26,8,15,10,45,59,15,10,3,5,10,2,68,0,3,53,17,46,31,55,10,50,12,56,5,14,26,12,2,6,12,5,2,3,37,5,65,66,12,20,2,61,0,27,68,23,15,15,10,29,5,10,15,32,38,10,39,10,10,41,6,66,30,39,22,0,23,5,29,14,26,21,65,6,20,25,29,39,13,72,41,12,17,41,33,36,87,8,31,10,17,70,26,2,10,4,28,9,36,43,31,77,8,10,4,23,10,6,13,29,5,41,21,6,60,2,12,12,17,75,13,27,21,15,5,5,0,12,0,12,0,38,10,16,55,7,25,29,18,5,25,31,64,46,68,0,4,5,10,0,57,31,0,15,54,76,12,28,44,62,10,12,20,61,41,45,5,61,5,84,20,74,13,8,10,0,13,5,39,12,13,15,35,47,13,18,12,12,24,6,13,8,24,13,30,6,17,39,15,22,13,19,58,32,85,55,12,2,89,60,17,38,42,10,2,3,55,36,9,31,30,19,31,5,29,22,29,5,5,21,32,14,64,69,23,16,12,15,22,39,74,29,14,5,10,5,14,15,18,15,28,62,53,22,12,12,15,47,16,14,6,65,18,71,40,12,42,22,24,14,42,31,61,6,5,17,88,61,31,67,30,30,23,12,26,16,21,11,25,71,12,15,17,28,0,12,25,5,73,9,20,27,24,7,7,45,73,63,6,3
65,59,15,12,59,45,62,57,20,0,24,41,61,62,2,62,7,53,48,71,52,10,46,62,111,32,91,52,0,58,65,47,32,58,57,19,0,0,39,1,47,58,86,40,88,62,51,36,32,88,61,20,56,57,59,33,40,57,44,18,60,3,57,33,43,53,12,35,47,70,0,40,59,59,61,52,59,57,26,7,62,59,62,0,62,62,56,59,92,2,38,32,2,116,0,40,5,0,45,0,38,4,112,102,35,61,39,57,61,44,19,3,0,32,57,37,26,17,51,56,0,62,27,56,7,57,15,59,62,39,29,45,59,0,8,62,59,62,58,41,26,56,34,81,73,58,60,62,58,27,61,50,48,62,62,94,37,0,39,24,22,47,62,57,23,19,44,43,57,59,0,59,42,7,62,115,9,0,68,7,0,49,0,21,27,87,15,19,23,97,0,0,57,0,13,13,28,0,112,19,43,73,2,28,106,18,42,0,54,24,68,15,29,8,16,0,0,59,46,35,58,23,93,98,0,0,3,3,56,22,116,35,28,0,0,55,48,0,0,13,23,93,57,60,47,13,33,0,42,15,21,3,60,2,0,36,21,98,61,60,39,1,5,73,61,54,65,22,59,5,20,38,33,0,35,1,0,31,38,0,52,0,57,82,74,90,28,23,0,9,45,8,81,0,100,31,79,0,61,35,40,25,0,30,30,98,56,60,21,0,42,54,51,33,23,16,18,59,52,60,26,39,0,26,38,46,40,47,54,108,62,51,16,31,0,29,52,16,0,29,8,49,28,35,0,0,86,0,0,0,0,55,0,11,4,26,25,10,0,0,0,4,58,69,0,76,61,0,26,59,34,57,37,24,22,40,62,61,47,11,58,38,67,24,11,52,56,25,56,0,56,19,12,73,0,12,62,113,3,11,51,0,0,65,110,107,9,31,0,11,54,54,54,23,58,0,57,62,23,0,50,41,1,0,39,52,60,32,0,29,2,18,58,35,0,23,57,54,44,52,60,17,0,50,58,62,43,28,56,58,17,0,51,2,0,62,24,31,70,58,23,0,1,23,93,22,3,4,54,3,75,47,0,61,0,48,6,60,62,0,46,56,40,14,27,54,54,23,4,74,46,55,50,45,88,0,0,1,21,89
15,25,64,31,2,15,0,4,21,77,29,26,0,0,61,0,59,7,11,20,19,0,11,0,1,30,3,6,0,0,17,34,1,18,0,11,0,12,10,13,24,2,13,12,3,0,20,33,32,4,1,31,2,14,2,37,41,2,8,31,0,75,2,11,13,7,17,26,44,13,11,16,3,0,0,6,0,10,46,43,0,0,0,59,0,0,5,0,4,10,0,28,53,0,116,13,5,16,12,11,14,6,2,6,13,0,11,1,7,14,47,30,6,13,0,6,37,36,28,0,48,0,18,4,34,2,63,2,0,31,57,7,2,1,74,0,2,0,2,6,48,3,27,6,21,0,0,0,0,3,1,3,6,0,0,12,24,7,3,19,31,8,0,20,0,49,33,9,15,1,89,0,0,45,0,0,0,15,12,48,1,6,5,6,48,2,1,36,0,7,10,1,3,0,30,71,28,0,2,1,31,2,81,0,2,44,25,33,19,60,11,33,4,36,1,8,4,0,2,14,2,0,2,8,25,7,41,83,3,12,0,38,0,5,71,16,35,2,0,32,0,5,2,18,54,26,34,1,25,38,1,69,19,37,10,0,38,0,16,0,10,10,71,9,21,21,16,23,2,81,74,35,34,45,18,20,80,10,28,12,4,83,17,8,5,4,4,0,73,44,22,80,4,1,1,7,8,7,0,25,11,47,11,5,62,2,4,0,1,86,11,36,12,9,0,5,6,0,2,0,0,23,0,10,36,6,33,18,16,5,16,21,34,19,76,0,2,4,0,8,57,22,0,18,93,62,9,20,48,83,8,0,11,80,17,26,0,61,9,85,12,58,0,13,0,15,0,15,57,0,3,2,75,76,1,37,0,1,7,4,0,23,15,0,32,11,31,70,16,14,3,20,66,16,80,56,0,2,72,42,8,34,80,21,3,4,46,13,15,40,16,12,17,0,15,8,5,22,0,11,20,11,82,86,22,9,0,24,7,35,89,29,2,0,1,0,3,7,14,5,17,34,90,4,0,0,21,33,3,2,1,78,3,56,44,0,19,20,13,2,29,22,85,20,6,45,73,86,18,68,24,25,6,0,13,1,5,4,16,57,3,3,31,41,1,12,23,0,65,3,22,19,12,0,6,72,87,70,1,3
27,57,44,56,97,91,94,94,88,22,71,53,94,94,11,94,53,19,106,34,8,55,12,94,37,56,28,93,24,96,5,46,1,62,95,29,23,0,82,0,19,94,23,71,32,94,10,22,8,30,95,78,95,20,92,9,15,94,90,18,93,3,94,75,85,103,74,82,29,29,0,83,97,92,94,101,96,10,39,0,94,94,94,36,94,94,99,94,26,0,66,73,14,40,13,116,0,0,92,1,51,28,40,44,83,94,79,90,74,97,52,70,23,77,89,90,46,35,18,93,10,94,78,94,57,94,45,92,94,67,39,87,94,22,9,94,94,94,94,8,35,94,74,30,41,96,92,94,94,81,95,87,108,94,94,32,72,21,81,82,80,107,94,11,0,22,56,88,9,91,14,94,84,46,94,40,55,8,29,22,20,98,3,0,13,25,0,22,0,49,1,20,93,44,73,13,8,23,43,0,29,29,15,0,37,36,22,4,8,15,36,9,84,25,0,0,7,94,10,2,92,0,33,48,0,12,46,16,96,0,40,42,0,5,3,8,17,36,23,12,0,25,94,64,3,31,9,22,22,72,0,17,8,20,0,0,12,25,8,94,82,0,20,30,21,10,4,67,94,3,29,29,22,0,10,63,1,10,11,0,99,4,12,36,28,30,71,0,22,20,9,0,31,22,30,73,30,15,94,0,1,18,0,1,2,28,98,92,0,0,92,2,11,89,0,0,0,94,9,92,0,29,19,95,54,21,21,8,21,38,17,11,6,56,13,0,9,0,23,8,22,8,0,73,15,9,36,0,0,20,15,97,1,16,60,75,0,7,10,1,0,31,94,39,23,40,94,4,36,94,86,94,11,13,64,29,94,95,88,0,94,14,7,71,56,83,22,22,17,0,94,0,10,14,1,5,94,43,6,9,95,4,4,23,42,39,11,77,0,71,7,1,8,0,19,0,12,16,0,0,8,111,10,12,9,93,92,76,0,53,12,57,94,55,22,0,99,16,98,89,10,4,22,93,94,94,72,67,93,98,0,20,94,18,0,94,54,92,8,94,73,0,13,19,33,36,11,14,7,4,39,75,2,94,0,97,0,19,15,14,12,12,22,54,0,19,14,0,27,60,25,10,14,73,30,10,4,10,0,31
11,18,3,1,0,0,0,0,0,28,0,19,1,0,52,0,7,52,0,5,6,54,33,0,5,0,5,0,92,0,5,14,83,16,0,46,93,109,0,107,17,0,5,1,5,0,5,0,37,3,0,0,2,17,0,0,0,0,0,50,0,12,0,0,2,0,0,0,12,6,105,0,0,0,0,0,0,5,25,58,0,0,0,24,0,0,0,3,5,108,41,16,22,5,5,0,116,105,0,109,45,79,5,5,0,1,0,0,15,0,16,0,87,0,7,0,21,27,6,6,28,0,0,0,6,0,1,0,0,6,7,1,0,94,26,0,0,0,0,73,16,0,0,5,5,2,0,0,4,12,0,0,0,0,0,1,0,89,12,8,0,0,0,5,98,7,7,0,9,0,16,3,0,0,0,5,55,94,5,18,94,0,110,94,4,16,96,23,98,5,105,94,0,72,0,24,60,93,5,96,0,32,8,93,5,7,5,78,5,18,5,18,18,16,97,103,109,3,67,67,0,98,5,5,75,94,1,16,0,64,5,22,93,111,39,13,0,76,93,71,98,5,0,16,7,32,3,94,14,0,100,14,6,39,111,75,41,5,5,0,0,110,16,9,5,5,5,0,0,22,8,0,0,76,4,2,16,48,1,99,0,13,5,5,10,5,1,94,18,11,3,16,12,94,5,0,3,95,0,37,65,45,110,65,3,5,2,0,89,22,0,30,3,0,98,94,88,3,45,0,91,21,93,1,17,62,3,5,5,5,5,4,24,27,18,92,41,94,93,84,18,3,93,12,4,17,2,101,70,5,93,0,109,17,0,0,93,37,93,15,109,24,3,5,93,5,0,94,7,3,6,0,1,9,50,5,0,0,0,95,3,23,5,37,0,6,5,9,10,107,0,65,10,3,15,46,0,5,16,12,0,80,33,0,5,5,10,0,98,7,5,31,5,98,5,111,6,5,98,110,5,0,13,17,5,0,0,0,111,1,16,22,0,52,94,98,0,21,1,0,6,22,8,0,4,0,2,1,0,0,100,13,0,20,77,0,12,0,5,0,0,88,6,69,5,22,22,12,6,37,12,16,110,1,105,0,115,16,6,9,57,29,0,25,94,18,5,98,21,13,6,6,5,34,5,49,7,10,100,5
3,28,14,0,0,0,0,0,0,35,0,29,1,0,61,0,17,56,0,0,0,54,39,0,0,7,0,0,88,0,0,21,76,24,0,50,89,112,0,113,12,0,0,4,0,0,0,6,45,0,0,6,2,16,0,7,6,0,0,57,0,20,0,0,8,0,6,0,22,0,109,6,0,0,0,0,0,0,28,52,0,0,0,27,0,0,0,3,0,110,39,19,20,0,16,0,105,116,0,111,47,77,0,0,0,1,6,0,19,0,19,0,91,0,7,0,31,32,0,6,30,0,0,0,3,0,8,0,0,12,18,1,0,90,32,0,0,0,0,66,25,0,6,0,0,2,0,0,4,12,0,0,0,0,0,7,6,93,12,8,6,0,0,0,89,17,17,0,4,0,27,3,0,1,0,0,55,96,0,29,90,0,105,85,12,11,90,27,89,0,100,90,0,72,0,35,53,89,0,90,6,27,12,86,0,4,0,83,0,16,0,21,18,19,90,102,104,3,62,65,0,89,0,0,73,96,0,27,0,59,0,25,86,105,45,8,6,74,89,70,89,0,0,24,13,36,1,90,9,0,90,18,0,48,110,68,46,0,0,0,0,110,27,15,0,0,0,1,0,28,19,3,6,85,0,1,25,49,0,96,0,22,0,0,5,0,0,85,29,9,0,27,7,90,0,0,0,96,0,35,63,51,111,61,2,0,2,0,79,33,0,25,0,0,89,94,92,3,40,0,86,19,89,1,20,57,0,0,0,0,0,0,20,29,20,85,36,93,89,77,20,0,86,18,15,19,0,104,70,14,89,0,111,26,0,0,84,41,95,26,112,23,3,0,89,0,0,96,18,3,6,0,6,18,50,1,0,0,0,93,3,29,0,37,0,12,0,20,5,114,0,64,4,0,26,51,0,0,20,21,0,86,44,6,0,0,12,0,99,7,0,26,0,89,0,108,1,11,89,111,0,0,21,26,0,0,0,6,107,6,27,20,0,50,90,89,0,16,1,0,1,22,19,0,4,0,8,1,0,0,90,22,0,27,86,0,9,0,0,0,0,84,11,62,0,25,25,23,1,43,22,24,106,1,103,0,105,13,1,13,52,24,6,23,87,13,0,89,28,11,0,3,0,32,0,60,15,13,90,0
22,59,28,70,96,111,99,104,81,17,81,60,99,99,2,99,37,19,101,33,12,62,5,99,40,80,28,100,24,100,18,47,0,65,100,37,23,0,100,0,6,102,34,80,19,99,9,6,17,30,99,62,94,5,100,9,6,102,98,18,99,4,102,94,90,105,59,100,22,20,0,93,101,95,99,106,99,4,35,0,99,98,99,28,99,99,104,99,29,0,75,68,16,45,12,92,0,0,116,1,55,28,48,33,101,99,89,97,78,106,63,69,23,96,94,88,54,38,13,99,13,99,97,96,55,102,57,100,99,68,47,95,102,22,6,99,102,99,102,0,46,93,79,14,25,99,97,99,99,75,99,106,98,99,99,41,82,21,89,66,64,99,99,15,0,6,63,99,5,96,6,99,79,60,99,45,58,8,17,10,20,106,3,0,22,20,0,6,0,36,1,20,103,44,74,18,0,23,42,0,13,14,21,0,37,40,6,0,12,12,17,8,68,41,0,0,7,99,0,0,100,0,22,37,0,12,59,9,94,6,45,45,0,5,4,7,6,34,23,6,0,28,102,67,5,35,12,22,6,70,0,12,20,6,0,0,5,30,18,99,100,0,10,14,14,9,22,52,102,7,26,13,6,0,5,57,12,0,15,0,104,9,15,23,15,19,85,0,6,6,12,8,14,22,33,92,14,15,99,7,0,12,0,0,15,27,102,97,1,11,102,4,6,89,0,0,0,99,0,97,0,19,19,79,43,14,9,11,5,37,12,15,12,44,15,0,0,0,23,6,10,12,0,87,6,11,30,0,0,11,15,92,1,10,70,82,0,4,10,8,0,24,99,20,23,20,99,4,44,99,74,102,17,14,57,13,99,99,103,0,99,0,21,76,69,90,15,29,9,0,93,0,14,32,12,5,99,42,17,11,104,0,0,23,41,37,14,88,0,53,11,8,11,0,9,0,2,7,0,0,12,93,5,6,3,107,97,85,0,66,12,65,102,61,22,0,102,0,106,107,11,12,6,98,99,99,80,71,103,100,0,10,103,26,0,99,59,100,23,102,87,0,6,6,37,37,22,16,11,0,41,64,2,99,0,93,0,0,10,6,0,0,6,38,0,9,17,0,10,56,14,14,7,75,17,5,8,11,0,18
5,25,9,0,1,1,1,1,1,34,1,26,2,1,57,1,14,58,1,0,0,55,39,1,0,6,0,1,93,1,0,17,78,21,1,53,94,115,1,113,12,1,0,4,0,1,0,6,41,0,1,7,3,16,1,6,6,1,1,56,1,15,1,1,9,1,7,1,18,0,104,7,1,1,1,1,1,0,25,56,1,1,1,24,1,1,1,4,0,114,42,16,20,0,11,1,109,111,1,116,52,80,0,0,1,2,7,1,22,1,16,1,94,1,8,1,28,33,0,7,26,1,1,1,5,1,7,1,1,13,13,2,1,95,27,1,1,1,1,68,21,1,7,0,0,3,1,1,5,13,1,1,1,1,1,7,7,96,13,9,7,1,1,0,93,13,14,1,4,1,22,4,1,0,1,0,56,101,0,24,95,1,110,89,7,11,94,29,93,0,105,95,1,73,1,30,55,94,0,94,6,27,7,88,0,6,0,82,0,12,0,17,19,16,94,106,109,4,62,65,1,93,0,0,77,101,0,22,1,61,0,22,88,109,40,8,6,77,94,65,93,0,1,21,13,39,0,95,9,1,94,14,0,44,114,70,47,0,0,1,1,114,22,15,0,0,0,0,1,23,14,3,6,80,0,3,20,51,0,100,1,17,0,0,5,0,0,89,24,8,0,22,7,95,0,1,0,100,1,35,63,52,114,63,1,0,3,1,83,28,1,25,0,1,93,98,94,4,40,1,88,15,94,2,17,59,0,0,0,0,0,0,20,25,20,87,36,97,94,79,20,0,88,19,10,15,0,107,73,10,94,1,116,21,1,1,88,36,100,21,115,24,4,0,94,0,1,101,13,4,7,1,6,14,51,0,1,1,1,97,4,29,0,38,1,13,0,15,5,113,1,63,6,0,21,48,1,0,15,17,1,81,39,6,0,0,8,1,103,8,0,26,0,93,0,112,1,11,93,114,0,1,16,21,0,1,1,7,111,6,22,23,1,53,95,93,1,16,2,1,1,18,14,1,5,1,9,2,1,1,94,18,1,23,81,1,11,1,0,1,1,88,11,64,0,27,25,18,1,38,18,21,109,2,106,1,109,13,1,8,52,24,6,26,89,13,0,93,24,11,0,3,0,35,0,55,10,13,94,0
21,53,20,28,60,55,58,58,35,30,38,42,59,58,31,58,16,46,55,19,2,42,25,58,35,47,23,58,59,58,6,38,32,42,58,62,60,51,52,49,7,58,21,49,19,58,3,8,22,29,58,33,62,18,58,8,7,58,54,46,58,8,58,46,56,55,33,45,30,17,40,56,58,54,58,55,58,2,29,41,58,58,58,13,58,58,55,61,25,50,93,26,10,38,14,51,45,47,55,52,116,52,38,30,49,59,53,54,79,54,17,20,60,46,65,40,34,49,2,64,2,58,41,55,26,58,40,58,58,61,27,55,58,61,13,58,58,58,58,21,24,57,43,19,19,60,56,58,62,46,58,55,49,58,58,40,45,62,59,38,35,49,58,5,44,8,40,52,6,55,12,61,41,23,58,38,49,59,11,8,61,55,46,40,19,36,45,24,44,26,41,61,58,39,26,22,45,60,40,45,15,29,1,39,35,24,2,29,2,5,11,2,45,8,45,49,45,61,23,17,58,44,23,27,21,63,25,15,58,32,38,34,39,45,20,7,9,39,60,10,44,25,58,44,18,57,2,61,2,24,45,11,10,21,50,39,28,24,4,58,52,50,11,24,5,2,8,29,58,10,29,12,8,50,2,21,10,35,5,48,55,10,5,16,19,20,39,40,27,7,2,12,21,61,28,47,19,66,58,6,20,44,50,22,7,28,60,56,37,15,52,13,2,44,44,49,45,61,23,56,39,10,56,38,28,44,2,2,2,35,6,3,5,22,15,38,19,48,60,33,15,2,39,67,12,4,27,43,43,12,52,51,52,13,21,38,39,19,59,11,51,12,61,16,60,16,58,55,24,61,44,58,14,18,46,9,58,58,57,48,61,19,8,53,20,70,5,31,7,49,57,17,8,15,11,32,58,40,8,7,58,25,27,20,38,35,5,41,51,33,2,14,2,44,2,48,3,18,44,50,2,50,10,11,2,58,56,47,47,43,13,50,58,89,61,44,58,15,55,58,6,3,13,54,62,58,51,45,58,58,45,10,58,9,51,58,41,45,11,58,40,44,16,29,25,57,18,17,3,20,49,36,45,59,42,51,45,9,6,6,19,11,8,47,40,6,2,44,13,40,11,6,2,86,19,28,8,12,45,19
0,9,0,31,32,28,32,31,28,43,34,9,31,32,27,32,7,49,28,0,0,73,28,32,4,19,3,31,101,31,0,10,75,8,32,55,100,79,27,79,7,31,1,21,4,32,0,0,20,4,32,10,31,5,30,0,0,31,31,28,31,5,31,31,22,28,22,28,9,0,77,22,32,27,31,28,31,0,17,51,32,30,32,20,32,32,28,35,3,78,60,9,10,4,6,28,79,77,28,80,52,116,4,4,28,31,22,28,41,28,12,28,100,31,32,28,5,30,0,36,23,32,28,28,22,31,24,30,32,37,0,29,32,101,16,32,32,32,31,70,0,32,14,4,0,32,32,32,34,31,32,28,28,32,32,5,14,100,31,32,10,28,32,0,78,0,8,29,4,32,6,35,32,27,32,3,80,87,0,7,99,28,82,84,0,7,79,18,78,0,85,99,31,91,31,4,47,100,4,79,0,18,5,78,4,18,0,48,0,6,0,14,46,6,79,79,84,35,53,67,29,78,4,0,64,91,30,6,32,54,4,24,78,84,21,9,0,79,100,45,78,4,31,8,13,35,0,101,9,23,79,5,0,27,79,60,40,1,0,31,27,79,6,7,0,0,0,17,32,7,3,0,0,48,0,20,5,39,0,79,28,5,0,1,4,4,27,74,10,0,0,6,11,101,4,32,3,94,32,40,69,42,79,56,6,4,33,32,71,8,28,28,0,28,78,79,78,35,31,32,78,0,96,29,19,67,0,0,0,4,0,0,0,23,5,78,27,79,100,74,6,0,78,25,6,5,4,71,50,6,92,32,80,6,28,32,78,14,87,5,79,12,34,0,100,0,31,83,0,35,38,31,5,6,67,0,32,32,31,79,34,14,0,56,20,26,0,3,1,77,32,57,9,0,5,35,32,4,7,0,31,52,16,0,4,4,0,28,79,36,0,17,0,78,0,79,1,4,78,79,0,28,6,6,0,31,32,22,79,15,6,31,31,77,101,78,31,7,29,31,0,0,6,29,34,32,19,38,31,32,79,5,31,0,48,32,22,26,0,32,34,70,5,68,0,24,5,5,0,24,7,4,81,31,84,31,79,17,0,5,44,20,0,50,79,13,0,78,7,25,0,0,0,53,4,29,5,12,79,4
69,55,15,16,55,48,58,59,23,0,28,41,57,58,2,58,7,50,48,73,56,10,46,58,107,36,89,52,0,58,68,44,32,54,59,19,0,0,43,1,44,60,90,40,85,58,55,36,34,88,58,20,53,57,61,36,40,61,44,18,56,1,61,37,43,53,14,38,47,74,0,40,57,57,57,53,57,55,24,7,58,59,58,0,58,58,54,58,94,2,38,32,4,112,2,40,5,0,48,0,38,4,116,99,39,57,40,57,58,47,22,5,0,36,54,39,26,18,54,55,4,58,31,57,9,61,15,61,58,38,29,49,61,0,5,58,61,58,60,37,26,52,34,77,70,57,56,58,57,30,58,48,47,58,58,94,37,0,39,23,22,47,58,61,23,19,44,47,54,55,0,58,38,11,58,111,9,0,69,7,0,50,0,21,25,83,15,19,23,94,0,0,59,0,17,10,28,0,110,19,43,70,6,28,102,16,42,0,58,27,68,17,28,12,16,0,0,58,46,35,60,23,89,95,0,0,7,3,53,25,112,31,28,0,0,58,48,0,0,11,23,95,61,56,45,13,36,0,42,15,21,6,64,2,0,36,23,94,65,58,43,1,5,70,64,57,69,24,61,2,20,38,33,0,37,2,4,31,42,0,54,3,61,80,74,86,30,23,0,9,49,6,82,0,99,35,75,0,59,39,39,21,0,26,34,94,56,56,22,3,42,50,55,33,23,16,18,58,52,56,26,40,0,27,34,46,40,51,55,104,66,55,20,29,3,29,52,16,0,29,8,53,28,38,0,4,85,0,0,0,0,51,0,8,8,30,25,6,0,3,0,2,57,69,0,74,57,0,26,58,33,61,39,24,21,40,58,58,49,11,57,38,71,24,13,50,58,25,59,0,52,20,16,77,4,11,58,109,7,12,51,0,0,65,107,104,13,35,0,11,58,57,58,23,60,0,56,60,23,0,54,41,1,0,43,55,56,32,0,33,4,18,60,35,0,23,56,54,47,56,58,21,0,52,57,58,43,32,60,58,17,0,52,5,0,58,24,34,74,62,26,0,0,23,92,22,7,7,58,2,71,44,0,57,0,47,6,59,64,2,46,56,40,14,27,54,57,23,4,73,47,59,47,45,84,0,4,3,21,85
76,48,22,6,51,33,48,43,27,1,22,31,47,48,10,48,16,51,36,77,61,4,54,48,105,19,84,40,0,44,61,38,33,50,44,12,0,0,29,1,58,44,77,30,99,48,62,47,34,82,47,31,49,64,45,41,44,44,35,13,46,3,44,20,31,41,16,22,49,79,0,28,47,45,47,40,45,64,26,7,48,45,48,1,48,48,43,45,82,2,25,32,5,102,6,44,5,0,33,0,30,4,99,116,29,47,30,43,47,32,15,8,0,19,44,33,16,12,64,42,10,48,18,43,16,44,8,45,48,30,19,35,45,0,13,48,45,48,44,42,21,54,29,93,84,44,50,48,44,28,47,37,44,48,48,81,28,0,26,30,29,47,48,67,23,30,34,34,71,51,1,45,42,5,48,101,3,0,81,17,0,37,0,21,22,86,15,30,23,108,0,0,43,0,14,14,37,0,105,19,54,83,2,28,105,15,53,0,63,35,79,24,35,6,16,0,0,45,54,36,44,23,99,110,1,0,2,1,52,24,102,32,28,0,1,68,54,0,0,14,23,83,44,48,51,0,45,0,51,15,21,11,60,11,0,36,31,88,63,47,29,1,12,82,73,67,59,31,45,8,14,47,44,0,42,13,3,39,48,0,39,1,70,93,85,101,18,23,9,20,56,10,90,0,88,18,90,0,48,40,39,21,0,31,29,94,44,50,21,3,33,56,61,21,23,16,18,45,60,50,26,44,0,27,46,46,51,59,64,110,73,59,24,38,10,29,60,16,0,30,17,58,28,26,3,5,83,0,0,2,0,55,0,15,6,21,25,10,0,4,0,3,44,78,0,87,47,0,19,45,40,44,36,25,22,51,48,47,33,11,44,48,63,18,3,40,67,19,67,0,54,19,22,67,2,13,48,105,6,12,39,0,0,56,108,107,20,22,0,22,65,54,64,23,70,0,66,73,23,0,60,49,3,1,49,39,50,20,0,20,5,9,44,28,0,23,45,64,32,39,70,22,9,36,44,48,30,28,43,46,17,8,38,3,0,48,19,34,61,45,18,0,2,33,79,14,0,7,63,5,66,55,0,47,0,50,6,70,74,8,55,67,51,25,27,62,65,23,13,73,53,65,59,32,100,0,6,1,21,99
36,49,21,78,86,96,89,94,83,13,92,49,89,89,0,89,34,19,90,31,27,56,1,89,32,72,23,89,24,90,27,37,2,57,91,34,23,0,109,0,1,92,43,73,14,89,21,1,25,21,89,57,84,6,90,19,1,93,89,16,89,14,93,95,75,90,58,87,15,34,0,78,89,85,89,91,89,14,27,4,89,88,89,23,89,89,91,89,31,0,69,56,31,35,13,83,0,0,101,1,49,28,39,29,116,89,80,87,68,99,58,69,23,96,84,76,39,36,13,89,23,89,98,88,69,93,42,90,89,58,32,103,92,22,0,89,92,89,92,0,35,85,70,21,21,89,89,89,89,78,89,100,86,89,89,32,69,21,79,70,57,85,89,30,0,1,52,108,15,88,4,89,72,75,89,35,56,8,19,7,20,91,3,0,34,18,0,1,0,28,1,20,93,44,76,6,0,23,33,0,8,14,30,0,32,39,1,0,27,14,10,23,65,56,0,0,7,89,0,0,90,0,15,28,8,12,74,1,86,13,35,37,0,5,9,18,1,34,23,1,0,32,93,57,14,30,24,22,1,70,0,17,35,5,0,0,10,24,33,90,109,0,7,18,18,19,37,66,92,15,18,10,1,0,17,59,27,0,30,0,91,17,27,14,9,16,86,4,3,3,26,23,19,22,22,94,21,15,90,19,0,8,0,5,30,19,90,89,10,21,89,0,15,77,0,0,0,89,0,89,0,14,19,74,36,14,9,23,2,33,24,26,27,48,22,0,4,0,23,1,7,27,0,91,3,19,26,0,0,8,15,85,1,3,85,91,0,6,10,21,0,23,89,19,23,15,89,4,31,89,68,93,14,1,57,8,89,89,103,0,89,0,34,70,68,78,17,20,8,0,85,9,25,47,27,1,89,32,32,13,92,0,0,15,32,31,28,97,0,48,24,15,25,0,13,0,11,2,0,0,27,83,5,6,12,97,89,70,0,75,14,55,92,57,22,0,90,0,99,98,26,27,3,101,89,89,69,78,94,89,0,7,93,31,0,89,54,103,32,93,91,0,4,1,23,29,29,19,26,6,31,53,2,89,0,85,0,1,21,15,0,4,1,33,0,7,21,0,5,50,22,27,10,69,18,1,18,23,0,14
18,75,22,62,112,99,115,111,74,12,78,63,116,115,3,115,31,30,102,17,0,63,0,115,56,68,41,106,25,112,11,62,3,81,110,33,24,1,91,1,3,112,31,83,33,115,1,0,13,39,114,56,108,8,110,0,0,111,98,18,114,3,111,87,89,107,60,89,30,21,1,88,112,109,115,106,113,3,47,1,115,110,115,22,115,115,110,112,38,1,76,61,12,61,0,94,1,1,99,2,59,31,57,47,89,116,87,106,93,98,48,57,24,86,110,91,48,34,2,111,0,115,81,107,51,111,44,110,115,79,41,98,112,23,7,115,112,115,112,13,37,109,74,30,27,113,113,115,113,80,114,104,102,115,115,45,77,22,92,74,58,101,115,3,1,0,67,96,3,112,0,112,95,49,115,61,62,9,14,0,21,103,4,1,20,37,1,0,1,43,2,21,111,45,67,18,0,24,57,1,7,25,11,1,51,44,0,1,0,2,18,0,78,29,1,1,8,112,3,0,110,1,38,44,1,13,47,3,109,1,61,56,1,6,1,0,0,35,24,2,1,38,111,83,6,36,0,23,0,61,1,3,8,0,1,1,5,44,7,114,91,1,0,24,7,0,11,57,112,6,20,7,0,1,0,47,0,1,3,1,106,0,3,27,21,35,80,1,0,0,0,3,26,23,45,84,30,16,114,0,7,28,1,5,3,43,110,113,1,1,96,10,2,87,1,1,1,112,1,113,1,10,20,80,59,24,0,0,0,53,8,1,0,55,0,1,1,1,24,0,0,0,1,82,0,0,39,1,1,5,16,108,2,11,58,79,1,13,11,0,1,21,112,19,24,22,115,5,38,112,87,111,5,8,66,7,115,114,101,1,112,1,13,77,57,98,5,25,3,1,109,0,0,21,0,14,115,58,5,0,105,1,1,17,55,52,3,85,1,54,0,3,0,1,4,1,3,15,1,1,0,95,1,0,0,106,113,80,1,61,2,66,112,65,23,1,111,3,98,106,7,1,0,103,113,115,83,74,110,111,1,0,105,13,1,115,57,83,16,111,77,1,1,0,39,32,8,4,1,2,57,71,3,116,1,102,1,11,9,0,2,3,0,34,1,0,0,1,8,69,9,4,3,83,33,0,0,6,1,34
14,59,47,51,84,92,87,88,70,20,62,72,87,87,8,87,56,29,89,12,7,53,13,87,35,77,24,92,18,91,19,50,2,64,91,56,17,6,81,6,17,89,28,101,19,87,8,25,10,26,87,81,85,14,88,17,25,89,97,39,89,15,89,73,102,92,63,82,29,15,0,108,89,86,88,94,90,14,27,0,87,90,87,35,87,87,89,87,20,6,61,65,17,39,11,79,0,6,89,7,53,22,40,30,80,87,116,87,78,87,37,60,29,73,82,71,66,58,8,87,6,87,74,87,42,89,55,88,87,68,60,80,88,16,10,87,88,87,89,2,57,82,97,11,33,89,85,87,87,61,87,88,85,87,87,53,103,27,94,56,83,87,87,3,0,25,78,85,7,85,22,87,67,43,87,40,49,14,25,22,16,97,1,0,24,20,0,24,0,33,1,16,89,38,59,23,0,17,36,0,32,11,11,0,38,40,19,13,7,3,27,13,56,27,0,4,2,87,0,0,89,0,16,33,5,18,48,28,82,6,39,32,0,0,2,3,25,28,17,9,0,22,89,66,11,50,8,16,19,65,0,9,7,25,5,0,6,27,7,88,81,5,23,17,5,10,11,46,88,2,45,29,25,5,18,56,8,11,3,3,94,16,3,22,30,17,73,0,24,19,6,10,11,16,29,68,13,21,87,3,0,18,5,9,5,21,89,85,2,7,99,4,15,80,0,4,6,87,5,85,0,20,13,67,33,11,14,8,18,34,5,4,6,31,5,0,5,3,17,3,20,7,0,84,21,7,44,6,3,30,9,80,7,15,57,68,0,0,16,13,6,27,88,22,17,19,88,10,63,87,63,89,16,29,48,26,87,87,82,3,88,21,12,65,58,93,8,49,16,6,82,3,1,27,10,7,87,36,3,24,90,2,13,42,35,36,4,77,6,47,8,2,8,0,14,3,17,21,0,5,6,80,22,21,17,88,85,97,2,69,11,56,89,50,16,0,91,15,86,89,2,9,25,85,87,87,92,56,89,90,0,22,91,26,5,87,53,77,16,88,64,2,25,3,32,58,15,16,7,4,42,60,0,87,2,87,0,12,5,17,9,8,25,30,0,15,8,0,26,52,25,1,14,63,14,8,8,22,0,17
20,71,29,60,104,97,107,108,71,8,76,65,106,107,2,107,34,24,99,18,2,58,0,107,52,66,44,104,20,109,13,63,1,77,110,40,19,0,89,0,1,107,34,81,29,107,7,7,13,47,107,63,99,10,106,1,3,106,97,20,106,1,106,85,87,103,55,86,34,22,0,87,105,112,106,105,108,1,45,4,107,108,107,25,107,107,101,107,37,0,71,63,17,57,1,90,0,0,97,1,54,28,57,43,87,106,87,116,86,96,49,54,19,84,100,86,51,33,4,105,6,107,79,103,47,106,44,106,107,75,44,94,108,18,4,107,108,107,107,9,41,101,72,30,24,108,105,107,106,75,107,96,98,107,107,50,76,17,90,77,65,97,107,5,0,3,70,95,1,104,3,107,87,47,107,56,57,4,17,7,16,103,3,1,17,31,4,7,0,38,1,16,108,40,65,14,1,19,53,0,14,20,13,0,48,50,7,3,2,7,24,9,82,31,4,4,7,107,2,1,105,0,34,39,4,16,45,6,102,5,57,53,0,5,0,3,3,38,19,0,0,38,106,79,6,34,6,18,7,61,0,3,10,7,0,0,5,39,9,105,89,0,3,22,8,2,13,64,108,1,23,14,7,0,8,56,2,3,9,4,104,1,5,25,24,31,79,0,7,7,6,1,25,18,45,83,25,11,106,3,5,24,0,2,5,39,104,105,1,2,95,8,3,86,0,0,4,107,0,105,0,13,23,79,55,28,8,6,3,49,10,3,2,51,5,0,0,0,19,0,7,2,0,78,7,1,43,0,0,12,11,100,1,6,56,78,0,8,14,2,0,23,106,24,19,18,106,8,41,107,82,106,6,11,60,11,107,107,99,4,106,3,15,75,54,91,6,28,4,0,101,0,6,23,2,12,107,54,7,8,103,0,0,20,51,49,9,83,4,57,2,3,2,0,9,0,5,14,0,0,6,91,4,3,6,103,105,78,0,59,1,61,107,60,18,0,106,5,95,102,4,3,3,101,106,107,82,71,107,108,4,3,103,15,0,107,64,81,18,107,75,4,7,4,42,31,10,4,2,2,57,66,2,106,0,99,0,17,10,8,5,5,3,30,0,3,2,0,11,74,16,5,5,77,29,0,2,13,0,30
18,68,29,43,91,78,94,90,54,17,57,57,93,94,9,94,25,49,82,18,0,41,6,94,56,67,40,86,33,91,11,56,17,73,90,54,32,21,72,21,2,91,32,71,33,94,1,7,20,40,95,48,88,10,92,6,7,90,78,31,92,5,90,66,81,87,52,69,37,21,13,80,93,87,93,85,91,2,31,15,94,92,94,5,94,94,88,92,38,21,84,44,2,61,7,74,15,19,78,22,79,41,58,47,68,93,78,86,116,77,31,37,44,65,87,70,42,48,2,89,0,94,60,87,30,90,44,92,94,71,43,78,92,31,9,94,92,94,91,28,39,88,66,30,26,91,92,94,91,58,95,82,82,94,94,53,69,42,71,54,50,81,94,3,15,7,62,76,2,91,7,92,74,36,94,60,40,29,14,7,31,82,16,15,22,35,15,17,15,42,16,31,90,23,46,18,16,32,57,15,14,23,9,15,51,25,1,5,0,3,19,0,59,19,15,19,17,92,2,1,91,15,38,43,5,33,28,10,90,15,61,38,15,15,3,1,7,13,32,3,15,39,90,75,14,57,0,31,1,41,15,6,8,20,20,15,20,43,7,92,72,20,7,32,8,0,11,44,92,6,27,11,7,18,0,28,5,13,3,18,85,5,3,29,23,35,59,15,15,1,0,8,28,31,45,64,29,36,93,1,6,49,20,14,3,43,90,92,15,6,76,10,2,67,15,19,21,92,0,92,15,11,28,60,41,40,1,0,1,53,8,1,0,39,4,15,0,18,32,15,4,0,15,72,7,0,41,13,13,7,24,87,22,15,37,59,15,9,31,6,21,4,91,20,32,23,93,25,40,92,67,90,12,15,44,8,94,95,80,18,91,7,13,55,37,90,6,32,4,19,88,0,0,21,6,23,94,58,3,6,85,2,7,24,55,54,3,64,21,33,0,2,0,15,4,18,2,23,15,20,0,75,5,6,0,86,92,72,17,60,9,45,91,73,31,15,89,3,77,85,5,1,7,83,91,94,75,54,89,92,15,7,85,13,18,94,45,64,16,91,56,17,6,16,40,54,8,11,0,6,63,62,15,93,17,80,15,13,8,0,2,2,7,44,15,1,0,15,10,61,10,3,2,91,33,7,3,5,15,34
28,58,29,70,95,107,98,102,87,18,85,54,98,98,2,98,38,20,105,33,10,58,4,98,39,70,27,96,24,100,22,46,0,64,99,33,23,0,100,0,7,102,41,77,19,98,11,7,16,29,98,63,94,12,99,8,7,102,93,18,99,1,102,94,88,103,64,94,21,26,0,89,100,95,99,104,99,5,34,2,98,97,98,29,98,98,102,98,35,0,74,66,20,44,14,97,0,0,106,1,54,28,47,32,99,98,87,96,77,116,57,71,23,94,93,86,48,39,19,98,13,98,95,96,59,102,47,99,98,67,41,98,101,22,4,98,101,98,102,4,40,92,77,21,28,98,96,98,98,82,98,98,97,98,98,36,78,21,86,73,65,97,98,13,0,7,58,106,9,95,7,98,78,60,98,45,58,8,25,7,20,104,3,0,21,23,0,7,0,35,1,20,103,44,82,12,0,23,41,0,14,18,21,0,36,32,7,2,10,18,20,8,72,39,0,0,7,98,2,0,100,0,21,35,2,12,57,10,93,7,44,42,0,5,0,10,7,36,23,7,0,35,102,66,10,35,12,22,7,72,0,9,18,9,0,0,10,30,18,99,100,0,7,20,20,11,22,60,101,4,27,14,7,0,4,59,10,0,13,0,104,10,13,23,15,18,75,2,7,9,10,8,20,22,32,91,22,15,98,10,0,15,0,3,13,26,100,96,3,10,96,2,9,92,0,0,0,98,0,96,0,16,19,84,42,18,11,11,6,36,18,13,10,47,13,0,2,0,23,7,7,10,0,90,7,8,34,0,0,12,15,91,1,9,68,89,0,8,10,12,0,25,99,27,23,23,99,4,38,98,74,102,17,8,61,14,98,98,107,0,99,2,23,72,71,88,21,23,13,0,92,3,12,32,10,3,98,41,15,8,100,2,0,24,40,36,14,96,0,58,11,11,11,0,15,0,5,5,0,0,10,93,4,5,6,105,96,79,0,72,12,60,102,60,22,0,100,4,114,103,10,12,7,105,98,98,74,78,103,99,0,7,97,28,0,98,50,100,27,101,87,0,7,7,35,38,20,13,10,0,40,62,2,98,0,93,0,4,17,5,3,4,7,41,0,6,15,0,14,55,11,13,8,78,20,6,8,8,0,18
22,61,29,63,47,58,48,52,43,25,72,66,48,48,35,48,72,1,54,35,15,33,7,48,20,32,19,49,7,48,9,47,0,70,49,12,7,15,57,17,9,50,12,34,14,48,9,8,41,18,49,41,45,6,48,10,16,51,47,27,48,50,51,47,44,54,35,51,56,20,21,43,50,48,48,53,48,10,70,17,48,46,48,59,48,48,54,48,19,15,31,80,63,19,47,52,16,19,63,16,17,12,22,15,58,48,37,49,31,57,116,46,5,49,46,54,63,12,13,48,32,48,50,50,50,51,41,48,48,52,45,52,50,6,47,48,50,48,50,3,50,46,43,12,15,48,48,48,48,45,49,56,53,48,48,16,40,4,42,59,41,53,48,18,0,26,57,50,4,47,56,48,48,53,48,19,31,1,13,36,4,53,19,3,39,13,0,10,0,18,20,4,51,23,58,56,10,7,19,0,17,12,62,0,15,43,10,27,15,52,17,26,46,67,0,8,23,48,0,3,48,0,18,19,14,1,52,53,48,5,19,84,0,21,52,6,14,22,7,31,0,16,51,70,22,16,12,6,10,64,0,51,19,30,16,0,8,19,19,49,57,16,55,13,16,7,19,34,50,56,28,19,10,35,8,35,59,0,18,4,53,55,15,19,11,15,57,0,34,21,14,55,14,6,19,56,12,0,49,10,3,41,16,0,33,18,51,48,2,58,51,19,6,55,0,0,0,48,0,48,0,52,7,54,77,15,15,11,11,15,12,18,40,71,50,0,0,0,7,7,47,15,0,41,43,56,15,15,32,48,7,48,16,53,46,67,0,45,2,52,15,71,48,22,7,20,48,1,42,48,45,51,29,44,35,17,48,49,53,0,48,3,16,45,43,43,19,26,7,17,46,1,30,16,58,47,48,18,64,38,53,31,32,18,18,16,34,41,3,44,12,9,13,0,9,16,3,3,0,16,15,51,46,55,3,58,48,39,16,23,59,48,50,23,6,0,50,3,57,56,15,42,41,48,48,48,43,58,52,49,0,52,54,58,34,48,41,61,14,51,76,21,38,11,25,7,69,56,14,45,39,71,18,48,19,48,16,1,9,41,0,0,10,44,0,14,17,0,54,30,19,17,12,31,13,42,45,34,0,14
30,17,31,73,54,72,57,61,88,22,68,33,57,57,8,57,50,0,68,36,44,55,21,57,1,61,17,63,24,57,43,17,3,25,57,19,23,0,64,0,33,59,23,55,20,57,46,46,20,14,58,60,52,35,57,35,33,59,66,6,57,5,59,75,59,64,85,73,5,26,0,64,60,53,57,63,57,35,23,0,57,55,57,41,57,57,62,57,20,0,40,53,28,3,30,70,0,0,69,1,20,28,5,8,69,57,60,54,37,71,46,116,23,77,55,81,37,33,52,57,33,57,82,55,69,59,41,57,57,43,27,61,59,22,7,57,59,57,59,0,41,54,60,21,20,57,57,57,57,73,58,60,68,57,57,12,57,21,61,58,60,69,57,40,0,44,34,66,40,57,18,57,75,67,57,3,55,8,32,34,20,63,3,0,18,11,0,34,0,11,1,20,60,44,86,14,5,23,0,0,37,11,39,0,1,34,44,5,44,25,31,26,60,58,0,0,7,57,5,2,57,0,18,10,0,12,72,19,55,22,3,22,0,5,5,38,33,36,23,12,0,21,59,25,12,43,44,22,37,74,0,27,36,36,0,10,27,16,42,57,64,0,22,19,45,48,38,59,59,12,19,39,44,0,32,92,23,18,40,0,61,11,39,25,22,21,71,0,26,42,44,14,19,22,17,77,22,15,57,20,0,4,0,1,25,13,61,57,1,13,69,0,36,79,0,0,0,57,16,57,0,31,19,85,27,0,52,42,43,2,39,45,43,31,25,0,16,0,23,8,22,44,0,61,18,22,8,0,0,27,15,62,1,12,100,66,3,2,10,27,0,29,57,30,23,32,57,4,28,57,72,59,28,11,43,37,57,58,64,0,57,26,37,55,96,54,52,10,40,0,54,0,29,28,24,2,57,0,25,34,65,4,8,35,1,1,40,77,0,57,41,30,44,0,42,0,30,20,0,0,43,68,12,16,38,66,57,65,0,57,33,55,59,29,22,0,60,31,71,62,37,44,26,61,57,57,53,57,60,59,0,21,60,60,0,57,55,78,36,59,68,0,20,16,22,28,19,13,43,3,0,34,2,57,0,63,0,22,38,23,8,21,44,37,0,32,50,0,26,20,29,39,36,40,21,10,26,11,0,18
0,12,7,21,23,23,23,23,23,43,23,15,24,23,41,23,11,57,23,0,0,77,39,23,0,25,0,23,105,23,0,8,77,10,23,64,104,93,23,93,12,23,0,22,0,23,0,6,26,0,23,17,25,16,23,6,6,23,23,41,23,3,23,23,31,23,29,23,6,0,85,29,23,19,23,23,23,0,12,49,23,23,23,19,23,23,23,26,0,93,64,5,0,0,6,23,87,91,23,94,60,100,0,0,23,24,29,19,44,23,5,23,116,23,30,23,17,41,0,29,18,23,23,20,13,23,24,23,23,33,7,24,23,103,11,23,23,23,23,66,6,23,21,0,0,25,23,23,27,35,23,23,23,23,23,7,21,114,35,27,17,23,23,0,87,6,11,23,4,23,6,26,23,19,23,0,78,101,0,13,103,23,88,82,3,10,87,29,87,0,83,103,23,95,23,14,53,104,0,87,6,27,1,87,0,4,0,61,0,0,0,14,37,5,87,91,89,26,62,63,23,87,0,0,63,105,21,6,23,60,0,9,87,87,21,8,6,83,104,50,87,0,23,10,11,51,0,103,9,15,87,2,0,33,92,69,47,0,0,23,23,92,6,15,0,0,0,12,23,7,6,3,6,61,0,17,5,51,0,90,23,5,0,0,5,0,21,83,20,0,0,6,7,103,0,23,0,108,23,33,61,38,92,62,0,0,25,23,77,12,23,24,0,23,87,91,93,26,40,23,87,0,100,24,4,57,0,0,0,0,0,0,0,13,3,87,36,90,104,79,3,0,87,41,6,0,0,85,51,6,96,23,94,5,23,23,82,20,103,6,93,3,26,0,104,0,23,97,7,26,29,23,6,6,71,0,23,23,23,90,26,29,0,60,15,35,0,6,5,91,23,62,4,0,6,29,23,0,0,6,23,62,30,6,0,0,0,23,93,24,0,26,0,87,0,90,1,11,87,92,0,23,3,5,0,23,23,29,89,21,6,35,23,75,103,87,23,16,24,23,1,0,6,23,27,23,23,22,23,23,87,6,23,5,61,23,18,23,0,23,23,70,6,62,0,31,5,6,1,19,6,10,87,24,84,23,87,13,1,0,52,24,6,38,87,13,0,87,5,18,0,3,0,57,0,39,3,10,87,0
17,46,24,90,83,91,86,91,95,14,79,50,86,86,0,86,26,18,85,21,29,58,2,86,27,88,16,86,24,87,33,41,0,52,88,37,23,0,96,0,2,89,51,71,6,86,26,11,36,17,86,51,81,15,87,23,2,90,85,17,86,7,90,114,74,85,69,89,9,15,0,75,87,82,86,86,86,17,29,4,86,85,86,24,86,86,86,86,26,0,63,52,29,32,13,77,0,0,96,1,46,31,36,19,96,86,73,84,65,94,49,77,23,116,81,69,45,36,23,86,28,86,111,84,71,90,46,87,86,55,38,93,89,22,0,86,89,86,89,0,46,80,63,11,14,86,84,86,86,69,86,91,80,86,86,30,64,21,75,59,53,79,86,32,0,9,51,94,20,83,2,86,66,77,86,32,61,8,9,6,20,86,3,0,18,11,0,2,0,17,1,20,90,44,88,9,0,23,30,0,2,3,32,0,24,37,9,0,29,17,2,21,60,58,0,0,7,86,0,0,87,0,9,17,4,12,76,5,81,18,32,32,0,5,6,23,2,34,23,2,0,25,90,54,15,35,27,22,2,62,0,24,37,13,0,0,22,15,35,87,96,0,6,7,28,24,39,47,89,12,22,2,9,0,19,67,29,0,32,0,86,12,32,4,4,6,72,4,2,11,29,18,11,22,19,90,11,15,87,24,3,10,0,3,32,14,88,84,6,18,82,0,22,72,0,0,0,86,0,84,0,10,19,66,30,6,13,28,10,24,29,30,29,42,22,0,4,0,23,2,6,29,0,81,2,23,22,0,0,7,15,79,1,2,87,77,0,8,10,23,0,21,86,7,23,5,86,4,35,86,62,90,20,5,46,2,86,86,100,0,86,0,38,61,81,76,25,22,20,0,80,5,29,49,29,4,86,29,34,20,90,0,0,12,27,24,31,105,0,45,28,24,28,0,21,0,15,3,0,0,29,75,5,4,18,95,84,76,0,83,20,56,89,52,22,0,88,9,94,95,28,29,2,92,86,86,71,69,91,86,0,6,91,38,0,86,48,88,40,90,83,0,2,2,18,33,29,14,28,2,28,44,2,86,0,79,0,3,26,18,0,4,9,25,0,6,29,0,6,43,6,31,13,63,8,2,21,18,0,6
18,73,17,60,106,94,109,105,69,13,76,62,110,109,9,109,29,28,97,17,0,69,6,109,52,63,40,101,31,106,11,58,4,75,105,39,30,7,86,7,8,106,28,78,33,109,1,0,19,38,108,51,104,14,104,0,0,106,93,23,108,3,106,82,88,102,58,84,30,21,7,83,107,103,109,101,107,3,53,2,109,104,109,27,109,109,105,106,37,7,82,56,12,57,0,89,7,7,94,8,65,32,54,44,84,110,82,100,87,93,46,55,30,81,116,88,53,39,2,105,0,109,76,102,48,106,44,104,109,78,36,93,106,29,7,109,106,109,106,12,32,103,69,29,24,107,107,109,107,86,108,99,96,109,109,43,72,28,98,71,53,96,109,3,7,0,62,91,3,106,0,106,92,47,109,57,68,15,14,0,27,98,10,2,20,41,7,5,7,40,3,27,105,51,65,23,6,30,54,7,7,31,9,7,47,43,0,7,0,2,18,0,75,27,7,7,14,106,9,1,104,7,37,41,2,19,47,3,103,7,57,55,7,12,2,1,0,41,30,7,7,37,106,77,7,42,0,29,0,59,7,3,8,0,7,7,11,43,7,109,86,7,0,23,7,0,11,55,106,7,17,7,0,7,0,45,0,7,3,7,101,0,3,27,26,34,78,7,5,0,0,3,26,29,45,82,29,22,109,0,6,27,7,9,3,42,105,107,6,2,91,9,2,85,7,7,7,106,7,107,7,10,26,78,58,25,0,0,0,49,8,1,0,53,0,7,7,7,30,5,0,0,7,88,0,0,35,7,2,5,22,102,8,11,56,77,2,17,17,0,7,20,106,19,30,22,109,11,33,106,84,106,5,8,70,7,109,108,95,7,106,7,13,83,55,103,5,22,8,7,103,5,0,18,0,13,109,54,5,0,100,7,7,17,52,48,3,80,7,54,0,9,0,7,4,7,4,20,7,7,0,90,1,0,0,101,107,75,7,56,2,72,106,71,29,7,106,9,93,101,7,1,0,97,107,109,79,74,105,106,7,0,100,11,7,109,62,78,16,106,75,2,1,0,38,31,8,4,1,1,53,66,9,110,2,97,7,10,8,0,8,4,0,34,7,1,0,7,8,63,9,4,3,89,32,6,0,6,7,33
40,51,18,62,88,87,91,94,72,16,78,43,91,91,7,91,40,8,88,41,21,62,19,91,32,53,47,85,24,92,23,39,5,57,90,17,23,0,76,0,19,94,16,61,45,91,23,22,7,45,91,52,84,22,92,20,18,93,78,2,90,0,93,69,75,93,83,77,27,42,0,73,89,87,91,93,91,17,41,0,91,90,91,26,91,91,93,91,47,0,60,57,13,37,6,90,0,0,88,1,40,28,39,33,76,91,71,86,70,86,54,81,23,69,88,116,37,23,27,89,10,91,70,86,58,93,47,92,91,75,27,80,94,22,8,91,94,91,94,10,23,85,60,42,20,91,89,91,91,97,91,83,98,91,91,24,62,21,76,79,54,97,91,24,0,22,46,81,18,88,4,91,107,52,91,37,58,8,36,22,20,90,3,0,26,35,0,19,0,36,1,20,93,44,78,18,5,23,33,0,29,32,17,0,27,40,22,0,21,12,40,8,83,42,0,0,7,91,7,0,92,0,50,37,0,12,51,6,86,3,37,49,0,5,0,21,18,34,23,4,0,46,93,59,2,40,21,22,22,70,0,12,21,12,0,10,9,48,27,90,76,0,9,40,31,22,23,76,94,2,6,29,22,0,18,70,4,15,24,0,92,3,25,46,33,47,91,0,9,22,22,0,41,22,49,92,42,15,90,3,3,21,0,2,7,45,90,89,0,3,82,7,23,99,0,0,0,91,15,89,0,32,19,102,58,21,22,21,22,29,30,24,21,54,10,0,15,0,23,4,9,21,0,69,5,10,18,0,0,10,15,94,1,13,79,81,3,9,10,3,0,24,91,41,23,42,91,4,24,91,102,93,10,11,65,29,91,91,83,0,91,15,26,76,71,78,29,9,24,0,85,0,10,7,4,11,91,34,9,18,85,0,0,29,31,29,24,70,0,63,20,15,21,0,27,0,19,25,0,0,21,91,2,4,21,88,89,66,0,46,9,64,94,46,22,0,90,17,87,88,20,21,9,88,91,91,63,73,92,90,0,9,85,33,0,91,65,81,27,93,77,0,4,9,51,17,13,11,20,2,33,64,2,91,0,90,0,26,29,7,7,20,22,43,0,22,25,0,16,48,27,23,20,67,45,4,5,8,0,46
1,76,65,24,47,57,48,49,44,20,24,99,48,48,42,48,67,22,53,10,4,36,21,48,25,47,14,57,8,50,14,75,0,77,51,46,8,27,40,29,25,48,19,61,5,48,9,27,42,16,49,61,47,20,48,9,38,48,57,67,48,40,48,43,75,57,43,65,39,1,26,74,51,50,48,57,50,7,64,8,48,50,48,65,48,48,53,48,10,27,37,86,39,26,37,46,21,31,54,28,34,5,26,16,39,48,66,51,42,48,63,37,17,45,53,37,116,50,11,49,18,48,46,51,17,48,41,48,48,35,90,40,48,7,43,48,48,48,48,0,83,44,68,0,27,50,46,48,48,32,49,48,50,48,48,45,71,16,67,26,63,51,48,1,6,45,88,41,4,45,59,48,31,12,48,26,32,13,13,45,7,59,22,1,27,11,6,35,6,19,17,7,48,24,30,70,13,8,25,6,29,6,34,6,20,33,23,43,4,34,17,22,28,49,6,18,23,48,6,1,48,6,8,20,15,13,21,65,46,9,26,52,6,21,37,0,36,21,8,36,6,9,48,79,15,56,4,7,23,45,6,28,6,47,26,6,12,14,2,48,40,26,58,8,6,9,6,13,48,37,71,26,29,38,10,40,32,17,1,12,54,40,1,10,22,5,41,6,54,33,4,39,1,7,19,33,0,12,48,0,0,38,26,7,2,13,52,46,5,41,61,12,5,47,6,10,12,48,8,46,6,47,8,36,48,1,21,3,22,20,2,7,28,47,33,6,8,9,8,12,47,4,6,57,47,33,29,27,26,55,8,41,28,52,28,27,1,40,14,37,27,57,48,11,8,9,48,13,87,48,28,48,27,57,24,23,48,49,43,9,48,27,7,39,45,65,9,70,17,29,44,6,3,19,33,40,48,25,27,44,57,36,43,37,24,21,17,41,15,31,3,10,3,6,13,24,10,31,6,26,4,47,52,58,11,51,46,84,23,36,46,49,48,29,7,6,53,17,50,48,0,30,52,43,48,48,72,19,48,52,6,55,56,55,37,48,35,40,9,48,28,18,44,8,25,54,49,42,3,36,52,74,21,48,18,47,21,8,0,28,14,9,29,15,6,17,9,6,63,32,12,0,13,37,3,45,28,27,6,4
2,22,63,24,31,43,34,34,36,43,23,40,34,34,26,34,41,43,41,5,7,35,37,34,17,57,13,43,33,37,14,20,21,26,38,61,34,34,37,33,42,35,18,57,6,34,10,39,19,6,35,62,32,19,34,26,39,36,49,71,35,28,36,36,57,41,30,44,16,3,25,60,36,33,35,41,37,14,9,19,34,36,34,37,34,34,39,34,9,33,51,32,20,17,36,35,27,32,38,33,49,30,18,12,36,34,58,33,48,39,12,33,41,36,39,23,50,116,13,35,20,34,39,36,15,36,43,34,34,22,64,36,34,34,26,34,34,34,35,23,55,33,72,2,37,36,36,34,34,28,35,36,38,34,34,36,71,42,53,16,60,37,34,2,27,39,48,35,6,36,39,34,22,35,34,18,39,48,16,43,34,43,27,22,37,19,27,54,27,19,22,34,35,28,26,34,20,34,15,27,39,12,33,27,19,28,33,39,6,9,19,20,22,11,27,31,27,34,19,13,35,27,2,17,28,36,21,41,34,21,17,2,27,27,16,2,31,21,34,35,27,7,36,24,10,72,16,34,38,45,27,25,7,38,32,27,32,10,6,36,37,32,37,10,9,10,10,26,34,15,63,34,39,23,26,30,20,32,3,38,42,26,3,11,23,3,32,23,47,42,4,22,2,34,9,25,4,40,35,4,14,18,33,27,16,6,36,36,24,19,51,5,13,35,27,31,33,34,25,36,27,19,30,33,2,13,26,8,26,16,3,8,6,8,20,26,21,30,34,28,22,6,27,50,45,22,30,42,14,48,42,32,33,31,25,21,22,21,33,25,34,18,35,13,34,13,35,44,67,34,17,36,26,32,20,45,34,35,35,30,35,52,11,29,44,51,8,58,22,32,33,31,24,23,22,4,34,14,15,37,41,24,48,36,16,19,14,36,41,22,9,7,6,27,16,30,18,25,27,33,5,36,35,38,27,37,36,59,29,53,27,29,35,40,34,27,37,25,39,36,2,9,49,34,34,34,63,18,36,37,27,36,42,31,24,34,41,35,9,35,23,20,46,23,15,79,18,31,6,16,20,24,28,34,25,38,27,26,2,28,28,20,39,37,27,31,8,27,36,21,26,2,15,51,2,31,31,36,27,5
82,2,22,23,5,14,2,7,40,7,14,7,2,2,11,2,22,21,10,87,99,0,65,2,53,23,63,3,0,3,92,3,28,4,3,8,0,0,10,0,73,5,74,12,76,2,97,77,39,63,2,24,5,84,5,74,65,5,6,6,2,5,5,21,11,8,43,13,24,85,0,10,4,2,2,9,2,87,6,5,2,3,2,14,2,2,7,2,73,0,0,20,23,51,28,18,6,0,13,0,2,0,54,64,13,2,8,4,2,19,13,52,0,23,2,27,11,13,116,2,42,2,28,5,36,5,9,5,2,2,11,7,5,0,7,2,5,2,5,27,28,7,16,75,66,2,4,2,2,25,2,3,12,2,2,49,11,0,3,12,22,13,2,93,18,61,6,14,96,4,11,2,22,23,2,51,0,0,91,38,0,9,0,17,26,64,11,48,18,67,0,0,6,0,34,9,31,0,54,15,68,62,24,23,57,4,81,5,97,52,82,43,16,37,12,4,0,2,49,30,5,18,74,66,4,0,29,14,7,40,51,4,23,1,0,95,75,2,0,19,18,72,5,2,51,15,83,0,72,22,19,30,91,40,1,41,50,66,89,2,10,0,23,70,102,103,85,33,5,8,14,61,78,0,76,52,25,47,84,1,7,16,96,80,75,77,17,20,22,54,94,19,74,0,65,23,81,1,2,55,30,2,0,25,48,69,5,4,23,14,9,43,94,23,18,12,13,2,66,4,21,58,0,29,12,19,83,98,92,58,98,98,63,17,29,24,68,12,0,32,29,98,23,13,11,26,53,0,0,16,0,9,0,14,44,14,23,6,3,27,0,10,2,79,0,81,2,0,12,2,23,5,52,27,2,66,2,2,12,9,2,61,88,0,46,2,104,7,93,0,7,25,50,73,26,3,2,54,25,48,9,2,3,70,57,56,55,25,1,21,98,79,97,18,101,1,88,67,18,0,92,18,12,9,84,10,4,11,1,28,26,2,5,0,0,18,5,82,19,6,89,62,22,9,2,2,7,15,6,3,15,22,4,49,0,2,18,24,85,5,12,1,19,35,69,15,17,18,96,2,18,17,0,2,0,10,5,71,97,31,52,79,79,21,23,81,103,18,24,27,69,90,87,2,78,7,26,11,19,74
18,70,22,62,107,99,110,110,74,15,77,61,111,110,7,110,31,25,102,17,0,68,4,110,51,68,38,104,30,110,11,58,4,76,108,34,29,6,90,6,0,110,31,82,28,110,1,0,11,39,110,56,105,10,108,0,0,109,98,20,110,0,109,86,88,106,60,89,29,21,6,88,109,106,110,105,110,0,47,6,110,108,110,23,110,110,106,113,36,6,81,60,12,56,0,93,6,6,99,7,64,36,55,42,89,111,87,105,89,98,48,57,29,86,105,89,49,35,2,116,0,110,81,106,50,109,44,108,110,84,41,98,110,28,2,110,110,110,110,8,37,104,73,25,22,112,108,110,114,82,110,99,101,110,110,45,77,27,94,78,58,100,110,3,6,0,65,96,0,107,0,113,90,49,110,56,67,14,13,0,26,103,9,6,17,32,6,1,6,38,7,26,110,50,67,13,5,29,52,6,7,24,11,6,48,42,0,4,0,2,17,0,81,29,6,6,13,113,8,5,108,6,33,39,5,18,47,3,105,2,56,51,6,11,5,0,0,40,29,0,6,36,109,78,4,38,0,28,0,61,6,3,8,0,6,6,3,39,7,109,90,6,0,24,7,0,11,57,110,1,20,7,0,6,0,47,0,4,3,6,106,0,3,25,20,30,79,6,1,0,0,0,26,28,42,84,25,21,109,0,8,23,6,1,3,38,111,108,4,2,96,9,2,87,6,6,6,113,6,108,6,10,25,81,54,29,0,0,0,48,8,1,0,50,0,6,6,6,29,4,0,0,6,84,0,0,39,6,6,5,21,103,7,7,58,79,6,8,16,0,6,20,113,19,29,19,110,10,38,113,88,109,5,8,71,7,110,110,100,6,113,3,13,80,57,97,5,25,2,6,104,4,0,21,0,15,110,53,5,0,104,6,5,17,50,48,3,85,6,58,0,5,0,6,4,6,2,11,6,6,0,94,1,0,0,106,108,79,6,61,1,70,110,70,28,6,109,5,99,104,4,1,0,102,114,110,84,72,109,109,6,0,104,13,6,110,58,83,16,109,77,6,0,3,39,32,8,4,1,3,52,66,8,111,6,99,6,11,9,0,5,6,0,36,6,1,0,6,7,67,9,4,0,88,28,3,0,5,6,29
29,13,39,39,3,10,0,4,38,27,23,16,0,0,42,0,24,8,2,25,47,10,9,0,0,37,4,1,18,2,30,21,18,14,2,24,18,26,22,28,14,4,28,13,9,0,43,27,52,12,0,18,6,25,5,50,7,5,1,31,1,54,5,29,5,2,30,9,23,31,37,6,0,5,1,3,1,33,16,20,0,3,0,16,0,0,3,0,8,26,0,26,56,0,48,10,28,30,13,26,2,23,4,10,23,0,6,6,0,13,32,33,18,28,0,10,18,20,42,0,116,0,32,6,46,5,25,5,0,5,21,17,3,18,41,0,3,0,4,23,46,3,6,19,14,0,0,0,0,13,0,10,7,0,0,5,7,18,3,22,18,7,0,41,18,31,8,17,36,0,39,0,5,49,0,1,10,18,25,52,20,3,30,24,43,4,25,23,18,11,37,20,5,18,37,26,12,18,4,21,18,15,56,18,5,22,25,42,45,50,18,73,22,56,24,36,27,0,26,31,6,18,8,10,62,22,46,40,3,49,0,19,18,28,43,35,9,22,18,46,18,10,5,14,21,3,65,18,18,23,19,80,39,63,28,0,62,1,39,2,22,27,47,12,36,39,35,41,3,54,29,28,28,18,46,39,70,19,60,26,5,57,40,11,12,11,12,22,33,47,54,55,13,18,0,18,22,19,1,59,31,19,27,31,58,3,0,0,28,56,3,9,42,2,18,20,22,0,9,0,20,30,22,8,27,29,35,52,22,5,36,50,64,47,70,18,13,21,18,20,49,50,18,13,35,76,13,34,25,35,18,5,26,39,41,20,18,37,25,65,26,26,1,19,18,11,1,22,22,0,8,5,24,15,18,26,0,0,15,26,1,12,30,10,29,1,38,23,33,28,3,49,74,40,70,28,0,3,73,56,2,44,21,6,3,3,87,29,23,20,44,24,47,18,35,30,29,9,18,27,48,10,43,42,40,7,0,5,31,45,58,0,4,8,18,18,0,21,11,10,38,67,42,10,0,0,3,19,6,0,23,56,3,56,17,0,23,26,31,4,22,34,38,37,2,14,48,58,45,39,19,24,30,0,35,6,27,18,35,81,30,15,21,20,18,20,45,18,40,15,29,43,39,0,12,35,55,50,19,8
18,76,22,62,113,99,116,111,74,12,78,63,115,116,2,116,31,29,102,17,0,62,0,116,57,68,41,106,24,112,11,63,2,82,111,33,23,0,91,0,3,112,32,83,34,116,1,0,14,40,115,56,108,7,111,0,0,111,98,17,114,3,111,87,89,107,60,89,30,21,0,88,113,109,115,106,113,3,48,0,116,111,116,22,116,116,110,113,38,0,75,61,12,62,0,94,0,0,99,1,58,32,58,48,89,115,87,107,94,98,48,57,23,86,109,91,48,34,2,110,0,116,81,107,51,111,44,111,116,80,41,97,113,22,8,116,113,116,112,14,37,110,74,31,27,112,114,116,112,79,115,104,102,116,116,46,77,21,91,74,58,101,116,3,0,0,68,97,3,113,0,113,96,49,116,61,61,8,14,0,20,103,3,0,20,36,0,0,0,43,1,20,111,44,67,18,1,23,58,0,7,24,11,0,52,45,0,0,0,2,18,0,79,29,0,0,7,113,2,1,110,0,39,44,0,12,47,3,110,0,62,57,0,5,0,1,0,34,23,2,0,39,111,84,7,35,0,22,0,61,0,3,8,0,0,0,6,44,7,114,91,0,0,25,7,0,11,57,113,5,20,7,0,0,0,47,0,0,3,0,106,0,3,28,22,36,80,0,0,0,0,3,27,22,46,85,30,15,115,1,6,29,0,5,3,44,110,114,0,0,96,11,2,87,0,0,0,113,0,114,0,10,19,80,60,25,0,0,0,54,8,1,0,56,0,0,0,0,23,0,0,0,0,81,0,0,40,0,0,5,15,109,1,11,58,80,0,12,10,0,0,21,112,19,23,22,115,4,38,113,88,111,5,8,65,7,116,115,101,0,112,0,13,76,57,98,5,25,4,0,110,0,0,21,0,13,116,59,5,0,105,0,0,17,56,53,3,85,0,54,0,2,0,0,4,0,3,16,0,0,0,95,1,0,0,106,114,80,0,61,2,65,112,64,22,0,111,2,98,106,6,1,0,104,112,116,83,75,110,112,0,0,105,13,0,116,57,83,16,112,77,0,1,0,39,32,8,4,0,3,58,71,2,115,0,102,0,12,8,0,2,2,0,34,0,0,0,0,9,70,9,3,3,82,34,0,0,6,0,35
19,41,27,85,78,92,81,86,100,17,78,45,81,81,0,81,29,18,86,22,31,56,5,81,22,85,11,81,24,82,35,36,0,47,83,36,23,0,93,0,5,84,53,68,3,81,28,14,35,12,81,54,76,17,82,23,5,85,82,17,81,7,85,109,75,86,69,90,6,17,0,76,82,77,81,87,81,17,24,4,81,80,81,27,81,81,87,81,21,0,61,53,31,27,18,78,0,0,97,1,41,28,31,18,98,81,74,79,60,95,50,82,23,111,76,70,46,39,28,81,32,81,116,79,73,85,47,82,81,50,39,88,84,22,3,81,84,81,84,0,51,75,66,10,17,81,79,81,81,67,81,89,81,81,81,25,67,21,73,57,56,80,81,34,0,12,46,96,22,78,5,81,61,79,81,27,56,8,14,9,20,87,3,0,18,8,0,5,0,20,1,20,85,44,93,10,0,23,25,0,5,3,36,0,21,33,12,0,31,22,5,23,55,60,0,0,7,81,0,0,82,0,4,20,4,12,78,8,76,20,27,27,0,5,6,25,5,34,23,5,0,24,85,49,16,33,29,22,5,63,0,26,39,16,0,0,21,12,37,82,93,0,9,7,33,26,41,49,84,14,25,5,12,0,19,72,31,0,34,0,87,12,34,7,1,5,70,4,5,14,31,20,8,22,14,85,10,15,82,26,0,7,0,3,34,9,83,79,6,20,85,0,22,73,0,0,0,81,0,79,0,11,19,67,25,3,18,30,13,23,31,34,31,37,27,0,4,0,23,5,9,31,0,83,5,25,19,0,0,10,15,74,1,5,89,79,0,6,10,25,0,24,81,10,23,8,81,4,38,81,57,85,25,8,46,5,81,81,95,0,81,0,40,59,86,71,30,23,23,0,75,5,33,51,31,1,81,24,36,23,85,0,0,15,22,21,33,107,0,48,30,26,30,0,26,0,15,0,0,0,31,76,6,7,18,90,79,77,0,85,25,54,84,49,22,0,83,9,95,90,30,31,5,90,81,81,66,68,86,81,0,9,86,43,0,81,43,93,42,85,78,0,5,5,19,36,28,17,30,2,23,45,2,81,0,74,0,0,28,18,0,4,12,28,0,9,34,0,9,40,6,33,15,61,7,5,23,18,0,3
20,70,25,62,104,97,107,106,73,10,76,65,107,107,3,107,34,25,102,18,2,59,0,107,51,66,40,106,21,110,12,59,1,76,109,39,20,0,89,0,0,108,33,89,29,107,3,3,13,41,108,56,103,10,105,5,3,109,98,20,107,6,109,85,89,107,59,88,33,27,0,89,108,106,108,105,110,3,46,0,107,107,107,25,107,107,105,107,36,0,72,64,17,56,4,94,0,0,96,1,55,28,57,43,88,107,87,103,87,96,50,55,20,84,102,86,51,36,5,106,6,107,79,116,55,109,44,105,107,75,44,96,107,19,3,107,107,107,108,8,40,101,74,25,23,109,105,107,107,76,108,99,101,107,107,49,78,18,91,72,58,101,107,5,0,3,69,95,2,104,3,107,87,49,107,57,58,5,17,3,17,102,3,0,23,31,0,3,0,39,1,17,107,41,66,14,0,20,54,0,10,21,13,0,48,42,3,2,2,5,21,5,75,31,0,3,7,107,2,0,106,0,33,40,1,9,46,6,103,1,56,51,0,5,1,1,3,31,20,1,0,36,109,78,6,35,5,19,3,61,0,10,10,3,0,0,8,40,10,109,89,0,3,22,9,1,14,65,107,1,23,10,6,0,8,46,2,2,8,0,107,5,5,26,24,30,81,0,3,3,5,3,27,19,45,83,29,12,108,2,4,23,0,1,5,38,108,105,2,0,96,6,8,87,0,0,0,107,0,105,0,14,16,81,54,24,3,6,4,48,10,3,2,52,2,0,0,0,20,0,3,5,0,78,3,2,41,0,0,8,12,100,1,8,57,78,0,7,13,2,0,21,108,22,20,21,108,1,41,107,82,109,6,11,61,10,107,108,97,0,108,3,15,75,55,95,9,28,3,0,101,6,5,24,2,11,107,53,7,2,105,0,1,20,51,49,9,85,0,51,3,2,3,0,7,0,6,13,0,0,2,95,7,3,6,105,105,80,0,67,3,63,108,61,19,0,109,5,95,104,5,4,3,98,107,107,83,71,108,110,0,6,106,13,0,107,57,80,19,108,75,0,5,1,41,39,9,9,2,3,52,67,2,107,0,100,0,14,8,7,5,4,3,32,0,3,0,0,11,68,17,5,5,79,28,1,2,13,0,29
39,20,13,89,54,54,51,53,76,21,81,18,51,51,18,51,41,4,49,22,42,42,5,51,8,51,9,49,24,53,28,19,4,26,51,16,23,5,64,3,7,55,33,44,13,51,35,16,30,12,51,33,52,23,52,39,0,54,47,3,51,29,54,72,39,50,64,49,19,33,3,39,50,48,52,51,52,29,32,22,51,50,51,28,51,51,50,51,15,5,30,31,60,7,34,57,6,3,55,5,26,22,9,16,69,51,42,47,30,59,50,69,13,71,48,58,17,15,36,50,46,51,73,55,116,54,41,52,51,51,11,57,54,23,15,51,54,51,55,7,26,55,31,22,10,51,51,51,51,59,51,57,55,51,51,1,31,12,42,74,33,55,51,44,5,14,20,66,34,52,16,51,55,86,51,8,42,9,21,12,21,50,7,8,21,10,5,7,5,13,8,21,54,34,91,17,18,23,9,5,7,12,46,0,10,52,14,5,40,38,10,34,53,53,5,9,10,51,9,4,53,5,14,14,16,13,84,13,54,24,7,38,0,11,24,36,2,34,23,0,5,17,54,26,31,12,44,23,7,62,6,51,41,22,6,0,33,10,41,51,64,5,22,17,35,35,37,62,54,30,0,9,17,13,36,66,48,7,49,6,51,35,41,12,10,16,60,9,19,21,43,37,18,23,6,61,25,18,50,32,5,17,5,7,46,10,50,51,15,34,47,17,34,49,5,5,0,51,7,51,0,7,19,53,46,8,21,41,14,13,40,40,46,47,49,0,11,5,23,0,30,43,0,52,16,44,4,5,18,21,15,55,5,16,81,79,5,21,16,47,5,42,52,16,23,11,52,5,11,51,59,54,30,17,40,7,51,51,64,6,52,7,32,45,59,40,36,2,27,5,55,13,59,34,47,21,51,10,53,21,52,3,10,0,9,11,49,78,6,56,39,24,40,5,28,6,30,10,5,5,41,57,20,18,32,54,51,39,6,67,35,57,55,22,23,5,50,16,58,55,41,43,22,61,51,51,30,70,53,50,6,28,52,43,13,51,42,65,32,53,77,13,26,11,6,13,45,30,40,25,8,32,7,51,8,55,5,12,42,44,11,14,14,36,0,11,35,5,30,25,21,42,26,32,19,10,39,41,6,15
22,71,22,67,108,103,111,113,77,12,83,63,111,111,2,111,31,26,102,19,4,62,0,111,52,72,39,107,24,113,14,59,2,77,112,34,23,0,96,0,0,115,35,84,30,111,5,0,15,39,111,56,106,7,112,4,0,116,98,17,111,2,116,92,89,107,62,92,30,26,0,89,110,108,112,107,112,2,45,0,111,110,111,22,111,111,108,111,40,0,75,61,15,57,2,94,0,0,102,1,58,31,61,44,93,111,89,106,90,102,51,59,23,90,106,93,48,36,5,109,5,111,85,109,54,116,44,112,111,78,41,101,114,22,4,111,114,111,115,9,37,105,74,26,24,111,109,111,111,82,111,103,101,111,111,45,78,21,91,74,58,101,111,7,0,0,67,100,1,108,0,111,91,54,111,58,61,8,16,0,20,104,3,0,19,32,0,0,0,40,1,20,114,44,72,15,0,23,55,0,7,21,15,0,47,42,0,0,4,6,18,3,77,33,0,0,7,111,2,0,113,0,34,41,0,12,51,3,106,3,57,52,0,5,0,3,0,34,23,0,0,40,116,79,4,35,4,22,0,61,0,7,12,0,0,0,7,41,12,113,96,0,0,21,10,3,16,60,114,2,20,7,0,0,3,48,4,0,7,0,109,4,7,25,21,31,82,0,0,0,4,2,27,22,44,88,27,15,112,4,5,24,0,2,7,39,110,109,1,3,96,6,7,87,0,0,0,111,0,109,0,11,19,81,55,24,0,5,1,49,12,5,4,53,3,0,0,0,23,0,0,4,0,84,0,4,38,0,0,5,15,104,1,8,62,83,0,8,10,4,0,19,112,19,23,20,112,4,38,111,86,116,7,8,64,7,111,111,104,0,112,0,17,76,59,97,7,25,6,0,105,2,4,26,4,12,111,54,9,1,105,0,0,17,52,49,8,90,0,54,5,5,5,0,6,0,3,13,0,0,4,95,1,0,5,109,109,80,0,66,4,65,115,64,22,0,110,2,101,111,4,6,0,105,111,111,83,78,115,111,0,0,106,16,0,111,57,86,21,115,81,0,0,0,38,33,12,7,4,1,53,68,2,111,0,102,0,10,10,2,3,2,0,34,0,0,3,0,8,68,10,7,1,82,29,0,4,8,0,30
6,30,39,58,42,52,44,46,41,71,56,30,44,44,45,44,36,8,49,19,8,38,11,44,10,69,13,49,16,46,9,41,0,21,47,31,15,8,43,7,9,44,9,47,7,44,5,18,12,15,45,35,42,13,44,26,30,44,47,28,44,56,44,44,60,53,45,63,44,5,2,61,47,42,44,53,46,6,47,35,44,46,44,44,44,44,49,44,9,6,33,29,47,15,63,45,1,8,57,7,40,24,15,8,42,44,55,44,44,47,41,41,24,46,44,47,41,43,9,44,25,44,47,44,41,44,116,44,44,75,53,39,44,16,55,44,44,44,44,6,45,39,47,2,8,46,42,44,44,36,45,50,50,44,44,28,50,24,50,43,37,51,44,8,0,18,31,40,4,41,65,44,41,68,44,15,34,14,14,34,16,53,1,6,19,4,1,18,0,11,6,16,45,25,54,66,25,15,13,1,18,2,39,0,8,65,12,20,8,40,16,12,32,8,1,5,0,44,0,6,44,0,10,12,19,18,64,65,41,2,15,41,0,1,51,3,30,18,15,19,0,8,44,23,46,40,20,16,12,56,1,39,9,21,6,0,21,13,10,44,43,6,61,9,9,5,10,40,44,55,48,15,18,36,9,39,52,8,8,4,50,56,8,12,14,7,47,0,44,21,8,60,3,16,18,46,2,22,44,9,6,47,7,0,51,11,48,42,1,60,51,39,2,51,0,5,6,44,0,42,0,18,11,45,34,8,15,7,11,8,5,11,8,15,53,0,0,4,15,6,46,8,0,45,65,40,12,16,39,66,7,41,7,60,40,57,0,44,14,49,8,52,44,11,15,9,44,10,50,44,37,44,55,61,26,24,44,45,44,4,44,12,9,43,37,53,10,54,5,8,39,12,43,10,53,41,44,13,44,37,53,12,49,23,12,9,18,38,7,63,7,3,7,0,13,4,7,27,0,7,8,46,61,64,2,50,42,67,3,52,56,67,44,24,16,0,49,6,47,48,7,7,57,40,44,44,48,62,45,48,1,59,52,32,36,44,59,47,11,44,62,22,56,13,24,48,65,64,7,47,26,25,2,44,9,45,1,5,3,41,5,5,18,37,1,15,13,0,56,18,13,7,10,33,5,54,46,65,1,6
21,73,22,67,108,100,111,112,74,12,79,63,110,111,2,111,31,26,100,19,3,60,0,111,54,71,40,104,22,111,14,61,2,79,110,33,21,0,96,0,0,113,35,84,31,111,4,0,16,43,111,56,107,7,116,3,0,112,96,17,109,0,112,88,89,105,62,89,30,24,2,88,109,106,110,105,110,0,44,0,111,114,111,20,111,111,105,111,41,0,73,59,11,59,2,92,0,0,100,1,58,30,61,45,90,110,88,106,92,99,48,57,23,87,104,92,48,34,5,108,5,111,82,105,52,112,44,116,111,80,41,102,114,20,5,111,114,111,113,11,37,105,74,28,24,110,109,111,110,80,111,99,100,111,111,46,77,21,89,72,58,99,111,6,0,0,68,98,0,108,0,111,91,50,111,58,59,8,15,0,22,102,1,0,17,33,0,0,0,40,3,22,112,42,68,15,1,21,55,0,7,21,12,0,49,46,0,0,3,4,18,3,77,30,2,2,5,111,2,1,115,0,36,41,0,12,52,3,106,5,59,52,0,3,0,4,0,32,21,0,0,42,112,81,5,35,5,20,0,59,0,5,11,0,0,0,8,41,10,109,96,0,0,23,9,3,14,56,114,2,20,7,0,0,3,50,3,0,8,2,105,3,6,26,22,33,79,0,0,0,5,0,27,20,45,86,29,15,110,4,6,26,0,2,6,41,108,109,0,3,94,8,7,85,0,0,0,111,0,109,2,10,17,78,55,27,2,3,0,51,11,6,3,55,2,0,0,0,21,0,0,5,0,84,0,5,40,0,0,5,13,104,1,8,59,81,0,7,10,3,0,22,110,19,21,20,110,4,38,111,86,112,7,8,63,7,111,111,102,0,110,0,16,74,57,96,7,25,7,0,105,0,5,26,3,13,111,56,6,1,103,0,0,17,53,51,8,86,0,52,3,5,3,0,5,2,2,14,0,0,3,93,1,0,3,106,109,80,0,64,4,63,113,62,20,0,108,2,99,107,3,4,0,105,110,111,83,76,111,110,0,0,103,16,0,111,55,88,19,113,78,0,0,0,39,32,11,6,3,3,55,68,0,110,0,99,0,14,11,3,2,2,0,32,0,0,3,0,9,70,9,8,0,80,31,0,3,9,0,32
18,76,22,62,113,99,116,111,74,12,78,63,115,116,2,116,31,29,102,17,0,62,0,116,57,68,41,106,24,112,11,63,2,82,111,33,23,0,91,0,3,112,32,83,34,116,1,0,14,40,115,56,108,7,111,0,0,111,98,17,114,3,111,87,89,107,60,89,30,21,0,88,113,109,115,106,113,3,48,0,116,111,116,22,116,116,110,113,38,0,75,61,12,62,0,94,0,0,99,1,58,32,58,48,89,115,87,107,94,98,48,57,23,86,109,91,48,34,2,110,0,116,81,107,51,111,44,111,116,80,41,97,113,22,8,116,113,116,112,14,37,110,74,31,27,112,114,116,112,79,115,104,102,116,116,46,77,21,91,74,58,101,116,3,0,0,68,97,3,113,0,113,96,49,116,61,61,8,14,0,20,103,3,0,20,36,0,0,0,43,1,20,111,44,67,18,1,23,58,0,7,24,11,0,52,45,0,0,0,2,18,0,79,29,0,0,7,113,2,1,110,0,39,44,0,12,47,3,110,0,62,57,0,5,0,1,0,34,23,2,0,39,111,84,7,35,0,22,0,61,0,3,8,0,0,0,6,44,7,114,91,0,0,25,7,0,11,57,113,5,20,7,0,0,0,47,0,0,3,0,106,0,3,28,22,36,80,0,0,0,0,3,27,22,46,85,30,15,115,1,6,29,0,5,3,44,110,114,0,0,96,11,2,87,0,0,0,113,0,114,0,10,19,80,60,25,0,0,0,54,8,1,0,56,0,0,0,0,23,0,0,0,0,81,0,0,40,0,0,5,15,109,1,11,58,80,0,12,10,0,0,21,112,19,23,22,115,4,38,113,88,111,5,8,65,7,116,115,101,0,112,0,13,76,57,98,5,25,4,0,110,0,0,21,0,13,116,59,5,0,105,0,0,17,56,53,3,85,0,54,0,2,0,0,4,0,3,16,0,0,0,95,1,0,0,106,114,80,0,61,2,65,112,64,22,0,111,2,98,106,6,1,0,104,112,116,83,75,110,112,0,0,105,13,0,116,57,83,16,112,77,0,1,0,39,32,8,4,0,3,58,71,2,115,0,102,0,12,8,0,2,2,0,34,0,0,0,0,9,70,9,3,3,82,34,0,0,6,0,35
18,66,8,68,78,68,80,79,48,46,80,44,79,80,27,80,43,13,71,17,0,55,10,80,34,49,33,73,22,79,6,55,3,57,78,27,21,12,61,12,0,79,14,62,29,80,1,6,12,36,80,42,77,11,80,6,11,78,67,11,79,27,78,55,71,75,59,58,60,21,6,69,79,75,79,74,79,0,63,30,80,80,80,38,80,80,75,83,31,11,54,34,31,39,31,67,6,12,68,13,61,37,38,30,58,79,68,75,71,67,52,43,33,55,78,75,35,22,2,84,5,80,50,75,51,78,75,80,80,116,22,68,80,22,30,80,80,80,79,15,19,75,54,26,9,80,78,80,82,69,80,68,74,80,80,34,58,33,67,78,44,73,80,3,5,6,47,66,0,77,31,83,77,52,80,38,54,20,13,6,22,72,7,11,15,27,6,7,5,25,12,22,79,42,66,39,21,21,36,6,13,23,18,5,32,64,0,9,0,22,17,0,69,15,6,10,6,83,7,12,79,5,34,26,12,24,67,34,76,1,39,72,5,6,31,1,11,32,21,0,5,32,78,59,36,33,0,22,0,60,6,24,4,6,11,5,10,34,6,78,61,11,26,31,7,0,6,44,80,27,17,10,6,30,0,36,29,6,3,9,75,29,3,26,21,31,62,5,22,0,0,31,27,22,38,67,25,27,79,7,13,55,11,1,28,35,80,78,3,32,65,35,2,69,5,10,11,83,5,78,5,10,17,67,70,36,0,0,0,32,8,1,0,45,22,5,5,9,21,4,23,0,5,69,31,19,23,12,33,36,13,77,13,37,44,83,5,25,20,30,12,42,82,19,21,19,79,16,19,83,76,78,35,39,63,7,80,80,69,9,82,8,8,67,39,83,5,22,3,12,75,4,19,3,30,41,80,37,27,11,73,8,30,18,34,32,3,54,12,72,0,3,0,5,4,9,2,18,5,11,0,68,29,30,0,75,78,60,8,43,32,71,79,48,22,5,78,4,68,73,3,0,26,72,82,80,65,92,78,79,6,25,73,15,30,80,51,58,11,79,80,21,30,9,34,27,37,34,0,31,50,51,6,79,13,72,6,12,8,19,5,5,6,50,6,1,0,5,33,46,9,3,0,61,29,29,27,34,6,30
1,57,91,15,40,50,41,42,37,39,14,80,41,41,39,41,66,25,47,10,4,18,15,41,28,64,14,50,1,43,14,59,0,62,44,38,1,14,33,15,29,41,22,56,5,41,9,36,29,16,42,63,40,14,41,22,47,41,51,65,42,45,41,36,64,50,34,58,31,1,13,68,44,43,41,50,43,8,38,15,41,43,41,55,41,41,46,41,10,13,27,71,39,29,57,39,7,18,47,13,27,0,29,19,32,41,60,44,43,41,45,27,7,38,36,27,90,64,11,41,21,41,39,44,11,41,53,41,41,22,116,33,41,0,47,41,41,41,41,0,91,37,69,0,38,43,39,41,41,14,42,41,43,41,41,48,73,6,49,15,65,44,41,1,0,54,89,34,4,38,64,41,21,26,41,29,14,14,13,50,0,53,7,0,48,6,0,37,0,22,7,0,41,6,20,69,7,1,28,0,38,0,56,0,24,33,32,38,4,26,17,30,17,31,0,4,8,41,0,0,41,0,8,23,17,6,10,70,39,3,29,32,0,7,37,0,37,6,1,36,0,9,41,64,15,54,16,0,32,43,0,32,6,43,12,0,19,14,2,41,33,12,63,7,6,9,6,27,41,41,95,35,38,25,19,31,36,11,1,14,48,45,1,11,17,5,32,0,60,51,4,43,1,0,19,23,0,6,41,0,0,26,13,3,14,13,45,39,0,45,55,11,6,38,0,4,6,41,2,39,0,40,1,25,28,0,29,3,23,23,2,7,20,30,33,0,2,3,1,6,40,4,0,39,68,37,33,22,18,75,9,34,13,56,18,17,0,39,7,41,14,41,41,12,1,9,41,14,113,41,18,41,35,66,6,44,41,42,36,3,41,29,7,21,43,47,9,94,12,16,37,12,22,22,37,31,41,28,31,48,50,31,57,38,27,24,20,34,17,18,3,4,3,0,13,10,11,26,0,13,4,40,57,63,20,44,39,77,9,52,50,34,41,19,0,0,46,11,42,41,0,22,73,36,41,41,72,7,41,45,0,59,49,57,24,41,37,33,9,41,18,9,61,7,26,67,49,47,3,37,47,59,8,41,10,40,7,9,0,33,8,8,38,20,0,16,9,0,63,30,21,0,14,27,3,43,48,46,0,4
29,59,20,80,94,93,97,101,77,12,86,53,98,97,1,97,33,23,94,27,16,57,0,97,42,67,32,94,23,98,20,47,1,67,98,31,22,1,107,1,0,100,37,78,22,97,12,0,21,33,97,56,96,5,102,13,0,101,89,15,97,9,101,93,78,94,63,83,22,34,3,80,97,93,97,94,97,9,35,5,97,100,97,20,97,97,95,97,40,1,70,53,20,45,7,87,1,1,95,2,55,29,49,35,103,98,80,94,78,98,52,61,24,93,93,80,40,36,7,98,17,97,88,96,57,101,39,102,97,68,33,116,100,21,0,97,100,97,100,5,30,93,69,27,20,98,97,97,98,84,97,92,90,97,97,39,69,22,82,75,56,89,97,19,1,0,57,100,7,96,3,97,80,63,97,45,60,9,17,4,23,92,2,1,28,27,1,0,1,32,4,23,101,43,71,7,0,22,43,1,7,20,21,1,40,45,0,1,16,7,13,16,73,43,3,3,6,97,1,0,102,1,25,32,6,13,65,0,94,8,45,40,1,4,8,10,0,33,22,0,1,38,101,67,10,33,16,21,0,67,1,13,24,4,1,1,8,30,23,98,107,1,4,23,14,10,27,64,100,9,17,9,0,1,14,56,16,1,21,3,96,11,16,19,14,22,80,5,2,2,17,13,27,21,32,92,29,16,98,11,4,16,1,3,19,29,97,97,8,15,86,0,15,78,1,1,1,97,1,97,3,13,18,77,44,24,6,13,1,39,17,19,16,56,14,1,5,1,22,0,4,18,1,87,2,16,33,1,1,7,14,93,2,3,72,83,1,7,11,13,1,22,97,21,22,19,97,5,30,97,76,101,8,0,61,7,97,97,101,1,97,1,27,71,60,88,13,17,9,1,93,6,18,39,16,5,97,42,19,10,92,1,1,14,42,39,20,89,1,50,14,11,15,1,10,3,6,5,1,1,16,87,2,5,9,98,97,71,1,69,8,56,100,59,21,1,97,3,97,100,17,17,2,103,98,97,75,76,102,97,1,4,93,25,1,97,56,97,26,101,89,1,3,0,28,29,23,15,17,3,41,59,1,98,1,90,1,11,16,11,0,5,0,30,1,4,13,1,5,58,16,22,7,75,24,0,9,19,1,22
21,73,22,65,110,102,113,114,76,12,81,63,112,113,2,113,31,26,102,19,3,62,0,113,54,71,40,106,24,113,14,61,2,79,112,33,23,0,94,0,0,115,35,82,31,113,4,0,16,41,113,56,105,7,114,3,0,114,98,17,111,0,114,90,89,107,62,91,30,24,0,88,111,108,112,107,112,0,46,0,113,112,113,22,113,113,107,113,41,0,75,61,13,59,2,94,0,0,102,1,58,32,61,45,92,112,88,108,92,101,50,59,23,89,106,94,48,34,5,110,3,113,84,107,54,114,44,114,113,80,41,100,116,22,5,113,116,113,115,11,37,107,74,28,24,112,111,113,112,82,113,101,102,113,113,46,77,21,91,74,58,101,113,6,0,0,68,100,0,110,0,113,93,52,113,58,61,8,15,0,20,104,3,0,17,33,0,0,0,40,1,20,114,44,70,15,1,23,55,0,7,21,14,0,49,44,0,0,3,4,18,1,79,32,0,0,7,113,2,1,113,0,36,41,0,12,50,3,108,3,59,54,0,5,0,4,0,34,23,0,0,42,114,81,5,35,3,22,0,61,0,5,11,0,0,0,8,41,10,111,94,0,0,23,9,3,14,58,116,2,20,7,0,0,1,48,3,0,6,0,107,3,6,26,22,33,81,0,0,0,3,0,27,22,45,88,27,15,112,4,6,26,0,2,6,41,110,111,0,3,96,8,5,87,0,0,0,113,0,111,0,10,19,80,57,25,0,3,0,51,11,4,3,53,2,0,0,0,23,0,0,3,0,84,0,3,40,0,0,5,15,106,1,8,61,83,0,9,10,3,0,20,112,19,23,20,112,4,38,113,88,114,7,8,65,7,113,113,104,0,112,0,16,76,59,96,7,25,7,0,107,0,3,24,3,13,113,56,8,1,105,0,0,17,53,51,6,88,0,54,3,5,3,0,5,0,2,14,0,0,3,95,1,0,3,108,111,80,0,64,4,65,115,64,22,0,110,2,101,109,3,4,0,107,112,113,83,78,113,112,0,0,105,16,0,113,57,86,19,115,80,0,0,0,39,32,11,6,3,3,55,68,2,112,0,101,0,12,11,1,2,2,0,34,0,0,3,0,9,70,9,6,0,82,31,0,3,7,0,32
5,4,0,19,22,22,22,22,22,35,22,5,23,22,36,22,1,52,22,0,0,76,33,22,0,15,0,22,114,22,0,1,78,1,22,55,115,94,20,92,12,22,0,12,0,22,0,0,21,0,22,4,22,14,20,0,0,22,22,35,22,0,22,22,18,22,16,22,1,0,89,16,22,18,22,22,22,0,15,56,22,20,22,22,22,22,22,25,0,93,63,6,10,0,1,22,94,90,22,95,61,101,0,0,22,23,16,18,31,22,6,22,103,22,29,22,7,34,0,28,18,22,22,19,23,22,16,20,22,22,0,21,22,116,10,22,22,22,22,68,0,22,8,0,0,24,22,22,26,34,22,22,22,22,22,1,8,105,34,26,4,22,22,0,93,0,1,22,4,22,1,25,22,21,22,0,77,102,0,7,114,22,97,89,0,11,94,23,93,0,90,114,22,94,22,9,55,115,0,94,0,27,2,88,0,13,0,62,0,1,0,14,36,3,94,94,99,25,62,65,20,93,0,0,63,106,19,1,22,61,0,12,88,99,23,8,0,94,115,50,93,0,22,1,7,40,0,116,9,14,94,0,0,27,94,70,41,0,0,22,20,94,1,9,0,0,0,14,22,6,1,0,0,60,0,18,0,48,0,94,22,0,0,0,5,0,21,89,15,5,0,1,7,116,0,22,0,109,22,35,63,31,94,63,1,0,24,22,83,7,22,25,0,22,93,94,88,25,40,22,88,0,111,23,7,59,0,0,0,0,0,0,5,13,6,87,36,94,115,79,6,0,88,28,1,0,0,86,55,1,107,22,95,1,22,22,88,23,102,0,94,12,25,0,115,0,22,98,0,25,28,22,0,1,72,0,22,22,22,94,25,23,0,59,14,22,0,2,5,92,22,63,6,0,0,31,22,0,2,0,22,64,26,0,0,0,0,22,94,25,0,26,0,93,0,94,1,5,93,94,0,22,1,1,0,22,22,16,94,12,1,44,22,74,116,93,22,16,23,22,1,3,1,22,26,22,10,23,22,22,94,0,22,3,61,22,28,20,0,22,22,75,5,64,0,25,5,0,1,21,1,1,96,23,89,22,94,13,1,0,52,24,0,39,89,13,0,93,4,19,0,3,0,56,0,34,0,9,94,0
2,42,50,17,8,6,8,3,4,69,18,33,7,8,73,8,43,16,6,5,0,11,24,8,13,16,9,5,9,4,3,51,12,39,5,7,9,28,1,29,17,4,1,8,15,8,3,16,34,4,7,16,6,1,5,23,30,4,8,48,6,89,4,1,11,7,7,15,58,1,35,10,7,5,7,7,5,8,62,47,8,5,8,51,8,8,9,5,4,26,5,33,58,8,74,9,26,32,6,27,13,16,5,13,0,7,10,4,9,4,47,7,11,0,7,8,43,26,7,2,41,8,3,3,15,4,55,5,8,30,47,0,5,10,116,8,5,8,4,18,45,11,13,10,19,4,10,8,4,3,7,7,8,8,8,5,12,12,4,15,14,9,8,1,9,37,28,1,12,11,91,5,11,29,8,7,9,12,8,52,10,8,29,15,45,9,13,21,9,17,34,10,3,9,17,89,37,9,8,13,16,6,63,9,10,40,14,48,0,60,11,21,4,36,10,18,25,5,8,27,4,9,11,17,47,12,24,88,9,4,8,65,9,26,89,9,28,9,9,53,9,3,4,37,45,12,15,10,12,18,10,72,0,35,28,9,22,9,0,7,1,28,79,8,6,4,0,13,5,92,63,22,16,63,5,7,74,17,9,14,5,83,4,15,13,11,5,9,57,40,2,78,5,10,7,1,8,12,8,22,25,60,29,28,48,10,4,10,9,81,10,51,8,7,9,14,11,5,15,10,9,38,9,9,57,7,7,3,13,11,3,2,34,37,68,9,15,15,9,13,67,0,9,2,81,75,16,36,70,71,9,11,27,101,0,18,9,92,11,74,28,73,4,10,9,15,7,12,49,5,7,4,43,64,1,26,8,7,1,15,4,12,2,6,4,7,5,62,14,30,11,29,36,0,72,85,8,8,72,49,4,56,78,13,11,12,39,0,15,40,2,6,1,9,6,26,8,28,9,29,1,12,91,92,8,2,10,18,31,13,81,27,4,5,10,9,5,10,4,4,4,35,74,2,4,8,4,30,3,6,10,80,5,45,62,8,16,4,0,5,18,46,67,23,5,29,70,83,0,97,41,41,30,7,37,11,26,10,4,63,6,8,16,37,10,11,5,9,80,7,7,1,12,0,12,83,73,55,10,15
18,76,22,62,113,99,116,111,74,12,78,63,115,116,2,116,31,29,102,17,0,62,0,116,57,68,41,106,24,112,11,63,2,82,111,33,23,0,91,0,3,112,32,83,34,116,1,0,14,40,115,56,108,7,111,0,0,111,98,17,114,3,111,87,89,107,60,89,30,21,0,88,113,109,115,106,113,3,48,0,116,111,116,22,116,116,110,113,38,0,75,61,12,62,0,94,0,0,99,1,58,32,58,48,89,115,87,107,94,98,48,57,23,86,109,91,48,34,2,110,0,116,81,107,51,111,44,111,116,80,41,97,113,22,8,116,113,116,112,14,37,110,74,31,27,112,114,116,112,79,115,104,102,116,116,46,77,21,91,74,58,101,116,3,0,0,68,97,3,113,0,113,96,49,116,61,61,8,14,0,20,103,3,0,20,36,0,0,0,43,1,20,111,44,67,18,1,23,58,0,7,24,11,0,52,45,0,0,0,2,18,0,79,29,0,0,7,113,2,1,110,0,39,44,0,12,47,3,110,0,62,57,0,5,0,1,0,34,23,2,0,39,111,84,7,35,0,22,0,61,0,3,8,0,0,0,6,44,7,114,91,0,0,25,7,0,11,57,113,5,20,7,0,0,0,47,0,0,3,0,106,0,3,28,22,36,80,0,0,0,0,3,27,22,46,85,30,15,115,1,6,29,0,5,3,44,110,114,0,0,96,11,2,87,0,0,0,113,0,114,0,10,19,80,60,25,0,0,0,54,8,1,0,56,0,0,0,0,23,0,0,0,0,81,0,0,40,0,0,5,15,109,1,11,58,80,0,12,10,0,0,21,112,19,23,22,115,4,38,113,88,111,5,8,65,7,116,115,101,0,112,0,13,76,57,98,5,25,4,0,110,0,0,21,0,13,116,59,5,0,105,0,0,17,56,53,3,85,0,54,0,2,0,0,4,0,3,16,0,0,0,95,1,0,0,106,114,80,0,61,2,65,112,64,22,0,111,2,98,106,6,1,0,104,112,116,83,75,110,112,0,0,105,13,0,116,57,83,16,112,77,0,1,0,39,32,8,4,0,3,58,71,2,115,0,102,0,12,8,0,2,2,0,34,0,0,0,0,9,70,9,3,3,82,34,0,0,6,0,35
21,73,22,65,110,102,113,114,76,12,81,63,112,113,2,113,31,26,102,19,3,62,0,113,54,71,40,106,24,113,14,61,2,79,112,33,23,0,94,0,0,115,35,82,31,113,4,0,16,41,113,56,105,7,114,3,0,114,98,17,111,0,114,90,89,107,62,91,30,24,0,88,111,108,112,107,112,0,46,0,113,112,113,22,113,113,107,113,41,0,75,61,13,59,2,94,0,0,102,1,58,32,61,45,92,112,88,108,92,101,50,59,23,89,106,94,48,34,5,110,3,113,84,107,54,114,44,114,113,80,41,100,116,22,5,113,116,113,115,11,37,107,74,28,24,112,111,113,112,82,113,101,102,113,113,46,77,21,91,74,58,101,113,6,0,0,68,100,0,110,0,113,93,52,113,58,61,8,15,0,20,104,3,0,17,33,0,0,0,40,1,20,114,44,70,15,1,23,55,0,7,21,14,0,49,44,0,0,3,4,18,1,79,32,0,0,7,113,2,1,113,0,36,41,0,12,50,3,108,3,59,54,0,5,0,4,0,34,23,0,0,42,114,81,5,35,3,22,0,61,0,5,11,0,0,0,8,41,10,111,94,0,0,23,9,3,14,58,116,2,20,7,0,0,1,48,3,0,6,0,107,3,6,26,22,33,81,0,0,0,3,0,27,22,45,88,27,15,112,4,6,26,0,2,6,41,110,111,0,3,96,8,5,87,0,0,0,113,0,111,0,10,19,80,57,25,0,3,0,51,11,4,3,53,2,0,0,0,23,0,0,3,0,84,0,3,40,0,0,5,15,106,1,8,61,83,0,9,10,3,0,20,112,19,23,20,112,4,38,113,88,114,7,8,65,7,113,113,104,0,112,0,16,76,59,96,7,25,7,0,107,0,3,24,3,13,113,56,8,1,105,0,0,17,53,51,6,88,0,54,3,5,3,0,5,0,2,14,0,0,3,95,1,0,3,108,111,80,0,64,4,65,115,64,22,0,110,2,101,109,3,4,0,107,112,113,83,78,113,112,0,0,105,16,0,113,57,86,19,115,80,0,0,0,39,32,11,6,3,3,55,68,2,112,0,101,0,12,11,1,2,2,0,34,0,0,3,0,9,70,9,6,0,82,31,0,3,7,0,32
18,76,22,62,113,99,116,111,74,12,78,63,115,116,2,116,31,29,102,17,0,62,0,116,57,68,41,106,24,112,11,63,2,82,111,33,23,0,91,0,3,112,32,83,34,116,1,0,14,40,115,56,108,7,111,0,0,111,98,17,114,3,111,87,89,107,60,89,30,21,0,88,113,109,115,106,113,3,48,0,116,111,116,22,116,116,110,113,38,0,75,61,12,62,0,94,0,0,99,1,58,32,58,48,89,115,87,107,94,98,48,57,23,86,109,91,48,34,2,110,0,116,81,107,51,111,44,111,116,80,41,97,113,22,8,116,113,116,112,14,37,110,74,31,27,112,114,116,112,79,115,104,102,116,116,46,77,21,91,74,58,101,116,3,0,0,68,97,3,113,0,113,96,49,116,61,61,8,14,0,20,103,3,0,20,36,0,0,0,43,1,20,111,44,67,18,1,23,58,0,7,24,11,0,52,45,0,0,0,2,18,0,79,29,0,0,7,113,2,1,110,0,39,44,0,12,47,3,110,0,62,57,0,5,0,1,0,34,23,2,0,39,111,84,7,35,0,22,0,61,0,3,8,0,0,0,6,44,7,114,91,0,0,25,7,0,11,57,113,5,20,7,0,0,0,47,0,0,3,0,106,0,3,28,22,36,80,0,0,0,0,3,27,22,46,85,30,15,115,1,6,29,0,5,3,44,110,114,0,0,96,11,2,87,0,0,0,113,0,114,0,10,19,80,60,25,0,0,0,54,8,1,0,56,0,0,0,0,23,0,0,0,0,81,0,0,40,0,0,5,15,109,1,11,58,80,0,12,10,0,0,21,112,19,23,22,115,4,38,113,88,111,5,8,65,7,116,115,101,0,112,0,13,76,57,98,5,25,4,0,110,0,0,21,0,13,116,59,5,0,105,0,0,17,56,53,3,85,0,54,0,2,0,0,4,0,3,16,0,0,0,95,1,0,0,106,114,80,0,61,2,65,112,64,22,0,111,2,98,106,6,1,0,104,112,116,83,75,110,112,0,0,105,13,0,116,57,83,16,112,77,0,1,0,39,32,8,4,0,3,58,71,2,115,0,102,0,12,8,0,2,2,0,34,0,0,0,0,9,70,9,3,3,82,34,0,0,6,0,35
21,72,22,66,109,103,112,114,76,12,82,63,112,112,2,112,31,26,102,19,3,62,0,112,53,71,40,107,24,114,14,60,2,78,111,34,23,0,95,0,0,116,34,83,30,112,4,0,15,40,112,56,106,7,113,4,0,115,98,17,112,1,115,91,89,107,62,91,30,25,0,89,110,109,113,107,113,1,45,0,112,111,112,22,112,112,107,112,41,0,75,61,14,58,2,94,0,0,102,1,58,31,60,44,92,112,89,107,91,102,50,59,23,89,106,94,48,35,5,110,4,112,84,108,55,115,44,113,112,79,41,100,115,22,4,112,115,112,116,10,37,106,74,27,24,112,110,112,112,82,112,102,102,112,112,45,78,21,91,75,58,101,112,6,0,0,67,99,1,109,0,112,92,53,112,59,61,8,16,0,20,104,3,0,18,33,0,0,0,40,1,20,115,44,71,15,0,23,54,0,7,21,14,0,48,43,0,0,3,5,18,2,78,32,0,0,7,112,2,0,114,0,35,41,0,12,50,3,107,3,58,53,0,5,0,3,0,34,23,0,0,41,115,80,4,35,4,22,0,61,0,6,11,0,0,0,7,42,11,112,95,0,0,22,9,3,15,59,115,2,20,7,0,0,2,48,3,0,6,0,108,4,6,25,21,32,81,0,0,0,3,1,26,22,44,87,28,15,111,3,6,25,0,3,6,40,110,110,0,3,96,7,6,87,0,0,0,112,0,110,0,10,19,80,56,24,0,4,0,50,11,4,3,52,2,0,0,0,23,0,0,3,0,84,0,3,39,0,0,5,15,105,1,8,61,82,0,9,10,4,0,20,113,19,23,20,113,4,38,112,87,115,7,8,65,7,112,112,105,0,113,0,16,76,59,97,7,25,6,0,106,1,3,25,3,13,112,55,8,1,105,0,0,17,52,50,7,89,0,54,4,5,4,0,5,0,3,13,0,0,3,95,1,0,4,108,110,80,0,65,4,65,116,64,22,0,110,2,101,110,3,5,0,106,112,112,83,77,114,111,0,0,105,16,0,112,57,86,20,114,81,0,0,0,39,33,11,6,3,2,54,68,2,112,0,102,0,11,11,1,3,2,0,34,0,0,3,0,8,69,9,6,1,82,30,0,3,7,0,31
25,15,0,3,14,0,14,9,4,20,6,2,13,14,16,14,3,81,7,27,26,33,41,14,43,0,36,4,66,10,31,16,93,16,9,39,67,68,1,69,31,10,32,1,42,14,25,11,24,30,13,2,11,34,11,14,15,9,0,23,12,8,9,1,5,8,7,0,20,29,65,0,11,11,13,7,11,30,13,47,14,11,14,8,14,14,11,11,39,68,22,1,7,41,6,8,73,66,0,68,21,70,37,42,0,13,2,9,28,4,3,0,66,0,12,10,0,23,27,8,23,14,0,8,7,9,6,11,14,15,0,5,11,68,18,14,11,14,10,116,0,16,3,39,28,10,16,14,10,12,13,5,9,14,14,24,0,68,5,15,0,8,14,27,89,6,3,5,32,16,6,11,16,3,14,40,34,68,34,7,68,4,68,94,3,47,83,28,89,41,73,68,9,51,7,10,63,67,40,87,11,57,3,94,41,12,17,39,27,19,32,18,26,0,84,68,67,11,72,80,10,89,43,41,51,68,5,6,15,68,41,17,94,68,16,33,23,50,67,45,89,38,9,14,37,23,14,68,22,3,89,5,26,27,68,76,46,42,27,12,1,69,6,41,33,29,27,7,11,14,3,9,8,36,9,2,5,51,14,68,7,5,29,39,35,43,1,85,9,4,18,9,40,68,38,1,37,68,13,63,82,49,68,84,26,43,8,16,81,9,0,59,26,4,89,84,84,11,48,16,92,11,67,8,22,85,13,22,29,43,33,24,2,26,6,93,44,84,67,88,6,22,94,3,6,5,34,60,39,6,67,16,68,15,0,8,89,20,67,5,68,12,10,28,67,37,13,68,0,11,12,9,17,9,45,16,14,13,4,79,10,29,31,19,0,7,26,4,33,66,16,62,13,25,5,26,14,41,5,0,3,40,12,21,42,42,0,4,68,17,29,38,27,89,33,68,32,30,89,68,23,10,8,6,14,4,16,1,68,2,7,3,10,33,68,89,9,36,4,4,30,2,6,10,10,14,2,15,8,10,85,5,3,0,37,14,2,0,29,10,3,59,6,80,34,19,5,5,27,19,21,14,68,13,73,9,74,45,34,5,66,46,15,29,95,38,27,89,12,37,11,27,23,29,43,16,7,13,89,43
8,62,70,26,36,49,37,39,49,23,17,82,37,37,41,37,53,25,42,10,21,14,14,37,26,71,12,46,0,39,27,59,0,66,40,34,0,21,32,23,17,37,35,56,6,37,22,35,50,15,38,50,36,26,37,28,28,37,48,69,37,42,37,44,56,46,34,50,40,5,20,61,40,39,37,46,39,15,36,0,37,39,37,37,37,37,42,37,7,21,23,77,59,26,48,35,16,25,46,21,24,0,26,21,35,37,57,41,39,40,50,41,6,46,32,23,83,55,28,37,46,37,51,40,26,37,45,37,37,19,91,30,37,0,45,37,37,37,37,0,116,34,59,2,27,39,35,37,37,10,38,39,39,37,37,46,62,6,43,12,52,41,37,15,0,49,75,37,18,35,60,37,17,37,37,26,10,6,18,52,0,46,15,0,35,7,0,26,0,23,15,0,38,5,32,63,0,0,25,0,26,0,55,0,24,18,27,45,19,34,18,33,13,52,0,13,15,37,0,0,37,0,5,23,27,6,25,66,35,16,26,37,0,16,37,14,26,5,0,39,0,10,37,68,15,31,29,0,20,34,1,49,21,60,21,0,32,11,15,37,32,20,59,7,21,24,19,27,37,43,75,23,33,25,20,43,58,11,17,7,43,42,15,11,16,8,27,0,41,45,18,51,1,0,16,22,3,7,37,14,0,27,20,1,26,10,41,35,3,48,52,4,13,31,0,4,6,37,1,35,0,40,0,21,34,0,32,18,26,25,15,22,44,37,43,0,1,3,0,6,38,19,0,41,47,50,33,29,18,57,0,30,21,53,30,20,0,37,6,63,21,40,37,10,0,10,37,6,92,37,15,37,29,47,5,31,37,38,35,4,37,20,20,17,47,43,24,74,20,23,34,12,30,35,60,32,37,25,53,65,48,36,40,34,24,24,44,46,10,12,18,16,18,0,28,19,18,18,0,20,18,36,53,59,19,43,35,62,18,67,65,23,37,18,0,0,42,19,40,39,14,47,53,33,37,37,58,10,38,41,1,57,43,80,24,37,36,36,22,37,17,14,44,7,22,49,50,46,18,37,53,63,15,37,17,34,15,8,14,48,8,8,33,8,0,15,24,0,62,30,13,14,17,23,5,43,50,33,1,4
22,73,23,58,113,93,110,105,74,13,74,59,109,110,5,110,34,32,96,19,3,58,3,110,59,62,41,100,24,106,9,62,3,82,105,31,23,0,87,0,8,106,26,78,39,110,5,5,16,42,109,61,108,7,105,3,2,105,93,16,108,3,105,81,83,101,60,83,32,23,0,82,107,103,109,100,107,6,51,0,110,105,110,22,110,110,104,107,36,0,69,57,13,56,3,94,0,0,93,1,57,32,52,54,85,109,82,101,88,92,46,54,23,80,103,85,44,33,7,104,3,110,75,101,55,105,39,105,110,75,37,93,107,22,11,110,107,110,106,16,34,116,73,37,32,106,112,110,106,77,109,98,96,110,110,40,72,21,85,78,59,97,110,7,0,5,64,91,9,113,0,107,94,45,110,55,57,8,19,4,20,97,3,0,19,41,0,5,0,48,1,20,105,44,61,21,5,23,58,0,12,29,9,0,57,44,5,0,3,6,23,3,83,29,0,0,7,107,5,2,104,0,43,50,1,12,44,1,114,0,56,58,0,5,1,7,4,34,23,2,0,33,105,80,10,29,4,22,3,57,0,6,10,3,0,0,9,42,3,108,87,0,1,30,12,5,7,59,107,6,18,10,5,0,3,51,1,3,7,0,100,0,9,33,27,41,76,0,3,5,4,3,31,22,40,79,35,15,109,4,6,27,0,7,0,48,104,112,0,1,91,14,7,81,0,0,0,107,3,112,0,12,19,78,66,25,3,5,5,60,12,3,2,60,4,0,3,0,23,0,3,3,0,75,1,1,43,0,0,5,15,107,1,13,54,74,0,15,10,1,0,21,106,22,23,27,109,4,35,107,92,105,2,9,66,12,110,109,95,0,106,5,11,72,51,92,8,23,9,0,116,0,4,17,0,14,110,59,6,0,99,0,0,12,60,59,7,79,0,59,5,0,3,0,9,0,8,21,0,0,4,99,3,0,5,100,112,74,0,55,1,59,106,62,22,0,105,7,92,100,10,0,3,98,106,110,77,74,104,106,0,2,99,11,0,110,53,79,10,106,73,0,1,4,33,28,7,6,3,6,57,75,2,109,0,100,0,18,14,3,6,8,5,39,0,3,3,0,12,75,12,7,6,76,40,0,3,6,0,41
10,54,60,41,71,82,74,74,62,34,52,73,74,74,11,74,71,28,82,18,5,43,18,74,34,63,24,83,10,76,17,46,1,63,77,42,9,6,69,6,33,74,21,89,18,74,10,42,14,19,75,98,71,13,74,12,42,74,88,36,73,11,74,61,93,83,54,76,30,9,0,99,77,72,74,83,76,12,26,8,74,76,74,51,74,74,79,74,21,6,51,72,13,34,27,74,0,6,79,7,43,14,34,29,70,74,97,72,66,77,43,60,21,63,69,60,68,72,16,73,6,74,66,74,31,74,47,74,74,54,69,69,74,8,13,74,74,74,74,3,59,73,116,12,51,76,76,74,74,52,75,74,76,74,74,52,110,19,81,46,96,78,74,1,0,42,86,70,6,76,29,74,58,31,74,34,41,22,26,27,8,84,1,0,28,21,0,42,0,35,1,8,73,30,47,29,0,9,31,0,49,11,23,0,35,47,36,15,5,9,34,17,49,25,0,4,2,74,0,0,74,0,15,35,3,10,38,33,74,3,34,33,0,0,3,2,34,22,9,14,0,18,74,61,10,59,4,8,34,79,0,10,5,32,5,0,10,23,3,74,69,5,28,18,9,12,7,32,74,3,58,44,42,5,21,54,6,11,1,11,79,13,3,22,30,16,62,0,40,36,4,7,11,8,24,57,13,13,74,2,1,15,5,7,3,20,78,76,0,6,92,4,10,73,0,4,6,74,5,76,0,27,5,65,32,9,30,6,27,33,3,6,4,34,9,0,5,3,9,8,25,5,0,75,36,8,46,6,3,45,17,71,7,21,47,53,0,3,8,11,6,31,74,25,9,26,74,18,72,74,52,74,28,38,38,43,74,75,70,3,74,36,10,55,70,79,12,54,18,6,73,0,11,23,8,6,74,31,1,25,83,4,24,47,34,36,0,61,14,44,6,1,4,0,16,3,15,25,0,5,4,75,25,26,24,76,76,92,2,53,18,47,74,40,8,0,79,18,78,74,0,5,40,70,74,74,100,48,73,78,0,27,82,30,5,74,45,73,8,74,54,2,39,9,29,67,13,19,4,6,37,62,0,74,2,77,0,12,2,16,8,10,42,45,0,21,10,0,36,49,34,0,16,51,13,14,18,29,0,16
90,31,12,11,34,14,31,26,19,1,27,12,30,31,8,31,15,33,21,88,75,0,60,31,84,1,98,21,0,27,74,25,32,33,26,5,0,0,21,1,63,27,65,13,103,31,84,63,36,95,30,21,31,71,28,53,52,26,17,2,29,5,26,12,12,22,32,4,48,93,0,9,28,32,30,21,28,75,21,15,31,28,31,0,31,31,25,28,97,2,14,15,10,81,6,30,5,0,14,0,19,4,77,93,21,30,11,30,30,21,12,21,0,11,29,42,0,2,75,25,19,31,10,25,22,26,2,28,31,26,0,27,28,0,10,31,28,31,27,39,2,37,12,116,66,27,33,31,27,43,30,19,28,31,31,59,9,0,11,39,19,28,31,81,19,42,15,26,84,34,0,28,51,10,31,80,3,0,94,33,0,18,0,19,39,92,19,43,19,86,0,0,26,0,19,8,33,0,83,15,70,85,5,24,84,16,69,0,77,42,93,36,43,24,20,4,0,28,50,32,27,19,104,87,9,4,7,0,35,29,81,28,24,0,3,82,62,4,0,13,19,98,26,31,52,10,66,0,67,19,17,13,74,19,0,42,30,93,77,29,21,1,11,96,87,80,73,53,28,11,0,63,60,0,63,34,8,45,70,4,21,2,84,97,86,106,26,23,12,38,78,15,103,0,91,36,105,0,30,41,36,21,0,31,30,99,25,33,21,8,14,49,74,31,19,12,22,28,66,33,22,57,4,40,42,50,68,81,73,89,87,73,42,43,19,25,70,12,0,25,20,72,24,21,6,9,65,0,0,5,0,38,0,12,24,26,24,15,4,8,0,4,27,96,0,95,30,4,0,28,50,26,34,19,23,61,31,30,26,15,27,54,77,14,20,24,78,0,76,0,37,19,31,55,7,10,31,84,11,32,20,0,0,64,85,86,42,14,4,25,79,65,78,19,84,0,79,74,19,0,82,32,4,2,70,21,33,1,0,12,7,4,27,17,0,19,26,70,21,21,84,40,8,29,27,31,12,33,25,27,21,7,20,20,0,31,28,23,75,27,22,4,5,36,84,0,5,11,77,8,53,36,0,30,0,31,6,88,89,14,51,80,59,24,23,71,78,19,12,60,70,79,77,21,109,0,9,9,17,105
57,27,54,0,30,26,27,24,30,16,10,34,27,27,10,27,48,36,31,68,56,0,56,27,75,17,58,26,0,24,53,19,24,29,25,23,0,0,21,1,90,24,61,35,75,27,58,77,25,52,26,63,29,60,24,39,76,24,31,27,26,16,24,14,38,28,20,19,35,57,0,34,26,25,27,29,25,69,8,15,27,24,27,33,27,27,30,24,60,2,17,41,10,73,21,41,5,0,25,0,19,0,70,84,21,27,33,24,26,28,15,20,0,14,24,20,27,37,66,22,14,27,17,23,10,24,8,24,27,9,38,20,24,0,19,27,24,27,24,28,27,32,51,66,116,24,29,27,24,16,26,25,33,27,27,68,45,0,25,17,61,33,27,54,15,62,41,22,63,29,22,24,21,0,27,73,0,8,77,37,0,30,0,13,33,65,7,62,15,92,0,0,23,0,10,18,27,0,76,11,86,63,17,20,79,18,85,8,58,37,79,39,19,1,8,0,0,24,46,28,24,15,70,90,0,0,4,25,31,17,73,16,20,0,2,56,70,2,0,30,15,57,24,27,36,21,37,0,83,33,13,18,48,31,0,28,19,62,50,27,21,1,34,61,63,64,46,17,24,9,46,79,76,0,62,23,1,37,35,8,25,11,57,75,77,71,14,15,41,50,49,9,65,0,59,7,66,0,27,28,28,7,0,29,20,65,25,29,13,2,33,42,60,20,15,8,10,24,58,29,18,63,0,26,24,22,76,53,80,78,59,55,25,24,11,21,58,8,0,28,39,53,20,19,30,16,75,0,0,34,8,34,0,26,8,9,17,9,0,3,0,20,24,72,0,79,27,8,41,24,19,24,49,42,9,83,27,26,23,3,24,72,49,8,18,20,59,36,68,0,32,11,30,60,2,5,27,76,1,28,28,6,18,72,79,79,14,15,8,23,59,44,58,15,69,0,70,66,15,0,53,40,20,20,70,23,29,31,0,13,13,2,24,17,0,15,26,68,29,22,56,24,41,23,24,27,39,13,23,25,9,28,27,10,0,27,16,31,46,24,8,0,34,32,60,43,4,13,57,5,44,42,0,27,0,36,6,60,58,23,52,64,83,44,19,72,63,15,35,47,76,51,69,19,70,8,18,19,13,73
18,72,24,62,109,99,112,111,74,12,78,65,113,112,3,112,33,27,104,17,0,64,1,112,53,68,42,108,26,114,11,60,4,78,112,36,25,2,91,2,0,112,31,84,30,112,1,2,13,41,112,58,105,10,110,0,2,111,100,20,111,0,111,87,91,109,60,89,32,21,2,90,110,110,112,108,114,0,45,2,112,112,112,24,112,112,107,113,38,2,77,63,14,58,0,96,2,2,99,3,60,32,57,44,89,113,89,108,91,98,48,57,25,86,107,91,50,36,2,112,0,112,81,109,51,111,46,110,112,80,43,98,112,24,4,112,112,112,112,10,39,106,76,27,24,116,110,112,114,80,112,101,104,112,112,47,79,23,94,74,60,103,112,3,2,2,69,96,0,109,2,113,92,49,112,58,63,10,16,2,22,105,5,2,17,34,2,2,2,40,3,22,111,46,67,15,1,25,54,2,9,22,11,2,48,45,2,4,0,2,20,2,78,29,2,2,9,113,4,1,110,2,35,41,2,14,47,5,107,1,58,53,2,7,1,0,2,36,25,0,2,38,111,80,4,38,0,24,2,63,2,3,8,2,2,2,5,41,7,111,91,2,2,22,7,0,11,59,112,3,22,9,2,2,2,49,0,4,3,2,108,0,3,25,23,32,82,2,2,2,0,0,26,24,46,84,27,17,111,0,8,25,2,2,3,40,110,110,2,1,98,7,2,89,2,2,2,113,2,110,2,12,21,82,56,25,2,0,2,50,8,1,0,52,0,2,2,2,25,1,2,0,2,82,2,0,41,2,2,7,17,105,3,8,58,79,2,10,12,0,2,22,113,21,25,20,112,6,40,113,88,111,5,10,67,9,112,112,101,2,113,3,13,80,57,96,5,27,3,2,106,1,0,21,0,15,112,55,5,2,107,2,1,19,52,50,3,85,2,55,0,3,0,2,6,2,4,13,2,2,0,97,3,2,0,106,110,82,2,61,2,66,112,66,24,2,112,5,98,106,4,1,2,103,114,112,85,74,110,113,2,2,107,13,2,112,59,83,16,111,77,2,2,0,41,34,8,4,1,2,54,68,4,113,2,103,2,13,9,2,5,6,2,34,2,2,0,2,10,71,11,4,0,84,30,0,0,8,2,31
18,74,20,62,111,97,114,109,72,12,78,61,113,114,2,114,31,31,100,17,0,62,2,114,59,66,43,104,24,110,13,61,2,84,109,31,23,0,91,0,5,110,30,81,36,114,3,2,16,38,113,58,106,5,109,0,2,109,96,15,112,3,109,85,87,105,58,87,32,21,0,86,111,107,113,104,111,3,50,0,114,109,114,22,114,114,108,111,40,0,73,59,12,60,0,92,0,0,97,1,56,32,56,50,89,113,85,105,92,96,48,57,23,84,107,89,46,36,4,108,0,114,79,105,51,109,42,109,114,78,39,97,111,22,10,114,111,114,110,16,35,112,76,33,29,110,116,114,110,81,113,102,100,114,114,44,75,21,89,74,56,99,114,3,0,2,66,95,5,115,0,111,98,49,114,59,61,8,16,0,20,101,3,0,20,38,0,2,0,45,1,20,109,44,65,20,1,23,56,0,9,26,11,0,54,45,2,0,0,4,20,0,81,29,0,0,7,111,2,1,108,0,41,46,0,12,47,1,112,0,60,59,0,5,0,3,2,34,23,2,0,37,109,82,9,33,0,22,0,61,0,3,8,0,0,0,6,46,7,112,91,0,0,27,9,2,11,57,111,5,18,7,2,0,0,49,0,0,3,0,104,0,5,30,24,38,80,0,0,2,0,3,27,22,44,83,32,15,113,3,6,27,0,7,3,46,108,116,0,0,94,13,4,85,0,0,0,111,0,116,0,12,19,82,62,25,0,2,2,56,10,1,0,58,0,0,0,0,23,0,0,0,0,79,0,0,42,0,0,5,15,111,1,13,58,78,0,14,10,0,0,21,110,19,23,24,113,4,36,111,88,109,3,6,65,9,114,113,99,0,110,2,15,76,55,96,5,23,6,0,112,0,0,21,0,13,114,57,5,0,103,0,0,15,58,55,3,83,0,56,2,2,0,0,6,0,5,18,0,0,0,97,3,0,2,104,116,78,0,59,2,63,110,62,22,0,109,4,96,104,6,1,0,102,110,114,81,77,108,110,0,0,103,13,0,114,57,83,14,110,77,0,1,0,37,30,8,4,0,5,56,73,2,113,0,104,0,14,10,0,2,4,2,36,0,0,0,0,11,72,9,3,3,80,36,0,2,6,0,37
18,76,22,62,113,99,116,111,74,12,78,63,115,116,2,116,31,29,102,17,0,62,0,116,57,68,41,106,24,112,11,63,2,82,111,33,23,0,91,0,3,112,32,83,34,116,1,0,14,40,115,56,108,7,111,0,0,111,98,17,114,3,111,87,89,107,60,89,30,21,0,88,113,109,115,106,113,3,48,0,116,111,116,22,116,116,110,113,38,0,75,61,12,62,0,94,0,0,99,1,58,32,58,48,89,115,87,107,94,98,48,57,23,86,109,91,48,34,2,110,0,116,81,107,51,111,44,111,116,80,41,97,113,22,8,116,113,116,112,14,37,110,74,31,27,112,114,116,112,79,115,104,102,116,116,46,77,21,91,74,58,101,116,3,0,0,68,97,3,113,0,113,96,49,116,61,61,8,14,0,20,103,3,0,20,36,0,0,0,43,1,20,111,44,67,18,1,23,58,0,7,24,11,0,52,45,0,0,0,2,18,0,79,29,0,0,7,113,2,1,110,0,39,44,0,12,47,3,110,0,62,57,0,5,0,1,0,34,23,2,0,39,111,84,7,35,0,22,0,61,0,3,8,0,0,0,6,44,7,114,91,0,0,25,7,0,11,57,113,5,20,7,0,0,0,47,0,0,3,0,106,0,3,28,22,36,80,0,0,0,0,3,27,22,46,85,30,15,115,1,6,29,0,5,3,44,110,114,0,0,96,11,2,87,0,0,0,113,0,114,0,10,19,80,60,25,0,0,0,54,8,1,0,56,0,0,0,0,23,0,0,0,0,81,0,0,40,0,0,5,15,109,1,11,58,80,0,12,10,0,0,21,112,19,23,22,115,4,38,113,88,111,5,8,65,7,116,115,101,0,112,0,13,76,57,98,5,25,4,0,110,0,0,21,0,13,116,59,5,0,105,0,0,17,56,53,3,85,0,54,0,2,0,0,4,0,3,16,0,0,0,95,1,0,0,106,114,80,0,61,2,65,112,64,22,0,111,2,98,106,6,1,0,104,112,116,83,75,110,112,0,0,105,13,0,116,57,83,16,112,77,0,1,0,39,32,8,4,0,3,58,71,2,115,0,102,0,12,8,0,2,2,0,34,0,0,0,0,9,70,9,3,3,82,34,0,0,6,0,35
18,72,22,62,109,99,112,111,74,14,78,63,113,112,5,112,31,27,102,17,0,66,3,112,53,68,40,106,28,112,11,60,6,78,110,34,27,4,91,4,0,112,31,82,30,112,1,0,13,39,112,56,105,8,110,0,0,111,98,18,111,0,111,87,89,107,60,89,30,21,4,88,110,108,112,106,112,0,45,4,112,110,112,22,112,112,107,115,38,4,79,61,12,58,0,94,4,4,99,5,62,34,57,44,89,113,87,106,91,98,48,57,27,86,107,91,48,34,2,114,0,112,81,107,51,111,44,110,112,82,41,98,112,26,4,112,112,112,112,10,37,106,74,27,24,114,110,112,116,80,112,101,102,112,112,45,77,25,92,76,58,101,112,3,4,0,67,96,0,109,0,115,92,49,112,58,65,12,14,0,24,103,7,4,17,34,4,0,4,40,5,24,111,48,67,15,3,27,54,4,7,22,11,4,48,43,0,2,0,2,18,0,80,29,4,4,11,115,6,3,110,4,35,41,4,16,47,3,107,1,58,53,4,9,3,0,0,38,27,0,4,38,111,80,4,36,0,26,0,61,4,3,8,0,4,4,5,41,7,111,91,4,0,22,7,0,11,57,112,3,20,7,0,4,0,47,0,2,3,4,106,0,3,25,21,32,80,4,0,0,0,0,28,26,44,84,27,19,111,0,10,25,4,2,3,40,112,110,4,1,96,7,2,87,4,4,4,115,4,110,4,10,23,80,56,27,0,0,0,50,8,1,0,52,0,4,4,4,27,3,0,0,4,82,0,0,39,4,4,5,19,105,5,8,58,79,4,10,14,0,4,20,115,19,27,20,112,8,38,115,90,111,5,8,69,7,112,112,101,4,115,1,13,78,57,96,5,25,3,4,106,3,0,21,0,17,112,55,5,0,105,4,3,17,52,50,3,85,4,57,0,3,0,4,4,4,2,13,4,4,0,95,1,0,0,106,110,80,4,61,2,68,112,68,26,4,110,3,98,106,4,1,0,103,116,112,83,74,110,111,4,0,105,13,4,112,57,83,16,111,77,4,0,2,39,32,8,4,1,4,54,68,6,113,4,101,4,11,9,0,3,4,0,36,4,0,0,4,8,69,9,4,0,86,30,2,0,6,4,31
41,43,10,65,76,75,79,82,69,14,80,35,80,79,17,79,34,10,79,37,22,70,24,79,26,43,38,74,36,80,26,29,3,49,79,20,35,12,78,12,22,82,19,53,38,79,26,17,18,34,79,48,76,33,80,21,13,82,69,9,79,2,82,69,65,79,77,64,23,44,12,61,79,75,79,79,79,16,46,11,79,78,79,28,79,79,79,79,47,12,69,45,18,27,3,81,12,12,75,13,46,31,30,28,78,80,61,75,58,82,45,73,35,69,86,97,32,28,25,82,13,79,67,76,59,82,36,80,79,69,14,84,82,34,3,79,82,79,82,12,10,77,52,43,16,80,81,79,80,116,79,72,84,79,79,18,50,33,81,85,46,83,79,25,12,17,35,82,22,80,0,79,96,55,79,27,67,20,36,15,32,77,15,7,27,39,12,23,12,28,8,32,82,56,76,14,16,35,24,12,24,46,15,12,23,34,17,12,22,14,32,10,80,41,12,12,19,79,19,6,80,12,41,28,7,24,55,0,78,12,27,43,12,17,9,26,13,46,35,5,12,43,82,47,10,50,23,34,15,69,12,12,22,7,12,22,16,39,29,79,78,12,5,47,31,25,25,76,82,8,0,22,17,12,19,68,8,27,25,12,80,5,28,38,35,38,79,16,11,19,23,5,40,34,37,90,43,27,79,10,1,15,12,11,11,36,79,81,10,14,69,9,26,86,12,12,12,79,27,81,12,27,31,96,52,24,16,25,17,23,33,23,22,57,11,12,31,12,35,6,5,22,12,84,1,11,17,12,7,6,27,86,13,8,78,82,7,21,22,8,12,19,79,36,35,36,79,16,11,79,90,82,7,0,75,24,79,79,82,12,79,29,29,84,65,77,25,0,31,12,77,10,12,12,8,5,79,24,13,15,74,12,12,20,26,23,26,71,12,62,24,32,23,12,27,12,23,26,12,12,22,83,4,2,24,78,81,52,12,47,7,69,82,52,34,12,79,31,83,77,23,23,5,87,80,79,55,78,82,79,12,5,74,29,12,79,66,78,27,82,80,7,0,6,36,14,16,11,23,4,23,53,14,80,7,83,12,24,33,8,18,30,17,41,12,17,23,12,14,40,23,28,17,76,40,7,9,10,12,38
18,75,23,62,112,99,115,111,75,13,78,64,114,115,3,115,32,28,103,18,0,62,0,115,56,68,40,107,24,112,11,64,2,81,111,33,23,0,91,0,2,112,32,82,33,115,1,1,15,40,116,57,107,8,111,0,1,111,99,18,113,2,111,87,90,108,61,90,31,21,0,89,114,108,114,106,112,2,49,0,115,111,115,23,115,115,109,113,38,0,75,62,12,61,1,95,0,0,99,1,58,32,58,47,89,114,87,107,95,98,49,58,23,86,108,91,49,35,2,110,0,115,81,108,51,111,45,111,115,80,42,97,113,22,7,115,113,115,112,13,38,109,75,30,26,112,113,115,112,79,116,103,103,115,115,47,78,21,92,75,59,102,115,3,0,1,69,97,2,112,1,113,95,49,115,60,61,8,14,1,20,103,3,0,19,35,0,1,0,42,1,20,111,44,67,17,1,23,57,0,8,23,11,0,51,44,1,0,0,3,19,0,80,29,0,0,7,113,2,1,110,0,38,43,0,12,47,4,111,0,61,56,0,5,1,1,1,34,23,3,0,39,111,83,8,36,0,22,1,62,0,4,8,1,0,0,7,43,7,113,91,0,1,26,8,0,11,57,113,4,21,8,1,0,0,47,0,0,3,0,106,0,3,29,23,35,80,0,1,1,0,2,28,22,45,85,29,15,114,1,6,28,0,4,3,43,111,113,0,0,97,10,2,88,0,0,0,113,0,113,0,11,19,81,59,25,1,0,1,53,8,1,0,55,1,0,0,0,23,0,1,0,0,81,1,0,41,0,0,6,15,108,1,10,58,80,0,11,10,0,0,20,112,20,23,23,114,4,39,113,88,111,6,9,65,8,115,116,101,0,112,1,13,76,58,99,6,26,4,0,109,0,0,21,0,13,115,58,5,0,106,0,1,18,55,54,3,85,0,54,0,2,0,0,4,0,2,17,0,0,0,96,2,1,0,107,113,81,0,61,3,66,112,64,22,0,110,3,98,106,5,1,1,104,112,115,84,75,110,113,0,1,106,13,0,115,58,83,16,112,77,0,0,1,40,33,8,5,0,4,57,70,2,114,0,101,0,13,8,0,2,2,1,35,0,1,0,0,10,71,10,3,2,82,33,1,0,6,0,34
21,64,22,68,101,103,104,100,74,12,80,60,104,104,2,104,31,26,95,24,11,62,0,104,45,77,30,102,24,102,15,51,4,70,102,39,23,0,101,0,3,102,34,82,23,104,8,0,17,28,103,56,99,5,99,9,0,103,95,19,104,12,103,93,85,100,54,93,20,21,0,89,102,99,105,100,103,12,37,0,104,99,104,22,104,104,104,101,27,0,75,63,19,50,3,87,0,0,106,1,55,28,48,37,100,104,88,96,82,98,56,60,23,91,99,83,48,36,3,99,10,104,89,99,57,103,50,99,104,68,41,92,101,22,7,104,101,104,102,5,39,98,74,19,25,101,102,104,101,72,103,116,94,104,104,40,78,21,89,67,58,94,104,14,0,0,64,99,10,101,0,101,84,61,104,51,58,8,13,4,20,99,3,0,30,25,0,0,0,36,1,20,101,44,68,18,0,23,48,0,7,17,16,0,40,42,0,0,11,7,12,11,67,40,0,0,7,101,0,0,100,0,27,37,3,12,58,3,98,6,50,50,0,5,4,6,0,34,23,2,0,27,103,72,8,35,11,22,0,63,0,11,19,0,0,0,5,38,19,106,101,0,4,16,7,6,23,55,101,12,20,7,0,0,9,49,11,0,14,0,101,9,14,20,14,24,88,0,0,0,11,15,17,22,35,89,20,15,105,7,2,17,0,7,14,32,100,102,4,7,96,7,8,83,0,0,0,101,0,102,0,15,19,75,48,14,2,12,1,42,11,10,11,50,8,0,0,0,23,0,4,11,0,84,0,7,29,0,0,5,15,97,1,8,69,82,0,9,10,7,0,20,102,14,23,17,105,4,38,101,76,103,8,8,57,7,104,103,101,0,102,0,20,76,60,91,6,27,2,0,98,5,9,33,11,7,104,47,16,4,102,0,0,17,45,41,15,89,0,47,12,5,12,0,3,0,7,10,0,0,11,88,3,0,5,103,102,80,0,67,5,65,102,61,22,0,101,0,97,108,17,13,0,98,101,104,78,71,102,101,0,4,103,16,0,104,56,90,24,102,82,0,1,0,32,33,18,10,11,4,46,64,2,104,0,96,0,0,9,8,1,0,0,32,0,4,7,0,6,58,17,12,9,75,22,0,7,14,0,23
24,62,36,59,99,97,102,102,85,18,74,57,102,102,8,102,45,19,104,28,5,62,11,102,43,63,36,99,24,104,7,51,1,68,102,29,23,0,85,0,11,102,26,78,32,102,7,14,8,32,103,70,96,15,100,5,10,101,96,16,101,1,101,78,91,109,70,89,32,26,0,89,103,100,102,107,104,5,41,0,102,102,102,31,102,102,106,102,30,0,69,73,14,48,6,108,0,0,98,1,49,28,47,44,86,102,85,98,82,97,53,68,23,80,96,98,50,38,12,101,7,102,81,101,55,101,50,100,102,74,43,90,102,22,8,102,102,102,102,9,39,96,76,28,33,104,100,102,102,84,103,94,116,102,102,39,78,21,88,80,72,113,102,8,0,14,60,91,5,99,9,102,92,49,102,48,58,8,25,14,20,104,3,0,14,23,0,14,0,49,1,20,101,44,76,16,5,23,44,0,21,26,14,0,39,43,14,2,5,12,32,6,82,26,0,0,7,102,7,0,100,0,35,48,0,12,48,11,98,0,48,47,0,5,1,5,10,34,23,7,0,29,101,70,3,34,5,22,14,74,0,12,5,14,0,0,7,33,11,101,85,0,14,28,18,6,7,64,102,1,24,21,14,0,7,59,1,7,8,0,106,1,9,36,28,32,78,0,14,14,6,0,28,22,36,76,28,15,101,0,2,19,0,2,4,30,104,100,0,0,98,7,8,91,0,0,0,102,6,100,0,24,19,94,56,21,13,5,14,40,14,8,5,53,10,0,6,0,23,5,14,5,0,76,10,8,36,0,0,15,15,105,1,15,63,78,0,8,10,0,0,28,102,33,23,32,102,4,40,102,88,101,10,14,65,21,102,103,92,0,102,9,10,78,58,89,16,25,13,0,96,0,7,17,1,10,102,45,6,8,101,0,2,21,42,41,8,80,0,65,4,2,5,0,16,0,9,16,0,0,5,107,7,9,6,100,100,82,0,56,9,64,102,55,22,0,105,11,98,96,7,5,14,97,102,102,79,69,100,104,0,14,101,18,0,102,60,92,11,101,75,0,8,11,41,35,11,12,4,3,44,75,2,102,0,103,0,17,13,9,9,9,14,46,0,14,10,0,21,62,18,7,8,76,31,6,2,10,0,33
18,76,22,62,113,99,116,111,74,12,78,63,115,116,2,116,31,29,102,17,0,62,0,116,57,68,41,106,24,112,11,63,2,82,111,33,23,0,91,0,3,112,32,83,34,116,1,0,14,40,115,56,108,7,111,0,0,111,98,17,114,3,111,87,89,107,60,89,30,21,0,88,113,109,115,106,113,3,48,0,116,111,116,22,116,116,110,113,38,0,75,61,12,62,0,94,0,0,99,1,58,32,58,48,89,115,87,107,94,98,48,57,23,86,109,91,48,34,2,110,0,116,81,107,51,111,44,111,116,80,41,97,113,22,8,116,113,116,112,14,37,110,74,31,27,112,114,116,112,79,115,104,102,116,116,46,77,21,91,74,58,101,116,3,0,0,68,97,3,113,0,113,96,49,116,61,61,8,14,0,20,103,3,0,20,36,0,0,0,43,1,20,111,44,67,18,1,23,58,0,7,24,11,0,52,45,0,0,0,2,18,0,79,29,0,0,7,113,2,1,110,0,39,44,0,12,47,3,110,0,62,57,0,5,0,1,0,34,23,2,0,39,111,84,7,35,0,22,0,61,0,3,8,0,0,0,6,44,7,114,91,0,0,25,7,0,11,57,113,5,20,7,0,0,0,47,0,0,3,0,106,0,3,28,22,36,80,0,0,0,0,3,27,22,46,85,30,15,115,1,6,29,0,5,3,44,110,114,0,0,96,11,2,87,0,0,0,113,0,114,0,10,19,80,60,25,0,0,0,54,8,1,0,56,0,0,0,0,23,0,0,0,0,81,0,0,40,0,0,5,15,109,1,11,58,80,0,12,10,0,0,21,112,19,23,22,115,4,38,113,88,111,5,8,65,7,116,115,101,0,112,0,13,76,57,98,5,25,4,0,110,0,0,21,0,13,116,59,5,0,105,0,0,17,56,53,3,85,0,54,0,2,0,0,4,0,3,16,0,0,0,95,1,0,0,106,114,80,0,61,2,65,112,64,22,0,111,2,98,106,6,1,0,104,112,116,83,75,110,112,0,0,105,13,0,116,57,83,16,112,77,0,1,0,39,32,8,4,0,3,58,71,2,115,0,102,0,12,8,0,2,2,0,34,0,0,0,0,9,70,9,3,3,82,34,0,0,6,0,35
18,76,22,62,113,99,116,111,74,12,78,63,115,116,2,116,31,29,102,17,0,62,0,116,57,68,41,106,24,112,11,63,2,82,111,33,23,0,91,0,3,112,32,83,34,116,1,0,14,40,115,56,108,7,111,0,0,111,98,17,114,3,111,87,89,107,60,89,30,21,0,88,113,109,115,106,113,3,48,0,116,111,116,22,116,116,110,113,38,0,75,61,12,62,0,94,0,0,99,1,58,32,58,48,89,115,87,107,94,98,48,57,23,86,109,91,48,34,2,110,0,116,81,107,51,111,44,111,116,80,41,97,113,22,8,116,113,116,112,14,37,110,74,31,27,112,114,116,112,79,115,104,102,116,116,46,77,21,91,74,58,101,116,3,0,0,68,97,3,113,0,113,96,49,116,61,61,8,14,0,20,103,3,0,20,36,0,0,0,43,1,20,111,44,67,18,1,23,58,0,7,24,11,0,52,45,0,0,0,2,18,0,79,29,0,0,7,113,2,1,110,0,39,44,0,12,47,3,110,0,62,57,0,5,0,1,0,34,23,2,0,39,111,84,7,35,0,22,0,61,0,3,8,0,0,0,6,44,7,114,91,0,0,25,7,0,11,57,113,5,20,7,0,0,0,47,0,0,3,0,106,0,3,28,22,36,80,0,0,0,0,3,27,22,46,85,30,15,115,1,6,29,0,5,3,44,110,114,0,0,96,11,2,87,0,0,0,113,0,114,0,10,19,80,60,25,0,0,0,54,8,1,0,56,0,0,0,0,23,0,0,0,0,81,0,0,40,0,0,5,15,109,1,11,58,80,0,12,10,0,0,21,112,19,23,22,115,4,38,113,88,111,5,8,65,7,116,115,101,0,112,0,13,76,57,98,5,25,4,0,110,0,0,21,0,13,116,59,5,0,105,0,0,17,56,53,3,85,0,54,0,2,0,0,4,0,3,16,0,0,0,95,1,0,0,106,114,80,0,61,2,65,112,64,22,0,111,2,98,106,6,1,0,104,112,116,83,75,110,112,0,0,105,13,0,116,57,83,16,112,77,0,1,0,39,32,8,4,0,3,58,71,2,115,0,102,0,12,8,0,2,2,0,34,0,0,0,0,9,70,9,3,3,82,34,0,0,6,0,35
52,49,34,11,43,45,46,46,21,8,17,58,45,46,10,46,26,52,41,62,51,11,53,46,89,42,73,53,1,47,64,41,25,47,49,34,1,7,34,8,48,45,75,55,67,46,54,55,34,77,47,39,43,61,46,40,59,45,47,33,45,7,45,30,53,45,18,39,45,57,1,59,47,47,45,45,47,54,19,5,46,48,46,13,46,46,42,46,73,9,34,44,10,94,12,32,1,7,41,7,40,5,94,81,32,45,53,50,53,36,16,12,7,30,43,24,45,36,49,45,5,46,25,49,1,45,28,46,46,34,48,39,46,1,5,46,46,46,45,24,46,40,52,59,68,47,44,46,45,18,47,40,39,46,46,116,56,7,49,14,41,39,46,50,18,38,61,36,53,43,16,46,26,6,46,93,10,7,65,22,1,43,1,16,23,65,13,38,18,76,1,1,46,1,7,18,23,1,91,17,62,55,8,23,87,24,49,14,53,19,66,25,19,7,13,5,1,46,39,33,45,18,71,77,5,7,8,22,42,23,94,22,23,1,4,52,67,1,1,7,18,74,45,49,53,33,34,1,49,29,16,4,53,21,6,31,27,76,54,45,34,7,20,67,50,57,58,16,46,3,39,54,52,6,40,14,7,43,36,4,44,6,50,65,72,68,26,18,19,20,46,13,64,1,83,28,59,7,46,34,34,18,6,22,29,76,46,44,17,8,45,42,49,28,18,21,25,46,47,44,23,43,1,21,22,33,50,46,61,86,51,52,19,18,5,24,47,20,1,23,20,50,23,41,16,1,87,7,4,19,1,39,7,9,9,19,20,2,7,12,7,5,45,56,1,62,45,7,45,46,21,45,49,40,11,47,46,47,39,15,45,58,58,23,20,51,49,41,52,7,40,17,10,74,8,9,46,91,2,25,49,3,12,84,89,87,8,26,7,4,53,49,53,18,57,4,58,68,18,6,49,33,14,15,43,45,44,50,3,34,12,22,45,31,1,18,47,56,35,43,50,20,19,39,45,46,63,17,46,49,12,15,47,15,6,46,33,27,61,46,19,3,18,18,81,41,9,9,53,5,65,37,1,45,3,39,2,59,50,9,47,57,59,8,22,58,52,18,17,61,50,50,48,36,66,8,9,10,16,67
9,57,60,42,74,87,77,77,63,31,53,75,77,77,9,77,69,25,82,15,4,45,15,77,33,66,22,87,10,80,14,49,0,62,80,46,9,6,70,6,29,78,23,95,17,77,7,38,11,23,78,94,75,13,77,14,38,78,92,38,79,13,78,64,95,85,56,79,28,10,0,105,80,76,78,85,80,12,26,8,77,79,77,48,77,77,81,77,17,6,53,70,14,37,24,72,0,6,82,7,45,14,37,28,69,77,103,76,69,78,40,57,21,64,72,62,71,71,11,77,7,77,67,78,31,78,50,77,77,58,73,69,77,8,12,77,77,77,78,0,62,72,110,9,45,79,75,77,77,50,78,78,78,77,77,56,116,19,85,47,96,80,77,0,0,38,89,72,5,75,27,77,57,32,77,38,41,22,24,25,8,88,1,0,30,18,0,37,0,33,1,8,78,30,50,27,0,9,34,0,45,9,22,0,36,48,32,13,4,6,28,18,47,24,0,4,2,77,0,0,78,0,14,33,3,10,37,33,73,3,37,32,0,0,3,0,30,20,9,12,0,19,78,64,8,61,5,8,32,78,0,12,4,30,5,0,7,23,4,78,70,5,26,16,6,9,8,33,77,2,58,42,38,5,23,51,5,11,0,11,85,13,0,23,29,15,62,0,37,32,3,8,10,8,27,59,11,13,77,0,0,16,5,7,2,19,80,75,0,6,96,4,10,73,0,4,6,77,5,75,0,23,5,60,31,9,27,5,23,32,0,5,3,31,8,0,5,3,9,5,23,4,0,77,34,8,43,6,3,43,17,70,7,19,46,55,0,0,8,12,6,29,78,23,9,20,78,18,76,77,53,78,29,42,38,39,77,78,73,3,78,32,7,57,71,84,9,58,15,6,72,1,10,24,7,7,77,34,0,25,85,2,24,47,33,35,1,64,14,39,5,1,5,0,13,3,15,24,0,5,3,73,23,26,24,79,75,94,2,56,16,51,78,42,8,0,81,14,77,78,0,6,38,72,77,77,103,45,78,81,0,25,84,29,5,77,46,70,11,77,55,2,37,6,33,71,12,19,4,3,40,60,0,77,2,77,0,11,0,14,9,8,38,41,0,18,9,0,31,48,32,0,16,53,12,11,15,27,0,15
0,13,6,20,21,21,21,21,21,43,21,14,22,21,42,21,10,58,21,0,0,75,39,21,0,23,0,21,103,21,0,9,78,9,21,66,104,95,21,95,12,21,0,21,0,21,0,6,26,0,21,15,23,16,21,6,6,21,21,41,21,3,21,21,29,21,27,21,7,0,86,27,21,17,21,21,21,0,13,51,21,21,21,20,21,21,21,24,0,94,62,4,0,0,7,21,89,93,21,96,62,100,0,0,21,22,27,17,42,21,4,21,114,21,28,21,16,42,0,27,18,21,21,18,12,21,24,21,21,33,6,22,21,105,12,21,21,21,21,68,6,21,19,0,0,23,21,21,25,33,21,21,21,21,21,7,19,116,33,25,15,21,21,0,88,6,10,21,4,21,7,24,21,17,21,0,76,103,0,13,105,21,90,84,3,11,89,29,88,0,85,105,21,93,21,15,55,104,0,89,6,27,0,88,0,4,0,62,0,1,0,14,35,4,89,93,89,24,62,65,21,88,0,0,64,107,20,7,21,61,0,10,88,89,22,8,6,83,104,50,88,0,21,9,13,51,0,105,9,13,89,2,0,33,94,70,47,0,0,21,21,94,7,15,0,0,0,10,21,8,7,3,6,62,0,15,5,51,0,92,21,5,0,0,5,0,20,84,21,0,0,7,7,105,0,21,0,110,21,35,63,40,94,63,1,0,23,21,78,13,21,25,0,21,88,93,94,24,40,21,88,0,100,22,5,59,0,0,0,0,0,0,0,13,4,87,36,92,104,79,4,0,88,39,7,0,0,87,53,7,96,21,96,6,21,21,83,21,103,6,95,4,24,0,104,0,21,99,6,24,27,21,6,7,71,0,21,21,21,92,24,29,0,58,13,33,0,8,5,93,21,63,4,0,6,30,21,0,0,6,21,63,32,6,0,0,0,21,95,24,0,26,0,88,0,92,1,11,88,94,0,21,4,6,0,21,21,27,91,20,7,33,21,73,105,88,21,16,22,21,1,0,7,21,25,21,21,22,21,21,89,6,21,5,63,21,17,21,0,21,21,72,6,64,0,33,5,6,1,20,7,9,89,22,86,21,89,13,1,0,52,24,6,38,89,13,0,88,6,18,0,3,0,55,0,40,3,11,89,0
11,55,30,54,88,91,91,91,71,15,65,68,92,91,15,91,42,21,90,13,3,74,9,91,34,65,26,95,36,93,16,45,3,57,94,48,35,12,79,12,15,91,23,86,15,91,6,13,12,27,92,64,88,26,89,2,13,91,93,37,91,5,91,75,96,94,57,85,19,12,12,96,92,89,91,94,93,7,44,7,91,91,91,41,91,91,91,91,22,12,82,66,18,39,3,81,12,12,89,13,59,31,39,26,79,92,94,90,71,86,42,61,35,75,98,76,67,53,3,94,3,91,73,91,42,91,50,89,91,67,49,82,91,34,4,91,91,91,91,5,43,85,81,11,25,94,89,91,92,81,92,89,88,91,91,49,85,33,116,67,66,88,91,0,12,13,70,84,3,88,10,91,74,44,91,39,67,20,19,11,32,96,15,7,14,23,12,19,12,25,8,32,91,56,60,22,11,35,36,12,20,23,11,12,31,44,13,20,3,1,22,8,64,24,12,12,19,91,12,6,89,12,19,26,3,24,50,16,87,11,39,40,12,17,8,1,13,46,35,8,12,22,91,59,5,60,3,34,13,70,12,3,5,13,12,12,7,27,4,91,79,12,11,17,3,5,8,47,91,5,30,20,13,12,10,55,0,20,0,12,93,2,0,16,31,16,77,12,19,13,3,0,12,34,31,74,11,27,91,0,1,12,12,8,3,24,92,89,6,6,94,9,7,84,12,12,12,91,14,89,12,21,31,74,40,14,11,3,13,31,3,4,3,35,1,12,14,12,35,6,11,3,12,90,10,2,37,12,7,18,27,84,13,4,59,70,7,13,22,2,12,24,91,16,35,14,91,16,46,91,69,91,8,18,65,20,91,92,84,12,91,25,10,86,61,94,5,32,14,12,85,6,0,21,0,6,91,36,2,10,93,12,17,30,34,32,0,75,12,48,3,14,3,12,10,12,11,17,12,12,3,82,11,10,9,92,89,87,12,55,4,78,91,65,34,12,93,25,87,91,1,4,13,86,92,91,86,62,91,94,12,11,95,16,12,91,67,73,13,91,67,7,12,2,33,44,8,5,4,1,35,51,14,92,7,89,12,10,3,10,19,15,13,30,12,13,3,12,16,51,20,3,8,84,14,8,2,12,12,15
33,41,20,71,77,67,74,74,67,27,86,32,74,74,27,74,55,7,74,29,13,58,9,74,25,34,29,70,28,75,6,36,5,48,72,19,27,8,71,8,8,75,11,49,29,74,16,13,8,32,75,56,76,18,72,14,2,74,65,5,75,18,74,60,56,74,66,57,39,35,8,57,74,79,75,72,75,12,50,29,74,72,74,34,74,74,73,76,28,8,56,46,33,24,19,82,8,8,66,9,38,32,23,30,70,74,56,77,54,73,59,58,27,59,71,79,26,16,12,78,22,74,57,72,74,74,43,72,74,78,15,75,74,26,15,74,74,74,75,15,12,78,46,39,17,74,74,74,76,85,75,67,80,74,74,14,47,25,67,116,56,80,74,17,8,9,36,72,14,75,16,76,79,61,74,25,55,12,26,16,24,70,11,12,19,25,12,14,8,29,12,24,75,48,80,18,27,27,26,8,20,35,26,8,25,53,13,6,13,30,28,18,91,31,12,12,15,76,18,12,73,8,32,30,16,24,59,14,78,5,24,54,8,13,27,13,4,46,27,1,8,26,74,48,21,26,20,26,13,78,8,30,12,17,8,8,11,25,14,74,71,8,22,41,20,12,10,75,74,21,1,22,13,18,18,62,20,14,21,12,74,18,16,30,22,30,64,12,26,15,19,20,38,26,23,70,35,19,73,8,7,29,8,6,19,27,76,74,7,24,65,23,15,71,8,8,12,76,15,74,8,16,31,79,68,33,15,17,9,26,19,13,12,61,32,8,19,8,27,4,28,13,8,65,22,24,18,8,21,26,19,79,9,19,60,85,8,26,22,21,8,35,77,36,27,28,75,16,13,76,86,74,17,17,70,17,74,75,74,12,77,14,9,70,47,66,18,1,14,8,78,9,31,7,19,22,74,27,25,10,69,8,18,8,26,27,23,62,12,82,12,9,15,8,16,8,14,13,8,8,18,82,16,18,17,71,74,47,8,38,19,67,75,43,26,8,73,16,73,69,17,11,24,78,76,74,49,78,74,74,12,23,69,17,18,74,54,70,10,73,86,19,19,21,24,8,26,27,13,21,29,55,10,74,11,76,8,22,21,29,18,21,9,54,8,12,14,8,27,49,23,19,17,63,32,15,17,28,8,31
16,45,80,34,61,67,58,59,68,32,43,67,58,58,17,58,85,19,72,24,12,34,23,58,20,50,15,67,6,60,7,41,0,49,61,45,5,6,56,6,45,58,15,77,20,58,20,56,9,18,59,114,61,23,58,21,47,58,76,37,59,17,58,51,81,67,64,61,27,15,0,85,61,64,58,67,60,21,20,12,58,60,58,56,58,58,63,58,8,6,38,72,15,22,31,80,0,6,64,7,35,10,22,29,57,58,83,65,50,65,41,60,17,53,53,54,63,60,22,58,18,58,56,58,33,58,37,58,58,44,65,56,58,4,14,58,58,58,58,0,52,59,96,19,61,60,56,58,58,46,59,58,72,58,58,41,96,15,66,56,116,72,58,8,0,54,76,58,12,56,35,58,48,24,58,22,34,18,29,45,4,70,1,1,27,13,4,57,0,37,1,4,58,26,47,24,8,5,25,0,65,15,26,0,27,45,52,15,12,17,40,30,57,20,4,8,2,58,8,2,58,0,15,35,7,14,32,40,60,7,22,24,0,0,5,8,41,26,5,20,0,9,58,51,7,52,16,4,52,75,0,22,4,46,5,0,17,7,4,58,56,5,40,22,15,18,0,42,58,6,61,62,58,5,34,64,6,19,12,15,65,17,9,26,32,16,49,0,57,50,16,7,16,4,12,45,16,9,58,0,0,12,5,7,1,10,62,56,0,8,78,0,18,61,0,4,10,58,14,56,0,37,9,62,32,11,46,16,39,23,9,13,9,37,20,0,14,3,5,8,43,12,0,63,47,17,38,6,3,56,13,61,7,24,44,45,0,0,12,11,6,35,58,37,5,32,58,22,68,58,51,58,29,41,32,56,58,59,58,7,58,43,1,44,60,64,20,51,24,6,59,0,22,16,8,4,58,25,1,31,67,8,27,47,24,26,12,51,18,53,11,0,12,0,22,3,22,27,0,5,15,75,28,32,36,61,56,80,2,43,22,36,58,30,4,0,63,25,66,58,7,8,54,58,58,58,89,36,58,62,4,39,66,29,5,58,43,68,2,58,45,6,49,23,19,64,15,22,11,5,32,62,0,58,2,67,0,24,8,30,16,16,54,53,0,30,18,0,44,43,47,7,32,38,15,16,21,33,0,18
25,61,36,58,98,98,101,101,84,19,73,58,101,101,8,101,45,21,105,28,5,61,10,101,44,63,35,100,24,103,7,52,2,67,102,30,23,0,84,0,11,101,25,77,32,101,6,14,8,33,102,70,96,14,99,5,10,101,96,16,100,0,101,77,92,110,69,89,32,25,0,90,104,99,101,108,103,4,41,0,101,101,101,31,101,101,106,101,28,0,69,74,15,47,8,107,0,0,99,1,49,28,47,47,85,101,87,97,81,97,53,69,23,79,96,97,51,37,13,100,7,101,80,101,55,101,51,99,101,73,44,89,101,22,9,101,101,101,101,8,41,97,78,28,33,103,99,101,101,83,102,94,113,101,101,39,80,21,88,80,72,116,101,9,0,14,61,90,7,100,9,101,91,48,101,47,57,8,26,15,20,105,3,0,13,23,0,14,0,49,1,20,100,44,75,19,6,23,44,0,21,26,13,0,39,42,14,2,5,13,32,6,80,27,0,0,7,101,7,1,99,0,34,51,1,12,47,11,97,0,47,46,0,5,2,6,10,34,23,7,0,27,101,69,4,32,7,22,14,74,0,11,4,14,0,0,7,32,10,101,84,0,14,27,18,7,6,63,101,2,24,21,14,0,6,59,2,7,9,0,106,1,10,36,28,32,78,0,14,14,7,0,29,22,37,75,27,15,101,1,1,19,0,0,3,29,105,99,0,1,100,7,7,90,0,0,0,101,5,99,0,22,19,92,57,21,14,5,13,41,13,7,6,52,11,0,5,0,23,6,14,5,0,75,11,7,34,0,0,15,15,104,1,15,62,77,0,8,10,2,0,26,101,33,23,32,101,4,42,101,88,101,12,17,65,21,101,102,90,0,101,8,9,77,58,90,17,27,13,0,97,0,8,16,1,10,101,44,7,8,102,0,1,21,43,42,9,79,0,65,4,1,5,0,16,0,8,16,0,0,6,108,7,9,5,100,99,83,0,55,9,64,101,56,22,0,106,10,98,96,8,5,14,95,101,101,79,68,100,105,0,15,101,18,0,101,59,92,10,101,75,0,8,13,40,35,10,11,4,3,45,76,2,101,0,104,0,16,13,8,10,10,14,46,0,13,11,0,21,62,17,8,8,76,31,6,3,9,0,32
18,76,22,62,113,99,116,111,74,12,78,63,115,116,2,116,31,29,102,17,0,62,0,116,57,68,41,106,24,112,11,63,2,82,111,33,23,0,91,0,3,112,32,83,34,116,1,0,14,40,115,56,108,7,111,0,0,111,98,17,114,3,111,87,89,107,60,89,30,21,0,88,113,109,115,106,113,3,48,0,116,111,116,22,116,116,110,113,38,0,75,61,12,62,0,94,0,0,99,1,58,32,58,48,89,115,87,107,94,98,48,57,23,86,109,91,48,34,2,110,0,116,81,107,51,111,44,111,116,80,41,97,113,22,8,116,113,116,112,14,37,110,74,31,27,112,114,116,112,79,115,104,102,116,116,46,77,21,91,74,58,101,116,3,0,0,68,97,3,113,0,113,96,49,116,61,61,8,14,0,20,103,3,0,20,36,0,0,0,43,1,20,111,44,67,18,1,23,58,0,7,24,11,0,52,45,0,0,0,2,18,0,79,29,0,0,7,113,2,1,110,0,39,44,0,12,47,3,110,0,62,57,0,5,0,1,0,34,23,2,0,39,111,84,7,35,0,22,0,61,0,3,8,0,0,0,6,44,7,114,91,0,0,25,7,0,11,57,113,5,20,7,0,0,0,47,0,0,3,0,106,0,3,28,22,36,80,0,0,0,0,3,27,22,46,85,30,15,115,1,6,29,0,5,3,44,110,114,0,0,96,11,2,87,0,0,0,113,0,114,0,10,19,80,60,25,0,0,0,54,8,1,0,56,0,0,0,0,23,0,0,0,0,81,0,0,40,0,0,5,15,109,1,11,58,80,0,12,10,0,0,21,112,19,23,22,115,4,38,113,88,111,5,8,65,7,116,115,101,0,112,0,13,76,57,98,5,25,4,0,110,0,0,21,0,13,116,59,5,0,105,0,0,17,56,53,3,85,0,54,0,2,0,0,4,0,3,16,0,0,0,95,1,0,0,106,114,80,0,61,2,65,112,64,22,0,111,2,98,106,6,1,0,104,112,116,83,75,110,112,0,0,105,13,0,116,57,83,16,112,77,0,1,0,39,32,8,4,0,3,58,71,2,115,0,102,0,12,8,0,2,2,0,34,0,0,0,0,9,70,9,3,3,82,34,0,0,6,0,35
93,3,8,35,6,10,3,8,33,2,23,1,3,3,7,3,10,27,4,93,110,0,62,3,58,26,69,3,0,4,97,1,36,3,5,6,0,0,25,1,62,6,87,1,77,3,101,66,49,71,3,8,6,81,6,83,54,7,4,4,3,14,7,31,1,4,38,8,21,91,0,0,3,3,3,5,3,98,2,11,3,4,3,1,3,3,5,3,79,2,3,7,29,57,20,11,5,0,15,0,5,0,61,67,30,3,3,5,3,13,18,40,0,32,3,24,1,2,93,3,41,3,34,5,44,7,8,6,3,3,1,19,6,0,1,3,6,3,6,27,15,7,1,81,54,3,3,3,3,25,3,14,8,3,3,50,0,0,0,17,8,9,3,116,23,47,0,22,101,4,4,3,20,40,3,57,0,0,84,35,0,5,0,21,40,67,15,37,23,65,0,0,7,0,33,2,35,0,61,19,57,65,28,28,61,9,70,0,112,46,71,55,13,55,16,0,0,3,51,35,6,23,77,66,9,0,38,1,6,46,57,3,28,0,10,104,64,0,0,12,23,80,7,3,59,10,89,0,63,15,21,35,109,26,0,46,43,72,111,4,25,1,17,75,103,104,107,39,6,18,1,54,61,0,81,41,39,48,97,0,5,19,113,77,69,79,30,27,10,39,103,32,83,0,70,34,79,0,4,65,34,0,0,30,65,73,4,3,31,24,4,44,95,17,23,16,18,3,69,3,26,53,0,22,11,24,76,101,83,63,108,106,73,18,34,29,73,16,0,30,22,107,28,16,4,33,47,0,0,3,0,7,0,1,55,22,28,5,0,33,0,6,3,78,0,78,3,0,1,3,24,7,49,20,4,54,3,3,17,11,3,55,104,3,38,3,99,3,88,0,7,28,56,89,38,1,3,60,42,46,6,0,0,62,60,61,66,33,0,8,109,86,110,23,96,0,94,63,23,0,109,11,5,6,81,11,3,1,0,33,22,0,6,3,0,23,4,78,13,12,112,70,10,15,3,3,1,17,8,3,17,13,7,42,0,3,18,27,102,7,22,0,4,32,71,0,25,17,111,7,21,11,0,3,0,7,6,70,107,31,52,79,68,11,27,81,106,23,5,29,70,111,84,3,82,1,28,20,21,78
26,2,0,0,0,0,0,0,0,27,0,4,1,0,35,0,0,69,0,23,21,54,50,0,23,0,19,0,92,0,23,0,101,0,0,45,93,93,0,92,27,0,23,0,23,0,19,5,23,17,0,0,2,35,0,13,9,0,0,36,0,0,0,0,2,0,0,0,1,18,88,0,0,0,0,0,0,23,8,62,0,0,0,15,0,0,0,3,23,95,41,0,5,23,0,0,98,89,0,93,44,78,23,23,0,1,0,0,15,0,0,0,87,0,7,0,6,27,18,6,18,0,0,0,5,0,0,0,0,5,0,1,0,93,9,0,0,0,0,89,0,0,0,19,15,2,0,0,4,12,0,0,0,0,0,18,0,88,12,8,0,0,0,23,116,2,0,0,27,0,0,3,0,0,0,23,55,93,23,8,93,0,93,109,1,34,108,28,116,23,88,93,0,72,0,8,76,93,23,112,5,50,0,111,23,5,11,61,23,6,19,16,18,0,109,93,93,3,85,83,0,116,23,23,63,93,0,0,0,78,23,5,111,93,22,31,17,76,93,56,116,23,0,0,22,32,13,93,20,0,114,0,21,27,93,93,53,23,23,0,0,94,0,26,23,23,23,0,0,5,0,5,2,59,4,2,0,65,9,93,0,0,23,23,28,23,0,112,14,8,14,0,30,93,23,0,18,93,0,53,81,29,93,83,18,23,2,0,104,6,0,46,18,0,116,109,101,3,63,0,109,7,93,1,0,74,9,16,23,23,23,19,7,10,6,110,59,109,93,102,5,18,111,12,0,0,20,85,54,0,93,0,93,0,0,0,111,20,93,0,93,7,3,19,93,23,0,93,0,3,6,0,7,0,50,13,0,0,0,104,3,32,23,37,0,6,20,1,28,91,0,78,10,21,0,29,0,23,0,0,0,63,25,17,23,23,0,0,93,6,23,49,23,116,23,93,24,22,116,93,19,0,0,0,8,0,0,0,93,0,0,22,0,52,93,116,0,39,1,0,24,5,0,0,4,0,2,0,0,0,110,0,0,3,60,0,11,0,23,0,0,74,5,81,23,20,5,0,24,20,1,0,93,1,88,0,99,30,24,0,75,47,9,24,110,36,23,116,3,22,6,24,16,34,23,33,0,8,114,23
36,22,71,7,3,9,0,1,24,29,0,39,0,0,34,0,70,15,14,49,49,0,52,0,21,18,38,9,0,2,48,18,10,23,3,23,0,13,0,16,74,0,26,24,47,0,57,93,44,37,1,56,3,55,0,48,81,0,18,40,1,35,0,7,25,9,46,10,42,38,12,27,3,2,0,9,2,60,21,9,0,2,0,51,0,0,5,0,35,15,0,42,31,19,49,22,7,17,6,13,8,0,19,30,1,0,25,3,7,7,26,44,6,9,0,22,45,39,61,0,31,0,12,3,14,0,18,0,0,6,54,0,0,0,37,0,0,0,0,6,49,5,42,42,62,2,2,0,0,17,1,0,14,0,0,38,38,6,13,9,54,14,0,47,2,116,46,0,53,2,56,0,20,7,0,19,0,14,56,78,0,12,7,1,58,35,1,79,2,38,7,0,0,0,16,37,12,0,22,1,88,31,47,5,28,18,89,34,51,39,63,68,15,42,1,4,7,0,21,19,0,2,42,36,11,6,11,59,6,15,19,18,5,7,26,49,75,2,0,33,2,32,0,21,21,42,39,0,80,32,0,47,41,66,12,19,24,34,43,0,0,13,56,49,56,59,39,23,0,27,67,88,95,17,67,48,34,43,50,14,7,35,50,53,54,43,21,2,70,90,51,23,41,0,35,13,43,6,0,26,17,15,12,19,13,37,4,2,0,29,20,14,59,29,2,5,11,0,41,2,5,80,0,34,26,4,81,53,80,24,50,50,62,26,30,5,41,4,0,13,62,51,5,10,60,45,44,13,15,59,8,7,13,47,28,0,7,23,6,39,13,35,0,58,0,59,0,14,57,0,21,0,38,66,0,70,0,1,0,3,0,72,42,3,42,11,59,56,60,15,5,5,25,29,36,24,0,22,29,65,9,29,47,70,25,27,48,7,17,22,52,34,51,2,63,10,63,56,2,12,50,21,48,53,73,3,2,29,9,15,50,5,0,0,0,2,5,61,8,0,46,63,75,0,0,0,31,2,0,4,0,57,8,54,16,0,23,12,39,0,2,5,57,23,42,43,24,40,50,28,30,36,7,0,9,13,8,54,49,47,29,50,95,38,4,62,57,2,57,14,66,46,67,0,42,33,51,27,0,45
9,84,64,29,67,67,68,66,44,15,39,101,67,68,21,68,77,27,62,14,3,30,10,68,43,51,27,76,2,69,13,71,2,89,71,39,2,13,56,15,21,67,23,77,20,68,8,30,35,29,69,74,65,14,68,9,32,67,72,51,66,23,67,52,77,67,40,60,42,10,12,84,69,69,67,67,69,7,49,8,68,70,68,53,68,68,63,68,23,13,40,88,29,44,33,56,7,17,63,14,40,8,44,34,52,67,78,70,62,58,57,34,11,51,62,46,88,48,6,65,8,68,46,69,20,67,31,68,68,47,89,57,68,1,28,68,68,68,67,3,75,64,86,15,41,69,66,68,67,35,69,64,60,68,68,61,89,10,70,36,76,61,68,0,0,46,116,56,4,65,37,68,48,14,68,43,29,15,19,30,1,68,8,0,40,20,0,30,0,29,8,1,66,18,28,46,1,2,43,0,37,9,39,0,36,41,24,29,3,15,22,28,41,42,0,4,9,68,0,1,67,0,23,30,6,7,20,43,66,3,44,59,0,7,21,1,22,15,2,16,0,24,67,91,10,49,4,1,24,59,0,18,5,34,12,0,13,26,2,67,56,12,36,17,1,8,6,24,68,22,68,34,30,17,18,37,23,11,0,14,64,23,0,16,30,20,48,0,42,34,3,24,16,1,34,48,14,6,68,1,5,31,12,3,1,28,68,66,0,24,70,5,5,53,0,4,6,68,2,66,0,39,2,41,55,13,22,3,15,38,1,4,19,56,13,0,2,3,2,1,25,3,0,60,41,20,44,13,10,49,10,61,14,31,29,39,0,22,8,29,13,37,67,15,2,14,67,15,86,68,45,67,23,51,27,31,68,69,61,3,67,29,6,42,50,70,4,69,10,15,64,0,8,22,24,30,68,43,18,31,73,20,38,37,42,39,9,46,17,20,3,4,3,0,8,10,10,27,0,12,3,57,32,36,19,66,66,76,9,41,32,38,67,35,1,0,69,11,58,67,0,22,46,59,67,68,90,34,66,72,0,33,72,44,16,68,39,49,9,68,41,5,38,2,29,50,29,24,3,23,62,78,7,67,9,66,7,12,0,19,8,8,30,23,0,11,4,0,44,52,28,0,9,40,18,19,33,28,0,19
37,57,22,71,94,99,97,100,88,12,89,51,96,97,0,97,31,22,96,24,19,56,0,97,38,70,25,92,24,97,29,45,2,63,99,33,23,0,102,0,0,99,51,76,19,97,20,0,21,29,97,56,91,12,98,12,0,100,91,19,96,7,100,94,81,96,63,89,19,34,0,81,97,92,96,97,96,7,33,4,97,96,97,22,97,97,97,97,35,0,72,57,28,43,9,88,0,0,99,1,52,29,47,34,108,96,85,95,76,106,50,66,23,94,91,81,41,35,14,96,17,97,96,95,66,100,40,98,97,66,34,100,100,22,1,97,100,97,99,5,37,91,70,26,22,96,95,97,96,82,97,99,91,97,97,36,72,21,84,72,58,90,97,22,0,0,56,116,15,94,0,97,77,68,97,42,56,8,23,0,20,97,3,0,27,23,0,0,0,31,1,20,100,44,82,6,1,23,41,0,7,18,26,0,38,33,0,0,19,14,13,16,70,48,0,0,7,97,2,1,97,0,20,31,8,12,66,3,92,13,43,41,0,5,2,19,0,34,23,0,0,40,100,65,18,33,18,22,0,67,0,11,27,2,0,0,11,29,26,97,102,0,0,23,21,18,30,68,100,8,20,7,0,0,10,58,19,0,22,0,98,10,22,19,14,21,78,4,0,2,19,16,24,22,30,94,25,15,98,20,0,16,0,5,22,25,96,95,10,14,91,3,15,83,0,0,0,97,0,95,0,9,19,77,41,19,6,19,1,39,27,18,19,49,14,0,4,0,23,0,0,19,0,94,0,11,32,0,0,5,15,90,1,4,77,99,0,8,10,18,0,19,96,20,23,16,96,4,33,97,73,100,16,3,61,7,97,97,106,0,96,0,32,70,70,83,16,22,11,0,91,9,17,40,19,3,97,40,24,5,96,0,0,17,38,37,22,104,0,51,19,15,19,0,16,0,10,5,0,0,19,86,5,2,12,103,95,72,0,80,11,58,99,60,22,0,96,2,105,101,19,20,0,109,96,97,71,84,101,97,0,0,95,27,0,97,46,95,35,101,84,0,0,0,29,32,21,12,19,7,39,56,2,96,0,89,0,6,25,8,2,6,0,34,0,0,14,0,8,56,14,20,4,76,23,0,17,15,0,19
84,3,12,22,6,6,3,1,33,5,12,4,3,3,12,3,12,34,1,83,101,4,68,3,60,20,67,2,4,1,99,3,40,5,0,6,4,4,12,5,71,1,80,5,81,3,102,72,41,67,2,14,7,85,0,75,60,1,1,12,4,10,1,21,4,1,40,4,20,83,4,5,3,2,4,1,2,97,6,15,3,0,3,4,3,3,3,0,74,6,4,11,26,57,15,9,9,4,5,4,6,4,54,71,15,3,7,1,2,9,4,40,4,20,3,18,4,6,96,0,36,3,22,2,34,1,4,0,3,0,4,7,0,4,12,3,0,3,1,32,18,9,6,84,63,0,5,3,0,22,2,10,5,3,3,53,5,4,3,14,12,7,3,101,27,53,4,15,116,6,1,0,23,27,3,58,4,4,91,33,4,1,4,25,33,69,19,43,27,68,4,4,2,4,28,7,40,4,60,23,63,68,20,32,63,6,76,7,103,45,77,50,13,40,20,4,4,0,54,39,1,27,80,69,13,4,29,4,7,50,57,7,32,4,3,108,70,4,4,18,27,74,1,3,65,13,86,4,67,17,25,25,94,28,4,50,46,75,98,4,12,5,15,77,99,107,94,34,0,14,4,56,67,4,76,46,27,56,82,4,1,11,104,80,76,82,17,31,12,45,96,28,80,4,69,23,83,4,3,67,38,3,4,40,53,75,1,5,34,14,1,51,96,14,27,20,22,0,74,5,30,53,4,20,14,21,78,100,87,65,103,97,64,18,23,33,78,20,4,34,20,98,32,10,3,21,52,4,4,5,4,10,4,7,46,15,32,12,4,29,4,1,1,74,4,80,4,4,4,0,22,1,47,20,1,60,3,2,10,15,1,61,95,4,39,4,93,3,92,4,9,32,44,82,26,4,3,60,27,41,3,4,0,65,63,62,55,27,4,11,106,87,105,27,99,4,98,69,27,4,100,11,7,3,84,4,5,4,4,27,19,0,1,4,4,27,2,86,7,4,104,63,12,9,0,3,3,12,2,1,21,11,0,39,4,3,14,14,94,0,11,4,5,37,67,5,13,8,103,13,21,14,4,3,4,10,10,76,104,26,59,87,74,13,31,78,101,27,12,28,64,97,87,0,85,4,26,10,25,81
19,73,20,61,110,96,113,108,71,13,77,60,112,113,2,113,31,32,99,16,0,61,2,113,60,65,44,103,24,109,12,62,3,83,108,31,23,0,90,0,5,109,29,81,36,113,2,2,16,39,112,58,105,4,108,0,2,108,96,15,111,3,108,84,86,104,57,86,32,20,0,85,110,106,112,103,110,3,49,0,113,108,113,22,113,113,107,110,39,0,72,58,13,59,1,91,0,0,96,1,55,32,55,51,88,112,85,104,91,95,47,57,23,83,106,88,45,36,4,107,0,113,78,104,52,108,41,108,113,77,38,96,110,22,11,113,110,113,109,16,35,113,76,34,29,109,115,113,109,80,112,101,99,113,113,43,75,21,88,75,56,100,113,4,0,2,65,94,6,116,0,110,97,48,113,58,60,8,16,1,20,100,3,0,20,38,0,2,0,45,1,20,108,44,64,21,2,23,55,0,9,26,10,0,54,46,2,0,0,5,20,0,80,30,0,0,7,110,2,2,107,0,40,47,1,12,46,1,111,0,59,58,0,5,1,4,2,34,23,2,0,36,108,81,10,32,1,22,0,60,0,3,7,0,0,0,6,45,6,111,90,0,0,27,9,2,10,56,110,6,18,7,2,0,0,48,1,0,4,0,103,0,6,30,24,38,79,0,0,2,1,3,28,22,43,82,32,15,112,4,6,27,0,7,2,45,107,115,0,1,94,14,4,84,0,0,0,110,0,115,0,11,19,81,63,25,0,2,2,57,9,0,1,57,1,0,0,0,23,0,0,0,0,78,1,0,42,0,0,5,15,110,1,13,57,77,0,15,10,1,0,21,109,19,23,24,112,4,36,110,89,108,4,7,66,9,113,112,98,0,109,2,14,75,54,95,5,23,6,0,113,0,1,20,0,14,113,56,6,0,102,0,0,15,57,56,4,82,0,56,2,1,0,0,6,0,5,18,0,0,1,96,3,0,2,103,115,77,0,58,1,62,109,62,22,0,108,4,95,103,7,1,0,101,109,113,80,76,107,109,0,1,102,12,0,113,56,82,13,109,76,0,1,1,36,30,7,4,0,6,57,72,2,112,0,103,0,15,11,0,3,5,2,36,0,0,0,0,11,72,9,4,3,79,37,0,3,6,0,38
3,38,71,20,0,9,0,1,6,68,20,46,0,0,70,0,66,6,14,11,5,0,19,0,2,20,5,9,0,2,4,46,0,31,3,21,0,23,3,24,26,0,0,21,5,0,5,33,33,2,1,35,0,10,0,32,49,0,18,57,1,94,0,0,22,9,15,20,63,2,22,24,3,2,0,9,2,14,55,35,0,2,0,67,0,0,5,0,1,21,0,44,66,0,89,14,16,27,6,22,12,6,0,1,4,0,22,3,7,7,56,18,6,2,0,4,59,39,11,0,39,0,5,3,16,0,65,0,0,31,64,3,0,1,91,0,0,0,0,6,60,0,29,0,22,2,0,0,0,0,1,0,9,0,0,16,27,7,10,16,35,9,0,4,0,56,37,0,1,0,116,0,0,32,0,0,0,7,11,69,1,12,16,6,47,3,1,39,0,9,21,1,0,0,17,87,25,0,0,1,35,0,69,0,4,42,29,51,5,59,18,28,2,35,1,13,15,0,0,13,0,0,0,7,35,7,28,110,1,0,0,51,0,16,83,0,47,2,0,52,0,0,0,31,42,28,15,1,29,31,1,72,4,56,21,0,21,0,3,0,3,21,98,7,7,7,3,16,0,87,85,39,35,56,15,15,79,13,9,7,7,94,1,11,14,1,11,0,79,51,3,83,1,1,3,0,1,7,0,11,11,58,22,12,49,0,4,0,0,89,20,35,7,16,0,5,6,0,6,0,0,47,0,14,44,6,25,1,28,0,1,6,33,27,71,0,6,4,0,8,80,5,0,10,102,79,21,31,59,94,0,0,22,101,4,17,0,73,6,84,23,83,0,20,0,17,0,7,67,0,0,0,53,80,0,41,0,1,0,4,0,24,2,3,11,11,14,80,13,25,0,17,39,3,81,68,0,0,71,65,9,49,83,35,1,3,35,0,10,42,2,2,3,0,11,19,13,29,0,22,4,11,103,113,13,3,0,33,18,19,94,29,0,0,1,0,5,14,8,0,3,35,97,0,0,0,20,25,0,4,1,97,8,56,55,0,25,11,0,0,22,33,90,17,10,48,79,93,4,80,36,34,17,0,24,6,16,9,0,70,5,5,35,40,1,21,9,0,91,3,21,3,19,0,0,83,74,68,1,3
18,73,22,62,110,99,113,111,74,14,78,63,112,113,4,113,31,26,102,17,0,65,3,113,54,68,40,106,27,112,11,61,5,79,111,34,26,3,91,3,0,112,32,82,31,113,1,0,14,40,113,56,105,7,111,0,0,111,98,17,111,0,111,87,89,107,60,89,30,21,3,88,111,108,112,106,112,0,46,3,113,111,113,22,113,113,107,116,38,3,78,61,12,59,0,94,3,3,99,4,61,35,58,45,89,112,87,107,92,98,48,57,26,86,106,91,48,34,2,113,0,113,81,107,51,111,44,111,113,83,41,97,113,25,5,113,113,113,112,11,37,107,74,28,24,113,111,113,115,79,113,101,102,113,113,46,77,24,91,76,58,101,113,3,3,0,68,97,0,110,0,116,93,49,113,58,64,11,14,0,23,103,6,3,17,33,3,0,3,40,4,23,111,47,67,15,4,26,55,3,7,21,11,3,49,44,0,1,0,2,18,0,81,29,3,3,10,116,5,4,110,3,36,41,3,15,47,3,108,0,59,54,3,8,2,1,0,37,26,0,3,39,111,81,5,35,0,25,0,61,3,3,8,0,3,3,6,41,7,111,91,3,0,23,7,0,11,57,113,2,20,7,0,3,0,47,0,1,3,3,106,0,3,26,22,33,80,3,0,0,0,0,29,25,45,85,27,18,112,1,9,26,3,2,3,41,112,111,3,0,96,8,2,87,3,3,3,116,3,111,3,10,22,80,57,28,0,0,0,51,8,1,0,53,0,3,3,3,26,3,0,0,3,81,0,0,40,3,3,5,18,106,4,8,58,80,3,9,13,0,3,20,115,19,26,20,112,7,38,116,91,111,5,8,68,7,113,113,101,3,115,0,13,77,57,96,5,25,4,3,107,3,0,21,0,16,113,56,5,0,105,3,2,17,53,51,3,85,3,57,0,2,0,3,4,3,2,14,3,3,0,95,1,0,0,106,111,80,3,61,2,67,112,67,25,3,110,2,98,106,3,1,0,104,115,113,83,75,110,112,3,0,105,13,3,113,57,83,16,112,77,3,0,2,39,32,8,4,0,5,55,68,5,112,3,101,3,12,8,0,3,3,0,36,3,0,0,3,9,70,9,3,0,85,31,2,0,6,3,32
36,56,12,62,93,79,96,91,64,12,78,43,95,96,7,96,36,13,82,35,17,62,17,96,41,48,52,86,24,92,21,43,5,66,91,16,23,0,74,0,20,92,12,63,54,96,21,20,11,46,95,50,88,20,91,17,16,91,78,0,94,3,91,67,69,87,76,69,31,39,0,68,93,89,95,86,93,20,49,0,96,91,96,22,96,96,90,93,48,0,58,51,12,42,0,84,0,0,79,1,41,32,38,42,72,95,67,87,74,78,48,75,23,66,92,107,31,22,22,90,5,96,61,87,55,91,41,91,96,77,21,80,93,22,11,96,93,96,92,16,17,94,58,51,21,92,98,96,92,96,95,84,92,96,96,26,57,21,74,79,48,91,96,20,0,20,48,77,23,97,0,93,116,49,96,41,61,8,34,18,20,83,3,0,29,43,0,17,0,37,1,20,91,44,70,19,6,23,38,0,27,37,11,0,36,45,20,0,17,9,38,7,89,38,0,0,7,93,7,1,90,0,59,38,0,12,47,0,94,0,42,58,0,5,0,21,16,34,23,2,0,45,91,64,8,38,18,22,18,66,0,8,17,8,0,10,11,54,24,94,74,0,5,45,27,20,20,75,93,5,0,25,20,0,17,67,0,15,20,0,86,0,23,48,39,56,89,0,5,20,18,3,45,22,52,91,50,15,95,3,6,26,0,7,3,54,90,98,0,0,76,13,22,93,0,0,0,93,15,98,0,30,19,100,67,25,18,20,20,38,28,18,17,63,4,0,15,0,23,0,5,17,0,64,1,4,24,0,0,6,15,103,1,14,75,77,3,14,10,0,0,21,92,37,23,42,95,4,18,93,106,91,2,5,65,27,96,95,81,0,92,17,24,76,63,81,23,5,21,0,94,0,4,4,0,14,96,39,5,13,85,0,0,23,40,37,21,65,0,61,19,12,18,0,24,0,22,33,0,0,17,89,2,0,20,86,98,60,0,41,3,62,92,47,22,0,91,19,78,86,23,18,5,84,92,96,63,76,90,92,0,5,85,26,0,96,67,74,22,92,77,0,1,5,45,12,8,5,17,5,38,65,2,95,0,96,0,32,28,5,7,22,20,41,0,18,18,0,16,54,26,20,21,65,54,0,3,6,0,55
24,9,19,96,46,57,49,53,68,41,87,12,49,49,21,49,27,2,49,19,37,44,0,49,4,77,7,50,23,51,33,5,2,17,51,17,22,1,70,0,0,53,37,37,3,49,31,9,31,6,49,24,45,15,50,43,4,54,48,14,50,44,54,78,38,49,54,53,20,24,1,41,49,46,50,50,50,25,25,21,49,48,49,24,49,49,50,49,15,0,40,21,64,7,45,46,0,1,60,0,23,27,11,5,75,49,43,47,36,60,53,67,19,77,47,52,12,35,23,49,49,49,79,49,86,54,68,50,49,52,26,63,52,21,29,49,52,49,53,3,37,45,31,10,0,49,49,49,49,55,49,61,49,49,49,6,32,17,44,61,24,48,49,40,0,7,14,68,27,48,32,49,49,116,49,8,44,7,11,18,19,50,2,3,34,3,0,0,0,3,3,19,54,32,89,31,10,22,5,0,0,3,67,0,4,46,7,9,37,32,0,31,42,50,0,0,6,49,0,3,51,0,4,3,22,11,90,29,46,24,7,31,0,5,35,29,4,25,22,12,0,17,54,17,35,22,48,21,0,61,0,53,41,16,0,0,33,10,45,51,70,0,31,7,28,29,45,68,52,46,12,2,7,15,27,56,66,0,40,0,52,49,37,3,0,5,61,4,16,18,36,57,8,21,7,67,11,15,50,33,3,17,1,6,69,4,49,49,10,52,48,17,27,49,0,0,0,49,0,49,0,6,18,50,26,6,15,35,8,5,34,36,37,29,46,0,4,0,22,0,19,37,0,54,31,51,0,9,18,35,14,49,0,29,83,85,0,32,9,62,1,30,50,7,22,3,50,3,25,49,45,54,34,17,34,12,49,49,64,0,50,0,40,47,62,42,27,14,19,1,45,22,59,42,66,17,49,4,71,36,51,9,26,3,4,3,51,80,0,44,36,26,37,0,21,0,21,0,0,1,37,46,33,34,23,56,49,40,0,81,51,56,53,28,21,0,49,9,58,59,37,39,27,61,49,49,32,72,55,49,0,30,52,53,15,49,56,66,40,53,86,9,28,3,7,16,55,43,37,32,3,16,3,49,4,50,0,1,32,48,1,4,7,32,0,6,31,0,26,15,12,38,18,40,7,26,55,52,0,3
18,76,22,62,113,99,116,111,74,12,78,63,115,116,2,116,31,29,102,17,0,62,0,116,57,68,41,106,24,112,11,63,2,82,111,33,23,0,91,0,3,112,32,83,34,116,1,0,14,40,115,56,108,7,111,0,0,111,98,17,114,3,111,87,89,107,60,89,30,21,0,88,113,109,115,106,113,3,48,0,116,111,116,22,116,116,110,113,38,0,75,61,12,62,0,94,0,0,99,1,58,32,58,48,89,115,87,107,94,98,48,57,23,86,109,91,48,34,2,110,0,116,81,107,51,111,44,111,116,80,41,97,113,22,8,116,113,116,112,14,37,110,74,31,27,112,114,116,112,79,115,104,102,116,116,46,77,21,91,74,58,101,116,3,0,0,68,97,3,113,0,113,96,49,116,61,61,8,14,0,20,103,3,0,20,36,0,0,0,43,1,20,111,44,67,18,1,23,58,0,7,24,11,0,52,45,0,0,0,2,18,0,79,29,0,0,7,113,2,1,110,0,39,44,0,12,47,3,110,0,62,57,0,5,0,1,0,34,23,2,0,39,111,84,7,35,0,22,0,61,0,3,8,0,0,0,6,44,7,114,91,0,0,25,7,0,11,57,113,5,20,7,0,0,0,47,0,0,3,0,106,0,3,28,22,36,80,0,0,0,0,3,27,22,46,85,30,15,115,1,6,29,0,5,3,44,110,114,0,0,96,11,2,87,0,0,0,113,0,114,0,10,19,80,60,25,0,0,0,54,8,1,0,56,0,0,0,0,23,0,0,0,0,81,0,0,40,0,0,5,15,109,1,11,58,80,0,12,10,0,0,21,112,19,23,22,115,4,38,113,88,111,5,8,65,7,116,115,101,0,112,0,13,76,57,98,5,25,4,0,110,0,0,21,0,13,116,59,5,0,105,0,0,17,56,53,3,85,0,54,0,2,0,0,4,0,3,16,0,0,0,95,1,0,0,106,114,80,0,61,2,65,112,64,22,0,111,2,98,106,6,1,0,104,112,116,83,75,110,112,0,0,105,13,0,116,57,83,16,112,77,0,1,0,39,32,8,4,0,3,58,71,2,115,0,102,0,12,8,0,2,2,0,34,0,0,0,0,9,70,9,3,3,82,34,0,0,6,0,35
65,58,15,13,58,46,61,57,20,0,25,41,61,61,2,61,7,53,48,71,52,10,46,61,110,32,91,53,0,59,65,46,32,57,56,20,0,0,40,1,47,59,85,41,87,61,51,36,31,87,60,20,57,57,58,34,40,58,44,18,61,4,58,34,43,53,12,35,47,71,0,41,58,60,62,52,60,58,25,7,61,58,61,0,61,61,56,58,92,2,38,32,3,115,0,40,5,0,45,0,38,3,111,101,35,61,40,56,60,45,19,3,0,32,57,37,26,18,51,56,1,61,27,57,8,58,15,58,61,38,29,45,58,0,7,61,58,61,59,40,26,55,34,80,73,58,59,61,58,27,60,51,48,61,61,93,38,0,39,25,22,47,61,57,23,19,43,42,58,58,0,58,41,8,61,116,9,0,69,7,0,49,0,21,28,87,15,19,23,97,0,0,58,0,14,13,27,0,111,19,43,73,2,28,105,17,42,0,54,25,68,16,28,8,16,0,0,58,46,34,59,23,92,98,0,0,3,3,55,22,115,34,28,0,0,54,48,0,0,13,23,92,58,59,46,13,34,0,42,15,21,4,60,2,0,36,20,99,62,61,40,1,5,72,61,54,66,23,58,5,20,38,33,0,36,1,0,31,38,0,53,1,57,81,73,89,28,23,0,9,45,9,80,0,99,30,80,0,60,34,40,24,0,31,30,97,56,59,21,0,42,53,52,33,23,16,18,58,52,59,26,39,0,26,37,45,40,48,54,107,62,51,16,30,0,29,52,16,0,29,8,49,28,35,0,0,85,0,0,0,0,54,0,11,4,25,25,10,0,1,0,4,59,69,0,76,62,0,26,58,33,58,37,24,22,40,61,60,48,11,59,38,67,24,11,53,56,25,55,0,55,20,12,74,0,12,61,112,3,11,51,0,0,65,109,106,10,32,0,11,55,54,55,23,58,0,58,61,23,0,50,41,1,0,40,52,59,32,0,30,2,18,59,35,0,23,57,54,44,53,60,18,0,49,58,61,43,27,57,57,17,0,51,2,0,61,24,31,71,57,24,0,1,23,93,23,3,4,54,2,74,47,0,61,0,49,6,59,62,0,47,56,40,14,27,54,54,23,3,73,46,55,51,45,87,0,0,1,21,88
0,25,5,57,58,58,61,61,53,31,59,33,62,61,25,61,22,22,58,3,0,109,33,61,6,41,8,61,79,61,4,21,48,29,61,33,78,55,57,55,12,61,4,47,3,61,1,0,18,5,61,34,58,12,59,0,0,61,58,23,61,0,61,61,54,58,49,58,3,1,55,52,61,57,61,58,61,0,36,22,61,59,61,31,61,61,58,64,9,55,66,31,10,9,0,55,55,55,58,56,49,80,9,3,56,62,49,57,40,58,31,55,78,61,68,58,32,39,0,67,10,61,56,58,42,61,34,59,61,54,14,60,61,77,9,61,61,61,61,34,10,57,41,3,0,63,61,61,65,67,61,58,58,61,61,10,41,76,67,55,34,57,61,0,55,0,29,56,4,60,0,64,61,44,61,9,116,63,0,7,75,58,58,50,1,13,55,13,55,0,51,75,61,99,56,15,29,78,6,55,0,18,9,55,3,33,0,45,0,0,0,10,72,20,55,55,62,64,48,47,59,55,6,0,45,67,47,0,58,33,9,33,55,60,14,8,0,87,78,39,55,7,61,29,4,41,0,77,9,50,55,0,1,10,55,45,28,7,4,61,57,55,0,3,0,0,4,34,61,2,0,0,0,31,0,45,0,32,0,55,58,0,0,0,8,3,56,51,6,0,0,0,8,77,9,61,3,70,61,22,50,11,55,40,3,6,63,61,48,3,55,13,0,58,55,55,55,64,37,61,55,3,74,59,27,31,0,0,0,3,1,1,0,39,0,55,33,55,78,50,0,0,55,59,0,0,3,55,26,5,70,61,56,0,56,56,50,21,65,0,55,19,64,0,78,0,61,59,11,64,63,61,2,0,76,0,61,61,61,55,64,20,4,92,48,61,0,0,5,55,57,48,0,4,0,20,61,6,2,0,61,49,21,3,6,3,0,56,55,49,0,25,0,55,0,55,1,8,55,55,0,55,0,0,0,61,61,52,55,34,1,67,61,55,77,55,61,13,59,61,1,1,0,58,65,61,49,53,61,61,55,0,61,11,31,61,48,54,4,61,61,38,0,37,6,16,8,0,1,15,5,25,57,62,50,61,55,16,1,0,39,19,0,25,55,13,0,55,5,20,0,1,0,59,3,24,0,5,55,3
5,10,14,7,8,8,8,8,8,49,8,11,9,8,42,8,15,58,8,0,0,62,39,8,0,13,0,8,100,8,0,6,78,6,8,53,101,100,8,98,20,8,0,8,0,8,0,14,26,0,8,18,10,16,8,6,14,8,8,41,8,3,8,8,16,8,14,8,7,0,89,14,8,4,8,8,8,0,10,64,8,8,8,25,8,8,8,11,0,99,49,1,5,0,15,8,94,96,8,101,59,87,0,0,8,9,14,4,29,8,1,8,101,8,15,8,13,48,0,14,18,8,8,5,9,8,14,8,8,20,14,9,8,102,12,8,8,8,8,68,6,8,22,0,8,10,8,8,12,20,8,8,8,8,8,7,22,103,20,12,18,8,8,0,93,14,15,8,4,8,7,11,8,7,8,0,63,116,0,13,102,8,95,89,11,11,94,37,93,0,90,102,8,80,8,15,55,101,0,94,14,27,8,88,0,17,8,67,0,1,0,22,22,1,94,98,94,11,62,65,8,93,0,0,66,104,7,7,8,61,0,7,88,94,25,8,6,80,101,50,93,0,8,6,13,54,0,102,17,16,94,2,0,33,99,70,47,0,0,8,8,99,7,15,0,0,0,0,8,8,15,11,14,65,8,6,5,51,0,105,8,5,0,0,5,0,7,89,29,13,0,7,7,102,0,8,0,107,8,35,63,37,99,63,1,0,10,8,83,13,8,25,0,8,93,98,94,11,40,8,88,0,97,9,2,59,8,0,0,0,0,0,5,10,9,87,36,97,101,79,9,0,88,26,15,0,0,92,58,15,109,8,101,6,8,8,88,21,100,6,100,9,11,0,101,0,8,112,14,11,14,8,14,15,58,8,8,8,8,97,11,37,0,45,16,20,0,16,5,98,8,63,14,0,6,33,8,0,0,6,8,66,40,6,0,0,0,8,108,11,0,26,0,93,0,97,1,11,93,99,0,8,4,6,8,8,8,14,96,10,7,30,8,60,102,93,8,16,9,8,1,3,15,8,12,8,24,9,8,8,94,6,8,8,66,8,14,8,0,8,8,77,19,64,0,39,10,6,1,23,7,6,94,9,91,8,94,13,1,0,52,24,14,41,89,13,0,93,9,13,8,3,0,42,0,40,11,21,94,0
91,14,22,9,17,18,14,14,28,4,22,17,14,14,8,14,29,29,20,94,86,0,69,14,70,7,81,15,0,18,85,7,34,16,18,11,0,0,18,1,76,16,68,20,93,14,86,73,30,80,14,31,18,85,15,61,70,16,15,12,14,7,16,9,25,21,35,8,38,91,0,23,16,17,15,23,17,83,10,11,14,17,14,14,14,14,18,14,89,2,9,30,21,68,12,29,5,0,17,0,11,0,69,81,19,14,25,17,14,25,13,32,0,9,14,36,13,16,91,13,25,14,14,17,21,16,14,15,14,13,13,17,15,0,8,14,15,14,16,34,18,19,26,94,77,16,16,14,14,36,14,13,25,14,14,65,24,0,19,26,29,26,14,84,23,56,19,23,91,16,11,14,34,11,14,69,0,0,116,41,0,22,0,21,33,81,15,53,23,83,0,0,15,0,24,7,35,0,71,19,80,78,10,28,73,11,79,8,88,44,101,45,27,23,16,0,0,14,54,34,16,23,91,82,4,0,13,14,19,31,68,14,28,0,2,87,80,0,0,17,23,89,16,14,53,18,69,0,77,34,21,14,78,29,0,46,31,84,82,15,18,1,25,88,95,92,78,45,15,8,14,73,70,0,70,46,10,57,65,0,21,6,87,96,97,94,25,27,22,48,79,16,93,0,84,30,95,0,14,46,35,7,0,32,37,86,16,16,25,10,18,47,84,34,23,16,18,14,71,16,26,69,0,40,24,34,80,85,90,75,91,85,47,27,20,29,75,16,0,34,30,83,28,19,11,13,72,0,0,15,0,21,0,12,30,23,28,9,0,12,0,12,15,94,0,95,15,0,14,14,35,16,44,28,13,77,14,14,20,11,15,67,81,12,30,14,87,9,89,0,19,24,31,66,11,4,14,71,10,43,19,0,1,82,74,73,38,15,0,22,91,72,90,23,104,0,92,76,23,0,83,31,13,13,74,16,16,14,0,13,14,2,16,9,0,23,18,83,24,16,83,48,22,19,14,14,16,26,15,17,17,19,16,31,0,14,29,26,80,15,20,0,14,36,87,15,10,14,88,5,31,28,0,14,0,26,6,82,91,20,63,91,77,25,27,88,94,23,25,44,75,82,81,13,95,4,11,12,21,91
31,26,74,6,3,5,0,1,17,34,4,39,0,0,49,0,55,17,14,43,36,7,44,0,8,27,29,5,7,2,25,31,14,25,3,37,7,25,6,26,54,0,7,19,32,0,36,63,31,30,1,45,3,36,0,58,54,0,13,62,1,56,0,4,25,9,39,6,39,30,24,23,3,6,0,9,2,46,23,4,0,2,0,34,0,0,5,0,21,25,0,42,41,7,48,22,18,29,10,24,8,7,7,17,7,0,22,7,7,7,36,34,13,6,0,22,45,43,38,0,52,0,9,3,12,0,34,0,0,6,50,4,0,7,52,0,0,0,0,7,52,4,27,33,37,2,0,0,0,15,1,4,14,0,0,22,25,13,11,16,45,15,0,35,8,78,30,0,33,1,69,0,18,18,0,7,7,13,41,116,7,12,18,8,63,20,11,71,8,23,18,7,0,7,9,48,9,7,10,7,65,17,38,8,13,21,59,54,37,40,52,50,17,46,11,23,18,0,16,15,0,8,28,23,42,17,10,70,4,8,7,20,8,18,46,29,56,13,7,55,8,20,0,25,8,30,55,7,66,22,7,60,29,71,23,22,29,20,30,0,6,23,77,35,34,33,26,41,0,50,62,69,65,22,50,39,50,46,43,17,7,56,34,38,39,28,27,8,67,81,43,44,30,7,23,17,28,13,0,6,12,19,24,19,24,23,4,0,7,52,15,1,39,29,8,11,18,0,35,0,8,74,11,32,29,4,55,39,54,11,29,38,58,30,57,8,35,10,7,16,71,37,8,6,67,58,29,33,20,63,7,5,24,58,27,0,13,38,17,47,25,42,0,51,7,42,0,17,52,0,22,0,16,40,1,68,0,1,2,14,0,52,23,3,23,9,39,51,36,27,4,24,32,16,50,29,0,10,45,86,7,49,42,53,11,14,71,0,20,23,34,15,37,8,41,21,43,39,8,24,42,19,57,66,43,3,0,25,20,17,57,1,0,0,7,8,5,39,8,2,34,57,72,0,0,0,19,0,0,4,11,79,10,57,21,0,41,18,22,0,8,20,58,31,30,33,42,61,36,40,31,38,19,0,21,11,18,52,29,69,25,44,61,27,7,62,43,8,64,11,56,34,57,0,29,49,39,39,7,32
5,4,0,21,20,20,20,20,20,35,20,5,21,20,36,20,1,52,20,0,0,74,33,20,0,15,0,20,112,20,0,1,78,1,20,55,113,94,22,92,12,20,0,14,0,20,0,0,21,2,20,4,24,14,22,0,0,20,20,35,20,0,20,20,18,20,16,20,1,0,91,16,20,16,20,20,20,0,13,56,20,22,20,20,20,20,20,23,0,93,61,4,8,0,1,20,94,90,20,95,61,99,0,0,20,21,16,16,31,20,4,20,103,20,27,20,7,34,0,26,20,20,20,17,21,20,16,22,20,22,0,23,20,114,10,20,20,20,20,68,0,20,8,0,0,22,20,20,24,32,20,20,20,20,20,1,8,105,32,24,4,20,20,0,93,0,1,20,4,20,1,23,20,19,20,0,75,102,0,7,116,20,95,89,0,11,94,23,93,0,92,116,20,92,20,9,55,113,0,94,0,27,0,88,0,15,0,62,0,1,0,16,34,1,96,96,97,23,62,65,22,93,0,0,63,106,21,1,20,63,0,10,88,97,23,8,0,92,113,50,93,0,20,1,7,40,2,114,9,12,94,0,0,27,94,70,41,0,0,20,22,94,1,9,0,0,0,12,20,6,1,0,0,60,2,20,0,48,2,96,20,0,0,0,5,0,19,89,15,5,2,1,7,114,0,20,2,109,20,35,63,31,94,63,1,0,22,20,83,7,20,25,2,20,93,94,88,23,40,20,90,0,109,21,5,61,2,0,0,0,0,2,5,15,6,87,36,94,113,79,6,2,88,28,1,2,0,86,55,1,105,20,95,1,20,20,88,21,102,0,94,14,23,0,113,0,20,98,0,23,26,20,0,1,70,0,20,20,20,94,23,23,0,57,12,22,0,2,5,92,20,63,8,2,0,31,20,0,0,0,20,64,26,0,0,0,2,20,94,23,0,26,0,93,0,96,1,5,93,94,0,20,1,1,0,20,20,16,94,12,1,42,20,72,114,93,20,16,21,20,1,3,1,20,24,20,10,21,20,20,94,0,20,3,61,20,26,22,0,20,20,75,5,64,0,25,5,0,1,21,1,1,94,21,89,20,94,15,1,2,52,24,0,37,89,13,0,93,4,19,0,5,0,54,0,34,0,11,94,0
20,63,34,60,100,105,103,105,79,17,75,63,103,103,2,103,43,21,108,23,2,62,7,103,44,70,34,103,24,106,14,51,0,69,107,39,23,0,90,0,10,104,32,86,23,103,3,12,8,35,103,68,98,10,102,5,12,104,104,23,104,4,104,84,99,111,62,94,28,19,0,99,105,101,103,113,105,4,39,0,103,104,103,33,103,103,108,103,31,0,75,69,16,49,6,98,0,0,106,1,55,28,50,37,91,103,97,103,82,104,53,63,23,86,98,90,59,43,9,103,3,103,87,102,50,104,53,102,103,72,53,92,104,22,8,103,104,103,104,4,46,97,84,18,30,105,101,103,103,77,103,99,104,103,103,43,88,21,96,70,70,105,103,5,0,12,68,97,1,100,12,103,83,50,103,49,58,8,22,12,20,116,3,0,20,24,0,11,0,40,1,20,104,44,72,20,0,23,46,0,19,18,15,0,42,39,12,3,2,6,24,4,72,31,0,0,7,103,2,0,102,0,26,41,0,12,49,15,98,1,49,47,0,5,0,1,12,34,23,9,0,30,104,71,3,40,2,22,12,70,0,8,10,12,0,0,0,34,8,103,90,0,12,18,12,3,12,57,104,0,32,19,12,0,7,57,2,3,5,0,111,5,5,28,24,23,86,0,11,12,2,0,18,22,39,82,18,15,103,1,0,16,0,3,5,31,106,101,0,1,108,6,6,99,0,0,0,103,2,101,0,21,19,86,47,18,9,1,11,41,10,5,2,44,5,0,2,0,23,6,12,2,0,82,12,7,38,0,0,17,15,96,1,14,60,80,0,6,10,2,0,30,103,29,23,22,103,4,50,103,78,104,11,20,61,19,103,103,97,0,103,5,15,79,63,92,11,35,10,0,97,0,4,22,2,7,103,46,7,13,107,0,2,29,45,41,4,86,0,57,1,3,1,0,13,0,8,12,0,0,2,99,11,12,5,105,101,90,0,62,7,65,104,61,22,0,108,7,105,102,3,2,12,99,103,103,83,70,104,106,0,12,108,20,0,103,58,90,17,104,77,0,12,6,45,43,12,12,1,0,45,68,2,103,0,102,0,7,8,8,5,5,12,43,0,10,7,0,17,62,16,4,7,79,21,5,2,12,0,22
5,19,3,0,3,3,3,3,3,28,3,20,4,3,51,3,8,52,3,0,0,57,33,3,0,0,0,3,95,3,0,13,78,17,3,47,96,109,1,107,12,3,0,0,0,3,0,0,37,0,3,1,3,14,1,0,0,3,3,50,3,15,3,3,3,3,1,3,12,0,108,1,3,3,3,3,3,0,28,59,3,1,3,27,3,3,3,6,0,108,44,19,23,0,5,3,110,105,3,110,46,82,0,0,3,4,1,3,16,3,19,3,88,3,10,3,22,27,0,9,30,3,3,3,7,3,1,1,3,7,7,2,3,97,29,3,3,3,3,68,15,3,1,0,0,5,3,3,7,15,3,3,3,3,3,1,1,90,15,11,1,3,3,0,93,7,8,3,4,3,16,6,3,2,3,0,58,95,0,18,95,3,116,89,7,11,97,23,93,0,109,95,3,75,3,24,55,96,0,97,0,27,13,88,0,6,0,78,0,13,0,21,21,22,94,102,112,6,62,68,1,93,0,0,77,95,0,16,3,61,0,25,88,112,42,8,0,79,96,66,93,0,3,17,7,33,0,97,9,3,94,16,0,38,110,70,41,0,0,3,1,110,16,9,0,0,0,2,3,25,8,3,0,76,0,3,16,51,3,98,3,13,0,0,5,0,2,89,18,12,0,16,7,97,0,3,0,94,3,38,66,46,110,66,4,0,5,3,83,22,3,25,0,3,93,96,88,6,40,3,88,16,96,4,20,59,0,0,0,0,0,0,24,26,20,87,36,97,96,79,20,0,88,13,4,19,3,101,73,4,96,3,110,17,3,3,88,42,94,15,109,25,6,0,96,0,3,95,7,6,9,3,0,8,53,0,3,3,3,97,6,23,0,40,3,7,0,9,5,107,3,66,6,0,15,50,3,0,21,11,3,83,33,0,0,0,12,3,97,10,0,26,0,93,0,110,1,5,93,110,0,3,16,17,0,3,3,1,113,0,16,25,3,55,97,93,3,16,4,3,1,22,8,3,7,3,3,4,3,3,94,12,3,19,77,3,13,1,0,3,3,90,5,64,0,21,21,12,1,40,12,17,115,4,108,3,110,13,1,12,52,24,0,28,89,13,0,93,20,11,0,3,0,37,0,49,10,9,94,0
25,1,1,3,0,0,0,0,0,33,3,2,1,0,31,0,3,67,0,21,20,49,43,0,21,0,19,0,87,0,21,4,99,0,0,42,88,89,0,88,20,0,21,0,21,0,19,5,17,17,0,1,2,28,0,11,7,0,0,30,0,5,0,0,0,0,0,0,8,17,84,0,0,1,0,0,0,21,4,69,0,0,0,11,0,0,0,3,21,89,36,0,10,21,6,0,94,85,0,89,40,84,21,21,0,1,0,1,15,0,3,0,82,0,2,0,1,22,17,6,24,0,0,0,8,0,6,0,0,11,0,1,0,89,15,0,0,0,0,94,0,0,0,19,13,2,0,0,4,7,0,0,0,0,0,16,0,84,7,12,1,0,0,21,109,1,0,0,25,0,6,3,0,3,0,21,50,89,21,8,89,0,89,116,0,27,105,23,109,21,94,89,0,67,3,4,71,88,21,107,5,43,3,104,21,12,11,57,21,13,19,16,19,0,106,90,88,3,78,88,0,109,21,21,69,90,5,6,0,73,21,11,104,89,28,29,15,72,88,50,109,21,0,0,27,27,13,89,20,3,109,5,20,28,89,86,47,21,21,0,0,90,6,24,21,21,21,1,0,11,3,5,2,55,5,3,5,58,10,90,0,5,21,21,21,21,0,105,11,8,14,6,28,89,21,0,16,89,0,58,86,35,89,76,23,21,2,0,98,12,0,51,16,0,109,104,96,3,56,0,102,6,89,1,6,81,9,16,21,21,21,18,7,13,12,103,52,104,88,95,12,16,104,7,7,5,18,81,60,7,88,0,89,6,0,3,109,16,89,5,89,13,3,19,88,21,0,90,0,3,6,0,11,6,45,13,0,0,0,101,3,25,21,32,0,1,18,4,21,87,0,72,16,19,5,35,0,21,5,1,0,59,21,15,21,21,1,0,90,13,21,42,21,109,21,89,22,15,109,89,19,0,6,6,8,0,0,0,89,0,6,17,0,47,89,109,0,32,1,0,22,5,6,0,4,0,2,6,0,0,107,5,0,3,56,0,7,0,21,0,3,81,11,88,21,19,10,5,22,26,5,0,89,1,94,0,95,30,22,6,68,45,7,30,105,34,21,109,9,22,7,22,16,29,21,29,5,15,109,21
43,37,46,19,19,19,20,17,6,28,25,32,20,20,28,20,42,15,18,41,37,1,26,20,29,28,40,18,0,18,34,21,8,37,18,25,0,8,33,9,35,18,25,26,39,20,30,38,33,37,19,27,20,15,17,62,42,19,24,43,22,68,19,19,19,17,26,9,30,47,13,19,19,19,21,17,19,45,17,15,20,17,20,25,20,20,21,17,41,8,17,23,38,27,48,13,4,12,22,7,19,0,25,22,34,20,24,17,22,21,39,18,3,18,20,26,27,37,26,17,43,20,18,23,21,19,19,17,20,15,48,28,17,0,45,20,17,20,18,3,35,19,28,39,33,17,20,20,17,27,19,30,14,20,20,23,30,3,14,19,27,13,20,40,1,58,40,27,33,20,47,17,29,34,20,28,1,11,33,63,0,20,7,0,116,37,3,39,1,26,7,0,18,0,11,37,0,0,27,3,47,24,55,1,31,19,37,29,38,18,31,51,15,61,0,4,4,17,1,8,18,1,35,24,30,3,17,44,18,6,27,30,1,4,43,29,32,0,0,33,1,41,19,37,13,31,51,0,37,22,0,60,43,31,6,15,21,43,42,22,33,6,45,41,30,30,46,52,17,52,56,57,43,12,54,17,51,26,50,8,20,61,37,39,28,36,46,5,39,63,39,52,37,0,38,41,44,3,21,18,8,14,7,25,37,39,17,20,9,49,23,3,43,34,1,5,4,17,21,20,1,53,0,28,28,12,33,39,30,26,33,34,57,35,38,1,25,6,0,1,33,41,1,25,49,58,33,16,16,44,8,16,7,47,31,23,6,42,6,48,8,26,18,43,0,38,21,11,51,17,25,19,14,31,12,56,20,19,25,6,18,32,41,13,31,23,32,56,26,10,19,33,37,30,53,25,20,26,55,62,17,36,48,44,26,27,70,19,11,6,37,23,38,1,26,4,40,26,1,7,37,12,54,48,48,19,20,12,9,36,42,3,18,16,0,1,18,21,20,22,43,62,52,24,17,20,25,18,19,17,0,51,22,47,11,20,34,23,41,18,26,5,49,0,38,31,40,57,38,40,33,30,8,20,10,17,4,25,32,52,2,24,40,29,0,32,32,1,33,17,56,38,46,17,36,29,56,48,0,38
75,38,6,6,39,20,36,32,7,0,20,20,37,36,9,36,13,46,27,78,63,6,70,36,89,7,91,27,10,33,70,25,36,38,31,20,11,11,20,12,69,33,63,21,98,36,62,51,35,89,35,15,37,74,33,46,52,32,25,20,35,6,32,12,20,28,20,10,48,79,10,15,33,34,36,27,34,70,27,9,36,33,36,8,36,36,31,33,95,13,30,11,2,87,2,25,16,11,20,11,36,7,83,86,18,37,20,31,35,23,13,11,10,11,41,35,11,19,64,32,4,36,8,31,10,32,4,33,36,27,6,27,33,11,9,36,33,36,33,47,7,41,21,92,65,34,38,36,34,39,35,25,23,36,36,65,18,11,23,25,13,23,36,67,34,35,20,23,69,38,3,33,43,3,36,87,13,11,81,20,11,24,11,27,37,116,26,41,34,85,6,11,32,10,7,14,40,11,89,30,58,93,0,39,93,11,57,8,65,27,81,17,34,17,27,11,11,33,58,37,33,34,97,85,2,11,0,4,40,33,87,29,39,11,1,66,62,9,11,21,34,93,32,36,49,26,43,11,55,9,32,9,69,6,11,57,27,97,64,35,20,12,9,84,74,67,68,34,33,6,8,51,48,10,48,15,0,53,48,11,27,3,69,92,91,98,28,30,11,25,55,9,90,11,94,32,92,11,35,37,46,27,11,42,26,102,31,38,28,1,23,50,66,33,34,27,29,33,77,38,37,47,11,32,36,50,51,60,69,92,73,60,25,32,4,38,73,27,11,35,14,60,39,25,2,4,73,11,6,3,11,33,11,14,10,19,29,16,11,0,11,7,33,82,11,91,36,11,9,33,40,32,32,22,33,55,36,35,26,22,33,63,72,20,15,35,67,10,77,11,41,25,14,53,1,9,36,90,3,22,26,6,12,70,91,93,20,12,11,21,67,67,65,34,71,11,72,79,34,11,60,28,6,3,54,27,38,7,11,10,1,12,33,33,11,34,32,79,23,27,71,25,6,28,34,36,18,26,31,32,28,3,26,10,11,36,29,14,71,32,17,6,4,27,88,13,0,9,66,4,53,32,11,37,6,27,17,77,75,6,57,69,55,22,38,69,65,34,9,60,59,66,63,37,96,5,2,4,32,98
19,3,4,0,0,0,0,0,0,28,0,4,1,0,36,0,0,64,0,15,14,54,45,0,15,0,19,0,92,0,15,5,93,0,0,50,93,94,0,93,19,0,15,0,15,0,19,8,22,17,0,4,2,29,0,8,4,0,0,35,0,3,0,0,2,0,0,0,6,11,92,0,0,4,0,0,0,15,9,70,0,0,0,16,0,0,0,3,15,94,41,0,5,15,1,0,96,90,0,94,45,79,15,15,0,1,0,4,15,0,0,0,87,0,7,0,6,27,11,6,25,0,0,0,5,0,1,0,0,6,0,1,0,94,13,0,0,0,0,83,0,0,0,19,7,2,0,0,4,12,0,0,0,0,0,13,0,89,12,12,4,0,0,15,108,1,0,0,19,0,1,3,0,0,0,15,55,94,15,11,94,0,97,105,3,26,116,31,108,15,92,94,0,72,0,9,70,93,15,112,8,42,3,103,15,10,11,62,15,8,19,22,22,3,111,98,93,3,77,83,0,108,15,15,70,98,0,1,0,78,15,6,103,94,26,23,12,80,93,52,108,15,0,0,19,32,13,94,20,0,108,3,14,31,94,85,49,15,15,0,0,95,1,21,15,15,15,4,0,9,1,11,5,60,5,6,0,63,16,98,0,0,15,15,20,15,0,104,19,14,14,1,22,94,15,0,10,94,0,53,81,30,94,81,18,15,2,0,97,7,0,40,10,0,108,108,104,3,55,0,101,3,97,1,1,76,9,16,15,15,15,12,10,10,13,102,51,109,93,94,13,10,103,12,5,3,18,86,58,5,93,0,94,1,0,0,103,24,97,0,94,8,3,19,93,15,0,98,0,3,6,0,3,1,50,7,0,0,0,112,3,27,15,37,0,6,12,2,20,92,0,77,11,13,0,33,0,15,3,4,0,67,26,12,15,15,7,0,98,11,15,41,15,108,15,94,16,17,108,94,19,0,4,1,8,0,0,0,97,0,1,22,0,52,94,108,0,31,1,0,16,8,1,0,4,0,2,1,0,0,112,0,0,3,61,0,15,0,15,0,0,82,9,83,15,21,5,0,16,24,6,0,97,1,92,0,97,30,16,7,67,39,4,25,104,28,15,108,4,25,7,16,16,34,15,34,3,13,108,15
31,8,62,0,3,9,0,1,17,30,0,25,0,0,28,0,53,35,13,46,39,13,67,0,21,11,39,9,23,2,38,10,27,7,3,48,23,29,0,30,87,0,19,23,44,0,51,86,18,38,1,59,3,56,0,42,77,0,17,41,0,21,0,0,27,9,35,10,26,32,21,26,3,6,0,9,2,49,11,27,0,2,0,45,0,0,5,0,32,31,16,26,10,19,36,22,23,27,6,29,24,18,19,30,1,0,24,7,17,7,10,34,29,2,5,19,35,54,48,1,23,0,5,3,7,0,18,0,0,7,37,0,0,23,21,0,0,0,0,28,26,5,42,43,62,2,2,0,0,23,1,0,14,0,0,38,37,29,19,14,57,14,0,37,28,79,30,0,43,2,39,0,17,0,0,19,13,37,53,71,23,11,23,23,39,41,31,116,28,38,18,23,0,13,9,26,33,23,22,27,88,38,24,33,27,22,82,33,41,23,64,40,17,16,31,31,23,0,32,24,0,28,39,36,22,33,4,42,6,33,19,2,33,23,11,39,71,19,23,32,28,29,0,5,22,58,38,23,87,32,26,26,31,53,28,51,27,31,33,0,0,29,39,47,46,49,29,24,0,11,50,88,85,19,57,42,11,76,41,38,6,21,40,49,61,40,18,28,76,71,42,7,38,23,32,10,37,29,0,16,21,16,28,45,16,34,4,2,25,13,19,13,45,25,28,31,43,0,56,2,33,50,27,32,10,24,75,44,69,24,40,40,28,10,25,34,56,30,23,42,47,38,33,16,51,21,43,21,19,50,31,7,29,31,18,0,23,12,33,16,29,20,0,58,23,56,0,41,40,0,18,0,40,41,6,75,0,1,0,33,0,87,32,9,32,17,46,40,60,27,5,20,23,22,13,16,0,22,6,44,9,26,38,66,25,27,31,0,41,27,42,35,41,28,53,26,52,63,28,28,44,21,34,36,63,3,2,29,25,8,27,11,0,16,23,28,5,62,9,0,36,27,58,0,0,0,32,2,0,4,30,43,8,28,19,0,33,12,29,0,2,20,53,50,38,54,10,26,40,12,14,20,23,0,20,13,24,61,39,34,40,55,84,47,32,67,47,28,41,19,63,36,57,16,39,27,28,28,26,42
26,2,0,0,0,0,0,0,0,27,0,4,1,0,35,0,0,69,0,23,21,54,50,0,23,0,19,0,92,0,23,0,101,0,0,45,93,93,0,92,27,0,23,0,23,0,19,5,23,17,0,0,2,35,0,13,9,0,0,36,0,0,0,0,2,0,0,0,1,18,88,0,0,0,0,0,0,23,8,62,0,0,0,15,0,0,0,3,23,95,41,0,5,23,0,0,98,89,0,93,44,78,23,23,0,1,0,0,15,0,0,0,87,0,7,0,6,27,18,6,18,0,0,0,5,0,0,0,0,5,0,1,0,93,9,0,0,0,0,89,0,0,0,19,15,2,0,0,4,12,0,0,0,0,0,18,0,88,12,8,0,0,0,23,116,2,0,0,27,0,0,3,0,0,0,23,55,93,23,8,93,0,93,109,1,34,108,28,116,23,88,93,0,72,0,8,76,93,23,112,5,50,0,111,23,5,11,61,23,6,19,16,18,0,109,93,93,3,85,83,0,116,23,23,63,93,0,0,0,78,23,5,111,93,22,31,17,76,93,56,116,23,0,0,22,32,13,93,20,0,114,0,21,27,93,93,53,23,23,0,0,94,0,26,23,23,23,0,0,5,0,5,2,59,4,2,0,65,9,93,0,0,23,23,28,23,0,112,14,8,14,0,30,93,23,0,18,93,0,53,81,29,93,83,18,23,2,0,104,6,0,46,18,0,116,109,101,3,63,0,109,7,93,1,0,74,9,16,23,23,23,19,7,10,6,110,59,109,93,102,5,18,111,12,0,0,20,85,54,0,93,0,93,0,0,0,111,20,93,0,93,7,3,19,93,23,0,93,0,3,6,0,7,0,50,13,0,0,0,104,3,32,23,37,0,6,20,1,28,91,0,78,10,21,0,29,0,23,0,0,0,63,25,17,23,23,0,0,93,6,23,49,23,116,23,93,24,22,116,93,19,0,0,0,8,0,0,0,93,0,0,22,0,52,93,116,0,39,1,0,24,5,0,0,4,0,2,0,0,0,110,0,0,3,60,0,11,0,23,0,0,74,5,81,23,20,5,0,24,20,1,0,93,1,88,0,99,30,24,0,75,47,9,24,110,36,23,116,3,22,6,24,16,34,23,33,0,8,114,23
74,43,30,3,46,35,43,40,29,4,17,28,43,43,10,43,24,49,39,81,61,4,62,43,99,18,82,36,0,40,60,32,32,45,39,13,0,0,28,1,66,40,74,31,99,43,61,55,28,76,42,39,45,62,40,45,52,40,37,17,42,7,40,17,34,44,20,25,51,77,0,30,42,41,43,43,41,68,21,7,43,40,43,9,43,43,46,40,80,2,24,35,2,97,7,49,5,0,36,0,26,0,94,108,28,43,33,38,42,35,18,11,0,17,40,36,19,19,67,38,11,43,20,39,13,40,11,40,43,25,22,32,40,0,17,43,40,43,40,41,23,48,35,86,92,40,45,43,40,28,42,36,49,43,43,76,33,0,25,29,37,49,43,65,23,38,29,31,68,45,9,40,37,3,43,97,0,0,83,23,0,40,0,21,26,85,15,38,23,116,0,0,39,0,15,16,35,0,100,19,62,83,3,28,103,12,61,0,63,35,87,23,31,4,16,0,0,40,54,34,40,23,94,114,0,0,1,9,47,22,97,27,28,0,0,64,62,0,0,22,23,77,40,43,46,1,42,0,59,19,21,17,59,19,0,36,25,86,61,43,28,1,20,81,76,67,57,29,40,5,22,55,52,0,46,15,1,39,46,0,41,5,68,99,85,95,18,23,17,28,54,9,85,0,83,14,86,0,43,36,36,16,0,35,28,89,41,45,21,0,39,54,65,26,23,16,18,40,64,45,26,49,0,32,40,42,54,58,72,102,72,60,22,34,11,29,64,16,0,34,25,58,28,24,9,12,83,0,0,10,0,50,0,23,5,18,25,9,0,1,0,11,40,86,0,95,43,0,25,40,35,40,37,29,21,59,43,42,30,11,40,52,62,18,5,36,70,23,73,0,48,19,22,65,2,9,43,100,4,20,36,0,4,64,103,103,17,20,0,30,64,52,63,23,73,0,70,73,23,0,58,52,9,9,53,36,45,23,0,18,7,8,40,24,0,23,42,68,36,35,67,21,17,35,40,43,27,22,39,41,17,14,35,5,0,43,18,36,59,40,15,0,10,36,82,21,2,15,62,3,60,58,0,43,0,46,6,68,71,13,54,66,59,33,27,70,68,23,19,68,58,62,65,31,93,4,4,6,21,97
5,17,3,5,1,1,1,1,1,33,4,18,2,1,46,1,11,52,1,0,0,50,28,1,0,0,0,1,88,1,0,15,78,17,1,42,89,104,3,102,7,1,0,2,0,1,0,0,32,2,1,1,5,9,3,0,0,1,1,45,1,20,1,1,1,1,1,1,17,0,105,1,1,1,1,1,1,0,21,64,1,3,1,20,1,1,1,4,0,103,37,17,26,0,10,1,105,100,1,105,41,85,0,0,1,2,1,1,16,1,20,1,83,1,3,1,17,22,0,7,37,1,1,1,8,1,6,3,1,12,7,4,1,90,34,1,1,1,1,73,15,1,1,0,0,3,1,1,5,8,1,1,1,1,1,1,1,85,8,12,1,1,1,0,88,7,8,1,4,1,21,4,1,3,1,0,51,90,0,18,92,1,109,94,7,6,92,18,88,0,116,92,1,68,4,19,50,89,0,92,0,22,14,83,0,13,0,73,0,18,0,23,19,20,91,99,105,4,57,73,3,88,0,0,82,90,7,21,1,58,0,28,83,105,47,8,0,72,89,61,88,0,1,17,12,28,2,90,9,4,89,21,0,38,105,65,36,0,0,1,3,105,21,9,0,0,0,0,1,30,10,3,0,71,2,5,21,46,5,95,1,18,0,0,0,0,0,84,13,12,2,21,7,90,0,1,2,89,1,43,71,51,105,61,9,0,3,1,78,27,1,30,2,1,88,91,83,4,35,1,85,16,89,2,23,66,2,0,0,0,0,2,24,31,25,82,31,92,89,74,25,2,83,8,9,26,3,96,78,9,89,1,105,22,1,4,88,35,89,20,104,32,4,0,89,0,1,90,7,4,7,1,5,13,46,0,1,1,1,92,4,18,0,33,1,2,0,11,0,102,1,61,13,2,20,55,1,0,24,11,1,78,28,0,0,0,14,1,92,13,0,21,0,88,0,107,1,0,88,105,0,1,21,22,0,1,1,1,108,0,21,18,1,48,90,88,1,11,2,1,1,22,13,1,5,1,3,7,1,1,89,17,1,19,72,1,6,3,0,1,4,95,10,69,0,19,26,17,1,45,14,17,108,2,113,1,105,15,1,19,47,24,0,31,84,13,0,88,25,11,0,5,0,30,0,44,15,16,89,0
5,4,0,21,20,20,20,20,20,35,20,5,21,20,36,20,1,52,20,0,0,74,33,20,0,15,0,20,112,20,0,1,78,1,20,55,113,94,22,92,12,20,0,14,0,20,0,0,21,2,20,4,24,14,22,0,0,20,20,35,20,0,20,20,18,20,16,20,1,0,91,16,20,16,20,20,20,0,13,56,20,22,20,20,20,20,20,23,0,93,61,4,8,0,1,20,94,90,20,95,61,99,0,0,20,21,16,16,31,20,4,20,103,20,27,20,7,34,0,26,20,20,20,17,21,20,16,22,20,22,0,23,20,114,10,20,20,20,20,68,0,20,8,0,0,22,20,20,24,32,20,20,20,20,20,1,8,105,32,24,4,20,20,0,93,0,1,20,4,20,1,23,20,19,20,0,75,102,0,7,116,20,95,89,0,11,94,23,93,0,92,116,20,92,20,9,55,113,0,94,0,27,0,88,0,15,0,62,0,1,0,16,34,1,96,96,97,23,62,65,22,93,0,0,63,106,21,1,20,63,0,10,88,97,23,8,0,92,113,50,93,0,20,1,7,40,2,114,9,12,94,0,0,27,94,70,41,0,0,20,22,94,1,9,0,0,0,12,20,6,1,0,0,60,2,20,0,48,2,96,20,0,0,0,5,0,19,89,15,5,2,1,7,114,0,20,2,109,20,35,63,31,94,63,1,0,22,20,83,7,20,25,2,20,93,94,88,23,40,20,90,0,109,21,5,61,2,0,0,0,0,2,5,15,6,87,36,94,113,79,6,2,88,28,1,2,0,86,55,1,105,20,95,1,20,20,88,21,102,0,94,14,23,0,113,0,20,98,0,23,26,20,0,1,70,0,20,20,20,94,23,23,0,57,12,22,0,2,5,92,20,63,8,2,0,31,20,0,0,0,20,64,26,0,0,0,2,20,94,23,0,26,0,93,0,96,1,5,93,94,0,20,1,1,0,20,20,16,94,12,1,42,20,72,114,93,20,16,21,20,1,3,1,20,24,20,10,21,20,20,94,0,20,3,61,20,26,22,0,20,20,75,5,64,0,25,5,0,1,21,1,1,94,21,89,20,94,15,1,2,52,24,0,37,89,13,0,93,4,19,0,5,0,54,0,34,0,11,94,0
22,71,22,67,108,104,111,115,77,12,83,62,111,111,2,111,31,25,102,20,4,62,0,111,52,72,39,106,24,113,15,59,1,77,110,34,23,0,96,0,0,115,35,83,29,111,5,0,14,41,111,56,105,7,112,4,0,114,98,17,112,1,114,92,88,106,62,92,29,26,0,89,109,108,112,106,112,1,45,0,111,110,111,22,111,111,106,111,40,0,75,60,15,57,3,93,0,0,103,1,58,31,59,43,93,111,89,108,90,103,51,60,23,90,105,93,48,35,6,110,5,111,85,107,54,114,45,112,111,79,41,101,114,22,3,111,114,111,115,9,38,105,73,26,23,111,109,111,111,82,111,101,101,111,111,46,78,21,91,75,58,100,111,7,0,0,66,100,2,108,0,111,91,54,111,58,61,8,15,0,20,104,3,0,18,32,0,0,0,39,1,20,116,44,72,14,0,23,53,0,7,21,15,0,48,42,0,0,4,6,17,3,78,33,0,0,7,111,2,0,113,0,34,40,0,12,51,3,106,3,57,52,0,5,0,4,0,34,23,0,0,40,114,79,5,35,5,22,0,62,0,6,12,0,0,0,6,41,12,111,96,0,0,22,10,4,16,60,114,1,20,7,0,0,2,49,4,0,7,0,108,4,7,25,20,31,80,0,0,0,4,2,25,22,43,88,27,15,110,4,5,24,0,3,7,39,109,109,1,4,96,7,6,87,0,0,0,111,0,109,0,10,19,80,55,24,1,5,0,49,12,5,4,51,3,0,0,0,23,0,0,4,0,84,0,3,39,0,0,5,15,104,1,7,62,83,0,8,10,5,0,20,112,19,23,19,112,4,38,111,86,114,8,8,65,7,111,111,106,0,112,0,17,76,60,97,8,25,5,0,105,1,4,26,4,12,111,54,9,1,104,0,0,17,51,49,8,90,0,54,5,5,5,0,6,0,3,12,0,0,4,94,1,0,4,109,109,79,0,66,3,65,115,64,22,0,109,2,101,109,4,6,0,107,111,111,83,76,115,110,0,0,104,17,0,111,57,87,21,113,82,0,0,0,39,33,12,6,4,1,53,67,2,111,0,101,0,11,12,1,3,2,0,34,0,0,4,0,7,68,9,7,1,82,29,0,4,6,0,30
0,19,1,40,44,44,44,44,44,39,44,22,45,44,35,44,18,36,44,0,0,98,33,44,0,26,0,44,96,44,0,16,62,18,44,43,95,72,42,72,12,44,0,33,0,44,0,0,21,0,44,26,44,14,42,0,0,44,44,28,44,0,44,44,40,44,38,44,0,0,72,38,44,40,44,44,44,0,30,34,44,42,44,37,44,44,44,47,0,72,55,23,10,0,0,44,72,72,44,73,39,91,0,0,44,45,38,40,23,44,23,44,95,44,51,44,24,28,0,50,18,44,44,41,34,44,25,42,44,42,6,43,44,94,9,44,44,44,44,51,5,44,30,0,0,46,44,44,48,56,44,44,44,44,44,1,30,93,56,48,26,44,44,0,72,0,18,44,4,44,0,47,44,32,44,0,99,80,0,7,92,44,75,67,0,10,72,13,72,0,68,92,44,116,44,13,38,95,0,72,0,27,3,72,0,23,0,56,0,0,0,14,58,15,72,72,79,47,62,63,42,72,0,0,58,84,40,0,44,45,0,27,72,77,19,8,0,104,95,50,72,0,44,18,5,30,0,94,9,36,72,0,0,14,72,54,34,0,0,44,42,72,0,9,0,0,0,25,44,5,0,0,0,43,0,36,0,38,0,72,44,0,0,0,5,0,42,68,6,0,0,0,7,94,0,44,0,87,44,33,61,17,72,52,0,0,46,44,62,6,44,24,0,44,72,72,72,47,40,44,72,0,91,45,22,42,0,0,0,0,0,0,0,29,0,72,36,72,95,64,0,0,72,50,0,0,0,72,38,5,87,44,73,0,44,44,67,22,82,0,72,19,47,0,95,0,44,76,6,47,50,44,0,0,92,0,44,44,44,72,47,23,0,81,36,44,0,0,5,72,44,62,4,0,0,19,44,0,2,0,44,60,24,0,0,0,0,44,72,45,0,26,0,72,0,72,1,5,72,72,0,44,0,0,0,44,44,38,72,22,0,56,44,66,94,72,44,16,45,44,1,0,0,44,48,44,32,43,44,44,72,0,44,5,43,44,31,42,0,44,44,53,0,47,0,10,5,0,1,17,0,18,74,45,67,44,72,13,1,0,52,24,0,29,72,13,0,72,5,28,0,3,0,48,0,33,0,11,72,0
27,27,18,95,64,75,67,71,95,29,92,26,67,67,15,67,46,2,71,22,30,56,9,67,8,62,10,64,24,69,31,22,0,33,69,18,23,0,73,0,9,71,39,51,12,67,32,18,26,11,67,45,63,26,68,24,5,72,63,2,68,17,72,88,60,71,77,71,21,25,0,59,68,64,68,72,68,18,37,17,67,66,67,36,67,67,72,67,19,0,46,44,45,13,30,73,0,0,74,1,26,31,17,14,76,67,59,65,46,82,58,86,23,88,65,78,30,26,34,67,37,67,93,66,91,72,54,68,67,66,20,71,70,22,17,67,70,67,71,7,32,61,47,19,10,67,65,67,67,76,67,68,76,67,67,7,50,21,60,80,47,75,67,33,0,16,28,82,28,64,17,67,70,89,67,14,56,8,24,9,20,72,3,3,11,7,0,9,0,15,4,20,72,44,116,18,15,23,11,0,9,12,48,0,7,42,16,0,30,41,13,24,64,51,0,0,7,67,7,3,69,0,13,15,7,12,86,19,62,20,13,41,0,5,15,30,5,34,23,4,0,23,72,35,30,28,31,22,9,80,0,41,30,20,0,0,26,12,38,69,73,0,22,16,41,30,34,59,70,23,6,9,16,10,20,76,39,5,33,0,74,22,34,16,10,14,61,4,19,18,31,30,17,22,13,76,20,15,68,29,3,23,0,4,42,8,68,65,6,29,66,15,28,71,0,0,0,67,5,65,0,11,19,75,47,10,22,32,17,9,39,33,30,45,39,0,9,0,23,4,22,30,0,68,18,37,5,0,13,23,15,70,1,20,88,95,0,18,10,39,0,36,68,18,23,14,68,4,19,67,66,72,36,19,50,9,67,67,78,0,68,5,35,59,80,59,36,4,30,0,61,6,45,31,39,17,67,10,44,18,68,0,10,9,8,7,35,94,0,69,31,26,32,0,34,0,20,7,0,0,30,71,17,19,24,75,65,58,0,70,38,63,71,34,22,0,68,16,80,73,30,32,22,76,67,67,47,84,73,67,0,22,67,42,10,67,38,79,38,71,88,7,17,12,17,19,36,26,30,15,9,40,2,67,3,71,0,9,37,31,8,11,16,47,0,9,34,0,29,26,5,33,17,50,16,14,36,26,0,12
2,58,50,21,18,21,18,15,9,56,20,57,18,18,72,18,50,18,14,7,1,19,24,18,18,32,13,20,8,15,7,61,6,51,15,18,8,31,8,32,23,15,1,21,12,18,7,19,40,9,17,26,17,7,15,24,35,15,18,53,17,74,15,9,31,19,19,31,58,0,30,29,17,16,18,19,16,5,76,33,18,15,18,62,18,18,21,15,8,29,10,46,59,13,71,13,24,35,18,30,22,4,10,14,6,18,23,14,18,12,56,14,14,9,23,18,70,34,9,13,26,18,10,14,17,15,66,15,18,39,69,7,15,9,89,18,15,18,15,10,63,21,29,8,18,15,20,18,15,14,17,18,16,18,18,18,27,15,22,18,24,19,18,2,8,37,46,6,7,21,87,15,19,31,18,13,15,15,7,48,9,20,24,4,37,14,9,26,8,16,19,9,14,13,18,116,34,8,13,9,21,10,56,8,11,40,15,44,1,53,10,14,9,28,9,21,23,15,8,5,15,8,14,18,29,15,25,85,19,5,13,67,8,24,71,3,33,13,8,51,8,3,15,49,42,29,14,9,13,26,9,52,1,40,29,8,25,15,0,18,8,29,75,10,6,8,0,17,15,78,63,16,21,64,2,16,67,8,2,15,16,74,4,12,15,12,18,8,62,34,2,77,3,9,12,8,7,15,18,4,6,60,30,16,36,15,16,20,8,77,22,43,4,17,8,13,14,15,10,20,8,38,8,13,59,1,11,2,14,14,3,3,26,38,57,8,10,12,8,13,52,1,8,21,76,61,7,39,52,76,8,19,30,92,6,20,3,86,14,72,31,66,15,7,8,12,18,15,67,15,14,15,46,72,11,27,18,17,9,12,15,19,3,16,15,29,7,68,16,33,21,20,32,0,67,68,18,13,59,51,18,48,79,20,16,13,29,6,18,37,2,7,0,8,6,27,5,36,8,30,2,18,82,86,8,14,20,40,26,25,79,47,15,8,9,8,17,9,13,15,4,26,69,9,15,18,26,30,14,16,9,71,17,57,63,18,30,10,1,15,22,31,63,10,12,37,77,74,0,74,48,53,25,18,22,20,24,3,3,46,6,3,21,27,9,6,5,8,79,12,3,1,10,9,11,80,65,57,9,12
30,8,15,10,4,0,1,0,8,50,10,4,0,1,66,1,18,56,0,35,33,28,50,1,29,0,24,0,53,0,27,17,73,1,1,32,54,55,0,56,32,0,28,0,36,1,31,17,11,26,1,8,5,46,1,24,21,0,0,24,0,24,0,0,2,0,8,10,19,31,52,0,1,0,0,0,0,34,36,77,1,1,1,34,1,1,0,4,27,55,40,5,15,28,28,8,60,53,0,55,45,47,28,37,0,0,0,1,16,0,10,5,53,0,6,5,13,20,31,5,12,1,0,0,18,0,25,1,1,21,7,0,1,55,37,1,1,1,0,63,0,5,0,33,27,1,1,1,3,16,1,0,5,1,1,23,0,55,11,27,8,6,1,35,76,12,1,1,40,2,25,4,6,10,1,27,29,55,35,9,55,0,55,71,0,40,70,33,76,35,50,55,0,38,15,34,116,54,31,74,17,54,13,81,31,24,23,28,34,41,31,11,17,1,71,55,54,4,71,59,0,76,36,36,29,55,14,22,4,58,28,21,81,55,44,42,31,37,54,23,76,28,0,1,52,38,23,55,25,15,76,22,29,21,55,77,46,27,31,0,0,56,28,38,35,35,27,8,1,30,12,17,14,76,16,8,18,68,22,55,0,24,36,36,41,36,0,72,44,10,27,25,44,55,28,1,30,55,1,36,53,52,55,55,38,31,2,1,65,31,0,75,30,0,76,71,71,4,64,1,79,15,54,6,25,58,21,28,35,32,35,31,8,9,33,80,60,71,54,73,30,29,81,11,27,22,26,47,69,23,54,6,55,26,4,11,71,44,54,18,55,27,3,31,54,35,0,55,7,4,16,0,37,31,28,22,1,1,0,66,3,36,27,21,0,6,32,16,41,53,5,47,33,25,17,52,1,31,15,0,0,29,48,21,31,32,9,0,55,39,34,44,35,76,35,55,35,45,76,55,31,8,25,25,20,0,1,7,55,0,19,36,0,43,55,76,0,50,1,0,35,6,30,1,3,1,2,16,0,1,72,28,0,0,77,1,6,4,27,1,10,62,21,72,27,32,24,27,34,43,11,8,55,0,50,5,61,37,36,22,67,52,21,47,82,41,35,76,29,23,18,35,28,33,37,54,19,29,76,37
5,3,1,19,23,23,23,23,23,34,23,6,24,23,35,23,2,52,23,0,0,77,33,23,0,16,0,23,115,23,0,0,78,2,23,54,116,93,21,91,12,23,0,12,0,23,0,0,21,0,23,5,23,14,21,0,0,23,23,35,23,0,23,23,19,23,17,23,0,0,88,17,23,19,23,23,23,0,14,55,23,21,23,21,23,23,23,26,0,93,64,7,10,0,0,23,93,89,23,94,60,100,0,0,23,24,17,19,32,23,7,23,104,23,30,23,8,34,0,29,18,23,23,20,23,23,15,21,23,21,1,22,23,115,9,23,23,23,23,67,0,23,9,0,0,25,23,23,27,35,23,23,23,23,23,1,9,104,35,27,5,23,23,0,93,0,2,23,4,23,0,26,23,22,23,0,78,101,0,7,113,23,96,88,0,11,93,23,93,0,89,113,23,95,23,8,54,116,0,93,0,27,3,88,0,12,0,61,0,0,0,14,37,4,93,93,100,26,62,64,21,93,0,0,63,105,19,0,23,61,0,11,88,98,22,8,0,95,116,50,93,0,23,2,6,41,0,115,9,15,93,0,0,27,93,70,41,0,0,23,21,93,0,9,0,0,0,15,23,5,0,0,0,59,0,19,0,48,0,93,23,0,0,0,5,0,21,89,14,5,0,0,7,115,0,23,0,108,23,34,62,30,93,63,0,0,25,23,83,6,23,24,0,23,93,93,88,26,40,23,88,0,112,24,6,58,0,0,0,0,0,0,5,13,6,87,36,93,116,79,5,0,88,29,0,0,0,85,54,0,108,23,94,0,23,23,88,22,103,0,93,11,26,0,116,0,23,97,1,26,29,23,0,0,73,0,23,23,23,93,26,23,0,60,15,23,0,1,5,91,23,63,6,0,0,30,23,0,2,0,23,63,25,0,0,0,0,23,93,24,0,26,0,93,0,93,1,5,93,93,0,23,0,0,0,23,23,17,93,12,0,45,23,75,115,93,23,16,24,23,1,3,0,23,27,23,11,22,23,23,93,0,23,3,60,23,28,21,0,23,23,74,5,63,0,24,5,0,1,20,0,2,95,24,88,23,93,13,1,0,52,24,0,38,88,13,0,93,3,19,0,3,0,57,0,33,0,8,93,0
69,58,18,10,61,42,58,53,24,0,22,40,57,58,5,58,10,53,45,74,56,7,47,58,109,30,87,49,0,54,62,46,32,56,55,19,0,0,37,1,50,54,84,38,91,58,55,39,32,90,57,23,59,60,55,36,40,55,41,19,56,4,55,31,40,50,15,33,47,74,0,37,56,55,57,49,55,61,28,7,58,55,58,0,58,58,54,55,88,2,35,31,3,112,2,43,5,0,42,0,40,4,110,105,33,57,36,53,57,41,19,0,0,30,54,33,25,15,54,52,4,58,25,54,9,55,13,55,58,36,28,43,55,0,8,58,55,58,54,40,25,58,31,83,76,54,56,58,54,24,57,48,44,58,58,91,34,0,36,26,25,44,58,61,23,22,43,41,60,55,0,55,38,5,58,111,6,0,71,10,0,46,0,21,27,89,15,22,23,100,0,0,53,0,11,13,31,0,116,19,46,76,2,28,108,15,45,0,58,26,71,19,31,8,16,0,0,55,49,35,54,23,95,101,0,0,2,3,58,22,112,34,28,0,0,58,50,0,0,13,23,89,55,58,47,10,36,0,45,12,21,7,64,5,0,36,24,94,59,58,37,1,6,75,65,57,63,26,55,5,20,41,36,0,39,4,1,34,42,0,50,0,61,85,77,92,26,23,3,12,49,9,85,0,97,29,81,0,59,36,39,24,0,29,29,100,53,56,22,0,39,53,55,30,23,16,18,55,55,56,26,41,0,24,40,46,43,51,58,110,66,55,18,35,4,29,55,16,0,29,11,53,28,32,0,2,86,0,0,0,0,51,0,11,2,24,25,9,0,0,0,3,54,72,0,79,57,0,25,55,36,55,35,26,21,43,58,57,43,11,54,41,65,21,8,49,59,25,59,0,58,20,16,71,1,11,58,115,4,11,48,0,0,62,113,109,13,29,0,14,58,53,58,23,62,0,60,65,23,0,54,44,1,0,43,50,56,29,0,27,2,15,54,35,0,23,54,57,41,50,64,17,3,46,54,58,40,27,54,55,17,1,49,1,0,58,21,28,68,56,20,0,1,26,89,20,4,7,58,2,74,50,0,57,0,45,6,62,64,4,49,59,43,17,27,57,57,23,5,76,50,59,53,42,90,0,1,2,21,91
23,3,0,0,0,0,0,0,0,28,0,4,1,0,36,0,0,68,0,19,18,54,49,0,19,0,15,0,92,0,19,1,97,0,0,46,93,94,0,93,23,0,19,0,19,0,15,4,22,13,0,0,2,33,0,12,8,0,0,35,0,3,0,0,2,0,0,0,2,15,92,0,0,0,0,0,0,19,9,66,0,0,0,16,0,0,0,3,19,94,41,0,5,19,1,0,96,90,0,94,45,79,19,19,0,1,0,0,15,0,0,0,87,0,7,0,6,27,15,6,21,0,0,0,5,0,1,0,0,6,0,1,0,94,13,0,0,0,0,87,0,0,0,15,11,2,0,0,4,12,0,0,0,0,0,17,0,89,12,8,0,0,0,19,112,1,0,0,23,0,1,3,0,0,0,19,55,94,19,7,94,0,97,107,3,30,112,27,112,19,92,94,0,72,0,9,74,93,19,116,4,46,3,107,19,6,7,62,19,4,15,18,18,3,107,94,93,3,81,87,0,112,19,19,66,94,0,1,0,74,19,6,107,94,26,27,16,76,93,52,112,19,0,0,23,32,9,94,16,0,112,3,18,27,94,89,53,19,19,0,0,95,1,25,19,19,19,0,0,9,1,7,1,60,1,2,0,67,12,94,0,0,19,19,24,19,0,108,15,10,10,1,26,94,19,0,14,94,0,57,85,30,94,85,22,19,2,0,101,7,0,44,14,0,112,112,100,3,59,0,105,3,93,1,1,72,5,12,19,19,19,16,10,10,9,106,55,113,93,98,9,14,107,12,1,3,22,86,58,1,93,0,94,1,0,0,107,24,93,0,94,8,3,15,93,19,0,94,0,3,6,0,7,1,50,9,0,0,0,108,3,31,19,37,0,6,16,2,24,92,0,81,7,17,0,33,0,19,3,0,0,67,26,16,19,19,3,0,94,7,19,45,19,112,19,94,20,21,112,94,15,0,4,1,4,0,0,0,97,0,1,22,0,52,94,112,0,35,1,0,20,8,1,0,4,0,2,1,0,0,108,0,0,3,61,0,11,0,19,0,0,78,5,79,19,21,5,0,20,24,2,0,97,1,92,0,97,26,20,3,71,43,8,25,108,32,19,112,4,21,3,20,12,34,19,34,3,9,112,19
58,13,58,0,10,16,7,8,17,24,7,30,7,7,17,7,61,20,21,73,59,0,69,7,45,11,66,16,0,9,58,10,15,14,10,27,0,6,7,7,91,7,36,31,71,7,71,107,26,65,8,67,10,65,7,55,98,7,25,26,8,17,7,0,32,16,39,10,46,59,0,34,10,13,7,16,9,70,5,16,7,9,7,39,7,7,12,7,59,8,7,33,10,43,31,29,0,6,13,6,15,0,43,54,8,7,32,14,14,14,17,37,6,2,7,29,29,39,68,7,18,7,5,10,7,7,18,7,7,13,38,7,7,0,16,7,7,7,7,11,26,12,49,70,86,9,9,7,7,24,8,7,21,7,7,62,45,6,20,20,65,21,7,57,5,88,37,7,63,9,35,7,27,0,7,43,0,14,80,65,0,19,0,5,47,58,8,88,5,62,0,0,7,0,9,21,17,0,46,4,116,54,19,10,52,22,103,15,61,36,91,48,26,14,8,8,0,7,34,21,7,5,66,60,7,10,4,38,13,17,43,9,10,0,5,59,92,6,0,26,5,56,7,12,37,42,50,0,101,39,3,22,51,51,5,28,20,58,53,7,7,6,45,73,66,69,49,34,7,6,46,106,106,5,78,45,6,48,51,15,14,17,60,77,78,67,28,5,57,72,62,12,65,0,59,20,64,6,7,21,19,6,5,19,13,61,11,9,3,8,27,27,66,36,5,8,20,7,58,9,10,76,4,41,17,20,95,64,90,48,60,60,36,17,20,11,58,7,0,19,51,58,10,17,47,17,58,6,3,51,8,14,6,26,21,7,10,2,10,11,6,21,7,86,0,83,7,18,41,7,28,7,55,55,7,95,7,8,7,10,7,89,52,10,35,18,66,36,70,6,12,4,30,39,8,3,7,46,1,55,16,8,27,94,49,51,31,0,18,26,62,44,61,5,73,3,73,73,5,5,64,28,30,32,84,10,9,29,2,8,22,5,7,7,0,5,12,71,15,7,56,35,54,7,7,7,38,9,7,11,7,39,15,31,5,7,34,19,49,7,9,6,49,32,66,43,10,22,60,7,34,27,0,7,2,20,1,75,59,30,42,67,105,45,9,79,67,5,41,34,91,56,78,7,66,16,23,28,3,69
74,26,8,3,27,14,24,21,12,6,16,9,25,24,25,24,15,44,21,77,60,17,68,24,75,0,75,16,27,21,59,13,45,26,20,13,27,27,14,28,65,21,56,10,89,24,61,47,35,73,23,17,29,79,21,41,44,21,14,17,24,3,21,3,13,21,21,4,40,78,27,9,23,22,24,20,22,65,25,19,24,21,24,7,24,24,24,21,78,29,30,14,2,73,2,29,32,27,14,27,29,18,70,83,14,25,11,20,23,18,12,11,27,3,31,32,6,12,62,24,15,24,3,21,12,21,2,21,24,23,0,20,21,27,6,24,21,24,21,57,0,29,11,85,63,22,26,24,22,46,23,17,26,24,24,55,9,27,23,35,15,26,24,65,50,31,9,18,68,26,0,21,37,3,24,73,18,27,78,17,27,18,27,43,24,93,42,38,50,83,22,27,21,27,12,10,54,27,76,46,54,116,0,55,78,5,53,24,62,32,76,26,41,9,43,27,27,21,81,52,21,50,89,83,13,27,0,0,28,42,73,21,55,27,10,66,54,25,27,25,50,76,21,24,46,22,42,27,51,14,48,11,59,14,27,59,37,81,62,24,14,28,11,91,72,65,58,35,21,8,0,47,44,21,43,16,0,62,46,27,21,0,68,88,83,89,18,46,14,21,54,8,87,27,77,20,84,27,24,43,50,22,27,44,26,84,21,26,38,6,14,59,62,24,50,43,45,21,79,26,53,46,27,34,34,60,49,58,65,78,72,58,23,36,7,56,75,43,27,48,16,57,55,26,1,5,59,27,16,1,27,31,27,11,10,18,45,17,27,0,27,3,21,78,27,86,24,27,0,21,36,21,31,18,46,51,24,23,16,38,21,65,62,31,6,27,65,0,72,27,29,36,20,47,0,7,24,76,3,13,16,22,14,56,78,77,19,7,27,24,64,67,63,50,69,27,68,70,50,27,58,31,2,0,50,18,26,0,27,5,1,16,21,33,27,50,22,81,19,16,69,22,8,21,22,24,11,20,21,21,44,6,16,6,21,24,23,18,60,21,14,20,1,42,75,4,0,7,63,5,41,34,27,25,22,26,33,70,73,8,79,77,51,25,54,67,63,50,10,55,54,66,59,37,89,12,3,1,48,89
18,19,55,49,10,24,11,16,34,50,44,32,11,11,41,11,57,0,16,13,28,9,5,11,3,39,3,15,3,12,28,18,0,28,13,2,3,8,23,9,19,14,26,12,0,11,30,24,39,3,11,26,8,13,12,35,25,15,15,30,11,67,15,31,12,14,28,28,32,15,17,15,11,11,11,15,11,14,37,33,11,10,11,48,11,11,15,11,9,7,9,39,68,2,81,15,8,12,21,7,1,5,6,2,30,11,11,13,9,21,62,39,1,32,9,17,34,33,24,11,56,11,36,13,46,15,39,12,11,18,56,21,14,2,63,11,14,11,14,3,55,9,23,5,17,11,11,11,11,15,11,16,14,11,11,8,22,0,11,26,26,13,11,28,0,47,39,26,20,10,69,11,11,67,11,2,9,8,10,38,0,15,13,3,55,0,3,24,0,3,14,0,15,3,48,56,13,3,2,3,19,0,116,0,1,29,26,31,28,45,3,53,10,65,0,0,11,11,0,13,12,0,1,3,29,0,46,63,10,20,2,39,0,10,63,23,15,3,3,32,0,10,15,28,32,21,37,2,19,47,0,69,29,31,8,0,29,2,29,12,23,8,52,2,24,28,29,34,14,76,54,29,26,31,24,31,84,8,36,12,15,66,25,2,0,2,20,2,52,52,27,67,3,2,2,23,5,0,12,35,11,29,9,9,69,1,12,11,6,74,17,20,18,14,0,2,0,11,0,11,0,28,3,17,32,3,34,24,19,2,26,31,53,31,61,0,2,3,3,3,40,28,0,22,72,80,10,16,36,63,11,11,7,65,39,43,0,60,1,85,8,45,11,5,3,7,11,8,55,11,9,15,50,53,3,31,11,11,21,3,11,12,28,9,46,9,25,52,19,10,9,25,65,29,83,47,11,1,86,45,16,40,65,12,1,0,55,35,11,21,25,24,26,0,20,8,12,5,0,9,28,15,66,72,28,19,11,18,11,45,88,30,14,3,2,0,12,7,21,18,24,55,67,19,11,11,24,32,16,11,0,53,13,70,30,11,24,25,26,15,41,18,61,8,5,21,65,61,27,62,14,28,14,11,15,11,8,1,23,57,0,2,26,30,0,5,26,0,48,2,17,27,15,9,3,51,99,52,0,0
21,2,0,0,0,0,0,0,0,27,0,4,1,0,35,0,0,74,0,28,26,54,55,0,28,0,24,0,87,0,28,0,106,0,0,45,88,88,0,89,32,0,28,0,28,0,24,10,26,22,0,0,2,40,0,15,14,0,0,36,0,0,0,0,2,0,0,0,4,23,85,0,0,0,0,0,0,28,8,57,0,0,0,15,0,0,0,3,28,90,41,0,0,28,0,0,93,86,0,88,39,78,28,28,0,1,0,0,15,0,0,0,87,0,7,0,6,27,23,6,18,0,0,0,0,0,0,0,0,5,0,1,0,88,9,0,0,0,0,94,0,0,0,24,20,2,0,0,4,12,0,0,0,0,0,23,0,88,12,8,0,0,0,28,111,5,0,0,32,0,0,3,0,0,0,28,55,88,28,8,88,0,88,104,1,39,103,33,111,28,83,88,0,72,0,8,81,88,28,107,10,55,0,116,28,0,16,56,28,9,24,19,18,0,104,88,88,3,90,88,0,111,28,28,61,88,0,0,0,83,28,5,116,88,19,36,22,71,88,56,111,28,0,0,27,32,15,88,25,0,109,0,26,27,88,98,55,28,28,0,0,89,0,31,28,28,28,0,0,5,0,10,7,56,9,0,0,70,14,88,0,0,28,28,33,28,0,107,14,3,19,0,35,88,28,0,23,88,0,58,86,29,88,88,20,28,2,0,99,6,0,51,23,0,111,104,106,3,68,0,114,10,88,1,0,79,14,21,28,28,28,24,2,10,1,115,64,104,88,107,0,23,116,12,0,0,25,80,49,0,88,0,88,0,0,0,106,20,88,0,88,2,3,24,88,28,0,88,0,3,6,0,12,3,50,15,0,0,0,99,3,37,28,37,0,6,25,1,33,86,0,80,8,26,0,26,0,28,0,0,0,60,25,22,28,28,0,0,88,6,28,54,28,111,28,88,29,27,111,88,24,0,0,0,13,0,0,0,88,0,0,17,0,52,88,111,0,44,1,0,29,2,0,0,4,0,2,0,0,0,105,0,0,0,57,0,6,0,28,0,0,69,0,86,28,20,0,0,29,17,4,0,88,1,83,0,94,35,29,0,80,52,14,24,115,41,28,111,0,25,11,29,21,34,28,33,0,6,109,28
69,52,20,7,55,37,52,48,20,0,19,33,51,52,5,52,14,53,41,71,57,4,52,52,108,24,86,42,0,48,64,41,30,54,47,21,0,0,32,1,56,48,81,39,94,52,56,45,32,88,51,29,53,57,49,41,46,47,43,20,52,8,47,24,34,44,12,27,51,73,0,33,50,49,51,43,49,65,27,7,52,49,52,3,52,52,47,49,86,2,30,25,3,106,2,37,5,0,37,0,35,4,102,105,32,51,38,48,51,36,15,1,0,24,47,27,20,19,57,48,5,52,21,48,10,47,8,49,52,32,24,40,49,0,10,52,49,52,48,41,24,57,35,84,79,48,54,52,48,23,51,40,39,52,52,87,36,0,31,25,27,39,52,61,23,28,36,38,63,54,4,49,36,4,52,105,3,0,73,13,0,42,0,21,31,93,15,27,23,103,0,0,48,0,7,11,31,0,108,19,52,78,1,28,116,16,51,0,59,27,75,20,31,8,16,0,0,49,49,35,48,23,93,103,1,0,1,5,56,23,106,32,28,0,0,61,56,0,0,17,23,85,47,52,50,5,37,0,49,9,21,11,63,9,0,36,22,92,58,50,32,1,10,78,67,61,62,25,49,3,22,45,42,0,43,5,1,34,42,0,45,5,63,91,81,94,22,23,6,18,49,10,82,0,90,24,83,0,51,38,38,21,0,35,28,98,47,54,22,0,41,56,61,26,23,16,18,49,58,54,26,40,0,22,39,46,44,54,63,111,67,54,18,31,3,29,58,16,0,29,15,54,28,29,3,6,93,0,0,4,0,49,0,15,1,21,25,8,0,1,0,8,48,76,0,83,51,0,27,49,33,47,33,27,22,49,52,51,38,11,48,46,66,18,5,44,60,27,63,0,57,20,16,70,2,10,52,109,4,15,42,0,3,64,110,112,13,26,0,19,61,52,59,23,64,0,67,68,23,0,54,42,7,4,49,44,54,23,0,24,0,10,48,33,0,23,48,62,36,42,64,18,7,41,48,52,35,25,47,48,17,4,42,0,0,52,18,27,65,48,17,0,5,26,86,22,0,10,59,5,69,47,0,51,0,42,6,69,68,8,49,61,49,23,27,60,58,23,9,77,54,59,58,37,91,0,3,4,21,94
12,35,29,61,43,36,45,42,30,47,56,30,44,45,25,45,46,5,36,9,12,34,2,45,17,30,26,45,13,45,6,49,2,29,46,19,12,6,42,4,17,43,4,45,16,45,8,22,10,24,44,45,43,8,46,10,30,42,43,10,43,45,42,37,39,41,31,43,45,9,6,40,43,50,44,42,46,16,56,49,45,48,45,61,45,45,40,44,12,5,17,30,53,18,44,36,7,4,40,6,24,18,16,15,39,44,40,50,25,32,43,34,4,37,43,40,33,28,4,42,22,45,33,42,52,42,65,46,45,64,33,45,44,13,40,45,44,45,43,12,18,44,47,16,18,45,45,45,43,34,44,42,43,45,45,24,48,4,44,53,45,42,45,9,5,18,41,33,6,46,42,44,45,46,45,17,33,17,11,21,15,39,6,12,19,11,10,22,5,12,13,15,42,23,42,40,24,12,15,6,22,5,29,0,16,116,22,14,11,34,21,30,41,17,12,13,8,44,0,8,45,5,16,12,14,13,67,42,42,10,18,55,0,10,43,3,22,31,12,2,5,12,42,29,36,34,17,13,22,63,7,29,9,17,7,0,5,15,10,43,42,6,43,6,0,4,10,29,44,42,33,24,22,30,33,43,33,8,16,21,40,41,6,11,21,15,47,5,46,27,17,41,10,13,19,41,12,10,44,9,11,43,6,4,35,16,42,45,7,40,39,40,10,38,5,6,4,44,2,45,2,14,16,38,53,20,24,12,10,16,1,14,18,35,44,0,2,6,12,0,53,13,0,27,54,32,21,6,37,62,20,45,6,38,40,50,5,32,9,29,6,69,43,12,12,7,44,21,33,44,43,42,43,52,28,19,45,44,38,11,43,18,6,39,40,37,2,33,7,6,44,1,45,15,32,45,45,16,33,27,43,4,37,12,15,16,15,30,19,64,9,0,10,5,8,9,15,23,5,6,16,37,39,42,20,39,45,46,7,16,28,62,43,13,13,5,45,10,32,42,10,15,47,36,43,45,51,61,41,45,11,44,45,19,30,45,63,40,5,43,59,28,63,11,15,38,50,41,11,40,29,24,6,44,11,44,6,24,3,42,9,9,18,38,1,16,9,5,48,32,33,11,20,19,15,27,34,70,7,18
57,0,52,7,3,9,0,1,24,18,0,17,0,0,11,0,48,14,14,72,72,0,63,0,44,12,65,9,0,2,71,5,21,2,3,21,0,0,0,1,97,0,49,20,70,0,84,108,28,62,1,54,3,74,0,56,92,0,18,20,1,14,0,7,19,9,40,10,33,58,0,21,3,6,0,9,2,83,5,19,0,2,0,39,0,0,5,0,58,2,0,26,17,42,25,22,5,0,6,0,2,0,42,53,1,0,19,7,1,7,10,44,0,9,0,22,23,33,81,0,25,0,12,3,14,0,12,0,0,0,32,0,0,0,14,0,0,0,0,17,27,5,36,69,85,2,2,0,0,17,1,0,14,0,0,49,32,0,13,13,52,14,0,70,11,89,24,0,76,2,29,0,20,7,0,42,0,8,79,59,0,12,0,11,37,57,11,82,11,61,0,0,0,0,16,15,23,0,45,7,103,53,26,16,51,22,116,10,74,41,90,55,19,21,12,4,0,0,40,24,0,11,65,59,4,4,11,32,6,28,42,2,16,0,3,72,86,6,0,31,11,55,0,0,31,36,61,0,107,32,9,27,64,52,0,34,21,57,66,0,0,1,39,60,79,82,62,27,0,4,40,96,107,0,89,52,8,45,59,12,7,12,73,76,77,66,21,11,51,81,73,6,64,0,58,13,61,0,0,31,22,0,0,22,23,60,4,2,9,2,20,33,77,29,11,4,14,0,64,2,14,74,4,34,10,17,106,77,103,47,73,71,45,10,17,17,64,4,0,25,48,69,16,4,41,24,54,0,0,45,8,7,0,21,28,0,16,2,4,12,0,21,0,85,0,82,0,12,35,0,21,0,49,49,0,94,0,1,0,7,0,83,65,3,42,5,79,30,83,0,5,7,41,50,9,1,0,45,8,56,9,6,21,81,48,50,38,7,12,26,75,57,74,11,86,0,86,67,11,0,77,21,27,27,97,3,2,23,0,9,23,5,0,0,0,11,5,84,8,0,69,44,48,0,0,0,25,2,0,4,13,33,8,33,0,0,27,12,62,0,2,4,43,38,65,37,5,16,73,5,21,15,0,0,0,13,6,79,72,37,48,73,106,38,15,85,80,11,36,30,90,67,91,0,65,10,27,24,9,68
5,32,39,0,0,0,0,0,3,38,0,41,1,0,65,0,29,28,4,2,3,46,30,0,2,17,2,3,61,2,3,27,46,30,3,35,61,83,0,80,20,0,0,11,0,0,3,15,51,2,0,15,2,26,0,14,17,0,3,70,0,40,0,0,15,2,8,0,28,0,80,13,0,2,0,3,2,7,32,29,0,2,0,31,0,0,0,1,0,81,21,35,46,0,33,4,78,83,0,82,29,48,0,0,0,1,13,3,5,2,27,5,61,0,7,0,43,39,5,4,42,0,0,2,5,0,20,0,0,9,38,1,0,62,48,0,0,0,0,39,45,0,15,0,8,4,0,0,2,12,0,0,2,0,0,14,13,62,20,6,15,2,0,0,61,34,29,0,7,0,51,1,0,9,0,0,45,67,8,54,62,3,78,57,29,8,62,33,61,0,73,62,0,56,0,44,28,61,0,62,15,24,31,56,0,14,10,116,3,24,10,38,14,30,62,73,77,1,48,53,0,61,0,0,72,67,3,54,0,40,0,30,56,78,59,5,15,63,61,68,61,0,0,30,9,27,12,62,19,8,62,35,0,47,83,42,43,0,0,0,0,83,49,14,0,3,0,11,0,47,46,17,15,59,8,10,44,51,5,69,2,43,0,0,13,0,3,59,38,40,3,39,5,62,2,0,0,67,0,30,51,26,84,44,15,0,0,0,53,50,3,16,3,5,61,65,61,1,30,0,56,35,61,6,24,33,10,3,10,0,0,3,38,33,37,56,28,64,61,52,41,3,56,17,39,38,17,91,54,36,61,0,82,45,3,0,56,57,66,43,83,40,1,4,61,2,0,67,38,1,4,0,5,25,39,19,0,0,0,64,1,38,0,40,3,11,2,40,8,85,0,62,10,3,43,49,0,0,39,41,3,99,52,15,0,0,29,0,70,7,3,25,3,61,8,81,9,13,61,84,3,2,43,50,5,0,0,13,80,13,44,19,0,26,62,61,2,26,3,0,1,36,44,0,2,0,15,1,0,2,62,49,3,44,58,0,27,2,0,0,0,59,42,38,3,16,43,38,4,57,26,28,79,1,76,3,78,18,1,40,54,32,15,5,57,23,3,61,52,9,10,3,8,15,0,62,32,22,62,0
89,0,12,32,3,7,0,5,36,1,20,4,0,0,7,0,14,26,1,90,114,0,63,0,54,29,65,0,0,1,100,0,35,0,2,10,0,0,22,1,66,3,84,5,75,0,104,70,46,67,0,12,3,84,3,84,58,4,2,8,0,15,4,28,4,1,41,8,19,88,0,3,0,0,0,2,0,102,2,11,0,1,0,5,0,0,2,0,76,2,0,10,31,54,19,8,5,0,12,0,2,0,58,63,27,0,7,2,0,10,15,44,0,29,0,21,4,6,97,0,45,0,31,2,40,4,8,3,0,0,4,16,3,0,0,0,3,0,3,27,19,3,5,77,58,0,0,0,0,22,0,11,5,0,0,53,4,0,3,13,12,5,0,112,23,51,3,19,103,0,5,0,17,37,0,54,0,0,88,37,0,2,0,21,38,65,15,41,23,63,0,0,4,0,30,1,34,0,58,19,61,62,28,28,59,11,74,3,116,45,75,59,10,51,16,0,0,0,51,34,3,23,74,62,8,0,41,5,3,49,54,0,28,0,9,103,68,0,0,13,23,77,4,0,58,13,91,0,67,18,21,33,106,30,0,46,43,69,108,1,22,1,21,72,101,108,104,36,3,17,5,58,65,0,85,44,38,51,93,0,2,20,109,75,73,77,27,27,14,43,105,33,79,0,67,31,77,0,1,64,34,0,0,31,65,70,1,0,31,23,2,43,99,14,23,16,18,0,70,0,26,56,0,19,7,21,80,105,87,59,105,109,75,15,33,29,74,16,0,30,26,111,28,13,3,34,51,0,0,7,0,4,0,2,58,19,28,4,0,32,0,7,0,76,0,76,0,0,5,0,20,4,48,19,0,58,0,0,14,11,0,59,101,0,41,0,97,4,92,0,3,28,55,92,39,0,0,57,38,50,3,0,1,66,57,57,62,30,0,9,113,86,114,23,100,0,98,64,23,0,111,8,6,7,85,8,0,4,0,30,22,0,3,0,0,23,1,82,10,9,108,74,14,12,0,0,4,14,5,0,17,15,4,45,0,0,21,24,99,4,19,0,8,31,68,4,25,18,115,6,17,8,0,0,0,4,6,72,103,35,54,81,72,9,27,85,110,23,9,26,74,107,88,0,78,1,27,21,21,74
39,29,36,30,3,11,2,5,29,38,30,23,2,2,50,2,38,7,9,46,44,0,31,2,29,14,31,2,0,3,39,48,10,27,3,9,0,12,13,15,36,5,40,3,32,2,50,38,59,29,3,19,4,38,4,25,36,6,2,22,3,52,6,17,7,7,17,22,69,38,18,6,4,7,3,6,3,38,51,39,2,2,2,38,2,2,7,2,31,12,0,37,55,24,60,15,18,16,12,12,5,6,27,35,14,2,3,7,3,18,52,25,0,17,2,12,34,9,52,2,50,2,22,5,38,6,40,4,2,22,26,7,4,1,60,2,4,2,5,19,34,6,9,42,37,2,4,2,2,14,3,7,12,2,2,19,6,1,1,30,17,13,2,46,6,39,15,14,45,5,59,2,9,32,2,25,0,1,44,40,1,6,13,13,18,27,8,23,6,35,18,1,6,0,41,53,41,0,26,4,36,32,45,9,27,34,41,24,45,116,43,46,16,42,9,13,12,2,30,21,5,6,32,36,23,5,37,56,6,23,24,47,9,13,57,46,34,6,0,34,6,31,6,25,64,8,37,1,39,29,6,57,40,41,13,9,23,27,45,4,13,14,69,30,53,45,41,20,4,64,35,29,36,42,36,26,64,10,39,9,8,61,49,37,34,34,3,8,51,34,49,74,35,1,24,12,36,1,3,39,20,45,13,11,43,27,4,4,9,68,5,57,39,9,6,2,8,2,28,4,7,63,4,17,52,19,43,53,38,30,48,44,55,40,79,9,30,2,0,15,72,43,9,10,57,62,25,12,41,53,0,9,12,62,22,27,6,55,4,61,12,61,3,43,0,37,3,5,26,2,9,6,64,64,3,26,2,3,14,5,3,28,40,0,20,3,50,33,43,14,6,6,60,39,62,57,2,25,61,41,6,26,39,24,27,29,48,19,8,50,48,38,47,6,47,13,38,38,6,13,50,15,54,58,43,11,4,12,13,17,61,21,5,0,1,6,3,35,16,7,44,56,52,8,2,2,2,35,7,3,10,61,7,42,41,2,8,23,39,5,26,34,45,33,29,18,66,60,45,57,53,34,13,2,18,10,19,36,48,56,32,35,32,37,10,37,49,6,67,20,36,44,41,2,37,48,52,44,6,33
78,18,33,0,21,16,18,18,21,8,11,21,18,18,13,18,36,27,26,89,73,2,69,18,70,7,91,19,0,20,72,16,30,20,21,16,0,0,9,1,78,18,54,24,96,18,81,84,22,87,19,42,21,79,18,54,73,18,22,16,17,7,18,0,29,27,36,10,51,80,0,25,21,24,18,27,20,81,15,11,18,20,18,21,18,18,23,18,82,2,9,34,10,68,11,36,5,0,17,0,11,0,68,79,10,18,27,24,19,20,17,31,0,2,18,40,17,19,82,17,18,18,5,21,10,18,16,18,18,17,17,13,18,0,11,18,18,18,18,32,18,23,34,93,79,20,20,18,18,32,19,12,32,18,18,66,28,0,22,28,40,32,18,71,19,63,22,13,77,20,18,18,38,0,18,68,0,0,101,52,0,24,0,19,31,81,19,64,19,87,0,0,17,0,13,10,31,0,71,15,91,76,3,24,75,21,90,10,75,43,116,38,34,14,20,4,0,18,50,30,18,19,91,85,4,4,4,21,24,29,68,16,24,0,1,73,83,6,0,24,19,79,18,18,41,20,62,0,88,29,17,15,65,38,0,42,23,83,67,18,9,1,32,83,84,79,63,42,18,1,21,84,81,0,71,41,1,53,60,4,23,7,74,100,99,92,27,19,33,57,74,6,88,0,84,22,85,0,18,32,31,9,0,27,24,86,22,20,17,0,24,45,77,41,19,12,22,18,70,20,22,74,4,47,28,40,83,78,93,73,78,72,38,24,17,25,70,12,0,33,41,70,24,9,22,12,78,0,0,26,0,25,0,16,21,13,24,5,4,1,0,18,18,103,0,100,18,4,20,18,39,18,35,34,15,82,18,19,11,15,18,69,68,14,23,18,80,15,83,0,23,15,26,51,2,6,18,71,1,46,21,2,5,85,74,76,31,4,4,34,76,58,75,19,91,0,86,78,19,0,78,35,16,16,75,18,20,18,0,2,9,5,18,9,0,19,23,85,21,14,70,37,29,15,18,18,22,16,17,22,21,26,20,22,0,18,40,21,65,18,11,4,24,44,89,18,3,15,74,4,39,33,0,18,0,27,6,92,77,27,58,83,80,32,23,91,81,19,31,53,86,68,87,15,90,8,4,15,17,94
38,12,47,28,3,5,0,2,28,13,18,22,0,0,20,0,40,13,2,37,57,10,19,0,15,21,25,4,14,4,43,17,26,13,5,26,14,17,22,20,37,2,38,13,26,0,55,53,58,32,0,30,6,40,3,38,37,3,4,29,1,38,3,22,10,2,28,4,31,41,28,9,0,7,1,4,3,53,15,20,0,5,0,28,0,0,1,0,24,19,0,27,50,15,33,9,18,21,8,17,2,14,17,24,23,0,13,9,0,8,26,26,14,21,0,8,22,20,43,0,73,0,23,5,34,3,12,3,0,0,30,16,1,14,21,0,1,0,2,18,33,3,17,36,39,2,0,0,0,10,0,11,6,0,0,25,18,14,8,18,30,6,0,55,16,68,28,16,50,0,28,0,7,31,0,16,10,22,45,50,16,4,21,16,51,17,22,40,16,23,23,16,3,14,24,14,11,14,19,18,48,26,53,19,20,30,55,38,59,46,38,116,24,54,21,20,18,0,34,34,4,16,25,22,37,18,35,28,3,45,15,13,19,18,30,47,31,18,14,27,16,26,3,13,25,18,51,14,48,30,14,45,49,62,18,5,35,21,53,2,22,19,34,29,44,51,49,33,1,37,36,58,55,9,71,42,48,28,67,32,5,33,52,26,29,28,21,20,49,64,63,36,30,14,20,18,36,14,1,57,34,5,18,34,38,21,0,0,24,37,4,12,51,6,16,17,23,0,21,0,21,51,18,11,20,24,65,61,44,20,48,56,70,40,46,19,25,18,14,19,54,61,19,10,38,53,33,17,11,37,22,4,17,21,40,16,21,25,18,43,17,24,1,36,14,26,1,26,31,0,10,3,27,40,14,33,0,0,12,21,1,37,44,13,31,1,43,34,36,19,3,32,49,51,48,21,0,18,51,49,5,37,25,29,18,18,66,24,29,12,58,30,59,16,53,20,53,24,16,18,62,9,29,31,61,4,0,10,21,24,35,0,2,4,14,16,2,36,6,7,54,73,45,10,0,0,18,11,4,2,18,35,6,40,8,0,19,22,44,2,17,19,38,29,21,20,32,28,59,27,28,20,21,0,21,8,19,39,47,61,43,37,51,18,18,40,53,16,29,19,56,55,56,0,29,13,51,40,14,25
29,46,21,55,82,68,79,78,65,14,70,36,78,79,13,79,41,11,76,30,10,65,16,79,30,37,36,73,38,78,8,39,20,55,77,24,37,18,66,18,11,78,9,52,38,79,18,19,17,38,80,59,78,17,77,10,8,77,69,7,78,0,77,59,58,76,66,59,32,32,18,58,80,82,78,74,78,10,46,8,79,77,79,25,79,79,75,81,33,18,57,48,12,29,4,84,18,18,68,19,45,46,28,35,65,78,56,82,59,72,46,60,37,60,75,83,28,22,16,81,22,79,55,75,53,77,32,77,79,69,17,73,79,36,4,79,79,79,78,26,13,83,49,43,19,78,81,79,80,80,80,67,82,79,79,19,47,35,64,91,57,80,79,13,18,15,41,70,13,80,2,81,89,42,79,28,72,22,27,17,34,72,21,19,15,34,22,17,18,31,19,34,78,58,64,9,17,37,31,18,26,41,10,18,31,41,19,14,10,16,34,24,116,27,22,22,25,81,28,17,76,18,42,31,18,34,41,2,85,19,29,48,18,23,5,14,10,54,37,12,18,30,77,53,7,27,15,36,17,61,18,12,10,27,18,8,23,31,11,77,66,18,8,39,22,13,7,72,79,0,2,24,19,8,14,65,0,14,17,22,75,0,16,37,29,39,66,14,15,19,15,0,40,36,31,74,38,29,78,13,21,24,18,14,1,37,81,81,13,0,66,8,15,76,18,18,22,81,15,81,18,23,41,86,60,47,17,17,15,31,21,11,8,71,13,18,11,18,37,17,14,10,18,58,7,5,25,18,8,12,29,86,19,9,58,70,21,10,32,0,18,21,80,36,37,34,78,26,14,81,92,77,2,4,79,23,79,80,73,22,80,14,11,77,48,70,18,2,14,18,83,14,11,1,0,11,79,32,5,8,74,14,6,12,33,32,18,58,22,74,12,2,11,18,18,18,14,19,18,18,14,86,4,2,17,76,81,49,18,34,4,54,78,49,36,18,78,16,73,72,13,7,10,76,80,79,54,68,77,79,22,8,74,16,8,79,57,68,9,78,71,18,5,28,29,10,9,9,10,8,32,58,20,78,18,81,18,34,21,12,26,17,15,44,18,16,12,18,18,55,24,13,15,64,39,6,3,9,18,39
39,45,25,53,28,36,29,34,47,7,45,49,29,29,25,29,38,7,30,32,51,20,13,29,11,38,24,29,4,30,48,39,6,54,31,14,4,15,49,17,11,32,38,23,16,29,44,23,60,24,29,20,26,24,30,43,16,33,30,30,29,45,33,57,23,30,50,34,26,35,24,24,29,29,29,31,29,37,39,7,29,28,29,28,29,29,31,29,30,15,19,52,56,8,36,25,16,19,41,16,8,6,12,6,56,29,27,31,19,39,67,58,5,58,27,42,49,11,37,29,56,29,60,31,53,33,8,30,29,15,31,43,32,3,36,29,32,29,32,0,52,29,25,24,1,29,29,29,29,41,29,40,26,29,29,7,24,4,24,31,20,27,29,55,0,42,42,48,40,30,35,29,38,50,29,8,20,1,23,46,1,31,22,0,61,17,3,16,0,4,20,1,33,15,51,28,1,4,8,3,14,9,65,0,8,17,21,30,51,42,14,54,27,116,0,8,20,29,0,9,30,0,16,5,28,1,49,32,28,24,8,44,0,18,45,43,14,12,4,22,0,31,33,54,19,24,49,3,14,33,0,58,58,37,16,10,21,23,54,30,49,16,33,20,42,43,58,41,32,53,28,24,21,21,39,52,71,18,63,4,31,48,52,16,10,18,54,4,20,42,51,53,22,3,21,60,23,0,30,39,8,21,16,13,46,20,30,29,10,55,30,1,39,43,0,2,0,29,10,29,0,46,4,40,43,3,29,47,22,10,47,49,85,53,52,0,14,3,4,1,33,51,0,38,23,63,14,15,23,17,4,25,16,33,73,44,3,42,2,64,15,40,29,21,4,17,29,1,31,29,38,33,17,18,19,14,29,29,43,3,29,10,55,23,64,25,41,29,29,17,29,17,37,42,69,37,29,7,79,57,32,35,22,19,7,8,79,59,3,15,48,37,49,0,35,16,33,10,0,16,52,25,36,38,35,37,29,25,19,44,53,17,32,14,3,0,30,19,39,38,51,86,24,41,29,29,25,31,34,29,0,36,33,76,20,29,25,43,53,33,44,15,18,2,22,4,50,41,50,42,30,48,21,29,19,25,16,15,46,50,1,18,21,10,0,20,45,0,27,16,26,52,30,19,21,26,54,23,0,17
20,3,4,2,0,0,0,0,0,28,0,4,1,0,36,0,0,64,0,16,15,54,45,0,16,0,20,0,92,0,16,5,94,0,0,50,93,94,2,93,20,0,16,2,16,0,20,8,22,22,0,4,4,28,2,8,4,0,0,35,0,0,0,0,2,0,0,0,6,12,91,0,0,4,0,0,0,16,9,65,0,2,0,16,0,0,0,3,16,94,41,0,5,16,1,0,97,90,0,94,45,79,16,16,0,1,0,4,15,0,0,0,87,0,7,0,6,27,12,6,24,0,0,0,5,0,1,2,0,6,0,3,0,94,10,0,0,0,0,84,0,0,0,20,8,2,0,0,4,12,0,0,0,0,0,13,0,89,12,12,4,0,0,16,109,1,0,0,20,0,1,3,0,0,0,16,55,94,16,11,96,0,94,106,0,27,111,31,109,16,91,96,0,72,0,9,71,93,16,107,8,43,0,104,16,12,12,62,16,9,20,21,22,0,116,100,93,3,78,78,2,109,16,16,67,98,2,1,0,83,16,6,104,94,23,24,12,80,93,53,109,16,0,0,19,32,18,94,21,0,109,0,15,31,94,86,49,16,16,0,2,95,1,21,16,16,16,4,0,6,1,8,5,60,10,8,0,60,15,100,0,0,16,16,21,16,0,105,19,9,19,1,23,94,16,0,15,94,0,48,76,30,94,76,13,16,2,0,98,7,0,41,15,0,109,106,104,3,56,0,106,4,97,1,1,81,14,17,16,16,16,17,5,12,10,103,52,106,93,95,10,15,104,12,5,2,13,86,55,5,93,0,94,1,0,0,104,21,97,0,94,10,3,20,93,16,0,98,0,3,6,0,3,1,50,8,0,0,0,109,3,27,16,37,0,6,13,2,21,92,0,72,16,18,0,30,0,16,0,4,0,64,26,12,16,16,6,0,98,11,16,42,16,109,16,96,17,17,109,94,20,0,1,1,9,0,0,0,94,0,1,22,0,52,94,109,0,32,1,0,17,3,1,0,4,0,2,1,0,0,113,0,0,3,61,0,15,2,16,0,0,79,9,84,16,21,5,0,17,21,6,0,94,1,89,0,98,35,17,6,68,40,4,25,105,29,16,109,4,23,8,21,17,34,16,34,0,15,109,16
6,15,8,3,0,0,0,0,0,32,0,16,1,0,49,0,4,56,0,0,1,54,37,0,0,4,4,0,92,0,0,17,78,11,0,57,93,106,2,104,12,0,0,10,0,0,4,8,32,6,0,8,4,16,2,7,4,0,0,47,0,12,0,0,6,0,4,0,17,4,99,4,0,4,0,0,0,0,17,60,0,2,0,16,0,0,0,3,0,105,41,8,14,0,8,0,103,102,0,106,49,79,0,0,0,1,4,4,19,0,8,0,91,0,7,0,18,31,4,6,36,0,0,3,9,0,5,2,0,10,4,3,0,94,18,0,0,0,0,68,13,0,4,4,0,2,0,0,4,12,0,0,0,0,0,5,4,93,12,12,8,0,0,0,93,4,4,0,4,0,13,3,0,0,0,0,55,98,0,23,96,0,102,90,4,11,98,31,93,0,99,96,0,72,0,21,55,93,0,94,8,27,0,88,0,13,4,73,0,13,4,20,22,8,100,116,101,3,62,65,2,93,0,0,77,102,3,13,0,67,0,14,88,103,31,8,4,80,93,58,93,0,0,11,11,36,9,94,13,0,95,12,1,44,106,70,48,0,0,0,2,105,13,13,0,0,0,7,0,14,5,5,11,71,10,8,11,49,10,104,0,14,0,0,5,0,1,89,23,9,9,13,7,94,0,0,5,99,0,35,63,42,105,63,1,0,2,0,84,19,0,25,5,0,93,96,96,3,40,0,90,8,97,1,9,65,6,7,0,0,0,3,14,21,20,87,36,95,93,79,20,5,88,16,9,11,0,98,64,10,93,0,106,12,0,0,88,29,104,12,106,18,3,4,93,0,0,102,4,3,6,0,5,6,50,1,0,0,0,100,3,27,0,37,0,10,3,6,5,104,0,66,16,2,12,38,0,0,8,17,0,72,30,4,0,0,18,0,103,11,0,26,0,93,0,108,1,9,93,105,4,0,13,12,7,0,0,4,103,8,13,22,0,52,94,93,0,16,1,0,1,12,5,0,4,0,6,1,0,0,99,16,0,15,72,0,16,2,0,0,0,88,17,68,0,29,17,15,1,29,17,11,102,1,97,0,102,19,1,17,52,24,4,25,89,13,0,93,16,15,8,5,7,34,0,46,1,23,95,0
5,18,4,3,7,7,7,7,7,27,7,21,8,7,50,7,9,52,7,0,0,61,33,7,0,1,0,7,99,7,0,12,78,18,7,46,100,108,5,106,12,7,0,0,0,7,0,0,37,0,7,2,7,14,5,0,0,7,7,50,7,12,7,7,4,7,2,7,11,0,104,2,7,7,7,7,7,0,30,55,7,5,7,29,7,7,7,10,0,108,48,23,26,0,4,7,109,104,7,109,45,84,0,0,7,8,2,7,17,7,23,7,89,7,14,7,23,27,0,13,27,7,7,7,10,7,0,5,7,6,8,6,7,99,25,7,7,7,7,67,15,7,2,0,0,9,7,7,11,19,7,7,7,7,7,1,2,89,19,15,2,7,7,0,93,7,9,7,4,7,15,10,7,6,7,0,62,94,0,18,97,7,112,88,4,11,93,23,93,0,105,97,7,79,7,23,54,100,0,93,0,27,11,88,0,8,0,77,0,12,0,18,25,20,93,101,116,10,62,64,5,93,0,0,74,94,3,15,7,61,0,27,88,114,38,8,0,83,100,66,93,0,7,18,6,34,0,99,9,7,93,13,0,38,109,70,41,0,0,7,5,109,15,9,0,0,0,6,7,21,7,0,0,75,0,7,16,48,0,97,7,13,0,0,5,0,5,89,17,9,0,15,7,99,0,7,0,93,7,34,62,45,109,63,0,0,9,7,83,21,7,24,0,7,93,93,88,10,40,7,88,16,100,8,22,58,0,0,0,0,0,0,21,29,17,87,36,93,100,79,16,0,88,14,3,16,0,100,69,3,100,7,109,16,7,7,88,38,95,15,108,27,10,0,100,0,7,94,8,10,13,7,0,7,57,0,7,7,7,93,10,23,0,44,7,8,0,8,5,106,7,63,6,0,15,46,7,0,18,11,7,79,32,0,0,0,9,7,96,12,0,26,0,93,0,109,1,5,93,109,0,7,12,16,0,7,7,2,109,0,15,29,7,59,99,93,7,16,8,7,1,19,7,7,11,7,4,6,7,7,93,12,7,19,76,7,16,5,0,7,7,86,5,63,0,20,21,12,1,36,11,18,111,8,104,7,109,13,1,9,52,24,0,30,88,13,0,93,19,14,0,3,0,41,0,48,7,8,93,0
18,73,22,62,110,99,113,111,74,14,78,63,112,113,4,113,31,26,102,17,0,65,3,113,54,68,40,106,27,112,11,61,5,79,111,34,26,3,91,3,0,112,32,82,31,113,1,0,14,40,113,56,105,7,111,0,0,111,98,17,111,0,111,87,89,107,60,89,30,21,3,88,111,108,112,106,112,0,46,3,113,111,113,22,113,113,107,116,38,3,78,61,12,59,0,94,3,3,99,4,61,35,58,45,89,112,87,107,92,98,48,57,26,86,106,91,48,34,2,113,0,113,81,107,51,111,44,111,113,83,41,97,113,25,5,113,113,113,112,11,37,107,74,28,24,113,111,113,115,79,113,101,102,113,113,46,77,24,91,76,58,101,113,3,3,0,68,97,0,110,0,116,93,49,113,58,64,11,14,0,23,103,6,3,17,33,3,0,3,40,4,23,111,47,67,15,4,26,55,3,7,21,11,3,49,44,0,1,0,2,18,0,81,29,3,3,10,116,5,4,110,3,36,41,3,15,47,3,108,0,59,54,3,8,2,1,0,37,26,0,3,39,111,81,5,35,0,25,0,61,3,3,8,0,3,3,6,41,7,111,91,3,0,23,7,0,11,57,113,2,20,7,0,3,0,47,0,1,3,3,106,0,3,26,22,33,80,3,0,0,0,0,29,25,45,85,27,18,112,1,9,26,3,2,3,41,112,111,3,0,96,8,2,87,3,3,3,116,3,111,3,10,22,80,57,28,0,0,0,51,8,1,0,53,0,3,3,3,26,3,0,0,3,81,0,0,40,3,3,5,18,106,4,8,58,80,3,9,13,0,3,20,115,19,26,20,112,7,38,116,91,111,5,8,68,7,113,113,101,3,115,0,13,77,57,96,5,25,4,3,107,3,0,21,0,16,113,56,5,0,105,3,2,17,53,51,3,85,3,57,0,2,0,3,4,3,2,14,3,3,0,95,1,0,0,106,111,80,3,61,2,67,112,67,25,3,110,2,98,106,3,1,0,104,115,113,83,75,110,112,3,0,105,13,3,113,57,83,16,112,77,3,0,2,39,32,8,4,0,5,55,68,5,112,3,101,3,12,8,0,3,3,0,36,3,0,0,3,9,70,9,3,0,85,31,2,0,6,3,32
47,4,8,0,5,0,2,2,10,22,2,4,3,2,41,2,8,53,2,52,49,47,75,2,46,0,42,0,62,2,44,2,80,2,2,26,62,62,0,63,56,2,46,0,54,2,48,34,36,43,2,8,7,66,2,30,31,2,0,28,2,0,2,0,4,2,10,0,19,48,62,0,2,2,2,2,2,51,12,36,2,2,2,12,2,2,2,5,46,64,24,5,2,46,2,10,67,62,0,62,23,53,46,54,0,3,0,2,2,2,0,5,62,0,9,7,6,19,49,8,26,2,0,2,9,2,0,2,2,7,0,1,2,62,8,2,2,2,2,72,0,5,0,50,46,4,2,2,6,19,2,0,7,2,2,39,0,62,12,18,8,7,2,51,85,21,0,2,54,2,0,5,7,0,2,46,48,62,54,16,62,2,62,78,1,58,77,32,85,54,57,62,2,62,7,8,71,62,49,81,34,81,0,90,49,0,40,48,51,30,50,34,28,0,78,62,62,5,116,87,2,85,54,54,48,62,0,0,5,57,46,7,90,62,19,58,41,60,62,51,85,46,2,2,37,16,31,62,49,5,83,8,45,22,62,72,55,46,48,2,0,63,11,57,54,52,44,10,2,5,0,29,31,38,32,8,0,67,32,62,2,0,52,54,59,54,0,81,14,11,43,5,61,62,46,0,49,62,2,57,85,13,62,67,23,49,4,2,73,6,0,66,47,2,85,78,80,5,90,2,88,29,62,8,10,57,38,45,52,49,54,47,15,20,7,91,86,78,62,83,16,46,90,12,1,5,39,62,33,1,62,7,62,3,4,2,80,21,62,0,62,4,5,50,62,52,2,62,0,5,16,2,28,18,43,31,2,2,2,73,5,61,44,30,0,6,49,0,57,62,5,71,23,42,0,21,2,49,0,5,2,52,23,38,49,49,8,2,62,16,51,63,52,85,54,62,54,53,85,62,47,10,0,0,37,2,2,0,62,0,1,17,2,32,62,85,2,66,3,0,52,14,8,2,6,2,2,2,2,2,79,6,2,0,38,2,6,4,44,2,0,45,0,76,46,4,0,3,52,14,19,10,62,3,57,7,68,61,55,8,106,78,38,19,89,65,52,85,8,39,34,52,45,21,54,28,1,4,83,54
29,2,7,3,1,0,1,0,0,41,3,2,0,1,34,1,5,56,2,34,33,48,57,1,36,0,31,0,63,0,34,5,85,1,1,24,64,65,0,66,35,0,35,0,35,1,30,21,28,30,1,2,2,40,1,16,25,0,0,20,0,15,0,0,0,0,0,0,18,30,67,0,1,0,0,0,0,34,5,49,1,1,1,13,1,1,0,4,34,65,18,0,6,35,14,2,67,65,0,65,17,67,35,36,0,0,0,1,1,0,3,2,63,0,1,0,1,13,30,5,31,1,0,0,4,0,6,1,1,12,0,0,1,65,27,1,1,1,0,80,0,2,0,32,28,1,1,1,3,6,1,0,0,1,1,33,0,65,6,12,2,1,1,35,83,19,1,1,39,2,13,4,1,3,1,34,47,65,34,15,65,0,68,88,8,37,83,24,83,34,73,65,0,63,3,5,59,64,35,87,21,52,13,88,35,8,24,53,34,21,30,34,17,9,78,65,64,4,87,116,0,83,35,35,72,65,5,13,1,55,35,12,88,65,35,44,33,62,64,49,83,35,0,1,45,9,14,65,33,3,83,15,33,14,65,70,43,34,34,0,0,66,8,40,34,34,34,0,1,21,10,29,18,35,16,0,11,58,33,65,0,10,35,35,35,35,0,81,9,10,26,6,43,65,35,1,29,65,1,84,106,18,65,80,36,35,2,1,74,17,0,66,29,0,83,83,81,4,66,1,86,16,64,3,8,65,22,27,36,36,34,31,19,14,15,87,64,84,64,80,24,29,88,6,14,13,43,65,49,8,64,1,65,13,0,4,83,24,64,11,65,10,3,30,64,36,0,65,0,4,8,0,30,18,43,15,1,1,0,79,3,38,34,31,0,1,31,9,35,65,2,84,13,32,10,32,1,35,14,0,0,64,27,33,35,36,9,0,65,10,34,54,34,83,34,65,35,32,83,65,31,2,16,13,19,0,1,0,68,0,13,11,0,28,65,83,0,42,1,0,35,18,13,1,3,1,2,7,0,1,79,13,0,0,36,1,1,0,34,1,3,59,12,77,34,6,5,10,34,35,17,0,68,0,73,0,68,41,35,13,80,58,25,17,89,45,34,83,9,29,20,35,27,11,36,35,16,12,83,36
21,72,22,68,107,101,110,112,74,12,80,63,110,110,2,110,31,26,100,19,3,60,0,110,53,71,40,105,22,112,14,60,2,78,109,34,21,0,97,0,0,114,34,85,30,110,4,0,15,42,110,56,108,7,115,4,0,113,96,17,110,1,113,89,89,105,62,89,30,25,2,89,108,107,111,105,111,1,43,0,110,113,110,20,110,110,105,110,41,0,73,59,12,58,2,92,0,0,100,1,58,29,60,44,90,110,89,105,91,100,48,57,23,87,104,92,48,35,5,108,6,110,82,106,53,113,44,115,110,79,41,102,113,20,4,110,113,110,114,10,37,104,74,27,24,110,108,110,110,80,110,100,100,110,110,45,78,21,89,73,58,99,110,6,0,0,67,97,1,107,0,110,90,51,110,59,59,8,16,0,22,102,1,0,18,33,0,0,0,40,3,22,113,42,69,15,0,21,54,0,7,21,12,0,48,45,0,0,3,5,18,4,76,30,2,2,5,110,2,0,116,0,35,41,0,12,52,3,105,5,58,51,0,3,0,3,0,32,21,0,0,41,113,80,4,35,6,20,0,59,0,6,11,0,0,0,7,42,11,110,97,0,0,22,9,3,15,57,113,2,20,7,0,0,4,50,3,0,8,2,106,4,6,25,21,32,79,0,0,0,5,1,26,20,44,85,30,15,109,3,6,25,0,3,6,40,108,108,0,3,94,7,8,85,0,0,0,110,0,108,2,10,17,78,54,26,2,4,0,50,11,6,3,54,2,0,0,0,21,0,0,5,0,84,0,5,39,0,0,5,13,103,1,8,59,80,0,7,10,4,0,22,111,19,21,20,111,4,38,110,85,113,7,8,63,7,110,110,103,0,111,0,16,74,57,97,7,25,6,0,104,1,5,27,3,13,110,55,6,1,103,0,0,17,52,50,9,87,0,52,4,5,4,0,5,2,3,13,0,0,3,93,1,0,4,106,108,80,0,65,4,63,114,62,20,0,108,2,99,108,3,5,0,104,110,110,83,75,112,109,0,0,103,16,0,110,55,88,20,112,79,0,0,0,39,33,11,6,3,2,54,68,0,110,0,100,0,13,11,3,3,2,0,32,0,0,3,0,8,69,9,8,1,80,30,0,3,9,0,31
26,2,0,0,0,0,0,0,0,27,0,4,1,0,35,0,0,69,0,23,21,54,50,0,23,0,19,0,92,0,23,0,101,0,0,45,93,93,0,92,27,0,23,0,23,0,19,5,23,17,0,0,2,35,0,13,9,0,0,36,0,0,0,0,2,0,0,0,1,18,88,0,0,0,0,0,0,23,8,62,0,0,0,15,0,0,0,3,23,95,41,0,5,23,0,0,98,89,0,93,44,78,23,23,0,1,0,0,15,0,0,0,87,0,7,0,6,27,18,6,18,0,0,0,5,0,0,0,0,5,0,1,0,93,9,0,0,0,0,89,0,0,0,19,15,2,0,0,4,12,0,0,0,0,0,18,0,88,12,8,0,0,0,23,116,2,0,0,27,0,0,3,0,0,0,23,55,93,23,8,93,0,93,109,1,34,108,28,116,23,88,93,0,72,0,8,76,93,23,112,5,50,0,111,23,5,11,61,23,6,19,16,18,0,109,93,93,3,85,83,0,116,23,23,63,93,0,0,0,78,23,5,111,93,22,31,17,76,93,56,116,23,0,0,22,32,13,93,20,0,114,0,21,27,93,93,53,23,23,0,0,94,0,26,23,23,23,0,0,5,0,5,2,59,4,2,0,65,9,93,0,0,23,23,28,23,0,112,14,8,14,0,30,93,23,0,18,93,0,53,81,29,93,83,18,23,2,0,104,6,0,46,18,0,116,109,101,3,63,0,109,7,93,1,0,74,9,16,23,23,23,19,7,10,6,110,59,109,93,102,5,18,111,12,0,0,20,85,54,0,93,0,93,0,0,0,111,20,93,0,93,7,3,19,93,23,0,93,0,3,6,0,7,0,50,13,0,0,0,104,3,32,23,37,0,6,20,1,28,91,0,78,10,21,0,29,0,23,0,0,0,63,25,17,23,23,0,0,93,6,23,49,23,116,23,93,24,22,116,93,19,0,0,0,8,0,0,0,93,0,0,22,0,52,93,116,0,39,1,0,24,5,0,0,4,0,2,0,0,0,110,0,0,3,60,0,11,0,23,0,0,74,5,81,23,20,5,0,24,20,1,0,93,1,88,0,99,30,24,0,75,47,9,24,110,36,23,116,3,22,6,24,16,34,23,33,0,8,114,23
86,39,8,9,42,22,39,34,13,0,21,20,38,39,10,39,15,37,25,92,72,7,64,39,94,9,99,29,0,35,72,27,35,41,34,2,0,0,19,1,67,35,63,17,111,39,74,59,29,97,38,17,39,73,36,53,56,34,21,2,37,3,34,10,20,30,31,12,48,91,0,17,36,36,38,29,36,77,29,7,39,36,39,0,39,39,33,36,99,2,18,21,2,93,2,33,5,0,22,0,23,4,89,99,15,38,16,34,38,21,18,18,0,9,37,50,8,2,74,33,8,39,4,33,14,34,10,36,39,34,8,25,36,0,11,39,36,39,35,43,5,43,15,104,70,35,41,39,35,41,38,27,35,39,39,71,14,0,19,32,15,34,39,77,23,42,23,20,80,40,0,36,59,4,39,92,6,0,91,28,0,26,0,21,35,97,15,39,23,94,0,0,34,0,13,14,36,0,95,19,66,89,1,28,93,16,65,0,74,32,91,25,42,16,16,0,0,36,54,35,35,23,116,95,0,0,1,0,43,22,93,36,28,0,0,78,66,0,0,13,23,96,34,39,48,13,54,0,63,17,21,11,72,13,0,46,29,105,75,37,19,1,11,96,84,77,71,43,36,5,0,59,56,0,55,24,0,49,58,0,29,0,80,105,94,113,34,23,8,32,66,8,102,0,103,34,102,0,38,37,40,22,0,32,28,111,33,41,21,0,19,56,74,36,23,16,18,36,70,41,26,60,0,43,48,46,61,70,77,95,85,71,34,41,7,29,70,16,0,29,16,69,28,15,1,5,71,0,0,1,0,46,0,14,18,20,28,12,0,0,0,4,35,90,0,99,38,0,5,36,55,34,32,23,22,63,39,38,24,11,35,58,75,21,14,32,77,5,76,0,43,19,19,53,0,13,39,96,3,24,28,0,0,68,97,94,30,8,0,21,76,63,75,23,81,0,79,82,23,0,70,38,2,0,62,29,41,9,0,6,3,12,35,18,0,23,34,74,21,29,80,33,8,27,35,39,20,27,33,35,17,6,28,14,0,39,31,19,73,35,20,0,1,31,96,0,3,7,74,5,55,44,0,38,0,39,6,83,85,8,54,79,63,24,27,75,75,23,12,61,66,75,71,25,111,0,3,1,21,112
75,44,28,3,47,36,44,41,29,5,17,29,44,44,10,44,22,51,40,81,60,4,60,44,101,19,82,37,0,41,60,34,33,46,40,13,0,0,28,1,64,41,74,29,97,44,61,53,28,78,43,37,46,62,41,43,50,41,35,15,43,5,41,17,35,45,19,26,49,77,0,31,43,42,44,44,42,66,22,7,44,41,44,7,44,44,47,41,80,2,25,36,3,98,8,48,5,0,37,0,27,0,95,110,28,44,33,39,43,35,19,10,0,17,41,37,20,17,66,39,10,44,20,40,14,41,12,41,44,26,23,32,41,0,17,44,41,44,41,41,23,50,35,87,90,41,46,44,41,28,43,37,48,44,44,77,33,0,26,30,35,51,44,66,23,36,30,31,69,47,7,41,38,3,44,98,0,0,82,23,0,41,0,21,24,85,15,36,23,114,0,0,40,0,15,18,36,0,101,19,60,83,3,28,103,12,59,0,62,36,85,22,31,5,16,0,0,41,54,35,41,23,95,116,1,0,1,7,48,22,98,28,28,0,1,65,60,0,0,20,23,77,41,44,47,0,43,0,57,19,21,15,59,17,0,36,25,87,61,44,28,1,18,81,75,66,57,29,41,6,20,53,50,0,44,15,2,39,47,0,42,3,69,97,83,95,19,23,15,26,55,8,86,0,84,14,85,0,44,37,36,17,0,33,28,90,42,46,21,1,39,55,63,25,23,16,18,41,62,46,26,48,0,31,42,42,53,57,70,104,72,60,23,34,12,29,62,16,0,34,23,57,28,24,9,10,81,0,0,8,0,51,0,21,5,18,25,10,0,2,0,9,41,84,0,93,44,0,25,41,36,41,38,31,22,57,44,43,30,11,41,50,62,18,5,37,69,23,71,0,50,19,23,65,1,10,44,101,5,18,37,0,2,62,104,105,18,20,0,28,63,52,62,23,72,0,68,71,23,0,59,53,7,7,51,37,46,24,0,18,7,9,41,25,0,23,43,66,36,36,68,20,15,35,41,44,28,22,40,42,17,14,36,5,0,44,17,36,59,41,15,0,8,37,83,19,2,13,61,4,62,59,0,44,0,47,6,68,72,11,55,67,57,31,27,68,67,23,17,69,56,63,63,32,94,4,5,4,21,97
13,14,26,10,0,0,0,0,4,52,7,16,1,0,56,0,9,40,0,2,10,45,27,0,1,16,5,0,62,0,8,21,63,13,0,32,63,77,6,75,7,0,8,3,0,0,12,7,32,6,0,7,1,3,0,22,3,0,0,46,0,42,0,4,3,0,9,0,23,10,72,3,0,4,0,0,0,6,13,50,0,0,0,13,0,0,0,3,4,77,15,11,37,0,25,0,75,73,0,77,21,64,0,1,8,1,5,4,5,2,14,0,63,4,2,0,15,28,4,5,62,0,4,1,16,0,19,0,0,12,17,6,0,63,47,0,0,0,0,51,27,1,3,9,0,2,0,0,4,7,0,3,0,0,0,5,3,64,3,16,7,1,0,9,63,11,6,8,13,1,35,3,0,22,0,0,45,66,4,42,63,0,77,69,30,2,70,22,63,0,82,63,0,58,7,29,29,63,0,66,7,13,29,61,1,14,4,72,8,23,4,37,18,28,67,77,74,3,48,72,0,63,0,1,116,70,15,35,0,46,0,21,61,75,52,17,3,65,63,67,63,4,0,13,22,9,24,63,13,7,64,40,10,39,77,43,47,2,8,0,6,76,30,11,4,8,8,23,0,42,24,15,7,42,14,9,44,37,23,71,0,38,9,0,0,0,6,67,19,27,13,38,12,63,0,5,4,67,0,56,70,30,76,61,32,0,2,0,71,42,0,26,8,0,63,68,68,3,27,0,61,11,67,1,17,48,4,12,0,1,8,8,32,30,49,60,31,69,63,58,34,8,61,10,32,43,8,85,61,27,63,0,77,34,8,11,63,47,70,45,77,20,3,6,63,0,0,70,17,3,7,0,13,13,38,12,0,0,4,74,3,15,8,28,4,4,2,27,4,75,1,85,35,8,44,45,0,0,45,35,0,79,36,3,0,1,42,8,74,13,8,21,8,63,4,75,9,3,63,76,13,0,39,36,12,0,0,3,80,24,37,10,0,28,63,63,0,5,3,0,10,29,27,7,4,0,5,9,0,0,68,35,0,27,43,0,17,2,8,0,7,75,29,60,0,10,36,37,9,58,21,13,77,1,84,0,74,15,10,43,40,25,3,16,61,11,4,63,27,14,10,8,8,8,2,57,38,38,64,1
5,10,10,11,12,12,12,12,12,37,12,11,13,12,42,12,7,58,12,0,0,66,39,12,0,17,4,12,104,12,0,10,78,6,12,65,105,100,12,98,12,12,0,12,0,12,4,10,26,4,12,14,14,16,12,6,6,12,12,41,12,3,12,12,20,12,18,12,11,0,89,18,12,16,12,12,12,0,10,60,12,12,12,17,12,12,12,15,0,99,53,1,5,0,7,12,94,96,12,101,63,91,0,0,12,13,18,16,33,12,1,12,105,12,19,12,13,36,0,18,22,12,12,9,13,12,18,12,12,24,6,13,12,106,12,12,12,12,12,68,6,12,10,4,0,14,12,12,16,24,12,12,12,12,12,7,10,107,24,24,14,12,12,0,93,6,7,12,4,12,7,15,12,11,12,0,67,104,0,17,106,12,95,90,3,11,98,33,93,0,90,106,12,84,12,15,55,105,0,94,10,27,0,88,0,13,4,67,0,5,4,18,34,1,98,102,94,15,62,65,12,93,0,0,70,116,11,7,12,65,0,7,88,94,25,8,6,92,105,50,93,0,12,6,13,42,4,106,13,4,94,2,0,37,99,70,47,0,0,12,12,99,7,15,0,0,0,12,12,8,7,7,10,65,4,18,5,51,4,101,12,5,0,0,5,0,11,89,25,9,4,7,7,106,0,12,0,111,12,35,63,37,99,63,1,0,14,12,83,13,12,25,0,12,93,98,98,15,40,12,88,0,109,13,2,63,4,4,0,0,0,0,5,10,13,87,36,97,105,79,13,0,88,30,11,0,0,92,58,11,97,12,101,6,12,12,88,21,112,6,100,9,15,4,105,0,12,108,6,15,18,12,6,7,62,1,12,12,12,101,15,29,0,49,4,24,0,8,5,98,12,63,10,0,6,33,12,0,0,10,12,66,32,6,0,0,4,12,104,23,0,26,0,93,0,97,1,11,93,99,4,12,4,6,4,12,12,18,96,14,7,34,12,64,106,93,12,16,13,12,1,3,7,12,16,12,12,13,12,12,98,6,12,8,66,12,26,12,0,12,12,81,15,68,0,27,10,6,1,23,11,6,94,13,91,12,94,17,1,4,52,24,6,29,89,13,0,93,9,20,4,3,4,46,0,40,3,17,94,0
24,22,4,100,45,54,47,52,74,37,84,21,47,47,15,47,35,2,48,17,43,47,1,47,0,61,4,47,20,48,36,24,2,17,49,22,19,0,71,0,4,50,33,47,0,47,35,13,28,5,47,32,47,18,52,30,9,51,47,5,47,39,51,75,47,48,62,55,25,22,2,46,47,43,47,49,47,27,39,28,47,50,47,42,47,47,49,47,12,0,32,26,65,3,41,46,1,0,59,0,25,30,7,2,74,47,48,45,28,57,52,72,21,76,47,51,21,21,29,47,46,47,78,46,84,51,64,52,47,67,10,65,50,19,24,47,50,47,50,5,25,44,38,7,4,47,47,47,47,55,47,58,48,47,47,8,37,20,50,59,32,47,47,38,0,11,20,66,29,46,28,47,47,90,47,3,47,7,13,10,21,49,0,5,17,0,0,4,0,1,7,21,51,40,86,25,14,19,2,0,4,0,46,0,1,67,11,3,41,37,4,35,41,49,2,3,3,47,0,5,52,0,1,1,15,11,116,28,45,29,3,44,0,4,33,29,9,30,19,1,0,13,51,17,42,22,40,19,4,66,1,46,41,19,1,0,22,5,40,48,71,0,29,4,26,33,40,43,50,41,11,6,11,19,33,65,63,3,42,3,49,44,35,0,3,2,63,4,20,13,42,51,5,19,3,65,9,16,48,35,5,27,0,5,65,1,48,47,12,47,47,24,31,48,0,0,0,47,0,47,2,10,15,49,38,7,21,37,12,2,32,44,43,35,47,0,4,0,19,1,30,43,0,56,27,51,3,0,24,36,11,47,0,25,88,83,0,23,8,57,0,48,47,5,19,1,47,3,9,47,44,51,44,26,39,4,47,47,61,1,47,3,37,47,67,43,25,10,22,0,44,10,59,45,63,24,47,1,63,32,50,0,19,6,1,0,40,77,1,60,38,25,39,0,25,3,23,0,0,0,41,46,29,30,25,55,47,47,1,61,47,56,50,25,19,0,48,12,57,56,34,42,25,59,47,47,39,85,52,47,1,31,51,44,19,47,47,69,35,51,83,14,33,6,4,21,57,40,40,30,7,18,0,47,5,47,0,6,29,49,3,7,11,37,0,10,35,0,28,17,18,37,20,32,4,20,52,52,1,0
1,41,76,17,3,12,3,4,11,65,17,52,3,3,67,3,67,7,17,9,5,0,19,3,3,26,4,12,0,5,8,46,0,32,6,27,0,23,0,24,29,3,3,27,5,3,8,36,32,5,4,38,3,15,3,26,52,3,21,63,4,88,3,3,28,12,20,20,64,0,22,30,6,5,3,12,5,14,53,32,3,5,3,70,3,3,8,3,2,21,3,49,66,3,83,16,16,27,9,22,15,6,3,1,1,3,28,6,10,10,53,19,6,5,3,6,65,41,14,3,40,3,8,6,13,3,65,3,3,34,70,0,3,1,88,3,3,3,3,6,66,1,33,0,25,5,1,3,3,0,4,3,11,3,3,22,33,7,16,14,40,11,3,1,0,59,43,3,4,1,110,3,0,29,3,3,0,7,14,70,1,15,16,6,44,4,1,42,0,9,21,1,3,0,19,85,22,0,3,1,38,0,63,0,5,42,32,54,5,56,21,28,2,32,1,13,15,3,0,13,3,0,0,7,35,7,28,116,2,3,3,52,0,16,77,0,50,2,0,52,0,3,3,34,40,34,16,1,32,32,1,70,1,57,21,0,21,1,0,3,0,21,99,7,7,10,0,14,3,81,91,40,38,53,15,18,73,16,6,7,10,88,1,11,17,1,8,0,80,54,4,77,1,1,6,3,1,7,3,11,11,58,22,12,43,1,7,1,0,83,23,32,10,19,0,5,6,3,6,1,0,50,0,14,44,6,26,4,31,1,1,6,33,27,65,0,6,4,0,8,81,5,0,13,97,73,25,31,56,95,0,0,22,98,4,20,0,70,6,78,23,77,3,18,0,17,3,7,73,3,0,3,53,80,0,44,3,4,3,4,3,27,1,3,17,14,12,80,16,25,1,17,33,3,75,65,3,3,68,65,12,49,80,41,2,4,33,3,10,39,4,2,4,0,14,19,15,26,0,22,4,11,101,107,16,6,1,39,18,22,89,29,3,3,1,0,8,17,11,3,0,35,98,3,3,3,26,26,3,7,1,98,11,56,52,3,25,8,3,3,19,31,90,17,13,54,73,88,4,77,39,34,17,3,24,6,16,12,0,71,8,8,38,40,1,22,10,0,94,4,21,0,20,3,0,80,71,62,1,3
21,73,24,59,113,94,110,106,76,13,75,61,109,110,6,110,35,30,98,21,3,59,3,110,57,63,39,102,24,107,10,62,2,82,106,31,23,0,88,0,7,107,27,77,38,110,6,6,17,41,111,62,108,9,106,3,3,106,94,17,108,2,106,82,85,103,62,85,33,24,0,84,109,103,109,101,107,5,53,0,110,106,110,23,110,110,104,108,37,0,70,59,12,56,3,96,0,0,94,1,58,32,53,52,86,109,82,102,90,93,48,55,23,81,103,86,46,34,7,105,3,110,76,103,54,106,41,106,110,76,39,94,108,22,9,110,108,110,107,15,35,114,74,35,31,107,112,110,107,78,111,98,98,110,110,42,73,21,87,78,60,97,110,6,0,6,66,92,7,111,1,108,94,46,110,55,58,8,19,4,20,98,3,0,18,40,0,6,0,47,1,20,106,44,62,19,4,23,58,0,13,28,10,0,56,42,6,0,3,6,24,3,85,28,0,0,7,108,5,1,105,0,43,48,0,12,45,2,116,0,56,58,0,5,1,6,5,34,23,3,0,34,106,80,10,31,3,22,4,59,0,7,11,4,0,0,10,42,4,108,88,0,2,31,13,5,8,60,108,4,19,11,6,0,3,52,0,3,6,0,101,0,8,34,28,40,77,0,4,6,3,2,31,22,40,80,34,15,109,3,6,26,0,6,1,48,106,112,0,0,92,12,7,83,0,0,0,108,3,112,0,14,19,80,64,25,4,5,6,58,13,4,1,60,4,0,3,0,23,0,4,3,0,76,1,1,44,0,0,6,15,107,1,12,55,75,0,13,10,0,0,20,107,23,23,28,109,4,36,108,91,106,2,9,65,13,110,111,96,0,107,6,12,73,53,94,9,24,9,0,114,0,3,18,0,13,110,59,5,0,101,0,1,13,60,59,6,80,0,59,5,1,3,0,9,0,7,22,0,0,3,101,4,1,5,102,112,76,0,56,3,61,107,62,22,0,105,8,93,101,8,0,4,99,107,110,79,75,105,108,0,2,101,12,0,110,55,80,11,107,74,0,0,4,35,29,8,7,3,6,55,75,2,109,0,100,0,18,13,3,5,7,6,40,0,4,3,0,13,76,13,6,5,77,38,1,2,6,0,39
28,2,7,21,0,6,0,3,22,15,9,5,1,0,19,0,3,55,0,28,47,29,33,0,22,22,26,0,60,1,49,4,78,0,1,46,61,61,11,62,22,3,46,5,22,0,53,26,45,30,0,7,3,47,5,30,13,3,0,32,0,4,3,18,5,0,16,5,8,27,60,3,0,4,0,1,0,39,7,42,0,3,0,18,0,0,0,0,26,63,31,5,20,22,12,0,64,59,6,61,32,54,25,24,13,1,6,5,15,7,5,22,60,18,7,3,9,21,40,2,49,0,20,1,24,3,2,5,0,1,3,8,3,61,4,0,3,0,3,68,16,0,3,29,17,1,0,0,1,12,0,6,0,0,0,23,3,61,11,5,7,0,0,46,78,15,3,13,50,0,0,0,0,24,0,22,33,61,31,8,63,1,61,73,6,33,78,33,78,22,58,63,3,45,20,5,58,61,22,74,17,42,20,83,23,10,28,40,49,23,29,45,19,24,83,67,61,0,57,55,5,78,22,22,46,65,29,3,0,116,22,2,83,61,3,51,21,48,61,41,78,28,3,0,36,31,48,61,23,6,76,16,44,43,61,65,67,24,46,0,11,62,3,20,41,49,46,12,3,10,3,17,21,39,32,24,24,50,44,67,1,10,46,22,30,24,5,74,21,15,52,14,24,61,22,8,24,61,0,73,57,27,61,68,38,22,0,0,74,13,0,31,43,0,78,73,83,0,40,0,85,11,65,1,0,78,35,50,32,24,46,47,27,13,17,82,36,73,61,78,7,48,83,17,4,17,22,53,32,7,61,0,61,0,27,13,73,9,65,24,61,2,0,26,61,22,0,65,3,0,2,3,20,3,40,14,0,0,7,76,0,23,46,29,22,6,38,3,45,59,0,55,36,51,24,13,0,22,24,17,2,35,14,21,22,22,30,24,65,7,49,61,49,78,40,63,39,23,78,61,53,0,2,0,35,5,0,3,61,24,17,8,3,43,61,78,0,46,8,6,44,27,3,7,1,0,5,9,3,0,80,3,0,23,40,0,13,11,46,3,7,52,7,66,22,23,11,3,50,9,8,0,61,1,56,0,65,36,47,23,58,30,20,21,82,29,45,78,3,25,20,47,35,27,25,21,22,19,76,22
65,59,15,12,59,45,62,57,20,0,24,41,61,62,2,62,7,53,48,71,52,10,46,62,111,32,91,52,0,58,65,47,32,58,57,19,0,0,39,1,47,58,86,40,88,62,51,36,32,88,61,20,56,57,59,33,40,57,44,18,60,3,57,33,43,53,12,35,47,70,0,40,59,59,61,52,59,57,26,7,62,59,62,0,62,62,56,59,92,2,38,32,2,116,0,40,5,0,45,0,38,4,112,102,35,61,39,57,61,44,19,3,0,32,57,37,26,17,51,56,0,62,27,56,7,57,15,59,62,39,29,45,59,0,8,62,59,62,58,41,26,56,34,81,73,58,60,62,58,27,61,50,48,62,62,94,37,0,39,24,22,47,62,57,23,19,44,43,57,59,0,59,42,7,62,115,9,0,68,7,0,49,0,21,27,87,15,19,23,97,0,0,57,0,13,13,28,0,112,19,43,73,2,28,106,18,42,0,54,24,68,15,29,8,16,0,0,59,46,35,58,23,93,98,0,0,3,3,56,22,116,35,28,0,0,55,48,0,0,13,23,93,57,60,47,13,33,0,42,15,21,3,60,2,0,36,21,98,61,60,39,1,5,73,61,54,65,22,59,5,20,38,33,0,35,1,0,31,38,0,52,0,57,82,74,90,28,23,0,9,45,8,81,0,100,31,79,0,61,35,40,25,0,30,30,98,56,60,21,0,42,54,51,33,23,16,18,59,52,60,26,39,0,26,38,46,40,47,54,108,62,51,16,31,0,29,52,16,0,29,8,49,28,35,0,0,86,0,0,0,0,55,0,11,4,26,25,10,0,0,0,4,58,69,0,76,61,0,26,59,34,57,37,24,22,40,62,61,47,11,58,38,67,24,11,52,56,25,56,0,56,19,12,73,0,12,62,113,3,11,51,0,0,65,110,107,9,31,0,11,54,54,54,23,58,0,57,62,23,0,50,41,1,0,39,52,60,32,0,29,2,18,58,35,0,23,57,54,44,52,60,17,0,50,58,62,43,28,56,58,17,0,51,2,0,62,24,31,70,58,23,0,1,23,93,22,3,4,54,3,75,47,0,61,0,48,6,60,62,0,46,56,40,14,27,54,54,23,4,74,46,55,50,45,88,0,0,1,21,89
16,84,12,45,57,45,57,52,25,30,60,66,56,57,42,57,53,9,43,17,0,34,7,57,38,15,31,50,11,53,4,70,7,81,53,8,11,21,39,23,5,53,8,34,31,57,3,2,38,29,56,26,52,3,52,0,9,52,44,27,55,50,52,33,36,48,22,35,74,16,27,35,54,54,56,48,54,3,90,30,57,52,57,55,57,57,51,54,28,20,33,65,61,35,38,42,22,25,45,22,34,24,31,32,37,56,32,53,38,42,84,22,9,32,55,49,52,2,4,51,19,57,27,51,38,52,41,52,57,72,32,40,54,12,65,57,54,57,53,17,37,58,33,28,16,53,59,57,53,43,56,50,47,57,57,22,32,10,40,54,24,46,57,3,5,18,59,41,7,58,51,54,58,31,57,34,33,7,14,20,10,47,25,11,30,29,6,2,5,27,28,10,52,27,41,67,21,11,34,6,9,21,39,5,32,55,2,30,0,47,16,13,48,44,6,14,27,54,7,12,51,5,36,28,21,7,44,52,58,2,35,116,5,27,55,5,7,24,11,26,5,25,52,79,32,8,0,12,0,47,6,44,4,20,22,5,8,34,4,55,39,22,46,22,7,2,4,27,54,57,27,7,2,46,0,22,51,4,3,10,47,48,5,25,22,33,42,5,27,13,0,54,22,12,32,44,27,6,56,11,17,64,22,10,26,37,51,59,5,51,42,43,2,44,5,6,5,54,3,59,5,39,11,43,102,26,0,2,2,34,8,1,25,77,36,5,3,6,11,5,38,0,5,33,39,46,23,21,45,44,11,58,22,64,23,58,5,66,6,50,21,71,53,16,11,19,56,7,29,54,51,52,25,47,39,9,57,56,47,6,53,2,6,47,24,45,3,31,4,23,58,5,19,1,50,70,57,35,56,27,51,33,38,8,36,33,21,29,9,50,2,5,0,5,4,22,5,18,5,22,0,47,51,52,2,50,59,27,22,10,53,49,53,33,12,5,52,2,42,50,6,27,36,45,53,57,36,73,51,53,6,42,51,37,45,57,33,35,5,53,59,31,34,11,26,7,57,49,0,62,64,73,24,56,27,54,22,9,8,37,6,8,2,48,6,0,0,5,58,43,9,3,3,30,31,45,44,34,6,32
21,2,0,0,0,0,0,0,0,27,0,4,1,0,35,0,0,74,0,28,26,54,55,0,28,0,24,0,87,0,28,0,106,0,0,45,88,88,0,89,32,0,28,0,28,0,24,10,26,22,0,0,2,40,0,15,14,0,0,36,0,0,0,0,2,0,0,0,4,23,85,0,0,0,0,0,0,28,8,57,0,0,0,15,0,0,0,3,28,90,41,0,0,28,0,0,93,86,0,88,39,78,28,28,0,1,0,0,15,0,0,0,87,0,7,0,6,27,23,6,18,0,0,0,0,0,0,0,0,5,0,1,0,88,9,0,0,0,0,94,0,0,0,24,20,2,0,0,4,12,0,0,0,0,0,23,0,88,12,8,0,0,0,28,111,5,0,0,32,0,0,3,0,0,0,28,55,88,28,8,88,0,88,104,1,39,103,33,111,28,83,88,0,72,0,8,81,88,28,107,10,55,0,116,28,0,16,56,28,9,24,19,18,0,104,88,88,3,90,88,0,111,28,28,61,88,0,0,0,83,28,5,116,88,19,36,22,71,88,56,111,28,0,0,27,32,15,88,25,0,109,0,26,27,88,98,55,28,28,0,0,89,0,31,28,28,28,0,0,5,0,10,7,56,9,0,0,70,14,88,0,0,28,28,33,28,0,107,14,3,19,0,35,88,28,0,23,88,0,58,86,29,88,88,20,28,2,0,99,6,0,51,23,0,111,104,106,3,68,0,114,10,88,1,0,79,14,21,28,28,28,24,2,10,1,115,64,104,88,107,0,23,116,12,0,0,25,80,49,0,88,0,88,0,0,0,106,20,88,0,88,2,3,24,88,28,0,88,0,3,6,0,12,3,50,15,0,0,0,99,3,37,28,37,0,6,25,1,33,86,0,80,8,26,0,26,0,28,0,0,0,60,25,22,28,28,0,0,88,6,28,54,28,111,28,88,29,27,111,88,24,0,0,0,13,0,0,0,88,0,0,17,0,52,88,111,0,44,1,0,29,2,0,0,4,0,2,0,0,0,105,0,0,0,57,0,6,0,28,0,0,69,0,86,28,20,0,0,29,17,4,0,88,1,83,0,94,35,29,0,80,52,14,24,115,41,28,111,0,25,11,29,21,34,28,33,0,6,109,28
6,18,3,4,5,5,5,5,5,28,5,19,6,5,52,5,7,52,5,0,1,59,33,5,0,0,0,5,97,5,0,14,78,16,5,46,98,109,3,107,12,5,0,1,0,5,0,0,37,0,5,0,5,14,3,0,0,5,5,50,5,12,5,5,2,5,0,5,12,1,105,0,5,5,5,5,5,0,30,56,5,3,5,29,5,5,5,8,0,108,46,21,27,0,5,5,111,105,5,109,45,84,0,0,5,6,0,5,15,5,21,5,87,5,12,5,21,27,1,11,28,5,5,5,11,5,1,3,5,6,7,4,5,99,26,5,5,5,5,68,16,5,0,0,0,7,5,5,9,17,5,5,5,5,5,1,0,89,17,13,0,5,5,0,93,7,7,5,4,5,16,8,5,5,5,0,60,94,0,18,97,5,112,89,4,11,94,23,93,0,105,97,5,77,5,24,55,98,0,94,0,27,10,88,0,10,0,78,0,13,0,18,23,18,94,103,114,8,62,65,3,93,0,0,75,94,4,16,5,61,0,27,88,116,39,8,0,81,98,66,93,0,5,16,7,32,0,99,9,5,95,14,1,39,111,70,41,0,0,5,3,110,16,9,0,0,0,5,5,22,8,0,0,76,1,5,16,48,1,99,5,13,0,0,5,0,6,89,18,9,0,16,7,99,0,5,0,95,5,35,63,45,110,63,1,0,7,5,84,22,5,25,0,5,93,94,88,8,40,5,88,16,98,6,22,59,0,0,0,0,0,1,22,30,18,87,36,94,98,79,18,0,88,12,4,17,0,101,70,5,98,5,109,17,5,5,88,39,93,15,109,27,8,0,98,0,5,94,7,8,11,5,1,9,55,0,5,5,5,95,8,23,0,42,5,6,0,9,5,107,5,63,7,0,15,46,5,0,18,12,5,80,33,0,0,0,10,5,98,12,0,26,0,93,0,111,1,5,93,110,0,5,13,17,0,5,5,0,111,1,16,27,5,57,99,93,5,16,6,5,1,20,8,5,9,5,2,6,5,5,95,13,5,20,77,5,17,3,0,5,5,88,6,64,0,22,22,12,1,37,12,16,112,6,105,5,110,13,1,9,52,24,0,30,89,13,0,93,21,14,1,3,0,39,0,49,7,10,95,0
8,34,38,26,0,0,0,0,3,69,24,31,1,0,80,0,36,12,3,7,9,17,13,0,3,15,2,1,22,0,2,45,16,29,0,8,22,41,9,42,2,0,2,0,0,0,2,5,38,1,1,5,2,8,0,23,19,0,1,40,0,87,0,6,3,1,5,11,50,5,48,3,1,0,0,0,0,7,59,62,0,0,0,44,0,0,0,2,2,39,12,28,68,0,71,3,39,45,4,40,20,21,0,1,9,1,2,0,3,0,52,5,21,6,2,0,37,16,0,5,43,0,6,1,24,0,51,0,0,31,37,8,0,23,89,0,0,0,0,16,37,1,3,3,2,1,0,0,3,9,1,4,1,0,0,4,3,22,8,27,5,2,0,10,22,26,21,2,3,1,83,2,0,35,0,0,14,25,2,46,23,0,42,28,43,1,26,11,22,0,47,23,0,19,15,71,44,22,0,26,5,10,63,19,0,43,3,59,9,57,1,30,5,45,23,31,38,2,19,35,0,22,0,1,52,25,33,77,1,3,0,55,19,39,116,4,17,22,22,36,22,2,0,29,42,17,18,23,3,18,23,70,9,25,41,19,13,0,9,0,9,41,73,13,3,2,9,13,0,98,52,15,5,76,9,3,80,24,18,27,0,81,7,1,1,0,7,24,48,32,9,81,9,23,0,6,2,25,0,17,27,56,42,15,54,0,3,0,18,93,1,51,4,1,22,27,21,2,14,0,19,34,22,4,46,14,5,6,3,1,2,9,46,32,78,19,16,28,22,13,67,9,19,11,71,74,11,49,83,61,22,0,40,80,9,19,22,89,24,75,41,72,2,3,22,3,0,25,37,2,4,0,42,55,12,12,0,1,4,28,2,12,5,10,3,4,3,52,2,43,1,32,40,9,78,89,0,0,78,46,1,69,80,5,0,2,43,2,28,33,7,11,8,22,2,39,6,13,22,42,10,3,82,86,2,1,0,10,44,12,77,40,0,11,23,22,0,8,1,2,11,47,64,2,3,0,5,27,0,1,23,74,3,49,75,0,24,7,4,0,26,59,63,23,1,18,81,80,10,102,33,27,43,1,50,0,39,4,4,60,14,17,5,26,20,11,8,22,70,3,10,13,6,9,1,83,69,55,23,1
87,1,8,24,4,7,1,4,32,6,14,0,0,1,13,1,8,35,0,84,101,8,72,1,58,20,66,0,8,1,98,2,44,3,2,3,8,8,14,9,64,3,84,0,78,1,102,68,45,69,1,10,4,83,4,76,56,3,0,8,0,6,3,23,0,0,38,6,19,85,8,0,1,0,0,1,0,90,6,16,1,2,1,0,1,1,0,1,77,10,5,7,23,55,16,8,13,8,7,8,7,9,58,68,18,0,3,3,1,10,6,38,8,23,1,21,0,2,95,0,35,1,25,1,36,3,3,4,1,1,0,10,4,8,9,1,4,1,3,33,14,7,2,82,56,0,3,1,0,26,1,6,5,1,1,52,0,8,1,13,8,6,1,104,31,49,1,19,108,4,0,1,21,29,1,54,8,8,87,29,8,1,8,29,29,66,23,39,31,64,8,8,4,8,30,3,42,8,58,27,59,66,23,36,61,3,72,5,103,46,73,47,14,43,24,8,8,1,58,44,3,31,78,65,17,8,29,0,6,51,55,5,36,8,4,116,66,8,8,18,31,78,3,1,65,11,84,8,63,13,29,26,97,24,8,54,53,71,100,0,14,9,11,76,101,106,96,34,4,12,0,52,63,5,73,43,30,54,85,8,1,12,107,78,73,80,18,35,8,41,96,24,81,8,68,27,79,8,1,74,41,1,8,39,56,73,0,3,37,18,0,49,95,13,31,24,26,1,78,3,34,50,8,20,12,23,74,99,84,63,106,97,64,16,25,37,82,24,8,36,16,98,36,14,2,24,50,8,5,1,8,8,8,3,46,19,36,9,8,30,8,0,0,73,8,77,0,8,0,1,23,3,48,19,1,56,1,1,12,19,0,59,98,5,37,0,94,2,92,8,7,34,47,81,29,4,1,58,30,38,2,8,1,61,60,61,57,29,8,10,105,94,104,31,97,8,94,67,31,8,100,10,6,2,83,6,3,0,8,29,20,1,3,5,8,31,0,84,9,6,101,62,8,13,0,1,1,16,4,1,25,7,0,38,5,1,10,16,96,4,12,6,0,39,67,0,16,10,103,14,19,10,8,0,8,7,14,74,107,24,56,85,70,12,35,76,100,31,9,29,61,100,79,1,83,5,29,11,29,79
58,7,48,4,2,9,0,1,12,28,4,23,0,0,19,0,41,32,14,73,66,0,76,0,50,11,63,9,0,2,70,14,27,7,3,23,0,6,0,7,82,0,48,24,71,0,70,90,26,61,1,43,2,72,0,62,106,0,18,25,1,29,0,0,25,9,34,17,40,59,0,27,3,2,0,9,2,77,17,16,0,2,0,43,0,0,5,0,64,8,0,22,15,48,35,17,0,6,6,6,9,0,48,54,1,0,25,3,7,7,14,33,6,2,0,18,36,31,75,0,9,0,5,3,2,0,30,0,0,11,37,0,0,0,28,0,0,0,0,23,26,4,34,62,70,2,2,0,0,13,1,0,10,0,0,67,30,6,13,4,41,10,0,64,17,75,22,0,70,2,47,0,16,4,0,48,0,6,80,56,0,12,0,15,32,62,12,71,17,62,0,0,0,0,5,33,31,0,50,16,92,54,15,22,56,22,86,15,68,34,83,31,10,14,12,4,0,0,41,33,0,17,66,60,3,6,9,50,5,21,48,7,22,0,17,66,116,2,0,26,17,61,0,5,61,41,49,0,84,20,15,17,62,42,5,40,27,63,61,0,0,6,47,73,73,76,61,18,0,18,46,82,89,17,61,36,11,55,50,3,7,29,67,77,78,67,21,17,47,55,61,24,65,0,64,13,64,6,0,33,31,18,5,31,30,65,4,2,15,20,20,51,73,29,17,20,24,0,65,2,22,64,0,30,5,17,78,63,97,52,67,67,31,5,18,23,65,19,0,31,49,65,22,10,47,12,62,6,15,51,0,3,6,38,17,4,22,14,6,16,6,33,0,78,0,83,0,6,40,0,16,0,63,59,0,77,0,1,0,14,0,80,64,3,27,11,73,36,77,6,4,16,13,51,13,15,0,50,6,56,9,8,31,99,53,55,22,0,6,24,69,56,68,17,80,3,80,87,17,5,63,16,42,44,67,3,2,36,2,8,27,16,0,0,0,17,5,78,8,0,63,31,48,0,0,0,23,7,0,4,11,41,8,35,17,0,27,8,61,0,6,8,49,31,71,43,22,34,67,19,24,15,0,0,2,9,1,74,66,21,49,74,96,25,21,86,74,17,43,27,67,63,77,0,66,28,20,28,15,69
5,16,7,30,34,34,34,34,34,34,34,19,35,34,37,34,17,35,36,2,0,88,31,34,0,19,4,34,94,34,0,17,61,15,34,41,95,76,32,74,14,34,0,23,0,34,4,6,21,4,34,26,34,16,32,0,2,34,34,26,34,0,34,34,30,34,28,34,4,0,73,28,34,38,34,34,34,2,27,44,34,32,34,36,34,34,34,37,0,76,43,22,15,0,2,36,76,74,34,77,39,79,0,0,34,35,28,38,13,36,22,36,83,34,41,34,21,21,2,40,22,34,34,31,34,34,18,32,34,32,6,33,34,94,9,34,34,34,34,50,5,34,22,4,2,36,34,34,38,46,34,34,34,34,34,1,20,83,46,46,26,34,34,0,76,2,15,34,4,34,2,37,34,25,34,0,87,80,0,13,92,34,79,72,0,9,80,19,76,0,72,92,34,104,34,13,37,95,0,76,6,25,3,71,0,31,6,63,0,6,6,18,54,12,80,80,83,37,60,62,32,76,0,0,65,92,30,2,34,48,0,24,71,81,22,8,2,116,95,52,76,0,34,15,6,20,4,94,15,26,76,0,0,20,76,53,36,0,0,34,32,76,2,9,0,0,0,26,34,5,2,6,6,44,4,38,0,36,4,80,34,2,0,0,5,0,32,74,12,11,4,0,7,94,0,34,0,87,34,34,60,13,76,52,0,0,36,34,68,6,34,24,0,36,76,76,75,37,38,34,71,2,99,37,19,45,6,4,2,0,0,0,5,26,10,70,36,76,95,66,11,0,71,40,6,0,2,76,42,11,87,34,77,0,34,34,71,22,90,0,76,26,37,6,95,2,34,84,6,37,40,34,0,0,82,3,34,34,34,80,37,25,0,71,26,34,2,1,5,76,34,63,10,0,0,22,34,0,2,4,34,65,23,2,0,0,4,34,80,45,0,26,0,76,0,76,1,5,76,76,4,34,0,0,4,34,34,28,76,15,0,56,34,54,94,76,34,18,37,34,1,3,2,34,38,34,22,33,34,34,80,2,34,8,45,34,39,34,0,34,34,61,11,54,0,3,10,0,1,20,4,15,78,35,71,34,76,15,1,6,50,24,2,21,71,15,0,76,10,30,6,3,6,36,0,35,0,17,76,0
5,3,1,19,23,23,23,23,23,34,23,6,24,23,35,23,2,52,23,0,0,77,33,23,0,16,0,23,115,23,0,0,78,2,23,54,116,93,21,91,12,23,0,12,0,23,0,0,21,0,23,5,23,14,21,0,0,23,23,35,23,0,23,23,19,23,17,23,0,0,88,17,23,19,23,23,23,0,14,55,23,21,23,21,23,23,23,26,0,93,64,7,10,0,0,23,93,89,23,94,60,100,0,0,23,24,17,19,32,23,7,23,104,23,30,23,8,34,0,29,18,23,23,20,23,23,15,21,23,21,1,22,23,115,9,23,23,23,23,67,0,23,9,0,0,25,23,23,27,35,23,23,23,23,23,1,9,104,35,27,5,23,23,0,93,0,2,23,4,23,0,26,23,22,23,0,78,101,0,7,113,23,96,88,0,11,93,23,93,0,89,113,23,95,23,8,54,116,0,93,0,27,3,88,0,12,0,61,0,0,0,14,37,4,93,93,100,26,62,64,21,93,0,0,63,105,19,0,23,61,0,11,88,98,22,8,0,95,116,50,93,0,23,2,6,41,0,115,9,15,93,0,0,27,93,70,41,0,0,23,21,93,0,9,0,0,0,15,23,5,0,0,0,59,0,19,0,48,0,93,23,0,0,0,5,0,21,89,14,5,0,0,7,115,0,23,0,108,23,34,62,30,93,63,0,0,25,23,83,6,23,24,0,23,93,93,88,26,40,23,88,0,112,24,6,58,0,0,0,0,0,0,5,13,6,87,36,93,116,79,5,0,88,29,0,0,0,85,54,0,108,23,94,0,23,23,88,22,103,0,93,11,26,0,116,0,23,97,1,26,29,23,0,0,73,0,23,23,23,93,26,23,0,60,15,23,0,1,5,91,23,63,6,0,0,30,23,0,2,0,23,63,25,0,0,0,0,23,93,24,0,26,0,93,0,93,1,5,93,93,0,23,0,0,0,23,23,17,93,12,0,45,23,75,115,93,23,16,24,23,1,3,0,23,27,23,11,22,23,23,93,0,23,3,60,23,28,21,0,23,23,74,5,63,0,24,5,0,1,20,0,2,95,24,88,23,93,13,1,0,52,24,0,38,88,13,0,93,3,19,0,3,0,57,0,33,0,8,93,0
11,24,40,0,2,5,2,1,6,38,0,27,2,2,52,2,32,28,12,20,12,39,39,2,13,14,13,2,50,0,13,20,51,23,0,32,50,66,0,67,44,0,11,8,18,2,12,24,47,9,3,20,2,17,0,26,26,0,11,61,3,42,0,0,13,7,9,6,29,10,72,9,5,0,2,6,0,22,29,18,2,0,2,46,2,2,7,0,12,66,10,30,29,13,32,12,71,70,6,65,10,45,11,14,1,2,9,0,3,7,31,12,50,2,7,4,36,35,19,0,46,2,5,1,0,0,19,0,2,0,36,0,0,50,53,2,0,2,0,45,39,2,14,13,30,0,2,2,0,5,3,2,7,2,2,7,12,50,8,1,20,7,2,12,56,33,16,0,18,2,52,0,2,12,2,13,39,50,17,55,50,9,66,50,33,21,52,32,56,22,61,50,0,50,4,51,23,50,13,52,26,25,32,56,17,2,31,68,13,34,24,27,12,22,53,58,66,0,51,49,0,56,13,20,67,50,1,52,3,41,13,26,56,66,36,18,26,52,50,116,56,11,0,23,12,11,22,50,40,7,55,41,11,49,66,38,47,13,11,2,0,66,57,9,18,14,11,12,0,39,44,21,26,43,15,6,34,19,1,54,5,42,12,24,25,14,5,56,36,37,10,40,14,50,12,0,12,50,2,35,47,25,67,60,15,13,4,2,55,34,13,24,16,13,56,50,51,0,41,2,54,48,50,11,23,31,23,12,30,13,12,11,22,33,27,56,41,50,50,64,34,11,56,5,39,44,12,74,32,39,50,2,65,51,1,0,51,46,50,33,66,35,0,27,50,28,2,50,39,0,2,0,14,31,33,43,2,3,0,50,0,27,12,26,7,10,21,36,27,68,2,64,26,9,34,28,2,13,34,45,4,80,43,26,14,16,25,0,53,12,12,30,12,56,17,66,18,21,56,67,12,9,45,51,18,3,2,11,66,11,43,7,0,21,50,56,3,27,8,0,13,24,44,0,0,2,5,0,0,2,55,47,5,35,42,2,18,8,11,0,2,43,30,53,18,22,32,42,12,41,23,28,67,2,62,3,71,21,11,36,45,20,26,27,55,32,18,56,47,15,23,9,27,5,13,63,29,27,55,16
26,2,0,0,0,0,0,0,0,27,0,4,1,0,35,0,0,69,0,23,21,54,50,0,23,0,19,0,92,0,23,0,101,0,0,45,93,93,0,92,27,0,23,0,23,0,19,5,23,17,0,0,2,35,0,13,9,0,0,36,0,0,0,0,2,0,0,0,1,18,88,0,0,0,0,0,0,23,8,62,0,0,0,15,0,0,0,3,23,95,41,0,5,23,0,0,98,89,0,93,44,78,23,23,0,1,0,0,15,0,0,0,87,0,7,0,6,27,18,6,18,0,0,0,5,0,0,0,0,5,0,1,0,93,9,0,0,0,0,89,0,0,0,19,15,2,0,0,4,12,0,0,0,0,0,18,0,88,12,8,0,0,0,23,116,2,0,0,27,0,0,3,0,0,0,23,55,93,23,8,93,0,93,109,1,34,108,28,116,23,88,93,0,72,0,8,76,93,23,112,5,50,0,111,23,5,11,61,23,6,19,16,18,0,109,93,93,3,85,83,0,116,23,23,63,93,0,0,0,78,23,5,111,93,22,31,17,76,93,56,116,23,0,0,22,32,13,93,20,0,114,0,21,27,93,93,53,23,23,0,0,94,0,26,23,23,23,0,0,5,0,5,2,59,4,2,0,65,9,93,0,0,23,23,28,23,0,112,14,8,14,0,30,93,23,0,18,93,0,53,81,29,93,83,18,23,2,0,104,6,0,46,18,0,116,109,101,3,63,0,109,7,93,1,0,74,9,16,23,23,23,19,7,10,6,110,59,109,93,102,5,18,111,12,0,0,20,85,54,0,93,0,93,0,0,0,111,20,93,0,93,7,3,19,93,23,0,93,0,3,6,0,7,0,50,13,0,0,0,104,3,32,23,37,0,6,20,1,28,91,0,78,10,21,0,29,0,23,0,0,0,63,25,17,23,23,0,0,93,6,23,49,23,116,23,93,24,22,116,93,19,0,0,0,8,0,0,0,93,0,0,22,0,52,93,116,0,39,1,0,24,5,0,0,4,0,2,0,0,0,110,0,0,3,60,0,11,0,23,0,0,74,5,81,23,20,5,0,24,20,1,0,93,1,88,0,99,30,24,0,75,47,9,24,110,36,23,116,3,22,6,24,16,34,23,33,0,8,114,23
88,36,2,18,36,28,39,40,16,0,34,21,38,39,0,39,7,36,32,87,75,4,56,39,88,15,97,32,0,39,88,25,35,35,38,8,0,0,32,1,54,41,83,22,94,39,74,49,38,95,39,7,33,70,42,53,53,40,27,8,37,2,40,26,23,33,29,17,43,93,0,20,37,38,38,33,38,69,17,11,39,40,39,0,39,39,33,39,111,2,25,14,10,93,5,25,5,0,28,0,25,4,95,83,32,38,22,38,39,35,16,21,0,25,37,46,9,7,72,36,10,39,24,36,17,40,8,42,39,32,9,38,42,0,3,39,42,39,41,38,10,33,18,98,57,38,37,39,38,43,39,27,29,39,39,74,19,0,22,26,9,27,39,80,23,32,24,40,74,36,0,39,45,17,39,92,7,0,89,20,0,30,0,21,41,93,15,29,23,77,0,0,40,0,23,3,28,0,89,19,56,76,10,28,85,12,55,0,77,31,79,26,30,31,16,0,0,39,46,35,41,23,96,77,4,0,13,3,34,28,93,25,28,0,2,78,61,0,0,11,23,116,40,37,52,21,56,0,55,18,21,7,83,7,0,46,28,101,84,37,32,1,5,88,83,77,88,43,42,7,7,51,46,0,53,22,10,41,61,0,33,5,80,89,80,97,35,27,0,24,68,12,98,0,105,50,96,0,38,45,40,21,0,30,40,101,36,37,25,10,24,47,71,42,23,16,18,39,62,37,26,50,0,37,28,46,56,70,67,89,85,74,39,31,9,29,66,16,0,29,8,72,28,35,0,7,71,0,0,0,0,32,0,6,27,36,28,9,0,10,0,3,38,84,0,87,38,0,8,39,41,40,44,19,22,53,39,39,40,11,38,48,90,18,33,33,76,7,73,0,33,23,22,70,10,8,39,90,13,29,31,0,0,78,87,87,32,28,0,11,77,74,77,23,79,0,73,66,23,0,73,23,3,2,59,34,37,12,0,26,9,11,41,24,0,23,36,64,35,35,77,40,0,43,38,39,23,38,39,38,17,0,31,25,0,39,28,26,93,41,29,0,0,23,99,9,9,10,77,5,52,24,0,38,0,27,6,73,85,3,46,73,53,14,27,67,77,23,4,56,59,78,62,32,99,0,8,6,21,95
22,71,22,67,108,103,111,113,77,12,83,63,111,111,2,111,31,26,102,19,4,62,0,111,52,72,39,107,24,113,14,59,2,77,112,34,23,0,96,0,0,115,35,84,30,111,5,0,15,39,111,56,106,7,112,4,0,116,98,17,111,2,116,92,89,107,62,92,30,26,0,89,110,108,112,107,112,2,45,0,111,110,111,22,111,111,108,111,40,0,75,61,15,57,2,94,0,0,102,1,58,31,61,44,93,111,89,106,90,102,51,59,23,90,106,93,48,36,5,109,5,111,85,109,54,116,44,112,111,78,41,101,114,22,4,111,114,111,115,9,37,105,74,26,24,111,109,111,111,82,111,103,101,111,111,45,78,21,91,74,58,101,111,7,0,0,67,100,1,108,0,111,91,54,111,58,61,8,16,0,20,104,3,0,19,32,0,0,0,40,1,20,114,44,72,15,0,23,55,0,7,21,15,0,47,42,0,0,4,6,18,3,77,33,0,0,7,111,2,0,113,0,34,41,0,12,51,3,106,3,57,52,0,5,0,3,0,34,23,0,0,40,116,79,4,35,4,22,0,61,0,7,12,0,0,0,7,41,12,113,96,0,0,21,10,3,16,60,114,2,20,7,0,0,3,48,4,0,7,0,109,4,7,25,21,31,82,0,0,0,4,2,27,22,44,88,27,15,112,4,5,24,0,2,7,39,110,109,1,3,96,6,7,87,0,0,0,111,0,109,0,11,19,81,55,24,0,5,1,49,12,5,4,53,3,0,0,0,23,0,0,4,0,84,0,4,38,0,0,5,15,104,1,8,62,83,0,8,10,4,0,19,112,19,23,20,112,4,38,111,86,116,7,8,64,7,111,111,104,0,112,0,17,76,59,97,7,25,6,0,105,2,4,26,4,12,111,54,9,1,105,0,0,17,52,49,8,90,0,54,5,5,5,0,6,0,3,13,0,0,4,95,1,0,5,109,109,80,0,66,4,65,115,64,22,0,110,2,101,111,4,6,0,105,111,111,83,78,115,111,0,0,106,16,0,111,57,86,21,115,81,0,0,0,38,33,12,7,4,1,53,68,2,111,0,102,0,10,10,2,3,2,0,34,0,0,3,0,8,68,10,7,1,82,29,0,4,8,0,30
18,107,39,32,83,67,84,79,44,5,46,94,83,84,27,84,52,34,70,17,0,30,7,84,59,47,39,74,2,80,9,91,2,114,79,28,2,20,61,22,3,80,30,63,34,84,1,5,46,40,83,49,80,9,81,5,7,79,66,46,82,28,79,55,68,75,41,57,57,21,21,67,81,81,83,74,81,3,68,0,84,81,84,30,84,84,78,81,36,20,45,83,32,60,18,64,16,24,67,21,44,8,56,48,57,83,66,79,75,66,70,25,10,54,77,59,79,24,2,78,14,84,49,78,26,79,23,81,84,59,64,67,81,1,37,84,81,84,80,14,68,80,61,31,27,80,82,84,80,47,83,72,70,84,84,49,64,9,59,48,51,69,84,3,0,21,91,65,3,81,31,81,64,17,84,59,29,6,14,25,1,71,17,0,37,36,0,5,0,43,17,1,79,18,35,49,1,2,58,0,12,24,28,0,52,29,0,30,0,25,18,13,53,54,0,11,18,81,2,1,80,0,39,44,13,6,17,34,80,0,60,79,0,16,29,1,5,15,2,23,0,37,79,116,12,25,0,1,0,37,0,27,8,25,21,0,11,42,5,82,61,21,31,30,7,0,9,34,81,34,43,9,5,26,0,24,32,2,3,7,74,29,3,28,22,36,48,0,17,11,0,34,27,1,44,53,30,5,83,1,6,51,21,5,1,44,78,82,0,31,64,11,2,55,0,3,5,81,0,82,0,37,2,48,80,25,0,0,0,54,8,1,25,78,19,0,0,2,2,0,20,0,0,60,19,27,42,20,17,24,2,77,21,43,26,48,0,37,7,31,20,43,80,19,2,22,83,6,61,81,58,79,8,29,40,7,84,83,69,2,80,5,11,44,33,77,5,47,4,22,80,0,0,19,31,42,84,59,30,27,73,29,22,20,56,53,21,53,8,28,0,4,0,0,4,19,3,21,0,21,0,65,26,32,0,74,82,59,18,43,33,35,80,40,1,0,79,2,66,74,6,28,21,72,80,84,70,43,78,80,0,28,73,45,25,84,31,53,14,80,45,14,15,0,37,25,38,30,0,32,85,101,16,83,18,70,16,12,8,18,2,2,5,18,0,0,0,0,41,62,9,3,3,52,34,25,20,12,0,35
51,19,14,32,7,5,7,5,18,48,29,9,6,7,35,7,20,43,4,48,57,3,51,7,50,18,42,3,5,4,63,32,30,14,5,15,6,13,12,14,36,4,62,6,48,7,56,39,42,44,8,9,7,53,5,46,53,4,3,12,6,44,4,15,10,4,16,16,55,49,6,8,8,4,6,3,4,50,41,49,7,5,7,30,7,7,5,5,51,13,4,3,38,47,54,3,7,13,5,13,18,13,45,51,14,6,11,6,14,10,22,12,11,15,7,2,15,10,51,4,21,7,16,6,31,4,46,5,7,36,15,10,5,7,45,7,5,7,4,37,15,10,10,52,36,4,9,7,4,10,8,8,3,7,7,53,8,13,5,21,7,4,7,59,22,21,10,18,65,10,42,5,8,35,7,46,4,13,53,8,7,3,7,27,13,49,19,22,22,46,12,7,5,5,30,42,52,6,47,23,37,46,32,27,50,36,31,9,58,64,41,25,7,19,19,11,6,5,37,45,4,22,48,47,22,13,42,40,10,36,47,32,27,7,42,65,61,6,6,12,22,52,4,12,116,17,40,7,29,22,22,30,57,11,12,31,38,50,58,6,12,13,39,58,60,60,58,13,5,51,23,27,34,40,33,14,51,31,46,10,3,47,61,48,47,50,3,26,29,5,52,66,50,7,45,13,51,13,7,64,43,51,12,35,69,49,5,9,28,56,2,79,53,4,22,27,29,5,43,9,27,20,6,5,29,31,35,53,43,52,62,55,27,14,50,26,47,26,6,25,39,55,27,18,43,30,43,13,44,39,6,8,13,44,18,35,22,39,12,52,13,35,4,41,6,47,6,13,15,5,5,4,87,60,6,22,7,8,11,21,4,42,62,3,17,13,53,29,54,13,10,28,46,58,51,39,7,47,43,22,5,6,39,48,49,51,19,21,13,34,60,57,58,22,56,10,52,63,22,12,55,5,46,43,37,9,9,15,9,27,45,27,4,7,7,22,4,50,9,7,61,26,34,12,4,7,10,42,5,6,18,34,3,24,41,7,6,9,61,5,27,28,37,28,44,22,52,46,58,49,39,11,7,6,14,5,8,45,63,26,38,48,41,23,28,42,55,22,36,26,28,57,38,4,53,42,47,50,22,49
10,22,46,26,32,39,35,35,29,33,26,43,36,35,26,35,41,34,38,14,13,40,30,35,8,40,22,43,40,37,24,25,23,23,38,57,41,38,32,38,38,35,11,46,11,35,18,40,14,21,36,50,34,38,35,19,49,35,43,47,35,18,35,35,56,38,50,47,11,11,29,56,36,33,35,38,37,18,24,38,35,37,35,43,35,35,35,35,21,38,66,28,10,13,26,31,32,36,35,39,57,35,13,0,30,36,50,34,57,35,16,43,51,35,42,40,56,72,15,38,3,35,33,35,12,35,40,35,35,33,54,33,35,40,12,35,35,35,35,23,31,29,59,10,21,38,33,35,36,50,36,35,34,35,35,33,61,51,60,26,52,32,35,10,32,42,49,33,13,32,28,35,38,22,35,13,41,54,18,30,40,40,33,27,31,26,32,58,32,1,28,40,35,30,28,29,38,41,10,32,42,22,21,32,5,34,36,27,13,8,20,18,27,24,32,36,34,35,16,9,35,32,13,0,9,42,22,34,31,31,13,8,32,32,17,11,41,20,41,11,32,21,35,25,17,116,13,40,36,49,32,6,15,35,37,42,20,21,14,35,32,37,27,22,11,17,18,24,35,16,46,39,42,41,29,39,5,47,10,43,37,17,10,12,27,10,47,28,53,36,13,13,11,40,25,45,10,45,35,1,6,40,37,21,3,18,36,33,22,21,42,12,16,52,32,36,38,35,29,33,32,27,37,44,6,23,33,13,28,5,11,14,13,10,12,31,25,35,41,23,24,13,32,55,36,5,15,30,32,39,49,28,39,19,39,29,27,18,40,10,38,16,35,16,41,14,35,50,51,35,34,35,31,38,30,36,35,36,35,35,35,54,18,43,59,50,13,43,23,36,29,7,8,11,6,19,35,10,0,27,41,16,44,44,8,6,10,33,46,24,13,24,13,32,18,35,22,37,32,37,13,28,26,27,30,36,33,65,34,33,14,50,35,49,40,32,37,36,36,35,11,14,39,35,36,35,66,21,35,38,32,27,41,28,42,35,43,26,21,35,28,33,38,18,27,78,17,17,14,10,15,17,32,36,29,33,32,23,11,11,23,25,42,42,32,26,13,32,28,12,30,13,21,66,10,21,17,27,32,11
72,0,28,33,3,9,0,4,35,13,19,4,0,0,19,0,14,16,1,70,90,0,43,0,34,39,51,2,0,2,79,5,23,0,1,17,0,1,23,0,45,4,62,9,55,0,90,59,33,59,0,16,6,64,5,95,39,4,1,20,1,28,4,28,4,1,42,6,10,75,3,5,1,5,1,2,1,79,2,9,0,3,0,4,0,0,0,0,54,1,0,11,39,33,34,9,3,1,12,0,2,0,36,45,24,0,8,6,0,12,12,44,0,27,0,21,4,16,83,0,65,0,29,5,44,4,20,5,0,0,16,16,3,0,15,0,3,0,4,14,29,4,4,66,37,0,0,0,0,23,0,11,5,0,0,34,5,0,3,20,16,7,0,89,13,39,4,18,86,1,15,0,18,48,0,34,0,0,69,55,2,2,0,13,51,43,13,38,13,42,2,2,5,0,31,14,23,0,36,9,50,42,37,15,37,17,61,12,91,37,62,51,15,49,18,9,0,0,31,14,6,13,54,43,24,4,40,16,3,48,33,0,15,0,18,84,49,4,0,22,13,56,4,0,40,13,116,0,54,19,12,47,83,37,0,33,55,49,86,1,23,0,33,54,78,87,82,56,3,29,16,47,60,1,81,51,48,41,89,6,2,35,88,55,53,56,24,17,22,54,102,43,59,0,47,30,67,0,0,43,13,0,1,18,65,49,1,0,21,35,1,23,88,14,13,8,15,0,49,0,17,41,4,18,9,20,71,98,64,39,83,90,63,17,43,16,53,8,0,17,22,96,15,13,21,43,29,9,1,22,0,5,0,14,55,18,18,17,7,46,1,6,1,63,0,55,1,4,16,0,22,4,31,9,1,63,0,0,15,12,1,40,77,0,41,2,82,15,72,1,4,37,73,74,47,2,0,36,48,63,3,9,12,46,37,37,84,30,4,13,90,65,93,13,77,2,76,46,13,1,96,9,20,17,78,6,0,4,0,44,35,0,4,0,0,13,1,61,10,9,86,62,26,12,0,0,3,13,5,1,16,31,2,52,1,0,32,25,78,3,20,4,21,28,46,11,30,31,91,16,10,9,1,0,1,7,3,65,84,54,36,62,53,9,14,63,89,13,18,22,64,89,83,0,59,12,39,37,12,55
5,4,0,19,22,22,22,22,22,35,22,5,23,22,36,22,1,52,22,0,0,76,33,22,0,15,0,22,114,22,0,1,78,1,22,55,115,94,20,92,12,22,0,12,0,22,0,0,21,0,22,4,22,14,20,0,0,22,22,35,22,0,22,22,18,22,16,22,1,0,89,16,22,18,22,22,22,0,15,56,22,20,22,22,22,22,22,25,0,93,63,6,10,0,1,22,94,90,22,95,61,101,0,0,22,23,16,18,31,22,6,22,103,22,29,22,7,34,0,28,18,22,22,19,23,22,16,20,22,22,0,21,22,116,10,22,22,22,22,68,0,22,8,0,0,24,22,22,26,34,22,22,22,22,22,1,8,105,34,26,4,22,22,0,93,0,1,22,4,22,1,25,22,21,22,0,77,102,0,7,114,22,97,89,0,11,94,23,93,0,90,114,22,94,22,9,55,115,0,94,0,27,2,88,0,13,0,62,0,1,0,14,36,3,94,94,99,25,62,65,20,93,0,0,63,106,19,1,22,61,0,12,88,99,23,8,0,94,115,50,93,0,22,1,7,40,0,116,9,14,94,0,0,27,94,70,41,0,0,22,20,94,1,9,0,0,0,14,22,6,1,0,0,60,0,18,0,48,0,94,22,0,0,0,5,0,21,89,15,5,0,1,7,116,0,22,0,109,22,35,63,31,94,63,1,0,24,22,83,7,22,25,0,22,93,94,88,25,40,22,88,0,111,23,7,59,0,0,0,0,0,0,5,13,6,87,36,94,115,79,6,0,88,28,1,0,0,86,55,1,107,22,95,1,22,22,88,23,102,0,94,12,25,0,115,0,22,98,0,25,28,22,0,1,72,0,22,22,22,94,25,23,0,59,14,22,0,2,5,92,22,63,6,0,0,31,22,0,2,0,22,64,26,0,0,0,0,22,94,25,0,26,0,93,0,94,1,5,93,94,0,22,1,1,0,22,22,16,94,12,1,44,22,74,116,93,22,16,23,22,1,3,1,22,26,22,10,23,22,22,94,0,22,3,61,22,28,20,0,22,22,75,5,64,0,25,5,0,1,21,1,1,96,23,89,22,94,13,1,0,52,24,0,39,89,13,0,93,4,19,0,3,0,56,0,34,0,9,94,0
57,0,52,0,3,9,0,1,17,20,0,17,0,0,13,0,48,19,14,72,65,9,68,0,42,5,63,9,9,2,62,5,30,0,3,28,9,9,0,10,102,0,42,20,68,0,75,99,19,62,1,52,3,67,0,49,90,0,18,27,1,14,0,0,19,9,33,10,31,58,9,21,3,6,0,9,2,76,3,21,0,2,0,41,0,0,5,0,56,11,0,26,10,42,25,22,14,9,6,9,2,9,42,51,1,0,19,7,1,7,10,37,9,2,0,22,23,38,72,0,18,0,5,3,7,0,12,0,0,0,32,0,0,9,12,0,0,0,0,22,20,3,34,67,83,2,0,0,0,15,1,0,14,0,0,49,32,9,13,13,52,14,0,63,20,80,24,0,67,0,29,0,18,0,0,42,9,17,77,66,9,12,9,20,37,55,20,87,20,59,9,9,0,9,9,13,25,9,45,16,101,51,19,25,49,22,107,19,67,39,88,48,17,14,21,13,9,0,49,33,0,20,63,57,13,13,4,32,4,23,42,0,25,9,3,63,84,15,9,40,20,55,0,0,29,36,54,9,116,32,18,20,57,45,9,43,16,55,59,0,0,10,39,58,70,73,55,27,0,4,40,96,98,2,82,43,1,54,52,21,7,12,64,74,75,64,21,20,51,72,66,6,66,9,58,13,59,9,0,22,31,0,9,27,16,58,4,0,18,2,20,31,68,29,20,13,23,0,73,0,23,72,13,32,8,19,99,68,94,45,64,64,38,8,17,26,73,13,9,34,48,62,25,4,41,17,52,9,2,45,17,5,9,19,21,0,25,0,13,5,9,21,0,85,9,80,0,21,35,0,23,0,49,49,2,92,0,1,0,16,0,88,56,5,35,5,72,30,74,9,3,16,34,43,2,3,0,45,1,49,9,15,23,81,46,48,31,0,21,24,66,52,67,20,77,9,77,65,20,9,70,19,25,27,88,3,0,23,9,2,16,5,0,0,9,20,5,75,8,0,62,37,48,0,0,0,25,0,0,4,22,33,8,26,2,0,27,12,55,0,2,9,43,47,65,37,5,16,66,3,21,13,9,0,9,11,15,84,63,30,57,78,97,36,24,92,73,20,34,28,90,60,84,0,63,12,18,24,18,66
25,29,39,71,58,73,61,63,69,39,82,48,61,61,16,61,78,0,70,32,18,50,10,61,12,42,17,70,16,63,19,21,0,37,64,15,15,0,69,0,29,61,12,60,15,61,22,32,8,14,62,75,56,18,59,11,28,61,69,10,61,20,61,60,66,70,60,67,28,23,0,73,64,59,61,70,63,13,38,25,61,61,61,59,61,61,66,61,21,0,44,68,41,15,38,72,0,0,70,1,24,23,15,15,70,61,65,61,41,72,64,74,15,62,59,70,45,45,22,61,23,61,63,61,62,61,56,59,61,60,43,67,61,14,18,61,61,61,61,3,34,57,79,19,33,63,61,61,61,69,62,63,74,61,61,29,78,13,70,78,75,74,61,15,0,32,59,67,17,60,31,61,66,61,61,15,50,16,34,22,12,70,3,3,22,9,0,32,0,19,4,12,62,36,80,26,15,15,12,0,39,14,47,0,9,63,32,8,18,29,29,30,61,33,0,0,7,61,5,3,59,0,17,19,7,4,66,32,59,6,15,47,0,5,18,13,20,26,15,7,0,18,61,37,22,49,19,14,32,116,0,25,12,28,0,0,11,15,18,61,69,0,35,19,19,22,14,52,61,20,27,41,32,10,26,70,24,13,15,8,67,18,14,20,25,14,63,4,44,34,19,23,19,14,18,69,19,7,61,11,3,19,0,3,27,12,65,61,5,23,72,13,12,71,0,0,0,61,5,61,0,29,11,75,51,12,38,16,23,9,15,21,18,50,33,0,9,0,15,6,35,18,0,62,40,26,19,0,13,48,23,66,1,22,68,80,0,18,2,28,0,42,61,27,15,23,61,12,40,61,62,61,40,37,44,39,61,62,69,0,61,26,13,62,80,58,22,22,19,0,57,4,38,17,24,15,61,12,26,20,72,0,23,29,13,10,15,58,8,61,15,9,18,0,26,0,16,14,0,0,18,72,29,33,26,67,61,65,0,38,33,62,61,30,14,0,66,14,72,63,14,18,47,67,61,61,76,71,62,65,0,35,67,36,10,61,54,75,12,61,86,7,41,15,24,38,34,28,17,16,11,46,2,61,3,70,0,13,13,31,13,17,32,60,0,21,24,0,39,28,33,14,18,44,16,16,33,38,0,14
27,3,0,1,0,0,0,0,0,28,0,4,1,0,37,0,0,67,0,21,22,54,48,0,21,0,17,0,92,0,21,2,99,0,0,46,93,94,0,92,25,0,21,1,21,0,17,3,21,15,0,0,2,33,0,12,7,0,0,35,0,0,0,0,2,0,0,0,1,19,89,0,0,0,0,0,0,21,9,62,0,0,0,16,0,0,0,3,21,93,41,0,6,21,1,0,100,90,0,94,45,79,21,21,0,1,0,0,15,0,0,0,87,0,7,0,6,27,19,6,19,0,0,0,6,0,1,0,0,6,0,1,0,94,10,0,0,0,0,89,1,0,0,17,13,2,0,0,4,12,0,0,0,0,0,16,0,89,12,8,0,0,0,21,114,0,0,0,25,0,1,3,0,0,0,21,55,94,21,7,94,0,94,109,0,32,108,26,114,21,89,94,0,72,0,9,76,93,21,112,3,48,0,109,21,7,9,62,21,6,17,14,18,0,109,95,93,3,83,83,0,114,21,21,64,94,1,1,0,76,21,6,109,95,23,29,15,76,93,55,114,21,0,0,22,32,12,94,18,0,116,1,22,28,95,91,53,21,21,0,0,94,1,24,21,21,21,0,0,6,1,3,0,60,5,2,0,63,10,95,0,0,21,21,26,21,1,110,15,7,12,1,28,94,21,0,16,95,0,53,81,30,94,81,19,21,2,0,105,7,0,46,16,0,114,109,99,3,61,0,107,5,93,1,1,74,7,14,21,21,21,20,8,11,7,108,57,109,93,100,7,16,109,12,1,1,18,86,55,2,93,0,94,1,0,0,109,21,93,0,94,8,3,17,93,21,0,94,0,3,6,0,8,2,50,12,0,0,0,106,3,30,21,37,0,6,18,2,26,92,0,78,11,19,0,30,0,21,0,1,0,64,26,15,21,21,1,0,95,7,21,47,21,114,21,95,22,20,114,94,17,0,1,1,6,0,0,0,95,1,1,22,0,52,94,114,0,37,1,0,22,6,1,0,4,0,2,1,0,0,112,1,0,4,61,0,12,0,21,0,0,76,6,81,21,22,6,0,22,21,1,0,94,1,89,0,99,28,22,0,73,45,7,25,110,34,21,114,5,20,7,22,14,34,21,34,0,10,116,21
23,30,47,43,6,9,3,5,28,42,27,24,3,3,59,3,50,2,9,23,35,0,16,3,3,32,4,5,0,4,18,28,0,27,4,16,0,14,16,16,19,6,22,14,15,3,27,31,48,7,4,22,7,18,5,55,15,7,11,40,5,86,7,25,7,6,30,7,46,27,21,9,4,4,4,5,4,34,39,24,3,3,3,35,3,3,6,3,7,14,3,30,66,3,69,17,14,18,12,14,11,5,6,11,17,3,9,3,6,9,51,27,2,24,3,12,28,25,30,3,80,3,26,10,51,7,39,5,3,24,32,13,5,0,72,3,5,3,6,5,49,6,10,13,18,3,3,3,3,12,4,11,12,3,3,4,12,2,3,30,22,11,3,35,0,47,18,11,25,3,72,3,8,53,3,4,0,2,14,60,0,8,16,5,60,9,3,26,0,17,21,0,6,0,41,52,22,0,7,3,22,11,69,0,11,29,27,35,33,57,15,45,12,58,0,12,13,3,8,15,6,0,11,15,40,2,46,70,7,16,3,44,0,14,70,26,17,0,0,41,0,7,7,27,30,6,47,0,20,25,1,116,33,53,16,0,40,4,33,5,16,15,77,16,32,27,29,33,5,75,49,32,32,34,40,21,85,18,48,2,8,84,34,19,15,12,16,2,54,49,36,71,15,0,3,14,18,3,4,32,13,35,15,17,63,6,4,3,7,71,12,19,40,10,0,4,2,3,14,3,0,42,0,15,52,8,23,36,28,6,30,36,60,43,79,0,16,5,0,2,71,36,0,10,60,99,15,22,41,57,0,8,14,70,29,24,0,57,5,80,14,54,4,23,0,20,4,2,35,3,11,7,37,45,3,31,3,4,11,6,4,17,24,3,19,7,34,43,32,16,6,29,69,26,85,52,3,6,89,58,4,42,53,14,6,9,79,23,3,33,32,16,35,0,23,14,30,17,0,15,32,16,76,75,36,8,3,7,19,41,80,11,6,3,0,0,3,24,8,10,33,63,72,8,3,3,3,28,7,4,1,86,9,54,33,3,18,18,25,6,28,26,59,18,7,26,65,87,33,66,28,37,16,3,23,11,13,14,29,93,9,10,29,42,0,23,33,0,69,7,31,35,36,3,11,54,74,56,1,14
90,8,4,38,11,15,8,13,30,1,24,6,8,8,4,8,6,28,9,88,108,1,56,8,59,31,70,8,0,9,100,5,33,8,10,10,0,0,30,0,56,11,90,7,71,8,96,60,49,72,8,4,11,76,11,78,52,12,8,7,8,15,12,36,6,9,35,13,20,90,0,5,8,8,8,10,8,92,3,10,8,9,8,1,8,8,10,8,82,0,8,4,30,60,19,8,6,0,20,0,10,0,64,60,35,8,7,10,8,18,19,36,0,37,8,21,6,7,91,8,39,8,39,10,41,12,9,11,8,4,6,24,11,0,0,8,11,8,11,26,21,10,5,74,48,8,8,8,8,22,8,19,5,8,8,53,4,0,5,12,4,4,8,109,21,41,5,27,94,7,4,8,17,41,8,60,1,0,78,29,0,10,0,20,43,69,14,31,21,59,0,0,12,0,30,1,29,0,64,18,51,59,29,26,63,9,64,0,106,40,65,49,10,58,15,1,0,8,45,33,11,21,72,59,10,0,41,1,11,44,60,4,26,1,9,97,62,0,0,11,21,83,12,8,57,15,83,0,57,12,22,33,116,24,1,44,40,75,106,9,30,0,13,69,97,98,110,36,11,17,5,48,55,0,79,38,39,42,94,1,10,20,106,71,63,73,37,25,6,34,96,32,76,0,73,39,73,1,9,63,33,0,0,28,66,76,9,8,33,23,8,42,89,22,21,15,16,8,63,8,24,48,0,19,6,23,70,95,77,64,103,105,70,17,31,27,67,15,0,28,19,101,26,21,3,31,49,0,0,4,0,4,0,1,52,23,26,4,0,33,0,6,8,72,0,72,8,0,5,8,19,12,50,20,3,49,8,8,22,12,8,49,107,4,43,8,93,7,82,0,10,29,53,92,39,0,8,63,42,48,11,0,0,64,63,62,63,38,1,4,103,85,104,21,90,1,88,57,21,0,102,8,5,6,75,16,8,6,1,40,23,1,11,7,0,21,9,72,18,17,105,68,6,20,8,8,6,18,13,8,18,10,12,45,0,8,21,24,105,12,23,1,6,26,74,5,28,18,105,6,23,8,0,8,0,4,5,63,100,28,45,72,62,7,26,75,100,21,2,31,68,104,78,8,75,1,28,21,22,71
20,26,61,15,3,9,0,1,28,17,4,41,0,0,37,0,56,25,12,26,32,10,23,0,2,23,13,9,27,2,23,31,32,25,3,42,27,44,4,46,33,0,13,26,18,0,36,60,48,14,1,46,3,30,0,42,40,0,18,53,1,36,0,11,23,9,36,10,40,19,43,27,3,6,0,9,2,39,23,19,0,2,0,35,0,0,5,0,8,44,13,46,39,2,37,20,39,48,6,44,21,27,2,11,5,0,25,7,20,9,30,36,33,13,0,12,47,38,40,0,63,0,16,3,22,0,21,0,0,6,43,4,0,27,35,0,0,0,0,27,60,3,32,19,31,2,0,0,0,7,1,0,14,0,0,21,30,33,13,17,46,14,0,26,27,66,34,2,28,0,56,0,8,16,0,2,10,33,29,71,27,12,38,28,31,6,31,53,27,19,38,27,0,14,20,40,21,27,5,27,51,14,31,27,9,17,52,47,30,41,38,62,27,37,31,44,38,0,22,14,0,27,13,17,39,37,19,57,4,43,2,20,27,39,25,24,42,20,27,49,27,7,0,25,11,35,37,27,45,28,28,53,24,116,44,13,51,5,22,0,4,43,61,22,31,34,18,24,0,27,49,50,58,34,46,44,43,27,32,38,7,40,25,24,25,14,13,29,70,64,34,36,16,27,8,5,16,34,0,25,14,32,43,31,17,8,4,0,31,33,20,0,34,19,27,31,37,0,14,0,27,51,31,20,28,31,48,32,47,5,25,33,47,42,45,27,16,30,27,35,60,30,27,12,52,51,20,36,22,57,27,5,44,43,24,2,32,25,37,48,44,39,0,39,27,28,0,37,46,0,11,0,21,42,14,45,0,1,2,35,0,35,17,13,28,11,38,40,35,46,3,20,32,18,45,31,0,5,38,74,9,38,31,39,6,8,52,11,41,24,27,11,30,27,38,42,38,27,27,43,33,17,44,53,44,3,0,27,41,24,50,5,0,17,27,27,5,34,10,0,25,48,59,2,0,0,21,2,0,4,32,59,8,56,33,0,21,16,16,0,6,39,48,48,15,48,32,47,29,23,30,38,38,0,40,11,38,29,24,64,30,23,54,37,27,37,36,27,56,14,39,25,46,13,14,33,32,33,28,16
6,23,8,1,0,0,0,0,0,33,0,24,1,0,57,0,12,57,0,0,1,54,38,0,0,5,0,0,92,0,0,19,78,21,0,51,93,114,0,112,12,0,0,4,0,0,0,5,42,0,0,5,2,16,0,5,5,0,0,55,0,14,0,0,7,0,5,0,17,1,105,5,0,0,0,0,0,0,25,56,0,0,0,24,0,0,0,3,0,113,41,16,22,0,10,0,111,110,0,114,50,79,0,0,0,1,5,0,20,0,16,0,92,0,7,0,26,32,1,6,28,0,0,0,6,0,6,0,0,11,12,1,0,94,28,0,0,0,0,68,21,0,5,0,0,2,0,0,4,12,0,0,0,0,0,6,5,94,12,8,5,0,0,0,93,12,12,0,4,0,21,3,0,0,0,0,55,99,0,23,94,0,110,89,6,11,94,28,93,0,105,94,0,72,0,29,55,93,0,94,5,27,8,88,0,7,0,83,0,13,0,18,18,16,94,106,109,3,62,65,0,93,0,0,77,99,1,21,0,61,0,22,88,111,41,8,5,76,93,66,93,0,0,21,12,37,0,94,9,0,95,16,1,44,116,70,46,0,0,0,0,115,21,14,0,0,0,0,0,24,13,2,5,81,1,2,21,50,1,102,0,18,0,0,5,0,1,89,23,9,0,21,7,94,0,0,0,100,0,35,63,50,115,63,1,0,2,0,84,27,0,25,0,0,93,97,93,3,40,0,88,16,93,1,17,59,0,0,0,0,0,1,22,27,20,87,36,96,93,79,20,0,88,17,9,17,0,106,72,10,93,0,114,22,0,0,88,37,98,20,114,24,3,0,93,0,0,99,12,3,6,0,6,14,50,0,0,0,0,97,3,28,0,37,0,11,0,14,5,112,0,63,7,0,20,48,0,0,16,17,0,82,38,5,0,0,10,0,103,7,0,26,0,93,0,114,1,10,93,115,0,0,15,22,0,0,0,5,113,6,21,22,0,52,94,93,0,16,1,0,1,20,13,0,4,0,7,1,0,0,95,18,0,25,82,0,12,0,0,0,0,90,11,64,0,27,27,17,1,39,17,21,110,1,107,0,110,13,1,9,52,24,5,25,89,13,0,93,26,11,1,3,0,34,0,54,9,13,95,0
39,2,0,0,0,0,0,0,0,23,0,4,1,0,31,0,0,66,0,46,44,44,73,0,36,0,42,0,69,0,46,0,88,0,0,37,70,70,0,71,50,0,36,0,46,0,42,28,15,40,0,0,2,58,0,33,32,0,0,32,0,0,0,0,2,0,10,0,4,41,67,0,0,0,0,0,0,46,8,53,0,0,0,11,0,0,0,3,46,72,41,0,0,36,0,0,75,68,0,70,39,60,36,36,0,1,0,0,15,0,0,10,69,0,7,10,6,27,41,6,0,0,0,0,0,0,0,0,0,5,0,1,0,70,9,0,0,0,0,76,0,0,0,42,28,2,0,0,4,22,0,0,0,0,0,31,0,70,12,8,0,0,0,46,93,19,0,0,50,0,0,3,10,0,0,36,45,70,46,22,70,0,70,86,15,57,85,51,93,36,65,70,0,54,0,8,77,70,36,89,28,59,0,98,36,0,34,42,46,9,42,5,8,10,86,70,70,3,72,70,0,93,46,36,43,70,0,0,0,65,36,5,98,70,19,54,40,53,70,38,93,46,0,0,31,42,33,70,43,0,91,0,44,13,70,116,37,46,46,0,0,71,0,49,46,46,46,10,0,5,0,28,25,52,27,10,0,88,32,70,0,0,46,46,51,46,10,89,14,17,37,0,53,70,46,10,41,70,0,40,68,25,70,70,24,46,2,0,81,6,0,47,41,10,93,86,88,3,86,0,96,24,70,11,0,61,32,39,46,36,46,42,16,0,1,97,82,86,70,89,0,41,98,12,0,0,33,62,45,0,70,0,70,0,10,0,88,20,70,0,70,2,3,42,70,46,0,70,0,3,16,0,16,3,32,33,0,0,0,81,3,55,46,27,10,6,43,1,51,68,0,62,4,34,0,26,0,36,0,14,0,46,25,40,36,36,14,0,70,6,46,72,46,93,46,70,47,45,93,70,42,0,0,0,31,0,0,0,70,0,0,17,0,44,70,93,0,62,1,0,47,16,0,0,4,0,2,0,0,0,87,0,0,10,53,0,16,0,46,0,0,57,0,68,46,20,0,0,47,17,4,0,70,1,65,0,76,53,47,0,62,70,32,20,97,59,46,93,0,17,29,47,39,34,46,29,0,2,91,46
32,14,29,23,9,5,6,6,30,32,14,14,5,6,45,6,17,43,3,34,44,25,40,6,21,35,16,6,41,5,36,12,51,11,6,31,41,48,10,47,22,7,37,11,29,6,40,29,51,18,7,17,8,48,8,59,17,7,4,40,4,19,7,23,10,2,28,6,11,34,40,7,6,5,5,1,5,36,13,21,6,6,6,14,6,6,1,6,25,47,17,11,23,21,38,12,41,46,5,47,28,40,23,31,10,5,6,5,20,10,8,27,47,22,11,9,12,32,50,3,62,6,21,8,33,7,21,8,6,10,19,8,8,41,22,6,8,6,7,46,32,9,10,30,19,5,6,6,5,16,7,5,7,6,6,27,7,47,7,11,17,7,6,43,53,24,13,11,46,6,21,6,11,33,6,20,28,47,31,29,41,0,41,47,21,27,49,27,53,25,36,41,6,34,26,25,46,41,24,53,20,37,29,55,22,5,21,43,43,23,23,35,23,21,49,48,41,6,55,43,7,53,29,25,47,47,22,21,10,67,21,8,55,41,13,53,27,36,41,47,53,28,7,11,38,20,55,41,16,11,53,40,40,51,46,37,116,18,40,5,10,46,27,34,45,44,36,28,8,25,21,17,30,28,25,24,39,41,43,44,0,30,44,25,34,31,2,55,26,29,43,30,34,41,21,12,36,47,6,61,47,24,47,49,48,24,5,6,55,31,1,22,42,3,53,57,57,6,38,6,55,9,41,8,14,43,26,43,33,26,44,44,27,28,34,56,40,56,41,57,14,46,55,22,22,31,23,56,18,21,41,11,47,19,25,11,48,23,50,40,48,2,5,24,41,27,5,47,19,6,16,7,27,9,25,29,6,7,12,52,5,30,36,22,22,15,50,19,46,46,9,65,48,36,40,12,6,24,34,29,7,43,27,24,24,25,44,21,47,10,43,51,44,53,39,44,34,41,53,47,39,10,19,18,28,9,6,8,43,42,38,7,7,29,41,53,4,43,10,10,41,26,29,7,5,6,11,16,6,7,49,30,5,35,28,6,18,16,36,8,11,30,20,55,16,22,24,31,43,18,12,15,42,5,39,10,41,24,44,37,51,28,31,24,55,27,44,53,24,27,17,43,33,13,33,38,34,27,53,29
80,41,0,11,41,31,44,40,5,0,23,24,44,44,2,44,7,44,33,84,67,10,58,44,97,19,104,36,0,42,82,29,37,44,39,10,0,0,29,1,59,42,72,24,100,44,68,51,28,96,43,9,40,65,41,49,55,41,27,8,44,6,41,17,28,38,23,20,47,86,0,26,41,43,45,37,43,73,25,7,44,41,44,0,44,44,41,41,105,2,26,17,5,98,0,25,5,0,30,0,24,1,94,88,24,44,27,39,43,30,19,16,0,15,43,48,14,10,66,39,1,44,12,40,10,41,13,41,44,34,14,30,41,0,9,44,41,44,42,42,11,42,23,93,62,41,46,44,41,39,43,38,33,44,44,76,23,0,27,25,7,32,44,72,23,34,26,29,75,45,0,41,54,10,44,99,7,0,84,20,0,34,0,21,43,97,15,31,23,86,0,0,41,0,12,15,27,0,94,19,58,81,2,28,92,15,57,0,69,27,83,21,31,23,16,0,0,41,46,34,42,23,105,87,2,0,5,1,42,24,98,34,28,0,0,71,63,0,0,13,23,101,41,42,50,21,49,0,55,15,21,4,75,5,0,46,18,116,77,44,29,1,5,87,76,71,81,38,41,5,5,51,48,0,51,16,2,41,53,0,38,3,74,96,83,102,43,23,0,24,60,11,91,0,108,39,93,0,43,38,38,20,0,35,32,110,39,46,23,0,27,55,69,44,23,16,18,41,62,46,26,54,0,41,37,43,53,65,69,94,79,64,31,30,0,29,62,16,0,29,8,64,28,23,0,0,72,0,0,0,0,41,0,13,19,25,28,12,0,3,0,4,42,82,0,91,45,0,11,41,44,41,35,22,22,55,44,43,31,11,42,50,84,24,22,39,69,12,67,0,42,22,12,63,2,10,44,95,5,24,34,0,0,76,96,93,25,19,0,13,72,64,70,23,73,0,75,71,23,0,65,30,5,0,57,35,46,17,0,17,2,16,42,21,0,23,40,66,29,36,75,33,0,36,41,44,26,27,40,40,17,0,34,15,0,44,32,18,84,40,22,0,1,23,104,8,5,4,69,6,57,36,0,44,0,36,6,72,79,2,47,71,55,16,27,67,67,23,5,60,61,68,64,33,100,0,4,3,21,101
88,4,4,40,4,15,7,11,30,0,28,2,7,7,4,7,6,26,7,90,106,4,60,7,58,29,70,8,0,9,100,0,35,5,9,7,0,0,30,1,58,11,91,5,74,7,98,62,49,67,7,4,5,79,10,81,53,12,6,3,8,15,12,36,4,7,35,11,20,90,0,5,7,8,8,8,8,96,1,11,7,8,7,0,7,7,8,7,82,2,7,8,29,61,16,8,5,0,18,0,4,0,65,63,33,7,7,9,7,18,19,42,0,35,7,27,2,6,89,7,39,7,37,10,41,12,10,10,7,6,2,23,10,0,0,7,10,7,11,27,15,3,3,77,50,7,7,7,7,29,7,19,11,7,7,54,4,0,4,14,4,10,7,111,23,43,2,26,98,6,3,7,24,45,7,62,4,0,82,30,0,8,0,21,42,64,15,33,23,61,0,0,12,0,38,0,31,0,59,19,53,62,29,28,58,10,66,0,108,45,67,53,11,54,16,0,0,7,48,34,11,23,75,61,8,0,40,0,4,46,61,4,28,0,9,100,61,0,0,11,23,84,12,5,58,14,86,0,59,18,21,33,106,22,0,46,40,77,116,9,30,1,15,72,99,100,112,38,10,17,0,50,57,0,79,38,37,45,92,0,10,20,108,74,66,76,33,27,6,35,98,33,79,0,74,38,77,0,8,64,34,0,0,31,67,71,7,7,31,23,6,43,93,20,23,16,18,7,66,7,26,52,0,25,7,24,72,99,79,59,105,103,70,16,29,29,70,16,0,29,18,103,28,20,2,31,46,0,0,2,0,11,0,0,58,26,28,4,0,33,0,5,8,74,0,74,8,0,1,7,20,12,49,16,3,50,7,7,22,11,8,52,107,7,41,8,95,2,85,0,3,29,51,94,37,0,7,58,40,45,9,0,0,64,58,57,63,38,0,4,107,88,108,23,92,0,92,60,23,0,104,8,4,5,79,14,7,4,0,38,22,4,11,3,0,23,7,75,16,17,108,72,6,19,7,7,4,20,13,7,17,10,10,43,0,7,21,30,107,11,27,0,3,27,74,3,25,14,108,6,20,8,0,7,0,12,6,66,103,27,49,75,64,7,27,77,102,23,4,26,66,107,82,7,78,0,26,19,21,74
19,74,22,64,111,100,114,110,75,12,80,63,114,114,2,114,31,29,102,17,1,62,0,114,55,69,40,107,24,112,11,61,2,80,111,34,23,0,93,0,3,112,32,85,33,114,2,0,13,38,113,56,109,7,109,1,0,113,98,17,114,5,113,89,89,107,60,90,30,23,0,89,112,109,115,106,113,5,47,0,114,109,114,22,114,114,111,111,37,0,75,61,14,60,0,94,0,0,99,1,58,31,58,47,90,114,88,105,92,99,49,57,23,87,109,90,48,36,2,109,2,114,82,109,51,113,44,109,114,78,41,98,111,22,7,114,111,114,112,12,37,108,74,29,27,111,112,114,111,79,113,106,101,114,114,45,78,21,91,74,58,101,114,4,0,0,67,97,4,111,0,111,94,51,114,61,61,8,15,0,20,103,3,0,22,35,0,0,0,43,1,20,111,44,69,18,0,23,58,0,7,24,12,0,50,43,0,0,1,4,18,2,77,30,0,0,7,111,2,0,110,0,37,44,0,12,48,3,108,0,60,55,0,5,0,0,0,34,23,2,0,37,113,82,6,35,1,22,0,61,0,5,9,0,0,0,5,44,9,116,93,0,0,23,8,0,13,59,111,5,20,7,0,0,2,47,1,0,4,0,108,1,4,27,21,34,81,0,0,0,1,5,27,22,45,85,30,15,115,1,5,27,0,5,4,42,110,112,1,0,96,9,4,87,0,0,0,111,0,112,0,11,19,81,58,24,0,2,1,52,9,2,1,56,1,0,0,0,23,0,0,1,0,81,0,1,38,0,0,5,15,107,1,11,59,80,0,11,10,1,0,20,112,19,23,22,115,4,38,111,86,113,5,8,64,7,114,113,101,0,112,0,14,76,57,99,5,25,3,0,108,2,1,23,1,12,114,57,6,0,105,0,0,17,55,51,5,87,0,54,2,2,2,0,5,0,4,15,0,0,1,95,1,0,2,107,112,80,0,63,2,65,112,64,22,0,111,2,98,108,7,3,0,102,111,114,83,75,112,111,0,0,106,13,0,114,57,83,18,112,78,0,1,0,38,33,9,5,1,1,56,71,2,114,0,103,0,10,7,1,3,2,0,34,0,0,0,0,8,68,10,4,4,82,32,0,1,7,0,33
31,53,20,83,88,97,91,95,78,12,91,52,91,91,0,91,33,20,89,32,22,56,0,91,36,74,26,92,22,93,22,41,3,61,93,36,21,0,116,0,0,95,39,77,16,91,16,0,25,25,91,56,90,4,96,18,0,96,87,16,92,13,96,98,76,89,57,86,15,31,2,81,90,88,92,90,92,13,28,4,91,94,91,20,91,91,90,91,34,0,69,55,26,39,10,82,0,0,100,1,52,27,43,29,109,91,81,89,72,100,57,64,23,96,86,76,40,37,10,90,22,91,93,89,64,96,43,96,91,61,33,107,94,20,1,91,94,91,95,1,32,87,69,21,21,91,91,91,91,78,91,101,85,91,91,34,70,21,79,71,56,84,91,25,0,0,56,102,12,90,3,91,74,70,91,40,57,8,18,6,22,90,1,0,33,20,0,0,0,28,3,22,96,42,73,8,0,21,37,0,7,14,23,0,32,42,0,0,22,13,9,22,66,49,2,2,5,91,0,0,97,0,19,28,6,12,71,0,88,11,39,39,0,3,9,14,0,32,21,0,0,32,96,61,12,32,23,20,0,69,0,16,30,4,0,0,10,29,30,93,116,0,6,18,15,14,34,61,94,14,17,9,0,0,18,58,22,0,27,2,92,16,22,14,10,16,83,4,2,2,23,20,21,20,26,94,24,15,92,15,2,10,0,7,25,23,90,91,8,19,86,0,16,76,0,0,0,91,0,91,2,15,17,73,38,17,8,20,1,33,19,23,22,54,19,0,4,0,21,0,6,24,0,89,2,18,27,0,0,7,13,87,1,2,78,85,0,7,10,18,0,24,92,18,21,14,92,4,30,91,70,96,11,0,55,7,91,91,106,0,92,0,29,70,63,82,14,19,8,0,87,8,22,46,22,3,91,36,25,12,92,0,0,14,36,33,27,92,0,45,21,13,22,0,10,2,10,4,0,0,22,82,4,5,11,97,91,71,0,72,11,55,95,56,20,0,90,0,98,101,22,24,2,101,91,91,71,76,97,91,0,6,93,28,0,91,54,102,29,95,93,0,3,0,24,30,30,18,22,4,35,55,0,91,0,88,0,3,17,14,1,4,0,30,0,6,18,0,5,52,19,25,9,69,18,0,13,22,0,16
5,23,8,0,0,0,0,0,0,33,0,24,1,0,56,0,12,58,0,1,0,54,39,0,1,5,1,0,92,0,1,18,79,21,0,51,93,114,0,113,13,0,1,3,1,0,1,6,43,1,0,5,2,17,0,5,6,0,0,55,0,14,0,0,7,0,5,0,18,0,105,5,0,0,0,0,0,1,25,57,0,0,0,24,0,0,0,3,1,114,41,16,21,1,10,0,110,110,0,114,50,79,1,1,0,1,5,0,20,0,16,0,92,0,7,0,26,32,0,6,27,0,0,0,5,0,6,0,0,11,12,1,0,94,28,0,0,0,0,69,20,0,5,1,1,2,0,0,4,12,0,0,0,0,0,7,5,94,12,8,5,0,0,1,94,13,12,0,5,0,21,3,0,0,0,1,55,99,1,23,94,0,110,90,6,12,95,29,94,1,105,94,0,72,0,29,56,93,1,95,6,28,8,89,1,6,1,83,1,14,1,19,18,16,95,105,109,3,63,66,0,94,1,1,76,99,0,21,0,62,1,22,89,110,41,9,6,76,93,66,94,1,0,21,13,37,0,94,10,0,94,15,0,43,115,71,46,1,1,0,0,116,21,15,1,1,1,0,0,24,13,3,6,81,0,2,21,51,0,101,0,18,1,1,6,1,0,90,23,9,1,21,8,94,1,0,1,99,0,36,64,50,115,64,1,1,2,0,83,27,0,26,1,0,94,98,94,3,41,0,89,17,93,1,17,60,1,1,1,1,1,0,21,26,19,88,37,97,93,80,19,1,89,17,9,16,1,106,72,9,93,0,114,22,0,0,89,37,98,20,114,24,3,1,93,1,0,99,12,3,6,0,5,13,50,0,0,0,0,96,3,29,1,37,0,11,1,14,6,112,0,63,6,1,20,48,0,1,16,16,0,82,38,6,1,1,9,0,102,7,1,27,1,94,1,113,2,11,94,115,1,0,15,22,1,0,0,5,112,5,21,22,0,52,94,94,0,17,1,0,2,19,13,0,4,0,7,1,0,0,94,17,0,24,82,0,11,0,1,0,0,89,10,65,1,26,26,17,2,39,18,21,110,1,107,0,111,14,2,9,53,25,6,25,90,14,1,94,25,12,0,4,1,34,1,54,9,12,94,1
14,37,71,19,1,5,0,1,15,55,17,45,0,0,68,0,71,6,14,26,21,0,30,0,7,27,9,5,0,2,10,42,0,31,3,28,0,23,6,24,36,0,5,20,16,0,15,43,41,8,1,40,1,24,0,42,49,0,14,61,1,84,0,4,25,9,24,13,63,14,22,23,3,2,0,9,2,30,47,27,0,2,0,61,0,0,5,0,6,21,0,48,65,5,71,20,16,27,10,22,11,6,5,12,7,0,23,3,7,7,55,22,6,6,0,9,58,37,23,0,47,0,9,3,22,0,61,0,0,26,63,4,0,1,79,0,0,0,0,6,59,1,28,11,34,2,0,0,0,5,1,4,14,0,0,20,26,7,11,22,40,14,0,17,0,56,36,0,15,0,98,0,5,31,0,5,0,7,25,77,1,12,16,6,45,9,1,39,0,20,21,1,0,0,22,75,28,0,6,1,45,11,52,0,10,43,39,49,21,69,32,34,8,33,1,13,15,0,11,8,0,0,11,18,30,7,29,99,2,3,5,46,0,16,73,11,47,2,0,57,0,5,0,31,39,27,33,1,39,35,1,77,13,61,21,0,27,5,15,0,6,21,116,18,18,17,11,22,0,77,78,39,45,48,31,20,69,17,12,7,7,84,16,22,28,12,14,0,79,51,21,83,12,1,8,4,12,7,0,6,6,50,22,7,39,6,4,0,0,79,16,32,23,16,0,5,6,0,17,0,0,65,0,19,50,6,35,19,38,6,12,22,39,35,71,0,17,4,0,8,88,21,0,6,86,79,20,31,46,89,0,5,22,87,14,13,0,60,6,66,23,76,0,31,0,26,0,7,66,0,6,0,46,73,0,51,0,1,2,4,0,34,8,3,10,9,23,67,25,25,1,12,49,14,71,56,0,6,64,71,7,44,66,39,7,9,40,0,10,45,18,7,21,0,25,19,27,35,0,22,20,17,86,95,23,3,0,32,18,17,78,18,0,0,1,0,5,28,8,2,16,40,97,0,0,0,19,20,0,4,1,105,10,50,47,0,27,18,7,0,21,29,78,23,15,46,74,85,20,67,40,40,17,0,24,11,16,23,11,78,19,19,45,46,1,39,27,0,98,7,37,16,37,0,11,70,58,63,1,14
84,31,15,7,28,14,25,22,17,11,20,14,24,25,24,25,22,42,22,86,70,6,71,25,75,6,81,17,9,22,69,21,31,32,21,6,9,15,18,16,60,22,60,13,95,25,71,66,35,83,26,24,27,76,23,63,63,21,15,12,24,7,21,7,18,22,39,5,47,88,9,16,25,22,24,20,22,72,21,17,25,23,25,2,25,25,23,23,89,17,19,15,6,73,9,30,9,15,14,15,24,7,70,82,18,24,17,22,32,20,13,19,15,7,23,40,8,10,70,24,12,25,7,22,17,21,9,23,25,31,7,23,23,9,8,25,23,25,22,41,7,30,18,96,61,22,27,25,22,47,26,16,28,25,25,67,16,15,17,41,22,27,25,75,26,49,17,23,77,27,7,23,45,7,25,72,3,15,88,35,9,18,9,24,41,84,21,47,26,81,9,9,22,9,16,10,38,9,75,25,73,91,2,31,78,6,60,14,72,30,83,29,39,20,21,13,9,23,57,40,22,26,96,81,11,15,4,7,31,20,73,22,31,9,13,76,73,9,9,9,26,88,21,30,58,22,54,9,58,19,24,16,69,22,14,49,34,87,72,23,18,15,18,116,83,75,68,46,23,9,7,63,63,14,55,27,9,61,61,12,21,7,78,96,81,96,25,30,16,33,66,17,99,9,83,32,96,15,24,38,36,24,14,31,28,91,22,27,23,14,15,53,74,32,26,29,33,23,69,27,31,53,9,42,35,45,58,68,72,78,82,70,36,36,15,32,73,28,9,28,20,69,31,29,8,9,64,15,12,8,9,32,15,15,21,23,31,15,15,10,15,3,22,87,9,93,24,15,7,23,45,21,41,25,30,58,25,26,21,23,22,70,72,20,18,29,74,7,73,15,30,25,19,52,10,9,25,76,7,34,17,11,12,75,77,79,34,11,15,22,74,65,73,26,79,12,76,80,26,14,68,32,8,8,60,19,27,7,11,15,10,10,22,19,9,26,21,74,21,16,77,35,15,27,22,25,17,25,21,23,20,13,17,22,14,25,23,20,70,22,18,11,6,30,83,7,9,18,72,12,48,38,9,24,11,25,10,77,83,10,56,85,70,25,30,71,73,26,17,52,61,77,66,26,97,12,8,8,24,96
90,7,15,26,10,13,7,11,43,6,19,2,7,7,9,7,15,28,13,93,99,0,70,7,63,20,73,4,0,7,96,5,33,9,8,2,0,0,15,1,70,9,86,3,85,7,99,75,47,72,8,17,10,87,9,72,63,10,7,4,7,4,10,26,10,13,44,13,30,87,0,5,9,7,7,12,7,88,9,11,7,7,7,7,7,7,13,7,84,2,3,13,20,61,21,21,5,0,14,0,5,0,64,73,18,7,5,8,8,20,16,45,0,28,7,31,6,9,102,7,36,7,33,9,35,10,9,9,7,7,6,14,9,0,6,7,9,7,9,33,21,12,9,87,63,7,9,7,7,31,8,7,18,7,7,50,6,0,3,20,15,18,7,103,23,56,1,21,99,9,7,7,27,28,7,61,0,0,95,34,0,12,0,21,30,74,15,46,23,76,0,0,10,0,41,6,35,0,65,19,66,72,24,28,67,0,79,0,101,53,84,44,22,42,16,0,0,7,54,34,9,23,84,75,4,0,26,7,13,41,61,7,28,0,3,101,73,0,0,18,23,83,10,7,60,11,78,0,70,19,21,32,97,31,0,46,45,76,99,8,15,1,18,83,116,103,95,37,9,10,7,59,70,0,70,47,26,49,84,0,12,8,106,90,79,87,18,27,15,48,92,22,88,0,74,28,87,0,8,61,34,4,0,31,53,79,10,9,27,15,10,47,94,26,23,16,18,7,71,9,26,57,0,34,17,28,81,96,92,68,110,98,60,21,31,29,75,16,0,34,23,96,28,15,7,26,56,0,0,8,0,14,0,11,43,21,28,8,0,24,0,8,7,87,0,89,7,0,7,7,28,10,53,24,7,63,7,8,16,11,7,60,100,3,43,7,106,5,97,0,12,24,47,77,27,3,7,64,29,43,10,0,2,68,66,67,55,32,0,20,102,85,101,23,107,0,92,70,23,0,96,23,9,9,80,17,9,6,0,30,26,1,9,3,0,23,9,85,20,11,100,59,15,15,7,7,3,22,11,8,17,12,9,42,0,7,13,23,97,10,15,0,6,37,80,6,17,18,100,5,24,21,0,7,0,14,6,76,108,22,54,83,77,22,27,82,105,23,16,36,61,100,80,7,88,6,25,9,21,84
87,0,18,24,3,12,0,5,36,1,14,9,0,0,8,0,18,28,2,86,106,0,66,0,56,24,66,5,0,1,105,0,35,2,1,6,0,0,14,1,74,3,83,8,79,0,110,78,43,67,0,20,3,85,3,78,66,3,7,9,0,7,3,23,5,2,43,11,22,85,0,8,1,0,0,3,0,94,4,11,0,1,0,10,0,0,1,0,78,2,0,16,25,54,21,10,5,0,9,0,2,0,57,67,19,0,10,2,0,11,7,48,0,24,0,22,9,10,103,0,39,0,26,1,35,3,5,3,0,0,9,10,3,0,4,0,3,0,3,29,24,5,12,80,64,0,2,0,0,25,0,6,6,0,0,57,9,0,5,12,18,7,0,104,23,59,8,18,107,2,7,0,20,29,0,54,0,0,92,33,0,3,0,21,30,67,15,49,23,67,0,0,4,0,30,8,35,0,57,19,69,65,28,28,61,4,82,3,108,45,79,51,13,43,16,0,0,0,52,34,3,23,77,66,8,0,33,10,5,49,54,2,28,0,2,106,76,0,0,14,23,77,3,0,60,17,87,0,73,22,21,27,98,34,0,46,44,71,100,0,14,1,17,75,103,116,96,34,3,10,10,62,73,0,77,52,30,52,85,0,1,14,107,79,77,80,19,27,18,51,99,25,79,0,68,26,80,0,0,65,34,0,0,33,57,72,2,2,30,16,7,45,99,15,23,16,18,0,71,2,26,54,0,21,10,21,84,103,93,61,107,101,67,15,25,29,75,16,0,31,22,103,28,17,7,26,53,0,0,11,0,7,0,8,50,18,28,6,0,34,0,2,0,76,0,82,0,0,10,0,21,3,53,24,0,66,0,0,12,11,0,66,99,0,46,3,99,9,98,0,5,27,47,84,31,1,0,57,30,44,6,0,5,71,60,59,56,29,0,13,109,86,108,23,102,0,97,70,23,0,103,12,13,9,91,7,2,9,0,31,26,4,3,0,0,23,2,85,11,6,100,66,18,12,0,0,8,15,4,1,17,11,1,47,0,0,15,18,96,3,13,0,10,33,68,9,17,12,107,8,17,12,0,0,0,8,6,75,106,29,55,84,80,13,27,80,106,23,15,28,66,99,84,0,81,1,33,13,21,77
84,8,0,40,8,19,11,15,26,0,28,6,11,11,0,11,2,30,11,86,102,4,56,11,62,33,74,12,0,13,104,4,35,9,13,11,0,0,34,1,54,15,95,9,70,11,94,58,51,71,11,0,9,75,14,77,53,16,10,7,12,15,16,40,8,11,31,15,20,86,0,9,11,12,12,12,12,92,1,11,11,12,11,0,11,11,12,11,86,2,11,4,29,65,16,4,5,0,22,0,8,0,69,59,37,11,11,13,11,22,19,38,0,39,11,23,6,10,85,11,35,11,41,14,37,16,10,14,11,6,6,27,14,0,0,11,14,11,15,27,19,7,7,73,46,11,11,11,11,25,11,23,7,11,11,58,8,0,8,10,0,6,11,107,23,39,6,30,94,10,3,11,20,45,11,66,4,0,78,26,0,12,0,21,46,68,15,29,23,57,0,0,16,0,34,0,27,0,63,19,49,58,29,28,62,10,62,0,104,41,63,49,7,58,16,0,0,11,44,34,15,23,71,57,8,0,40,0,8,46,65,4,28,0,9,96,61,0,0,11,23,88,16,9,58,18,82,0,55,14,21,29,110,18,0,46,36,81,112,13,34,1,11,68,95,96,116,34,14,17,4,46,53,0,75,34,37,41,88,0,14,20,104,70,62,72,37,27,2,31,94,33,75,0,78,42,73,0,12,64,34,0,0,31,67,75,11,11,31,23,10,43,89,24,23,16,18,11,62,11,26,48,0,21,3,24,68,95,75,63,101,99,66,12,25,29,66,16,0,29,14,99,28,24,2,27,50,0,0,2,0,7,0,0,54,26,28,4,0,33,0,5,12,70,0,70,12,0,5,11,16,16,49,16,3,46,11,11,26,11,12,48,111,7,45,12,91,6,81,0,7,29,47,98,37,0,11,62,40,45,13,0,0,68,62,61,59,42,0,0,103,88,104,23,88,0,88,56,23,0,100,4,4,5,75,18,11,8,0,42,22,4,15,7,0,23,11,71,20,21,104,68,2,23,11,11,8,20,17,11,17,6,14,43,0,11,21,26,111,15,27,0,3,23,78,7,25,14,104,6,24,4,0,11,0,8,6,62,99,23,45,71,60,3,27,73,98,23,0,30,62,103,78,11,74,0,26,19,21,70
55,27,33,48,60,53,57,59,57,17,65,20,57,57,19,57,31,7,59,42,36,34,16,57,21,47,40,55,16,61,29,20,5,34,60,22,15,1,61,0,18,59,22,44,42,57,40,27,10,46,57,42,59,28,56,47,16,60,51,17,58,25,60,48,41,59,64,42,27,62,1,42,57,64,58,59,60,30,24,8,57,58,57,12,57,57,58,57,41,0,41,34,39,22,23,67,0,1,52,0,29,17,24,31,66,57,46,64,44,60,34,59,12,47,55,76,13,26,33,57,41,57,49,65,62,60,40,56,57,44,27,64,58,14,13,57,58,57,59,7,27,59,32,53,17,59,57,57,57,76,57,55,64,57,57,16,33,10,47,75,42,63,57,39,0,23,24,68,34,56,16,57,75,68,57,23,34,0,45,41,12,57,2,1,52,34,4,24,0,29,0,12,60,25,59,17,8,15,26,0,34,35,34,0,25,29,27,11,36,20,42,33,72,41,4,7,6,57,10,0,57,0,43,29,23,12,43,14,60,12,22,27,0,5,13,34,18,26,15,12,0,43,60,34,13,24,56,14,27,52,0,33,36,24,0,10,28,38,38,59,61,0,22,46,37,34,34,116,58,19,14,36,30,1,42,69,28,20,46,4,62,25,38,42,33,44,70,4,20,38,44,28,47,14,37,72,53,8,58,14,0,11,1,6,29,38,57,57,10,23,51,2,37,69,0,0,4,57,18,57,0,30,19,77,39,25,33,43,24,26,43,35,34,48,30,0,22,0,15,0,16,39,0,50,21,26,18,9,1,25,7,62,0,18,69,68,3,20,16,28,1,14,58,50,15,40,58,4,26,57,77,60,6,4,45,43,57,57,60,4,58,20,33,50,49,48,37,16,25,1,59,25,39,18,28,3,57,25,33,37,54,9,12,22,25,24,59,58,4,51,35,19,38,0,37,0,33,22,0,1,40,67,21,18,39,56,57,32,0,63,21,36,59,32,14,0,59,22,58,55,38,34,24,67,57,57,33,56,61,59,4,24,55,44,1,57,68,61,34,59,60,4,19,12,36,15,26,29,36,15,25,42,3,57,1,62,0,35,41,39,13,29,23,31,0,25,32,0,23,40,45,37,35,48,46,12,25,37,0,42
21,73,22,65,110,102,113,114,76,12,81,63,112,113,2,113,31,26,102,19,3,62,0,113,54,71,40,106,24,113,14,61,2,79,112,33,23,0,94,0,0,115,35,82,31,113,4,0,16,41,113,56,105,7,114,3,0,114,98,17,111,0,114,90,89,107,62,91,30,24,0,88,111,108,112,107,112,0,46,0,113,112,113,22,113,113,107,113,41,0,75,61,13,59,2,94,0,0,102,1,58,32,61,45,92,112,88,108,92,101,50,59,23,89,106,94,48,34,5,110,3,113,84,107,54,114,44,114,113,80,41,100,116,22,5,113,116,113,115,11,37,107,74,28,24,112,111,113,112,82,113,101,102,113,113,46,77,21,91,74,58,101,113,6,0,0,68,100,0,110,0,113,93,52,113,58,61,8,15,0,20,104,3,0,17,33,0,0,0,40,1,20,114,44,70,15,1,23,55,0,7,21,14,0,49,44,0,0,3,4,18,1,79,32,0,0,7,113,2,1,113,0,36,41,0,12,50,3,108,3,59,54,0,5,0,4,0,34,23,0,0,42,114,81,5,35,3,22,0,61,0,5,11,0,0,0,8,41,10,111,94,0,0,23,9,3,14,58,116,2,20,7,0,0,1,48,3,0,6,0,107,3,6,26,22,33,81,0,0,0,3,0,27,22,45,88,27,15,112,4,6,26,0,2,6,41,110,111,0,3,96,8,5,87,0,0,0,113,0,111,0,10,19,80,57,25,0,3,0,51,11,4,3,53,2,0,0,0,23,0,0,3,0,84,0,3,40,0,0,5,15,106,1,8,61,83,0,9,10,3,0,20,112,19,23,20,112,4,38,113,88,114,7,8,65,7,113,113,104,0,112,0,16,76,59,96,7,25,7,0,107,0,3,24,3,13,113,56,8,1,105,0,0,17,53,51,6,88,0,54,3,5,3,0,5,0,2,14,0,0,3,95,1,0,3,108,111,80,0,64,4,65,115,64,22,0,110,2,101,109,3,4,0,107,112,113,83,78,113,112,0,0,105,16,0,113,57,86,19,115,80,0,0,0,39,32,11,6,3,3,55,68,2,112,0,101,0,12,11,1,2,2,0,34,0,0,3,0,9,70,9,6,0,82,31,0,3,7,0,32
11,39,42,32,5,3,5,1,10,58,31,32,6,5,68,5,37,11,2,10,17,5,5,5,8,23,5,2,5,2,10,48,6,34,2,10,5,24,14,25,7,2,10,1,5,5,10,4,47,1,4,6,5,10,2,29,20,2,0,42,4,95,2,13,5,1,8,13,50,8,31,2,3,3,5,1,3,11,58,45,5,2,5,44,5,5,4,2,5,22,5,30,72,5,81,3,22,28,7,23,10,7,2,8,15,6,2,1,6,4,56,12,7,12,7,2,37,15,8,1,54,5,14,1,30,2,55,2,5,27,41,9,2,6,92,5,2,5,2,14,43,6,3,11,9,3,5,5,3,8,4,12,1,5,5,3,2,8,5,21,6,2,5,18,5,27,22,8,14,6,87,2,5,46,5,5,2,8,8,50,6,0,25,11,52,6,9,11,5,5,30,6,1,5,23,78,30,5,5,9,6,8,76,5,3,42,4,47,17,64,1,37,0,53,6,14,21,2,5,21,2,5,5,6,42,8,41,81,4,10,5,57,5,22,98,12,18,5,5,39,5,7,2,34,51,16,29,6,4,20,6,75,17,27,24,5,25,5,17,5,14,24,77,9,10,10,17,19,2,116,56,16,6,59,9,7,91,15,26,10,0,89,15,2,1,7,10,7,51,30,17,95,5,6,3,10,10,8,5,25,17,59,25,14,65,5,1,5,3,105,0,42,7,0,5,10,7,2,5,5,5,35,5,2,51,7,11,14,4,8,10,17,51,38,82,5,7,11,5,0,65,17,5,15,75,82,10,32,66,65,5,5,23,89,17,25,5,89,7,86,24,68,2,2,5,5,5,8,41,2,3,2,49,56,5,16,5,4,9,11,2,7,13,5,10,4,10,56,6,26,6,22,51,17,89,76,5,5,89,49,3,56,73,6,5,5,54,10,11,30,15,17,16,5,7,22,7,16,5,25,18,3,86,90,3,3,5,12,27,23,90,29,2,2,6,5,2,5,4,7,22,52,68,4,3,5,5,35,1,2,6,78,3,54,58,5,19,13,12,2,30,42,63,9,0,22,86,83,18,87,38,32,26,6,33,3,22,1,12,63,5,8,6,24,6,7,16,5,69,2,9,21,11,5,9,72,82,59,6,6
1,50,97,0,20,29,20,21,24,56,0,61,20,20,49,20,62,24,34,9,5,0,19,20,20,43,8,29,0,22,12,55,0,41,23,41,0,15,17,16,37,20,20,44,5,20,8,44,29,9,21,59,20,15,20,26,56,20,38,69,21,63,20,20,45,29,20,37,39,0,14,47,23,22,20,29,22,14,31,23,20,22,20,64,20,20,25,20,6,13,17,54,41,20,74,29,8,19,26,14,29,3,20,14,18,20,45,23,27,27,28,19,6,22,17,6,71,63,14,20,29,20,25,23,0,20,48,20,20,17,95,17,20,1,63,20,20,20,20,3,75,18,58,0,46,22,18,20,20,0,21,20,24,20,20,39,58,7,30,1,61,24,20,1,0,67,68,20,4,18,85,20,0,12,20,20,0,15,14,62,1,32,8,3,56,8,1,50,0,22,10,1,20,0,6,63,12,0,20,1,46,0,54,0,22,33,40,46,5,35,21,36,2,28,1,5,7,20,0,10,20,0,0,20,24,7,11,91,19,3,20,27,0,8,52,0,46,2,0,44,0,7,20,43,23,46,16,1,40,27,1,49,5,49,13,0,21,5,0,20,17,13,78,7,7,10,4,14,20,56,116,48,46,31,23,18,48,16,6,15,27,63,1,11,17,1,12,0,78,62,4,52,1,1,10,7,1,7,20,8,8,33,14,12,26,5,24,18,0,58,40,15,10,23,0,5,6,20,6,18,0,42,0,14,23,3,34,4,31,18,1,6,25,16,44,0,6,4,0,8,60,5,0,27,88,52,42,23,31,86,8,13,14,73,4,3,0,48,6,53,15,52,20,18,0,17,20,15,98,20,0,20,44,71,0,52,20,21,20,4,20,35,5,3,29,28,12,105,16,17,18,17,28,20,50,40,20,20,43,53,29,41,74,45,19,21,25,20,18,26,4,2,4,0,14,11,15,26,0,14,4,24,76,82,24,23,18,56,10,39,64,15,20,17,1,0,25,17,28,20,0,27,93,20,20,20,51,9,20,24,1,77,28,44,30,20,21,21,7,20,2,14,81,14,17,79,48,63,4,52,48,39,9,20,13,19,8,12,0,50,8,8,46,35,1,22,10,0,73,21,29,0,20,17,0,58,62,53,1,3
55,10,60,2,10,16,7,8,17,26,9,27,7,7,19,7,60,15,21,70,56,0,59,7,38,8,59,16,0,9,51,7,15,9,10,24,0,3,9,4,84,7,31,28,64,7,64,97,16,60,8,62,10,58,7,49,88,7,25,23,8,27,7,0,29,16,36,10,36,56,3,31,10,13,7,16,9,67,3,19,7,9,7,39,7,7,12,7,52,5,7,33,12,38,35,29,0,3,13,3,12,0,38,47,10,7,29,14,11,14,19,39,3,2,7,29,26,34,61,7,28,7,5,10,9,7,15,7,7,10,35,9,7,0,22,7,7,7,7,9,23,10,44,63,79,9,7,7,7,22,8,7,21,7,7,54,42,3,20,22,62,21,7,54,5,88,34,7,56,7,39,7,25,2,7,38,0,11,73,69,0,19,3,5,57,51,11,88,5,55,3,0,7,0,9,16,17,0,41,7,106,47,29,10,45,24,96,17,58,29,84,58,24,24,8,5,0,7,29,29,7,5,59,53,15,7,6,40,11,17,38,7,10,0,15,52,82,6,0,21,5,51,7,9,27,39,47,0,96,41,3,32,48,50,2,28,17,51,50,7,9,3,39,63,59,62,46,36,7,16,48,116,96,2,75,43,10,56,61,12,14,21,53,70,71,60,30,5,61,78,59,6,60,0,54,20,57,3,7,27,27,3,2,25,23,54,11,7,3,12,27,20,59,36,5,9,17,7,53,7,10,69,4,39,15,20,92,57,83,41,53,57,46,15,30,11,53,10,0,19,61,55,10,14,51,27,64,3,11,50,8,12,3,26,23,7,10,8,7,15,3,23,7,83,0,76,7,15,38,7,28,7,47,47,7,88,7,8,7,13,7,79,45,10,35,15,63,38,63,3,10,12,27,36,12,11,7,41,11,49,16,16,29,86,42,44,41,0,15,24,55,39,58,5,66,0,66,63,5,2,61,26,36,36,77,10,7,26,5,5,26,5,7,7,0,5,12,64,15,7,53,45,58,7,7,7,35,7,7,11,7,43,15,30,2,7,36,21,44,7,11,9,53,32,61,40,9,26,57,13,26,22,3,7,5,18,1,68,52,40,37,60,95,43,9,76,64,5,36,29,88,53,75,7,59,18,29,27,3,62
48,6,58,7,3,9,0,1,24,24,0,23,0,0,17,0,54,17,14,63,63,0,66,0,35,18,56,9,0,2,62,10,12,7,3,30,0,6,0,7,88,0,40,27,61,0,75,111,33,55,1,60,3,69,0,65,95,0,18,26,1,20,0,7,25,9,46,10,39,55,0,27,3,6,0,9,2,74,5,13,0,2,0,39,0,0,5,0,49,8,0,26,17,33,34,22,0,6,6,6,8,0,33,44,1,0,25,7,7,7,10,44,6,9,0,22,29,39,78,0,28,0,12,6,17,0,18,0,0,6,38,0,0,0,16,0,0,0,0,8,33,5,42,60,76,2,2,0,0,17,1,0,14,0,0,52,38,6,13,13,58,14,0,61,2,95,30,0,67,2,35,0,20,7,0,33,0,14,70,65,0,12,0,2,43,48,5,85,2,52,0,0,0,0,16,21,14,0,36,1,106,44,26,7,42,22,107,15,65,36,81,55,19,21,5,11,0,0,31,18,0,2,56,50,7,10,11,38,6,21,33,2,7,0,5,63,89,6,0,26,2,46,0,5,34,42,60,0,98,32,0,32,55,58,5,25,30,48,57,0,0,6,45,63,70,73,53,30,0,6,46,96,116,5,88,52,13,45,61,15,7,20,64,67,68,57,21,2,57,79,72,12,55,0,49,13,60,6,0,25,16,6,5,16,17,51,4,2,0,8,20,24,76,29,2,5,17,0,55,2,7,69,4,34,10,10,99,74,94,38,64,64,43,10,20,8,55,4,0,16,51,68,7,10,47,24,48,6,3,51,8,7,6,26,28,0,7,2,13,18,6,21,0,76,0,73,0,18,41,0,21,0,52,55,0,85,0,1,0,7,0,86,56,3,42,11,76,36,74,6,5,7,40,43,15,3,0,36,8,62,9,8,27,84,39,41,41,7,18,26,66,48,65,2,77,3,77,70,2,5,68,21,33,32,94,3,2,29,2,18,29,5,0,0,0,2,5,75,8,0,60,42,54,0,0,0,31,2,0,4,4,42,8,38,5,0,27,12,53,0,2,6,52,29,56,46,10,25,64,7,27,20,0,0,2,13,1,72,63,40,39,64,109,38,6,76,71,2,41,26,87,60,88,0,56,16,30,31,0,59
3,33,21,14,0,0,0,0,0,63,14,29,1,0,85,0,27,39,0,0,0,30,28,0,0,6,0,0,59,0,0,38,46,26,0,36,59,81,0,82,5,0,0,3,0,0,0,5,33,0,0,5,2,16,0,9,17,0,0,46,0,49,0,0,7,0,5,10,41,0,82,5,0,0,0,0,0,0,59,80,0,0,0,55,0,0,0,3,0,79,39,21,41,0,45,0,76,85,0,80,50,48,0,0,0,1,5,0,18,0,35,0,61,0,7,0,38,23,0,6,18,0,0,0,13,0,36,0,0,30,25,1,0,60,63,0,0,0,0,36,25,0,5,0,0,2,0,0,4,12,0,0,0,0,0,6,5,62,12,18,5,0,0,0,59,17,17,0,4,0,56,3,0,15,0,0,31,65,0,22,60,0,76,55,12,10,60,19,59,0,71,60,0,43,10,64,76,59,0,60,5,21,31,56,0,30,0,59,0,42,0,9,8,21,60,71,75,3,38,35,0,59,0,0,42,65,19,53,0,39,0,46,56,76,76,5,17,44,59,43,59,0,0,26,40,41,1,60,2,10,60,34,0,34,81,52,28,0,0,0,0,81,48,14,0,0,0,1,0,59,31,2,5,116,0,1,49,41,0,67,0,53,0,0,5,0,0,55,50,11,0,56,7,60,0,0,0,65,0,12,33,78,82,31,24,0,2,0,49,62,0,54,0,0,59,63,61,3,30,0,56,21,59,1,36,37,0,0,0,0,0,0,22,21,42,56,26,62,59,48,41,0,56,17,44,38,0,73,97,40,59,0,80,57,0,14,54,72,64,48,81,54,3,0,59,0,0,65,25,3,6,0,34,47,30,1,0,0,0,62,3,21,0,23,0,11,0,33,5,83,0,34,21,0,48,82,0,0,41,26,0,59,71,5,0,0,14,0,68,31,0,19,0,59,0,79,1,20,59,82,0,0,50,57,0,0,0,12,78,5,49,44,0,45,60,59,0,16,1,0,1,24,40,0,4,0,7,20,0,0,60,43,0,33,115,0,13,0,0,0,14,83,37,37,0,35,56,52,1,74,27,26,77,1,74,0,76,6,1,29,31,17,5,37,57,6,0,59,51,7,0,3,0,32,0,89,37,42,60,0
64,0,34,28,3,2,0,1,24,8,12,8,0,0,8,0,32,9,3,63,87,0,50,0,35,20,56,4,0,4,69,5,16,0,5,28,0,0,18,0,71,2,54,24,59,0,81,87,34,61,0,34,6,65,3,76,67,3,10,17,2,29,3,20,10,2,38,1,26,74,2,12,0,7,1,4,3,91,2,17,0,5,0,22,0,0,1,0,53,0,0,12,33,35,18,10,4,0,5,0,2,0,37,42,17,0,18,8,0,4,8,32,0,19,0,18,10,26,76,0,46,0,19,8,36,3,9,3,0,0,19,14,1,0,5,0,1,0,2,9,20,3,21,63,62,2,0,0,0,19,0,9,7,0,0,40,23,0,10,18,34,6,0,81,4,67,18,10,76,0,15,0,17,27,0,36,0,8,70,50,2,7,0,5,54,48,5,57,4,46,2,2,2,0,20,2,16,0,39,1,78,43,24,9,43,33,89,8,85,36,71,71,14,39,10,10,0,0,32,16,4,4,55,44,14,4,33,15,3,32,35,0,9,1,9,73,61,4,0,15,4,53,3,0,33,29,81,0,82,26,5,40,79,46,1,27,25,51,79,2,18,0,31,55,70,77,75,42,1,9,23,75,88,0,116,48,27,39,84,15,6,26,78,60,64,56,33,8,35,62,92,25,60,0,50,24,66,1,1,35,16,0,0,19,36,51,0,0,15,12,9,25,92,20,4,0,9,0,56,0,11,60,4,22,7,15,87,90,78,38,74,86,63,18,27,10,60,0,0,10,41,90,9,5,25,38,41,0,0,30,8,4,0,6,46,10,9,4,7,23,0,19,1,72,0,59,1,12,22,0,20,3,39,37,0,68,0,0,8,5,1,68,70,3,37,1,72,21,73,0,3,19,62,67,28,0,0,38,27,66,3,0,14,59,38,40,63,20,13,15,84,57,85,4,79,3,91,55,4,0,88,9,19,17,102,1,0,10,1,25,11,0,2,0,0,4,2,73,3,5,80,64,32,8,0,0,16,6,3,2,9,30,8,35,0,0,32,16,70,2,13,5,35,20,52,28,17,24,85,6,20,7,0,0,0,10,3,73,73,55,41,67,81,22,9,75,79,4,20,22,99,81,93,0,56,0,24,48,5,58
35,17,37,65,50,60,47,50,82,12,58,36,47,47,8,47,49,2,55,34,44,45,23,47,2,50,22,55,20,50,43,19,3,26,51,25,19,2,58,1,36,48,21,52,24,47,56,54,20,26,47,66,52,41,50,35,34,48,56,10,47,5,48,65,55,55,82,59,11,31,3,60,49,53,47,57,49,36,24,10,47,52,47,37,47,47,52,47,23,2,30,52,36,1,20,63,2,1,57,3,21,20,2,13,59,47,56,56,28,59,35,92,17,67,45,70,40,30,52,47,39,47,72,46,66,48,39,50,47,36,31,56,48,18,7,47,48,47,48,2,43,51,54,34,23,49,49,47,47,68,47,49,59,47,47,14,51,15,55,62,64,59,47,41,2,48,37,58,46,48,15,47,67,56,47,1,45,6,46,39,20,57,3,3,17,15,6,42,2,15,5,20,49,36,76,16,8,19,4,2,45,16,31,0,5,43,52,10,44,26,41,42,65,52,8,8,7,47,8,0,50,2,24,15,9,18,65,18,52,24,1,22,0,5,3,43,36,38,19,6,2,22,48,24,14,39,51,18,43,70,2,21,38,44,2,10,24,16,38,47,58,2,20,27,47,52,34,69,48,7,18,43,52,1,48,116,21,26,47,8,54,4,44,28,30,25,63,6,30,56,51,12,25,18,17,69,32,13,47,22,0,3,2,5,22,19,50,49,7,11,59,2,42,69,2,2,4,47,18,49,2,35,23,75,29,6,58,50,47,7,45,49,44,42,30,0,22,2,19,6,28,46,0,55,20,22,12,2,2,28,11,54,3,11,88,58,5,6,16,25,2,31,47,35,19,31,47,10,30,47,67,48,20,17,35,42,47,47,56,6,47,32,37,48,84,45,46,13,44,2,51,4,37,26,21,3,47,4,21,45,57,1,4,31,7,5,47,67,6,59,45,30,44,2,56,4,43,26,2,2,48,65,17,17,50,52,49,61,2,50,26,48,48,21,18,2,52,37,59,50,39,41,26,54,47,47,49,52,49,50,6,20,52,59,1,47,59,68,34,48,58,6,24,18,22,22,20,12,43,5,4,39,2,47,2,58,2,36,43,35,16,35,48,28,0,34,50,2,29,30,33,42,43,30,27,5,24,25,2,23
24,36,35,50,0,7,0,5,26,51,37,32,0,0,58,0,37,8,1,16,39,0,8,0,3,43,3,0,0,1,30,39,3,32,2,11,0,21,22,22,1,3,30,5,0,0,31,15,60,4,0,6,0,16,3,50,13,4,1,43,0,84,4,28,6,1,23,11,52,20,22,5,0,0,0,2,0,24,47,31,0,1,0,33,0,0,2,0,9,20,0,30,87,0,80,1,16,25,12,20,10,5,4,3,27,0,8,2,5,10,59,23,5,29,0,4,32,20,25,0,70,0,31,2,48,4,52,3,0,29,36,16,3,0,74,0,3,0,3,5,58,1,6,8,1,0,0,0,0,8,0,11,1,0,0,7,5,5,0,20,6,2,0,39,0,34,23,19,27,1,79,0,0,66,0,0,0,5,10,50,0,2,16,5,51,0,0,11,0,1,21,0,4,0,39,67,18,0,1,0,6,0,84,0,1,33,8,44,38,64,1,48,0,71,0,11,16,0,0,11,3,0,0,2,44,5,63,73,0,24,0,51,0,16,80,30,11,0,0,34,0,10,4,32,51,5,48,0,1,24,0,85,39,43,21,0,39,2,37,1,22,21,69,9,26,30,37,28,3,91,48,10,13,49,27,21,116,7,45,7,2,93,36,0,0,2,15,4,43,35,38,97,6,0,0,18,7,5,1,41,10,49,22,10,82,0,1,0,11,99,1,28,26,1,0,3,5,0,0,0,0,33,0,2,45,5,16,34,9,3,31,37,70,37,82,0,4,2,0,1,51,38,0,18,67,94,7,29,50,57,0,0,20,77,38,36,0,71,5,109,21,58,0,5,0,1,0,5,36,0,1,4,50,50,1,13,0,0,14,2,0,5,34,0,25,5,25,52,19,23,1,27,71,37,114,62,0,0,108,66,3,43,61,6,0,1,72,30,8,23,35,26,36,0,22,19,20,8,0,22,39,1,74,82,22,8,0,6,18,47,97,17,3,0,0,0,1,9,10,9,35,70,60,12,0,0,6,38,5,0,0,72,4,74,48,0,21,20,32,4,36,29,56,7,1,13,91,86,37,77,35,31,17,0,24,0,16,2,30,79,1,5,13,20,0,7,32,0,59,0,14,36,17,0,5,65,93,64,0,1
42,5,24,0,3,0,0,0,11,23,0,15,1,0,42,0,19,55,2,49,49,31,75,0,31,6,39,3,48,2,44,2,60,2,3,39,48,51,0,52,59,0,31,9,49,0,48,48,14,42,0,19,5,71,0,44,45,0,3,39,0,14,0,0,13,2,24,0,9,44,49,11,0,2,0,3,2,53,10,39,0,2,0,16,0,0,0,1,41,53,33,13,8,31,10,10,48,49,0,51,35,39,31,39,0,1,11,3,13,0,0,18,51,0,7,15,17,32,47,4,19,0,0,2,7,0,8,0,0,6,11,1,0,48,17,0,0,0,0,51,11,3,11,45,37,4,0,0,2,27,0,0,7,0,0,43,11,51,20,14,19,7,0,48,65,43,11,0,56,0,13,1,15,0,0,31,32,51,57,46,48,3,51,58,26,53,63,76,65,39,46,48,0,38,5,8,68,48,34,67,48,62,8,70,34,8,45,51,51,10,53,28,14,18,60,49,48,1,67,58,0,65,49,39,37,51,3,16,3,50,31,4,70,48,24,54,55,36,48,19,65,41,0,2,31,47,41,48,54,13,63,18,42,27,50,88,41,41,45,0,0,51,17,61,49,52,41,20,0,15,16,56,45,41,39,26,7,116,47,48,2,7,49,49,62,49,13,61,38,39,45,3,54,48,43,10,46,51,0,33,56,20,50,60,30,44,0,0,53,14,3,36,49,13,65,69,69,1,81,0,70,33,48,19,8,41,45,45,57,34,49,49,30,8,18,71,77,70,48,63,27,48,70,15,14,13,48,43,47,12,48,5,51,8,17,0,60,24,51,8,51,7,1,47,48,49,0,51,11,1,22,0,20,13,21,44,0,0,0,65,1,75,41,25,13,9,46,13,57,49,3,50,8,34,8,32,0,34,8,25,3,42,26,52,34,34,30,0,51,12,51,59,52,65,57,48,57,60,65,50,47,10,16,12,39,0,0,11,53,3,9,14,0,33,48,65,2,73,1,0,49,29,24,0,2,0,13,0,0,2,59,22,3,15,41,0,24,4,41,0,0,44,16,56,44,25,2,11,52,21,7,10,51,1,48,8,49,65,50,24,73,81,52,20,69,70,52,65,16,20,39,51,48,27,49,29,12,6,63,49
78,3,17,39,6,10,3,8,33,7,23,1,3,3,13,3,10,18,4,74,95,0,48,3,39,26,58,3,0,4,78,6,22,3,5,13,0,0,27,0,43,6,68,8,58,3,90,60,42,64,3,12,8,64,8,76,40,7,4,3,3,26,7,31,1,4,38,8,19,82,5,0,3,7,3,5,3,79,2,12,3,6,3,1,3,3,5,3,60,0,3,7,31,38,28,11,1,0,15,0,5,0,42,48,30,3,3,9,3,13,18,40,0,32,3,24,1,3,84,3,60,3,34,8,49,7,8,8,3,3,1,21,6,0,9,3,6,3,6,14,17,7,1,70,35,3,3,3,3,25,3,14,8,3,3,36,0,0,0,21,12,9,3,97,9,50,0,22,82,4,9,3,20,40,3,38,0,0,65,43,2,5,3,10,50,48,16,41,9,46,5,2,7,0,33,2,22,0,42,12,51,46,36,14,42,16,59,5,93,39,60,67,17,63,15,10,0,3,32,33,8,9,58,47,23,4,42,6,6,44,38,3,14,1,18,85,50,4,0,1,9,61,7,3,46,10,89,0,52,15,10,48,94,32,1,32,43,53,92,4,27,0,12,61,84,85,88,46,6,26,6,61,61,0,84,47,45,47,116,7,5,28,94,58,50,60,32,13,19,48,102,27,64,0,51,34,70,1,4,63,32,0,0,27,64,54,4,3,21,29,4,26,86,17,9,10,17,3,50,3,16,41,4,22,11,23,69,96,64,44,89,95,81,22,48,15,54,11,0,16,35,98,14,16,13,45,44,0,8,8,0,7,0,6,55,22,14,13,7,39,0,8,3,67,0,59,3,4,1,3,24,7,39,16,4,38,3,3,17,16,3,41,85,3,38,3,86,8,69,0,7,34,59,74,44,9,3,41,51,47,6,8,5,48,41,42,85,33,5,12,90,67,91,9,77,3,75,49,9,0,98,11,16,11,76,11,3,1,4,38,27,0,6,3,0,9,4,59,13,12,93,78,15,15,3,3,1,17,8,3,14,23,7,44,0,3,24,29,83,7,22,8,18,27,52,4,27,26,92,15,19,11,3,3,3,7,0,63,88,49,33,60,54,11,14,62,87,9,6,25,69,96,79,3,63,6,37,30,10,59
6,9,18,3,0,0,0,0,0,39,0,10,1,0,43,0,14,55,0,0,1,54,36,0,0,3,4,0,92,0,0,13,78,7,0,53,93,100,2,98,20,0,0,6,0,0,4,15,28,6,0,15,4,16,2,3,11,0,0,41,0,0,0,0,5,0,3,0,11,1,95,3,0,4,0,0,0,0,13,68,0,2,0,28,0,0,0,3,0,99,41,4,10,0,12,0,99,96,0,100,48,79,0,0,0,1,3,4,18,0,4,0,90,0,7,0,12,38,1,6,26,0,0,0,6,0,4,2,0,9,14,3,0,94,14,0,0,0,0,68,7,0,11,4,8,2,0,0,4,12,0,0,0,0,0,4,11,92,12,12,15,0,0,0,93,14,14,0,4,0,7,3,0,0,0,0,55,105,0,17,96,0,98,90,8,11,98,38,93,0,95,96,0,72,0,15,55,93,0,94,15,27,12,88,0,21,12,69,0,9,4,32,22,4,100,104,97,3,62,65,2,93,0,0,71,101,3,7,0,67,0,10,88,99,27,8,3,80,93,54,93,0,0,7,10,43,6,94,21,8,95,2,1,38,102,70,44,0,0,0,2,101,7,12,0,0,0,4,0,10,15,12,15,67,15,8,7,48,7,116,0,4,0,0,5,0,1,89,33,21,6,7,7,94,0,0,2,98,0,35,63,36,101,63,1,0,2,0,84,13,0,25,2,0,93,95,95,3,40,0,90,4,97,1,5,65,14,4,0,0,0,3,10,17,14,87,36,94,93,79,14,2,88,15,19,7,0,92,58,20,101,0,100,8,0,0,88,25,100,6,100,14,3,4,93,0,0,109,14,3,6,0,12,16,50,9,0,0,0,99,3,34,0,37,8,9,0,16,5,98,0,63,21,2,6,34,0,0,4,11,0,68,40,3,0,0,8,0,113,11,0,26,0,93,0,104,1,8,93,101,4,0,1,8,12,0,0,3,99,4,7,22,0,52,94,93,0,16,1,0,1,8,15,0,4,0,13,1,0,0,99,4,0,11,68,0,16,2,0,0,0,84,21,68,0,33,13,3,1,25,11,7,98,1,93,0,98,19,1,7,52,24,11,33,89,13,0,93,12,15,13,5,4,34,0,40,11,27,95,0
20,66,29,62,103,105,106,107,79,16,77,60,106,106,2,106,38,24,109,21,2,62,4,106,47,70,36,104,24,110,12,54,0,72,109,37,23,0,92,0,5,108,33,85,25,106,3,7,8,38,106,63,102,9,105,3,7,109,99,19,108,3,109,86,94,112,63,94,29,24,0,96,107,105,107,112,109,3,42,0,106,107,106,28,106,106,111,106,33,0,75,66,17,52,4,99,0,0,104,1,55,28,54,39,91,106,94,104,85,104,53,61,23,86,101,92,54,42,7,106,5,106,87,107,51,109,50,105,106,75,48,96,107,22,5,106,107,106,108,7,43,100,79,21,25,108,104,106,106,80,106,101,106,106,106,44,85,21,93,74,65,106,106,5,0,7,64,98,1,103,7,106,86,52,106,53,58,8,21,7,20,111,3,0,20,27,0,6,0,41,1,20,108,44,74,16,0,23,50,0,14,21,15,0,45,40,7,2,2,8,23,5,75,31,0,0,7,106,2,0,106,0,29,42,0,12,49,10,101,1,52,47,0,5,0,1,7,34,23,5,0,33,109,74,3,37,2,22,7,67,0,8,10,7,0,0,0,38,10,108,92,0,7,21,12,1,14,62,107,0,27,14,7,0,6,54,2,2,5,0,116,3,5,30,20,26,83,0,6,7,2,2,22,22,41,83,22,15,107,2,0,19,0,2,5,34,107,104,1,1,103,6,6,94,0,0,0,106,0,104,0,18,19,87,50,21,6,3,8,44,10,5,2,48,5,0,0,0,23,4,7,2,0,82,7,5,39,0,0,12,15,99,1,11,60,81,0,6,10,2,0,26,107,26,23,23,107,4,45,106,81,109,9,15,64,14,106,106,98,0,107,2,15,78,61,95,9,30,7,0,100,2,4,24,2,7,106,49,7,8,104,0,0,24,47,44,6,88,0,58,3,3,3,0,12,0,6,8,0,0,2,100,6,7,4,105,104,85,0,64,5,65,108,61,22,0,109,4,103,104,4,4,7,102,106,106,83,71,109,108,0,7,105,18,0,106,57,88,19,108,77,0,7,4,45,40,12,10,2,0,48,69,2,106,0,99,0,10,8,5,5,4,7,39,0,6,5,0,13,65,13,5,4,82,24,4,2,9,0,25
13,33,50,35,0,6,0,3,7,58,29,31,0,0,64,0,45,7,4,14,21,0,13,0,2,29,2,2,0,2,13,42,2,29,1,23,0,18,16,19,12,4,12,15,5,0,12,15,41,2,0,17,1,4,3,51,31,4,8,49,2,101,4,13,10,1,18,13,53,17,19,10,1,1,1,2,1,24,51,36,0,1,0,47,0,0,0,0,5,17,0,27,70,0,83,4,13,22,9,17,10,5,3,1,17,0,16,1,5,10,55,11,5,12,0,3,40,26,16,0,57,0,12,5,35,4,56,3,0,29,45,11,3,0,83,0,3,0,4,5,42,0,13,2,11,0,0,0,0,5,0,9,1,0,0,6,13,5,2,18,17,1,0,19,0,35,23,10,11,0,94,0,0,49,0,1,0,5,6,56,0,5,13,5,61,3,0,21,0,5,18,0,4,0,22,74,24,0,0,0,17,0,66,0,5,41,12,43,20,61,7,33,0,48,0,14,13,0,0,10,4,0,0,3,38,5,44,88,0,10,0,48,0,13,81,12,29,2,0,42,0,5,4,29,47,17,35,0,12,18,0,84,20,40,18,0,30,3,20,1,16,18,84,7,8,14,20,25,3,89,63,21,20,53,26,4,93,7,28,4,3,116,16,6,7,1,17,2,57,36,21,92,2,0,1,11,7,5,0,22,10,53,19,17,63,0,1,0,7,96,7,34,25,7,0,3,5,0,6,0,0,36,0,3,41,5,8,21,11,0,12,18,47,30,73,0,8,2,0,3,66,23,0,11,80,89,14,26,54,72,0,0,17,89,19,27,0,72,8,90,18,70,1,14,0,7,1,5,48,0,0,4,46,60,0,24,0,0,9,2,1,13,15,0,8,7,16,64,15,20,0,28,54,20,93,65,0,0,85,59,1,44,71,17,1,2,57,13,5,36,19,10,20,0,4,16,17,22,0,19,19,1,91,93,21,3,0,17,15,33,82,24,4,0,0,0,1,8,9,7,16,51,75,8,0,0,7,30,4,1,0,91,4,54,52,0,22,16,15,3,32,30,77,8,1,34,89,99,20,78,31,28,14,0,21,4,13,5,12,80,1,2,17,31,0,14,16,0,74,0,24,17,26,0,1,70,74,74,0,3
92,3,9,32,6,10,3,8,34,2,20,1,3,3,8,3,9,29,4,92,107,0,65,3,60,26,70,3,0,4,99,1,36,5,5,6,0,0,22,1,65,6,87,1,80,3,104,69,50,71,3,11,6,82,6,80,57,7,4,4,3,11,7,31,1,4,39,8,23,90,0,0,3,3,3,5,3,95,4,11,3,4,3,1,3,3,5,3,81,2,3,8,26,57,17,12,5,0,15,0,5,0,61,70,27,3,3,5,3,13,15,39,0,32,3,25,1,3,96,3,40,3,34,5,41,7,8,6,3,3,1,16,6,0,4,3,6,3,6,29,15,9,3,84,57,3,5,3,3,28,3,14,9,3,3,50,0,0,0,16,9,10,3,113,23,50,0,22,104,6,1,3,23,37,3,57,0,0,87,34,0,5,0,21,37,69,15,40,23,68,0,0,7,0,34,4,36,0,61,19,60,68,25,28,63,6,73,0,109,49,74,52,16,52,16,0,0,3,52,35,6,23,80,69,9,0,35,1,8,46,57,5,28,0,7,107,67,0,0,12,23,80,7,3,61,10,88,0,64,14,21,34,106,25,0,46,44,74,108,4,22,1,16,78,106,107,104,38,6,15,1,53,64,0,78,44,36,49,94,0,5,16,116,80,72,82,27,27,9,42,102,29,84,0,70,34,82,0,4,67,34,0,0,32,62,75,4,5,31,21,4,46,98,17,23,16,18,3,70,5,26,56,0,25,14,24,75,104,86,65,111,103,70,21,31,29,74,16,0,30,21,104,28,16,3,30,49,0,0,2,0,10,0,4,52,22,28,7,0,30,0,3,3,77,0,81,3,0,1,3,25,7,49,20,4,57,3,3,17,11,3,58,105,3,38,3,98,3,91,0,9,28,53,86,35,2,3,60,39,43,6,0,0,62,62,63,65,33,0,11,110,86,109,23,99,0,95,66,23,0,106,14,7,3,84,11,5,1,0,33,21,0,6,3,0,23,4,81,13,12,109,67,9,15,3,3,1,19,8,3,17,12,7,39,0,3,15,24,102,7,19,0,1,33,71,0,22,16,108,9,21,14,0,3,0,10,6,73,110,30,53,82,71,14,27,80,105,23,8,31,67,108,83,3,85,1,31,17,21,81
86,28,19,3,31,23,28,25,17,5,16,13,27,28,11,28,26,33,28,95,73,4,72,28,84,5,91,22,0,25,72,19,33,30,25,5,0,0,14,1,76,25,62,19,110,28,73,70,25,90,29,28,30,73,26,59,67,25,26,8,28,7,25,3,21,31,34,13,51,90,0,20,31,25,27,29,25,81,23,7,28,26,28,10,28,28,31,26,90,2,14,22,2,82,8,36,5,0,23,0,16,1,80,93,14,27,22,25,29,23,19,25,0,4,27,46,10,11,80,25,11,28,7,26,12,25,12,26,28,26,11,19,26,0,15,28,26,28,25,39,11,33,22,97,75,25,30,28,25,38,29,20,36,28,28,65,23,0,16,30,26,36,28,77,23,53,16,19,80,30,11,26,48,3,28,81,0,0,96,38,0,28,0,21,39,92,15,49,23,99,0,0,25,0,16,12,36,0,85,19,77,88,2,28,91,11,76,0,75,37,100,26,37,16,16,0,0,26,54,35,25,23,105,97,0,0,0,11,34,22,82,25,28,0,1,78,77,0,0,24,23,89,25,28,48,12,55,0,74,20,21,19,71,24,0,46,25,96,74,27,14,1,22,96,90,79,70,42,26,2,11,70,67,0,60,28,0,49,58,0,30,6,80,116,97,106,29,23,18,43,66,8,98,0,94,28,96,0,28,37,34,14,0,34,27,100,28,30,21,0,28,54,79,41,23,16,18,26,74,30,26,64,0,46,38,43,68,71,87,87,84,72,34,32,12,29,74,16,0,34,27,70,28,14,11,12,74,0,0,12,0,35,0,21,17,19,28,6,0,1,0,11,25,101,0,108,27,0,14,26,47,25,38,31,21,74,28,29,16,11,25,63,74,18,19,28,84,12,84,0,33,19,21,52,1,7,28,85,3,34,23,0,5,79,88,90,30,7,0,30,77,62,76,23,86,0,83,83,23,0,70,39,11,11,67,24,30,10,0,5,7,9,25,14,0,23,27,79,23,20,79,34,19,22,25,28,15,21,25,28,17,16,22,18,0,28,29,23,72,26,16,0,10,37,97,11,2,17,75,4,45,41,0,27,0,30,6,84,84,13,54,79,74,35,27,84,81,23,21,55,72,75,78,21,104,5,3,4,21,108
76,24,25,3,25,15,22,20,17,2,14,27,21,22,16,22,32,27,18,82,71,9,76,22,76,9,84,22,5,23,70,16,29,24,25,20,5,5,10,6,83,21,57,31,99,22,71,71,31,82,23,34,24,86,22,55,68,21,28,23,20,9,21,3,31,23,28,8,49,77,5,26,25,23,21,23,23,80,24,7,22,24,22,22,22,22,19,22,81,7,14,28,10,74,5,28,10,5,15,5,19,4,74,85,9,21,30,24,23,15,11,22,5,4,26,33,22,23,75,20,12,22,1,24,10,21,14,22,22,21,17,14,22,5,13,22,22,22,21,35,16,27,30,86,77,23,24,22,21,35,23,14,28,22,22,72,29,5,31,22,32,28,22,69,28,54,30,14,76,24,14,22,39,0,22,73,8,5,97,39,5,24,5,21,28,91,20,61,28,85,0,5,20,5,10,15,41,5,77,24,78,83,0,33,81,21,77,13,73,34,99,29,29,10,21,5,5,22,59,35,21,28,94,83,0,5,3,17,28,30,74,22,33,5,1,73,78,5,5,25,28,80,21,22,47,27,53,5,75,25,26,15,63,25,5,51,34,83,66,21,10,6,28,81,79,77,62,33,22,1,17,71,68,5,64,30,0,62,50,5,20,7,72,97,116,95,27,28,30,44,64,6,89,5,87,23,85,5,22,37,38,11,5,38,27,89,24,24,26,0,24,52,78,34,28,21,23,22,81,24,31,65,5,36,32,38,68,69,88,79,76,68,32,26,9,34,81,21,5,36,33,68,33,14,14,11,80,5,0,18,5,29,5,16,17,14,23,10,5,1,5,14,21,90,5,91,21,5,20,22,40,21,35,34,18,75,22,23,14,16,21,78,66,21,16,26,73,17,92,5,27,24,19,53,1,11,22,77,0,35,25,5,12,80,80,82,22,4,5,22,75,67,74,28,86,5,87,95,28,5,68,31,16,14,68,22,24,18,5,2,5,12,21,17,5,28,25,94,15,19,69,32,25,14,21,22,24,20,20,26,22,22,26,15,5,22,43,15,64,22,14,0,16,34,84,19,1,13,73,5,39,29,5,21,0,34,11,85,76,22,67,82,75,28,32,86,76,28,29,53,76,67,76,18,93,7,3,12,26,97
88,36,9,6,39,19,36,31,14,0,22,17,35,36,10,36,16,37,22,89,75,4,65,36,92,6,97,26,0,32,73,25,35,38,31,3,0,0,16,1,68,32,64,18,112,36,75,60,31,95,35,18,36,74,33,54,57,31,22,3,34,4,31,7,17,27,28,9,49,92,0,14,33,33,35,26,33,78,26,7,36,33,36,1,36,36,30,33,96,2,15,18,4,90,4,30,5,0,19,0,20,4,86,101,16,35,17,31,35,18,15,21,0,6,34,47,5,3,77,30,11,36,5,30,16,31,7,33,36,31,5,22,33,0,11,36,33,36,32,43,8,41,16,106,71,32,38,36,32,38,35,24,32,36,36,68,15,0,16,30,16,32,36,79,23,43,20,21,82,38,1,33,56,5,36,89,3,0,94,28,0,23,0,21,36,98,15,40,23,95,0,0,31,0,14,12,36,0,92,19,67,89,2,28,94,15,66,0,77,34,92,28,39,18,16,0,0,33,54,35,32,23,113,95,0,0,2,1,40,24,90,33,28,0,0,80,67,0,0,14,23,97,31,36,50,10,56,0,64,14,21,12,73,14,0,46,31,102,76,34,16,1,12,96,87,80,72,44,33,7,1,60,57,0,56,25,2,49,60,0,26,1,82,106,95,116,31,23,9,33,68,11,102,0,100,31,105,0,35,39,40,22,0,33,29,108,30,38,21,2,20,56,75,33,23,16,18,33,71,38,26,57,0,40,46,46,64,73,78,97,86,72,36,38,9,29,71,16,0,29,17,72,28,16,1,6,72,0,0,2,0,43,0,15,19,21,28,10,0,2,0,5,32,91,0,100,35,0,6,33,53,31,34,23,22,64,36,35,21,11,32,59,76,18,15,29,80,6,77,0,41,19,21,54,3,13,36,93,5,25,25,0,1,69,94,94,32,9,0,22,79,64,78,23,84,0,80,83,23,0,72,35,3,1,63,26,38,6,0,7,4,9,32,18,0,23,31,75,18,26,82,36,9,24,32,36,17,28,30,32,17,6,25,15,0,36,28,20,74,32,17,0,2,31,93,1,0,8,77,5,53,41,0,35,0,36,6,83,87,9,54,79,64,25,27,76,78,23,13,61,67,77,72,22,113,0,5,2,21,112
36,41,14,71,77,80,80,81,55,13,75,47,80,80,3,80,39,8,78,35,29,60,13,80,25,59,43,83,22,83,27,31,6,48,85,31,21,0,83,0,16,81,17,69,30,80,21,19,11,40,80,49,75,14,79,27,21,82,81,13,79,18,82,71,75,83,67,71,20,37,0,73,80,78,80,85,82,28,31,0,80,81,80,29,80,80,82,80,38,0,58,46,28,28,4,71,1,0,85,0,39,27,30,18,86,80,73,79,59,75,57,71,21,72,78,91,41,32,17,79,12,80,70,81,60,82,47,79,80,62,32,80,81,21,5,80,81,80,81,1,27,76,62,26,14,82,80,80,80,79,80,88,78,80,80,26,62,20,77,64,49,78,80,30,0,21,48,78,17,79,11,80,89,61,80,28,56,7,25,27,19,86,2,0,46,28,0,18,0,18,0,19,80,42,61,18,0,21,26,0,28,18,20,0,22,47,21,3,27,3,27,21,66,54,0,1,5,80,0,0,79,0,34,19,6,11,63,8,77,5,28,42,0,6,7,18,21,32,21,5,0,35,82,48,3,47,24,21,21,63,1,16,37,13,1,10,2,43,33,81,83,0,14,25,18,19,37,70,81,10,12,30,21,0,33,63,15,13,32,1,83,17,27,29,27,31,116,0,10,21,26,12,27,21,43,94,26,16,81,6,1,7,0,4,17,38,81,80,7,10,82,4,23,95,0,0,0,80,12,80,0,36,17,88,41,12,21,23,22,22,24,28,29,46,11,0,12,0,21,1,15,27,0,65,10,18,16,0,0,16,13,76,0,10,83,74,3,5,8,9,0,27,80,32,21,27,80,3,29,80,84,82,5,14,53,28,80,80,77,1,80,15,34,75,66,71,19,19,14,0,76,6,14,21,15,5,80,25,20,29,84,2,2,35,25,22,30,69,1,45,24,13,25,0,19,1,25,18,0,0,27,74,10,11,22,81,80,70,1,51,7,58,81,44,21,0,83,15,76,84,28,29,10,78,80,80,66,64,81,82,1,16,89,33,0,80,73,75,32,82,78,1,13,1,44,24,24,13,26,5,24,44,2,80,0,81,0,16,21,19,3,16,21,36,0,25,21,0,14,43,40,27,26,58,29,1,10,26,1,30
30,2,0,4,0,0,0,0,4,27,4,4,1,0,35,0,0,65,0,25,25,54,46,0,23,0,19,0,88,0,27,0,97,0,0,41,89,89,4,88,27,0,27,0,23,0,23,5,27,17,0,0,2,33,0,17,9,0,0,32,0,2,0,4,2,0,4,0,1,22,84,0,0,0,0,0,0,25,8,66,0,0,0,15,0,0,0,3,27,91,37,0,9,23,0,0,94,85,0,89,40,74,23,23,4,1,0,0,15,2,0,0,83,4,7,0,6,23,20,6,22,0,4,0,9,0,0,0,0,5,0,5,0,89,9,0,0,0,0,85,0,0,0,23,15,2,0,0,4,16,0,0,0,0,0,18,0,84,12,12,0,0,0,27,112,2,0,4,31,0,0,3,0,4,0,23,51,89,27,8,89,0,89,105,5,30,104,28,112,23,84,89,0,68,4,8,72,89,23,108,5,46,2,107,23,5,11,59,27,8,19,20,14,4,105,89,89,3,81,81,0,112,23,23,67,89,4,0,0,74,23,5,107,89,24,35,17,74,89,56,112,27,0,0,26,28,17,89,20,4,110,2,25,29,89,89,55,23,27,0,4,90,0,30,27,27,27,4,0,7,0,5,2,55,8,6,4,61,13,89,0,2,27,23,28,23,0,116,14,10,18,4,34,89,23,4,22,89,0,57,77,25,89,85,22,23,2,0,108,10,0,46,22,0,112,105,97,3,59,0,105,7,89,1,0,70,9,20,23,23,27,23,11,14,10,106,63,105,89,100,5,22,107,16,0,4,20,81,50,0,89,0,89,0,4,4,107,24,89,4,89,7,3,21,89,23,0,89,0,3,6,0,9,0,46,13,0,0,4,100,3,30,27,37,4,6,22,1,32,87,0,82,14,25,4,29,0,23,4,4,0,63,23,17,23,23,4,4,89,4,27,53,27,112,27,89,28,22,112,89,23,0,2,2,12,0,0,0,89,4,2,22,0,48,89,112,0,37,3,0,28,9,0,4,4,0,2,4,0,0,106,0,0,7,56,0,11,2,27,0,4,70,5,81,23,18,9,4,28,22,1,0,89,1,84,0,95,26,28,2,71,51,9,24,106,34,27,112,3,22,6,28,18,30,24,33,2,12,110,23
11,25,85,12,3,9,0,1,17,56,12,37,0,0,61,0,77,14,13,19,14,6,29,0,0,15,8,9,14,2,7,34,8,17,3,40,14,25,2,26,49,0,0,23,13,0,20,55,23,9,1,57,3,27,0,26,53,0,17,45,0,57,0,0,27,9,25,17,47,10,24,26,3,6,0,9,2,22,43,43,0,2,0,75,0,0,5,0,1,23,14,38,36,0,73,22,18,29,6,24,27,10,0,9,3,0,24,7,15,7,34,26,20,2,5,9,54,47,22,1,33,0,5,3,19,0,44,0,0,22,60,2,0,15,57,0,0,0,0,9,41,3,40,12,41,2,0,0,0,11,1,0,14,0,0,19,37,21,19,26,57,14,0,10,14,70,42,0,12,0,79,0,5,16,0,0,6,29,22,67,15,11,18,11,39,11,19,76,14,17,13,15,0,6,19,62,44,14,3,15,57,14,52,14,6,46,51,38,14,51,33,49,15,20,19,23,17,0,14,9,0,14,8,15,19,25,20,80,4,21,0,27,14,18,48,8,47,12,14,36,14,0,0,17,29,53,22,15,51,44,15,54,6,70,23,14,26,0,6,0,2,23,79,16,15,18,2,20,0,51,78,61,57,50,35,30,43,38,19,33,6,57,9,18,30,9,10,14,116,65,18,47,9,15,3,0,9,21,0,6,6,41,24,24,27,3,4,0,13,53,19,23,17,15,14,19,24,0,20,0,14,41,18,20,35,14,48,16,38,3,9,15,26,20,57,14,20,18,14,22,81,14,14,16,91,52,22,17,43,89,22,5,24,67,10,10,9,48,24,48,25,54,0,31,14,25,0,33,63,0,8,0,48,72,6,52,0,1,0,22,0,49,1,9,22,17,22,67,29,27,3,15,41,5,45,50,0,3,38,47,9,33,75,37,4,6,31,0,36,47,11,6,14,14,22,21,21,39,14,24,17,19,67,76,35,3,0,36,20,11,60,28,0,14,15,14,5,31,9,0,9,27,98,0,0,0,32,15,0,4,19,78,8,32,49,0,25,14,0,0,14,29,83,33,9,67,43,62,13,45,27,30,19,0,16,11,18,23,8,63,22,17,53,58,15,33,20,14,73,10,41,9,33,14,8,61,56,58,15,11
37,10,74,9,3,9,0,1,26,30,2,27,0,0,30,0,56,5,12,41,42,0,34,0,11,21,32,9,5,2,40,16,8,13,3,21,5,9,2,6,62,0,18,20,37,0,53,77,24,29,1,52,3,43,0,53,61,0,18,37,1,36,0,9,19,9,42,10,26,31,14,21,3,6,0,9,2,52,16,24,0,2,0,44,0,0,5,0,27,9,0,37,43,9,44,20,11,9,6,8,7,0,9,20,3,0,19,7,1,9,21,42,0,11,0,22,33,42,54,0,47,0,14,3,21,0,21,0,0,0,51,2,0,5,40,0,0,0,0,4,45,5,36,38,50,2,2,0,0,19,1,0,14,0,0,20,32,0,13,15,50,14,0,39,8,90,34,2,45,2,51,0,20,18,0,9,0,13,48,81,5,12,12,8,63,25,14,71,8,28,12,5,0,0,18,34,10,5,12,10,72,21,52,3,18,27,81,40,43,34,57,64,19,42,9,9,9,0,11,10,0,8,32,26,27,9,13,54,6,15,9,13,3,9,32,41,55,11,5,37,8,24,0,11,5,36,54,5,72,34,7,49,34,64,9,17,29,24,35,0,2,9,51,33,48,51,31,38,0,30,62,78,79,11,62,56,35,39,48,21,7,36,42,43,44,33,21,10,65,116,45,22,33,5,25,15,33,5,0,21,10,3,10,22,29,27,4,2,9,28,20,4,49,29,8,7,5,0,31,2,1,63,9,32,21,4,71,49,68,14,42,41,63,23,49,3,33,8,5,11,61,41,3,6,63,53,37,17,17,61,13,7,8,44,30,2,13,32,9,38,9,35,0,54,5,47,0,17,54,0,21,0,19,43,0,80,0,1,2,12,0,54,34,3,44,5,51,53,52,11,5,21,41,19,35,23,0,12,38,71,9,35,42,50,15,17,64,9,20,26,44,26,43,8,55,9,55,38,8,10,46,19,49,50,69,3,2,23,12,19,45,10,0,0,5,8,5,51,10,0,38,60,70,2,0,0,25,4,0,4,11,51,8,57,10,0,40,14,31,0,4,16,66,23,32,35,31,39,42,34,14,26,13,0,13,13,11,46,41,64,19,42,75,36,2,52,49,8,56,15,59,36,63,0,33,28,52,39,7,35
82,0,16,33,3,7,0,5,37,2,19,4,0,0,8,0,14,20,1,82,103,0,56,0,46,29,64,0,0,1,91,5,27,0,2,16,0,0,23,1,57,3,75,9,66,0,104,71,45,71,0,16,5,76,5,81,51,4,1,7,0,16,4,28,4,1,42,8,22,86,2,3,0,4,0,2,0,91,2,10,0,3,0,4,0,0,2,0,67,2,0,11,31,45,22,9,3,0,12,0,2,0,49,56,26,0,6,6,0,10,14,44,0,29,0,22,4,4,94,0,54,0,31,5,43,4,8,5,0,0,4,17,3,0,2,0,3,0,3,18,18,4,4,78,49,0,0,0,0,23,0,11,6,0,0,46,3,0,3,19,16,7,0,103,14,51,3,19,96,1,3,0,18,36,0,45,0,0,79,43,2,2,0,14,39,55,14,42,14,54,2,2,4,0,31,2,27,0,49,10,62,54,27,19,49,17,73,3,105,49,74,63,15,51,19,9,0,0,43,26,5,14,66,55,13,4,42,4,3,52,45,0,19,0,9,96,61,4,0,10,14,68,4,0,52,13,102,0,66,19,12,36,96,34,0,37,43,60,98,1,23,1,21,66,92,99,94,44,3,17,4,59,72,0,92,51,38,45,102,6,2,21,102,66,64,68,26,18,18,45,116,31,72,0,58,31,78,0,1,56,25,0,0,21,55,61,1,0,22,23,1,35,100,14,14,9,19,0,61,0,21,55,4,20,9,24,83,110,78,51,97,103,73,18,37,20,65,9,0,21,30,110,19,13,9,34,41,0,0,11,0,5,0,2,57,19,19,5,7,32,0,7,0,75,0,67,0,4,4,0,22,4,42,20,1,51,0,0,14,12,0,52,91,0,41,0,94,3,83,0,4,25,64,86,37,2,0,48,38,52,3,0,0,58,48,49,73,30,4,13,102,77,105,14,91,2,87,57,14,0,110,9,8,5,90,8,0,4,0,33,23,0,3,0,0,14,1,73,10,9,99,70,14,12,0,0,4,14,5,0,16,20,4,44,0,0,24,25,90,4,18,4,13,32,59,6,24,21,104,7,22,9,0,0,0,5,4,77,96,44,47,74,65,9,18,76,101,14,9,27,77,102,93,0,71,1,29,28,12,67
23,41,38,40,3,5,3,1,16,53,35,32,3,3,62,3,38,11,0,18,33,0,14,3,10,33,7,1,0,1,24,47,2,34,1,15,0,23,20,24,9,1,25,8,9,3,25,14,55,7,2,7,4,14,0,48,26,2,1,45,4,91,2,19,6,0,14,15,59,22,22,7,2,2,4,0,2,27,56,39,3,0,3,40,3,3,4,0,10,21,0,28,77,8,80,0,16,27,8,22,12,6,6,10,23,3,10,1,8,8,55,14,6,18,3,0,39,22,19,0,55,3,20,3,37,2,60,0,3,31,43,13,0,1,78,3,0,3,1,9,51,3,7,15,9,0,3,3,0,5,2,15,0,3,3,13,8,7,0,20,7,0,3,32,0,23,24,16,28,3,83,0,3,57,3,9,0,7,16,44,1,0,16,6,52,9,1,7,0,9,21,1,2,0,30,77,25,0,9,1,12,8,67,0,10,41,6,39,33,74,6,36,0,53,1,13,15,0,5,6,1,0,8,8,38,7,51,77,2,14,8,54,0,16,81,24,24,0,0,40,0,12,2,34,66,13,43,1,6,23,1,71,32,36,21,0,30,11,33,5,20,21,83,17,22,25,33,28,0,95,52,6,12,56,25,12,97,3,27,7,2,92,29,8,6,11,12,4,47,22,31,116,10,1,6,15,17,7,4,26,6,61,22,10,67,8,0,3,10,99,1,43,23,0,0,5,6,0,6,3,0,36,0,1,47,6,14,31,7,10,25,30,51,38,80,0,10,4,0,0,55,33,0,16,69,77,3,31,54,66,0,3,22,82,27,33,0,75,6,94,23,66,1,10,0,8,4,7,44,0,0,2,58,62,0,18,3,2,12,4,1,12,28,0,15,9,21,56,15,25,3,22,63,33,99,63,3,8,89,63,2,38,66,12,8,7,55,21,10,31,32,21,33,0,19,19,21,24,0,22,32,0,78,84,19,5,3,13,18,38,84,24,1,0,1,0,1,8,6,7,35,55,64,9,0,3,6,36,3,0,1,72,3,61,55,3,19,16,28,1,34,33,59,6,5,24,92,86,33,78,44,32,17,3,24,2,16,6,24,64,6,9,12,21,1,12,27,0,67,3,18,30,20,0,12,68,76,72,1,8
92,27,9,11,30,14,27,25,18,9,25,13,26,27,16,27,16,34,22,92,77,5,64,27,82,2,90,22,7,26,73,19,43,27,27,1,7,7,21,8,62,26,67,13,102,27,76,58,32,90,28,16,28,73,27,57,55,27,18,3,25,3,27,12,13,23,33,6,43,95,7,10,27,26,26,21,26,77,18,18,27,27,27,3,27,27,23,29,97,9,16,16,8,81,4,31,12,7,14,7,21,11,82,90,19,26,11,25,28,20,14,19,7,11,26,41,1,2,74,26,13,27,8,27,18,27,3,27,27,27,1,27,27,7,5,27,27,27,26,40,1,31,11,103,65,26,27,27,28,40,28,17,28,27,27,64,10,7,12,38,16,29,27,83,30,41,16,24,80,28,1,29,45,8,27,80,8,7,93,30,7,18,7,28,37,90,22,38,30,85,7,7,25,7,17,3,44,7,85,26,65,87,3,35,82,10,64,5,79,35,88,30,40,22,23,7,7,29,61,43,26,30,102,86,12,7,5,1,31,24,81,22,35,7,9,81,65,7,7,14,30,98,27,27,50,11,59,7,66,19,28,15,76,16,7,53,34,91,79,27,21,8,12,99,88,79,75,47,27,5,1,60,55,7,60,25,6,54,64,7,22,2,84,98,89,102,27,34,9,33,72,10,116,7,94,36,100,7,28,41,46,19,7,29,32,97,28,27,33,5,15,50,77,32,30,23,25,29,74,27,33,57,7,40,36,53,62,73,77,85,87,75,40,38,14,36,78,23,7,36,17,74,35,18,3,10,67,7,7,2,7,32,7,7,22,24,35,10,7,5,7,2,28,93,7,96,26,7,1,29,54,27,36,20,29,62,27,28,24,18,28,57,77,17,18,23,80,1,78,7,31,31,25,57,5,16,27,84,9,28,21,7,5,69,84,86,36,12,7,21,79,68,80,30,84,7,80,75,30,7,76,31,3,3,65,23,27,2,7,10,5,7,26,21,7,30,25,73,20,22,83,38,9,27,28,27,13,29,26,28,24,8,22,17,7,27,25,20,77,28,21,7,0,40,88,1,5,13,79,11,45,31,7,26,7,28,13,82,87,11,60,85,62,25,34,76,79,30,11,56,68,81,70,23,104,8,5,6,28,103
5,4,0,19,22,22,22,22,22,35,22,5,23,22,36,22,1,52,22,0,0,76,33,22,0,15,0,22,114,22,0,1,78,1,22,55,115,94,20,92,12,22,0,12,0,22,0,0,21,0,22,4,22,14,20,0,0,22,22,35,22,0,22,22,18,22,16,22,1,0,89,16,22,18,22,22,22,0,15,56,22,20,22,22,22,22,22,25,0,93,63,6,10,0,1,22,94,90,22,95,61,101,0,0,22,23,16,18,31,22,6,22,103,22,29,22,7,34,0,28,18,22,22,19,23,22,16,20,22,22,0,21,22,116,10,22,22,22,22,68,0,22,8,0,0,24,22,22,26,34,22,22,22,22,22,1,8,105,34,26,4,22,22,0,93,0,1,22,4,22,1,25,22,21,22,0,77,102,0,7,114,22,97,89,0,11,94,23,93,0,90,114,22,94,22,9,55,115,0,94,0,27,2,88,0,13,0,62,0,1,0,14,36,3,94,94,99,25,62,65,20,93,0,0,63,106,19,1,22,61,0,12,88,99,23,8,0,94,115,50,93,0,22,1,7,40,0,116,9,14,94,0,0,27,94,70,41,0,0,22,20,94,1,9,0,0,0,14,22,6,1,0,0,60,0,18,0,48,0,94,22,0,0,0,5,0,21,89,15,5,0,1,7,116,0,22,0,109,22,35,63,31,94,63,1,0,24,22,83,7,22,25,0,22,93,94,88,25,40,22,88,0,111,23,7,59,0,0,0,0,0,0,5,13,6,87,36,94,115,79,6,0,88,28,1,0,0,86,55,1,107,22,95,1,22,22,88,23,102,0,94,12,25,0,115,0,22,98,0,25,28,22,0,1,72,0,22,22,22,94,25,23,0,59,14,22,0,2,5,92,22,63,6,0,0,31,22,0,2,0,22,64,26,0,0,0,0,22,94,25,0,26,0,93,0,94,1,5,93,94,0,22,1,1,0,22,22,16,94,12,1,44,22,74,116,93,22,16,23,22,1,3,1,22,26,22,10,23,22,22,94,0,22,3,61,22,28,20,0,22,22,75,5,64,0,25,5,0,1,21,1,1,96,23,89,22,94,13,1,0,52,24,0,39,89,13,0,93,4,19,0,3,0,56,0,34,0,9,94,0
78,43,5,12,43,33,46,43,7,0,24,31,45,46,2,46,10,38,38,85,65,10,56,46,95,19,105,42,0,46,79,31,35,42,46,11,0,0,26,1,56,44,73,29,100,46,64,52,29,102,45,10,41,69,45,47,56,44,34,11,44,1,44,20,33,43,26,22,50,83,0,30,45,47,45,42,47,68,24,7,46,47,46,3,46,46,41,45,104,2,28,22,4,100,1,30,5,0,33,0,28,4,99,88,22,45,29,45,45,32,19,17,0,19,45,49,19,9,65,42,0,46,14,45,6,44,18,45,46,38,19,32,45,0,7,46,45,46,44,38,16,40,24,91,59,46,44,46,44,37,45,35,36,46,46,83,27,0,31,23,12,37,46,70,23,35,34,30,69,43,3,45,52,7,46,99,9,0,84,23,0,39,0,21,38,94,15,32,23,83,0,0,43,0,13,12,28,0,97,19,59,77,2,28,90,19,58,2,67,24,84,20,31,21,16,0,0,45,46,35,44,23,103,84,0,0,3,6,40,22,100,32,28,0,0,68,64,0,0,12,23,105,44,44,45,25,47,0,58,18,21,3,73,8,0,46,21,108,74,45,26,1,8,83,74,68,78,37,45,3,10,54,49,0,50,17,0,43,51,0,41,1,70,94,87,100,43,23,3,25,58,6,94,0,116,44,89,0,46,35,39,22,0,27,30,108,44,44,21,0,32,51,64,49,23,16,18,45,62,44,26,54,0,41,35,46,56,60,69,92,75,64,29,29,0,29,62,16,0,30,11,62,28,25,3,0,74,0,0,3,0,39,0,10,17,26,28,7,0,1,0,5,44,85,0,88,45,0,16,45,46,44,38,27,21,56,46,45,33,11,44,50,80,26,25,41,70,15,67,0,40,19,12,60,0,11,46,97,3,27,41,0,0,81,96,91,22,18,0,12,67,64,67,23,73,0,72,71,23,0,63,31,4,3,52,39,44,22,0,16,3,18,44,25,0,23,47,66,32,39,71,30,3,36,44,46,32,28,43,48,17,3,40,16,0,46,37,19,83,45,24,0,4,24,107,12,3,4,67,2,59,33,0,45,0,38,6,74,74,2,48,71,56,15,27,69,68,23,7,62,61,68,62,35,98,0,0,3,21,99
41,45,9,80,82,88,85,88,69,12,90,43,84,85,0,85,31,5,81,43,31,58,10,85,26,62,39,84,24,85,35,33,3,51,87,26,23,0,94,0,10,87,29,66,31,85,28,13,23,43,85,43,79,16,86,26,13,88,81,7,84,8,88,90,66,81,73,78,18,40,0,70,85,80,84,82,84,21,34,4,85,84,85,22,85,85,82,85,49,0,64,46,23,31,7,73,0,0,92,1,47,32,35,18,94,84,68,83,64,91,56,77,23,90,82,92,33,25,23,84,18,85,85,83,61,88,46,86,85,67,23,92,88,22,1,85,88,85,87,1,22,79,57,36,7,84,83,85,84,90,85,89,76,85,85,28,59,21,74,70,45,75,85,34,0,13,48,94,23,82,0,85,91,67,85,30,61,8,30,17,20,82,3,0,41,32,0,10,0,14,1,20,88,44,76,8,1,23,29,0,20,20,23,0,24,41,13,0,31,12,22,18,74,60,0,0,7,85,0,1,85,0,34,14,5,12,65,3,80,8,31,44,0,5,6,27,13,34,23,0,0,50,88,53,13,45,30,22,13,69,0,14,39,5,0,10,12,39,38,85,94,0,4,32,28,26,42,72,88,10,7,20,13,0,24,69,18,10,34,0,83,11,34,28,23,31,94,4,0,15,31,15,36,22,44,116,35,15,86,15,3,15,0,3,21,39,84,83,7,16,78,1,25,94,0,0,0,85,10,83,0,28,19,88,42,18,17,31,14,23,31,32,31,54,16,0,14,0,23,0,4,31,0,82,0,14,18,0,0,5,15,78,1,2,89,90,3,8,10,13,0,19,84,29,23,27,84,4,20,85,87,88,14,3,57,20,85,85,98,0,84,10,40,72,81,76,25,7,19,0,79,6,18,26,18,4,85,28,23,22,86,0,0,30,26,23,34,82,0,47,31,23,31,0,23,0,20,16,0,0,31,71,3,2,22,91,83,61,0,60,9,60,87,53,22,0,84,10,90,93,31,32,0,91,84,85,63,81,89,85,0,4,87,38,0,85,65,84,43,89,93,0,0,0,40,19,25,16,31,4,27,41,2,84,0,77,0,18,29,9,0,17,13,32,0,17,29,0,6,42,28,34,20,64,33,0,12,16,0,31
88,30,9,14,33,15,30,26,19,0,28,12,30,30,8,30,16,33,21,87,75,0,62,30,81,1,88,22,0,28,73,19,30,32,25,6,0,0,24,1,63,28,63,20,102,30,75,57,35,88,29,18,34,70,29,62,54,27,18,3,30,10,27,13,12,22,32,4,45,99,2,10,27,29,31,21,29,76,20,6,30,29,30,1,30,30,25,27,96,2,14,15,10,79,8,30,3,0,14,0,19,3,75,90,21,30,13,25,29,22,12,22,0,11,29,42,0,4,81,25,22,30,10,29,25,27,2,29,30,25,0,29,27,0,8,30,27,30,28,37,3,35,13,105,66,27,32,30,27,43,29,20,28,30,30,59,11,0,11,35,16,27,30,79,18,43,14,25,83,32,1,27,50,11,30,80,3,0,95,28,2,18,0,16,44,92,10,37,18,86,2,2,27,0,20,7,30,0,81,14,64,84,5,23,83,12,61,0,77,36,85,36,38,23,15,5,0,27,49,29,30,18,102,85,4,0,9,1,34,24,79,27,23,0,2,79,64,0,0,12,18,96,27,30,51,10,67,0,59,19,16,18,73,16,0,41,36,93,77,30,24,1,12,96,87,80,73,53,27,10,1,57,60,0,66,32,7,46,70,2,22,7,82,96,85,105,26,22,9,33,78,17,100,0,89,35,116,0,29,38,35,20,0,32,29,97,25,32,20,7,15,46,85,31,18,13,15,27,66,32,25,55,0,40,40,44,64,80,73,86,86,76,39,44,14,24,70,13,0,24,17,82,23,21,1,12,64,0,0,2,0,37,0,13,24,25,23,14,3,8,0,7,28,88,0,95,31,0,1,27,48,27,34,18,22,59,30,29,27,8,28,56,76,14,20,25,84,1,75,0,35,25,31,59,8,9,30,82,10,29,20,0,1,66,83,83,43,15,0,22,80,64,79,18,84,2,80,75,18,0,72,32,8,3,69,21,32,1,0,16,7,4,28,17,0,18,26,70,21,22,82,40,9,28,27,30,12,32,26,26,12,9,20,20,0,30,24,25,75,26,23,0,5,26,83,5,5,15,77,6,47,36,0,30,0,32,4,81,87,16,50,78,61,25,22,71,78,18,12,52,68,81,76,21,106,0,8,11,16,102
6,9,6,16,15,15,15,15,15,41,15,10,16,15,43,15,6,58,15,0,1,69,39,15,0,21,0,15,107,15,0,7,78,5,15,60,108,100,15,98,12,15,0,17,0,15,0,6,26,0,15,9,17,16,15,6,6,15,15,41,15,3,15,15,23,15,21,15,7,1,89,21,15,11,15,15,15,0,9,56,15,15,15,16,15,15,15,18,0,99,56,0,6,0,7,15,95,96,15,100,66,94,0,0,15,16,21,11,36,15,0,15,108,15,22,15,12,40,1,21,19,15,15,12,18,15,22,15,15,27,6,16,15,109,12,15,15,15,15,68,7,15,13,0,0,17,15,15,19,27,15,15,15,15,15,7,13,110,27,19,9,15,15,0,93,6,6,15,4,15,7,18,15,15,15,0,70,107,0,13,109,15,94,89,3,11,94,29,93,0,89,109,15,87,15,15,55,108,0,94,6,27,0,88,0,10,0,67,0,1,0,14,29,0,94,99,93,18,62,65,15,93,0,0,67,111,16,7,15,61,0,6,88,95,25,8,6,87,108,50,93,0,15,5,13,45,0,109,9,7,95,3,1,34,100,70,47,0,0,15,15,99,7,15,0,0,0,8,15,8,7,3,6,65,1,13,5,51,1,98,15,5,0,0,5,0,16,89,21,5,0,7,7,109,0,15,0,116,15,35,63,36,99,63,1,0,17,15,84,13,15,25,0,15,93,98,94,18,40,15,88,0,104,16,1,59,0,0,0,0,0,1,6,11,10,87,36,97,108,79,10,0,88,33,7,1,0,92,58,8,100,15,100,6,15,15,88,21,107,6,100,8,18,0,108,0,15,103,6,18,21,15,7,8,65,0,15,15,15,98,18,29,0,52,7,27,0,8,5,98,15,63,7,0,6,32,15,0,0,7,15,66,32,6,0,0,1,15,101,18,0,26,0,93,0,98,1,11,93,99,0,15,4,6,0,15,15,21,97,19,7,37,15,67,109,93,15,16,16,15,1,4,7,15,19,15,15,16,15,15,95,7,15,9,66,15,23,15,0,15,15,78,12,64,0,32,11,6,1,23,7,5,94,16,91,15,94,13,1,0,52,24,6,32,89,13,0,93,10,16,1,3,0,49,0,40,3,14,95,0
19,75,22,63,112,99,115,110,75,12,79,63,114,115,2,115,31,29,102,17,1,62,0,115,56,69,40,106,24,111,11,62,2,81,112,33,23,0,92,0,3,111,33,84,34,115,2,0,14,39,114,56,108,7,110,0,0,112,98,17,113,4,112,88,89,107,60,90,30,22,0,88,113,108,114,106,112,4,48,0,115,110,115,22,115,115,111,112,37,0,75,61,13,61,0,94,0,0,99,1,58,32,59,48,90,114,87,106,93,98,49,57,23,87,109,90,48,35,2,109,1,115,82,108,50,112,44,110,115,79,41,98,112,22,8,115,112,115,111,13,37,109,74,30,27,111,113,115,111,79,114,105,101,115,115,46,77,21,91,73,58,101,115,4,0,0,68,98,3,112,0,112,95,50,115,60,61,8,14,0,20,103,3,0,21,35,0,0,0,43,1,20,110,44,68,18,1,23,59,0,7,24,12,0,51,44,0,0,1,3,18,1,78,30,0,0,7,112,2,1,109,0,38,44,0,12,48,3,109,0,61,56,0,5,0,1,0,34,23,2,0,38,112,83,7,35,0,22,0,61,0,4,9,0,0,0,6,43,8,115,92,0,0,24,8,0,12,58,112,5,20,7,0,0,1,47,1,0,4,0,107,0,4,28,22,35,81,0,0,0,1,4,28,22,46,86,29,15,116,2,5,28,0,4,4,43,110,113,1,0,96,10,3,87,0,0,0,112,0,113,0,11,19,81,59,25,0,1,1,53,9,2,1,57,1,0,0,0,23,0,0,1,0,81,0,1,39,0,0,5,15,108,1,11,59,81,0,11,10,0,0,20,111,19,23,22,114,4,38,112,87,112,5,8,64,7,115,114,100,0,111,0,14,76,57,98,5,25,4,0,109,1,1,22,1,12,115,58,6,0,105,0,0,17,56,52,4,86,0,54,1,2,1,0,5,0,3,16,0,0,1,95,1,0,1,107,113,80,0,62,2,65,111,64,22,0,111,2,98,107,7,2,0,103,111,115,83,76,111,112,0,0,106,13,0,115,57,83,17,113,77,0,1,0,38,32,9,5,1,2,57,71,2,114,0,102,0,11,7,1,2,2,0,34,0,0,0,0,9,69,10,4,3,82,33,0,1,7,0,34
48,2,5,28,1,7,1,4,25,23,18,0,0,1,14,1,3,43,0,43,63,22,40,1,38,21,33,0,33,1,65,5,61,3,3,15,34,35,15,36,28,3,65,1,37,1,62,30,52,33,1,2,0,48,4,39,25,4,0,10,0,20,4,24,0,0,17,7,20,46,37,0,1,0,0,1,0,51,4,32,1,2,1,8,1,1,1,1,44,35,4,2,29,35,25,0,37,35,7,35,6,40,39,40,19,0,3,3,1,10,10,20,33,24,0,3,0,4,55,0,59,1,26,2,32,4,9,4,1,7,0,11,4,35,22,1,4,1,3,63,14,4,2,41,28,0,3,1,0,10,1,7,0,1,1,34,0,35,0,8,0,1,1,65,53,26,1,20,67,4,11,1,3,33,1,34,22,35,46,6,35,1,38,58,18,37,53,16,53,36,43,35,4,33,29,4,36,34,36,57,21,43,35,58,38,9,31,30,64,39,32,57,13,39,48,35,34,1,57,84,3,53,37,37,56,35,35,11,3,73,35,11,58,35,17,74,33,34,34,35,53,45,4,1,64,1,43,35,22,11,53,32,63,25,35,40,61,38,64,1,15,36,6,38,61,65,64,14,4,25,8,27,25,12,35,22,41,33,63,35,2,22,67,37,37,39,6,57,6,21,56,26,41,35,35,15,38,35,2,116,82,14,35,73,66,37,0,3,62,28,0,53,55,0,53,53,51,1,41,3,56,17,34,3,10,52,33,59,44,40,66,59,49,22,33,57,45,54,34,57,22,59,58,13,12,33,45,35,26,6,34,3,35,13,30,23,53,19,34,40,35,6,0,32,34,36,0,35,0,1,2,4,43,18,28,15,1,1,12,49,0,25,66,19,24,0,53,11,56,35,4,70,41,62,40,17,1,35,44,14,2,36,8,31,37,38,39,30,35,8,66,70,64,53,57,35,53,34,53,35,61,2,20,13,43,7,3,0,38,30,30,0,3,15,35,53,0,47,9,7,62,48,11,13,0,1,0,23,5,1,49,11,1,25,13,1,0,12,64,5,15,33,10,53,34,2,22,18,64,29,17,2,38,0,43,2,38,33,66,30,55,43,32,14,59,34,59,53,9,29,23,61,38,0,42,17,42,24,53,38
28,7,5,6,6,0,6,5,0,36,7,7,7,6,30,6,3,58,0,34,33,43,57,6,40,1,36,5,61,6,34,9,87,6,5,26,62,63,2,64,33,6,34,3,39,6,30,19,32,32,6,0,4,37,6,16,23,5,3,20,5,13,5,4,1,1,0,0,22,30,65,0,4,6,6,1,6,34,4,45,6,6,6,10,6,6,1,9,40,63,15,1,5,40,11,1,65,63,0,63,20,69,39,39,0,7,0,5,6,0,3,0,61,3,6,3,0,14,30,8,31,6,0,4,5,5,6,6,6,13,0,4,6,63,25,6,6,6,6,82,0,6,1,36,28,8,6,6,10,1,6,2,2,6,6,34,0,63,1,7,0,1,6,34,81,17,5,0,38,6,11,9,6,3,6,40,50,63,35,12,63,0,66,86,8,46,81,21,81,36,71,63,5,61,3,6,53,62,39,85,19,50,11,86,38,11,22,51,34,20,31,34,21,8,76,63,62,9,85,106,6,81,40,36,70,63,5,11,6,57,40,17,86,63,27,41,31,60,62,47,81,40,5,6,43,6,13,63,31,3,81,13,33,14,63,68,47,38,34,5,2,64,6,36,34,34,34,0,6,17,8,27,16,33,16,0,10,56,32,63,0,10,34,34,38,40,1,77,6,10,25,6,46,63,39,3,35,63,5,82,116,26,63,81,36,40,6,6,76,12,0,60,29,0,81,81,79,9,63,6,84,14,62,0,12,67,20,27,34,40,34,31,18,18,14,85,59,82,62,82,22,29,86,1,11,13,46,63,47,6,62,6,63,12,0,3,81,24,62,10,63,9,9,30,62,35,6,63,0,9,12,5,27,17,41,13,6,6,5,77,9,35,34,26,0,3,31,9,35,63,6,84,12,32,10,38,6,40,13,0,4,58,20,31,39,40,8,0,63,11,34,49,34,81,34,63,34,36,81,63,30,1,14,11,19,3,6,1,66,0,12,6,6,32,63,81,4,39,0,5,35,18,11,2,10,6,3,11,4,5,77,10,4,0,34,6,3,0,34,5,6,57,10,73,35,4,5,10,35,33,21,2,66,7,71,5,66,45,36,13,75,52,23,15,87,45,34,81,7,35,18,33,27,8,40,32,13,13,81,40
8,58,20,23,29,12,29,24,10,49,31,36,28,29,55,29,32,46,19,4,0,4,10,29,23,11,18,19,29,25,3,63,30,49,24,42,30,51,10,53,3,25,8,16,20,29,0,6,29,20,28,10,26,10,26,9,18,24,14,37,27,54,24,11,19,20,19,22,60,10,44,16,26,26,28,19,26,3,70,60,29,26,29,46,29,29,23,26,18,50,31,27,41,25,47,18,45,51,12,52,44,42,21,21,8,28,18,24,49,15,41,4,38,10,27,21,38,18,2,23,19,29,7,23,17,24,47,26,29,55,26,16,26,31,60,29,26,29,25,49,27,27,15,21,7,25,27,29,25,15,28,17,19,29,29,18,16,40,12,29,12,19,29,0,29,15,31,16,3,27,58,26,26,17,29,24,11,37,7,19,31,16,46,35,14,27,30,16,29,16,51,31,24,17,23,60,52,30,24,30,6,22,29,29,21,43,0,26,0,45,9,5,24,21,30,42,45,26,13,18,25,29,22,17,30,37,27,58,26,27,25,64,29,45,56,1,18,13,30,25,29,21,24,51,51,40,0,31,0,19,30,35,0,32,50,25,24,20,0,27,10,50,50,24,4,0,0,11,26,59,33,3,6,78,0,3,49,20,0,36,19,53,0,14,11,22,7,25,41,3,0,61,19,31,22,15,20,36,28,14,26,116,50,23,28,23,23,27,25,58,12,50,2,15,29,34,35,26,4,27,29,17,30,14,63,50,0,0,0,23,4,0,15,41,44,28,0,33,30,26,41,0,29,17,46,39,14,43,77,43,30,26,52,66,4,33,29,55,36,50,51,55,25,9,30,12,28,37,26,26,22,24,43,54,29,0,29,28,18,33,25,8,2,8,7,28,2,38,4,49,27,10,26,0,50,73,29,25,41,24,18,23,48,9,22,22,10,11,39,47,0,0,0,29,4,48,3,28,29,50,0,17,53,57,0,19,27,22,47,11,52,33,25,43,31,29,24,4,15,19,3,17,42,21,25,29,19,44,23,25,30,46,18,26,79,29,11,8,5,25,28,62,38,28,15,40,54,58,0,59,52,43,45,28,52,19,45,16,5,29,12,4,6,47,30,2,0,29,53,29,2,0,3,38,21,62,39,46,30,21
5,23,9,0,0,0,0,0,0,34,0,24,1,0,56,0,12,57,0,0,0,54,38,0,0,6,0,0,92,0,0,18,78,21,0,51,93,115,0,112,12,0,0,3,0,0,0,5,42,0,0,5,2,16,0,6,5,0,0,56,0,15,0,0,7,0,5,0,17,0,106,5,0,0,0,0,0,0,25,56,0,0,0,24,0,0,0,3,0,113,41,16,21,0,11,0,110,111,0,114,50,79,0,0,0,1,5,0,20,0,16,0,92,0,7,0,26,33,0,6,27,0,0,0,5,0,7,0,0,11,13,1,0,94,29,0,0,0,0,68,20,0,5,0,0,2,0,0,4,12,0,0,0,0,0,6,5,94,12,8,5,0,0,0,93,12,12,0,4,0,22,3,0,1,0,0,55,99,0,24,94,0,110,89,7,11,94,28,93,0,105,94,0,72,0,30,55,93,0,94,5,27,9,88,0,6,0,84,0,13,0,18,18,16,94,105,109,3,62,65,0,93,0,0,76,99,0,22,0,61,0,22,88,110,42,8,5,76,93,67,93,0,0,21,12,37,1,94,9,0,94,15,0,43,115,70,47,0,0,0,0,115,22,14,0,0,0,1,0,25,14,2,5,82,0,2,22,50,0,101,0,19,0,0,5,0,0,89,24,10,0,22,7,94,0,0,0,99,0,35,63,50,116,63,2,0,2,0,83,28,0,25,0,0,93,97,93,3,40,0,88,16,93,1,17,59,0,0,0,0,0,0,21,26,19,87,36,96,93,79,19,0,88,17,10,16,0,107,73,9,93,0,114,23,0,0,88,38,98,21,115,24,3,0,93,0,0,99,13,3,6,0,5,13,50,1,0,0,0,96,3,28,0,37,0,11,0,15,5,113,0,64,6,0,21,48,0,0,17,16,0,83,39,5,0,0,9,0,102,7,0,26,0,93,0,113,1,10,93,116,0,0,16,23,0,0,0,5,112,5,22,22,0,52,94,93,0,16,1,0,1,19,14,0,4,0,7,1,0,0,94,17,0,24,83,0,11,0,0,0,0,89,10,64,0,26,26,18,1,40,17,21,111,1,108,0,110,13,1,10,52,24,5,25,89,13,0,93,25,11,0,3,0,34,0,55,10,12,94,0
23,7,12,4,5,1,5,2,3,21,5,3,5,5,24,5,7,70,1,27,29,40,55,5,32,2,27,2,62,3,32,4,86,7,1,44,63,63,7,64,41,3,30,9,35,5,28,19,30,20,4,9,4,31,2,28,23,2,7,33,7,22,2,5,4,0,5,0,10,26,63,4,2,4,6,0,4,40,9,41,5,2,5,18,5,5,3,2,32,65,22,0,6,30,5,1,65,61,0,63,22,56,26,31,5,5,9,2,14,3,0,1,62,3,9,2,7,27,25,1,31,5,3,1,7,2,0,2,5,1,3,3,2,63,28,5,2,5,3,84,1,7,7,31,29,2,7,5,2,11,4,7,2,5,5,22,7,63,8,6,7,0,5,30,83,19,3,5,40,7,12,2,7,6,5,31,40,63,32,19,63,3,66,76,25,42,81,45,83,35,61,63,3,52,4,16,55,63,29,85,19,44,9,88,35,4,22,44,31,11,27,34,14,13,76,63,63,2,67,80,3,83,32,33,61,63,5,12,6,68,30,10,88,63,15,39,31,52,63,60,83,30,2,5,35,21,18,63,27,3,81,17,28,31,63,70,49,35,31,5,7,64,7,31,31,33,31,6,2,14,12,25,16,31,19,5,10,60,27,63,2,17,32,34,38,33,4,85,24,22,21,10,29,63,27,3,32,63,4,73,81,23,63,116,33,32,0,7,84,9,6,45,35,4,83,81,81,2,57,7,86,13,63,3,7,56,12,27,34,32,32,24,15,19,12,87,59,82,63,85,15,26,88,9,11,18,41,55,37,7,63,7,63,16,5,5,78,32,63,11,63,11,3,30,63,33,6,63,6,2,2,2,13,8,35,21,5,4,6,77,3,37,32,25,3,8,25,14,41,61,7,82,8,29,11,25,5,30,13,10,0,51,25,29,31,33,14,6,63,6,34,46,32,83,31,63,41,38,83,63,26,2,20,13,25,0,7,2,66,6,6,7,3,32,63,83,1,41,2,2,33,17,12,7,2,5,0,6,2,1,77,11,2,3,32,5,6,2,31,1,4,47,13,68,27,22,5,15,31,24,9,6,66,5,61,7,66,36,33,19,62,42,23,26,87,40,29,83,8,26,17,26,31,17,33,26,13,17,81,35
47,7,18,52,1,10,3,8,27,46,40,2,3,3,34,3,16,19,4,44,65,3,25,3,27,41,27,3,0,4,60,11,22,1,5,7,0,2,25,1,20,6,60,3,27,3,55,22,28,24,3,1,1,42,6,66,22,7,3,14,3,61,7,31,4,4,19,14,26,44,5,3,3,3,3,5,3,51,24,41,3,4,3,21,3,3,5,3,39,0,3,4,60,30,62,2,3,2,15,1,7,6,34,29,30,3,5,5,3,13,33,25,0,32,3,7,2,16,48,3,58,3,34,5,46,7,51,6,3,28,14,19,6,1,48,3,6,3,6,26,26,0,3,30,20,3,3,3,3,11,3,14,4,3,3,29,2,1,3,19,1,3,3,65,18,13,1,22,53,2,49,3,3,69,3,30,3,1,37,24,1,5,4,23,37,26,18,16,18,28,9,1,7,0,42,36,38,0,29,22,13,26,69,20,28,35,23,15,65,43,24,38,1,46,13,1,0,3,23,36,6,18,28,28,32,1,65,43,1,38,30,26,20,1,54,56,30,0,0,15,18,40,7,1,69,3,65,1,16,27,19,63,66,17,1,24,48,32,67,4,25,1,39,28,53,57,67,29,6,65,26,23,17,24,36,22,82,30,64,1,5,63,62,27,27,29,17,22,27,29,55,67,32,1,30,21,29,1,4,66,36,28,2,33,116,28,4,3,28,68,3,51,48,4,18,18,13,3,27,3,18,9,0,5,20,20,29,54,36,29,59,62,48,12,64,21,31,19,0,22,35,60,20,16,48,69,35,10,37,39,0,3,1,46,41,39,18,47,0,76,2,34,3,28,0,28,3,1,13,3,0,7,61,29,0,31,3,3,17,15,3,16,64,3,28,3,49,31,46,2,0,48,73,65,82,36,3,28,82,38,6,18,40,27,28,27,55,33,1,24,62,52,63,18,49,1,47,27,18,2,61,2,53,51,34,11,3,4,4,44,68,20,6,0,1,18,4,36,13,12,61,47,40,15,3,3,4,42,8,3,15,42,7,42,24,3,23,23,62,7,39,19,41,23,31,11,61,59,64,51,8,2,5,3,10,3,3,22,56,63,23,31,24,21,21,34,59,18,28,14,25,60,37,3,31,41,74,59,19,27
81,44,3,9,47,27,44,39,8,0,21,25,43,44,5,44,10,42,30,87,68,7,59,44,99,14,103,34,0,40,77,32,35,46,39,7,0,0,23,1,62,40,68,22,106,44,69,54,31,102,43,12,44,68,41,49,55,39,26,7,42,3,39,15,25,35,26,17,49,86,0,22,41,41,43,34,41,73,30,7,44,41,44,0,44,44,38,41,104,2,23,16,2,98,2,28,5,0,27,0,28,4,94,94,19,43,21,39,43,26,18,13,0,14,42,45,13,6,69,38,3,44,9,38,10,39,11,41,44,35,13,29,41,0,10,44,41,44,40,43,10,48,20,99,65,40,46,44,40,36,43,32,30,44,44,76,19,0,24,27,10,29,44,73,23,37,28,25,75,45,0,41,54,4,44,97,6,0,86,23,0,31,0,21,39,102,15,34,23,89,0,0,39,0,8,15,31,0,100,19,61,84,1,28,98,16,60,0,70,27,86,21,37,20,16,0,0,41,49,35,40,23,111,90,0,0,1,1,48,22,98,37,28,0,0,73,65,0,0,13,23,101,39,44,49,18,49,0,58,12,21,6,76,8,0,46,24,110,71,42,23,1,6,91,79,72,75,38,41,5,5,54,51,0,51,19,0,44,54,0,34,0,75,100,89,108,38,23,3,27,61,8,97,0,108,39,97,0,43,37,40,23,0,32,28,116,38,46,21,0,24,56,69,41,23,16,18,41,65,46,26,55,0,38,43,46,56,65,72,100,80,67,30,36,3,29,65,16,0,29,11,65,28,20,0,1,76,0,0,0,0,41,0,13,14,21,28,12,0,0,0,4,40,85,0,94,43,0,10,41,50,39,33,24,22,58,44,43,29,11,40,53,79,21,19,37,72,10,71,0,48,19,15,57,0,12,44,101,3,24,33,0,0,73,102,99,25,13,0,16,72,63,70,23,76,0,75,77,23,0,66,33,3,0,57,34,46,14,0,11,2,13,40,23,0,23,39,69,26,34,76,29,3,32,40,44,25,28,38,40,17,1,33,14,0,44,31,15,78,40,20,0,1,26,101,5,3,6,70,5,60,39,0,43,0,34,6,78,80,3,49,74,58,19,27,70,70,23,7,66,62,71,66,30,106,0,2,1,21,107
19,70,26,62,107,101,110,110,77,17,77,65,110,110,5,110,35,25,106,21,1,64,4,110,51,70,39,107,26,110,13,59,3,76,109,34,25,2,90,2,3,110,31,83,30,110,2,4,13,38,111,60,105,8,108,1,4,110,102,19,109,0,110,86,93,111,63,92,34,21,2,91,113,106,110,109,110,0,46,2,110,108,110,26,110,110,109,112,37,2,77,65,12,56,4,98,2,2,102,3,60,33,56,44,90,110,89,104,90,100,51,61,25,88,105,90,52,36,5,111,0,110,83,108,50,110,48,108,110,80,45,97,110,24,4,110,110,110,110,8,41,104,78,25,25,110,108,110,112,79,111,100,104,110,110,46,80,23,92,76,62,105,110,4,2,4,68,96,1,107,4,112,90,49,110,56,63,10,16,4,22,106,5,2,17,31,2,4,2,41,3,22,109,46,68,16,2,25,53,2,11,21,12,2,47,42,4,0,1,4,22,0,81,30,2,2,9,112,4,2,108,2,33,42,2,14,48,7,106,0,56,51,2,7,3,0,4,36,25,4,2,36,110,78,5,36,1,24,4,65,2,4,9,4,2,2,5,39,7,110,90,2,4,22,10,2,11,57,110,1,24,11,4,2,0,50,1,0,4,2,107,1,4,28,24,30,81,2,4,4,1,0,28,24,44,84,25,17,110,0,6,23,2,0,4,38,116,108,2,0,100,6,2,91,2,2,2,112,2,108,2,13,21,83,54,26,4,0,3,48,9,2,1,51,3,2,2,2,25,5,4,1,2,81,4,1,40,2,2,9,17,103,3,11,59,79,2,7,12,1,2,21,112,23,25,24,110,6,42,112,87,110,9,12,66,11,110,111,99,2,112,1,14,76,61,99,9,29,5,2,104,2,1,21,1,13,110,53,6,3,109,2,3,21,52,49,3,85,2,59,0,2,0,2,6,2,2,14,2,2,1,99,5,4,0,109,108,84,2,61,6,68,110,66,24,2,113,3,101,105,3,1,4,101,112,110,86,73,109,112,2,4,108,16,2,110,61,86,16,110,79,2,3,6,41,35,10,7,0,4,52,69,4,110,2,101,2,11,7,1,2,2,4,40,2,3,3,2,11,68,11,3,1,84,28,5,1,7,2,29
18,74,20,62,111,97,114,109,72,12,78,61,113,114,2,114,31,31,100,17,0,62,2,114,59,66,43,104,24,110,13,61,2,84,109,31,23,0,91,0,5,110,30,81,36,114,3,2,16,38,113,58,106,5,109,0,2,109,96,15,112,3,109,85,87,105,58,87,32,21,0,86,111,107,113,104,111,3,50,0,114,109,114,22,114,114,108,111,40,0,73,59,12,60,0,92,0,0,97,1,56,32,56,50,89,113,85,105,92,96,48,57,23,84,107,89,46,36,4,108,0,114,79,105,51,109,42,109,114,78,39,97,111,22,10,114,111,114,110,16,35,112,76,33,29,110,116,114,110,81,113,102,100,114,114,44,75,21,89,74,56,99,114,3,0,2,66,95,5,115,0,111,98,49,114,59,61,8,16,0,20,101,3,0,20,38,0,2,0,45,1,20,109,44,65,20,1,23,56,0,9,26,11,0,54,45,2,0,0,4,20,0,81,29,0,0,7,111,2,1,108,0,41,46,0,12,47,1,112,0,60,59,0,5,0,3,2,34,23,2,0,37,109,82,9,33,0,22,0,61,0,3,8,0,0,0,6,46,7,112,91,0,0,27,9,2,11,57,111,5,18,7,2,0,0,49,0,0,3,0,104,0,5,30,24,38,80,0,0,2,0,3,27,22,44,83,32,15,113,3,6,27,0,7,3,46,108,116,0,0,94,13,4,85,0,0,0,111,0,116,0,12,19,82,62,25,0,2,2,56,10,1,0,58,0,0,0,0,23,0,0,0,0,79,0,0,42,0,0,5,15,111,1,13,58,78,0,14,10,0,0,21,110,19,23,24,113,4,36,111,88,109,3,6,65,9,114,113,99,0,110,2,15,76,55,96,5,23,6,0,112,0,0,21,0,13,114,57,5,0,103,0,0,15,58,55,3,83,0,56,2,2,0,0,6,0,5,18,0,0,0,97,3,0,2,104,116,78,0,59,2,63,110,62,22,0,109,4,96,104,6,1,0,102,110,114,81,77,108,110,0,0,103,13,0,114,57,83,14,110,77,0,1,0,37,30,8,4,0,5,56,73,2,113,0,104,0,14,10,0,2,4,2,36,0,0,0,0,11,72,9,3,3,80,36,0,2,6,0,37
38,2,0,9,0,1,0,1,6,25,6,4,1,0,30,0,0,63,0,24,33,48,42,0,21,4,17,0,82,0,30,1,95,0,1,42,83,83,8,81,25,0,31,3,21,0,27,3,24,17,0,0,0,25,0,20,7,1,0,30,0,8,1,6,2,0,6,2,0,30,78,0,0,0,0,0,0,28,5,59,0,0,0,14,0,0,1,3,25,83,31,0,17,21,1,0,89,79,1,83,37,71,22,21,10,1,2,1,15,3,2,1,77,6,6,0,5,24,23,4,28,0,6,2,15,1,1,0,0,3,0,8,0,83,9,0,0,0,0,81,3,0,0,21,13,2,0,0,4,10,0,4,0,0,0,17,0,78,6,7,0,0,0,31,104,0,0,10,34,0,0,3,0,10,0,21,48,83,25,7,83,0,83,98,9,28,97,25,104,21,78,83,1,62,6,8,65,83,22,101,3,38,6,99,22,7,9,53,31,9,17,24,13,10,98,84,83,3,73,74,0,104,21,21,71,83,12,0,0,74,21,5,99,84,18,37,15,68,83,55,104,25,1,0,28,22,21,83,18,5,105,7,33,31,84,81,55,23,31,1,8,83,0,23,27,30,31,10,0,3,0,3,0,49,15,7,11,53,21,84,1,7,31,21,26,21,7,108,13,9,22,10,33,83,21,7,20,84,1,62,76,25,83,84,28,21,2,0,116,6,0,40,25,0,104,98,89,3,51,0,97,6,83,1,0,66,8,24,22,21,31,29,19,17,14,98,55,98,83,97,6,26,99,10,0,9,18,75,44,1,83,0,83,0,10,10,99,21,83,10,83,7,3,19,83,21,0,83,0,3,6,1,12,1,41,12,0,0,5,95,3,22,31,31,5,5,21,3,30,81,0,87,20,29,11,29,0,21,11,6,0,57,17,15,21,21,12,10,84,3,31,45,31,104,27,84,29,20,104,83,27,0,4,2,15,2,0,0,84,12,2,16,0,45,83,104,0,29,2,1,32,17,0,8,4,0,0,5,2,0,101,2,1,10,50,0,12,3,31,1,5,65,7,79,21,19,15,6,32,26,0,0,83,1,78,0,88,25,31,8,63,43,7,24,99,30,26,104,4,20,13,28,18,24,22,31,9,18,105,21
17,38,44,38,0,7,0,4,15,60,36,34,1,0,73,0,39,10,0,15,23,6,9,0,3,31,2,0,6,1,16,46,4,31,1,14,6,29,19,30,2,3,16,4,0,0,16,6,51,3,0,8,2,13,3,38,22,3,0,47,0,88,3,18,8,0,16,16,53,14,28,6,0,0,0,1,0,10,56,45,0,1,0,41,0,0,0,0,8,27,6,28,75,0,86,0,22,33,11,28,15,8,3,3,21,1,7,2,6,10,58,13,12,18,2,3,41,19,14,2,56,0,20,0,34,3,60,3,0,32,45,15,3,7,81,0,3,0,3,9,48,1,6,8,2,1,0,0,1,14,0,7,0,0,0,8,6,13,6,24,8,1,0,24,6,29,24,14,14,1,89,0,0,52,0,0,3,13,10,52,7,1,22,12,49,1,7,13,6,0,27,7,4,6,29,77,31,6,0,7,8,6,74,6,0,40,2,50,23,68,0,37,0,55,7,19,21,0,6,17,3,6,0,1,42,13,47,83,0,13,0,51,6,22,93,18,20,6,6,34,6,10,3,31,56,21,35,7,2,23,7,71,23,33,27,6,31,0,23,0,19,27,79,14,15,16,23,23,3,105,58,12,8,62,12,11,99,14,29,13,1,96,21,0,0,2,10,10,53,28,23,99,5,7,0,16,7,13,0,28,12,58,28,9,68,0,0,0,6,116,0,40,12,0,6,11,12,0,6,0,6,32,6,0,45,8,10,20,2,3,16,23,53,34,85,6,10,10,6,0,61,23,6,25,77,83,7,37,65,67,6,0,28,85,23,31,6,82,12,96,29,64,0,4,6,0,0,13,45,0,1,3,54,60,6,14,0,0,14,10,0,12,19,6,15,6,15,60,10,31,1,21,57,23,99,70,0,0,91,56,2,51,76,8,0,1,56,16,16,30,21,23,22,6,11,25,8,16,6,28,24,0,82,90,8,6,0,15,24,33,93,30,3,3,7,6,0,6,9,8,22,54,70,9,1,0,9,38,4,0,7,80,2,62,61,0,19,19,18,3,36,39,64,7,0,24,94,91,24,80,37,29,23,1,30,0,22,1,18,62,6,11,8,22,7,7,22,6,68,0,7,27,10,6,5,74,82,65,7,1
15,56,42,56,93,105,96,97,75,18,71,65,96,96,3,96,51,19,102,21,2,59,10,96,38,66,28,105,24,98,12,46,0,62,99,42,23,0,86,0,17,96,26,93,22,96,5,20,9,28,97,76,91,6,94,7,20,96,112,27,97,7,96,80,93,105,56,96,28,14,0,101,99,94,96,105,98,7,33,0,96,96,96,41,96,96,101,96,23,0,72,71,13,42,11,92,0,0,102,1,52,28,42,33,89,96,99,95,76,96,51,69,23,82,91,82,61,51,9,96,3,96,85,96,47,96,51,94,96,65,55,86,96,22,10,96,96,96,96,0,52,91,92,14,33,98,94,96,96,69,97,96,98,96,96,45,96,21,94,65,78,100,96,4,0,20,70,91,1,94,20,96,76,48,96,42,55,8,18,15,20,108,3,0,23,23,0,19,0,39,1,20,96,44,66,22,0,23,39,0,27,14,17,0,41,39,20,3,2,5,24,4,66,30,0,0,7,96,0,0,94,0,19,39,0,12,47,23,92,0,42,42,0,5,1,0,20,34,23,13,0,24,96,64,2,42,1,22,20,72,0,12,8,20,0,0,1,27,6,96,86,0,16,15,10,7,10,51,96,0,40,27,20,0,9,59,1,3,4,0,103,7,4,28,24,20,82,0,19,20,1,1,15,22,32,78,15,15,96,0,0,12,0,6,3,24,100,94,0,0,116,4,6,93,0,0,0,96,5,94,0,19,19,80,41,14,15,1,19,37,4,3,1,39,6,0,5,0,23,6,16,2,0,84,19,9,38,0,0,25,15,89,1,17,58,74,0,2,10,5,0,31,96,29,23,26,96,4,58,96,72,96,16,27,57,27,96,97,91,0,96,13,11,76,67,90,13,43,12,0,91,0,3,20,2,5,96,39,6,15,105,0,10,37,38,40,3,80,0,56,1,1,1,0,9,0,9,16,0,0,1,93,19,20,11,99,94,92,0,60,11,67,96,61,22,0,101,9,97,96,3,2,20,91,96,96,85,64,96,100,0,15,104,22,0,96,56,88,13,96,73,0,19,7,39,51,8,16,1,1,39,61,2,96,0,95,0,6,3,10,3,3,20,45,0,14,7,0,21,59,20,3,10,72,17,6,5,14,0,20
40,17,7,17,11,4,11,7,2,56,19,6,10,11,48,11,13,40,2,43,42,20,47,11,57,4,50,4,24,7,45,29,48,13,7,7,24,25,0,26,40,7,46,5,55,11,41,27,20,46,10,2,10,48,8,25,43,6,4,5,10,37,6,0,6,6,2,14,50,40,25,4,9,8,10,6,8,46,43,66,11,8,11,35,11,11,9,8,48,25,10,2,27,54,36,2,30,25,4,25,13,28,50,56,0,10,4,8,10,2,19,0,24,0,9,7,12,5,43,9,9,11,0,6,17,6,39,8,11,35,11,0,8,25,51,11,8,11,7,59,4,14,4,49,42,7,13,11,7,9,10,7,7,11,11,42,4,25,9,23,0,7,11,44,46,14,5,3,51,14,35,8,13,17,11,53,13,25,47,1,25,6,25,51,3,50,40,13,46,54,30,25,7,24,15,43,75,24,53,44,27,59,20,51,56,40,33,16,43,57,45,12,8,1,41,25,24,8,66,66,7,46,56,55,26,25,24,32,12,31,54,43,51,25,51,49,51,24,24,24,46,47,6,11,79,12,23,25,31,13,46,19,42,0,25,47,22,55,43,9,0,26,32,53,47,45,43,2,8,42,15,20,24,54,25,2,28,36,26,25,6,34,46,54,52,56,4,46,23,4,35,43,50,25,51,1,46,25,10,53,60,50,25,45,51,56,6,13,40,40,4,116,40,4,46,41,41,8,55,13,49,24,24,5,34,42,29,38,45,57,47,40,11,11,30,52,55,41,24,48,35,38,51,5,36,22,43,25,59,32,24,13,25,44,0,20,46,53,24,28,25,41,7,41,24,47,10,25,11,8,10,6,63,56,19,24,11,10,3,36,7,38,45,15,0,7,40,22,46,25,14,39,39,41,27,55,11,54,25,10,6,17,41,37,55,56,1,2,25,35,45,51,43,46,47,25,48,58,46,25,40,6,37,35,30,6,13,11,25,0,28,36,7,15,25,46,7,50,3,4,47,10,27,4,7,11,5,30,6,7,42,27,6,4,54,11,9,0,43,7,17,44,32,47,50,13,34,34,43,53,37,11,25,10,30,9,31,46,49,19,64,62,31,31,52,46,43,46,32,38,27,44,39,7,56,50,30,41,46,57
78,2,18,26,5,5,2,5,32,0,10,3,2,2,8,2,18,27,3,77,97,0,67,2,53,23,63,1,0,4,92,2,30,4,4,17,0,0,16,1,69,6,75,17,78,2,95,75,40,67,2,20,8,77,7,89,63,7,7,13,4,20,7,23,7,2,45,4,25,87,2,7,2,3,3,3,3,99,6,6,2,5,2,9,2,2,3,2,73,2,0,8,21,51,12,11,3,0,6,0,2,0,55,61,15,2,15,3,2,9,6,36,0,22,2,23,5,13,94,2,42,2,22,8,34,7,2,7,2,2,6,15,5,0,8,2,5,2,6,26,13,7,10,74,60,2,4,2,2,26,2,8,8,2,2,49,10,0,7,15,18,7,2,95,18,59,5,15,96,4,7,2,22,27,2,52,0,0,84,39,2,6,0,16,43,66,10,45,18,65,2,2,6,0,28,4,30,0,55,14,66,62,18,23,61,10,77,3,99,39,77,51,15,39,15,5,0,2,47,29,8,18,74,63,8,0,31,10,7,43,51,2,23,0,4,95,73,0,0,16,18,71,7,2,53,16,88,0,68,12,16,40,89,34,0,41,42,69,93,4,16,1,23,74,94,99,89,37,5,7,10,59,76,0,92,42,26,49,86,2,6,25,98,79,78,75,23,22,17,49,100,23,77,0,64,25,85,0,3,55,29,2,0,35,48,69,2,4,25,12,6,40,116,19,18,13,15,2,71,4,25,58,0,24,12,22,71,102,90,56,98,96,61,17,21,24,75,13,0,24,28,104,23,8,7,36,54,0,0,11,0,9,0,9,46,15,23,6,3,24,0,9,3,77,0,78,3,0,9,2,23,7,38,23,2,61,2,2,9,8,3,64,92,0,34,3,92,8,97,0,7,30,48,81,27,1,2,54,26,50,0,0,6,68,56,58,59,27,0,16,102,76,101,18,93,2,99,69,18,0,94,12,16,9,96,6,4,5,0,30,15,0,6,0,0,18,2,87,8,10,92,62,18,12,2,2,3,13,7,2,12,20,3,35,0,2,16,14,91,6,11,0,13,26,65,14,15,23,99,8,19,12,0,2,0,12,4,80,97,42,51,79,77,17,22,81,95,18,17,27,75,95,93,2,75,0,23,25,16,77
32,47,25,59,84,88,87,88,67,20,74,48,87,87,5,87,47,7,97,39,14,60,18,87,28,53,46,88,24,89,26,36,3,53,90,28,23,0,76,0,23,87,18,72,35,87,15,29,6,44,88,59,82,23,85,18,29,87,91,15,88,5,87,70,84,96,77,79,28,31,0,84,90,85,87,96,89,20,37,0,87,87,87,37,87,87,92,87,43,0,64,58,15,33,9,89,0,0,89,1,44,28,33,21,77,87,80,86,67,92,55,79,23,72,85,99,47,35,23,87,2,87,73,87,49,87,51,85,87,69,38,78,87,22,7,87,87,87,87,4,31,81,73,31,20,89,85,87,87,86,88,83,91,87,87,28,73,21,84,71,61,90,87,17,0,29,53,83,14,84,16,87,93,49,87,33,58,8,34,29,20,99,3,0,34,33,0,25,0,26,1,20,87,44,71,17,0,23,30,0,36,24,14,0,26,38,29,5,14,9,41,6,76,43,0,0,7,87,2,0,85,0,36,25,0,12,48,19,83,0,33,44,0,5,1,13,29,36,23,13,0,42,87,55,4,52,14,22,29,71,0,10,22,19,0,10,3,44,20,87,76,0,16,32,26,15,24,69,87,0,23,36,29,0,20,69,1,13,17,0,94,7,17,41,34,33,95,0,15,29,14,0,32,22,49,94,31,15,87,0,0,15,0,4,4,41,91,85,0,0,93,4,19,116,0,0,0,87,13,85,0,38,19,103,44,18,25,13,28,25,22,17,14,44,6,0,13,0,23,8,16,14,0,71,16,7,29,0,0,21,15,80,1,13,72,79,3,6,10,1,0,33,87,46,23,39,87,4,35,87,89,87,12,18,61,36,87,88,83,0,87,19,27,77,77,80,27,20,20,0,81,0,3,8,1,5,87,30,6,26,92,2,4,46,29,26,16,72,0,60,13,12,13,0,25,0,22,22,0,0,14,84,13,14,18,90,85,75,0,48,8,63,87,50,22,0,92,21,93,85,16,14,16,85,87,87,68,69,87,91,0,16,93,32,0,87,68,78,29,87,76,0,15,9,56,32,11,14,13,1,29,52,2,87,0,86,0,22,20,10,5,18,29,47,0,27,19,0,21,47,33,16,23,68,32,8,1,12,0,34
26,2,0,0,0,0,0,0,0,27,0,4,1,0,35,0,0,69,0,23,21,54,50,0,23,0,19,0,92,0,23,0,101,0,0,45,93,93,0,92,27,0,23,0,23,0,19,5,23,17,0,0,2,35,0,13,9,0,0,36,0,0,0,0,2,0,0,0,1,18,88,0,0,0,0,0,0,23,8,62,0,0,0,15,0,0,0,3,23,95,41,0,5,23,0,0,98,89,0,93,44,78,23,23,0,1,0,0,15,0,0,0,87,0,7,0,6,27,18,6,18,0,0,0,5,0,0,0,0,5,0,1,0,93,9,0,0,0,0,89,0,0,0,19,15,2,0,0,4,12,0,0,0,0,0,18,0,88,12,8,0,0,0,23,116,2,0,0,27,0,0,3,0,0,0,23,55,93,23,8,93,0,93,109,1,34,108,28,116,23,88,93,0,72,0,8,76,93,23,112,5,50,0,111,23,5,11,61,23,6,19,16,18,0,109,93,93,3,85,83,0,116,23,23,63,93,0,0,0,78,23,5,111,93,22,31,17,76,93,56,116,23,0,0,22,32,13,93,20,0,114,0,21,27,93,93,53,23,23,0,0,94,0,26,23,23,23,0,0,5,0,5,2,59,4,2,0,65,9,93,0,0,23,23,28,23,0,112,14,8,14,0,30,93,23,0,18,93,0,53,81,29,93,83,18,23,2,0,104,6,0,46,18,0,116,109,101,3,63,0,109,7,93,1,0,74,9,16,23,23,23,19,7,10,6,110,59,109,93,102,5,18,111,12,0,0,20,85,54,0,93,0,93,0,0,0,111,20,93,0,93,7,3,19,93,23,0,93,0,3,6,0,7,0,50,13,0,0,0,104,3,32,23,37,0,6,20,1,28,91,0,78,10,21,0,29,0,23,0,0,0,63,25,17,23,23,0,0,93,6,23,49,23,116,23,93,24,22,116,93,19,0,0,0,8,0,0,0,93,0,0,22,0,52,93,116,0,39,1,0,24,5,0,0,4,0,2,0,0,0,110,0,0,3,60,0,11,0,23,0,0,74,5,81,23,20,5,0,24,20,1,0,93,1,88,0,99,30,24,0,75,47,9,24,110,36,23,116,3,22,6,24,16,34,23,33,0,8,114,23
20,7,4,0,0,0,0,0,0,32,0,8,1,0,40,0,4,72,0,16,15,54,53,0,16,4,12,0,92,0,16,4,94,3,0,50,93,98,0,97,20,0,16,2,16,0,12,8,25,12,0,4,2,31,0,16,12,0,0,39,0,5,0,0,6,0,4,0,6,12,91,4,0,0,0,0,0,16,9,62,0,0,0,16,0,0,0,3,16,98,41,0,5,16,5,0,94,94,0,98,49,79,16,16,0,1,4,0,19,0,0,0,91,0,7,0,10,31,12,6,20,0,0,0,5,0,5,0,0,10,4,1,0,94,14,0,0,0,0,84,4,0,4,12,8,2,0,0,4,12,0,0,0,0,0,21,4,93,12,8,4,0,0,16,109,5,4,0,20,0,5,3,0,0,0,16,55,98,16,11,94,0,96,104,5,27,108,31,109,16,91,94,0,72,0,13,71,93,16,112,8,43,2,104,16,6,4,65,16,2,12,17,18,2,106,96,93,3,78,83,0,109,16,16,68,98,0,5,0,73,16,6,104,94,27,24,20,76,93,50,109,16,0,3,27,36,8,94,13,0,109,4,15,31,97,86,57,16,16,0,0,98,5,29,16,16,16,0,0,10,5,9,5,63,0,2,3,69,10,95,0,3,16,16,21,16,0,105,19,7,9,5,23,94,16,0,13,98,0,53,81,34,97,81,18,16,2,0,98,11,0,41,13,0,109,116,104,3,56,0,104,1,93,1,1,71,4,9,16,16,16,15,7,10,11,103,52,115,93,95,11,13,104,16,5,2,18,90,60,5,93,0,98,4,0,0,104,23,97,4,98,8,3,12,93,16,0,98,4,3,6,0,11,5,50,6,0,0,0,110,3,35,16,37,0,10,13,6,21,96,0,77,6,16,4,34,0,16,2,4,0,68,30,20,16,16,2,0,98,7,16,42,16,109,16,95,17,25,109,97,12,0,6,4,1,0,0,4,98,4,5,22,0,52,94,109,0,32,1,0,17,5,5,0,4,0,6,1,0,0,105,4,0,6,64,0,11,0,16,0,0,79,9,76,16,25,8,4,17,25,6,3,96,1,93,0,95,25,17,2,68,40,12,25,105,29,16,109,7,18,0,19,9,34,16,38,5,11,109,16
11,8,10,0,0,0,0,0,0,33,0,10,1,0,41,0,6,76,0,18,16,54,57,0,18,6,22,0,87,0,18,9,96,5,0,55,88,94,0,95,22,0,18,4,18,0,22,20,31,22,0,10,2,34,0,17,16,0,0,42,0,3,0,0,8,0,6,0,14,13,85,6,0,4,0,0,0,18,8,58,0,0,0,15,0,0,0,3,18,96,41,0,0,18,6,0,88,92,0,94,45,78,18,18,0,1,6,4,21,0,0,0,93,0,7,0,12,33,13,6,22,0,0,0,0,0,6,0,0,11,6,1,0,88,11,0,0,0,0,84,6,0,6,22,10,2,0,0,4,12,0,0,0,0,0,25,6,94,12,12,10,0,0,18,101,11,6,0,22,0,6,3,0,0,0,18,55,94,18,18,88,0,88,96,4,29,104,43,101,18,83,88,0,72,0,14,71,88,18,100,20,45,0,106,18,4,14,61,18,8,22,23,22,0,104,96,88,3,80,81,0,101,18,18,68,98,0,6,0,83,18,5,106,88,21,26,24,75,88,51,101,18,0,5,29,38,15,88,23,0,99,2,16,37,93,88,57,18,18,0,0,94,6,33,18,18,18,4,0,7,6,17,17,61,9,4,5,69,17,95,0,5,18,18,23,18,0,97,24,5,19,6,25,88,18,0,15,94,0,51,79,35,93,81,13,18,2,0,89,12,0,41,15,0,101,104,116,3,58,0,106,5,92,1,0,79,14,19,18,18,18,16,0,10,8,105,54,103,88,97,7,15,106,18,10,0,18,86,52,10,88,0,94,5,0,0,96,20,98,6,94,2,3,22,88,18,0,98,6,3,6,0,14,9,50,7,0,0,0,106,3,39,18,37,0,12,15,7,23,92,0,73,8,18,6,28,0,18,0,10,0,62,31,24,18,18,4,0,98,10,18,44,18,101,18,91,19,29,101,93,22,0,3,5,11,0,0,6,90,6,6,17,0,52,88,101,0,34,1,0,19,0,6,0,4,0,8,0,0,0,103,6,0,5,62,0,10,0,18,0,0,75,10,84,18,26,5,6,19,19,14,5,88,1,85,0,89,35,19,4,70,42,16,24,105,31,18,101,5,26,9,21,19,34,18,39,3,14,99,18
18,73,22,62,110,99,113,111,74,14,78,63,112,113,4,113,31,26,102,17,0,65,3,113,54,68,40,106,27,112,11,61,5,79,111,34,26,3,91,3,0,112,32,82,31,113,1,0,14,40,113,56,105,7,111,0,0,111,98,17,111,0,111,87,89,107,60,89,30,21,3,88,111,108,112,106,112,0,46,3,113,111,113,22,113,113,107,116,38,3,78,61,12,59,0,94,3,3,99,4,61,35,58,45,89,112,87,107,92,98,48,57,26,86,106,91,48,34,2,113,0,113,81,107,51,111,44,111,113,83,41,97,113,25,5,113,113,113,112,11,37,107,74,28,24,113,111,113,115,79,113,101,102,113,113,46,77,24,91,76,58,101,113,3,3,0,68,97,0,110,0,116,93,49,113,58,64,11,14,0,23,103,6,3,17,33,3,0,3,40,4,23,111,47,67,15,4,26,55,3,7,21,11,3,49,44,0,1,0,2,18,0,81,29,3,3,10,116,5,4,110,3,36,41,3,15,47,3,108,0,59,54,3,8,2,1,0,37,26,0,3,39,111,81,5,35,0,25,0,61,3,3,8,0,3,3,6,41,7,111,91,3,0,23,7,0,11,57,113,2,20,7,0,3,0,47,0,1,3,3,106,0,3,26,22,33,80,3,0,0,0,0,29,25,45,85,27,18,112,1,9,26,3,2,3,41,112,111,3,0,96,8,2,87,3,3,3,116,3,111,3,10,22,80,57,28,0,0,0,51,8,1,0,53,0,3,3,3,26,3,0,0,3,81,0,0,40,3,3,5,18,106,4,8,58,80,3,9,13,0,3,20,115,19,26,20,112,7,38,116,91,111,5,8,68,7,113,113,101,3,115,0,13,77,57,96,5,25,4,3,107,3,0,21,0,16,113,56,5,0,105,3,2,17,53,51,3,85,3,57,0,2,0,3,4,3,2,14,3,3,0,95,1,0,0,106,111,80,3,61,2,67,112,67,25,3,110,2,98,106,3,1,0,104,115,113,83,75,110,112,3,0,105,13,3,113,57,83,16,112,77,3,0,2,39,32,8,4,0,5,55,68,5,112,3,101,3,12,8,0,3,3,0,36,3,0,0,3,9,70,9,3,0,85,31,2,0,6,3,32
63,2,14,0,3,0,0,0,8,15,0,2,1,0,33,0,14,45,0,70,68,36,101,0,52,0,59,0,40,0,62,0,59,0,0,23,40,40,0,41,80,0,52,6,74,0,66,58,24,59,0,14,5,82,0,54,55,0,6,32,0,6,0,0,4,0,19,0,21,65,40,2,0,0,0,0,0,75,10,28,0,0,0,14,0,0,0,3,62,42,24,5,0,52,2,9,45,40,0,40,23,31,52,60,0,1,5,0,0,0,0,16,40,0,7,15,8,25,66,6,9,0,0,0,7,0,0,0,0,5,2,1,0,40,15,0,0,0,0,48,1,3,5,66,58,2,0,0,4,27,0,0,6,0,0,47,5,40,14,15,14,5,0,69,63,41,2,0,74,0,6,3,15,0,0,52,37,40,71,35,40,2,40,56,21,77,55,56,63,64,35,40,0,40,5,10,64,40,55,59,58,79,0,68,58,2,64,30,70,28,70,21,15,10,56,40,40,3,90,66,0,63,70,62,27,40,0,6,3,40,52,3,68,40,14,78,65,38,40,41,63,62,0,0,43,29,49,40,73,5,61,14,63,14,40,86,38,62,66,0,0,41,17,69,71,71,62,18,0,5,6,53,55,30,56,18,0,81,50,40,0,6,70,74,81,71,12,59,20,31,61,6,74,40,62,10,66,40,0,41,63,4,40,57,27,65,2,0,51,6,5,55,71,13,63,56,58,3,116,0,66,46,40,17,8,33,57,64,76,55,70,65,29,8,7,69,112,56,40,61,22,65,68,12,6,11,49,40,25,7,40,5,40,7,14,0,58,16,40,0,40,8,3,72,40,74,0,40,5,3,23,0,32,22,20,55,0,0,0,51,3,85,62,19,10,6,68,5,81,40,3,49,19,50,1,14,0,55,0,25,0,34,29,62,55,57,22,0,40,18,70,83,71,63,71,40,76,75,63,40,65,8,6,6,61,0,0,2,40,0,1,15,0,21,40,63,0,92,1,0,70,29,14,0,4,0,2,0,0,0,57,11,2,10,30,0,17,4,62,0,0,29,6,55,62,10,0,9,71,11,17,8,40,1,35,7,46,80,71,14,81,89,62,19,67,89,71,63,12,26,58,70,69,19,70,20,1,6,61,73
18,74,20,62,111,97,114,109,72,12,78,61,113,114,2,114,31,31,100,17,0,62,2,114,59,66,43,104,24,110,13,61,2,84,109,31,23,0,91,0,5,110,30,81,36,114,3,2,16,38,113,58,106,5,109,0,2,109,96,15,112,3,109,85,87,105,58,87,32,21,0,86,111,107,113,104,111,3,50,0,114,109,114,22,114,114,108,111,40,0,73,59,12,60,0,92,0,0,97,1,56,32,56,50,89,113,85,105,92,96,48,57,23,84,107,89,46,36,4,108,0,114,79,105,51,109,42,109,114,78,39,97,111,22,10,114,111,114,110,16,35,112,76,33,29,110,116,114,110,81,113,102,100,114,114,44,75,21,89,74,56,99,114,3,0,2,66,95,5,115,0,111,98,49,114,59,61,8,16,0,20,101,3,0,20,38,0,2,0,45,1,20,109,44,65,20,1,23,56,0,9,26,11,0,54,45,2,0,0,4,20,0,81,29,0,0,7,111,2,1,108,0,41,46,0,12,47,1,112,0,60,59,0,5,0,3,2,34,23,2,0,37,109,82,9,33,0,22,0,61,0,3,8,0,0,0,6,46,7,112,91,0,0,27,9,2,11,57,111,5,18,7,2,0,0,49,0,0,3,0,104,0,5,30,24,38,80,0,0,2,0,3,27,22,44,83,32,15,113,3,6,27,0,7,3,46,108,116,0,0,94,13,4,85,0,0,0,111,0,116,0,12,19,82,62,25,0,2,2,56,10,1,0,58,0,0,0,0,23,0,0,0,0,79,0,0,42,0,0,5,15,111,1,13,58,78,0,14,10,0,0,21,110,19,23,24,113,4,36,111,88,109,3,6,65,9,114,113,99,0,110,2,15,76,55,96,5,23,6,0,112,0,0,21,0,13,114,57,5,0,103,0,0,15,58,55,3,83,0,56,2,2,0,0,6,0,5,18,0,0,0,97,3,0,2,104,116,78,0,59,2,63,110,62,22,0,109,4,96,104,6,1,0,102,110,114,81,77,108,110,0,0,103,13,0,114,57,83,14,110,77,0,1,0,37,30,8,4,0,5,56,73,2,113,0,104,0,14,10,0,2,4,2,36,0,0,0,0,11,72,9,3,3,80,36,0,2,6,0,37
19,2,0,2,0,0,0,0,0,27,0,4,1,0,35,0,0,74,0,26,24,54,55,0,26,0,22,0,87,0,26,0,104,0,0,45,88,88,2,89,30,0,26,2,26,0,22,10,26,24,0,0,4,38,2,15,14,0,0,36,0,0,0,0,2,0,0,0,4,21,87,0,0,0,0,0,0,26,8,55,0,2,0,15,0,0,0,3,26,90,41,0,0,26,0,0,91,86,0,88,39,78,26,26,0,1,0,0,15,0,0,0,87,0,7,0,6,27,21,6,20,0,0,0,0,0,0,2,0,5,0,3,0,88,9,0,0,0,0,92,0,0,0,22,18,2,0,0,4,12,0,0,0,0,0,23,0,88,12,8,0,0,0,26,109,5,0,0,30,0,0,3,0,0,0,26,55,88,26,8,90,0,88,102,1,37,101,33,109,26,85,90,0,72,0,8,79,88,26,105,10,53,0,114,26,2,14,56,26,7,22,21,18,0,106,90,88,3,88,86,2,109,26,26,61,88,2,0,0,85,26,5,114,88,19,34,22,71,88,54,109,26,0,0,27,32,17,88,23,0,107,0,24,27,88,96,55,26,26,0,2,89,0,31,26,26,26,0,0,5,0,10,7,56,11,2,0,70,16,90,0,0,26,26,31,26,0,105,14,1,21,0,33,88,26,0,25,88,0,56,84,29,88,86,18,26,2,0,97,6,0,49,25,0,109,104,106,3,66,0,116,8,88,1,0,81,16,19,26,26,26,26,0,12,1,113,62,104,88,105,0,25,114,12,0,2,23,80,49,0,88,0,88,0,0,0,104,20,88,0,88,4,3,22,88,26,0,88,0,3,6,0,12,3,50,13,0,0,0,99,3,37,26,37,0,6,23,1,31,86,0,78,10,28,0,26,0,26,0,0,0,60,25,22,26,26,2,0,88,6,26,52,26,109,26,90,27,27,109,88,22,0,0,0,11,0,0,0,88,0,0,17,0,52,88,109,0,42,1,0,27,0,0,0,4,0,2,0,0,0,103,0,0,0,57,0,6,2,26,0,0,69,0,84,26,20,0,0,27,17,4,0,88,1,83,0,92,37,27,2,78,50,14,24,113,39,26,109,0,23,9,31,19,34,26,33,0,8,107,26
52,36,42,8,11,14,10,11,17,10,11,48,10,10,29,10,53,9,23,70,54,3,50,10,42,13,57,14,0,12,49,26,15,39,14,18,0,15,15,18,66,10,31,21,58,10,56,67,52,52,11,39,11,53,10,38,66,11,17,40,11,39,11,8,28,18,33,10,54,56,21,26,12,12,10,18,12,63,31,3,10,12,10,36,10,10,16,10,55,17,10,58,38,39,23,29,21,19,19,15,10,0,40,44,14,10,20,13,11,16,52,31,0,10,10,32,47,19,58,10,30,10,11,14,7,11,18,10,10,10,40,13,10,0,38,10,10,10,10,11,40,12,27,57,63,12,12,10,10,27,11,15,24,10,10,43,23,0,21,16,37,22,10,53,7,80,39,9,53,11,47,10,30,6,10,39,3,0,69,74,0,21,16,6,53,47,3,50,7,49,16,0,10,0,11,38,15,0,41,3,76,46,28,10,40,14,74,35,56,63,74,51,23,46,4,8,16,10,29,16,10,7,60,48,11,0,10,50,14,11,39,39,10,16,34,50,64,2,0,48,7,50,11,37,20,27,41,0,72,29,5,42,48,51,16,24,9,54,52,11,15,17,65,53,57,54,48,30,10,35,42,69,69,21,60,35,33,33,41,4,18,36,56,64,65,57,36,7,41,63,55,36,57,0,54,28,55,0,11,17,14,17,16,13,9,55,13,12,6,32,19,24,58,38,7,1,5,10,46,12,8,116,0,45,42,14,66,58,75,39,53,55,68,46,33,10,46,1,0,17,60,54,10,8,36,46,47,15,15,39,0,17,15,42,27,9,12,31,0,26,15,45,10,69,0,68,10,0,37,10,28,11,24,48,7,69,10,11,12,0,10,54,49,13,23,12,56,31,55,17,12,3,21,36,32,28,10,40,33,67,16,33,23,68,42,40,48,2,3,16,57,40,56,7,64,16,63,47,7,16,56,28,42,46,60,14,12,21,16,2,38,4,10,7,0,7,14,59,17,13,52,68,46,10,10,10,23,11,11,13,5,57,21,49,20,10,36,23,46,11,15,12,32,25,62,21,38,37,55,32,48,47,16,10,16,22,22,58,50,44,37,58,69,31,9,71,60,7,57,24,75,50,68,10,57,30,27,17,5,58
5,3,5,15,19,19,19,19,19,30,19,6,20,19,35,19,2,52,19,0,0,73,33,19,0,12,4,19,111,19,0,4,78,2,19,58,112,93,17,91,12,19,0,8,0,19,4,4,21,4,19,9,19,14,17,0,0,19,19,35,19,0,19,19,15,19,13,19,4,0,88,13,19,23,19,19,19,0,14,59,19,17,19,21,19,19,19,22,0,93,60,7,10,0,0,19,93,89,19,94,56,96,0,0,19,20,13,23,28,19,7,19,100,19,26,19,8,30,0,25,22,19,19,16,19,19,11,17,19,17,1,18,19,111,9,19,19,19,19,67,0,19,5,4,0,21,19,19,23,31,19,19,19,19,19,1,5,100,31,31,9,19,19,0,93,0,2,19,4,19,0,22,19,18,19,0,74,97,0,11,109,19,96,89,0,11,97,27,93,0,89,109,19,91,19,8,54,112,0,93,4,27,3,88,0,16,4,61,0,4,4,18,41,4,97,97,100,22,62,64,17,93,0,0,67,109,15,0,19,65,0,11,88,98,22,8,0,99,112,50,93,0,19,2,6,37,4,111,13,11,93,0,0,31,93,70,41,0,0,19,17,93,0,9,0,0,0,19,19,5,0,4,4,59,4,23,0,48,4,97,19,0,0,0,5,0,17,89,18,9,4,0,7,111,0,19,0,104,19,34,62,30,93,63,0,0,21,19,83,6,19,24,0,19,93,93,92,22,40,19,88,0,116,20,6,62,4,4,0,0,0,0,5,13,10,87,36,93,112,79,9,0,88,25,4,0,0,85,54,4,104,19,94,0,19,19,88,22,107,0,93,11,22,4,112,0,19,101,1,22,25,19,0,0,69,1,19,19,19,97,22,23,0,56,11,19,0,1,5,91,19,63,10,0,0,30,19,0,2,4,19,63,25,0,0,0,4,19,97,28,0,26,0,93,0,93,1,5,93,93,4,19,0,0,4,19,19,13,93,8,0,41,19,71,111,93,19,16,20,19,1,3,0,19,23,19,7,18,19,19,97,0,19,3,60,19,32,17,0,19,19,78,9,67,0,20,5,0,1,20,4,2,95,20,88,19,93,17,1,4,52,24,0,34,88,13,0,93,3,23,4,3,4,53,0,33,0,12,93,0
38,40,26,60,77,78,80,81,71,23,75,38,80,80,9,80,50,6,92,43,19,59,24,80,25,45,44,80,25,82,22,29,3,50,84,18,24,1,73,1,28,80,12,61,41,80,23,34,6,37,81,64,75,27,78,18,30,81,78,6,80,5,81,64,72,88,80,71,28,39,1,71,82,78,80,88,82,22,39,1,80,80,80,37,80,80,86,80,42,1,58,58,16,26,10,95,1,1,79,2,38,29,27,27,74,80,67,79,60,84,54,85,24,66,78,102,36,33,29,81,8,80,67,81,53,81,45,78,80,67,25,77,80,23,9,80,80,80,80,8,21,78,65,40,26,82,82,80,80,96,81,75,94,80,80,21,60,22,74,79,62,92,80,22,1,34,41,77,20,81,14,80,100,50,80,26,59,9,40,32,21,86,4,1,28,32,1,32,1,32,2,21,80,45,75,13,6,24,24,1,41,34,17,1,22,38,34,6,19,17,47,11,86,40,1,1,8,80,8,3,78,1,43,31,1,13,49,14,80,1,26,43,1,6,4,20,30,37,24,11,1,37,81,48,5,44,18,23,32,75,1,15,19,20,1,11,8,41,25,81,73,1,19,42,34,21,21,77,80,2,14,39,34,1,22,75,2,19,22,1,87,3,25,46,36,40,88,1,20,32,20,1,40,23,41,88,40,16,81,3,0,14,1,3,5,38,83,82,1,0,80,5,24,103,1,1,1,80,17,82,1,45,20,116,51,21,31,21,35,22,30,22,19,54,11,1,17,1,24,8,19,19,1,65,15,9,25,1,1,20,16,87,2,15,77,77,4,8,11,0,1,32,80,47,24,49,80,5,22,80,94,81,10,9,64,41,80,81,76,1,80,25,26,76,69,73,31,7,24,1,78,2,8,5,2,4,80,23,7,22,82,5,5,37,25,23,22,66,1,69,20,13,19,1,33,1,25,24,1,1,19,94,12,12,23,82,82,63,1,42,10,59,80,44,23,1,84,27,86,77,21,19,19,80,80,80,62,71,81,83,1,19,83,31,1,80,68,81,23,81,75,1,13,16,48,23,12,13,18,5,22,58,3,80,1,88,1,30,27,13,11,26,34,52,1,31,23,1,27,44,37,21,24,64,40,11,7,11,1,41
27,84,20,40,63,43,60,55,34,21,55,60,59,60,45,60,61,14,46,24,7,28,8,60,41,13,37,50,6,56,4,72,3,82,55,7,6,16,38,18,13,56,8,33,44,60,10,10,36,37,59,34,58,12,55,7,3,55,43,23,58,43,55,31,36,51,34,33,71,28,22,33,57,57,59,50,57,10,90,20,60,55,60,50,60,60,54,57,31,15,26,67,55,38,36,54,17,20,43,17,28,19,34,46,36,59,33,55,41,42,77,27,4,30,58,58,48,2,12,54,27,60,25,54,46,55,34,55,60,70,28,44,57,7,57,60,57,60,56,22,34,66,32,42,24,56,62,60,56,52,59,48,56,60,60,22,31,5,40,68,32,57,60,11,0,26,55,41,14,63,44,57,67,26,60,37,27,2,24,29,5,47,20,6,28,36,1,10,0,40,23,5,55,22,47,59,25,6,40,1,17,34,32,0,39,53,10,24,7,52,28,20,60,43,1,9,22,57,10,8,54,0,48,42,17,2,38,44,64,0,38,102,0,22,46,12,5,19,6,23,0,28,55,80,29,6,9,7,8,51,1,52,6,28,17,0,14,37,7,58,38,17,50,35,17,10,3,39,57,51,23,15,10,36,7,29,45,8,11,5,50,41,14,38,32,46,41,0,35,21,9,47,36,7,35,42,40,1,59,10,12,63,17,7,20,43,54,62,0,45,41,34,12,44,0,1,0,57,8,62,0,42,6,51,116,31,8,10,10,42,17,7,29,87,44,0,8,1,6,0,46,7,0,31,34,49,25,16,35,38,6,67,17,59,26,54,0,55,1,44,16,64,56,27,6,32,59,2,26,57,65,55,20,44,45,17,60,59,45,1,56,10,7,42,22,48,13,27,14,18,66,0,27,0,43,60,60,41,50,20,49,26,30,7,42,41,30,29,4,63,9,0,8,0,14,17,12,26,0,17,8,59,43,45,10,50,62,25,17,10,46,40,56,27,7,0,55,12,42,50,14,29,44,48,56,60,36,68,54,56,1,47,49,30,35,60,30,38,5,56,54,24,27,15,28,5,49,47,7,51,66,85,19,59,22,60,17,23,19,45,11,13,10,53,1,8,8,0,62,50,16,11,11,33,45,35,39,29,1,46
33,26,4,11,25,14,25,24,4,22,22,10,24,25,16,25,10,56,21,35,20,24,26,25,46,1,49,19,57,24,23,22,76,25,24,39,58,59,17,60,13,24,29,14,46,25,25,13,27,52,25,11,28,28,27,10,9,24,17,17,24,5,24,6,11,21,7,4,38,37,58,9,25,28,24,20,24,21,19,50,25,27,25,11,25,25,21,28,45,59,39,9,7,46,6,21,62,57,14,59,44,67,46,46,14,24,11,28,40,18,15,0,57,6,25,21,1,13,19,29,29,25,3,24,8,24,8,27,25,36,0,24,25,59,7,25,25,25,24,85,0,25,9,50,22,25,25,25,27,24,25,14,21,25,25,33,9,59,14,33,11,21,25,24,74,4,13,19,21,25,6,28,25,6,25,45,31,59,34,4,61,18,59,81,12,50,76,24,74,42,66,61,24,42,10,1,58,58,46,72,20,60,3,79,46,20,17,33,21,19,40,24,47,3,81,65,58,28,57,65,26,74,46,42,48,63,7,6,25,78,46,26,79,59,14,23,17,45,58,31,74,46,24,25,31,23,20,59,19,12,74,8,23,31,59,61,43,43,24,24,17,60,6,45,28,21,24,25,25,7,3,20,10,37,15,6,5,41,23,65,21,5,24,43,38,46,12,70,14,4,24,6,53,59,46,18,44,59,25,52,67,50,59,56,20,46,26,25,66,8,14,42,22,18,74,71,79,28,33,25,81,14,62,21,31,116,19,22,21,46,28,22,0,38,10,78,29,71,58,74,10,20,79,17,10,7,37,51,40,10,58,25,59,11,0,22,74,5,62,5,59,10,27,44,58,40,24,63,0,28,31,24,13,9,62,17,25,25,19,74,27,14,26,36,0,23,23,4,24,57,25,48,19,23,5,27,25,46,8,4,19,33,12,24,46,46,9,7,63,27,21,31,21,74,25,61,24,25,74,59,25,21,6,6,14,21,25,0,59,5,6,9,24,56,59,74,24,28,19,19,24,0,6,22,27,25,14,28,24,25,78,5,19,0,38,25,19,16,26,25,20,60,9,73,41,19,5,9,21,13,36,21,59,24,64,21,63,42,28,11,54,30,9,41,80,25,21,74,9,51,22,26,22,46,46,18,5,18,74,46
63,0,46,15,3,12,0,2,30,18,8,17,0,0,11,0,44,12,13,76,78,0,56,0,40,15,60,9,0,2,73,5,19,0,3,16,0,0,8,1,87,0,53,16,63,0,86,100,31,65,1,46,5,77,2,52,84,0,12,15,0,10,0,11,17,9,38,13,28,62,2,18,3,6,0,9,2,77,3,17,0,4,0,34,0,0,5,0,55,2,0,28,25,40,33,21,3,0,9,0,2,0,40,51,9,0,14,8,1,11,15,52,0,13,0,22,21,26,83,0,35,0,18,3,21,0,15,2,0,0,29,6,0,0,7,0,0,0,0,13,32,3,30,68,76,2,0,0,0,16,1,2,13,0,0,50,27,0,11,15,46,14,0,76,9,81,22,6,78,0,25,0,18,15,0,40,0,8,80,55,2,9,0,9,33,51,9,75,9,54,2,2,1,0,22,11,21,0,43,5,95,49,34,14,44,24,106,10,80,43,83,65,17,29,14,6,0,0,38,22,2,9,61,53,4,4,21,26,4,35,40,0,14,0,5,74,78,6,0,23,9,56,0,0,35,33,71,0,99,38,7,23,70,48,0,32,26,53,72,0,8,1,35,58,81,84,68,33,0,11,34,92,99,0,87,58,16,45,69,14,6,8,75,68,68,64,21,9,48,71,83,14,62,0,56,17,64,0,0,33,20,0,0,12,29,56,4,0,8,10,15,29,71,25,9,4,14,0,57,0,16,66,4,31,8,19,116,79,93,45,75,81,51,11,25,15,57,4,0,23,44,79,14,9,37,22,46,0,0,41,8,5,0,14,36,6,14,0,4,20,0,19,0,79,0,75,0,12,30,0,21,0,55,44,0,84,0,1,4,7,0,76,67,3,48,5,85,25,74,0,3,5,51,60,17,1,0,43,16,52,11,6,16,75,44,44,48,13,12,21,77,60,80,9,88,2,76,60,9,0,83,19,19,23,87,6,0,21,0,15,30,5,0,0,0,9,5,75,11,2,75,50,44,2,0,0,25,5,1,4,11,29,6,41,0,0,28,22,66,0,8,4,39,36,62,31,11,12,79,3,21,13,0,0,0,9,4,75,74,35,46,69,98,30,13,80,86,9,29,26,84,77,85,0,64,10,31,23,7,61
80,0,16,30,3,8,0,4,36,0,18,3,0,0,8,0,12,21,0,81,103,0,58,0,49,28,66,1,0,2,94,4,28,2,2,18,0,0,20,1,61,4,77,9,71,0,107,73,47,68,0,18,4,78,3,81,53,5,1,8,1,16,5,29,3,0,41,7,24,87,0,4,0,5,1,1,1,93,4,12,0,1,0,4,0,0,1,0,70,2,0,10,29,47,18,8,5,0,11,0,2,0,51,59,23,0,8,6,0,11,11,42,0,28,0,21,3,8,98,0,52,0,30,6,41,5,7,3,0,0,3,13,3,0,3,0,3,0,4,22,18,5,6,81,53,0,2,0,0,25,0,12,5,0,0,46,5,0,3,17,16,5,0,101,16,53,3,19,100,2,1,0,20,35,0,48,0,0,85,39,0,1,0,16,39,60,16,44,16,58,0,0,5,0,32,2,28,0,51,12,64,58,24,21,54,12,77,3,105,53,78,61,17,47,17,7,0,0,45,27,4,16,70,57,12,4,37,4,5,50,47,2,21,0,6,99,63,4,0,12,16,70,5,0,53,13,98,0,68,16,14,36,95,32,0,39,43,65,99,2,20,1,19,68,96,103,95,43,3,14,4,57,74,0,90,50,34,45,96,4,3,21,104,71,69,73,23,20,16,49,110,31,73,0,60,31,80,0,1,59,27,0,0,27,54,65,0,2,24,20,1,38,102,13,16,9,19,0,64,2,19,58,4,21,10,22,79,116,82,54,100,98,71,18,33,22,68,9,0,22,28,106,21,13,5,30,46,0,0,9,0,7,0,4,54,19,21,6,7,30,0,3,1,75,0,71,1,4,4,0,21,5,40,18,0,55,0,0,15,12,1,55,94,0,40,1,94,3,88,0,5,28,58,83,35,1,0,50,34,50,2,0,1,58,52,52,69,31,4,15,108,79,107,16,95,0,93,60,16,0,108,10,10,3,96,7,2,3,0,34,20,0,4,0,0,16,0,78,9,10,98,72,12,12,0,0,3,16,6,0,18,16,3,41,0,0,21,20,93,4,17,4,11,32,60,8,21,19,105,8,21,10,0,0,0,8,6,76,99,40,49,77,67,11,20,76,101,16,12,31,77,97,95,0,74,0,29,24,14,70
70,0,39,8,3,8,0,1,25,10,1,16,0,0,11,0,39,26,13,83,85,0,75,0,56,13,69,8,0,2,82,1,33,2,4,17,0,0,1,1,92,0,62,21,81,0,89,95,28,66,1,41,3,86,0,67,87,1,17,19,1,15,1,8,18,8,39,11,28,71,0,20,2,2,0,8,2,96,5,7,0,2,0,30,0,0,6,0,70,2,0,25,18,54,16,21,5,0,5,0,2,0,55,64,2,0,18,3,1,6,11,43,0,10,0,22,22,26,92,0,22,0,13,4,14,1,11,0,0,0,23,1,0,0,13,0,0,0,0,29,26,5,27,73,80,2,2,0,0,17,1,1,14,0,0,61,23,0,13,9,39,13,0,83,23,80,15,1,87,2,28,0,20,8,0,54,0,0,90,54,0,11,0,21,30,69,15,69,23,72,0,0,0,0,17,14,35,0,58,19,90,65,19,28,63,10,103,10,87,38,93,44,15,22,16,0,0,0,52,36,0,23,77,70,0,0,12,31,6,32,54,2,28,0,3,84,97,2,0,30,23,67,1,0,43,28,64,0,94,23,21,28,77,47,0,46,33,69,79,1,1,1,38,72,92,93,75,24,0,4,31,83,94,0,78,47,9,57,64,0,8,11,86,87,88,78,22,23,38,68,78,7,77,0,69,14,73,0,1,44,34,0,0,34,36,72,3,2,22,2,19,45,90,28,23,16,18,0,76,2,26,75,0,35,10,21,93,82,116,59,86,84,46,11,14,29,76,16,0,36,43,82,28,4,28,25,66,0,0,32,0,7,0,20,29,1,28,2,0,11,0,21,0,88,0,93,0,0,26,0,21,1,44,40,0,87,0,1,0,11,0,79,78,3,33,4,90,21,94,0,5,20,30,63,10,1,0,57,9,51,8,6,13,92,59,62,35,8,0,21,88,69,87,23,99,0,98,78,23,0,82,20,26,26,86,4,2,22,0,10,22,5,0,0,0,23,4,96,7,1,82,45,39,0,0,0,17,3,1,3,17,32,9,32,0,0,22,11,75,1,1,0,30,41,77,28,6,17,86,5,17,14,0,0,0,12,6,83,84,34,60,85,101,29,27,97,91,23,35,31,79,80,94,0,77,10,20,13,21,80
71,54,16,6,57,37,54,49,22,1,22,35,53,54,5,54,10,56,40,71,57,4,49,54,111,24,89,44,0,50,65,44,33,56,49,17,0,0,33,1,52,50,82,35,93,54,57,41,36,88,53,25,54,59,51,36,42,49,39,17,52,3,49,25,35,45,10,27,49,74,0,32,51,51,53,44,51,60,27,7,54,51,54,0,54,54,48,51,88,2,30,26,5,108,5,38,5,0,37,0,35,4,104,110,33,53,34,49,53,36,15,2,0,24,49,29,20,16,58,48,5,54,23,48,13,49,8,51,54,32,23,39,51,0,11,54,51,54,50,43,25,60,33,89,78,50,56,54,50,23,53,42,40,54,54,86,32,0,31,26,23,41,54,63,23,24,38,39,65,57,0,51,38,5,54,107,3,0,75,11,0,41,0,21,26,92,15,24,23,102,0,0,49,0,9,14,32,0,110,19,48,78,2,28,111,16,47,0,59,30,73,20,31,10,16,0,0,51,49,36,50,23,95,104,1,0,2,1,58,24,108,34,28,0,1,63,52,0,0,13,23,89,49,54,52,5,39,0,45,9,21,6,64,5,0,36,26,94,59,52,33,1,6,78,68,61,63,26,51,8,18,41,38,0,38,7,3,34,44,0,44,0,65,87,79,97,22,23,3,14,51,10,85,0,92,23,86,0,53,40,40,23,0,32,29,100,48,56,21,3,37,57,56,25,23,16,18,51,55,56,26,39,0,22,42,46,45,54,59,116,68,55,20,33,6,29,55,16,0,29,11,54,28,31,1,1,89,0,0,0,0,51,0,13,2,22,25,11,0,3,0,4,50,72,0,81,53,0,23,51,36,49,36,25,23,45,54,53,39,11,50,43,67,18,7,44,61,23,61,0,60,19,18,71,2,13,54,111,6,11,43,0,0,60,112,113,15,27,0,16,61,54,59,23,65,0,62,67,23,0,56,43,3,0,44,44,56,24,0,25,3,10,50,33,0,23,49,59,36,44,66,18,3,42,50,54,35,29,48,50,17,2,43,2,0,54,18,29,66,50,17,0,1,27,85,18,0,6,59,6,72,49,0,53,0,44,6,66,70,3,50,62,45,19,27,57,59,23,7,79,49,61,53,37,96,0,5,1,21,95
95,8,9,29,11,11,8,13,39,1,21,2,8,8,8,8,9,30,9,89,103,1,65,8,63,23,73,4,0,9,102,4,35,10,10,2,0,0,19,1,65,11,92,1,84,8,105,69,46,74,8,11,11,87,11,76,57,12,4,4,8,7,12,28,6,9,44,9,27,93,0,1,8,8,8,10,8,91,9,11,8,9,8,1,8,8,10,8,86,2,4,9,25,62,16,17,5,0,12,0,6,0,66,73,24,8,5,10,8,18,12,39,0,29,8,30,2,3,98,8,36,8,31,10,40,12,5,11,8,8,2,17,11,0,3,8,11,8,11,33,15,12,3,87,59,8,10,8,8,33,8,11,14,8,8,51,0,0,3,19,9,13,8,108,23,50,1,27,103,9,1,8,28,34,8,62,1,0,91,29,0,10,0,21,33,73,15,40,23,72,0,0,12,0,39,3,35,0,66,19,60,72,26,28,67,1,73,0,105,48,78,48,21,47,16,0,0,8,54,34,11,23,85,72,8,0,32,1,13,46,62,8,28,0,2,106,67,0,0,12,23,85,12,8,62,11,83,0,64,15,21,30,103,25,0,46,44,79,105,9,19,1,12,82,110,107,101,43,11,10,1,53,64,0,74,45,31,49,89,0,10,12,111,84,76,86,24,27,9,42,97,25,87,0,75,31,86,0,9,66,34,4,0,32,59,80,9,10,31,16,4,47,98,22,23,16,18,8,70,10,26,53,0,30,17,28,75,100,86,68,116,100,65,22,26,29,74,16,0,30,17,100,28,17,2,26,53,0,0,2,0,15,0,6,49,27,28,8,0,29,0,3,8,81,0,83,8,0,1,8,28,12,48,19,7,57,8,8,18,11,8,58,106,4,39,6,100,3,93,0,12,28,48,83,31,3,8,65,34,39,9,0,0,62,67,66,60,38,0,15,106,87,105,23,103,0,95,68,23,0,101,19,7,3,84,16,10,2,0,36,22,1,11,3,0,23,9,83,18,13,104,63,9,20,8,8,2,24,13,8,17,7,8,40,0,8,12,21,103,12,16,0,1,32,76,0,19,12,104,8,24,19,0,8,0,15,6,76,113,26,54,83,71,16,27,76,101,23,10,35,63,103,79,8,88,1,30,13,21,84
87,1,13,37,4,10,1,6,39,3,21,5,1,1,8,1,15,22,4,89,111,1,62,1,50,28,61,1,0,2,95,1,29,1,3,7,0,0,23,0,63,4,79,8,70,1,99,69,44,67,1,13,6,81,6,80,57,5,1,4,1,13,5,29,7,4,44,11,17,87,2,6,1,1,1,5,1,95,3,8,1,4,1,6,1,1,5,1,73,0,1,13,31,51,21,11,4,0,15,0,3,0,55,59,26,1,4,3,1,13,18,45,0,30,1,24,7,8,98,1,50,1,34,3,40,5,11,6,1,1,7,19,4,0,2,1,4,1,4,24,22,3,6,73,55,1,1,1,1,23,1,10,8,1,1,52,5,0,4,13,13,7,1,106,19,50,4,18,97,0,6,1,18,36,1,51,1,0,85,38,2,5,0,18,34,60,12,40,19,60,2,2,5,0,33,3,31,0,55,16,60,58,31,24,54,14,71,3,109,44,72,56,11,49,17,3,0,1,47,31,6,19,71,60,8,0,44,6,4,47,51,1,24,1,9,97,67,0,0,11,19,74,5,1,55,14,90,0,64,21,20,36,105,33,1,42,44,64,103,2,23,0,22,70,98,101,99,35,4,17,6,57,64,0,86,49,37,49,95,3,5,18,103,72,68,72,28,23,15,41,103,30,75,0,64,32,76,1,2,59,31,0,0,24,62,67,2,1,29,23,3,40,96,17,19,15,16,1,65,1,26,55,0,22,7,22,81,98,84,55,100,116,73,20,37,25,69,15,0,28,28,108,24,14,5,39,46,0,0,9,0,5,0,3,57,18,24,4,0,31,0,10,1,73,0,73,1,0,6,1,20,5,52,22,0,56,1,1,15,12,1,56,96,1,44,1,94,1,89,0,3,25,61,91,37,0,1,54,37,53,4,0,0,65,54,53,64,29,1,10,106,83,107,19,97,3,91,61,19,0,105,11,3,8,78,9,1,7,1,31,25,1,4,0,0,19,2,77,13,10,102,71,15,11,1,1,5,15,6,1,16,19,5,50,0,1,24,29,94,5,20,1,11,30,67,6,26,20,108,4,16,11,0,1,0,5,3,72,97,35,50,77,71,10,24,82,107,19,11,22,71,107,85,1,74,3,26,21,20,70
64,24,24,34,1,7,0,5,34,7,20,28,0,0,29,0,25,5,1,50,77,0,30,0,19,29,32,0,5,1,62,23,10,25,2,9,5,20,22,18,33,3,46,6,34,0,68,45,61,32,0,9,1,46,3,54,33,4,1,28,0,44,4,28,4,1,39,8,29,55,25,3,0,0,0,2,0,61,23,14,0,1,0,15,0,0,2,0,38,20,0,35,64,16,34,6,24,20,12,20,5,0,20,24,27,0,6,2,0,10,40,43,0,29,0,21,28,6,63,0,64,0,31,2,46,4,8,3,0,0,20,16,3,5,34,0,3,0,3,2,44,2,4,42,25,0,0,0,0,22,0,11,5,0,0,19,3,0,3,12,9,6,0,73,7,62,19,19,64,1,33,0,17,37,0,16,0,5,47,58,5,2,24,7,57,25,10,28,7,22,24,5,4,0,30,26,8,5,18,10,36,23,53,2,18,18,45,38,75,55,38,70,8,85,5,14,21,0,15,19,3,7,34,23,32,5,43,33,1,27,16,25,2,22,46,64,31,5,5,22,7,39,4,25,27,13,63,5,38,18,8,60,70,47,22,16,27,31,70,1,22,21,39,36,60,67,66,34,3,51,25,46,43,22,63,44,70,30,81,10,2,47,70,34,32,36,29,11,26,63,73,51,40,5,29,31,39,6,1,49,18,15,21,15,48,30,1,0,19,53,1,11,61,14,7,7,0,0,29,0,0,68,5,19,29,0,51,71,46,20,65,73,116,38,64,2,33,8,5,3,55,73,2,13,21,68,30,20,28,19,5,4,20,31,58,19,12,38,5,63,20,36,0,39,5,35,0,5,20,0,19,4,27,25,1,30,0,0,14,9,0,30,63,0,41,0,59,23,51,22,2,20,46,54,68,37,0,17,73,66,3,36,20,31,17,18,87,30,9,6,72,50,73,7,59,22,57,27,7,21,76,6,34,36,59,8,0,4,25,32,51,5,3,0,5,7,1,41,10,9,69,111,30,12,0,0,4,14,5,0,8,44,4,75,21,0,28,24,61,4,19,21,28,9,30,4,57,40,74,43,29,29,24,0,24,4,23,37,64,57,19,42,43,6,2,44,69,7,37,6,52,68,54,0,39,24,53,26,8,35
32,71,26,49,59,42,56,51,42,3,57,59,55,56,29,56,56,10,47,30,17,36,8,56,32,18,29,49,13,52,8,57,12,80,53,6,13,25,54,27,13,52,13,40,38,56,17,10,50,30,55,39,59,12,55,13,3,53,42,23,54,33,53,43,33,48,42,33,48,35,33,34,54,53,55,47,53,15,66,7,56,55,56,32,56,56,52,53,34,25,27,68,46,31,19,56,27,29,44,25,22,23,29,38,48,55,31,51,39,47,71,31,13,42,53,54,47,8,17,50,47,56,37,52,47,53,15,55,56,45,30,56,53,13,37,56,53,56,52,26,37,60,34,43,24,52,58,56,52,57,55,50,53,56,56,18,31,13,35,61,37,52,56,18,10,26,56,49,18,57,27,53,63,29,56,30,39,10,27,30,15,44,26,13,35,32,10,10,10,34,31,15,51,29,45,38,9,13,35,10,17,36,31,10,31,35,10,33,15,40,24,40,71,53,12,21,29,53,20,14,54,10,41,34,30,10,35,27,60,13,31,77,10,30,32,16,5,26,13,33,10,31,53,78,14,10,17,13,8,50,11,43,17,42,27,0,28,30,16,56,54,26,35,36,21,15,12,48,53,38,16,15,10,21,18,42,37,8,22,17,48,30,21,32,26,38,46,14,20,23,18,38,38,13,29,54,44,11,57,22,18,41,26,19,12,36,51,58,17,34,39,11,17,44,10,10,10,53,8,58,12,46,13,54,87,38,11,18,11,33,22,20,38,116,37,10,12,10,13,10,32,17,10,40,16,44,20,25,18,22,13,63,25,40,38,52,10,40,10,33,25,49,52,27,13,30,55,10,27,53,60,53,8,22,48,17,56,55,55,11,52,10,12,50,31,45,14,15,16,27,60,16,22,11,36,36,56,34,40,28,48,35,15,7,36,32,41,37,14,41,17,6,16,10,18,29,18,22,10,26,15,58,28,30,15,48,58,26,27,23,33,27,52,23,13,10,52,10,47,48,21,39,27,54,52,56,37,53,52,53,11,34,51,44,20,56,33,51,10,54,55,22,13,21,21,1,44,39,15,34,50,84,26,55,29,57,26,21,20,37,20,16,10,33,10,10,15,10,46,44,21,20,15,32,40,20,27,22,11,38
32,24,49,38,3,10,0,4,31,52,32,22,0,0,62,0,40,5,6,28,35,0,13,0,1,28,7,1,5,0,18,42,2,19,1,13,6,20,19,18,12,2,18,5,7,0,30,22,41,9,1,20,3,15,2,39,16,3,3,28,0,73,3,20,9,6,22,23,46,23,19,8,2,4,0,5,0,20,44,46,0,0,0,32,0,0,6,0,8,20,0,29,68,0,76,13,18,20,15,20,15,5,3,10,22,0,5,5,4,13,50,25,3,22,0,10,33,20,29,0,70,0,27,2,49,3,53,2,0,22,33,14,2,6,68,0,2,0,2,6,43,4,9,19,11,0,0,0,0,11,1,8,10,0,0,5,8,4,1,32,20,11,0,34,6,30,13,14,23,1,71,0,4,46,0,0,0,9,20,57,6,5,20,12,38,4,13,25,6,11,25,6,3,0,39,57,33,6,4,9,20,7,61,1,3,44,17,37,33,79,17,46,13,52,10,20,17,0,7,15,2,6,7,12,49,13,47,65,4,17,0,36,1,18,78,25,18,10,6,27,6,9,3,19,50,12,43,6,17,33,7,79,31,45,20,1,34,0,29,1,19,19,71,15,31,25,25,30,2,82,44,30,20,42,27,30,82,18,48,14,5,73,31,12,9,9,11,10,57,49,37,80,14,6,0,16,14,10,1,33,14,44,19,12,64,3,3,0,14,85,6,30,21,6,6,11,8,0,7,0,1,33,10,11,44,10,25,33,14,6,26,37,64,37,116,0,11,12,6,5,83,33,1,15,67,82,11,28,57,59,6,4,20,66,30,27,6,62,13,77,20,61,0,21,6,13,0,13,33,0,8,3,56,51,2,22,0,1,13,17,0,11,22,0,23,5,30,46,22,22,4,23,74,25,82,60,0,3,80,52,5,38,51,9,3,5,68,18,17,45,30,16,31,6,25,18,16,21,6,19,38,13,68,72,21,10,0,16,23,31,75,26,2,0,6,6,2,10,13,8,31,59,66,8,0,0,6,32,4,1,11,76,6,57,43,0,29,27,20,3,32,44,67,24,6,21,87,82,32,71,31,30,20,0,27,4,17,13,25,73,8,12,16,32,1,19,35,6,67,8,23,33,21,0,12,59,67,62,7,8
22,2,0,0,0,0,0,0,0,27,0,4,1,0,35,0,0,73,0,29,27,54,56,0,29,0,25,0,87,0,29,0,105,0,0,44,87,87,0,88,33,0,29,0,29,0,25,11,26,23,0,0,2,41,0,16,15,0,0,36,0,0,0,0,2,0,0,0,4,24,85,0,0,0,0,0,0,29,8,56,0,0,0,15,0,0,0,3,29,89,41,0,0,29,0,0,92,85,0,87,38,78,29,29,0,1,0,0,15,0,0,0,87,0,7,0,6,26,24,6,18,0,0,0,0,0,0,0,0,5,0,1,0,87,9,0,0,0,0,93,0,0,0,25,21,2,0,0,4,12,0,0,0,0,0,24,0,87,12,8,0,0,0,29,110,5,0,0,33,0,0,3,0,0,0,29,55,87,29,8,87,0,87,103,1,38,102,34,110,29,82,87,0,72,0,8,80,87,29,106,11,56,0,115,29,0,17,56,29,9,25,19,18,0,103,87,87,3,91,87,0,110,29,29,60,87,0,0,0,82,29,5,115,87,19,37,23,70,87,56,110,29,0,0,26,31,16,87,26,0,108,0,27,27,87,97,56,29,29,0,0,88,0,32,29,29,29,0,0,5,0,11,8,56,10,0,0,71,15,87,0,0,29,29,34,29,0,106,14,3,20,0,36,87,29,0,24,87,0,57,85,28,87,87,21,29,2,0,98,6,0,52,24,0,110,103,105,3,69,0,113,10,87,1,0,78,15,22,29,29,29,25,2,10,0,116,65,103,87,108,0,24,115,12,0,0,26,79,48,0,87,0,87,0,0,0,105,20,87,0,87,2,3,25,87,29,0,87,0,3,6,0,13,3,49,16,0,0,0,98,3,38,29,37,0,6,26,0,34,85,0,79,9,27,0,26,0,29,0,0,0,60,24,23,29,29,0,0,87,6,29,55,29,110,29,87,30,28,110,87,25,0,0,0,14,0,0,0,87,0,0,17,0,52,87,110,0,45,1,0,30,2,0,0,4,0,2,0,0,0,104,0,0,0,56,0,6,0,29,0,0,68,0,85,29,19,0,0,30,17,4,0,87,1,82,0,93,36,30,0,81,53,15,24,114,42,29,110,0,26,12,30,22,34,29,33,0,6,108,29
67,2,14,4,3,0,0,0,12,15,4,2,1,0,33,0,14,41,0,72,72,36,97,0,52,0,59,0,36,0,66,0,55,0,0,19,36,36,4,37,80,0,56,6,74,0,70,58,28,59,0,14,5,80,0,58,55,0,6,28,0,8,0,4,4,0,23,0,21,69,36,2,0,0,0,0,0,77,10,32,0,0,0,14,0,0,0,3,66,38,20,5,4,52,2,9,41,36,0,36,19,27,52,60,4,1,5,0,0,2,0,16,36,4,7,15,8,21,68,6,13,0,4,0,11,0,0,0,0,5,2,5,0,36,15,0,0,0,0,44,1,3,5,70,58,2,0,0,4,31,0,0,6,0,0,47,5,36,14,19,14,5,0,73,59,41,2,4,78,0,6,3,15,4,0,52,33,36,75,35,36,2,36,52,25,73,51,56,59,64,31,36,0,36,9,10,60,36,55,55,58,75,2,64,58,2,64,28,74,30,70,25,11,14,52,36,36,3,86,64,0,59,70,62,31,36,4,6,3,36,52,3,64,36,16,82,65,36,36,41,59,66,0,0,47,25,53,36,73,9,57,16,67,16,36,82,40,62,70,0,4,37,17,73,75,75,66,22,0,7,6,53,55,26,60,22,4,77,54,36,0,8,74,74,81,71,12,63,20,33,65,10,78,36,62,14,70,36,0,45,59,0,36,59,31,65,2,0,55,10,5,55,75,13,59,52,54,3,112,0,62,46,36,17,8,29,57,68,76,55,74,69,33,12,11,65,116,52,36,59,22,69,64,16,6,15,49,36,21,7,36,5,36,7,18,4,54,20,36,4,36,8,3,74,36,74,0,36,5,3,23,0,34,22,16,55,0,0,4,47,3,83,66,19,14,6,70,5,85,36,3,53,23,54,5,14,0,55,4,29,0,34,27,62,55,57,26,4,36,16,74,87,75,59,75,36,80,75,59,36,69,8,8,8,65,0,0,2,36,4,3,15,0,17,36,59,0,90,3,0,74,33,14,4,4,0,2,4,0,0,53,11,2,14,26,0,17,6,66,0,4,25,6,55,62,8,4,13,75,13,17,8,36,1,31,7,42,76,75,16,77,93,62,19,63,87,75,59,12,26,58,74,71,15,71,20,3,10,57,73
20,6,3,0,0,0,0,0,0,31,0,7,1,0,39,0,3,71,0,16,15,54,52,0,16,3,12,0,92,0,16,3,94,2,0,49,93,97,0,96,20,0,16,1,16,0,12,7,24,12,0,3,2,30,0,15,11,0,0,38,0,6,0,0,5,0,3,0,5,12,92,3,0,0,0,0,0,16,9,63,0,0,0,16,0,0,0,3,16,97,41,0,5,16,4,0,94,93,0,97,48,79,16,16,0,1,3,0,18,0,0,0,90,0,7,0,9,30,12,6,21,0,0,0,5,0,4,0,0,9,3,1,0,94,15,0,0,0,0,84,3,0,3,12,8,2,0,0,4,12,0,0,0,0,0,20,3,92,12,8,3,0,0,16,109,4,3,0,20,0,4,3,0,0,0,16,55,97,16,10,94,0,97,104,6,27,109,30,109,16,92,94,0,72,0,12,71,93,16,113,7,43,3,104,16,6,4,64,16,2,12,18,18,3,106,95,93,3,78,84,0,109,16,16,69,97,0,4,0,73,16,6,104,94,28,24,19,76,93,50,109,16,0,2,26,35,8,94,13,0,109,5,15,30,96,86,56,16,16,0,0,97,4,28,16,16,16,0,0,11,4,10,4,62,0,2,2,70,11,94,0,2,16,16,21,16,0,105,18,8,9,4,23,94,16,0,13,97,0,54,82,33,96,82,19,16,2,0,98,10,0,41,13,0,109,115,103,3,56,0,104,1,93,1,1,71,4,9,16,16,16,15,8,10,12,103,52,116,93,95,12,13,104,15,4,3,19,89,61,4,93,0,97,3,0,0,104,24,96,3,97,8,3,12,93,16,0,97,3,3,6,0,10,4,50,6,0,0,0,111,3,34,16,37,0,9,13,5,21,95,0,78,6,16,3,35,0,16,3,3,0,69,29,19,16,16,3,0,97,7,16,42,16,109,16,94,17,24,109,96,12,0,7,3,1,0,0,3,99,3,4,22,0,52,94,109,0,32,1,0,17,6,4,0,4,0,5,1,0,0,105,3,0,5,63,0,11,0,16,0,0,80,8,76,16,24,7,3,17,26,5,2,97,1,94,0,95,25,17,3,68,40,11,25,105,29,16,109,6,18,0,19,9,34,16,37,6,10,109,16
5,3,1,19,23,23,23,23,23,34,23,6,24,23,35,23,2,52,23,0,0,77,33,23,0,16,0,23,115,23,0,0,78,2,23,54,116,93,21,91,12,23,0,12,0,23,0,0,21,0,23,5,23,14,21,0,0,23,23,35,23,0,23,23,19,23,17,23,0,0,88,17,23,19,23,23,23,0,14,55,23,21,23,21,23,23,23,26,0,93,64,7,10,0,0,23,93,89,23,94,60,100,0,0,23,24,17,19,32,23,7,23,104,23,30,23,8,34,0,29,18,23,23,20,23,23,15,21,23,21,1,22,23,115,9,23,23,23,23,67,0,23,9,0,0,25,23,23,27,35,23,23,23,23,23,1,9,104,35,27,5,23,23,0,93,0,2,23,4,23,0,26,23,22,23,0,78,101,0,7,113,23,96,88,0,11,93,23,93,0,89,113,23,95,23,8,54,116,0,93,0,27,3,88,0,12,0,61,0,0,0,14,37,4,93,93,100,26,62,64,21,93,0,0,63,105,19,0,23,61,0,11,88,98,22,8,0,95,116,50,93,0,23,2,6,41,0,115,9,15,93,0,0,27,93,70,41,0,0,23,21,93,0,9,0,0,0,15,23,5,0,0,0,59,0,19,0,48,0,93,23,0,0,0,5,0,21,89,14,5,0,0,7,115,0,23,0,108,23,34,62,30,93,63,0,0,25,23,83,6,23,24,0,23,93,93,88,26,40,23,88,0,112,24,6,58,0,0,0,0,0,0,5,13,6,87,36,93,116,79,5,0,88,29,0,0,0,85,54,0,108,23,94,0,23,23,88,22,103,0,93,11,26,0,116,0,23,97,1,26,29,23,0,0,73,0,23,23,23,93,26,23,0,60,15,23,0,1,5,91,23,63,6,0,0,30,23,0,2,0,23,63,25,0,0,0,0,23,93,24,0,26,0,93,0,93,1,5,93,93,0,23,0,0,0,23,23,17,93,12,0,45,23,75,115,93,23,16,24,23,1,3,0,23,27,23,11,22,23,23,93,0,23,3,60,23,28,21,0,23,23,74,5,63,0,24,5,0,1,20,0,2,95,24,88,23,93,13,1,0,52,24,0,38,88,13,0,93,3,19,0,3,0,57,0,33,0,8,93,0
23,2,8,0,0,5,0,1,5,33,0,6,0,0,31,0,8,68,8,37,28,48,58,0,29,2,26,1,79,0,31,0,100,0,0,42,79,79,0,80,41,0,29,1,30,0,26,19,25,23,0,8,0,37,0,17,23,0,3,32,0,0,0,0,8,6,4,5,7,24,77,5,2,0,0,6,0,31,6,50,0,0,0,23,0,0,5,3,30,81,33,8,0,29,8,8,84,77,6,79,33,74,29,30,1,0,3,0,15,7,7,8,79,2,5,4,12,28,32,4,20,0,5,0,0,0,6,0,0,4,6,0,0,79,13,0,0,0,0,88,6,0,8,25,28,1,0,0,3,6,0,0,5,0,0,23,5,79,6,4,8,6,0,30,102,13,1,0,34,0,8,3,0,0,0,29,50,79,34,16,79,6,79,95,1,35,94,42,102,34,74,79,0,64,4,13,73,79,29,98,19,48,3,107,29,0,25,52,30,15,33,19,17,1,95,79,79,3,83,80,0,102,29,34,58,79,1,8,0,78,29,5,107,79,13,36,31,66,79,64,102,29,0,0,25,23,17,79,34,6,100,2,28,35,79,89,57,29,29,0,0,80,8,28,34,31,29,0,0,0,8,19,16,48,10,6,1,63,16,79,4,3,30,34,36,29,1,100,22,11,21,0,36,79,30,0,24,79,0,57,82,26,79,85,22,29,5,0,97,0,6,48,24,8,102,95,97,3,61,0,105,17,79,8,0,74,23,22,36,29,30,28,3,10,5,108,59,95,79,116,8,25,107,6,8,3,29,71,40,8,79,0,79,6,1,0,97,16,79,1,79,9,3,33,79,37,0,79,6,3,6,0,19,9,42,24,0,0,0,90,3,34,30,31,6,8,34,4,39,77,0,79,12,27,1,25,0,29,1,6,3,56,16,31,30,29,0,0,79,14,29,49,29,102,34,79,29,29,102,79,26,6,4,6,14,2,0,6,79,0,6,11,0,47,79,102,3,41,9,0,29,2,8,0,3,0,3,0,0,1,96,8,2,6,48,0,9,8,29,0,2,60,8,93,34,22,3,5,29,17,4,5,79,0,74,1,85,34,29,3,74,47,23,32,106,48,35,102,7,26,15,27,27,26,29,39,1,7,100,29
25,26,65,20,3,5,0,1,17,45,17,34,0,0,56,0,64,3,14,31,27,0,28,0,8,12,16,5,5,2,13,40,0,20,3,29,5,20,6,18,41,0,8,18,21,0,24,49,33,17,1,43,3,27,0,24,47,0,14,38,1,72,0,4,22,9,23,13,63,20,21,20,3,6,0,9,2,35,43,39,0,2,0,55,0,0,5,0,9,19,0,40,57,8,57,22,18,20,10,20,15,6,8,17,7,0,20,7,4,7,47,22,3,6,0,9,47,22,29,0,49,0,9,3,30,0,46,0,0,23,40,4,0,6,67,0,0,0,0,6,38,3,25,20,39,2,0,0,0,5,1,4,14,0,0,20,23,4,11,28,43,14,0,22,5,62,25,0,20,0,80,0,5,19,0,8,0,9,30,71,6,12,20,12,33,14,13,47,5,25,25,6,0,0,22,52,30,5,11,9,51,16,40,0,15,53,48,41,26,72,41,54,14,33,10,20,16,0,16,24,0,5,16,23,34,13,30,81,4,7,8,38,0,18,67,16,49,11,5,34,5,8,0,20,39,24,22,6,48,35,7,71,19,60,20,0,14,8,18,0,6,19,88,20,23,22,14,16,0,65,60,61,51,41,41,28,51,27,35,14,7,66,21,27,33,17,15,5,81,61,30,55,17,6,11,4,17,10,0,22,22,41,19,15,35,11,4,0,6,61,16,35,28,16,5,11,7,0,22,0,0,60,9,19,46,10,44,28,43,11,17,28,55,32,83,0,22,12,5,8,116,26,0,3,76,69,34,20,54,76,5,5,20,69,14,13,5,48,12,48,20,75,0,40,5,31,0,13,43,0,8,0,47,70,0,37,0,1,2,17,0,36,11,3,10,6,28,49,30,22,3,8,42,17,53,59,0,11,52,53,7,38,48,39,12,14,42,0,17,51,23,8,26,5,30,18,32,37,5,19,29,19,74,77,32,3,0,29,23,4,60,23,0,0,6,5,5,33,8,2,21,52,83,0,0,0,16,20,0,4,11,89,10,35,40,0,29,18,10,0,21,42,80,29,18,41,63,71,25,61,40,33,20,0,27,11,17,32,16,78,24,24,47,48,1,44,32,5,83,13,47,21,46,0,16,54,46,56,7,19
84,0,12,34,3,7,0,5,36,1,20,4,0,0,7,0,14,23,1,85,109,0,60,0,49,29,60,0,0,1,95,0,30,0,2,13,0,0,24,1,61,3,79,10,70,0,99,67,46,66,0,12,5,79,5,87,55,4,2,8,0,18,4,28,4,1,41,8,19,89,2,3,0,0,0,2,0,97,2,6,0,3,0,5,0,0,2,0,71,2,0,10,31,49,22,8,3,0,12,0,2,0,53,58,27,0,7,2,0,10,15,44,0,29,0,21,4,6,98,0,50,0,31,5,43,4,8,5,0,0,4,18,3,0,0,0,3,0,3,22,19,3,5,72,53,0,0,0,0,22,0,11,5,0,0,50,4,0,3,13,12,5,0,107,18,51,3,19,98,0,5,0,17,37,0,49,0,0,83,37,2,2,0,16,41,60,10,38,18,58,2,2,4,0,30,1,29,0,53,14,58,57,28,23,54,13,69,3,111,43,70,61,10,51,15,5,0,0,46,29,5,18,69,57,8,0,43,5,3,48,49,0,23,0,9,98,65,0,0,11,18,72,4,0,55,13,96,0,62,18,16,36,101,30,0,41,46,64,103,1,24,1,21,69,96,103,99,39,3,17,5,55,68,0,90,46,38,48,98,2,2,23,104,70,68,72,27,22,14,41,110,33,74,0,62,31,82,0,1,59,29,0,0,26,60,65,1,0,26,23,2,38,104,14,18,13,15,0,65,0,25,54,0,19,7,20,79,106,82,54,100,108,73,17,33,24,69,13,0,25,26,116,23,13,3,36,46,0,0,7,0,4,0,2,58,19,23,4,3,32,0,9,0,71,0,71,0,0,5,0,20,4,45,19,0,53,0,0,14,8,0,56,96,0,41,0,98,4,87,0,3,29,60,91,39,0,0,52,38,50,3,0,1,63,52,52,67,30,0,9,108,81,109,18,95,2,93,61,18,0,106,8,9,7,86,8,0,4,0,33,22,0,3,0,0,18,1,77,10,9,103,72,14,12,0,0,4,14,5,0,12,18,4,45,0,0,21,26,94,4,19,0,11,26,63,7,25,21,110,6,17,8,0,0,0,4,4,71,98,40,49,76,69,9,22,80,105,18,9,23,75,106,89,0,73,1,27,26,16,69
21,2,0,0,0,0,0,0,0,27,0,4,1,0,35,0,0,74,0,28,26,54,55,0,28,0,24,0,87,0,28,0,106,0,0,45,88,88,0,89,32,0,28,0,28,0,24,10,26,22,0,0,2,40,0,15,14,0,0,36,0,0,0,0,2,0,0,0,4,23,85,0,0,0,0,0,0,28,8,57,0,0,0,15,0,0,0,3,28,90,41,0,0,28,0,0,93,86,0,88,39,78,28,28,0,1,0,0,15,0,0,0,87,0,7,0,6,27,23,6,18,0,0,0,0,0,0,0,0,5,0,1,0,88,9,0,0,0,0,94,0,0,0,24,20,2,0,0,4,12,0,0,0,0,0,23,0,88,12,8,0,0,0,28,111,5,0,0,32,0,0,3,0,0,0,28,55,88,28,8,88,0,88,104,1,39,103,33,111,28,83,88,0,72,0,8,81,88,28,107,10,55,0,116,28,0,16,56,28,9,24,19,18,0,104,88,88,3,90,88,0,111,28,28,61,88,0,0,0,83,28,5,116,88,19,36,22,71,88,56,111,28,0,0,27,32,15,88,25,0,109,0,26,27,88,98,55,28,28,0,0,89,0,31,28,28,28,0,0,5,0,10,7,56,9,0,0,70,14,88,0,0,28,28,33,28,0,107,14,3,19,0,35,88,28,0,23,88,0,58,86,29,88,88,20,28,2,0,99,6,0,51,23,0,111,104,106,3,68,0,114,10,88,1,0,79,14,21,28,28,28,24,2,10,1,115,64,104,88,107,0,23,116,12,0,0,25,80,49,0,88,0,88,0,0,0,106,20,88,0,88,2,3,24,88,28,0,88,0,3,6,0,12,3,50,15,0,0,0,99,3,37,28,37,0,6,25,1,33,86,0,80,8,26,0,26,0,28,0,0,0,60,25,22,28,28,0,0,88,6,28,54,28,111,28,88,29,27,111,88,24,0,0,0,13,0,0,0,88,0,0,17,0,52,88,111,0,44,1,0,29,2,0,0,4,0,2,0,0,0,105,0,0,0,57,0,6,0,28,0,0,69,0,86,28,20,0,0,29,17,4,0,88,1,83,0,94,35,29,0,80,52,14,24,115,41,28,111,0,25,11,29,21,34,28,33,0,6,109,28
27,57,27,62,78,91,81,84,71,20,77,60,82,81,18,81,39,24,81,23,13,62,13,81,30,67,21,85,30,82,24,42,3,58,82,43,29,18,89,18,9,84,37,78,14,81,18,10,31,22,81,61,80,22,84,14,10,84,84,32,81,5,84,81,82,81,61,80,21,25,12,86,81,77,81,82,81,2,31,11,81,82,81,27,81,81,81,81,31,18,78,51,15,35,18,73,12,18,87,19,67,25,38,26,91,82,84,78,72,90,41,61,41,81,88,69,57,50,13,84,13,81,83,78,52,84,45,84,81,69,39,87,84,28,2,81,84,81,84,3,41,75,75,21,19,82,79,81,82,84,81,84,76,81,81,41,77,39,90,65,63,75,81,16,12,10,60,94,10,78,10,81,64,54,81,35,59,26,19,6,28,82,13,7,25,25,12,16,12,24,8,28,84,50,68,21,11,29,32,12,17,26,22,12,29,27,4,17,13,10,9,10,58,38,12,16,14,81,12,6,84,12,15,24,10,30,56,13,76,17,35,33,12,12,11,14,10,40,29,5,12,35,84,60,18,55,13,28,4,62,12,10,21,12,17,12,22,23,20,81,89,17,6,29,15,17,24,50,84,15,27,14,10,17,5,55,18,15,16,15,82,11,16,14,14,16,65,16,16,6,13,16,18,28,25,82,21,33,81,13,1,17,17,9,16,20,81,79,10,25,84,5,8,71,12,16,18,81,12,79,12,8,25,65,31,17,9,13,4,31,17,14,13,40,15,12,16,15,29,6,3,13,12,116,10,8,24,18,10,15,21,74,19,9,63,80,7,13,28,23,18,14,81,16,29,16,81,22,38,81,60,84,25,13,62,11,81,81,92,15,81,22,24,76,65,95,15,27,15,18,75,10,13,31,19,4,81,32,16,11,85,14,22,27,30,29,16,83,18,42,13,27,13,12,10,15,5,15,12,17,13,71,10,11,11,86,79,77,14,75,21,68,84,63,28,12,81,12,91,87,14,14,10,89,82,81,78,72,84,81,12,6,81,33,17,81,46,85,27,84,75,9,10,1,25,41,22,17,14,4,37,52,12,82,9,74,12,0,17,3,11,11,10,26,12,2,13,12,12,43,9,19,2,78,18,13,18,14,12,14
5,26,83,19,0,9,0,1,7,77,19,34,0,0,59,0,70,7,14,12,3,0,19,0,3,20,9,9,0,2,4,43,1,19,3,24,0,11,2,12,34,0,0,20,5,0,10,45,20,7,1,47,0,11,0,30,57,0,17,44,1,80,0,0,22,9,16,20,58,3,10,24,3,6,0,9,2,12,43,47,0,2,0,70,0,0,5,0,1,9,0,33,54,0,93,15,4,15,6,10,12,6,0,3,3,0,21,7,7,7,43,18,6,2,0,5,47,45,11,0,35,0,5,3,16,0,65,0,0,31,68,2,0,1,81,0,0,0,0,6,47,1,36,6,30,2,0,0,0,1,1,0,10,0,0,16,34,7,10,22,47,11,0,4,0,60,41,0,3,1,102,0,1,31,0,0,0,15,11,67,1,12,4,7,49,2,5,51,0,9,9,1,0,0,18,76,27,0,0,1,47,1,72,0,3,54,41,39,3,57,22,38,7,23,5,9,3,0,1,14,0,0,1,9,32,11,27,97,1,4,0,39,0,4,71,2,47,6,0,39,0,0,0,19,43,36,21,1,41,40,1,60,3,52,9,0,22,0,2,0,2,9,86,8,7,7,2,21,0,75,88,51,47,44,25,20,67,14,13,19,7,80,3,11,14,1,10,0,91,63,9,69,3,1,3,0,1,7,0,12,11,46,10,11,48,0,4,0,0,77,19,36,7,16,0,5,10,0,6,0,0,36,4,15,34,10,37,5,28,1,2,5,21,16,67,0,6,4,0,8,76,3,0,10,116,65,20,19,47,106,8,1,10,89,3,17,0,62,10,72,11,69,0,24,0,17,0,19,70,0,2,0,62,85,1,50,0,1,0,8,0,32,1,3,19,11,14,83,13,13,1,17,51,2,67,58,0,0,59,59,9,37,86,34,1,4,33,0,22,46,0,2,3,0,11,7,11,29,0,10,8,12,90,99,25,3,0,33,6,19,83,29,0,0,1,0,5,14,8,0,3,21,101,0,0,0,28,25,0,4,5,87,8,43,43,0,28,10,0,0,21,29,100,23,10,55,66,81,2,69,33,23,5,0,12,7,4,15,2,66,7,7,43,48,1,21,9,0,79,7,31,3,23,0,2,71,80,78,1,5
21,30,45,43,1,6,0,4,25,41,27,29,0,0,59,0,48,0,4,19,36,0,16,0,2,30,3,0,0,1,20,33,0,27,2,12,0,15,18,17,17,3,20,12,9,0,26,22,48,5,0,17,3,12,5,52,14,4,8,44,1,86,4,22,7,3,29,10,46,20,26,5,0,0,0,4,0,32,42,29,0,3,0,38,0,0,4,0,8,15,0,34,76,0,62,9,17,19,11,15,4,5,4,5,19,0,7,1,0,8,56,22,0,23,0,10,33,22,26,0,76,0,25,2,44,4,40,5,0,19,37,16,3,0,75,0,3,0,3,5,50,1,8,9,16,0,0,0,0,11,0,7,8,0,0,1,8,0,2,24,17,7,0,33,0,45,20,11,21,0,79,0,4,51,0,0,0,0,13,58,2,7,19,5,58,4,3,21,0,12,26,2,3,0,37,61,22,0,2,3,17,5,80,0,6,32,24,38,34,62,12,53,5,63,2,11,16,0,5,13,5,0,5,10,43,0,51,73,1,17,0,46,0,17,74,24,12,0,0,44,0,7,4,27,30,5,43,0,17,26,1,99,31,51,17,0,31,0,31,1,18,16,79,9,26,26,27,26,3,82,52,27,24,38,38,22,94,13,45,7,5,89,30,12,11,6,18,4,52,53,34,77,10,0,0,14,12,1,1,33,13,39,16,18,69,1,1,0,9,83,9,22,36,7,0,2,0,0,11,0,2,46,0,9,49,7,22,30,25,1,26,39,68,44,82,0,15,3,0,3,69,36,0,8,65,116,16,23,45,59,0,4,15,76,32,24,0,67,0,87,15,64,0,19,0,12,0,0,40,0,5,4,34,49,0,28,0,0,10,4,0,11,24,0,19,0,25,51,30,17,1,27,72,29,94,57,0,1,94,64,1,45,56,12,1,3,72,20,4,34,31,19,32,0,22,19,28,14,0,16,33,8,76,82,30,5,0,7,20,33,85,13,3,0,0,0,1,18,9,7,29,69,70,8,0,0,3,28,4,0,1,82,6,60,37,0,19,22,22,4,28,29,58,13,4,19,78,84,33,69,28,33,19,0,24,6,16,12,24,91,5,9,24,36,0,20,32,0,70,1,25,34,33,0,6,56,81,61,1,8
53,42,36,3,41,30,40,39,23,9,14,41,39,40,11,40,25,48,40,60,49,2,51,40,90,25,72,38,0,41,58,36,27,44,42,29,0,0,27,1,53,39,69,46,74,40,48,51,27,70,41,40,39,60,40,34,56,38,42,32,40,18,38,21,41,39,13,24,45,56,3,40,41,41,39,39,41,59,18,10,40,42,40,16,40,40,36,40,72,2,24,38,12,86,9,36,2,0,30,0,27,4,85,83,26,39,44,43,41,34,15,8,0,22,35,18,29,30,53,39,13,40,19,41,4,38,12,40,40,23,33,33,40,0,16,40,40,40,39,34,33,43,46,65,75,41,42,40,39,17,41,29,36,40,40,87,43,0,37,18,38,34,40,47,20,44,44,32,52,42,21,40,24,0,40,85,3,0,72,29,0,38,3,18,33,73,18,43,20,83,3,0,39,0,5,7,26,0,86,22,58,59,10,25,93,21,54,17,51,25,78,33,25,14,13,0,0,40,39,43,39,20,71,81,8,0,3,25,44,22,86,23,25,0,11,50,62,2,0,12,20,71,38,42,43,15,29,0,52,19,18,15,49,20,0,33,23,72,46,38,27,1,20,64,56,53,50,18,40,10,42,64,48,0,41,12,7,48,44,0,39,14,49,74,80,72,16,20,22,37,41,3,67,0,74,18,64,0,39,45,46,14,0,41,35,76,40,42,18,7,38,43,54,29,20,18,18,40,49,42,23,47,0,25,25,37,46,46,66,89,53,46,30,20,11,26,49,19,0,29,34,46,25,24,20,16,116,0,8,19,0,37,0,16,3,15,22,15,0,7,0,18,39,67,0,70,39,0,36,40,23,38,30,24,16,52,40,41,33,14,39,51,54,14,10,35,51,38,58,0,43,27,5,64,8,18,40,87,10,22,39,12,12,72,88,92,15,22,0,18,53,46,51,20,63,0,64,62,20,0,46,35,25,19,44,38,42,30,3,20,9,6,39,27,0,20,41,64,34,34,47,30,23,35,39,40,42,20,38,42,14,24,39,6,0,40,27,25,53,39,13,3,23,25,75,33,3,14,51,15,54,33,3,39,3,36,3,66,54,24,47,59,55,21,24,63,52,20,24,66,55,45,53,30,70,9,12,9,18,74
5,24,18,0,0,0,0,0,0,43,0,25,1,0,65,0,13,50,0,0,0,54,39,0,0,15,0,0,84,0,0,17,70,20,0,44,85,108,0,105,12,0,0,4,0,0,0,6,41,0,0,6,2,16,0,15,6,0,0,65,0,24,0,0,8,0,6,0,18,0,97,6,0,0,0,0,0,0,24,48,0,0,0,23,0,0,0,3,0,106,33,15,28,0,20,0,101,104,0,107,43,71,0,0,0,1,6,0,13,0,15,0,85,0,7,0,27,42,0,6,34,0,0,0,5,0,16,0,0,12,22,1,0,86,36,0,0,0,0,60,29,0,6,0,0,2,0,0,4,12,0,0,0,0,0,7,6,87,12,8,6,0,0,0,85,13,13,0,4,0,31,3,0,9,0,0,55,92,0,33,86,0,101,81,16,11,86,21,85,0,96,86,0,72,0,39,47,85,0,86,6,27,16,80,0,6,0,91,0,12,0,17,18,15,86,98,100,3,62,65,0,85,0,0,85,92,0,31,0,53,0,21,80,101,49,8,6,76,85,74,85,0,0,20,13,30,9,86,9,0,86,22,0,36,106,62,56,0,0,0,0,106,31,15,0,0,0,9,0,32,23,3,6,73,0,2,29,43,0,92,0,26,0,0,5,0,0,81,17,17,0,31,7,86,0,0,0,92,0,35,63,43,107,55,10,0,2,0,75,37,0,25,0,0,85,90,86,3,40,0,80,15,85,1,16,51,0,0,0,0,0,0,20,25,28,79,36,89,85,71,20,0,80,18,19,23,0,116,66,18,85,0,107,30,0,0,80,45,91,30,108,23,3,0,85,0,0,92,22,3,6,0,6,14,50,9,0,0,0,89,3,29,0,37,0,12,0,24,5,106,0,72,14,0,30,39,0,0,24,25,0,90,48,6,0,0,16,0,95,7,0,26,0,85,0,104,1,11,85,107,0,0,25,30,0,0,0,6,103,14,31,22,0,44,86,85,0,16,1,0,1,18,23,0,4,0,8,1,0,0,86,26,0,31,74,0,19,0,0,0,0,80,19,56,0,19,33,27,1,47,18,20,102,1,99,0,101,13,1,17,52,24,6,17,81,13,0,85,32,11,0,3,0,26,0,64,19,21,86,0
5,24,19,17,0,0,0,0,0,71,17,20,1,0,78,0,23,35,0,0,0,25,21,0,0,4,0,0,53,0,0,31,44,17,0,27,54,74,0,71,0,0,0,1,0,0,0,3,19,0,0,3,2,9,0,7,15,0,0,33,0,58,0,0,3,0,3,10,39,0,69,3,0,0,0,0,0,0,48,88,0,0,0,44,0,0,0,3,0,72,31,15,44,0,48,0,70,70,0,73,43,50,0,0,0,1,3,0,13,0,32,0,51,0,2,0,26,14,0,6,25,0,0,0,18,0,39,0,0,33,18,1,0,55,70,0,0,0,0,39,18,0,3,0,0,2,0,0,4,7,0,0,0,0,0,4,3,53,7,21,3,0,0,0,54,15,10,0,4,0,59,3,0,18,0,0,26,58,0,20,55,0,73,60,16,6,58,19,54,0,78,55,0,38,13,52,69,54,0,58,3,16,36,49,0,37,0,54,0,41,0,11,8,23,55,64,69,3,33,49,0,54,0,0,61,58,24,56,0,32,0,45,49,70,83,5,15,42,54,32,54,0,0,17,44,32,1,55,2,13,55,41,0,22,72,45,18,0,0,0,0,72,46,12,0,0,0,1,0,66,31,11,3,97,0,2,50,47,8,58,0,54,0,0,0,0,0,50,43,17,0,54,7,55,0,0,0,58,0,26,47,77,73,37,37,0,2,0,44,65,0,59,0,0,54,60,52,3,25,0,49,15,54,1,35,40,0,0,0,0,0,0,28,18,57,48,21,61,54,40,54,0,49,10,47,45,8,66,116,38,54,0,73,58,0,17,54,69,57,51,74,57,3,0,54,0,0,58,18,3,6,0,37,45,26,1,0,0,0,61,3,14,0,18,0,4,0,35,0,72,0,38,28,0,51,89,0,0,48,19,0,56,66,3,0,0,16,0,61,36,0,14,0,54,0,70,1,13,54,73,0,0,59,58,0,0,0,10,75,3,52,41,0,37,55,54,0,11,1,0,1,26,43,0,4,0,5,25,0,0,55,46,0,24,98,0,10,0,0,0,17,90,44,40,0,29,56,55,1,81,22,17,74,1,81,0,70,6,1,36,26,17,3,39,50,6,0,54,47,7,0,3,0,24,0,82,46,44,55,0
5,31,81,25,5,14,5,6,15,67,24,42,5,5,52,5,79,6,19,12,8,5,20,5,2,27,8,14,0,7,7,45,0,24,8,28,0,10,7,12,38,5,0,30,6,5,13,49,20,6,6,56,5,14,5,27,61,5,23,47,6,72,5,5,30,14,24,22,59,4,9,32,8,11,5,14,7,16,45,44,5,7,5,79,5,5,10,5,1,9,0,41,62,0,83,20,5,14,11,10,12,6,0,2,8,5,30,12,7,12,48,27,6,7,5,10,55,48,16,5,35,5,10,8,21,5,66,5,5,36,75,7,5,1,71,5,5,5,5,6,57,5,45,5,34,7,5,5,5,6,6,5,15,5,5,19,43,7,18,26,56,15,5,3,0,59,49,5,5,5,94,5,6,35,5,0,5,15,15,63,1,17,4,7,44,3,5,50,0,10,9,1,5,5,23,76,23,0,0,1,51,1,63,0,4,62,45,36,7,53,26,37,12,17,5,10,3,5,1,8,5,0,1,8,27,11,36,95,6,7,0,44,0,5,61,1,51,11,0,39,0,0,5,24,39,39,22,1,45,48,2,57,4,57,10,0,21,0,2,5,7,9,89,8,8,11,2,25,5,65,86,50,51,40,30,28,57,12,8,20,12,72,2,12,18,2,16,0,89,61,11,66,2,1,3,5,2,8,5,6,6,43,9,7,39,0,9,5,1,67,25,32,11,21,0,5,10,5,7,5,0,39,4,20,38,10,41,9,32,0,2,9,19,22,59,0,7,4,0,8,76,7,0,15,106,59,19,18,38,116,8,6,10,81,11,22,0,52,10,62,10,72,5,25,0,18,5,19,78,5,6,5,59,82,5,53,5,6,5,9,5,36,1,8,27,16,15,75,17,12,5,11,48,5,59,49,5,0,52,64,14,31,78,38,1,3,28,5,23,49,4,2,7,0,15,8,15,27,0,9,10,17,82,91,29,8,5,41,7,25,74,31,5,0,1,0,10,18,13,5,2,21,99,5,5,5,36,30,5,9,6,85,13,52,39,5,37,15,0,5,26,28,100,22,10,60,69,73,6,59,32,28,4,5,11,12,4,17,1,64,9,9,47,49,1,25,13,0,89,9,36,2,27,0,1,62,70,82,2,4
5,3,9,11,15,15,15,15,15,42,15,6,16,15,35,15,10,52,15,0,0,69,33,15,0,8,0,15,107,15,0,0,78,2,15,46,108,93,13,91,20,15,0,4,0,15,0,8,21,0,15,13,15,14,13,0,8,15,15,35,15,0,15,15,11,15,9,15,0,0,88,9,15,11,15,15,15,0,14,63,15,13,15,29,15,15,15,18,0,93,56,7,10,0,8,15,93,89,15,94,52,92,0,0,15,16,9,11,24,15,7,15,96,15,22,15,8,42,0,21,18,15,15,12,15,15,7,13,15,13,9,14,15,107,9,15,15,15,15,67,0,15,17,0,8,17,15,15,19,27,15,15,15,15,15,1,17,96,27,19,13,15,15,0,93,8,10,15,4,15,0,18,15,14,15,0,70,109,0,7,105,15,96,88,8,11,93,31,93,0,89,105,15,87,15,8,54,108,0,93,8,27,11,88,0,20,8,61,0,0,0,22,29,4,93,93,100,18,62,64,13,93,0,0,63,97,11,0,15,61,0,11,88,98,22,8,0,87,108,50,93,0,15,2,6,49,0,107,17,23,93,0,0,27,93,70,41,0,0,15,13,93,0,9,0,0,0,7,15,5,8,8,8,59,8,11,0,48,0,101,15,0,0,0,5,0,13,89,22,13,0,0,7,107,0,15,0,100,15,34,62,30,93,63,0,0,17,15,83,6,15,24,0,15,93,93,88,18,40,15,88,0,104,16,6,58,8,0,0,0,0,0,5,13,6,87,36,93,108,79,5,0,88,21,8,0,0,85,54,8,116,15,94,0,15,15,88,22,95,0,93,11,18,0,108,0,15,105,9,18,21,15,8,8,65,8,15,15,15,93,18,31,0,52,23,15,0,9,5,91,15,63,14,0,0,30,15,0,2,0,15,63,33,0,0,0,0,15,101,16,0,26,0,93,0,93,1,5,93,93,0,15,0,0,8,15,15,9,93,4,0,37,15,67,107,93,15,16,16,15,1,3,8,15,19,15,19,14,15,15,93,0,15,3,60,15,20,13,0,15,15,74,13,63,0,32,5,0,1,20,0,2,95,16,88,15,93,13,1,0,52,24,8,46,88,13,0,93,3,16,8,3,0,49,0,33,8,16,93,0
23,69,25,62,106,92,109,104,77,12,78,56,108,109,7,109,36,26,95,22,4,62,7,109,54,61,39,99,24,105,8,56,2,79,104,26,23,0,87,0,10,105,25,76,41,109,8,7,14,33,108,63,101,10,104,4,3,104,91,10,107,3,104,80,82,100,63,82,31,26,0,81,106,102,108,99,106,7,49,0,109,104,109,22,109,109,103,106,35,0,68,64,12,55,0,97,0,0,92,1,51,32,51,55,85,108,80,100,87,91,48,62,23,79,102,94,41,32,9,103,5,109,74,100,55,104,41,104,109,77,34,93,106,22,11,109,106,109,105,16,30,107,71,38,34,105,111,109,105,86,108,97,105,109,109,39,70,21,84,79,61,104,109,7,0,7,61,90,10,110,0,106,103,49,109,54,61,8,21,5,20,96,3,0,16,33,0,7,0,50,1,20,104,44,70,19,6,23,51,0,14,31,11,0,49,45,7,0,4,9,25,4,86,25,0,0,7,106,7,1,103,0,46,51,0,12,47,0,107,0,55,58,0,5,0,8,3,34,23,2,0,32,104,77,8,28,5,22,5,66,0,8,4,5,0,0,11,41,11,107,87,0,5,32,14,7,7,62,106,5,13,12,7,0,4,54,0,5,7,0,99,0,10,35,29,43,76,0,5,7,5,3,32,22,39,78,37,15,108,3,6,26,0,7,3,41,103,111,0,0,89,13,9,80,0,0,0,106,5,111,0,17,19,87,67,25,5,7,7,51,15,5,4,63,4,0,5,0,23,0,5,4,0,74,1,4,37,0,0,6,15,116,1,14,62,77,0,14,10,0,0,21,105,24,23,29,108,4,31,106,93,104,2,5,65,14,109,108,94,0,105,7,11,76,50,91,10,18,11,0,107,0,4,17,0,14,109,52,5,0,98,0,0,10,53,50,8,78,0,61,6,2,5,0,11,0,9,23,0,0,4,102,2,0,7,99,111,73,0,54,3,62,105,57,22,0,104,9,91,99,10,5,5,97,105,109,76,76,103,105,0,5,98,13,0,109,57,87,9,105,77,0,1,5,32,25,8,5,4,5,51,78,2,108,0,109,0,19,15,5,7,9,7,41,0,5,5,0,16,67,13,7,8,75,41,0,3,6,0,42
5,25,9,0,1,1,1,1,1,34,1,26,2,1,57,1,14,58,1,0,0,55,39,1,0,6,0,1,93,1,0,17,78,21,1,53,94,115,1,113,12,1,0,4,0,1,0,6,41,0,1,7,3,16,1,6,6,1,1,56,1,15,1,1,9,1,7,1,18,0,104,7,1,1,1,1,1,0,25,56,1,1,1,24,1,1,1,4,0,114,42,16,20,0,11,1,109,111,1,116,52,80,0,0,1,2,7,1,22,1,16,1,94,1,8,1,28,33,0,7,26,1,1,1,5,1,7,1,1,13,13,2,1,95,27,1,1,1,1,68,21,1,7,0,0,3,1,1,5,13,1,1,1,1,1,7,7,96,13,9,7,1,1,0,93,13,14,1,4,1,22,4,1,0,1,0,56,101,0,24,95,1,110,89,7,11,94,29,93,0,105,95,1,73,1,30,55,94,0,94,6,27,7,88,0,6,0,82,0,12,0,17,19,16,94,106,109,4,62,65,1,93,0,0,77,101,0,22,1,61,0,22,88,109,40,8,6,77,94,65,93,0,1,21,13,39,0,95,9,1,94,14,0,44,114,70,47,0,0,1,1,114,22,15,0,0,0,0,1,23,14,3,6,80,0,3,20,51,0,100,1,17,0,0,5,0,0,89,24,8,0,22,7,95,0,1,0,100,1,35,63,52,114,63,1,0,3,1,83,28,1,25,0,1,93,98,94,4,40,1,88,15,94,2,17,59,0,0,0,0,0,0,20,25,20,87,36,97,94,79,20,0,88,19,10,15,0,107,73,10,94,1,116,21,1,1,88,36,100,21,115,24,4,0,94,0,1,101,13,4,7,1,6,14,51,0,1,1,1,97,4,29,0,38,1,13,0,15,5,113,1,63,6,0,21,48,1,0,15,17,1,81,39,6,0,0,8,1,103,8,0,26,0,93,0,112,1,11,93,114,0,1,16,21,0,1,1,7,111,6,22,23,1,53,95,93,1,16,2,1,1,18,14,1,5,1,9,2,1,1,94,18,1,23,81,1,11,1,0,1,1,88,11,64,0,27,25,18,1,38,18,21,109,2,106,1,109,13,1,8,52,24,6,26,89,13,0,93,24,11,0,3,0,35,0,55,10,13,94,0
6,48,60,17,11,11,11,8,8,64,21,40,11,11,67,11,53,12,13,9,2,2,21,11,15,21,13,8,0,8,4,56,1,45,7,14,0,22,2,23,24,8,2,15,19,11,6,24,35,7,10,26,11,5,8,27,40,8,15,50,10,89,8,0,20,14,16,21,69,5,23,16,12,9,11,13,9,9,66,35,11,8,11,58,11,11,16,8,9,20,2,37,61,11,80,16,17,26,10,21,13,6,8,15,3,11,15,6,15,9,53,12,5,2,11,13,52,31,14,7,39,11,5,8,16,8,60,8,11,37,56,3,8,1,101,11,8,11,8,15,53,13,21,12,26,8,13,11,8,8,10,8,15,11,11,9,19,6,4,19,24,15,11,1,0,47,31,4,7,13,101,8,14,29,11,11,0,6,12,58,1,14,17,6,47,14,1,31,0,23,22,1,7,0,20,92,26,0,11,1,26,11,65,0,15,38,21,45,2,62,16,21,9,33,1,12,16,8,3,13,8,0,14,21,34,6,25,98,12,0,11,64,0,17,80,3,38,0,0,51,0,6,8,43,44,19,14,1,19,22,1,70,1,43,22,0,19,13,0,11,2,22,87,15,11,8,0,18,8,89,73,26,26,57,6,11,77,8,6,8,11,89,4,21,16,15,10,0,67,44,2,82,7,1,10,2,13,6,11,13,12,66,23,16,46,13,11,13,0,85,17,44,9,13,0,4,5,8,7,13,0,42,0,15,59,11,14,4,20,13,6,3,31,40,66,0,7,3,0,6,69,2,0,9,89,76,16,30,58,81,0,14,21,116,1,21,0,82,5,78,22,76,8,18,0,21,11,6,59,8,9,8,49,72,5,33,11,10,4,3,8,16,3,4,8,14,8,72,15,24,13,17,36,0,77,75,11,11,69,55,12,48,79,23,14,14,35,2,9,48,3,2,2,0,11,20,11,34,0,23,1,19,95,102,11,8,13,27,19,16,90,30,8,2,1,0,12,9,10,5,3,33,84,5,8,11,13,32,7,9,1,86,11,52,56,11,18,8,0,8,21,34,77,15,11,38,77,91,1,83,46,49,18,11,25,14,17,9,5,62,3,5,26,43,1,12,8,0,90,10,9,0,15,5,14,79,74,60,1,17
39,18,15,86,55,65,58,63,88,13,78,28,58,58,4,58,34,2,59,34,58,56,15,58,1,69,18,58,24,59,50,16,5,26,60,23,23,0,78,0,18,61,34,50,17,58,52,30,28,16,58,44,53,32,59,47,17,62,58,5,58,14,62,86,54,59,87,66,1,37,0,55,58,54,58,60,58,44,23,4,58,57,58,26,58,58,60,58,26,0,41,41,41,4,17,60,0,0,70,1,21,28,8,6,85,58,57,56,37,68,46,100,23,87,56,79,28,25,44,58,41,58,89,57,81,62,40,59,58,44,18,72,61,22,0,58,61,58,61,0,30,54,47,24,8,58,58,58,58,78,58,69,63,58,58,9,46,21,59,60,44,62,58,55,0,28,29,77,46,57,4,58,75,83,58,4,56,8,30,27,20,60,3,0,31,10,0,18,0,5,1,20,62,44,88,6,4,23,2,0,21,10,39,0,1,40,28,3,58,22,21,40,58,73,0,0,7,58,4,0,59,0,18,5,8,12,88,4,55,27,4,23,0,5,9,46,17,34,23,1,0,27,62,26,18,39,55,22,21,68,0,29,52,24,0,10,25,19,58,59,78,0,14,21,43,50,54,69,61,17,4,23,28,0,46,88,38,17,55,0,60,19,52,17,17,19,83,4,10,30,57,27,22,22,17,89,24,15,59,30,0,4,0,5,41,14,59,58,10,23,58,0,46,72,0,0,0,58,14,58,0,27,19,77,26,0,36,54,29,2,49,57,58,38,30,0,18,0,23,1,14,58,0,63,3,32,3,0,0,11,15,62,1,1,116,77,3,6,10,32,0,23,58,22,23,18,58,4,17,58,71,62,18,1,43,21,58,58,72,0,58,17,51,56,91,50,42,3,36,0,54,9,40,44,38,1,58,1,40,38,61,0,0,20,1,0,53,88,0,48,55,36,56,0,42,0,40,14,0,0,58,60,5,6,42,66,58,56,0,66,23,51,61,29,22,0,59,26,68,67,51,58,10,70,58,58,48,64,63,58,0,14,62,58,0,58,58,80,49,62,77,0,7,5,18,15,31,15,57,6,0,30,2,58,0,62,0,21,46,31,7,24,28,25,0,27,52,0,12,19,33,52,37,41,21,1,27,25,0,17
37,40,9,88,77,82,80,83,75,29,106,34,79,80,10,80,44,5,79,24,19,56,0,80,21,53,21,75,24,80,25,28,2,46,82,19,23,0,85,0,0,82,34,59,19,80,20,0,16,25,80,43,74,12,81,12,4,83,74,5,79,24,83,77,64,79,63,72,36,34,0,64,80,75,79,80,79,7,47,21,80,79,80,36,80,80,80,80,31,0,58,44,45,26,26,75,0,0,82,1,38,32,30,21,91,79,68,78,59,89,67,66,23,77,77,81,27,21,14,79,20,80,79,78,79,83,57,81,80,83,17,83,83,22,18,80,83,80,82,8,20,74,53,26,9,79,78,80,79,82,80,82,78,80,80,19,55,21,70,85,45,77,80,22,0,0,39,99,15,77,17,80,77,85,80,25,56,8,23,0,20,80,3,3,23,19,0,0,0,18,4,20,83,44,95,20,11,23,24,0,7,18,43,0,21,50,0,0,19,27,13,16,70,44,0,0,7,80,2,4,80,0,20,18,11,12,83,20,75,13,26,58,0,5,19,19,4,34,23,0,0,36,83,48,35,29,18,22,0,80,0,24,23,2,0,0,11,25,26,80,85,0,13,23,21,18,26,68,83,25,3,7,0,14,10,58,36,0,22,0,81,27,22,19,14,21,74,4,10,2,19,33,24,22,26,90,25,15,81,23,3,33,0,5,39,21,79,78,10,31,74,20,15,79,0,0,0,80,0,78,0,9,19,77,54,22,6,19,1,22,27,18,19,52,27,0,4,0,23,0,13,19,0,80,17,24,15,0,17,22,15,77,1,21,77,116,0,22,10,35,0,36,79,20,23,16,79,4,16,80,73,83,33,20,61,7,80,80,89,0,79,0,28,70,66,69,16,5,11,0,74,9,30,23,36,20,80,23,41,9,79,0,14,13,21,20,22,87,0,64,19,15,19,0,16,0,10,5,0,0,19,73,22,19,12,86,78,55,0,63,28,72,82,46,22,0,79,2,88,84,19,20,13,92,79,80,54,101,84,80,0,13,78,31,14,80,50,82,31,84,101,9,17,3,25,15,38,29,19,24,22,43,2,79,3,76,0,6,25,21,2,6,0,47,0,0,14,0,21,39,14,20,4,62,23,14,34,32,0,19
31,0,0,0,0,0,0,0,0,27,0,2,1,0,30,0,0,71,0,28,26,49,45,0,25,0,24,0,87,0,28,0,106,0,0,40,88,88,0,87,22,0,25,0,28,0,24,10,18,22,0,0,2,30,0,18,14,0,0,31,0,0,0,0,0,0,3,0,1,23,83,0,0,0,0,0,0,28,3,62,0,0,0,10,0,0,0,3,28,90,36,0,5,25,0,0,93,84,0,88,39,78,25,25,0,1,0,0,15,0,0,3,82,0,2,3,1,22,23,6,18,0,0,0,5,0,0,0,0,5,0,1,0,88,9,0,0,0,0,89,0,0,0,24,17,2,0,0,4,7,0,0,0,0,0,20,0,83,7,8,0,0,0,28,111,7,0,0,32,0,0,3,3,0,0,25,50,88,28,13,88,0,88,109,6,29,103,23,111,25,88,88,0,67,0,3,71,88,25,107,10,45,0,106,25,5,16,56,28,6,24,21,21,3,104,88,88,3,80,83,0,111,28,25,63,88,0,0,0,73,25,5,106,88,22,36,22,71,88,51,111,28,0,0,22,27,18,88,25,0,109,0,26,32,88,88,48,28,28,0,0,89,0,31,28,28,28,3,0,5,0,10,7,54,9,5,0,60,14,88,0,0,28,28,23,28,3,107,9,13,19,0,35,88,28,3,23,88,0,53,81,29,88,78,18,28,2,0,99,6,0,46,23,3,111,104,96,3,58,0,104,12,88,4,0,74,14,21,28,25,28,24,12,10,6,105,54,104,88,97,5,23,106,7,0,0,22,80,54,0,88,0,88,0,3,0,116,15,88,0,88,7,3,24,88,28,0,88,0,3,9,0,7,0,45,18,0,0,0,99,3,27,28,32,3,1,25,1,23,86,0,73,10,23,0,29,0,25,0,5,0,58,20,22,25,25,5,0,88,6,28,44,28,111,28,88,29,17,111,88,24,0,0,0,13,0,0,0,88,0,0,17,0,47,88,111,0,34,1,0,29,10,0,0,4,0,2,0,0,0,105,0,0,6,55,0,6,0,28,0,0,74,5,81,28,18,5,0,29,20,1,0,88,1,88,0,94,35,29,0,70,52,14,24,105,41,28,111,3,22,11,29,21,29,28,28,0,8,109,28
7,44,36,20,12,4,12,8,8,59,23,34,13,12,80,12,26,14,6,4,4,24,16,12,15,14,11,6,22,9,6,49,16,39,8,6,22,37,7,38,10,9,6,1,9,12,6,2,40,6,11,2,8,11,7,19,16,8,2,45,11,77,8,9,7,7,8,14,47,5,46,2,9,10,12,7,10,5,70,52,12,7,12,48,12,12,10,9,13,35,18,32,61,10,61,7,37,41,4,36,19,14,6,10,6,13,0,8,9,8,45,2,20,8,17,9,40,21,6,8,37,12,6,7,21,8,44,7,12,25,39,7,9,23,92,12,9,12,9,20,37,15,3,15,9,10,14,12,10,21,11,9,8,12,12,2,0,21,13,26,0,8,12,5,20,23,22,8,12,15,73,9,14,32,12,10,21,21,9,38,21,6,42,16,42,16,24,12,20,9,35,21,8,22,18,86,44,22,9,24,2,17,60,20,8,32,2,57,4,55,5,25,10,42,21,29,38,9,21,24,7,20,12,10,47,21,23,70,13,9,10,66,20,39,89,9,14,22,22,46,20,9,8,37,39,18,17,23,0,18,21,57,4,25,37,20,23,12,4,11,7,37,60,15,8,6,4,20,9,89,48,8,2,72,4,6,71,24,13,25,6,72,7,6,10,10,5,24,48,32,5,75,10,23,7,8,14,21,11,19,24,55,38,32,47,12,7,14,21,82,2,53,6,6,20,23,20,9,16,14,20,31,22,8,55,5,0,6,2,11,8,4,38,40,62,20,20,24,22,16,48,4,20,13,62,67,15,45,69,52,22,14,36,82,6,22,15,116,20,70,37,61,9,4,22,5,12,21,37,9,11,8,32,47,17,14,12,11,12,24,9,13,6,19,6,9,2,50,12,39,15,40,33,4,69,82,12,10,73,42,7,63,79,0,11,10,42,8,24,31,6,18,4,20,8,37,9,23,20,38,5,9,77,76,6,6,14,10,40,15,69,40,9,13,23,20,8,11,8,6,9,39,55,12,10,12,2,32,7,8,21,61,7,43,71,12,21,2,4,8,22,45,49,12,5,18,68,71,5,92,39,36,43,13,36,11,37,8,11,54,18,20,2,24,21,2,4,20,62,7,0,8,5,15,12,83,65,49,21,11
5,9,11,8,10,10,10,10,10,33,10,12,11,10,41,10,8,58,10,0,0,64,39,10,0,15,4,10,102,10,0,9,78,7,10,67,103,99,10,97,12,10,0,15,0,10,4,10,26,4,10,12,12,16,10,9,6,10,10,41,10,6,10,10,18,10,16,10,10,3,88,16,10,14,10,10,10,0,9,59,10,10,10,16,10,10,10,13,0,99,51,2,5,0,9,10,93,95,10,100,59,87,0,0,10,11,16,14,31,10,2,10,103,10,17,10,14,33,3,16,25,10,10,13,16,10,14,10,10,20,7,11,10,102,11,10,10,10,10,67,6,10,8,4,0,12,10,10,14,22,10,10,10,10,10,7,8,103,22,22,12,10,10,0,93,6,8,10,4,10,6,13,10,9,10,0,65,100,0,17,102,10,94,89,6,11,97,33,93,0,89,102,10,82,10,14,54,103,0,93,10,27,1,88,0,9,4,66,0,4,4,18,32,2,97,104,95,13,62,64,10,93,0,0,70,112,8,6,10,65,0,6,88,93,24,8,6,90,103,50,93,0,10,7,12,40,7,102,13,2,93,5,0,37,98,70,50,0,0,10,10,98,6,15,0,0,0,16,10,7,6,7,13,64,7,16,5,51,7,100,10,8,0,0,5,0,8,89,24,9,7,6,7,102,0,10,3,107,10,34,62,36,98,63,0,0,12,10,83,12,10,24,3,10,93,97,98,13,40,10,88,0,107,11,1,62,4,7,0,0,0,0,5,10,13,87,36,96,103,79,12,3,88,28,10,0,0,91,57,10,95,10,100,5,10,10,88,20,116,6,99,8,13,4,103,0,10,104,7,13,16,10,6,6,60,1,10,10,10,100,13,29,0,47,2,22,3,7,5,97,10,66,13,0,6,32,10,0,0,10,10,65,31,6,0,0,7,10,103,19,0,26,0,93,0,96,1,11,93,98,4,10,6,5,7,10,10,16,95,17,6,32,10,62,102,93,10,16,11,10,1,3,6,10,14,10,10,9,10,10,97,9,10,8,65,10,23,10,0,10,10,80,18,67,0,29,10,9,1,22,10,7,93,11,90,10,93,17,1,7,52,24,6,25,88,13,0,93,8,18,7,3,7,44,0,39,3,19,93,0
22,37,40,46,0,13,0,4,24,51,35,37,0,0,59,0,42,9,1,12,33,0,8,0,3,38,2,6,0,2,32,38,3,31,1,9,0,22,18,23,5,4,29,10,1,0,33,20,55,4,0,11,1,16,3,49,18,4,5,45,1,81,4,24,7,1,24,13,53,19,21,12,1,1,1,2,1,20,46,31,0,1,0,36,0,0,0,0,8,21,0,33,84,0,85,1,15,26,8,21,11,5,3,4,21,0,13,2,6,12,52,27,6,23,0,3,37,25,27,0,65,0,25,2,47,4,49,3,0,30,41,13,3,0,74,0,3,0,4,5,63,1,11,8,3,0,0,0,0,8,0,7,0,0,0,12,12,6,2,21,11,2,0,33,0,39,29,18,29,1,84,0,0,62,0,1,0,6,12,47,0,2,15,5,48,0,0,16,0,1,20,0,5,0,39,72,18,0,0,0,11,0,85,0,1,29,12,43,32,61,1,43,0,64,0,12,15,0,0,11,4,0,0,2,45,6,57,78,0,24,0,50,0,15,75,30,16,0,0,33,0,10,4,31,52,10,46,0,5,28,0,80,33,48,20,0,40,3,33,1,18,20,66,10,24,34,33,28,3,86,53,15,18,48,23,25,109,8,39,6,2,90,30,1,1,2,9,4,48,38,32,94,5,0,1,13,8,6,0,40,10,50,21,11,76,0,1,0,10,96,5,28,24,1,0,4,6,0,0,0,0,26,0,0,44,5,20,30,11,3,29,31,63,33,77,0,4,3,0,1,48,32,0,23,72,87,7,30,51,62,0,0,21,78,32,35,0,70,6,116,22,54,1,5,0,3,1,6,41,0,1,4,55,55,1,17,0,0,13,3,1,10,30,0,29,10,27,57,22,24,1,27,65,33,109,61,0,0,101,63,5,42,66,11,1,1,67,30,9,23,31,26,32,0,20,18,19,12,0,21,33,1,79,85,26,6,0,11,17,50,102,21,4,0,0,0,1,9,10,7,30,65,65,12,0,0,10,37,5,1,0,69,0,77,47,0,17,16,30,3,34,28,61,7,0,20,84,81,32,76,36,30,16,0,23,2,15,2,30,72,2,5,18,20,0,2,28,0,61,0,8,31,15,0,5,65,96,59,0,1
5,24,10,0,0,0,0,0,0,35,0,25,1,0,57,0,13,58,0,0,0,54,39,0,0,7,0,0,92,0,0,17,78,20,0,52,93,116,0,113,12,0,0,4,0,0,0,6,41,0,0,6,2,16,0,7,6,0,0,57,0,16,0,0,8,0,6,0,18,0,105,6,0,0,0,0,0,0,24,56,0,0,0,23,0,0,0,3,0,114,41,15,20,0,12,0,109,112,0,115,51,79,0,0,0,1,6,0,21,0,15,0,93,0,7,0,27,34,0,6,26,0,0,0,5,0,8,0,0,12,14,1,0,94,28,0,0,0,0,68,21,0,6,0,0,2,0,0,4,12,0,0,0,0,0,7,6,95,12,8,6,0,0,0,93,13,13,0,4,0,23,3,0,1,0,0,55,100,0,25,94,0,109,89,8,11,94,29,93,0,104,94,0,72,0,31,55,93,0,94,6,27,8,88,0,6,0,83,0,12,0,17,18,15,94,106,108,3,62,65,0,93,0,0,77,100,0,23,0,61,0,21,88,109,41,8,6,76,93,66,93,0,0,20,13,38,1,94,9,0,94,14,0,44,114,70,48,0,0,0,0,114,23,15,0,0,0,1,0,24,15,3,6,81,0,2,21,51,0,100,0,18,0,0,5,0,0,89,25,9,0,23,7,94,0,0,0,100,0,35,63,51,115,63,2,0,2,0,83,29,0,25,0,0,93,98,94,3,40,0,88,15,93,1,16,59,0,0,0,0,0,0,20,25,20,87,36,97,93,79,20,0,88,18,11,15,0,108,74,10,93,0,115,22,0,0,88,37,99,22,116,23,3,0,93,0,0,100,14,3,6,0,6,14,50,1,0,0,0,97,3,29,0,37,0,12,0,16,5,114,0,64,6,0,22,47,0,0,16,17,0,82,40,6,0,0,8,0,103,7,0,26,0,93,0,112,1,11,93,115,0,0,17,22,0,0,0,6,111,6,23,22,0,52,94,93,0,16,1,0,1,18,15,0,4,0,8,1,0,0,94,18,0,23,82,0,11,0,0,0,0,88,11,64,0,27,25,19,1,39,18,20,110,1,107,0,109,13,1,9,52,24,6,25,89,13,0,93,24,11,0,3,0,34,0,56,11,13,94,0
10,48,38,40,21,21,21,21,24,46,41,44,21,21,47,21,64,3,31,11,7,19,15,21,6,9,9,20,11,22,1,55,2,43,22,16,11,23,24,21,20,20,2,29,7,21,1,21,28,7,20,35,22,9,22,15,35,19,29,33,22,73,19,19,28,26,21,32,55,3,27,26,20,23,21,27,23,17,72,42,21,24,21,75,21,21,25,20,4,22,4,54,74,4,58,31,24,23,24,24,12,12,2,3,23,21,27,23,4,25,71,29,3,21,20,24,57,18,10,20,26,21,24,21,42,19,52,22,21,42,41,22,20,12,73,21,20,21,20,12,40,21,31,4,20,22,21,21,20,19,20,20,28,21,21,5,29,4,24,35,35,26,21,6,7,35,37,19,1,21,83,20,21,30,21,4,19,9,12,42,14,30,25,13,26,7,8,20,7,11,32,14,20,19,36,66,27,11,3,8,21,3,45,2,8,69,21,40,7,61,18,24,21,40,10,18,27,20,4,10,22,7,4,9,20,9,48,77,20,2,4,71,2,27,72,0,33,26,11,35,7,3,19,43,35,16,6,12,21,42,8,54,6,39,24,2,2,4,5,20,24,24,76,3,8,2,5,14,20,68,52,23,21,54,19,31,58,7,8,14,26,70,3,11,14,5,27,7,54,35,7,66,2,12,5,19,7,8,20,6,9,55,24,11,34,4,21,21,7,64,31,41,9,33,7,8,2,20,8,21,4,45,11,32,64,10,19,3,21,4,3,10,36,49,61,2,8,8,11,9,75,9,2,14,69,64,18,23,57,72,11,21,24,76,23,36,7,61,8,54,23,116,20,20,11,13,21,9,44,20,20,19,41,64,20,21,21,20,22,8,20,15,2,20,22,15,10,47,10,25,21,2,34,7,58,69,21,4,55,47,24,33,55,21,3,5,22,19,11,60,4,2,5,7,13,26,18,21,7,24,6,28,73,82,9,21,21,33,24,5,61,46,20,4,12,7,24,13,26,17,6,34,64,20,20,21,21,44,19,21,8,71,28,45,53,21,30,31,0,19,40,39,70,17,12,31,77,69,6,68,32,44,24,21,29,25,24,15,3,56,9,9,21,42,3,24,10,7,81,15,22,7,19,6,4,59,46,64,8,7
18,72,22,63,109,100,112,111,74,14,79,63,112,112,4,112,31,26,102,17,0,65,3,112,53,68,40,107,27,113,11,60,5,78,110,35,26,3,92,3,0,113,31,83,30,112,1,0,13,39,112,56,106,7,110,1,0,112,98,17,112,1,112,88,89,107,60,89,30,22,3,89,110,109,113,106,113,1,45,3,112,110,112,22,112,112,107,115,38,3,78,61,13,58,0,94,3,3,99,4,61,34,57,44,89,112,88,106,91,99,48,57,26,86,106,91,48,35,2,113,1,112,81,108,52,112,44,110,112,82,41,97,112,25,4,112,112,112,113,10,37,106,74,27,24,113,110,112,115,79,112,102,102,112,112,45,78,24,91,77,58,101,112,3,3,0,67,96,1,109,0,115,92,50,112,59,64,11,15,0,23,103,6,3,18,33,3,0,3,40,4,23,112,47,68,15,3,26,54,3,7,21,11,3,48,43,0,1,0,3,18,1,80,29,3,3,10,115,5,3,111,3,35,41,3,15,47,3,107,0,58,53,3,8,2,0,0,37,26,0,3,38,112,80,4,35,1,25,0,61,3,4,8,0,3,3,5,42,8,112,92,3,0,22,7,0,12,58,112,2,20,7,0,3,1,47,0,1,3,3,107,1,3,25,21,32,80,3,0,0,0,1,28,25,44,84,28,18,111,0,9,25,3,3,3,40,112,110,3,0,96,7,3,87,3,3,3,115,3,110,3,10,22,80,56,27,0,1,0,50,8,1,0,52,0,3,3,3,26,3,0,0,3,81,0,0,39,3,3,5,18,105,4,8,58,79,3,9,13,1,3,20,116,19,26,20,113,7,38,115,90,112,5,8,68,7,112,112,102,3,116,0,13,77,57,97,5,25,3,3,106,4,0,22,0,16,112,55,5,0,105,3,2,17,52,50,4,86,3,57,1,2,1,3,4,3,3,13,3,3,0,95,1,0,1,106,110,80,3,62,2,67,113,67,25,3,110,2,98,107,3,2,0,103,115,112,83,74,111,111,3,0,105,13,3,112,57,83,17,111,78,3,0,2,39,33,8,4,0,4,54,68,5,112,3,102,3,11,8,0,4,3,0,36,3,0,0,3,8,69,9,3,1,85,30,2,0,6,3,31
87,19,30,7,22,19,19,20,20,8,20,12,19,19,11,19,35,23,31,98,74,0,69,19,69,2,90,18,0,21,69,14,29,19,20,13,0,0,18,1,73,19,59,19,95,19,78,79,24,89,20,37,22,73,19,61,68,19,27,12,20,9,19,5,22,28,35,10,50,88,0,20,22,25,19,26,21,83,12,13,19,21,19,17,19,19,24,19,85,2,14,25,8,69,13,39,5,0,20,0,16,0,69,78,19,19,22,24,20,27,22,30,0,7,19,41,11,13,79,19,19,19,10,22,16,19,11,19,19,19,12,21,19,0,10,19,19,19,19,28,10,22,25,96,72,21,19,19,19,36,20,14,33,19,19,56,23,0,16,36,37,33,19,78,19,58,15,20,74,19,20,19,37,7,19,69,0,0,94,51,0,29,0,19,43,82,19,58,19,86,0,0,19,0,18,7,31,0,72,15,86,78,5,24,76,12,85,4,76,43,103,36,36,21,20,4,0,19,50,30,19,19,90,84,6,4,5,18,23,26,69,16,24,0,3,73,78,6,0,27,19,84,19,19,41,16,63,0,85,27,17,23,72,39,0,42,24,82,74,19,18,1,31,87,87,76,70,50,19,2,18,83,76,0,72,35,5,47,67,4,26,14,77,101,90,91,32,21,31,54,75,10,93,0,85,29,88,0,19,32,30,9,0,30,28,85,23,19,19,4,29,41,77,46,19,12,22,19,72,19,22,69,4,47,27,44,79,75,88,72,81,73,39,27,21,25,74,12,0,33,40,71,24,16,24,19,67,0,0,25,0,24,0,18,22,20,24,4,4,5,0,20,19,116,0,101,19,4,15,19,40,19,35,32,19,77,19,20,18,15,19,63,71,16,22,20,87,13,81,0,22,17,30,52,6,3,19,72,8,47,22,2,7,82,73,75,38,9,4,33,73,60,76,19,85,0,83,72,19,0,79,36,14,18,73,21,19,11,0,7,10,5,19,14,0,19,24,79,28,16,77,38,28,21,19,19,12,20,19,23,21,25,23,23,0,19,32,30,70,19,20,4,23,44,90,15,7,24,75,1,40,32,0,19,0,28,6,85,80,28,52,77,75,38,23,89,82,19,24,52,85,75,88,19,91,8,2,17,17,93
5,3,1,19,23,23,23,23,23,34,23,6,24,23,35,23,2,52,23,0,0,77,33,23,0,16,0,23,115,23,0,0,78,2,23,54,116,93,21,91,12,23,0,12,0,23,0,0,21,0,23,5,23,14,21,0,0,23,23,35,23,0,23,23,19,23,17,23,0,0,88,17,23,19,23,23,23,0,14,55,23,21,23,21,23,23,23,26,0,93,64,7,10,0,0,23,93,89,23,94,60,100,0,0,23,24,17,19,32,23,7,23,104,23,30,23,8,34,0,29,18,23,23,20,23,23,15,21,23,21,1,22,23,115,9,23,23,23,23,67,0,23,9,0,0,25,23,23,27,35,23,23,23,23,23,1,9,104,35,27,5,23,23,0,93,0,2,23,4,23,0,26,23,22,23,0,78,101,0,7,113,23,96,88,0,11,93,23,93,0,89,113,23,95,23,8,54,116,0,93,0,27,3,88,0,12,0,61,0,0,0,14,37,4,93,93,100,26,62,64,21,93,0,0,63,105,19,0,23,61,0,11,88,98,22,8,0,95,116,50,93,0,23,2,6,41,0,115,9,15,93,0,0,27,93,70,41,0,0,23,21,93,0,9,0,0,0,15,23,5,0,0,0,59,0,19,0,48,0,93,23,0,0,0,5,0,21,89,14,5,0,0,7,115,0,23,0,108,23,34,62,30,93,63,0,0,25,23,83,6,23,24,0,23,93,93,88,26,40,23,88,0,112,24,6,58,0,0,0,0,0,0,5,13,6,87,36,93,116,79,5,0,88,29,0,0,0,85,54,0,108,23,94,0,23,23,88,22,103,0,93,11,26,0,116,0,23,97,1,26,29,23,0,0,73,0,23,23,23,93,26,23,0,60,15,23,0,1,5,91,23,63,6,0,0,30,23,0,2,0,23,63,25,0,0,0,0,23,93,24,0,26,0,93,0,93,1,5,93,93,0,23,0,0,0,23,23,17,93,12,0,45,23,75,115,93,23,16,24,23,1,3,0,23,27,23,11,22,23,23,93,0,23,3,60,23,28,21,0,23,23,74,5,63,0,24,5,0,1,20,0,2,95,24,88,23,93,13,1,0,52,24,0,38,88,13,0,93,3,19,0,3,0,57,0,33,0,8,93,0
85,22,25,3,25,21,22,20,16,10,14,13,22,22,11,22,32,34,30,98,74,0,73,22,78,2,87,21,0,20,75,13,34,24,19,4,0,0,14,1,82,20,59,16,104,22,76,76,25,83,23,34,25,73,20,58,73,20,24,8,21,8,20,3,17,27,32,12,47,89,0,17,25,20,22,25,20,82,16,7,22,20,22,17,22,22,27,20,90,2,14,26,0,76,15,40,5,0,20,0,16,0,74,87,15,22,19,18,23,23,20,32,0,5,22,42,9,13,81,19,11,22,8,21,11,20,9,20,22,19,9,19,20,0,15,22,20,22,20,37,10,27,26,95,79,20,24,22,20,36,23,17,32,22,22,62,20,0,14,28,32,32,22,78,23,59,14,16,80,24,17,20,42,3,22,76,0,0,95,42,0,22,0,21,38,91,15,56,23,95,0,0,19,0,14,12,35,0,79,19,83,86,7,28,83,7,82,2,76,37,100,26,34,17,16,0,0,20,52,36,20,23,99,93,0,0,1,17,28,22,76,19,28,0,3,77,83,2,0,28,23,87,20,22,47,14,55,0,80,23,21,20,72,28,0,46,27,91,74,22,14,1,26,93,89,82,70,40,20,5,17,76,73,0,59,31,1,49,59,0,23,7,81,108,91,100,27,23,25,47,67,8,96,0,88,27,95,0,22,36,35,12,0,33,28,94,24,24,21,0,26,47,78,39,23,16,18,20,74,24,26,68,0,49,32,40,75,71,93,81,83,73,35,30,13,29,74,16,0,37,31,71,28,16,17,12,70,0,0,18,0,29,0,21,18,16,28,5,0,3,0,13,20,101,0,116,22,0,12,20,41,20,43,29,19,80,22,23,14,11,20,67,75,14,22,26,89,10,86,0,27,19,22,52,2,2,22,79,4,34,19,4,9,85,82,84,30,5,0,31,77,62,76,23,85,0,80,77,23,0,71,39,15,15,68,19,24,10,0,7,13,7,20,14,0,23,23,81,24,17,79,34,25,19,20,22,14,19,19,22,17,20,18,21,0,22,26,26,72,20,16,0,16,42,91,14,3,17,75,6,39,37,0,22,0,25,6,80,82,15,52,77,80,37,27,87,82,23,23,49,76,75,79,19,99,10,8,6,21,102
18,75,22,63,112,100,115,111,74,12,79,63,115,115,2,115,31,29,102,17,0,62,0,115,56,68,41,107,24,113,11,62,2,81,110,34,23,0,92,0,3,113,31,84,33,115,1,0,13,39,114,56,109,7,110,1,0,112,98,17,115,4,112,88,89,107,60,89,30,22,0,89,112,110,116,106,114,4,47,0,115,110,115,22,115,115,110,112,38,0,75,61,13,61,0,94,0,0,99,1,58,31,57,47,89,115,88,106,93,99,48,57,23,86,109,91,48,35,2,110,1,115,81,108,52,112,44,110,115,79,41,97,112,22,7,115,112,115,113,13,37,109,74,30,27,112,113,115,112,79,114,105,102,115,115,45,78,21,91,75,58,101,115,3,0,0,67,96,4,112,0,112,95,50,115,62,61,8,15,0,20,103,3,0,21,36,0,0,0,43,1,20,112,44,68,18,0,23,57,0,7,24,11,0,51,44,0,0,0,3,18,1,78,29,0,0,7,112,2,0,111,0,38,44,0,12,47,3,109,0,61,56,0,5,0,0,0,34,23,2,0,38,112,83,6,35,1,22,0,61,0,4,8,0,0,0,5,45,8,115,92,0,0,24,7,0,12,58,112,5,20,7,0,0,1,47,0,0,3,0,107,1,3,27,21,35,80,0,0,0,0,4,26,22,45,84,31,15,114,0,6,28,0,6,3,43,110,113,0,0,96,10,3,87,0,0,0,112,0,113,0,10,19,80,59,24,0,1,0,53,8,1,0,55,0,0,0,0,23,0,0,0,0,81,0,0,39,0,0,5,15,108,1,11,58,79,0,12,10,1,0,21,113,19,23,22,116,4,38,112,87,112,5,8,65,7,115,114,102,0,113,0,13,76,57,99,5,25,3,0,109,1,0,22,0,13,115,58,5,0,105,0,0,17,55,52,4,86,0,54,1,2,1,0,4,0,4,15,0,0,0,95,1,0,1,106,113,80,0,62,2,65,113,64,22,0,111,2,98,107,6,2,0,103,112,115,83,74,111,111,0,0,105,13,0,115,57,83,17,111,78,0,1,0,39,33,8,4,0,2,57,71,2,115,0,103,0,11,8,0,3,2,0,34,0,0,0,0,8,69,9,3,4,82,33,0,0,6,0,34
5,10,18,3,4,4,4,4,4,45,4,11,5,4,42,4,15,58,4,0,0,58,39,4,0,9,4,4,96,4,0,10,78,6,4,57,97,100,4,98,20,4,0,4,0,4,4,18,26,4,4,22,6,16,4,6,14,4,4,41,4,3,4,4,12,4,10,4,11,0,89,10,4,8,4,4,4,0,10,68,4,4,4,25,4,4,4,7,0,99,45,1,5,0,15,4,94,96,4,101,55,83,0,0,4,5,10,8,25,4,1,4,97,4,11,4,13,44,0,10,22,4,4,1,5,4,10,4,4,16,14,5,4,98,12,4,4,4,4,68,6,4,18,4,8,6,4,4,8,16,4,4,4,4,4,7,18,99,16,16,22,4,4,0,93,14,15,4,4,4,7,7,4,3,4,0,59,112,0,17,98,4,95,90,11,11,98,41,93,0,90,98,4,76,4,15,55,97,0,94,18,27,8,88,0,21,12,67,0,5,4,26,26,1,98,102,94,7,62,65,4,93,0,0,70,108,3,7,4,65,0,7,88,94,25,8,6,84,97,50,93,0,4,6,13,50,4,98,21,12,94,2,0,37,99,70,47,0,0,4,4,99,7,15,0,0,0,4,4,8,15,15,18,65,12,10,5,51,4,109,4,5,0,0,5,0,3,89,33,17,4,7,7,98,0,4,0,103,4,35,63,37,99,63,1,0,6,4,83,13,4,25,0,4,93,98,98,7,40,4,88,0,101,5,2,63,12,4,0,0,0,0,5,10,13,87,36,97,97,79,13,0,88,22,19,0,0,92,58,19,105,4,101,6,4,4,88,21,104,6,100,9,7,4,97,0,4,116,14,7,10,4,14,15,54,9,4,4,4,101,7,37,0,41,12,16,0,16,5,98,4,63,18,0,6,33,4,0,0,10,4,66,40,6,0,0,4,4,112,15,0,26,0,93,0,97,1,11,93,99,4,4,4,6,12,4,4,10,96,6,7,26,4,56,98,93,4,16,5,4,1,3,15,4,8,4,20,5,4,4,98,6,4,8,66,4,18,4,0,4,4,81,23,68,0,35,10,6,1,23,11,6,94,5,91,4,94,17,1,4,52,24,14,37,89,13,0,93,9,17,12,3,4,38,0,40,11,25,94,0
1,54,94,12,37,47,38,39,36,39,13,77,38,38,39,38,69,25,44,7,5,15,18,38,26,61,12,47,1,40,13,57,0,59,41,41,1,14,30,15,32,38,21,59,8,38,8,39,29,14,39,66,37,13,38,25,50,38,54,68,39,48,38,33,61,47,31,55,34,0,13,65,41,40,38,47,40,11,35,15,38,40,38,58,38,38,43,38,7,13,24,68,39,26,57,36,7,18,44,13,24,0,26,19,31,38,63,41,40,38,42,28,7,35,33,24,87,67,12,38,22,38,38,41,11,38,50,38,38,19,113,30,38,0,49,38,38,38,38,0,92,35,72,0,41,40,36,38,38,11,39,38,40,38,38,45,76,6,46,13,68,42,38,1,0,57,86,33,4,36,67,38,18,25,38,26,11,14,14,52,0,50,7,0,51,9,0,40,0,25,7,0,38,6,19,67,7,1,25,0,41,0,55,0,27,33,35,38,5,26,20,31,14,31,0,4,8,38,0,0,38,0,5,25,17,6,9,73,36,3,26,29,0,7,37,0,40,6,1,39,0,8,38,61,15,51,16,0,35,40,0,35,5,46,12,0,19,11,1,38,30,12,66,7,7,10,5,26,38,41,98,38,41,25,22,30,36,11,1,14,45,48,1,14,20,6,29,0,63,54,4,44,1,0,16,20,1,6,38,0,0,26,13,6,13,10,42,36,0,45,58,11,9,35,0,4,6,38,5,36,0,37,1,22,26,0,30,4,26,23,1,6,20,27,33,0,5,3,1,6,43,5,0,38,70,40,36,22,18,78,9,31,13,59,17,16,0,37,7,41,14,44,38,15,1,12,38,14,116,38,16,38,35,68,6,47,38,39,33,3,38,32,6,18,42,44,10,97,15,16,35,12,22,21,38,31,38,25,31,51,47,31,60,41,24,26,20,33,17,21,4,3,4,0,14,10,14,29,0,13,4,37,60,66,23,41,36,74,9,51,49,31,38,19,0,0,43,14,39,38,0,23,76,33,38,38,69,6,38,42,0,61,46,56,24,38,34,32,8,38,15,9,64,7,23,70,46,50,4,37,45,56,8,38,10,37,7,11,0,36,8,8,41,23,0,19,10,0,66,30,24,0,17,24,3,43,48,49,0,6
18,73,22,62,110,99,113,111,74,14,78,63,112,113,4,113,31,26,102,17,0,65,3,113,54,68,40,106,27,112,11,61,5,79,111,34,26,3,91,3,0,112,32,82,31,113,1,0,14,40,113,56,105,7,111,0,0,111,98,17,111,0,111,87,89,107,60,89,30,21,3,88,111,108,112,106,112,0,46,3,113,111,113,22,113,113,107,116,38,3,78,61,12,59,0,94,3,3,99,4,61,35,58,45,89,112,87,107,92,98,48,57,26,86,106,91,48,34,2,113,0,113,81,107,51,111,44,111,113,83,41,97,113,25,5,113,113,113,112,11,37,107,74,28,24,113,111,113,115,79,113,101,102,113,113,46,77,24,91,76,58,101,113,3,3,0,68,97,0,110,0,116,93,49,113,58,64,11,14,0,23,103,6,3,17,33,3,0,3,40,4,23,111,47,67,15,4,26,55,3,7,21,11,3,49,44,0,1,0,2,18,0,81,29,3,3,10,116,5,4,110,3,36,41,3,15,47,3,108,0,59,54,3,8,2,1,0,37,26,0,3,39,111,81,5,35,0,25,0,61,3,3,8,0,3,3,6,41,7,111,91,3,0,23,7,0,11,57,113,2,20,7,0,3,0,47,0,1,3,3,106,0,3,26,22,33,80,3,0,0,0,0,29,25,45,85,27,18,112,1,9,26,3,2,3,41,112,111,3,0,96,8,2,87,3,3,3,116,3,111,3,10,22,80,57,28,0,0,0,51,8,1,0,53,0,3,3,3,26,3,0,0,3,81,0,0,40,3,3,5,18,106,4,8,58,80,3,9,13,0,3,20,115,19,26,20,112,7,38,116,91,111,5,8,68,7,113,113,101,3,115,0,13,77,57,96,5,25,4,3,107,3,0,21,0,16,113,56,5,0,105,3,2,17,53,51,3,85,3,57,0,2,0,3,4,3,2,14,3,3,0,95,1,0,0,106,111,80,3,61,2,67,112,67,25,3,110,2,98,106,3,1,0,104,115,113,83,75,110,112,3,0,105,13,3,113,57,83,16,112,77,3,0,2,39,32,8,4,0,5,55,68,5,112,3,101,3,12,8,0,3,3,0,36,3,0,0,3,9,70,9,3,0,85,31,2,0,6,3,32
40,51,15,58,91,74,88,86,66,18,74,40,87,88,15,88,39,8,77,37,20,64,19,88,35,43,47,81,30,87,15,41,12,58,86,16,29,6,70,6,18,87,8,59,52,88,21,21,9,49,88,51,86,22,86,20,14,86,75,1,86,0,86,63,64,82,78,64,29,41,6,63,86,83,87,81,87,20,45,6,88,86,88,24,88,88,82,91,42,6,56,48,13,34,3,86,6,6,74,7,44,38,33,40,68,87,63,82,67,74,45,72,29,62,84,102,28,17,23,88,8,88,57,82,59,86,37,86,88,76,18,76,88,28,7,88,88,88,87,12,15,92,52,50,19,88,88,88,90,90,88,76,88,88,88,21,53,27,69,86,51,88,88,24,6,21,45,73,22,89,0,91,106,45,88,33,63,14,35,22,26,78,9,6,25,40,6,18,6,35,7,26,86,50,66,14,16,29,36,6,28,36,9,6,33,43,21,4,20,9,39,10,92,38,6,6,13,91,16,8,85,6,55,36,7,18,44,0,91,2,34,51,6,11,4,23,16,40,29,2,6,41,86,58,5,34,22,28,23,62,6,11,19,11,6,16,16,44,20,86,70,6,6,45,28,21,16,77,88,3,0,28,21,6,20,67,1,22,24,6,81,0,25,47,40,53,84,6,8,21,22,0,54,28,46,87,48,21,87,2,12,22,6,2,0,50,87,88,6,1,72,10,23,89,6,6,6,91,23,88,6,28,25,94,65,31,21,21,21,36,28,20,19,60,8,6,23,6,29,6,8,20,6,60,2,5,23,6,6,6,21,93,7,9,71,73,9,11,16,1,6,20,90,40,29,41,87,10,16,91,116,86,1,7,72,28,88,88,77,6,90,18,18,76,59,74,26,4,22,6,92,6,8,0,0,21,88,37,6,13,80,6,4,20,36,36,25,61,6,65,20,12,21,6,25,6,22,32,6,6,21,88,0,0,21,81,88,55,6,37,2,59,87,49,28,6,85,20,74,81,24,17,8,80,90,88,58,71,85,87,6,7,80,24,6,88,63,70,18,87,73,6,0,14,40,10,7,7,20,7,35,61,8,87,6,88,6,34,30,8,15,26,21,44,6,21,21,6,15,54,29,24,21,63,53,5,2,6,6,54
22,71,22,67,108,103,111,113,77,12,83,63,111,111,2,111,31,26,102,19,4,62,0,111,52,72,39,107,24,113,14,59,2,77,112,34,23,0,96,0,0,115,35,84,30,111,5,0,15,39,111,56,106,7,112,4,0,116,98,17,111,2,116,92,89,107,62,92,30,26,0,89,110,108,112,107,112,2,45,0,111,110,111,22,111,111,108,111,40,0,75,61,15,57,2,94,0,0,102,1,58,31,61,44,93,111,89,106,90,102,51,59,23,90,106,93,48,36,5,109,5,111,85,109,54,116,44,112,111,78,41,101,114,22,4,111,114,111,115,9,37,105,74,26,24,111,109,111,111,82,111,103,101,111,111,45,78,21,91,74,58,101,111,7,0,0,67,100,1,108,0,111,91,54,111,58,61,8,16,0,20,104,3,0,19,32,0,0,0,40,1,20,114,44,72,15,0,23,55,0,7,21,15,0,47,42,0,0,4,6,18,3,77,33,0,0,7,111,2,0,113,0,34,41,0,12,51,3,106,3,57,52,0,5,0,3,0,34,23,0,0,40,116,79,4,35,4,22,0,61,0,7,12,0,0,0,7,41,12,113,96,0,0,21,10,3,16,60,114,2,20,7,0,0,3,48,4,0,7,0,109,4,7,25,21,31,82,0,0,0,4,2,27,22,44,88,27,15,112,4,5,24,0,2,7,39,110,109,1,3,96,6,7,87,0,0,0,111,0,109,0,11,19,81,55,24,0,5,1,49,12,5,4,53,3,0,0,0,23,0,0,4,0,84,0,4,38,0,0,5,15,104,1,8,62,83,0,8,10,4,0,19,112,19,23,20,112,4,38,111,86,116,7,8,64,7,111,111,104,0,112,0,17,76,59,97,7,25,6,0,105,2,4,26,4,12,111,54,9,1,105,0,0,17,52,49,8,90,0,54,5,5,5,0,6,0,3,13,0,0,4,95,1,0,5,109,109,80,0,66,4,65,115,64,22,0,110,2,101,111,4,6,0,105,111,111,83,78,115,111,0,0,106,16,0,111,57,86,21,115,81,0,0,0,38,33,12,7,4,1,53,68,2,111,0,102,0,10,10,2,3,2,0,34,0,0,3,0,8,68,10,7,1,82,29,0,4,8,0,30
42,14,36,34,3,20,5,9,23,57,30,16,5,5,32,5,40,20,14,46,50,2,43,5,34,23,32,11,0,5,54,28,13,6,5,10,0,6,11,6,52,7,52,16,33,5,48,57,36,33,6,27,3,44,7,37,71,7,13,11,5,42,7,18,18,12,19,31,51,39,0,21,8,5,5,11,5,35,31,47,5,5,5,47,5,5,10,5,41,6,5,15,35,37,75,11,1,6,17,6,14,5,39,36,14,5,16,6,12,17,29,28,6,20,5,10,27,26,52,5,24,5,25,6,30,7,55,7,5,35,35,8,7,0,43,5,7,5,7,17,29,2,28,34,49,5,3,5,5,7,6,8,10,5,5,49,29,6,8,17,29,12,5,49,7,38,23,16,47,4,53,5,2,34,5,37,2,14,44,16,0,11,0,11,14,32,3,40,7,37,5,0,8,0,36,46,37,0,35,7,55,31,50,12,33,43,49,5,48,64,35,27,2,17,3,5,0,5,28,30,7,7,32,38,13,6,44,53,2,20,37,25,12,1,42,48,63,0,0,14,7,44,7,8,87,31,31,0,49,40,8,37,50,21,6,16,27,35,49,5,11,5,46,41,53,53,49,6,7,49,44,47,52,34,39,20,50,20,39,12,9,46,49,38,35,34,5,9,48,19,42,58,36,0,38,14,34,7,5,43,27,43,5,13,61,33,9,3,12,54,16,63,38,12,7,11,14,5,32,3,12,24,0,10,20,13,55,40,44,36,48,52,27,8,56,13,34,10,0,19,47,45,12,25,62,34,30,6,37,59,8,2,6,49,18,33,7,32,6,55,6,41,5,35,0,43,5,14,35,5,1,7,116,80,1,41,5,6,14,7,5,51,50,2,39,16,51,43,48,6,2,11,59,49,50,37,5,35,42,28,13,4,50,56,34,35,18,20,15,35,47,46,47,7,47,4,36,52,7,5,45,9,51,54,44,14,3,29,3,30,58,34,7,3,0,7,8,35,17,10,46,25,53,11,5,5,26,37,8,7,4,44,8,36,34,5,12,17,52,7,30,22,59,23,43,44,55,52,47,42,33,10,0,5,7,3,0,30,48,23,29,35,59,36,12,38,53,7,42,15,39,48,28,5,36,43,60,52,8,33
18,36,60,18,10,17,8,9,10,56,17,44,8,8,49,8,68,12,14,25,20,4,31,8,23,16,24,17,0,10,21,46,4,27,11,24,0,14,0,16,46,8,19,27,25,8,23,53,38,29,9,39,10,28,8,22,65,8,23,36,9,60,8,3,30,17,18,28,72,19,13,32,11,10,8,17,10,25,55,43,8,10,8,69,8,8,13,8,18,13,4,37,47,24,76,13,9,18,14,14,18,6,24,25,1,8,29,11,15,8,44,11,6,5,8,11,57,32,27,8,15,8,8,11,17,8,61,8,8,39,66,0,8,1,64,8,8,8,8,9,47,9,38,19,42,10,6,8,8,0,9,8,14,8,8,40,42,7,18,17,41,17,8,20,0,66,51,3,20,7,80,8,5,17,8,24,0,15,28,40,1,20,8,6,31,22,1,41,0,29,13,1,8,0,19,72,31,0,26,1,55,18,53,3,27,52,49,25,19,64,34,40,4,18,1,6,7,8,18,18,8,0,23,31,13,7,26,80,9,3,24,47,3,9,55,19,59,0,0,31,0,19,8,29,60,38,9,1,49,37,2,45,20,42,14,3,9,22,16,8,0,13,73,25,24,24,16,4,8,56,71,47,55,47,37,17,50,13,16,16,15,60,20,31,34,23,14,0,72,43,20,62,20,1,27,3,18,8,8,18,17,54,13,8,29,24,12,6,1,60,27,56,23,18,0,5,9,8,22,6,3,48,0,9,44,9,44,18,40,25,19,22,25,22,51,3,22,4,0,9,70,19,3,13,85,49,24,14,45,82,8,5,14,72,1,20,0,47,6,55,14,64,8,32,0,29,8,15,68,8,7,8,80,116,1,38,8,9,3,5,8,46,17,7,22,19,27,76,29,16,9,0,42,16,50,58,8,26,42,45,17,21,68,48,25,28,13,3,19,40,18,16,18,0,28,12,28,49,0,13,20,14,73,79,37,11,6,41,11,12,63,37,8,4,1,0,13,28,9,8,19,25,82,3,8,8,36,26,8,12,2,66,16,36,46,8,18,6,19,8,19,26,75,19,34,53,59,66,18,55,51,33,8,8,15,11,8,27,19,41,24,24,55,44,4,33,24,0,68,18,39,19,31,4,22,54,62,61,2,25
19,41,1,42,65,57,65,65,47,27,59,27,66,65,22,65,25,26,64,14,0,75,13,65,23,25,23,59,72,65,2,29,42,40,63,36,73,50,55,50,5,65,7,41,21,65,0,0,22,23,65,32,63,17,63,0,0,64,57,17,65,0,64,46,50,64,44,47,21,20,49,46,64,61,65,63,65,0,40,22,65,63,65,37,65,65,64,68,22,50,60,32,13,22,1,64,50,50,57,51,46,67,21,22,57,66,48,60,44,61,35,43,71,46,70,65,24,20,2,71,18,65,46,61,40,64,26,63,65,63,6,61,65,72,1,65,65,65,65,45,5,66,38,23,9,67,65,65,69,75,65,57,65,65,65,11,38,71,65,70,32,65,65,4,50,0,27,61,1,66,0,68,65,34,65,22,76,58,13,1,70,61,53,45,12,33,50,6,50,21,46,70,65,92,50,11,28,73,21,50,7,46,3,50,22,28,0,39,0,3,15,14,79,19,50,50,57,68,43,43,63,50,22,22,38,62,39,0,65,40,22,39,50,55,12,1,0,82,73,33,50,22,64,40,6,30,1,72,2,44,50,3,3,14,50,32,25,22,3,64,55,50,0,30,7,0,3,45,65,5,0,7,0,30,0,35,1,21,4,50,64,0,4,21,18,22,53,46,6,0,1,0,29,72,21,57,22,65,64,28,41,29,50,35,0,22,66,65,41,6,57,19,2,61,50,50,50,68,20,65,50,7,69,64,45,62,0,0,0,23,7,0,1,48,2,49,16,50,73,42,0,0,50,62,1,0,16,50,26,5,65,65,51,5,43,61,45,17,60,1,50,20,68,19,73,19,65,54,6,68,72,64,1,1,116,7,65,65,60,50,68,13,5,87,35,62,5,1,7,50,66,41,5,0,0,14,65,22,6,0,59,39,19,7,21,23,4,50,50,55,0,18,0,50,4,50,2,9,50,50,1,64,0,0,0,61,65,37,50,26,0,55,65,70,72,50,64,15,62,59,5,0,0,65,69,65,39,60,64,64,50,1,59,5,31,65,41,55,5,64,57,37,0,28,21,11,5,4,1,8,23,39,52,66,45,61,50,13,10,0,41,13,0,39,50,3,0,50,7,49,9,7,0,67,23,20,1,11,50,23
59,7,61,0,10,16,7,8,17,30,7,24,7,7,22,7,55,13,21,70,57,0,54,7,42,17,57,16,0,9,55,2,20,9,10,18,0,1,7,0,88,7,33,27,68,7,62,86,9,54,8,58,10,58,7,64,83,7,25,32,8,26,7,0,26,16,33,10,25,57,1,28,10,10,7,16,9,67,5,15,7,9,7,39,7,7,12,7,56,1,7,33,18,40,37,29,5,1,13,0,9,0,40,51,8,7,26,11,8,14,17,37,0,2,7,29,23,45,66,7,26,7,5,10,7,7,24,7,7,7,44,7,7,0,26,7,7,7,7,16,31,12,43,61,83,9,9,7,7,24,8,7,21,7,7,47,39,0,20,17,56,21,7,54,13,70,31,7,60,9,41,7,27,12,7,40,0,8,77,68,0,19,0,13,56,55,7,75,13,59,0,0,7,0,9,27,22,0,43,9,95,51,31,15,49,19,94,19,58,26,82,33,23,14,8,1,0,7,31,15,7,13,63,57,12,1,4,44,13,14,40,9,15,0,12,56,77,3,0,43,13,53,7,7,22,36,63,0,92,39,12,31,49,45,0,33,29,55,50,7,7,0,51,58,63,66,46,43,7,16,52,88,85,1,68,42,13,44,38,9,14,24,57,74,75,64,28,13,52,80,51,18,62,0,56,20,59,0,7,15,13,0,1,21,31,58,11,9,12,14,27,24,61,36,13,6,7,7,55,9,13,69,1,41,17,17,84,55,87,45,57,56,30,17,22,16,55,6,0,24,37,53,15,11,50,28,52,9,1,53,8,14,0,33,21,7,18,14,1,17,1,21,7,77,0,80,7,9,47,7,28,7,41,38,7,116,7,8,7,4,7,74,49,10,35,12,63,42,67,1,12,22,42,34,14,1,7,43,13,57,16,15,33,79,46,48,39,0,9,23,59,41,58,13,70,0,70,58,13,1,55,28,39,39,75,10,9,23,0,13,28,5,7,7,0,13,12,68,15,7,53,29,60,7,7,7,32,9,7,11,10,44,15,34,1,7,39,19,46,7,9,1,48,31,63,40,13,28,57,14,13,22,1,7,1,20,5,64,56,39,39,64,90,45,14,76,64,13,44,29,83,51,69,7,63,22,32,32,12,66
18,76,22,62,113,99,116,111,74,12,78,63,115,116,2,116,31,29,102,17,0,62,0,116,57,68,41,106,24,112,11,63,2,82,111,33,23,0,91,0,3,112,32,83,34,116,1,0,14,40,115,56,108,7,111,0,0,111,98,17,114,3,111,87,89,107,60,89,30,21,0,88,113,109,115,106,113,3,48,0,116,111,116,22,116,116,110,113,38,0,75,61,12,62,0,94,0,0,99,1,58,32,58,48,89,115,87,107,94,98,48,57,23,86,109,91,48,34,2,110,0,116,81,107,51,111,44,111,116,80,41,97,113,22,8,116,113,116,112,14,37,110,74,31,27,112,114,116,112,79,115,104,102,116,116,46,77,21,91,74,58,101,116,3,0,0,68,97,3,113,0,113,96,49,116,61,61,8,14,0,20,103,3,0,20,36,0,0,0,43,1,20,111,44,67,18,1,23,58,0,7,24,11,0,52,45,0,0,0,2,18,0,79,29,0,0,7,113,2,1,110,0,39,44,0,12,47,3,110,0,62,57,0,5,0,1,0,34,23,2,0,39,111,84,7,35,0,22,0,61,0,3,8,0,0,0,6,44,7,114,91,0,0,25,7,0,11,57,113,5,20,7,0,0,0,47,0,0,3,0,106,0,3,28,22,36,80,0,0,0,0,3,27,22,46,85,30,15,115,1,6,29,0,5,3,44,110,114,0,0,96,11,2,87,0,0,0,113,0,114,0,10,19,80,60,25,0,0,0,54,8,1,0,56,0,0,0,0,23,0,0,0,0,81,0,0,40,0,0,5,15,109,1,11,58,80,0,12,10,0,0,21,112,19,23,22,115,4,38,113,88,111,5,8,65,7,116,115,101,0,112,0,13,76,57,98,5,25,4,0,110,0,0,21,0,13,116,59,5,0,105,0,0,17,56,53,3,85,0,54,0,2,0,0,4,0,3,16,0,0,0,95,1,0,0,106,114,80,0,61,2,65,112,64,22,0,111,2,98,106,6,1,0,104,112,116,83,75,110,112,0,0,105,13,0,116,57,83,16,112,77,0,1,0,39,32,8,4,0,3,58,71,2,115,0,102,0,12,8,0,2,2,0,34,0,0,0,0,9,70,9,3,3,82,34,0,0,6,0,35
18,75,23,62,112,99,115,111,75,13,78,64,114,115,3,115,32,28,103,18,0,62,0,115,56,68,40,107,24,112,11,64,2,81,111,33,23,0,91,0,2,112,32,82,33,115,1,1,15,40,116,57,107,8,111,0,1,111,99,18,113,2,111,87,90,108,61,90,31,21,0,89,114,108,114,106,112,2,49,0,115,111,115,23,115,115,109,113,38,0,75,62,12,61,1,95,0,0,99,1,58,32,58,47,89,114,87,107,95,98,49,58,23,86,108,91,49,35,2,110,0,115,81,108,51,111,45,111,115,80,42,97,113,22,7,115,113,115,112,13,38,109,75,30,26,112,113,115,112,79,116,103,103,115,115,47,78,21,92,75,59,102,115,3,0,1,69,97,2,112,1,113,95,49,115,60,61,8,14,1,20,103,3,0,19,35,0,1,0,42,1,20,111,44,67,17,1,23,57,0,8,23,11,0,51,44,1,0,0,3,19,0,80,29,0,0,7,113,2,1,110,0,38,43,0,12,47,4,111,0,61,56,0,5,1,1,1,34,23,3,0,39,111,83,8,36,0,22,1,62,0,4,8,1,0,0,7,43,7,113,91,0,1,26,8,0,11,57,113,4,21,8,1,0,0,47,0,0,3,0,106,0,3,29,23,35,80,0,1,1,0,2,28,22,45,85,29,15,114,1,6,28,0,4,3,43,111,113,0,0,97,10,2,88,0,0,0,113,0,113,0,11,19,81,59,25,1,0,1,53,8,1,0,55,1,0,0,0,23,0,1,0,0,81,1,0,41,0,0,6,15,108,1,10,58,80,0,11,10,0,0,20,112,20,23,23,114,4,39,113,88,111,6,9,65,8,115,116,101,0,112,1,13,76,58,99,6,26,4,0,109,0,0,21,0,13,115,58,5,0,106,0,1,18,55,54,3,85,0,54,0,2,0,0,4,0,2,17,0,0,0,96,2,1,0,107,113,81,0,61,3,66,112,64,22,0,110,3,98,106,5,1,1,104,112,115,84,75,110,113,0,1,106,13,0,115,58,83,16,112,77,0,0,1,40,33,8,5,0,4,57,70,2,114,0,101,0,13,8,0,2,2,1,35,0,1,0,0,10,71,10,3,2,82,33,1,0,6,0,34
28,61,22,77,98,102,101,105,83,12,93,57,101,101,0,101,31,19,96,28,14,58,0,101,42,72,30,99,24,103,21,49,1,67,101,35,23,0,106,0,0,105,41,79,20,101,13,0,24,31,101,56,95,8,102,11,0,104,94,17,102,5,104,102,81,96,61,90,20,26,0,84,99,98,102,97,102,5,35,4,101,100,101,22,101,101,96,101,40,0,74,59,24,47,7,88,0,0,103,1,57,31,49,33,103,101,82,99,80,107,53,64,23,100,95,83,43,35,12,100,15,101,95,97,64,104,44,102,101,69,36,101,104,22,1,101,104,101,105,4,35,95,70,26,23,101,99,101,101,82,101,101,92,101,101,39,73,21,84,74,58,90,101,17,0,0,61,106,10,98,0,101,81,64,101,48,61,8,20,2,20,97,3,0,25,26,0,0,0,30,1,20,106,44,78,9,0,23,43,0,7,16,21,0,38,38,0,0,14,14,11,12,73,43,0,0,7,101,2,0,103,0,24,30,4,12,61,3,96,7,47,47,0,5,4,12,0,34,23,0,0,40,104,69,11,35,15,22,0,69,0,11,22,2,0,0,12,31,22,101,106,0,2,21,16,12,26,60,104,9,20,7,0,0,8,56,14,0,17,0,98,9,17,16,14,21,77,4,0,2,14,12,24,22,33,98,27,15,100,12,5,18,0,6,17,29,99,99,5,14,91,3,9,83,0,0,0,101,0,99,0,12,19,76,45,19,4,15,0,39,18,15,14,55,13,0,4,0,23,0,2,14,0,92,0,10,33,0,0,5,15,94,1,4,72,89,0,12,10,13,0,22,102,18,23,14,102,4,33,101,77,104,14,3,60,7,101,101,116,0,102,0,23,72,68,87,12,20,8,0,95,5,14,36,14,8,101,44,19,7,101,0,0,17,41,39,18,96,0,49,15,13,15,0,11,0,9,8,0,0,14,86,3,2,8,105,99,74,0,72,9,60,105,63,22,0,99,0,105,105,14,16,0,107,101,101,76,82,105,100,0,2,101,25,0,101,53,95,27,103,92,0,0,0,30,33,22,13,14,3,43,57,2,101,0,94,0,6,18,5,3,6,0,34,0,2,14,0,7,58,11,17,5,76,23,0,10,12,0,21
17,6,7,1,0,0,0,0,0,31,0,7,1,0,40,0,3,66,0,11,12,54,47,0,11,3,15,0,92,0,11,8,89,2,0,53,93,97,0,95,15,0,11,2,11,0,15,10,23,15,0,7,2,25,0,11,6,0,0,38,0,6,0,0,5,0,3,0,8,9,92,3,0,4,0,0,0,11,9,66,0,0,0,16,0,0,0,3,11,96,41,0,6,11,4,0,95,93,0,97,48,79,11,11,0,1,3,4,18,0,0,0,90,0,7,0,9,30,9,6,26,0,0,0,6,0,4,0,0,9,3,1,0,94,15,0,0,0,0,79,4,0,3,15,3,2,0,0,4,12,0,0,0,0,0,15,3,92,12,12,7,0,0,11,104,3,3,0,15,0,4,3,0,0,0,11,55,97,11,14,94,0,97,101,6,22,112,33,104,11,92,94,0,72,0,12,66,93,11,108,10,38,3,99,11,11,7,64,11,5,15,21,22,3,109,100,93,3,73,79,0,104,11,11,74,101,1,4,0,76,11,6,99,95,28,19,14,80,93,50,104,11,0,2,21,35,12,94,16,0,106,6,12,35,97,81,52,11,11,0,0,96,4,23,11,11,11,4,0,11,4,13,7,62,5,6,2,65,16,99,0,2,11,11,16,11,1,100,22,12,12,4,18,94,11,0,8,98,0,49,77,33,96,77,15,11,2,0,95,10,0,36,8,0,104,110,106,3,51,0,99,0,97,1,1,74,7,12,11,11,11,12,9,11,17,98,47,111,93,90,17,8,99,15,8,4,14,89,61,9,93,0,97,3,0,0,99,24,100,3,97,8,3,15,93,11,0,101,3,3,6,0,7,5,50,4,0,0,0,116,3,29,11,37,0,9,8,5,16,95,0,74,11,11,3,35,0,11,3,8,0,69,29,14,11,11,8,0,102,11,11,37,11,104,11,95,12,19,104,96,15,0,7,3,4,0,0,3,100,4,4,22,0,52,94,104,0,27,1,0,12,7,4,0,4,0,5,1,0,0,110,4,0,6,63,0,16,0,11,0,0,85,13,79,11,25,8,3,12,26,8,2,97,1,94,0,94,28,12,7,63,35,6,25,100,24,11,104,7,21,5,14,12,34,11,37,6,15,106,11
18,72,22,63,109,100,112,111,74,14,79,63,112,112,4,112,31,26,102,17,0,65,3,112,53,68,40,107,27,113,11,60,5,78,110,35,26,3,92,3,0,113,31,83,30,112,1,0,13,39,112,56,106,7,110,1,0,112,98,17,112,1,112,88,89,107,60,89,30,22,3,89,110,109,113,106,113,1,45,3,112,110,112,22,112,112,107,115,38,3,78,61,13,58,0,94,3,3,99,4,61,34,57,44,89,112,88,106,91,99,48,57,26,86,106,91,48,35,2,113,1,112,81,108,52,112,44,110,112,82,41,97,112,25,4,112,112,112,113,10,37,106,74,27,24,113,110,112,115,79,112,102,102,112,112,45,78,24,91,77,58,101,112,3,3,0,67,96,1,109,0,115,92,50,112,59,64,11,15,0,23,103,6,3,18,33,3,0,3,40,4,23,112,47,68,15,3,26,54,3,7,21,11,3,48,43,0,1,0,3,18,1,80,29,3,3,10,115,5,3,111,3,35,41,3,15,47,3,107,0,58,53,3,8,2,0,0,37,26,0,3,38,112,80,4,35,1,25,0,61,3,4,8,0,3,3,5,42,8,112,92,3,0,22,7,0,12,58,112,2,20,7,0,3,1,47,0,1,3,3,107,1,3,25,21,32,80,3,0,0,0,1,28,25,44,84,28,18,111,0,9,25,3,3,3,40,112,110,3,0,96,7,3,87,3,3,3,115,3,110,3,10,22,80,56,27,0,1,0,50,8,1,0,52,0,3,3,3,26,3,0,0,3,81,0,0,39,3,3,5,18,105,4,8,58,79,3,9,13,1,3,20,116,19,26,20,113,7,38,115,90,112,5,8,68,7,112,112,102,3,116,0,13,77,57,97,5,25,3,3,106,4,0,22,0,16,112,55,5,0,105,3,2,17,52,50,4,86,3,57,1,2,1,3,4,3,3,13,3,3,0,95,1,0,1,106,110,80,3,62,2,67,113,67,25,3,110,2,98,107,3,2,0,103,115,112,83,74,111,111,3,0,105,13,3,112,57,83,17,111,78,3,0,2,39,33,8,4,0,4,54,68,5,112,3,102,3,11,8,0,4,3,0,36,3,0,0,3,8,69,9,3,1,85,30,2,0,6,3,31
49,8,43,0,3,4,0,0,12,21,0,21,1,0,31,0,43,36,5,59,57,21,86,0,40,9,49,8,23,2,55,6,28,7,3,34,23,29,0,30,96,0,38,22,62,0,61,89,32,49,1,45,5,83,0,52,86,0,14,41,0,12,0,0,19,3,29,5,32,51,23,21,1,2,0,3,2,68,13,21,0,2,0,35,0,0,0,0,50,31,14,20,8,38,23,14,23,29,0,29,19,14,38,48,0,1,21,3,7,2,3,26,29,0,7,15,27,52,61,3,12,0,0,3,7,0,12,0,0,8,29,1,0,23,12,0,0,0,0,29,20,5,36,54,72,3,2,0,1,29,1,0,9,0,0,58,32,29,25,14,43,8,0,55,32,72,29,0,61,2,24,0,17,0,0,38,20,37,67,52,23,5,23,25,32,63,27,87,32,52,18,23,0,23,5,19,36,23,41,31,89,65,12,37,46,18,83,38,59,28,69,37,14,10,27,27,23,0,61,38,0,32,58,50,15,29,3,27,6,23,38,2,37,23,12,59,80,25,23,27,32,48,0,5,42,54,40,23,88,26,30,17,49,35,28,55,30,50,52,0,0,29,34,70,60,66,48,20,0,7,35,79,86,21,68,32,5,75,41,34,2,13,58,63,78,59,15,30,49,54,52,12,57,23,50,10,56,29,0,25,35,8,28,37,16,53,1,2,22,12,13,38,64,19,32,35,39,0,85,2,37,54,23,25,10,14,76,55,79,43,58,56,30,10,11,38,83,34,23,34,36,56,37,22,32,11,51,29,14,36,31,7,29,16,17,0,27,13,29,10,29,15,0,63,23,67,0,37,32,0,18,0,51,46,13,74,0,1,0,29,0,116,50,15,26,15,59,29,74,29,5,23,23,41,7,6,0,41,0,39,6,23,39,75,43,46,22,0,37,19,61,60,60,32,67,26,72,81,32,28,54,13,21,21,74,1,2,21,25,8,12,17,0,11,23,32,2,89,3,0,56,30,43,0,1,0,29,2,0,3,26,28,6,22,21,0,26,6,48,0,0,16,34,30,52,35,5,16,60,7,23,15,23,1,20,12,24,76,59,24,68,82,93,27,36,86,60,32,32,23,71,58,63,14,58,18,18,23,30,61
85,10,1,35,10,18,13,18,29,1,23,7,13,13,0,13,1,34,14,83,99,4,59,13,66,32,79,11,0,14,109,6,35,13,15,8,0,0,29,1,57,16,97,8,74,13,97,61,51,73,13,3,10,77,16,72,56,17,11,7,13,10,17,37,11,14,34,16,25,85,0,8,13,13,13,15,13,87,5,11,13,14,13,1,13,13,15,13,91,2,11,5,24,67,15,7,5,0,21,0,8,0,71,63,34,13,12,15,13,23,16,37,0,38,13,26,7,11,88,13,30,13,40,15,32,17,9,16,13,8,7,27,16,0,2,13,16,13,16,31,20,11,10,77,49,13,15,13,13,29,13,20,10,13,13,58,7,0,10,9,1,9,13,104,23,42,6,32,95,14,2,13,24,40,13,67,4,0,81,23,0,15,0,21,41,72,15,32,23,62,0,0,17,0,35,3,27,0,65,19,52,62,28,28,66,6,65,0,101,40,68,44,11,55,16,0,0,13,44,34,16,23,75,62,8,0,37,1,12,46,67,6,28,0,5,98,64,0,0,12,23,90,17,11,62,18,77,0,56,13,21,24,107,17,0,46,36,84,107,14,29,1,8,72,100,99,111,33,16,13,5,45,56,0,70,37,34,41,85,0,15,15,105,74,66,76,34,27,1,34,91,28,77,0,80,40,76,0,14,66,34,2,0,32,64,79,14,15,31,19,11,45,92,27,23,16,18,13,62,15,26,49,0,26,7,26,67,94,78,67,106,96,63,12,22,29,66,16,0,30,11,96,28,24,1,24,54,0,0,1,0,11,0,3,51,28,28,6,0,30,0,2,13,71,0,75,13,0,6,13,18,17,50,17,5,49,13,13,23,11,13,50,116,7,46,13,92,7,85,0,11,28,44,93,34,0,13,64,37,42,14,0,0,69,66,65,54,43,0,5,102,88,99,23,93,0,87,58,23,0,97,9,7,4,76,21,15,9,0,43,21,4,16,7,0,23,14,75,23,22,100,63,1,25,13,13,9,24,18,13,17,3,13,42,0,13,18,23,112,17,22,0,2,24,81,6,22,11,100,8,26,9,0,13,0,11,6,66,103,20,44,73,63,6,27,70,95,23,2,34,59,99,73,13,78,1,29,16,21,74
14,40,8,57,73,76,76,76,53,24,70,44,77,76,23,76,32,5,74,17,0,99,12,76,21,44,25,79,61,78,4,26,28,44,79,24,60,37,70,37,6,76,7,60,18,76,1,3,18,22,76,44,73,16,74,0,3,76,76,16,76,1,76,61,68,78,49,66,20,15,37,68,76,74,76,79,78,1,41,18,76,76,76,34,76,76,76,77,20,37,76,45,13,24,0,71,37,37,76,38,53,56,24,18,70,77,65,75,55,72,45,55,60,61,83,76,39,29,0,80,10,76,59,75,45,76,43,74,76,67,21,71,76,59,6,76,76,76,76,19,17,72,55,14,8,80,76,76,78,84,76,76,78,76,76,23,57,58,86,70,44,77,76,3,37,3,42,70,4,75,3,77,76,47,76,24,92,45,12,3,57,79,40,32,13,20,37,9,37,18,33,57,76,81,59,16,21,60,21,37,10,31,9,37,18,39,3,40,0,0,14,13,77,23,37,37,44,77,30,31,74,37,21,18,28,49,47,3,73,29,24,47,37,42,10,5,3,71,60,26,37,18,76,44,3,43,0,59,5,62,37,3,4,13,37,27,22,24,7,76,70,37,3,20,3,0,7,50,76,5,3,10,3,23,3,48,0,25,3,37,78,0,3,18,21,18,75,37,9,3,0,0,17,59,26,72,14,52,76,19,26,8,37,25,3,21,76,76,31,6,76,15,0,77,37,37,37,77,19,76,37,13,56,76,42,36,3,0,3,18,4,1,0,50,0,37,19,37,60,31,3,0,37,76,3,0,14,37,18,8,52,76,38,4,56,70,32,19,47,0,37,20,77,16,60,14,76,41,18,77,76,76,2,7,87,10,76,76,72,37,77,15,7,116,48,76,3,7,5,37,72,31,0,4,0,14,76,21,5,3,79,37,15,13,21,18,3,59,37,49,0,25,0,37,3,37,4,12,37,37,0,73,3,3,1,76,76,59,37,37,1,75,76,59,59,37,78,17,73,76,4,1,3,72,78,76,60,64,76,78,37,3,79,11,23,76,61,68,7,76,72,26,3,20,27,17,8,4,1,8,20,43,39,77,32,79,37,2,4,3,32,16,3,34,37,5,0,37,8,37,12,6,1,70,17,17,0,8,37,18
27,25,31,68,54,72,57,61,82,26,63,41,57,57,1,57,46,5,64,30,41,48,15,57,6,61,21,63,16,57,53,24,3,31,57,17,15,0,63,0,31,59,35,53,14,57,46,44,26,21,58,58,52,31,57,32,35,59,64,12,57,2,59,79,59,64,79,73,5,24,0,64,60,53,57,63,57,28,25,12,57,55,57,44,57,57,62,57,30,0,40,49,30,11,32,56,0,0,69,1,20,20,13,3,68,57,58,54,37,71,43,96,15,81,55,71,45,44,46,57,29,57,86,55,59,59,37,57,57,39,43,60,59,14,4,57,59,57,59,0,47,51,70,20,18,57,55,57,57,65,58,60,58,57,57,20,71,13,61,47,60,58,57,38,0,42,50,70,39,54,11,57,63,62,57,11,48,16,30,23,12,63,3,0,31,15,0,32,0,5,1,12,60,36,80,15,0,15,8,0,35,6,46,0,5,40,42,3,41,20,23,31,48,64,0,0,7,57,0,0,57,0,14,5,4,4,67,17,53,22,11,24,0,5,3,37,27,26,15,7,0,33,59,33,17,59,41,14,35,80,0,19,43,28,0,10,22,22,41,57,63,0,10,18,43,46,45,49,59,10,29,35,42,0,37,84,25,13,38,8,61,8,38,19,16,15,66,4,22,44,41,15,18,14,25,81,20,7,57,24,0,7,0,3,28,19,61,55,5,15,67,0,34,77,0,0,0,57,10,55,0,23,11,69,22,0,48,40,33,7,39,44,41,31,23,0,14,0,15,6,10,41,0,65,19,19,10,0,0,27,23,50,1,8,91,66,3,6,2,29,0,22,57,22,15,22,57,12,42,57,59,59,39,22,35,35,57,58,68,0,57,26,46,48,116,54,44,24,38,0,51,4,35,35,25,1,57,8,27,35,65,0,13,37,7,6,37,81,8,41,40,35,40,0,40,0,29,14,0,0,41,54,12,13,44,66,55,65,0,61,31,51,59,28,14,0,60,23,71,62,35,41,22,65,57,57,69,55,60,59,0,10,60,63,0,57,46,65,48,59,63,0,21,7,30,40,22,13,40,3,7,30,2,57,0,51,0,17,37,15,3,20,42,35,0,22,46,0,16,22,26,37,28,40,17,6,33,20,0,13
16,74,28,57,95,93,98,96,63,21,68,70,98,98,15,98,40,29,92,20,0,62,13,98,47,70,35,98,24,97,14,60,0,75,95,46,23,12,82,12,11,97,26,85,29,98,3,11,22,36,99,62,96,14,96,8,11,97,92,31,99,6,97,76,94,96,64,82,36,21,6,95,101,93,99,94,97,3,47,1,98,96,98,28,98,98,96,96,33,12,75,55,6,52,11,83,6,12,90,13,70,26,50,40,78,98,93,91,90,88,43,54,35,76,103,78,65,51,2,97,1,98,71,95,40,97,53,96,98,83,47,88,96,22,7,98,96,98,97,7,43,92,79,24,20,96,96,98,96,77,99,91,89,98,98,51,84,33,94,66,64,90,98,3,6,11,70,83,4,95,11,96,81,42,98,53,61,20,14,9,22,92,7,1,23,35,6,17,6,36,2,22,97,44,59,29,6,23,49,6,18,27,9,6,44,37,5,11,0,3,18,1,70,25,6,10,8,96,6,1,97,6,32,37,4,24,43,14,94,6,52,45,6,6,4,0,11,34,23,10,6,33,97,77,13,50,2,22,5,58,6,7,8,11,11,6,15,39,8,99,82,11,9,29,7,3,12,48,96,4,28,15,11,11,1,45,5,9,3,9,95,7,3,28,26,29,71,6,17,5,0,9,23,22,41,76,25,27,98,0,3,28,11,8,3,37,99,96,5,6,90,7,3,80,6,10,12,96,6,96,6,12,19,73,48,23,5,1,4,44,6,1,0,45,5,6,6,9,23,8,6,0,6,95,11,0,35,12,4,16,15,91,13,14,50,69,1,9,22,10,12,15,97,20,23,26,99,16,44,96,74,97,16,19,62,12,98,99,87,9,97,15,13,76,54,116,10,33,11,12,92,7,0,19,6,10,98,49,3,8,94,8,15,28,48,45,4,73,12,49,1,8,1,6,3,9,1,24,6,11,0,84,9,10,3,95,96,85,8,65,12,68,97,64,22,6,98,9,88,94,5,2,11,88,96,98,89,64,97,98,6,9,93,20,11,98,60,76,17,96,72,3,10,4,38,43,14,12,0,3,54,67,6,98,3,88,6,9,5,0,7,1,11,29,6,3,2,6,13,57,10,3,4,80,27,14,5,9,6,28
84,5,20,25,8,16,5,9,38,8,16,5,5,5,11,5,22,23,14,95,95,0,65,5,56,19,66,7,0,5,92,3,30,5,5,5,0,0,14,1,70,7,78,7,79,5,93,75,43,67,6,20,8,84,7,76,63,7,10,5,5,6,7,23,9,12,41,14,27,88,0,8,8,5,5,11,5,88,5,6,5,5,5,12,5,5,10,5,75,2,3,18,17,56,31,22,5,0,15,0,5,0,58,67,17,5,8,6,6,21,19,52,0,25,5,29,9,8,104,5,38,5,30,9,36,7,10,7,5,5,9,13,7,0,5,5,7,5,7,26,24,8,12,78,59,5,5,5,5,25,6,6,16,5,5,49,9,0,5,18,20,17,5,99,20,59,4,16,93,5,14,5,23,27,5,56,0,0,87,39,0,11,0,18,32,67,12,46,20,70,0,0,8,0,36,7,32,0,59,16,66,65,25,25,60,2,79,2,97,50,80,43,18,41,13,3,0,5,49,31,7,20,77,69,2,0,25,12,9,38,56,3,25,0,3,94,73,2,0,21,20,76,7,5,53,13,82,0,72,22,18,34,93,38,0,43,50,69,95,5,14,1,23,74,106,99,91,37,7,10,12,63,76,0,72,46,25,46,86,0,9,16,98,84,73,80,19,22,22,51,94,21,80,0,70,25,84,0,5,53,31,2,0,25,49,72,9,5,21,15,13,40,92,27,20,13,15,5,68,5,23,56,0,31,13,23,85,94,90,61,100,94,59,14,30,26,70,13,0,34,28,98,25,15,14,25,51,0,0,15,0,10,0,8,42,16,25,2,3,27,0,10,5,87,0,89,5,0,10,5,26,7,51,27,5,63,5,6,12,8,5,59,92,3,44,10,116,8,93,0,8,24,49,73,26,1,5,59,28,44,9,2,4,70,60,60,57,27,0,19,94,80,97,20,97,0,83,64,20,0,92,20,11,12,80,14,5,9,0,32,29,3,7,3,0,20,8,82,21,10,96,58,22,11,5,5,5,15,8,7,14,20,6,45,0,5,16,28,91,7,16,0,16,37,75,12,16,20,96,1,22,18,0,5,0,11,6,69,99,28,49,74,77,21,24,83,103,20,15,31,67,96,88,5,81,8,22,11,18,77
3,54,86,0,25,32,25,26,19,53,0,62,25,25,51,25,51,28,29,5,4,4,16,25,25,47,11,34,0,27,11,62,3,45,28,42,1,16,19,17,27,25,22,44,8,25,7,34,28,14,26,49,25,10,25,30,46,25,41,66,26,64,25,20,45,32,14,43,41,2,13,47,28,27,25,32,27,10,38,27,25,27,25,53,25,25,28,25,6,14,18,49,39,25,70,22,9,20,29,15,31,3,25,19,20,25,49,28,32,23,26,10,6,22,22,9,70,58,7,25,23,25,23,28,2,25,54,25,25,22,94,17,25,2,62,25,25,25,25,4,74,23,54,0,36,27,23,25,25,0,26,27,25,25,25,41,58,8,32,1,51,27,25,3,1,56,69,22,3,23,80,25,5,14,25,25,0,16,9,51,2,35,9,4,56,10,2,40,1,23,11,2,25,0,4,68,16,1,25,2,36,0,52,1,27,33,30,40,4,33,15,34,2,29,2,6,8,25,0,9,25,1,5,23,27,8,10,80,24,3,25,31,1,9,52,2,36,1,1,36,1,7,25,47,29,43,15,2,30,22,2,43,7,40,14,1,19,12,2,25,19,14,67,7,5,9,6,16,25,56,105,38,36,33,21,13,52,13,8,16,30,64,3,12,17,6,19,1,67,53,3,56,1,2,15,7,1,8,25,11,9,38,15,14,31,10,29,23,3,60,43,22,8,20,1,6,7,25,5,23,1,31,1,7,27,4,25,3,21,23,3,1,23,15,46,0,5,5,1,4,49,4,1,27,83,51,38,24,35,75,9,18,15,72,3,5,1,50,7,57,16,47,25,13,1,10,25,16,97,25,4,25,43,76,1,42,25,26,20,5,25,29,7,7,24,33,8,116,10,18,23,20,29,19,54,46,25,25,44,46,34,36,75,35,24,26,26,22,19,24,3,2,3,1,9,12,13,32,1,15,3,23,77,79,22,28,23,56,11,41,62,23,25,18,2,1,30,11,24,25,2,25,82,22,25,25,53,9,25,29,2,66,33,38,34,25,21,17,9,25,2,17,70,9,20,72,52,62,3,54,52,41,10,25,14,24,9,8,2,45,5,5,36,28,2,14,5,1,62,26,23,0,12,18,3,54,64,56,2,6
73,6,24,19,7,11,4,5,35,4,8,9,3,4,13,4,24,27,7,80,90,5,79,4,58,19,64,4,5,4,91,4,29,6,5,14,5,5,8,6,85,6,74,12,81,4,92,79,45,63,4,26,6,87,7,74,67,6,10,17,2,8,6,19,15,8,42,9,28,74,5,12,6,3,3,9,3,90,12,11,4,5,4,21,4,4,7,4,74,7,5,16,15,56,16,17,10,5,9,5,7,1,59,67,8,3,16,4,4,13,7,40,5,20,8,24,17,22,93,2,33,4,23,3,27,6,5,7,4,3,12,9,7,5,14,4,7,4,6,33,20,9,18,76,68,3,6,4,3,31,4,2,13,4,4,52,15,5,14,14,24,13,4,88,28,60,10,11,92,6,13,4,21,19,4,55,5,5,89,36,5,10,5,21,26,77,20,60,28,73,0,5,5,5,30,16,41,5,59,24,70,72,19,33,63,7,83,8,92,43,83,36,14,29,21,5,5,4,57,35,6,28,76,71,4,5,22,16,9,45,56,4,33,5,2,92,77,5,5,27,28,73,6,4,54,23,72,5,74,19,26,32,82,35,5,51,46,67,85,3,8,6,25,73,97,98,81,25,7,6,16,63,74,5,73,44,19,57,69,5,7,15,91,84,92,77,14,32,29,52,83,15,78,5,67,19,75,5,4,56,35,4,5,41,46,71,5,6,30,10,12,46,97,20,28,21,23,4,81,6,31,55,5,24,14,24,74,88,94,61,93,89,51,16,22,34,85,21,5,39,30,87,33,15,13,30,58,5,0,17,5,11,5,15,36,11,23,12,5,22,5,10,3,81,5,86,3,5,15,4,22,6,48,29,7,67,4,4,8,16,3,74,85,5,38,11,93,10,116,5,9,28,40,72,20,2,4,59,19,47,3,5,13,72,62,63,41,21,5,21,94,86,93,28,96,5,93,80,28,5,87,18,15,15,85,6,6,13,5,23,23,7,6,5,5,28,5,97,13,7,85,51,24,10,3,4,6,14,5,5,22,19,4,39,5,4,21,15,83,7,10,0,16,36,68,18,12,20,92,6,21,17,5,3,0,13,11,75,93,29,60,79,81,21,32,83,98,28,24,32,61,86,84,7,77,9,20,14,26,79
5,26,12,0,0,0,0,0,0,35,0,27,1,0,59,0,15,56,0,0,0,54,39,0,0,7,0,0,90,0,0,19,76,22,0,50,91,114,0,111,12,0,0,4,0,0,0,6,43,0,0,6,2,16,0,7,6,0,0,55,0,18,0,0,8,0,6,0,20,0,107,6,0,0,0,0,0,0,26,54,0,0,0,25,0,0,0,3,0,112,39,17,22,0,14,0,107,114,0,113,49,77,0,0,0,1,6,0,19,0,17,0,91,0,7,0,29,32,0,6,28,0,0,0,5,0,8,0,0,12,16,1,0,92,30,0,0,0,0,66,23,0,6,0,0,2,0,0,4,12,0,0,0,0,0,7,6,93,12,8,6,0,0,0,91,15,15,0,4,0,25,3,0,1,0,0,55,98,0,27,92,0,107,87,10,11,92,27,91,0,102,92,0,72,0,33,53,91,0,92,6,27,10,86,0,6,0,85,0,14,0,19,18,17,92,104,106,3,62,65,0,91,0,0,75,98,0,25,0,59,0,23,86,107,43,8,6,76,91,68,91,0,0,22,13,36,1,92,9,0,92,16,0,46,112,68,46,0,0,0,0,112,25,15,0,0,0,1,0,26,17,3,6,83,0,2,23,49,0,98,0,20,0,0,5,0,0,87,27,11,0,25,7,92,0,0,0,98,0,35,63,49,113,61,2,0,2,0,81,31,0,25,0,0,91,96,92,3,40,0,86,17,91,1,18,57,0,0,0,0,0,0,22,27,22,85,36,95,91,77,22,0,86,18,13,17,0,106,72,12,91,0,113,24,0,0,86,39,97,24,114,25,3,0,91,0,0,98,16,3,6,0,6,16,50,1,0,0,0,95,3,29,0,37,0,12,0,18,5,116,0,64,6,0,24,49,0,0,18,19,0,84,42,6,0,0,10,0,101,7,0,26,0,91,0,110,1,11,91,113,0,0,19,24,0,0,0,6,109,6,25,22,0,50,92,91,0,16,1,0,1,20,17,0,4,0,8,1,0,0,92,20,0,25,84,0,11,0,0,0,0,86,13,62,0,25,27,21,1,41,20,22,108,1,105,0,107,13,1,11,52,24,6,23,87,13,0,91,26,11,0,3,0,32,0,58,13,15,92,0
22,73,23,58,113,93,110,105,74,13,74,59,109,110,5,110,34,32,96,19,3,58,3,110,59,62,41,100,24,106,9,62,3,82,105,31,23,0,87,0,8,106,26,78,39,110,5,5,16,42,109,61,108,7,105,3,2,105,93,16,108,3,105,81,83,101,60,83,32,23,0,82,107,103,109,100,107,6,51,0,110,105,110,22,110,110,104,107,36,0,69,57,13,56,3,94,0,0,93,1,57,32,52,54,85,109,82,101,88,92,46,54,23,80,103,85,44,33,7,104,3,110,75,101,55,105,39,105,110,75,37,93,107,22,11,110,107,110,106,16,34,116,73,37,32,106,112,110,106,77,109,98,96,110,110,40,72,21,85,78,59,97,110,7,0,5,64,91,9,113,0,107,94,45,110,55,57,8,19,4,20,97,3,0,19,41,0,5,0,48,1,20,105,44,61,21,5,23,58,0,12,29,9,0,57,44,5,0,3,6,23,3,83,29,0,0,7,107,5,2,104,0,43,50,1,12,44,1,114,0,56,58,0,5,1,7,4,34,23,2,0,33,105,80,10,29,4,22,3,57,0,6,10,3,0,0,9,42,3,108,87,0,1,30,12,5,7,59,107,6,18,10,5,0,3,51,1,3,7,0,100,0,9,33,27,41,76,0,3,5,4,3,31,22,40,79,35,15,109,4,6,27,0,7,0,48,104,112,0,1,91,14,7,81,0,0,0,107,3,112,0,12,19,78,66,25,3,5,5,60,12,3,2,60,4,0,3,0,23,0,3,3,0,75,1,1,43,0,0,5,15,107,1,13,54,74,0,15,10,1,0,21,106,22,23,27,109,4,35,107,92,105,2,9,66,12,110,109,95,0,106,5,11,72,51,92,8,23,9,0,116,0,4,17,0,14,110,59,6,0,99,0,0,12,60,59,7,79,0,59,5,0,3,0,9,0,8,21,0,0,4,99,3,0,5,100,112,74,0,55,1,59,106,62,22,0,105,7,92,100,10,0,3,98,106,110,77,74,104,106,0,2,99,11,0,110,53,79,10,106,73,0,1,4,33,28,7,6,3,6,57,75,2,109,0,100,0,18,14,3,6,8,5,39,0,3,3,0,12,75,12,7,6,76,40,0,3,6,0,41
27,2,17,8,0,1,0,0,5,43,6,4,0,0,45,0,0,46,0,21,29,48,44,0,19,15,15,1,62,1,27,0,75,0,1,31,63,64,8,63,23,1,28,6,19,0,24,4,24,14,0,0,1,25,0,40,8,2,0,35,1,32,2,6,2,0,6,1,0,33,66,1,0,1,1,0,1,27,6,39,0,0,0,15,0,0,1,3,23,63,16,0,19,19,20,0,65,64,0,63,17,57,20,19,9,0,3,0,0,3,1,0,62,5,5,0,6,31,25,4,49,0,5,6,13,2,12,0,0,4,12,6,0,63,29,0,0,0,1,62,12,0,0,19,11,1,0,0,3,10,0,5,0,0,0,17,1,63,6,9,0,0,0,28,78,5,0,9,32,0,17,3,0,22,0,20,48,63,24,24,63,0,66,72,33,25,77,20,78,19,61,63,1,62,6,20,47,63,20,81,4,36,25,80,20,1,7,62,28,6,15,32,14,17,72,66,63,3,71,84,1,78,19,19,85,63,10,17,0,55,19,5,80,63,32,34,16,63,63,64,78,23,2,0,28,7,37,63,16,4,78,29,29,20,63,62,65,22,29,2,8,63,12,25,24,27,29,25,0,22,17,12,7,34,19,4,27,50,34,63,2,28,28,19,24,19,6,82,15,21,25,22,31,63,19,6,25,63,1,70,84,10,64,82,48,19,2,0,87,21,0,39,30,0,78,77,73,3,49,0,78,3,63,2,0,48,5,28,20,19,28,25,20,16,23,79,53,78,63,79,8,29,80,10,17,27,27,72,38,11,63,0,63,17,9,9,73,40,66,27,64,2,4,17,63,19,1,63,12,3,6,2,11,0,41,22,0,0,5,74,4,23,28,31,4,7,24,20,28,64,0,116,29,27,27,25,0,19,30,16,0,71,34,16,19,19,33,10,63,4,29,43,29,78,24,63,28,21,78,64,24,0,27,19,20,1,0,0,66,25,19,11,1,30,63,78,0,27,3,2,28,21,17,7,3,0,1,5,2,0,74,20,1,13,35,0,15,2,29,1,5,47,17,61,19,10,16,26,28,40,0,0,67,0,62,1,65,23,27,31,63,41,8,9,80,29,23,78,8,23,16,24,23,9,20,49,28,29,78,19
44,4,33,49,3,9,0,5,35,49,33,1,0,0,40,0,33,5,3,37,57,0,16,0,13,35,19,0,6,1,40,15,9,0,2,15,6,6,22,4,30,3,40,8,19,0,52,39,33,25,0,22,5,31,5,60,19,4,1,12,0,49,4,28,3,3,27,13,29,41,6,2,0,4,0,4,0,41,19,45,0,3,0,29,0,0,4,0,21,6,0,9,58,12,66,10,10,4,14,6,8,9,16,22,25,0,1,6,0,12,30,29,4,29,0,10,3,24,50,0,74,0,33,5,59,4,43,5,0,19,22,18,3,6,36,0,3,0,3,13,30,4,11,31,30,0,0,0,0,12,0,9,7,0,0,10,10,4,0,31,22,8,0,56,10,25,8,17,44,1,39,0,4,59,0,12,0,14,31,32,8,4,6,16,37,14,11,23,10,22,13,8,4,4,45,32,33,6,16,7,30,20,65,8,16,45,41,10,55,60,26,49,11,37,16,16,6,0,23,13,5,10,19,23,35,10,59,33,3,36,12,19,8,7,40,47,13,10,6,26,10,22,4,0,46,8,73,6,34,38,11,69,53,32,7,4,48,12,51,1,22,6,49,19,47,47,47,39,3,51,28,27,40,21,62,37,71,8,59,21,4,54,53,21,19,21,14,14,41,41,64,63,25,6,12,18,31,7,1,41,12,26,6,8,73,15,1,0,20,57,3,39,48,3,10,6,8,0,19,0,10,21,10,8,27,19,51,58,30,18,48,61,46,22,74,9,23,6,6,12,42,60,8,13,51,72,5,14,28,48,14,4,6,36,40,30,10,33,13,65,6,34,0,30,6,22,0,18,22,0,8,4,59,42,5,42,0,0,14,11,0,23,44,0,35,0,49,29,40,6,4,29,116,49,70,23,0,15,68,46,3,8,36,11,15,16,64,28,19,36,52,36,53,10,43,9,37,18,10,6,60,10,39,41,54,8,0,3,7,44,57,15,3,4,6,10,1,28,12,9,52,41,50,10,0,0,9,33,5,0,15,50,4,41,21,0,24,28,42,4,32,24,52,28,15,21,57,56,54,35,16,10,6,0,11,4,9,27,47,69,24,24,33,41,8,28,53,10,35,18,47,57,45,0,24,35,68,75,11,20
66,18,16,39,18,29,21,25,42,0,25,22,21,21,0,21,5,43,21,68,90,4,46,21,70,49,56,22,0,23,92,17,30,19,23,24,0,0,46,1,45,25,103,27,52,21,82,48,51,57,21,16,21,66,26,64,43,26,20,20,22,15,26,50,24,21,21,28,17,68,2,25,21,22,22,22,22,80,1,9,21,24,21,3,21,21,22,21,68,2,18,20,32,73,16,14,3,0,32,0,15,0,77,67,47,21,27,23,21,32,16,28,0,49,18,7,19,23,73,21,40,21,51,24,34,26,10,26,21,3,22,39,24,0,0,21,24,21,25,25,35,17,23,55,60,21,21,21,21,12,21,33,17,21,21,74,24,0,21,7,16,16,21,89,21,29,22,40,82,20,3,21,4,42,21,74,4,0,66,16,2,22,0,19,30,53,13,22,21,65,2,2,26,0,31,0,25,0,71,17,39,47,29,26,70,15,50,3,92,39,51,51,1,42,18,2,0,21,42,32,27,21,53,65,8,0,45,3,18,51,73,1,26,0,9,81,51,0,0,9,21,70,26,19,58,11,74,0,43,17,19,26,92,18,0,34,36,63,94,23,46,1,14,52,77,84,98,18,24,17,20,36,43,0,67,26,37,34,74,2,24,20,86,52,53,54,21,25,5,19,86,33,57,0,60,26,59,0,22,62,32,0,0,29,65,57,21,21,29,23,20,41,81,8,21,16,18,21,50,21,28,36,0,5,0,23,60,83,63,71,83,91,54,11,25,27,54,16,0,27,17,91,26,31,2,29,64,0,0,5,0,17,0,0,44,23,23,4,0,33,0,7,22,52,0,52,22,0,21,21,0,26,49,16,0,34,21,21,36,11,22,41,93,4,35,19,73,19,72,0,17,27,49,116,37,0,21,70,37,35,23,0,0,58,70,69,45,52,0,0,91,76,92,21,76,2,76,46,21,0,88,14,4,5,63,28,21,24,0,52,22,4,25,14,0,21,21,62,30,31,86,56,5,33,21,21,24,17,27,21,15,9,24,33,0,21,14,38,93,25,24,0,6,21,60,23,25,14,92,6,34,14,0,21,0,18,4,54,81,28,46,59,50,0,25,61,86,21,3,38,50,89,66,18,56,0,26,21,19,52
23,37,37,50,0,7,0,5,26,51,37,33,0,0,59,0,39,8,1,16,40,0,10,0,2,44,2,0,0,1,30,37,2,31,2,13,0,22,22,23,2,3,30,7,1,0,31,17,59,3,0,8,0,16,3,52,15,4,2,45,0,86,4,28,7,1,24,11,54,20,21,6,0,0,0,2,0,25,46,31,0,1,0,33,0,0,2,0,9,21,0,29,85,0,80,1,15,26,12,21,11,5,4,2,27,0,10,2,6,10,58,24,6,29,0,4,33,22,26,0,70,0,31,2,47,4,53,3,0,30,37,16,3,0,72,0,3,0,3,5,60,0,8,7,2,0,0,0,0,8,0,11,1,0,0,8,7,6,0,19,8,1,0,38,0,36,24,19,26,0,81,0,0,66,0,0,0,6,11,50,0,2,15,5,53,1,0,13,0,2,20,0,4,0,39,67,17,0,1,0,8,0,83,0,2,32,9,43,39,62,2,48,0,69,0,12,15,0,0,10,3,0,0,1,44,6,63,75,0,24,0,50,0,15,78,29,13,0,0,34,0,10,4,31,51,6,47,0,2,24,0,85,39,45,20,0,40,2,37,1,22,20,71,10,27,31,37,28,3,89,50,12,15,48,28,21,114,8,44,6,2,93,35,1,1,3,15,4,45,35,37,99,5,0,0,18,8,6,1,40,10,50,21,11,82,0,1,0,11,99,2,27,27,1,0,4,6,0,1,0,0,32,0,2,43,5,17,35,10,2,31,37,68,36,82,0,5,3,0,1,53,39,0,19,67,94,8,30,51,59,0,0,21,77,38,36,0,69,6,109,22,58,0,6,0,2,0,6,38,0,0,4,50,50,0,14,0,0,14,3,0,7,34,0,25,6,26,54,20,24,0,27,70,37,116,60,0,0,106,68,3,42,63,8,0,0,70,30,9,24,36,26,37,0,23,18,21,10,0,21,38,1,76,82,23,8,0,7,17,48,98,17,3,0,0,0,1,10,10,9,34,70,62,12,0,0,7,38,5,0,0,72,4,73,47,0,21,20,32,4,36,28,58,6,1,15,90,88,38,75,35,30,16,0,23,0,15,1,29,79,0,4,15,21,0,8,33,0,59,0,15,35,18,0,4,66,93,66,0,0
7,47,27,20,13,5,13,12,4,59,24,40,14,13,72,13,33,20,3,1,0,21,15,13,15,7,13,10,30,13,0,56,29,42,12,14,30,47,3,49,1,13,2,7,12,13,1,3,34,11,13,4,11,4,13,5,17,12,8,29,12,67,12,5,10,8,6,15,59,2,54,7,11,13,13,8,13,0,65,67,13,13,13,43,13,13,8,16,8,46,18,32,55,12,56,5,46,51,5,48,32,35,11,13,1,14,7,12,23,3,47,2,29,4,13,11,40,4,3,15,28,13,1,11,21,12,41,13,13,41,31,5,13,31,85,13,13,13,13,26,32,14,6,10,5,15,13,13,17,5,13,7,10,13,13,9,7,30,6,22,4,10,13,1,29,24,30,3,4,14,68,16,14,17,13,12,20,33,4,29,31,7,50,35,25,9,33,16,29,9,55,31,12,19,17,68,52,30,11,33,3,7,47,26,10,45,1,49,0,57,6,21,11,37,30,38,46,16,21,32,13,29,13,10,45,33,24,65,13,13,12,70,26,46,89,4,15,22,30,28,29,8,12,42,39,19,2,31,3,15,30,52,0,31,48,26,12,10,0,12,3,48,56,9,3,1,0,3,13,76,40,11,3,82,0,3,62,32,9,34,7,65,2,7,11,13,5,29,50,23,2,63,16,31,11,4,9,32,12,17,38,73,48,25,36,12,13,13,29,70,5,55,1,5,29,34,28,16,14,13,26,28,30,4,60,27,1,1,1,13,3,0,37,36,60,26,14,35,30,25,59,0,26,4,58,57,18,39,89,49,30,14,48,75,1,20,29,82,32,61,47,69,16,3,30,2,13,33,31,16,21,12,37,58,14,1,13,13,8,35,16,6,0,14,1,10,1,46,2,49,14,25,23,0,60,116,13,12,60,29,11,57,64,2,11,13,28,3,35,37,0,7,1,29,3,46,2,24,29,48,1,7,68,69,1,10,13,15,51,2,63,38,13,23,31,29,11,2,3,10,2,38,51,5,17,13,10,33,11,12,30,58,11,36,81,13,14,1,0,12,21,66,50,32,7,23,64,63,1,92,45,37,49,14,56,13,46,10,6,46,16,15,3,37,27,3,1,29,63,14,0,2,1,15,13,73,57,39,30,14
18,76,22,62,113,99,116,111,74,12,78,63,115,116,2,116,31,29,102,17,0,62,0,116,57,68,41,106,24,112,11,63,2,82,111,33,23,0,91,0,3,112,32,83,34,116,1,0,14,40,115,56,108,7,111,0,0,111,98,17,114,3,111,87,89,107,60,89,30,21,0,88,113,109,115,106,113,3,48,0,116,111,116,22,116,116,110,113,38,0,75,61,12,62,0,94,0,0,99,1,58,32,58,48,89,115,87,107,94,98,48,57,23,86,109,91,48,34,2,110,0,116,81,107,51,111,44,111,116,80,41,97,113,22,8,116,113,116,112,14,37,110,74,31,27,112,114,116,112,79,115,104,102,116,116,46,77,21,91,74,58,101,116,3,0,0,68,97,3,113,0,113,96,49,116,61,61,8,14,0,20,103,3,0,20,36,0,0,0,43,1,20,111,44,67,18,1,23,58,0,7,24,11,0,52,45,0,0,0,2,18,0,79,29,0,0,7,113,2,1,110,0,39,44,0,12,47,3,110,0,62,57,0,5,0,1,0,34,23,2,0,39,111,84,7,35,0,22,0,61,0,3,8,0,0,0,6,44,7,114,91,0,0,25,7,0,11,57,113,5,20,7,0,0,0,47,0,0,3,0,106,0,3,28,22,36,80,0,0,0,0,3,27,22,46,85,30,15,115,1,6,29,0,5,3,44,110,114,0,0,96,11,2,87,0,0,0,113,0,114,0,10,19,80,60,25,0,0,0,54,8,1,0,56,0,0,0,0,23,0,0,0,0,81,0,0,40,0,0,5,15,109,1,11,58,80,0,12,10,0,0,21,112,19,23,22,115,4,38,113,88,111,5,8,65,7,116,115,101,0,112,0,13,76,57,98,5,25,4,0,110,0,0,21,0,13,116,59,5,0,105,0,0,17,56,53,3,85,0,54,0,2,0,0,4,0,3,16,0,0,0,95,1,0,0,106,114,80,0,61,2,65,112,64,22,0,111,2,98,106,6,1,0,104,112,116,83,75,110,112,0,0,105,13,0,116,57,83,16,112,77,0,1,0,39,32,8,4,0,3,58,71,2,115,0,102,0,12,8,0,2,2,0,34,0,0,0,0,9,70,9,3,3,82,34,0,0,6,0,35
68,59,18,9,62,42,59,54,23,0,21,40,58,59,5,59,10,53,45,74,55,7,47,59,110,29,88,49,0,55,62,47,32,57,54,19,0,0,36,1,50,55,83,37,91,59,54,39,32,91,58,23,59,60,56,36,40,54,41,19,57,3,54,30,40,50,15,32,47,73,0,37,56,56,58,49,56,60,28,7,59,56,59,0,59,59,53,56,89,2,35,31,2,113,2,43,5,0,42,0,40,4,109,105,32,58,36,54,58,41,18,0,0,29,54,34,25,14,54,53,3,59,24,53,10,54,13,56,59,37,28,42,56,0,8,59,56,59,55,41,25,59,31,84,76,55,57,59,55,24,58,47,45,59,59,91,34,0,36,27,25,44,59,60,23,22,43,40,60,56,0,56,39,4,59,112,6,0,71,10,0,46,0,21,26,90,15,22,23,100,0,0,54,0,10,13,31,0,115,19,46,76,1,28,109,16,45,0,57,25,71,18,32,7,16,0,0,56,49,35,55,23,96,101,0,0,1,3,59,22,113,35,28,0,0,58,50,0,0,13,23,90,54,59,47,10,36,0,45,12,21,6,63,5,0,36,24,95,58,57,36,1,6,76,64,57,62,25,56,5,20,41,36,0,38,4,0,34,41,0,49,0,60,85,77,93,25,23,3,12,48,8,84,0,97,28,82,0,58,35,40,25,0,30,28,101,53,57,21,0,39,54,54,30,23,16,18,56,55,57,26,40,0,23,41,46,43,50,57,111,65,54,17,34,3,29,55,16,0,29,11,52,28,32,0,1,87,0,0,0,0,52,0,11,1,23,25,10,0,0,0,4,55,72,0,79,58,0,25,56,37,54,35,26,22,43,59,58,44,11,55,41,64,21,8,49,59,25,59,0,59,19,15,70,0,12,59,116,3,11,48,0,0,62,113,110,12,28,0,14,57,53,57,23,61,0,60,65,23,0,53,44,1,0,42,49,57,29,0,26,2,15,55,35,0,23,54,57,41,49,63,16,3,47,55,59,40,26,53,55,17,1,48,1,0,59,21,28,67,55,20,0,1,26,90,20,3,6,57,3,75,50,0,58,0,45,6,63,65,3,49,59,43,17,27,57,57,23,5,77,49,58,53,42,91,0,0,1,21,92
27,34,30,53,5,12,5,10,28,43,42,27,5,5,50,5,32,3,6,19,39,2,3,5,6,38,6,5,2,6,30,31,3,30,7,6,2,16,25,17,1,8,33,2,3,5,31,10,58,7,5,1,3,14,6,42,8,9,6,38,5,82,9,33,1,6,18,10,50,23,25,0,5,5,5,7,5,24,46,31,5,4,5,35,5,5,7,5,12,15,5,32,89,3,72,6,16,20,17,15,8,7,7,6,32,5,3,7,3,15,64,25,0,34,5,9,27,15,25,5,73,5,36,7,53,9,44,6,5,27,31,19,8,2,72,5,8,5,8,5,53,6,1,11,1,5,5,5,5,13,5,16,6,5,5,2,0,0,2,25,1,7,5,42,0,29,18,24,27,6,71,5,5,71,5,3,2,0,10,45,0,7,21,5,55,3,3,6,0,4,24,0,9,2,44,59,15,2,4,3,1,3,86,0,4,33,8,39,38,61,1,51,5,79,0,8,18,5,0,14,6,0,3,5,45,0,63,68,5,24,3,56,0,18,78,30,6,2,2,34,0,13,9,30,43,0,48,2,1,26,0,89,42,38,16,0,34,5,40,6,25,16,64,7,29,30,40,33,8,89,43,11,8,41,27,21,108,8,51,4,7,85,39,3,0,5,20,4,38,38,38,89,9,2,3,23,10,0,6,44,13,41,17,13,82,3,6,5,11,91,6,25,26,6,0,2,0,5,0,5,0,33,2,7,50,8,16,34,9,6,34,37,73,40,80,0,4,3,2,1,52,38,0,16,59,94,10,24,48,52,2,5,15,69,40,41,0,73,0,101,16,55,5,8,2,4,5,0,31,5,6,9,42,42,6,13,5,5,19,3,5,0,37,5,27,3,28,44,19,18,6,30,68,37,106,60,5,3,116,61,8,44,53,1,3,4,78,35,3,22,35,26,36,0,22,16,20,0,0,17,39,6,72,74,22,13,5,1,19,45,89,16,8,5,2,0,6,9,15,14,38,73,55,17,5,5,1,43,10,5,0,67,9,69,40,5,23,23,35,9,41,28,51,7,4,8,83,78,37,75,33,29,22,5,25,5,16,2,33,82,1,5,8,25,0,7,32,0,54,3,14,39,17,5,8,57,91,58,0,4
34,29,54,27,0,6,0,2,21,27,14,38,0,0,34,0,41,8,9,38,52,0,38,0,13,36,33,4,0,3,43,33,5,27,4,29,0,17,12,19,38,1,25,22,29,0,46,64,50,31,0,31,0,38,1,70,58,1,13,52,1,58,1,18,22,8,39,5,51,34,16,22,2,6,0,10,2,54,25,13,0,3,0,33,0,0,5,0,30,17,0,36,60,11,42,9,12,21,11,17,7,0,12,12,13,0,24,8,6,8,38,34,6,20,0,18,44,37,48,0,56,0,23,2,21,1,37,1,0,11,48,10,1,0,49,0,1,0,1,0,65,0,25,32,28,2,0,0,0,15,0,4,8,0,0,25,25,6,10,10,31,8,0,46,0,65,31,5,41,0,65,0,13,36,0,11,0,6,43,86,0,13,11,1,62,22,4,44,0,20,11,0,1,0,18,51,0,0,11,0,55,13,45,0,15,27,56,41,50,41,46,49,8,57,4,17,11,0,5,0,1,0,24,18,35,10,32,65,0,17,11,27,0,12,46,38,56,4,0,45,0,29,1,27,22,27,63,0,49,20,1,58,48,74,17,14,29,24,45,0,12,16,71,34,43,44,45,37,1,49,53,49,62,26,66,45,66,25,47,11,8,59,43,34,35,25,29,4,47,71,52,63,28,0,27,22,29,7,0,14,0,24,16,10,38,24,3,0,6,56,15,10,50,26,0,4,10,0,25,0,0,67,4,22,20,4,52,50,51,11,39,53,66,28,52,0,29,3,0,6,53,50,0,11,59,64,22,25,19,64,0,0,17,55,38,9,5,42,10,63,17,47,0,47,0,34,0,10,51,0,13,1,28,45,0,57,0,0,7,8,0,39,42,3,35,8,44,46,47,19,0,16,46,35,68,29,0,11,61,116,6,32,41,51,12,13,73,14,14,14,47,35,48,0,52,15,55,35,0,16,53,8,56,66,54,2,0,22,14,33,61,4,1,0,0,0,5,42,9,3,44,68,52,5,0,0,16,10,1,3,5,64,9,80,25,0,47,16,40,1,18,20,58,10,33,31,55,62,49,39,38,30,11,0,13,6,11,39,38,67,13,36,58,13,0,49,54,0,55,9,53,45,59,0,25,43,45,54,1,27
19,65,31,64,102,105,105,105,77,15,79,70,105,105,3,105,40,20,103,23,3,62,2,105,46,72,36,110,24,107,13,54,1,71,108,37,23,0,92,0,6,105,31,88,25,105,6,9,15,35,106,65,100,11,103,1,9,105,107,22,104,1,105,88,94,108,58,96,31,16,0,96,108,103,105,108,107,1,41,0,105,105,105,31,105,105,104,105,32,0,75,72,17,51,8,95,0,0,104,1,58,31,51,39,92,105,90,103,85,100,53,65,23,90,100,85,57,41,9,104,2,105,85,105,52,105,53,103,105,73,50,92,105,22,4,105,105,105,105,3,48,99,83,20,28,107,103,105,105,74,106,102,101,105,105,49,85,21,93,69,67,102,105,6,0,9,73,96,3,102,9,105,85,51,105,51,61,8,19,7,20,107,3,0,17,26,0,9,0,36,1,20,104,44,68,18,0,23,48,0,16,16,16,0,42,43,9,3,3,6,21,5,74,32,0,0,7,105,2,0,103,0,28,37,0,12,50,12,101,2,51,51,0,5,1,2,9,34,23,4,0,31,105,73,5,41,3,22,9,72,0,4,11,9,0,0,7,34,9,105,92,0,7,17,10,6,13,54,105,3,29,16,9,0,3,57,3,3,6,0,104,1,6,23,25,25,84,0,9,9,3,2,21,22,41,86,20,15,105,2,4,18,0,0,6,33,109,103,0,2,105,6,0,92,0,0,0,105,0,103,0,16,19,82,49,19,11,2,8,43,9,4,3,48,5,0,0,0,23,3,7,3,0,85,9,1,39,0,0,14,15,98,1,12,61,79,0,7,10,5,0,24,105,22,23,19,105,4,47,105,80,105,13,17,59,16,105,106,101,0,105,6,14,79,65,94,9,34,3,0,99,0,3,23,3,11,105,48,8,6,116,0,3,26,47,44,5,85,0,52,2,4,2,0,9,0,5,17,0,0,3,96,10,9,3,109,103,89,0,61,10,68,105,64,22,0,110,4,101,105,5,3,9,96,105,105,89,73,104,109,0,7,111,20,0,105,62,88,16,105,81,0,8,4,40,40,12,7,2,2,47,64,2,105,0,102,0,8,7,4,5,5,9,38,0,6,5,0,16,65,14,5,2,77,23,3,5,10,0,24
3,31,34,0,0,0,0,0,0,40,0,34,1,0,67,0,24,26,4,2,0,52,31,0,2,11,0,0,63,0,0,26,50,29,0,24,63,82,0,83,18,0,0,0,0,0,0,6,50,0,0,8,2,14,0,11,10,0,0,61,0,46,0,0,6,0,4,0,25,0,89,2,0,0,0,0,0,2,34,33,0,0,0,29,0,0,0,3,0,80,22,29,38,0,34,4,80,86,0,81,25,52,0,0,0,1,2,0,2,2,31,4,62,0,7,0,36,24,2,6,44,0,0,0,3,0,12,0,0,8,31,1,0,64,56,0,0,0,0,40,36,0,4,0,6,2,0,0,4,12,0,0,0,0,0,3,2,63,12,8,8,0,0,0,63,29,20,0,4,0,49,3,0,9,0,0,49,66,0,49,64,0,83,59,36,6,67,26,63,0,78,64,0,60,0,48,29,63,0,67,8,22,40,60,0,4,6,99,0,26,2,37,14,35,64,72,79,3,52,64,0,63,0,0,79,66,0,49,0,35,0,33,60,80,69,8,8,65,63,80,63,0,0,29,6,16,9,64,15,0,64,42,0,38,82,46,43,0,0,0,0,82,44,11,0,0,0,9,0,56,41,16,8,59,0,1,43,42,8,68,0,44,0,0,5,0,2,63,33,35,0,38,7,64,0,0,0,66,0,36,58,23,83,51,18,0,2,0,57,51,0,17,0,2,63,68,62,3,34,0,60,33,63,5,26,33,6,0,6,0,0,0,36,35,38,60,34,69,63,56,38,0,60,14,37,45,12,90,56,31,63,0,81,48,0,0,58,63,65,42,82,33,3,2,63,4,0,66,31,3,6,0,4,21,39,15,0,0,0,69,3,23,0,37,0,8,2,36,5,84,0,71,8,0,42,57,0,0,44,32,0,116,56,8,0,0,34,0,69,7,0,28,0,63,0,80,1,7,63,83,0,2,47,48,0,0,0,4,85,10,47,20,0,27,64,63,0,16,3,0,1,38,39,0,4,0,6,1,0,0,64,44,0,40,58,0,17,2,0,0,0,62,33,46,0,9,40,37,1,67,25,27,84,1,81,0,80,7,1,37,42,22,8,12,61,11,0,63,47,7,4,3,4,15,0,66,41,12,64,0
0,31,62,14,0,4,0,0,1,76,14,30,1,0,80,0,52,16,3,1,1,22,30,0,2,18,1,5,24,0,2,35,16,22,0,21,25,40,0,41,25,0,0,14,4,0,4,27,29,0,1,27,2,15,0,27,41,0,11,51,0,71,0,0,11,1,8,15,44,0,37,13,1,0,0,0,0,6,54,56,0,0,0,68,0,0,0,2,0,38,17,22,42,0,80,4,33,44,0,39,27,16,0,0,0,1,13,0,7,0,32,8,30,0,7,0,43,48,3,5,21,0,0,1,10,0,49,0,0,30,57,1,0,26,78,0,0,0,0,12,40,0,24,0,18,1,0,0,3,12,1,0,2,0,0,12,24,32,17,18,27,1,0,0,25,47,38,0,0,0,83,2,0,26,0,0,21,40,1,42,26,2,33,21,48,12,26,38,25,4,28,26,0,24,10,79,48,25,0,26,27,14,65,25,3,37,21,52,1,39,5,25,6,22,26,30,32,2,23,27,0,25,0,2,36,32,19,80,1,14,0,38,25,33,80,1,31,23,25,43,25,0,0,22,39,44,12,26,23,23,26,53,0,31,38,25,27,0,0,0,0,38,66,12,2,5,0,12,0,73,74,29,27,71,14,4,61,26,5,40,0,71,0,5,12,1,2,23,75,42,0,66,5,26,0,0,1,32,0,8,20,48,39,25,40,0,3,0,17,76,10,41,6,4,25,30,31,2,29,0,25,23,25,5,30,12,16,1,13,0,0,0,20,15,51,24,27,29,25,16,48,1,25,22,86,56,12,48,66,78,33,0,39,79,0,14,20,79,31,66,40,55,2,7,25,9,0,40,60,2,4,0,50,68,19,33,0,1,0,29,2,39,0,15,13,15,4,75,13,42,0,34,36,0,63,64,0,0,53,41,3,56,116,19,0,3,24,0,43,32,1,17,1,25,1,36,7,30,25,39,0,3,77,82,18,1,0,20,35,19,70,44,0,14,26,25,0,19,1,0,1,23,81,0,3,0,21,20,0,1,26,65,3,38,72,0,20,0,0,0,14,40,73,15,1,48,57,71,2,74,25,20,34,1,31,2,33,8,1,45,17,9,27,35,26,11,1,25,63,1,17,3,6,16,0,84,73,61,26,3
62,20,40,3,14,26,17,18,11,16,10,38,17,17,9,17,45,35,31,77,64,3,73,17,61,21,75,26,0,19,76,13,27,18,20,30,0,6,14,7,77,17,58,41,73,17,65,85,26,73,18,45,14,71,17,60,91,17,35,32,18,17,17,10,42,26,33,20,41,63,0,44,20,19,17,26,19,75,2,4,17,19,17,31,17,17,22,17,77,8,17,31,10,65,21,23,0,6,23,6,20,0,65,56,15,17,42,20,24,24,18,35,6,12,17,29,37,36,70,17,6,17,15,20,0,17,23,17,17,18,38,14,17,0,13,17,17,17,17,21,34,12,47,64,72,19,15,17,17,20,18,17,21,17,17,84,47,6,30,8,47,21,17,62,17,70,37,17,65,15,35,17,23,3,17,65,3,6,82,53,0,29,0,15,44,70,12,66,17,64,0,0,17,0,9,20,21,0,62,16,94,56,12,22,64,12,81,15,66,24,85,29,12,19,12,4,0,17,38,33,17,17,68,62,3,6,6,41,13,21,65,8,22,0,5,61,99,2,0,26,17,78,17,20,48,44,46,0,81,29,15,14,64,39,5,40,24,76,64,17,14,6,39,75,68,71,68,22,17,6,45,86,84,5,59,31,6,52,48,3,24,17,62,79,80,69,35,17,37,50,58,12,69,0,81,30,66,6,17,31,31,9,5,29,27,73,21,15,15,8,37,37,68,46,17,20,24,17,62,15,22,68,0,37,7,24,75,58,92,60,62,65,31,7,9,23,62,19,0,31,39,63,22,27,34,12,72,6,3,38,0,10,6,23,20,13,22,0,6,11,6,21,17,82,0,85,17,6,41,17,20,17,56,48,7,79,17,18,17,14,17,75,69,13,37,28,70,35,72,6,12,16,11,58,8,2,17,62,1,51,26,8,19,116,61,63,19,10,6,12,65,57,65,17,75,3,76,75,17,5,61,18,29,32,62,20,15,39,2,18,21,11,17,14,0,17,22,73,25,17,61,32,38,17,17,17,40,10,17,21,11,33,25,32,5,17,33,18,71,17,12,2,37,28,88,44,10,19,65,5,37,17,0,17,2,16,1,69,61,18,46,69,91,27,21,83,71,17,33,35,72,61,74,17,68,16,12,16,15,71
68,56,17,9,59,41,56,51,21,0,21,39,55,56,5,56,11,55,44,75,55,7,49,56,111,27,89,48,0,52,65,44,32,58,52,17,0,0,36,1,53,52,81,35,94,56,56,42,34,88,55,26,57,58,53,37,43,52,40,18,54,3,52,28,39,49,14,30,50,73,0,36,55,53,55,48,53,60,30,7,56,53,56,1,56,56,51,53,90,2,33,30,2,110,3,42,5,0,41,0,38,4,107,108,32,55,35,51,55,40,18,1,0,27,52,31,24,16,57,50,3,56,22,51,9,52,12,53,56,34,27,42,53,0,11,56,53,56,52,42,24,60,34,85,79,52,58,56,52,26,55,45,42,56,56,89,33,0,34,26,24,43,56,60,23,25,42,38,63,57,1,53,40,4,56,109,6,0,74,11,0,45,0,21,26,91,15,25,23,103,0,0,51,0,8,16,31,0,113,19,49,78,1,28,110,15,48,0,57,27,74,18,33,7,16,0,0,53,49,35,52,23,97,104,0,0,1,2,60,22,110,36,28,0,0,60,53,0,0,14,23,87,52,56,49,8,37,0,46,13,21,6,63,6,0,36,24,96,58,55,36,1,7,77,66,60,62,25,53,5,19,42,39,0,38,7,0,34,41,0,47,1,62,88,80,94,25,23,4,15,48,8,84,0,96,26,83,0,56,37,39,22,0,31,28,102,52,58,21,0,38,55,56,29,23,16,18,53,55,58,26,42,0,25,42,46,44,52,59,112,67,54,17,36,3,29,55,16,0,30,12,52,28,30,1,1,88,0,0,1,0,53,0,14,1,21,25,11,0,1,0,3,52,73,0,82,55,0,24,53,36,52,34,25,21,46,56,55,41,11,52,43,66,21,7,48,60,24,62,0,60,19,15,70,0,11,56,113,3,12,47,0,0,61,116,111,12,26,0,17,59,53,57,23,63,0,62,68,23,0,53,47,4,1,44,47,58,28,0,24,3,13,52,33,0,23,53,59,40,47,63,16,4,44,52,56,38,28,51,54,17,2,46,2,0,56,22,29,65,53,21,0,2,27,87,19,3,6,57,4,72,53,0,55,0,48,6,64,66,3,49,61,46,20,27,57,58,23,8,78,49,58,54,40,92,0,2,1,21,93
69,53,19,6,56,37,53,49,21,2,20,36,52,53,6,53,13,55,41,72,55,4,51,53,110,24,88,45,0,50,63,45,33,55,49,19,0,0,33,1,53,50,80,36,94,53,55,44,35,88,54,28,53,58,51,38,45,49,42,20,51,4,49,25,36,46,11,28,52,72,0,33,52,50,52,44,50,61,28,7,53,51,53,3,53,53,47,51,88,2,30,27,3,107,4,39,5,0,37,0,35,4,104,107,31,52,36,49,54,36,16,1,0,24,48,29,21,19,56,48,3,53,21,49,11,49,9,51,53,32,24,39,51,0,12,53,51,53,50,42,24,59,36,86,79,50,55,53,50,23,54,41,41,53,53,87,35,0,32,27,26,42,53,61,23,27,39,37,62,56,3,51,37,3,53,106,3,0,73,14,0,41,0,21,27,93,15,27,23,103,0,0,49,0,7,13,32,0,109,19,51,77,0,28,112,16,50,0,57,29,76,18,32,8,16,0,0,51,49,36,50,23,94,105,1,0,0,4,59,22,107,33,28,0,2,61,55,0,0,16,23,87,49,53,51,6,37,0,48,10,21,9,62,8,0,36,25,93,57,51,33,1,9,79,67,59,61,24,51,5,21,44,41,0,40,5,1,34,42,0,44,2,63,90,82,94,22,23,6,17,49,7,86,0,91,23,83,0,52,38,40,22,0,33,27,99,49,55,21,1,40,56,58,26,23,16,18,51,57,55,26,40,0,23,41,46,44,52,62,113,66,53,18,32,5,29,57,16,0,29,14,52,28,29,4,3,92,0,0,3,0,50,0,14,0,20,25,10,0,1,0,5,50,75,0,84,52,0,26,51,36,49,35,28,23,48,53,54,39,11,50,46,65,18,6,45,60,26,63,0,59,19,16,69,0,13,53,110,4,13,44,0,3,63,111,116,13,25,0,18,59,52,57,23,63,0,63,70,23,0,54,44,6,3,46,45,55,25,0,23,2,11,50,33,0,23,48,62,36,44,63,16,6,42,50,53,36,27,48,51,17,5,44,0,0,53,19,27,64,50,17,0,2,28,86,21,0,9,57,7,71,48,0,52,0,43,6,69,68,5,50,62,48,22,27,60,57,23,10,80,52,59,54,37,93,1,3,3,21,96
54,20,37,39,6,11,3,7,33,17,23,17,3,3,38,3,19,5,3,45,64,0,20,3,10,36,27,4,0,5,48,24,8,21,5,14,0,8,27,10,22,7,39,9,30,3,61,40,48,35,3,12,9,36,8,70,20,8,3,29,4,54,8,32,0,3,38,7,24,55,19,1,3,8,4,4,4,50,20,11,3,6,3,6,3,3,4,3,30,8,3,25,55,9,46,11,10,12,14,8,5,0,13,20,28,3,4,9,3,14,34,40,0,31,3,24,17,14,55,3,87,3,33,9,49,8,18,8,3,3,20,20,6,0,39,3,6,3,7,0,44,7,0,42,14,3,3,3,3,26,3,15,8,3,3,8,1,0,0,23,12,9,3,66,0,48,9,22,55,4,35,3,21,51,3,10,0,0,38,71,2,4,12,1,70,20,7,31,0,17,14,2,8,0,35,29,9,0,13,3,31,19,55,0,13,15,38,29,62,48,31,66,18,79,6,18,9,3,8,9,9,0,30,18,42,4,40,33,6,30,9,21,0,10,43,57,22,4,0,25,0,32,8,21,19,10,84,0,31,15,1,79,63,52,10,14,44,25,63,5,27,9,40,34,55,56,59,59,6,54,25,41,41,14,63,47,72,30,85,8,6,57,65,30,22,32,30,4,31,64,73,55,36,0,22,34,43,1,4,39,8,10,9,14,55,25,3,3,12,56,3,1,59,16,0,2,4,3,22,3,2,48,4,22,30,9,48,69,35,15,60,64,87,41,68,0,26,3,0,0,42,67,0,16,33,72,15,16,16,28,0,8,8,35,53,22,5,42,7,67,8,22,4,38,0,30,4,4,20,3,25,8,18,13,4,39,3,3,18,8,4,22,54,3,37,4,57,26,41,10,7,33,64,45,70,28,3,12,78,73,5,34,24,19,12,13,116,34,5,12,61,38,64,0,48,12,46,22,0,9,67,11,43,38,57,10,3,0,13,50,55,0,7,3,0,0,3,31,12,13,63,88,35,15,3,3,0,17,9,3,5,51,6,68,13,3,30,27,55,7,22,17,31,13,22,8,49,54,62,41,25,29,12,3,12,9,9,35,60,78,10,32,34,11,0,33,58,0,33,10,46,66,52,3,35,29,57,42,1,31
26,45,22,83,82,89,85,89,99,12,79,44,85,85,0,85,24,22,85,13,30,56,0,85,26,81,14,82,24,87,40,40,2,51,87,34,23,0,92,0,0,89,61,68,7,85,31,9,31,17,85,49,81,21,86,24,0,90,80,19,86,8,90,106,74,85,72,85,8,24,0,73,85,82,86,86,86,18,28,4,85,84,85,22,85,85,86,85,24,0,61,48,36,31,13,77,0,0,88,1,41,28,35,22,97,85,77,83,64,96,41,77,23,105,80,70,41,36,25,85,29,85,107,85,78,90,38,86,85,54,34,89,88,22,0,85,88,85,89,4,46,79,61,14,15,85,83,85,85,71,85,89,80,85,85,26,64,21,75,62,51,79,85,33,0,7,46,104,27,82,0,85,65,80,85,32,56,8,15,0,20,86,3,0,19,12,0,0,0,20,1,20,90,44,94,6,0,23,29,0,0,7,35,0,26,30,7,0,30,19,4,24,58,59,0,0,7,85,2,0,87,0,8,20,8,12,77,3,80,24,31,29,0,5,2,29,0,34,23,0,0,28,90,53,21,33,30,22,0,58,0,23,38,11,0,0,21,19,38,87,92,0,0,11,32,29,42,58,88,10,20,0,7,0,20,67,30,0,33,0,88,13,33,7,4,9,69,4,0,9,30,21,12,22,18,82,15,15,86,30,0,11,0,6,33,13,85,83,10,16,80,2,27,72,0,0,0,85,0,83,0,2,19,66,29,7,13,31,8,27,38,29,30,37,18,0,4,0,23,0,0,30,0,83,0,20,22,0,0,5,15,78,1,2,88,87,0,8,10,30,0,19,86,9,23,5,86,4,33,85,61,90,20,3,50,0,85,85,96,0,86,0,43,59,81,73,27,22,21,0,79,10,28,52,30,3,85,28,35,14,85,0,0,10,26,25,34,116,0,47,31,26,31,0,25,0,20,2,0,0,30,75,5,2,23,92,83,72,0,92,20,54,89,49,22,0,85,11,94,91,30,32,0,97,85,85,64,72,91,85,0,0,84,38,0,85,37,84,47,89,74,0,0,0,18,33,23,8,30,6,27,45,2,85,0,79,0,5,36,17,3,6,7,25,0,0,25,0,7,44,5,31,12,65,11,0,26,17,0,7
6,12,21,1,0,0,0,0,0,42,0,13,1,0,46,0,17,58,0,0,1,54,39,0,0,6,4,0,92,0,0,14,78,8,0,56,93,103,0,101,20,0,0,5,0,0,4,18,29,4,0,18,2,16,0,6,14,0,0,44,0,3,0,0,8,0,6,0,14,1,92,6,0,4,0,0,0,0,12,68,0,0,0,27,0,0,0,3,0,102,41,3,9,0,15,0,98,99,0,103,51,79,0,0,0,1,6,4,21,0,3,0,93,0,7,0,15,41,1,6,23,0,0,0,6,0,7,0,0,12,17,1,0,94,15,0,0,0,0,68,10,0,14,4,8,2,0,0,4,12,0,0,0,0,0,7,14,95,12,12,18,0,0,0,93,17,17,0,4,0,10,3,0,0,0,0,55,108,0,20,94,0,97,90,11,11,98,41,93,0,92,94,0,72,0,18,55,93,0,94,18,27,11,88,0,19,12,70,0,8,4,29,22,3,98,103,96,3,62,65,0,93,0,0,74,104,1,10,0,65,0,9,88,98,28,8,6,80,93,53,93,0,0,8,13,46,4,94,21,8,95,3,1,41,103,70,47,0,0,0,0,102,10,15,0,0,0,4,0,11,18,15,18,68,13,6,8,51,5,113,0,5,0,0,5,0,1,89,36,20,4,10,7,94,0,0,0,101,0,35,63,39,102,63,1,0,2,0,84,16,0,25,0,0,93,98,98,3,40,0,88,3,97,1,4,63,12,4,0,0,0,1,9,14,17,87,36,97,93,79,17,0,88,18,22,4,0,95,61,23,101,0,103,9,0,0,88,24,103,9,103,11,3,4,93,0,0,112,17,3,6,0,15,19,50,9,0,0,0,102,3,37,0,37,8,12,0,19,5,101,0,63,19,0,9,35,0,0,3,14,0,69,43,6,0,0,5,0,116,11,0,26,0,93,0,101,1,11,93,102,4,0,4,9,12,0,0,6,100,7,10,22,0,52,94,93,0,16,1,0,1,7,18,0,4,0,16,1,0,0,99,7,0,12,69,0,16,0,0,0,0,85,24,68,0,36,14,6,1,26,14,8,97,1,94,0,97,17,1,4,52,24,14,33,89,13,0,93,13,15,13,3,4,34,0,43,14,26,95,0
17,33,31,53,57,52,54,55,60,48,62,19,54,54,38,54,50,9,62,20,9,47,23,54,13,27,19,50,25,54,6,48,5,30,53,26,24,7,45,7,22,54,4,40,26,54,15,26,2,18,54,55,55,17,52,15,22,54,54,9,54,33,54,43,47,60,57,62,44,18,7,44,56,58,54,59,54,13,63,38,54,52,54,57,54,54,59,57,14,6,38,37,31,11,40,71,7,7,53,8,33,36,11,22,48,54,47,57,33,58,44,57,24,45,54,63,31,22,21,58,20,54,48,51,56,54,63,52,54,72,18,50,54,25,40,54,54,54,54,17,12,59,44,25,23,55,56,54,57,62,54,47,65,54,54,4,39,24,48,82,53,65,54,8,6,22,20,51,11,56,42,57,61,44,54,11,49,11,22,23,23,57,10,13,6,21,11,27,6,30,13,23,54,45,69,37,39,24,14,7,26,24,21,6,19,64,26,7,9,50,34,12,74,15,11,11,12,57,16,10,52,6,21,28,13,23,60,39,59,7,11,50,6,12,33,10,24,45,24,12,6,11,54,28,34,24,13,25,24,61,7,33,4,24,7,6,10,13,4,54,45,7,45,22,20,13,0,51,54,30,26,24,26,31,15,59,23,12,12,11,58,36,11,30,22,22,45,4,47,26,13,31,21,25,12,47,22,18,54,8,11,47,7,6,24,16,59,56,3,30,56,35,16,60,6,7,10,57,18,56,6,16,28,69,63,27,21,15,21,16,15,10,6,41,45,6,16,7,24,14,51,9,6,42,46,34,18,7,36,49,16,61,8,48,48,64,6,31,19,23,7,60,57,33,24,31,54,15,21,57,65,54,35,40,55,23,54,54,49,11,57,19,5,49,41,49,19,24,21,7,59,4,36,0,24,37,54,14,22,14,52,7,32,12,17,18,12,47,11,116,10,1,9,6,20,7,15,29,6,7,12,70,40,40,18,53,56,50,7,24,30,65,54,34,25,6,57,21,60,49,7,5,47,54,57,54,34,73,54,55,11,43,51,11,31,54,42,57,2,54,62,28,42,29,15,27,37,45,8,34,22,43,9,54,12,59,7,26,14,38,14,14,22,64,7,22,15,6,53,37,20,7,21,45,21,35,26,44,7,24
86,0,11,31,3,8,0,4,35,0,19,3,0,0,7,0,11,28,0,87,111,0,64,0,56,28,66,1,0,2,101,0,35,2,2,11,0,0,21,1,67,4,84,6,77,0,105,71,48,67,0,13,4,84,3,83,59,5,1,8,1,14,5,29,3,0,40,7,20,87,0,4,0,1,1,1,1,101,4,11,0,1,0,4,0,0,1,0,77,2,0,9,30,54,16,7,5,0,11,0,2,0,58,65,24,0,8,2,0,11,12,41,0,28,0,20,3,9,98,0,44,0,30,3,39,5,7,3,0,0,3,14,3,0,2,0,3,0,4,29,18,5,6,79,59,0,2,0,0,24,0,12,4,0,0,53,5,0,3,12,11,4,0,109,23,52,3,19,106,2,2,0,19,36,0,55,0,0,91,34,0,1,0,21,37,67,15,42,23,64,0,0,5,0,31,2,34,0,58,19,62,64,25,28,61,9,75,3,113,48,76,58,12,48,16,0,0,0,51,34,4,23,76,63,8,0,38,4,5,49,54,2,28,0,7,105,69,0,0,12,23,77,5,0,60,13,90,0,66,15,21,32,103,27,0,46,43,72,107,2,21,1,18,74,102,109,103,35,3,15,4,55,66,0,84,45,35,51,90,0,3,19,110,77,75,79,24,27,11,44,102,32,79,0,67,31,80,0,1,66,34,0,0,34,62,72,0,2,31,21,1,45,102,13,23,16,18,0,70,2,26,57,0,20,9,21,77,108,88,61,106,106,72,17,30,29,74,16,0,29,23,108,28,13,0,31,53,0,0,4,0,6,0,3,55,19,28,6,0,31,0,4,1,73,0,77,1,0,4,0,20,5,47,18,0,59,0,0,15,11,1,61,102,0,40,1,94,3,94,0,5,29,52,91,36,0,0,57,35,47,2,0,1,65,59,59,61,31,0,10,116,86,113,23,101,0,101,66,23,0,108,9,7,4,88,7,2,3,0,31,19,0,4,0,0,23,0,84,9,10,106,73,11,12,0,0,3,16,6,0,17,12,3,42,0,0,18,21,100,4,18,0,5,30,67,5,22,15,113,8,17,9,0,0,0,7,6,74,105,32,55,83,73,10,27,82,107,23,11,28,71,105,87,0,80,0,28,18,21,76
68,5,0,24,1,8,2,5,24,9,15,6,3,2,18,2,0,30,2,71,84,28,72,2,55,19,59,2,26,3,88,2,45,4,3,6,26,26,13,27,59,5,78,1,62,2,83,53,51,57,2,0,3,87,5,60,50,5,1,16,2,4,5,24,4,2,26,7,19,68,26,2,2,2,2,3,2,74,9,25,2,3,2,9,2,2,2,2,72,28,18,6,19,54,12,1,31,26,8,26,14,17,57,54,15,3,2,3,2,11,9,30,26,24,9,15,10,7,79,5,24,2,26,2,24,5,3,5,2,3,4,11,5,26,6,2,5,2,5,38,16,0,1,65,44,3,2,2,3,32,2,5,2,2,2,49,1,26,14,9,0,1,2,86,49,34,4,15,87,1,2,2,12,26,2,54,25,26,72,15,26,3,26,42,23,67,41,35,49,52,21,26,5,26,26,7,44,26,53,45,44,67,24,54,52,0,57,25,86,38,58,30,2,37,42,26,26,2,63,54,5,49,63,52,21,26,25,2,1,61,54,5,54,26,11,94,56,26,26,30,49,74,5,4,57,24,65,26,52,9,47,16,85,11,26,72,51,64,88,2,13,27,7,65,85,86,88,19,5,17,2,39,48,19,57,30,26,59,67,26,3,10,86,62,67,64,13,53,6,26,77,21,68,26,64,23,64,26,2,70,49,0,26,46,52,63,2,2,45,23,1,51,76,12,49,42,44,2,83,2,52,40,26,13,0,31,60,79,69,54,87,83,50,6,16,55,87,42,26,49,8,81,54,27,2,19,46,26,14,2,26,2,26,2,36,15,44,18,26,26,26,2,2,60,26,62,2,26,3,2,12,5,46,16,18,41,2,2,13,37,2,60,88,25,35,8,80,2,86,26,0,43,36,76,26,7,2,53,26,35,4,28,17,57,53,52,38,26,26,1,86,116,86,49,81,26,76,61,49,26,82,1,4,4,64,7,2,2,26,26,22,14,5,13,26,49,2,85,12,8,84,51,0,10,3,2,4,14,5,2,43,2,2,38,19,2,18,13,88,5,13,17,2,33,64,2,16,7,87,9,19,1,26,3,21,2,32,56,87,12,59,75,55,2,53,64,86,49,2,23,45,87,64,14,66,14,22,7,47,62
89,0,12,32,3,8,0,4,36,0,20,3,0,0,8,0,14,26,0,90,112,0,63,0,54,28,63,1,0,2,99,0,35,0,2,11,0,0,22,1,66,4,84,6,76,0,104,70,45,67,0,12,4,85,3,84,58,5,1,8,1,15,5,29,3,0,41,7,18,90,0,4,0,1,1,1,1,102,2,11,0,1,0,4,0,0,1,0,75,2,0,10,31,54,17,8,5,0,11,0,2,0,58,64,25,0,8,2,0,11,13,44,0,28,0,21,3,6,97,0,47,0,30,3,40,5,7,3,0,0,3,15,3,0,1,0,3,0,4,27,18,3,4,78,58,0,0,0,0,23,0,12,5,0,0,53,5,0,3,15,12,5,0,110,23,51,3,19,105,0,3,0,18,37,0,55,0,0,90,37,0,1,0,21,38,65,15,41,23,63,0,0,5,0,32,0,35,0,58,19,61,63,26,28,59,10,74,3,114,47,75,59,11,49,16,0,0,0,52,34,4,23,75,62,8,0,39,4,3,49,54,0,28,0,8,104,68,0,0,12,23,77,5,0,58,13,93,0,67,18,21,35,104,30,0,46,44,70,108,2,22,1,21,73,101,108,104,38,3,16,4,58,65,0,85,44,36,52,91,0,3,20,109,76,74,78,25,27,14,43,105,33,80,0,67,31,79,0,1,64,34,0,0,32,63,70,0,0,31,22,1,43,101,13,23,16,18,0,71,0,26,56,0,19,8,21,80,107,87,59,105,107,73,16,31,29,75,16,0,29,26,109,28,13,3,32,51,0,0,7,0,5,0,2,56,19,28,4,0,32,0,5,1,76,0,76,1,0,4,0,21,5,47,18,0,58,0,0,15,11,1,60,99,0,40,1,97,3,93,0,3,29,53,92,37,1,0,57,36,48,2,0,1,65,57,57,64,31,0,9,113,86,116,23,100,0,98,65,23,0,109,8,5,5,87,7,0,3,0,31,22,0,4,0,0,23,0,83,9,10,107,74,14,12,0,0,3,14,6,0,17,15,3,43,0,0,19,22,100,4,19,0,6,31,67,5,23,18,114,6,17,8,0,0,0,6,6,73,104,35,56,82,72,9,27,85,110,23,10,26,72,106,90,0,79,0,27,19,21,75
26,2,0,0,0,0,0,0,0,27,0,4,1,0,35,0,0,69,0,23,21,54,50,0,23,0,19,0,92,0,23,0,101,0,0,45,93,93,0,92,27,0,23,0,23,0,19,5,23,17,0,0,2,35,0,13,9,0,0,36,0,0,0,0,2,0,0,0,1,18,88,0,0,0,0,0,0,23,8,62,0,0,0,15,0,0,0,3,23,95,41,0,5,23,0,0,98,89,0,93,44,78,23,23,0,1,0,0,15,0,0,0,87,0,7,0,6,27,18,6,18,0,0,0,5,0,0,0,0,5,0,1,0,93,9,0,0,0,0,89,0,0,0,19,15,2,0,0,4,12,0,0,0,0,0,18,0,88,12,8,0,0,0,23,116,2,0,0,27,0,0,3,0,0,0,23,55,93,23,8,93,0,93,109,1,34,108,28,116,23,88,93,0,72,0,8,76,93,23,112,5,50,0,111,23,5,11,61,23,6,19,16,18,0,109,93,93,3,85,83,0,116,23,23,63,93,0,0,0,78,23,5,111,93,22,31,17,76,93,56,116,23,0,0,22,32,13,93,20,0,114,0,21,27,93,93,53,23,23,0,0,94,0,26,23,23,23,0,0,5,0,5,2,59,4,2,0,65,9,93,0,0,23,23,28,23,0,112,14,8,14,0,30,93,23,0,18,93,0,53,81,29,93,83,18,23,2,0,104,6,0,46,18,0,116,109,101,3,63,0,109,7,93,1,0,74,9,16,23,23,23,19,7,10,6,110,59,109,93,102,5,18,111,12,0,0,20,85,54,0,93,0,93,0,0,0,111,20,93,0,93,7,3,19,93,23,0,93,0,3,6,0,7,0,50,13,0,0,0,104,3,32,23,37,0,6,20,1,28,91,0,78,10,21,0,29,0,23,0,0,0,63,25,17,23,23,0,0,93,6,23,49,23,116,23,93,24,22,116,93,19,0,0,0,8,0,0,0,93,0,0,22,0,52,93,116,0,39,1,0,24,5,0,0,4,0,2,0,0,0,110,0,0,3,60,0,11,0,23,0,0,74,5,81,23,20,5,0,24,20,1,0,93,1,88,0,99,30,24,0,75,47,9,24,110,36,23,116,3,22,6,24,16,34,23,33,0,8,114,23
85,4,22,19,7,8,4,7,40,5,14,9,4,4,8,4,22,28,11,86,98,0,70,4,60,19,72,3,0,7,95,4,33,6,9,10,0,0,10,1,76,5,79,11,82,4,98,82,38,72,4,24,7,94,5,68,70,6,6,11,4,7,6,19,17,11,42,9,28,83,0,12,5,6,4,13,6,92,8,11,4,7,4,14,4,4,10,4,80,2,0,20,29,58,15,19,5,0,9,0,2,0,60,70,13,4,14,9,4,15,9,42,0,21,4,27,13,16,101,4,35,4,26,7,28,6,13,5,4,4,13,10,5,0,6,4,5,4,5,33,28,9,16,84,69,6,6,4,4,27,4,3,16,4,4,57,13,0,10,16,22,16,4,96,23,63,8,16,99,6,11,4,24,21,4,58,0,0,104,41,0,13,0,21,26,71,15,53,23,73,0,0,6,0,34,6,35,0,62,19,73,69,20,28,64,8,86,8,100,47,91,53,18,35,16,0,0,4,54,34,5,23,81,72,4,0,25,14,9,40,58,4,28,0,2,97,80,0,0,17,23,79,6,4,56,18,77,0,77,26,21,23,90,38,0,46,39,73,92,5,10,1,25,79,107,102,88,37,5,7,14,66,77,0,79,56,22,57,77,0,12,4,99,86,86,84,19,27,22,55,91,19,84,0,73,23,84,0,5,57,34,4,0,31,49,76,6,6,27,11,9,47,93,25,23,16,18,4,71,6,26,64,0,33,14,25,88,95,99,65,103,97,59,18,25,29,75,16,0,34,30,95,28,10,11,22,63,0,0,15,0,11,0,11,42,16,28,8,0,20,0,13,4,85,0,85,4,0,14,4,25,6,47,28,4,70,4,4,11,11,4,67,93,3,40,3,97,9,96,0,9,24,43,76,23,3,4,61,22,52,9,0,1,75,63,63,48,25,0,20,101,81,100,23,116,0,100,72,23,0,95,21,13,13,83,10,6,13,0,23,20,0,5,0,0,23,8,92,15,6,94,58,22,11,4,4,10,17,7,6,17,19,8,41,0,4,20,18,90,6,10,0,14,36,79,13,13,14,99,4,21,18,0,4,0,14,6,82,101,31,62,91,84,18,27,89,104,23,23,34,68,93,86,4,85,5,21,15,21,81
6,21,6,3,0,0,0,0,0,31,0,22,1,0,55,0,10,55,0,0,1,54,36,0,0,3,0,0,92,0,0,17,78,19,0,49,93,112,2,110,12,0,0,6,0,0,0,3,40,2,0,3,4,16,2,3,3,0,0,53,0,12,0,0,5,0,3,0,15,1,107,3,0,0,0,0,0,0,25,56,0,2,0,24,0,0,0,3,0,111,41,16,22,0,8,0,111,108,0,112,48,79,0,0,0,1,3,0,18,0,16,0,90,0,7,0,24,30,1,6,30,0,0,0,6,0,4,2,0,9,10,3,0,94,26,0,0,0,0,68,19,0,3,0,0,2,0,0,4,12,0,0,0,0,0,4,3,92,12,8,3,0,0,0,93,10,10,0,4,0,19,3,0,0,0,0,55,97,0,21,96,0,110,89,4,11,94,26,93,0,107,96,0,72,0,27,55,93,0,94,3,27,8,88,0,9,0,81,0,13,0,20,18,16,96,108,109,3,62,65,2,93,0,0,75,97,3,19,0,63,0,22,88,111,39,8,3,76,93,66,93,0,0,19,10,35,2,94,9,0,95,14,1,42,114,70,44,0,0,0,2,113,19,12,0,0,0,0,0,22,11,0,3,79,3,4,19,48,3,104,0,16,0,0,5,0,1,89,21,9,2,19,7,94,0,0,2,98,0,35,63,48,113,63,1,0,2,0,84,25,0,25,2,0,93,95,91,3,40,0,90,16,93,1,17,61,2,0,0,0,0,3,22,29,18,87,36,94,93,79,18,2,88,15,7,19,0,104,70,8,93,0,112,20,0,0,88,37,96,18,112,26,3,0,93,0,0,97,10,3,6,0,4,12,50,0,0,0,0,95,3,26,0,37,0,9,0,12,5,110,0,63,9,2,18,46,0,0,16,15,0,80,36,3,0,0,12,0,101,7,0,26,0,93,0,116,1,8,93,113,0,0,13,20,0,0,0,3,111,4,19,22,0,52,94,93,0,16,1,0,1,20,11,0,4,0,5,1,0,0,95,16,0,23,80,0,12,2,0,0,0,88,9,64,0,25,25,15,1,37,15,19,110,1,105,0,110,15,1,11,52,24,3,25,89,13,0,93,24,11,1,5,0,34,0,52,7,15,95,0
77,3,22,18,6,1,3,2,25,1,10,8,3,3,8,3,22,30,5,78,96,1,70,3,59,16,72,4,1,5,89,2,36,5,5,20,1,1,10,2,77,3,73,17,83,3,92,82,37,69,2,24,8,87,2,81,70,3,10,18,5,21,3,16,12,4,40,0,27,79,1,12,2,6,4,5,6,106,7,12,3,4,3,14,3,3,3,2,75,3,1,12,29,57,5,12,6,1,2,1,3,1,56,66,11,3,17,5,2,5,3,30,1,15,4,19,10,18,88,2,29,3,15,6,30,3,7,2,3,2,11,6,2,1,8,3,2,3,3,32,18,8,15,79,70,4,5,3,2,23,2,7,9,3,3,58,15,1,11,14,22,8,3,94,24,63,10,10,98,5,13,2,22,21,3,58,1,1,92,43,1,8,1,22,40,72,16,52,24,70,1,1,3,1,20,5,35,1,60,20,73,68,12,29,67,15,86,9,98,38,86,53,14,33,17,1,1,2,54,35,3,24,79,68,9,1,23,15,7,39,57,5,29,1,6,94,80,1,1,18,24,73,3,3,52,22,76,1,77,16,22,30,88,38,1,47,34,75,92,4,10,2,27,76,92,97,88,33,2,7,15,66,77,1,91,43,20,57,75,1,6,17,95,83,87,80,25,28,21,55,87,21,80,1,72,20,80,1,3,53,34,3,1,41,47,75,2,5,29,8,9,48,99,22,24,17,19,2,76,5,27,63,1,25,12,24,76,93,98,62,95,91,57,18,16,30,80,17,1,29,32,93,29,5,11,28,64,1,1,15,1,9,1,11,40,10,29,9,1,19,1,18,3,83,1,80,4,1,14,2,22,3,36,28,2,70,3,2,9,12,3,72,87,4,29,1,83,13,93,1,8,28,37,76,21,2,3,60,20,55,5,1,7,76,62,63,46,20,1,15,101,76,98,24,100,1,116,76,24,1,93,13,18,15,91,2,5,10,1,18,9,1,3,1,1,24,5,95,4,1,95,58,22,9,2,3,9,8,3,4,18,21,9,30,1,3,22,9,85,2,8,1,17,30,73,16,9,15,98,8,20,12,1,3,1,15,7,84,95,39,63,91,84,18,28,91,93,24,23,32,79,90,95,3,80,1,15,24,22,82
61,24,34,3,19,9,16,12,11,17,8,24,15,16,32,16,27,34,6,68,62,9,81,16,64,11,68,16,5,13,59,32,24,23,15,20,5,11,4,12,77,13,49,24,87,16,64,73,37,67,17,29,17,77,14,64,77,13,20,24,14,24,13,4,22,11,29,19,43,62,5,21,17,13,15,11,13,73,34,14,16,14,16,25,16,16,11,14,67,13,7,17,5,62,22,16,5,11,7,11,18,4,60,73,2,15,21,14,23,5,3,20,11,3,20,25,31,25,67,11,9,16,0,13,10,13,27,14,16,18,26,5,14,5,28,16,14,16,13,30,18,21,25,74,66,13,18,16,13,26,17,10,16,16,16,68,24,11,17,13,27,16,16,63,22,56,27,5,69,18,29,14,33,0,16,61,8,11,76,39,5,12,5,15,26,79,17,63,22,73,0,5,12,5,7,36,45,5,65,21,73,70,5,27,68,23,67,13,64,38,78,24,19,10,17,9,5,14,53,32,13,22,82,71,3,11,0,26,22,23,62,18,27,5,13,67,87,5,5,21,22,66,13,21,63,37,46,5,65,14,20,17,57,27,10,45,41,71,60,15,4,11,35,80,70,70,56,22,14,16,26,63,70,20,55,26,8,60,49,8,8,22,66,83,95,83,18,22,39,38,57,24,75,5,71,16,75,11,16,34,36,28,10,38,27,77,14,18,20,16,16,58,69,22,22,25,29,14,75,18,27,47,5,24,26,25,60,60,78,67,68,61,27,22,21,28,75,24,5,29,37,61,27,15,29,14,62,11,13,27,5,23,11,34,14,5,17,23,11,12,11,21,13,72,5,77,15,11,29,14,32,13,52,49,9,58,16,17,8,19,13,81,58,12,14,24,64,32,80,11,21,21,18,46,10,24,16,65,0,35,17,7,30,75,68,70,22,2,11,29,66,61,65,22,72,8,76,116,22,10,59,19,28,28,61,12,18,27,7,6,15,24,13,10,5,22,13,81,5,11,65,27,34,6,13,16,19,12,12,16,16,29,16,18,20,16,30,7,56,14,6,8,25,27,66,28,15,28,64,17,39,28,5,15,2,24,6,74,68,17,56,71,77,20,26,74,66,22,37,40,58,63,69,9,81,22,11,24,20,85
26,2,0,0,0,0,0,0,0,27,0,4,1,0,35,0,0,69,0,23,21,54,50,0,23,0,19,0,92,0,23,0,101,0,0,45,93,93,0,92,27,0,23,0,23,0,19,5,23,17,0,0,2,35,0,13,9,0,0,36,0,0,0,0,2,0,0,0,1,18,88,0,0,0,0,0,0,23,8,62,0,0,0,15,0,0,0,3,23,95,41,0,5,23,0,0,98,89,0,93,44,78,23,23,0,1,0,0,15,0,0,0,87,0,7,0,6,27,18,6,18,0,0,0,5,0,0,0,0,5,0,1,0,93,9,0,0,0,0,89,0,0,0,19,15,2,0,0,4,12,0,0,0,0,0,18,0,88,12,8,0,0,0,23,116,2,0,0,27,0,0,3,0,0,0,23,55,93,23,8,93,0,93,109,1,34,108,28,116,23,88,93,0,72,0,8,76,93,23,112,5,50,0,111,23,5,11,61,23,6,19,16,18,0,109,93,93,3,85,83,0,116,23,23,63,93,0,0,0,78,23,5,111,93,22,31,17,76,93,56,116,23,0,0,22,32,13,93,20,0,114,0,21,27,93,93,53,23,23,0,0,94,0,26,23,23,23,0,0,5,0,5,2,59,4,2,0,65,9,93,0,0,23,23,28,23,0,112,14,8,14,0,30,93,23,0,18,93,0,53,81,29,93,83,18,23,2,0,104,6,0,46,18,0,116,109,101,3,63,0,109,7,93,1,0,74,9,16,23,23,23,19,7,10,6,110,59,109,93,102,5,18,111,12,0,0,20,85,54,0,93,0,93,0,0,0,111,20,93,0,93,7,3,19,93,23,0,93,0,3,6,0,7,0,50,13,0,0,0,104,3,32,23,37,0,6,20,1,28,91,0,78,10,21,0,29,0,23,0,0,0,63,25,17,23,23,0,0,93,6,23,49,23,116,23,93,24,22,116,93,19,0,0,0,8,0,0,0,93,0,0,22,0,52,93,116,0,39,1,0,24,5,0,0,4,0,2,0,0,0,110,0,0,3,60,0,11,0,23,0,0,74,5,81,23,20,5,0,24,20,1,0,93,1,88,0,99,30,24,0,75,47,9,24,110,36,23,116,3,22,6,24,16,34,23,33,0,8,114,23
5,23,9,0,0,0,0,0,0,34,0,24,1,0,56,0,12,57,0,0,0,54,38,0,0,6,0,0,92,0,0,18,78,21,0,51,93,115,0,112,12,0,0,3,0,0,0,5,42,0,0,5,2,16,0,6,5,0,0,56,0,15,0,0,7,0,5,0,17,0,106,5,0,0,0,0,0,0,25,56,0,0,0,24,0,0,0,3,0,113,41,16,21,0,11,0,110,111,0,114,50,79,0,0,0,1,5,0,20,0,16,0,92,0,7,0,26,33,0,6,27,0,0,0,5,0,7,0,0,11,13,1,0,94,29,0,0,0,0,68,20,0,5,0,0,2,0,0,4,12,0,0,0,0,0,6,5,94,12,8,5,0,0,0,93,12,12,0,4,0,22,3,0,1,0,0,55,99,0,24,94,0,110,89,7,11,94,28,93,0,105,94,0,72,0,30,55,93,0,94,5,27,9,88,0,6,0,84,0,13,0,18,18,16,94,105,109,3,62,65,0,93,0,0,76,99,0,22,0,61,0,22,88,110,42,8,5,76,93,67,93,0,0,21,12,37,1,94,9,0,94,15,0,43,115,70,47,0,0,0,0,115,22,14,0,0,0,1,0,25,14,2,5,82,0,2,22,50,0,101,0,19,0,0,5,0,0,89,24,10,0,22,7,94,0,0,0,99,0,35,63,50,116,63,2,0,2,0,83,28,0,25,0,0,93,97,93,3,40,0,88,16,93,1,17,59,0,0,0,0,0,0,21,26,19,87,36,96,93,79,19,0,88,17,10,16,0,107,73,9,93,0,114,23,0,0,88,38,98,21,115,24,3,0,93,0,0,99,13,3,6,0,5,13,50,1,0,0,0,96,3,28,0,37,0,11,0,15,5,113,0,64,6,0,21,48,0,0,17,16,0,83,39,5,0,0,9,0,102,7,0,26,0,93,0,113,1,10,93,116,0,0,16,23,0,0,0,5,112,5,22,22,0,52,94,93,0,16,1,0,1,19,14,0,4,0,7,1,0,0,94,17,0,24,83,0,11,0,0,0,0,89,10,64,0,26,26,18,1,40,17,21,111,1,108,0,110,13,1,10,52,24,5,25,89,13,0,93,25,11,0,3,0,34,0,55,10,12,94,0
86,0,15,32,3,7,0,5,36,2,20,4,0,0,7,0,13,23,1,86,109,0,58,0,51,29,70,0,0,1,96,5,32,0,2,13,0,0,22,1,61,3,80,4,70,0,108,73,46,72,0,15,3,80,3,79,53,4,1,7,0,14,4,28,4,1,41,8,22,84,0,3,0,4,0,2,0,97,2,15,0,1,0,4,0,0,2,0,72,2,0,10,32,50,20,8,5,0,12,0,2,0,54,60,27,0,6,6,0,10,15,43,0,29,0,21,4,5,92,0,48,0,31,2,41,4,8,3,0,0,4,16,3,0,1,0,3,0,3,23,18,4,4,82,53,0,0,0,0,22,0,11,5,0,0,49,3,0,3,18,15,6,0,109,19,50,3,19,100,1,4,0,17,37,0,50,0,0,83,42,0,2,0,19,37,60,19,44,19,58,0,0,4,0,30,2,31,0,54,15,64,58,28,24,54,16,77,3,111,50,78,62,14,52,20,4,0,0,47,31,3,19,70,59,13,4,41,4,3,53,50,0,24,0,10,100,63,4,0,12,19,73,4,0,55,13,96,0,70,18,17,32,102,33,0,42,39,65,104,1,22,1,20,68,96,103,100,40,3,18,4,61,68,0,88,48,39,47,98,4,2,19,106,70,68,72,27,23,17,46,110,32,76,0,63,31,72,0,1,61,30,0,0,26,61,66,1,0,27,24,1,40,94,14,19,12,22,0,65,0,22,56,4,19,8,25,83,108,82,56,101,105,76,15,38,25,69,12,0,26,29,106,24,13,8,33,46,0,0,10,0,4,0,1,58,19,24,5,4,33,0,6,0,79,0,71,0,4,4,0,21,4,45,20,1,55,0,0,14,15,0,54,97,0,41,0,92,3,87,0,4,24,60,88,38,1,0,53,39,53,3,0,0,61,53,54,67,30,4,12,108,82,109,19,95,0,93,59,19,0,116,8,5,6,88,8,0,4,0,30,22,0,3,0,0,19,1,77,10,9,105,73,13,12,0,0,4,14,5,0,21,16,4,45,0,0,25,24,95,4,19,4,11,36,64,3,25,17,110,7,22,8,0,0,0,4,6,77,100,38,51,78,67,8,23,80,105,19,8,30,77,104,91,0,75,1,28,24,17,71
27,58,39,56,98,92,95,95,86,20,71,54,95,95,9,95,50,22,103,32,8,57,13,95,42,57,31,94,24,97,7,47,1,67,96,28,23,0,82,0,18,95,21,70,35,95,12,21,10,31,96,77,96,16,93,8,14,95,89,15,94,2,95,73,86,104,71,83,32,29,0,84,98,93,95,102,97,7,44,0,95,95,95,33,95,95,100,95,28,0,65,70,14,41,11,111,0,0,93,1,50,28,41,49,83,95,80,91,75,93,51,68,23,75,90,91,47,36,18,94,10,95,76,95,57,95,46,93,95,68,40,87,95,22,12,95,95,95,95,10,36,99,75,32,40,97,97,95,95,83,96,88,107,95,95,33,73,21,82,82,75,108,95,11,0,21,57,86,11,96,11,95,89,46,95,41,55,8,31,19,20,99,3,0,12,28,0,21,0,52,1,20,94,44,71,18,8,23,44,0,28,31,15,0,42,37,21,2,8,15,35,9,86,25,0,0,7,95,10,2,93,0,38,53,0,12,46,11,101,0,41,47,0,5,3,10,16,34,23,9,0,23,95,65,5,28,9,22,19,72,0,16,8,17,0,0,10,30,8,95,82,0,17,32,23,12,4,67,95,3,24,26,21,0,9,65,1,10,11,0,100,1,14,39,31,35,74,0,19,19,9,0,31,22,31,71,32,15,95,2,1,17,0,2,2,33,99,97,0,0,93,6,12,84,0,0,0,95,8,97,0,28,19,94,59,21,19,10,20,43,19,11,6,58,13,0,8,0,23,6,19,8,0,71,12,8,35,0,0,17,15,102,1,19,60,73,0,9,10,1,0,28,95,36,23,39,95,4,37,95,88,95,9,14,64,28,95,96,86,0,95,13,9,73,54,84,20,23,18,0,99,0,10,14,1,7,95,44,6,8,96,2,3,18,47,44,11,75,0,70,9,1,8,0,21,0,13,19,0,0,8,116,11,11,10,94,97,77,0,51,12,58,95,54,22,0,100,15,94,90,10,4,19,91,95,95,73,69,94,99,0,17,95,18,0,95,55,90,6,95,73,0,10,17,34,33,11,13,7,6,40,80,2,95,0,102,0,20,17,11,12,14,21,53,0,16,14,0,26,65,22,10,11,72,34,8,6,9,0,34
5,33,61,19,1,8,1,2,6,61,19,41,1,1,62,1,54,8,11,5,6,0,16,1,5,20,6,10,0,3,11,41,2,28,4,24,0,17,4,18,24,1,5,22,7,1,11,28,30,3,2,30,1,6,1,33,44,1,19,54,2,101,1,3,18,8,12,19,60,7,22,20,4,3,1,8,3,11,55,40,1,3,1,60,1,1,4,1,6,15,1,37,64,1,82,10,13,21,5,16,10,6,1,3,5,1,22,4,5,4,46,12,3,5,1,2,52,35,12,1,43,1,6,7,20,1,61,1,1,29,57,2,1,1,91,1,1,1,1,8,53,3,25,4,20,3,3,1,1,4,2,3,7,1,1,14,23,4,11,16,28,7,1,5,0,48,32,5,7,3,103,1,2,33,1,1,0,4,13,57,1,11,16,6,54,6,4,34,0,9,21,1,1,0,17,82,25,0,1,4,30,2,66,0,7,39,27,43,6,54,16,29,4,36,1,13,12,1,0,16,1,0,2,7,39,4,29,101,4,2,1,51,0,13,82,6,42,0,0,45,0,3,1,26,46,26,20,1,25,29,1,76,5,44,15,0,19,5,4,1,4,15,86,8,9,13,4,21,1,86,76,36,33,50,19,17,74,16,16,1,6,91,7,11,16,3,10,2,67,49,8,78,3,1,4,3,8,4,1,20,14,53,16,20,53,3,5,3,4,82,19,37,16,13,0,6,3,1,6,3,0,42,0,12,43,6,19,10,26,3,7,3,34,28,68,0,8,7,0,4,74,9,0,10,90,76,25,25,59,82,0,2,16,95,5,22,0,77,6,79,17,73,1,14,0,15,1,4,60,1,0,1,51,73,0,39,1,2,3,7,1,21,7,3,12,9,11,77,15,19,3,27,39,4,76,68,1,1,72,56,10,47,77,29,4,6,43,5,4,40,7,4,5,0,13,13,18,28,0,16,5,11,116,104,22,4,3,29,18,24,86,30,1,1,1,0,6,14,5,1,4,36,85,5,1,1,18,30,1,5,1,91,9,47,49,1,22,4,5,1,21,33,83,13,9,47,74,91,5,86,31,28,17,1,24,8,13,11,6,74,5,9,30,38,1,15,7,0,83,6,21,2,16,1,2,73,80,69,1,5
5,37,68,22,0,9,0,1,8,65,22,45,0,0,67,0,63,5,12,9,7,0,18,0,2,19,5,9,0,2,6,47,0,32,3,20,0,22,5,23,24,0,2,20,5,0,7,30,36,2,1,32,0,8,0,33,46,0,18,56,1,95,0,2,21,9,16,20,62,4,23,23,3,2,0,9,2,12,56,37,0,2,0,66,0,0,5,0,3,20,0,43,69,0,86,12,17,26,6,21,11,6,0,1,6,0,21,3,6,5,55,16,5,4,0,4,58,38,9,0,42,0,7,3,18,0,64,0,0,30,63,5,0,1,92,0,0,0,0,6,59,0,26,2,20,2,0,0,0,2,1,0,9,0,0,15,26,6,10,18,32,9,0,6,0,53,36,2,3,0,113,0,0,34,0,0,0,6,13,66,1,12,17,6,48,3,1,36,0,9,22,1,0,0,19,86,25,0,0,1,32,0,72,0,4,42,27,50,7,58,16,31,2,38,1,12,16,0,0,13,0,0,0,7,36,6,30,107,1,0,0,52,0,17,86,2,44,0,0,51,0,2,0,32,43,27,17,1,27,33,1,75,6,53,22,0,18,0,5,0,5,22,95,8,9,9,5,18,0,90,82,36,32,57,17,17,82,12,11,8,7,93,3,11,14,1,11,2,76,50,5,84,3,1,3,2,3,6,0,13,11,57,23,13,51,0,4,0,2,90,20,35,9,14,0,4,5,0,6,0,0,46,0,12,45,6,23,3,26,0,3,8,36,30,72,0,8,3,0,6,77,7,0,11,99,82,19,30,58,91,0,0,21,102,6,19,0,76,5,85,22,82,0,18,0,15,0,6,66,0,0,0,54,79,0,39,0,1,2,3,0,21,4,3,13,10,12,79,15,24,0,19,41,5,82,69,0,0,74,66,9,48,82,32,1,3,38,2,9,40,4,4,5,0,13,20,15,28,0,23,6,11,104,116,15,3,0,32,19,20,95,29,0,0,1,0,5,12,6,0,5,38,94,2,0,0,19,27,0,4,1,94,8,59,56,0,25,9,2,0,24,34,87,15,10,47,82,94,6,83,35,35,18,0,25,6,17,9,2,69,5,7,32,38,1,19,11,0,90,3,19,5,17,0,0,80,75,69,1,3
65,0,36,20,3,8,0,3,28,8,9,9,0,0,8,0,32,13,1,64,83,0,55,0,41,19,59,6,0,2,80,4,20,2,3,21,0,0,11,1,81,4,61,21,66,0,95,93,36,59,0,38,4,67,3,73,73,5,12,15,2,20,5,19,7,0,42,7,27,74,0,13,0,5,1,2,1,89,4,20,0,1,0,23,0,0,1,0,61,2,0,14,23,39,22,9,5,0,3,0,2,0,43,49,12,0,17,6,0,6,3,38,0,18,0,21,11,27,84,0,40,0,18,6,32,5,2,3,0,0,20,9,3,0,8,0,3,0,4,14,19,5,24,70,70,0,2,0,0,24,0,5,6,0,0,43,24,0,9,17,36,5,0,81,8,73,19,12,84,2,13,0,20,23,0,40,0,8,74,43,0,5,0,8,48,54,8,63,8,53,0,0,4,0,24,8,20,0,43,4,84,50,28,13,49,20,97,5,85,43,75,61,17,35,9,7,0,0,37,19,4,8,62,51,12,4,25,16,5,35,39,2,13,0,2,83,67,4,0,18,8,59,5,0,37,30,78,0,88,26,6,36,75,44,0,31,28,57,79,2,11,1,23,60,80,91,75,39,3,3,24,77,94,0,102,50,22,39,76,12,4,21,84,67,68,63,22,12,35,69,90,19,65,0,52,22,69,0,1,43,19,0,0,25,34,57,0,2,15,8,11,30,96,18,8,1,11,0,61,2,11,60,4,23,10,14,87,96,86,44,84,78,59,15,21,14,65,1,0,14,32,86,13,11,25,30,44,0,0,29,8,7,0,11,42,12,13,6,7,26,0,9,1,73,0,68,1,12,23,0,21,5,44,37,0,75,0,0,8,4,1,74,76,1,44,3,80,22,85,0,5,20,54,63,23,1,0,42,22,54,3,0,18,62,44,46,57,23,12,18,88,64,87,8,83,0,91,61,8,0,88,10,22,15,116,3,2,11,0,28,17,4,4,0,0,8,0,77,5,5,78,60,32,10,0,0,17,10,5,0,10,20,4,37,0,0,20,9,75,4,8,4,31,24,54,28,11,20,85,8,21,10,0,0,0,11,6,73,83,44,43,71,87,25,12,71,81,8,21,26,89,77,91,0,63,0,33,35,6,65
26,66,25,69,103,106,106,110,84,15,84,63,106,106,3,106,34,21,102,26,8,62,2,106,47,77,35,103,24,106,18,55,0,72,107,34,23,0,97,0,2,108,38,84,25,106,9,3,17,36,107,59,101,10,106,3,3,109,101,18,106,1,109,93,91,106,61,99,29,22,0,90,108,102,106,105,106,1,43,0,106,104,106,25,106,106,106,106,35,0,75,65,16,52,9,93,0,0,107,1,58,31,55,39,97,106,88,103,86,105,58,66,23,95,101,88,51,37,10,106,7,106,90,105,54,109,50,106,106,75,44,98,108,22,2,106,108,106,108,4,43,100,76,21,23,106,104,106,106,78,107,103,100,106,106,45,79,21,92,71,61,100,106,11,0,3,66,103,4,103,3,106,86,56,106,52,61,8,16,3,20,105,3,0,19,27,0,3,0,36,1,20,109,44,75,14,0,23,50,0,10,18,19,0,44,39,3,0,8,11,18,4,76,37,0,0,7,106,2,0,106,0,29,37,0,12,55,6,102,5,52,50,0,5,1,6,3,34,23,3,0,34,109,74,9,36,6,22,3,67,0,8,16,3,0,0,9,35,14,107,97,0,3,19,17,7,18,56,108,3,23,10,3,0,1,52,8,0,11,0,105,3,11,24,22,26,81,0,3,3,8,5,23,22,39,91,21,15,107,7,3,19,0,0,11,34,109,104,2,6,99,6,6,90,0,0,0,106,0,104,0,14,19,82,50,21,6,7,4,44,16,9,8,48,10,0,0,0,23,2,3,8,0,86,3,5,38,0,0,8,15,99,1,8,66,86,0,6,10,6,0,21,106,21,23,19,106,4,41,106,81,109,14,11,61,10,106,107,105,0,106,1,21,76,66,95,14,28,6,0,100,1,8,28,8,10,106,49,13,2,109,0,1,20,47,45,10,92,0,53,7,7,7,0,10,0,2,12,0,0,8,94,4,3,3,116,104,82,0,68,9,66,108,64,22,0,108,3,105,110,8,8,3,101,106,106,84,78,110,107,0,3,108,21,0,106,58,91,23,109,84,0,2,3,39,34,17,11,7,1,48,64,2,106,0,99,0,8,13,2,2,2,3,37,0,3,8,0,9,64,12,10,0,79,24,3,8,7,0,25
18,74,20,62,111,97,114,109,72,12,78,61,113,114,2,114,31,31,100,17,0,62,2,114,59,66,43,104,24,110,13,61,2,84,109,31,23,0,91,0,5,110,30,81,36,114,3,2,16,38,113,58,106,5,109,0,2,109,96,15,112,3,109,85,87,105,58,87,32,21,0,86,111,107,113,104,111,3,50,0,114,109,114,22,114,114,108,111,40,0,73,59,12,60,0,92,0,0,97,1,56,32,56,50,89,113,85,105,92,96,48,57,23,84,107,89,46,36,4,108,0,114,79,105,51,109,42,109,114,78,39,97,111,22,10,114,111,114,110,16,35,112,76,33,29,110,116,114,110,81,113,102,100,114,114,44,75,21,89,74,56,99,114,3,0,2,66,95,5,115,0,111,98,49,114,59,61,8,16,0,20,101,3,0,20,38,0,2,0,45,1,20,109,44,65,20,1,23,56,0,9,26,11,0,54,45,2,0,0,4,20,0,81,29,0,0,7,111,2,1,108,0,41,46,0,12,47,1,112,0,60,59,0,5,0,3,2,34,23,2,0,37,109,82,9,33,0,22,0,61,0,3,8,0,0,0,6,46,7,112,91,0,0,27,9,2,11,57,111,5,18,7,2,0,0,49,0,0,3,0,104,0,5,30,24,38,80,0,0,2,0,3,27,22,44,83,32,15,113,3,6,27,0,7,3,46,108,116,0,0,94,13,4,85,0,0,0,111,0,116,0,12,19,82,62,25,0,2,2,56,10,1,0,58,0,0,0,0,23,0,0,0,0,79,0,0,42,0,0,5,15,111,1,13,58,78,0,14,10,0,0,21,110,19,23,24,113,4,36,111,88,109,3,6,65,9,114,113,99,0,110,2,15,76,55,96,5,23,6,0,112,0,0,21,0,13,114,57,5,0,103,0,0,15,58,55,3,83,0,56,2,2,0,0,6,0,5,18,0,0,0,97,3,0,2,104,116,78,0,59,2,63,110,62,22,0,109,4,96,104,6,1,0,102,110,114,81,77,108,110,0,0,103,13,0,114,57,83,14,110,77,0,1,0,37,30,8,4,0,5,56,73,2,113,0,104,0,14,10,0,2,4,2,36,0,0,0,0,11,72,9,3,3,80,36,0,2,6,0,37
1,52,58,52,77,88,80,80,73,31,52,75,80,80,16,80,53,26,84,10,4,56,13,80,27,78,17,89,18,82,16,57,1,57,83,51,17,6,71,6,20,80,24,89,6,80,9,27,12,16,81,78,77,14,80,9,36,80,88,37,79,17,80,74,103,89,69,96,18,1,0,105,83,78,80,89,82,7,34,7,80,82,80,47,80,80,85,80,13,6,55,66,15,32,24,76,0,6,85,7,47,22,32,20,70,80,97,78,72,79,39,65,29,76,75,66,84,59,11,79,5,80,77,80,39,80,67,80,80,60,77,71,80,16,18,80,80,80,80,1,62,74,92,1,31,82,78,80,80,52,81,80,82,80,80,50,94,27,87,47,80,83,80,1,0,29,76,72,4,77,33,80,60,40,80,32,52,14,14,25,16,90,1,0,12,7,0,29,0,23,1,16,79,38,58,40,7,17,29,0,29,0,18,0,23,46,23,13,4,12,18,10,49,25,0,4,2,80,0,0,80,0,9,24,3,18,47,39,76,3,32,27,0,0,10,0,36,28,17,11,0,12,80,59,15,65,4,16,23,65,0,7,6,27,5,0,8,17,4,80,71,5,32,7,6,9,8,32,80,12,56,26,29,12,10,61,6,11,1,3,85,17,1,10,18,6,70,0,36,23,4,13,2,16,22,61,1,21,80,0,1,22,5,2,4,14,84,78,0,15,92,11,5,75,0,4,6,80,2,78,0,21,13,63,25,0,21,3,22,24,2,7,4,26,16,0,2,3,17,6,29,4,0,77,33,7,30,6,10,41,9,73,7,27,56,55,0,10,16,11,6,33,80,11,17,10,80,10,74,80,55,80,29,41,37,23,80,81,74,3,80,21,9,59,65,85,9,56,13,6,74,0,3,24,7,15,80,29,1,22,89,4,20,39,28,25,0,72,6,50,3,2,3,0,13,3,10,27,0,5,4,77,29,32,11,82,78,116,2,64,21,67,80,41,16,0,85,11,80,80,0,4,36,74,80,80,94,46,79,84,0,32,88,31,12,80,49,71,11,80,56,6,35,7,27,67,25,21,3,11,34,56,0,80,2,79,0,8,0,11,8,8,29,25,0,16,9,0,38,43,12,0,13,55,4,19,10,25,0,5
6,20,5,1,0,0,0,0,0,30,0,21,1,0,54,0,9,54,0,0,1,54,35,0,0,2,0,0,92,0,0,16,78,18,0,48,93,111,0,109,12,0,0,1,0,0,0,2,39,0,0,2,2,14,0,2,2,0,0,52,0,17,0,0,4,0,2,0,14,1,108,2,0,0,0,0,0,0,25,59,0,0,0,24,0,0,0,3,0,110,41,16,22,0,7,0,111,107,0,111,47,79,0,0,0,1,2,0,17,0,16,0,89,0,7,0,23,29,1,6,31,0,0,0,6,0,3,0,0,8,9,1,0,94,31,0,0,0,0,68,18,0,2,0,0,2,0,0,4,12,0,0,0,0,0,3,2,91,12,8,2,0,0,0,93,9,9,0,4,0,18,3,0,0,0,0,55,96,0,20,94,0,113,89,9,11,97,25,93,0,108,94,0,72,0,26,55,93,0,97,2,27,11,88,0,7,0,80,0,13,0,21,18,19,94,103,109,3,62,68,0,93,0,0,80,96,1,18,0,61,0,22,88,111,44,8,2,76,93,66,93,0,0,18,9,34,0,94,9,0,95,19,1,41,113,70,43,0,0,0,0,112,18,11,0,0,0,0,0,27,10,5,2,78,1,2,18,53,4,99,0,15,0,0,5,0,1,89,20,12,0,18,7,94,0,0,0,97,0,38,66,47,112,66,4,0,2,0,84,24,0,25,0,0,93,98,90,3,40,0,88,16,93,1,17,59,0,0,0,0,0,1,25,27,23,87,36,99,93,79,23,0,88,14,6,20,3,103,75,7,93,0,111,19,0,0,88,40,95,17,111,24,3,0,93,0,0,96,9,3,6,0,3,11,50,0,0,0,0,100,3,25,0,37,0,8,0,11,5,109,0,66,7,0,17,51,0,0,19,14,0,85,35,2,0,0,13,0,100,7,0,26,0,93,0,111,1,7,93,112,0,0,18,19,0,0,0,2,116,3,18,22,0,52,94,93,0,16,1,0,1,23,10,0,4,0,4,1,0,0,95,15,0,22,79,0,12,0,0,0,0,93,8,64,0,24,24,14,1,42,14,18,113,1,110,0,110,13,1,12,52,24,2,25,89,13,0,93,23,11,1,3,0,34,0,51,12,10,95,0
26,37,40,67,58,69,61,65,75,26,55,39,61,61,18,61,19,28,61,13,32,34,6,61,24,94,12,62,13,63,42,33,2,41,63,39,12,6,72,6,2,65,59,68,5,61,33,17,36,15,61,41,59,21,64,44,8,66,60,36,62,26,66,84,62,61,60,65,12,28,0,65,61,58,62,62,62,18,9,4,61,62,61,7,61,61,62,61,22,6,47,32,39,29,35,53,1,6,66,6,43,15,33,20,75,61,69,59,60,72,23,57,21,83,56,46,36,53,28,61,45,61,85,67,67,66,52,64,61,43,52,69,64,12,13,61,64,61,65,2,67,55,53,12,13,61,59,61,61,47,61,67,56,61,61,34,56,20,55,38,43,55,61,33,0,15,41,80,27,58,19,61,41,81,61,30,34,10,13,17,12,62,0,0,36,10,0,8,0,18,0,12,66,22,70,25,0,12,27,0,8,5,45,0,24,16,9,13,30,17,2,24,34,44,0,8,0,61,0,0,65,0,6,18,24,14,61,22,56,24,29,10,0,1,12,29,8,15,12,11,0,26,66,43,27,33,44,12,2,38,1,41,40,24,6,0,42,17,38,63,72,5,17,15,30,31,42,63,64,23,39,5,18,5,25,50,47,3,38,4,64,33,33,5,2,7,51,4,11,19,33,38,10,12,16,60,16,19,62,30,0,11,5,6,44,11,61,59,12,33,60,0,30,48,0,4,6,61,0,59,0,2,8,42,10,5,15,34,10,25,36,31,32,23,31,0,4,3,12,0,4,33,0,75,19,33,20,14,3,25,4,54,6,16,66,63,0,15,17,50,6,5,62,7,12,7,62,6,51,61,37,66,30,12,26,13,61,61,72,4,62,8,43,37,61,65,32,41,23,6,55,25,44,52,48,2,61,26,45,33,61,10,19,18,24,23,50,92,7,24,31,26,31,0,23,4,18,6,0,5,30,51,24,20,28,68,59,64,3,116,39,37,65,35,12,0,61,11,70,69,30,34,19,73,61,61,56,49,67,61,1,22,60,55,5,61,38,64,47,65,52,3,21,0,16,48,38,29,30,16,31,35,0,61,2,55,0,3,34,32,1,4,15,10,0,0,25,0,19,30,10,31,15,49,9,17,43,36,1,5
14,40,51,37,2,15,2,4,27,59,30,43,2,2,62,2,53,7,10,17,22,1,14,2,3,35,2,8,0,2,24,40,1,33,2,10,0,23,11,24,15,4,20,9,3,2,26,27,52,0,3,22,2,17,4,38,29,4,8,46,1,78,4,18,17,9,28,19,58,11,22,17,5,2,2,8,2,10,49,30,2,2,2,47,2,2,7,2,8,21,1,42,74,2,89,12,16,27,12,22,13,6,4,5,14,2,11,1,9,12,59,33,6,20,2,9,46,27,26,1,58,2,25,3,35,4,56,4,2,32,50,8,4,1,81,2,4,2,4,7,65,1,18,7,13,2,2,2,2,7,3,5,9,2,2,12,16,7,4,19,22,9,2,22,0,50,32,11,19,1,94,2,3,51,2,2,1,7,14,57,1,7,16,6,42,1,1,27,0,7,21,1,3,0,38,79,19,0,2,1,22,1,88,0,0,28,23,44,22,61,9,35,4,53,1,13,15,2,1,13,4,0,3,7,37,7,47,89,3,17,2,53,0,16,77,20,27,0,0,43,0,9,4,33,45,14,35,1,16,33,1,80,23,50,21,0,38,2,22,2,11,21,78,10,26,26,22,21,4,90,64,26,29,49,11,26,97,9,27,7,5,82,21,7,5,4,7,2,60,45,23,84,5,1,3,9,7,7,2,30,12,52,22,6,68,2,6,2,2,93,11,28,15,8,0,5,6,2,1,2,0,38,0,10,46,6,30,20,22,3,22,25,51,33,75,0,3,4,0,6,60,22,0,21,83,85,9,31,52,74,0,3,22,90,23,28,0,69,6,102,23,61,2,10,0,13,2,7,49,2,2,4,58,63,0,28,2,3,9,4,2,12,21,1,31,12,29,62,23,25,1,19,57,22,98,63,2,2,89,61,10,47,70,21,3,2,55,20,10,30,19,22,22,0,20,19,9,15,0,22,22,12,86,95,17,9,2,21,18,39,116,23,4,0,1,0,5,9,13,7,19,52,77,6,2,2,16,37,3,4,1,78,5,75,48,2,19,17,20,4,30,29,68,16,7,29,82,85,21,76,37,37,17,2,24,4,16,2,20,64,1,3,29,32,1,9,28,0,73,2,6,21,15,1,5,74,94,52,1,2
9,31,19,63,62,69,65,65,51,42,69,40,66,65,40,65,34,5,62,8,0,74,10,65,13,46,13,70,46,65,7,38,8,33,65,19,45,22,55,20,9,65,7,52,8,65,5,5,7,14,66,34,62,16,63,3,16,65,66,13,65,24,65,56,58,66,47,80,24,5,20,62,66,61,65,65,65,0,65,41,65,63,65,51,65,65,65,67,11,22,63,40,29,18,29,57,22,20,65,23,50,31,18,9,55,66,56,61,45,60,48,55,35,56,72,64,49,29,2,70,0,65,54,63,57,65,67,63,65,71,34,56,65,44,27,65,65,65,65,3,23,59,47,4,2,66,63,65,68,69,66,65,64,65,65,22,51,33,78,67,36,64,65,0,22,5,38,58,0,62,29,67,62,56,65,18,67,30,2,1,42,65,25,17,3,12,22,11,22,8,18,42,65,56,63,47,36,45,15,22,5,16,30,17,10,62,5,19,0,21,5,0,54,17,22,22,29,67,17,11,63,22,12,9,10,34,56,29,61,8,18,49,17,27,40,1,16,56,45,7,22,11,65,35,27,50,0,44,5,62,22,11,1,5,22,17,7,16,4,65,55,22,18,10,1,4,4,36,65,29,15,5,5,44,0,48,17,14,0,22,65,24,0,9,12,9,58,22,28,10,0,24,7,44,18,60,4,37,65,0,6,33,22,7,20,13,68,63,16,30,67,36,0,63,22,22,17,67,15,63,17,4,41,59,40,9,5,0,5,10,1,1,5,27,26,17,15,22,45,11,23,0,17,68,29,13,6,22,41,31,37,62,23,30,51,72,17,40,32,21,22,46,67,5,45,7,65,26,31,67,59,65,34,37,55,5,65,66,60,22,67,17,4,75,51,68,3,23,7,22,59,11,15,4,17,38,65,15,16,4,68,20,44,11,13,11,0,54,22,65,0,14,0,22,0,22,1,24,22,22,0,58,30,29,4,66,63,67,22,37,23,116,65,46,44,22,65,13,61,65,1,4,22,60,68,65,54,64,65,66,22,18,66,22,44,65,61,53,7,65,71,29,30,7,19,27,37,29,1,33,14,31,24,66,17,62,22,1,1,10,13,9,5,31,17,3,0,22,28,26,3,3,0,60,7,37,21,31,22,8
21,72,22,66,109,103,112,114,76,12,82,63,112,112,2,112,31,26,102,19,3,62,0,112,53,71,40,107,24,114,14,60,2,78,111,34,23,0,95,0,0,116,34,83,30,112,4,0,15,40,112,56,106,7,113,4,0,115,98,17,112,1,115,91,89,107,62,91,30,25,0,89,110,109,113,107,113,1,45,0,112,111,112,22,112,112,107,112,41,0,75,61,14,58,2,94,0,0,102,1,58,31,60,44,92,112,89,107,91,102,50,59,23,89,106,94,48,35,5,110,4,112,84,108,55,115,44,113,112,79,41,100,115,22,4,112,115,112,116,10,37,106,74,27,24,112,110,112,112,82,112,102,102,112,112,45,78,21,91,75,58,101,112,6,0,0,67,99,1,109,0,112,92,53,112,59,61,8,16,0,20,104,3,0,18,33,0,0,0,40,1,20,115,44,71,15,0,23,54,0,7,21,14,0,48,43,0,0,3,5,18,2,78,32,0,0,7,112,2,0,114,0,35,41,0,12,50,3,107,3,58,53,0,5,0,3,0,34,23,0,0,41,115,80,4,35,4,22,0,61,0,6,11,0,0,0,7,42,11,112,95,0,0,22,9,3,15,59,115,2,20,7,0,0,2,48,3,0,6,0,108,4,6,25,21,32,81,0,0,0,3,1,26,22,44,87,28,15,111,3,6,25,0,3,6,40,110,110,0,3,96,7,6,87,0,0,0,112,0,110,0,10,19,80,56,24,0,4,0,50,11,4,3,52,2,0,0,0,23,0,0,3,0,84,0,3,39,0,0,5,15,105,1,8,61,82,0,9,10,4,0,20,113,19,23,20,113,4,38,112,87,115,7,8,65,7,112,112,105,0,113,0,16,76,59,97,7,25,6,0,106,1,3,25,3,13,112,55,8,1,105,0,0,17,52,50,7,89,0,54,4,5,4,0,5,0,3,13,0,0,3,95,1,0,4,108,110,80,0,65,4,65,116,64,22,0,110,2,101,110,3,5,0,106,112,112,83,77,114,111,0,0,105,16,0,112,57,86,20,114,81,0,0,0,39,33,11,6,3,2,54,68,2,112,0,102,0,11,11,1,3,2,0,34,0,0,3,0,8,69,9,6,1,82,30,0,3,7,0,31
14,41,13,31,64,61,64,64,41,29,46,37,65,64,25,64,12,52,61,14,0,48,19,64,33,38,21,64,76,64,5,28,44,38,64,70,75,52,56,52,5,64,20,47,17,64,0,0,23,25,64,28,64,13,62,0,0,64,63,44,64,0,64,52,50,61,25,51,18,14,50,50,64,60,64,61,64,0,26,38,64,62,64,21,64,64,61,67,22,52,99,32,5,35,0,55,52,50,61,53,89,77,35,28,57,65,50,60,73,60,23,29,75,52,71,46,29,40,0,70,8,64,49,61,22,64,24,62,64,48,19,59,64,74,5,64,64,64,64,33,18,62,40,17,17,66,62,64,68,52,64,61,55,64,64,31,42,73,65,43,30,56,64,3,52,0,35,60,4,62,0,67,47,28,64,35,55,60,9,0,72,61,55,47,16,33,52,16,52,24,48,72,64,66,34,8,43,75,35,52,7,33,3,52,33,13,0,26,0,0,9,4,49,14,52,52,59,67,32,28,62,52,18,25,28,64,25,3,62,43,35,33,52,57,11,5,0,54,75,21,52,24,64,40,7,49,0,74,0,30,52,3,7,17,52,44,29,21,3,64,56,52,0,19,3,0,7,32,64,2,17,7,0,45,0,21,0,33,3,52,61,0,3,14,17,18,44,48,14,0,0,0,21,74,25,53,17,67,64,15,32,43,52,32,0,23,66,62,45,3,61,15,0,50,52,52,52,67,21,62,52,7,71,44,27,56,0,0,0,33,3,0,0,23,0,52,17,52,75,47,0,0,52,63,0,0,27,44,37,0,67,57,53,2,29,46,47,13,62,0,52,4,67,14,75,14,64,56,19,67,49,64,3,4,70,7,64,64,63,52,67,11,7,59,28,64,3,18,5,50,62,30,4,14,0,23,64,35,5,0,64,27,14,14,33,33,3,49,52,34,0,13,0,52,0,52,1,10,52,52,0,54,1,0,0,64,62,41,52,35,0,46,64,116,74,52,64,13,61,64,4,0,0,60,68,64,45,46,64,64,52,0,64,0,45,64,36,51,10,64,46,45,0,35,22,42,0,4,1,11,35,30,54,65,47,57,52,7,4,0,27,11,0,56,52,4,0,52,0,54,9,4,0,92,17,25,0,6,52,17
5,4,0,19,22,22,22,22,22,35,22,5,23,22,36,22,1,52,22,0,0,76,33,22,0,15,0,22,114,22,0,1,78,1,22,55,115,94,20,92,12,22,0,12,0,22,0,0,21,0,22,4,22,14,20,0,0,22,22,35,22,0,22,22,18,22,16,22,1,0,89,16,22,18,22,22,22,0,15,56,22,20,22,22,22,22,22,25,0,93,63,6,10,0,1,22,94,90,22,95,61,101,0,0,22,23,16,18,31,22,6,22,103,22,29,22,7,34,0,28,18,22,22,19,23,22,16,20,22,22,0,21,22,116,10,22,22,22,22,68,0,22,8,0,0,24,22,22,26,34,22,22,22,22,22,1,8,105,34,26,4,22,22,0,93,0,1,22,4,22,1,25,22,21,22,0,77,102,0,7,114,22,97,89,0,11,94,23,93,0,90,114,22,94,22,9,55,115,0,94,0,27,2,88,0,13,0,62,0,1,0,14,36,3,94,94,99,25,62,65,20,93,0,0,63,106,19,1,22,61,0,12,88,99,23,8,0,94,115,50,93,0,22,1,7,40,0,116,9,14,94,0,0,27,94,70,41,0,0,22,20,94,1,9,0,0,0,14,22,6,1,0,0,60,0,18,0,48,0,94,22,0,0,0,5,0,21,89,15,5,0,1,7,116,0,22,0,109,22,35,63,31,94,63,1,0,24,22,83,7,22,25,0,22,93,94,88,25,40,22,88,0,111,23,7,59,0,0,0,0,0,0,5,13,6,87,36,94,115,79,6,0,88,28,1,0,0,86,55,1,107,22,95,1,22,22,88,23,102,0,94,12,25,0,115,0,22,98,0,25,28,22,0,1,72,0,22,22,22,94,25,23,0,59,14,22,0,2,5,92,22,63,6,0,0,31,22,0,2,0,22,64,26,0,0,0,0,22,94,25,0,26,0,93,0,94,1,5,93,94,0,22,1,1,0,22,22,16,94,12,1,44,22,74,116,93,22,16,23,22,1,3,1,22,26,22,10,23,22,22,94,0,22,3,61,22,28,20,0,22,22,75,5,64,0,25,5,0,1,21,1,1,96,23,89,22,94,13,1,0,52,24,0,39,89,13,0,93,4,19,0,3,0,56,0,34,0,9,94,0
26,2,0,0,0,0,0,0,0,27,0,4,1,0,35,0,0,69,0,23,21,54,50,0,23,0,19,0,92,0,23,0,101,0,0,45,93,93,0,92,27,0,23,0,23,0,19,5,23,17,0,0,2,35,0,13,9,0,0,36,0,0,0,0,2,0,0,0,1,18,88,0,0,0,0,0,0,23,8,62,0,0,0,15,0,0,0,3,23,95,41,0,5,23,0,0,98,89,0,93,44,78,23,23,0,1,0,0,15,0,0,0,87,0,7,0,6,27,18,6,18,0,0,0,5,0,0,0,0,5,0,1,0,93,9,0,0,0,0,89,0,0,0,19,15,2,0,0,4,12,0,0,0,0,0,18,0,88,12,8,0,0,0,23,116,2,0,0,27,0,0,3,0,0,0,23,55,93,23,8,93,0,93,109,1,34,108,28,116,23,88,93,0,72,0,8,76,93,23,112,5,50,0,111,23,5,11,61,23,6,19,16,18,0,109,93,93,3,85,83,0,116,23,23,63,93,0,0,0,78,23,5,111,93,22,31,17,76,93,56,116,23,0,0,22,32,13,93,20,0,114,0,21,27,93,93,53,23,23,0,0,94,0,26,23,23,23,0,0,5,0,5,2,59,4,2,0,65,9,93,0,0,23,23,28,23,0,112,14,8,14,0,30,93,23,0,18,93,0,53,81,29,93,83,18,23,2,0,104,6,0,46,18,0,116,109,101,3,63,0,109,7,93,1,0,74,9,16,23,23,23,19,7,10,6,110,59,109,93,102,5,18,111,12,0,0,20,85,54,0,93,0,93,0,0,0,111,20,93,0,93,7,3,19,93,23,0,93,0,3,6,0,7,0,50,13,0,0,0,104,3,32,23,37,0,6,20,1,28,91,0,78,10,21,0,29,0,23,0,0,0,63,25,17,23,23,0,0,93,6,23,49,23,116,23,93,24,22,116,93,19,0,0,0,8,0,0,0,93,0,0,22,0,52,93,116,0,39,1,0,24,5,0,0,4,0,2,0,0,0,110,0,0,3,60,0,11,0,23,0,0,74,5,81,23,20,5,0,24,20,1,0,93,1,88,0,99,30,24,0,75,47,9,24,110,36,23,116,3,22,6,24,16,34,23,33,0,8,114,23
19,71,27,62,108,101,111,110,76,14,77,66,111,111,2,111,36,26,107,20,1,62,2,111,52,70,42,108,24,112,13,58,1,77,111,36,23,0,90,0,4,110,31,86,31,111,2,5,12,40,110,61,106,9,108,1,5,110,103,20,110,1,110,86,94,112,62,91,35,21,0,92,112,109,111,111,113,1,45,0,111,110,111,27,111,111,110,110,37,0,75,66,14,57,3,99,0,0,102,1,58,31,56,45,90,111,91,106,89,100,50,60,23,88,106,90,53,37,5,109,0,111,83,109,50,110,49,108,111,78,46,97,110,22,5,111,110,111,110,9,42,105,79,26,26,112,109,111,110,79,110,101,105,111,111,47,81,21,93,73,63,106,111,4,0,5,69,96,2,108,5,110,91,49,111,57,61,8,18,5,20,108,3,0,18,32,0,5,0,42,1,20,109,44,68,17,0,23,54,0,12,22,12,0,48,45,5,2,1,3,23,2,78,30,0,0,7,110,2,0,108,0,34,43,0,12,48,8,105,0,57,52,0,5,0,0,5,34,23,3,0,36,110,79,4,37,1,22,5,66,0,3,9,5,0,0,4,40,7,111,90,0,5,21,9,2,11,59,110,2,25,12,5,0,2,52,1,2,4,0,109,1,4,27,25,31,83,0,5,5,1,1,25,22,47,84,26,15,111,0,4,24,0,1,4,39,113,109,0,0,101,7,2,92,0,0,0,110,0,109,0,14,19,84,55,24,5,0,4,49,9,2,1,52,2,0,0,0,23,3,5,1,0,81,5,1,41,0,0,10,15,104,1,12,59,79,0,8,10,1,0,24,110,24,23,23,111,4,43,110,85,110,8,13,64,12,111,110,99,0,110,2,14,78,60,98,8,30,5,0,105,0,1,21,1,11,111,54,6,5,110,0,0,22,53,48,3,85,0,57,0,2,0,0,8,0,5,13,0,0,1,100,6,5,0,108,109,85,0,61,5,65,110,64,22,0,116,4,101,105,4,1,5,101,110,111,87,73,109,113,0,5,109,16,0,111,62,86,16,110,79,0,6,3,42,36,10,6,0,1,53,70,2,111,0,104,0,12,7,3,4,4,5,37,0,4,3,0,12,69,12,3,2,82,29,2,1,9,0,30
65,4,25,9,5,0,2,2,23,7,0,11,3,2,25,2,25,33,7,73,80,14,81,2,56,12,65,4,16,4,78,3,35,4,5,21,16,16,0,17,83,2,63,14,78,2,80,80,36,63,3,27,7,104,2,63,68,2,10,30,2,9,2,9,15,5,32,1,28,67,16,11,3,4,2,5,4,91,15,16,2,4,2,23,2,2,2,2,66,18,16,16,15,54,7,16,21,16,0,16,15,7,54,64,0,3,15,5,3,4,3,31,16,9,9,17,17,25,82,5,21,2,9,5,16,2,6,2,2,4,11,3,2,16,10,2,2,2,2,36,19,7,18,70,68,5,4,2,3,31,3,0,11,2,2,56,14,16,25,16,25,10,2,78,39,61,11,2,86,4,14,2,19,9,2,54,13,16,83,39,16,7,16,32,21,79,31,62,39,68,11,16,2,16,16,9,50,16,57,35,71,81,7,44,62,10,84,26,82,35,85,36,16,19,32,16,16,2,66,42,2,39,74,66,5,16,12,17,8,46,54,2,44,16,8,84,78,18,16,27,39,64,2,2,50,36,61,16,75,14,37,24,72,34,16,62,43,66,75,2,0,17,28,74,85,85,71,22,2,5,17,64,75,16,73,37,9,73,59,16,4,8,81,79,94,75,15,37,31,51,73,8,73,16,66,10,70,16,2,47,39,4,16,41,36,69,3,4,29,6,9,50,87,21,39,32,34,2,92,4,42,59,16,27,12,28,75,78,96,59,83,77,41,10,10,45,90,32,16,41,33,77,44,12,14,18,64,16,11,18,16,9,16,9,26,2,34,11,16,9,16,13,2,79,16,81,2,16,14,2,20,2,35,28,15,68,2,3,0,27,2,89,75,17,23,9,82,11,97,16,7,27,28,62,10,2,2,57,9,42,4,16,19,73,59,62,31,11,16,21,84,85,83,39,92,16,95,81,39,16,77,15,14,12,77,3,4,11,16,11,9,13,2,13,16,39,4,116,5,2,79,41,25,2,3,2,11,4,2,5,33,22,6,22,16,2,26,6,73,2,0,11,16,37,68,17,0,10,83,5,19,12,16,3,11,14,22,81,84,33,73,87,82,19,43,91,83,39,25,33,69,79,84,16,74,12,10,13,37,77
28,58,30,68,95,105,98,102,87,20,83,55,98,98,3,98,39,20,106,33,10,59,6,98,39,70,28,95,25,99,22,46,0,64,99,32,24,1,98,1,8,101,40,76,19,98,11,8,16,28,98,64,93,13,99,7,8,101,94,19,98,0,101,92,89,104,65,94,22,24,1,88,100,94,98,105,98,4,35,3,98,97,98,31,98,98,103,98,36,1,75,67,18,44,14,98,1,1,106,2,55,29,47,32,99,98,86,95,77,114,57,71,24,94,93,87,50,39,19,99,11,98,95,95,58,101,47,99,98,68,42,97,101,23,4,98,101,98,101,4,40,92,78,21,29,98,96,98,98,83,98,97,98,98,98,35,77,22,87,73,66,98,98,13,1,8,58,105,7,95,8,98,78,58,98,44,59,9,24,8,21,105,4,1,20,23,1,9,1,36,2,21,101,45,80,13,1,24,41,1,15,19,21,1,36,32,8,3,10,16,21,6,73,39,1,1,8,98,3,1,99,1,21,36,3,13,57,11,93,8,44,42,1,6,1,9,8,37,24,8,1,35,101,66,9,36,10,23,8,72,1,8,18,10,1,1,10,29,16,98,98,1,8,21,20,11,20,58,101,4,28,15,8,1,3,59,10,1,13,1,103,9,13,23,15,18,76,3,9,10,10,6,20,23,32,90,21,16,98,9,0,15,1,2,13,26,101,96,2,9,97,3,8,93,1,1,1,98,1,96,1,17,20,86,42,19,11,9,7,36,18,13,10,47,13,1,3,1,24,9,8,10,1,91,8,9,34,1,1,13,16,91,2,10,68,88,1,8,11,10,1,26,98,28,24,24,98,5,39,98,74,101,17,9,62,15,98,98,105,1,98,3,23,73,71,88,21,24,13,1,92,3,12,30,10,3,98,41,15,9,101,3,1,25,40,36,12,94,1,60,9,12,9,1,15,1,4,5,1,1,10,94,5,6,5,105,96,80,1,70,13,61,101,61,23,1,101,5,116,102,9,10,8,104,98,98,76,78,101,99,1,8,98,28,1,98,52,100,25,101,85,1,8,9,36,37,20,14,9,0,40,63,3,98,1,92,1,4,16,6,3,5,8,42,1,8,15,1,14,55,12,12,7,79,20,8,8,9,1,18
23,66,22,72,103,106,106,108,78,12,84,63,106,106,2,106,31,23,97,24,9,62,0,106,47,77,34,105,24,108,17,54,2,72,108,36,23,0,101,0,0,110,36,84,25,106,8,0,20,34,106,56,101,7,107,7,0,111,98,17,106,4,111,97,87,102,57,95,25,23,0,89,105,103,107,103,107,4,40,0,106,105,106,22,106,106,103,106,35,0,75,63,15,52,5,89,0,0,107,1,58,31,56,39,98,106,89,102,85,103,56,62,23,95,101,88,48,36,6,104,10,106,90,104,55,111,48,107,106,73,41,100,109,22,4,106,109,106,110,4,39,100,74,21,22,106,104,106,106,77,106,108,96,106,106,43,78,21,91,69,58,96,106,12,0,0,67,101,4,103,0,106,86,59,106,53,61,8,16,2,20,102,3,0,22,27,0,0,0,35,1,20,109,44,73,15,0,23,50,0,7,16,18,0,42,42,0,0,9,7,14,7,72,38,0,0,7,106,0,0,108,0,29,36,0,12,56,3,101,6,52,50,0,5,2,6,0,34,23,0,0,35,111,74,7,35,9,22,0,63,0,10,17,0,0,0,10,36,17,108,101,0,2,16,11,6,21,55,109,7,20,7,0,0,5,50,9,0,12,0,104,7,12,20,19,26,84,0,0,0,9,7,22,22,39,93,22,15,107,7,5,19,0,2,12,34,105,104,1,8,96,4,10,85,0,0,0,106,0,104,0,13,19,77,50,19,2,10,1,44,13,10,9,48,8,0,0,0,23,0,2,9,0,87,0,7,34,0,0,5,15,99,1,5,67,84,0,6,10,7,0,17,107,16,23,17,107,4,38,106,81,111,10,8,59,7,106,106,105,0,107,0,22,76,62,94,10,25,7,0,100,2,9,31,9,10,106,49,14,3,105,0,0,17,47,44,13,91,0,49,10,8,10,0,6,0,1,11,0,0,9,90,1,0,5,110,104,80,0,69,7,65,110,64,22,0,105,2,102,116,9,11,0,100,106,106,81,79,110,106,0,2,104,19,0,106,57,91,26,110,86,0,0,0,34,33,17,10,9,1,48,63,2,106,0,100,0,5,11,4,1,0,0,32,0,2,8,0,6,63,12,12,3,77,24,0,7,10,0,25
89,6,7,32,9,7,6,4,30,1,20,0,7,6,8,6,9,31,3,90,106,1,61,6,61,22,69,3,1,3,93,3,37,6,4,6,1,1,22,2,64,3,84,2,80,6,97,65,47,70,5,7,9,82,3,80,53,4,3,5,6,17,4,28,0,3,35,5,20,88,1,0,5,4,6,3,4,101,4,12,6,3,6,0,6,6,7,3,75,3,4,6,28,60,17,10,6,1,11,1,6,0,58,70,26,7,2,4,5,10,15,37,1,28,7,20,0,2,89,4,38,6,30,5,41,4,7,3,6,3,0,17,3,1,4,6,3,6,3,30,14,10,0,84,56,4,6,6,4,23,5,17,7,6,6,50,0,1,1,17,7,8,6,112,24,46,0,19,104,7,3,3,23,37,6,60,1,1,83,34,1,3,1,22,43,71,16,36,24,67,1,1,4,1,30,4,35,1,64,20,56,69,24,29,64,10,69,1,108,44,70,54,13,51,17,1,1,3,52,35,3,24,80,68,10,1,34,0,8,44,60,6,29,1,11,101,63,1,1,13,24,77,4,6,61,11,86,1,62,14,22,33,105,25,1,47,41,75,108,7,22,2,16,77,100,100,104,38,3,22,0,53,60,1,80,39,35,49,93,1,4,16,109,79,69,82,28,28,9,38,99,35,83,1,71,31,82,1,7,62,35,3,1,33,61,76,3,6,32,22,3,47,92,16,24,17,19,3,70,6,27,52,1,21,14,24,75,98,82,66,104,102,69,21,31,30,74,17,1,29,21,103,29,14,3,29,47,1,1,2,1,10,1,3,51,19,29,9,1,30,1,6,3,77,1,79,6,1,0,3,24,4,46,19,5,53,6,5,14,12,3,56,100,4,35,5,96,2,85,1,10,28,52,86,34,2,6,63,38,44,5,1,1,61,63,63,63,30,1,7,106,84,107,24,94,1,95,65,24,1,105,10,4,5,78,8,6,0,1,30,19,1,3,4,1,24,4,79,9,9,116,67,9,12,4,6,0,14,5,3,18,12,6,38,1,6,17,23,99,4,19,1,4,31,70,0,21,14,109,7,24,13,1,7,1,8,7,70,105,29,52,80,67,10,28,80,102,24,5,29,69,109,87,4,85,0,24,18,22,81
59,26,25,36,0,9,1,5,32,5,22,30,1,1,30,1,26,4,1,48,76,1,29,1,19,29,31,2,3,3,62,24,9,28,3,11,3,18,24,20,32,5,47,9,34,1,66,44,63,30,1,8,1,45,4,55,33,6,2,30,2,48,6,30,4,1,37,8,31,55,27,5,1,2,2,2,2,62,25,12,1,2,1,17,1,1,2,1,38,18,1,37,62,17,34,4,22,22,12,18,3,0,21,22,27,1,9,3,1,12,42,44,0,29,1,21,30,9,62,1,67,1,31,4,43,6,7,4,1,0,22,17,4,3,35,1,4,1,5,2,47,0,5,40,24,1,1,1,1,23,1,13,5,1,1,20,6,0,4,11,8,5,1,70,5,63,22,20,63,1,35,1,18,39,1,18,1,3,48,57,3,2,22,5,62,25,8,27,5,21,22,3,6,0,32,26,6,3,17,8,35,22,55,2,18,15,44,36,74,56,37,73,7,86,3,12,19,1,14,18,5,5,33,20,29,3,42,35,0,27,17,27,2,20,47,62,31,3,3,24,5,40,6,28,26,14,62,3,37,18,6,63,68,48,20,16,26,33,72,3,24,19,40,35,59,66,68,34,4,52,27,45,42,24,64,41,70,29,78,8,4,51,67,34,32,36,29,9,27,60,70,55,38,3,30,32,40,4,2,48,18,17,19,17,47,29,1,1,17,54,2,10,62,14,5,5,0,1,29,1,0,68,3,19,29,0,50,72,45,18,63,71,111,39,59,2,33,6,3,2,52,72,2,14,21,69,30,18,26,21,3,5,18,33,58,20,10,39,3,65,18,34,2,38,3,34,2,3,23,1,17,6,25,25,0,29,1,1,16,7,2,30,63,1,41,2,58,25,51,20,0,21,41,56,70,38,1,16,73,68,3,38,23,32,16,16,88,32,7,5,73,51,74,5,58,20,58,27,5,19,73,4,36,38,60,8,1,4,23,34,52,4,5,0,3,5,1,41,10,11,67,116,31,13,1,1,4,14,7,1,6,43,4,77,23,1,26,24,63,5,21,19,26,6,30,6,54,42,74,44,30,29,22,1,22,6,21,35,62,58,18,40,42,5,2,43,68,5,39,5,51,66,55,1,37,25,53,24,6,33
11,27,90,15,3,9,0,1,17,68,15,39,0,0,67,0,85,6,14,19,14,0,23,0,0,23,4,9,0,2,7,32,0,21,3,24,0,15,2,16,45,0,0,24,13,0,16,52,22,5,1,54,3,21,0,35,54,0,18,51,1,75,0,0,25,9,26,17,48,10,14,27,3,2,0,9,2,23,41,35,0,2,0,73,0,0,5,0,1,13,0,42,53,0,90,22,8,19,6,14,13,6,0,9,3,0,25,3,7,7,41,26,6,2,0,9,52,49,22,0,42,0,5,3,22,0,57,0,0,26,73,2,0,1,74,0,0,0,0,6,53,3,40,8,41,2,0,0,0,5,1,0,14,0,0,19,38,7,13,24,54,14,0,10,0,75,46,0,12,0,97,0,5,27,0,0,0,15,22,72,1,12,8,6,52,6,1,58,0,17,13,1,0,0,22,69,30,0,3,1,54,8,67,0,7,47,48,44,14,52,29,45,10,24,1,5,7,0,8,13,0,0,8,15,27,7,25,98,4,3,0,36,0,8,64,8,48,2,0,44,0,0,0,21,34,39,26,1,48,47,1,72,6,59,13,0,29,0,6,0,2,13,97,15,15,18,2,24,0,68,93,58,54,40,32,26,60,24,15,15,7,75,9,19,25,9,10,0,98,70,14,64,9,1,3,0,9,7,0,11,11,42,14,12,40,3,4,0,0,70,20,27,18,16,0,5,6,0,14,0,0,46,0,19,44,6,44,12,39,3,9,15,30,27,66,0,14,4,0,8,83,14,0,10,101,70,23,23,43,99,8,5,14,84,10,13,0,55,6,65,15,64,0,28,0,25,0,15,76,0,8,0,53,82,0,60,0,1,0,4,0,43,1,3,22,11,22,82,24,17,3,17,50,5,62,51,0,3,55,52,9,39,81,38,4,6,35,0,18,47,11,0,14,0,22,11,22,34,0,14,13,19,85,94,32,3,0,36,10,19,77,22,0,0,1,0,5,25,8,0,9,31,116,0,0,0,31,20,0,4,1,96,8,44,39,0,23,14,0,0,17,21,93,25,10,58,60,80,13,62,25,34,9,0,16,11,8,20,8,73,16,16,54,56,1,32,20,0,90,6,38,9,30,0,8,67,73,67,1,11
30,64,22,68,101,98,104,107,82,12,84,54,103,104,0,104,31,26,101,23,12,58,0,104,45,68,32,97,24,104,23,52,3,70,103,33,23,0,101,0,0,106,44,75,23,104,13,0,17,34,104,56,96,8,105,10,0,105,91,19,103,5,105,93,83,101,67,87,22,33,0,83,102,99,103,101,103,5,38,4,104,103,104,22,104,104,101,104,42,0,74,57,22,50,4,93,0,0,98,1,54,29,52,36,101,103,85,101,83,105,48,61,23,92,97,88,43,34,9,102,10,104,90,98,61,105,40,105,104,72,36,103,107,22,2,104,107,104,106,10,33,98,70,29,23,103,102,104,103,87,104,98,97,104,104,39,72,21,86,78,58,95,104,15,0,0,59,109,9,101,0,104,84,61,104,49,58,8,19,0,20,99,3,0,24,28,0,0,0,35,1,20,107,44,76,9,1,23,46,0,7,21,19,0,41,36,0,0,12,8,15,10,76,41,0,0,7,104,2,1,104,0,27,35,7,12,59,3,99,7,50,45,0,5,2,13,0,34,23,0,0,43,105,72,12,35,12,22,0,67,0,8,20,2,0,0,7,36,19,102,101,0,0,27,15,12,23,67,107,4,20,7,0,0,8,54,12,0,15,0,102,8,15,22,14,24,78,4,0,2,12,9,27,22,36,91,28,15,103,13,2,21,0,7,15,32,101,102,8,9,91,4,12,85,0,0,0,104,0,102,0,10,19,80,48,22,2,12,0,42,20,11,12,54,8,0,4,0,23,0,0,12,0,89,0,8,35,0,0,5,15,97,1,5,70,92,0,12,10,12,0,20,103,21,23,19,103,4,33,104,80,105,11,3,65,7,104,104,107,0,103,0,25,72,65,88,11,22,10,0,98,7,10,33,12,5,104,47,17,5,96,0,0,17,44,42,15,97,0,54,12,10,12,0,11,0,9,6,0,0,12,91,5,2,10,101,102,74,0,73,6,60,106,60,22,0,101,2,104,100,12,13,0,116,103,104,75,79,106,103,0,0,96,22,0,104,50,90,28,106,83,0,0,0,34,32,19,10,12,7,46,62,2,103,0,92,0,9,20,6,2,6,0,34,0,0,9,0,8,61,12,13,3,81,26,0,10,13,0,24
18,72,22,62,109,99,112,111,74,14,78,63,113,112,5,112,31,27,102,17,0,66,3,112,53,68,40,106,28,112,11,60,6,78,110,34,27,4,91,4,0,112,31,82,30,112,1,0,13,39,112,56,105,8,110,0,0,111,98,18,111,0,111,87,89,107,60,89,30,21,4,88,110,108,112,106,112,0,45,4,112,110,112,22,112,112,107,115,38,4,79,61,12,58,0,94,4,4,99,5,62,34,57,44,89,113,87,106,91,98,48,57,27,86,107,91,48,34,2,114,0,112,81,107,51,111,44,110,112,82,41,98,112,26,4,112,112,112,112,10,37,106,74,27,24,114,110,112,116,80,112,101,102,112,112,45,77,25,92,76,58,101,112,3,4,0,67,96,0,109,0,115,92,49,112,58,65,12,14,0,24,103,7,4,17,34,4,0,4,40,5,24,111,48,67,15,3,27,54,4,7,22,11,4,48,43,0,2,0,2,18,0,80,29,4,4,11,115,6,3,110,4,35,41,4,16,47,3,107,1,58,53,4,9,3,0,0,38,27,0,4,38,111,80,4,36,0,26,0,61,4,3,8,0,4,4,5,41,7,111,91,4,0,22,7,0,11,57,112,3,20,7,0,4,0,47,0,2,3,4,106,0,3,25,21,32,80,4,0,0,0,0,28,26,44,84,27,19,111,0,10,25,4,2,3,40,112,110,4,1,96,7,2,87,4,4,4,115,4,110,4,10,23,80,56,27,0,0,0,50,8,1,0,52,0,4,4,4,27,3,0,0,4,82,0,0,39,4,4,5,19,105,5,8,58,79,4,10,14,0,4,20,115,19,27,20,112,8,38,115,90,111,5,8,69,7,112,112,101,4,115,1,13,78,57,96,5,25,3,4,106,3,0,21,0,17,112,55,5,0,105,4,3,17,52,50,3,85,4,57,0,3,0,4,4,4,2,13,4,4,0,95,1,0,0,106,110,80,4,61,2,68,112,68,26,4,110,3,98,106,4,1,0,103,116,112,83,74,110,111,4,0,105,13,4,112,57,83,16,111,77,4,0,2,39,32,8,4,1,4,54,68,6,113,4,101,4,11,9,0,3,4,0,36,4,0,0,4,8,69,9,4,0,86,30,2,0,6,4,31
18,76,22,62,113,99,116,111,74,12,78,63,115,116,2,116,31,29,102,17,0,62,0,116,57,68,41,106,24,112,11,63,2,82,111,33,23,0,91,0,3,112,32,83,34,116,1,0,14,40,115,56,108,7,111,0,0,111,98,17,114,3,111,87,89,107,60,89,30,21,0,88,113,109,115,106,113,3,48,0,116,111,116,22,116,116,110,113,38,0,75,61,12,62,0,94,0,0,99,1,58,32,58,48,89,115,87,107,94,98,48,57,23,86,109,91,48,34,2,110,0,116,81,107,51,111,44,111,116,80,41,97,113,22,8,116,113,116,112,14,37,110,74,31,27,112,114,116,112,79,115,104,102,116,116,46,77,21,91,74,58,101,116,3,0,0,68,97,3,113,0,113,96,49,116,61,61,8,14,0,20,103,3,0,20,36,0,0,0,43,1,20,111,44,67,18,1,23,58,0,7,24,11,0,52,45,0,0,0,2,18,0,79,29,0,0,7,113,2,1,110,0,39,44,0,12,47,3,110,0,62,57,0,5,0,1,0,34,23,2,0,39,111,84,7,35,0,22,0,61,0,3,8,0,0,0,6,44,7,114,91,0,0,25,7,0,11,57,113,5,20,7,0,0,0,47,0,0,3,0,106,0,3,28,22,36,80,0,0,0,0,3,27,22,46,85,30,15,115,1,6,29,0,5,3,44,110,114,0,0,96,11,2,87,0,0,0,113,0,114,0,10,19,80,60,25,0,0,0,54,8,1,0,56,0,0,0,0,23,0,0,0,0,81,0,0,40,0,0,5,15,109,1,11,58,80,0,12,10,0,0,21,112,19,23,22,115,4,38,113,88,111,5,8,65,7,116,115,101,0,112,0,13,76,57,98,5,25,4,0,110,0,0,21,0,13,116,59,5,0,105,0,0,17,56,53,3,85,0,54,0,2,0,0,4,0,3,16,0,0,0,95,1,0,0,106,114,80,0,61,2,65,112,64,22,0,111,2,98,106,6,1,0,104,112,116,83,75,110,112,0,0,105,13,0,116,57,83,16,112,77,0,1,0,39,32,8,4,0,3,58,71,2,115,0,102,0,12,8,0,2,2,0,34,0,0,0,0,9,70,9,3,3,82,34,0,0,6,0,35
8,63,53,47,80,83,83,84,62,31,54,83,83,83,11,83,62,28,81,13,4,50,10,83,38,71,28,91,12,85,15,54,1,68,86,43,11,8,71,8,22,83,24,89,16,83,9,29,15,28,84,87,81,16,83,6,31,83,87,35,83,8,83,69,95,85,60,78,28,10,2,98,85,81,83,85,85,5,34,10,83,85,83,43,83,83,82,83,24,8,56,68,15,43,21,72,2,8,80,9,51,19,43,30,69,83,92,82,75,74,43,53,23,71,79,63,72,63,7,84,3,83,66,83,30,83,48,83,83,65,72,75,83,10,4,83,83,83,83,2,58,77,100,12,39,85,81,83,83,55,84,78,79,83,83,63,103,21,86,49,89,79,83,1,2,31,90,71,3,80,20,83,63,32,83,43,49,24,16,19,10,83,3,2,25,18,2,32,2,27,3,10,83,32,47,26,2,11,40,2,38,11,24,2,35,51,25,15,4,2,22,18,54,25,2,6,4,83,2,2,83,2,20,28,5,12,39,26,79,5,43,36,2,2,5,1,23,22,11,5,2,23,83,70,10,66,3,10,25,76,2,3,6,21,7,2,11,26,4,83,71,7,19,17,3,8,8,33,83,5,51,35,31,7,16,49,6,13,1,13,83,7,1,15,24,17,66,2,32,25,4,6,13,10,32,63,12,15,83,0,3,19,7,0,4,25,86,81,0,9,85,5,3,68,2,6,8,83,2,81,2,23,7,62,36,14,25,3,17,35,2,5,4,37,6,2,2,5,11,3,16,4,2,78,28,3,42,8,5,36,19,76,9,13,48,54,2,2,10,10,8,21,83,12,11,14,83,20,69,83,58,83,26,36,39,32,83,84,76,5,83,29,9,60,69,89,5,53,6,8,77,1,9,24,7,10,83,40,1,16,89,6,21,40,38,36,0,64,16,34,3,4,3,2,10,5,9,19,2,7,4,73,18,19,17,84,81,94,4,56,16,54,83,45,10,2,87,11,76,81,0,4,31,75,83,83,116,47,83,86,2,19,87,27,7,83,53,66,11,83,57,4,30,4,33,62,17,9,3,3,45,60,2,83,4,77,2,13,0,9,10,10,31,34,2,13,5,2,24,51,25,0,8,58,15,11,18,23,2,16
32,49,0,82,73,71,75,76,65,37,101,31,74,75,15,75,37,7,69,23,14,50,2,75,27,41,27,70,23,75,21,39,2,45,77,17,22,1,76,1,2,77,26,53,26,75,17,2,23,24,75,38,69,10,76,8,7,78,67,1,73,27,78,70,57,70,52,61,50,29,1,54,74,70,74,71,74,3,58,29,75,74,75,42,75,75,71,75,37,0,50,35,47,28,33,67,1,1,71,2,45,38,32,28,78,74,56,71,54,78,58,57,22,69,74,73,19,18,15,72,19,75,68,71,70,78,62,76,75,92,7,76,78,23,30,75,78,75,77,15,10,74,48,33,13,74,77,75,74,78,75,71,69,75,75,17,45,22,62,78,36,68,75,17,0,2,34,84,12,76,25,75,76,72,75,27,53,9,26,0,21,70,4,6,18,26,1,2,0,22,7,21,76,43,84,30,16,22,27,1,9,20,32,0,25,61,2,1,14,35,16,11,68,31,1,1,6,75,2,7,75,0,27,22,9,13,85,26,75,9,28,73,0,6,27,16,7,33,22,0,0,38,78,43,42,21,13,23,0,71,1,28,18,2,1,0,16,27,20,75,76,1,20,25,22,15,20,56,78,35,9,7,2,20,6,52,38,0,17,1,71,30,19,21,20,28,64,4,15,4,14,36,29,23,28,81,32,16,76,23,11,44,1,6,42,28,73,77,5,38,64,30,13,69,0,1,0,75,0,77,0,11,18,71,68,28,5,16,3,29,24,15,14,53,32,0,4,1,22,0,20,14,0,72,25,28,20,1,25,30,14,76,2,32,64,101,0,32,9,37,1,44,74,20,22,19,74,5,6,75,71,78,37,26,60,9,75,75,82,1,74,2,24,64,55,64,15,9,14,1,74,5,33,17,38,33,75,26,43,10,73,1,20,10,28,27,17,72,1,73,16,14,14,0,17,1,8,12,0,1,14,69,30,27,10,78,77,46,1,49,37,64,77,46,23,0,73,4,78,79,14,14,20,79,74,75,47,116,77,75,1,19,72,23,20,75,48,73,23,79,95,14,24,6,22,19,42,36,14,31,33,40,3,74,6,75,1,10,22,23,2,8,2,56,1,0,13,0,31,44,10,17,2,54,30,20,38,37,1,26
23,70,22,68,107,104,110,114,78,12,84,62,110,110,2,110,31,25,102,20,5,62,0,110,51,73,38,106,24,112,15,58,1,76,111,34,23,0,97,0,0,114,36,84,29,110,6,0,14,40,110,56,105,7,111,4,0,115,98,17,111,2,115,93,88,106,62,93,29,27,0,89,109,107,111,106,111,2,45,0,110,109,110,22,110,110,107,110,39,0,75,60,16,56,3,93,0,0,103,1,58,31,60,43,94,110,89,107,89,103,52,60,23,91,105,92,48,36,6,109,6,110,86,108,53,115,45,111,110,78,41,102,113,22,3,110,113,110,114,8,38,104,73,25,23,110,108,110,110,82,110,102,100,110,110,46,78,21,91,74,58,100,110,8,0,0,66,101,2,107,0,110,90,55,110,57,61,8,15,0,20,104,3,0,19,31,0,0,0,39,1,20,115,44,73,14,0,23,54,0,7,21,16,0,47,41,0,0,5,7,17,4,77,34,0,0,7,110,2,0,112,0,33,40,0,12,52,3,105,3,56,51,0,5,0,4,0,34,23,0,0,39,115,78,5,35,5,22,0,62,0,7,13,0,0,0,6,40,13,112,97,0,0,21,11,4,17,61,113,1,20,7,0,0,3,49,5,0,8,0,109,4,8,25,20,30,81,0,0,0,5,3,26,22,43,89,26,15,111,5,4,23,0,2,8,38,109,108,2,4,96,6,7,87,0,0,0,110,0,108,0,11,19,81,54,24,1,6,1,48,13,6,5,52,4,0,0,0,23,0,0,5,0,84,0,4,38,0,0,5,15,103,1,7,63,84,0,7,10,5,0,19,111,19,23,19,111,4,38,110,85,115,8,8,64,7,110,110,105,0,111,0,18,76,60,97,8,25,5,0,104,2,5,27,5,11,110,53,10,1,104,0,0,17,51,48,9,91,0,54,6,5,6,0,7,0,3,12,0,0,5,94,1,0,5,110,108,79,0,67,3,65,114,64,22,0,109,2,101,110,5,7,0,106,110,110,83,77,116,110,0,0,105,17,0,110,57,87,22,114,82,0,0,0,38,33,13,7,5,0,52,67,2,110,0,101,0,10,11,2,3,2,0,34,0,0,4,0,7,67,10,8,1,82,28,0,5,7,0,29
18,72,26,62,109,100,112,110,75,13,78,67,111,112,3,112,35,26,106,19,0,62,0,112,53,68,41,110,24,113,12,61,2,78,113,35,23,0,91,0,1,111,32,84,32,112,1,4,15,41,113,60,105,10,110,1,4,111,102,21,110,0,111,87,93,111,62,90,34,21,0,92,113,109,111,109,113,0,47,0,112,112,112,26,112,112,107,112,37,0,75,65,14,58,2,98,0,0,100,1,58,32,58,46,89,111,90,108,92,99,49,59,23,86,106,90,52,37,3,109,0,112,81,110,50,111,48,110,112,79,45,97,112,22,6,112,112,112,111,10,41,106,78,27,25,113,110,112,111,79,113,101,104,112,112,49,81,21,94,74,62,105,112,3,0,4,72,97,1,109,4,112,92,49,112,57,61,8,17,4,20,106,3,0,17,32,0,4,0,41,1,20,110,44,67,16,1,23,55,0,11,21,11,0,48,45,4,2,0,3,22,2,79,29,0,0,7,112,2,1,109,0,35,42,0,12,47,7,108,0,58,53,0,5,1,1,4,34,23,2,0,38,111,80,6,38,1,22,4,65,0,4,8,4,0,0,7,40,7,111,91,0,4,23,8,1,11,59,112,2,24,11,4,0,2,50,0,2,3,0,108,1,3,28,26,32,82,0,4,4,0,0,28,22,48,85,26,15,112,1,5,25,0,1,3,40,112,110,0,0,100,7,2,91,0,0,0,112,0,110,0,13,19,83,56,25,4,0,3,50,8,1,0,53,1,0,0,0,23,1,4,0,0,81,4,0,42,0,0,9,15,105,1,9,58,80,0,8,10,1,0,21,111,23,23,22,111,4,42,112,87,111,7,12,64,11,112,113,100,0,111,3,13,78,59,98,7,29,5,0,106,0,0,21,0,12,112,55,5,3,109,0,1,21,54,51,3,85,0,55,0,2,0,0,6,0,4,16,0,0,0,99,5,4,0,107,110,84,0,61,4,66,111,64,22,0,113,5,99,106,3,1,4,103,111,112,86,75,110,116,0,4,108,14,0,112,61,84,16,112,78,0,3,2,41,36,8,5,0,3,54,69,2,111,0,104,0,14,7,2,4,4,4,36,0,3,1,0,13,72,12,3,1,82,30,1,0,8,0,31
23,3,4,1,0,0,0,0,0,28,0,4,1,0,37,0,0,63,0,17,18,54,44,0,17,0,21,0,92,0,17,6,95,0,0,50,93,94,0,92,21,0,17,1,17,0,21,7,21,19,0,4,2,29,0,8,3,0,0,35,0,0,0,0,2,0,0,0,5,15,89,0,0,4,0,0,0,17,9,66,0,0,0,16,0,0,0,3,17,93,41,0,6,17,1,0,100,90,0,94,45,79,17,17,0,1,0,4,15,0,0,0,87,0,7,0,6,27,15,6,23,0,0,0,6,0,1,0,0,6,0,1,0,94,10,0,0,0,0,85,1,0,0,21,9,2,0,0,4,12,0,0,0,0,0,12,0,89,12,12,4,0,0,17,110,0,0,0,21,0,1,3,0,0,0,17,55,94,17,11,94,0,94,107,0,28,112,30,110,17,89,94,0,72,0,9,72,93,17,108,7,44,0,105,17,11,13,62,17,10,21,18,22,0,113,99,93,3,79,79,0,110,17,17,68,98,1,1,0,80,17,6,105,95,23,25,11,80,93,55,110,17,0,0,18,32,16,94,22,0,112,1,18,32,95,87,49,17,17,0,0,94,1,20,17,17,17,4,0,6,1,7,4,60,9,6,0,59,14,99,0,0,17,17,22,17,1,106,19,11,16,1,24,94,17,0,12,95,0,49,77,30,94,77,15,17,2,0,101,7,0,42,12,0,110,105,103,3,57,0,103,5,97,1,1,78,11,18,17,17,17,16,8,11,11,104,53,105,93,96,11,12,105,12,5,1,14,86,55,6,93,0,94,1,0,0,105,21,97,0,94,8,3,21,93,17,0,98,0,3,6,0,4,2,50,10,0,0,0,110,3,26,17,37,0,6,14,2,22,92,0,74,15,15,0,30,0,17,0,5,0,64,26,11,17,17,5,0,99,11,17,43,17,110,17,95,18,16,110,94,21,0,1,1,10,0,0,0,95,1,1,22,0,52,94,110,0,33,1,0,18,6,1,0,4,0,2,1,0,0,116,1,0,4,61,0,16,0,17,0,0,80,10,85,17,22,6,0,18,21,5,0,94,1,89,0,99,32,18,4,69,41,3,25,106,30,17,110,5,24,11,18,18,34,17,34,0,14,112,17
12,33,71,21,1,5,0,1,15,59,17,42,0,0,70,0,67,7,14,21,17,0,24,0,3,26,5,5,0,2,5,40,1,28,3,29,0,18,6,20,30,0,0,24,10,0,10,37,33,4,1,39,1,19,0,38,43,0,13,56,1,91,0,4,25,9,24,13,53,14,17,23,3,2,0,9,2,24,43,26,0,2,0,56,0,0,5,0,1,18,0,45,65,0,78,20,13,22,10,18,10,5,0,8,7,0,22,3,7,7,52,21,6,6,0,9,55,36,22,0,56,0,9,6,28,0,59,0,0,25,59,4,0,0,80,0,0,0,0,5,57,2,27,7,28,2,0,0,0,5,1,4,14,0,0,15,25,6,11,23,39,15,0,13,0,57,33,0,11,1,97,0,5,30,0,0,0,6,19,79,0,12,12,5,51,3,0,43,0,14,17,0,0,0,22,71,28,0,1,0,39,6,53,0,4,44,33,49,15,61,26,35,8,36,0,16,12,0,6,13,0,0,6,14,35,6,31,98,2,3,0,42,0,13,74,7,41,2,0,47,0,0,0,28,34,27,31,0,33,35,1,86,10,59,18,0,30,0,10,0,6,17,105,13,12,11,6,24,0,78,77,43,42,43,30,20,72,22,23,4,7,91,12,16,22,6,16,0,78,51,20,72,8,0,3,4,9,7,0,11,10,46,17,11,42,1,4,0,2,80,15,27,20,16,0,4,6,0,11,0,0,57,0,19,47,5,29,16,32,2,7,19,44,34,76,0,11,3,0,8,89,18,0,6,87,82,24,26,46,85,0,5,18,86,14,13,0,61,9,69,18,71,0,25,0,20,0,6,61,0,7,0,44,66,1,44,0,1,2,4,0,28,3,3,10,9,20,66,19,20,2,20,50,9,72,58,0,1,67,64,7,44,65,33,2,5,51,0,7,43,12,2,15,0,19,16,21,29,0,17,16,17,91,94,20,3,0,32,15,22,78,18,0,0,0,0,5,22,8,2,12,43,96,0,0,0,19,19,0,4,1,116,10,49,42,0,29,18,2,0,21,26,87,23,10,48,73,92,14,68,32,37,12,0,19,11,12,19,7,85,15,15,39,44,0,33,21,0,94,4,36,12,34,0,7,70,61,65,1,10
18,65,30,65,102,100,105,105,76,15,80,67,105,105,3,105,39,20,102,22,4,62,4,105,46,73,36,107,24,107,10,54,1,71,109,41,23,0,93,0,5,105,30,89,24,105,3,8,15,35,106,64,100,9,103,4,8,106,106,23,104,6,106,89,95,107,57,93,30,17,0,95,107,103,105,107,107,6,41,0,105,105,105,30,105,105,105,105,32,0,75,67,18,51,3,94,0,0,103,1,58,31,52,38,93,105,91,103,85,97,54,60,23,91,100,85,56,42,4,104,3,105,86,106,52,106,52,103,105,73,49,93,105,22,5,105,105,105,105,3,43,99,82,20,27,107,103,105,105,74,106,103,101,105,105,47,84,21,95,69,66,101,105,7,0,8,72,95,0,102,8,105,85,52,105,51,61,8,16,10,20,108,3,0,22,26,0,8,0,35,1,20,104,44,67,17,0,23,49,0,15,16,13,0,42,45,8,3,4,7,20,6,74,33,0,0,7,105,2,0,103,0,28,36,0,12,51,11,101,0,51,51,0,5,3,0,8,34,23,5,0,31,106,73,3,41,2,22,8,67,0,9,12,8,0,0,5,34,10,106,93,0,10,17,9,1,14,55,105,3,28,15,8,0,8,52,4,3,7,0,105,4,7,22,26,25,89,0,8,8,4,3,22,22,40,87,20,15,106,1,4,18,0,2,7,33,108,103,1,2,104,6,3,93,0,0,0,105,2,103,0,21,19,83,49,19,6,3,9,43,8,5,4,51,6,0,2,0,23,2,10,4,0,81,8,6,39,0,0,13,15,98,1,11,62,78,0,7,10,0,0,28,105,23,23,18,105,4,46,105,80,106,8,16,59,15,105,106,101,0,105,6,13,79,60,93,6,33,4,0,99,1,4,24,4,11,105,48,9,9,111,0,3,25,46,44,6,84,0,51,3,2,3,0,8,0,9,16,0,0,4,95,9,8,4,108,103,88,0,60,5,66,105,64,22,0,109,6,98,104,6,4,8,96,105,105,87,72,105,108,0,10,116,15,0,105,63,87,15,106,80,0,7,3,40,39,13,12,3,2,47,63,2,105,0,103,0,8,5,9,5,5,8,39,0,10,4,0,15,65,19,6,5,77,23,3,2,15,0,24
35,37,44,45,12,29,13,18,44,22,34,51,13,13,34,13,47,5,19,31,47,11,22,13,3,49,16,18,3,14,47,34,3,45,14,9,3,23,28,25,23,16,27,25,14,13,47,40,56,15,13,29,12,30,16,49,37,16,19,41,13,43,16,36,25,19,52,28,34,29,24,30,15,13,13,20,13,31,35,11,13,14,13,35,13,13,18,13,24,23,6,55,71,2,56,18,20,27,26,23,9,0,5,3,31,13,26,15,13,28,58,60,5,38,11,33,55,31,49,13,56,13,43,13,43,16,32,16,13,15,57,25,16,3,45,13,16,13,16,0,80,11,30,20,10,13,13,13,13,29,13,16,18,13,13,15,29,5,16,17,29,18,13,42,3,54,44,27,39,12,56,13,26,53,13,2,11,8,31,57,3,20,19,3,47,10,3,28,3,5,19,3,17,5,42,57,0,3,1,3,31,6,70,0,0,19,33,44,45,42,22,40,16,76,3,15,19,13,0,0,16,3,14,5,27,8,44,56,12,23,2,37,0,20,49,38,35,8,3,35,3,25,16,45,24,28,52,3,26,36,4,54,45,56,25,10,35,15,43,13,28,24,50,22,42,47,43,44,16,54,44,30,38,33,35,59,74,15,44,11,18,54,39,18,15,15,33,7,32,57,44,61,17,3,16,38,20,9,13,25,0,26,24,3,42,14,16,13,10,62,22,4,35,32,3,6,5,13,10,13,0,49,3,31,30,0,41,41,32,2,40,50,75,44,57,0,14,5,3,6,35,45,0,33,43,60,6,31,24,52,3,13,23,52,58,31,6,43,8,77,23,45,13,23,3,21,13,8,56,13,24,16,36,36,5,34,13,13,25,6,13,22,42,11,63,20,45,38,39,25,11,13,41,33,73,36,13,1,69,80,20,40,38,32,2,0,68,38,12,11,42,38,43,3,41,23,30,18,3,24,45,18,47,59,37,21,13,31,22,55,75,22,16,0,3,3,16,22,28,19,38,77,44,22,13,13,27,23,17,14,4,49,15,116,32,13,47,34,40,16,34,20,47,6,20,18,73,53,44,46,27,47,19,13,21,14,19,16,38,45,3,20,38,6,0,23,49,3,59,4,22,41,30,6,17,42,59,35,4,13
3,32,20,14,0,0,0,0,0,63,14,28,1,0,84,0,26,40,0,0,0,30,28,0,0,6,0,0,59,0,0,37,47,25,0,37,60,82,0,83,5,0,0,3,0,0,0,5,32,0,0,5,2,16,0,9,17,0,0,45,0,48,0,0,7,0,5,10,40,0,81,5,0,0,0,0,0,0,58,81,0,0,0,54,0,0,0,3,0,80,39,20,40,0,44,0,77,86,0,81,51,48,0,0,0,1,5,0,18,0,34,0,61,0,7,0,37,24,0,6,17,0,0,0,13,0,36,0,0,30,24,1,0,61,62,0,0,0,0,37,24,0,5,0,0,2,0,0,4,12,0,0,0,0,0,6,5,63,12,18,5,0,0,0,60,16,16,0,4,0,55,3,0,15,0,0,31,66,0,21,61,0,77,56,11,11,61,19,60,0,72,61,0,43,10,63,77,60,0,61,5,21,30,57,0,30,0,58,0,41,0,8,8,20,61,72,76,3,38,36,0,60,0,0,43,66,19,52,0,40,0,45,57,77,75,5,17,45,60,42,60,0,0,25,41,42,1,61,2,10,61,33,0,33,82,53,28,0,0,0,0,82,47,14,0,0,0,1,0,58,30,2,5,115,0,1,48,41,0,68,0,52,0,0,5,0,0,56,49,10,0,55,7,61,0,0,0,66,0,13,34,79,83,32,24,0,2,0,50,61,0,54,0,0,60,64,62,3,30,0,57,20,60,1,35,38,0,0,0,0,0,0,21,20,43,56,26,63,60,48,40,0,57,17,43,37,0,74,98,39,60,0,81,56,0,14,55,71,65,47,82,53,3,0,60,0,0,66,24,3,6,0,34,46,31,1,0,0,0,63,3,21,0,23,0,11,0,34,5,84,0,35,21,0,47,81,0,0,40,25,0,58,72,5,0,0,13,0,69,31,0,19,0,60,0,80,1,20,60,83,0,0,49,56,0,0,0,12,79,5,48,44,0,45,61,60,0,16,1,0,1,23,39,0,4,0,7,20,0,0,61,42,0,32,116,0,13,0,0,0,14,84,36,38,0,36,55,51,1,73,26,25,78,1,75,0,77,6,1,28,31,17,5,37,58,6,0,60,50,7,0,3,0,32,0,88,36,41,61,0
18,76,22,62,113,99,116,111,74,12,78,63,115,116,2,116,31,29,102,17,0,62,0,116,57,68,41,106,24,112,11,63,2,82,111,33,23,0,91,0,3,112,32,83,34,116,1,0,14,40,115,56,108,7,111,0,0,111,98,17,114,3,111,87,89,107,60,89,30,21,0,88,113,109,115,106,113,3,48,0,116,111,116,22,116,116,110,113,38,0,75,61,12,62,0,94,0,0,99,1,58,32,58,48,89,115,87,107,94,98,48,57,23,86,109,91,48,34,2,110,0,116,81,107,51,111,44,111,116,80,41,97,113,22,8,116,113,116,112,14,37,110,74,31,27,112,114,116,112,79,115,104,102,116,116,46,77,21,91,74,58,101,116,3,0,0,68,97,3,113,0,113,96,49,116,61,61,8,14,0,20,103,3,0,20,36,0,0,0,43,1,20,111,44,67,18,1,23,58,0,7,24,11,0,52,45,0,0,0,2,18,0,79,29,0,0,7,113,2,1,110,0,39,44,0,12,47,3,110,0,62,57,0,5,0,1,0,34,23,2,0,39,111,84,7,35,0,22,0,61,0,3,8,0,0,0,6,44,7,114,91,0,0,25,7,0,11,57,113,5,20,7,0,0,0,47,0,0,3,0,106,0,3,28,22,36,80,0,0,0,0,3,27,22,46,85,30,15,115,1,6,29,0,5,3,44,110,114,0,0,96,11,2,87,0,0,0,113,0,114,0,10,19,80,60,25,0,0,0,54,8,1,0,56,0,0,0,0,23,0,0,0,0,81,0,0,40,0,0,5,15,109,1,11,58,80,0,12,10,0,0,21,112,19,23,22,115,4,38,113,88,111,5,8,65,7,116,115,101,0,112,0,13,76,57,98,5,25,4,0,110,0,0,21,0,13,116,59,5,0,105,0,0,17,56,53,3,85,0,54,0,2,0,0,4,0,3,16,0,0,0,95,1,0,0,106,114,80,0,61,2,65,112,64,22,0,111,2,98,106,6,1,0,104,112,116,83,75,110,112,0,0,105,13,0,116,57,83,16,112,77,0,1,0,39,32,8,4,0,3,58,71,2,115,0,102,0,12,8,0,2,2,0,34,0,0,0,0,9,70,9,3,3,82,34,0,0,6,0,35
29,28,29,53,54,54,57,58,40,22,58,40,57,57,18,57,31,2,56,32,23,49,19,57,21,55,42,62,29,59,19,24,0,31,60,31,28,11,54,9,25,57,4,55,30,57,19,27,14,36,58,43,52,26,55,27,27,57,60,25,57,24,57,46,58,60,49,48,33,27,9,57,60,63,57,60,59,23,35,14,57,57,57,33,57,57,56,57,31,11,47,41,42,24,19,54,12,9,59,11,41,22,24,19,54,57,53,64,45,50,41,55,18,48,62,65,35,41,18,58,23,57,43,57,42,57,59,55,57,51,37,56,57,28,16,57,57,57,57,2,36,53,45,28,16,59,57,57,57,66,58,56,60,57,57,33,46,17,67,54,43,59,57,18,11,23,39,46,14,56,25,57,67,56,57,24,48,14,29,41,26,58,13,7,34,29,15,33,11,18,6,26,57,31,38,30,6,28,21,11,34,23,24,6,18,63,27,27,21,8,40,19,57,25,15,16,16,57,6,1,55,11,31,17,17,26,47,25,55,13,24,33,6,17,24,10,27,39,28,18,11,28,57,31,6,43,32,28,27,54,12,18,21,21,12,16,18,32,21,57,54,11,27,23,13,15,21,68,57,19,21,36,27,13,32,59,21,24,24,16,57,22,15,29,43,28,73,11,25,40,24,19,25,28,37,65,24,23,57,0,3,11,11,6,23,31,61,57,12,19,56,9,16,68,11,11,10,57,17,57,6,36,32,68,30,19,28,21,22,18,12,24,28,33,29,6,17,11,28,9,29,21,6,46,28,19,27,19,10,37,20,57,11,18,58,50,6,21,23,17,11,30,57,32,28,26,57,18,34,57,63,57,12,18,41,39,57,58,53,16,57,26,18,61,46,60,16,21,21,11,53,15,24,14,21,14,57,21,23,47,62,17,20,33,22,19,30,37,16,42,18,18,19,11,20,12,22,30,11,11,25,55,22,25,20,58,57,49,12,38,19,61,57,36,28,11,62,26,52,57,17,26,23,50,57,57,53,48,57,61,16,29,63,47,13,57,116,54,16,57,64,13,38,9,37,21,36,25,20,16,24,29,13,57,6,59,11,28,10,29,14,19,23,22,6,29,22,11,29,35,43,17,28,49,27,21,14,38,12,29
33,45,32,76,80,95,83,88,86,19,87,46,83,83,6,83,45,13,91,42,24,54,9,83,28,66,19,84,22,84,18,33,0,53,84,29,21,0,102,0,12,86,32,71,19,83,18,12,21,18,83,68,82,12,88,18,8,86,85,11,83,7,86,86,76,89,61,84,17,31,2,79,85,79,83,90,83,15,25,2,83,86,83,28,83,83,88,83,25,0,63,65,22,31,20,92,0,0,100,1,45,26,34,34,103,83,77,81,64,100,61,78,23,88,78,81,40,35,24,83,26,83,93,80,65,86,47,88,83,58,33,97,86,20,4,83,86,83,86,0,36,79,73,23,31,83,83,83,83,78,83,90,92,83,83,27,70,21,73,70,68,92,83,27,0,12,49,95,14,82,11,83,74,66,83,31,54,8,26,18,22,90,1,0,23,14,0,12,0,36,3,22,87,42,79,10,4,21,28,0,19,18,25,0,27,40,12,2,24,23,21,22,68,43,2,2,5,83,4,0,88,0,19,36,2,12,69,8,80,11,31,35,0,3,7,16,8,34,21,8,0,26,86,53,9,26,25,20,12,75,0,18,24,16,0,0,16,18,30,83,102,0,18,20,23,18,26,61,86,13,21,21,12,0,16,68,20,4,29,2,88,16,24,23,15,20,75,2,14,14,25,16,20,20,19,84,25,15,83,12,0,8,0,2,23,15,86,83,3,19,88,0,14,78,0,0,0,83,4,83,2,23,17,81,38,16,22,20,11,29,21,29,24,51,27,0,6,0,21,8,18,26,0,85,10,22,25,0,0,15,13,87,1,8,80,82,0,2,10,16,0,31,83,30,21,26,83,4,32,83,70,86,17,6,55,19,83,83,95,0,83,6,23,68,65,76,28,17,15,0,79,2,28,38,20,1,83,28,23,16,88,2,0,18,29,27,27,84,0,57,21,13,22,0,18,2,9,7,0,0,24,90,4,9,9,91,83,71,0,64,17,53,86,51,20,0,86,6,100,91,23,24,14,90,83,83,66,73,87,84,0,18,87,34,0,83,54,116,21,86,89,0,11,12,23,30,26,20,23,0,27,61,0,83,0,88,0,6,19,18,4,6,12,42,0,17,28,0,16,46,23,28,17,63,22,7,11,18,0,18
84,13,2,35,13,22,16,20,30,0,23,9,16,16,0,16,0,33,16,82,97,4,56,16,65,34,75,15,0,18,107,9,35,12,18,12,0,0,29,1,54,20,100,12,72,16,94,58,48,76,16,0,14,79,19,72,53,21,13,10,17,10,21,41,13,16,35,18,23,86,0,12,16,17,17,17,17,87,4,11,16,17,16,0,16,16,17,16,89,2,14,6,24,70,13,8,5,0,23,0,11,0,74,61,32,16,16,18,16,27,14,36,0,40,16,27,9,9,85,16,31,16,42,19,32,21,11,19,16,11,9,26,19,0,0,16,19,16,20,29,22,10,8,75,46,16,14,16,16,27,16,24,11,16,16,61,11,0,13,10,2,10,16,102,23,39,9,35,94,13,0,16,22,40,16,71,4,0,80,22,0,17,0,21,41,71,15,29,23,59,0,0,21,0,38,1,27,0,68,19,49,60,26,28,65,5,62,0,99,39,65,44,9,53,16,0,0,16,44,34,20,23,73,59,8,0,35,3,11,46,70,5,28,0,4,96,61,0,0,11,23,93,21,14,61,21,78,0,55,12,21,25,105,16,0,46,36,84,107,18,29,1,7,70,97,96,111,34,19,12,7,44,53,0,70,34,32,41,83,0,19,15,102,72,64,74,32,27,0,31,90,28,77,0,83,43,75,0,17,64,34,5,0,31,62,78,16,14,31,18,13,43,91,29,23,16,18,16,62,14,26,46,0,23,5,26,66,93,75,66,103,94,61,10,20,29,66,16,0,29,10,94,28,27,0,22,53,0,0,0,0,9,0,0,49,31,28,4,0,30,0,0,17,70,0,72,17,0,8,16,18,21,52,19,5,46,16,16,27,11,17,48,112,7,48,17,91,9,83,0,10,29,42,93,32,0,16,67,35,40,16,0,0,71,65,64,55,47,0,2,100,88,100,23,90,0,85,56,23,0,95,6,5,2,75,23,14,11,0,47,20,7,20,10,0,23,16,73,25,26,99,63,0,28,16,16,11,23,22,16,17,2,15,40,0,16,16,21,116,20,22,0,0,23,83,10,20,10,99,6,29,6,0,16,0,10,6,64,101,19,45,71,60,3,27,69,94,23,0,33,57,98,74,16,76,0,26,14,21,72
22,72,22,66,109,102,112,113,77,12,82,63,111,112,2,112,31,26,102,19,4,62,0,112,53,72,39,106,24,112,14,60,2,78,113,33,23,0,95,0,0,114,36,83,31,112,5,0,16,40,112,56,105,7,113,3,0,115,98,17,110,1,115,91,89,107,62,92,30,25,0,88,111,107,111,107,111,1,46,0,112,111,112,22,112,112,108,112,40,0,75,61,14,58,2,94,0,0,102,1,58,32,62,45,93,111,88,107,91,101,51,59,23,90,106,93,48,35,5,109,4,112,85,108,53,115,44,113,112,79,41,101,115,22,5,112,115,112,114,10,37,106,74,27,24,111,110,112,111,82,112,102,101,112,112,46,77,21,91,73,58,101,112,7,0,0,68,101,0,109,0,112,92,53,112,57,61,8,15,0,20,104,3,0,18,32,0,0,0,40,1,20,113,44,71,15,1,23,56,0,7,21,15,0,48,43,0,0,4,5,18,2,78,33,0,0,7,112,2,1,112,0,35,41,0,12,51,3,107,3,58,53,0,5,0,4,0,34,23,0,0,41,115,80,5,35,3,22,0,61,0,6,12,0,0,0,8,40,11,112,95,0,0,22,10,3,15,59,115,2,20,7,0,0,2,48,4,0,7,0,108,3,7,26,22,32,82,0,0,0,4,1,28,22,45,89,26,15,113,5,5,25,0,1,7,40,110,110,1,3,96,7,6,87,0,0,0,112,0,110,0,11,19,81,56,25,0,4,1,50,12,5,4,54,3,0,0,0,23,0,0,4,0,84,0,4,39,0,0,5,15,105,1,8,62,84,0,8,10,3,0,19,111,19,23,20,111,4,38,112,87,115,7,8,64,7,112,112,103,0,111,0,17,76,59,96,7,25,7,0,106,1,4,25,4,12,112,55,9,1,105,0,0,17,53,50,7,89,0,54,4,5,4,0,6,0,2,14,0,0,4,95,1,0,4,109,110,80,0,65,4,65,114,64,22,0,110,2,101,110,4,5,0,106,111,112,83,79,114,112,0,0,106,16,0,112,57,86,20,116,80,0,0,0,38,32,12,7,4,2,54,68,2,111,0,101,0,11,10,2,2,2,0,34,0,0,3,0,9,69,10,7,0,82,30,0,4,8,0,31
28,37,9,99,74,84,77,81,67,30,110,37,77,77,10,77,48,0,76,34,19,58,1,77,20,55,23,79,24,79,17,25,0,45,78,21,23,0,93,0,2,81,19,60,18,77,13,2,21,21,77,45,73,4,78,17,6,81,76,1,78,27,81,83,61,76,58,71,36,28,0,66,79,74,78,77,78,10,46,21,77,76,77,38,77,77,75,77,31,0,57,46,42,23,29,73,0,0,87,1,40,34,26,18,91,77,64,75,56,87,76,68,23,83,75,77,28,23,12,77,22,77,78,75,77,81,62,78,77,80,18,89,80,22,18,77,80,77,81,3,17,73,54,22,8,77,77,77,77,80,77,82,75,77,77,19,55,21,67,86,45,75,77,22,0,2,41,84,11,76,22,77,77,86,77,24,61,8,20,8,20,77,3,3,26,17,0,2,0,15,4,20,82,44,88,22,10,23,20,0,9,14,41,0,17,59,2,0,19,26,11,17,71,44,0,0,7,77,0,3,79,0,20,15,7,12,83,19,74,7,23,59,0,5,26,12,6,34,23,2,0,29,81,45,27,28,20,22,2,86,0,28,23,6,0,0,11,22,27,78,93,0,21,18,15,13,27,60,80,30,2,11,2,14,13,58,36,0,22,0,77,32,19,16,14,17,78,4,14,4,18,34,21,22,24,93,23,15,77,15,6,28,0,4,39,20,79,77,5,36,73,17,11,76,0,0,0,77,0,77,0,15,19,75,54,20,8,17,1,17,16,20,19,55,32,0,4,0,23,2,21,19,0,75,21,28,13,0,17,26,15,77,1,21,77,101,0,22,10,34,0,40,78,20,23,16,78,4,15,77,73,81,30,19,57,9,77,77,92,0,78,0,22,72,63,72,16,2,10,0,73,5,32,24,36,21,77,20,41,18,81,0,14,12,21,17,22,74,0,62,18,13,19,0,10,0,8,6,0,0,19,73,21,24,8,84,77,56,0,52,30,71,81,46,22,0,79,0,85,86,19,21,17,83,77,77,57,95,82,78,0,21,80,34,14,77,64,89,22,80,116,9,22,5,21,15,45,35,19,19,19,42,2,77,3,79,0,3,15,22,1,4,2,47,0,7,20,0,20,36,16,22,10,57,19,15,27,34,0,17
6,16,13,10,0,0,0,0,0,49,9,15,1,0,57,0,12,46,0,0,1,37,24,0,0,2,4,0,73,0,0,30,64,14,0,41,74,88,0,86,3,0,0,1,0,0,4,6,24,4,0,6,2,9,0,4,8,0,0,37,0,32,0,0,2,0,2,6,31,1,85,2,0,4,0,0,0,0,30,82,0,0,0,27,0,0,0,3,0,87,36,12,31,0,22,0,88,84,0,88,44,70,0,0,0,1,2,4,17,0,21,0,70,0,2,0,18,20,1,6,34,0,0,0,13,0,22,0,0,21,9,1,0,75,46,0,0,0,0,59,14,0,2,4,0,2,0,0,4,7,0,0,0,0,0,3,2,72,7,19,6,0,0,0,74,5,5,0,4,0,33,3,0,9,0,0,38,77,0,20,75,0,90,81,5,6,82,20,74,0,95,75,0,53,7,31,62,74,0,78,6,20,18,69,0,28,4,59,0,34,4,19,18,15,79,88,86,3,45,59,0,74,0,0,75,81,14,31,0,52,0,31,69,88,59,6,8,61,74,43,74,0,0,14,28,33,4,75,9,7,76,26,1,39,90,57,30,0,0,0,0,89,29,11,0,0,0,4,0,42,14,9,6,83,5,6,29,44,8,84,0,30,0,0,0,0,1,70,29,16,4,33,7,75,0,0,0,78,0,33,57,62,89,47,19,0,2,0,65,39,0,44,0,0,74,79,75,3,29,0,69,12,78,1,24,60,4,4,0,0,0,1,21,22,44,68,25,80,74,60,42,0,69,9,29,29,3,80,90,28,74,0,88,34,0,9,74,45,80,28,88,39,3,4,74,0,0,81,9,3,6,0,22,26,37,1,0,0,0,85,3,16,0,26,0,3,0,17,0,86,0,47,24,0,28,66,0,0,28,20,0,62,40,2,0,0,17,0,85,28,0,17,0,74,0,88,1,8,74,89,4,0,33,34,4,0,0,6,93,3,29,29,0,45,75,74,0,11,1,0,1,19,21,0,4,0,4,14,0,0,80,26,0,20,84,0,13,0,0,0,9,116,29,61,0,28,39,29,1,57,22,14,90,1,97,0,87,13,1,27,37,20,2,36,70,9,0,74,34,13,5,3,4,29,0,56,23,33,76,0
10,21,76,22,1,9,1,1,8,67,20,31,1,1,46,1,67,7,13,10,10,0,19,1,3,19,10,8,5,2,7,33,0,15,3,30,5,11,3,9,38,0,0,30,6,1,12,47,15,6,0,49,1,12,0,28,59,0,17,38,2,78,0,0,24,8,17,16,52,7,6,26,2,7,1,9,3,18,33,48,1,2,1,67,1,1,6,0,1,11,0,29,61,1,85,13,6,11,6,11,16,5,0,2,4,1,25,7,6,7,38,20,6,2,1,4,44,46,19,0,38,1,5,5,26,0,56,0,1,30,61,3,0,5,67,1,0,1,0,6,44,1,39,5,34,2,1,1,0,0,0,1,8,1,1,18,37,6,12,19,49,8,1,4,5,57,38,0,5,1,90,0,1,28,1,1,0,19,14,58,5,12,5,11,49,4,9,53,5,10,10,5,0,0,17,63,21,5,1,5,49,1,61,0,5,63,43,42,8,45,24,38,5,18,9,17,5,0,0,12,0,5,1,8,29,15,33,90,0,7,1,34,0,6,63,0,49,11,5,30,5,0,0,15,37,38,21,5,43,41,6,59,6,48,11,0,20,1,3,1,3,10,78,6,6,10,3,19,0,63,81,53,52,37,35,24,56,16,18,21,7,77,1,10,16,2,13,5,83,66,13,59,0,5,4,0,5,12,1,10,10,38,10,13,41,1,3,1,7,64,19,32,13,15,5,9,10,0,6,1,0,32,9,13,27,9,39,11,30,1,1,11,28,13,67,0,6,8,5,8,80,11,0,10,100,58,23,19,44,100,13,1,11,77,7,17,5,49,18,61,11,70,0,23,5,16,1,23,64,0,0,0,59,75,0,48,1,0,0,13,0,34,2,3,21,10,16,70,16,13,1,17,52,6,58,50,1,1,51,58,8,33,73,37,2,2,31,0,24,42,5,2,6,5,14,9,17,25,5,10,11,10,83,87,31,2,1,35,8,21,68,30,0,0,5,5,6,16,8,0,4,26,93,0,0,1,30,24,0,3,10,87,7,47,36,1,38,11,0,0,22,29,116,19,9,58,68,75,7,60,27,18,5,1,12,7,5,15,0,67,8,8,45,46,0,23,12,5,79,6,40,3,30,0,1,57,67,79,6,4
27,1,23,3,3,5,0,1,14,40,3,5,0,0,35,0,22,60,11,40,30,37,50,0,24,2,29,2,62,0,25,9,86,0,0,37,63,64,0,65,40,0,23,1,32,0,36,32,16,29,1,23,3,33,0,18,21,0,4,26,0,7,0,0,7,7,13,6,18,27,61,6,3,4,0,6,0,32,5,56,0,0,0,19,0,0,5,2,24,64,25,14,6,23,20,19,69,62,6,64,29,68,23,33,1,0,3,4,16,7,11,16,62,2,0,9,8,23,35,3,37,0,5,1,11,0,13,0,0,9,7,0,0,64,23,0,0,0,0,80,7,4,9,36,32,0,0,0,2,6,1,0,11,0,0,18,6,64,2,21,23,13,0,32,81,23,2,0,37,1,17,2,5,3,0,23,37,64,36,31,64,6,64,88,0,27,83,50,81,36,69,64,0,47,12,10,72,63,26,79,32,42,8,86,26,11,38,38,31,33,44,29,28,2,84,68,63,2,76,77,0,81,31,37,60,68,6,17,4,66,23,11,86,64,23,39,31,54,63,53,81,23,0,0,28,18,28,64,47,15,81,18,26,48,64,68,55,23,27,0,0,65,23,30,37,33,23,12,0,9,14,32,29,37,20,18,7,56,27,68,4,8,33,37,34,31,1,81,33,23,32,6,40,64,24,0,26,64,0,53,73,28,64,68,23,26,6,0,79,7,7,47,26,9,81,76,84,2,55,0,84,25,67,16,15,73,36,32,41,27,32,30,9,21,24,85,55,76,63,93,29,26,86,1,23,13,25,56,40,22,63,5,64,15,5,3,81,12,67,7,64,17,2,44,63,42,0,68,7,2,14,0,23,19,28,31,0,1,0,79,2,30,24,20,7,4,37,9,36,62,4,61,28,21,6,32,0,26,7,10,4,46,15,28,27,28,13,0,68,29,30,33,31,81,36,64,30,27,81,64,36,17,13,15,24,3,0,7,64,0,16,7,0,35,64,81,3,37,9,0,31,6,25,0,2,0,4,6,0,2,85,23,3,6,38,0,9,12,23,0,5,61,19,116,29,25,8,14,30,26,12,13,64,0,69,6,70,44,32,20,69,49,28,49,87,49,37,81,22,31,28,29,37,18,32,34,10,15,81,32
79,36,12,9,36,36,39,40,13,6,20,28,39,39,3,39,17,34,43,90,66,10,61,39,88,20,100,38,0,41,79,26,33,35,41,13,0,0,24,1,61,39,72,28,91,39,65,59,24,98,40,17,35,71,39,47,63,38,35,12,40,2,38,16,38,46,29,28,47,82,0,36,40,41,39,46,41,69,20,7,39,41,39,9,39,39,43,39,100,2,28,27,5,93,6,33,5,0,37,0,25,0,92,79,23,39,32,42,40,35,25,22,0,18,38,51,25,15,69,39,2,39,19,41,6,38,24,39,39,34,26,28,39,0,5,39,39,39,39,34,22,33,29,84,60,41,37,39,39,36,40,32,41,39,39,81,33,0,33,24,19,40,39,71,23,42,29,29,67,36,10,39,45,7,39,93,6,0,87,30,0,45,0,21,38,88,15,38,23,82,0,0,39,0,17,12,27,0,89,19,66,75,5,28,86,15,65,3,68,29,89,21,29,22,16,0,0,39,46,34,39,23,96,83,0,0,4,13,35,22,93,26,28,0,1,67,71,0,0,18,23,99,38,37,44,27,46,0,65,24,21,7,74,15,0,46,16,104,74,38,24,1,15,83,80,68,78,36,39,0,17,61,56,0,52,22,1,44,52,0,45,1,71,97,84,93,44,23,9,32,59,5,88,0,107,40,83,0,38,34,35,15,0,27,31,101,41,37,21,0,39,50,65,56,23,16,18,39,62,37,26,62,0,48,28,41,62,60,77,85,76,67,30,21,6,29,62,16,0,34,18,63,28,25,10,4,75,0,0,10,0,32,0,11,18,25,28,5,0,0,0,12,39,90,0,91,39,0,23,39,40,38,43,34,21,63,39,40,30,11,39,52,81,27,30,38,75,20,68,0,33,19,15,60,1,7,39,90,4,33,40,0,1,88,87,86,22,18,0,15,67,64,67,23,79,0,73,66,23,0,64,34,9,10,54,39,37,27,0,16,7,19,39,22,0,23,42,68,36,34,70,30,10,34,39,39,33,22,38,41,17,10,40,20,0,39,37,23,83,38,21,0,9,29,116,18,6,11,67,2,52,32,0,39,0,32,6,72,75,5,49,72,63,21,27,76,72,23,10,57,65,68,64,34,91,6,1,4,21,92
1,34,68,14,30,42,32,32,33,43,13,44,32,32,25,32,43,42,43,6,5,14,20,32,18,45,9,42,23,35,13,40,18,23,35,67,24,27,30,27,36,33,22,61,5,32,7,41,13,9,33,62,31,15,32,21,51,33,49,55,34,36,33,33,58,40,29,48,22,5,18,60,35,31,33,40,35,13,17,37,32,34,32,51,32,32,36,32,7,26,48,33,17,22,45,36,22,25,37,27,57,24,22,14,29,32,58,31,54,38,7,28,31,33,31,17,54,79,15,32,14,32,36,39,13,33,48,32,32,27,67,29,32,25,29,32,32,32,33,19,49,28,67,0,43,34,30,32,32,14,33,33,35,32,32,41,71,33,44,8,64,35,32,0,20,43,50,32,5,30,48,32,12,16,32,23,16,39,15,33,25,43,21,19,31,13,21,54,20,21,19,25,33,10,19,37,32,24,20,21,43,4,21,20,22,38,37,16,4,18,18,20,10,4,21,29,20,32,4,6,33,20,0,19,10,27,21,54,29,23,22,7,20,22,18,0,43,3,24,22,20,9,33,25,22,78,11,25,37,38,22,26,5,48,27,20,22,8,3,33,30,26,46,7,6,9,7,15,32,22,79,40,46,35,28,22,13,25,4,33,40,34,0,11,19,1,24,18,67,35,6,24,1,25,12,19,5,32,32,2,4,40,26,22,11,5,35,30,19,24,51,13,14,32,20,25,26,32,10,30,20,21,20,23,5,19,31,8,28,18,0,6,4,1,21,19,8,24,24,22,41,7,20,41,55,19,33,19,29,60,32,25,27,38,15,15,18,18,29,20,27,31,33,15,24,14,33,35,70,32,10,33,44,53,11,40,32,33,33,25,33,35,6,17,40,43,12,72,18,25,28,10,21,23,15,23,32,20,8,31,40,9,48,44,19,21,8,33,36,27,5,2,5,20,13,25,16,28,20,26,3,33,47,47,28,34,30,67,24,48,29,27,33,42,25,20,36,17,37,33,0,6,58,32,32,32,62,19,33,36,22,48,39,18,36,32,21,30,10,32,15,28,58,25,18,116,22,36,4,18,32,22,21,32,21,32,21,14,0,25,13,8,43,51,21,19,9,20,44,21,30,0,22,48,0,31,27,43,22,3
25,42,35,49,8,17,8,13,23,50,41,40,8,8,56,8,44,7,11,21,27,8,10,8,4,39,4,8,5,9,18,51,2,38,10,14,5,25,30,23,5,11,18,12,0,8,19,8,47,4,8,15,8,6,11,35,24,12,7,39,8,80,12,27,18,11,24,28,51,18,22,15,9,8,8,12,8,13,60,43,8,9,8,47,8,8,12,8,12,25,3,38,88,3,73,11,22,25,22,25,18,5,7,0,29,8,15,10,8,20,69,19,5,29,8,13,49,18,17,8,48,8,28,9,45,12,65,11,8,37,49,23,11,5,70,8,11,8,11,5,50,7,13,5,4,8,8,8,8,16,8,18,11,8,8,9,12,5,8,26,15,10,8,25,5,24,29,21,13,7,79,8,8,55,8,3,8,10,10,42,5,12,21,10,40,0,5,10,5,2,26,5,12,5,36,77,24,5,4,5,10,0,65,0,0,50,5,43,25,66,3,32,9,50,5,17,21,8,0,5,11,5,3,2,36,10,57,73,8,11,3,57,0,22,81,16,22,10,5,32,5,9,12,38,52,17,30,5,5,34,6,65,28,32,27,0,24,5,25,9,30,26,74,9,17,17,25,26,11,86,48,9,10,56,17,20,91,2,27,13,12,89,22,2,1,0,24,9,43,31,24,92,5,5,3,25,5,11,9,22,5,54,26,5,61,3,10,8,15,94,8,34,15,11,5,8,5,8,0,8,0,38,5,12,49,5,11,21,6,0,19,26,57,44,87,0,4,7,5,3,63,25,0,22,66,78,3,33,56,69,5,8,25,77,31,38,5,68,10,84,25,77,8,7,5,3,8,10,46,8,7,12,55,59,5,13,8,8,22,8,8,5,22,8,22,14,16,52,12,27,7,16,57,25,90,64,8,3,83,55,12,40,57,10,3,0,49,23,14,37,22,16,23,5,13,25,9,15,5,26,25,11,74,82,11,17,8,25,24,38,82,37,11,0,5,5,10,0,20,17,21,54,60,19,8,8,17,42,13,8,6,73,13,73,55,8,36,26,20,12,45,39,68,8,6,22,116,84,24,76,34,38,21,8,28,8,21,0,16,57,0,4,10,24,0,9,23,5,77,2,13,22,10,3,2,63,72,72,6,0
19,36,55,32,6,11,4,7,17,63,33,29,4,4,67,4,50,6,11,24,19,0,18,4,4,28,6,5,0,4,8,44,0,30,5,20,0,19,18,20,15,6,8,19,11,4,12,22,38,6,5,22,6,6,6,46,32,7,14,44,5,95,7,12,14,10,21,24,58,21,18,16,6,4,4,9,4,18,57,38,4,4,4,47,4,4,10,4,11,18,4,30,61,4,86,14,12,23,16,18,17,5,7,7,19,4,16,4,11,13,56,13,6,14,4,11,42,31,18,4,58,4,17,9,30,7,64,6,4,34,47,15,6,0,83,4,6,4,6,5,46,6,19,11,13,4,4,4,4,11,5,10,12,4,4,9,19,6,5,27,22,11,4,17,0,40,24,12,8,4,93,4,5,43,4,4,0,6,14,61,0,12,12,5,57,9,0,26,0,15,17,0,6,0,26,74,27,0,7,0,22,7,61,0,10,41,16,38,18,60,15,28,9,41,0,15,12,4,3,10,6,0,7,13,37,6,40,88,7,3,4,49,0,12,80,10,34,0,0,42,0,10,7,30,46,17,31,0,16,28,0,87,18,47,17,0,31,4,14,5,18,17,85,18,18,12,14,29,6,83,63,26,25,52,24,12,86,11,26,3,10,99,16,17,13,8,13,4,62,39,21,86,13,0,4,16,15,6,5,18,10,58,18,15,59,6,7,4,6,91,16,34,23,14,0,4,6,4,9,4,0,37,0,13,47,9,12,19,17,6,12,20,40,39,82,0,13,3,0,5,71,21,0,17,81,84,14,27,55,73,0,5,18,91,15,29,0,71,9,81,19,69,4,24,0,17,4,6,50,4,7,7,52,66,4,28,4,5,13,3,4,16,11,4,13,12,20,62,20,21,6,26,56,14,88,63,4,6,78,62,7,37,71,19,6,9,54,8,6,45,15,7,18,0,14,15,15,28,0,18,17,13,91,94,20,11,4,21,14,29,85,29,6,4,0,0,6,10,14,10,14,42,80,10,4,4,9,36,7,5,0,92,12,53,51,4,25,20,10,7,35,29,75,14,11,36,84,116,17,74,34,37,13,4,20,7,12,8,10,77,3,7,22,37,0,21,22,0,72,7,24,16,23,4,8,75,69,73,0,10
88,0,11,32,3,7,0,4,35,0,20,3,1,0,8,0,13,27,0,89,113,1,62,0,54,28,64,0,1,1,99,0,36,0,2,10,1,1,22,2,65,3,84,5,75,0,103,69,46,67,0,11,3,85,3,84,57,4,1,9,0,15,4,28,3,0,40,7,18,88,1,3,0,0,0,1,0,102,2,12,0,1,0,4,0,0,1,0,75,3,1,9,31,54,18,7,6,1,11,1,3,0,58,63,26,1,7,2,0,10,14,43,1,28,1,20,3,6,96,1,45,0,30,2,40,4,7,3,0,0,3,17,3,1,0,0,3,0,3,27,18,3,4,77,57,1,0,0,1,23,0,11,4,0,0,53,4,1,4,13,11,4,0,111,24,50,3,19,103,0,4,0,17,37,0,54,1,1,88,36,1,1,1,22,38,66,16,40,24,62,1,1,4,1,30,0,34,1,58,20,60,63,27,29,59,11,73,4,115,45,74,59,10,50,17,1,1,0,52,34,3,24,74,61,9,1,40,4,3,50,54,0,29,1,10,103,67,1,1,12,24,77,4,0,58,14,91,1,66,17,22,33,105,29,1,47,43,69,108,1,22,2,20,72,100,107,104,36,3,18,4,57,64,1,85,43,37,52,92,1,2,20,108,75,73,77,26,28,13,42,104,33,79,1,67,31,77,1,1,64,35,0,1,31,64,70,0,0,32,24,1,43,99,13,24,17,19,0,71,0,27,55,1,18,7,21,79,105,86,59,104,108,74,15,32,30,75,17,1,29,25,110,29,14,2,33,51,1,1,6,1,4,1,1,57,19,29,5,1,32,1,6,0,75,1,75,0,1,4,0,20,4,47,18,1,57,0,0,14,12,0,60,100,1,40,0,96,3,92,1,3,28,54,92,38,1,0,57,37,49,2,1,2,65,57,57,62,30,1,8,113,87,114,24,99,1,98,64,24,1,110,7,5,6,85,7,0,3,1,30,21,1,3,1,1,24,0,83,9,9,109,74,13,12,1,0,3,14,5,0,18,14,3,44,1,0,20,23,99,4,19,1,7,30,67,4,24,17,116,6,17,7,1,1,1,4,7,72,104,34,54,82,71,8,28,84,109,24,9,26,73,108,88,1,78,0,26,20,22,74
10,37,38,20,3,0,3,1,3,72,19,32,2,3,77,3,34,16,3,1,6,15,17,3,8,13,5,2,20,2,8,48,21,34,2,5,20,39,4,40,4,2,7,0,4,3,8,7,36,4,4,7,1,1,3,20,21,1,1,42,1,84,1,2,4,2,7,11,53,6,46,3,3,2,2,1,2,4,59,60,3,3,3,44,3,3,1,5,6,37,9,29,67,3,68,4,37,43,0,38,20,24,2,5,6,2,4,2,6,0,45,3,19,2,1,2,36,16,2,3,39,3,2,3,25,1,47,3,3,31,37,3,3,21,97,3,3,3,2,19,37,6,6,8,5,2,5,3,4,4,4,4,3,3,3,5,3,20,1,21,5,3,3,7,20,28,23,7,13,6,80,5,5,32,3,2,15,23,5,40,21,0,40,26,40,4,24,12,20,3,45,21,1,17,15,74,43,20,2,24,7,5,62,17,5,40,5,57,6,57,4,27,8,42,21,29,36,5,14,35,2,20,5,4,58,23,30,77,6,9,3,62,17,37,102,14,19,20,20,41,20,5,1,32,49,10,16,21,3,16,21,66,6,23,39,17,18,6,6,1,4,39,67,12,5,8,6,15,3,87,52,13,7,74,6,5,77,21,15,25,0,78,9,4,5,5,5,22,45,34,7,78,11,21,2,4,6,23,2,29,33,59,40,24,51,5,4,5,26,80,1,53,8,1,20,25,19,5,11,5,17,32,20,5,51,13,3,8,5,6,8,4,43,34,71,17,13,26,20,17,61,6,17,4,69,69,15,47,81,59,20,5,38,83,6,24,20,92,22,76,39,68,4,1,20,6,2,23,37,5,7,1,42,55,8,14,3,4,3,26,4,7,8,8,3,3,1,54,6,41,6,40,35,6,75,92,3,3,75,39,2,67,74,5,4,7,41,6,26,34,8,9,6,20,4,37,8,17,20,40,7,6,86,83,8,1,5,11,42,16,76,33,2,11,21,20,1,5,0,1,7,44,62,7,4,3,3,31,0,3,21,68,2,46,73,3,16,0,6,2,19,57,60,26,2,18,76,74,6,116,36,30,41,2,48,3,37,9,10,58,10,14,7,30,18,3,2,20,74,8,7,5,2,2,6,86,75,53,21,6
32,92,37,8,58,41,58,53,19,15,20,67,57,58,29,58,25,40,44,33,16,6,25,58,76,34,60,48,0,54,24,87,7,83,53,30,0,18,35,21,20,54,45,41,51,58,21,27,58,62,57,30,55,25,55,11,26,53,41,43,56,32,53,29,45,49,17,31,87,36,17,42,55,59,57,48,55,20,51,13,58,55,58,14,58,58,52,55,51,18,34,52,30,75,24,39,12,22,41,18,49,7,71,66,31,57,42,57,63,40,39,0,6,28,53,33,52,20,18,52,19,58,23,52,8,53,26,55,58,50,47,41,55,1,41,58,55,58,54,21,53,57,37,53,44,54,56,58,54,23,57,46,44,58,58,65,40,7,35,29,32,45,58,21,1,30,62,39,21,57,36,55,38,3,58,74,5,7,31,31,1,45,12,5,33,53,6,14,1,60,14,1,53,0,9,48,11,0,74,2,34,41,14,4,69,29,21,26,17,53,39,28,32,30,6,17,11,55,19,17,54,1,55,62,21,11,7,39,55,8,75,64,4,12,33,19,24,4,0,23,1,52,53,85,39,15,10,1,21,11,1,28,23,30,17,4,12,57,20,56,35,18,40,48,24,17,24,25,55,38,48,26,27,27,20,4,35,7,19,11,48,31,21,45,39,53,24,1,27,14,22,44,45,1,59,27,47,7,57,17,21,52,17,9,8,60,52,56,0,37,39,37,19,29,1,6,14,55,17,56,4,48,4,22,66,36,21,21,17,72,24,16,29,50,31,4,17,5,0,4,40,17,4,37,33,28,54,18,22,32,0,51,18,46,0,22,1,39,10,36,18,32,54,40,0,39,57,11,45,55,35,53,33,51,23,13,58,57,43,8,54,23,26,20,7,54,22,52,21,20,57,0,16,34,35,45,58,75,33,38,47,25,25,37,72,71,25,27,14,22,17,19,17,1,21,15,20,39,1,17,22,40,31,35,21,48,56,34,14,31,37,14,54,35,1,1,53,19,40,48,24,30,25,46,54,58,45,33,52,54,5,32,47,27,26,58,24,27,29,54,19,22,27,12,52,32,34,34,17,36,116,71,12,57,16,44,13,34,26,27,20,20,23,21,5,17,17,1,38,63,29,21,24,41,52,28,25,20,1,53
27,93,50,28,74,63,71,68,54,9,42,83,71,71,35,71,65,31,67,30,8,29,17,71,48,39,33,64,2,68,7,77,2,103,67,20,2,20,55,22,18,68,21,52,41,71,12,20,40,31,70,64,73,15,68,13,13,68,57,39,70,26,68,44,65,72,51,53,55,29,21,63,70,69,71,71,69,10,67,0,71,68,71,35,71,71,74,68,29,20,37,88,30,47,25,75,16,24,64,21,36,4,44,55,53,71,60,66,62,62,71,34,10,44,66,64,74,24,17,66,24,71,45,67,32,68,25,68,71,51,59,59,68,1,41,71,68,71,68,14,63,75,62,36,42,68,73,71,68,53,70,64,75,71,71,37,60,9,51,55,62,76,71,11,0,36,78,56,14,72,34,68,65,16,71,47,25,6,28,38,1,68,17,0,30,32,0,20,0,58,17,1,67,18,40,53,8,2,50,0,27,34,28,0,47,24,15,28,8,34,33,20,58,48,0,11,18,68,10,0,68,0,44,59,13,6,18,34,75,0,47,73,0,16,27,10,15,15,2,28,0,24,68,101,11,17,9,1,13,46,0,37,8,38,21,0,15,36,8,71,55,21,40,38,21,12,4,42,68,32,39,22,20,26,7,39,31,10,11,7,69,28,14,41,29,41,44,0,30,26,9,32,31,1,33,41,36,5,71,2,2,43,21,6,2,39,69,73,0,29,61,11,12,52,0,3,5,68,8,73,0,47,2,58,85,21,13,10,14,49,19,11,29,84,30,0,8,2,2,5,33,8,0,52,23,33,33,20,17,28,2,78,21,49,30,43,0,36,7,30,20,44,68,32,2,37,71,6,56,68,61,68,10,33,39,22,71,70,57,2,68,15,9,43,30,67,18,41,17,22,75,0,10,14,30,37,71,50,29,30,64,27,20,17,53,48,29,45,8,43,9,1,8,0,18,19,12,28,0,21,8,80,28,35,10,64,73,56,18,35,37,31,68,30,1,0,70,12,63,63,13,29,34,62,68,71,60,40,67,69,0,37,63,47,25,71,29,61,6,68,42,14,18,13,32,22,38,37,7,30,71,116,16,71,18,74,16,17,17,27,10,12,20,33,0,12,13,0,50,57,17,10,14,44,39,29,22,13,0,40
5,18,4,0,2,2,2,2,2,29,2,19,3,2,51,2,7,52,2,0,0,56,33,2,0,1,0,2,94,2,0,13,78,16,2,46,95,110,0,107,12,2,0,0,0,2,0,0,37,0,2,0,2,14,0,1,0,2,2,51,2,16,2,2,2,2,0,2,12,0,109,0,2,2,2,2,2,0,27,59,2,0,2,26,2,2,2,5,0,108,43,18,23,0,6,2,110,106,2,109,45,81,0,0,2,3,0,2,15,2,18,2,87,2,9,2,21,28,0,8,30,2,2,2,7,2,2,0,2,6,8,1,2,96,30,2,2,2,2,68,15,2,0,0,0,4,2,2,6,14,2,2,2,2,2,1,0,89,14,10,0,2,2,0,93,7,7,2,4,2,17,5,2,3,2,0,57,94,0,19,94,2,115,89,8,11,97,23,93,0,108,94,2,74,2,25,55,95,0,97,0,27,14,88,0,6,0,79,0,13,0,21,20,21,94,102,111,5,62,68,0,93,0,0,77,94,0,17,2,61,0,24,88,112,43,8,0,78,95,67,93,0,2,16,7,32,1,96,9,2,94,16,0,38,110,70,42,0,0,2,0,110,17,9,0,0,0,3,2,26,9,3,0,77,0,2,17,51,3,98,2,14,0,0,5,0,2,89,19,13,0,17,7,96,0,2,0,94,2,38,66,45,111,66,5,0,4,2,83,23,2,25,0,2,93,96,88,5,40,2,88,16,95,3,19,59,0,0,0,0,0,0,24,26,20,87,36,97,95,79,20,0,88,12,5,19,3,102,74,4,95,2,109,18,2,2,88,43,93,16,110,24,5,0,95,0,2,94,8,5,8,2,0,8,52,1,2,2,2,97,5,23,0,39,2,6,0,10,5,108,2,67,6,0,16,49,2,0,22,11,2,84,34,0,0,0,12,2,97,9,0,26,0,93,0,110,1,5,93,111,0,2,17,18,0,2,2,0,113,0,17,24,2,54,96,93,2,16,3,2,1,22,9,2,6,2,2,3,2,2,94,12,2,19,78,2,13,0,0,2,2,90,5,64,0,21,21,13,1,41,12,16,116,3,109,2,110,13,1,13,52,24,0,27,89,13,0,93,20,11,0,3,0,36,0,50,11,9,94,0
18,75,22,62,112,99,115,111,74,12,78,63,116,115,3,115,31,30,102,17,0,63,0,115,56,68,41,106,25,112,11,62,3,81,110,33,24,1,91,1,3,112,31,83,33,115,1,0,13,39,114,56,108,8,110,0,0,111,98,18,114,3,111,87,89,107,60,89,30,21,1,88,112,109,115,106,113,3,47,1,115,110,115,22,115,115,110,112,38,1,76,61,12,61,0,94,1,1,99,2,59,31,57,47,89,116,87,106,93,98,48,57,24,86,110,91,48,34,2,111,0,115,81,107,51,111,44,110,115,79,41,98,112,23,7,115,112,115,112,13,37,109,74,30,27,113,113,115,113,80,114,104,102,115,115,45,77,22,92,74,58,101,115,3,1,0,67,96,3,112,0,112,95,49,115,61,62,9,14,0,21,103,4,1,20,37,1,0,1,43,2,21,111,45,67,18,0,24,57,1,7,25,11,1,51,44,0,1,0,2,18,0,78,29,1,1,8,112,3,0,110,1,38,44,1,13,47,3,109,1,61,56,1,6,1,0,0,35,24,2,1,38,111,83,6,36,0,23,0,61,1,3,8,0,1,1,5,44,7,114,91,1,0,24,7,0,11,57,112,6,20,7,0,1,0,47,0,1,3,1,106,0,3,27,21,35,80,1,0,0,0,3,26,23,45,84,30,16,114,0,7,28,1,5,3,43,110,113,1,1,96,10,2,87,1,1,1,112,1,113,1,10,20,80,59,24,0,0,0,53,8,1,0,55,0,1,1,1,24,0,0,0,1,82,0,0,39,1,1,5,16,108,2,11,58,79,1,13,11,0,1,21,112,19,24,22,115,5,38,112,87,111,5,8,66,7,115,114,101,1,112,1,13,77,57,98,5,25,3,1,109,0,0,21,0,14,115,58,5,0,105,1,1,17,55,52,3,85,1,54,0,3,0,1,4,1,3,15,1,1,0,95,1,0,0,106,113,80,1,61,2,66,112,65,23,1,111,3,98,106,7,1,0,103,113,115,83,74,110,111,1,0,105,13,1,115,57,83,16,111,77,1,1,0,39,32,8,4,1,2,57,71,3,116,1,102,1,11,9,0,2,3,0,34,1,0,0,1,8,69,9,4,3,83,33,0,0,6,1,34
5,18,6,3,0,0,0,0,0,36,3,19,1,0,48,0,12,54,0,0,0,49,30,0,0,3,0,0,87,0,0,17,78,18,0,43,88,107,0,104,7,0,0,0,0,0,0,2,34,0,0,2,2,9,0,3,2,0,0,48,0,23,0,0,2,0,2,0,19,0,104,2,0,0,0,0,0,0,20,64,0,0,0,19,0,0,0,3,0,105,36,16,26,0,13,0,105,103,0,106,42,84,0,0,0,1,2,0,17,0,19,0,84,0,2,0,18,25,0,6,35,0,0,0,8,0,9,0,0,13,10,1,0,89,37,0,0,0,0,73,17,0,2,0,0,2,0,0,4,7,0,0,0,0,0,3,2,86,7,11,2,0,0,0,88,9,9,0,4,0,24,3,0,4,0,0,50,91,0,21,89,0,108,94,10,6,92,20,88,0,113,89,0,67,3,22,50,88,0,92,2,22,15,83,0,11,0,76,0,18,0,21,18,19,89,97,104,3,57,73,0,88,0,0,84,91,5,24,0,56,0,27,83,105,50,8,2,71,88,62,88,0,0,18,14,29,1,89,9,3,89,23,0,40,107,65,39,0,0,0,0,107,24,11,0,0,0,1,0,33,13,5,2,74,0,2,24,48,3,93,0,21,0,0,0,0,0,84,16,13,0,24,7,89,0,0,0,91,0,43,71,52,108,61,10,0,2,0,78,30,0,30,0,0,88,93,85,3,35,0,83,16,88,1,22,64,0,0,0,0,0,0,24,29,27,82,31,94,88,74,27,0,83,9,12,24,3,99,81,11,88,0,106,25,0,3,88,36,90,23,107,29,3,0,88,0,0,91,10,3,6,0,7,15,45,1,0,0,0,94,3,20,0,32,0,3,0,14,0,105,0,62,11,0,23,56,0,0,25,13,0,81,31,2,0,0,12,0,94,12,0,21,0,88,0,105,1,2,88,108,0,0,24,25,0,0,0,2,110,2,24,17,0,47,89,88,0,11,1,0,1,22,16,0,4,0,4,6,0,0,89,19,0,21,75,0,6,0,0,0,3,97,12,69,0,21,28,20,1,48,16,18,109,1,116,0,105,13,1,18,47,24,2,30,84,13,0,88,27,11,0,3,0,29,0,47,18,14,89,0
23,62,31,63,99,94,102,100,77,12,79,60,102,102,7,102,42,21,95,23,4,62,9,102,47,61,37,102,24,104,9,49,2,72,104,32,23,0,88,0,12,102,24,82,36,102,8,13,13,30,101,69,97,13,99,8,9,102,97,16,102,5,102,81,88,100,61,82,31,24,0,88,101,101,103,101,105,9,43,0,102,101,102,28,102,102,98,101,31,0,68,68,16,48,1,97,0,0,93,1,51,31,47,50,85,102,87,99,80,93,48,63,23,79,97,90,47,38,10,99,6,102,74,100,55,102,45,99,102,72,40,90,101,22,11,102,101,102,102,9,34,100,77,31,36,103,104,102,101,83,101,96,103,102,102,39,77,21,89,76,67,104,102,7,0,13,66,89,10,103,6,101,96,50,102,49,61,8,26,11,20,102,3,0,17,27,0,13,0,46,1,20,101,44,71,20,5,23,45,0,20,26,11,0,42,44,13,3,4,10,27,8,81,25,0,0,7,101,7,0,100,0,39,47,0,12,47,6,100,0,48,54,0,5,0,7,9,34,23,3,0,27,102,70,5,33,7,22,11,70,0,11,4,11,0,0,10,36,12,103,88,0,11,25,14,8,8,62,101,3,19,18,13,0,10,58,0,8,7,0,99,4,10,30,34,36,81,0,11,13,5,2,28,22,38,77,32,15,102,2,5,19,0,7,3,34,101,104,0,0,95,9,12,86,0,0,0,101,7,104,0,22,19,88,60,21,9,8,12,44,15,5,4,57,4,0,7,0,23,1,11,4,0,74,7,6,36,0,0,12,15,109,1,14,62,76,0,11,10,2,0,25,102,28,23,25,103,4,37,101,88,102,3,11,61,20,102,101,94,0,102,12,11,79,51,88,11,24,13,0,100,1,4,18,0,13,102,45,5,6,102,0,2,16,48,43,9,79,0,59,7,2,6,0,14,0,15,24,0,0,4,102,8,6,11,99,104,79,0,55,4,62,102,57,22,0,104,14,92,100,8,6,11,92,101,102,77,75,101,104,0,11,103,14,0,102,59,88,10,101,79,0,7,6,32,32,8,7,4,3,44,74,2,102,0,116,0,16,14,10,11,12,13,44,0,10,6,0,21,64,18,7,11,72,34,0,3,11,0,35
10,18,3,0,0,0,0,0,0,28,0,19,1,0,51,0,7,53,0,6,5,54,34,0,6,0,6,0,92,0,6,13,84,16,0,46,93,109,0,108,18,0,6,0,6,0,6,1,38,4,0,0,2,18,0,0,1,0,0,50,0,12,0,0,2,0,0,0,13,5,105,0,0,0,0,0,0,6,25,59,0,0,0,24,0,0,0,3,6,109,41,16,21,6,5,0,115,105,0,109,45,79,6,6,0,1,0,0,15,0,16,0,87,0,7,0,21,27,5,6,27,0,0,0,5,0,1,0,0,6,7,1,0,94,26,0,0,0,0,74,15,0,0,6,6,2,0,0,4,12,0,0,0,0,0,2,0,89,12,8,0,0,0,6,99,8,7,0,10,0,16,3,0,0,0,6,55,94,6,18,94,0,110,95,4,17,97,24,99,6,105,94,0,72,0,24,61,93,6,97,1,33,8,94,6,6,6,78,6,19,6,19,18,16,98,102,109,3,68,68,0,99,6,6,74,94,0,16,0,65,6,22,94,110,39,14,1,76,93,71,99,6,0,16,8,32,3,94,15,0,99,13,5,38,110,76,41,6,6,0,0,111,16,10,6,6,6,0,0,22,8,1,1,76,3,2,16,49,0,98,0,13,6,6,11,6,0,95,18,11,4,16,13,94,6,0,4,94,0,38,66,45,110,66,3,6,2,0,88,22,0,31,4,0,99,95,89,3,46,0,92,22,93,1,17,63,4,6,6,6,6,3,23,26,17,93,42,95,93,85,17,4,94,12,4,16,3,101,70,4,93,0,109,17,0,0,94,37,93,15,109,24,3,6,93,6,0,94,7,3,6,0,0,8,50,5,0,0,0,94,3,24,6,37,0,6,6,9,11,107,0,65,9,4,15,46,0,6,16,11,0,80,33,1,6,6,9,0,97,7,6,32,6,99,6,110,7,6,99,110,6,0,13,17,6,0,0,0,110,0,16,22,0,52,94,99,0,22,1,0,7,21,8,0,4,0,2,1,0,0,99,12,0,19,77,0,11,0,6,0,0,87,5,70,6,21,21,12,7,37,13,16,110,1,105,0,116,17,7,9,58,30,1,25,95,19,6,99,20,14,5,7,6,34,6,49,7,9,99,6
68,12,24,6,15,0,12,11,16,4,5,11,11,12,11,12,20,41,11,70,70,9,76,12,63,4,82,8,13,13,69,18,41,14,12,26,13,13,3,14,74,11,54,16,85,12,79,75,25,86,13,26,15,76,14,54,64,10,10,24,12,7,10,3,12,10,35,1,39,71,15,9,12,17,11,8,13,77,16,11,12,16,12,11,12,12,7,12,74,15,4,13,11,60,4,19,16,13,0,13,9,17,59,70,1,11,12,17,13,4,1,22,13,3,10,26,8,26,71,11,18,12,0,14,12,10,5,14,12,12,9,11,12,13,10,12,12,12,11,45,8,18,12,88,60,13,14,12,11,24,13,0,17,12,12,59,11,13,10,22,24,16,12,70,30,54,12,6,76,15,9,12,32,1,12,59,16,13,82,52,15,7,13,30,25,77,30,61,30,68,15,15,11,13,9,3,37,13,62,26,75,70,1,35,69,24,79,18,72,36,92,39,34,15,35,19,13,12,61,41,13,30,83,68,15,17,6,12,18,36,60,9,35,13,4,74,74,15,13,21,30,73,10,12,45,23,65,13,84,13,28,14,63,29,13,53,24,72,66,10,3,14,23,77,76,75,62,35,12,1,12,68,72,6,73,36,2,65,63,19,10,5,73,84,85,83,16,26,23,46,77,6,82,13,74,18,81,13,11,33,45,16,13,36,22,78,11,14,25,1,6,46,80,22,30,25,35,12,80,14,37,58,17,30,23,42,75,76,83,66,76,72,37,21,13,36,76,25,13,34,32,71,35,0,15,12,66,13,6,17,13,19,13,9,21,6,35,8,17,2,13,15,11,85,13,80,11,17,11,12,34,10,30,27,13,64,12,13,6,28,11,76,66,2,17,9,69,8,75,13,18,23,27,54,1,10,12,63,2,39,8,7,8,69,64,69,35,5,17,26,74,56,73,30,82,15,84,74,30,13,77,20,11,9,73,8,14,8,13,3,2,1,11,7,13,30,12,81,4,5,70,35,20,9,11,12,13,10,10,14,32,19,8,16,6,12,28,6,64,11,3,13,15,44,72,14,0,8,72,9,34,17,13,11,13,16,17,116,78,26,69,90,71,17,34,91,72,30,22,45,72,72,80,11,84,3,5,14,28,87
94,8,8,27,11,10,8,12,36,1,19,0,9,8,9,8,8,32,7,87,101,1,64,8,65,20,74,3,1,9,100,6,37,10,8,2,1,1,17,2,64,11,90,0,84,8,102,68,46,76,8,10,10,87,11,76,56,10,3,5,8,6,10,26,4,7,42,6,26,91,1,0,7,8,8,8,8,90,8,12,8,9,8,0,8,8,7,8,85,3,4,7,25,62,16,15,6,1,10,1,6,0,64,74,21,9,5,10,8,17,9,38,1,26,8,29,0,2,97,9,35,8,28,8,42,10,3,11,8,8,0,16,11,1,4,8,11,8,11,34,14,14,2,89,58,9,10,8,9,33,8,9,13,8,8,50,0,1,3,21,8,13,8,107,24,49,0,25,104,11,0,8,28,32,8,62,1,1,91,29,1,8,1,22,32,75,16,39,24,71,1,1,12,1,37,3,36,1,64,20,59,73,23,29,68,3,72,1,103,48,77,47,21,46,17,1,1,8,55,35,11,24,85,72,10,1,29,0,13,47,62,8,29,1,4,107,66,1,1,11,24,85,10,8,63,11,84,1,63,13,22,29,100,24,1,47,44,79,103,7,17,2,11,83,108,106,99,41,11,12,0,52,63,1,73,43,30,50,88,1,8,12,110,84,76,87,21,28,8,41,96,24,87,1,74,29,87,1,7,66,36,5,1,33,56,80,7,10,31,18,3,49,97,20,24,17,19,8,71,10,27,50,1,27,19,28,74,99,84,70,113,97,64,20,25,30,75,17,1,29,16,98,29,17,2,24,54,1,1,1,1,15,1,5,46,25,29,11,1,30,1,3,8,80,1,82,8,1,0,8,30,10,48,19,10,56,8,8,18,12,8,59,103,4,37,5,99,2,93,1,14,27,47,81,29,6,8,65,33,38,7,1,1,61,66,68,60,36,1,14,105,87,104,24,101,1,95,68,24,1,100,17,6,2,83,13,10,0,1,34,20,1,11,4,1,24,7,84,16,11,105,62,8,20,9,8,0,22,11,7,18,7,5,38,1,8,10,19,101,10,15,1,0,32,75,0,16,10,104,10,26,17,1,9,1,14,7,78,116,24,55,85,70,15,28,75,100,24,10,36,61,104,79,8,90,0,29,11,22,86
20,21,56,36,3,1,0,2,24,39,21,26,0,0,53,0,50,2,6,19,36,0,13,0,0,33,8,3,0,3,20,28,2,18,5,27,0,9,14,10,24,1,17,22,12,0,33,39,33,13,0,30,5,27,3,51,19,2,11,44,1,81,2,17,11,3,25,2,47,23,20,11,0,6,0,5,2,43,34,28,0,5,0,37,0,0,2,0,4,8,0,34,71,0,57,14,9,13,6,8,6,5,2,8,15,0,17,8,0,5,41,23,0,18,0,7,28,28,31,0,81,0,18,7,44,2,41,3,0,19,33,11,1,0,63,0,1,0,1,5,48,3,16,14,23,2,0,0,0,8,0,8,9,0,0,9,14,0,10,29,30,8,0,31,0,47,19,8,26,0,70,0,5,48,0,0,0,0,20,69,2,8,12,6,52,6,7,34,0,13,19,2,1,0,31,46,22,0,4,3,30,8,57,0,8,42,37,40,35,56,27,61,12,50,6,17,9,0,8,13,3,0,8,11,43,4,49,71,3,23,0,37,0,9,60,24,21,6,0,36,0,3,2,18,26,11,54,0,30,31,0,93,28,64,9,0,37,2,27,1,14,9,78,10,22,29,23,39,1,63,50,40,40,29,55,35,79,24,49,7,5,80,30,13,22,9,19,2,63,64,44,64,11,0,2,9,16,0,1,30,13,29,10,19,63,3,1,0,8,62,10,19,42,10,0,2,4,0,14,0,2,44,4,13,45,11,35,40,34,3,26,35,57,37,73,0,16,3,0,3,78,40,0,3,66,91,24,17,36,64,0,5,8,62,31,21,0,54,7,72,9,56,0,28,0,15,0,4,36,0,8,2,23,41,0,39,0,0,5,7,0,24,20,3,15,0,28,45,29,11,3,31,69,28,79,46,0,3,82,67,4,37,45,18,3,5,78,17,4,38,32,12,35,0,31,11,39,17,0,10,38,11,74,69,44,2,0,11,12,32,64,10,1,0,0,0,3,33,6,4,29,58,73,6,0,0,9,23,2,2,4,85,9,45,28,0,29,18,19,2,22,27,67,20,5,25,57,77,34,58,27,27,13,0,18,10,9,26,24,116,16,18,33,37,0,31,31,0,67,9,44,30,47,0,9,47,64,70,0,11
48,4,16,1,5,1,2,2,13,18,3,12,2,2,34,2,16,48,4,52,52,38,67,2,47,3,45,4,52,5,47,3,72,2,5,35,52,52,1,53,62,3,46,9,54,2,51,42,35,46,2,16,8,73,2,31,39,3,3,35,3,4,3,1,12,4,13,0,21,49,52,9,2,5,3,5,5,57,12,29,2,4,2,20,2,2,2,3,46,54,20,13,12,46,3,12,57,52,0,52,19,44,46,55,0,2,9,5,2,3,0,8,52,0,8,7,14,28,52,5,30,2,0,5,11,3,5,2,2,5,8,0,2,52,6,2,2,2,3,66,8,6,8,51,52,5,2,2,3,18,2,1,9,2,2,47,9,52,19,18,16,10,2,52,75,29,8,2,59,3,5,3,7,1,2,47,39,52,63,25,52,5,52,68,2,57,67,40,75,54,47,52,3,52,8,6,67,52,49,71,42,79,0,80,49,9,48,54,54,32,58,43,26,1,68,52,52,3,106,80,3,75,54,55,40,52,3,8,5,58,46,6,80,52,14,56,49,50,52,45,75,46,3,2,38,23,36,52,57,13,73,9,45,30,52,62,51,47,49,3,1,53,19,56,54,55,45,13,2,5,8,37,39,31,41,16,1,73,33,52,5,1,53,54,67,54,3,71,22,19,47,6,60,52,48,0,50,52,2,55,75,12,52,62,23,49,2,2,63,6,3,64,51,5,75,68,70,3,81,2,78,37,52,11,11,54,46,49,60,50,54,50,19,20,8,81,77,68,52,74,24,49,80,11,7,5,47,52,26,9,52,7,52,3,7,2,70,18,52,2,52,9,4,52,52,52,3,52,8,3,15,3,29,24,41,39,2,2,3,63,4,68,44,32,3,7,49,5,60,52,6,63,24,46,0,16,2,49,1,13,5,42,17,46,49,50,10,3,52,14,55,59,56,75,62,52,63,56,75,52,51,12,5,5,43,2,2,8,52,1,1,13,3,27,52,75,4,73,3,1,52,18,16,2,3,2,10,2,3,4,69,15,5,3,31,2,14,4,45,2,1,37,8,69,49,13,0,3,54,10,20,10,52,2,47,11,58,69,55,16,116,86,46,16,79,73,55,75,16,40,42,52,52,18,55,22,2,9,73,55
75,2,16,4,5,0,2,2,17,12,6,10,3,2,24,2,16,41,4,77,79,22,78,2,59,3,70,3,24,4,76,3,54,4,5,17,24,24,4,25,77,2,60,8,79,2,80,67,25,69,2,18,7,85,2,57,64,2,3,23,2,5,2,4,10,4,30,0,23,75,24,8,2,4,2,5,4,81,9,28,2,4,2,9,2,2,2,3,75,26,12,13,15,56,3,12,29,24,0,24,11,20,56,67,4,3,8,5,2,4,0,21,24,4,4,20,9,20,79,6,15,2,4,4,14,2,5,2,2,5,8,5,2,24,8,2,2,2,2,46,8,8,10,80,64,6,4,2,4,30,2,0,9,2,2,57,8,24,15,21,16,10,2,79,47,50,8,6,87,5,5,3,22,4,2,56,19,24,91,44,24,5,24,45,24,69,39,55,47,66,24,24,2,24,11,3,52,24,59,43,67,77,2,52,61,9,73,32,81,35,83,37,17,18,40,24,24,3,78,58,2,47,79,67,25,24,7,8,7,30,56,8,52,24,17,85,74,24,24,20,47,73,2,2,48,25,62,24,78,17,45,10,72,23,24,70,28,71,75,2,4,25,19,85,83,84,71,29,2,8,8,60,64,17,67,35,5,81,60,24,4,2,82,79,82,79,16,51,17,42,74,9,85,24,71,17,78,24,2,43,52,4,24,42,31,74,2,4,43,11,3,62,79,18,47,40,42,3,89,4,50,58,24,26,13,30,69,77,85,62,83,77,42,16,12,53,93,40,24,47,24,76,52,11,7,9,59,24,17,9,24,9,24,5,24,6,52,20,24,5,24,9,3,77,24,77,2,24,8,3,26,2,35,24,13,64,2,2,6,35,3,82,73,16,20,1,74,5,79,24,8,41,24,59,4,15,2,59,5,36,5,22,9,69,61,62,32,6,24,14,83,75,82,47,91,24,91,71,47,24,78,14,9,7,71,2,4,8,24,4,3,9,2,11,24,47,4,87,5,0,80,40,16,6,4,2,10,8,2,4,41,15,5,20,17,2,19,6,71,2,4,20,8,49,72,8,4,7,82,14,20,12,24,3,24,12,30,90,85,18,86,116,71,14,51,94,82,47,18,34,65,80,76,10,81,11,6,9,45,80
55,6,54,7,3,9,0,1,24,24,0,23,0,0,17,0,54,24,14,70,70,0,73,0,42,18,55,9,0,2,69,6,19,7,3,23,0,6,0,7,95,0,47,24,68,0,74,110,33,54,1,56,3,76,0,66,102,0,18,26,1,17,0,7,25,9,46,10,35,56,0,27,3,2,0,9,2,81,5,12,0,2,0,39,0,0,5,0,56,8,0,26,17,40,31,22,0,6,6,6,8,0,40,51,1,0,25,3,7,7,10,44,6,9,0,22,29,39,79,0,21,0,12,3,14,0,18,0,0,6,38,0,0,0,16,0,0,0,0,15,33,5,42,59,83,2,2,0,0,17,1,0,14,0,0,59,38,6,13,9,54,14,0,68,9,95,30,0,74,2,35,0,20,7,0,40,0,14,77,61,0,12,0,7,40,55,4,84,9,59,0,0,0,0,16,21,21,0,43,8,105,51,26,14,49,18,106,15,72,32,80,51,15,21,4,4,0,0,38,25,0,9,63,57,3,6,11,38,6,20,40,2,14,0,5,70,96,2,0,26,9,53,0,5,41,42,53,0,97,32,7,29,62,54,5,32,31,55,64,0,0,6,45,70,77,80,60,23,0,6,46,95,109,5,81,48,13,52,54,11,7,17,71,74,75,64,21,9,53,75,65,12,62,0,56,13,61,6,0,32,23,6,5,23,24,58,4,2,7,8,20,31,77,29,9,12,16,0,62,2,14,69,0,34,10,9,98,67,101,45,71,71,43,10,16,15,62,11,0,23,47,69,14,10,43,24,55,6,3,47,8,7,6,26,28,0,14,2,6,18,6,21,0,75,0,80,0,14,41,0,21,0,59,55,0,90,0,1,0,6,0,93,63,3,42,11,77,36,81,6,5,8,33,50,15,3,0,43,8,58,9,8,27,91,46,48,34,7,14,22,73,55,72,9,84,3,84,77,9,5,67,21,30,32,87,3,2,29,2,15,29,5,0,0,0,9,5,82,8,0,67,42,54,0,0,0,31,2,0,4,3,39,8,38,5,0,23,12,60,0,2,2,45,28,63,43,10,22,71,7,23,20,0,0,2,13,1,71,70,33,46,71,116,38,13,83,78,9,41,23,80,67,81,0,63,16,30,24,7,66
23,23,36,33,37,37,34,35,36,57,47,16,34,34,35,34,60,21,46,29,9,25,24,34,16,12,18,34,39,34,4,15,24,20,34,35,38,25,30,25,37,34,5,25,29,34,11,36,6,17,35,55,35,13,32,15,31,34,43,20,35,30,34,23,34,41,33,28,44,21,23,30,37,30,34,40,34,16,33,52,34,32,34,55,34,34,39,36,17,24,52,30,28,14,41,54,25,23,38,26,47,50,14,25,33,34,30,30,44,41,44,37,38,25,34,43,15,37,21,36,20,34,28,32,36,34,37,32,34,50,20,30,34,39,37,34,34,34,34,29,8,39,45,24,44,34,36,34,36,41,35,32,46,34,34,8,41,38,30,54,53,46,34,11,24,38,23,34,13,36,40,36,41,32,34,14,25,41,25,27,37,43,28,30,29,22,25,47,24,33,31,37,34,29,47,27,47,38,17,25,45,25,30,24,23,38,38,5,9,37,32,18,44,10,25,25,30,36,19,17,32,24,24,31,16,29,37,40,40,21,14,48,24,30,26,12,25,21,38,27,24,14,34,18,23,42,9,39,36,60,25,42,7,37,25,20,24,16,7,34,30,25,46,25,22,13,3,31,34,24,35,43,38,37,22,28,20,20,11,33,39,31,14,35,28,25,36,24,58,36,9,21,25,39,15,32,25,32,34,14,15,47,25,26,21,19,40,36,24,22,45,31,17,47,24,25,24,36,19,36,24,31,34,52,53,41,30,11,29,19,16,10,6,33,32,24,19,25,38,32,48,9,24,26,48,36,21,17,39,49,46,41,26,43,25,47,24,24,25,20,25,42,36,38,38,37,34,37,23,36,44,34,36,44,39,45,34,35,34,25,36,27,6,34,35,29,21,28,21,23,39,9,41,0,21,37,34,17,25,13,38,12,35,27,20,22,11,25,33,64,10,2,9,24,18,25,18,20,24,25,8,53,38,38,25,37,36,25,25,10,32,31,34,56,39,24,37,19,42,32,10,5,56,34,36,34,34,56,34,36,25,44,39,6,37,34,22,42,3,34,47,36,46,49,21,51,24,37,8,30,21,33,27,34,30,44,25,17,15,37,16,14,38,116,25,22,15,24,48,31,35,10,22,51,24,34,35,39,25,27
21,3,0,0,0,0,0,0,0,28,0,4,1,0,36,0,0,73,0,27,26,54,54,0,27,0,23,0,87,0,27,1,105,0,0,46,88,89,0,90,31,0,27,0,27,0,23,9,25,21,0,0,2,39,0,14,13,0,0,35,0,0,0,0,2,0,0,0,5,23,86,0,0,0,0,0,0,27,9,58,0,0,0,16,0,0,0,3,27,89,41,0,0,27,1,0,94,87,0,89,40,79,27,27,0,1,0,0,15,0,0,0,87,0,7,0,6,27,23,6,18,0,0,0,0,0,1,0,0,6,0,1,0,89,10,0,0,0,0,95,0,0,0,23,19,2,0,0,4,12,0,0,0,0,0,22,0,89,12,8,0,0,0,27,110,4,0,0,31,0,1,3,0,0,0,27,55,89,27,7,89,0,89,105,0,38,104,32,110,27,84,89,0,72,0,9,82,88,27,108,9,54,0,115,27,1,15,57,27,10,23,18,18,0,105,89,88,3,89,89,0,110,27,27,61,89,0,1,0,82,27,6,115,89,20,35,21,71,88,55,110,27,0,0,28,32,14,89,24,0,110,0,26,27,89,97,55,27,27,0,0,90,1,30,27,27,27,0,0,6,1,9,6,57,9,0,0,69,14,89,0,0,27,27,32,27,0,106,15,2,18,1,34,89,27,0,22,89,0,59,87,30,89,87,21,27,2,0,99,7,0,52,22,0,110,105,105,3,67,0,113,9,88,1,1,80,13,20,27,27,27,24,2,10,1,114,63,105,88,106,1,22,115,12,1,0,24,81,50,1,88,0,89,1,0,0,105,21,88,0,89,3,3,23,88,27,0,89,0,3,6,0,12,4,50,14,0,0,0,100,3,36,27,37,0,6,24,2,32,87,0,80,8,25,0,27,0,27,0,0,0,61,26,21,27,27,0,0,89,7,27,53,27,110,27,89,28,26,110,89,23,0,1,1,12,0,0,0,89,0,1,17,0,52,89,110,0,43,1,0,28,2,1,0,4,0,2,1,0,0,106,0,0,0,58,0,6,0,27,0,0,70,0,87,27,21,0,0,28,18,5,0,89,1,84,0,95,34,28,0,79,51,13,25,116,40,27,110,1,24,11,28,20,34,27,34,0,7,110,27
71,0,30,6,3,4,0,1,17,12,4,10,0,0,15,0,32,36,10,89,83,11,86,0,54,9,67,4,13,2,71,1,45,0,3,28,13,13,6,14,88,0,54,15,79,0,75,79,24,66,1,30,4,83,0,65,76,0,12,27,0,15,0,4,16,8,29,6,26,73,13,15,2,2,0,8,2,93,5,11,0,2,0,23,0,0,5,0,68,15,4,21,12,54,12,19,18,13,9,13,6,13,54,62,7,0,15,3,1,6,14,32,13,6,1,22,17,31,81,1,20,0,9,3,11,0,15,0,0,1,16,4,0,13,11,0,0,0,0,38,15,3,21,71,72,2,0,0,0,17,1,4,14,0,0,58,18,13,13,12,30,13,0,81,36,62,11,0,78,0,21,0,18,6,0,54,13,13,88,62,13,10,13,34,32,69,28,67,36,70,13,13,0,13,9,6,41,13,57,32,79,67,5,41,60,16,85,23,85,37,91,40,16,20,29,13,13,0,65,45,0,36,75,68,11,13,10,22,4,29,54,0,41,13,11,76,86,15,13,32,36,67,0,0,42,26,63,13,92,21,34,23,75,37,13,59,27,67,77,0,6,14,39,71,82,80,73,25,0,7,22,76,76,6,75,34,7,70,62,13,6,14,80,84,86,76,25,34,33,52,76,12,76,13,69,17,71,13,0,34,45,2,13,40,34,70,3,0,30,7,14,46,81,27,36,29,31,0,89,0,39,71,13,31,8,25,80,76,97,57,76,82,44,10,19,42,87,29,13,48,44,80,41,2,21,20,63,13,6,25,13,5,13,12,27,0,41,2,13,2,13,24,0,89,13,87,0,13,19,0,21,0,38,33,3,76,0,1,2,24,0,86,70,5,22,3,83,14,83,13,3,29,28,61,8,3,0,57,7,49,6,11,11,83,57,60,33,0,13,22,82,64,85,36,89,13,91,74,36,13,80,16,15,19,71,3,0,16,13,0,9,3,0,4,13,36,4,91,8,2,80,43,32,0,0,0,13,0,0,3,30,33,10,23,6,0,29,17,69,0,7,9,23,49,76,19,9,21,84,3,17,12,13,0,13,10,19,91,75,31,73,94,83,22,40,116,90,36,27,29,81,78,90,4,75,12,2,18,34,78
85,0,18,29,3,12,0,5,40,5,18,5,0,0,8,0,20,24,6,96,108,0,68,0,54,27,64,1,0,1,97,0,33,0,1,9,0,0,18,1,72,3,79,5,77,0,100,76,45,66,0,18,3,85,3,80,64,3,4,7,0,9,3,27,9,6,43,11,21,84,0,8,2,0,0,7,0,96,2,11,0,1,0,10,0,0,5,0,76,2,0,16,25,54,23,14,5,0,17,0,2,0,57,65,21,0,8,2,0,15,17,50,0,29,0,25,9,8,103,0,45,0,34,0,35,3,13,3,0,0,9,13,3,0,5,0,3,0,3,27,24,3,10,78,63,0,0,0,0,23,0,7,10,0,0,52,9,0,3,14,18,11,0,106,23,57,4,14,101,0,9,0,18,31,0,54,0,0,94,43,0,7,0,21,32,65,15,47,23,68,0,0,4,0,34,5,35,0,57,19,67,63,26,28,58,9,80,3,110,49,81,53,12,45,16,0,0,0,52,34,3,23,75,67,4,0,35,10,3,45,54,0,28,0,8,100,74,0,0,18,23,77,3,0,55,13,89,0,73,24,21,33,100,36,0,46,44,67,102,0,18,1,27,73,105,106,98,32,3,16,10,64,71,0,79,50,32,52,87,0,5,16,105,81,76,78,21,27,20,49,101,27,79,0,68,29,78,0,0,59,34,0,0,29,59,70,3,0,26,22,7,43,95,19,23,16,18,0,71,0,26,60,0,23,8,21,86,101,91,59,101,107,69,15,35,29,75,16,0,35,32,105,28,13,9,32,52,0,0,13,0,5,0,8,52,14,28,4,0,28,0,10,0,82,0,82,0,0,10,0,21,3,53,24,0,64,0,0,14,11,0,60,95,0,46,2,103,5,98,0,3,23,53,86,33,1,0,57,32,54,5,0,1,71,58,57,58,25,0,15,107,86,110,23,104,0,93,66,23,0,105,14,7,11,81,8,0,9,0,25,28,0,3,0,0,23,3,83,15,8,102,68,20,9,0,0,5,13,4,1,17,21,4,49,0,0,22,28,94,3,20,0,12,37,72,9,23,22,109,2,17,13,0,0,0,6,6,72,100,31,55,82,78,15,27,90,116,23,15,26,68,103,90,0,79,5,23,15,21,75
26,2,0,0,0,0,0,0,0,27,0,4,1,0,35,0,0,69,0,23,21,54,50,0,23,0,19,0,92,0,23,0,101,0,0,45,93,93,0,92,27,0,23,0,23,0,19,5,23,17,0,0,2,35,0,13,9,0,0,36,0,0,0,0,2,0,0,0,1,18,88,0,0,0,0,0,0,23,8,62,0,0,0,15,0,0,0,3,23,95,41,0,5,23,0,0,98,89,0,93,44,78,23,23,0,1,0,0,15,0,0,0,87,0,7,0,6,27,18,6,18,0,0,0,5,0,0,0,0,5,0,1,0,93,9,0,0,0,0,89,0,0,0,19,15,2,0,0,4,12,0,0,0,0,0,18,0,88,12,8,0,0,0,23,116,2,0,0,27,0,0,3,0,0,0,23,55,93,23,8,93,0,93,109,1,34,108,28,116,23,88,93,0,72,0,8,76,93,23,112,5,50,0,111,23,5,11,61,23,6,19,16,18,0,109,93,93,3,85,83,0,116,23,23,63,93,0,0,0,78,23,5,111,93,22,31,17,76,93,56,116,23,0,0,22,32,13,93,20,0,114,0,21,27,93,93,53,23,23,0,0,94,0,26,23,23,23,0,0,5,0,5,2,59,4,2,0,65,9,93,0,0,23,23,28,23,0,112,14,8,14,0,30,93,23,0,18,93,0,53,81,29,93,83,18,23,2,0,104,6,0,46,18,0,116,109,101,3,63,0,109,7,93,1,0,74,9,16,23,23,23,19,7,10,6,110,59,109,93,102,5,18,111,12,0,0,20,85,54,0,93,0,93,0,0,0,111,20,93,0,93,7,3,19,93,23,0,93,0,3,6,0,7,0,50,13,0,0,0,104,3,32,23,37,0,6,20,1,28,91,0,78,10,21,0,29,0,23,0,0,0,63,25,17,23,23,0,0,93,6,23,49,23,116,23,93,24,22,116,93,19,0,0,0,8,0,0,0,93,0,0,22,0,52,93,116,0,39,1,0,24,5,0,0,4,0,2,0,0,0,110,0,0,3,60,0,11,0,23,0,0,74,5,81,23,20,5,0,24,20,1,0,93,1,88,0,99,30,24,0,75,47,9,24,110,36,23,116,3,22,6,24,16,34,23,33,0,8,114,23
12,45,66,19,10,12,9,7,21,49,20,51,8,9,65,9,73,8,19,14,10,5,25,9,8,22,8,13,3,10,6,53,1,43,12,22,3,24,5,26,33,8,3,26,17,9,13,39,37,6,10,46,9,21,9,25,45,8,19,56,7,72,8,5,31,16,28,19,61,8,25,28,12,10,8,16,10,18,58,30,9,11,9,68,9,9,12,9,5,23,0,56,73,4,65,27,21,28,10,24,13,7,4,13,5,8,26,11,10,14,54,26,5,6,8,16,63,36,24,7,40,9,9,11,30,8,56,9,9,33,63,5,9,4,80,9,9,9,8,12,62,12,36,12,35,10,11,9,8,14,10,6,21,9,9,17,31,6,16,27,44,21,9,5,3,57,44,8,12,11,91,9,16,26,9,3,5,9,25,64,4,17,20,9,33,9,4,41,3,19,25,4,7,5,29,79,29,3,5,4,41,10,48,0,9,48,36,52,9,67,31,29,18,27,4,16,19,9,8,9,8,3,12,17,27,9,28,94,13,3,4,58,0,21,70,9,43,10,3,47,3,4,8,41,36,28,18,4,34,39,5,69,2,56,26,0,24,5,4,8,5,25,98,17,16,15,0,23,9,69,73,36,41,51,20,29,59,16,6,12,13,74,8,21,29,13,14,3,73,56,9,67,11,4,7,6,12,10,9,9,7,53,25,8,28,7,11,11,4,68,21,32,17,21,3,7,5,9,12,11,0,57,3,27,62,9,29,12,35,7,10,11,37,46,67,0,12,6,3,7,83,9,0,12,79,70,24,32,47,89,3,16,24,90,12,21,3,62,8,61,24,81,8,24,3,23,8,9,66,9,15,8,42,68,7,44,9,10,7,7,8,32,2,8,16,13,15,62,24,26,12,8,35,3,59,63,9,5,54,55,16,47,63,33,8,10,33,7,13,53,11,2,10,3,23,24,23,37,3,25,8,26,83,90,21,9,11,38,23,19,73,28,8,0,4,3,12,25,14,6,5,39,90,8,8,9,24,31,7,13,5,94,15,59,50,9,29,16,0,9,20,34,79,22,10,44,77,72,9,74,38,50,20,8,27,21,20,22,10,67,16,18,41,48,1,27,15,3,116,12,25,5,25,2,12,64,56,59,5,15
39,60,25,25,73,56,70,68,40,9,39,47,69,70,13,70,24,49,62,41,24,21,23,70,76,33,66,66,19,71,32,55,26,64,70,36,19,11,52,12,23,69,49,50,59,70,32,27,31,66,71,45,70,33,70,17,20,68,61,24,68,0,68,44,52,67,27,47,47,43,11,51,69,75,69,65,71,26,38,16,70,72,70,19,70,70,64,70,57,13,40,43,9,74,3,60,13,11,56,11,40,25,73,73,50,69,52,74,61,55,30,20,18,43,63,48,32,21,27,67,15,70,40,68,25,68,18,70,70,46,30,58,70,19,7,70,70,70,69,37,30,75,49,60,47,71,72,70,69,40,71,58,62,70,70,61,48,18,51,49,43,62,70,29,22,14,52,56,28,72,3,70,54,15,70,73,20,13,44,11,19,62,11,22,17,60,25,19,22,68,11,19,68,28,26,12,23,19,76,21,34,55,2,25,77,32,30,9,26,20,53,19,55,16,23,15,14,70,39,29,69,22,61,69,14,20,17,4,76,25,74,43,25,14,3,29,27,30,19,15,22,56,68,62,26,12,22,19,28,28,20,7,31,14,11,17,27,60,26,68,52,12,7,52,36,28,30,40,70,2,21,29,26,7,22,30,0,20,25,15,65,0,31,55,53,61,43,22,10,15,27,3,56,19,62,42,52,16,69,29,35,29,11,26,14,66,68,72,20,0,59,38,27,47,22,18,26,70,26,72,23,24,23,44,50,51,26,31,31,79,35,22,6,44,8,26,26,18,19,26,13,23,25,43,7,1,66,11,7,9,16,67,11,10,19,39,22,7,18,0,11,15,69,52,19,49,69,17,30,70,54,68,15,18,49,29,70,71,58,21,69,23,34,37,22,57,31,26,32,11,75,23,18,38,0,14,70,77,3,9,65,7,1,35,78,80,10,44,15,37,28,23,26,22,34,11,32,40,22,11,30,65,6,3,26,64,72,43,11,30,2,26,69,54,19,22,69,33,55,63,29,5,6,61,69,70,51,44,67,72,24,4,65,4,7,70,35,46,33,69,36,13,6,31,57,21,2,7,26,8,63,57,11,69,11,64,14,45,36,9,40,34,23,31,24,29,26,22,12,116,34,27,29,47,59,8,2,13,20,60
71,9,40,11,12,9,9,10,13,14,15,17,9,9,11,9,45,9,18,76,76,0,51,9,46,11,68,13,0,11,58,8,18,9,13,27,0,0,19,0,78,9,42,30,70,9,70,84,22,67,10,47,12,61,9,61,73,10,21,18,10,28,10,5,19,13,29,5,37,79,0,21,10,15,9,13,11,83,5,15,9,11,9,28,9,9,11,9,60,0,9,25,20,46,22,25,6,0,14,0,11,0,47,53,22,9,25,16,10,11,19,29,0,6,9,27,12,26,69,9,29,9,6,17,21,10,13,9,9,9,21,16,9,0,7,9,9,9,9,11,13,12,34,70,76,11,9,9,9,23,10,17,18,9,9,50,32,0,20,23,47,17,9,70,6,66,28,14,64,9,21,9,26,12,9,46,0,8,75,56,0,16,0,7,56,59,7,63,6,58,0,0,9,0,5,3,18,0,50,3,91,54,17,11,54,33,90,10,74,36,86,56,24,26,8,8,0,9,34,20,9,6,66,56,10,4,18,21,13,20,46,9,11,1,10,61,67,6,0,23,6,59,10,9,28,30,64,0,90,33,7,31,68,39,1,29,17,61,66,10,19,0,37,61,61,66,62,45,9,9,29,88,87,0,99,33,14,39,69,13,13,24,67,72,76,67,40,6,41,59,77,18,68,0,61,28,68,1,10,23,18,2,0,17,25,62,11,9,13,7,20,27,75,33,6,0,9,9,58,9,9,75,4,37,16,22,84,77,79,49,63,71,52,21,23,12,58,0,0,15,47,75,11,9,31,25,55,0,0,36,8,13,0,9,33,14,11,0,7,8,0,22,9,85,0,76,9,12,24,9,29,10,39,39,9,83,9,10,11,5,9,71,59,12,26,10,67,23,61,0,12,16,47,50,15,0,9,49,14,53,14,4,17,72,49,52,46,5,13,20,71,45,72,6,68,1,79,58,6,0,77,22,21,19,89,12,9,12,1,10,6,3,9,9,0,6,12,69,12,12,69,51,38,12,9,9,25,10,10,12,11,36,19,22,0,9,43,23,57,10,16,5,40,28,65,30,13,24,73,7,29,17,0,9,0,18,5,72,61,44,42,65,80,35,11,81,68,6,25,34,116,65,87,9,66,6,17,40,7,69
88,3,7,37,6,10,3,7,32,1,23,0,4,3,10,3,9,26,3,90,105,3,61,3,56,23,66,3,3,4,92,1,33,3,5,4,3,3,25,4,59,6,83,3,75,3,96,65,49,73,3,7,8,82,8,81,53,7,3,3,3,12,7,31,0,3,37,7,20,87,5,0,3,3,3,4,3,94,2,12,3,6,3,0,3,3,4,3,76,5,6,6,27,55,19,10,6,3,14,3,6,0,59,65,27,4,1,5,3,13,17,39,3,31,4,23,0,2,90,4,43,3,33,5,42,7,7,8,3,3,0,22,6,3,1,3,6,3,6,27,14,7,0,79,51,4,3,3,4,28,3,12,7,3,3,50,0,3,3,19,7,8,3,111,24,46,0,20,97,4,3,3,20,38,3,55,1,3,82,34,5,4,3,22,38,66,16,36,24,62,5,5,7,3,33,1,35,3,59,20,56,66,27,29,59,11,67,3,107,44,68,55,13,52,21,5,3,3,52,35,8,24,75,63,8,3,37,0,6,47,55,3,29,3,13,100,63,3,3,9,24,78,7,3,57,13,89,3,60,14,22,35,104,25,3,47,43,68,107,4,25,4,16,77,100,99,103,37,6,21,0,53,60,3,81,42,36,51,96,5,5,17,108,75,67,77,27,28,9,36,102,30,81,3,68,34,81,3,4,61,33,0,3,26,60,71,3,3,28,27,3,44,95,16,24,19,21,3,70,3,31,50,3,21,11,26,77,97,80,61,103,107,68,20,33,30,74,19,3,27,21,106,29,19,3,34,45,3,3,2,3,7,3,0,52,20,29,8,3,31,3,7,3,75,3,75,3,3,0,3,24,7,48,19,7,51,3,3,17,14,3,58,99,6,37,3,96,0,86,3,7,24,57,89,35,2,3,58,39,45,5,3,3,61,58,59,66,31,3,7,105,87,106,24,93,5,90,63,24,3,104,10,2,5,77,10,3,0,3,31,21,3,6,4,3,24,3,79,12,12,109,66,9,13,4,3,0,17,8,3,18,12,6,41,3,3,17,28,98,7,22,3,3,29,68,0,22,16,108,5,21,10,3,4,3,7,7,72,104,30,52,80,67,10,28,78,103,24,5,27,65,116,82,6,80,0,25,19,22,76
67,3,32,17,6,4,3,0,22,4,7,9,3,3,10,3,30,20,6,81,86,0,63,3,50,14,66,3,0,1,75,6,26,3,1,26,0,0,9,1,78,1,58,18,76,3,86,83,31,66,2,32,7,76,0,78,67,1,9,17,5,27,1,14,13,3,42,2,26,77,0,13,3,6,4,4,2,102,4,10,3,0,3,19,3,3,5,0,62,2,0,16,24,50,12,14,5,0,7,0,2,0,47,59,10,3,14,5,2,8,12,36,0,13,3,20,13,15,87,0,39,3,15,5,26,1,10,0,3,0,14,7,0,0,12,3,0,3,1,23,17,6,16,77,69,0,3,3,0,17,2,9,8,3,3,48,16,0,8,17,32,8,3,84,16,67,9,4,87,3,19,0,21,18,3,51,0,0,81,57,0,7,0,16,46,63,16,57,16,65,0,0,1,0,17,10,28,0,53,12,78,59,15,21,58,20,91,8,88,41,87,56,15,30,17,7,0,0,45,27,1,16,71,63,8,4,20,20,5,35,50,3,21,0,6,79,77,6,0,27,16,62,1,3,38,21,83,0,84,18,14,36,78,46,0,39,33,64,82,4,9,1,37,66,80,84,78,35,0,11,20,75,88,0,93,43,17,48,79,4,4,26,83,78,76,72,26,18,33,63,93,20,70,0,62,20,76,0,3,38,27,3,0,31,37,66,1,3,18,10,10,39,93,23,16,9,19,0,69,3,19,68,4,24,11,22,85,95,94,53,79,85,54,15,21,22,71,9,0,27,46,89,21,2,23,33,53,0,0,27,0,8,0,15,37,4,21,5,7,15,0,19,1,88,0,79,4,4,17,0,21,1,28,31,0,69,3,2,5,12,1,63,73,1,28,4,88,12,84,0,6,23,45,66,18,1,3,53,17,59,2,4,6,74,54,54,52,12,4,21,87,64,90,16,86,0,95,69,16,0,91,11,16,17,91,0,3,13,0,15,15,0,1,0,0,16,2,84,7,3,87,55,30,3,0,3,8,2,1,1,18,34,5,30,0,3,28,17,74,0,10,4,30,37,64,22,10,23,88,2,24,14,0,3,0,11,6,80,79,47,52,76,81,22,20,90,90,16,25,29,87,82,116,0,72,4,12,26,14,74
18,48,17,42,79,75,82,82,54,14,57,40,83,82,14,82,16,43,82,17,0,58,14,82,40,51,30,77,58,82,11,34,25,50,81,58,57,34,69,34,5,82,28,55,21,82,1,0,14,31,82,36,79,21,80,0,0,82,71,37,82,0,82,63,68,82,43,65,22,21,32,64,82,78,82,81,82,0,33,25,82,80,82,15,82,82,82,85,32,34,109,40,7,45,0,73,34,32,75,35,86,53,45,32,69,83,63,77,91,78,31,40,57,63,89,67,37,51,2,88,0,82,61,79,32,82,33,80,82,61,27,75,82,56,0,82,82,82,82,29,23,76,51,21,19,84,80,82,86,76,82,75,76,82,82,36,53,55,84,63,38,76,82,3,34,0,40,76,0,79,0,85,65,40,82,45,59,42,13,0,54,79,37,29,17,37,34,16,34,31,30,54,82,48,50,9,33,57,42,34,7,37,9,34,37,19,0,15,0,2,15,0,64,19,34,34,41,85,21,11,80,34,25,32,8,46,32,3,77,27,45,30,34,39,9,1,0,36,57,5,34,32,82,52,4,66,0,56,0,44,34,3,8,13,34,34,13,33,7,82,69,34,0,26,7,0,11,48,82,5,17,7,0,32,0,30,0,27,3,34,82,0,3,21,18,22,58,30,14,0,0,0,23,56,35,64,21,49,82,0,8,38,34,17,3,30,84,80,24,6,72,7,2,68,34,34,34,85,19,80,34,10,53,64,33,46,0,0,0,37,8,1,0,32,0,34,15,34,57,26,0,0,34,78,0,0,30,26,24,0,49,75,35,5,41,62,29,15,44,0,34,6,85,19,57,19,82,38,24,85,63,82,5,4,67,7,82,82,76,34,85,14,13,70,40,80,5,18,7,32,76,9,0,18,0,15,82,42,5,0,77,15,16,17,40,37,3,65,34,45,0,14,0,34,4,34,3,9,34,34,0,72,1,0,0,79,80,55,34,49,1,60,82,92,56,34,82,16,79,77,4,1,0,81,86,82,58,54,82,82,34,0,77,6,32,82,49,63,16,82,57,29,0,18,34,48,3,4,1,2,41,44,36,83,29,72,34,11,8,0,18,10,0,51,34,4,0,34,2,47,9,6,0,116,21,9,0,0,34,21
91,34,8,8,37,17,34,29,16,1,24,15,33,34,9,34,15,37,21,91,76,3,64,34,91,4,97,24,0,30,75,24,36,36,29,1,0,0,18,1,67,30,66,16,110,34,77,59,33,94,33,17,34,75,31,54,56,29,20,2,32,3,29,9,15,25,29,7,47,94,0,12,31,31,33,24,31,78,24,8,34,31,34,0,34,34,28,31,98,2,14,16,7,88,6,30,5,0,17,0,19,4,84,100,18,33,14,29,33,20,13,21,0,8,32,45,3,2,78,28,12,34,7,28,19,29,5,31,34,29,3,24,31,0,12,34,31,34,30,43,5,40,13,109,70,30,36,34,30,40,33,22,31,34,34,66,12,0,14,32,15,31,34,82,23,42,18,23,85,37,0,31,54,7,34,87,3,0,95,29,0,21,0,21,36,96,15,39,23,93,0,0,29,0,16,11,37,0,90,19,66,89,3,28,91,15,65,0,78,37,90,29,39,21,16,0,0,31,54,36,30,23,111,94,2,0,4,0,38,25,88,31,28,0,1,83,66,0,0,13,23,99,29,34,53,10,59,0,63,16,21,11,75,14,0,46,33,100,78,32,18,1,11,97,88,81,74,46,31,9,0,59,56,0,56,27,5,49,63,0,24,1,85,104,93,113,29,24,8,33,71,12,104,0,98,33,106,0,33,42,40,21,0,33,31,106,28,36,22,5,17,56,75,32,23,16,18,31,70,36,26,57,0,40,45,46,64,74,77,96,88,74,39,40,12,29,71,16,0,29,16,73,28,18,2,6,70,0,0,1,0,41,0,14,21,23,28,12,0,5,0,4,30,91,0,99,33,0,3,31,53,29,36,22,23,63,34,33,23,11,30,58,78,17,17,27,81,3,77,0,40,20,24,56,4,13,34,91,8,25,23,0,0,68,92,93,35,11,0,21,80,66,79,23,85,0,80,81,23,0,75,34,2,0,63,24,36,4,0,9,5,7,30,17,0,23,29,74,20,24,85,37,8,26,30,34,15,30,28,30,17,7,23,17,0,34,27,22,76,30,19,0,1,32,91,0,2,8,78,6,52,39,0,33,0,34,6,84,90,9,55,81,63,24,27,75,79,23,12,59,66,80,72,21,116,0,7,2,21,112
1,34,48,14,0,4,0,1,6,90,14,32,0,0,100,0,38,21,10,8,1,24,29,0,0,20,1,1,33,0,1,38,26,25,0,20,33,56,0,57,14,0,0,5,0,0,1,16,33,0,1,16,1,12,0,21,28,0,3,47,0,68,0,0,14,6,10,16,45,0,55,11,2,0,0,5,0,2,58,58,0,0,0,64,0,0,5,2,1,54,16,28,45,0,72,10,49,60,5,55,28,29,0,0,1,0,8,0,7,6,42,10,39,2,6,4,45,31,7,3,35,0,5,1,10,0,54,0,0,29,43,0,0,34,83,0,0,0,0,16,43,0,14,0,8,0,0,0,2,7,1,0,6,0,0,8,11,40,8,15,16,6,0,1,33,33,19,0,4,0,83,2,0,26,0,0,24,40,4,49,34,5,49,29,29,5,34,27,33,4,44,34,0,33,14,80,54,33,0,34,16,12,51,33,0,27,10,62,1,48,8,13,6,26,34,46,48,2,28,35,0,33,0,4,57,40,20,80,1,21,0,45,33,49,83,5,28,35,33,63,33,0,0,25,42,21,12,34,12,16,34,54,1,33,54,29,38,0,0,0,0,54,70,12,6,1,0,12,0,72,58,18,16,89,0,5,65,29,6,40,4,70,1,5,7,0,1,33,61,28,1,68,8,34,0,0,0,40,0,17,32,62,55,26,41,0,5,0,31,74,6,50,0,8,33,38,39,2,20,0,33,30,33,11,35,18,10,0,10,0,1,3,24,20,59,33,20,37,33,39,54,1,33,13,71,56,9,64,82,62,33,0,55,79,1,14,28,83,39,65,56,59,2,8,33,10,0,40,43,2,5,0,43,54,20,22,0,1,0,37,2,18,1,17,6,14,8,54,9,58,0,49,35,0,66,73,0,0,57,43,3,66,84,16,0,1,29,0,43,35,0,14,0,33,5,52,1,22,33,55,1,8,73,80,0,3,0,19,51,17,74,37,0,25,34,33,2,12,8,0,0,25,67,0,2,0,11,20,0,1,34,70,3,42,88,0,21,7,0,0,15,56,57,34,6,31,63,75,0,86,28,29,50,0,47,0,49,3,0,47,22,11,16,34,34,12,5,33,64,8,6,0,4,9,0,116,57,55,34,0
21,26,50,39,0,11,0,5,23,59,30,28,0,0,49,0,50,8,3,9,28,0,9,0,5,35,4,4,0,1,30,27,3,22,2,7,0,11,13,12,20,3,26,7,3,0,34,28,41,4,0,23,0,13,3,37,30,4,5,35,0,77,4,20,6,1,22,15,44,16,16,7,0,0,0,2,0,13,40,40,0,1,0,48,0,0,2,0,9,10,0,26,73,0,87,4,7,15,8,10,8,5,4,6,18,0,8,2,3,8,45,26,3,21,0,5,28,31,26,0,55,0,23,2,39,4,46,3,0,27,48,9,3,0,73,0,3,0,3,7,50,3,18,9,18,0,2,0,0,9,0,7,2,0,0,9,15,3,2,17,21,3,0,28,0,51,33,17,26,3,74,0,3,55,0,0,0,11,11,39,0,2,10,5,56,2,3,28,0,4,15,0,4,0,36,65,19,0,1,3,23,3,99,0,3,34,27,32,27,52,4,51,3,54,0,1,7,0,1,16,3,0,3,5,38,3,52,71,2,22,0,44,0,7,69,29,20,0,0,29,0,8,4,20,47,17,39,0,18,33,0,74,28,32,9,0,34,4,26,1,13,9,58,8,25,33,26,25,3,82,62,29,30,37,24,24,93,12,37,11,2,74,31,3,3,5,10,2,56,52,29,76,5,0,0,12,8,3,1,42,13,39,10,13,74,2,1,2,9,82,5,30,23,1,0,5,3,0,1,2,0,27,0,7,39,5,31,29,20,5,30,26,53,27,67,0,3,6,0,1,46,27,0,18,80,81,12,19,46,70,8,3,10,74,27,34,0,65,3,96,11,46,0,2,0,8,0,11,48,0,2,4,60,62,1,32,0,0,10,6,0,18,29,0,33,5,22,64,20,13,3,28,68,26,93,57,0,0,91,45,5,41,73,12,2,3,57,26,14,26,28,22,27,0,21,7,15,11,0,10,28,6,80,75,33,8,2,10,12,43,94,21,3,0,0,0,1,10,8,7,24,53,73,10,0,0,18,38,5,0,0,61,2,59,36,0,14,11,26,4,27,23,67,10,1,27,72,69,26,75,25,22,11,0,18,3,7,5,29,64,2,6,30,35,0,2,23,0,56,2,17,25,12,0,7,57,116,59,0,4
16,19,49,41,6,6,6,7,13,65,33,19,6,6,48,6,47,13,8,9,22,5,11,6,1,31,10,9,8,9,12,35,9,12,11,34,8,13,22,11,18,7,12,27,5,6,17,30,18,10,6,33,8,9,9,45,36,8,15,29,5,75,8,17,18,9,17,17,44,17,12,16,6,12,6,11,8,24,38,59,6,11,6,61,6,6,8,6,7,12,0,15,63,1,70,10,10,13,11,13,12,12,3,1,23,6,22,13,5,8,34,11,10,18,6,8,27,36,11,5,50,6,18,13,41,8,65,9,6,34,46,19,7,9,55,6,7,6,7,13,33,6,29,9,19,8,6,6,6,10,6,14,10,6,6,10,27,11,12,28,33,9,6,20,8,27,28,15,10,6,68,6,6,52,6,1,5,21,12,39,11,12,9,15,48,4,13,28,8,6,16,11,6,11,26,57,29,8,2,9,28,1,52,6,4,70,24,22,21,44,15,40,9,23,15,23,8,6,4,12,9,8,1,4,38,17,52,62,6,19,1,34,6,10,55,11,28,17,8,27,8,6,8,12,50,27,37,9,24,38,10,56,21,33,13,2,27,3,19,7,22,12,63,8,9,13,19,37,7,59,53,27,31,42,48,25,64,6,30,27,9,74,17,4,12,2,26,12,58,39,28,72,6,9,3,16,11,14,7,24,13,46,12,17,59,1,7,6,18,65,14,41,25,12,8,11,14,6,6,6,8,17,12,11,29,18,23,24,13,1,13,21,26,22,62,6,10,10,8,7,56,26,6,14,78,61,9,21,44,82,16,6,13,60,25,32,8,49,19,59,13,64,6,17,8,6,6,25,49,6,6,8,52,61,11,32,6,6,12,15,6,23,16,8,20,9,11,56,14,15,6,29,75,21,66,39,6,1,58,54,10,12,61,16,1,3,42,17,26,44,18,7,19,8,15,15,24,24,8,12,24,9,69,69,35,7,6,25,10,36,52,31,7,6,9,8,9,13,9,10,18,24,67,13,6,6,23,37,7,8,14,65,15,35,41,6,38,18,14,8,34,33,79,15,4,43,72,73,20,53,20,13,9,6,14,11,9,14,11,70,9,9,24,39,7,18,15,8,59,13,40,19,26,0,2,55,59,116,10,4
27,3,0,1,0,0,0,0,0,28,0,4,1,0,37,0,0,67,0,21,22,54,48,0,21,0,17,0,92,0,21,2,99,0,0,46,93,94,0,92,25,0,21,1,21,0,17,3,21,15,0,0,2,33,0,12,7,0,0,35,0,0,0,0,2,0,0,0,1,19,89,0,0,0,0,0,0,21,9,62,0,0,0,16,0,0,0,3,21,93,41,0,6,21,1,0,100,90,0,94,45,79,21,21,0,1,0,0,15,0,0,0,87,0,7,0,6,27,19,6,19,0,0,0,6,0,1,0,0,6,0,1,0,94,10,0,0,0,0,89,1,0,0,17,13,2,0,0,4,12,0,0,0,0,0,16,0,89,12,8,0,0,0,21,114,0,0,0,25,0,1,3,0,0,0,21,55,94,21,7,94,0,94,109,0,32,108,26,114,21,89,94,0,72,0,9,76,93,21,112,3,48,0,109,21,7,9,62,21,6,17,14,18,0,109,95,93,3,83,83,0,114,21,21,64,94,1,1,0,76,21,6,109,95,23,29,15,76,93,55,114,21,0,0,22,32,12,94,18,0,116,1,22,28,95,91,53,21,21,0,0,94,1,24,21,21,21,0,0,6,1,3,0,60,5,2,0,63,10,95,0,0,21,21,26,21,1,110,15,7,12,1,28,94,21,0,16,95,0,53,81,30,94,81,19,21,2,0,105,7,0,46,16,0,114,109,99,3,61,0,107,5,93,1,1,74,7,14,21,21,21,20,8,11,7,108,57,109,93,100,7,16,109,12,1,1,18,86,55,2,93,0,94,1,0,0,109,21,93,0,94,8,3,17,93,21,0,94,0,3,6,0,8,2,50,12,0,0,0,106,3,30,21,37,0,6,18,2,26,92,0,78,11,19,0,30,0,21,0,1,0,64,26,15,21,21,1,0,95,7,21,47,21,114,21,95,22,20,114,94,17,0,1,1,6,0,0,0,95,1,1,22,0,52,94,114,0,37,1,0,22,6,1,0,4,0,2,1,0,0,112,1,0,4,61,0,12,0,21,0,0,76,6,81,21,22,6,0,22,21,1,0,94,1,89,0,99,28,22,0,73,45,7,25,110,34,21,114,5,20,7,22,14,34,21,34,0,10,116,21
87,35,11,6,38,18,35,30,12,1,20,16,34,35,10,35,18,37,21,89,72,4,67,35,92,5,99,25,0,31,71,25,36,37,30,3,0,0,16,1,70,31,62,20,114,35,73,62,29,95,34,20,35,72,32,56,59,30,24,5,33,6,30,7,16,26,29,8,51,90,0,13,32,32,34,25,32,80,25,7,35,32,35,3,35,35,29,32,96,2,14,17,3,89,3,31,5,0,18,0,19,4,85,99,14,34,17,30,34,18,14,18,0,6,33,46,4,5,74,29,8,35,3,29,15,30,6,32,35,30,4,22,32,0,15,35,32,35,31,43,4,41,16,105,73,31,37,35,31,38,34,23,33,35,35,67,15,0,15,31,18,32,35,78,23,45,19,19,81,38,3,32,55,3,35,88,3,0,91,32,0,22,0,21,38,98,15,42,23,97,0,0,30,0,12,12,37,0,91,19,69,89,0,28,94,18,68,0,74,33,94,25,39,17,16,0,0,32,54,36,31,23,112,97,1,0,0,3,39,22,89,32,28,0,1,79,69,0,0,16,23,95,30,35,49,11,55,0,66,14,21,14,71,16,0,46,29,101,74,33,16,1,14,96,84,77,70,42,32,6,3,62,59,0,58,23,1,49,59,0,25,3,81,108,97,112,30,23,11,35,67,8,103,0,99,31,102,0,34,38,40,21,0,35,27,107,29,37,21,1,20,57,77,34,23,16,18,32,73,37,26,58,0,41,46,46,61,70,80,95,84,70,35,38,8,29,73,16,0,29,19,69,28,14,5,8,74,0,0,4,0,42,0,17,17,19,28,11,0,1,0,7,31,93,0,102,34,0,6,32,54,30,33,25,23,66,35,34,21,11,31,61,74,18,13,28,77,6,79,0,41,19,20,52,0,14,35,92,4,27,24,0,3,71,93,96,31,7,0,24,76,62,75,23,81,0,82,85,23,0,71,34,5,3,65,25,37,5,0,5,2,8,31,17,0,23,30,77,18,25,81,33,11,24,31,35,16,26,29,31,17,10,24,13,0,35,29,18,72,31,17,0,4,32,92,3,0,10,74,6,53,40,0,34,0,35,6,87,86,11,55,80,66,27,27,78,75,23,15,60,69,76,74,21,112,0,4,4,21,116
