29803,201501,79894,7703,55858,90378,285367,10025,132660,122953,10409,27030,131965,84913,653390,1181,54862,126375,219988,53335,440695,60680,6597,4093,5467,80324,6919,51092,55209,24148,124961,170622,63977,9401,55841,121549,64969,6926,9603,9801,1112,55929,65982,55666,51230,149076,4173,7110,145873,57492,9908,283337,9400,2958,220992,55035,338692,7753,2063,115560,11128,27033,11335,9931,140290,10137,84878,26993,100507290,90075,6045,8566,342977,5992,4775,54361,59269,22834,64094,51106,2005,54927,55954,2122,146434,79175,4302,51741,90338,339327,255877,8243,79656,326625,27153,57507,55553,10608,90673,7709,374655,57673,2186,26173,51367,51270,81669,7431,390980,9611,327657,81603,80764,65003,348654,83933,10443,28996,57409,1025,200014,286128,55095,146050,9967,55285,4661,348180,79915,342945,671,10691,54963,27022,51087,7767,54923,51154,8239,3394,2001,8322,5605,57819,57713,4842,7307,1303,8022,2972,79699,128308,55164,9496,9470,8975,3727,60401,10606,11277,23462,254065,162968,26512,10907,7072,64864,54753,30818,2072,1807,23648,10847,27125,26155,84769,55893,53342,79717,56853,57109,5798,5452,54997,10514,29982,29117,138429,10844,10642,79943,140467,8861,23524,8928,56917,2521,285704,92565,157313,10785
1.0,0.563,1.0,0.423,0.132,0.347,0.414,0.69,0.491,0.714,0.141,0.18,0.208,0.332,0.57,0.209,0.574,1.0,0.171,0.315,0.529,0.252,0.329,0.337,0.313,0.18,0.716,0.307,0.443,0.365,0.561,0.465,0.461,0.234,0.339,0.52,0.292,0.188,0.559,0.345,0.545,0.467,1.0,0.134,0.708,1.0,0.328,0.413,0.354,0.313,0.237,1.0,0.303,0.613,1.0,0.162,0.253,0.606,0.352,0.522,0.365,0.465,0.363,0.249,0.808,0.576,0.465,0.331,1.0,1.0,0.482,0.265,0.264,0.722,0.284,0.163,0.708,1.0,0.167,0.325,0.627,0.029,0.329,0.41,1.0,1.0,0.747,0.279,0.519,1.0,0.465,0.088,0.746,0.219,0.354,0.714,0.216,0.714,0.275,0.395,1.0,0.435,0.588,0.436,0.194,0.496,0.282,0.168,1.0,0.343,0.224,0.305,0.588,0.292,0.216,0.407,0.364,0.194,0.355,0.336,1.0,1.0,0.316,1.0,0.463,0.248,0.939,0.183,0.273,0.561,0.103,1.0,0.305,0.482,0.374,0.72,0.065,0.206,0.166,0.387,0.529,0.224,0.277,0.246,0.478,0.207,0.249,0.037,0.474,0.516,0.131,0.292,0.063,0.25,0.35,0.24,0.523,0.071,0.209,0.25,0.187,0.455,1.0,0.439,0.202,0.276,0.722,1.0,0.363,0.208,0.136,0.839,0.605,0.422,0.268,0.221,0.765,0.171,0.154,0.207,0.486,0.292,0.458,0.238,0.41,0.132,0.284,0.132,0.053,0.31,1.0,0.359,0.37,0.248,0.223,0.258,0.428,0.34,0.438,0.15,0.199
0.563,1.0,1.0,0.483,0.117,0.394,0.414,0.702,0.534,0.748,0.185,0.197,0.223,0.455,0.57,0.152,0.624,1.0,0.218,0.413,0.598,0.278,0.423,0.423,0.331,0.194,0.736,0.192,0.522,0.345,0.604,0.584,0.576,0.252,0.589,0.552,0.306,0.286,0.601,0.345,0.613,0.523,1.0,0.163,0.732,1.0,0.341,0.47,0.38,0.389,0.333,1.0,0.341,0.625,1.0,0.177,0.253,0.634,0.414,0.57,0.375,0.507,0.419,0.249,0.808,0.576,0.507,0.332,1.0,1.0,0.513,0.265,0.343,0.746,0.354,0.213,0.732,1.0,0.238,0.336,0.673,0.101,0.329,0.548,1.0,1.0,0.771,0.37,0.551,1.0,0.507,0.152,0.746,0.219,0.721,0.748,0.28,0.748,0.294,0.652,1.0,0.46,0.619,0.454,0.194,0.576,0.43,0.209,1.0,0.41,0.237,0.373,0.627,0.306,0.265,0.426,0.516,0.284,0.38,0.417,1.0,1.0,0.316,1.0,0.479,0.248,0.939,0.196,0.344,0.604,0.169,1.0,0.305,0.524,0.387,0.747,0.211,0.247,0.201,0.423,0.598,0.346,0.345,0.266,0.508,0.222,0.264,0.1,0.504,0.525,0.15,0.306,0.081,0.289,0.383,0.318,0.712,0.165,0.216,0.264,0.255,0.501,1.0,0.458,0.217,0.302,0.746,1.0,0.428,0.226,0.147,0.839,0.644,0.422,0.365,0.258,0.785,0.198,0.168,0.232,0.501,0.305,0.478,0.408,0.478,0.166,0.379,0.219,0.133,0.323,1.0,0.388,0.426,0.248,0.288,0.39,0.447,0.464,0.562,0.323,0.215
1.0,1.0,1.0,0.808,0.253,0.808,0.414,1.0,0.939,1.0,0.746,0.259,0.274,0.839,0.57,0.234,1.0,1.0,0.305,1.0,1.0,0.396,1.0,1.0,1.0,0.232,1.0,0.324,0.939,0.839,1.0,0.775,1.0,0.382,0.939,1.0,0.402,1.0,1.0,0.345,0.939,0.939,1.0,0.22,1.0,1.0,0.573,0.839,1.0,1.0,0.665,1.0,0.705,0.839,1.0,0.241,0.253,1.0,0.808,1.0,0.694,0.808,0.746,0.249,0.808,0.576,0.808,0.839,1.0,1.0,0.808,0.265,0.562,1.0,0.839,0.784,1.0,1.0,0.571,0.546,1.0,0.032,0.329,1.0,1.0,1.0,1.0,0.839,1.0,1.0,0.808,0.304,0.746,0.219,0.746,1.0,1.0,1.0,0.362,0.839,1.0,0.808,1.0,0.842,0.194,1.0,0.576,0.413,1.0,0.808,0.224,0.802,0.939,0.402,0.359,0.939,0.808,0.839,0.534,0.839,1.0,1.0,0.316,1.0,0.839,0.248,0.939,0.241,0.479,1.0,0.22,1.0,0.305,1.0,0.695,1.0,0.065,0.352,0.808,1.0,1.0,0.802,0.784,0.38,0.746,0.839,0.329,0.042,1.0,0.66,0.169,0.402,0.035,1.0,0.531,0.939,1.0,0.102,0.339,0.413,1.0,1.0,1.0,0.842,0.277,0.44,1.0,1.0,0.808,0.32,0.179,0.839,1.0,0.422,0.808,0.414,1.0,0.266,0.237,0.396,0.939,0.839,1.0,0.784,0.939,0.132,1.0,0.211,0.075,0.437,1.0,1.0,0.839,0.248,0.839,0.839,1.0,0.784,0.802,0.186,0.274
0.423,0.483,0.808,1.0,0.112,0.482,0.344,0.577,0.708,0.712,0.246,0.202,0.186,0.337,0.49,0.177,0.544,0.808,0.336,0.338,0.496,0.234,0.382,0.308,0.283,0.159,0.591,0.164,0.529,0.29,0.526,0.377,0.383,0.31,0.359,0.431,0.261,0.204,0.496,0.296,0.551,0.598,0.808,0.221,0.577,0.808,0.312,0.339,0.295,0.399,0.335,0.808,0.346,0.522,0.808,0.15,0.327,0.604,0.484,0.641,0.315,0.491,0.778,0.236,1.0,0.473,0.491,0.345,0.808,0.808,0.816,0.232,0.282,0.584,0.294,0.184,0.577,0.808,0.184,0.294,0.642,0.299,0.271,0.525,0.808,0.808,0.609,0.246,0.429,0.808,0.491,0.267,0.931,0.182,0.508,0.712,0.208,0.712,0.228,0.419,0.808,0.577,0.789,0.358,0.159,0.431,0.28,0.251,0.808,0.468,0.253,0.249,0.909,0.261,0.23,0.545,0.443,0.191,0.301,0.3,0.808,0.808,0.296,0.808,0.385,0.206,0.781,0.159,0.234,0.526,0.113,0.808,0.267,0.499,0.309,0.756,0.067,0.256,0.197,0.396,0.496,0.206,0.246,0.252,0.565,0.133,0.216,0.18,0.411,0.449,0.114,0.261,0.152,0.238,0.373,0.228,0.501,0.082,0.186,0.215,0.199,0.546,0.808,0.361,0.193,0.374,0.584,0.808,0.367,0.231,0.122,0.68,0.879,0.328,0.353,0.324,0.623,0.141,0.149,0.194,0.412,0.23,0.381,0.197,0.516,0.149,0.386,0.126,0.221,0.317,0.808,0.311,0.457,0.206,0.198,0.229,0.408,0.334,0.366,0.183,0.178
0.132,0.117,0.253,0.112,1.0,0.122,0.282,0.139,0.113,0.082,0.09,0.092,0.083,0.123,0.301,0.182,0.087,0.253,0.087,0.119,0.128,0.056,0.128,0.121,0.163,0.078,0.113,0.173,0.134,0.146,0.21,0.132,0.107,0.178,0.129,0.078,0.163,0.094,0.135,0.483,0.085,0.155,0.253,0.149,0.084,0.253,0.179,0.088,0.066,0.117,0.106,0.253,0.196,0.138,0.253,0.074,0.157,0.116,0.115,0.126,0.119,0.116,0.125,0.123,0.215,0.163,0.116,0.125,0.253,0.253,0.125,0.233,0.145,0.083,0.082,0.086,0.084,0.253,0.086,0.102,0.142,0.088,0.193,0.141,0.253,0.253,0.089,0.073,0.075,0.253,0.116,0.131,0.226,0.214,0.111,0.082,0.093,0.082,0.067,0.131,0.253,0.107,0.137,0.078,0.13,0.11,0.117,0.091,0.253,0.11,0.217,0.122,0.153,0.163,0.134,0.164,0.069,0.143,0.14,0.187,0.253,0.253,0.149,0.253,0.116,0.15,0.267,0.077,0.088,0.21,0.056,0.253,0.272,0.137,0.137,0.094,0.045,0.087,0.194,0.136,0.128,0.091,0.157,0.071,0.079,0.239,0.081,0.07,0.111,0.16,0.093,0.163,0.076,0.092,0.182,0.223,0.137,0.063,0.111,0.155,0.076,0.15,0.253,0.079,0.074,0.127,0.083,0.253,0.227,0.131,0.066,0.224,0.132,0.158,0.082,0.098,0.101,0.073,0.087,0.083,0.115,0.16,0.098,0.166,0.137,0.172,0.113,0.109,0.125,0.115,0.253,0.093,0.14,0.15,0.075,0.095,0.132,0.146,0.091,0.105,0.076
0.347,0.394,0.808,0.482,0.122,1.0,0.344,0.504,0.439,0.519,0.413,0.174,0.177,0.384,0.49,0.148,0.435,0.808,0.266,0.427,0.589,0.253,0.385,0.423,0.398,0.157,0.468,0.167,0.406,0.322,0.45,0.325,0.355,0.237,0.357,0.382,0.239,0.311,0.425,0.296,0.458,0.457,0.808,0.21,0.433,0.808,0.279,0.31,0.312,0.354,0.437,0.808,0.348,0.448,0.808,0.167,0.371,0.557,0.592,0.421,0.298,0.419,0.498,0.259,1.0,0.473,0.419,0.298,0.808,0.808,0.484,0.232,0.344,0.436,0.351,0.291,0.433,0.808,0.196,0.268,0.674,0.134,0.271,0.421,0.808,0.808,0.464,0.255,0.373,0.808,0.419,0.184,0.931,0.257,0.562,0.519,0.359,0.519,0.19,0.402,0.808,0.687,0.53,0.316,0.159,0.385,0.272,0.214,0.808,0.446,0.258,0.273,0.594,0.239,0.212,0.458,0.421,0.236,0.277,0.339,0.808,0.808,0.296,0.808,0.353,0.206,0.781,0.156,0.219,0.45,0.128,0.808,0.267,0.59,0.304,0.583,0.091,0.254,0.275,0.441,0.589,0.275,0.264,0.269,0.454,0.177,0.203,0.211,0.462,0.384,0.166,0.239,0.226,0.362,0.352,0.344,0.456,0.189,0.178,0.222,0.297,0.393,0.808,0.318,0.222,0.338,0.436,0.808,0.356,0.246,0.135,0.68,0.478,0.354,0.355,0.259,0.491,0.167,0.14,0.277,0.383,0.228,0.351,0.279,0.456,0.223,0.359,0.188,0.313,0.315,0.808,0.341,0.457,0.206,0.237,0.271,0.524,0.341,0.33,0.166,0.171
0.414,0.414,0.414,0.344,0.282,0.344,1.0,0.521,0.459,0.414,0.374,0.144,0.15,0.521,0.251,0.185,0.414,0.414,0.174,0.48,0.414,0.219,0.521,0.48,0.521,0.129,0.414,0.155,0.459,0.48,0.414,0.364,0.48,0.282,0.459,0.414,0.586,0.48,0.414,0.586,0.459,0.521,0.414,0.163,0.521,0.414,0.382,0.48,0.414,0.521,0.318,0.414,0.313,0.48,0.414,0.13,0.194,0.414,0.344,0.414,0.325,0.344,0.374,0.193,0.344,0.308,0.344,0.48,0.414,0.414,0.386,0.183,0.767,0.48,0.48,0.521,0.521,0.414,0.543,0.271,0.48,0.024,0.16,0.521,0.414,0.414,0.459,0.48,0.414,0.414,0.344,0.165,0.374,0.126,0.374,0.414,0.459,0.414,0.428,0.48,0.414,0.344,0.48,0.367,0.108,0.414,0.308,0.267,0.414,0.374,0.255,0.386,0.459,0.586,0.229,0.459,0.344,0.48,0.7,0.48,0.414,0.414,0.182,0.414,0.521,0.129,0.459,0.124,0.559,0.414,0.147,0.414,0.185,0.48,0.708,0.414,0.053,0.202,0.344,0.48,0.414,0.521,0.521,0.22,0.374,0.521,0.16,0.032,0.521,0.287,0.303,0.586,0.026,0.414,0.699,0.459,0.48,0.083,0.215,0.282,0.48,0.414,0.414,0.367,0.14,0.614,0.48,0.414,0.344,0.204,0.119,0.48,0.459,0.273,0.344,1.0,0.48,0.403,0.195,0.31,0.459,0.48,0.48,0.521,0.48,0.095,0.414,0.247,0.052,0.854,0.414,0.414,0.663,0.129,0.521,0.48,0.459,0.521,0.521,0.124,0.137
0.69,0.702,1.0,0.577,0.139,0.504,0.521,1.0,0.694,0.785,0.28,0.273,0.304,0.479,0.812,0.159,0.7,1.0,0.258,0.469,0.696,0.342,0.427,0.518,0.366,0.264,0.853,0.3,0.593,0.579,0.699,0.565,0.644,0.357,0.479,0.688,0.424,0.275,0.787,0.483,0.682,0.587,1.0,0.161,0.857,1.0,0.466,0.647,0.554,0.478,0.393,1.0,0.465,0.951,1.0,0.239,0.253,0.725,0.514,0.699,0.616,0.552,0.507,0.249,0.808,0.576,0.552,0.526,1.0,1.0,0.584,0.347,0.334,0.848,0.464,0.259,0.857,1.0,0.317,0.547,0.769,0.055,0.48,0.58,1.0,1.0,0.81,0.521,0.688,1.0,0.552,0.183,0.746,0.295,0.522,0.785,0.345,0.785,0.347,0.55,1.0,0.55,0.722,0.634,0.306,0.641,0.365,0.251,1.0,0.451,0.224,0.428,0.704,0.424,0.334,0.545,0.519,0.303,0.444,0.523,1.0,1.0,0.323,1.0,0.631,0.364,0.939,0.275,0.424,0.699,0.118,1.0,0.401,0.647,0.573,0.781,0.065,0.298,0.249,0.542,0.696,0.377,0.447,0.349,0.584,0.246,0.366,0.059,0.666,0.761,0.187,0.424,0.113,0.437,0.426,0.39,0.666,0.074,0.326,0.376,0.277,0.631,1.0,0.636,0.326,0.322,0.848,1.0,0.449,0.284,0.193,0.926,0.733,0.422,0.422,0.364,0.858,0.209,0.234,0.324,0.669,0.42,0.645,0.4,0.557,0.181,0.408,0.138,0.131,0.364,1.0,0.556,0.522,0.364,0.373,0.482,0.58,0.584,0.648,0.13,0.3
0.491,0.534,0.939,0.708,0.113,0.439,0.459,0.694,1.0,0.674,0.223,0.222,0.223,0.352,0.596,0.187,0.548,0.939,0.334,0.34,0.547,0.315,0.4,0.342,0.279,0.196,0.708,0.183,0.602,0.35,0.568,0.515,0.439,0.316,0.351,0.492,0.306,0.193,0.549,0.358,0.584,0.561,0.939,0.217,0.692,0.939,0.37,0.405,0.336,0.402,0.402,0.939,0.348,0.614,0.939,0.169,0.264,0.577,0.384,0.674,0.378,0.42,0.611,0.266,0.781,0.589,0.42,0.374,0.939,0.939,0.696,0.271,0.289,0.681,0.284,0.183,0.692,0.939,0.206,0.353,0.629,0.261,0.329,0.525,0.939,0.939,0.744,0.279,0.491,0.939,0.42,0.252,0.817,0.211,0.478,0.674,0.235,0.674,0.299,0.382,0.939,0.523,0.729,0.457,0.213,0.51,0.316,0.261,0.939,0.392,0.247,0.335,0.851,0.306,0.26,0.538,0.355,0.22,0.385,0.337,0.939,0.939,0.346,0.939,0.469,0.258,1.0,0.201,0.289,0.568,0.114,0.939,0.312,0.487,0.355,0.703,0.07,0.271,0.183,0.392,0.547,0.248,0.297,0.289,0.503,0.153,0.259,0.16,0.48,0.541,0.15,0.306,0.187,0.259,0.384,0.267,0.499,0.086,0.225,0.248,0.19,0.57,0.939,0.46,0.245,0.37,0.681,0.939,0.308,0.236,0.145,0.808,0.842,0.412,0.299,0.363,0.757,0.178,0.169,0.251,0.507,0.249,0.443,0.235,0.522,0.13,0.361,0.121,0.222,0.331,0.939,0.349,0.436,0.258,0.241,0.257,0.487,0.393,0.479,0.185,0.215
0.714,0.748,1.0,0.712,0.082,0.519,0.414,0.785,0.674,1.0,0.21,0.227,0.261,0.397,0.57,0.145,0.772,1.0,0.232,0.4,0.719,0.319,0.373,0.406,0.307,0.215,0.868,0.237,0.538,0.401,0.723,0.582,0.563,0.265,0.449,0.708,0.374,0.223,0.711,0.345,0.76,0.551,1.0,0.142,0.898,1.0,0.381,0.536,0.477,0.364,0.296,1.0,0.383,0.705,1.0,0.178,0.327,0.835,0.58,0.712,0.453,0.654,0.562,0.249,1.0,0.576,0.654,0.367,1.0,1.0,0.666,0.265,0.327,0.912,0.372,0.197,0.898,1.0,0.194,0.416,0.818,0.03,0.329,0.511,1.0,1.0,0.937,0.369,0.707,1.0,0.654,0.104,0.931,0.219,0.564,1.0,0.256,1.0,0.34,0.509,1.0,0.617,0.73,0.563,0.194,0.622,0.338,0.211,1.0,0.487,0.253,0.357,0.81,0.374,0.246,0.514,0.594,0.216,0.452,0.356,1.0,1.0,0.316,1.0,0.522,0.248,0.939,0.22,0.356,0.723,0.117,1.0,0.305,0.62,0.442,0.986,0.065,0.264,0.19,0.483,0.719,0.257,0.304,0.312,0.742,0.161,0.299,0.039,0.566,0.596,0.157,0.374,0.028,0.33,0.448,0.282,0.654,0.069,0.249,0.279,0.227,0.586,1.0,0.567,0.243,0.347,0.912,1.0,0.461,0.239,0.163,0.839,0.757,0.422,0.411,0.3,0.917,0.186,0.187,0.239,0.608,0.266,0.56,0.262,0.482,0.132,0.348,0.149,0.051,0.376,1.0,0.48,0.453,0.248,0.258,0.324,0.5,0.427,0.538,0.152,0.252
0.141,0.185,0.746,0.246,0.09,0.413,0.374,0.28,0.223,0.21,1.0,0.099,0.078,0.378,0.511,0.111,0.205,0.746,0.155,0.352,0.313,0.128,0.388,0.343,0.355,0.076,0.214,0.074,0.309,0.198,0.268,0.187,0.195,0.16,0.28,0.398,0.096,0.443,0.202,0.306,0.217,0.332,0.746,0.154,0.181,0.746,0.166,0.14,0.373,0.3,0.283,0.746,0.23,0.238,0.746,0.081,0.332,0.226,0.48,0.223,0.17,0.233,0.288,0.248,0.931,0.475,0.233,0.192,0.746,0.746,0.281,0.236,0.288,0.178,0.31,0.436,0.181,0.746,0.259,0.127,0.384,0.143,0.272,0.378,0.746,0.746,0.194,0.298,0.336,0.746,0.233,0.178,1.0,0.175,0.309,0.21,0.49,0.21,0.088,0.265,0.746,0.387,0.518,0.146,0.174,0.205,0.17,0.185,0.746,0.284,0.273,0.175,0.351,0.096,0.137,0.311,0.285,0.27,0.121,0.281,0.746,0.746,0.319,0.746,0.242,0.215,0.817,0.076,0.108,0.268,0.102,0.746,0.272,0.433,0.24,0.267,0.1,0.145,0.236,0.336,0.313,0.291,0.176,0.139,0.202,0.17,0.097,0.284,0.453,0.209,0.062,0.096,0.147,0.381,0.204,0.219,0.268,0.234,0.098,0.132,0.415,0.298,0.746,0.147,0.117,0.21,0.178,0.746,0.204,0.163,0.059,0.644,0.266,0.316,0.206,0.145,0.225,0.211,0.117,0.295,0.185,0.276,0.205,0.234,0.373,0.193,0.307,0.093,0.428,0.364,0.746,0.332,0.454,0.215,0.315,0.449,0.346,0.217,0.184,0.119,0.074
0.18,0.197,0.259,0.202,0.092,0.174,0.144,0.273,0.222,0.227,0.099,1.0,0.333,0.133,0.341,0.087,0.199,0.259,0.233,0.138,0.202,0.235,0.182,0.16,0.163,0.304,0.306,0.306,0.186,0.297,0.21,0.233,0.171,0.507,0.154,0.184,0.253,0.102,0.327,0.249,0.219,0.271,0.259,0.211,0.231,0.259,0.424,0.177,0.132,0.242,0.166,0.259,0.477,0.292,0.259,0.233,0.179,0.252,0.148,0.237,0.266,0.156,0.304,0.141,0.216,0.347,0.156,0.255,0.259,0.259,0.21,0.209,0.167,0.23,0.129,0.099,0.231,0.259,0.133,0.317,0.209,0.139,0.44,0.18,0.259,0.259,0.243,0.137,0.183,0.259,0.156,0.406,0.219,0.342,0.16,0.227,0.104,0.227,0.116,0.184,0.259,0.174,0.205,0.298,0.293,0.308,0.236,0.162,0.259,0.174,0.168,0.17,0.238,0.253,0.492,0.331,0.138,0.166,0.229,0.248,0.259,0.259,0.306,0.259,0.23,0.334,0.263,0.302,0.155,0.21,0.095,0.259,0.242,0.169,0.226,0.226,0.09,0.262,0.19,0.161,0.202,0.131,0.161,0.299,0.189,0.11,0.383,0.106,0.166,0.347,0.198,0.253,0.086,0.109,0.202,0.172,0.187,0.1,0.2,0.577,0.088,0.203,0.259,0.299,0.323,0.197,0.23,0.259,0.161,0.577,0.254,0.226,0.232,0.183,0.131,0.14,0.24,0.117,0.141,0.219,0.586,0.123,0.171,0.13,0.19,0.21,0.226,0.106,0.204,0.207,0.259,0.136,0.146,0.334,0.11,0.108,0.278,0.188,0.174,0.188,0.325
0.208,0.223,0.274,0.186,0.083,0.177,0.15,0.304,0.223,0.261,0.078,0.333,1.0,0.138,0.363,0.065,0.214,0.274,0.24,0.127,0.228,0.318,0.133,0.141,0.138,0.744,0.349,0.324,0.182,0.408,0.235,0.227,0.172,0.296,0.141,0.211,0.273,0.082,0.3,0.254,0.222,0.189,0.274,0.133,0.266,0.274,0.285,0.184,0.148,0.15,0.127,0.274,0.304,0.326,0.274,0.412,0.168,0.261,0.163,0.218,0.287,0.185,0.172,0.169,0.231,0.457,0.185,0.271,0.274,0.274,0.216,0.19,0.129,0.264,0.116,0.08,0.266,0.274,0.088,0.611,0.23,0.046,0.605,0.16,0.274,0.274,0.278,0.125,0.211,0.274,0.185,0.145,0.236,0.304,0.166,0.261,0.099,0.261,0.11,0.161,0.274,0.188,0.209,0.512,0.645,0.198,0.252,0.145,0.274,0.144,0.151,0.156,0.23,0.273,0.305,0.262,0.153,0.115,0.236,0.21,0.274,0.274,0.323,0.274,0.27,0.457,0.281,0.857,0.12,0.235,0.074,0.274,0.222,0.183,0.243,0.256,0.039,0.402,0.14,0.157,0.228,0.106,0.143,0.399,0.232,0.078,0.552,0.056,0.18,0.382,0.182,0.273,0.042,0.115,0.205,0.168,0.187,0.051,0.188,0.351,0.078,0.182,0.274,0.518,0.46,0.231,0.264,0.274,0.134,0.272,0.239,0.242,0.234,0.252,0.129,0.119,0.271,0.115,0.134,0.281,0.512,0.098,0.18,0.139,0.167,0.185,0.136,0.105,0.073,0.199,0.274,0.152,0.138,0.457,0.097,0.116,0.317,0.169,0.19,0.079,0.95
0.332,0.455,0.839,0.337,0.123,0.384,0.521,0.479,0.352,0.397,0.378,0.133,0.138,1.0,0.539,0.128,0.442,0.839,0.193,0.419,0.424,0.179,0.538,0.591,0.458,0.127,0.391,0.141,0.4,0.345,0.425,0.392,0.472,0.192,0.503,0.431,0.181,0.49,0.379,0.323,0.396,0.474,0.839,0.209,0.416,0.839,0.248,0.383,0.477,0.451,0.285,0.839,0.322,0.434,0.839,0.134,0.373,0.404,0.448,0.35,0.305,0.408,0.375,0.714,0.931,0.5,0.408,0.35,0.839,0.839,0.409,0.247,0.347,0.418,0.451,0.46,0.416,0.839,0.49,0.222,0.525,0.078,0.292,0.5,0.839,0.839,0.387,0.491,0.408,0.839,0.408,0.172,1.0,0.196,0.434,0.397,0.441,0.397,0.201,0.525,0.839,0.392,0.52,0.299,0.215,0.377,0.296,0.209,0.839,0.396,0.32,0.358,0.446,0.181,0.186,0.434,0.386,0.439,0.235,0.442,0.839,0.839,0.561,0.839,0.46,0.23,0.854,0.131,0.268,0.425,0.239,0.839,0.285,0.614,0.374,0.439,0.345,0.219,0.305,0.468,0.424,0.488,0.399,0.212,0.435,0.311,0.168,0.209,0.556,0.32,0.118,0.181,0.069,0.481,0.309,0.365,0.514,0.288,0.151,0.197,0.527,0.424,0.839,0.299,0.147,0.248,0.418,0.839,0.416,0.204,0.093,1.0,0.391,0.779,0.355,0.222,0.45,0.257,0.142,0.305,0.351,0.374,0.412,0.447,0.515,0.235,0.428,0.199,0.201,0.406,0.839,0.433,0.535,0.23,0.483,0.537,0.37,0.474,0.413,0.181,0.136
0.57,0.57,0.57,0.49,0.301,0.49,0.251,0.812,0.596,0.57,0.511,0.341,0.363,0.539,1.0,0.137,0.57,0.57,0.286,0.57,0.57,0.262,0.57,0.57,0.57,0.318,0.838,0.404,0.606,0.511,0.57,0.547,0.57,0.458,0.596,0.57,0.474,0.57,0.812,0.416,0.596,0.596,0.57,0.165,0.57,0.57,0.47,0.511,0.57,0.57,0.477,0.57,0.519,0.823,0.57,0.326,0.146,0.57,0.49,0.57,0.882,0.49,0.511,0.143,0.49,0.363,0.49,0.511,0.57,0.57,0.544,0.333,0.318,0.57,0.511,0.539,0.57,0.57,0.435,0.778,0.57,0.036,0.443,0.57,0.57,0.57,0.596,0.511,0.57,0.57,0.49,0.386,0.511,0.268,0.511,0.57,0.596,0.57,0.191,0.511,0.57,0.49,0.596,0.564,0.283,0.57,0.363,0.263,0.57,0.511,0.128,0.547,0.596,0.474,0.469,0.596,0.49,0.544,0.378,0.823,0.57,0.57,0.298,0.57,0.539,0.338,0.596,0.332,0.283,0.57,0.113,0.57,0.394,0.57,0.812,0.57,0.028,0.326,0.49,0.57,0.57,0.544,0.539,0.343,0.511,0.539,0.443,0.047,0.57,0.919,0.184,0.474,0.039,0.57,0.469,0.596,0.57,0.055,0.428,0.519,0.57,0.57,0.57,0.564,0.386,0.281,0.57,0.57,0.49,0.386,0.228,0.511,0.596,0.211,0.49,0.251,0.596,0.144,0.31,0.312,0.596,0.511,0.57,0.539,0.596,0.152,0.57,0.122,0.087,0.264,0.57,0.57,0.511,0.338,0.544,0.511,0.596,0.539,0.544,0.075,0.363
0.209,0.152,0.234,0.177,0.182,0.148,0.185,0.159,0.187,0.145,0.111,0.087,0.065,0.128,0.137,1.0,0.134,0.234,0.117,0.122,0.169,0.103,0.133,0.135,0.164,0.06,0.153,0.212,0.171,0.137,0.233,0.157,0.132,0.116,0.144,0.122,0.097,0.098,0.151,0.126,0.139,0.177,0.234,0.118,0.149,0.234,0.133,0.118,0.094,0.134,0.15,0.234,0.132,0.138,0.234,0.088,0.228,0.159,0.137,0.192,0.098,0.127,0.173,0.093,0.199,0.178,0.127,0.163,0.234,0.234,0.177,0.254,0.137,0.146,0.108,0.184,0.149,0.234,0.114,0.086,0.178,0.168,0.086,0.162,0.234,0.234,0.159,0.096,0.12,0.234,0.127,0.125,0.21,0.123,0.152,0.145,0.102,0.145,0.146,0.144,0.234,0.154,0.185,0.107,0.062,0.148,0.136,0.132,0.234,0.158,0.124,0.116,0.215,0.097,0.101,0.16,0.101,0.099,0.138,0.134,0.234,0.234,0.097,0.234,0.134,0.072,0.252,0.058,0.128,0.233,0.06,0.234,0.171,0.156,0.123,0.156,0.068,0.107,0.109,0.144,0.169,0.111,0.142,0.089,0.118,0.12,0.07,0.113,0.14,0.118,0.071,0.097,0.113,0.1,0.147,0.125,0.154,0.074,0.111,0.088,0.08,0.182,0.234,0.108,0.078,0.153,0.146,0.234,0.152,0.1,0.075,0.205,0.204,0.118,0.111,0.138,0.167,0.071,0.092,0.097,0.128,0.162,0.125,0.109,0.159,0.132,0.127,0.088,0.143,0.123,0.234,0.112,0.152,0.072,0.088,0.1,0.152,0.161,0.133,0.116,0.061
0.574,0.624,1.0,0.544,0.087,0.435,0.414,0.7,0.548,0.772,0.205,0.199,0.214,0.442,0.57,0.134,1.0,1.0,0.194,0.379,0.587,0.264,0.425,0.465,0.33,0.183,0.724,0.197,0.496,0.364,0.593,0.632,0.66,0.25,0.553,0.569,0.304,0.24,0.631,0.345,0.633,0.518,1.0,0.182,0.722,1.0,0.344,0.507,0.412,0.379,0.349,1.0,0.349,0.619,1.0,0.153,0.314,0.673,0.471,0.575,0.404,0.543,0.493,0.249,0.893,0.576,0.543,0.334,1.0,1.0,0.556,0.265,0.316,0.733,0.38,0.254,0.722,1.0,0.34,0.347,0.689,0.043,0.329,0.514,1.0,1.0,0.751,0.473,0.568,1.0,0.543,0.127,0.853,0.219,0.48,0.772,0.271,0.772,0.284,0.464,1.0,0.509,0.638,0.468,0.194,0.567,0.34,0.213,1.0,0.481,0.228,0.541,0.667,0.304,0.238,0.47,0.501,0.346,0.372,0.365,1.0,1.0,0.316,1.0,0.487,0.248,0.939,0.186,0.328,0.593,0.157,1.0,0.305,0.545,0.398,0.786,0.293,0.23,0.239,0.454,0.587,0.339,0.4,0.266,0.574,0.221,0.254,0.051,0.51,0.522,0.138,0.304,0.039,0.305,0.418,0.283,0.603,0.391,0.221,0.268,0.248,0.501,1.0,0.472,0.207,0.308,0.733,1.0,0.573,0.233,0.141,0.839,0.636,0.422,0.428,0.253,0.767,0.182,0.161,0.223,0.529,0.28,0.507,0.28,0.499,0.132,0.361,0.162,0.071,0.339,1.0,0.415,0.42,0.248,0.308,0.335,0.464,0.516,0.495,0.189,0.207
1.0,1.0,1.0,0.808,0.253,0.808,0.414,1.0,0.939,1.0,0.746,0.259,0.274,0.839,0.57,0.234,1.0,1.0,0.305,1.0,1.0,0.396,1.0,1.0,1.0,0.232,1.0,0.324,0.939,0.839,1.0,0.775,1.0,0.382,0.939,1.0,0.402,1.0,1.0,0.345,0.939,0.939,1.0,0.22,1.0,1.0,0.573,0.839,1.0,1.0,0.665,1.0,0.705,0.839,1.0,0.241,0.253,1.0,0.808,1.0,0.694,0.808,0.746,0.249,0.808,0.576,0.808,0.839,1.0,1.0,0.808,0.265,0.562,1.0,0.839,0.784,1.0,1.0,0.571,0.546,1.0,0.032,0.329,1.0,1.0,1.0,1.0,0.839,1.0,1.0,0.808,0.304,0.746,0.219,0.746,1.0,1.0,1.0,0.362,0.839,1.0,0.808,1.0,0.842,0.194,1.0,0.576,0.413,1.0,0.808,0.224,0.802,0.939,0.402,0.359,0.939,0.808,0.839,0.534,0.839,1.0,1.0,0.316,1.0,0.839,0.248,0.939,0.241,0.479,1.0,0.22,1.0,0.305,1.0,0.695,1.0,0.065,0.352,0.808,1.0,1.0,0.802,0.784,0.38,0.746,0.839,0.329,0.042,1.0,0.66,0.169,0.402,0.035,1.0,0.531,0.939,1.0,0.102,0.339,0.413,1.0,1.0,1.0,0.842,0.277,0.44,1.0,1.0,0.808,0.32,0.179,0.839,1.0,0.422,0.808,0.414,1.0,0.266,0.237,0.396,0.939,0.839,1.0,0.784,0.939,0.132,1.0,0.211,0.075,0.437,1.0,1.0,0.839,0.248,0.839,0.839,1.0,0.784,0.802,0.186,0.274
0.171,0.218,0.305,0.336,0.087,0.266,0.174,0.258,0.334,0.232,0.155,0.233,0.24,0.193,0.286,0.117,0.194,0.305,1.0,0.172,0.233,0.279,0.182,0.156,0.158,0.23,0.263,0.381,0.275,0.27,0.266,0.213,0.17,0.267,0.166,0.176,0.18,0.1,0.231,0.201,0.213,0.255,0.305,0.268,0.231,0.305,0.231,0.177,0.124,0.205,0.403,0.305,0.247,0.255,0.305,0.19,0.271,0.231,0.189,0.372,0.2,0.226,0.289,0.318,0.287,0.437,0.226,0.259,0.305,0.305,0.332,0.151,0.201,0.225,0.119,0.117,0.231,0.305,0.125,0.251,0.246,0.272,0.375,0.235,0.305,0.305,0.252,0.116,0.174,0.305,0.226,0.241,0.31,0.236,0.305,0.232,0.116,0.232,0.102,0.213,0.305,0.279,0.29,0.229,0.224,0.198,0.256,0.305,0.305,0.258,0.194,0.151,0.365,0.18,0.253,0.293,0.149,0.141,0.185,0.195,0.305,0.305,0.838,0.305,0.395,0.33,0.335,0.214,0.116,0.266,0.132,0.305,0.174,0.2,0.224,0.249,0.053,0.512,0.177,0.18,0.233,0.122,0.176,0.499,0.345,0.094,0.32,0.155,0.18,0.265,0.188,0.18,0.223,0.119,0.208,0.169,0.202,0.07,0.122,0.299,0.093,0.331,0.305,0.233,0.289,0.411,0.225,0.305,0.155,0.231,0.268,0.257,0.349,0.407,0.192,0.378,0.253,0.145,0.096,0.229,0.4,0.137,0.177,0.141,0.23,0.235,0.191,0.103,0.286,0.349,0.305,0.139,0.21,0.33,0.101,0.116,0.331,0.199,0.18,0.167,0.229
0.315,0.413,1.0,0.338,0.119,0.427,0.48,0.469,0.34,0.4,0.352,0.138,0.127,0.419,0.57,0.122,0.379,1.0,0.172,1.0,0.42,0.176,0.461,0.393,0.37,0.114,0.393,0.123,0.44,0.301,0.334,0.333,0.392,0.2,0.414,0.381,0.176,0.359,0.344,0.345,0.367,0.444,1.0,0.172,0.383,1.0,0.244,0.324,0.335,0.407,0.319,1.0,0.282,0.413,1.0,0.11,0.327,0.403,0.418,0.351,0.26,0.355,0.33,0.249,1.0,0.576,0.355,0.288,1.0,1.0,0.369,0.265,0.324,0.394,0.392,0.348,0.383,1.0,0.263,0.211,0.514,0.087,0.329,0.42,1.0,1.0,0.378,0.324,0.359,1.0,0.355,0.146,0.931,0.224,0.392,0.4,0.388,0.4,0.178,0.418,1.0,0.413,0.499,0.277,0.194,0.348,0.295,0.184,1.0,0.357,0.253,0.327,0.447,0.176,0.237,0.403,0.401,0.326,0.225,0.41,1.0,1.0,0.316,1.0,0.382,0.248,0.939,0.115,0.224,0.334,0.133,1.0,0.305,0.481,0.293,0.436,0.126,0.172,0.375,0.394,0.42,0.424,0.332,0.183,0.317,0.234,0.149,0.152,0.538,0.307,0.125,0.176,0.115,0.342,0.283,0.347,0.46,0.165,0.144,0.202,0.406,0.394,1.0,0.278,0.154,0.243,0.394,1.0,0.338,0.213,0.091,1.0,0.391,0.422,0.289,0.2,0.432,0.229,0.112,0.268,0.329,0.271,0.35,0.344,0.436,0.198,0.391,0.171,0.227,0.338,1.0,0.362,0.513,0.248,0.306,0.363,0.42,0.344,0.36,0.188,0.122
0.529,0.598,1.0,0.496,0.128,0.589,0.414,0.696,0.547,0.719,0.313,0.202,0.228,0.424,0.57,0.169,0.587,1.0,0.233,0.42,1.0,0.264,0.402,0.569,0.379,0.198,0.722,0.199,0.474,0.35,0.667,0.496,0.486,0.262,0.383,0.603,0.309,0.348,0.625,0.345,0.556,0.476,1.0,0.154,0.713,1.0,0.34,0.43,0.431,0.421,0.297,1.0,0.364,0.622,1.0,0.198,0.253,0.619,0.766,0.593,0.377,0.442,0.444,0.249,0.808,0.576,0.442,0.355,1.0,1.0,0.522,0.265,0.397,0.727,0.425,0.312,0.713,1.0,0.195,0.339,0.941,0.135,0.329,0.464,1.0,1.0,0.752,0.332,0.586,1.0,0.442,0.182,0.746,0.219,0.407,0.719,0.453,0.719,0.279,0.433,1.0,0.459,0.639,0.449,0.194,0.551,0.316,0.221,1.0,0.369,0.224,0.326,0.64,0.309,0.227,0.436,0.476,0.251,0.373,0.401,1.0,1.0,0.316,1.0,0.455,0.248,0.939,0.201,0.3,0.667,0.128,1.0,0.305,0.77,0.406,0.725,0.12,0.263,0.213,0.535,1.0,0.344,0.279,0.257,0.473,0.193,0.269,0.31,0.66,0.528,0.15,0.309,0.103,0.483,0.361,0.346,0.553,0.285,0.218,0.258,0.331,0.516,1.0,0.453,0.223,0.315,0.727,1.0,0.349,0.225,0.15,0.839,0.661,0.422,0.321,0.275,0.769,0.189,0.18,0.321,0.498,0.276,0.482,0.297,0.527,0.22,0.382,0.139,0.228,0.342,1.0,0.471,0.481,0.248,0.289,0.352,0.448,0.429,0.462,0.192,0.219
0.252,0.278,0.396,0.234,0.056,0.253,0.219,0.342,0.315,0.319,0.128,0.235,0.318,0.179,0.262,0.103,0.264,0.396,0.279,0.176,0.264,1.0,0.193,0.174,0.158,0.281,0.356,0.246,0.255,0.6,0.268,0.269,0.225,0.225,0.193,0.248,0.202,0.101,0.278,0.18,0.286,0.266,0.396,0.135,0.328,0.396,0.241,0.221,0.171,0.209,0.249,0.396,0.233,0.316,0.396,0.293,0.225,0.303,0.178,0.28,0.225,0.252,0.224,0.235,0.313,0.772,0.252,0.298,0.396,0.396,0.289,0.154,0.183,0.322,0.142,0.105,0.328,0.396,0.123,0.34,0.282,0.104,0.517,0.222,0.396,0.396,0.361,0.145,0.247,0.396,0.252,0.145,0.333,0.24,0.29,0.319,0.124,0.319,0.14,0.221,0.396,0.277,0.283,0.325,0.249,0.244,0.39,0.211,0.396,0.204,0.203,0.181,0.315,0.202,0.23,0.274,0.182,0.137,0.242,0.231,0.396,0.396,0.337,0.396,0.518,0.655,0.429,0.277,0.138,0.268,0.099,0.396,0.177,0.22,0.266,0.322,0.06,0.368,0.131,0.193,0.264,0.14,0.179,0.664,0.295,0.097,0.605,0.097,0.221,0.275,0.14,0.202,0.385,0.129,0.225,0.164,0.253,0.069,0.146,0.258,0.1,0.243,0.396,0.33,0.744,0.559,0.322,0.396,0.174,0.226,0.185,0.326,0.32,0.432,0.194,0.232,0.354,0.168,0.105,0.686,0.428,0.119,0.223,0.165,0.23,0.15,0.194,0.111,0.192,0.289,0.396,0.175,0.19,0.655,0.12,0.133,0.42,0.208,0.241,0.146,0.31
0.329,0.423,1.0,0.382,0.128,0.385,0.521,0.427,0.4,0.373,0.388,0.182,0.133,0.538,0.57,0.133,0.425,1.0,0.182,0.461,0.402,0.193,1.0,0.47,0.481,0.121,0.364,0.144,0.442,0.327,0.367,0.396,0.484,0.26,0.476,0.368,0.168,0.493,0.358,0.345,0.408,0.598,1.0,0.209,0.382,1.0,0.285,0.389,0.346,0.783,0.325,1.0,0.369,0.38,1.0,0.126,0.332,0.373,0.396,0.368,0.304,0.386,0.424,0.367,1.0,0.576,0.386,0.375,1.0,1.0,0.449,0.265,0.361,0.38,0.436,0.476,0.382,1.0,0.416,0.212,0.471,0.1,0.33,0.55,1.0,1.0,0.368,0.429,0.361,1.0,0.386,0.27,1.0,0.259,0.41,0.373,0.482,0.373,0.192,0.494,1.0,0.412,0.511,0.292,0.209,0.421,0.374,0.249,1.0,0.432,0.273,0.406,0.464,0.168,0.284,0.506,0.403,0.491,0.23,0.533,1.0,1.0,0.319,1.0,0.411,0.248,0.939,0.121,0.299,0.367,0.201,1.0,0.305,0.472,0.364,0.397,0.364,0.188,0.344,0.437,0.402,0.486,0.427,0.192,0.341,0.358,0.158,0.122,0.451,0.281,0.123,0.168,0.078,0.386,0.287,0.377,0.529,0.228,0.146,0.247,0.484,0.404,1.0,0.293,0.146,0.259,0.38,1.0,0.422,0.283,0.099,1.0,0.436,0.69,0.393,0.227,0.406,0.249,0.118,0.255,0.376,0.391,0.398,0.471,0.567,0.166,0.778,0.19,0.194,0.329,1.0,0.37,0.5,0.248,0.443,0.482,0.417,0.442,0.416,0.244,0.131
0.337,0.423,1.0,0.308,0.121,0.423,0.48,0.518,0.342,0.406,0.343,0.16,0.141,0.591,0.57,0.135,0.465,1.0,0.156,0.393,0.569,0.174,0.47,1.0,0.471,0.132,0.437,0.137,0.401,0.318,0.453,0.549,0.495,0.22,0.477,0.424,0.183,0.483,0.459,0.345,0.382,0.459,1.0,0.182,0.427,1.0,0.265,0.485,0.422,0.41,0.351,1.0,0.311,0.458,1.0,0.134,0.253,0.4,0.52,0.366,0.285,0.35,0.366,0.249,0.808,0.576,0.35,0.324,1.0,1.0,0.36,0.265,0.37,0.441,0.469,0.472,0.427,1.0,0.374,0.221,0.638,0.097,0.329,0.473,1.0,1.0,0.42,0.627,0.405,1.0,0.35,0.213,0.746,0.219,0.335,0.406,0.561,0.406,0.191,0.425,1.0,0.341,0.511,0.3,0.194,0.442,0.323,0.293,1.0,0.39,0.224,0.406,0.428,0.183,0.207,0.372,0.339,0.501,0.237,0.457,1.0,1.0,0.316,1.0,0.412,0.248,0.939,0.133,0.247,0.453,0.233,1.0,0.305,0.692,0.319,0.437,0.476,0.186,0.381,0.51,0.569,0.544,0.424,0.175,0.291,0.353,0.175,0.198,0.589,0.35,0.11,0.183,0.084,0.514,0.318,0.337,0.532,0.455,0.158,0.226,0.525,0.424,1.0,0.302,0.149,0.232,0.441,1.0,0.504,0.209,0.102,1.0,0.418,0.422,0.324,0.197,0.487,0.189,0.133,0.288,0.366,0.335,0.406,0.368,0.544,0.22,0.385,0.148,0.213,0.328,1.0,0.41,0.482,0.248,0.606,0.465,0.371,0.716,0.38,0.229,0.136
0.313,0.331,1.0,0.283,0.163,0.398,0.521,0.366,0.279,0.307,0.355,0.163,0.138,0.458,0.57,0.164,0.33,1.0,0.158,0.37,0.379,0.158,0.481,0.471,1.0,0.137,0.305,0.179,0.332,0.31,0.367,0.343,0.359,0.21,0.403,0.32,0.163,0.446,0.337,0.345,0.308,0.429,1.0,0.198,0.302,1.0,0.24,0.328,0.298,0.383,0.274,1.0,0.328,0.323,1.0,0.146,0.332,0.423,0.418,0.289,0.254,0.312,0.321,0.249,1.0,0.576,0.312,0.307,1.0,1.0,0.323,0.265,0.322,0.302,0.395,0.453,0.302,1.0,0.278,0.193,0.444,0.086,0.343,0.42,1.0,1.0,0.293,0.357,0.305,1.0,0.312,0.215,1.0,0.305,0.321,0.307,0.439,0.307,0.163,0.39,1.0,0.323,0.407,0.261,0.286,0.328,0.293,0.21,1.0,0.412,0.273,0.349,0.352,0.163,0.197,0.389,0.306,0.417,0.209,0.425,1.0,1.0,0.319,1.0,0.332,0.273,0.939,0.139,0.204,0.367,0.183,1.0,0.305,0.451,0.304,0.331,0.43,0.187,0.377,0.414,0.379,0.401,0.353,0.177,0.277,0.366,0.17,0.129,0.406,0.259,0.141,0.163,0.085,0.363,0.276,0.414,0.415,0.229,0.148,0.241,0.43,0.319,1.0,0.26,0.155,0.225,0.302,1.0,0.38,0.219,0.125,1.0,0.313,0.422,0.324,0.171,0.325,0.19,0.134,0.254,0.314,0.329,0.314,0.374,0.498,0.487,0.383,0.223,0.2,0.304,1.0,0.326,0.439,0.273,0.387,0.364,0.34,0.409,0.335,0.173,0.136
0.18,0.194,0.232,0.159,0.078,0.157,0.129,0.264,0.196,0.215,0.076,0.304,0.744,0.127,0.318,0.06,0.183,0.232,0.23,0.114,0.198,0.281,0.121,0.132,0.137,1.0,0.31,0.318,0.168,0.376,0.208,0.192,0.153,0.278,0.133,0.183,0.228,0.078,0.267,0.222,0.194,0.173,0.232,0.111,0.22,0.232,0.258,0.157,0.137,0.14,0.112,0.232,0.299,0.282,0.232,0.354,0.138,0.247,0.147,0.188,0.262,0.162,0.152,0.151,0.194,0.413,0.162,0.278,0.232,0.232,0.186,0.187,0.119,0.217,0.105,0.077,0.22,0.232,0.088,0.5,0.198,0.039,0.549,0.146,0.232,0.232,0.233,0.115,0.183,0.232,0.162,0.154,0.204,0.321,0.15,0.215,0.096,0.215,0.083,0.148,0.232,0.162,0.183,0.43,0.544,0.173,0.249,0.147,0.232,0.13,0.119,0.138,0.2,0.228,0.3,0.25,0.135,0.105,0.193,0.197,0.232,0.232,0.328,0.232,0.253,0.422,0.245,0.685,0.097,0.208,0.068,0.232,0.215,0.164,0.224,0.214,0.032,0.363,0.134,0.143,0.198,0.099,0.13,0.373,0.198,0.076,0.509,0.051,0.161,0.332,0.149,0.228,0.037,0.111,0.181,0.158,0.167,0.049,0.18,0.349,0.073,0.164,0.232,0.437,0.409,0.218,0.217,0.232,0.123,0.262,0.227,0.203,0.204,0.239,0.116,0.104,0.228,0.107,0.125,0.264,0.485,0.093,0.161,0.138,0.151,0.192,0.128,0.093,0.076,0.185,0.232,0.141,0.122,0.422,0.089,0.11,0.302,0.16,0.166,0.079,0.73
0.716,0.736,1.0,0.591,0.113,0.468,0.414,0.853,0.708,0.868,0.214,0.306,0.349,0.391,0.838,0.153,0.724,1.0,0.263,0.393,0.722,0.356,0.364,0.437,0.305,0.31,1.0,0.307,0.609,0.492,0.725,0.64,0.582,0.346,0.442,0.711,0.451,0.221,0.788,0.454,0.719,0.53,1.0,0.154,0.866,1.0,0.469,0.557,0.513,0.39,0.36,1.0,0.448,0.813,1.0,0.252,0.253,0.758,0.502,0.716,0.62,0.562,0.506,0.249,0.808,0.576,0.562,0.417,1.0,1.0,0.612,0.363,0.314,0.874,0.363,0.197,0.866,1.0,0.227,0.577,0.751,0.034,0.476,0.503,1.0,1.0,0.912,0.403,0.711,1.0,0.562,0.143,0.761,0.273,0.505,0.868,0.288,0.868,0.326,0.466,1.0,0.536,0.697,0.687,0.331,0.638,0.359,0.229,1.0,0.424,0.224,0.408,0.732,0.451,0.338,0.512,0.509,0.242,0.486,0.431,1.0,1.0,0.341,1.0,0.544,0.378,0.943,0.321,0.358,0.725,0.113,1.0,0.432,0.591,0.532,0.85,0.065,0.308,0.202,0.473,0.722,0.293,0.347,0.367,0.638,0.181,0.41,0.044,0.587,0.826,0.18,0.451,0.033,0.371,0.431,0.333,0.619,0.07,0.361,0.365,0.224,0.611,1.0,0.689,0.35,0.319,0.874,1.0,0.417,0.289,0.218,0.839,0.768,0.422,0.375,0.31,0.9,0.185,0.26,0.292,0.689,0.303,0.581,0.3,0.489,0.149,0.353,0.136,0.059,0.342,1.0,0.515,0.425,0.378,0.288,0.362,0.54,0.478,0.578,0.14,0.343
0.307,0.192,0.324,0.164,0.173,0.167,0.155,0.3,0.183,0.237,0.074,0.306,0.324,0.141,0.404,0.212,0.197,0.324,0.381,0.123,0.199,0.246,0.144,0.137,0.179,0.318,0.307,1.0,0.17,0.409,0.249,0.206,0.16,0.291,0.143,0.186,0.198,0.098,0.257,0.241,0.196,0.219,0.324,0.221,0.24,0.324,0.291,0.203,0.133,0.147,0.125,0.324,0.283,0.314,0.324,0.258,0.169,0.241,0.152,0.186,0.239,0.166,0.161,0.122,0.281,0.404,0.166,0.274,0.324,0.324,0.192,0.214,0.166,0.24,0.116,0.079,0.24,0.324,0.085,0.325,0.228,0.042,0.488,0.155,0.324,0.324,0.248,0.113,0.184,0.324,0.166,0.126,0.279,0.304,0.144,0.237,0.096,0.237,0.099,0.151,0.324,0.18,0.21,0.311,0.366,0.187,0.173,0.215,0.324,0.153,0.171,0.16,0.22,0.198,0.296,0.25,0.133,0.111,0.185,0.22,0.324,0.324,0.76,0.324,0.383,0.4,0.323,0.317,0.097,0.249,0.056,0.324,0.258,0.188,0.192,0.245,0.037,0.412,0.165,0.161,0.199,0.104,0.14,0.467,0.182,0.13,0.375,0.048,0.182,0.362,0.279,0.198,0.129,0.109,0.169,0.172,0.185,0.05,0.195,0.402,0.085,0.161,0.324,0.313,0.33,0.214,0.24,0.324,0.167,0.305,0.4,0.292,0.213,0.145,0.108,0.094,0.256,0.083,0.142,0.232,0.512,0.174,0.172,0.125,0.164,0.287,0.134,0.097,0.068,0.324,0.324,0.144,0.148,0.4,0.1,0.112,0.291,0.15,0.178,0.065,0.317
0.443,0.522,0.939,0.529,0.134,0.406,0.459,0.593,0.602,0.538,0.309,0.186,0.182,0.4,0.606,0.171,0.496,0.939,0.275,0.44,0.474,0.255,0.442,0.401,0.332,0.168,0.609,0.17,1.0,0.349,0.528,0.512,0.48,0.284,0.432,0.504,0.241,0.311,0.476,0.358,0.515,0.559,0.939,0.202,0.549,0.939,0.333,0.396,0.401,0.437,0.414,0.939,0.348,0.51,0.939,0.159,0.264,0.5,0.445,0.538,0.359,0.435,0.512,0.266,0.781,0.589,0.435,0.359,0.939,0.939,0.572,0.28,0.353,0.542,0.349,0.278,0.549,0.939,0.268,0.311,0.545,0.186,0.341,0.536,0.939,0.939,0.589,0.348,0.486,0.939,0.435,0.242,0.817,0.212,0.44,0.538,0.367,0.538,0.244,0.434,0.939,0.456,0.669,0.43,0.219,0.47,0.411,0.246,0.939,0.396,0.247,0.378,0.693,0.241,0.296,0.506,0.391,0.304,0.322,0.384,0.939,0.939,0.346,0.939,0.457,0.266,1.0,0.17,0.285,0.528,0.147,0.939,0.33,0.484,0.364,0.573,0.185,0.244,0.237,0.417,0.474,0.362,0.381,0.246,0.426,0.253,0.22,0.141,0.516,0.461,0.129,0.241,0.128,0.355,0.345,0.313,0.543,0.145,0.208,0.236,0.316,0.516,0.939,0.432,0.21,0.332,0.542,0.939,0.385,0.235,0.125,0.808,0.663,0.412,0.319,0.298,0.616,0.202,0.242,0.268,0.467,0.296,0.429,0.318,0.531,0.138,0.413,0.166,0.217,0.369,0.939,0.457,0.502,0.266,0.328,0.398,0.457,0.442,0.471,0.268,0.177
0.365,0.345,0.839,0.29,0.146,0.322,0.48,0.579,0.35,0.401,0.198,0.297,0.408,0.345,0.511,0.137,0.364,0.839,0.27,0.301,0.35,0.6,0.327,0.318,0.31,0.376,0.492,0.409,0.349,1.0,0.406,0.299,0.366,0.33,0.295,0.342,0.263,0.214,0.429,0.309,0.361,0.381,0.839,0.152,0.438,0.839,0.324,0.338,0.286,0.299,0.276,0.839,0.399,0.545,0.839,0.414,0.218,0.421,0.271,0.348,0.364,0.293,0.294,0.228,0.68,0.67,0.293,0.526,0.839,0.839,0.339,0.24,0.222,0.454,0.287,0.19,0.438,0.839,0.197,0.434,0.453,0.083,1.0,0.344,0.839,0.839,0.421,0.285,0.34,0.839,0.293,0.221,0.644,0.37,0.311,0.401,0.222,0.401,0.179,0.333,0.839,0.348,0.454,0.502,0.538,0.345,0.38,0.215,0.839,0.287,0.182,0.263,0.409,0.263,0.34,0.407,0.257,0.21,0.268,0.388,0.839,0.839,0.398,0.839,0.55,1.0,0.808,0.399,0.21,0.406,0.112,0.839,0.276,0.404,0.347,0.425,0.057,0.395,0.249,0.362,0.35,0.234,0.269,0.711,0.31,0.192,0.745,0.086,0.411,0.428,0.167,0.263,0.374,0.248,0.3,0.262,0.402,0.08,0.209,0.397,0.204,0.324,0.839,0.503,0.804,0.476,0.454,0.839,0.277,0.312,0.221,1.0,0.399,0.346,0.257,0.238,0.495,0.18,0.159,0.603,0.639,0.271,0.386,0.311,0.385,0.219,0.26,0.128,0.203,0.286,0.839,0.299,0.354,1.0,0.252,0.283,0.572,0.319,0.358,0.11,0.405
0.561,0.604,1.0,0.526,0.21,0.45,0.414,0.699,0.568,0.723,0.268,0.21,0.235,0.425,0.57,0.233,0.593,1.0,0.266,0.334,0.667,0.268,0.367,0.453,0.367,0.208,0.725,0.249,0.528,0.406,1.0,0.49,0.5,0.283,0.401,0.628,0.313,0.305,0.647,0.345,0.558,0.49,1.0,0.171,0.717,1.0,0.344,0.437,0.442,0.355,0.335,1.0,0.382,0.625,1.0,0.236,0.253,0.688,0.511,0.626,0.411,0.526,0.472,0.249,0.808,0.576,0.526,0.379,1.0,1.0,0.542,0.265,0.322,0.73,0.379,0.246,0.717,1.0,0.211,0.343,0.719,0.192,0.329,0.475,1.0,1.0,0.756,0.345,0.611,1.0,0.526,0.226,0.746,0.219,0.431,0.723,0.315,0.723,0.28,0.472,1.0,0.489,0.657,0.46,0.194,0.572,0.333,0.234,1.0,0.395,0.224,0.36,0.655,0.313,0.231,0.452,0.39,0.252,0.378,0.4,1.0,1.0,0.316,1.0,0.487,0.248,0.939,0.212,0.31,1.0,0.179,1.0,0.305,0.625,0.411,0.727,0.163,0.29,0.253,0.551,0.667,0.297,0.296,0.265,0.499,0.245,0.28,0.154,0.566,0.533,0.159,0.313,0.17,0.386,0.36,0.371,0.581,0.19,0.22,0.266,0.288,0.559,1.0,0.463,0.236,0.344,0.73,1.0,0.355,0.253,0.154,0.839,0.686,0.422,0.348,0.304,0.772,0.243,0.272,0.278,0.505,0.306,0.57,0.296,0.475,0.242,0.328,0.191,0.222,0.354,1.0,0.498,0.426,0.248,0.31,0.376,0.462,0.444,0.473,0.208,0.226
0.465,0.584,0.775,0.377,0.132,0.325,0.364,0.565,0.515,0.582,0.187,0.233,0.227,0.392,0.547,0.157,0.632,0.775,0.213,0.333,0.496,0.269,0.396,0.549,0.343,0.192,0.64,0.206,0.512,0.299,0.49,1.0,0.596,0.279,0.596,0.451,0.31,0.246,0.583,0.338,0.583,0.494,0.775,0.217,0.608,0.775,0.344,0.536,0.316,0.373,0.531,0.775,0.325,0.499,0.775,0.188,0.253,0.51,0.34,0.473,0.39,0.433,0.45,0.247,0.596,0.584,0.433,0.295,0.775,0.775,0.54,0.266,0.34,0.589,0.381,0.271,0.608,0.775,0.331,0.327,0.534,0.124,0.346,0.496,0.775,0.775,0.676,0.441,0.45,0.775,0.433,0.199,0.664,0.245,0.45,0.582,0.276,0.582,0.274,0.433,0.775,0.371,0.518,0.398,0.174,0.605,0.462,0.253,0.775,0.404,0.271,0.521,0.559,0.31,0.276,0.403,0.377,0.44,0.362,0.373,0.775,0.775,0.292,0.775,0.423,0.243,0.873,0.192,0.358,0.49,0.239,0.775,0.303,0.422,0.367,0.598,0.608,0.246,0.242,0.379,0.496,0.526,0.512,0.254,0.462,0.286,0.277,0.12,0.42,0.513,0.15,0.31,0.099,0.249,0.387,0.291,0.547,0.389,0.209,0.295,0.266,0.425,0.775,0.403,0.219,0.298,0.589,0.775,0.619,0.247,0.153,0.623,0.572,0.473,0.372,0.246,0.665,0.203,0.165,0.226,0.505,0.279,0.416,0.333,0.518,0.186,0.364,0.205,0.153,0.308,0.775,0.323,0.373,0.243,0.401,0.288,0.414,0.703,0.523,0.367,0.216
0.461,0.576,1.0,0.383,0.107,0.355,0.48,0.644,0.439,0.563,0.195,0.171,0.172,0.472,0.57,0.132,0.66,1.0,0.17,0.392,0.486,0.225,0.484,0.495,0.359,0.153,0.582,0.16,0.48,0.366,0.5,0.596,1.0,0.232,0.57,0.454,0.235,0.27,0.524,0.345,0.493,0.526,1.0,0.212,0.593,1.0,0.307,0.506,0.361,0.41,0.361,1.0,0.323,0.579,1.0,0.139,0.253,0.515,0.365,0.463,0.339,0.448,0.386,0.249,0.808,0.576,0.448,0.358,1.0,1.0,0.434,0.265,0.341,0.614,0.401,0.292,0.593,1.0,0.368,0.28,0.597,0.071,0.329,0.591,1.0,1.0,0.581,0.55,0.454,1.0,0.448,0.15,0.746,0.219,0.428,0.563,0.285,0.563,0.262,0.502,1.0,0.412,0.566,0.387,0.194,0.497,0.398,0.204,1.0,0.479,0.224,0.45,0.52,0.235,0.238,0.417,0.393,0.393,0.305,0.423,1.0,1.0,0.316,1.0,0.5,0.248,0.939,0.155,0.331,0.5,0.175,1.0,0.305,0.501,0.356,0.587,0.302,0.203,0.246,0.433,0.486,0.457,0.477,0.218,0.397,0.276,0.208,0.073,0.497,0.434,0.132,0.235,0.061,0.297,0.382,0.305,0.614,0.293,0.188,0.252,0.297,0.443,1.0,0.39,0.173,0.26,0.614,1.0,0.542,0.216,0.118,1.0,0.523,0.422,0.42,0.241,0.655,0.187,0.139,0.223,0.446,0.322,0.472,0.349,0.518,0.156,0.384,0.181,0.115,0.31,1.0,0.365,0.44,0.248,0.374,0.385,0.431,0.568,0.499,0.279,0.165
0.234,0.252,0.382,0.31,0.178,0.237,0.282,0.357,0.316,0.265,0.16,0.507,0.296,0.192,0.458,0.116,0.25,0.382,0.267,0.2,0.262,0.225,0.26,0.22,0.21,0.278,0.346,0.291,0.284,0.33,0.283,0.279,0.232,1.0,0.212,0.237,0.339,0.138,0.379,0.506,0.261,0.373,0.382,0.265,0.267,0.382,0.746,0.215,0.198,0.318,0.242,0.382,0.751,0.368,0.382,0.232,0.23,0.28,0.206,0.315,0.347,0.208,0.385,0.187,0.317,0.381,0.208,0.299,0.382,0.382,0.323,0.259,0.19,0.267,0.177,0.133,0.267,0.382,0.191,0.326,0.273,0.181,0.478,0.275,0.382,0.382,0.276,0.185,0.236,0.382,0.208,0.392,0.314,0.352,0.214,0.265,0.159,0.265,0.177,0.21,0.382,0.259,0.315,0.304,0.346,0.328,0.241,0.227,0.382,0.215,0.196,0.231,0.371,0.339,0.573,0.428,0.187,0.211,0.31,0.342,0.382,0.382,0.355,0.382,0.276,0.378,0.378,0.272,0.249,0.283,0.105,0.382,0.267,0.241,0.313,0.27,0.102,0.265,0.256,0.224,0.262,0.182,0.21,0.28,0.217,0.154,0.34,0.128,0.23,0.414,0.203,0.339,0.102,0.178,0.32,0.246,0.245,0.101,0.215,0.668,0.125,0.312,0.382,0.305,0.306,0.256,0.267,0.382,0.202,0.674,0.22,0.333,0.341,0.233,0.186,0.195,0.282,0.125,0.15,0.229,0.546,0.18,0.229,0.18,0.272,0.266,0.294,0.13,0.177,0.259,0.382,0.206,0.255,0.378,0.162,0.168,0.352,0.239,0.236,0.131,0.286
0.339,0.589,0.939,0.359,0.129,0.357,0.459,0.479,0.351,0.449,0.28,0.154,0.141,0.503,0.596,0.144,0.553,0.939,0.166,0.414,0.383,0.193,0.476,0.477,0.403,0.133,0.442,0.143,0.432,0.295,0.401,0.596,0.57,0.212,1.0,0.348,0.183,0.339,0.429,0.358,0.443,0.512,0.939,0.242,0.409,0.939,0.274,0.395,0.304,0.363,0.407,0.939,0.324,0.402,0.939,0.139,0.327,0.426,0.375,0.346,0.293,0.432,0.409,0.266,1.0,0.589,0.432,0.275,0.939,0.939,0.42,0.271,0.353,0.404,0.412,0.335,0.409,0.939,0.353,0.225,0.486,0.083,0.329,0.533,0.939,0.939,0.43,0.431,0.344,0.939,0.432,0.168,0.931,0.211,0.545,0.449,0.314,0.449,0.19,0.557,0.939,0.399,0.483,0.313,0.213,0.445,0.366,0.201,0.939,0.478,0.253,0.479,0.484,0.183,0.223,0.41,0.409,0.436,0.252,0.406,0.939,0.939,0.346,0.939,0.394,0.258,1.0,0.135,0.241,0.401,0.234,0.939,0.312,0.438,0.309,0.493,0.393,0.195,0.353,0.402,0.383,0.468,0.468,0.197,0.375,0.3,0.172,0.091,0.393,0.358,0.111,0.183,0.081,0.291,0.365,0.32,0.579,0.305,0.163,0.228,0.367,0.364,0.939,0.314,0.149,0.267,0.404,0.939,0.6,0.228,0.102,0.808,0.411,0.412,0.443,0.181,0.464,0.22,0.134,0.211,0.371,0.289,0.37,0.394,0.513,0.174,0.374,0.249,0.202,0.313,0.939,0.324,0.462,0.258,0.382,0.367,0.374,0.558,0.418,0.274,0.137
0.52,0.552,1.0,0.431,0.078,0.382,0.414,0.688,0.492,0.708,0.398,0.184,0.211,0.431,0.57,0.122,0.569,1.0,0.176,0.381,0.603,0.248,0.368,0.424,0.32,0.183,0.711,0.186,0.504,0.342,0.628,0.451,0.454,0.237,0.348,1.0,0.294,0.428,0.565,0.345,0.54,0.444,1.0,0.124,0.702,1.0,0.327,0.407,0.59,0.333,0.234,1.0,0.31,0.612,1.0,0.142,0.253,0.613,0.62,0.527,0.37,0.44,0.372,0.249,0.808,0.576,0.44,0.293,1.0,1.0,0.479,0.265,0.326,0.715,0.407,0.361,0.702,1.0,0.205,0.327,0.676,0.043,0.329,0.484,1.0,1.0,0.74,0.433,0.791,1.0,0.44,0.098,0.746,0.219,0.348,0.708,0.506,0.708,0.269,0.383,1.0,0.43,0.728,0.434,0.194,0.498,0.271,0.167,1.0,0.348,0.224,0.302,0.592,0.294,0.212,0.405,0.497,0.252,0.352,0.338,1.0,1.0,0.316,1.0,0.452,0.248,0.939,0.186,0.267,0.628,0.112,1.0,0.305,0.635,0.406,0.715,0.065,0.211,0.181,0.496,0.603,0.302,0.25,0.243,0.47,0.17,0.252,0.147,0.749,0.518,0.132,0.294,0.043,0.552,0.35,0.248,0.518,0.174,0.211,0.248,0.449,0.492,1.0,0.438,0.206,0.265,0.715,1.0,0.303,0.212,0.138,0.839,0.609,0.422,0.27,0.226,0.76,0.244,0.204,0.334,0.485,0.28,0.47,0.263,0.435,0.132,0.301,0.114,0.194,0.436,1.0,0.566,0.48,0.248,0.397,0.598,0.429,0.339,0.433,0.134,0.202
0.292,0.306,0.402,0.261,0.163,0.239,0.586,0.424,0.306,0.374,0.096,0.253,0.273,0.181,0.474,0.097,0.304,0.402,0.18,0.176,0.309,0.202,0.168,0.183,0.163,0.228,0.451,0.198,0.241,0.263,0.313,0.31,0.235,0.339,0.183,0.294,1.0,0.101,0.406,1.0,0.312,0.237,0.402,0.219,0.38,0.402,0.417,0.272,0.202,0.174,0.171,0.402,0.338,0.447,0.402,0.192,0.179,0.345,0.221,0.301,0.384,0.246,0.237,0.189,0.348,0.263,0.246,0.204,0.402,0.402,0.29,0.302,0.36,0.378,0.162,0.102,0.38,0.402,0.114,0.371,0.324,0.043,0.317,0.214,0.402,0.402,0.394,0.168,0.294,0.402,0.246,0.112,0.352,0.221,0.225,0.374,0.124,0.374,0.246,0.206,0.402,0.249,0.295,0.318,0.237,0.273,0.157,0.122,0.402,0.192,0.279,0.213,0.323,1.0,0.276,0.271,0.214,0.15,0.79,0.25,0.402,0.402,0.253,0.402,0.257,0.26,0.408,0.24,0.264,0.313,0.079,0.402,0.312,0.252,0.417,0.37,0.037,0.212,0.17,0.207,0.309,0.133,0.189,0.247,0.308,0.098,0.297,0.053,0.25,0.51,0.328,1.0,0.039,0.149,0.659,0.232,0.256,0.047,0.288,0.314,0.098,0.247,0.402,0.319,0.263,0.315,0.378,0.402,0.175,0.211,0.194,0.362,0.326,0.246,0.167,0.445,0.388,0.152,0.242,0.175,0.348,0.127,0.246,0.174,0.223,0.165,0.156,0.141,0.065,0.346,0.402,0.205,0.211,0.26,0.128,0.152,0.266,0.218,0.264,0.072,0.259
0.188,0.286,1.0,0.204,0.094,0.311,0.48,0.275,0.193,0.223,0.443,0.102,0.082,0.49,0.57,0.098,0.24,1.0,0.1,0.359,0.348,0.101,0.493,0.483,0.446,0.078,0.221,0.098,0.311,0.214,0.305,0.246,0.27,0.138,0.339,0.428,0.101,1.0,0.253,0.345,0.23,0.375,1.0,0.123,0.211,1.0,0.169,0.203,0.488,0.351,0.187,1.0,0.249,0.239,1.0,0.084,0.332,0.247,0.476,0.203,0.18,0.259,0.251,0.249,1.0,0.576,0.259,0.212,1.0,1.0,0.229,0.265,0.33,0.217,0.374,0.482,0.211,1.0,0.295,0.126,0.404,0.061,0.329,0.454,1.0,1.0,0.21,0.427,0.37,1.0,0.259,0.168,1.0,0.219,0.279,0.223,0.507,0.223,0.101,0.358,1.0,0.248,0.445,0.169,0.194,0.266,0.267,0.135,1.0,0.262,0.273,0.232,0.268,0.101,0.153,0.269,0.34,0.379,0.134,0.372,1.0,1.0,0.319,1.0,0.266,0.248,0.939,0.078,0.168,0.305,0.139,1.0,0.305,0.523,0.253,0.25,0.261,0.119,0.271,0.38,0.348,0.399,0.233,0.107,0.198,0.289,0.1,0.213,0.535,0.186,0.072,0.101,0.059,0.557,0.184,0.282,0.37,0.278,0.095,0.144,0.579,0.297,1.0,0.17,0.088,0.156,0.217,1.0,0.271,0.168,0.062,1.0,0.227,0.422,0.252,0.114,0.242,0.223,0.131,0.307,0.211,0.373,0.243,0.322,0.428,0.19,0.367,0.152,0.276,0.375,1.0,0.433,0.483,0.248,0.447,0.547,0.241,0.278,0.289,0.159,0.079
0.559,0.601,1.0,0.496,0.135,0.425,0.414,0.787,0.549,0.711,0.202,0.327,0.3,0.379,0.812,0.151,0.631,1.0,0.231,0.344,0.625,0.278,0.358,0.459,0.337,0.267,0.788,0.257,0.476,0.429,0.647,0.583,0.524,0.379,0.429,0.565,0.406,0.253,1.0,0.483,0.618,0.478,1.0,0.212,0.706,1.0,0.468,0.489,0.411,0.356,0.339,1.0,0.446,0.767,1.0,0.231,0.253,0.639,0.451,0.594,0.572,0.463,0.596,0.249,0.808,0.576,0.463,0.381,1.0,1.0,0.518,0.347,0.292,0.717,0.38,0.214,0.706,1.0,0.219,0.478,0.681,0.09,0.48,0.479,1.0,1.0,0.737,0.394,0.563,1.0,0.463,0.218,0.746,0.295,0.409,0.711,0.286,0.711,0.266,0.431,1.0,0.464,0.622,0.522,0.306,0.715,0.305,0.246,1.0,0.411,0.224,0.4,0.625,0.406,0.341,0.464,0.406,0.313,0.413,0.449,1.0,1.0,0.323,1.0,0.469,0.364,0.939,0.278,0.295,0.647,0.183,1.0,0.401,0.548,0.489,0.717,0.195,0.28,0.223,0.484,0.625,0.321,0.353,0.304,0.484,0.234,0.366,0.09,0.524,0.734,0.172,0.406,0.073,0.331,0.404,0.318,0.559,0.16,0.296,0.385,0.234,0.513,1.0,0.525,0.306,0.295,0.717,1.0,0.429,0.316,0.19,0.839,0.65,0.422,0.365,0.261,0.754,0.23,0.218,0.261,0.606,0.306,0.539,0.281,0.501,0.181,0.324,0.129,0.134,0.329,1.0,0.427,0.395,0.364,0.303,0.317,0.485,0.481,0.466,0.147,0.293
0.345,0.345,0.345,0.296,0.483,0.296,0.586,0.483,0.358,0.345,0.306,0.249,0.254,0.323,0.416,0.126,0.345,0.345,0.201,0.345,0.345,0.18,0.345,0.345,0.345,0.222,0.454,0.241,0.358,0.309,0.345,0.338,0.345,0.506,0.358,0.345,1.0,0.345,0.483,1.0,0.358,0.358,0.345,0.302,0.345,0.345,0.506,0.309,0.345,0.345,0.296,0.345,0.506,0.483,0.345,0.221,0.164,0.345,0.296,0.345,0.521,0.296,0.306,0.17,0.296,0.237,0.296,0.309,0.345,0.345,0.335,0.272,0.619,0.345,0.309,0.323,0.345,0.345,0.301,0.444,0.345,0.042,0.288,0.345,0.345,0.345,0.358,0.309,0.345,0.345,0.296,0.274,0.306,0.21,0.306,0.345,0.358,0.345,0.221,0.309,0.345,0.296,0.358,0.322,0.199,0.345,0.237,0.189,0.345,0.306,0.239,0.338,0.358,1.0,0.395,0.358,0.296,0.359,0.744,0.483,0.345,0.345,0.216,0.345,0.323,0.227,0.358,0.219,0.315,0.345,0.134,0.345,0.278,0.345,0.618,0.345,0.033,0.229,0.356,0.345,0.345,0.335,0.323,0.235,0.306,0.328,0.288,0.052,0.345,0.483,0.337,1.0,0.044,0.345,0.867,0.358,0.345,0.06,0.326,0.506,0.345,0.345,0.345,0.322,0.258,0.514,0.345,0.345,0.296,0.274,0.184,0.309,0.358,0.236,0.296,0.586,0.358,0.226,0.283,0.214,0.358,0.309,0.345,0.434,0.358,0.164,0.345,0.22,0.092,0.514,0.345,0.345,0.379,0.227,0.335,0.309,0.358,0.323,0.335,0.081,0.233
0.545,0.613,0.939,0.551,0.085,0.458,0.459,0.682,0.584,0.76,0.217,0.219,0.222,0.396,0.596,0.139,0.633,0.939,0.213,0.367,0.556,0.286,0.408,0.382,0.308,0.194,0.719,0.196,0.515,0.361,0.558,0.583,0.493,0.261,0.443,0.54,0.312,0.23,0.618,0.358,1.0,0.559,0.939,0.153,0.706,0.939,0.375,0.458,0.391,0.41,0.319,0.939,0.405,0.595,0.939,0.158,0.332,0.66,0.471,0.545,0.421,0.537,0.606,0.266,0.931,0.589,0.537,0.388,0.939,0.939,0.586,0.271,0.356,0.697,0.35,0.212,0.706,0.939,0.232,0.368,0.672,0.037,0.329,0.521,0.939,0.939,0.763,0.348,0.54,0.939,0.537,0.177,1.0,0.211,0.549,0.76,0.254,0.76,0.307,0.51,0.939,0.554,0.638,0.496,0.213,0.684,0.369,0.215,0.939,0.472,0.273,0.384,0.722,0.312,0.302,0.497,0.488,0.257,0.4,0.355,0.939,0.939,0.346,0.939,0.498,0.258,1.0,0.199,0.413,0.558,0.143,0.939,0.312,0.529,0.378,0.812,0.088,0.244,0.19,0.438,0.556,0.284,0.324,0.282,0.648,0.18,0.256,0.044,0.495,0.544,0.146,0.312,0.034,0.287,0.443,0.286,0.597,0.095,0.232,0.27,0.227,0.472,0.939,0.498,0.216,0.336,0.697,0.939,0.432,0.25,0.144,0.808,0.644,0.412,0.373,0.273,0.77,0.195,0.169,0.237,0.569,0.251,0.481,0.28,0.516,0.125,0.44,0.156,0.093,0.382,0.939,0.393,0.431,0.258,0.273,0.293,0.474,0.444,0.524,0.224,0.215
0.467,0.523,0.939,0.598,0.155,0.457,0.521,0.587,0.561,0.551,0.332,0.271,0.189,0.474,0.596,0.177,0.518,0.939,0.255,0.444,0.476,0.266,0.598,0.459,0.429,0.173,0.53,0.219,0.559,0.381,0.49,0.494,0.526,0.373,0.512,0.444,0.237,0.375,0.478,0.358,0.559,1.0,0.939,0.242,0.545,0.939,0.389,0.442,0.385,0.657,0.41,0.939,0.507,0.505,0.939,0.191,0.332,0.527,0.448,0.512,0.354,0.495,0.605,0.266,1.0,0.589,0.495,0.464,0.939,0.939,0.63,0.271,0.439,0.53,0.426,0.311,0.545,0.939,0.378,0.299,0.587,0.146,0.329,0.705,0.939,0.939,0.54,0.418,0.443,0.939,0.495,0.326,1.0,0.259,0.522,0.551,0.344,0.551,0.257,0.583,0.939,0.512,0.677,0.408,0.213,0.506,0.598,0.279,0.939,0.473,0.273,0.417,0.687,0.237,0.366,0.62,0.456,0.41,0.321,0.532,0.939,0.939,0.346,0.939,0.496,0.258,1.0,0.172,0.36,0.49,0.166,0.939,0.312,0.525,0.349,0.591,0.288,0.252,0.338,0.465,0.476,0.415,0.447,0.257,0.476,0.307,0.221,0.101,0.49,0.417,0.152,0.237,0.091,0.347,0.366,0.387,0.667,0.163,0.201,0.34,0.324,0.506,0.939,0.409,0.197,0.376,0.53,0.939,0.486,0.373,0.143,0.926,0.649,0.412,0.462,0.297,0.578,0.197,0.152,0.265,0.533,0.391,0.454,0.402,0.688,0.193,0.663,0.278,0.209,0.363,0.939,0.392,0.542,0.258,0.359,0.399,0.558,0.508,0.615,0.275,0.185
1.0,1.0,1.0,0.808,0.253,0.808,0.414,1.0,0.939,1.0,0.746,0.259,0.274,0.839,0.57,0.234,1.0,1.0,0.305,1.0,1.0,0.396,1.0,1.0,1.0,0.232,1.0,0.324,0.939,0.839,1.0,0.775,1.0,0.382,0.939,1.0,0.402,1.0,1.0,0.345,0.939,0.939,1.0,0.22,1.0,1.0,0.573,0.839,1.0,1.0,0.665,1.0,0.705,0.839,1.0,0.241,0.253,1.0,0.808,1.0,0.694,0.808,0.746,0.249,0.808,0.576,0.808,0.839,1.0,1.0,0.808,0.265,0.562,1.0,0.839,0.784,1.0,1.0,0.571,0.546,1.0,0.032,0.329,1.0,1.0,1.0,1.0,0.839,1.0,1.0,0.808,0.304,0.746,0.219,0.746,1.0,1.0,1.0,0.362,0.839,1.0,0.808,1.0,0.842,0.194,1.0,0.576,0.413,1.0,0.808,0.224,0.802,0.939,0.402,0.359,0.939,0.808,0.839,0.534,0.839,1.0,1.0,0.316,1.0,0.839,0.248,0.939,0.241,0.479,1.0,0.22,1.0,0.305,1.0,0.695,1.0,0.065,0.352,0.808,1.0,1.0,0.802,0.784,0.38,0.746,0.839,0.329,0.042,1.0,0.66,0.169,0.402,0.035,1.0,0.531,0.939,1.0,0.102,0.339,0.413,1.0,1.0,1.0,0.842,0.277,0.44,1.0,1.0,0.808,0.32,0.179,0.839,1.0,0.422,0.808,0.414,1.0,0.266,0.237,0.396,0.939,0.839,1.0,0.784,0.939,0.132,1.0,0.211,0.075,0.437,1.0,1.0,0.839,0.248,0.839,0.839,1.0,0.784,0.802,0.186,0.274
0.134,0.163,0.22,0.221,0.149,0.21,0.163,0.161,0.217,0.142,0.154,0.211,0.133,0.209,0.165,0.118,0.182,0.22,0.268,0.172,0.154,0.135,0.209,0.182,0.198,0.111,0.154,0.221,0.202,0.152,0.171,0.217,0.212,0.265,0.242,0.124,0.219,0.123,0.212,0.302,0.153,0.242,0.22,1.0,0.135,0.22,0.204,0.312,0.108,0.209,0.228,0.22,0.245,0.151,0.22,0.131,0.271,0.189,0.143,0.356,0.26,0.267,0.266,0.418,0.229,0.286,0.267,0.243,0.22,0.22,0.267,0.137,0.171,0.134,0.13,0.169,0.135,0.22,0.172,0.132,0.165,0.208,0.198,0.233,0.22,0.22,0.147,0.194,0.122,0.22,0.267,0.24,0.239,0.222,0.186,0.142,0.139,0.142,0.088,0.249,0.22,0.175,0.214,0.128,0.124,0.194,0.195,0.251,0.22,0.221,0.252,0.214,0.25,0.219,0.213,0.282,0.125,0.28,0.197,0.193,0.22,0.22,0.33,0.22,0.209,0.147,0.237,0.11,0.112,0.171,0.311,0.22,0.139,0.152,0.224,0.155,0.161,0.226,0.293,0.243,0.154,0.154,0.298,0.223,0.253,0.168,0.143,0.118,0.133,0.15,0.417,0.219,0.11,0.117,0.299,0.296,0.172,0.159,0.095,0.301,0.131,0.241,0.22,0.129,0.136,0.242,0.134,0.22,0.236,0.229,0.179,0.178,0.232,0.519,0.214,0.187,0.151,0.267,0.083,0.135,0.264,0.212,0.212,0.217,0.238,0.328,0.201,0.133,0.197,0.285,0.22,0.121,0.198,0.147,0.158,0.116,0.238,0.217,0.136,0.146,0.122
0.708,0.732,1.0,0.577,0.084,0.433,0.521,0.857,0.692,0.898,0.181,0.231,0.266,0.416,0.57,0.149,0.722,1.0,0.231,0.383,0.713,0.328,0.382,0.427,0.302,0.22,0.866,0.24,0.549,0.438,0.717,0.608,0.593,0.267,0.409,0.702,0.38,0.211,0.706,0.345,0.706,0.545,1.0,0.135,1.0,1.0,0.386,0.603,0.473,0.405,0.314,1.0,0.356,0.764,1.0,0.183,0.253,0.754,0.472,0.706,0.463,0.547,0.473,0.249,0.808,0.576,0.547,0.408,1.0,1.0,0.589,0.265,0.312,0.963,0.375,0.203,1.0,1.0,0.236,0.425,0.788,0.03,0.329,0.518,1.0,1.0,0.948,0.416,0.701,1.0,0.547,0.105,0.746,0.219,0.472,0.898,0.261,0.898,0.408,0.48,1.0,0.517,0.707,0.573,0.194,0.616,0.342,0.218,1.0,0.401,0.224,0.372,0.723,0.38,0.251,0.477,0.487,0.229,0.464,0.377,1.0,1.0,0.316,1.0,0.6,0.248,0.939,0.224,0.446,0.717,0.11,1.0,0.305,0.598,0.443,0.868,0.065,0.261,0.169,0.466,0.713,0.296,0.361,0.306,0.633,0.182,0.302,0.039,0.628,0.601,0.187,0.38,0.028,0.327,0.405,0.291,0.632,0.074,0.251,0.279,0.213,0.582,1.0,0.576,0.248,0.312,0.963,1.0,0.384,0.224,0.165,0.926,0.767,0.422,0.344,0.371,0.958,0.211,0.191,0.265,0.62,0.302,0.593,0.308,0.505,0.132,0.337,0.134,0.051,0.37,1.0,0.476,0.441,0.248,0.293,0.37,0.508,0.521,0.632,0.152,0.257
1.0,1.0,1.0,0.808,0.253,0.808,0.414,1.0,0.939,1.0,0.746,0.259,0.274,0.839,0.57,0.234,1.0,1.0,0.305,1.0,1.0,0.396,1.0,1.0,1.0,0.232,1.0,0.324,0.939,0.839,1.0,0.775,1.0,0.382,0.939,1.0,0.402,1.0,1.0,0.345,0.939,0.939,1.0,0.22,1.0,1.0,0.573,0.839,1.0,1.0,0.665,1.0,0.705,0.839,1.0,0.241,0.253,1.0,0.808,1.0,0.694,0.808,0.746,0.249,0.808,0.576,0.808,0.839,1.0,1.0,0.808,0.265,0.562,1.0,0.839,0.784,1.0,1.0,0.571,0.546,1.0,0.032,0.329,1.0,1.0,1.0,1.0,0.839,1.0,1.0,0.808,0.304,0.746,0.219,0.746,1.0,1.0,1.0,0.362,0.839,1.0,0.808,1.0,0.842,0.194,1.0,0.576,0.413,1.0,0.808,0.224,0.802,0.939,0.402,0.359,0.939,0.808,0.839,0.534,0.839,1.0,1.0,0.316,1.0,0.839,0.248,0.939,0.241,0.479,1.0,0.22,1.0,0.305,1.0,0.695,1.0,0.065,0.352,0.808,1.0,1.0,0.802,0.784,0.38,0.746,0.839,0.329,0.042,1.0,0.66,0.169,0.402,0.035,1.0,0.531,0.939,1.0,0.102,0.339,0.413,1.0,1.0,1.0,0.842,0.277,0.44,1.0,1.0,0.808,0.32,0.179,0.839,1.0,0.422,0.808,0.414,1.0,0.266,0.237,0.396,0.939,0.839,1.0,0.784,0.939,0.132,1.0,0.211,0.075,0.437,1.0,1.0,0.839,0.248,0.839,0.839,1.0,0.784,0.802,0.186,0.274
0.328,0.341,0.573,0.312,0.179,0.279,0.382,0.466,0.37,0.381,0.166,0.424,0.285,0.248,0.47,0.133,0.344,0.573,0.231,0.244,0.34,0.241,0.285,0.265,0.24,0.258,0.469,0.291,0.333,0.324,0.344,0.344,0.307,0.746,0.274,0.327,0.417,0.169,0.468,0.506,0.375,0.389,0.573,0.204,0.386,0.573,1.0,0.291,0.267,0.323,0.241,0.573,0.737,0.449,0.573,0.214,0.279,0.38,0.259,0.353,0.405,0.28,0.375,0.2,0.472,0.529,0.28,0.31,0.573,0.573,0.354,0.27,0.263,0.383,0.231,0.163,0.386,0.573,0.232,0.348,0.368,0.107,0.41,0.313,0.573,0.573,0.41,0.231,0.327,0.573,0.28,0.344,0.491,0.322,0.275,0.381,0.202,0.381,0.255,0.288,0.573,0.301,0.382,0.343,0.273,0.409,0.271,0.213,0.573,0.269,0.288,0.279,0.413,0.417,0.581,0.422,0.255,0.217,0.4,0.377,0.573,0.573,0.325,0.573,0.343,0.314,0.608,0.252,0.37,0.344,0.11,0.573,0.29,0.316,0.374,0.393,0.076,0.247,0.221,0.285,0.34,0.212,0.246,0.27,0.308,0.166,0.323,0.086,0.314,0.47,0.219,0.417,0.07,0.222,0.402,0.263,0.332,0.09,0.243,0.622,0.158,0.328,0.573,0.344,0.277,0.277,0.383,0.573,0.249,0.482,0.213,0.489,0.399,0.293,0.222,0.237,0.419,0.152,0.17,0.238,0.531,0.201,0.309,0.215,0.328,0.266,0.312,0.145,0.167,0.291,0.573,0.271,0.285,0.314,0.197,0.213,0.385,0.289,0.32,0.169,0.276
0.413,0.47,0.839,0.339,0.088,0.31,0.48,0.647,0.405,0.536,0.14,0.177,0.184,0.383,0.511,0.118,0.507,0.839,0.177,0.324,0.43,0.221,0.389,0.485,0.328,0.157,0.557,0.203,0.396,0.338,0.437,0.536,0.506,0.215,0.395,0.407,0.272,0.203,0.489,0.309,0.458,0.442,0.839,0.312,0.603,0.839,0.291,1.0,0.298,0.329,0.274,0.839,0.277,0.597,0.839,0.131,0.244,0.479,0.303,0.415,0.322,0.372,0.346,0.198,0.68,0.492,0.372,0.321,0.839,0.839,0.387,0.24,0.288,0.633,0.344,0.213,0.603,0.839,0.263,0.272,0.57,0.049,0.286,0.421,0.839,0.839,0.566,0.432,0.407,0.839,0.372,0.135,0.644,0.191,0.329,0.536,0.239,0.536,0.283,0.412,0.839,0.355,0.53,0.348,0.167,0.437,0.31,0.288,0.839,0.415,0.414,0.36,0.482,0.272,0.209,0.367,0.313,0.351,0.331,0.377,0.839,0.839,0.267,0.839,0.485,0.216,0.808,0.157,0.324,0.437,0.183,0.839,0.276,0.453,0.34,0.554,0.239,0.208,0.267,0.4,0.43,0.349,0.391,0.234,0.371,0.24,0.212,0.056,0.472,0.428,0.45,0.272,0.043,0.228,0.343,0.335,0.591,0.211,0.185,0.245,0.215,0.371,0.839,0.351,0.174,0.246,0.633,0.839,0.42,0.198,0.184,1.0,0.484,0.346,0.28,0.269,0.666,0.205,0.135,0.21,0.429,0.276,0.449,0.314,0.459,0.23,0.288,0.171,0.079,0.313,0.839,0.301,0.395,0.216,0.391,0.308,0.388,0.547,0.448,0.205,0.173
0.354,0.38,1.0,0.295,0.066,0.312,0.414,0.554,0.336,0.477,0.373,0.132,0.148,0.477,0.57,0.094,0.412,1.0,0.124,0.335,0.431,0.171,0.346,0.422,0.298,0.137,0.513,0.133,0.401,0.286,0.442,0.316,0.361,0.198,0.304,0.59,0.202,0.488,0.411,0.345,0.391,0.385,1.0,0.108,0.473,1.0,0.267,0.298,1.0,0.297,0.187,1.0,0.267,0.481,1.0,0.101,0.253,0.45,0.463,0.36,0.287,0.335,0.285,0.249,0.808,0.576,0.335,0.24,1.0,1.0,0.365,0.265,0.28,0.482,0.352,0.31,0.473,1.0,0.215,0.24,0.529,0.034,0.329,0.406,1.0,1.0,0.499,0.408,0.535,1.0,0.335,0.088,0.746,0.219,0.259,0.477,0.42,0.477,0.184,0.325,1.0,0.342,0.593,0.316,0.194,0.38,0.214,0.135,1.0,0.299,0.224,0.257,0.451,0.202,0.175,0.351,0.352,0.235,0.243,0.312,1.0,1.0,0.316,1.0,0.379,0.248,0.939,0.138,0.186,0.442,0.101,1.0,0.305,0.597,0.336,0.516,0.065,0.157,0.168,0.406,0.431,0.296,0.216,0.179,0.323,0.165,0.187,0.279,0.656,0.407,0.095,0.202,0.036,0.509,0.286,0.22,0.422,0.182,0.169,0.212,0.518,0.407,1.0,0.319,0.153,0.21,0.482,1.0,0.245,0.19,0.103,0.839,0.442,0.422,0.22,0.157,0.548,0.211,0.16,0.32,0.37,0.239,0.374,0.227,0.392,0.132,0.272,0.094,0.16,0.373,1.0,0.506,0.421,0.248,0.478,0.554,0.367,0.266,0.331,0.103,0.142
0.313,0.389,1.0,0.399,0.117,0.354,0.521,0.478,0.402,0.364,0.3,0.242,0.15,0.451,0.57,0.134,0.379,1.0,0.205,0.407,0.421,0.209,0.783,0.41,0.383,0.14,0.39,0.147,0.437,0.299,0.355,0.373,0.41,0.318,0.363,0.333,0.174,0.351,0.356,0.345,0.41,0.657,1.0,0.209,0.405,1.0,0.323,0.329,0.297,1.0,0.317,1.0,0.401,0.41,1.0,0.134,0.272,0.357,0.357,0.378,0.294,0.361,0.41,0.367,0.808,0.576,0.361,0.385,1.0,1.0,0.501,0.265,0.374,0.393,0.384,0.342,0.405,1.0,0.361,0.21,0.49,0.139,0.329,0.545,1.0,1.0,0.383,0.309,0.345,1.0,0.361,0.335,0.746,0.259,0.337,0.364,0.409,0.364,0.203,0.459,1.0,0.362,0.534,0.284,0.209,0.472,0.429,0.233,1.0,0.331,0.263,0.323,0.483,0.174,0.368,0.527,0.337,0.377,0.238,0.496,1.0,1.0,0.316,1.0,0.409,0.248,0.939,0.14,0.337,0.355,0.168,1.0,0.305,0.455,0.335,0.389,0.22,0.2,0.26,0.403,0.421,0.359,0.396,0.199,0.31,0.256,0.18,0.152,0.438,0.31,0.141,0.174,0.088,0.325,0.26,0.316,0.511,0.198,0.15,0.294,0.333,0.407,1.0,0.285,0.162,0.269,0.393,1.0,0.329,0.333,0.115,0.926,0.495,0.69,0.343,0.243,0.431,0.288,0.11,0.261,0.394,0.307,0.384,0.442,0.584,0.149,0.955,0.181,0.226,0.315,1.0,0.304,0.451,0.248,0.3,0.362,0.435,0.396,0.393,0.304,0.146
0.237,0.333,0.665,0.335,0.106,0.437,0.318,0.393,0.402,0.296,0.283,0.166,0.127,0.285,0.477,0.15,0.349,0.665,0.403,0.319,0.297,0.249,0.325,0.351,0.274,0.112,0.36,0.125,0.414,0.276,0.335,0.531,0.361,0.242,0.407,0.234,0.171,0.187,0.339,0.296,0.319,0.41,0.665,0.228,0.314,0.665,0.241,0.274,0.187,0.317,1.0,0.665,0.247,0.344,0.665,0.139,0.237,0.292,0.227,0.4,0.243,0.276,0.37,0.204,0.508,0.519,0.276,0.258,0.665,0.665,0.418,0.239,0.259,0.301,0.245,0.2,0.314,0.665,0.253,0.213,0.347,0.23,0.299,0.397,0.665,0.665,0.35,0.246,0.233,0.665,0.276,0.242,0.584,0.219,0.475,0.296,0.207,0.296,0.15,0.308,0.665,0.462,0.42,0.22,0.139,0.358,0.333,0.241,0.665,0.366,0.221,0.348,0.472,0.171,0.229,0.363,0.214,0.327,0.201,0.298,0.665,0.665,0.242,0.665,0.301,0.206,0.773,0.109,0.199,0.335,0.148,0.665,0.273,0.295,0.244,0.332,0.319,0.233,0.243,0.275,0.297,0.334,0.381,0.237,0.246,0.21,0.161,0.156,0.279,0.322,0.089,0.171,0.284,0.182,0.248,0.234,0.378,0.218,0.138,0.21,0.19,0.392,0.665,0.223,0.214,0.454,0.301,0.665,0.394,0.201,0.094,0.53,0.442,0.411,0.281,0.354,0.374,0.139,0.106,0.212,0.313,0.219,0.267,0.241,0.411,0.139,0.306,0.133,0.344,0.214,0.665,0.202,0.32,0.206,0.252,0.217,0.461,0.446,0.309,0.267,0.119
1.0,1.0,1.0,0.808,0.253,0.808,0.414,1.0,0.939,1.0,0.746,0.259,0.274,0.839,0.57,0.234,1.0,1.0,0.305,1.0,1.0,0.396,1.0,1.0,1.0,0.232,1.0,0.324,0.939,0.839,1.0,0.775,1.0,0.382,0.939,1.0,0.402,1.0,1.0,0.345,0.939,0.939,1.0,0.22,1.0,1.0,0.573,0.839,1.0,1.0,0.665,1.0,0.705,0.839,1.0,0.241,0.253,1.0,0.808,1.0,0.694,0.808,0.746,0.249,0.808,0.576,0.808,0.839,1.0,1.0,0.808,0.265,0.562,1.0,0.839,0.784,1.0,1.0,0.571,0.546,1.0,0.032,0.329,1.0,1.0,1.0,1.0,0.839,1.0,1.0,0.808,0.304,0.746,0.219,0.746,1.0,1.0,1.0,0.362,0.839,1.0,0.808,1.0,0.842,0.194,1.0,0.576,0.413,1.0,0.808,0.224,0.802,0.939,0.402,0.359,0.939,0.808,0.839,0.534,0.839,1.0,1.0,0.316,1.0,0.839,0.248,0.939,0.241,0.479,1.0,0.22,1.0,0.305,1.0,0.695,1.0,0.065,0.352,0.808,1.0,1.0,0.802,0.784,0.38,0.746,0.839,0.329,0.042,1.0,0.66,0.169,0.402,0.035,1.0,0.531,0.939,1.0,0.102,0.339,0.413,1.0,1.0,1.0,0.842,0.277,0.44,1.0,1.0,0.808,0.32,0.179,0.839,1.0,0.422,0.808,0.414,1.0,0.266,0.237,0.396,0.939,0.839,1.0,0.784,0.939,0.132,1.0,0.211,0.075,0.437,1.0,1.0,0.839,0.248,0.839,0.839,1.0,0.784,0.802,0.186,0.274
0.303,0.341,0.705,0.346,0.196,0.348,0.313,0.465,0.348,0.383,0.23,0.477,0.304,0.322,0.519,0.132,0.349,0.705,0.247,0.282,0.364,0.233,0.369,0.311,0.328,0.299,0.448,0.283,0.348,0.399,0.382,0.325,0.323,0.751,0.324,0.31,0.338,0.249,0.446,0.506,0.405,0.507,0.705,0.245,0.356,0.705,0.737,0.277,0.267,0.401,0.247,0.705,1.0,0.428,0.705,0.248,0.303,0.392,0.335,0.343,0.37,0.31,0.435,0.206,0.814,0.49,0.31,0.408,0.705,0.705,0.376,0.286,0.309,0.353,0.267,0.214,0.356,0.705,0.257,0.353,0.424,0.117,0.646,0.408,0.705,0.705,0.376,0.242,0.308,0.705,0.31,0.463,0.867,0.442,0.331,0.383,0.249,0.383,0.184,0.414,0.705,0.353,0.414,0.408,0.503,0.42,0.338,0.214,0.705,0.363,0.263,0.289,0.456,0.338,0.592,0.508,0.291,0.275,0.325,0.449,0.705,0.705,0.489,0.705,0.351,0.523,0.75,0.298,0.315,0.382,0.128,0.705,0.34,0.383,0.341,0.428,0.127,0.289,0.308,0.342,0.364,0.248,0.264,0.302,0.333,0.193,0.363,0.109,0.338,0.436,0.212,0.338,0.092,0.263,0.369,0.331,0.422,0.126,0.242,0.668,0.218,0.328,0.705,0.408,0.324,0.291,0.353,0.705,0.301,0.569,0.227,0.594,0.389,0.308,0.278,0.197,0.394,0.137,0.174,0.268,0.582,0.222,0.31,0.245,0.397,0.266,0.435,0.156,0.309,0.298,0.705,0.282,0.346,0.523,0.23,0.243,0.424,0.326,0.315,0.219,0.295
0.613,0.625,0.839,0.522,0.138,0.448,0.48,0.951,0.614,0.705,0.238,0.292,0.326,0.434,0.823,0.138,0.619,0.839,0.255,0.413,0.622,0.316,0.38,0.458,0.323,0.282,0.813,0.314,0.51,0.545,0.625,0.499,0.579,0.368,0.402,0.612,0.447,0.239,0.767,0.483,0.595,0.505,0.839,0.151,0.764,0.839,0.449,0.597,0.481,0.41,0.344,0.839,0.428,1.0,0.839,0.254,0.218,0.648,0.458,0.625,0.636,0.49,0.445,0.198,0.68,0.492,0.49,0.483,0.839,0.839,0.51,0.347,0.286,0.791,0.415,0.221,0.764,0.839,0.28,0.584,0.701,0.059,0.48,0.496,0.839,0.839,0.723,0.473,0.612,0.839,0.49,0.184,0.644,0.295,0.462,0.705,0.29,0.705,0.302,0.492,0.839,0.488,0.651,0.564,0.306,0.559,0.313,0.221,0.839,0.388,0.182,0.365,0.617,0.447,0.345,0.476,0.461,0.264,0.412,0.506,0.839,0.839,0.323,0.839,0.579,0.364,0.808,0.294,0.376,0.625,0.097,0.839,0.401,0.581,0.583,0.698,0.057,0.296,0.22,0.479,0.622,0.315,0.384,0.346,0.518,0.215,0.392,0.064,0.6,0.808,0.187,0.447,0.124,0.372,0.395,0.334,0.595,0.066,0.337,0.387,0.237,0.556,0.839,0.566,0.351,0.282,0.791,0.839,0.391,0.282,0.204,1.0,0.647,0.346,0.37,0.322,0.793,0.187,0.244,0.301,0.603,0.375,0.584,0.345,0.498,0.181,0.351,0.121,0.138,0.317,0.839,0.483,0.46,0.364,0.325,0.437,0.51,0.508,0.565,0.107,0.321
1.0,1.0,1.0,0.808,0.253,0.808,0.414,1.0,0.939,1.0,0.746,0.259,0.274,0.839,0.57,0.234,1.0,1.0,0.305,1.0,1.0,0.396,1.0,1.0,1.0,0.232,1.0,0.324,0.939,0.839,1.0,0.775,1.0,0.382,0.939,1.0,0.402,1.0,1.0,0.345,0.939,0.939,1.0,0.22,1.0,1.0,0.573,0.839,1.0,1.0,0.665,1.0,0.705,0.839,1.0,0.241,0.253,1.0,0.808,1.0,0.694,0.808,0.746,0.249,0.808,0.576,0.808,0.839,1.0,1.0,0.808,0.265,0.562,1.0,0.839,0.784,1.0,1.0,0.571,0.546,1.0,0.032,0.329,1.0,1.0,1.0,1.0,0.839,1.0,1.0,0.808,0.304,0.746,0.219,0.746,1.0,1.0,1.0,0.362,0.839,1.0,0.808,1.0,0.842,0.194,1.0,0.576,0.413,1.0,0.808,0.224,0.802,0.939,0.402,0.359,0.939,0.808,0.839,0.534,0.839,1.0,1.0,0.316,1.0,0.839,0.248,0.939,0.241,0.479,1.0,0.22,1.0,0.305,1.0,0.695,1.0,0.065,0.352,0.808,1.0,1.0,0.802,0.784,0.38,0.746,0.839,0.329,0.042,1.0,0.66,0.169,0.402,0.035,1.0,0.531,0.939,1.0,0.102,0.339,0.413,1.0,1.0,1.0,0.842,0.277,0.44,1.0,1.0,0.808,0.32,0.179,0.839,1.0,0.422,0.808,0.414,1.0,0.266,0.237,0.396,0.939,0.839,1.0,0.784,0.939,0.132,1.0,0.211,0.075,0.437,1.0,1.0,0.839,0.248,0.839,0.839,1.0,0.784,0.802,0.186,0.274
0.162,0.177,0.241,0.15,0.074,0.167,0.13,0.239,0.169,0.178,0.081,0.233,0.412,0.134,0.326,0.088,0.153,0.241,0.19,0.11,0.198,0.293,0.126,0.134,0.146,0.354,0.252,0.258,0.159,0.414,0.236,0.188,0.139,0.232,0.139,0.142,0.192,0.084,0.231,0.221,0.158,0.191,0.241,0.131,0.183,0.241,0.214,0.131,0.101,0.134,0.139,0.241,0.248,0.254,0.241,1.0,0.15,0.201,0.152,0.169,0.208,0.149,0.16,0.167,0.203,0.431,0.149,0.231,0.241,0.241,0.178,0.177,0.123,0.18,0.095,0.079,0.183,0.241,0.08,0.569,0.201,0.083,0.568,0.149,0.241,0.241,0.194,0.096,0.14,0.241,0.149,0.141,0.212,0.289,0.156,0.178,0.095,0.178,0.071,0.158,0.241,0.164,0.174,0.401,0.483,0.161,0.214,0.119,0.241,0.127,0.115,0.123,0.193,0.192,0.235,0.21,0.109,0.102,0.173,0.239,0.241,0.241,0.284,0.241,0.22,0.423,0.253,0.404,0.086,0.236,0.07,0.241,0.203,0.165,0.18,0.185,0.046,0.561,0.158,0.145,0.198,0.101,0.127,0.326,0.168,0.084,0.429,0.088,0.149,0.299,0.116,0.192,0.19,0.101,0.158,0.149,0.167,0.065,0.142,0.27,0.073,0.148,0.241,0.408,0.376,0.363,0.18,0.241,0.224,0.227,0.18,0.212,0.188,0.244,0.174,0.186,0.197,0.101,0.106,0.25,0.388,0.111,0.142,0.183,0.152,0.174,0.125,0.086,0.135,0.159,0.241,0.116,0.128,0.423,0.082,0.102,0.267,0.176,0.145,0.109,0.401
0.253,0.253,0.253,0.327,0.157,0.371,0.194,0.253,0.264,0.327,0.332,0.179,0.168,0.373,0.146,0.228,0.314,0.253,0.271,0.327,0.253,0.225,0.332,0.253,0.332,0.138,0.253,0.169,0.264,0.218,0.253,0.253,0.253,0.23,0.327,0.253,0.179,0.332,0.253,0.164,0.332,0.332,0.253,0.271,0.253,0.253,0.279,0.244,0.253,0.272,0.237,0.253,0.303,0.218,0.253,0.15,1.0,0.327,0.327,0.253,0.185,0.327,0.332,0.298,0.327,0.28,0.327,0.218,0.253,0.253,0.327,0.115,0.322,0.253,0.322,0.373,0.253,0.253,0.219,0.173,0.327,0.095,0.157,0.332,0.253,0.253,0.264,0.218,0.253,0.253,0.327,0.194,0.332,0.136,0.332,0.327,0.264,0.327,0.219,0.327,0.253,0.331,0.327,0.228,0.123,0.256,0.28,0.303,0.253,0.355,0.371,0.256,0.332,0.179,0.206,0.332,0.327,0.319,0.262,0.289,0.253,0.253,0.286,0.253,0.308,0.133,0.264,0.134,0.273,0.253,0.271,0.253,0.099,0.327,0.281,0.332,0.084,0.299,0.327,0.327,0.253,0.256,0.285,0.305,0.373,0.265,0.157,0.109,0.253,0.173,0.19,0.179,0.095,0.253,0.333,0.264,0.327,0.115,0.104,0.241,0.332,0.253,0.253,0.228,0.15,0.322,0.253,0.253,0.327,0.417,0.101,0.218,0.264,0.281,0.327,0.194,0.264,0.172,0.079,0.225,0.264,0.23,0.253,0.246,0.332,0.151,0.332,0.351,0.115,0.323,0.253,0.253,0.332,0.133,0.256,0.218,0.308,0.226,0.256,0.185,0.155
0.606,0.634,1.0,0.604,0.116,0.557,0.414,0.725,0.577,0.835,0.226,0.252,0.261,0.404,0.57,0.159,0.673,1.0,0.231,0.403,0.619,0.303,0.373,0.4,0.423,0.247,0.758,0.241,0.5,0.421,0.688,0.51,0.515,0.28,0.426,0.613,0.345,0.247,0.639,0.345,0.66,0.527,1.0,0.189,0.754,1.0,0.38,0.479,0.45,0.357,0.292,1.0,0.392,0.648,1.0,0.201,0.327,1.0,0.524,0.612,0.429,0.584,0.51,0.249,1.0,0.576,0.584,0.369,1.0,1.0,0.616,0.265,0.316,0.765,0.365,0.217,0.754,1.0,0.191,0.386,0.732,0.052,0.343,0.486,1.0,1.0,0.785,0.35,0.612,1.0,0.584,0.135,0.931,0.226,0.497,0.835,0.269,0.835,0.299,0.485,1.0,0.573,0.677,0.541,0.286,0.566,0.321,0.21,1.0,0.478,0.253,0.38,0.722,0.345,0.264,0.526,0.519,0.238,0.417,0.366,1.0,1.0,0.316,1.0,0.491,0.273,0.939,0.26,0.311,0.688,0.136,1.0,0.305,0.592,0.431,0.851,0.065,0.269,0.251,0.487,0.619,0.259,0.312,0.318,0.643,0.184,0.313,0.053,0.539,0.554,0.209,0.345,0.052,0.34,0.427,0.35,0.607,0.085,0.243,0.287,0.249,0.525,1.0,0.538,0.278,0.337,0.765,1.0,0.425,0.266,0.2,0.839,0.666,0.422,0.397,0.27,0.794,0.195,0.192,0.264,0.57,0.268,0.53,0.295,0.473,0.195,0.343,0.222,0.079,0.368,1.0,0.459,0.441,0.273,0.27,0.328,0.511,0.392,0.489,0.14,0.257
0.352,0.414,0.808,0.484,0.115,0.592,0.344,0.514,0.384,0.58,0.48,0.148,0.163,0.448,0.49,0.137,0.471,0.808,0.189,0.418,0.766,0.178,0.396,0.52,0.418,0.147,0.502,0.152,0.445,0.271,0.511,0.34,0.365,0.206,0.375,0.62,0.221,0.476,0.451,0.296,0.471,0.448,0.808,0.143,0.472,0.808,0.259,0.303,0.463,0.357,0.227,0.808,0.335,0.458,0.808,0.152,0.327,0.524,1.0,0.409,0.29,0.443,0.459,0.236,1.0,0.473,0.443,0.28,0.808,0.808,0.474,0.232,0.389,0.477,0.435,0.421,0.472,0.808,0.216,0.251,0.815,0.12,0.271,0.455,0.808,0.808,0.498,0.359,0.562,0.808,0.443,0.168,0.931,0.182,0.412,0.58,0.578,0.58,0.19,0.415,0.808,0.477,0.663,0.312,0.159,0.404,0.252,0.186,0.808,0.413,0.253,0.253,0.597,0.221,0.179,0.412,0.526,0.257,0.258,0.345,0.808,0.808,0.296,0.808,0.36,0.206,0.781,0.147,0.213,0.511,0.128,0.808,0.267,0.755,0.33,0.638,0.12,0.217,0.235,0.505,0.766,0.349,0.227,0.205,0.466,0.19,0.196,0.302,0.66,0.402,0.107,0.221,0.094,0.585,0.341,0.3,0.482,0.3,0.17,0.205,0.473,0.407,0.808,0.315,0.164,0.288,0.477,0.808,0.362,0.208,0.112,0.68,0.47,0.328,0.327,0.2,0.528,0.198,0.181,0.343,0.366,0.268,0.359,0.266,0.477,0.22,0.354,0.139,0.317,0.496,0.808,0.536,0.576,0.206,0.354,0.518,0.353,0.346,0.337,0.16,0.157
0.522,0.57,1.0,0.641,0.126,0.421,0.414,0.699,0.674,0.712,0.223,0.237,0.218,0.35,0.57,0.192,0.575,1.0,0.372,0.351,0.593,0.28,0.368,0.366,0.289,0.188,0.716,0.186,0.538,0.348,0.626,0.473,0.463,0.315,0.346,0.527,0.301,0.203,0.594,0.345,0.545,0.512,1.0,0.356,0.706,1.0,0.353,0.415,0.36,0.378,0.4,1.0,0.343,0.625,1.0,0.169,0.253,0.612,0.409,1.0,0.367,0.435,0.523,0.249,0.808,0.576,0.435,0.433,1.0,1.0,0.619,0.265,0.278,0.72,0.292,0.177,0.706,1.0,0.208,0.339,0.67,0.344,0.329,0.493,1.0,1.0,0.745,0.291,0.525,1.0,0.435,0.251,0.746,0.219,0.428,0.712,0.242,0.712,0.273,0.401,1.0,0.487,0.698,0.439,0.194,0.522,0.331,0.28,1.0,0.399,0.224,0.307,0.756,0.301,0.268,0.489,0.365,0.224,0.362,0.352,1.0,1.0,0.316,1.0,0.451,0.248,0.939,0.191,0.277,0.626,0.111,1.0,0.305,0.52,0.37,0.719,0.068,0.271,0.196,0.417,0.593,0.236,0.34,0.268,0.468,0.154,0.258,0.184,0.496,0.522,0.139,0.301,0.155,0.281,0.356,0.266,0.528,0.091,0.214,0.253,0.197,0.652,1.0,0.443,0.228,0.383,0.72,1.0,0.322,0.229,0.142,0.839,0.778,0.422,0.312,0.383,0.764,0.17,0.166,0.23,0.49,0.299,0.467,0.228,0.477,0.151,0.34,0.116,0.24,0.307,1.0,0.376,0.433,0.248,0.233,0.271,0.474,0.385,0.439,0.214,0.209
0.365,0.375,0.694,0.315,0.119,0.298,0.325,0.616,0.378,0.453,0.17,0.266,0.287,0.305,0.882,0.098,0.404,0.694,0.2,0.26,0.377,0.225,0.304,0.285,0.254,0.262,0.62,0.239,0.359,0.364,0.411,0.39,0.339,0.347,0.293,0.37,0.384,0.18,0.572,0.521,0.421,0.354,0.694,0.26,0.463,0.694,0.405,0.322,0.287,0.294,0.243,0.694,0.37,0.636,0.694,0.208,0.185,0.429,0.29,0.367,1.0,0.472,0.357,0.229,0.601,0.405,0.472,0.275,0.694,0.694,0.415,0.368,0.207,0.458,0.305,0.187,0.463,0.694,0.193,0.464,0.436,0.042,0.495,0.327,0.694,0.694,0.482,0.26,0.393,0.694,0.472,0.163,0.609,0.291,0.291,0.453,0.223,0.453,0.188,0.388,0.694,0.378,0.426,0.405,0.344,0.409,0.219,0.213,0.694,0.283,0.177,0.448,0.438,0.384,0.311,0.382,0.289,0.219,0.333,0.373,0.694,0.694,0.36,0.694,0.376,0.392,0.705,0.275,0.224,0.411,0.441,0.694,0.427,0.366,0.502,0.476,0.208,0.248,0.179,0.529,0.377,0.224,0.301,0.291,0.412,0.196,0.354,0.052,0.364,0.732,0.161,0.384,0.044,0.231,0.39,0.245,0.383,0.077,0.294,0.428,0.176,0.331,0.694,0.407,0.302,0.21,0.458,0.694,0.254,0.283,0.177,0.626,0.425,0.479,0.296,0.196,0.502,0.426,0.218,0.234,0.461,0.227,0.572,0.274,0.378,0.175,0.267,0.105,0.073,0.321,0.694,0.302,0.289,0.392,0.22,0.24,0.359,0.311,0.361,0.092,0.282
0.465,0.507,0.808,0.491,0.116,0.419,0.344,0.552,0.42,0.654,0.233,0.156,0.185,0.408,0.49,0.127,0.543,0.808,0.226,0.355,0.442,0.252,0.386,0.35,0.312,0.162,0.562,0.166,0.435,0.293,0.526,0.433,0.448,0.208,0.432,0.44,0.246,0.259,0.463,0.296,0.537,0.495,0.808,0.267,0.547,0.808,0.28,0.372,0.335,0.361,0.276,0.808,0.31,0.49,0.808,0.149,0.327,0.584,0.443,0.435,0.472,1.0,0.442,0.439,1.0,0.473,1.0,0.27,0.808,0.808,0.619,0.232,0.333,0.552,0.361,0.259,0.547,0.808,0.228,0.268,0.583,0.067,0.271,0.461,0.808,0.808,0.573,0.282,0.478,0.808,1.0,0.119,0.931,0.182,0.465,0.654,0.256,0.654,0.231,0.74,0.808,0.537,0.548,0.361,0.172,0.43,0.371,0.206,0.808,0.433,0.253,0.331,0.61,0.246,0.21,0.484,0.492,0.281,0.309,0.327,0.808,0.808,0.337,0.808,0.44,0.206,0.781,0.164,0.28,0.526,0.35,0.808,0.267,0.486,0.488,0.7,0.424,0.243,0.238,0.605,0.442,0.288,0.352,0.259,0.658,0.219,0.221,0.073,0.416,0.417,0.137,0.246,0.065,0.27,0.386,0.282,0.562,0.144,0.173,0.248,0.261,0.444,0.808,0.362,0.186,0.303,0.552,0.808,0.422,0.213,0.114,0.68,0.493,0.755,0.413,0.213,0.591,0.477,0.172,0.218,0.408,0.261,0.55,0.344,0.473,0.111,0.371,0.198,0.099,0.489,0.808,0.353,0.426,0.206,0.257,0.299,0.381,0.362,0.417,0.261,0.179
0.363,0.419,0.746,0.778,0.125,0.498,0.374,0.507,0.611,0.562,0.288,0.304,0.172,0.375,0.511,0.173,0.493,0.746,0.289,0.33,0.444,0.224,0.424,0.366,0.321,0.152,0.506,0.161,0.512,0.294,0.472,0.45,0.386,0.385,0.409,0.372,0.237,0.251,0.596,0.306,0.606,0.605,0.746,0.266,0.473,0.746,0.375,0.346,0.285,0.41,0.37,0.746,0.435,0.445,0.746,0.16,0.332,0.51,0.459,0.523,0.357,0.442,1.0,0.248,0.931,0.475,0.442,0.336,0.746,0.746,0.703,0.236,0.308,0.464,0.347,0.233,0.473,0.746,0.23,0.284,0.567,0.248,0.272,0.55,0.746,0.746,0.52,0.299,0.37,0.746,0.442,0.326,1.0,0.175,0.513,0.562,0.247,0.562,0.211,0.409,0.746,0.616,0.693,0.345,0.174,0.619,0.29,0.283,0.746,0.492,0.273,0.331,0.801,0.237,0.285,0.549,0.407,0.306,0.288,0.316,0.746,0.746,0.319,0.746,0.383,0.215,0.817,0.154,0.233,0.472,0.184,0.746,0.272,0.47,0.286,0.648,0.195,0.248,0.246,0.422,0.444,0.294,0.329,0.246,0.534,0.21,0.2,0.158,0.39,0.423,0.112,0.237,0.146,0.257,0.383,0.274,0.477,0.153,0.187,0.298,0.231,0.474,0.746,0.347,0.193,0.37,0.464,0.746,0.435,0.368,0.116,0.644,0.737,0.316,0.382,0.289,0.538,0.195,0.149,0.205,0.496,0.276,0.39,0.243,0.58,0.173,0.419,0.14,0.226,0.345,0.746,0.304,0.457,0.215,0.26,0.244,0.415,0.425,0.375,0.177,0.166
0.249,0.249,0.249,0.236,0.123,0.259,0.193,0.249,0.266,0.249,0.248,0.141,0.169,0.714,0.143,0.093,0.249,0.249,0.318,0.249,0.249,0.235,0.367,0.249,0.249,0.151,0.249,0.122,0.266,0.228,0.249,0.247,0.249,0.187,0.266,0.249,0.189,0.249,0.249,0.17,0.266,0.266,0.249,0.418,0.249,0.249,0.2,0.198,0.249,0.367,0.204,0.249,0.206,0.198,0.249,0.167,0.298,0.249,0.236,0.249,0.229,0.439,0.248,1.0,0.236,0.329,0.439,0.215,0.249,0.249,0.485,0.098,0.297,0.249,0.226,0.714,0.249,0.249,0.14,0.157,0.249,0.085,0.228,0.249,0.249,0.249,0.266,0.198,0.249,0.249,0.439,0.153,0.248,0.136,0.248,0.249,0.266,0.249,0.135,0.439,0.249,0.236,0.266,0.211,0.145,0.253,0.329,0.338,0.249,0.248,0.211,0.253,0.266,0.189,0.169,0.485,0.236,0.485,0.278,0.233,0.249,0.249,0.345,0.249,0.374,0.17,0.266,0.159,0.185,0.249,0.418,0.249,0.081,0.249,0.594,0.249,0.094,0.374,0.236,0.359,0.249,0.253,0.453,0.386,0.714,0.216,0.228,0.09,0.249,0.185,0.134,0.189,0.08,0.249,0.472,0.266,0.249,0.128,0.094,0.203,0.249,0.249,0.249,0.211,0.201,0.297,0.249,0.249,0.236,0.221,0.088,0.198,0.266,0.594,0.367,0.193,0.266,0.269,0.064,0.235,0.266,0.198,0.269,0.453,0.427,0.171,0.367,0.19,0.158,0.439,0.249,0.249,0.248,0.17,0.253,0.198,0.329,0.22,0.253,0.233,0.169
0.808,0.808,0.808,1.0,0.215,1.0,0.344,0.808,0.781,1.0,0.931,0.216,0.231,0.931,0.49,0.199,0.893,0.808,0.287,1.0,0.808,0.313,1.0,0.808,1.0,0.194,0.808,0.281,0.781,0.68,0.808,0.596,0.808,0.317,1.0,0.808,0.348,1.0,0.808,0.296,0.931,1.0,0.808,0.229,0.808,0.808,0.472,0.68,0.808,0.808,0.508,0.808,0.814,0.68,0.808,0.203,0.327,1.0,1.0,0.808,0.601,1.0,0.931,0.236,1.0,0.473,1.0,0.68,0.808,0.808,1.0,0.232,0.546,0.808,0.918,0.931,0.808,0.808,0.49,0.473,1.0,0.025,0.271,0.931,0.808,0.808,0.808,0.68,0.808,0.808,1.0,0.257,0.931,0.182,0.931,1.0,0.808,1.0,0.298,1.0,0.808,1.0,1.0,0.679,0.159,0.808,0.473,0.377,0.808,1.0,0.253,0.635,1.0,0.348,0.301,1.0,1.0,0.68,0.438,0.68,0.808,0.808,0.296,0.808,0.68,0.206,0.781,0.2,0.393,0.808,0.229,0.808,0.267,1.0,0.594,1.0,0.047,0.336,1.0,1.0,0.808,0.653,0.653,0.373,0.931,0.68,0.271,0.034,0.808,0.574,0.133,0.348,0.028,0.808,0.546,0.781,1.0,0.08,0.295,0.347,1.0,0.808,0.808,0.679,0.227,0.546,0.808,0.808,1.0,0.379,0.153,0.68,0.808,0.328,1.0,0.344,0.808,0.216,0.21,0.313,0.781,0.68,0.808,0.653,0.931,0.106,0.931,0.252,0.06,0.546,0.808,0.808,1.0,0.206,0.68,0.68,0.808,0.653,0.653,0.145,0.231
0.576,0.576,0.576,0.473,0.163,0.473,0.308,0.576,0.589,0.576,0.475,0.347,0.457,0.5,0.363,0.178,0.576,0.576,0.437,0.576,0.576,0.772,0.576,0.576,0.576,0.413,0.576,0.404,0.589,0.67,0.576,0.584,0.576,0.381,0.589,0.576,0.263,0.576,0.576,0.237,0.589,0.589,0.576,0.286,0.576,0.576,0.529,0.492,0.576,0.576,0.519,0.576,0.49,0.492,0.576,0.431,0.28,0.576,0.473,0.576,0.405,0.473,0.475,0.329,0.473,1.0,0.473,0.543,0.576,0.576,0.574,0.196,0.416,0.576,0.492,0.5,0.576,0.576,0.391,0.43,0.576,0.042,0.67,0.576,0.576,0.576,0.589,0.492,0.576,0.576,0.473,0.381,0.475,0.287,0.475,0.576,0.589,0.576,0.231,0.492,0.576,0.473,0.589,0.547,0.392,0.576,1.0,0.569,0.576,0.475,0.297,0.584,0.589,0.263,0.411,0.589,0.473,0.574,0.419,0.664,0.576,0.576,0.458,0.576,0.772,0.507,0.589,0.43,0.254,0.576,0.286,0.576,0.23,0.576,0.52,0.576,0.087,0.482,0.473,0.576,0.576,0.574,0.5,0.507,0.475,0.5,0.67,0.051,0.576,0.393,0.228,0.263,0.044,0.576,0.393,0.589,0.576,0.125,0.255,0.49,0.576,0.576,0.576,0.547,0.595,0.805,0.576,0.576,0.473,0.421,0.258,0.492,0.589,0.52,0.473,0.308,0.589,0.353,0.177,0.772,0.646,0.492,0.576,0.5,0.589,0.159,0.576,0.27,0.088,0.538,0.576,0.576,0.492,0.507,0.574,0.492,1.0,0.5,0.574,0.221,0.457
0.465,0.507,0.808,0.491,0.116,0.419,0.344,0.552,0.42,0.654,0.233,0.156,0.185,0.408,0.49,0.127,0.543,0.808,0.226,0.355,0.442,0.252,0.386,0.35,0.312,0.162,0.562,0.166,0.435,0.293,0.526,0.433,0.448,0.208,0.432,0.44,0.246,0.259,0.463,0.296,0.537,0.495,0.808,0.267,0.547,0.808,0.28,0.372,0.335,0.361,0.276,0.808,0.31,0.49,0.808,0.149,0.327,0.584,0.443,0.435,0.472,1.0,0.442,0.439,1.0,0.473,1.0,0.27,0.808,0.808,0.619,0.232,0.333,0.552,0.361,0.259,0.547,0.808,0.228,0.268,0.583,0.067,0.271,0.461,0.808,0.808,0.573,0.282,0.478,0.808,1.0,0.119,0.931,0.182,0.465,0.654,0.256,0.654,0.231,0.74,0.808,0.537,0.548,0.361,0.172,0.43,0.371,0.206,0.808,0.433,0.253,0.331,0.61,0.246,0.21,0.484,0.492,0.281,0.309,0.327,0.808,0.808,0.337,0.808,0.44,0.206,0.781,0.164,0.28,0.526,0.35,0.808,0.267,0.486,0.488,0.7,0.424,0.243,0.238,0.605,0.442,0.288,0.352,0.259,0.658,0.219,0.221,0.073,0.416,0.417,0.137,0.246,0.065,0.27,0.386,0.282,0.562,0.144,0.173,0.248,0.261,0.444,0.808,0.362,0.186,0.303,0.552,0.808,0.422,0.213,0.114,0.68,0.493,0.755,0.413,0.213,0.591,0.477,0.172,0.218,0.408,0.261,0.55,0.344,0.473,0.111,0.371,0.198,0.099,0.489,0.808,0.353,0.426,0.206,0.257,0.299,0.381,0.362,0.417,0.261,0.179
0.331,0.332,0.839,0.345,0.125,0.298,0.48,0.526,0.374,0.367,0.192,0.255,0.271,0.35,0.511,0.163,0.334,0.839,0.259,0.288,0.355,0.298,0.375,0.324,0.307,0.278,0.417,0.274,0.359,0.526,0.379,0.295,0.358,0.299,0.275,0.293,0.204,0.212,0.381,0.309,0.388,0.464,0.839,0.243,0.408,0.839,0.31,0.321,0.24,0.385,0.258,0.839,0.408,0.483,0.839,0.231,0.218,0.369,0.28,0.433,0.275,0.27,0.336,0.215,0.68,0.543,0.27,1.0,0.839,0.839,0.381,0.24,0.262,0.427,0.276,0.192,0.408,0.839,0.218,0.313,0.468,0.193,0.761,0.407,0.839,0.839,0.384,0.268,0.291,0.839,0.27,0.441,0.644,0.35,0.273,0.367,0.22,0.367,0.182,0.424,0.839,0.317,0.489,0.381,0.505,0.372,0.322,0.226,0.839,0.31,0.182,0.248,0.464,0.204,0.323,0.409,0.233,0.244,0.23,0.399,0.839,0.839,0.449,0.839,0.441,0.801,0.808,0.287,0.332,0.379,0.104,0.839,0.276,0.405,0.282,0.397,0.091,0.28,0.208,0.349,0.355,0.238,0.315,0.377,0.267,0.216,0.465,0.119,0.401,0.361,0.132,0.204,0.109,0.232,0.26,0.264,0.438,0.098,0.162,0.296,0.194,0.374,0.839,0.383,0.39,0.332,0.427,0.839,0.27,0.279,0.159,1.0,0.441,0.346,0.238,0.238,0.47,0.159,0.123,0.343,0.456,0.307,0.353,0.268,0.44,0.204,0.353,0.117,0.233,0.259,0.839,0.257,0.383,0.801,0.241,0.269,0.417,0.349,0.34,0.244,0.266
1.0,1.0,1.0,0.808,0.253,0.808,0.414,1.0,0.939,1.0,0.746,0.259,0.274,0.839,0.57,0.234,1.0,1.0,0.305,1.0,1.0,0.396,1.0,1.0,1.0,0.232,1.0,0.324,0.939,0.839,1.0,0.775,1.0,0.382,0.939,1.0,0.402,1.0,1.0,0.345,0.939,0.939,1.0,0.22,1.0,1.0,0.573,0.839,1.0,1.0,0.665,1.0,0.705,0.839,1.0,0.241,0.253,1.0,0.808,1.0,0.694,0.808,0.746,0.249,0.808,0.576,0.808,0.839,1.0,1.0,0.808,0.265,0.562,1.0,0.839,0.784,1.0,1.0,0.571,0.546,1.0,0.032,0.329,1.0,1.0,1.0,1.0,0.839,1.0,1.0,0.808,0.304,0.746,0.219,0.746,1.0,1.0,1.0,0.362,0.839,1.0,0.808,1.0,0.842,0.194,1.0,0.576,0.413,1.0,0.808,0.224,0.802,0.939,0.402,0.359,0.939,0.808,0.839,0.534,0.839,1.0,1.0,0.316,1.0,0.839,0.248,0.939,0.241,0.479,1.0,0.22,1.0,0.305,1.0,0.695,1.0,0.065,0.352,0.808,1.0,1.0,0.802,0.784,0.38,0.746,0.839,0.329,0.042,1.0,0.66,0.169,0.402,0.035,1.0,0.531,0.939,1.0,0.102,0.339,0.413,1.0,1.0,1.0,0.842,0.277,0.44,1.0,1.0,0.808,0.32,0.179,0.839,1.0,0.422,0.808,0.414,1.0,0.266,0.237,0.396,0.939,0.839,1.0,0.784,0.939,0.132,1.0,0.211,0.075,0.437,1.0,1.0,0.839,0.248,0.839,0.839,1.0,0.784,0.802,0.186,0.274
1.0,1.0,1.0,0.808,0.253,0.808,0.414,1.0,0.939,1.0,0.746,0.259,0.274,0.839,0.57,0.234,1.0,1.0,0.305,1.0,1.0,0.396,1.0,1.0,1.0,0.232,1.0,0.324,0.939,0.839,1.0,0.775,1.0,0.382,0.939,1.0,0.402,1.0,1.0,0.345,0.939,0.939,1.0,0.22,1.0,1.0,0.573,0.839,1.0,1.0,0.665,1.0,0.705,0.839,1.0,0.241,0.253,1.0,0.808,1.0,0.694,0.808,0.746,0.249,0.808,0.576,0.808,0.839,1.0,1.0,0.808,0.265,0.562,1.0,0.839,0.784,1.0,1.0,0.571,0.546,1.0,0.032,0.329,1.0,1.0,1.0,1.0,0.839,1.0,1.0,0.808,0.304,0.746,0.219,0.746,1.0,1.0,1.0,0.362,0.839,1.0,0.808,1.0,0.842,0.194,1.0,0.576,0.413,1.0,0.808,0.224,0.802,0.939,0.402,0.359,0.939,0.808,0.839,0.534,0.839,1.0,1.0,0.316,1.0,0.839,0.248,0.939,0.241,0.479,1.0,0.22,1.0,0.305,1.0,0.695,1.0,0.065,0.352,0.808,1.0,1.0,0.802,0.784,0.38,0.746,0.839,0.329,0.042,1.0,0.66,0.169,0.402,0.035,1.0,0.531,0.939,1.0,0.102,0.339,0.413,1.0,1.0,1.0,0.842,0.277,0.44,1.0,1.0,0.808,0.32,0.179,0.839,1.0,0.422,0.808,0.414,1.0,0.266,0.237,0.396,0.939,0.839,1.0,0.784,0.939,0.132,1.0,0.211,0.075,0.437,1.0,1.0,0.839,0.248,0.839,0.839,1.0,0.784,0.802,0.186,0.274
0.482,0.513,0.808,0.816,0.125,0.484,0.386,0.584,0.696,0.666,0.281,0.21,0.216,0.409,0.544,0.177,0.556,0.808,0.332,0.369,0.522,0.289,0.449,0.36,0.323,0.186,0.612,0.192,0.572,0.339,0.542,0.54,0.434,0.323,0.42,0.479,0.29,0.229,0.518,0.335,0.586,0.63,0.808,0.267,0.589,0.808,0.354,0.387,0.365,0.501,0.418,0.808,0.376,0.51,0.808,0.178,0.327,0.616,0.474,0.619,0.415,0.619,0.703,0.485,1.0,0.574,0.619,0.381,0.808,0.808,1.0,0.262,0.318,0.581,0.331,0.239,0.589,0.808,0.231,0.328,0.625,0.225,0.33,0.545,0.808,0.808,0.63,0.298,0.477,0.808,0.619,0.265,0.931,0.229,0.499,0.666,0.263,0.666,0.25,0.516,0.808,0.575,0.766,0.421,0.198,0.54,0.362,0.282,0.808,0.471,0.293,0.359,0.85,0.29,0.255,0.678,0.449,0.298,0.353,0.334,0.808,0.808,0.354,0.808,0.444,0.241,0.889,0.189,0.286,0.542,0.188,0.808,0.3,0.514,0.49,0.704,0.084,0.291,0.24,0.468,0.522,0.276,0.37,0.289,0.659,0.179,0.264,0.134,0.451,0.478,0.137,0.29,0.12,0.299,0.39,0.314,0.528,0.099,0.202,0.262,0.226,0.568,0.808,0.422,0.23,0.393,0.581,0.808,0.4,0.247,0.135,0.68,0.82,0.893,0.474,0.324,0.637,0.272,0.152,0.243,0.497,0.28,0.462,0.324,0.593,0.149,0.476,0.151,0.198,0.399,0.808,0.377,0.474,0.241,0.274,0.281,0.471,0.396,0.464,0.203,0.209
0.265,0.265,0.265,0.232,0.233,0.232,0.183,0.347,0.271,0.265,0.236,0.209,0.19,0.247,0.333,0.254,0.265,0.265,0.151,0.265,0.265,0.154,0.265,0.265,0.265,0.187,0.363,0.214,0.28,0.24,0.265,0.266,0.265,0.259,0.271,0.265,0.302,0.265,0.347,0.272,0.271,0.271,0.265,0.137,0.265,0.265,0.27,0.24,0.265,0.265,0.239,0.265,0.286,0.347,0.265,0.177,0.115,0.265,0.232,0.265,0.368,0.232,0.236,0.098,0.232,0.196,0.232,0.24,0.265,0.265,0.262,1.0,0.223,0.265,0.24,0.256,0.265,0.265,0.281,0.314,0.265,0.049,0.216,0.265,0.265,0.265,0.271,0.24,0.265,0.265,0.232,0.227,0.236,0.402,0.236,0.265,0.271,0.265,0.141,0.24,0.265,0.232,0.271,0.267,0.163,0.265,0.196,0.146,0.265,0.236,0.114,0.266,0.271,0.302,0.271,0.271,0.232,0.262,0.265,0.347,0.265,0.265,0.16,0.265,0.247,0.179,0.271,0.181,0.182,0.265,0.061,0.265,0.434,0.265,0.347,0.265,0.042,0.177,0.232,0.265,0.265,0.262,0.247,0.179,0.236,0.297,0.216,0.056,0.265,0.363,0.148,0.302,0.05,0.265,0.32,0.271,0.265,0.063,0.453,0.286,0.265,0.265,0.265,0.267,0.199,0.19,0.265,0.265,0.232,0.227,0.239,0.24,0.271,0.093,0.232,0.183,0.271,0.092,0.39,0.172,0.271,0.24,0.265,0.247,0.271,0.168,0.265,0.205,0.088,0.19,0.265,0.265,0.24,0.179,0.262,0.24,0.271,0.247,0.262,0.079,0.19
0.264,0.343,0.562,0.282,0.145,0.344,0.767,0.334,0.289,0.327,0.288,0.167,0.129,0.347,0.318,0.137,0.316,0.562,0.201,0.324,0.397,0.183,0.361,0.37,0.322,0.119,0.314,0.166,0.353,0.222,0.322,0.34,0.341,0.19,0.353,0.326,0.36,0.33,0.292,0.619,0.356,0.439,0.562,0.171,0.312,0.562,0.263,0.288,0.28,0.374,0.259,0.562,0.309,0.286,0.562,0.123,0.322,0.316,0.389,0.278,0.207,0.333,0.308,0.297,0.546,0.416,0.333,0.262,0.562,0.562,0.318,0.223,1.0,0.305,0.306,0.312,0.312,0.562,0.284,0.169,0.435,0.083,0.216,0.448,0.562,0.562,0.327,0.27,0.311,0.562,0.333,0.229,0.582,0.161,0.343,0.327,0.312,0.327,0.216,0.422,0.562,0.308,0.371,0.242,0.158,0.327,0.427,0.244,0.562,0.303,0.439,0.29,0.362,0.36,0.228,0.312,0.322,0.336,0.451,0.349,0.562,0.562,0.412,0.562,0.359,0.179,0.597,0.12,0.308,0.322,0.159,0.562,0.228,0.404,0.624,0.361,0.288,0.225,0.308,0.326,0.397,0.344,0.314,0.227,0.31,0.237,0.149,0.164,0.376,0.239,0.187,0.36,0.071,0.3,0.585,0.307,0.468,0.228,0.153,0.202,0.294,0.295,0.562,0.242,0.132,0.407,0.305,0.562,0.336,0.2,0.132,0.487,0.321,0.349,0.261,0.34,0.343,0.203,0.158,0.455,0.295,0.292,0.267,0.297,0.427,0.193,0.41,0.235,0.23,0.526,0.562,0.312,0.386,0.179,0.273,0.314,0.321,0.346,0.322,0.254,0.123
0.722,0.746,1.0,0.584,0.083,0.436,0.48,0.848,0.681,0.912,0.178,0.23,0.264,0.418,0.57,0.146,0.733,1.0,0.225,0.394,0.727,0.322,0.38,0.441,0.302,0.217,0.874,0.24,0.542,0.454,0.73,0.589,0.614,0.267,0.404,0.715,0.378,0.217,0.717,0.345,0.697,0.53,1.0,0.134,0.963,1.0,0.383,0.633,0.482,0.393,0.301,1.0,0.353,0.791,1.0,0.18,0.253,0.765,0.477,0.72,0.458,0.552,0.464,0.249,0.808,0.576,0.552,0.427,1.0,1.0,0.581,0.265,0.305,1.0,0.388,0.197,0.963,1.0,0.229,0.419,0.813,0.03,0.329,0.503,1.0,1.0,0.945,0.436,0.715,1.0,0.552,0.105,0.746,0.219,0.462,0.912,0.26,0.912,0.393,0.497,1.0,0.522,0.726,0.569,0.194,0.625,0.341,0.216,1.0,0.399,0.224,0.365,0.715,0.378,0.249,0.471,0.492,0.234,0.456,0.386,1.0,1.0,0.316,1.0,0.596,0.248,0.939,0.222,0.435,0.73,0.109,1.0,0.305,0.617,0.451,0.879,0.065,0.257,0.17,0.48,0.727,0.286,0.346,0.303,0.619,0.181,0.302,0.04,0.628,0.599,0.175,0.378,0.028,0.333,0.401,0.286,0.65,0.073,0.25,0.28,0.218,0.593,1.0,0.572,0.246,0.308,1.0,1.0,0.388,0.223,0.165,1.0,0.764,0.422,0.346,0.35,0.988,0.204,0.188,0.258,0.612,0.316,0.612,0.297,0.503,0.132,0.339,0.132,0.051,0.359,1.0,0.485,0.452,0.248,0.293,0.39,0.504,0.496,0.608,0.154,0.255
0.284,0.354,0.839,0.294,0.082,0.351,0.48,0.464,0.284,0.372,0.31,0.129,0.116,0.451,0.511,0.108,0.38,0.839,0.119,0.392,0.425,0.142,0.436,0.469,0.395,0.105,0.363,0.116,0.349,0.287,0.379,0.381,0.401,0.177,0.412,0.407,0.162,0.374,0.38,0.309,0.35,0.426,0.839,0.13,0.375,0.839,0.231,0.344,0.352,0.384,0.245,0.839,0.267,0.415,0.839,0.095,0.322,0.365,0.435,0.292,0.305,0.361,0.347,0.226,0.918,0.492,0.361,0.276,0.839,0.839,0.331,0.24,0.306,0.388,1.0,0.369,0.375,0.839,0.321,0.189,0.538,0.048,0.286,0.453,0.839,0.839,0.349,0.384,0.449,0.839,0.361,0.142,0.875,0.191,0.322,0.372,0.398,0.372,0.181,0.412,0.839,0.339,0.495,0.248,0.167,0.366,0.258,0.177,0.839,0.358,0.235,0.35,0.4,0.162,0.174,0.343,0.382,0.372,0.206,0.379,0.839,0.839,0.275,0.839,0.394,0.216,0.808,0.105,0.233,0.379,0.215,0.839,0.276,0.518,0.281,0.414,0.235,0.147,0.22,0.503,0.425,0.386,0.351,0.154,0.308,0.297,0.14,0.136,0.493,0.299,0.101,0.162,0.048,0.39,0.277,0.257,0.462,0.224,0.142,0.199,0.452,0.346,0.839,0.249,0.117,0.205,0.388,0.839,0.394,0.191,0.086,1.0,0.336,0.346,0.287,0.183,0.424,0.361,0.13,0.24,0.312,0.298,0.394,0.312,0.47,0.131,0.361,0.13,0.153,0.345,0.839,0.35,0.462,0.216,0.391,0.399,0.314,0.424,0.337,0.176,0.11
0.163,0.213,0.784,0.184,0.086,0.291,0.521,0.259,0.183,0.197,0.436,0.099,0.08,0.46,0.539,0.184,0.254,0.784,0.117,0.348,0.312,0.105,0.476,0.472,0.453,0.077,0.197,0.079,0.278,0.19,0.246,0.271,0.292,0.133,0.335,0.361,0.102,0.482,0.214,0.323,0.212,0.311,0.784,0.169,0.203,0.784,0.163,0.213,0.31,0.342,0.2,0.784,0.214,0.221,0.784,0.079,0.373,0.217,0.421,0.177,0.187,0.259,0.233,0.714,0.931,0.5,0.259,0.192,0.784,0.784,0.239,0.256,0.312,0.197,0.369,1.0,0.203,0.784,0.323,0.117,0.368,0.054,0.292,0.375,0.784,0.784,0.191,0.428,0.314,0.784,0.259,0.155,1.0,0.186,0.227,0.197,0.511,0.197,0.127,0.3,0.784,0.247,0.392,0.158,0.215,0.219,0.196,0.22,0.784,0.283,0.32,0.262,0.249,0.102,0.129,0.276,0.283,0.421,0.143,0.326,0.784,0.784,0.561,0.784,0.273,0.23,0.854,0.077,0.166,0.246,0.201,0.784,0.285,0.421,0.286,0.226,0.31,0.136,0.31,0.372,0.312,0.509,0.286,0.125,0.237,0.29,0.096,0.172,0.461,0.172,0.081,0.102,0.051,0.4,0.204,0.25,0.299,0.308,0.102,0.139,0.495,0.245,0.784,0.158,0.086,0.161,0.197,0.784,0.292,0.157,0.063,0.926,0.205,0.779,0.228,0.13,0.221,0.252,0.12,0.275,0.196,0.295,0.238,0.328,0.41,0.201,0.338,0.125,0.251,0.375,0.784,0.318,0.453,0.23,0.408,0.401,0.223,0.324,0.223,0.146,0.077
0.708,0.732,1.0,0.577,0.084,0.433,0.521,0.857,0.692,0.898,0.181,0.231,0.266,0.416,0.57,0.149,0.722,1.0,0.231,0.383,0.713,0.328,0.382,0.427,0.302,0.22,0.866,0.24,0.549,0.438,0.717,0.608,0.593,0.267,0.409,0.702,0.38,0.211,0.706,0.345,0.706,0.545,1.0,0.135,1.0,1.0,0.386,0.603,0.473,0.405,0.314,1.0,0.356,0.764,1.0,0.183,0.253,0.754,0.472,0.706,0.463,0.547,0.473,0.249,0.808,0.576,0.547,0.408,1.0,1.0,0.589,0.265,0.312,0.963,0.375,0.203,1.0,1.0,0.236,0.425,0.788,0.03,0.329,0.518,1.0,1.0,0.948,0.416,0.701,1.0,0.547,0.105,0.746,0.219,0.472,0.898,0.261,0.898,0.408,0.48,1.0,0.517,0.707,0.573,0.194,0.616,0.342,0.218,1.0,0.401,0.224,0.372,0.723,0.38,0.251,0.477,0.487,0.229,0.464,0.377,1.0,1.0,0.316,1.0,0.6,0.248,0.939,0.224,0.446,0.717,0.11,1.0,0.305,0.598,0.443,0.868,0.065,0.261,0.169,0.466,0.713,0.296,0.361,0.306,0.633,0.182,0.302,0.039,0.628,0.601,0.187,0.38,0.028,0.327,0.405,0.291,0.632,0.074,0.251,0.279,0.213,0.582,1.0,0.576,0.248,0.312,0.963,1.0,0.384,0.224,0.165,0.926,0.767,0.422,0.344,0.371,0.958,0.211,0.191,0.265,0.62,0.302,0.593,0.308,0.505,0.132,0.337,0.134,0.051,0.37,1.0,0.476,0.441,0.248,0.293,0.37,0.508,0.521,0.632,0.152,0.257
1.0,1.0,1.0,0.808,0.253,0.808,0.414,1.0,0.939,1.0,0.746,0.259,0.274,0.839,0.57,0.234,1.0,1.0,0.305,1.0,1.0,0.396,1.0,1.0,1.0,0.232,1.0,0.324,0.939,0.839,1.0,0.775,1.0,0.382,0.939,1.0,0.402,1.0,1.0,0.345,0.939,0.939,1.0,0.22,1.0,1.0,0.573,0.839,1.0,1.0,0.665,1.0,0.705,0.839,1.0,0.241,0.253,1.0,0.808,1.0,0.694,0.808,0.746,0.249,0.808,0.576,0.808,0.839,1.0,1.0,0.808,0.265,0.562,1.0,0.839,0.784,1.0,1.0,0.571,0.546,1.0,0.032,0.329,1.0,1.0,1.0,1.0,0.839,1.0,1.0,0.808,0.304,0.746,0.219,0.746,1.0,1.0,1.0,0.362,0.839,1.0,0.808,1.0,0.842,0.194,1.0,0.576,0.413,1.0,0.808,0.224,0.802,0.939,0.402,0.359,0.939,0.808,0.839,0.534,0.839,1.0,1.0,0.316,1.0,0.839,0.248,0.939,0.241,0.479,1.0,0.22,1.0,0.305,1.0,0.695,1.0,0.065,0.352,0.808,1.0,1.0,0.802,0.784,0.38,0.746,0.839,0.329,0.042,1.0,0.66,0.169,0.402,0.035,1.0,0.531,0.939,1.0,0.102,0.339,0.413,1.0,1.0,1.0,0.842,0.277,0.44,1.0,1.0,0.808,0.32,0.179,0.839,1.0,0.422,0.808,0.414,1.0,0.266,0.237,0.396,0.939,0.839,1.0,0.784,0.939,0.132,1.0,0.211,0.075,0.437,1.0,1.0,0.839,0.248,0.839,0.839,1.0,0.784,0.802,0.186,0.274
0.167,0.238,0.571,0.184,0.086,0.196,0.543,0.317,0.206,0.194,0.259,0.133,0.088,0.49,0.435,0.114,0.34,0.571,0.125,0.263,0.195,0.123,0.416,0.374,0.278,0.088,0.227,0.085,0.268,0.197,0.211,0.331,0.368,0.191,0.353,0.205,0.114,0.295,0.219,0.301,0.232,0.378,0.571,0.172,0.236,0.571,0.232,0.263,0.215,0.361,0.253,0.571,0.257,0.28,0.571,0.08,0.219,0.191,0.216,0.208,0.193,0.228,0.23,0.14,0.49,0.391,0.228,0.218,0.571,0.571,0.231,0.281,0.284,0.229,0.321,0.323,0.236,0.571,1.0,0.132,0.265,0.119,0.241,0.367,0.571,0.571,0.209,0.355,0.193,0.571,0.228,0.187,0.512,0.193,0.239,0.194,0.313,0.194,0.174,0.313,0.571,0.249,0.318,0.161,0.175,0.252,0.288,0.205,0.571,0.265,0.209,0.298,0.268,0.114,0.219,0.286,0.217,0.412,0.16,0.326,0.571,0.571,0.24,0.571,0.308,0.2,0.607,0.086,0.265,0.211,0.157,0.571,0.331,0.28,0.224,0.22,0.321,0.126,0.251,0.256,0.195,0.382,0.283,0.12,0.155,0.239,0.102,0.228,0.302,0.212,0.11,0.114,0.09,0.285,0.249,0.211,0.355,0.271,0.139,0.195,0.343,0.267,0.571,0.162,0.098,0.178,0.229,0.571,0.328,0.203,0.079,0.679,0.244,0.196,0.213,0.187,0.261,0.188,0.112,0.183,0.213,0.232,0.238,0.26,0.347,0.151,0.377,0.212,0.25,0.262,0.571,0.212,0.371,0.2,0.349,0.325,0.268,0.371,0.274,0.229,0.083
0.325,0.336,0.546,0.294,0.102,0.268,0.271,0.547,0.353,0.416,0.127,0.317,0.611,0.222,0.778,0.086,0.347,0.546,0.251,0.211,0.339,0.34,0.212,0.221,0.193,0.5,0.577,0.325,0.311,0.434,0.343,0.327,0.28,0.326,0.225,0.327,0.371,0.126,0.478,0.444,0.368,0.299,0.546,0.132,0.425,0.546,0.348,0.272,0.24,0.21,0.213,0.546,0.353,0.584,0.546,0.569,0.173,0.386,0.251,0.339,0.464,0.268,0.284,0.157,0.473,0.43,0.268,0.313,0.546,0.546,0.328,0.314,0.169,0.419,0.189,0.117,0.425,0.546,0.132,1.0,0.38,0.064,0.554,0.267,0.546,0.546,0.445,0.199,0.327,0.546,0.268,0.164,0.495,0.282,0.27,0.416,0.154,0.416,0.151,0.238,0.546,0.308,0.367,0.532,0.453,0.318,0.258,0.16,0.546,0.237,0.144,0.229,0.394,0.371,0.317,0.338,0.243,0.145,0.291,0.312,0.546,0.546,0.302,0.546,0.337,0.423,0.573,0.532,0.169,0.343,0.072,0.546,0.371,0.304,0.358,0.429,0.037,0.576,0.16,0.248,0.339,0.162,0.193,0.381,0.33,0.108,0.494,0.07,0.306,0.68,0.172,0.371,0.127,0.182,0.28,0.207,0.308,0.049,0.286,0.362,0.124,0.289,0.546,0.537,0.432,0.247,0.419,0.546,0.202,0.269,0.224,0.492,0.386,0.229,0.238,0.231,0.453,0.112,0.201,0.279,0.537,0.155,0.287,0.178,0.279,0.174,0.189,0.102,0.097,0.215,0.546,0.242,0.236,0.423,0.161,0.182,0.376,0.253,0.307,0.076,0.583
0.627,0.673,1.0,0.642,0.142,0.674,0.48,0.769,0.629,0.818,0.384,0.209,0.23,0.525,0.57,0.178,0.689,1.0,0.246,0.514,0.941,0.282,0.471,0.638,0.444,0.198,0.751,0.228,0.545,0.453,0.719,0.534,0.597,0.273,0.486,0.676,0.324,0.404,0.681,0.345,0.672,0.587,1.0,0.165,0.788,1.0,0.368,0.57,0.529,0.49,0.347,1.0,0.424,0.701,1.0,0.201,0.327,0.732,0.815,0.67,0.436,0.583,0.567,0.249,1.0,0.576,0.583,0.468,1.0,1.0,0.625,0.265,0.435,0.813,0.538,0.368,0.788,1.0,0.265,0.38,1.0,0.104,0.329,0.569,1.0,1.0,0.776,0.463,0.665,1.0,0.583,0.193,0.931,0.219,0.542,0.818,0.492,0.818,0.321,0.568,1.0,0.591,0.747,0.519,0.194,0.62,0.357,0.259,1.0,0.49,0.253,0.385,0.753,0.324,0.244,0.534,0.608,0.304,0.397,0.454,1.0,1.0,0.316,1.0,0.562,0.248,0.939,0.202,0.381,0.719,0.141,1.0,0.305,0.851,0.455,0.834,0.12,0.279,0.265,0.634,0.941,0.405,0.372,0.284,0.612,0.242,0.272,0.218,0.739,0.541,0.156,0.324,0.082,0.545,0.416,0.404,0.678,0.241,0.236,0.275,0.39,0.604,1.0,0.521,0.226,0.36,0.813,1.0,0.479,0.245,0.152,1.0,0.707,0.422,0.445,0.332,0.831,0.21,0.19,0.334,0.572,0.383,0.595,0.374,0.618,0.22,0.452,0.16,0.2,0.396,1.0,0.559,0.593,0.248,0.363,0.465,0.512,0.537,0.561,0.177,0.225
0.029,0.101,0.032,0.299,0.088,0.134,0.024,0.055,0.261,0.03,0.143,0.139,0.046,0.078,0.036,0.168,0.043,0.032,0.272,0.087,0.135,0.104,0.1,0.097,0.086,0.039,0.034,0.042,0.186,0.083,0.192,0.124,0.071,0.181,0.083,0.043,0.043,0.061,0.09,0.042,0.037,0.146,0.032,0.208,0.03,0.032,0.107,0.049,0.034,0.139,0.23,0.032,0.117,0.059,0.032,0.083,0.095,0.052,0.12,0.344,0.042,0.067,0.248,0.085,0.025,0.042,0.067,0.193,0.032,0.032,0.225,0.049,0.083,0.03,0.048,0.054,0.03,0.032,0.119,0.064,0.104,1.0,0.054,0.174,0.032,0.032,0.032,0.053,0.04,0.032,0.067,0.202,0.025,0.065,0.15,0.03,0.073,0.03,0.025,0.107,0.032,0.136,0.181,0.039,0.039,0.082,0.159,0.186,0.032,0.112,0.033,0.065,0.267,0.043,0.122,0.17,0.047,0.096,0.058,0.092,0.032,0.032,0.035,0.032,0.045,0.041,0.033,0.039,0.057,0.192,0.045,0.032,0.04,0.095,0.042,0.029,0.054,0.132,0.1,0.083,0.135,0.077,0.112,0.089,0.032,0.058,0.049,0.211,0.063,0.043,0.042,0.043,0.163,0.076,0.051,0.107,0.092,0.078,0.032,0.058,0.049,0.324,0.032,0.039,0.092,0.187,0.03,0.032,0.101,0.106,0.038,0.026,0.256,0.041,0.095,0.211,0.031,0.038,0.044,0.08,0.052,0.122,0.05,0.07,0.138,0.135,0.131,0.055,0.235,0.038,0.032,0.06,0.137,0.041,0.045,0.076,0.105,0.157,0.056,0.177,0.043
0.329,0.329,0.329,0.271,0.193,0.271,0.16,0.48,0.329,0.329,0.272,0.44,0.605,0.292,0.443,0.086,0.329,0.329,0.375,0.329,0.329,0.517,0.33,0.329,0.343,0.549,0.476,0.488,0.341,1.0,0.329,0.346,0.329,0.478,0.329,0.329,0.317,0.329,0.48,0.288,0.329,0.329,0.329,0.198,0.329,0.329,0.41,0.286,0.329,0.329,0.299,0.329,0.646,0.48,0.329,0.568,0.157,0.343,0.271,0.329,0.495,0.271,0.272,0.228,0.271,0.67,0.271,0.761,0.329,0.329,0.33,0.216,0.216,0.329,0.286,0.292,0.329,0.329,0.241,0.554,0.329,0.054,1.0,0.329,0.329,0.329,0.329,0.286,0.329,0.329,0.271,0.478,0.272,0.37,0.272,0.329,0.329,0.329,0.107,0.286,0.329,0.271,0.329,0.652,0.538,0.33,0.67,0.319,0.329,0.272,0.148,0.346,0.329,0.317,0.534,0.502,0.271,0.33,0.303,0.493,0.329,0.329,0.398,0.329,0.517,0.719,0.329,0.581,0.14,0.329,0.176,0.329,0.253,0.329,0.48,0.329,0.039,0.568,0.39,0.329,0.329,0.33,0.292,0.719,0.292,0.289,1.0,0.064,0.329,0.48,0.224,0.317,0.054,0.329,0.361,0.329,0.329,0.079,0.286,0.646,0.329,0.329,0.329,0.652,0.9,0.527,0.329,0.329,0.271,0.478,0.295,0.286,0.329,0.341,0.271,0.16,0.329,0.198,0.182,0.694,0.912,0.286,0.329,0.44,0.329,0.219,0.329,0.157,0.132,0.309,0.329,0.329,0.286,0.719,0.33,0.286,1.0,0.289,0.33,0.11,0.605
0.41,0.548,1.0,0.525,0.141,0.421,0.521,0.58,0.525,0.511,0.378,0.18,0.16,0.5,0.57,0.162,0.514,1.0,0.235,0.42,0.464,0.222,0.55,0.473,0.42,0.146,0.503,0.155,0.536,0.344,0.475,0.496,0.591,0.275,0.533,0.484,0.214,0.454,0.479,0.345,0.521,0.705,1.0,0.233,0.518,1.0,0.313,0.421,0.406,0.545,0.397,1.0,0.408,0.496,1.0,0.149,0.332,0.486,0.455,0.493,0.327,0.461,0.55,0.249,0.931,0.576,0.461,0.407,1.0,1.0,0.545,0.265,0.448,0.503,0.453,0.375,0.518,1.0,0.367,0.267,0.569,0.174,0.329,1.0,1.0,1.0,0.505,0.461,0.544,1.0,0.461,0.276,1.0,0.219,0.523,0.511,0.416,0.511,0.23,0.584,1.0,0.476,0.661,0.363,0.194,0.495,0.537,0.249,1.0,0.552,0.273,0.398,0.658,0.214,0.279,0.527,0.513,0.455,0.283,0.478,1.0,1.0,0.319,1.0,0.468,0.248,0.939,0.147,0.342,0.475,0.177,1.0,0.305,0.526,0.336,0.562,0.288,0.223,0.287,0.509,0.464,0.423,0.477,0.22,0.428,0.29,0.193,0.14,0.547,0.392,0.127,0.214,0.106,0.399,0.371,0.362,0.667,0.265,0.177,0.238,0.416,0.491,1.0,0.365,0.172,0.326,0.503,1.0,0.487,0.239,0.112,0.926,0.594,0.422,0.463,0.275,0.55,0.235,0.145,0.262,0.426,0.361,0.435,0.415,0.639,0.193,0.557,0.232,0.274,0.369,1.0,0.408,0.56,0.248,0.416,0.475,0.446,0.518,0.584,0.299,0.155
1.0,1.0,1.0,0.808,0.253,0.808,0.414,1.0,0.939,1.0,0.746,0.259,0.274,0.839,0.57,0.234,1.0,1.0,0.305,1.0,1.0,0.396,1.0,1.0,1.0,0.232,1.0,0.324,0.939,0.839,1.0,0.775,1.0,0.382,0.939,1.0,0.402,1.0,1.0,0.345,0.939,0.939,1.0,0.22,1.0,1.0,0.573,0.839,1.0,1.0,0.665,1.0,0.705,0.839,1.0,0.241,0.253,1.0,0.808,1.0,0.694,0.808,0.746,0.249,0.808,0.576,0.808,0.839,1.0,1.0,0.808,0.265,0.562,1.0,0.839,0.784,1.0,1.0,0.571,0.546,1.0,0.032,0.329,1.0,1.0,1.0,1.0,0.839,1.0,1.0,0.808,0.304,0.746,0.219,0.746,1.0,1.0,1.0,0.362,0.839,1.0,0.808,1.0,0.842,0.194,1.0,0.576,0.413,1.0,0.808,0.224,0.802,0.939,0.402,0.359,0.939,0.808,0.839,0.534,0.839,1.0,1.0,0.316,1.0,0.839,0.248,0.939,0.241,0.479,1.0,0.22,1.0,0.305,1.0,0.695,1.0,0.065,0.352,0.808,1.0,1.0,0.802,0.784,0.38,0.746,0.839,0.329,0.042,1.0,0.66,0.169,0.402,0.035,1.0,0.531,0.939,1.0,0.102,0.339,0.413,1.0,1.0,1.0,0.842,0.277,0.44,1.0,1.0,0.808,0.32,0.179,0.839,1.0,0.422,0.808,0.414,1.0,0.266,0.237,0.396,0.939,0.839,1.0,0.784,0.939,0.132,1.0,0.211,0.075,0.437,1.0,1.0,0.839,0.248,0.839,0.839,1.0,0.784,0.802,0.186,0.274
1.0,1.0,1.0,0.808,0.253,0.808,0.414,1.0,0.939,1.0,0.746,0.259,0.274,0.839,0.57,0.234,1.0,1.0,0.305,1.0,1.0,0.396,1.0,1.0,1.0,0.232,1.0,0.324,0.939,0.839,1.0,0.775,1.0,0.382,0.939,1.0,0.402,1.0,1.0,0.345,0.939,0.939,1.0,0.22,1.0,1.0,0.573,0.839,1.0,1.0,0.665,1.0,0.705,0.839,1.0,0.241,0.253,1.0,0.808,1.0,0.694,0.808,0.746,0.249,0.808,0.576,0.808,0.839,1.0,1.0,0.808,0.265,0.562,1.0,0.839,0.784,1.0,1.0,0.571,0.546,1.0,0.032,0.329,1.0,1.0,1.0,1.0,0.839,1.0,1.0,0.808,0.304,0.746,0.219,0.746,1.0,1.0,1.0,0.362,0.839,1.0,0.808,1.0,0.842,0.194,1.0,0.576,0.413,1.0,0.808,0.224,0.802,0.939,0.402,0.359,0.939,0.808,0.839,0.534,0.839,1.0,1.0,0.316,1.0,0.839,0.248,0.939,0.241,0.479,1.0,0.22,1.0,0.305,1.0,0.695,1.0,0.065,0.352,0.808,1.0,1.0,0.802,0.784,0.38,0.746,0.839,0.329,0.042,1.0,0.66,0.169,0.402,0.035,1.0,0.531,0.939,1.0,0.102,0.339,0.413,1.0,1.0,1.0,0.842,0.277,0.44,1.0,1.0,0.808,0.32,0.179,0.839,1.0,0.422,0.808,0.414,1.0,0.266,0.237,0.396,0.939,0.839,1.0,0.784,0.939,0.132,1.0,0.211,0.075,0.437,1.0,1.0,0.839,0.248,0.839,0.839,1.0,0.784,0.802,0.186,0.274
0.747,0.771,1.0,0.609,0.089,0.464,0.459,0.81,0.744,0.937,0.194,0.243,0.278,0.387,0.596,0.159,0.751,1.0,0.252,0.378,0.752,0.361,0.368,0.42,0.293,0.233,0.912,0.248,0.589,0.421,0.756,0.676,0.581,0.276,0.43,0.74,0.394,0.21,0.737,0.358,0.763,0.54,1.0,0.147,0.948,1.0,0.41,0.566,0.499,0.383,0.35,1.0,0.376,0.723,1.0,0.194,0.264,0.785,0.498,0.745,0.482,0.573,0.52,0.266,0.808,0.589,0.573,0.384,1.0,1.0,0.63,0.271,0.327,0.945,0.349,0.191,0.948,1.0,0.209,0.445,0.776,0.032,0.329,0.505,1.0,1.0,1.0,0.385,0.74,1.0,0.573,0.108,0.817,0.219,0.511,0.937,0.271,0.937,0.382,0.458,1.0,0.559,0.713,0.616,0.213,0.657,0.359,0.225,1.0,0.421,0.247,0.403,0.769,0.394,0.258,0.496,0.51,0.228,0.502,0.365,1.0,1.0,0.346,1.0,0.559,0.258,1.0,0.239,0.392,0.756,0.119,1.0,0.312,0.589,0.454,0.913,0.07,0.279,0.178,0.461,0.752,0.283,0.333,0.326,0.68,0.169,0.313,0.041,0.592,0.628,0.179,0.394,0.03,0.344,0.44,0.306,0.622,0.074,0.266,0.284,0.213,0.613,1.0,0.619,0.262,0.336,0.945,1.0,0.403,0.236,0.172,0.839,0.808,0.422,0.36,0.34,0.968,0.201,0.2,0.266,0.655,0.28,0.581,0.282,0.496,0.132,0.345,0.141,0.052,0.372,1.0,0.502,0.42,0.258,0.279,0.34,0.526,0.473,0.601,0.159,0.271
0.279,0.37,0.839,0.246,0.073,0.255,0.48,0.521,0.279,0.369,0.298,0.137,0.125,0.491,0.511,0.096,0.473,0.839,0.116,0.324,0.332,0.145,0.429,0.627,0.357,0.115,0.403,0.113,0.348,0.285,0.345,0.441,0.55,0.185,0.431,0.433,0.168,0.427,0.394,0.309,0.348,0.418,0.839,0.194,0.416,0.839,0.231,0.432,0.408,0.309,0.246,0.839,0.242,0.473,0.839,0.096,0.218,0.35,0.359,0.291,0.26,0.282,0.299,0.198,0.68,0.492,0.282,0.268,0.839,0.839,0.298,0.24,0.27,0.436,0.384,0.428,0.416,0.839,0.355,0.199,0.463,0.053,0.286,0.461,0.839,0.839,0.385,1.0,0.397,0.839,0.282,0.147,0.644,0.191,0.283,0.369,0.517,0.369,0.193,0.378,0.839,0.288,0.512,0.251,0.167,0.369,0.291,0.242,0.839,0.375,0.182,0.342,0.373,0.168,0.176,0.314,0.302,0.384,0.205,0.366,0.839,0.839,0.265,0.839,0.403,0.216,0.808,0.115,0.234,0.345,0.189,0.839,0.276,0.483,0.276,0.403,0.305,0.145,0.251,0.42,0.332,0.496,0.343,0.155,0.259,0.287,0.154,0.118,0.589,0.337,0.103,0.168,0.05,0.47,0.323,0.214,0.464,0.321,0.144,0.208,0.469,0.313,0.839,0.253,0.127,0.187,0.436,0.839,0.422,0.187,0.09,1.0,0.356,0.346,0.336,0.177,0.483,0.212,0.126,0.239,0.319,0.297,0.372,0.312,0.466,0.112,0.274,0.208,0.168,0.332,0.839,0.348,0.418,0.216,0.568,0.521,0.321,0.528,0.473,0.161,0.119
0.519,0.551,1.0,0.429,0.075,0.373,0.414,0.688,0.491,0.707,0.336,0.183,0.211,0.408,0.57,0.12,0.568,1.0,0.174,0.359,0.586,0.247,0.361,0.405,0.305,0.183,0.711,0.184,0.486,0.34,0.611,0.45,0.454,0.236,0.344,0.791,0.294,0.37,0.563,0.345,0.54,0.443,1.0,0.122,0.701,1.0,0.327,0.407,0.535,0.345,0.233,1.0,0.308,0.612,1.0,0.14,0.253,0.612,0.562,0.525,0.393,0.478,0.37,0.249,0.808,0.576,0.478,0.291,1.0,1.0,0.477,0.265,0.311,0.715,0.449,0.314,0.701,1.0,0.193,0.327,0.665,0.04,0.329,0.544,1.0,1.0,0.74,0.397,1.0,1.0,0.478,0.096,0.746,0.219,0.347,0.707,0.44,0.707,0.269,0.403,1.0,0.429,0.698,0.434,0.194,0.496,0.27,0.165,1.0,0.347,0.224,0.317,0.591,0.294,0.212,0.404,0.61,0.257,0.352,0.333,1.0,1.0,0.316,1.0,0.451,0.248,0.939,0.185,0.267,0.611,0.13,1.0,0.305,0.6,0.398,0.715,0.083,0.209,0.172,0.594,0.586,0.28,0.249,0.243,0.469,0.163,0.252,0.12,0.687,0.518,0.131,0.294,0.04,0.481,0.35,0.242,0.517,0.148,0.211,0.252,0.384,0.475,1.0,0.437,0.205,0.263,0.715,1.0,0.302,0.211,0.137,0.839,0.607,0.422,0.268,0.224,0.76,0.298,0.194,0.305,0.484,0.263,0.498,0.298,0.429,0.132,0.312,0.113,0.16,0.407,1.0,0.523,0.467,0.248,0.353,0.522,0.428,0.336,0.432,0.132,0.202
1.0,1.0,1.0,0.808,0.253,0.808,0.414,1.0,0.939,1.0,0.746,0.259,0.274,0.839,0.57,0.234,1.0,1.0,0.305,1.0,1.0,0.396,1.0,1.0,1.0,0.232,1.0,0.324,0.939,0.839,1.0,0.775,1.0,0.382,0.939,1.0,0.402,1.0,1.0,0.345,0.939,0.939,1.0,0.22,1.0,1.0,0.573,0.839,1.0,1.0,0.665,1.0,0.705,0.839,1.0,0.241,0.253,1.0,0.808,1.0,0.694,0.808,0.746,0.249,0.808,0.576,0.808,0.839,1.0,1.0,0.808,0.265,0.562,1.0,0.839,0.784,1.0,1.0,0.571,0.546,1.0,0.032,0.329,1.0,1.0,1.0,1.0,0.839,1.0,1.0,0.808,0.304,0.746,0.219,0.746,1.0,1.0,1.0,0.362,0.839,1.0,0.808,1.0,0.842,0.194,1.0,0.576,0.413,1.0,0.808,0.224,0.802,0.939,0.402,0.359,0.939,0.808,0.839,0.534,0.839,1.0,1.0,0.316,1.0,0.839,0.248,0.939,0.241,0.479,1.0,0.22,1.0,0.305,1.0,0.695,1.0,0.065,0.352,0.808,1.0,1.0,0.802,0.784,0.38,0.746,0.839,0.329,0.042,1.0,0.66,0.169,0.402,0.035,1.0,0.531,0.939,1.0,0.102,0.339,0.413,1.0,1.0,1.0,0.842,0.277,0.44,1.0,1.0,0.808,0.32,0.179,0.839,1.0,0.422,0.808,0.414,1.0,0.266,0.237,0.396,0.939,0.839,1.0,0.784,0.939,0.132,1.0,0.211,0.075,0.437,1.0,1.0,0.839,0.248,0.839,0.839,1.0,0.784,0.802,0.186,0.274
0.465,0.507,0.808,0.491,0.116,0.419,0.344,0.552,0.42,0.654,0.233,0.156,0.185,0.408,0.49,0.127,0.543,0.808,0.226,0.355,0.442,0.252,0.386,0.35,0.312,0.162,0.562,0.166,0.435,0.293,0.526,0.433,0.448,0.208,0.432,0.44,0.246,0.259,0.463,0.296,0.537,0.495,0.808,0.267,0.547,0.808,0.28,0.372,0.335,0.361,0.276,0.808,0.31,0.49,0.808,0.149,0.327,0.584,0.443,0.435,0.472,1.0,0.442,0.439,1.0,0.473,1.0,0.27,0.808,0.808,0.619,0.232,0.333,0.552,0.361,0.259,0.547,0.808,0.228,0.268,0.583,0.067,0.271,0.461,0.808,0.808,0.573,0.282,0.478,0.808,1.0,0.119,0.931,0.182,0.465,0.654,0.256,0.654,0.231,0.74,0.808,0.537,0.548,0.361,0.172,0.43,0.371,0.206,0.808,0.433,0.253,0.331,0.61,0.246,0.21,0.484,0.492,0.281,0.309,0.327,0.808,0.808,0.337,0.808,0.44,0.206,0.781,0.164,0.28,0.526,0.35,0.808,0.267,0.486,0.488,0.7,0.424,0.243,0.238,0.605,0.442,0.288,0.352,0.259,0.658,0.219,0.221,0.073,0.416,0.417,0.137,0.246,0.065,0.27,0.386,0.282,0.562,0.144,0.173,0.248,0.261,0.444,0.808,0.362,0.186,0.303,0.552,0.808,0.422,0.213,0.114,0.68,0.493,0.755,0.413,0.213,0.591,0.477,0.172,0.218,0.408,0.261,0.55,0.344,0.473,0.111,0.371,0.198,0.099,0.489,0.808,0.353,0.426,0.206,0.257,0.299,0.381,0.362,0.417,0.261,0.179
0.088,0.152,0.304,0.267,0.131,0.184,0.165,0.183,0.252,0.104,0.178,0.406,0.145,0.172,0.386,0.125,0.127,0.304,0.241,0.146,0.182,0.145,0.27,0.213,0.215,0.154,0.143,0.126,0.242,0.221,0.226,0.199,0.15,0.392,0.168,0.098,0.112,0.168,0.218,0.274,0.177,0.326,0.304,0.24,0.105,0.304,0.344,0.135,0.088,0.335,0.242,0.304,0.463,0.184,0.304,0.141,0.194,0.135,0.168,0.251,0.163,0.119,0.326,0.153,0.257,0.381,0.119,0.441,0.304,0.304,0.265,0.227,0.229,0.105,0.142,0.155,0.105,0.304,0.187,0.164,0.193,0.202,0.478,0.276,0.304,0.304,0.108,0.147,0.096,0.304,0.119,1.0,0.254,0.352,0.169,0.104,0.161,0.104,0.061,0.273,0.304,0.17,0.262,0.152,0.346,0.26,0.285,0.223,0.304,0.276,0.194,0.168,0.308,0.112,0.4,0.334,0.098,0.219,0.12,0.284,0.304,0.304,0.355,0.304,0.166,0.378,0.302,0.153,0.155,0.226,0.127,0.304,0.267,0.186,0.162,0.116,0.125,0.19,0.245,0.195,0.182,0.154,0.188,0.173,0.087,0.168,0.184,0.151,0.15,0.198,0.103,0.112,0.138,0.139,0.14,0.217,0.246,0.126,0.121,0.347,0.128,0.259,0.304,0.152,0.187,0.232,0.105,0.304,0.181,0.533,0.125,0.268,0.277,0.186,0.192,0.177,0.12,0.111,0.097,0.197,0.295,0.181,0.159,0.149,0.263,0.215,0.331,0.102,0.419,0.152,0.304,0.116,0.231,0.378,0.14,0.132,0.237,0.227,0.128,0.327,0.141
0.746,0.746,0.746,0.931,0.226,0.931,0.374,0.746,0.817,0.931,1.0,0.219,0.236,1.0,0.511,0.21,0.853,0.746,0.31,0.931,0.746,0.333,1.0,0.746,1.0,0.204,0.761,0.279,0.817,0.644,0.746,0.664,0.746,0.314,0.931,0.746,0.352,1.0,0.746,0.306,1.0,1.0,0.746,0.239,0.746,0.746,0.491,0.644,0.746,0.746,0.584,0.746,0.867,0.644,0.746,0.212,0.332,0.931,0.931,0.746,0.609,0.931,1.0,0.248,0.931,0.475,0.931,0.644,0.746,0.746,0.931,0.236,0.582,0.746,0.875,1.0,0.746,0.746,0.512,0.495,0.931,0.025,0.272,1.0,0.746,0.746,0.817,0.644,0.746,0.746,0.931,0.254,1.0,0.175,1.0,0.931,0.817,0.931,0.321,0.931,0.746,0.931,0.931,0.692,0.174,0.746,0.475,0.397,0.746,1.0,0.273,0.693,1.0,0.352,0.312,1.0,0.931,0.693,0.463,0.644,0.746,0.746,0.319,0.746,0.698,0.215,0.817,0.21,0.407,0.746,0.239,0.746,0.272,0.931,0.542,1.0,0.049,0.354,0.931,0.931,0.746,0.698,0.698,0.385,1.0,0.698,0.272,0.033,0.746,0.584,0.149,0.352,0.028,0.746,0.582,0.817,0.931,0.078,0.295,0.334,1.0,0.746,0.746,0.692,0.233,0.582,0.746,0.746,0.931,0.394,0.154,0.644,0.817,0.316,0.931,0.374,0.817,0.223,0.22,0.333,0.817,0.644,0.746,0.698,1.0,0.1,1.0,0.27,0.055,0.582,0.746,0.746,1.0,0.215,0.698,0.644,0.817,0.698,0.698,0.134,0.236
0.219,0.219,0.219,0.182,0.214,0.257,0.126,0.295,0.211,0.219,0.175,0.342,0.304,0.196,0.268,0.123,0.219,0.219,0.236,0.224,0.219,0.24,0.259,0.219,0.305,0.321,0.273,0.304,0.212,0.37,0.219,0.245,0.219,0.352,0.211,0.219,0.221,0.219,0.295,0.21,0.211,0.259,0.219,0.222,0.219,0.219,0.322,0.191,0.219,0.259,0.219,0.219,0.442,0.295,0.219,0.289,0.136,0.226,0.182,0.219,0.291,0.182,0.175,0.136,0.182,0.287,0.182,0.35,0.219,0.219,0.229,0.402,0.161,0.219,0.191,0.186,0.219,0.219,0.193,0.282,0.219,0.065,0.37,0.219,0.219,0.219,0.219,0.191,0.219,0.219,0.182,0.352,0.175,1.0,0.175,0.219,0.219,0.219,0.111,0.191,0.219,0.182,0.219,0.321,0.294,0.229,0.287,0.204,0.219,0.189,0.171,0.245,0.211,0.221,0.389,0.384,0.182,0.248,0.245,0.338,0.219,0.219,0.256,0.219,0.257,0.301,0.211,0.306,0.126,0.219,0.084,0.219,0.313,0.219,0.295,0.219,0.051,0.289,0.307,0.219,0.219,0.229,0.206,0.301,0.175,0.246,0.37,0.072,0.219,0.298,0.239,0.221,0.063,0.219,0.279,0.256,0.219,0.086,0.359,0.442,0.219,0.219,0.219,0.321,0.353,0.24,0.219,0.219,0.182,0.352,0.376,0.191,0.219,0.143,0.182,0.126,0.219,0.146,0.25,0.303,0.39,0.191,0.219,0.278,0.211,0.233,0.259,0.158,0.132,0.211,0.219,0.219,0.191,0.301,0.229,0.191,0.37,0.186,0.229,0.113,0.304
0.354,0.721,0.746,0.508,0.111,0.562,0.374,0.522,0.478,0.564,0.309,0.16,0.166,0.434,0.511,0.152,0.48,0.746,0.305,0.392,0.407,0.29,0.41,0.335,0.321,0.15,0.505,0.144,0.44,0.311,0.431,0.45,0.428,0.214,0.545,0.348,0.225,0.279,0.409,0.306,0.549,0.522,0.746,0.186,0.472,0.746,0.275,0.329,0.259,0.337,0.475,0.746,0.331,0.462,0.746,0.156,0.332,0.497,0.412,0.428,0.291,0.465,0.513,0.248,0.931,0.475,0.465,0.273,0.746,0.746,0.499,0.236,0.343,0.462,0.322,0.227,0.472,0.746,0.239,0.27,0.542,0.15,0.272,0.523,0.746,0.746,0.511,0.283,0.347,0.746,0.465,0.169,1.0,0.175,1.0,0.564,0.241,0.564,0.217,0.597,0.746,0.652,0.533,0.325,0.174,0.421,0.362,0.214,0.746,0.479,0.273,0.316,0.65,0.225,0.227,0.437,0.479,0.261,0.28,0.353,0.746,0.746,0.319,0.746,0.392,0.215,0.817,0.151,0.258,0.431,0.166,0.746,0.272,0.439,0.283,0.648,0.211,0.263,0.223,0.362,0.407,0.312,0.304,0.287,0.516,0.203,0.194,0.143,0.37,0.415,0.116,0.225,0.269,0.223,0.385,0.289,0.603,0.154,0.178,0.208,0.247,0.401,0.746,0.327,0.229,0.364,0.462,0.746,0.423,0.22,0.113,0.644,0.503,0.316,0.386,0.285,0.533,0.159,0.14,0.236,0.379,0.261,0.333,0.365,0.454,0.166,0.368,0.213,0.297,0.324,0.746,0.271,0.426,0.215,0.246,0.316,0.466,0.403,0.447,0.274,0.159
0.714,0.748,1.0,0.712,0.082,0.519,0.414,0.785,0.674,1.0,0.21,0.227,0.261,0.397,0.57,0.145,0.772,1.0,0.232,0.4,0.719,0.319,0.373,0.406,0.307,0.215,0.868,0.237,0.538,0.401,0.723,0.582,0.563,0.265,0.449,0.708,0.374,0.223,0.711,0.345,0.76,0.551,1.0,0.142,0.898,1.0,0.381,0.536,0.477,0.364,0.296,1.0,0.383,0.705,1.0,0.178,0.327,0.835,0.58,0.712,0.453,0.654,0.562,0.249,1.0,0.576,0.654,0.367,1.0,1.0,0.666,0.265,0.327,0.912,0.372,0.197,0.898,1.0,0.194,0.416,0.818,0.03,0.329,0.511,1.0,1.0,0.937,0.369,0.707,1.0,0.654,0.104,0.931,0.219,0.564,1.0,0.256,1.0,0.34,0.509,1.0,0.617,0.73,0.563,0.194,0.622,0.338,0.211,1.0,0.487,0.253,0.357,0.81,0.374,0.246,0.514,0.594,0.216,0.452,0.356,1.0,1.0,0.316,1.0,0.522,0.248,0.939,0.22,0.356,0.723,0.117,1.0,0.305,0.62,0.442,0.986,0.065,0.264,0.19,0.483,0.719,0.257,0.304,0.312,0.742,0.161,0.299,0.039,0.566,0.596,0.157,0.374,0.028,0.33,0.448,0.282,0.654,0.069,0.249,0.279,0.227,0.586,1.0,0.567,0.243,0.347,0.912,1.0,0.461,0.239,0.163,0.839,0.757,0.422,0.411,0.3,0.917,0.186,0.187,0.239,0.608,0.266,0.56,0.262,0.482,0.132,0.348,0.149,0.051,0.376,1.0,0.48,0.453,0.248,0.258,0.324,0.5,0.427,0.538,0.152,0.252
0.216,0.28,1.0,0.208,0.093,0.359,0.459,0.345,0.235,0.256,0.49,0.104,0.099,0.441,0.596,0.102,0.271,1.0,0.116,0.388,0.453,0.124,0.482,0.561,0.439,0.096,0.288,0.096,0.367,0.222,0.315,0.276,0.285,0.159,0.314,0.506,0.124,0.507,0.286,0.358,0.254,0.344,1.0,0.139,0.261,1.0,0.202,0.239,0.42,0.409,0.207,1.0,0.249,0.29,1.0,0.095,0.264,0.269,0.578,0.242,0.223,0.256,0.247,0.266,0.808,0.589,0.256,0.22,1.0,1.0,0.263,0.271,0.312,0.26,0.398,0.511,0.261,1.0,0.313,0.154,0.492,0.073,0.329,0.416,1.0,1.0,0.271,0.517,0.44,1.0,0.256,0.161,0.817,0.219,0.241,0.256,1.0,0.256,0.123,0.303,1.0,0.262,0.574,0.209,0.213,0.291,0.218,0.192,1.0,0.263,0.247,0.251,0.309,0.124,0.152,0.297,0.365,0.362,0.166,0.391,1.0,1.0,0.346,1.0,0.295,0.258,1.0,0.097,0.16,0.315,0.15,1.0,0.312,0.533,0.281,0.288,0.128,0.139,0.291,0.446,0.453,0.412,0.223,0.127,0.201,0.274,0.123,0.249,0.578,0.248,0.086,0.124,0.065,0.547,0.218,0.29,0.354,0.309,0.119,0.165,0.486,0.311,1.0,0.21,0.108,0.175,0.26,1.0,0.25,0.168,0.075,0.839,0.287,0.422,0.21,0.134,0.305,0.27,0.135,0.322,0.253,0.3,0.286,0.359,0.429,0.201,0.39,0.123,0.357,0.424,1.0,0.422,0.508,0.258,0.456,0.548,0.287,0.325,0.263,0.15,0.096
0.714,0.748,1.0,0.712,0.082,0.519,0.414,0.785,0.674,1.0,0.21,0.227,0.261,0.397,0.57,0.145,0.772,1.0,0.232,0.4,0.719,0.319,0.373,0.406,0.307,0.215,0.868,0.237,0.538,0.401,0.723,0.582,0.563,0.265,0.449,0.708,0.374,0.223,0.711,0.345,0.76,0.551,1.0,0.142,0.898,1.0,0.381,0.536,0.477,0.364,0.296,1.0,0.383,0.705,1.0,0.178,0.327,0.835,0.58,0.712,0.453,0.654,0.562,0.249,1.0,0.576,0.654,0.367,1.0,1.0,0.666,0.265,0.327,0.912,0.372,0.197,0.898,1.0,0.194,0.416,0.818,0.03,0.329,0.511,1.0,1.0,0.937,0.369,0.707,1.0,0.654,0.104,0.931,0.219,0.564,1.0,0.256,1.0,0.34,0.509,1.0,0.617,0.73,0.563,0.194,0.622,0.338,0.211,1.0,0.487,0.253,0.357,0.81,0.374,0.246,0.514,0.594,0.216,0.452,0.356,1.0,1.0,0.316,1.0,0.522,0.248,0.939,0.22,0.356,0.723,0.117,1.0,0.305,0.62,0.442,0.986,0.065,0.264,0.19,0.483,0.719,0.257,0.304,0.312,0.742,0.161,0.299,0.039,0.566,0.596,0.157,0.374,0.028,0.33,0.448,0.282,0.654,0.069,0.249,0.279,0.227,0.586,1.0,0.567,0.243,0.347,0.912,1.0,0.461,0.239,0.163,0.839,0.757,0.422,0.411,0.3,0.917,0.186,0.187,0.239,0.608,0.266,0.56,0.262,0.482,0.132,0.348,0.149,0.051,0.376,1.0,0.48,0.453,0.248,0.258,0.324,0.5,0.427,0.538,0.152,0.252
0.275,0.294,0.362,0.228,0.067,0.19,0.428,0.347,0.299,0.34,0.088,0.116,0.11,0.201,0.191,0.146,0.284,0.362,0.102,0.178,0.279,0.14,0.192,0.191,0.163,0.083,0.326,0.099,0.244,0.179,0.28,0.274,0.262,0.177,0.19,0.269,0.246,0.101,0.266,0.221,0.307,0.257,0.362,0.088,0.408,0.362,0.255,0.283,0.184,0.203,0.15,0.362,0.184,0.302,0.362,0.071,0.219,0.299,0.19,0.273,0.188,0.231,0.211,0.135,0.298,0.231,0.231,0.182,0.362,0.362,0.25,0.141,0.216,0.393,0.181,0.127,0.408,0.362,0.174,0.151,0.321,0.025,0.107,0.23,0.362,0.362,0.382,0.193,0.269,0.362,0.231,0.061,0.321,0.111,0.217,0.34,0.123,0.34,1.0,0.223,0.362,0.223,0.294,0.219,0.072,0.249,0.164,0.126,0.362,0.197,0.18,0.186,0.304,0.246,0.143,0.219,0.207,0.13,0.32,0.174,0.362,0.362,0.138,0.362,0.276,0.086,0.398,0.082,0.41,0.28,0.066,0.362,0.132,0.246,0.236,0.336,0.058,0.112,0.095,0.197,0.279,0.153,0.197,0.126,0.28,0.103,0.101,0.033,0.267,0.212,0.16,0.246,0.024,0.132,0.282,0.159,0.272,0.067,0.117,0.164,0.099,0.231,0.362,0.22,0.087,0.187,0.393,0.362,0.175,0.124,0.086,0.425,0.312,0.206,0.154,0.292,0.402,0.135,0.09,0.122,0.261,0.143,0.254,0.164,0.238,0.104,0.172,0.112,0.04,0.247,0.362,0.186,0.234,0.086,0.139,0.172,0.221,0.252,0.293,0.12,0.099
0.395,0.652,0.839,0.419,0.131,0.402,0.48,0.55,0.382,0.509,0.265,0.184,0.161,0.525,0.511,0.144,0.464,0.839,0.213,0.418,0.433,0.221,0.494,0.425,0.39,0.148,0.466,0.151,0.434,0.333,0.472,0.433,0.502,0.21,0.557,0.383,0.206,0.358,0.431,0.309,0.51,0.583,0.839,0.249,0.48,0.839,0.288,0.412,0.325,0.459,0.308,0.839,0.414,0.492,0.839,0.158,0.327,0.485,0.415,0.401,0.388,0.74,0.409,0.439,1.0,0.492,0.74,0.424,0.839,0.839,0.516,0.24,0.422,0.497,0.412,0.3,0.48,0.839,0.313,0.238,0.568,0.107,0.286,0.584,0.839,0.839,0.458,0.378,0.403,0.839,0.74,0.273,0.931,0.191,0.597,0.509,0.303,0.509,0.223,1.0,0.839,0.464,0.535,0.329,0.172,0.475,0.485,0.226,0.839,0.453,0.253,0.351,0.525,0.206,0.27,0.472,0.454,0.372,0.272,0.455,0.839,0.839,0.337,0.839,0.475,0.216,0.808,0.15,0.356,0.472,0.33,0.839,0.276,0.503,0.417,0.551,0.424,0.236,0.265,0.575,0.433,0.364,0.399,0.229,0.488,0.283,0.197,0.105,0.454,0.36,0.136,0.206,0.09,0.305,0.342,0.352,0.702,0.175,0.162,0.237,0.313,0.421,0.839,0.33,0.17,0.288,0.497,0.839,0.44,0.227,0.109,1.0,0.442,0.755,0.424,0.232,0.528,0.387,0.15,0.228,0.375,0.351,0.513,0.481,0.579,0.22,0.477,0.229,0.232,0.429,0.839,0.342,0.478,0.216,0.329,0.421,0.386,0.467,0.473,0.318,0.157
1.0,1.0,1.0,0.808,0.253,0.808,0.414,1.0,0.939,1.0,0.746,0.259,0.274,0.839,0.57,0.234,1.0,1.0,0.305,1.0,1.0,0.396,1.0,1.0,1.0,0.232,1.0,0.324,0.939,0.839,1.0,0.775,1.0,0.382,0.939,1.0,0.402,1.0,1.0,0.345,0.939,0.939,1.0,0.22,1.0,1.0,0.573,0.839,1.0,1.0,0.665,1.0,0.705,0.839,1.0,0.241,0.253,1.0,0.808,1.0,0.694,0.808,0.746,0.249,0.808,0.576,0.808,0.839,1.0,1.0,0.808,0.265,0.562,1.0,0.839,0.784,1.0,1.0,0.571,0.546,1.0,0.032,0.329,1.0,1.0,1.0,1.0,0.839,1.0,1.0,0.808,0.304,0.746,0.219,0.746,1.0,1.0,1.0,0.362,0.839,1.0,0.808,1.0,0.842,0.194,1.0,0.576,0.413,1.0,0.808,0.224,0.802,0.939,0.402,0.359,0.939,0.808,0.839,0.534,0.839,1.0,1.0,0.316,1.0,0.839,0.248,0.939,0.241,0.479,1.0,0.22,1.0,0.305,1.0,0.695,1.0,0.065,0.352,0.808,1.0,1.0,0.802,0.784,0.38,0.746,0.839,0.329,0.042,1.0,0.66,0.169,0.402,0.035,1.0,0.531,0.939,1.0,0.102,0.339,0.413,1.0,1.0,1.0,0.842,0.277,0.44,1.0,1.0,0.808,0.32,0.179,0.839,1.0,0.422,0.808,0.414,1.0,0.266,0.237,0.396,0.939,0.839,1.0,0.784,0.939,0.132,1.0,0.211,0.075,0.437,1.0,1.0,0.839,0.248,0.839,0.839,1.0,0.784,0.802,0.186,0.274
0.435,0.46,0.808,0.577,0.107,0.687,0.344,0.55,0.523,0.617,0.387,0.174,0.188,0.392,0.49,0.154,0.509,0.808,0.279,0.413,0.459,0.277,0.412,0.341,0.323,0.162,0.536,0.18,0.456,0.348,0.489,0.371,0.412,0.259,0.399,0.43,0.249,0.248,0.464,0.296,0.554,0.512,0.808,0.175,0.517,0.808,0.301,0.355,0.342,0.362,0.462,0.808,0.353,0.488,0.808,0.164,0.331,0.573,0.477,0.487,0.378,0.537,0.616,0.236,1.0,0.473,0.537,0.317,0.808,0.808,0.575,0.232,0.308,0.522,0.339,0.247,0.517,0.808,0.249,0.308,0.591,0.136,0.271,0.476,0.808,0.808,0.559,0.288,0.429,0.808,0.537,0.17,0.931,0.182,0.652,0.617,0.262,0.617,0.223,0.464,0.808,1.0,0.585,0.365,0.159,0.429,0.301,0.274,0.808,0.49,0.253,0.319,0.67,0.249,0.208,0.496,0.47,0.228,0.297,0.317,0.808,0.808,0.296,0.808,0.427,0.206,0.781,0.163,0.275,0.489,0.133,0.808,0.267,0.497,0.381,0.682,0.155,0.267,0.253,0.422,0.459,0.254,0.312,0.294,0.58,0.186,0.207,0.115,0.417,0.422,0.128,0.249,0.234,0.286,0.367,0.304,0.515,0.101,0.192,0.227,0.24,0.459,0.808,0.367,0.226,0.367,0.522,0.808,0.415,0.243,0.12,0.68,0.56,0.343,0.438,0.285,0.579,0.214,0.148,0.235,0.437,0.258,0.429,0.283,0.457,0.151,0.379,0.167,0.264,0.343,0.808,0.352,0.445,0.206,0.237,0.287,0.534,0.365,0.395,0.164,0.181
0.588,0.619,1.0,0.789,0.137,0.53,0.48,0.722,0.729,0.73,0.518,0.205,0.209,0.52,0.596,0.185,0.638,1.0,0.29,0.499,0.639,0.283,0.511,0.511,0.407,0.183,0.697,0.21,0.669,0.454,0.657,0.518,0.566,0.315,0.483,0.728,0.295,0.445,0.622,0.358,0.638,0.677,1.0,0.214,0.707,1.0,0.382,0.53,0.593,0.534,0.42,1.0,0.414,0.651,1.0,0.174,0.327,0.677,0.663,0.698,0.426,0.548,0.693,0.266,1.0,0.589,0.548,0.489,1.0,1.0,0.766,0.271,0.371,0.726,0.495,0.392,0.707,1.0,0.318,0.367,0.747,0.181,0.329,0.661,1.0,1.0,0.713,0.512,0.698,1.0,0.548,0.262,0.931,0.219,0.533,0.73,0.574,0.73,0.294,0.535,1.0,0.585,1.0,0.505,0.213,0.586,0.356,0.288,1.0,0.501,0.253,0.398,0.847,0.295,0.262,0.616,0.566,0.334,0.376,0.421,1.0,1.0,0.346,1.0,0.549,0.258,1.0,0.187,0.343,0.657,0.132,1.0,0.312,0.689,0.434,0.752,0.07,0.271,0.279,0.581,0.639,0.387,0.389,0.279,0.563,0.232,0.247,0.146,0.733,0.513,0.141,0.295,0.1,0.553,0.398,0.362,0.631,0.131,0.231,0.263,0.464,0.663,1.0,0.507,0.217,0.38,0.726,1.0,0.452,0.248,0.138,1.0,0.854,0.422,0.435,0.352,0.763,0.234,0.191,0.323,0.562,0.42,0.569,0.364,0.643,0.149,0.493,0.145,0.33,0.45,1.0,0.602,0.644,0.258,0.448,0.669,0.536,0.496,0.54,0.166,0.205
0.436,0.454,0.842,0.358,0.078,0.316,0.367,0.634,0.457,0.563,0.146,0.298,0.512,0.299,0.564,0.107,0.468,0.842,0.229,0.277,0.449,0.325,0.292,0.3,0.261,0.43,0.687,0.311,0.43,0.502,0.46,0.398,0.387,0.304,0.313,0.434,0.318,0.169,0.522,0.322,0.496,0.408,0.842,0.128,0.573,0.842,0.343,0.348,0.316,0.284,0.22,0.842,0.408,0.564,0.842,0.401,0.228,0.541,0.312,0.439,0.405,0.361,0.345,0.211,0.679,0.547,0.361,0.381,0.842,0.842,0.421,0.267,0.242,0.569,0.248,0.158,0.573,0.842,0.161,0.532,0.519,0.039,0.652,0.363,0.842,0.842,0.616,0.251,0.434,0.842,0.361,0.152,0.692,0.321,0.325,0.563,0.209,0.563,0.219,0.329,0.842,0.365,0.505,1.0,0.552,0.427,0.332,0.192,0.842,0.305,0.192,0.284,0.526,0.318,0.307,0.421,0.31,0.181,0.334,0.343,0.842,0.842,0.311,0.842,0.419,0.476,0.877,0.488,0.228,0.46,0.098,0.842,0.312,0.413,0.383,0.585,0.054,0.409,0.162,0.338,0.449,0.211,0.244,0.396,0.43,0.138,0.543,0.051,0.413,0.536,0.159,0.318,0.037,0.237,0.34,0.246,0.434,0.067,0.243,0.364,0.17,0.379,0.842,0.972,0.444,0.288,0.569,0.842,0.267,0.273,0.222,0.706,0.522,0.383,0.241,0.202,0.631,0.158,0.172,0.296,0.67,0.192,0.389,0.241,0.378,0.192,0.259,0.114,0.076,0.287,0.842,0.32,0.334,0.476,0.208,0.23,0.487,0.322,0.396,0.125,0.504
0.194,0.194,0.194,0.159,0.13,0.159,0.108,0.306,0.213,0.194,0.174,0.293,0.645,0.215,0.283,0.062,0.194,0.194,0.224,0.194,0.194,0.249,0.209,0.194,0.286,0.544,0.331,0.366,0.219,0.538,0.194,0.174,0.194,0.346,0.213,0.194,0.237,0.194,0.306,0.199,0.213,0.213,0.194,0.124,0.194,0.194,0.273,0.167,0.194,0.209,0.139,0.194,0.503,0.306,0.194,0.483,0.123,0.286,0.159,0.194,0.344,0.172,0.174,0.145,0.159,0.392,0.172,0.505,0.194,0.194,0.198,0.163,0.158,0.194,0.167,0.215,0.194,0.194,0.175,0.453,0.194,0.039,0.538,0.194,0.194,0.194,0.213,0.167,0.194,0.194,0.172,0.346,0.174,0.294,0.174,0.194,0.213,0.194,0.072,0.172,0.194,0.159,0.213,0.552,1.0,0.194,0.392,0.21,0.194,0.174,0.093,0.182,0.213,0.237,0.386,0.334,0.159,0.198,0.196,0.306,0.194,0.194,0.233,0.194,0.269,0.368,0.213,0.576,0.102,0.194,0.113,0.194,0.185,0.194,0.306,0.194,0.027,0.483,0.26,0.194,0.194,0.186,0.215,0.368,0.215,0.186,0.538,0.053,0.194,0.331,0.149,0.237,0.042,0.194,0.275,0.213,0.194,0.065,0.214,0.503,0.194,0.194,0.194,0.552,0.442,0.28,0.194,0.194,0.159,0.346,0.214,0.167,0.213,0.25,0.166,0.108,0.213,0.14,0.124,0.321,0.658,0.167,0.194,0.333,0.213,0.184,0.209,0.108,0.113,0.192,0.194,0.194,0.174,0.368,0.186,0.167,0.538,0.186,0.186,0.095,0.645
0.496,0.576,1.0,0.431,0.11,0.385,0.414,0.641,0.51,0.622,0.205,0.308,0.198,0.377,0.57,0.148,0.567,1.0,0.198,0.348,0.551,0.244,0.421,0.442,0.328,0.173,0.638,0.187,0.47,0.345,0.572,0.605,0.497,0.328,0.445,0.498,0.273,0.266,0.715,0.345,0.684,0.506,1.0,0.194,0.616,1.0,0.409,0.437,0.38,0.472,0.358,1.0,0.42,0.559,1.0,0.161,0.256,0.566,0.404,0.522,0.409,0.43,0.619,0.253,0.808,0.576,0.43,0.372,1.0,1.0,0.54,0.265,0.327,0.625,0.366,0.219,0.616,1.0,0.252,0.318,0.62,0.082,0.33,0.495,1.0,1.0,0.657,0.369,0.496,1.0,0.43,0.26,0.746,0.229,0.421,0.622,0.291,0.622,0.249,0.475,1.0,0.429,0.586,0.427,0.194,1.0,0.373,0.242,1.0,0.398,0.293,0.4,0.588,0.273,0.355,0.443,0.38,0.34,0.34,0.392,1.0,1.0,0.316,1.0,0.448,0.248,0.939,0.176,0.347,0.572,0.19,1.0,0.305,0.512,0.368,0.64,0.195,0.232,0.219,0.461,0.551,0.336,0.347,0.242,0.445,0.241,0.239,0.082,0.488,0.482,0.128,0.273,0.067,0.318,0.354,0.306,0.567,0.16,0.208,0.335,0.24,0.471,1.0,0.43,0.197,0.285,0.625,1.0,0.409,0.331,0.133,0.839,0.594,0.445,0.345,0.241,0.683,0.229,0.158,0.224,0.571,0.294,0.498,0.298,0.517,0.173,0.509,0.142,0.145,0.319,1.0,0.394,0.39,0.248,0.323,0.306,0.457,0.464,0.47,0.257,0.191
0.282,0.43,0.576,0.28,0.117,0.272,0.308,0.365,0.316,0.338,0.17,0.236,0.252,0.296,0.363,0.136,0.34,0.576,0.256,0.295,0.316,0.39,0.374,0.323,0.293,0.249,0.359,0.173,0.411,0.38,0.333,0.462,0.398,0.241,0.366,0.271,0.157,0.267,0.305,0.237,0.369,0.598,0.576,0.195,0.342,0.576,0.271,0.31,0.214,0.429,0.333,0.576,0.338,0.313,0.576,0.214,0.28,0.321,0.252,0.331,0.219,0.371,0.29,0.329,0.473,1.0,0.371,0.322,0.576,0.576,0.362,0.196,0.427,0.341,0.258,0.196,0.342,0.576,0.288,0.258,0.357,0.159,0.67,0.537,0.576,0.576,0.359,0.291,0.27,0.576,0.371,0.285,0.475,0.287,0.362,0.338,0.218,0.338,0.164,0.485,0.576,0.301,0.356,0.332,0.392,0.373,1.0,0.257,0.576,0.318,0.297,0.324,0.374,0.157,0.454,0.345,0.281,0.346,0.248,0.409,0.576,0.576,0.458,0.576,0.458,0.507,0.589,0.263,0.324,0.333,0.182,0.576,0.23,0.304,0.284,0.357,0.288,0.277,0.217,0.273,0.316,0.315,0.349,0.317,0.29,0.222,0.373,0.131,0.285,0.274,0.155,0.157,0.11,0.191,0.256,0.267,0.565,0.205,0.148,0.254,0.203,0.364,0.576,0.335,0.339,0.4,0.341,0.576,0.366,0.28,0.165,0.492,0.362,0.52,0.334,0.196,0.378,0.208,0.113,0.367,0.375,0.224,0.278,0.308,0.475,0.193,0.453,0.341,0.302,0.333,0.576,0.22,0.316,0.507,0.228,0.269,0.431,0.394,0.55,0.467,0.246
0.168,0.209,0.413,0.251,0.091,0.214,0.267,0.251,0.261,0.211,0.185,0.162,0.145,0.209,0.263,0.132,0.213,0.413,0.305,0.184,0.221,0.211,0.249,0.293,0.21,0.147,0.229,0.215,0.246,0.215,0.234,0.253,0.204,0.227,0.201,0.167,0.122,0.135,0.246,0.189,0.215,0.279,0.413,0.251,0.218,0.413,0.213,0.288,0.135,0.233,0.241,0.413,0.214,0.221,0.413,0.119,0.303,0.21,0.186,0.28,0.213,0.206,0.283,0.338,0.377,0.569,0.206,0.226,0.413,0.413,0.282,0.146,0.244,0.216,0.177,0.22,0.218,0.413,0.205,0.16,0.259,0.186,0.319,0.249,0.413,0.413,0.225,0.242,0.165,0.413,0.206,0.223,0.397,0.204,0.214,0.211,0.192,0.211,0.126,0.226,0.413,0.274,0.288,0.192,0.21,0.242,0.257,1.0,0.413,0.265,0.263,0.224,0.318,0.122,0.204,0.28,0.154,0.196,0.176,0.255,0.413,0.413,0.652,0.413,0.385,0.289,0.441,0.14,0.157,0.234,0.38,0.413,0.168,0.224,0.215,0.234,0.097,0.288,0.203,0.263,0.221,0.237,0.209,0.299,0.221,0.192,0.192,0.16,0.205,0.188,0.153,0.122,0.108,0.142,0.252,0.203,0.273,0.157,0.104,0.245,0.125,0.318,0.413,0.194,0.17,0.286,0.216,0.413,0.202,0.229,0.173,0.356,0.292,0.354,0.192,0.197,0.248,0.16,0.08,0.218,0.297,0.209,0.246,0.255,0.263,0.201,0.221,0.12,0.235,0.397,0.413,0.15,0.231,0.289,0.209,0.147,0.351,0.28,0.199,0.155,0.139
1.0,1.0,1.0,0.808,0.253,0.808,0.414,1.0,0.939,1.0,0.746,0.259,0.274,0.839,0.57,0.234,1.0,1.0,0.305,1.0,1.0,0.396,1.0,1.0,1.0,0.232,1.0,0.324,0.939,0.839,1.0,0.775,1.0,0.382,0.939,1.0,0.402,1.0,1.0,0.345,0.939,0.939,1.0,0.22,1.0,1.0,0.573,0.839,1.0,1.0,0.665,1.0,0.705,0.839,1.0,0.241,0.253,1.0,0.808,1.0,0.694,0.808,0.746,0.249,0.808,0.576,0.808,0.839,1.0,1.0,0.808,0.265,0.562,1.0,0.839,0.784,1.0,1.0,0.571,0.546,1.0,0.032,0.329,1.0,1.0,1.0,1.0,0.839,1.0,1.0,0.808,0.304,0.746,0.219,0.746,1.0,1.0,1.0,0.362,0.839,1.0,0.808,1.0,0.842,0.194,1.0,0.576,0.413,1.0,0.808,0.224,0.802,0.939,0.402,0.359,0.939,0.808,0.839,0.534,0.839,1.0,1.0,0.316,1.0,0.839,0.248,0.939,0.241,0.479,1.0,0.22,1.0,0.305,1.0,0.695,1.0,0.065,0.352,0.808,1.0,1.0,0.802,0.784,0.38,0.746,0.839,0.329,0.042,1.0,0.66,0.169,0.402,0.035,1.0,0.531,0.939,1.0,0.102,0.339,0.413,1.0,1.0,1.0,0.842,0.277,0.44,1.0,1.0,0.808,0.32,0.179,0.839,1.0,0.422,0.808,0.414,1.0,0.266,0.237,0.396,0.939,0.839,1.0,0.784,0.939,0.132,1.0,0.211,0.075,0.437,1.0,1.0,0.839,0.248,0.839,0.839,1.0,0.784,0.802,0.186,0.274
0.343,0.41,0.808,0.468,0.11,0.446,0.374,0.451,0.392,0.487,0.284,0.174,0.144,0.396,0.511,0.158,0.481,0.808,0.258,0.357,0.369,0.204,0.432,0.39,0.412,0.13,0.424,0.153,0.396,0.287,0.395,0.404,0.479,0.215,0.478,0.348,0.192,0.262,0.411,0.306,0.472,0.473,0.808,0.221,0.401,0.808,0.269,0.415,0.299,0.331,0.366,0.808,0.363,0.388,0.808,0.127,0.355,0.478,0.413,0.399,0.283,0.433,0.492,0.248,1.0,0.475,0.433,0.31,0.808,0.808,0.471,0.236,0.303,0.399,0.358,0.283,0.401,0.808,0.265,0.237,0.49,0.112,0.272,0.552,0.808,0.808,0.421,0.375,0.347,0.808,0.433,0.276,1.0,0.189,0.479,0.487,0.263,0.487,0.197,0.453,0.808,0.49,0.501,0.305,0.174,0.398,0.318,0.265,0.808,1.0,0.327,0.334,0.552,0.192,0.23,0.445,0.41,0.333,0.248,0.321,0.808,0.808,0.319,0.808,0.387,0.215,0.817,0.131,0.223,0.395,0.177,0.808,0.272,0.437,0.284,0.538,0.205,0.219,0.302,0.4,0.369,0.296,0.377,0.226,0.449,0.219,0.169,0.076,0.362,0.34,0.112,0.192,0.102,0.268,0.381,0.277,0.499,0.221,0.186,0.218,0.288,0.404,0.808,0.306,0.158,0.346,0.399,0.808,0.487,0.239,0.129,0.68,0.436,0.339,0.438,0.251,0.442,0.148,0.145,0.196,0.368,0.256,0.346,0.269,0.455,0.163,0.352,0.198,0.273,0.317,0.808,0.309,0.423,0.215,0.37,0.26,0.39,0.399,0.342,0.18,0.141
0.224,0.237,0.224,0.253,0.217,0.258,0.255,0.224,0.247,0.253,0.273,0.168,0.151,0.32,0.128,0.124,0.228,0.224,0.194,0.253,0.224,0.203,0.273,0.224,0.273,0.119,0.224,0.171,0.247,0.182,0.224,0.271,0.224,0.196,0.253,0.224,0.279,0.273,0.224,0.239,0.273,0.273,0.224,0.252,0.224,0.224,0.288,0.414,0.224,0.263,0.221,0.224,0.263,0.182,0.224,0.115,0.371,0.253,0.253,0.224,0.177,0.253,0.273,0.211,0.253,0.297,0.253,0.182,0.224,0.224,0.293,0.114,0.439,0.224,0.235,0.32,0.224,0.224,0.209,0.144,0.253,0.033,0.148,0.273,0.224,0.224,0.247,0.182,0.224,0.224,0.253,0.194,0.273,0.171,0.273,0.253,0.247,0.253,0.18,0.253,0.224,0.253,0.253,0.192,0.093,0.293,0.297,0.263,0.224,0.327,1.0,0.25,0.273,0.279,0.21,0.273,0.253,0.476,0.365,0.3,0.224,0.224,0.207,0.224,0.249,0.113,0.247,0.115,0.207,0.224,0.2,0.224,0.116,0.253,0.357,0.273,0.06,0.232,0.412,0.253,0.224,0.25,0.268,0.252,0.32,0.26,0.148,0.044,0.224,0.157,0.293,0.279,0.036,0.224,0.439,0.3,0.253,0.101,0.128,0.263,0.273,0.224,0.224,0.192,0.128,0.439,0.224,0.224,0.253,0.327,0.127,0.182,0.247,0.262,0.253,0.255,0.247,0.285,0.083,0.203,0.247,0.182,0.224,0.287,0.273,0.139,0.273,0.448,0.08,0.439,0.224,0.224,0.308,0.113,0.293,0.182,0.297,0.199,0.25,0.192,0.13
0.305,0.373,0.802,0.249,0.122,0.273,0.386,0.428,0.335,0.357,0.175,0.17,0.156,0.358,0.547,0.116,0.541,0.802,0.151,0.327,0.326,0.181,0.406,0.406,0.349,0.138,0.408,0.16,0.378,0.263,0.36,0.521,0.45,0.231,0.479,0.302,0.213,0.232,0.4,0.338,0.384,0.417,0.802,0.214,0.372,0.802,0.279,0.36,0.257,0.323,0.348,0.802,0.289,0.365,0.802,0.123,0.256,0.38,0.253,0.307,0.448,0.331,0.331,0.253,0.635,0.584,0.331,0.248,0.802,0.802,0.359,0.266,0.29,0.365,0.35,0.262,0.372,0.802,0.298,0.229,0.385,0.065,0.346,0.398,0.802,0.802,0.403,0.342,0.317,0.802,0.331,0.168,0.693,0.245,0.316,0.357,0.251,0.357,0.186,0.351,0.802,0.319,0.398,0.284,0.182,0.4,0.324,0.224,0.802,0.334,0.25,1.0,0.395,0.213,0.222,0.403,0.267,0.447,0.254,0.379,0.802,0.802,0.305,0.802,0.359,0.243,0.889,0.137,0.243,0.36,0.373,0.802,0.303,0.341,0.303,0.388,0.393,0.183,0.325,0.42,0.326,0.408,0.436,0.192,0.306,0.294,0.189,0.068,0.333,0.352,0.185,0.213,0.059,0.228,0.342,0.416,0.423,0.343,0.164,0.314,0.244,0.308,0.802,0.286,0.154,0.223,0.365,0.802,0.441,0.217,0.118,0.661,0.379,0.473,0.297,0.18,0.431,0.216,0.119,0.188,0.382,0.247,0.407,0.307,0.438,0.553,0.315,0.169,0.113,0.265,0.802,0.264,0.319,0.243,0.312,0.264,0.386,0.475,0.41,0.228,0.149
0.588,0.627,0.939,0.909,0.153,0.594,0.459,0.704,0.851,0.81,0.351,0.238,0.23,0.446,0.596,0.215,0.667,0.939,0.365,0.447,0.64,0.315,0.464,0.428,0.352,0.2,0.732,0.22,0.693,0.409,0.655,0.559,0.52,0.371,0.484,0.592,0.323,0.268,0.625,0.358,0.722,0.687,0.939,0.25,0.723,0.939,0.413,0.482,0.451,0.483,0.472,0.939,0.456,0.617,0.939,0.193,0.332,0.722,0.597,0.756,0.438,0.61,0.801,0.266,1.0,0.589,0.61,0.464,0.939,0.939,0.85,0.271,0.362,0.715,0.4,0.249,0.723,0.939,0.268,0.394,0.753,0.267,0.329,0.658,0.939,0.939,0.769,0.373,0.591,0.939,0.61,0.308,1.0,0.211,0.65,0.81,0.309,0.81,0.304,0.525,0.939,0.67,0.847,0.526,0.213,0.588,0.374,0.318,0.939,0.552,0.273,0.395,1.0,0.323,0.287,0.67,0.565,0.27,0.411,0.378,0.939,0.939,0.346,0.939,0.513,0.258,1.0,0.205,0.331,0.655,0.139,0.939,0.312,0.618,0.406,0.847,0.083,0.311,0.268,0.51,0.64,0.313,0.372,0.315,0.692,0.193,0.266,0.153,0.548,0.552,0.151,0.323,0.141,0.366,0.449,0.348,0.62,0.093,0.242,0.266,0.263,0.676,0.939,0.528,0.239,0.457,0.715,0.939,0.485,0.28,0.15,0.808,0.901,0.412,0.471,0.398,0.775,0.191,0.187,0.268,0.583,0.34,0.523,0.303,0.624,0.166,0.47,0.163,0.225,0.391,0.939,0.464,0.563,0.258,0.297,0.347,0.545,0.478,0.534,0.191,0.224
0.292,0.306,0.402,0.261,0.163,0.239,0.586,0.424,0.306,0.374,0.096,0.253,0.273,0.181,0.474,0.097,0.304,0.402,0.18,0.176,0.309,0.202,0.168,0.183,0.163,0.228,0.451,0.198,0.241,0.263,0.313,0.31,0.235,0.339,0.183,0.294,1.0,0.101,0.406,1.0,0.312,0.237,0.402,0.219,0.38,0.402,0.417,0.272,0.202,0.174,0.171,0.402,0.338,0.447,0.402,0.192,0.179,0.345,0.221,0.301,0.384,0.246,0.237,0.189,0.348,0.263,0.246,0.204,0.402,0.402,0.29,0.302,0.36,0.378,0.162,0.102,0.38,0.402,0.114,0.371,0.324,0.043,0.317,0.214,0.402,0.402,0.394,0.168,0.294,0.402,0.246,0.112,0.352,0.221,0.225,0.374,0.124,0.374,0.246,0.206,0.402,0.249,0.295,0.318,0.237,0.273,0.157,0.122,0.402,0.192,0.279,0.213,0.323,1.0,0.276,0.271,0.214,0.15,0.79,0.25,0.402,0.402,0.253,0.402,0.257,0.26,0.408,0.24,0.264,0.313,0.079,0.402,0.312,0.252,0.417,0.37,0.037,0.212,0.17,0.207,0.309,0.133,0.189,0.247,0.308,0.098,0.297,0.053,0.25,0.51,0.328,1.0,0.039,0.149,0.659,0.232,0.256,0.047,0.288,0.314,0.098,0.247,0.402,0.319,0.263,0.315,0.378,0.402,0.175,0.211,0.194,0.362,0.326,0.246,0.167,0.445,0.388,0.152,0.242,0.175,0.348,0.127,0.246,0.174,0.223,0.165,0.156,0.141,0.065,0.346,0.402,0.205,0.211,0.26,0.128,0.152,0.266,0.218,0.264,0.072,0.259
0.216,0.265,0.359,0.23,0.134,0.212,0.229,0.334,0.26,0.246,0.137,0.492,0.305,0.186,0.469,0.101,0.238,0.359,0.253,0.237,0.227,0.23,0.284,0.207,0.197,0.3,0.338,0.296,0.296,0.34,0.231,0.276,0.238,0.573,0.223,0.212,0.276,0.153,0.341,0.395,0.302,0.366,0.359,0.213,0.251,0.359,0.581,0.209,0.175,0.368,0.229,0.359,0.592,0.345,0.359,0.235,0.206,0.264,0.179,0.268,0.311,0.21,0.285,0.169,0.301,0.411,0.21,0.323,0.359,0.359,0.255,0.271,0.228,0.249,0.174,0.129,0.251,0.359,0.219,0.317,0.244,0.122,0.534,0.279,0.359,0.359,0.258,0.176,0.212,0.359,0.21,0.4,0.312,0.389,0.227,0.246,0.152,0.246,0.143,0.27,0.359,0.208,0.262,0.307,0.386,0.355,0.454,0.204,0.359,0.23,0.21,0.222,0.287,0.276,1.0,0.409,0.193,0.221,0.251,0.377,0.359,0.359,0.387,0.359,0.278,0.418,0.373,0.296,0.267,0.231,0.106,0.359,0.292,0.212,0.273,0.254,0.126,0.269,0.232,0.195,0.227,0.194,0.227,0.296,0.202,0.156,0.369,0.095,0.208,0.388,0.198,0.276,0.083,0.15,0.26,0.217,0.304,0.104,0.219,0.573,0.128,0.278,0.359,0.307,0.331,0.232,0.249,0.359,0.215,0.518,0.239,0.316,0.277,0.208,0.17,0.163,0.266,0.12,0.146,0.242,0.512,0.166,0.206,0.199,0.274,0.237,0.367,0.145,0.207,0.22,0.359,0.178,0.214,0.418,0.15,0.175,0.345,0.236,0.237,0.262,0.3
0.407,0.426,0.939,0.545,0.164,0.458,0.459,0.545,0.538,0.514,0.311,0.331,0.262,0.434,0.596,0.16,0.47,0.939,0.293,0.403,0.436,0.274,0.506,0.372,0.389,0.25,0.512,0.25,0.506,0.407,0.452,0.403,0.417,0.428,0.41,0.405,0.271,0.269,0.464,0.358,0.497,0.62,0.939,0.282,0.477,0.939,0.422,0.367,0.351,0.527,0.363,0.939,0.508,0.476,0.939,0.21,0.332,0.526,0.412,0.489,0.382,0.484,0.549,0.485,1.0,0.589,0.484,0.409,0.939,0.939,0.678,0.271,0.312,0.471,0.343,0.276,0.477,0.939,0.286,0.338,0.534,0.17,0.502,0.527,0.939,0.939,0.496,0.314,0.404,0.939,0.484,0.334,1.0,0.384,0.437,0.514,0.297,0.514,0.219,0.472,0.939,0.496,0.616,0.421,0.334,0.443,0.345,0.28,0.939,0.445,0.273,0.403,0.67,0.271,0.409,1.0,0.389,0.352,0.331,0.413,0.939,0.939,0.354,0.939,0.434,0.376,1.0,0.25,0.262,0.452,0.177,0.939,0.312,0.477,0.423,0.557,0.154,0.294,0.323,0.45,0.436,0.299,0.389,0.305,0.508,0.239,0.31,0.109,0.43,0.426,0.202,0.271,0.102,0.317,0.388,0.408,0.48,0.124,0.216,0.433,0.261,0.473,0.939,0.421,0.276,0.366,0.471,0.939,0.38,0.401,0.198,0.808,0.59,0.893,0.427,0.282,0.523,0.237,0.154,0.279,0.555,0.303,0.423,0.35,0.554,0.886,0.515,0.177,0.192,0.377,0.939,0.358,0.471,0.376,0.287,0.3,0.535,0.386,0.41,0.172,0.259
0.364,0.516,0.808,0.443,0.069,0.421,0.344,0.519,0.355,0.594,0.285,0.138,0.153,0.386,0.49,0.101,0.501,0.808,0.149,0.401,0.476,0.182,0.403,0.339,0.306,0.135,0.509,0.133,0.391,0.257,0.39,0.377,0.393,0.187,0.409,0.497,0.214,0.34,0.406,0.296,0.488,0.456,0.808,0.125,0.487,0.808,0.255,0.313,0.352,0.337,0.214,0.808,0.291,0.461,0.808,0.109,0.327,0.519,0.526,0.365,0.289,0.492,0.407,0.236,1.0,0.473,0.492,0.233,0.808,0.808,0.449,0.232,0.322,0.492,0.382,0.283,0.487,0.808,0.217,0.243,0.608,0.047,0.271,0.513,0.808,0.808,0.51,0.302,0.61,0.808,0.492,0.098,0.931,0.182,0.479,0.594,0.365,0.594,0.207,0.454,0.808,0.47,0.566,0.31,0.159,0.38,0.281,0.154,0.808,0.41,0.253,0.267,0.565,0.214,0.193,0.389,1.0,0.23,0.259,0.326,0.808,0.808,0.296,0.808,0.381,0.206,0.781,0.135,0.243,0.39,0.137,0.808,0.267,0.513,0.306,0.651,0.141,0.179,0.182,0.446,0.476,0.262,0.233,0.205,0.477,0.16,0.182,0.138,0.484,0.395,0.105,0.214,0.043,0.327,0.346,0.232,0.541,0.16,0.166,0.205,0.336,0.367,0.808,0.313,0.149,0.254,0.492,0.808,0.378,0.198,0.105,0.68,0.436,0.328,0.307,0.174,0.541,0.247,0.137,0.228,0.364,0.241,0.349,0.283,0.4,0.106,0.339,0.169,0.136,0.353,0.808,0.349,0.452,0.206,0.256,0.416,0.343,0.318,0.381,0.199,0.145
0.194,0.284,0.839,0.191,0.143,0.236,0.48,0.303,0.22,0.216,0.27,0.166,0.115,0.439,0.544,0.099,0.346,0.839,0.141,0.326,0.251,0.137,0.491,0.501,0.417,0.105,0.242,0.111,0.304,0.21,0.252,0.44,0.393,0.211,0.436,0.252,0.15,0.379,0.313,0.359,0.257,0.41,0.839,0.28,0.229,0.839,0.217,0.351,0.235,0.377,0.327,0.839,0.275,0.264,0.839,0.102,0.319,0.238,0.257,0.224,0.219,0.281,0.306,0.485,0.68,0.574,0.281,0.244,0.839,0.839,0.298,0.262,0.336,0.234,0.372,0.421,0.229,0.839,0.412,0.145,0.304,0.096,0.33,0.455,0.839,0.839,0.228,0.384,0.257,0.839,0.281,0.219,0.693,0.248,0.261,0.216,0.362,0.216,0.13,0.372,0.839,0.228,0.334,0.181,0.198,0.34,0.346,0.196,0.839,0.333,0.476,0.447,0.27,0.15,0.221,0.352,0.23,1.0,0.19,0.454,0.839,0.839,0.354,0.839,0.298,0.241,0.889,0.104,0.201,0.252,0.24,0.839,0.3,0.316,0.269,0.235,0.481,0.15,0.443,0.346,0.251,0.45,0.517,0.143,0.214,0.369,0.129,0.11,0.331,0.206,0.167,0.15,0.07,0.292,0.273,0.352,0.395,0.346,0.108,0.22,0.426,0.266,0.839,0.181,0.115,0.194,0.234,0.839,0.436,0.213,0.086,1.0,0.251,0.893,0.32,0.152,0.265,0.228,0.095,0.194,0.267,0.26,0.262,0.363,0.504,0.204,0.387,0.237,0.209,0.298,0.839,0.232,0.386,0.241,0.434,0.376,0.302,0.469,0.303,0.241,0.109
0.355,0.38,0.534,0.301,0.14,0.277,0.7,0.444,0.385,0.452,0.121,0.229,0.236,0.235,0.378,0.138,0.372,0.534,0.185,0.225,0.373,0.242,0.23,0.237,0.209,0.193,0.486,0.185,0.322,0.268,0.378,0.362,0.305,0.31,0.252,0.352,0.79,0.134,0.413,0.744,0.4,0.321,0.534,0.197,0.464,0.534,0.4,0.331,0.243,0.238,0.201,0.534,0.325,0.412,0.534,0.173,0.262,0.417,0.258,0.362,0.333,0.309,0.288,0.278,0.438,0.419,0.309,0.23,0.534,0.534,0.353,0.265,0.451,0.456,0.206,0.143,0.464,0.534,0.16,0.291,0.397,0.058,0.303,0.283,0.534,0.534,0.502,0.205,0.352,0.534,0.309,0.12,0.463,0.245,0.28,0.452,0.166,0.452,0.32,0.272,0.534,0.297,0.376,0.334,0.196,0.34,0.248,0.176,0.534,0.248,0.365,0.254,0.411,0.79,0.251,0.331,0.259,0.19,1.0,0.261,0.534,0.534,0.259,0.534,0.329,0.229,0.575,0.205,0.331,0.378,0.105,0.534,0.266,0.31,0.475,0.455,0.077,0.215,0.181,0.258,0.373,0.182,0.24,0.243,0.375,0.136,0.272,0.065,0.309,0.415,0.308,0.79,0.05,0.181,0.727,0.264,0.333,0.082,0.234,0.299,0.132,0.306,0.534,0.336,0.23,0.387,0.456,0.534,0.227,0.216,0.185,0.454,0.416,0.37,0.205,0.465,0.492,0.196,0.202,0.2,0.397,0.156,0.302,0.218,0.294,0.224,0.22,0.181,0.084,0.435,0.534,0.247,0.275,0.229,0.164,0.184,0.341,0.279,0.329,0.144,0.223
0.336,0.417,0.839,0.3,0.187,0.339,0.48,0.523,0.337,0.356,0.281,0.248,0.21,0.442,0.823,0.134,0.365,0.839,0.195,0.41,0.401,0.231,0.533,0.457,0.425,0.197,0.431,0.22,0.384,0.388,0.4,0.373,0.423,0.342,0.406,0.338,0.25,0.372,0.449,0.483,0.355,0.532,0.839,0.193,0.377,0.839,0.377,0.377,0.312,0.496,0.298,0.839,0.449,0.506,0.839,0.239,0.289,0.366,0.345,0.352,0.373,0.327,0.316,0.233,0.68,0.664,0.327,0.399,0.839,0.839,0.334,0.347,0.349,0.386,0.379,0.326,0.377,0.839,0.326,0.312,0.454,0.092,0.493,0.478,0.839,0.839,0.365,0.366,0.333,0.839,0.327,0.284,0.644,0.338,0.353,0.356,0.391,0.356,0.174,0.455,0.839,0.317,0.421,0.343,0.306,0.392,0.409,0.255,0.839,0.321,0.3,0.379,0.378,0.25,0.377,0.413,0.326,0.454,0.261,1.0,0.839,0.839,0.344,0.839,0.421,0.495,0.808,0.198,0.27,0.4,0.168,0.839,0.401,0.435,0.372,0.37,0.288,0.229,0.364,0.43,0.401,0.393,0.423,0.237,0.279,0.353,0.279,0.105,0.417,0.437,0.165,0.25,0.084,0.335,0.3,0.448,0.525,0.21,0.211,0.365,0.356,0.37,0.839,0.345,0.237,0.322,0.386,0.839,0.373,0.341,0.151,1.0,0.376,0.388,0.299,0.203,0.409,0.177,0.16,0.284,0.41,0.34,0.372,0.423,0.457,0.3,0.492,0.214,0.188,0.271,0.839,0.324,0.429,0.495,0.391,0.378,0.42,0.428,0.376,0.221,0.206
1.0,1.0,1.0,0.808,0.253,0.808,0.414,1.0,0.939,1.0,0.746,0.259,0.274,0.839,0.57,0.234,1.0,1.0,0.305,1.0,1.0,0.396,1.0,1.0,1.0,0.232,1.0,0.324,0.939,0.839,1.0,0.775,1.0,0.382,0.939,1.0,0.402,1.0,1.0,0.345,0.939,0.939,1.0,0.22,1.0,1.0,0.573,0.839,1.0,1.0,0.665,1.0,0.705,0.839,1.0,0.241,0.253,1.0,0.808,1.0,0.694,0.808,0.746,0.249,0.808,0.576,0.808,0.839,1.0,1.0,0.808,0.265,0.562,1.0,0.839,0.784,1.0,1.0,0.571,0.546,1.0,0.032,0.329,1.0,1.0,1.0,1.0,0.839,1.0,1.0,0.808,0.304,0.746,0.219,0.746,1.0,1.0,1.0,0.362,0.839,1.0,0.808,1.0,0.842,0.194,1.0,0.576,0.413,1.0,0.808,0.224,0.802,0.939,0.402,0.359,0.939,0.808,0.839,0.534,0.839,1.0,1.0,0.316,1.0,0.839,0.248,0.939,0.241,0.479,1.0,0.22,1.0,0.305,1.0,0.695,1.0,0.065,0.352,0.808,1.0,1.0,0.802,0.784,0.38,0.746,0.839,0.329,0.042,1.0,0.66,0.169,0.402,0.035,1.0,0.531,0.939,1.0,0.102,0.339,0.413,1.0,1.0,1.0,0.842,0.277,0.44,1.0,1.0,0.808,0.32,0.179,0.839,1.0,0.422,0.808,0.414,1.0,0.266,0.237,0.396,0.939,0.839,1.0,0.784,0.939,0.132,1.0,0.211,0.075,0.437,1.0,1.0,0.839,0.248,0.839,0.839,1.0,0.784,0.802,0.186,0.274
1.0,1.0,1.0,0.808,0.253,0.808,0.414,1.0,0.939,1.0,0.746,0.259,0.274,0.839,0.57,0.234,1.0,1.0,0.305,1.0,1.0,0.396,1.0,1.0,1.0,0.232,1.0,0.324,0.939,0.839,1.0,0.775,1.0,0.382,0.939,1.0,0.402,1.0,1.0,0.345,0.939,0.939,1.0,0.22,1.0,1.0,0.573,0.839,1.0,1.0,0.665,1.0,0.705,0.839,1.0,0.241,0.253,1.0,0.808,1.0,0.694,0.808,0.746,0.249,0.808,0.576,0.808,0.839,1.0,1.0,0.808,0.265,0.562,1.0,0.839,0.784,1.0,1.0,0.571,0.546,1.0,0.032,0.329,1.0,1.0,1.0,1.0,0.839,1.0,1.0,0.808,0.304,0.746,0.219,0.746,1.0,1.0,1.0,0.362,0.839,1.0,0.808,1.0,0.842,0.194,1.0,0.576,0.413,1.0,0.808,0.224,0.802,0.939,0.402,0.359,0.939,0.808,0.839,0.534,0.839,1.0,1.0,0.316,1.0,0.839,0.248,0.939,0.241,0.479,1.0,0.22,1.0,0.305,1.0,0.695,1.0,0.065,0.352,0.808,1.0,1.0,0.802,0.784,0.38,0.746,0.839,0.329,0.042,1.0,0.66,0.169,0.402,0.035,1.0,0.531,0.939,1.0,0.102,0.339,0.413,1.0,1.0,1.0,0.842,0.277,0.44,1.0,1.0,0.808,0.32,0.179,0.839,1.0,0.422,0.808,0.414,1.0,0.266,0.237,0.396,0.939,0.839,1.0,0.784,0.939,0.132,1.0,0.211,0.075,0.437,1.0,1.0,0.839,0.248,0.839,0.839,1.0,0.784,0.802,0.186,0.274
0.316,0.316,0.316,0.296,0.149,0.296,0.182,0.323,0.346,0.316,0.319,0.306,0.323,0.561,0.298,0.097,0.316,0.316,0.838,0.316,0.316,0.337,0.319,0.316,0.319,0.328,0.341,0.76,0.346,0.398,0.316,0.292,0.316,0.355,0.346,0.316,0.253,0.319,0.323,0.216,0.346,0.346,0.316,0.33,0.316,0.316,0.325,0.267,0.316,0.316,0.242,0.316,0.489,0.323,0.316,0.284,0.286,0.316,0.296,0.316,0.36,0.337,0.319,0.345,0.296,0.458,0.337,0.449,0.316,0.316,0.354,0.16,0.412,0.316,0.275,0.561,0.316,0.316,0.24,0.302,0.316,0.035,0.398,0.319,0.316,0.316,0.346,0.265,0.316,0.316,0.337,0.355,0.319,0.256,0.319,0.316,0.346,0.316,0.138,0.337,0.316,0.296,0.346,0.311,0.233,0.316,0.458,0.652,0.316,0.319,0.207,0.305,0.346,0.253,0.387,0.354,0.296,0.354,0.259,0.344,0.316,0.316,1.0,0.316,0.914,0.347,0.346,0.287,0.179,0.316,0.33,0.316,0.185,0.316,0.447,0.319,0.045,0.914,0.296,0.316,0.316,0.305,0.346,0.896,0.561,0.289,0.449,0.046,0.316,0.341,0.288,0.253,0.038,0.316,0.288,0.346,0.316,0.078,0.209,0.651,0.319,0.316,0.316,0.311,0.347,0.374,0.316,0.316,0.296,0.355,0.375,0.265,0.346,0.447,0.296,0.182,0.346,0.221,0.133,0.337,0.651,0.265,0.316,0.346,0.346,0.258,0.319,0.198,0.088,0.633,0.316,0.316,0.319,0.347,0.305,0.265,0.522,0.289,0.305,0.149,0.323
1.0,1.0,1.0,0.808,0.253,0.808,0.414,1.0,0.939,1.0,0.746,0.259,0.274,0.839,0.57,0.234,1.0,1.0,0.305,1.0,1.0,0.396,1.0,1.0,1.0,0.232,1.0,0.324,0.939,0.839,1.0,0.775,1.0,0.382,0.939,1.0,0.402,1.0,1.0,0.345,0.939,0.939,1.0,0.22,1.0,1.0,0.573,0.839,1.0,1.0,0.665,1.0,0.705,0.839,1.0,0.241,0.253,1.0,0.808,1.0,0.694,0.808,0.746,0.249,0.808,0.576,0.808,0.839,1.0,1.0,0.808,0.265,0.562,1.0,0.839,0.784,1.0,1.0,0.571,0.546,1.0,0.032,0.329,1.0,1.0,1.0,1.0,0.839,1.0,1.0,0.808,0.304,0.746,0.219,0.746,1.0,1.0,1.0,0.362,0.839,1.0,0.808,1.0,0.842,0.194,1.0,0.576,0.413,1.0,0.808,0.224,0.802,0.939,0.402,0.359,0.939,0.808,0.839,0.534,0.839,1.0,1.0,0.316,1.0,0.839,0.248,0.939,0.241,0.479,1.0,0.22,1.0,0.305,1.0,0.695,1.0,0.065,0.352,0.808,1.0,1.0,0.802,0.784,0.38,0.746,0.839,0.329,0.042,1.0,0.66,0.169,0.402,0.035,1.0,0.531,0.939,1.0,0.102,0.339,0.413,1.0,1.0,1.0,0.842,0.277,0.44,1.0,1.0,0.808,0.32,0.179,0.839,1.0,0.422,0.808,0.414,1.0,0.266,0.237,0.396,0.939,0.839,1.0,0.784,0.939,0.132,1.0,0.211,0.075,0.437,1.0,1.0,0.839,0.248,0.839,0.839,1.0,0.784,0.802,0.186,0.274
0.463,0.479,0.839,0.385,0.116,0.353,0.521,0.631,0.469,0.522,0.242,0.23,0.27,0.46,0.539,0.134,0.487,0.839,0.395,0.382,0.455,0.518,0.411,0.412,0.332,0.253,0.544,0.383,0.457,0.55,0.487,0.423,0.5,0.276,0.394,0.452,0.257,0.266,0.469,0.323,0.498,0.496,0.839,0.209,0.6,0.839,0.343,0.485,0.379,0.409,0.301,0.839,0.351,0.579,0.839,0.22,0.308,0.491,0.36,0.451,0.376,0.44,0.383,0.374,0.68,0.772,0.44,0.441,0.839,0.839,0.444,0.247,0.359,0.596,0.394,0.273,0.6,0.839,0.308,0.337,0.562,0.045,0.517,0.468,0.839,0.839,0.559,0.403,0.451,0.839,0.44,0.166,0.698,0.257,0.392,0.522,0.295,0.522,0.276,0.475,0.839,0.427,0.549,0.419,0.269,0.448,0.458,0.385,0.839,0.387,0.249,0.359,0.513,0.257,0.278,0.434,0.381,0.298,0.329,0.421,0.839,0.839,0.914,0.839,1.0,0.655,0.854,0.244,0.345,0.487,0.182,0.839,0.285,0.492,0.401,0.543,0.219,0.442,0.266,0.432,0.455,0.35,0.396,0.567,0.487,0.263,0.435,0.048,0.517,0.434,0.219,0.257,0.046,0.316,0.332,0.331,0.528,0.116,0.207,0.361,0.258,0.442,0.839,0.42,0.402,0.5,0.596,0.839,0.347,0.279,0.248,1.0,0.511,0.442,0.332,0.299,0.631,0.26,0.159,0.537,0.57,0.358,0.494,0.368,0.501,0.252,0.357,0.192,0.076,0.542,0.839,0.385,0.433,0.655,0.335,0.403,0.59,0.463,0.524,0.179,0.266
0.248,0.248,0.248,0.206,0.15,0.206,0.129,0.364,0.258,0.248,0.215,0.334,0.457,0.23,0.338,0.072,0.248,0.248,0.33,0.248,0.248,0.655,0.248,0.248,0.273,0.422,0.378,0.4,0.266,1.0,0.248,0.243,0.248,0.378,0.258,0.248,0.26,0.248,0.364,0.227,0.258,0.258,0.248,0.147,0.248,0.248,0.314,0.216,0.248,0.248,0.206,0.248,0.523,0.364,0.248,0.423,0.133,0.273,0.206,0.248,0.392,0.206,0.215,0.17,0.206,0.507,0.206,0.801,0.248,0.248,0.241,0.179,0.179,0.248,0.216,0.23,0.248,0.248,0.2,0.423,0.248,0.041,0.719,0.248,0.248,0.248,0.258,0.216,0.248,0.248,0.206,0.378,0.215,0.301,0.215,0.248,0.258,0.248,0.086,0.216,0.248,0.206,0.258,0.476,0.368,0.248,0.507,0.289,0.248,0.215,0.113,0.243,0.258,0.26,0.418,0.376,0.206,0.241,0.229,0.495,0.248,0.248,0.347,0.248,0.655,1.0,0.258,0.421,0.115,0.248,0.134,0.248,0.207,0.248,0.364,0.248,0.03,0.423,0.3,0.248,0.248,0.241,0.23,1.0,0.23,0.228,1.0,0.053,0.248,0.378,0.17,0.26,0.043,0.248,0.296,0.258,0.248,0.064,0.235,0.523,0.248,0.248,0.248,0.476,1.0,0.687,0.248,0.248,0.206,0.378,0.237,0.216,0.258,0.264,0.206,0.129,0.258,0.16,0.146,0.92,0.71,0.216,0.248,0.346,0.258,0.178,0.248,0.121,0.106,0.273,0.248,0.248,0.216,1.0,0.241,0.216,0.719,0.228,0.241,0.09,0.457
0.939,0.939,0.939,0.781,0.267,0.781,0.459,0.939,1.0,0.939,0.817,0.263,0.281,0.854,0.596,0.252,0.939,0.939,0.335,0.939,0.939,0.429,0.939,0.939,0.939,0.245,0.943,0.323,1.0,0.808,0.939,0.873,0.939,0.378,1.0,0.939,0.408,0.939,0.939,0.358,1.0,1.0,0.939,0.237,0.939,0.939,0.608,0.808,0.939,0.939,0.773,0.939,0.75,0.808,0.939,0.253,0.264,0.939,0.781,0.939,0.705,0.781,0.817,0.266,0.781,0.589,0.781,0.808,0.939,0.939,0.889,0.271,0.597,0.939,0.808,0.854,0.939,0.939,0.607,0.573,0.939,0.033,0.329,0.939,0.939,0.939,1.0,0.808,0.939,0.939,0.781,0.302,0.817,0.211,0.817,0.939,1.0,0.939,0.398,0.808,0.939,0.781,1.0,0.877,0.213,0.939,0.589,0.441,0.939,0.817,0.247,0.889,1.0,0.408,0.373,1.0,0.781,0.889,0.575,0.808,0.939,0.939,0.346,0.939,0.854,0.258,1.0,0.253,0.506,0.939,0.237,0.939,0.312,0.939,0.635,0.939,0.07,0.376,0.781,0.939,0.939,0.889,0.854,0.398,0.817,0.854,0.329,0.041,0.939,0.674,0.193,0.408,0.035,0.939,0.573,1.0,0.939,0.102,0.34,0.397,0.939,0.939,0.939,0.877,0.285,0.477,0.939,0.939,0.781,0.339,0.182,0.808,1.0,0.412,0.781,0.459,1.0,0.281,0.25,0.429,1.0,0.808,0.939,0.854,1.0,0.125,0.939,0.232,0.069,0.477,0.939,0.939,0.817,0.258,0.889,0.808,1.0,0.854,0.889,0.173,0.281
0.183,0.196,0.241,0.159,0.077,0.156,0.124,0.275,0.201,0.22,0.076,0.302,0.857,0.131,0.332,0.058,0.186,0.241,0.214,0.115,0.201,0.277,0.121,0.133,0.139,0.685,0.321,0.317,0.17,0.399,0.212,0.192,0.155,0.272,0.135,0.186,0.24,0.078,0.278,0.219,0.199,0.172,0.241,0.11,0.224,0.241,0.252,0.157,0.138,0.14,0.109,0.241,0.298,0.294,0.241,0.404,0.134,0.26,0.147,0.191,0.275,0.164,0.154,0.159,0.2,0.43,0.164,0.287,0.241,0.241,0.189,0.181,0.12,0.222,0.105,0.077,0.224,0.241,0.086,0.532,0.202,0.039,0.581,0.147,0.241,0.241,0.239,0.115,0.185,0.241,0.164,0.153,0.21,0.306,0.151,0.22,0.097,0.22,0.082,0.15,0.241,0.163,0.187,0.488,0.576,0.176,0.263,0.14,0.241,0.131,0.115,0.137,0.205,0.24,0.296,0.25,0.135,0.104,0.205,0.198,0.241,0.241,0.287,0.241,0.244,0.421,0.253,1.0,0.097,0.212,0.071,0.241,0.209,0.167,0.234,0.218,0.03,0.393,0.13,0.145,0.201,0.098,0.132,0.369,0.214,0.075,0.533,0.053,0.163,0.347,0.149,0.24,0.038,0.112,0.191,0.155,0.17,0.05,0.178,0.345,0.073,0.166,0.241,0.494,0.433,0.217,0.222,0.241,0.123,0.255,0.224,0.21,0.208,0.254,0.117,0.1,0.234,0.113,0.123,0.262,0.522,0.092,0.164,0.15,0.154,0.188,0.128,0.091,0.077,0.176,0.241,0.143,0.123,0.421,0.089,0.11,0.319,0.162,0.167,0.083,0.843
0.273,0.344,0.479,0.234,0.088,0.219,0.559,0.424,0.289,0.356,0.108,0.155,0.12,0.268,0.283,0.128,0.328,0.479,0.116,0.224,0.3,0.138,0.299,0.247,0.204,0.097,0.358,0.097,0.285,0.21,0.31,0.358,0.331,0.249,0.241,0.267,0.264,0.168,0.295,0.315,0.413,0.36,0.479,0.112,0.446,0.479,0.37,0.324,0.186,0.337,0.199,0.479,0.315,0.376,0.479,0.086,0.273,0.311,0.213,0.277,0.224,0.28,0.233,0.185,0.393,0.254,0.28,0.332,0.479,0.479,0.286,0.182,0.308,0.435,0.233,0.166,0.446,0.479,0.265,0.169,0.381,0.057,0.14,0.342,0.479,0.479,0.392,0.234,0.267,0.479,0.28,0.155,0.407,0.126,0.258,0.356,0.16,0.356,0.41,0.356,0.479,0.275,0.343,0.228,0.102,0.347,0.324,0.157,0.479,0.223,0.207,0.243,0.331,0.264,0.267,0.262,0.243,0.201,0.331,0.27,0.479,0.479,0.179,0.479,0.345,0.115,0.506,0.097,1.0,0.31,0.094,0.479,0.155,0.298,0.273,0.367,0.116,0.13,0.132,0.243,0.3,0.211,0.259,0.133,0.278,0.148,0.116,0.064,0.317,0.275,0.181,0.264,0.049,0.148,0.317,0.199,0.412,0.117,0.122,0.214,0.135,0.252,0.479,0.229,0.103,0.192,0.435,0.479,0.236,0.148,0.077,0.587,0.329,0.274,0.182,0.312,0.449,0.174,0.095,0.142,0.265,0.189,0.297,0.223,0.346,0.147,0.314,0.15,0.122,0.287,0.479,0.191,0.296,0.115,0.176,0.249,0.246,0.331,0.365,0.271,0.112
0.561,0.604,1.0,0.526,0.21,0.45,0.414,0.699,0.568,0.723,0.268,0.21,0.235,0.425,0.57,0.233,0.593,1.0,0.266,0.334,0.667,0.268,0.367,0.453,0.367,0.208,0.725,0.249,0.528,0.406,1.0,0.49,0.5,0.283,0.401,0.628,0.313,0.305,0.647,0.345,0.558,0.49,1.0,0.171,0.717,1.0,0.344,0.437,0.442,0.355,0.335,1.0,0.382,0.625,1.0,0.236,0.253,0.688,0.511,0.626,0.411,0.526,0.472,0.249,0.808,0.576,0.526,0.379,1.0,1.0,0.542,0.265,0.322,0.73,0.379,0.246,0.717,1.0,0.211,0.343,0.719,0.192,0.329,0.475,1.0,1.0,0.756,0.345,0.611,1.0,0.526,0.226,0.746,0.219,0.431,0.723,0.315,0.723,0.28,0.472,1.0,0.489,0.657,0.46,0.194,0.572,0.333,0.234,1.0,0.395,0.224,0.36,0.655,0.313,0.231,0.452,0.39,0.252,0.378,0.4,1.0,1.0,0.316,1.0,0.487,0.248,0.939,0.212,0.31,1.0,0.179,1.0,0.305,0.625,0.411,0.727,0.163,0.29,0.253,0.551,0.667,0.297,0.296,0.265,0.499,0.245,0.28,0.154,0.566,0.533,0.159,0.313,0.17,0.386,0.36,0.371,0.581,0.19,0.22,0.266,0.288,0.559,1.0,0.463,0.236,0.344,0.73,1.0,0.355,0.253,0.154,0.839,0.686,0.422,0.348,0.304,0.772,0.243,0.272,0.278,0.505,0.306,0.57,0.296,0.475,0.242,0.328,0.191,0.222,0.354,1.0,0.498,0.426,0.248,0.31,0.376,0.462,0.444,0.473,0.208,0.226
0.103,0.169,0.22,0.113,0.056,0.128,0.147,0.118,0.114,0.117,0.102,0.095,0.074,0.239,0.113,0.06,0.157,0.22,0.132,0.133,0.128,0.099,0.201,0.233,0.183,0.068,0.113,0.056,0.147,0.112,0.179,0.239,0.175,0.105,0.234,0.112,0.079,0.139,0.183,0.134,0.143,0.166,0.22,0.311,0.11,0.22,0.11,0.183,0.101,0.168,0.148,0.22,0.128,0.097,0.22,0.07,0.271,0.136,0.128,0.111,0.441,0.35,0.184,0.418,0.229,0.286,0.35,0.104,0.22,0.22,0.188,0.061,0.159,0.109,0.215,0.201,0.11,0.22,0.157,0.072,0.141,0.045,0.176,0.177,0.22,0.22,0.119,0.189,0.13,0.22,0.35,0.127,0.239,0.084,0.166,0.117,0.15,0.117,0.066,0.33,0.22,0.133,0.132,0.098,0.113,0.19,0.182,0.38,0.22,0.177,0.2,0.373,0.139,0.079,0.106,0.177,0.137,0.24,0.105,0.168,0.22,0.22,0.33,0.22,0.182,0.134,0.237,0.071,0.094,0.179,1.0,0.22,0.051,0.138,0.209,0.129,0.301,0.151,0.146,0.399,0.128,0.255,0.228,0.15,0.268,0.229,0.096,0.054,0.12,0.086,0.062,0.079,0.045,0.107,0.244,0.134,0.203,0.179,0.041,0.211,0.15,0.119,0.22,0.099,0.083,0.129,0.109,0.22,0.233,0.136,0.04,0.178,0.125,0.519,0.177,0.076,0.124,0.362,0.062,0.112,0.147,0.157,0.401,0.259,0.226,0.099,0.172,0.114,0.082,0.273,0.22,0.119,0.141,0.134,0.19,0.122,0.146,0.24,0.137,0.138,0.071
1.0,1.0,1.0,0.808,0.253,0.808,0.414,1.0,0.939,1.0,0.746,0.259,0.274,0.839,0.57,0.234,1.0,1.0,0.305,1.0,1.0,0.396,1.0,1.0,1.0,0.232,1.0,0.324,0.939,0.839,1.0,0.775,1.0,0.382,0.939,1.0,0.402,1.0,1.0,0.345,0.939,0.939,1.0,0.22,1.0,1.0,0.573,0.839,1.0,1.0,0.665,1.0,0.705,0.839,1.0,0.241,0.253,1.0,0.808,1.0,0.694,0.808,0.746,0.249,0.808,0.576,0.808,0.839,1.0,1.0,0.808,0.265,0.562,1.0,0.839,0.784,1.0,1.0,0.571,0.546,1.0,0.032,0.329,1.0,1.0,1.0,1.0,0.839,1.0,1.0,0.808,0.304,0.746,0.219,0.746,1.0,1.0,1.0,0.362,0.839,1.0,0.808,1.0,0.842,0.194,1.0,0.576,0.413,1.0,0.808,0.224,0.802,0.939,0.402,0.359,0.939,0.808,0.839,0.534,0.839,1.0,1.0,0.316,1.0,0.839,0.248,0.939,0.241,0.479,1.0,0.22,1.0,0.305,1.0,0.695,1.0,0.065,0.352,0.808,1.0,1.0,0.802,0.784,0.38,0.746,0.839,0.329,0.042,1.0,0.66,0.169,0.402,0.035,1.0,0.531,0.939,1.0,0.102,0.339,0.413,1.0,1.0,1.0,0.842,0.277,0.44,1.0,1.0,0.808,0.32,0.179,0.839,1.0,0.422,0.808,0.414,1.0,0.266,0.237,0.396,0.939,0.839,1.0,0.784,0.939,0.132,1.0,0.211,0.075,0.437,1.0,1.0,0.839,0.248,0.839,0.839,1.0,0.784,0.802,0.186,0.274
0.305,0.305,0.305,0.267,0.272,0.267,0.185,0.401,0.312,0.305,0.272,0.242,0.222,0.285,0.394,0.171,0.305,0.305,0.174,0.305,0.305,0.177,0.305,0.305,0.305,0.215,0.432,0.258,0.33,0.276,0.305,0.303,0.305,0.267,0.312,0.305,0.312,0.305,0.401,0.278,0.312,0.312,0.305,0.139,0.305,0.305,0.29,0.276,0.305,0.305,0.273,0.305,0.34,0.401,0.305,0.203,0.099,0.305,0.267,0.305,0.427,0.267,0.272,0.081,0.267,0.23,0.267,0.276,0.305,0.305,0.3,0.434,0.228,0.305,0.276,0.285,0.305,0.305,0.331,0.371,0.305,0.04,0.253,0.305,0.305,0.305,0.312,0.276,0.305,0.305,0.267,0.267,0.272,0.313,0.272,0.305,0.312,0.305,0.132,0.276,0.305,0.267,0.312,0.312,0.185,0.305,0.23,0.168,0.305,0.272,0.116,0.303,0.312,0.312,0.292,0.312,0.267,0.3,0.266,0.401,0.305,0.305,0.185,0.305,0.285,0.207,0.312,0.209,0.155,0.305,0.051,0.305,1.0,0.305,0.401,0.305,0.033,0.203,0.267,0.305,0.305,0.3,0.285,0.207,0.272,0.285,0.253,0.048,0.305,0.432,0.155,0.312,0.041,0.305,0.326,0.312,0.305,0.054,0.507,0.34,0.305,0.305,0.305,0.312,0.229,0.193,0.305,0.305,0.267,0.267,0.331,0.276,0.312,0.081,0.267,0.185,0.312,0.109,0.408,0.197,0.312,0.276,0.305,0.285,0.312,0.146,0.305,0.117,0.079,0.193,0.305,0.305,0.276,0.207,0.3,0.276,0.312,0.285,0.3,0.07,0.222
0.482,0.524,1.0,0.499,0.137,0.59,0.48,0.647,0.487,0.62,0.433,0.169,0.183,0.614,0.57,0.156,0.545,1.0,0.2,0.481,0.77,0.22,0.472,0.692,0.451,0.164,0.591,0.188,0.484,0.404,0.625,0.422,0.501,0.241,0.438,0.635,0.252,0.523,0.548,0.345,0.529,0.525,1.0,0.152,0.598,1.0,0.316,0.453,0.597,0.455,0.295,1.0,0.383,0.581,1.0,0.165,0.327,0.592,0.755,0.52,0.366,0.486,0.47,0.249,1.0,0.576,0.486,0.405,1.0,1.0,0.514,0.265,0.404,0.617,0.518,0.421,0.598,1.0,0.28,0.304,0.851,0.095,0.329,0.526,1.0,1.0,0.589,0.483,0.6,1.0,0.486,0.186,0.931,0.219,0.439,0.62,0.533,0.62,0.246,0.503,1.0,0.497,0.689,0.413,0.194,0.512,0.304,0.224,1.0,0.437,0.253,0.341,0.618,0.252,0.212,0.477,0.513,0.316,0.31,0.435,1.0,1.0,0.316,1.0,0.492,0.248,0.939,0.167,0.298,0.625,0.138,1.0,0.305,1.0,0.41,0.655,0.12,0.233,0.267,0.585,0.77,0.419,0.332,0.23,0.473,0.254,0.223,0.243,0.753,0.45,0.128,0.252,0.081,0.651,0.354,0.384,0.582,0.292,0.199,0.244,0.534,0.573,1.0,0.415,0.187,0.306,0.617,1.0,0.407,0.229,0.125,1.0,0.566,0.422,0.383,0.262,0.652,0.218,0.182,0.422,0.468,0.367,0.511,0.349,0.575,0.22,0.425,0.146,0.229,0.419,1.0,0.616,0.588,0.248,0.452,0.573,0.452,0.456,0.459,0.156,0.178
0.374,0.387,0.695,0.309,0.137,0.304,0.708,0.573,0.355,0.442,0.24,0.226,0.243,0.374,0.812,0.123,0.398,0.695,0.224,0.293,0.406,0.266,0.364,0.319,0.304,0.224,0.532,0.192,0.364,0.347,0.411,0.367,0.356,0.313,0.309,0.406,0.417,0.253,0.489,0.618,0.378,0.349,0.695,0.224,0.443,0.695,0.374,0.34,0.336,0.335,0.244,0.695,0.341,0.583,0.695,0.18,0.281,0.431,0.33,0.37,0.502,0.488,0.286,0.594,0.594,0.52,0.488,0.282,0.695,0.695,0.49,0.347,0.624,0.451,0.281,0.286,0.443,0.695,0.224,0.358,0.455,0.042,0.48,0.336,0.695,0.695,0.454,0.276,0.398,0.695,0.488,0.162,0.542,0.295,0.283,0.442,0.281,0.442,0.236,0.417,0.695,0.381,0.434,0.383,0.306,0.368,0.284,0.215,0.695,0.284,0.357,0.303,0.406,0.417,0.273,0.423,0.306,0.269,0.475,0.372,0.695,0.695,0.447,0.695,0.401,0.364,0.635,0.234,0.273,0.411,0.209,0.695,0.401,0.41,1.0,0.455,0.122,0.261,0.246,0.389,0.406,0.244,0.334,0.283,0.48,0.202,0.307,0.075,0.402,0.586,0.2,0.417,0.044,0.297,0.522,0.289,0.39,0.119,0.243,0.318,0.242,0.371,0.695,0.385,0.263,0.337,0.451,0.695,0.264,0.258,0.153,0.62,0.408,1.0,0.328,0.314,0.479,0.342,0.198,0.365,0.42,0.274,0.421,0.32,0.4,0.181,0.311,0.176,0.118,0.483,0.695,0.37,0.341,0.364,0.246,0.302,0.372,0.292,0.35,0.15,0.235
0.72,0.747,1.0,0.756,0.094,0.583,0.414,0.781,0.703,0.986,0.267,0.226,0.256,0.439,0.57,0.156,0.786,1.0,0.249,0.436,0.725,0.322,0.397,0.437,0.331,0.214,0.85,0.245,0.573,0.425,0.727,0.598,0.587,0.27,0.493,0.715,0.37,0.25,0.717,0.345,0.812,0.591,1.0,0.155,0.868,1.0,0.393,0.554,0.516,0.389,0.332,1.0,0.428,0.698,1.0,0.185,0.332,0.851,0.638,0.719,0.476,0.7,0.648,0.249,1.0,0.576,0.7,0.397,1.0,1.0,0.704,0.265,0.361,0.879,0.414,0.226,0.868,1.0,0.22,0.429,0.834,0.029,0.329,0.562,1.0,1.0,0.913,0.403,0.715,1.0,0.7,0.116,1.0,0.219,0.648,0.986,0.288,0.986,0.336,0.551,1.0,0.682,0.752,0.585,0.194,0.64,0.357,0.234,1.0,0.538,0.273,0.388,0.847,0.37,0.254,0.557,0.651,0.235,0.455,0.37,1.0,1.0,0.319,1.0,0.543,0.248,0.939,0.218,0.367,0.727,0.129,1.0,0.305,0.655,0.455,1.0,0.065,0.28,0.219,0.52,0.725,0.285,0.337,0.325,0.807,0.177,0.294,0.038,0.586,0.594,0.155,0.37,0.028,0.371,0.477,0.318,0.685,0.07,0.255,0.284,0.254,0.613,1.0,0.588,0.242,0.381,0.879,1.0,0.52,0.253,0.162,0.839,0.767,0.422,0.47,0.314,0.901,0.19,0.192,0.25,0.638,0.301,0.583,0.294,0.522,0.132,0.391,0.166,0.051,0.407,1.0,0.518,0.494,0.248,0.283,0.36,0.529,0.466,0.561,0.148,0.249
0.065,0.211,0.065,0.067,0.045,0.091,0.053,0.065,0.07,0.065,0.1,0.09,0.039,0.345,0.028,0.068,0.293,0.065,0.053,0.126,0.12,0.06,0.364,0.476,0.43,0.032,0.065,0.037,0.185,0.057,0.163,0.608,0.302,0.102,0.393,0.065,0.037,0.261,0.195,0.033,0.088,0.288,0.065,0.161,0.065,0.065,0.076,0.239,0.065,0.22,0.319,0.065,0.127,0.057,0.065,0.046,0.084,0.065,0.12,0.068,0.208,0.424,0.195,0.094,0.047,0.087,0.424,0.091,0.065,0.065,0.084,0.042,0.288,0.065,0.235,0.31,0.065,0.065,0.321,0.037,0.12,0.054,0.039,0.288,0.065,0.065,0.07,0.305,0.083,0.065,0.424,0.125,0.049,0.051,0.211,0.065,0.128,0.065,0.058,0.424,0.065,0.155,0.07,0.054,0.027,0.195,0.288,0.097,0.065,0.205,0.06,0.393,0.083,0.037,0.126,0.154,0.141,0.481,0.077,0.288,0.065,0.065,0.045,0.065,0.219,0.03,0.07,0.03,0.116,0.163,0.301,0.065,0.033,0.12,0.122,0.065,1.0,0.068,0.242,0.385,0.12,0.388,0.393,0.051,0.073,0.319,0.039,0.064,0.073,0.036,0.047,0.037,0.054,0.106,0.22,0.177,0.288,0.387,0.034,0.198,0.481,0.116,0.065,0.054,0.036,0.065,0.065,0.065,0.608,0.102,0.032,0.057,0.07,0.1,0.189,0.053,0.07,0.142,0.041,0.068,0.102,0.138,0.282,0.211,0.268,0.102,0.22,0.138,0.127,0.126,0.065,0.066,0.149,0.03,0.272,0.261,0.112,0.608,0.138,0.288,0.034
0.206,0.247,0.352,0.256,0.087,0.254,0.202,0.298,0.271,0.264,0.145,0.262,0.402,0.219,0.326,0.107,0.23,0.352,0.512,0.172,0.263,0.368,0.188,0.186,0.187,0.363,0.308,0.412,0.244,0.395,0.29,0.246,0.203,0.265,0.195,0.211,0.212,0.119,0.28,0.229,0.244,0.252,0.352,0.226,0.261,0.352,0.247,0.208,0.157,0.2,0.233,0.352,0.289,0.296,0.352,0.561,0.299,0.269,0.217,0.271,0.248,0.243,0.248,0.374,0.336,0.482,0.243,0.28,0.352,0.352,0.291,0.177,0.225,0.257,0.147,0.136,0.261,0.352,0.126,0.576,0.279,0.132,0.568,0.223,0.352,0.352,0.279,0.145,0.209,0.352,0.243,0.19,0.354,0.289,0.263,0.264,0.139,0.264,0.112,0.236,0.352,0.267,0.271,0.409,0.483,0.232,0.277,0.288,0.352,0.219,0.232,0.183,0.311,0.212,0.269,0.294,0.179,0.15,0.215,0.229,0.352,0.352,0.914,0.352,0.442,0.423,0.376,0.393,0.13,0.29,0.151,0.352,0.203,0.233,0.261,0.28,0.068,1.0,0.163,0.21,0.263,0.144,0.177,0.572,0.349,0.111,0.44,0.122,0.212,0.309,0.211,0.212,0.246,0.148,0.243,0.199,0.235,0.081,0.156,0.346,0.111,0.248,0.352,0.415,0.41,0.312,0.257,0.352,0.181,0.264,0.293,0.3,0.294,0.442,0.395,0.337,0.283,0.165,0.118,0.301,0.5,0.134,0.209,0.174,0.232,0.252,0.189,0.122,0.185,0.381,0.352,0.171,0.199,0.423,0.125,0.144,0.381,0.225,0.212,0.134,0.394
0.166,0.201,0.808,0.197,0.194,0.275,0.344,0.249,0.183,0.19,0.236,0.19,0.14,0.305,0.49,0.109,0.239,0.808,0.177,0.375,0.213,0.131,0.344,0.381,0.377,0.134,0.202,0.165,0.237,0.249,0.253,0.242,0.246,0.256,0.353,0.181,0.17,0.271,0.223,0.356,0.19,0.338,0.808,0.293,0.169,0.808,0.221,0.267,0.168,0.26,0.243,0.808,0.308,0.22,0.808,0.158,0.327,0.251,0.235,0.196,0.179,0.238,0.246,0.236,1.0,0.473,0.238,0.208,0.808,0.808,0.24,0.232,0.308,0.17,0.22,0.31,0.169,0.808,0.251,0.16,0.265,0.1,0.39,0.287,0.808,0.808,0.178,0.251,0.172,0.808,0.238,0.245,0.931,0.307,0.223,0.19,0.291,0.19,0.095,0.265,0.808,0.253,0.279,0.162,0.26,0.219,0.217,0.203,0.808,0.302,0.412,0.325,0.268,0.17,0.232,0.323,0.182,0.443,0.181,0.364,0.808,0.808,0.296,0.808,0.266,0.3,0.781,0.13,0.132,0.253,0.146,0.808,0.267,0.267,0.246,0.219,0.242,0.163,1.0,0.274,0.213,0.304,0.279,0.161,0.184,0.274,0.149,0.122,0.257,0.192,0.227,0.17,0.117,0.2,0.254,0.533,0.276,0.212,0.112,0.275,0.288,0.243,0.808,0.162,0.145,0.255,0.17,0.808,0.303,0.292,0.112,0.68,0.215,0.328,0.211,0.159,0.196,0.15,0.102,0.203,0.262,0.214,0.186,0.364,0.318,0.254,0.272,0.231,0.271,0.24,0.808,0.195,0.352,0.3,0.284,0.216,0.331,0.311,0.183,0.16,0.133
0.387,0.423,1.0,0.396,0.136,0.441,0.48,0.542,0.392,0.483,0.336,0.161,0.157,0.468,0.57,0.144,0.454,1.0,0.18,0.394,0.535,0.193,0.437,0.51,0.414,0.143,0.473,0.161,0.417,0.362,0.551,0.379,0.433,0.224,0.402,0.496,0.207,0.38,0.484,0.345,0.438,0.465,1.0,0.243,0.466,1.0,0.285,0.4,0.406,0.403,0.275,1.0,0.342,0.479,1.0,0.145,0.327,0.487,0.505,0.417,0.529,0.605,0.422,0.359,1.0,0.576,0.605,0.349,1.0,1.0,0.468,0.265,0.326,0.48,0.503,0.372,0.466,1.0,0.256,0.248,0.634,0.083,0.329,0.509,1.0,1.0,0.461,0.42,0.594,1.0,0.605,0.195,0.931,0.219,0.362,0.483,0.446,0.483,0.197,0.575,1.0,0.422,0.581,0.338,0.194,0.461,0.273,0.263,1.0,0.4,0.253,0.42,0.51,0.207,0.195,0.45,0.446,0.346,0.258,0.43,1.0,1.0,0.316,1.0,0.432,0.248,0.939,0.145,0.243,0.551,0.399,1.0,0.305,0.585,0.389,0.52,0.385,0.21,0.274,1.0,0.535,0.373,0.34,0.203,0.417,0.292,0.194,0.141,0.555,0.373,0.114,0.207,0.079,0.417,0.36,0.344,0.515,0.231,0.168,0.268,0.379,0.405,1.0,0.339,0.165,0.268,0.48,1.0,0.372,0.235,0.106,1.0,0.46,0.674,0.368,0.217,0.519,0.378,0.17,0.272,0.405,0.339,0.643,0.386,0.526,0.167,0.379,0.139,0.179,0.43,1.0,0.42,0.487,0.248,0.409,0.427,0.406,0.414,0.381,0.146,0.152
0.529,0.598,1.0,0.496,0.128,0.589,0.414,0.696,0.547,0.719,0.313,0.202,0.228,0.424,0.57,0.169,0.587,1.0,0.233,0.42,1.0,0.264,0.402,0.569,0.379,0.198,0.722,0.199,0.474,0.35,0.667,0.496,0.486,0.262,0.383,0.603,0.309,0.348,0.625,0.345,0.556,0.476,1.0,0.154,0.713,1.0,0.34,0.43,0.431,0.421,0.297,1.0,0.364,0.622,1.0,0.198,0.253,0.619,0.766,0.593,0.377,0.442,0.444,0.249,0.808,0.576,0.442,0.355,1.0,1.0,0.522,0.265,0.397,0.727,0.425,0.312,0.713,1.0,0.195,0.339,0.941,0.135,0.329,0.464,1.0,1.0,0.752,0.332,0.586,1.0,0.442,0.182,0.746,0.219,0.407,0.719,0.453,0.719,0.279,0.433,1.0,0.459,0.639,0.449,0.194,0.551,0.316,0.221,1.0,0.369,0.224,0.326,0.64,0.309,0.227,0.436,0.476,0.251,0.373,0.401,1.0,1.0,0.316,1.0,0.455,0.248,0.939,0.201,0.3,0.667,0.128,1.0,0.305,0.77,0.406,0.725,0.12,0.263,0.213,0.535,1.0,0.344,0.279,0.257,0.473,0.193,0.269,0.31,0.66,0.528,0.15,0.309,0.103,0.483,0.361,0.346,0.553,0.285,0.218,0.258,0.331,0.516,1.0,0.453,0.223,0.315,0.727,1.0,0.349,0.225,0.15,0.839,0.661,0.422,0.321,0.275,0.769,0.189,0.18,0.321,0.498,0.276,0.482,0.297,0.527,0.22,0.382,0.139,0.228,0.342,1.0,0.471,0.481,0.248,0.289,0.352,0.448,0.429,0.462,0.192,0.219
0.224,0.346,0.802,0.206,0.091,0.275,0.521,0.377,0.248,0.257,0.291,0.131,0.106,0.488,0.544,0.111,0.339,0.802,0.122,0.424,0.344,0.14,0.486,0.544,0.401,0.099,0.293,0.104,0.362,0.234,0.297,0.526,0.457,0.182,0.468,0.302,0.133,0.399,0.321,0.335,0.284,0.415,0.802,0.154,0.296,0.802,0.212,0.349,0.296,0.359,0.334,0.802,0.248,0.315,0.802,0.101,0.256,0.259,0.349,0.236,0.224,0.288,0.294,0.253,0.653,0.574,0.288,0.238,0.802,0.802,0.276,0.262,0.344,0.286,0.386,0.509,0.296,0.802,0.382,0.162,0.405,0.077,0.33,0.423,0.802,0.802,0.283,0.496,0.28,0.802,0.288,0.154,0.698,0.229,0.312,0.257,0.412,0.257,0.153,0.364,0.802,0.254,0.387,0.211,0.186,0.336,0.315,0.237,0.802,0.296,0.25,0.408,0.313,0.133,0.194,0.299,0.262,0.45,0.182,0.393,0.802,0.802,0.305,0.802,0.35,0.241,0.889,0.098,0.211,0.297,0.255,0.802,0.3,0.419,0.244,0.285,0.388,0.144,0.304,0.373,0.344,1.0,0.395,0.138,0.221,0.314,0.131,0.144,0.487,0.255,0.095,0.133,0.072,0.351,0.25,0.278,0.433,0.34,0.124,0.191,0.491,0.294,0.802,0.212,0.114,0.179,0.286,0.802,0.463,0.184,0.08,0.926,0.286,0.445,0.249,0.15,0.33,0.188,0.107,0.228,0.282,0.289,0.292,0.417,0.458,0.145,0.339,0.2,0.226,0.313,0.802,0.285,0.507,0.241,0.457,0.425,0.292,0.554,0.356,0.252,0.101
0.277,0.345,0.784,0.246,0.157,0.264,0.521,0.447,0.297,0.304,0.176,0.161,0.143,0.399,0.539,0.142,0.4,0.784,0.176,0.332,0.279,0.179,0.427,0.424,0.353,0.13,0.347,0.14,0.381,0.269,0.296,0.512,0.477,0.21,0.468,0.25,0.189,0.233,0.353,0.323,0.324,0.447,0.784,0.298,0.361,0.784,0.246,0.391,0.216,0.396,0.381,0.784,0.264,0.384,0.784,0.127,0.285,0.312,0.227,0.34,0.301,0.352,0.329,0.453,0.653,0.5,0.352,0.315,0.784,0.784,0.37,0.247,0.314,0.346,0.351,0.286,0.361,0.784,0.283,0.193,0.372,0.112,0.292,0.477,0.784,0.784,0.333,0.343,0.249,0.784,0.352,0.188,0.698,0.206,0.304,0.304,0.223,0.304,0.197,0.399,0.784,0.312,0.389,0.244,0.215,0.347,0.349,0.209,0.784,0.377,0.268,0.436,0.372,0.189,0.227,0.389,0.233,0.517,0.24,0.423,0.784,0.784,0.346,0.784,0.396,0.23,0.854,0.132,0.259,0.296,0.228,0.784,0.285,0.332,0.334,0.337,0.393,0.177,0.279,0.34,0.279,0.395,1.0,0.178,0.309,0.347,0.163,0.086,0.343,0.297,0.171,0.189,0.075,0.2,0.297,0.316,0.44,0.305,0.139,0.213,0.255,0.298,0.784,0.244,0.147,0.239,0.346,0.784,0.469,0.204,0.095,0.926,0.342,0.779,0.359,0.23,0.39,0.318,0.103,0.202,0.311,0.294,0.368,0.39,0.491,0.179,0.364,0.241,0.147,0.326,0.784,0.219,0.396,0.23,0.324,0.289,0.349,0.532,0.355,0.275,0.136
0.246,0.266,0.38,0.252,0.071,0.269,0.22,0.349,0.289,0.312,0.139,0.299,0.399,0.212,0.343,0.089,0.266,0.38,0.499,0.183,0.257,0.664,0.192,0.175,0.177,0.373,0.367,0.467,0.246,0.711,0.265,0.254,0.218,0.28,0.197,0.243,0.247,0.107,0.304,0.235,0.282,0.257,0.38,0.223,0.306,0.38,0.27,0.234,0.179,0.199,0.237,0.38,0.302,0.346,0.38,0.326,0.305,0.318,0.205,0.268,0.291,0.259,0.246,0.386,0.373,0.507,0.259,0.377,0.38,0.38,0.289,0.179,0.227,0.303,0.154,0.125,0.306,0.38,0.12,0.381,0.284,0.089,0.719,0.22,0.38,0.38,0.326,0.155,0.243,0.38,0.259,0.173,0.385,0.301,0.287,0.312,0.127,0.312,0.126,0.229,0.38,0.294,0.279,0.396,0.368,0.242,0.317,0.299,0.38,0.226,0.252,0.192,0.315,0.247,0.296,0.305,0.205,0.143,0.243,0.237,0.38,0.38,0.896,0.38,0.567,1.0,0.398,0.369,0.133,0.265,0.15,0.38,0.207,0.23,0.283,0.325,0.051,0.572,0.161,0.203,0.257,0.138,0.178,1.0,0.379,0.105,0.782,0.087,0.222,0.353,0.235,0.247,0.311,0.14,0.276,0.184,0.241,0.059,0.184,0.386,0.106,0.238,0.38,0.4,0.806,0.444,0.303,0.38,0.178,0.285,0.324,0.331,0.297,0.413,0.21,0.205,0.327,0.173,0.128,0.574,0.587,0.127,0.227,0.179,0.228,0.231,0.188,0.127,0.182,0.424,0.38,0.183,0.198,1.0,0.126,0.14,0.454,0.202,0.237,0.104,0.392
0.478,0.508,0.746,0.565,0.079,0.454,0.374,0.584,0.503,0.742,0.202,0.189,0.232,0.435,0.511,0.118,0.574,0.746,0.345,0.317,0.473,0.295,0.341,0.291,0.277,0.198,0.638,0.182,0.426,0.31,0.499,0.462,0.397,0.217,0.375,0.47,0.308,0.198,0.484,0.306,0.648,0.476,0.746,0.253,0.633,0.746,0.308,0.371,0.323,0.31,0.246,0.746,0.333,0.518,0.746,0.168,0.373,0.643,0.466,0.468,0.412,0.658,0.534,0.714,0.931,0.475,0.658,0.267,0.746,0.746,0.659,0.236,0.31,0.619,0.308,0.237,0.633,0.746,0.155,0.33,0.612,0.032,0.292,0.428,0.746,0.746,0.68,0.259,0.469,0.746,0.658,0.087,1.0,0.175,0.516,0.742,0.201,0.742,0.28,0.488,0.746,0.58,0.563,0.43,0.215,0.445,0.29,0.221,0.746,0.449,0.32,0.306,0.692,0.308,0.202,0.508,0.477,0.214,0.375,0.279,0.746,0.746,0.561,0.746,0.487,0.23,0.817,0.214,0.278,0.499,0.268,0.746,0.272,0.473,0.48,0.807,0.073,0.349,0.184,0.417,0.473,0.221,0.309,0.379,1.0,0.148,0.272,0.035,0.415,0.49,0.154,0.308,0.033,0.231,0.437,0.247,0.499,0.069,0.201,0.228,0.203,0.403,0.746,0.43,0.236,0.331,0.619,0.746,0.371,0.228,0.132,0.644,0.552,0.779,0.397,0.25,0.673,0.294,0.153,0.225,0.467,0.197,0.437,0.281,0.451,0.114,0.319,0.174,0.048,0.447,0.746,0.328,0.391,0.23,0.216,0.235,0.405,0.329,0.442,0.139,0.225
0.207,0.222,0.839,0.133,0.239,0.177,0.521,0.246,0.153,0.161,0.17,0.11,0.078,0.311,0.539,0.12,0.221,0.839,0.094,0.234,0.193,0.097,0.358,0.353,0.366,0.076,0.181,0.13,0.253,0.192,0.245,0.286,0.276,0.154,0.3,0.17,0.098,0.289,0.234,0.328,0.18,0.307,0.839,0.168,0.182,0.839,0.166,0.24,0.165,0.256,0.21,0.839,0.193,0.215,0.839,0.084,0.265,0.184,0.19,0.154,0.196,0.219,0.21,0.216,0.68,0.5,0.219,0.216,0.839,0.839,0.179,0.297,0.237,0.181,0.297,0.29,0.182,0.839,0.239,0.108,0.242,0.058,0.289,0.29,0.839,0.839,0.169,0.287,0.163,0.839,0.219,0.168,0.698,0.246,0.203,0.161,0.274,0.161,0.103,0.283,0.839,0.186,0.232,0.138,0.186,0.241,0.222,0.192,0.839,0.219,0.26,0.294,0.193,0.098,0.156,0.239,0.16,0.369,0.136,0.353,0.839,0.839,0.289,0.839,0.263,0.228,0.854,0.075,0.148,0.245,0.229,0.839,0.285,0.254,0.202,0.177,0.319,0.111,0.274,0.292,0.193,0.314,0.347,0.105,0.148,1.0,0.092,0.082,0.241,0.16,0.1,0.098,0.06,0.189,0.181,0.265,0.344,0.202,0.097,0.161,0.282,0.205,0.839,0.139,0.083,0.13,0.181,0.839,0.356,0.174,0.085,1.0,0.178,0.346,0.19,0.113,0.202,0.184,0.162,0.156,0.192,0.3,0.251,0.339,0.33,0.511,0.251,0.172,0.118,0.215,0.839,0.198,0.291,0.228,0.295,0.249,0.211,0.337,0.216,0.179,0.075
0.249,0.264,0.329,0.216,0.081,0.203,0.16,0.366,0.259,0.299,0.097,0.383,0.552,0.168,0.443,0.07,0.254,0.329,0.32,0.149,0.269,0.605,0.158,0.175,0.17,0.509,0.41,0.375,0.22,0.745,0.28,0.277,0.208,0.34,0.172,0.252,0.297,0.1,0.366,0.288,0.256,0.221,0.329,0.143,0.302,0.329,0.323,0.212,0.187,0.18,0.161,0.329,0.363,0.392,0.329,0.429,0.157,0.313,0.196,0.258,0.354,0.221,0.2,0.228,0.271,0.67,0.221,0.465,0.329,0.329,0.264,0.216,0.149,0.302,0.14,0.096,0.302,0.329,0.102,0.494,0.272,0.049,1.0,0.193,0.329,0.329,0.313,0.154,0.252,0.329,0.221,0.184,0.272,0.37,0.194,0.299,0.123,0.299,0.101,0.197,0.329,0.207,0.247,0.543,0.538,0.239,0.373,0.192,0.329,0.169,0.148,0.189,0.266,0.297,0.369,0.31,0.182,0.129,0.272,0.279,0.329,0.329,0.449,0.329,0.435,1.0,0.329,0.533,0.116,0.28,0.096,0.329,0.253,0.223,0.307,0.294,0.039,0.44,0.149,0.194,0.269,0.131,0.163,0.782,0.272,0.092,1.0,0.061,0.218,0.456,0.188,0.297,0.045,0.149,0.236,0.185,0.226,0.058,0.218,0.418,0.096,0.223,0.329,0.546,0.884,0.425,0.302,0.329,0.162,0.323,0.274,0.286,0.272,0.341,0.158,0.129,0.308,0.148,0.151,0.587,0.66,0.123,0.222,0.188,0.2,0.219,0.164,0.106,0.089,0.252,0.329,0.192,0.161,1.0,0.121,0.146,0.475,0.202,0.229,0.093,0.546
0.037,0.1,0.042,0.18,0.07,0.211,0.032,0.059,0.16,0.039,0.284,0.106,0.056,0.209,0.047,0.113,0.051,0.042,0.155,0.152,0.31,0.097,0.122,0.198,0.129,0.051,0.044,0.048,0.141,0.086,0.154,0.12,0.073,0.128,0.091,0.147,0.053,0.213,0.09,0.052,0.044,0.101,0.042,0.118,0.039,0.042,0.086,0.056,0.279,0.152,0.156,0.042,0.109,0.064,0.042,0.088,0.109,0.053,0.302,0.184,0.052,0.073,0.158,0.09,0.034,0.051,0.073,0.119,0.042,0.042,0.134,0.056,0.164,0.04,0.136,0.172,0.039,0.042,0.228,0.07,0.218,0.211,0.064,0.14,0.042,0.042,0.041,0.118,0.12,0.042,0.073,0.151,0.033,0.072,0.143,0.039,0.249,0.039,0.033,0.105,0.042,0.115,0.146,0.051,0.053,0.082,0.131,0.16,0.042,0.076,0.044,0.068,0.153,0.053,0.095,0.109,0.138,0.11,0.065,0.105,0.042,0.042,0.046,0.042,0.048,0.053,0.041,0.053,0.064,0.154,0.054,0.042,0.048,0.243,0.075,0.038,0.064,0.122,0.122,0.141,0.31,0.144,0.086,0.087,0.035,0.082,0.061,1.0,0.203,0.054,0.052,0.053,0.149,0.267,0.055,0.124,0.089,0.225,0.041,0.062,0.214,0.211,0.042,0.051,0.091,0.111,0.04,0.042,0.098,0.086,0.048,0.036,0.154,0.043,0.086,0.126,0.04,0.08,0.062,0.181,0.06,0.101,0.054,0.107,0.148,0.135,0.142,0.061,0.279,0.098,0.042,0.2,0.167,0.053,0.135,0.211,0.118,0.142,0.062,0.145,0.054
0.474,0.504,1.0,0.411,0.111,0.462,0.521,0.666,0.48,0.566,0.453,0.166,0.18,0.556,0.57,0.14,0.51,1.0,0.18,0.538,0.66,0.221,0.451,0.589,0.406,0.161,0.587,0.182,0.516,0.411,0.566,0.42,0.497,0.23,0.393,0.749,0.25,0.535,0.524,0.345,0.495,0.49,1.0,0.133,0.628,1.0,0.314,0.472,0.656,0.438,0.279,1.0,0.338,0.6,1.0,0.149,0.253,0.539,0.66,0.496,0.364,0.416,0.39,0.249,0.808,0.576,0.416,0.401,1.0,1.0,0.451,0.265,0.376,0.628,0.493,0.461,0.628,1.0,0.302,0.306,0.739,0.063,0.329,0.547,1.0,1.0,0.592,0.589,0.687,1.0,0.416,0.15,0.746,0.219,0.37,0.566,0.578,0.566,0.267,0.454,1.0,0.417,0.733,0.413,0.194,0.488,0.285,0.205,1.0,0.362,0.224,0.333,0.548,0.25,0.208,0.43,0.484,0.331,0.309,0.417,1.0,1.0,0.316,1.0,0.517,0.248,0.939,0.163,0.317,0.566,0.12,1.0,0.305,0.753,0.402,0.586,0.073,0.212,0.257,0.555,0.66,0.487,0.343,0.222,0.415,0.241,0.218,0.203,1.0,0.449,0.135,0.25,0.058,0.664,0.323,0.34,0.539,0.228,0.199,0.239,0.574,0.526,1.0,0.415,0.182,0.263,0.628,1.0,0.339,0.208,0.122,1.0,0.552,0.422,0.316,0.273,0.663,0.266,0.19,0.375,0.47,0.39,0.507,0.367,0.539,0.143,0.376,0.122,0.276,0.473,1.0,0.581,0.624,0.248,0.531,0.708,0.446,0.461,0.489,0.133,0.176
0.516,0.525,0.66,0.449,0.16,0.384,0.287,0.761,0.541,0.596,0.209,0.347,0.382,0.32,0.919,0.118,0.522,0.66,0.265,0.307,0.528,0.275,0.281,0.35,0.259,0.332,0.826,0.362,0.461,0.428,0.533,0.513,0.434,0.414,0.358,0.518,0.51,0.186,0.734,0.483,0.544,0.417,0.66,0.15,0.601,0.66,0.47,0.428,0.407,0.31,0.322,0.66,0.436,0.808,0.66,0.299,0.173,0.554,0.402,0.522,0.732,0.417,0.423,0.185,0.574,0.393,0.417,0.361,0.66,0.66,0.478,0.363,0.239,0.599,0.299,0.172,0.601,0.66,0.212,0.68,0.541,0.043,0.48,0.392,0.66,0.66,0.628,0.337,0.518,0.66,0.417,0.198,0.584,0.298,0.415,0.596,0.248,0.596,0.212,0.36,0.66,0.422,0.513,0.536,0.331,0.482,0.274,0.188,0.66,0.34,0.157,0.352,0.552,0.51,0.388,0.426,0.395,0.206,0.415,0.437,0.66,0.66,0.341,0.66,0.434,0.378,0.674,0.347,0.275,0.533,0.086,0.66,0.432,0.45,0.586,0.594,0.036,0.309,0.192,0.373,0.528,0.255,0.297,0.353,0.49,0.16,0.456,0.054,0.449,1.0,0.196,0.51,0.041,0.318,0.395,0.304,0.453,0.053,0.392,0.425,0.185,0.461,0.66,0.537,0.391,0.245,0.599,0.66,0.334,0.303,0.233,0.597,0.556,0.26,0.312,0.237,0.624,0.129,0.283,0.266,0.565,0.267,0.441,0.269,0.393,0.187,0.281,0.106,0.078,0.252,0.66,0.41,0.33,0.378,0.25,0.311,0.431,0.407,0.462,0.081,0.377
0.131,0.15,0.169,0.114,0.093,0.166,0.303,0.187,0.15,0.157,0.062,0.198,0.182,0.118,0.184,0.071,0.138,0.169,0.188,0.125,0.15,0.14,0.123,0.11,0.141,0.149,0.18,0.279,0.129,0.167,0.159,0.15,0.132,0.203,0.111,0.132,0.328,0.072,0.172,0.337,0.146,0.152,0.169,0.417,0.187,0.169,0.219,0.45,0.095,0.141,0.089,0.169,0.212,0.187,0.169,0.116,0.19,0.209,0.107,0.139,0.161,0.137,0.112,0.134,0.133,0.228,0.137,0.132,0.169,0.169,0.137,0.148,0.187,0.175,0.101,0.081,0.187,0.169,0.11,0.172,0.156,0.042,0.224,0.127,0.169,0.169,0.179,0.103,0.131,0.169,0.137,0.103,0.149,0.239,0.116,0.157,0.086,0.157,0.16,0.136,0.169,0.128,0.141,0.159,0.149,0.128,0.155,0.153,0.169,0.112,0.293,0.185,0.151,0.328,0.198,0.202,0.105,0.167,0.308,0.165,0.169,0.169,0.288,0.169,0.219,0.17,0.193,0.149,0.181,0.159,0.062,0.169,0.155,0.128,0.2,0.155,0.047,0.211,0.227,0.114,0.15,0.095,0.171,0.235,0.154,0.1,0.188,0.052,0.135,0.196,1.0,0.328,0.038,0.081,0.253,0.306,0.142,0.066,0.121,0.258,0.064,0.124,0.169,0.16,0.16,0.155,0.175,0.169,0.105,0.181,0.265,0.187,0.155,0.194,0.1,0.207,0.181,0.173,0.087,0.138,0.301,0.083,0.132,0.158,0.129,0.333,0.128,0.143,0.072,0.224,0.169,0.099,0.143,0.17,0.077,0.102,0.218,0.149,0.148,0.11,0.167
0.292,0.306,0.402,0.261,0.163,0.239,0.586,0.424,0.306,0.374,0.096,0.253,0.273,0.181,0.474,0.097,0.304,0.402,0.18,0.176,0.309,0.202,0.168,0.183,0.163,0.228,0.451,0.198,0.241,0.263,0.313,0.31,0.235,0.339,0.183,0.294,1.0,0.101,0.406,1.0,0.312,0.237,0.402,0.219,0.38,0.402,0.417,0.272,0.202,0.174,0.171,0.402,0.338,0.447,0.402,0.192,0.179,0.345,0.221,0.301,0.384,0.246,0.237,0.189,0.348,0.263,0.246,0.204,0.402,0.402,0.29,0.302,0.36,0.378,0.162,0.102,0.38,0.402,0.114,0.371,0.324,0.043,0.317,0.214,0.402,0.402,0.394,0.168,0.294,0.402,0.246,0.112,0.352,0.221,0.225,0.374,0.124,0.374,0.246,0.206,0.402,0.249,0.295,0.318,0.237,0.273,0.157,0.122,0.402,0.192,0.279,0.213,0.323,1.0,0.276,0.271,0.214,0.15,0.79,0.25,0.402,0.402,0.253,0.402,0.257,0.26,0.408,0.24,0.264,0.313,0.079,0.402,0.312,0.252,0.417,0.37,0.037,0.212,0.17,0.207,0.309,0.133,0.189,0.247,0.308,0.098,0.297,0.053,0.25,0.51,0.328,1.0,0.039,0.149,0.659,0.232,0.256,0.047,0.288,0.314,0.098,0.247,0.402,0.319,0.263,0.315,0.378,0.402,0.175,0.211,0.194,0.362,0.326,0.246,0.167,0.445,0.388,0.152,0.242,0.175,0.348,0.127,0.246,0.174,0.223,0.165,0.156,0.141,0.065,0.346,0.402,0.205,0.211,0.26,0.128,0.152,0.266,0.218,0.264,0.072,0.259
0.063,0.081,0.035,0.152,0.076,0.226,0.026,0.113,0.187,0.028,0.147,0.086,0.042,0.069,0.039,0.113,0.039,0.035,0.223,0.115,0.103,0.385,0.078,0.084,0.085,0.037,0.033,0.129,0.128,0.374,0.17,0.099,0.061,0.102,0.081,0.043,0.039,0.059,0.073,0.044,0.034,0.091,0.035,0.11,0.028,0.035,0.07,0.043,0.036,0.088,0.284,0.035,0.092,0.124,0.035,0.19,0.095,0.052,0.094,0.155,0.044,0.065,0.146,0.08,0.028,0.044,0.065,0.109,0.035,0.035,0.12,0.05,0.071,0.028,0.048,0.051,0.028,0.035,0.09,0.127,0.082,0.163,0.054,0.106,0.035,0.035,0.03,0.05,0.04,0.035,0.065,0.138,0.028,0.063,0.269,0.028,0.065,0.028,0.024,0.09,0.035,0.234,0.1,0.037,0.042,0.067,0.11,0.108,0.035,0.102,0.036,0.059,0.141,0.039,0.083,0.102,0.043,0.07,0.05,0.084,0.035,0.035,0.038,0.035,0.046,0.043,0.035,0.038,0.049,0.17,0.045,0.035,0.041,0.081,0.044,0.028,0.054,0.246,0.117,0.079,0.103,0.072,0.075,0.311,0.033,0.06,0.045,0.149,0.058,0.041,0.038,0.039,1.0,0.066,0.046,0.089,0.076,0.069,0.032,0.052,0.048,0.149,0.035,0.037,0.318,0.183,0.028,0.035,0.106,0.074,0.036,0.029,0.134,0.045,0.155,0.23,0.03,0.039,0.044,0.24,0.048,0.095,0.05,0.076,0.09,0.117,0.085,0.056,0.316,0.04,0.035,0.059,0.09,0.043,0.044,0.067,0.157,0.122,0.05,0.113,0.039
0.25,0.289,1.0,0.238,0.092,0.362,0.414,0.437,0.259,0.33,0.381,0.109,0.115,0.481,0.57,0.1,0.305,1.0,0.119,0.342,0.483,0.129,0.386,0.514,0.363,0.111,0.371,0.109,0.355,0.248,0.386,0.249,0.297,0.178,0.291,0.552,0.149,0.557,0.331,0.345,0.287,0.347,1.0,0.117,0.327,1.0,0.222,0.228,0.509,0.325,0.182,1.0,0.263,0.372,1.0,0.101,0.253,0.34,0.585,0.281,0.231,0.27,0.257,0.249,0.808,0.576,0.27,0.232,1.0,1.0,0.299,0.265,0.3,0.333,0.39,0.4,0.327,1.0,0.285,0.182,0.545,0.076,0.329,0.399,1.0,1.0,0.344,0.47,0.481,1.0,0.27,0.139,0.746,0.219,0.223,0.33,0.547,0.33,0.132,0.305,1.0,0.286,0.553,0.237,0.194,0.318,0.191,0.142,1.0,0.268,0.224,0.228,0.366,0.149,0.15,0.317,0.327,0.292,0.181,0.335,1.0,1.0,0.316,1.0,0.316,0.248,0.939,0.112,0.148,0.386,0.107,1.0,0.305,0.651,0.297,0.371,0.106,0.148,0.2,0.417,0.483,0.351,0.2,0.14,0.231,0.189,0.149,0.267,0.664,0.318,0.081,0.149,0.066,1.0,0.235,0.26,0.355,0.239,0.137,0.183,0.509,0.362,1.0,0.239,0.125,0.193,0.333,1.0,0.221,0.178,0.085,0.839,0.346,0.422,0.207,0.135,0.394,0.219,0.154,0.364,0.286,0.261,0.306,0.246,0.419,0.19,0.303,0.094,0.271,0.395,1.0,0.562,0.466,0.248,0.434,0.541,0.318,0.26,0.262,0.11,0.11
0.35,0.383,0.531,0.373,0.182,0.352,0.699,0.426,0.384,0.448,0.204,0.202,0.205,0.309,0.469,0.147,0.418,0.531,0.208,0.283,0.361,0.225,0.287,0.318,0.276,0.181,0.431,0.169,0.345,0.3,0.36,0.387,0.382,0.32,0.365,0.35,0.659,0.184,0.404,0.867,0.443,0.366,0.531,0.299,0.405,0.531,0.402,0.343,0.286,0.26,0.248,0.531,0.369,0.395,0.531,0.158,0.333,0.427,0.341,0.356,0.39,0.386,0.383,0.472,0.546,0.393,0.386,0.26,0.531,0.531,0.39,0.32,0.585,0.401,0.277,0.204,0.405,0.531,0.249,0.28,0.416,0.051,0.361,0.371,0.531,0.531,0.44,0.323,0.35,0.531,0.386,0.14,0.582,0.279,0.385,0.448,0.218,0.448,0.282,0.342,0.531,0.367,0.398,0.34,0.275,0.354,0.256,0.252,0.531,0.381,0.439,0.342,0.449,0.659,0.26,0.388,0.346,0.273,0.727,0.3,0.531,0.531,0.288,0.531,0.332,0.296,0.573,0.191,0.317,0.36,0.244,0.531,0.326,0.354,0.522,0.477,0.22,0.243,0.254,0.36,0.361,0.25,0.297,0.276,0.437,0.181,0.236,0.055,0.323,0.395,0.253,0.659,0.046,0.235,1.0,0.309,0.377,0.163,0.247,0.393,0.204,0.326,0.531,0.34,0.209,0.54,0.401,0.531,0.368,0.264,0.168,0.451,0.401,0.357,0.326,0.468,0.442,0.223,0.202,0.21,0.405,0.21,0.343,0.252,0.345,0.246,0.269,0.252,0.081,0.563,0.531,0.288,0.329,0.296,0.257,0.227,0.358,0.348,0.335,0.134,0.192
0.24,0.318,0.939,0.228,0.223,0.344,0.459,0.39,0.267,0.282,0.219,0.172,0.168,0.365,0.596,0.125,0.283,0.939,0.169,0.347,0.346,0.164,0.377,0.337,0.414,0.158,0.333,0.172,0.313,0.262,0.371,0.291,0.305,0.246,0.32,0.248,0.232,0.282,0.318,0.358,0.286,0.387,0.939,0.296,0.291,0.939,0.263,0.335,0.22,0.316,0.234,0.939,0.331,0.334,0.939,0.149,0.264,0.35,0.3,0.266,0.245,0.282,0.274,0.266,0.781,0.589,0.282,0.264,0.939,0.939,0.314,0.271,0.307,0.286,0.257,0.25,0.291,0.939,0.211,0.207,0.404,0.107,0.329,0.362,0.939,0.939,0.306,0.214,0.242,0.939,0.282,0.217,0.817,0.256,0.289,0.282,0.29,0.282,0.159,0.352,0.939,0.304,0.362,0.246,0.213,0.306,0.267,0.203,0.939,0.277,0.3,0.416,0.348,0.232,0.217,0.408,0.232,0.352,0.264,0.448,0.939,0.939,0.346,0.939,0.331,0.258,1.0,0.155,0.199,0.371,0.134,0.939,0.312,0.384,0.289,0.318,0.177,0.199,0.533,0.344,0.346,0.278,0.316,0.184,0.247,0.265,0.185,0.124,0.34,0.304,0.306,0.232,0.089,0.26,0.309,1.0,0.387,0.176,0.156,0.246,0.244,0.331,0.939,0.247,0.164,0.24,0.286,0.939,0.259,0.23,0.135,0.808,0.321,0.412,0.231,0.192,0.34,0.184,0.13,0.212,0.309,0.23,0.281,0.459,0.387,0.672,0.308,0.245,0.193,0.27,0.939,0.248,0.36,0.258,0.247,0.257,0.392,0.315,0.286,0.19,0.16
0.523,0.712,1.0,0.501,0.137,0.456,0.48,0.666,0.499,0.654,0.268,0.187,0.187,0.514,0.57,0.154,0.603,1.0,0.202,0.46,0.553,0.253,0.529,0.532,0.415,0.167,0.619,0.185,0.543,0.402,0.581,0.547,0.614,0.245,0.579,0.518,0.256,0.37,0.559,0.345,0.597,0.667,1.0,0.172,0.632,1.0,0.332,0.591,0.422,0.511,0.378,1.0,0.422,0.595,1.0,0.167,0.327,0.607,0.482,0.528,0.383,0.562,0.477,0.249,1.0,0.576,0.562,0.438,1.0,1.0,0.528,0.265,0.468,0.65,0.462,0.299,0.632,1.0,0.355,0.308,0.678,0.092,0.329,0.667,1.0,1.0,0.622,0.464,0.517,1.0,0.562,0.246,0.931,0.219,0.603,0.654,0.354,0.654,0.272,0.702,1.0,0.515,0.631,0.434,0.194,0.567,0.565,0.273,1.0,0.499,0.253,0.423,0.62,0.256,0.304,0.48,0.541,0.395,0.333,0.525,1.0,1.0,0.316,1.0,0.528,0.248,0.939,0.17,0.412,0.581,0.203,1.0,0.305,0.582,0.39,0.685,0.288,0.235,0.276,0.515,0.553,0.433,0.44,0.241,0.499,0.344,0.226,0.089,0.539,0.453,0.142,0.256,0.076,0.355,0.377,0.387,1.0,0.193,0.202,0.253,0.32,0.508,1.0,0.436,0.19,0.315,0.65,1.0,0.531,0.238,0.128,1.0,0.574,0.422,0.419,0.265,0.682,0.207,0.16,0.247,0.488,0.424,0.534,0.463,0.591,0.193,0.528,0.214,0.193,0.345,1.0,0.431,0.523,0.248,0.393,0.487,0.465,0.554,0.536,0.343,0.182
0.071,0.165,0.102,0.082,0.063,0.189,0.083,0.074,0.086,0.069,0.234,0.1,0.051,0.288,0.055,0.074,0.391,0.102,0.07,0.165,0.285,0.069,0.228,0.455,0.229,0.049,0.07,0.05,0.145,0.08,0.19,0.389,0.293,0.101,0.305,0.174,0.047,0.278,0.16,0.06,0.095,0.163,0.102,0.159,0.074,0.102,0.09,0.211,0.182,0.198,0.218,0.102,0.126,0.066,0.102,0.065,0.115,0.085,0.3,0.091,0.077,0.144,0.153,0.128,0.08,0.125,0.144,0.098,0.102,0.102,0.099,0.063,0.228,0.073,0.224,0.308,0.074,0.102,0.271,0.049,0.241,0.078,0.079,0.265,0.102,0.102,0.074,0.321,0.148,0.102,0.144,0.126,0.078,0.086,0.154,0.069,0.309,0.069,0.067,0.175,0.102,0.101,0.131,0.067,0.065,0.16,0.205,0.157,0.102,0.221,0.101,0.343,0.093,0.047,0.104,0.124,0.16,0.346,0.082,0.21,0.102,0.102,0.078,0.102,0.116,0.064,0.102,0.05,0.117,0.19,0.179,0.102,0.054,0.292,0.119,0.07,0.387,0.081,0.212,0.231,0.285,0.34,0.305,0.059,0.069,0.202,0.058,0.225,0.228,0.053,0.066,0.047,0.069,0.239,0.163,0.176,0.193,1.0,0.041,0.099,0.285,0.146,0.102,0.066,0.056,0.087,0.073,0.102,0.373,0.109,0.045,0.088,0.093,0.12,0.18,0.073,0.077,0.11,0.052,0.175,0.101,0.158,0.097,0.185,0.219,0.154,0.197,0.119,0.178,0.168,0.102,0.184,0.195,0.064,0.299,0.257,0.103,0.398,0.129,0.213,0.048
0.209,0.216,0.339,0.186,0.111,0.178,0.215,0.326,0.225,0.249,0.098,0.2,0.188,0.151,0.428,0.111,0.221,0.339,0.122,0.144,0.218,0.146,0.146,0.158,0.148,0.18,0.361,0.195,0.208,0.209,0.22,0.209,0.188,0.215,0.163,0.211,0.288,0.095,0.296,0.326,0.232,0.201,0.339,0.095,0.251,0.339,0.243,0.185,0.169,0.15,0.138,0.339,0.242,0.337,0.339,0.142,0.104,0.243,0.17,0.214,0.294,0.173,0.187,0.094,0.295,0.255,0.173,0.162,0.339,0.339,0.202,0.453,0.153,0.25,0.142,0.102,0.251,0.339,0.139,0.286,0.236,0.032,0.286,0.177,0.339,0.339,0.266,0.144,0.211,0.339,0.173,0.121,0.295,0.359,0.178,0.249,0.119,0.249,0.117,0.162,0.339,0.192,0.231,0.243,0.214,0.208,0.148,0.104,0.339,0.186,0.128,0.164,0.242,0.288,0.219,0.216,0.166,0.108,0.234,0.211,0.339,0.339,0.209,0.339,0.207,0.235,0.34,0.178,0.122,0.22,0.041,0.339,0.507,0.199,0.243,0.255,0.034,0.156,0.112,0.168,0.218,0.124,0.139,0.184,0.201,0.097,0.218,0.041,0.199,0.392,0.121,0.288,0.032,0.137,0.247,0.156,0.202,0.041,1.0,0.251,0.093,0.191,0.339,0.244,0.189,0.151,0.25,0.339,0.147,0.203,0.288,0.306,0.239,0.099,0.134,0.141,0.271,0.076,0.543,0.141,0.269,0.118,0.188,0.126,0.183,0.153,0.138,0.101,0.06,0.155,0.339,0.171,0.164,0.235,0.119,0.135,0.214,0.178,0.204,0.059,0.186
0.25,0.264,0.413,0.215,0.155,0.222,0.282,0.376,0.248,0.279,0.132,0.577,0.351,0.197,0.519,0.088,0.268,0.413,0.299,0.202,0.258,0.258,0.247,0.226,0.241,0.349,0.365,0.402,0.236,0.397,0.266,0.295,0.252,0.668,0.228,0.248,0.314,0.144,0.385,0.506,0.27,0.34,0.413,0.301,0.279,0.413,0.622,0.245,0.212,0.294,0.21,0.413,0.668,0.387,0.413,0.27,0.241,0.287,0.205,0.253,0.428,0.248,0.298,0.203,0.347,0.49,0.248,0.296,0.413,0.413,0.262,0.286,0.202,0.28,0.199,0.139,0.279,0.413,0.195,0.362,0.275,0.058,0.646,0.238,0.413,0.413,0.284,0.208,0.252,0.413,0.248,0.347,0.334,0.442,0.208,0.279,0.165,0.279,0.164,0.237,0.413,0.227,0.263,0.364,0.503,0.335,0.254,0.245,0.413,0.218,0.263,0.314,0.266,0.314,0.573,0.433,0.205,0.22,0.299,0.365,0.413,0.413,0.651,0.413,0.361,0.523,0.397,0.345,0.214,0.266,0.211,0.413,0.34,0.244,0.318,0.284,0.198,0.346,0.275,0.268,0.258,0.191,0.213,0.386,0.228,0.161,0.418,0.062,0.239,0.425,0.258,0.314,0.052,0.183,0.393,0.246,0.253,0.099,0.251,1.0,0.14,0.243,0.413,0.363,0.376,0.245,0.28,0.413,0.211,0.58,0.313,0.364,0.266,0.236,0.194,0.152,0.291,0.153,0.168,0.285,0.664,0.172,0.276,0.187,0.242,0.287,0.274,0.14,0.099,0.318,0.413,0.215,0.211,0.523,0.181,0.177,0.378,0.231,0.252,0.096,0.344
0.187,0.255,1.0,0.199,0.076,0.297,0.48,0.277,0.19,0.227,0.415,0.088,0.078,0.527,0.57,0.08,0.248,1.0,0.093,0.406,0.331,0.1,0.484,0.525,0.43,0.073,0.224,0.085,0.316,0.204,0.288,0.266,0.297,0.125,0.367,0.449,0.098,0.579,0.234,0.345,0.227,0.324,1.0,0.131,0.213,1.0,0.158,0.215,0.518,0.333,0.19,1.0,0.218,0.237,1.0,0.073,0.332,0.249,0.473,0.197,0.176,0.261,0.231,0.249,1.0,0.576,0.261,0.194,1.0,1.0,0.226,0.265,0.294,0.218,0.452,0.495,0.213,1.0,0.343,0.124,0.39,0.049,0.329,0.416,1.0,1.0,0.213,0.469,0.384,1.0,0.261,0.128,1.0,0.219,0.247,0.227,0.486,0.227,0.099,0.313,1.0,0.24,0.464,0.17,0.194,0.24,0.203,0.125,1.0,0.288,0.273,0.244,0.263,0.098,0.128,0.261,0.336,0.426,0.132,0.356,1.0,1.0,0.319,1.0,0.258,0.248,0.939,0.073,0.135,0.288,0.15,1.0,0.305,0.534,0.242,0.254,0.481,0.111,0.288,0.379,0.331,0.491,0.255,0.106,0.203,0.282,0.096,0.214,0.574,0.185,0.064,0.098,0.048,0.509,0.204,0.244,0.32,0.285,0.093,0.14,1.0,0.311,1.0,0.17,0.082,0.149,0.218,1.0,0.303,0.154,0.058,1.0,0.223,0.422,0.232,0.106,0.243,0.25,0.122,0.303,0.206,0.286,0.243,0.302,0.4,0.151,0.339,0.113,0.273,0.402,1.0,0.382,0.509,0.248,0.581,0.515,0.238,0.302,0.22,0.141,0.075
0.455,0.501,1.0,0.546,0.15,0.393,0.414,0.631,0.57,0.586,0.298,0.203,0.182,0.424,0.57,0.182,0.501,1.0,0.331,0.394,0.516,0.243,0.404,0.424,0.319,0.164,0.611,0.161,0.516,0.324,0.559,0.425,0.443,0.312,0.364,0.492,0.247,0.297,0.513,0.345,0.472,0.506,1.0,0.241,0.582,1.0,0.328,0.371,0.407,0.407,0.392,1.0,0.328,0.556,1.0,0.148,0.253,0.525,0.407,0.652,0.331,0.444,0.474,0.249,0.808,0.576,0.444,0.374,1.0,1.0,0.568,0.265,0.295,0.593,0.346,0.245,0.582,1.0,0.267,0.289,0.604,0.324,0.329,0.491,1.0,1.0,0.613,0.313,0.475,1.0,0.444,0.259,0.746,0.219,0.401,0.586,0.311,0.586,0.231,0.421,1.0,0.459,0.663,0.379,0.194,0.471,0.364,0.318,1.0,0.404,0.224,0.308,0.676,0.247,0.278,0.473,0.367,0.266,0.306,0.37,1.0,1.0,0.316,1.0,0.442,0.248,0.939,0.166,0.252,0.559,0.119,1.0,0.305,0.573,0.371,0.613,0.116,0.248,0.243,0.405,0.516,0.294,0.298,0.238,0.403,0.205,0.223,0.211,0.526,0.461,0.124,0.247,0.149,0.362,0.326,0.331,0.508,0.146,0.191,0.243,0.311,1.0,1.0,0.382,0.198,0.358,0.593,1.0,0.318,0.227,0.124,0.839,0.678,0.422,0.304,0.331,0.65,0.2,0.152,0.245,0.432,0.301,0.426,0.276,0.472,0.166,0.373,0.167,0.324,0.312,1.0,0.394,0.452,0.248,0.296,0.346,0.449,0.375,0.406,0.232,0.174
1.0,1.0,1.0,0.808,0.253,0.808,0.414,1.0,0.939,1.0,0.746,0.259,0.274,0.839,0.57,0.234,1.0,1.0,0.305,1.0,1.0,0.396,1.0,1.0,1.0,0.232,1.0,0.324,0.939,0.839,1.0,0.775,1.0,0.382,0.939,1.0,0.402,1.0,1.0,0.345,0.939,0.939,1.0,0.22,1.0,1.0,0.573,0.839,1.0,1.0,0.665,1.0,0.705,0.839,1.0,0.241,0.253,1.0,0.808,1.0,0.694,0.808,0.746,0.249,0.808,0.576,0.808,0.839,1.0,1.0,0.808,0.265,0.562,1.0,0.839,0.784,1.0,1.0,0.571,0.546,1.0,0.032,0.329,1.0,1.0,1.0,1.0,0.839,1.0,1.0,0.808,0.304,0.746,0.219,0.746,1.0,1.0,1.0,0.362,0.839,1.0,0.808,1.0,0.842,0.194,1.0,0.576,0.413,1.0,0.808,0.224,0.802,0.939,0.402,0.359,0.939,0.808,0.839,0.534,0.839,1.0,1.0,0.316,1.0,0.839,0.248,0.939,0.241,0.479,1.0,0.22,1.0,0.305,1.0,0.695,1.0,0.065,0.352,0.808,1.0,1.0,0.802,0.784,0.38,0.746,0.839,0.329,0.042,1.0,0.66,0.169,0.402,0.035,1.0,0.531,0.939,1.0,0.102,0.339,0.413,1.0,1.0,1.0,0.842,0.277,0.44,1.0,1.0,0.808,0.32,0.179,0.839,1.0,0.422,0.808,0.414,1.0,0.266,0.237,0.396,0.939,0.839,1.0,0.784,0.939,0.132,1.0,0.211,0.075,0.437,1.0,1.0,0.839,0.248,0.839,0.839,1.0,0.784,0.802,0.186,0.274
0.439,0.458,0.842,0.361,0.079,0.318,0.367,0.636,0.46,0.567,0.147,0.299,0.518,0.299,0.564,0.108,0.472,0.842,0.233,0.278,0.453,0.33,0.293,0.302,0.26,0.437,0.689,0.313,0.432,0.503,0.463,0.403,0.39,0.305,0.314,0.438,0.319,0.17,0.525,0.322,0.498,0.409,0.842,0.129,0.576,0.842,0.344,0.351,0.319,0.285,0.223,0.842,0.408,0.566,0.842,0.408,0.228,0.538,0.315,0.443,0.407,0.362,0.347,0.211,0.679,0.547,0.362,0.383,0.842,0.842,0.422,0.267,0.242,0.572,0.249,0.158,0.576,0.842,0.162,0.537,0.521,0.039,0.652,0.365,0.842,0.842,0.619,0.253,0.437,0.842,0.362,0.152,0.692,0.321,0.327,0.567,0.21,0.567,0.22,0.33,0.842,0.367,0.507,0.972,0.552,0.43,0.335,0.194,0.842,0.306,0.192,0.286,0.528,0.319,0.307,0.421,0.313,0.181,0.336,0.345,0.842,0.842,0.311,0.842,0.42,0.476,0.877,0.494,0.229,0.463,0.099,0.842,0.312,0.415,0.385,0.588,0.054,0.415,0.162,0.339,0.453,0.212,0.244,0.4,0.43,0.139,0.546,0.051,0.415,0.537,0.16,0.319,0.037,0.239,0.34,0.247,0.436,0.066,0.244,0.363,0.17,0.382,0.842,1.0,0.448,0.291,0.572,0.842,0.269,0.273,0.222,0.706,0.525,0.383,0.242,0.203,0.633,0.159,0.173,0.299,0.671,0.194,0.391,0.241,0.379,0.192,0.26,0.115,0.075,0.288,0.842,0.323,0.335,0.476,0.209,0.232,0.488,0.324,0.398,0.124,0.51
0.202,0.217,0.277,0.193,0.074,0.222,0.14,0.326,0.245,0.243,0.117,0.323,0.46,0.147,0.386,0.078,0.207,0.277,0.289,0.154,0.223,0.744,0.146,0.149,0.155,0.409,0.35,0.33,0.21,0.804,0.236,0.219,0.173,0.306,0.149,0.206,0.263,0.088,0.306,0.258,0.216,0.197,0.277,0.136,0.248,0.277,0.277,0.174,0.153,0.162,0.214,0.277,0.324,0.351,0.277,0.376,0.15,0.278,0.164,0.228,0.302,0.186,0.193,0.201,0.227,0.595,0.186,0.39,0.277,0.277,0.23,0.199,0.132,0.246,0.117,0.086,0.248,0.277,0.098,0.432,0.226,0.092,0.9,0.172,0.277,0.277,0.262,0.127,0.205,0.277,0.186,0.187,0.233,0.353,0.229,0.243,0.108,0.243,0.087,0.17,0.277,0.226,0.217,0.444,0.442,0.197,0.339,0.17,0.277,0.158,0.128,0.154,0.239,0.263,0.331,0.276,0.149,0.115,0.23,0.237,0.277,0.277,0.347,0.277,0.402,1.0,0.285,0.433,0.103,0.236,0.083,0.277,0.229,0.187,0.263,0.242,0.036,0.41,0.145,0.165,0.223,0.114,0.147,0.806,0.236,0.083,0.884,0.091,0.182,0.391,0.16,0.263,0.318,0.125,0.209,0.164,0.19,0.056,0.189,0.376,0.082,0.198,0.277,0.448,1.0,0.437,0.246,0.277,0.137,0.283,0.24,0.239,0.243,0.32,0.163,0.176,0.258,0.129,0.131,0.642,0.576,0.108,0.184,0.168,0.178,0.217,0.148,0.093,0.19,0.207,0.277,0.158,0.148,1.0,0.101,0.123,0.436,0.177,0.188,0.098,0.453
0.276,0.302,0.44,0.374,0.127,0.338,0.614,0.322,0.37,0.347,0.21,0.197,0.231,0.248,0.281,0.153,0.308,0.44,0.411,0.243,0.315,0.559,0.259,0.232,0.225,0.218,0.319,0.214,0.332,0.476,0.344,0.298,0.26,0.256,0.267,0.265,0.315,0.156,0.295,0.514,0.336,0.376,0.44,0.242,0.312,0.44,0.277,0.246,0.21,0.269,0.454,0.44,0.291,0.282,0.44,0.363,0.322,0.337,0.288,0.383,0.21,0.303,0.37,0.297,0.546,0.805,0.303,0.332,0.44,0.44,0.393,0.19,0.407,0.308,0.205,0.161,0.312,0.44,0.178,0.247,0.36,0.187,0.527,0.326,0.44,0.44,0.336,0.187,0.263,0.44,0.303,0.232,0.582,0.24,0.364,0.347,0.175,0.347,0.187,0.288,0.44,0.367,0.38,0.288,0.28,0.285,0.4,0.286,0.44,0.346,0.439,0.223,0.457,0.315,0.232,0.366,0.254,0.194,0.387,0.322,0.44,0.44,0.374,0.44,0.5,0.687,0.477,0.217,0.192,0.344,0.129,0.44,0.193,0.306,0.337,0.381,0.065,0.312,0.255,0.268,0.315,0.179,0.239,0.444,0.331,0.13,0.425,0.111,0.263,0.245,0.155,0.315,0.183,0.193,0.54,0.24,0.315,0.087,0.151,0.245,0.149,0.358,0.44,0.291,0.437,1.0,0.308,0.44,0.333,0.234,0.148,0.381,0.393,0.432,0.264,0.416,0.342,0.18,0.126,0.506,0.359,0.208,0.256,0.243,0.315,0.139,0.269,0.174,0.247,0.441,0.44,0.225,0.306,0.687,0.159,0.185,0.433,0.276,0.264,0.177,0.223
0.722,0.746,1.0,0.584,0.083,0.436,0.48,0.848,0.681,0.912,0.178,0.23,0.264,0.418,0.57,0.146,0.733,1.0,0.225,0.394,0.727,0.322,0.38,0.441,0.302,0.217,0.874,0.24,0.542,0.454,0.73,0.589,0.614,0.267,0.404,0.715,0.378,0.217,0.717,0.345,0.697,0.53,1.0,0.134,0.963,1.0,0.383,0.633,0.482,0.393,0.301,1.0,0.353,0.791,1.0,0.18,0.253,0.765,0.477,0.72,0.458,0.552,0.464,0.249,0.808,0.576,0.552,0.427,1.0,1.0,0.581,0.265,0.305,1.0,0.388,0.197,0.963,1.0,0.229,0.419,0.813,0.03,0.329,0.503,1.0,1.0,0.945,0.436,0.715,1.0,0.552,0.105,0.746,0.219,0.462,0.912,0.26,0.912,0.393,0.497,1.0,0.522,0.726,0.569,0.194,0.625,0.341,0.216,1.0,0.399,0.224,0.365,0.715,0.378,0.249,0.471,0.492,0.234,0.456,0.386,1.0,1.0,0.316,1.0,0.596,0.248,0.939,0.222,0.435,0.73,0.109,1.0,0.305,0.617,0.451,0.879,0.065,0.257,0.17,0.48,0.727,0.286,0.346,0.303,0.619,0.181,0.302,0.04,0.628,0.599,0.175,0.378,0.028,0.333,0.401,0.286,0.65,0.073,0.25,0.28,0.218,0.593,1.0,0.572,0.246,0.308,1.0,1.0,0.388,0.223,0.165,1.0,0.764,0.422,0.346,0.35,0.988,0.204,0.188,0.258,0.612,0.316,0.612,0.297,0.503,0.132,0.339,0.132,0.051,0.359,1.0,0.485,0.452,0.248,0.293,0.39,0.504,0.496,0.608,0.154,0.255
1.0,1.0,1.0,0.808,0.253,0.808,0.414,1.0,0.939,1.0,0.746,0.259,0.274,0.839,0.57,0.234,1.0,1.0,0.305,1.0,1.0,0.396,1.0,1.0,1.0,0.232,1.0,0.324,0.939,0.839,1.0,0.775,1.0,0.382,0.939,1.0,0.402,1.0,1.0,0.345,0.939,0.939,1.0,0.22,1.0,1.0,0.573,0.839,1.0,1.0,0.665,1.0,0.705,0.839,1.0,0.241,0.253,1.0,0.808,1.0,0.694,0.808,0.746,0.249,0.808,0.576,0.808,0.839,1.0,1.0,0.808,0.265,0.562,1.0,0.839,0.784,1.0,1.0,0.571,0.546,1.0,0.032,0.329,1.0,1.0,1.0,1.0,0.839,1.0,1.0,0.808,0.304,0.746,0.219,0.746,1.0,1.0,1.0,0.362,0.839,1.0,0.808,1.0,0.842,0.194,1.0,0.576,0.413,1.0,0.808,0.224,0.802,0.939,0.402,0.359,0.939,0.808,0.839,0.534,0.839,1.0,1.0,0.316,1.0,0.839,0.248,0.939,0.241,0.479,1.0,0.22,1.0,0.305,1.0,0.695,1.0,0.065,0.352,0.808,1.0,1.0,0.802,0.784,0.38,0.746,0.839,0.329,0.042,1.0,0.66,0.169,0.402,0.035,1.0,0.531,0.939,1.0,0.102,0.339,0.413,1.0,1.0,1.0,0.842,0.277,0.44,1.0,1.0,0.808,0.32,0.179,0.839,1.0,0.422,0.808,0.414,1.0,0.266,0.237,0.396,0.939,0.839,1.0,0.784,0.939,0.132,1.0,0.211,0.075,0.437,1.0,1.0,0.839,0.248,0.839,0.839,1.0,0.784,0.802,0.186,0.274
0.363,0.428,0.808,0.367,0.227,0.356,0.344,0.449,0.308,0.461,0.204,0.161,0.134,0.416,0.49,0.152,0.573,0.808,0.155,0.338,0.349,0.174,0.422,0.504,0.38,0.123,0.417,0.167,0.385,0.277,0.355,0.619,0.542,0.202,0.6,0.303,0.175,0.271,0.429,0.296,0.432,0.486,0.808,0.236,0.384,0.808,0.249,0.42,0.245,0.329,0.394,0.808,0.301,0.391,0.808,0.224,0.327,0.425,0.362,0.322,0.254,0.422,0.435,0.236,1.0,0.473,0.422,0.27,0.808,0.808,0.4,0.232,0.336,0.388,0.394,0.292,0.384,0.808,0.328,0.202,0.479,0.101,0.271,0.487,0.808,0.808,0.403,0.422,0.302,0.808,0.422,0.181,0.931,0.182,0.423,0.461,0.25,0.461,0.175,0.44,0.808,0.415,0.452,0.267,0.159,0.409,0.366,0.202,0.808,0.487,0.253,0.441,0.485,0.175,0.215,0.38,0.378,0.436,0.227,0.373,0.808,0.808,0.296,0.808,0.347,0.206,0.781,0.123,0.236,0.355,0.233,0.808,0.267,0.407,0.264,0.52,0.608,0.181,0.303,0.372,0.349,0.463,0.469,0.178,0.371,0.356,0.162,0.098,0.339,0.334,0.105,0.175,0.106,0.221,0.368,0.259,0.531,0.373,0.147,0.211,0.303,0.318,0.808,0.269,0.137,0.333,0.388,0.808,1.0,0.226,0.098,0.68,0.379,0.328,0.407,0.164,0.438,0.15,0.114,0.174,0.326,0.286,0.327,0.435,0.478,0.186,0.352,0.2,0.146,0.288,0.808,0.254,0.402,0.206,0.358,0.274,0.328,0.592,0.351,0.303,0.128
0.208,0.226,0.32,0.231,0.131,0.246,0.204,0.284,0.236,0.239,0.163,0.577,0.272,0.204,0.386,0.1,0.233,0.32,0.231,0.213,0.225,0.226,0.283,0.209,0.219,0.262,0.289,0.305,0.235,0.312,0.253,0.247,0.216,0.674,0.228,0.212,0.211,0.168,0.316,0.274,0.25,0.373,0.32,0.229,0.224,0.32,0.482,0.198,0.19,0.333,0.201,0.32,0.569,0.282,0.32,0.227,0.417,0.266,0.208,0.229,0.283,0.213,0.368,0.221,0.379,0.421,0.213,0.279,0.32,0.32,0.247,0.227,0.2,0.223,0.191,0.157,0.224,0.32,0.203,0.269,0.245,0.106,0.478,0.239,0.32,0.32,0.236,0.187,0.211,0.32,0.213,0.533,0.394,0.352,0.22,0.239,0.168,0.239,0.124,0.227,0.32,0.243,0.248,0.273,0.346,0.331,0.28,0.229,0.32,0.239,0.327,0.217,0.28,0.211,0.518,0.401,0.198,0.213,0.216,0.341,0.32,0.32,0.355,0.32,0.279,0.378,0.339,0.255,0.148,0.253,0.136,0.32,0.267,0.229,0.258,0.253,0.102,0.264,0.292,0.235,0.225,0.184,0.204,0.285,0.228,0.174,0.323,0.086,0.208,0.303,0.181,0.211,0.074,0.178,0.264,0.23,0.238,0.109,0.203,0.58,0.154,0.227,0.32,0.273,0.283,0.234,0.223,0.32,0.226,1.0,0.217,0.28,0.245,0.232,0.318,0.137,0.239,0.153,0.141,0.243,0.558,0.171,0.229,0.19,0.239,0.21,0.32,0.16,0.157,0.291,0.32,0.198,0.217,0.378,0.171,0.166,0.344,0.224,0.211,0.141,0.268
0.136,0.147,0.179,0.122,0.066,0.135,0.119,0.193,0.145,0.163,0.059,0.254,0.239,0.093,0.228,0.075,0.141,0.179,0.268,0.091,0.15,0.185,0.099,0.102,0.125,0.227,0.218,0.4,0.125,0.221,0.154,0.153,0.118,0.22,0.102,0.138,0.194,0.062,0.19,0.184,0.144,0.143,0.179,0.179,0.165,0.179,0.213,0.184,0.103,0.115,0.094,0.179,0.227,0.204,0.179,0.18,0.101,0.2,0.112,0.142,0.177,0.114,0.116,0.088,0.153,0.258,0.114,0.159,0.179,0.179,0.135,0.239,0.132,0.165,0.086,0.063,0.165,0.179,0.079,0.224,0.152,0.038,0.295,0.112,0.179,0.179,0.172,0.09,0.137,0.179,0.114,0.125,0.154,0.376,0.113,0.163,0.075,0.163,0.086,0.109,0.179,0.12,0.138,0.222,0.214,0.133,0.165,0.173,0.179,0.129,0.127,0.118,0.15,0.194,0.239,0.198,0.105,0.086,0.185,0.151,0.179,0.179,0.375,0.179,0.248,0.237,0.182,0.224,0.077,0.154,0.04,0.179,0.331,0.125,0.153,0.162,0.032,0.293,0.112,0.106,0.15,0.08,0.095,0.324,0.132,0.085,0.274,0.048,0.122,0.233,0.265,0.194,0.036,0.085,0.168,0.135,0.128,0.045,0.288,0.313,0.058,0.124,0.179,0.222,0.24,0.148,0.165,0.179,0.098,0.217,1.0,0.159,0.152,0.093,0.085,0.096,0.17,0.077,0.185,0.165,0.399,0.073,0.117,0.103,0.112,0.273,0.106,0.085,0.065,0.208,0.179,0.106,0.099,0.237,0.071,0.084,0.204,0.12,0.13,0.07,0.236
0.839,0.839,0.839,0.68,0.224,0.68,0.48,0.926,0.808,0.839,0.644,0.226,0.242,1.0,0.511,0.205,0.839,0.839,0.257,1.0,0.839,0.326,1.0,1.0,1.0,0.203,0.839,0.292,0.808,1.0,0.839,0.623,1.0,0.333,0.808,0.839,0.362,1.0,0.839,0.309,0.808,0.926,0.839,0.178,0.926,0.839,0.489,1.0,0.839,0.926,0.53,0.839,0.594,1.0,0.839,0.212,0.218,0.839,0.68,0.839,0.626,0.68,0.644,0.198,0.68,0.492,0.68,1.0,0.839,0.839,0.68,0.24,0.487,1.0,1.0,0.926,0.926,0.839,0.679,0.492,1.0,0.026,0.286,0.926,0.839,0.839,0.839,1.0,0.839,0.839,0.68,0.268,0.644,0.191,0.644,0.839,0.839,0.839,0.425,1.0,0.839,0.68,1.0,0.706,0.167,0.839,0.492,0.356,0.839,0.68,0.182,0.661,0.808,0.362,0.316,0.808,0.68,1.0,0.454,1.0,0.839,0.839,0.265,0.839,1.0,0.216,0.808,0.21,0.587,0.839,0.178,0.839,0.276,1.0,0.62,0.839,0.057,0.3,0.68,1.0,0.839,0.926,0.926,0.331,0.644,1.0,0.286,0.036,1.0,0.597,0.187,0.362,0.029,0.839,0.451,0.808,1.0,0.088,0.306,0.364,1.0,0.839,0.839,0.706,0.239,0.381,1.0,0.839,0.68,0.28,0.159,1.0,0.839,0.346,0.68,0.48,1.0,0.3,0.217,0.406,0.808,1.0,1.0,0.926,1.0,0.111,0.839,0.176,0.063,0.494,0.839,0.839,1.0,0.216,1.0,1.0,0.839,0.926,0.926,0.153,0.242
0.605,0.644,1.0,0.879,0.132,0.478,0.459,0.733,0.842,0.757,0.266,0.232,0.234,0.391,0.596,0.204,0.636,1.0,0.349,0.391,0.661,0.32,0.436,0.418,0.313,0.204,0.768,0.213,0.663,0.399,0.686,0.572,0.523,0.341,0.411,0.609,0.326,0.227,0.65,0.358,0.644,0.649,1.0,0.232,0.767,1.0,0.399,0.484,0.442,0.495,0.442,1.0,0.389,0.647,1.0,0.188,0.264,0.666,0.47,0.778,0.425,0.493,0.737,0.266,0.808,0.589,0.493,0.441,1.0,1.0,0.82,0.271,0.321,0.764,0.336,0.205,0.767,1.0,0.244,0.386,0.707,0.256,0.329,0.594,1.0,1.0,0.808,0.356,0.607,1.0,0.493,0.277,0.817,0.219,0.503,0.757,0.287,0.757,0.312,0.442,1.0,0.56,0.854,0.522,0.213,0.594,0.362,0.292,1.0,0.436,0.247,0.379,0.901,0.326,0.277,0.59,0.436,0.251,0.416,0.376,1.0,1.0,0.346,1.0,0.511,0.258,1.0,0.208,0.329,0.686,0.125,1.0,0.312,0.566,0.408,0.767,0.07,0.294,0.215,0.46,0.661,0.286,0.342,0.297,0.552,0.178,0.272,0.154,0.552,0.556,0.155,0.326,0.134,0.346,0.401,0.321,0.574,0.093,0.239,0.266,0.223,0.678,1.0,0.525,0.243,0.393,0.764,1.0,0.379,0.245,0.152,0.839,1.0,0.422,0.365,0.388,0.813,0.19,0.184,0.262,0.571,0.314,0.527,0.279,0.602,0.149,0.447,0.134,0.209,0.343,1.0,0.456,0.481,0.258,0.279,0.33,0.528,0.461,0.526,0.195,0.228
0.422,0.422,0.422,0.328,0.158,0.354,0.273,0.422,0.412,0.422,0.316,0.183,0.252,0.779,0.211,0.118,0.422,0.422,0.407,0.422,0.422,0.432,0.69,0.422,0.422,0.239,0.422,0.145,0.412,0.346,0.422,0.473,0.422,0.233,0.412,0.422,0.246,0.422,0.422,0.236,0.412,0.412,0.422,0.519,0.422,0.422,0.293,0.346,0.422,0.69,0.411,0.422,0.308,0.346,0.422,0.244,0.281,0.422,0.328,0.422,0.479,0.755,0.316,0.594,0.328,0.52,0.755,0.346,0.422,0.422,0.893,0.093,0.349,0.422,0.346,0.779,0.422,0.422,0.196,0.229,0.422,0.041,0.341,0.422,0.422,0.422,0.422,0.346,0.422,0.422,0.755,0.186,0.316,0.143,0.316,0.422,0.422,0.422,0.206,0.755,0.422,0.343,0.422,0.383,0.25,0.445,0.52,0.354,0.422,0.339,0.262,0.473,0.412,0.246,0.208,0.893,0.328,0.893,0.37,0.388,0.422,0.422,0.447,0.422,0.442,0.264,0.412,0.254,0.274,0.422,0.519,0.422,0.081,0.422,1.0,0.422,0.1,0.442,0.328,0.674,0.422,0.445,0.779,0.413,0.779,0.346,0.341,0.043,0.422,0.26,0.194,0.246,0.045,0.422,0.357,0.412,0.422,0.12,0.099,0.236,0.422,0.422,0.422,0.383,0.32,0.432,0.422,0.422,0.328,0.232,0.093,0.346,0.422,1.0,0.69,0.273,0.422,0.519,0.068,0.432,0.412,0.346,0.519,0.779,0.749,0.134,0.69,0.218,0.083,0.755,0.422,0.422,0.346,0.264,0.445,0.346,0.52,0.337,0.445,0.223,0.252
0.268,0.365,0.808,0.353,0.082,0.355,0.344,0.422,0.299,0.411,0.206,0.131,0.129,0.355,0.49,0.111,0.428,0.808,0.192,0.289,0.321,0.194,0.393,0.324,0.324,0.116,0.375,0.108,0.319,0.257,0.348,0.372,0.42,0.186,0.443,0.27,0.167,0.252,0.365,0.296,0.373,0.462,0.808,0.214,0.344,0.808,0.222,0.28,0.22,0.343,0.281,0.808,0.278,0.37,0.808,0.174,0.327,0.397,0.327,0.312,0.296,0.413,0.382,0.367,1.0,0.473,0.413,0.238,0.808,0.808,0.474,0.232,0.261,0.346,0.287,0.228,0.344,0.808,0.213,0.238,0.445,0.095,0.271,0.463,0.808,0.808,0.36,0.336,0.268,0.808,0.413,0.192,0.931,0.182,0.386,0.411,0.21,0.411,0.154,0.424,0.808,0.438,0.435,0.241,0.166,0.345,0.334,0.192,0.808,0.438,0.253,0.297,0.471,0.167,0.17,0.427,0.307,0.32,0.205,0.299,0.808,0.808,0.296,0.808,0.332,0.206,0.781,0.117,0.182,0.348,0.177,0.808,0.267,0.383,0.328,0.47,0.189,0.395,0.211,0.368,0.321,0.249,0.359,0.21,0.397,0.19,0.158,0.086,0.316,0.312,0.1,0.167,0.155,0.207,0.326,0.231,0.419,0.18,0.134,0.194,0.232,0.304,0.808,0.242,0.163,0.264,0.346,0.808,0.407,0.318,0.085,0.68,0.365,0.69,1.0,0.263,0.396,0.279,0.1,0.196,0.302,0.197,0.358,0.3,0.443,0.151,0.343,0.194,0.158,0.304,0.808,0.234,0.348,0.206,0.252,0.216,0.334,0.361,0.454,0.167,0.123
0.221,0.258,0.414,0.324,0.098,0.259,1.0,0.364,0.363,0.3,0.145,0.14,0.119,0.222,0.251,0.138,0.253,0.414,0.378,0.2,0.275,0.232,0.227,0.197,0.171,0.104,0.31,0.094,0.298,0.238,0.304,0.246,0.241,0.195,0.181,0.226,0.445,0.114,0.261,0.586,0.273,0.297,0.414,0.187,0.371,0.414,0.237,0.269,0.157,0.243,0.354,0.414,0.197,0.322,0.414,0.186,0.194,0.27,0.2,0.383,0.196,0.213,0.289,0.193,0.344,0.308,0.213,0.238,0.414,0.414,0.324,0.183,0.34,0.35,0.183,0.13,0.371,0.414,0.187,0.231,0.332,0.211,0.16,0.275,0.414,0.414,0.34,0.177,0.224,0.414,0.213,0.177,0.374,0.126,0.285,0.3,0.134,0.3,0.292,0.232,0.414,0.285,0.352,0.202,0.108,0.241,0.196,0.197,0.414,0.251,0.255,0.18,0.398,0.445,0.163,0.282,0.174,0.152,0.465,0.203,0.414,0.414,0.182,0.414,0.299,0.129,0.459,0.1,0.312,0.304,0.076,0.414,0.185,0.262,0.314,0.314,0.053,0.337,0.159,0.217,0.275,0.15,0.23,0.205,0.25,0.113,0.129,0.126,0.273,0.237,0.207,0.445,0.23,0.135,0.468,0.192,0.265,0.073,0.141,0.152,0.106,0.331,0.414,0.203,0.176,0.416,0.35,0.414,0.164,0.137,0.096,0.48,0.388,0.273,0.263,1.0,0.372,0.204,0.126,0.195,0.246,0.167,0.252,0.177,0.282,0.113,0.205,0.116,0.231,0.378,0.414,0.17,0.291,0.129,0.141,0.172,0.283,0.265,0.273,0.142,0.111
0.765,0.785,1.0,0.623,0.101,0.491,0.48,0.858,0.757,0.917,0.225,0.24,0.271,0.45,0.596,0.167,0.767,1.0,0.253,0.432,0.769,0.354,0.406,0.487,0.325,0.228,0.9,0.256,0.616,0.495,0.772,0.665,0.655,0.282,0.464,0.76,0.388,0.242,0.754,0.358,0.77,0.578,1.0,0.151,0.958,1.0,0.419,0.666,0.548,0.431,0.374,1.0,0.394,0.793,1.0,0.197,0.264,0.794,0.528,0.764,0.502,0.591,0.538,0.266,0.808,0.589,0.591,0.47,1.0,1.0,0.637,0.271,0.343,0.988,0.424,0.221,0.958,1.0,0.261,0.453,0.831,0.031,0.329,0.55,1.0,1.0,0.968,0.483,0.76,1.0,0.591,0.12,0.817,0.219,0.533,0.917,0.305,0.917,0.402,0.528,1.0,0.579,0.763,0.631,0.213,0.683,0.378,0.248,1.0,0.442,0.247,0.431,0.775,0.388,0.266,0.523,0.541,0.265,0.492,0.409,1.0,1.0,0.346,1.0,0.631,0.258,1.0,0.234,0.449,0.772,0.124,1.0,0.312,0.652,0.479,0.901,0.07,0.283,0.196,0.519,0.769,0.33,0.39,0.327,0.673,0.202,0.308,0.04,0.663,0.624,0.181,0.388,0.03,0.394,0.442,0.34,0.682,0.077,0.271,0.291,0.243,0.65,1.0,0.633,0.258,0.342,0.988,1.0,0.438,0.239,0.17,1.0,0.813,0.422,0.396,0.372,1.0,0.214,0.203,0.285,0.677,0.362,0.653,0.336,0.545,0.132,0.381,0.148,0.053,0.386,1.0,0.55,0.483,0.258,0.332,0.436,0.554,0.548,0.66,0.158,0.265
0.171,0.198,0.266,0.141,0.073,0.167,0.403,0.209,0.178,0.186,0.211,0.117,0.115,0.257,0.144,0.071,0.182,0.266,0.145,0.229,0.189,0.168,0.249,0.189,0.19,0.107,0.185,0.083,0.202,0.18,0.243,0.203,0.187,0.125,0.22,0.244,0.152,0.223,0.23,0.226,0.195,0.197,0.266,0.267,0.211,0.266,0.152,0.205,0.211,0.288,0.139,0.266,0.137,0.187,0.266,0.101,0.172,0.195,0.198,0.17,0.426,0.477,0.195,0.269,0.216,0.353,0.477,0.159,0.266,0.266,0.272,0.092,0.203,0.204,0.361,0.252,0.211,0.266,0.188,0.112,0.21,0.038,0.198,0.235,0.266,0.266,0.201,0.212,0.298,0.266,0.477,0.111,0.223,0.146,0.159,0.186,0.27,0.186,0.135,0.387,0.266,0.214,0.234,0.158,0.14,0.229,0.208,0.16,0.266,0.148,0.285,0.216,0.191,0.152,0.12,0.237,0.247,0.228,0.196,0.177,0.266,0.266,0.221,0.266,0.26,0.16,0.281,0.113,0.174,0.243,0.362,0.266,0.109,0.218,0.342,0.19,0.142,0.165,0.15,0.378,0.189,0.188,0.318,0.173,0.294,0.184,0.148,0.08,0.266,0.129,0.173,0.152,0.039,0.219,0.223,0.184,0.207,0.11,0.076,0.153,0.25,0.2,0.266,0.159,0.129,0.18,0.204,0.266,0.15,0.153,0.077,0.3,0.19,0.519,0.279,0.204,0.214,1.0,0.093,0.231,0.201,0.194,0.49,0.353,0.258,0.081,0.265,0.127,0.115,0.426,0.266,0.214,0.257,0.16,0.203,0.255,0.224,0.203,0.199,0.118,0.114
0.154,0.168,0.237,0.149,0.087,0.14,0.195,0.234,0.169,0.187,0.117,0.141,0.134,0.142,0.31,0.092,0.161,0.237,0.096,0.112,0.18,0.105,0.118,0.133,0.134,0.125,0.26,0.142,0.242,0.159,0.272,0.165,0.139,0.15,0.134,0.204,0.242,0.131,0.218,0.283,0.169,0.152,0.237,0.083,0.191,0.237,0.17,0.135,0.16,0.11,0.106,0.237,0.174,0.244,0.237,0.106,0.079,0.192,0.181,0.166,0.218,0.172,0.149,0.064,0.21,0.177,0.172,0.123,0.237,0.237,0.152,0.39,0.158,0.188,0.13,0.12,0.191,0.237,0.112,0.201,0.19,0.044,0.182,0.145,0.237,0.237,0.2,0.126,0.194,0.237,0.172,0.097,0.22,0.25,0.14,0.187,0.135,0.187,0.09,0.15,0.237,0.148,0.191,0.172,0.124,0.158,0.113,0.08,0.237,0.145,0.083,0.119,0.187,0.242,0.146,0.154,0.137,0.095,0.202,0.16,0.237,0.237,0.133,0.237,0.159,0.146,0.25,0.123,0.095,0.272,0.062,0.237,0.408,0.182,0.198,0.192,0.041,0.118,0.102,0.17,0.18,0.107,0.103,0.128,0.153,0.162,0.151,0.062,0.19,0.283,0.087,0.242,0.044,0.154,0.202,0.13,0.16,0.052,0.543,0.168,0.122,0.152,0.237,0.173,0.131,0.126,0.188,0.237,0.114,0.141,0.185,0.217,0.184,0.068,0.1,0.126,0.203,0.093,1.0,0.138,0.2,0.102,0.161,0.103,0.163,0.106,0.102,0.089,0.082,0.163,0.237,0.212,0.149,0.146,0.115,0.168,0.152,0.151,0.148,0.062,0.131
0.207,0.232,0.396,0.194,0.083,0.277,0.31,0.324,0.251,0.239,0.295,0.219,0.281,0.305,0.312,0.097,0.223,0.396,0.229,0.268,0.321,0.686,0.255,0.288,0.254,0.264,0.292,0.232,0.268,0.603,0.278,0.226,0.223,0.229,0.211,0.334,0.175,0.307,0.261,0.214,0.237,0.265,0.396,0.135,0.265,0.396,0.238,0.21,0.32,0.261,0.212,0.396,0.268,0.301,0.396,0.25,0.225,0.264,0.343,0.23,0.234,0.218,0.205,0.235,0.313,0.772,0.218,0.343,0.396,0.396,0.243,0.172,0.455,0.258,0.24,0.275,0.265,0.396,0.183,0.279,0.334,0.08,0.694,0.262,0.396,0.396,0.266,0.239,0.305,0.396,0.218,0.197,0.333,0.303,0.236,0.239,0.322,0.239,0.122,0.228,0.396,0.235,0.323,0.296,0.321,0.224,0.367,0.218,0.396,0.196,0.203,0.188,0.268,0.175,0.242,0.279,0.228,0.194,0.2,0.284,0.396,0.396,0.337,0.396,0.537,0.92,0.429,0.262,0.142,0.278,0.112,0.396,0.197,0.422,0.365,0.25,0.068,0.301,0.203,0.272,0.321,0.228,0.202,0.574,0.225,0.156,0.587,0.181,0.375,0.266,0.138,0.175,0.24,0.364,0.21,0.212,0.247,0.175,0.141,0.285,0.303,0.245,0.396,0.299,0.642,0.506,0.258,0.396,0.174,0.243,0.165,0.406,0.262,0.432,0.196,0.195,0.285,0.231,0.138,1.0,0.41,0.208,0.235,0.236,0.283,0.186,0.237,0.114,0.252,0.357,0.396,0.36,0.295,0.92,0.246,0.36,0.427,0.229,0.231,0.128,0.275
0.486,0.501,0.939,0.412,0.115,0.383,0.459,0.669,0.507,0.608,0.185,0.586,0.512,0.351,0.596,0.128,0.529,0.939,0.4,0.329,0.498,0.428,0.376,0.366,0.314,0.485,0.689,0.512,0.467,0.639,0.505,0.505,0.446,0.546,0.371,0.485,0.348,0.211,0.606,0.358,0.569,0.533,0.939,0.264,0.62,0.939,0.531,0.429,0.37,0.394,0.313,0.939,0.582,0.603,0.939,0.388,0.264,0.57,0.366,0.49,0.461,0.408,0.496,0.266,0.781,0.646,0.408,0.456,0.939,0.939,0.497,0.271,0.295,0.612,0.312,0.196,0.62,0.939,0.213,0.537,0.572,0.052,0.912,0.426,0.939,0.939,0.655,0.319,0.484,0.939,0.408,0.295,0.817,0.39,0.379,0.608,0.253,0.608,0.261,0.375,0.939,0.437,0.562,0.67,0.658,0.571,0.375,0.297,0.939,0.368,0.247,0.382,0.583,0.348,0.512,0.555,0.364,0.267,0.397,0.41,0.939,0.939,0.651,0.939,0.57,0.71,1.0,0.522,0.265,0.505,0.147,0.939,0.312,0.468,0.42,0.638,0.102,0.5,0.262,0.405,0.498,0.282,0.311,0.587,0.467,0.192,0.66,0.06,0.47,0.565,0.301,0.348,0.048,0.286,0.405,0.309,0.488,0.101,0.269,0.664,0.206,0.432,0.939,0.671,0.576,0.359,0.612,0.939,0.326,0.558,0.399,0.808,0.571,0.412,0.302,0.246,0.677,0.201,0.2,0.41,1.0,0.25,0.455,0.282,0.455,0.287,0.359,0.151,0.086,0.423,0.939,0.374,0.37,0.71,0.273,0.279,0.594,0.386,0.476,0.122,0.505
0.292,0.305,0.839,0.23,0.16,0.228,0.48,0.42,0.249,0.266,0.276,0.123,0.098,0.374,0.511,0.162,0.28,0.839,0.137,0.271,0.276,0.119,0.391,0.335,0.329,0.093,0.303,0.174,0.296,0.271,0.306,0.279,0.322,0.18,0.289,0.28,0.127,0.373,0.306,0.309,0.251,0.391,0.839,0.212,0.302,0.839,0.201,0.276,0.239,0.307,0.219,0.839,0.222,0.375,0.839,0.111,0.23,0.268,0.268,0.299,0.227,0.261,0.276,0.198,0.68,0.492,0.261,0.307,0.839,0.839,0.28,0.24,0.292,0.316,0.298,0.295,0.302,0.839,0.232,0.155,0.383,0.122,0.286,0.361,0.839,0.839,0.28,0.297,0.263,0.839,0.261,0.181,0.644,0.191,0.261,0.266,0.3,0.266,0.143,0.351,0.839,0.258,0.42,0.192,0.167,0.294,0.224,0.209,0.839,0.256,0.182,0.247,0.34,0.127,0.166,0.303,0.241,0.26,0.156,0.34,0.839,0.839,0.265,0.839,0.358,0.216,0.808,0.092,0.189,0.306,0.157,0.839,0.276,0.367,0.274,0.301,0.138,0.134,0.214,0.339,0.276,0.289,0.294,0.127,0.197,0.3,0.123,0.101,0.39,0.267,0.083,0.127,0.095,0.261,0.21,0.23,0.424,0.158,0.118,0.172,0.286,0.301,0.839,0.194,0.108,0.208,0.316,0.839,0.286,0.171,0.073,1.0,0.314,0.346,0.197,0.167,0.362,0.194,0.102,0.208,0.25,1.0,0.311,0.3,0.39,0.128,0.278,0.131,0.183,0.259,0.839,0.25,0.374,0.216,0.294,0.384,0.285,0.319,0.288,0.163,0.093
0.458,0.478,1.0,0.381,0.098,0.351,0.48,0.645,0.443,0.56,0.205,0.171,0.18,0.412,0.57,0.125,0.507,1.0,0.177,0.35,0.482,0.223,0.398,0.406,0.314,0.161,0.581,0.172,0.429,0.386,0.57,0.416,0.472,0.229,0.37,0.47,0.246,0.243,0.539,0.345,0.481,0.454,1.0,0.212,0.593,1.0,0.309,0.449,0.374,0.384,0.267,1.0,0.31,0.584,1.0,0.142,0.253,0.53,0.359,0.467,0.572,0.55,0.39,0.269,0.808,0.576,0.55,0.353,1.0,1.0,0.462,0.265,0.267,0.612,0.394,0.238,0.593,1.0,0.238,0.287,0.595,0.05,0.329,0.435,1.0,1.0,0.581,0.372,0.498,1.0,0.55,0.159,0.746,0.219,0.333,0.56,0.286,0.56,0.254,0.513,1.0,0.429,0.569,0.389,0.194,0.498,0.278,0.246,1.0,0.346,0.224,0.407,0.523,0.246,0.206,0.423,0.349,0.262,0.302,0.372,1.0,1.0,0.316,1.0,0.494,0.248,0.939,0.164,0.297,0.57,0.401,1.0,0.305,0.511,0.421,0.583,0.282,0.209,0.186,0.643,0.482,0.292,0.368,0.227,0.437,0.251,0.222,0.054,0.507,0.441,0.132,0.246,0.05,0.306,0.343,0.281,0.534,0.097,0.188,0.276,0.243,0.426,1.0,0.391,0.184,0.256,0.612,1.0,0.327,0.229,0.117,1.0,0.527,0.519,0.358,0.252,0.653,0.49,0.161,0.235,0.455,0.311,1.0,0.333,0.478,0.132,0.34,0.121,0.082,0.374,1.0,0.396,0.405,0.248,0.302,0.342,0.427,0.407,0.443,0.132,0.175
0.238,0.408,0.784,0.197,0.166,0.279,0.521,0.4,0.235,0.262,0.234,0.13,0.139,0.447,0.539,0.109,0.28,0.784,0.141,0.344,0.297,0.165,0.471,0.368,0.374,0.138,0.3,0.125,0.318,0.311,0.296,0.333,0.349,0.18,0.394,0.263,0.174,0.322,0.281,0.434,0.28,0.402,0.784,0.217,0.308,0.784,0.215,0.314,0.227,0.442,0.241,0.784,0.245,0.345,0.784,0.183,0.246,0.295,0.266,0.228,0.274,0.344,0.243,0.453,0.653,0.5,0.344,0.268,0.784,0.784,0.324,0.247,0.297,0.297,0.312,0.328,0.308,0.784,0.26,0.178,0.374,0.07,0.44,0.415,0.784,0.784,0.282,0.312,0.298,0.784,0.344,0.149,0.698,0.278,0.365,0.262,0.359,0.262,0.164,0.481,0.784,0.283,0.364,0.241,0.333,0.298,0.308,0.255,0.784,0.269,0.287,0.307,0.303,0.174,0.199,0.35,0.283,0.363,0.218,0.423,0.784,0.784,0.346,0.784,0.368,0.346,0.854,0.15,0.223,0.296,0.259,0.784,0.285,0.349,0.32,0.294,0.211,0.174,0.364,0.386,0.297,0.417,0.39,0.179,0.281,0.339,0.188,0.107,0.367,0.269,0.158,0.174,0.076,0.246,0.252,0.459,0.463,0.185,0.126,0.187,0.302,0.276,0.784,0.241,0.168,0.243,0.297,0.784,0.435,0.19,0.103,0.926,0.279,0.779,0.3,0.177,0.336,0.353,0.103,0.236,0.282,0.3,0.333,1.0,0.421,0.166,0.415,0.206,0.152,0.312,0.784,0.235,0.402,0.346,0.327,0.351,0.336,0.399,0.347,0.227,0.137
0.41,0.478,0.939,0.516,0.137,0.456,0.48,0.557,0.522,0.482,0.373,0.19,0.167,0.515,0.596,0.159,0.499,0.939,0.23,0.436,0.527,0.23,0.567,0.544,0.498,0.151,0.489,0.164,0.531,0.385,0.475,0.518,0.518,0.272,0.513,0.435,0.223,0.428,0.501,0.358,0.516,0.688,0.939,0.238,0.505,0.939,0.328,0.459,0.392,0.584,0.411,0.939,0.397,0.498,0.939,0.152,0.332,0.473,0.477,0.477,0.378,0.473,0.58,0.427,0.931,0.589,0.473,0.44,0.939,0.939,0.593,0.271,0.427,0.503,0.47,0.41,0.505,0.939,0.347,0.279,0.618,0.138,0.329,0.639,0.939,0.939,0.496,0.466,0.429,0.939,0.473,0.263,1.0,0.211,0.454,0.482,0.429,0.482,0.238,0.579,0.939,0.457,0.643,0.378,0.213,0.517,0.475,0.263,0.939,0.455,0.273,0.438,0.624,0.223,0.274,0.554,0.4,0.504,0.294,0.457,0.939,0.939,0.346,0.939,0.501,0.258,1.0,0.154,0.346,0.475,0.226,0.939,0.312,0.575,0.4,0.522,0.268,0.232,0.318,0.526,0.527,0.458,0.491,0.228,0.451,0.33,0.2,0.148,0.539,0.393,0.129,0.223,0.09,0.419,0.345,0.387,0.591,0.219,0.183,0.242,0.4,0.472,0.939,0.379,0.178,0.315,0.503,0.939,0.478,0.239,0.112,1.0,0.602,0.749,0.443,0.282,0.545,0.258,0.163,0.283,0.455,0.39,0.478,0.421,1.0,0.169,0.566,0.25,0.217,0.385,0.939,0.421,0.544,0.258,0.408,0.444,0.456,0.553,0.588,0.241,0.164
0.132,0.166,0.132,0.149,0.172,0.223,0.095,0.181,0.13,0.132,0.193,0.21,0.185,0.235,0.152,0.132,0.132,0.132,0.235,0.198,0.22,0.15,0.166,0.22,0.487,0.192,0.149,0.287,0.138,0.219,0.242,0.186,0.156,0.266,0.174,0.132,0.165,0.19,0.181,0.164,0.125,0.193,0.132,0.328,0.132,0.132,0.266,0.23,0.132,0.149,0.139,0.132,0.266,0.181,0.132,0.174,0.151,0.195,0.22,0.151,0.175,0.111,0.173,0.171,0.106,0.159,0.111,0.204,0.132,0.132,0.149,0.168,0.193,0.132,0.131,0.201,0.132,0.132,0.151,0.174,0.22,0.135,0.219,0.193,0.132,0.132,0.132,0.112,0.132,0.132,0.111,0.215,0.1,0.233,0.166,0.132,0.201,0.132,0.104,0.22,0.132,0.151,0.149,0.192,0.184,0.173,0.193,0.201,0.132,0.163,0.139,0.553,0.166,0.165,0.237,0.886,0.106,0.204,0.224,0.3,0.132,0.132,0.258,0.132,0.252,0.178,0.125,0.188,0.147,0.242,0.099,0.132,0.146,0.22,0.181,0.132,0.102,0.252,0.254,0.167,0.22,0.145,0.179,0.231,0.114,0.511,0.219,0.135,0.143,0.187,0.333,0.165,0.117,0.19,0.246,0.672,0.193,0.154,0.153,0.287,0.151,0.166,0.132,0.192,0.217,0.139,0.132,0.132,0.186,0.21,0.273,0.111,0.149,0.134,0.151,0.113,0.132,0.081,0.106,0.186,0.287,0.128,0.132,0.166,0.169,1.0,0.156,0.204,0.235,0.212,0.132,0.132,0.2,0.178,0.145,0.166,0.219,0.272,0.145,0.193,0.179
0.284,0.379,1.0,0.386,0.113,0.359,0.414,0.408,0.361,0.348,0.307,0.226,0.136,0.428,0.57,0.127,0.361,1.0,0.191,0.391,0.382,0.194,0.778,0.385,0.383,0.128,0.353,0.134,0.413,0.26,0.328,0.364,0.384,0.294,0.374,0.301,0.156,0.367,0.324,0.345,0.44,0.663,1.0,0.201,0.337,1.0,0.312,0.288,0.272,0.955,0.306,1.0,0.435,0.351,1.0,0.125,0.332,0.343,0.354,0.34,0.267,0.371,0.419,0.367,0.931,0.576,0.371,0.353,1.0,1.0,0.476,0.265,0.41,0.339,0.361,0.338,0.337,1.0,0.377,0.189,0.452,0.131,0.329,0.557,1.0,1.0,0.345,0.274,0.312,1.0,0.371,0.331,1.0,0.259,0.368,0.348,0.39,0.348,0.172,0.477,1.0,0.379,0.493,0.259,0.209,0.509,0.453,0.221,1.0,0.352,0.273,0.315,0.47,0.156,0.367,0.515,0.339,0.387,0.22,0.492,1.0,1.0,0.319,1.0,0.357,0.248,0.939,0.128,0.314,0.328,0.172,1.0,0.305,0.425,0.311,0.391,0.22,0.189,0.272,0.379,0.382,0.339,0.364,0.188,0.319,0.251,0.164,0.142,0.376,0.281,0.128,0.156,0.085,0.303,0.269,0.308,0.528,0.197,0.138,0.274,0.339,0.373,1.0,0.26,0.148,0.269,0.339,1.0,0.352,0.32,0.106,0.839,0.447,0.69,0.343,0.205,0.381,0.265,0.102,0.237,0.359,0.278,0.34,0.415,0.566,0.156,1.0,0.189,0.259,0.306,1.0,0.279,0.44,0.248,0.274,0.333,0.409,0.36,0.343,0.327,0.133
0.132,0.219,0.211,0.126,0.109,0.188,0.247,0.138,0.121,0.149,0.093,0.106,0.105,0.199,0.122,0.088,0.162,0.211,0.103,0.171,0.139,0.111,0.19,0.148,0.223,0.093,0.136,0.097,0.166,0.128,0.191,0.205,0.181,0.13,0.249,0.114,0.141,0.152,0.129,0.22,0.156,0.278,0.211,0.133,0.134,0.211,0.145,0.171,0.094,0.181,0.133,0.211,0.156,0.121,0.211,0.086,0.351,0.222,0.139,0.116,0.105,0.198,0.14,0.19,0.252,0.27,0.198,0.117,0.211,0.211,0.151,0.205,0.235,0.132,0.13,0.125,0.134,0.211,0.212,0.102,0.16,0.055,0.157,0.232,0.211,0.211,0.141,0.208,0.113,0.211,0.198,0.102,0.27,0.158,0.213,0.149,0.123,0.149,0.112,0.229,0.211,0.167,0.145,0.114,0.108,0.142,0.341,0.12,0.211,0.198,0.448,0.169,0.163,0.141,0.145,0.177,0.169,0.237,0.181,0.214,0.211,0.211,0.198,0.211,0.192,0.121,0.232,0.091,0.15,0.191,0.114,0.211,0.117,0.146,0.176,0.166,0.138,0.122,0.231,0.139,0.139,0.2,0.241,0.127,0.174,0.172,0.106,0.061,0.122,0.106,0.143,0.141,0.056,0.094,0.252,0.245,0.214,0.119,0.101,0.14,0.113,0.167,0.211,0.115,0.093,0.174,0.132,0.211,0.2,0.16,0.085,0.176,0.134,0.218,0.194,0.116,0.148,0.127,0.089,0.114,0.151,0.131,0.121,0.206,0.25,0.204,0.189,1.0,0.135,0.209,0.211,0.105,0.259,0.121,0.104,0.156,0.167,0.193,0.397,0.202,0.098
0.053,0.133,0.075,0.221,0.125,0.313,0.052,0.131,0.222,0.051,0.428,0.204,0.073,0.201,0.087,0.143,0.071,0.075,0.286,0.227,0.228,0.192,0.194,0.213,0.2,0.076,0.059,0.068,0.217,0.203,0.222,0.153,0.115,0.177,0.202,0.194,0.065,0.276,0.134,0.092,0.093,0.209,0.075,0.197,0.051,0.075,0.167,0.079,0.16,0.226,0.344,0.075,0.309,0.138,0.075,0.135,0.115,0.079,0.317,0.24,0.073,0.099,0.226,0.158,0.06,0.088,0.099,0.233,0.075,0.075,0.198,0.088,0.23,0.051,0.153,0.251,0.051,0.075,0.25,0.097,0.2,0.235,0.132,0.274,0.075,0.075,0.052,0.168,0.16,0.075,0.099,0.419,0.055,0.132,0.297,0.051,0.357,0.051,0.04,0.232,0.075,0.264,0.33,0.076,0.113,0.145,0.302,0.235,0.075,0.273,0.08,0.113,0.225,0.065,0.207,0.192,0.136,0.209,0.084,0.188,0.075,0.075,0.088,0.075,0.076,0.106,0.069,0.077,0.122,0.222,0.082,0.075,0.079,0.229,0.118,0.051,0.127,0.185,0.271,0.179,0.228,0.226,0.147,0.182,0.048,0.118,0.089,0.279,0.276,0.078,0.072,0.065,0.316,0.271,0.081,0.193,0.193,0.178,0.06,0.099,0.273,0.324,0.075,0.075,0.19,0.247,0.051,0.075,0.146,0.157,0.065,0.063,0.209,0.083,0.158,0.231,0.053,0.115,0.082,0.252,0.086,0.183,0.082,0.152,0.217,0.235,0.259,0.135,1.0,0.176,0.075,0.194,0.297,0.106,0.193,0.347,0.227,0.21,0.09,0.211,0.071
0.31,0.323,0.437,0.317,0.115,0.315,0.854,0.364,0.331,0.376,0.364,0.207,0.199,0.406,0.264,0.123,0.339,0.437,0.349,0.338,0.342,0.289,0.329,0.328,0.304,0.185,0.342,0.324,0.369,0.286,0.354,0.308,0.31,0.259,0.313,0.436,0.346,0.375,0.329,0.514,0.382,0.363,0.437,0.285,0.37,0.437,0.291,0.313,0.373,0.315,0.214,0.437,0.298,0.317,0.437,0.159,0.323,0.368,0.496,0.307,0.321,0.489,0.345,0.439,0.546,0.538,0.489,0.259,0.437,0.437,0.399,0.19,0.526,0.359,0.345,0.375,0.37,0.437,0.262,0.215,0.396,0.038,0.309,0.369,0.437,0.437,0.372,0.332,0.407,0.437,0.489,0.152,0.582,0.211,0.324,0.376,0.424,0.376,0.247,0.429,0.437,0.343,0.45,0.287,0.192,0.319,0.333,0.397,0.437,0.317,0.439,0.265,0.391,0.346,0.22,0.377,0.353,0.298,0.435,0.271,0.437,0.437,0.633,0.437,0.542,0.273,0.477,0.176,0.287,0.354,0.273,0.437,0.193,0.419,0.483,0.407,0.126,0.381,0.24,0.43,0.342,0.313,0.326,0.424,0.447,0.215,0.252,0.098,0.473,0.252,0.224,0.346,0.04,0.395,0.563,0.27,0.345,0.168,0.155,0.318,0.402,0.312,0.437,0.288,0.207,0.441,0.359,0.437,0.288,0.291,0.208,0.494,0.343,0.755,0.304,0.378,0.386,0.426,0.163,0.357,0.423,0.259,0.374,0.312,0.385,0.212,0.306,0.209,0.176,1.0,0.437,0.409,0.458,0.273,0.335,0.433,0.454,0.308,0.322,0.149,0.192
1.0,1.0,1.0,0.808,0.253,0.808,0.414,1.0,0.939,1.0,0.746,0.259,0.274,0.839,0.57,0.234,1.0,1.0,0.305,1.0,1.0,0.396,1.0,1.0,1.0,0.232,1.0,0.324,0.939,0.839,1.0,0.775,1.0,0.382,0.939,1.0,0.402,1.0,1.0,0.345,0.939,0.939,1.0,0.22,1.0,1.0,0.573,0.839,1.0,1.0,0.665,1.0,0.705,0.839,1.0,0.241,0.253,1.0,0.808,1.0,0.694,0.808,0.746,0.249,0.808,0.576,0.808,0.839,1.0,1.0,0.808,0.265,0.562,1.0,0.839,0.784,1.0,1.0,0.571,0.546,1.0,0.032,0.329,1.0,1.0,1.0,1.0,0.839,1.0,1.0,0.808,0.304,0.746,0.219,0.746,1.0,1.0,1.0,0.362,0.839,1.0,0.808,1.0,0.842,0.194,1.0,0.576,0.413,1.0,0.808,0.224,0.802,0.939,0.402,0.359,0.939,0.808,0.839,0.534,0.839,1.0,1.0,0.316,1.0,0.839,0.248,0.939,0.241,0.479,1.0,0.22,1.0,0.305,1.0,0.695,1.0,0.065,0.352,0.808,1.0,1.0,0.802,0.784,0.38,0.746,0.839,0.329,0.042,1.0,0.66,0.169,0.402,0.035,1.0,0.531,0.939,1.0,0.102,0.339,0.413,1.0,1.0,1.0,0.842,0.277,0.44,1.0,1.0,0.808,0.32,0.179,0.839,1.0,0.422,0.808,0.414,1.0,0.266,0.237,0.396,0.939,0.839,1.0,0.784,0.939,0.132,1.0,0.211,0.075,0.437,1.0,1.0,0.839,0.248,0.839,0.839,1.0,0.784,0.802,0.186,0.274
0.359,0.388,1.0,0.311,0.093,0.341,0.414,0.556,0.349,0.48,0.332,0.136,0.152,0.433,0.57,0.112,0.415,1.0,0.139,0.362,0.471,0.175,0.37,0.41,0.326,0.141,0.515,0.144,0.457,0.299,0.498,0.323,0.365,0.206,0.324,0.566,0.205,0.433,0.427,0.345,0.393,0.392,1.0,0.121,0.476,1.0,0.271,0.301,0.506,0.304,0.202,1.0,0.282,0.483,1.0,0.116,0.253,0.459,0.536,0.376,0.302,0.353,0.304,0.249,0.808,0.576,0.353,0.257,1.0,1.0,0.377,0.265,0.312,0.485,0.35,0.318,0.476,1.0,0.212,0.242,0.559,0.06,0.329,0.408,1.0,1.0,0.502,0.348,0.523,1.0,0.353,0.116,0.746,0.219,0.271,0.48,0.422,0.48,0.186,0.342,1.0,0.352,0.602,0.32,0.194,0.394,0.22,0.15,1.0,0.309,0.224,0.264,0.464,0.205,0.178,0.358,0.349,0.232,0.247,0.324,1.0,1.0,0.316,1.0,0.385,0.248,0.939,0.143,0.191,0.498,0.119,1.0,0.305,0.616,0.37,0.518,0.066,0.171,0.195,0.42,0.471,0.285,0.219,0.183,0.328,0.198,0.192,0.2,0.581,0.41,0.099,0.205,0.059,0.562,0.288,0.248,0.431,0.184,0.171,0.215,0.382,0.394,1.0,0.323,0.158,0.225,0.485,1.0,0.254,0.198,0.106,0.839,0.456,0.422,0.234,0.17,0.55,0.214,0.212,0.36,0.374,0.25,0.396,0.235,0.421,0.132,0.279,0.105,0.194,0.409,1.0,1.0,0.454,0.248,0.348,0.451,0.373,0.284,0.334,0.112,0.145
0.37,0.426,0.839,0.457,0.14,0.457,0.663,0.522,0.436,0.453,0.454,0.146,0.138,0.535,0.511,0.152,0.42,0.839,0.21,0.513,0.481,0.19,0.5,0.482,0.439,0.122,0.425,0.148,0.502,0.354,0.426,0.373,0.44,0.255,0.462,0.48,0.211,0.483,0.395,0.379,0.431,0.542,0.839,0.198,0.441,0.839,0.285,0.395,0.421,0.451,0.32,0.839,0.346,0.46,0.839,0.128,0.332,0.441,0.576,0.433,0.289,0.426,0.457,0.248,1.0,0.492,0.426,0.383,0.839,0.839,0.474,0.24,0.386,0.452,0.462,0.453,0.441,0.839,0.371,0.236,0.593,0.137,0.286,0.56,0.839,0.839,0.42,0.418,0.467,0.839,0.426,0.231,1.0,0.191,0.426,0.453,0.508,0.453,0.234,0.478,0.839,0.445,0.644,0.334,0.174,0.39,0.316,0.231,0.839,0.423,0.308,0.319,0.563,0.211,0.214,0.471,0.452,0.386,0.275,0.429,0.839,0.839,0.319,0.839,0.433,0.216,0.817,0.123,0.296,0.426,0.141,0.839,0.276,0.588,0.341,0.494,0.149,0.199,0.352,0.487,0.481,0.507,0.396,0.198,0.391,0.291,0.161,0.167,0.624,0.33,0.143,0.211,0.09,0.466,0.329,0.36,0.523,0.195,0.164,0.211,0.509,0.452,0.839,0.335,0.148,0.306,0.452,0.839,0.402,0.217,0.099,1.0,0.481,0.346,0.348,0.291,0.483,0.257,0.149,0.295,0.37,0.374,0.405,0.402,0.544,0.2,0.44,0.259,0.297,0.458,0.839,0.454,1.0,0.216,0.411,0.52,0.396,0.438,0.407,0.199,0.133
0.248,0.248,0.248,0.206,0.15,0.206,0.129,0.364,0.258,0.248,0.215,0.334,0.457,0.23,0.338,0.072,0.248,0.248,0.33,0.248,0.248,0.655,0.248,0.248,0.273,0.422,0.378,0.4,0.266,1.0,0.248,0.243,0.248,0.378,0.258,0.248,0.26,0.248,0.364,0.227,0.258,0.258,0.248,0.147,0.248,0.248,0.314,0.216,0.248,0.248,0.206,0.248,0.523,0.364,0.248,0.423,0.133,0.273,0.206,0.248,0.392,0.206,0.215,0.17,0.206,0.507,0.206,0.801,0.248,0.248,0.241,0.179,0.179,0.248,0.216,0.23,0.248,0.248,0.2,0.423,0.248,0.041,0.719,0.248,0.248,0.248,0.258,0.216,0.248,0.248,0.206,0.378,0.215,0.301,0.215,0.248,0.258,0.248,0.086,0.216,0.248,0.206,0.258,0.476,0.368,0.248,0.507,0.289,0.248,0.215,0.113,0.243,0.258,0.26,0.418,0.376,0.206,0.241,0.229,0.495,0.248,0.248,0.347,0.248,0.655,1.0,0.258,0.421,0.115,0.248,0.134,0.248,0.207,0.248,0.364,0.248,0.03,0.423,0.3,0.248,0.248,0.241,0.23,1.0,0.23,0.228,1.0,0.053,0.248,0.378,0.17,0.26,0.043,0.248,0.296,0.258,0.248,0.064,0.235,0.523,0.248,0.248,0.248,0.476,1.0,0.687,0.248,0.248,0.206,0.378,0.237,0.216,0.258,0.264,0.206,0.129,0.258,0.16,0.146,0.92,0.71,0.216,0.248,0.346,0.258,0.178,0.248,0.121,0.106,0.273,0.248,0.248,0.216,1.0,0.241,0.216,0.719,0.228,0.241,0.09,0.457
0.223,0.288,0.839,0.198,0.075,0.237,0.521,0.373,0.241,0.258,0.315,0.11,0.097,0.483,0.544,0.088,0.308,0.839,0.101,0.306,0.289,0.12,0.443,0.606,0.387,0.089,0.288,0.1,0.328,0.252,0.31,0.401,0.374,0.162,0.382,0.397,0.128,0.447,0.303,0.335,0.273,0.359,0.839,0.158,0.293,0.839,0.197,0.391,0.478,0.3,0.252,0.839,0.23,0.325,0.839,0.082,0.256,0.27,0.354,0.233,0.22,0.257,0.26,0.253,0.68,0.574,0.257,0.241,0.839,0.839,0.274,0.262,0.273,0.293,0.391,0.408,0.293,0.839,0.349,0.161,0.363,0.045,0.33,0.416,0.839,0.839,0.279,0.568,0.353,0.839,0.257,0.14,0.698,0.229,0.246,0.258,0.456,0.258,0.139,0.329,0.839,0.237,0.448,0.208,0.186,0.323,0.228,0.209,0.839,0.37,0.293,0.312,0.297,0.128,0.15,0.287,0.256,0.434,0.164,0.391,0.839,0.839,0.305,0.839,0.335,0.241,0.889,0.089,0.176,0.31,0.19,0.839,0.3,0.452,0.246,0.283,0.272,0.125,0.284,0.409,0.289,0.457,0.324,0.126,0.216,0.295,0.121,0.135,0.531,0.25,0.077,0.128,0.044,0.434,0.257,0.247,0.393,0.299,0.119,0.181,0.581,0.296,0.839,0.209,0.101,0.159,0.293,0.839,0.358,0.171,0.071,1.0,0.279,0.445,0.252,0.141,0.332,0.203,0.115,0.246,0.273,0.294,0.302,0.327,0.408,0.145,0.274,0.104,0.193,0.335,0.839,0.348,0.411,0.241,1.0,0.491,0.285,0.45,0.299,0.147,0.093
0.258,0.39,0.839,0.229,0.095,0.271,0.48,0.482,0.257,0.324,0.449,0.108,0.116,0.537,0.511,0.1,0.335,0.839,0.116,0.363,0.352,0.133,0.482,0.465,0.364,0.11,0.362,0.112,0.398,0.283,0.376,0.288,0.385,0.168,0.367,0.598,0.152,0.547,0.317,0.309,0.293,0.399,0.839,0.116,0.37,0.839,0.213,0.308,0.554,0.362,0.217,0.839,0.243,0.437,0.839,0.102,0.218,0.328,0.518,0.271,0.24,0.299,0.244,0.198,0.68,0.492,0.299,0.269,0.839,0.839,0.281,0.24,0.314,0.39,0.399,0.401,0.37,0.839,0.325,0.182,0.465,0.076,0.286,0.475,0.839,0.839,0.34,0.521,0.522,0.839,0.299,0.132,0.644,0.191,0.316,0.324,0.548,0.324,0.172,0.421,0.839,0.287,0.669,0.23,0.167,0.306,0.269,0.147,0.839,0.26,0.182,0.264,0.347,0.152,0.175,0.3,0.416,0.376,0.184,0.378,0.839,0.839,0.265,0.839,0.403,0.216,0.808,0.11,0.249,0.376,0.122,0.839,0.276,0.573,0.302,0.36,0.261,0.144,0.216,0.427,0.352,0.425,0.289,0.14,0.235,0.249,0.146,0.211,0.708,0.311,0.102,0.152,0.067,0.541,0.227,0.257,0.487,0.257,0.135,0.177,0.515,0.346,0.839,0.232,0.123,0.185,0.39,0.839,0.274,0.166,0.084,1.0,0.33,0.346,0.216,0.172,0.436,0.255,0.168,0.36,0.279,0.384,0.342,0.351,0.444,0.166,0.333,0.156,0.347,0.433,0.839,0.451,0.52,0.216,0.491,1.0,0.303,0.346,0.365,0.192,0.111
0.428,0.447,1.0,0.408,0.132,0.524,0.459,0.58,0.487,0.5,0.346,0.278,0.317,0.37,0.596,0.152,0.464,1.0,0.331,0.42,0.448,0.42,0.417,0.371,0.34,0.302,0.54,0.291,0.457,0.572,0.462,0.414,0.431,0.352,0.374,0.429,0.266,0.241,0.485,0.358,0.474,0.558,1.0,0.238,0.508,1.0,0.385,0.388,0.367,0.435,0.461,1.0,0.424,0.51,1.0,0.267,0.308,0.511,0.353,0.474,0.359,0.381,0.415,0.329,0.808,1.0,0.381,0.417,1.0,1.0,0.471,0.271,0.321,0.504,0.314,0.223,0.508,1.0,0.268,0.376,0.512,0.105,1.0,0.446,1.0,1.0,0.526,0.321,0.428,1.0,0.381,0.237,0.817,0.37,0.466,0.5,0.287,0.5,0.221,0.386,1.0,0.534,0.536,0.487,0.538,0.457,0.431,0.351,1.0,0.39,0.297,0.386,0.545,0.266,0.345,0.535,0.343,0.302,0.341,0.42,1.0,1.0,0.522,1.0,0.59,0.719,1.0,0.319,0.246,0.462,0.146,1.0,0.312,0.452,0.372,0.529,0.112,0.381,0.331,0.406,0.448,0.292,0.349,0.454,0.405,0.211,0.475,0.118,0.446,0.431,0.218,0.266,0.157,0.318,0.358,0.392,0.465,0.103,0.214,0.378,0.238,0.449,1.0,0.488,0.436,0.433,0.504,1.0,0.328,0.344,0.204,0.839,0.528,0.52,0.334,0.283,0.554,0.224,0.152,0.427,0.594,0.285,0.427,0.336,0.456,0.219,0.409,0.167,0.227,0.454,1.0,0.373,0.396,0.719,0.285,0.303,1.0,0.374,0.422,0.147,0.313
0.34,0.464,0.784,0.334,0.146,0.341,0.521,0.584,0.393,0.427,0.217,0.188,0.169,0.474,0.539,0.161,0.516,0.784,0.199,0.344,0.429,0.208,0.442,0.716,0.409,0.16,0.478,0.15,0.442,0.319,0.444,0.703,0.568,0.239,0.558,0.339,0.218,0.278,0.481,0.323,0.444,0.508,0.784,0.217,0.521,0.784,0.289,0.547,0.266,0.396,0.446,0.784,0.326,0.508,0.784,0.176,0.226,0.392,0.346,0.385,0.311,0.362,0.425,0.22,0.653,0.5,0.362,0.349,0.784,0.784,0.396,0.247,0.346,0.496,0.424,0.324,0.521,0.784,0.371,0.253,0.537,0.157,0.289,0.518,0.784,0.784,0.473,0.528,0.336,0.784,0.362,0.227,0.698,0.186,0.403,0.427,0.325,0.427,0.252,0.467,0.784,0.365,0.496,0.322,0.186,0.464,0.394,0.28,0.784,0.399,0.199,0.475,0.478,0.218,0.236,0.386,0.318,0.469,0.279,0.428,0.784,0.784,0.289,0.784,0.463,0.228,0.854,0.162,0.331,0.444,0.24,0.784,0.285,0.456,0.292,0.466,0.608,0.225,0.311,0.414,0.429,0.554,0.532,0.202,0.329,0.337,0.202,0.142,0.461,0.407,0.149,0.218,0.122,0.26,0.348,0.315,0.554,0.398,0.178,0.231,0.302,0.375,0.784,0.324,0.177,0.276,0.496,0.784,0.592,0.224,0.12,0.926,0.461,0.337,0.361,0.265,0.548,0.203,0.151,0.229,0.386,0.319,0.407,0.399,0.553,0.272,0.36,0.193,0.21,0.308,0.784,0.284,0.438,0.228,0.45,0.346,0.374,1.0,0.48,0.32,0.164
0.438,0.562,0.802,0.366,0.091,0.33,0.521,0.648,0.479,0.538,0.184,0.174,0.19,0.413,0.544,0.133,0.495,0.802,0.18,0.36,0.462,0.241,0.416,0.38,0.335,0.166,0.578,0.178,0.471,0.358,0.473,0.523,0.499,0.236,0.418,0.433,0.264,0.289,0.466,0.335,0.524,0.615,0.802,0.136,0.632,0.802,0.32,0.448,0.331,0.393,0.309,0.802,0.315,0.565,0.802,0.145,0.256,0.489,0.337,0.439,0.361,0.417,0.375,0.253,0.653,0.574,0.417,0.34,0.802,0.802,0.464,0.262,0.322,0.608,0.337,0.223,0.632,0.802,0.274,0.307,0.561,0.056,0.33,0.584,0.802,0.802,0.601,0.473,0.432,0.802,0.417,0.128,0.698,0.229,0.447,0.538,0.263,0.538,0.293,0.473,0.802,0.395,0.54,0.396,0.186,0.47,0.55,0.199,0.802,0.342,0.25,0.41,0.534,0.264,0.237,0.41,0.381,0.303,0.329,0.376,0.802,0.802,0.305,0.802,0.524,0.241,0.889,0.167,0.365,0.473,0.137,0.802,0.3,0.459,0.35,0.561,0.138,0.212,0.183,0.381,0.462,0.356,0.355,0.237,0.442,0.216,0.229,0.062,0.489,0.462,0.148,0.264,0.05,0.262,0.335,0.286,0.536,0.129,0.204,0.252,0.22,0.406,0.802,0.398,0.188,0.264,0.608,0.802,0.351,0.211,0.13,0.926,0.526,0.445,0.454,0.273,0.66,0.199,0.148,0.231,0.476,0.288,0.443,0.347,0.588,0.145,0.343,0.397,0.09,0.322,0.802,0.334,0.407,0.241,0.299,0.365,0.422,0.48,1.0,0.235,0.183
0.15,0.323,0.186,0.183,0.105,0.166,0.124,0.13,0.185,0.152,0.119,0.188,0.079,0.181,0.075,0.116,0.189,0.186,0.167,0.188,0.192,0.146,0.244,0.229,0.173,0.079,0.14,0.065,0.268,0.11,0.208,0.367,0.279,0.131,0.274,0.134,0.072,0.159,0.147,0.081,0.224,0.275,0.186,0.146,0.152,0.186,0.169,0.205,0.103,0.304,0.267,0.186,0.219,0.107,0.186,0.109,0.185,0.14,0.16,0.214,0.092,0.261,0.177,0.233,0.145,0.221,0.261,0.244,0.186,0.186,0.203,0.079,0.254,0.154,0.176,0.146,0.152,0.186,0.229,0.076,0.177,0.177,0.11,0.299,0.186,0.186,0.159,0.161,0.132,0.186,0.261,0.327,0.134,0.113,0.274,0.152,0.15,0.152,0.12,0.318,0.186,0.164,0.166,0.125,0.095,0.257,0.467,0.155,0.186,0.18,0.192,0.228,0.191,0.072,0.262,0.172,0.199,0.241,0.144,0.221,0.186,0.186,0.149,0.186,0.179,0.09,0.173,0.083,0.271,0.208,0.138,0.186,0.07,0.156,0.15,0.148,0.288,0.134,0.16,0.146,0.192,0.252,0.275,0.104,0.139,0.179,0.093,0.145,0.133,0.081,0.11,0.072,0.113,0.11,0.134,0.19,0.343,0.213,0.059,0.096,0.141,0.232,0.186,0.124,0.098,0.177,0.154,0.186,0.303,0.141,0.07,0.153,0.195,0.223,0.167,0.142,0.158,0.118,0.062,0.128,0.122,0.163,0.132,0.227,0.241,0.193,0.327,0.202,0.211,0.149,0.186,0.112,0.199,0.09,0.147,0.192,0.147,0.32,0.235,1.0,0.078
0.199,0.215,0.274,0.178,0.076,0.171,0.137,0.3,0.215,0.252,0.074,0.325,0.95,0.136,0.363,0.061,0.207,0.274,0.229,0.122,0.219,0.31,0.131,0.136,0.136,0.73,0.343,0.317,0.177,0.405,0.226,0.216,0.165,0.286,0.137,0.202,0.259,0.079,0.293,0.233,0.215,0.185,0.274,0.122,0.257,0.274,0.276,0.173,0.142,0.146,0.119,0.274,0.295,0.321,0.274,0.401,0.155,0.257,0.157,0.209,0.282,0.179,0.166,0.169,0.231,0.457,0.179,0.266,0.274,0.274,0.209,0.19,0.123,0.255,0.11,0.077,0.257,0.274,0.083,0.583,0.225,0.043,0.605,0.155,0.274,0.274,0.271,0.119,0.202,0.274,0.179,0.141,0.236,0.304,0.159,0.252,0.096,0.252,0.099,0.157,0.274,0.181,0.205,0.504,0.645,0.191,0.246,0.139,0.274,0.141,0.13,0.149,0.224,0.259,0.3,0.259,0.145,0.109,0.223,0.206,0.274,0.274,0.323,0.274,0.266,0.457,0.281,0.843,0.112,0.226,0.071,0.274,0.222,0.178,0.235,0.249,0.034,0.394,0.133,0.152,0.219,0.101,0.136,0.392,0.225,0.075,0.546,0.054,0.176,0.377,0.167,0.259,0.039,0.11,0.192,0.16,0.182,0.048,0.186,0.344,0.075,0.174,0.274,0.51,0.453,0.223,0.255,0.274,0.128,0.268,0.236,0.242,0.228,0.252,0.123,0.111,0.265,0.114,0.131,0.275,0.505,0.093,0.175,0.137,0.164,0.179,0.133,0.098,0.071,0.192,0.274,0.145,0.133,0.457,0.093,0.111,0.313,0.164,0.183,0.078,1.0
