AT4G16610,AIM1,LHB1B2,AT-P4H-1,FAD2,PR4,TBL9,LOX1,PDF1.2,PETE1,PLDALPHA1,HCHIB,RBCS1B,AIG1,PRK,ACX2,ARAB-1,CCR1,CYP71B6,SEH,GS2,AT3G15350,AT2G35790,MFP2,WRKY11,ABCC2,PKT3,ICK1,RNS2,FSD1,WIN2,GSTU19,NIA2,LAZ5,APX1,ATR2,CAD9,TT4,uL18-L4,DHS1,ECS1,ELI3-1,FAH1,GPX2,TBL15,MYB68,ATOZI1,BGL2,ATRABE1B,MPPalpha,UGT88A1,PLDBETA1,RNS1,HMG1,VEP1,PLC1,CCOAMT,GER2,GRF7,LecRK-V.5,NDPK1,NIT2,CHIA,ROF1,CSD1,4CL1,EFE,ACX1,AOS,ASA1,ASB1,CM1,CYP83B1,EIF4A1,FAD7,GSTF6,GSTU5,HPL1,HSC70-1,IAR3,LOX2,OPR1,PAL1,PAL2,cPGK2,EP3,ERD5,PER64,HOG1,TSA1,TSB1,LTI30,ACT2,ADAP,OMT1,EF1alpha,NPR1,PSBO1,SAM-2,LEA14,AAS,PLC8,PR1,PR5,UBQ4,ER,GPX1,AO1,PLL16,URE,TGG1,TGG2,OXR2,TUA4,ACS2,AIG2,TUB9,Rem1.3,ERF4,FPS1,HIS4,ADA1A,MEKK1,MPK3,EXO70A3,NDR1,AT5G06940,PME1,CAM2,TCH2,TCH3,TCH4,THI2.1
1.0,0.0,0.0,0.0,0.0,0.0,0.0,0.0,0.0,0.0,0.09890956334426226,0.1135292515256976,0.0,0.0,0.0,0.0,0.0,0.0,0.0,0.0,0.0,0.0,0.0,0.0,0.24822022435449032,0.0,0.06621142133329938,0.09831510845872748,0.13758542192028633,0.0,0.12026304906938001,0.0,0.0,0.0,0.0,0.0,0.0,0.06967638054422176,0.0,0.0,0.0,0.0,0.038700627168188007,0.0,0.0,0.13434795734938743,0.0,0.0,0.0,0.0,0.0,0.0,0.0,0.0,0.0,0.08793553042356683,0.0,0.0,0.23961280400964446,0.10180428893417237,0.0,0.07790248659698562,0.08420526257136796,0.0,0.04518769752679508,0.0,0.0,0.0,0.0,0.07716982338434208,0.11575473507651302,0.0,0.025967495532328577,0.0,0.0,0.0,0.0,0.0,0.031229823715612448,0.0,0.0,0.0,0.0,0.0,0.06385029884545701,0.0,0.0,0.0,0.25130766682809447,0.0,0.062321989277588474,0.0,0.0,0.31687017208205237,0.07987820791138622,0.0,0.10619437819162003,0.14559635343888588,0.0,0.0,0.0,0.12928114161763482,0.06848309299002342,0.1021295692074714,0.0,0.09436813263890487,0.0,0.10032373808505057,0.0,0.0,0.06194828195349822,0.07079803651828365,0.0,0.0,0.0,0.1499694220221639,0.0,0.0,0.41148419572388106,0.0,0.0,0.0,0.040408921769720996,0.07884119357134767,0.0,0.0,0.0,0.0,0.0,0.043018875977087534,0.0,0.0,0.11993080388114319
0.0,1.0,0.042502038059714975,0.21448549916633963,0.0,0.0,0.0,0.461994113104342,0.0,0.0,0.5299044095250955,0.0067054102926917825,0.0,0.0,0.0,0.6332074616464842,0.0,0.07313810385857322,0.050525787573393766,0.0,0.2038518588951167,0.0,0.0,0.5788697745828665,0.0,0.012384429569806454,0.4993433193999097,0.38586222122234326,0.07078818157941058,0.024960665643435687,0.05250169719522235,0.13314611452156844,0.2130288470298567,0.008514448273268305,0.32401255237712945,0.0,0.11274383476976801,0.11786162810288536,0.0,0.32984025327306377,0.0,0.24114531871476208,0.3587246949206606,0.009510329494086145,0.0976370475414684,0.14884703738569816,0.0,0.0,0.2016623601198001,0.0,0.0,0.34698206635593987,0.07086824790329793,0.4006533929331637,0.4207603129930011,0.007653047736890239,0.09582050599330272,0.0,0.11633136344722872,0.04711315667322269,0.007958401987162467,0.261008097770943,0.007488706448231519,0.2492545335257722,0.02077640812426229,0.041734957048835675,0.08500966257434972,0.7004583264496,0.37538356152347463,0.33278750437684423,0.36844992293726353,0.35443849869367705,0.2617922887668823,0.05279227558964883,0.39541378478302525,0.1195793882303211,0.14615258561483702,0.3908333846535539,0.005196866699108682,0.0,0.38109782464821096,0.329686790518707,0.3671486016255313,0.27725156167495046,0.28871228690674755,0.20740775586826476,0.21772749844897077,0.0,0.3810042867047593,0.3901383341776201,0.3478074123416419,0.0,0.10833887590358571,0.0,0.10878194924413875,0.0,0.003688455641254973,0.030454676821782378,0.0,0.0,0.3002074375986514,0.0091319242976583,0.14495793429945514,0.0,0.10055112638489538,0.15486829123639734,0.009510329494086145,0.13115086470082882,0.0,0.27256681168980146,0.20281460928672645,0.21971582672728696,0.009510329494086145,0.011011590983941333,0.215031240570991,0.0,0.0,0.0060498069515506625,0.006124524537763798,0.272291575154858,0.0,0.0,0.11493410841608964,0.1773844290788702,0.009300452432727702,0.006549575594821722,0.05816663714956982,0.010539814803241843,0.30820530877376806,0.0,0.006707154874790233,0.006548577720762561,0.007530117517150714
0.0,0.042502038059714975,1.0,0.061310292816108225,0.0,0.0,0.0,0.022561077852919276,0.0,0.0,0.03520546922056278,0.008175472725729716,0.0,0.0,0.0,0.07370570649544395,0.0,0.03806927417138928,0.07905410439489524,0.0,0.0440842725647792,0.0,0.0,0.07486091486144175,0.0,0.015333901174172992,0.04430994162674173,0.0,0.05785933970199508,0.01944433618955843,0.03698654085187858,0.04890189906160092,0.049819950593800066,0.009119306735834054,0.048166177728490855,0.0,0.07613854834277856,0.0283381980880395,0.0,0.05175949162673077,0.0,0.04605327290304517,0.06542438710327547,0.014910882124434699,0.061226873303065754,0.0,0.0,0.0,0.011071061670279048,0.0,0.0,0.04839779603023686,0.03713775075678616,0.07867108766280917,0.04768660979974715,0.007198473831854679,0.0801446432939319,0.0,0.004340831676459711,0.026786717984895625,0.012693526318324655,0.034219735310085264,0.0072629668888750665,0.003808738218950558,0.016495690566142085,0.04082101348383971,0.04517135768770619,0.04729237928205232,0.03485838194997337,0.034462033046856355,0.03689843322953301,0.06521041542727912,0.024784355517363243,0.07467353147935629,0.05520725150805195,0.03835655105137825,0.05753482657706743,0.05861728311174086,0.0038416433061287947,0.0,0.030187965689144947,0.039989975207808226,0.025757386918305203,0.0418234345297952,0.26095739329423573,0.006079537823889369,0.024554548782893204,0.0,0.0059216167158133715,0.03436442291878683,0.05807174314628849,0.0,0.007242961781878221,0.0,0.047113991962998814,0.0,0.0028074597262326417,0.18689976200793568,0.0,0.0,0.0440842725647792,0.013185975368762537,0.013096742964075592,0.0,0.09129866998203462,0.0030101903048331824,0.014910882124434699,0.029739243330837217,0.0,0.05893534333833994,0.0367002108400033,0.0419430981028609,0.014910882124434699,0.015051829328324051,0.0653170424727646,0.0,0.0,0.0062156251180469635,0.004995535862313938,0.06763915272662158,0.0,0.0,0.012538085139928268,0.012619525823165056,0.014615441607630397,0.005699566709896353,0.08957188777443725,0.01634057309489334,0.06308183815578505,0.0,0.00544685769829778,0.005386784184248983,0.007575470757866576
0.0,0.21448549916633963,0.061310292816108225,1.0,0.0,0.0,0.0,0.06761917645212623,0.0,0.0,0.1414863864160335,0.007449199060973299,0.0,0.0,0.0,0.3721264521386469,0.0,0.03410620278146004,0.07054323845809196,0.0,0.31921322985163614,0.0,0.0,0.3775385651825309,0.0,0.013614563452605033,0.21683533511212316,0.0,0.11351706303951559,0.017614831250639007,0.2082437590634032,0.2872219552645576,0.16611490122757466,0.008136163441611166,0.043130065397710915,0.0,0.06821240556292019,0.05304174773309389,0.0,0.2612322968583253,0.0,0.1451496988667158,0.18157121479391014,0.013330583766327009,0.11620993766902488,0.0,0.0,0.0,0.009779845104916252,0.0,0.0,0.0626826974727075,0.05487677129616053,0.10098568008481856,0.061183179596083326,0.006454354342010915,0.07140163057081617,0.0,0.003757319213477328,0.14950663538439946,0.011529946539981628,0.17410828252981236,0.006511008458117251,0.0034437587221679555,0.0149350317343655,0.036298347022677646,0.04076810217562232,0.2386109876193092,0.17695893962809162,0.22429123265637574,0.22648312994142072,0.3188608904261361,0.14916904472729964,0.06701715059360025,0.27542221311854664,0.23720216962485907,0.35580325443728866,0.29042170422570535,0.0034213831821172658,0.0,0.11740249470522135,0.11801865083089547,0.0708883549397804,0.22312738610277016,0.1753907002898668,0.005424108961074148,0.1665682784685214,0.0,0.005298049983439301,0.24568600347231606,0.3995044701413535,0.0,0.006494776434652572,0.0,0.04176843453639667,0.0,0.002515995673242011,0.025020218392298732,0.0,0.0,0.3311985109321387,0.011934564130825276,0.026369313452506926,0.0,0.3895443771241658,0.002700017934230803,0.013330583766327009,0.026529550331933494,0.0,0.24097826664661193,0.17773265953850126,0.20312303947257282,0.013330583766327009,0.013417380236805498,0.25798424672168085,0.0,0.0,0.005656570081355228,0.004460225785184457,0.08820403706985913,0.0,0.0,0.061447244102081244,0.04384052144219042,0.013093951120955682,0.005085102151006993,0.07879999873026056,0.014461792776869431,0.19918725304155027,0.0,0.00482059759228981,0.004773364318823026,0.006761064194689248
0.0,0.0,0.0,0.0,1.0,0.0,0.0,0.0,0.0,0.0,0.0,0.0,0.0,0.0,0.0,0.0,0.0,0.0,0.0,0.0,0.0,0.0,0.0,0.0,0.0,0.0,0.0,0.0,0.0,0.0,0.0,0.0,0.0,0.0,0.0,0.0,0.0,0.0,0.0,0.0,0.0,0.0,0.0,0.0,0.0,0.0,0.0,0.0,0.0,0.0,0.0,0.0,0.0,0.0,0.0,0.0,0.0,0.0,0.0,0.0,0.0,0.0,0.0,0.0,0.0,0.0,0.0,0.0,0.0,0.0,0.0,0.0,0.0,0.0,0.0,0.0,0.0,0.0,0.0,0.0,0.0,0.0,0.0,0.0,0.0,0.0,0.0,0.0,0.0,0.0,0.0,0.0,0.0,0.0,0.0,0.0,0.0,0.0,0.0,0.0,0.0,0.0,0.0,0.0,0.0,0.0,0.0,0.0,0.0,0.0,0.0,0.0,0.0,0.0,0.0,0.0,0.0,0.0,0.0,0.0,0.0,0.0,0.0,0.0,0.0,0.0,0.0,0.0,0.0,0.0,0.0,0.0,0.0
0.0,0.0,0.0,0.0,0.0,1.0,0.0,0.39833072904998834,0.6649325234657127,0.0,0.15224047390236328,0.5289310360038124,0.0,0.5259820837576105,0.2758312722695262,0.0,0.0,0.20687345420214465,0.0,0.3846816793028367,0.23004487032338716,0.0,0.0,0.0,0.49344800608768447,0.0,0.14012215680695506,0.17761388621942387,0.0,0.2272049535079439,0.3816507930396371,0.23290628787053758,0.26724243644655465,0.7105459743229048,0.17073814130348763,0.0,0.0,0.2297572697512219,0.0,0.2732896828888318,0.4890729262396487,0.46114349503797625,0.07476384696535732,0.26859126523366594,0.0,0.19314598498061897,0.5055875308770695,0.0,0.0,0.0,0.0,0.43617233490244234,0.23307690453519458,0.0,0.17126041387516733,0.2919208669272897,0.0,0.0,0.1325247527314104,0.35786844516113303,0.22125012421004198,0.3944865628182078,0.2539777201637501,0.2583803703912584,0.3267846391617766,0.4222620479285327,0.4500380588754471,0.2996089115500815,0.44520112527833766,0.32842721453218493,0.3510578233707192,0.0,0.42238512718262766,0.0,0.23642680480245104,0.26506851661628583,0.20316135362450438,0.22019196069664382,0.5142554282375297,0.25689062081275105,0.4893606072955584,0.2299561251596055,0.3253686005444121,0.3219221861495687,0.0,0.4983747760323085,0.4460770682206482,0.3605015729986658,0.0,0.43658816592715677,0.18058786988844833,0.585055380956079,0.19830385332548528,0.2243522685135504,0.11877177550881202,0.0,0.4285722321786781,0.09370701169425888,0.0,0.5296510323914454,0.22019196069664382,0.0,0.4255345378943389,0.6261367203490757,0.0,0.20213971731976388,0.26859126523366594,0.1866918126583984,0.0,0.0,0.3430668341955436,0.3181376533076641,0.26859126523366594,0.12164733325846455,0.1755872590732901,0.4734403742756079,0.0,0.5013635231915081,0.253196274277224,0.0,0.32190997496769835,0.0,0.24173078551444904,0.21901668549477527,0.0,0.7020886616750327,0.0,0.3008737249873672,0.0,0.4360561148948999,0.37548450846886494,0.4048295404075921,0.45209396991120554
0.0,0.0,0.0,0.0,0.0,0.0,1.0,0.0,0.0,0.0,0.0,0.0,0.0,0.0,0.0,0.0,0.0,0.0,0.0,0.0,0.0,0.0,0.0,0.0,0.0,0.0,0.0,0.0,0.0,0.0,0.0,0.0,0.0,0.0,0.0,0.0,0.0,0.0,0.0,0.0,0.0,0.0,0.0,0.0,0.0,0.0,0.0,0.0,0.0,0.0,0.0,0.0,0.0,0.0,0.0,0.0,0.0,0.0,0.0,0.0,0.0,0.0,0.0,0.0,0.0,0.0,0.0,0.0,0.0,0.0,0.0,0.0,0.0,0.0,0.0,0.0,0.0,0.0,0.0,0.0,0.0,0.0,0.0,0.0,0.0,0.0,0.0,0.0,0.0,0.0,0.0,0.0,0.0,0.0,0.0,0.0,0.0,0.0,0.0,0.0,0.0,0.0,0.0,0.0,0.0,0.0,0.0,0.0,0.0,0.0,0.0,0.0,0.0,0.0,0.0,0.0,0.0,0.0,0.0,0.0,0.0,0.0,0.0,0.0,0.0,0.0,0.0,0.0,0.0,0.0,0.0,0.0,0.0
0.0,0.461994113104342,0.022561077852919276,0.06761917645212623,0.0,0.39833072904998834,0.0,1.0,0.5568706147440647,0.0,0.46550211399627417,0.23290801609008227,0.0,0.2450944214448012,0.18434299637553386,0.3480310928955187,0.0,0.20360644352780066,0.026902631828922385,0.34060882175872265,0.24334466931797505,0.0,0.0,0.2999401281431284,0.38809513390387895,0.00815530795318442,0.5198422560639228,0.5103441257263425,0.04183938911346574,0.24157086484201673,0.2863516554230894,0.2605730072304602,0.248956967316603,0.2887809276493558,0.3484356050462991,0.0,0.06137392604122138,0.4198219062393608,0.0,0.4760589914723232,0.32952541572734984,0.38581979443779657,0.30131828584566867,0.21169522898394477,0.08323033121852008,0.36410086853026913,0.36247056056243776,0.0,0.1623756729230017,0.0,0.0,0.39054649268773767,0.29908421316285594,0.2558992985863108,0.40448651791823476,0.351648074367224,0.052725032058433374,0.0,0.20816470087826588,0.29322947538086563,0.20341876192675445,0.30554499124099643,0.3218272078835903,0.32008317630036953,0.3417722728798682,0.2999760706039216,0.35870169337996494,0.670688525771374,0.7230925389599444,0.5697818950999683,0.47751679458422713,0.17671127053019853,0.508587731827106,0.0298045562914927,0.3551480455573801,0.3083848921533321,0.18638494839376718,0.41913785029667827,0.328380254118148,0.2593507212371957,0.763585823298191,0.5175775556411196,0.493892418720723,0.4156772470044079,0.21264650970362553,0.4348849088911908,0.4516073087845349,0.254372321787278,0.1569662905892002,0.5095482972957384,0.30609706992192376,0.45370463756878854,0.27521311526019454,0.2946068431945754,0.24770083961129008,0.0,0.43618297965739683,0.13224401541670228,0.0,0.3314500995042402,0.310560989001716,0.005767016067086184,0.3934098833108406,0.2880591636013563,0.05959372955665321,0.27325100685416104,0.21169522898394477,0.3846745510028584,0.0,0.05020845735959467,0.4320353336681021,0.4247843554995907,0.21169522898394477,0.08945592977598538,0.33559949943711653,0.31608175697306173,0.0,0.30244516836629065,0.2701881612214314,0.1476441914843949,0.30388313277709367,0.0,0.3458871005615942,0.3698817321481426,0.00567137116148464,0.463740988023541,0.03106625704865651,0.24058876403744112,0.09645944730977707,0.425233216415696,0.2734313883158408,0.37657221967906307,0.32702927112806157
0.0,0.0,0.0,0.0,0.0,0.6649325234657127,0.0,0.5568706147440647,1.0,0.0,0.2156970933512583,0.39098275579599995,0.0,0.36628980151326496,0.2874584778163787,0.0,0.0,0.22357881607940566,0.0,0.4832023850088899,0.27619184717186884,0.0,0.0,0.0,0.48130273576773885,0.0,0.22361823854252083,0.24888126155914414,0.0,0.2794696404767225,0.3623610936072612,0.2997463169030421,0.20829121391130034,0.48035855258083315,0.22498520366480568,0.0,0.0,0.39906495854449764,0.0,0.29252002653372344,0.46062580782195917,0.3791798829257744,0.08603523921337775,0.3129668555924652,0.0,0.2746782519542259,0.47623637465529356,0.0,0.0,0.0,0.0,0.4076562303081688,0.31959005375792116,0.0,0.26834188625102495,0.37653432293802314,0.0,0.0,0.1481215282160595,0.3553221646732433,0.2932105854113276,0.2848920678436505,0.3794922520941645,0.35117738704234824,0.3638568851179196,0.35016198483775685,0.4408329381725027,0.2742547156524705,0.5563453436417317,0.36734082240046284,0.3312914373158342,0.0,0.4548670252634627,0.0,0.25152616808933126,0.34672964610416335,0.2191752373535747,0.3354273578137812,0.4175303496118328,0.38334555178717844,0.493563798903464,0.36410036644982124,0.4194208750252736,0.39742080679501535,0.0,0.4584912227909781,0.504825670202342,0.38882255289803114,0.0,0.4079409572005437,0.1972577136182172,0.5799978348232202,0.25980630714578434,0.29727498950474607,0.15797876504092256,0.0,0.43346167104002253,0.10345343475131841,0.0,0.48739301685444236,0.3354273578137812,0.0,0.4354353999930498,0.43184995863515785,0.0,0.17980084069750568,0.3129668555924652,0.3662413850146884,0.0,0.0,0.4704603666776386,0.37780404867755246,0.3129668555924652,0.12866783007426386,0.25178839762470706,0.4295704193569627,0.0,0.4402452605759273,0.303565840760866,0.0,0.4316372530709265,0.0,0.32775048234057613,0.25162798600478986,0.0,0.6434435330375143,0.0,0.35201165899804243,0.0,0.4628381936166118,0.3709550736237799,0.4424826218912187,0.4831663456428952
0.0,0.0,0.0,0.0,0.0,0.0,0.0,0.0,0.0,1.0,0.0,0.0,0.0,0.0,0.0,0.0,0.0,0.0,0.0,0.0,0.0,0.0,0.0,0.0,0.0,0.0,0.0,0.0,0.0,0.0,0.0,0.0,0.0,0.0,0.0,0.0,0.0,0.0,0.0,0.0,0.0,0.0,0.0,0.0,0.0,0.0,0.0,0.0,0.0,0.0,0.0,0.0,0.0,0.0,0.0,0.0,0.0,0.0,0.0,0.0,0.0,0.0,0.0,0.0,0.0,0.0,0.0,0.0,0.0,0.0,0.0,0.0,0.0,0.0,0.0,0.0,0.0,0.0,0.0,0.0,0.0,0.0,0.0,0.0,0.0,0.0,0.0,0.0,0.0,0.0,0.0,0.0,0.0,0.0,0.0,0.0,0.0,0.0,0.0,0.0,0.0,0.0,0.0,0.0,0.0,0.0,0.0,0.0,0.0,0.0,0.0,0.0,0.0,0.0,0.0,0.0,0.0,0.0,0.0,0.0,0.0,0.0,0.0,0.0,0.0,0.0,0.0,0.0,0.0,0.0,0.0,0.0,0.0
0.09890956334426226,0.5299044095250955,0.03520546922056278,0.1414863864160335,0.0,0.15224047390236328,0.0,0.46550211399627417,0.2156970933512583,0.0,1.0,0.16715354864751297,0.0,0.054136897142864626,0.05263518459199834,0.39558125949558076,0.0,0.07795885981784145,0.04296332269620695,0.18623389838455318,0.21707302615493695,0.0,0.0,0.3596928513904498,0.22016419357454986,0.01317680631566398,0.5037398556643907,0.3374126240234796,0.10724546663620527,0.15743294377383665,0.276542439382798,0.17973781709906111,0.20368698029840737,0.08928287769935905,0.2627513893562201,0.0,0.04654593088358028,0.24202887142761687,0.0,0.31506510112626307,0.08924707840099444,0.23987881268500533,0.3528693008091399,0.08998113563444943,0.06298752492191395,0.26365116562293456,0.15998361215212253,0.0,0.05734378068702983,0.0,0.0,0.32416669715690616,0.13257933403261601,0.36263540322639165,0.3160051022693916,0.3706417963837485,0.050431269271186574,0.0,0.21386433517925318,0.3465824111616791,0.09125325743673196,0.22768910248448915,0.29553871965537315,0.23242549594650874,0.23749768571872476,0.1108361373436264,0.14062780581256473,0.48773702433628674,0.39443341519667086,0.35665457326836525,0.3519878646969532,0.25929863993342583,0.2957891306711615,0.04624857256892734,0.3403977328314314,0.21831687659989796,0.13222579385507527,0.36150511426035303,0.14299700069452181,0.04846455501640412,0.41242254796363853,0.3879477390498042,0.30663183149174755,0.21680411045872972,0.3621428623383812,0.15718002857041113,0.27455699813629464,0.07242484794336856,0.20725754713381805,0.31553107585812246,0.29702192540521843,0.23852918547641666,0.164248455061774,0.31601727311025174,0.21747789692627195,0.0,0.3285538242821986,0.09283845826867032,0.0,0.07924051644781005,0.18557296561134717,0.10085444620153883,0.31536862943910027,0.1511526251862414,0.09395095916205232,0.1774462825767099,0.08998113563444943,0.2793590006602156,0.0,0.12835833282379783,0.48085717942838524,0.4988396362808796,0.08998113563444943,0.038753016493128456,0.22149573177332926,0.15628973138597335,0.0,0.11878927716827736,0.37805708312830255,0.25610143179211353,0.1311836649622018,0.0,0.26843587393526835,0.34536476214676837,0.009318521805879776,0.13361008768564475,0.13302611884827398,0.10257566000425278,0.14513270017707058,0.30373992061127775,0.13450014614262673,0.20730785203474744,0.21949322402761795
0.1135292515256976,0.0067054102926917825,0.008175472725729716,0.007449199060973299,0.0,0.5289310360038124,0.0,0.23290801609008227,0.39098275579599995,0.0,0.16715354864751297,1.0,0.0,0.4367629940156408,0.24141242929184803,0.010634411853685966,0.0,0.1503308824876437,0.009466507918436284,0.23839679573527484,0.1447547160702748,0.0,0.0,0.010119432063451561,0.4613722947237131,0.011443042340464782,0.12189581506077318,0.08148837292913669,0.04880840683701837,0.14727126982056804,0.30715362183433714,0.17196745071783825,0.20318288707876098,0.4450763938488993,0.12393080009776347,0.0,0.01028142171100277,0.1642162217164319,0.0,0.18852563377246745,0.4092513571280272,0.31369511597097377,0.06377764617226933,0.20099694509923938,0.011224879154005496,0.16695115651011294,0.3808581860434572,0.0,0.007722798077630211,0.0,0.0,0.3223695945850782,0.2186551736182949,0.012363683738754294,0.11882930838440009,0.3570395079031099,0.01078634820824731,0.0,0.20213713443977133,0.3072677257426648,0.1630288051990716,0.2670178625613513,0.32082900455668883,0.23707927685544217,0.24842735672245997,0.3541970853780426,0.3478841865004585,0.23339806309725686,0.35716550971385663,0.20476759645181264,0.17493541384956957,0.011564830215554989,0.3477533697720978,0.010094050829568602,0.18847395339380812,0.18831218940624994,0.15029232931340597,0.17538087655321488,0.41067031225288486,0.22338768596599423,0.32054583557492333,0.1582478423321262,0.29104710296956804,0.28429238113395183,0.039025535648393506,0.3653523442728126,0.3341261652348364,0.3245673913685896,0.06463081924989833,0.3844258846515829,0.12707873022098082,0.4634592375624397,0.11829528256141975,0.20355861218544136,0.09381213412541167,0.0,0.40337860481817656,0.08586101011888181,0.0,0.5016542508036912,0.17354268708377818,0.2349374372209907,0.2896487457425376,0.3412183633204796,0.012989637170323531,0.19354896843350722,0.20099694509923938,0.18248029174825176,0.0,0.007174699062878154,0.23069288606662797,0.19088824309152042,0.20099694509923938,0.08380708274591464,0.10021832066742686,0.4301050222868166,0.0,0.25149106865225024,0.2600341939333771,0.009197406816445874,0.2398382516214077,0.0,0.2904927533713475,0.255874734771256,0.0091390415208914,0.6335488621219592,0.010635040818929964,0.2275595309261732,0.008391886299002227,0.2939293114051301,0.30278770207261785,0.27721260128043734,0.6603183727021488
0.0,0.0,0.0,0.0,0.0,0.0,0.0,0.0,0.0,0.0,0.0,0.0,1.0,0.0,0.0,0.0,0.0,0.0,0.0,0.0,0.0,0.0,0.0,0.0,0.0,0.0,0.0,0.0,0.0,0.0,0.0,0.0,0.0,0.0,0.0,0.0,0.0,0.0,0.0,0.0,0.0,0.0,0.0,0.0,0.0,0.0,0.0,0.0,0.0,0.0,0.0,0.0,0.0,0.0,0.0,0.0,0.0,0.0,0.0,0.0,0.0,0.0,0.0,0.0,0.0,0.0,0.0,0.0,0.0,0.0,0.0,0.0,0.0,0.0,0.0,0.0,0.0,0.0,0.0,0.0,0.0,0.0,0.0,0.0,0.0,0.0,0.0,0.0,0.0,0.0,0.0,0.0,0.0,0.0,0.0,0.0,0.0,0.0,0.0,0.0,0.0,0.0,0.0,0.0,0.0,0.0,0.0,0.0,0.0,0.0,0.0,0.0,0.0,0.0,0.0,0.0,0.0,0.0,0.0,0.0,0.0,0.0,0.0,0.0,0.0,0.0,0.0,0.0,0.0,0.0,0.0,0.0,0.0
0.0,0.0,0.0,0.0,0.0,0.5259820837576105,0.0,0.2450944214448012,0.36628980151326496,0.0,0.054136897142864626,0.4367629940156408,0.0,1.0,0.26784036065386285,0.0,0.0,0.13392018032693143,0.0,0.2616156484339591,0.2012622897044073,0.0,0.0,0.0,0.6827274011871192,0.0,0.07036336130279974,0.06767112142858078,0.0,0.1545050427220942,0.4684160870065468,0.14554746097677385,0.17262585401428698,0.5685144289729954,0.09168035849238887,0.0,0.0,0.13073857739715755,0.0,0.24420908542224784,0.510060180638792,0.5039004807115776,0.03984505293820273,0.21441532736318836,0.0,0.0886485749974647,0.5956088012844495,0.0,0.0,0.0,0.0,0.6245547826753957,0.1763481119453184,0.0,0.09850870582391968,0.16811944841393167,0.0,0.0,0.1199968973214276,0.4059261353598258,0.17143911213080532,0.48738683127572013,0.18669714152672734,0.20764538178727798,0.2518306376598347,0.30756238487698795,0.3081215899216829,0.19382686203199095,0.25443333065806595,0.2430949905589771,0.21791076667136178,0.0,0.36500708624580547,0.0,0.17856024043590857,0.16836974120256987,0.1310765593697114,0.1641811763731994,0.39653155001334306,0.24627176455979916,0.33309521642283624,0.13839410704122945,0.16608576942299325,0.16022729821279058,0.0,0.5531548336235373,0.44116088288896194,0.371014733304434,0.0,0.38570840777518023,0.10486124749576908,0.3888542084180877,0.13498541479838688,0.10771152266575912,0.05353826680243978,0.0,0.38727334103240674,0.059416041060053826,0.0,0.44243526365322994,0.1641811763731994,0.0,0.20036163999689194,0.381451650144895,0.0,0.14273952772037635,0.21441532736318836,0.07723895235290468,0.0,0.0,0.23708030207800657,0.18684399201411472,0.21441532736318836,0.10665520824266761,0.07598449285496978,0.7215948747789935,0.0,0.32951459646588377,0.0846776182179293,0.0,0.2659457249923941,0.0,0.16580125418567293,0.16833861398764216,0.0,0.6979509536537435,0.0,0.24520210557576805,0.0,0.2856384225965021,0.3554643206152377,0.2737170698495668,0.22993732657136712
0.0,0.0,0.0,0.0,0.0,0.2758312722695262,0.0,0.18434299637553386,0.2874584778163787,0.0,0.05263518459199834,0.24141242929184803,0.0,0.26784036065386285,1.0,0.0,0.0,0.4898148148148148,0.0,0.3352145746047843,0.19703744549952307,0.0,0.0,0.0,0.25821692900440485,0.0,0.10064437128173687,0.06579398073999787,0.0,0.22528114573169955,0.18908356349195787,0.20819704190891186,0.182041743756708,0.2938030501735187,0.19895809178873847,0.0,0.0,0.1893116686737899,0.0,0.13246062591121,0.3608838936929575,0.18000842146053642,0.0751243680943785,0.3076964010921348,0.0,0.12654289364362514,0.30595898388474896,0.0,0.0,0.0,0.0,0.25211141798927716,0.25252221614180415,0.0,0.14090211979443157,0.373380374669933,0.0,0.0,0.22631535349141185,0.1780106110317453,0.24711809406498386,0.13392018032693143,0.4292173990730711,0.49527831362516506,0.24486599199691872,0.24711989569624293,0.1369334446615329,0.11362884377518323,0.20180467833280014,0.12110558216876421,0.07598178340732265,0.0,0.22422919229519533,0.0,0.6530864197530865,0.2241626434868469,0.18718021526804351,0.23483686632405265,0.4355349459643272,0.3522552994860789,0.18367539206605366,0.18297090046324171,0.24599610120875326,0.22832263446691237,0.0,0.25769036659008604,0.31042479599085127,0.5239667759453914,0.0,0.25022405561371663,0.1497441722144348,0.6278215107612573,0.2299486671874853,0.1412762872309543,0.08797531534869996,0.0,0.21960683148584437,0.11249777387679938,0.0,0.3796835404238502,0.23483686632405265,0.0,0.18916463558439367,0.26486205143863184,0.0,0.10030434259374577,0.3076964010921348,0.0753974942702127,0.0,0.0,0.13112400698620796,0.11994369743086886,0.3076964010921348,0.20232229569933913,0.10846533740882158,0.2560436536554236,0.0,0.2072599591683506,0.0990700624043499,0.0,0.37962868093087554,0.0,0.3930702387906033,0.2223077811840396,0.0,0.3741501287512239,0.0,0.3507638565633532,0.0,0.40845720994476786,0.5427519640666222,0.5467331939285267,0.32686601671733284
0.0,0.6332074616464842,0.07370570649544395,0.3721264521386469,0.0,0.0,0.0,0.3480310928955187,0.0,0.0,0.39558125949558076,0.010634411853685966,0.0,0.0,0.0,1.0,0.0,0.05598698587258677,0.08756673921776403,0.0,0.32324560071864383,0.0,0.0,0.9057064852518086,0.0,0.01859018046919847,0.633481378811671,0.0,0.10597843519901173,0.032978911022621404,0.07801082991587338,0.18362322835229694,0.2539573371243591,0.012177249880370167,0.1325741991467192,0.0,0.08498421391474009,0.09354105025738013,0.0,0.35876093156922195,0.0,0.3198260578482517,0.38277227376507095,0.016483400375627344,0.1055243367253541,0.0,0.0,0.0,0.014878959647177004,0.0,0.0,0.5383417498458931,0.06799458511863465,0.4880282198984216,0.340182487947174,0.009987924602988807,0.09092590699394487,0.0,0.008143431614666241,0.0641520935831339,0.013802631230672935,0.34770271563098953,0.009808177877776325,0.006472584647393753,0.024090395729758574,0.05746509728309801,0.058253775167179,0.6855558412579683,0.43260748528631177,0.22631883722494095,0.24002290893286438,0.42668475608698,0.2145088538677533,0.08438076732630706,0.5786866833239672,0.15857657605792597,0.21143543474390125,0.6191328958238833,0.006301362008293787,0.0,0.4194459263560222,0.31561235518422204,0.24057472528072965,0.34449129622402364,0.40271154452212976,0.009622008584174724,0.2917438112873574,0.0,0.009344035894067737,0.25553093192604326,0.43619451705936596,0.0,0.00979881196352328,0.0,0.06365100450626604,0.0,0.004077038225315355,0.041691991352134083,0.0,0.0,0.4677026894013808,0.014606963220955893,0.02307241556944961,0.0,0.15236320007094484,0.0047452335919258015,0.016483400375627344,0.0441730701497457,0.0,0.4647960258848681,0.2655644088413134,0.29507156537923707,0.016483400375627344,0.017559669030721814,0.21769364260108037,0.0,0.0,0.00899441545122659,0.007468897942277231,0.39772594387946003,0.0,0.0,0.032049648018974475,0.026807355014390022,0.016120766824791244,0.008524074916259061,0.10077939737435038,0.018262955149186744,0.12347561551643904,0.0,0.009131477574593316,0.00834334810756987,0.011186217831164247
0.0,0.0,0.0,0.0,0.0,0.0,0.0,0.0,0.0,0.0,0.0,0.0,0.0,0.0,0.0,0.0,1.0,0.0,0.0,0.0,0.0,0.0,0.0,0.0,0.0,0.0,0.0,0.0,0.0,0.0,0.0,0.0,0.0,0.0,0.0,0.0,0.0,0.0,0.0,0.0,0.0,0.0,0.0,0.0,0.0,0.0,0.0,0.0,0.0,0.0,0.0,0.0,0.0,0.0,0.0,0.0,0.0,0.0,0.0,0.0,0.0,0.0,0.0,0.0,0.0,0.0,0.0,0.0,0.0,0.0,0.0,0.0,0.0,0.0,0.0,0.0,0.0,0.0,0.0,0.0,0.0,0.0,0.0,0.0,0.0,0.0,0.0,0.0,0.0,0.0,0.0,0.0,0.0,0.0,0.0,0.0,0.0,0.0,0.0,0.0,0.0,0.0,0.0,0.0,0.0,0.0,0.0,0.0,0.0,0.0,0.0,0.0,0.0,0.0,0.0,0.0,0.0,0.0,0.0,0.0,0.0,0.0,0.0,0.0,0.0,0.0,0.0,0.0,0.0,0.0,0.0,0.0,0.0
0.0,0.07313810385857322,0.03806927417138928,0.03410620278146004,0.0,0.20687345420214465,0.0,0.20360644352780066,0.22357881607940566,0.0,0.07795885981784145,0.1503308824876437,0.0,0.13392018032693143,0.4898148148148148,0.05598698587258677,0.0,1.0,0.04545793621584471,0.20112874476287057,0.13306789002206065,0.0,0.0,0.05124823435955661,0.20657354320352384,0.011857622203941043,0.1529067061088758,0.05263518459199834,0.04425612953941782,0.41314264044755633,0.15414233221816342,0.3741614802300839,0.23362724057804285,0.21235696111041769,0.5782772613187593,0.0,0.5985925925925926,0.30401875909440457,0.0,0.2549146956301205,0.2577742097806839,0.42362861331784085,0.5356779713195289,0.1581240803557351,0.1034248134882435,0.09490717023271888,0.20397265592316605,0.0,0.007749019290279158,0.0,0.0,0.1842583187290121,0.2586057534862318,0.20691842075750821,0.13984860738642602,0.30528512908851735,0.4180680555189752,0.0,0.18943555538464762,0.15666984688375507,0.12712117839797044,0.16487537210240577,0.3483739514906562,0.38688937640097054,0.23187930815808633,0.5269622756208108,0.19915268592789293,0.16605141596593076,0.2527079325186179,0.2086432120663606,0.16623535630557518,0.1605652400519717,0.2597629298447821,0.05112437533241132,0.5046305218320432,0.36539012662338866,0.3878110021897003,0.18204242692453898,0.37711376250652107,0.17612764974303952,0.22864819773177192,0.1767423202147934,0.41262818514861355,0.4014558353426778,0.08175433488404049,0.1865621871222516,0.25117619636692357,0.2619833879726957,0.004846598562433302,0.29479139659358444,0.24550332331857339,0.47086613307094294,0.19057793229504738,0.11773023935912852,0.4047284024399196,0.0,0.20887700099769568,0.10783572533047536,0.0,0.25312236028256674,0.17059296523912515,0.00892349771977985,0.1896617781723723,0.2060038177856025,0.07166999343759106,0.09314563019960276,0.1581240803557351,0.11792218431483381,0.0,0.032642696600165055,0.13830627155904296,0.13040850463520526,0.1581240803557351,0.12911224258137033,0.22454802698086618,0.17069576910361572,0.0,0.1428129355709482,0.08848125283695507,0.13428031417695707,0.18981434046543777,0.0,0.35954964579783744,0.2704536552513114,0.008357965397279288,0.3010684506915122,0.052555058840070834,0.18013480258142045,0.04485362365923917,0.36546171416110806,0.40944041019983857,0.4507176203518446,0.22371738457964074
0.0,0.050525787573393766,0.07905410439489524,0.07054323845809196,0.0,0.0,0.0,0.026902631828922385,0.0,0.0,0.04296332269620695,0.009466507918436284,0.0,0.0,0.0,0.08756673921776403,0.0,0.04545793621584471,1.0,0.0,0.05133030508339731,0.0,0.0,0.08910008752012755,0.0,0.018670404944834296,0.05264663274755488,0.0,0.06938947572879939,0.02274942456658202,0.043922608710321054,0.05846535033579159,0.058546480876624285,0.01097424453939777,0.05757278557406276,0.0,0.0909158724316893,0.03369995684647775,0.0,0.06153536637289292,0.0,0.05452640701112166,0.0789545764539148,0.017874984146798445,0.07322135364116833,0.0,0.0,0.0,0.013578827253542314,0.0,0.0,0.0572739656772574,0.04469512575177126,0.09469542410046616,0.057430686683689114,0.0085863893923388,0.0967167731165004,0.0,0.005545510005913523,0.03233355973703678,0.01477993262895072,0.4197304840587561,0.008662377380940223,0.004471659641516301,0.01932141262852949,0.049437297254224966,0.0532109897235411,0.05625055083675545,0.040999372061018224,0.37379896621113473,0.37668581519955824,0.07783259268587428,0.29360870165354847,0.08888959184118572,0.0670627639054856,0.04587053874004787,0.06880580811007175,0.07216227141461595,0.004640362943802656,0.0,0.035821523179712655,0.04954235674577112,0.0304624763192205,0.049669673504861844,0.05680784436469477,0.007316163026265254,0.028707766794793477,0.0,0.007088665244620929,0.41066466382233235,0.7199300959749335,0.0,0.008634426241460602,0.0,0.20052949886159466,0.0,0.0033513143509822374,0.03252502862470119,0.0,0.0,0.05133030508339731,0.015452603241064566,0.014981635227517054,0.0,0.11341439380114138,0.0035887590520731205,0.017874984146798445,0.03580292120081374,0.0,0.06741735852382669,0.043519403940697865,0.0497364616465118,0.017874984146798445,0.018162912063788283,0.07833392625587032,0.0,0.0,0.007212777389094316,0.0060063864226360675,0.07905410439489524,0.0,0.0,0.015083873307089046,0.07842889273482712,0.01745207458841913,0.006858902837123648,0.11074877680093598,0.019969504083203415,0.0790497255188185,0.0,0.006656501361067768,0.006567437094402218,0.009110539645106108
0.0,0.0,0.0,0.0,0.0,0.3846816793028367,0.0,0.34060882175872265,0.4832023850088899,0.0,0.18623389838455318,0.23839679573527484,0.0,0.2616156484339591,0.3352145746047843,0.0,0.0,0.20112874476287057,0.0,1.0,0.345282954276517,0.0,0.0,0.0,0.2561146099367455,0.0,0.11600715098197378,0.2276192091366761,0.0,0.3233859303905192,0.19901512416765343,0.3760500509001614,0.1917121534592685,0.27826805447020186,0.20606370379580696,0.0,0.0,0.3354200342474467,0.0,0.14263297894348548,0.3449356274814581,0.1912502427938867,0.08552163491987219,0.3625596193706402,0.0,0.34838576142143585,0.46307438619642194,0.0,0.0,0.0,0.0,0.24876890520956685,0.24843635595274272,0.0,0.15467620130929838,0.47069115628618774,0.0,0.0,0.2230253083427527,0.1864362288620829,0.3860474033860861,0.15696938906037539,0.39543528759732083,0.3432992976246201,0.3329312823642172,0.24527818526925393,0.23773299632007194,0.12380324410363819,0.27062743523770894,0.17888467515263984,0.17237891321853982,0.0,0.24941069311657205,0.0,0.25141093095358813,0.46005159692224074,0.1970480540331513,0.23201430196394757,0.26568750385134854,0.30935240261859676,0.31495159673154527,0.2970327129341581,0.3056600014387374,0.23318308961114775,0.0,0.2555403950970512,0.5206124467725951,0.45638527595735723,0.0,0.2799479043085442,0.1642067116942928,0.6292727500228124,0.30590381808908007,0.35059924778589213,0.12421095051148323,0.0,0.24663599197549724,0.1200492478553351,0.0,0.34875488625714046,0.23201430196394757,0.0,0.3549450245058211,0.3046467075874635,0.0,0.08499763198368016,0.3625596193706402,0.23736150742918827,0.0,0.0,0.28261294956568483,0.29191125735474877,0.3625596193706402,0.18912772832233038,0.3048375412437564,0.25401731287377904,0.0,0.3688734968375098,0.2388163994187359,0.0,0.8129001099833504,0.0,0.31084582194235755,0.19939191236800058,0.0,0.3612862919878055,0.0,0.4530446847895617,0.0,0.4640943660783132,0.4376033066984979,0.4992322270095344,0.3152024898427769
0.0,0.2038518588951167,0.0440842725647792,0.31921322985163614,0.0,0.23004487032338716,0.0,0.24334466931797505,0.27619184717186884,0.0,0.21707302615493695,0.1447547160702748,0.0,0.2012622897044073,0.19703744549952307,0.32324560071864383,0.0,0.13306789002206065,0.05133030508339731,0.345282954276517,1.0,0.0,0.0,0.3077127328370727,0.1553310673393279,0.011932148731855996,0.255558727712341,0.11118469403067477,0.06488591748101757,0.42853990723985913,0.13801750058523676,0.19703181592777186,0.23296212472854383,0.17523917391211008,0.16698616534430877,0.0,0.05567033520880038,0.19036332322984784,0.0,0.4542761204536099,0.18267732611163534,0.22971028913546943,0.21220111752433302,0.2781356874653712,0.06737942775792238,0.1410417508869829,0.2901854907302557,0.0,0.008067253225255366,0.0,0.0,0.17205049753313606,0.4127620072085638,0.09645026886945507,0.12961545656076678,0.2083682389808189,0.05852029558612826,0.0,0.10552028681768888,0.1253414180122031,0.19444583635546475,0.23682411095126188,0.18555705754137697,0.16740004959773336,0.301738410781214,0.1614702194761095,0.1818965910193352,0.3028806586315005,0.3132069401780999,0.3174543392233562,0.3015551050576559,0.377578455606952,0.27575078777341044,0.05462192504239716,0.33201265016010795,0.4181968779603781,0.14610138283433105,0.3387575540788974,0.15330040329433237,0.18499926546839396,0.2832413687460933,0.2764576752358613,0.2073007456092364,0.31249985358754395,0.1590412647601389,0.1636929253359808,0.3775240490167979,0.24854476605144427,0.00480923898653951,0.367979397000048,0.4195644243131884,0.28619664045667625,0.15731151071586214,0.1475511388502987,0.10389057584484152,0.0,0.15487530574106,0.07509487855989838,0.0,0.18810002319847907,0.35665245773646903,0.009664888547028183,0.22352164543620856,0.356353054020616,0.10192879758899676,0.048539496034343044,0.2781356874653712,0.14351220583726576,0.0,0.17167973938967718,0.3019465020405039,0.31763697048877015,0.2781356874653712,0.07702172065362745,0.34941290853202545,0.16266109608697277,0.0,0.2142241919917578,0.1365870185743565,0.0713495558740822,0.3290974187362935,0.0,0.2519508767303138,0.11730314853404611,0.009499016974609309,0.20459156708177573,0.05795875922387861,0.261388233944432,0.06595379691201664,0.315361003453859,0.23642585421278006,0.24864240781401192,0.18039908319449616
0.0,0.0,0.0,0.0,0.0,0.0,0.0,0.0,0.0,0.0,0.0,0.0,0.0,0.0,0.0,0.0,0.0,0.0,0.0,0.0,0.0,1.0,0.0,0.0,0.0,0.0,0.0,0.0,0.0,0.0,0.0,0.0,0.0,0.0,0.0,0.0,0.0,0.0,0.0,0.0,0.0,0.0,0.0,0.0,0.0,0.0,0.0,0.0,0.0,0.0,0.0,0.0,0.0,0.0,0.0,0.0,0.0,0.0,0.0,0.0,0.0,0.0,0.0,0.0,0.0,0.0,0.0,0.0,0.0,0.0,0.0,0.0,0.0,0.0,0.0,0.0,0.0,0.0,0.0,0.0,0.0,0.0,0.0,0.0,0.0,0.0,0.0,0.0,0.0,0.0,0.0,0.0,0.0,0.0,0.0,0.0,0.0,0.0,0.0,0.0,0.0,0.0,0.0,0.0,0.0,0.0,0.0,0.0,0.0,0.0,0.0,0.0,0.0,0.0,0.0,0.0,0.0,0.0,0.0,0.0,0.0,0.0,0.0,0.0,0.0,0.0,0.0,0.0,0.0,0.0,0.0,0.0,0.0
0.0,0.0,0.0,0.0,0.0,0.0,0.0,0.0,0.0,0.0,0.0,0.0,0.0,0.0,0.0,0.0,0.0,0.0,0.0,0.0,0.0,0.0,1.0,0.0,0.0,0.0,0.0,0.0,0.0,0.0,0.0,0.0,0.0,0.0,0.0,0.0,0.0,0.0,0.0,0.0,0.0,0.0,0.0,0.0,0.0,0.0,0.0,0.0,0.0,0.0,0.0,0.0,0.0,0.0,0.0,0.0,0.0,0.0,0.0,0.0,0.0,0.0,0.0,0.0,0.0,0.0,0.0,0.0,0.0,0.0,0.0,0.0,0.0,0.0,0.0,0.0,0.0,0.0,0.0,0.0,0.0,0.0,0.0,0.0,0.0,0.0,0.0,0.0,0.0,0.0,0.0,0.0,0.0,0.0,0.0,0.0,0.0,0.0,0.0,0.0,0.0,0.0,0.0,0.0,0.0,0.0,0.0,0.0,0.0,0.0,0.0,0.0,0.0,0.0,0.0,0.0,0.0,0.0,0.0,0.0,0.0,0.0,0.0,0.0,0.0,0.0,0.0,0.0,0.0,0.0,0.0,0.0,0.0
0.0,0.5788697745828665,0.07486091486144175,0.3775385651825309,0.0,0.0,0.0,0.2999401281431284,0.0,0.0,0.3596928513904498,0.010119432063451561,0.0,0.0,0.0,0.9057064852518086,0.0,0.05124823435955661,0.08910008752012755,0.0,0.3077127328370727,0.0,0.0,1.0,0.0,0.018189015558258248,0.5791296096498094,0.0,0.10158392791132775,0.028264069902128264,0.0713840204202113,0.2078175507070561,0.23281811692700383,0.01142245243633988,0.13775523742467166,0.0,0.08541372393259439,0.0800821519499948,0.0,0.34106599526125936,0.0,0.287526254657795,0.347361444662311,0.016768614061108522,0.10235947805374868,0.0,0.0,0.0,0.014208001486290533,0.0,0.0,0.588867617672079,0.061076372629422004,0.47783296410416365,0.3190950212400513,0.009144806152973084,0.09114057125426156,0.0,0.006855015985364532,0.05596100283289873,0.01401533403089228,0.3178800811413479,0.009053584001337489,0.005548521114120186,0.021286418860727796,0.05280072398730129,0.05503958170111667,0.5707807569951889,0.316701157672312,0.2084108769701778,0.21865021789500205,0.4132329178536249,0.19016360615104322,0.08446894356504075,0.5523150115855548,0.17583106136574078,0.24616348591203696,0.5913218710047111,0.005424561434137276,0.0,0.35024176861833856,0.28295932455806017,0.22624204983572171,0.34494459184346526,0.3734441993132396,0.008566839327254883,0.2855938424723222,0.0,0.008316806780365504,0.23384202686302635,0.41980367339742686,0.0,0.00903931311053996,0.0,0.058674137284971395,0.0,0.0036088127824117633,0.03724602566461965,0.0,0.0,0.500423890244142,0.014662919716062595,0.019303136167763246,0.0,0.15146006405901935,0.00409963928964352,0.016768614061108522,0.03947396030614281,0.0,0.5425289833525715,0.2452797098620788,0.2759396735948386,0.016768614061108522,0.017463614696853536,0.1963524592203364,0.0,0.0,0.00821776652070072,0.006625694667795168,0.3997345656604321,0.0,0.0,0.026385709913020694,0.022526451666318725,0.016395890410294323,0.007614968290893254,0.10269063823367452,0.018598605720681616,0.11802464162832049,0.0,0.007970831023149216,0.0073697201630027465,0.010243696486298526
0.24822022435449032,0.0,0.0,0.0,0.0,0.49344800608768447,0.0,0.38809513390387895,0.48130273576773885,0.0,0.22016419357454986,0.4613722947237131,0.0,0.6827274011871192,0.25821692900440485,0.0,0.0,0.20657354320352384,0.0,0.2561146099367455,0.1553310673393279,0.0,0.0,0.0,1.0,0.0,0.2606429913029673,0.17462572093298,0.06778105327007211,0.1727182891252126,0.7122515049326565,0.2104150570834129,0.22390871624257946,0.5194128317624608,0.15475113954594844,0.0,0.0,0.22874829182409384,0.0,0.3849609104464494,0.5963939834863964,0.5737982571575005,0.10667307499857559,0.2095155938089598,0.0,0.31836861409643646,0.6077372826024231,0.0,0.0,0.0,0.0,0.622664242316767,0.22950683301565866,0.0,0.17359679542944795,0.283724259368934,0.0,0.0,0.28424296443117547,0.6218390733894505,0.16945170187472314,0.5883506710874191,0.40757873181970417,0.2556227526998167,0.41212664651875053,0.3683220347066747,0.3647811038693878,0.27685797585706284,0.3753172741005405,0.41231399869466556,0.43664155952439354,0.0,0.5218387855751244,0.0,0.2295261591150265,0.21989041302342371,0.20246992819181442,0.21217386108043645,0.5282451496239192,0.23869559371549098,0.41258910170201046,0.19137641093132374,0.35942251769184863,0.371529084928922,0.08835495825869966,0.6055053188686932,0.5581101178622422,0.3491986395324165,0.12868237812078553,0.5006266947314891,0.22239879848139832,0.4185577029152332,0.1346474775906863,0.38235588592460956,0.17993610740221033,0.0,0.6440953005131361,0.154031131109731,0.0,0.4249721207614374,0.21217386108043645,0.058212814619266195,0.5005726382057808,0.48024841294331,0.0,0.33904418156868577,0.2095155938089598,0.17361914025509972,0.0,0.0,0.3277381471993537,0.29842754395671567,0.2095155938089598,0.10215596831135754,0.15785199954720164,0.7338221633027544,0.0,0.33189479326564,0.524647160078006,0.0,0.2565094992642025,0.0,0.2598225202940492,0.3574791357629017,0.0,0.7422888155404318,0.0,0.23772261732958955,0.0,0.3910258631302579,0.33472441790970864,0.3115757226466964,0.5551930640347003
0.0,0.012384429569806454,0.015333901174172992,0.013614563452605033,0.0,0.0,0.0,0.00815530795318442,0.0,0.0,0.01317680631566398,0.011443042340464782,0.0,0.0,0.0,0.01859018046919847,0.0,0.011857622203941043,0.018670404944834296,0.0,0.011932148731855996,0.0,0.0,0.018189015558258248,0.0,1.0,0.01416390598048145,0.0,0.01610486601954131,0.006866642463286943,0.011429733651809881,0.016507360646149327,0.013558553727355926,0.014004280677618497,0.015154521204813975,0.0,0.018602007510826413,0.10336284212649272,0.0,0.014613575474043516,0.0,0.016183823173133827,0.018759667808120217,0.018250163874039993,0.019899626246351998,0.0,0.0,0.0,0.016835551727282128,0.0,0.0,0.013394307126272986,0.019472458029418216,0.021282132262722686,0.014076263332026051,0.1890547719305642,0.020080603554552878,0.0,0.15816070931630322,0.009537048572470841,0.014915185914819995,0.010371657683534208,0.011401178754506858,0.0070402262579800645,0.011035011136940498,0.012777125545036627,0.014703832597729116,0.013528800708357491,0.010143825080014324,0.010173372206637943,0.010921113963689999,0.019601879049921944,0.05695943346271548,0.018340744288918853,0.015876072930292917,0.011778943664460417,0.015705258219280482,0.017211770815869998,0.007236989602803612,0.0,0.009099189113625394,0.01607051056158415,0.008336492771715664,0.012424385076383104,0.01624416266662798,0.010690524615761032,0.012493552615170489,0.0,0.010332413937463203,0.07292787522692223,0.015462884222261053,0.0,0.01137702552070674,0.0,0.016094464099336014,0.0,0.004837548044559936,0.013600691988511882,0.0,0.0,0.011932148731855996,0.37324223415679736,0.004723771805717036,0.0,0.02487824669358496,0.05957738672292745,0.018250163874039993,0.013225815101116534,0.0,0.012990372465721767,0.01093248243311884,0.012147202703465365,0.018250163874039993,0.020077172669209387,0.018361591523972542,0.0,0.0,0.009694187511512742,0.008702309920625706,0.015948039591288765,0.0,0.0,0.006820465874681325,0.008572219023807004,0.3590723026205982,0.009802996474333026,0.02207055549596515,0.020590160005426017,0.01907028679335021,0.0,0.010295080002713064,0.0097260654364687,0.012421166487813662
0.06621142133329938,0.4993433193999097,0.04430994162674173,0.21683533511212316,0.0,0.14012215680695506,0.0,0.5198422560639228,0.22361823854252083,0.0,0.5037398556643907,0.12189581506077318,0.0,0.07036336130279974,0.10064437128173687,0.633481378811671,0.0,0.1529067061088758,0.05264663274755488,0.11600715098197378,0.255558727712341,0.0,0.0,0.5791296096498094,0.2606429913029673,0.01416390598048145,1.0,0.10959878149428248,0.10173596155997544,0.12006381120658105,0.2780050497811215,0.2001332812682537,0.2722194303919381,0.14369960554352956,0.23836045949593176,0.0,0.11441968742983866,0.3176985103147161,0.0,0.5453716084458152,0.13017364123718478,0.3253080314613762,0.4053683810372043,0.09123366569849323,0.14676101643664752,0.20220226579673806,0.12651058045360075,0.0,0.15207088626023968,0.0,0.0,0.39211211697103776,0.3132076968032197,0.4022677890269921,0.43859697294509925,0.17010733251851984,0.09775161781714736,0.0,0.1253536978995059,0.23239458504600308,0.07447859677148327,0.3300895437647344,0.4087289183954368,0.26500651959337596,0.19640563802457311,0.2638609162824981,0.14842838988031515,0.6990002608238117,0.6207232614731087,0.4329659818390723,0.30411999165233305,0.3561046355958326,0.33986702964040605,0.05469708060102163,0.48619783779127834,0.20719426109135952,0.19188198902166365,0.6423601378104505,0.19074582423394137,0.2827160493827161,0.6039334312116721,0.44833280398180375,0.4160018598219508,0.4840466420863614,0.4182958354918316,0.2584604775782401,0.35083192646911154,0.13405380152466706,0.08454158343845686,0.3635841536379649,0.4299133502882986,0.17497606936921684,0.08447127619547024,0.2378196527104215,0.2011973905507427,0.0,0.32970655151378203,0.14426866000648197,0.0,0.278809147144383,0.5173002576019594,0.04368218872958307,0.2834528971234902,0.1437986457568623,0.10303914467246422,0.12790162823274354,0.09123366569849323,0.16617748734513338,0.0,0.23777497709726625,0.3059423258098313,0.31510678303443573,0.09123366569849323,0.048561574429389465,0.2750038177303604,0.19530009890472222,0.0,0.09345574541137747,0.27547766639336546,0.27415364639544926,0.10000586172084358,0.0,0.26891046030398447,0.24180976174712532,0.011138725558324514,0.21725679773028927,0.060583138558536476,0.10283547666684001,0.08035017640234676,0.19427935320401235,0.13752854981238605,0.2051825620218981,0.17551149975135072
0.09831510845872748,0.38586222122234326,0.0,0.0,0.0,0.17761388621942387,0.0,0.5103441257263425,0.24888126155914414,0.0,0.3374126240234796,0.08148837292913669,0.0,0.06767112142858078,0.06579398073999787,0.0,0.0,0.05263518459199834,0.0,0.2276192091366761,0.11118469403067477,0.0,0.0,0.0,0.17462572093298,0.0,0.10959878149428248,1.0,0.03752870106300932,0.15436388342578788,0.08150246870852185,0.11502255628537461,0.057833146748897835,0.09849847669196155,0.2749464160436317,0.0,0.0,0.1872450978287985,0.0,0.06412590759954295,0.10547381992844795,0.0689644098394836,0.04145310894728571,0.10305994014663311,0.0,0.44533069925738666,0.19198033458254704,0.0,0.40982266552935487,0.0,0.0,0.057851117618005876,0.09922478759892017,0.0,0.15003427941068503,0.2552257151135867,0.0,0.0,0.3821740350002031,0.09385601159552437,0.1063613632730962,0.07491617895063685,0.23319848184668646,0.20187500243653167,0.231915245967504,0.08252791123198255,0.12364788585044084,0.20878468194177124,0.1428672391461665,0.31021107605659115,0.3599439100818781,0.0,0.27818886483159677,0.0,0.05848353843555365,0.16542439743749138,0.05153660231122292,0.05384950557378232,0.13603239573711257,0.06058069377050512,0.18661925222403508,0.28662752542662173,0.28220496125408445,0.08469075537778992,0.01961441890231519,0.2812547613023395,0.19169464379910117,0.09053105992921073,0.37202377878868675,0.2385732605587486,0.06574171283545005,0.2782840497224861,0.3063280747927579,0.30633620973274867,0.0978118840812785,0.0,0.22214873533511414,0.06342021479411564,0.0,0.09508861973737204,0.05384950557378232,0.028513930024841927,0.28155711654246063,0.1652524530395293,0.0,0.30934595353940963,0.10305994014663311,0.27964215933062886,0.0,0.0,0.19033393372145146,0.18873498041994996,0.10305994014663311,0.03517931197060864,0.10091051150938601,0.12190281735311537,0.0,0.1349421147621066,0.336793565737036,0.0,0.16397958120275224,0.0,0.2846509835674844,0.3087927676428126,0.0,0.14718337403501613,0.0,0.11762150878251387,0.13029471235590484,0.31802781609977715,0.14985145968452973,0.2278320833096824,0.11953275155039289
0.13758542192028633,0.07078818157941058,0.05785933970199508,0.11351706303951559,0.0,0.0,0.0,0.04183938911346574,0.0,0.0,0.10724546663620527,0.04880840683701837,0.0,0.0,0.0,0.10597843519901173,0.0,0.04425612953941782,0.06938947572879939,0.0,0.06488591748101757,0.0,0.0,0.10158392791132775,0.06778105327007211,0.01610486601954131,0.10173596155997544,0.03752870106300932,1.0,0.02589720304772347,0.10601305705502961,0.18556484846056964,0.055179373948934574,0.010352553572333667,0.13694890584062502,0.0,0.07204717833667418,0.06741394487426877,0.0,0.07721202479825406,0.0,0.05994587634476445,0.15206853684473454,0.013046521417918955,0.13581750771131518,0.05771488555639648,0.0,0.0,0.011867065657154341,0.0,0.0,0.07226610800154576,0.2937498264033048,0.17619331514568481,0.07794175616355692,0.04441135333218316,0.07704034206876187,0.0,0.0696569933599519,0.16995373386968837,0.010822129835951766,0.057058133960813606,0.04354365319551823,0.0050883675786532745,0.0660289830131775,0.048967335756239905,0.049598836685256,0.07984310261409833,0.057390639582493796,0.0912016906531512,0.10729361477639665,0.0965836096724163,0.04702689844914287,0.07099958807320117,0.08439221993744395,0.1601441865759774,0.21352558210130312,0.09069938051542914,0.05580182703886771,0.0,0.05379953970634799,0.06897305018471334,0.1076022358765627,0.06002568724644497,0.37193609436745056,0.0076254568843997506,0.04272558606736243,0.0,0.19904113080502872,0.0589589895309508,0.09880190784805776,0.0,0.008655346044955103,0.13638113421337672,0.09239722083319024,0.0,0.0643961805809683,0.15453077468866272,0.0,0.0,0.06488591748101757,0.05610798218484403,0.07145756060039332,0.0411592052284645,0.4465907524947359,0.05238926987763559,0.013046521417918955,0.07396832935267694,0.0,0.22425173122294284,0.2244806829860163,0.2494229810955737,0.013046521417918955,0.014694715525365165,0.0931240371317783,0.055346775674940174,0.0,0.007044602828096824,0.2312639975853964,0.09015628413040755,0.0,0.0,0.0542476407171717,0.05712825646640485,0.01274301042917969,0.007246787500633567,0.08060001048075327,0.014548191195588922,0.3804789982988639,0.023582275452902035,0.007274095597794461,0.007112757880843756,0.050084597311799706
0.0,0.024960665643435687,0.01944433618955843,0.017614831250639007,0.0,0.2272049535079439,0.0,0.24157086484201673,0.2794696404767225,0.0,0.15743294377383665,0.14727126982056804,0.0,0.1545050427220942,0.22528114573169955,0.032978911022621404,0.0,0.41314264044755633,0.02274942456658202,0.3233859303905192,0.42853990723985913,0.0,0.0,0.028264069902128264,0.1727182891252126,0.006866642463286943,0.12006381120658105,0.15436388342578788,0.02589720304772347,1.0,0.1491695191443151,0.3119478493089488,0.22254326006253056,0.17403682440816737,0.41379832106747316,0.0,0.028749788402148813,0.29398056670381123,0.0,0.14734981788112866,0.2830819225191066,0.15935928703716407,0.1509357592707279,0.308718299929186,0.02740197506585662,0.19938617111154244,0.44853957251847865,0.0,0.004184364236040183,0.0,0.0,0.167467008330063,0.18345931253540815,0.04622222944265819,0.13686615078474884,0.2814676159651932,0.030273797822675808,0.0,0.24715620344421063,0.14546128197128638,0.2957700935799886,0.27316782994557554,0.3552056739583537,0.33371062032016696,0.6863936451131473,0.24076190749976667,0.19263328718035932,0.13403912034354337,0.2125763201563139,0.15827396666826543,0.1494916848166693,0.19875321841299554,0.2520547976666184,0.028193372879114054,0.21797983385416442,0.4873371211550598,0.2623902225597654,0.16322048244311205,0.22552406791270496,0.1612147728399549,0.23636257178622655,0.24723790521204292,0.3001897575990512,0.2574334687083799,0.02402479835685256,0.16828721128332969,0.3675494955117863,0.21819461054365008,0.0029815900004596108,0.26543148211566236,0.24220439074181022,0.3452190264978532,0.33595600838177275,0.21040758952452676,0.26016601313572163,0.0,0.20468063188115482,0.19499371483416028,0.0,0.3349520066665791,0.15769392061149134,0.0049756378668429635,0.22735635202550553,0.4053446886840413,0.04091492656568274,0.08002496823706318,0.308718299929186,0.17791960578423915,0.0,0.016928839510903515,0.20937375366465139,0.21101427119020133,0.308718299929186,0.1241846051875033,0.2211412675518587,0.1611067485226807,0.0,0.22680017163215138,0.17685051239091565,0.025520691248795413,0.3133211260324238,0.0,0.34583652936912146,0.23516315204994231,0.004204774312784876,0.22794358420620364,0.025800832343301994,0.26287380425586315,0.023859731578831256,0.4904963926662884,0.39437880023775507,0.32193488667296777,0.1863679432966936
0.12026304906938001,0.05250169719522235,0.03698654085187858,0.2082437590634032,0.0,0.3816507930396371,0.0,0.2863516554230894,0.3623610936072612,0.0,0.276542439382798,0.30715362183433714,0.0,0.4684160870065468,0.18908356349195787,0.07801082991587338,0.0,0.15414233221816342,0.043922608710321054,0.19901512416765343,0.13801750058523676,0.0,0.0,0.0713840204202113,0.7122515049326565,0.011429733651809881,0.2780050497811215,0.08150246870852185,0.10601305705502961,0.1491695191443151,1.0,0.18366222426643097,0.1728441565134804,0.3957805367057725,0.15775918454009885,0.0,0.050555921802344694,0.18787010478888855,0.0,0.2746600507835424,0.4228557417211046,0.38660955891006255,0.13026645143292015,0.15665406546559868,0.0850621382078488,0.2890118010624929,0.41486966075891085,0.0,0.00745957391435037,0.0,0.0,0.5629931860320463,0.2341745124503376,0.15752439184933464,0.1541356494453363,0.2296787461928369,0.05352469086058542,0.0,0.16163110938562186,0.5856275479829836,0.1261640624709498,0.3632483940812492,0.3510608837102671,0.21958900441272478,0.29014727580505617,0.2702841503468434,0.24561132464059543,0.23038988424034912,0.31771302537600654,0.2936486395350144,0.26023384679380634,0.0732711464448359,0.378865942797343,0.04949725101783553,0.2045018553434259,0.19825476194630198,0.16596153731093644,0.19644612346424417,0.3934390983476629,0.17438883941155925,0.34798145311179196,0.18489893673871238,0.3010172441164083,0.303189308816876,0.26927330690314943,0.3987727361878719,0.40767183842943056,0.2581546148563447,0.07352148976166162,0.3900276892721898,0.18914494065384835,0.3234794676353556,0.1110724779644161,0.21527618488834366,0.13822167509883765,0.0,0.5112516375365185,0.10094232862113661,0.0,0.30312399836238524,0.18104059578377651,0.06287190160557465,0.40222031854735685,0.3197271193491362,0.333067587899037,0.19819213518538015,0.15665406546559868,0.1364379649049563,0.0,0.03184339877176445,0.25014494866510173,0.2146272853090221,0.15665406546559868,0.06995496176986404,0.1531163037956209,0.5255703661719843,0.0,0.21749825925677346,0.34947831809897334,0.23662594058992836,0.18779633601485313,0.0,0.2886581901001828,0.29159981062779716,0.008087199137896572,0.6147638784646251,0.2693061547204001,0.17823626871128728,0.15538315820008441,0.29363293792990186,0.2746730645644725,0.26228694080765025,0.46040410001454113
0.0,0.13314611452156844,0.04890189906160092,0.2872219552645576,0.0,0.23290628787053758,0.0,0.2605730072304602,0.2997463169030421,0.0,0.17973781709906111,0.17196745071783825,0.0,0.14554746097677385,0.20819704190891186,0.18362322835229694,0.0,0.3741614802300839,0.05846535033579159,0.3760500509001614,0.19703181592777186,0.0,0.0,0.2078175507070561,0.2104150570834129,0.016507360646149327,0.2001332812682537,0.11502255628537461,0.18556484846056964,0.3119478493089488,0.18366222426643097,1.0,0.1754558915211356,0.27532848584827385,0.6116093297107575,0.0,0.3898608463374167,0.3580339087980239,0.0,0.1741639838511354,0.24205644459849363,0.3898524698333873,0.41905469685267915,0.4468172185064203,0.0556947120772332,0.20935958795832832,0.46146135682409295,0.0,0.012941681675314176,0.0,0.0,0.3085784359070134,0.3660837015899491,0.17284119067441073,0.16698606535840899,0.2944327552054965,0.28358450359171994,0.0,0.15932752107190473,0.17974541694559687,0.39972890590578836,0.3319318533791117,0.3542279008752929,0.26201906660439833,0.5077532724582985,0.4606398705907344,0.26979186992321624,0.23759991708373085,0.24058495747776265,0.16307949838906488,0.1328385702935604,0.06250980010353913,0.29312583916599433,0.06082366184750865,0.22191808547111735,0.8664107539445239,0.8918828706176012,0.2128680598752345,0.2310523473025471,0.19309383615935094,0.2668294754249392,0.28535105054642673,0.5114721201257423,0.5398135602505597,0.12364271117862302,0.23561383842079064,0.580167700875584,0.27738637852373826,0.008496411884476474,0.2466788028433431,0.33406139962794335,0.3808710421591456,0.17535324250316686,0.21380082276958312,0.2207350551313938,0.0,0.2289772005481453,0.11106480006542985,0.0,0.2429852546567397,0.2841552074154763,0.012513840487076933,0.2649047597081662,0.2085824311222504,0.2415631062695095,0.0881590789864074,0.4468172185064203,0.16449238550083178,0.0,0.1327073746558356,0.4278988552006622,0.45009931422188754,0.4468172185064203,0.23083023128552105,0.2523913454336568,0.1846985188701905,0.0,0.21849088319900167,0.16975198888527532,0.05367213184736408,0.3768472583249911,0.0,0.2570995348456657,0.3278327140953068,0.013395766374432183,0.3355015912051198,0.06767496236991022,0.3331029398558021,0.18872030121906103,0.34242586244041706,0.3298448167179384,0.32605495226133185,0.23600869857654838
0.0,0.2130288470298567,0.049819950593800066,0.16611490122757466,0.0,0.26724243644655465,0.0,0.248956967316603,0.20829121391130034,0.0,0.20368698029840737,0.20318288707876098,0.0,0.17262585401428698,0.182041743756708,0.2539573371243591,0.0,0.23362724057804285,0.058546480876624285,0.1917121534592685,0.23296212472854383,0.0,0.0,0.23281811692700383,0.22390871624257946,0.013558553727355926,0.2722194303919381,0.057833146748897835,0.055179373948934574,0.22254326006253056,0.1728441565134804,0.1754558915211356,1.0,0.22643144056741082,0.2138120173857767,0.0,0.13130799101024215,0.28006785576875703,0.0,0.37348548064624065,0.31636720904423477,0.33359173768069383,0.34834085585880437,0.0945325750435454,0.10345325243696091,0.11501854301046022,0.184887059356575,0.0,0.010800252627789608,0.0,0.0,0.19352904916545843,0.1952164799150622,0.2163662404289627,0.1183073211840655,0.2137190937473873,0.11623433000245431,0.0,0.26513772178378137,0.1799883490329035,0.0765823722441844,0.3085416594503976,0.274178967786603,0.276756966499484,0.25710952489190975,0.32659466747751065,0.277151482712127,0.3805400814298676,0.3899946528469036,0.3018148235609577,0.28073781118700736,0.28071993198211953,0.42212684068343476,0.0592868750535227,0.3985797585555487,0.20481129488064265,0.13447855292724253,0.2983777601921631,0.3057586305604574,0.0980238654575335,0.36967005414737497,0.2604979309969728,0.3127985542635069,0.29944142352990355,0.1951768109497669,0.19257731404246792,0.3644969647793779,0.14607519429634852,0.007667443580026689,0.45083579135298235,0.32425421939942733,0.33384740030853144,0.24990998518093632,0.14125695566963448,0.19551041688020632,0.0,0.25059854089030553,0.14974272959249435,0.0,0.3242774239166726,0.24309453432367922,0.010301176024856251,0.212832042000916,0.2654163932894349,0.07517215859203075,0.10715668599579498,0.0945325750435454,0.1305189632285073,0.0,0.3562735314905887,0.30472933625115406,0.2965099306260024,0.0945325750435454,0.10594117498237232,0.29046802242208325,0.18376820662382531,0.0,0.1459855636788836,0.10612239320831607,0.11660561696601579,0.18074342473072325,0.0,0.25510856431804163,0.2060631912102755,0.01080884250810965,0.3179934438732053,0.06667539136340628,0.1761961559327374,0.06178366558629078,0.306074667814479,0.32744271255526525,0.2851606068877318,0.13963050677719313
0.0,0.008514448273268305,0.009119306735834054,0.008136163441611166,0.0,0.7105459743229048,0.0,0.2887809276493558,0.48035855258083315,0.0,0.08928287769935905,0.4450763938488993,0.0,0.5685144289729954,0.2938030501735187,0.012177249880370167,0.0,0.21235696111041769,0.01097424453939777,0.27826805447020186,0.17523917391211008,0.0,0.0,0.01142245243633988,0.5194128317624608,0.014004280677618497,0.14369960554352956,0.09849847669196155,0.010352553572333667,0.17403682440816737,0.3957805367057725,0.27532848584827385,0.22643144056741082,1.0,0.18111608961854953,0.0,0.01165565127022028,0.16148331989669307,0.0,0.27179394977445925,0.49899236000240543,0.5902636264819607,0.07556921769405756,0.3681826838502509,0.012928043652260968,0.1623004153566141,0.4818466586555744,0.0,0.010205513613804174,0.0,0.0,0.46168186328947436,0.34483756082853867,0.014708362999037994,0.17622427531563167,0.21629224324556173,0.012493952933253172,0.0,0.12348711282782288,0.3608833439584409,0.30454195469778966,0.40828313267474103,0.2754883149549223,0.28722989726738046,0.3339165892735152,0.3640840270477097,0.39190939835374616,0.25641581826026905,0.34137237678162125,0.2392524863155695,0.23866062932593823,0.013464074947084903,0.3869729772398174,0.011520538010314052,0.24806060060036816,0.22106808331991046,0.21129385224197028,0.23229994281642707,0.5181109254172239,0.27459537732554073,0.32681479955789594,0.25858836396782725,0.325844236959433,0.34949519978180743,0.010835467960186973,0.6232485220061231,0.4351974547034835,0.37770490455087746,0.006657766495385631,0.36698658765702974,0.18664855855870732,0.4194300436393692,0.13713326167873852,0.15487145641375488,0.10707109214366717,0.0,0.3867311358935417,0.09055331904411923,0.0,0.44750742981373803,0.23129655588999476,0.010351289108125883,0.4377449126006865,0.6366334054286777,0.015634548953692984,0.16991256085186457,0.3681826838502509,0.10179682154696557,0.0,0.00777515664487094,0.2752572998324627,0.24598544292060798,0.3681826838502509,0.21453848625341332,0.15446838474810998,0.48623762493531053,0.0,0.5797738939883115,0.16794178436625584,0.01013256303981569,0.29214074764190545,0.0,0.20734671129690763,0.19478378413606312,0.01049008614319824,0.7574668019459728,0.012783470828402144,0.41122715458254455,0.011407422379454246,0.3571272133290979,0.39719681840613297,0.34461718846322253,0.5023417169068171
0.0,0.32401255237712945,0.048166177728490855,0.043130065397710915,0.0,0.17073814130348763,0.0,0.3484356050462991,0.22498520366480568,0.0,0.2627513893562201,0.12393080009776347,0.0,0.09168035849238887,0.19895809178873847,0.1325741991467192,0.0,0.5782772613187593,0.05757278557406276,0.20606370379580696,0.16698616534430877,0.0,0.0,0.13775523742467166,0.15475113954594844,0.015154521204813975,0.23836045949593176,0.2749464160436317,0.13694890584062502,0.41379832106747316,0.15775918454009885,0.6116093297107575,0.2138120173857767,0.18111608961854953,1.0,0.0,0.5073186833395799,0.4560523826395315,0.0,0.2500731849075323,0.17521554991464683,0.513933140052179,0.537261763079517,0.29919818345852334,0.12506220603330098,0.2054568509075333,0.3438385468160359,0.0,0.08742784480041321,0.0,0.0,0.22714287315057402,0.3359628276066068,0.18497755592941245,0.21161645471548896,0.25622444093584673,0.4444548809332374,0.0,0.18791386447063252,0.16080846632368906,0.2693939649286783,0.1816990205077912,0.2604922236710563,0.3395261040802229,0.5137647533008765,0.5336699408589639,0.2584435752289267,0.32292410831348717,0.27328445636840293,0.26872187343410436,0.25957958531731373,0.15397698057266063,0.29929813907989433,0.058087965208504566,0.3213832748856992,0.5971355162368055,0.6138163130769477,0.17229972893560264,0.3125905078435218,0.12192605364624975,0.2753191903685904,0.29495916836336256,0.669447664670504,0.646258285771281,0.1628005262969865,0.24800564949767656,0.39707509938304586,0.17326749082370185,0.19208765994690502,0.31596463519920215,0.37438375908936283,0.31385038080163197,0.21923690277933294,0.16425063983064703,0.4048649593728726,0.0,0.23487999857220743,0.10475393340748651,0.0,0.15930379003459327,0.20929055696040066,0.01082450302603577,0.2907161913648807,0.16849191331151403,0.1701095558480099,0.2049068780596799,0.29919818345852334,0.2567648436063239,0.0,0.09225759033773284,0.2703264195682924,0.27415932073241145,0.29919818345852334,0.09917341254212741,0.26982478942888233,0.12962676725769307,0.0,0.1712742312302704,0.17265747408596777,0.12600024762358408,0.1827822358865031,0.0,0.3137136689549729,0.46732094708467387,0.011645655380153164,0.2380943378721323,0.06663149075905195,0.18734791803177164,0.21457935783248017,0.40588667332637574,0.28682133306704927,0.36305777555091034,0.1646405422207271
0.0,0.0,0.0,0.0,0.0,0.0,0.0,0.0,0.0,0.0,0.0,0.0,0.0,0.0,0.0,0.0,0.0,0.0,0.0,0.0,0.0,0.0,0.0,0.0,0.0,0.0,0.0,0.0,0.0,0.0,0.0,0.0,0.0,0.0,0.0,1.0,0.0,0.0,0.0,0.0,0.0,0.0,0.0,0.0,0.0,0.0,0.0,0.0,0.0,0.0,0.0,0.0,0.0,0.0,0.0,0.0,0.0,0.0,0.0,0.0,0.0,0.0,0.0,0.0,0.0,0.0,0.0,0.0,0.0,0.0,0.0,0.0,0.0,0.0,0.0,0.0,0.0,0.0,0.0,0.0,0.0,0.0,0.0,0.0,0.0,0.0,0.0,0.0,0.0,0.0,0.0,0.0,0.0,0.0,0.0,0.0,0.0,0.0,0.0,0.0,0.0,0.0,0.0,0.0,0.0,0.0,0.0,0.0,0.0,0.0,0.0,0.0,0.0,0.0,0.0,0.0,0.0,0.0,0.0,0.0,0.0,0.0,0.0,0.0,0.0,0.0,0.0,0.0,0.0,0.0,0.0,0.0,0.0
0.0,0.11274383476976801,0.07613854834277856,0.06821240556292019,0.0,0.0,0.0,0.06137392604122138,0.0,0.0,0.04654593088358028,0.01028142171100277,0.0,0.0,0.0,0.08498421391474009,0.0,0.5985925925925926,0.0909158724316893,0.0,0.05567033520880038,0.0,0.0,0.08541372393259439,0.0,0.018602007510826413,0.11441968742983866,0.0,0.07204717833667418,0.028749788402148813,0.050555921802344694,0.3898608463374167,0.13130799101024215,0.01165565127022028,0.5073186833395799,0.0,1.0,0.19698614923933944,0.0,0.18182838344004415,0.0,0.5134159973025314,0.5945916582586138,0.017103519238670817,0.17566059538416623,0.0,0.0,0.0,0.01452941116927342,0.0,0.0,0.061859002378960914,0.09707697889670952,0.268462225697762,0.06098436727396084,0.00932575467837815,0.7719986496456326,0.0,0.00704293917126253,0.039706094759907495,0.014248525461913908,0.13607145339201265,0.00922922075995758,0.0056460720872173464,0.021654501448688412,0.5205673963407673,0.16004208065317194,0.0960382391217558,0.10461251220754109,0.12362644300613512,0.13478896882683378,0.2214662928295592,0.09297936439970977,0.08610392875896189,0.21146000621285865,0.33182416965917216,0.4645538375228411,0.07713807586895138,0.005539320255607771,0.0,0.08141899084509663,0.05572113638290732,0.29928368486931767,0.36850487520147956,0.13433319653918097,0.008741738452665238,0.03418609852634247,0.0,0.008481547484258334,0.12534898889176005,0.20291243627655575,0.0,0.009214439621322734,0.0,0.28357805373666123,0.0,0.003680173230285244,0.037901111555433964,0.0,0.0,0.05567033520880038,0.014918420207869598,0.0575696759454829,0.0,0.10782504598397735,0.004180774922882158,0.017103519238670817,0.08628841586189528,0.0,0.06528539320033,0.04639870273621749,0.05219854057824469,0.017103519238670817,0.01783452354112769,0.18726775921190508,0.0,0.0,0.008351333025685914,0.006763060404855636,0.22380052362826175,0.0,0.0,0.019308621946498072,0.09829277943793224,0.016715930794558687,0.00777043418014689,0.10511011768014178,0.019011497198975325,0.08410054436107339,0.0,0.008147784513846568,0.0075318072911501055,0.010452072182554062
0.06967638054422176,0.11786162810288536,0.0283381980880395,0.05304174773309389,0.0,0.2297572697512219,0.0,0.4198219062393608,0.39906495854449764,0.0,0.24202887142761687,0.1642162217164319,0.0,0.13073857739715755,0.1893116686737899,0.09354105025738013,0.0,0.30401875909440457,0.03369995684647775,0.3354200342474467,0.19036332322984784,0.0,0.0,0.0800821519499948,0.22874829182409384,0.10336284212649272,0.3176985103147161,0.1872450978287985,0.06741394487426877,0.29398056670381123,0.18787010478888855,0.3580339087980239,0.28006785576875703,0.16148331989669307,0.4560523826395315,0.0,0.19698614923933944,1.0,0.0,0.3887411998439332,0.24405603648373442,0.2783226908932567,0.42463225267415816,0.23774704361190457,0.09000691035366293,0.22390378311124148,0.29764888157398794,0.0,0.006651570441349675,0.0,0.0,0.1704479025192831,0.4387035392417846,0.14938861437715,0.23141066906704788,0.3216690463426233,0.156870008228418,0.0,0.28428713919267,0.19151772551044788,0.1996080290661143,0.2759020928136753,0.3520136194058028,0.3102523076833955,0.43042564206589407,0.4475408750863049,0.3756606454292901,0.30557993049074494,0.4736189687138227,0.46564652057944445,0.3916720063914174,0.17043073142586118,0.3573555716392557,0.03624527592290405,0.30145696259477095,0.3900642531865417,0.31230220573385115,0.2958120827995153,0.2321605194966505,0.243736918536416,0.43866139411607663,0.333028658198844,0.5110848790691715,0.45057522076663203,0.11749533497475895,0.243301853298854,0.3706910996783428,0.20576333009422898,0.05769560379195571,0.41693596420228884,0.4090927573399423,0.311585474805088,0.2491001470177514,0.30544136537620326,0.493135344179918,0.0,0.2946541648826706,0.1647426679913755,0.0,0.30475734689964884,0.27927120710660547,0.064729987744499,0.28927598091885565,0.3887621925294711,0.0493390353333365,0.15381127961394347,0.23774704361190457,0.3625028924519066,0.0,0.05107473112999461,0.2803920462280953,0.2845308118525224,0.23774704361190457,0.17446976275541448,0.4094268348462623,0.18636508308973454,0.0,0.21721212313858917,0.30859121548154134,0.0935904207543995,0.2431123482262716,0.0,0.31658478635100273,0.38892747951068884,0.05783106404070315,0.2321737905652823,0.038828440696611066,0.21657295693595313,0.038405886908373876,0.4166648228323053,0.2722438781109222,0.3405862406660154,0.21190559510520024
0.0,0.0,0.0,0.0,0.0,0.0,0.0,0.0,0.0,0.0,0.0,0.0,0.0,0.0,0.0,0.0,0.0,0.0,0.0,0.0,0.0,0.0,0.0,0.0,0.0,0.0,0.0,0.0,0.0,0.0,0.0,0.0,0.0,0.0,0.0,0.0,0.0,0.0,1.0,0.0,0.0,0.0,0.0,0.0,0.0,0.0,0.0,0.0,0.0,0.0,0.0,0.0,0.0,0.0,0.0,0.0,0.0,0.0,0.0,0.0,0.0,0.0,0.0,0.0,0.0,0.0,0.0,0.0,0.0,0.0,0.0,0.0,0.0,0.0,0.0,0.0,0.0,0.0,0.0,0.0,0.0,0.0,0.0,0.0,0.0,0.0,0.0,0.0,0.0,0.0,0.0,0.0,0.0,0.0,0.0,0.0,0.0,0.0,0.0,0.0,0.0,0.0,0.0,0.0,0.0,0.0,0.0,0.0,0.0,0.0,0.0,0.0,0.0,0.0,0.0,0.0,0.0,0.0,0.0,0.0,0.0,0.0,0.0,0.0,0.0,0.0,0.0,0.0,0.0,0.0,0.0,0.0,0.0
0.0,0.32984025327306377,0.05175949162673077,0.2612322968583253,0.0,0.2732896828888318,0.0,0.4760589914723232,0.29252002653372344,0.0,0.31506510112626307,0.18852563377246745,0.0,0.24420908542224784,0.13246062591121,0.35876093156922195,0.0,0.2549146956301205,0.06153536637289292,0.14263297894348548,0.4542761204536099,0.0,0.0,0.34106599526125936,0.3849609104464494,0.014613575474043516,0.5453716084458152,0.06412590759954295,0.07721202479825406,0.14734981788112866,0.2746600507835424,0.1741639838511354,0.37348548064624065,0.27179394977445925,0.2500731849075323,0.0,0.18182838344004415,0.3887411998439332,0.0,1.0,0.264265511813344,0.4659184115492703,0.3756733982987357,0.11763271992826707,0.15792711591441178,0.09400051950437505,0.26280001640401074,0.0,0.011887402005371528,0.0,0.0,0.2982526541680548,0.3863831213007396,0.20005700530465975,0.31828402221904284,0.15377744266243332,0.1666706509336583,0.0,0.09637543670671922,0.2806473538577765,0.09563125017061724,0.5104855224403247,0.2866379410183101,0.2997724077267181,0.24495849919505508,0.3788510383879484,0.29732931754702663,0.5927161367567053,0.629384467030438,0.7101269333549051,0.557804974650068,0.6580961568954505,0.56956336955423,0.062004468966980975,0.5344918072440665,0.1834779030057887,0.16581140654809978,0.646719484480191,0.29593594774066534,0.3214790283078317,0.6016511976893308,0.4571049158590703,0.41900625218465815,0.6150187092652809,0.27740855241662654,0.429859010062108,0.45729113937003085,0.17785796493134387,0.008838170973233028,0.6676916678882354,0.6191246709357507,0.23432580187697838,0.10175154996810276,0.10861562672311897,0.24350691245445444,0.0,0.3862674758821767,0.08917988452561476,0.0,0.37433231738096984,0.6706616497773829,0.010660390431745603,0.24009126212452525,0.21534944640491216,0.10454791702193322,0.1338245420405323,0.11763271992826707,0.17112108577224783,0.0,0.19847818904081482,0.40134158720620516,0.38884872818493554,0.11763271992826707,0.06813599130474435,0.47538507841186894,0.29866123806351763,0.0,0.16485684976047943,0.09437285679358032,0.15933185580279707,0.13160072730612515,0.0,0.28424802837506213,0.2798104768955624,0.011326418876417277,0.4105565367712787,0.07086963097037924,0.13297578704790824,0.08738623308369009,0.23530414625622065,0.21229568450135516,0.21332550380682236,0.16778943484147424
0.0,0.0,0.0,0.0,0.0,0.4890729262396487,0.0,0.32952541572734984,0.46062580782195917,0.0,0.08924707840099444,0.4092513571280272,0.0,0.510060180638792,0.3608838936929575,0.0,0.0,0.2577742097806839,0.0,0.3449356274814581,0.18267732611163534,0.0,0.0,0.0,0.5963939834863964,0.0,0.13017364123718478,0.10547381992844795,0.0,0.2830819225191066,0.4228557417211046,0.24205644459849363,0.31636720904423477,0.49899236000240543,0.17521554991464683,0.0,0.0,0.24405603648373442,0.0,0.264265511813344,1.0,0.444814226393511,0.13298163510617178,0.2245693462813647,0.0,0.19897979729516846,0.47279240963369296,0.0,0.0,0.0,0.0,0.4933316986746221,0.25208984079223384,0.0,0.16271705154648108,0.29240800760845675,0.0,0.0,0.32630833699011585,0.40080935122089534,0.17735390426255182,0.3643287004562801,0.3767667014509486,0.3957173775640155,0.3760656242211272,0.4058051499755986,0.26580723494897485,0.2309137937704019,0.36028311722894635,0.2589371025881302,0.21545718720426077,0.0,0.4839133673914727,0.0,0.30073657807746446,0.27235238816918816,0.19888565970311078,0.21695606872864137,0.48880793999706373,0.26034728247436967,0.36332442491205086,0.22953272647240996,0.40970865755780816,0.3353029585211057,0.0,0.4944698035799555,0.5219060713862304,0.40733492270964855,0.0,0.4923934771344973,0.17402495224022196,0.5086017069661077,0.31419756523973175,0.20508532366147048,0.12270160751432524,0.0,0.42547296580210325,0.16667060324420668,0.0,0.5639894946861,0.21695606872864137,0.0,0.3588250706680063,0.4650160984803585,0.0,0.19007217037520752,0.2245693462813647,0.10300430019949924,0.0,0.0,0.2621225404007328,0.22946134718828115,0.2245693462813647,0.16176289678184586,0.17908181756565167,0.5692705868527687,0.0,0.3269334717220933,0.1479569200494394,0.0,0.3581636351313032,0.0,0.29770500678843237,0.3316478119453474,0.0,0.7183114454704319,0.0,0.32854837470100784,0.0,0.415204022558641,0.469410862144755,0.3817710680555655,0.4967365430777897
0.0,0.24114531871476208,0.04605327290304517,0.1451496988667158,0.0,0.46114349503797625,0.0,0.38581979443779657,0.3791798829257744,0.0,0.23987881268500533,0.31369511597097377,0.0,0.5039004807115776,0.18000842146053642,0.3198260578482517,0.0,0.42362861331784085,0.05452640701112166,0.1912502427938867,0.22971028913546943,0.0,0.0,0.287526254657795,0.5737982571575005,0.016183823173133827,0.3253080314613762,0.0689644098394836,0.05994587634476445,0.15935928703716407,0.38660955891006255,0.3898524698333873,0.33359173768069383,0.5902636264819607,0.513933140052179,0.0,0.5134159973025314,0.2783226908932567,0.0,0.4659184115492703,0.444814226393511,1.0,0.6319572957894476,0.23647069047359914,0.10783638513276128,0.09939399571624796,0.43569383846884735,0.0,0.012551408899787786,0.0,0.0,0.5373613986146547,0.33709240961435816,0.30019350533036415,0.26194993983970105,0.17181257702009545,0.36410073982446867,0.0,0.11074122380628704,0.3657854834301877,0.194423175924758,0.5190235197870033,0.2179233236111051,0.22635318997656872,0.33340660951808543,0.5836933162623414,0.3809339223346673,0.48113088395550707,0.48673941595745096,0.39479423167153826,0.36725362995862376,0.25022790235529735,0.4875978215926754,0.05743650817880919,0.3947805392150232,0.3411961493823221,0.36183985918069217,0.365505469612585,0.40240929677890613,0.16737495160635896,0.5512440481799347,0.3230530427519148,0.48208323142991727,0.513026773159666,0.20035378934296333,0.5335359519108659,0.48139932815608977,0.23706691642388278,0.008259658061340658,0.5026902021156694,0.3480856150230962,0.33458649415769515,0.12224550966175551,0.11473741816336436,0.2633414196435566,0.0,0.43653416780937904,0.08475849535779079,0.0,0.3358991139582741,0.2670188543963674,0.012306534188636697,0.36547697170139903,0.3892834847947667,0.08672082587038732,0.16169127130017202,0.23647069047359914,0.1318205120441086,0.0,0.11408658111831305,0.35477497622626997,0.32889654155080483,0.23647069047359914,0.14580678046781625,0.2627171714747931,0.4937620825101402,0.0,0.25919217546708007,0.12561330002995819,0.2074741299619457,0.1789091922892463,0.0,0.19375089143852542,0.24902596192408766,0.013025898011295833,0.7258766322828878,0.06255760242262076,0.2652562856678573,0.06344386019669612,0.3126882275444538,0.32985146009768607,0.2886551871710157,0.332621586483275
0.038700627168188007,0.3587246949206606,0.06542438710327547,0.18157121479391014,0.0,0.07476384696535732,0.0,0.30131828584566867,0.08603523921337775,0.0,0.3528693008091399,0.06377764617226933,0.0,0.03984505293820273,0.0751243680943785,0.38277227376507095,0.0,0.5356779713195289,0.0789545764539148,0.08552163491987219,0.21220111752433302,0.0,0.0,0.347361444662311,0.10667307499857559,0.018759667808120217,0.4053683810372043,0.04145310894728571,0.15206853684473454,0.1509357592707279,0.13026645143292015,0.41905469685267915,0.34834085585880437,0.07556921769405756,0.537261763079517,0.0,0.5945916582586138,0.42463225267415816,0.0,0.3756733982987357,0.13298163510617178,0.6319572957894476,1.0,0.04546389478584112,0.16702002646116532,0.08983172806698991,0.0613843809188197,0.0,0.015536520858918434,0.0,0.0,0.2312006384073475,0.1891499362738791,0.4099189410161803,0.25811323253611784,0.14643164573702427,0.5232845147142035,0.0,0.19792565255373418,0.17160916813776128,0.03760162837861225,0.31141914913338087,0.1832345745799806,0.15822106077084064,0.23429508701211144,0.6156543058207842,0.18143976947398288,0.4468775083005112,0.3892595538589074,0.31149894070550666,0.30234339291590895,0.3522775940081846,0.3463301317147802,0.07811514622657356,0.4685394260003857,0.4139251566637665,0.4167623069916049,0.379225944624213,0.1783125236853067,0.036396248692808664,0.3833361639477454,0.3194358444032279,0.5918525414609703,0.5600112054161913,0.33125202676309173,0.0691026063712431,0.25272250895974,0.05008384870838922,0.10969291084911126,0.35995719097068246,0.3751833042930971,0.1338573908964844,0.15079927932783488,0.1579363539708163,0.3964617458074262,0.0,0.1705309575463645,0.14845237060633265,0.0,0.11438066325156382,0.21559302044824802,0.03391524200061036,0.1752485447745845,0.1859066671862717,0.12675063547837184,0.08457741626141146,0.04546389478584112,0.2487726844605599,0.0,0.14366926009483527,0.26729874142885124,0.27285500574642274,0.04546389478584112,0.060212680389945095,0.2938743118456597,0.06833265313819714,0.0,0.052834831399635296,0.21683891846432612,0.28156352362908454,0.07469877966162208,0.0,0.20284091186865882,0.3255371026869365,0.014476277223787304,0.10745095877426558,0.09225148831142294,0.08447522881663472,0.10932317571738115,0.2000334318550322,0.17756316657394478,0.16142965110814034,0.08966429621171745
0.0,0.009510329494086145,0.014910882124434699,0.013330583766327009,0.0,0.26859126523366594,0.0,0.21169522898394477,0.3129668555924652,0.0,0.08998113563444943,0.20099694509923938,0.0,0.21441532736318836,0.3076964010921348,0.016483400375627344,0.0,0.1581240803557351,0.017874984146798445,0.3625596193706402,0.2781356874653712,0.0,0.0,0.016768614061108522,0.2095155938089598,0.018250163874039993,0.09123366569849323,0.10305994014663311,0.013046521417918955,0.308718299929186,0.15665406546559868,0.4468172185064203,0.0945325750435454,0.3681826838502509,0.29919818345852334,0.0,0.017103519238670817,0.23774704361190457,0.0,0.11763271992826707,0.2245693462813647,0.23647069047359914,0.04546389478584112,1.0,0.017610463112689212,0.10199662375903817,0.5859397779320474,0.0,0.01326336567104791,0.0,0.0,0.2087530040606519,0.3429686731828824,0.0177965011985719,0.12237668577246175,0.22454602637076493,0.018170975929174937,0.0,0.10074938699603753,0.14809918288683743,0.8272267037360349,0.11098612636104721,0.2857682343557699,0.2685022337158194,0.4931877931059818,0.16792740693973462,0.2502548309004339,0.10237305351947146,0.1853876269896496,0.12180073351839504,0.1003614044656217,0.01679612659273988,0.18418357679088337,0.01672854117070366,0.2114256313680115,0.3843300762639983,0.4138953783285493,0.19873121737426713,0.21388921649545822,0.2879538070384273,0.17954577488057866,0.2908510740271577,0.27617833211235543,0.3282813607516306,0.013498853520491183,0.2879014925266502,0.4866528598652644,0.3933218570459064,0.006944946766576088,0.20163402431800925,0.3338942954553372,0.3323366615598651,0.15850885932389713,0.14399258415751226,0.07750018558504179,0.0,0.19423187465377179,0.05822635965808742,0.0,0.2629004648458756,0.19681226331577695,0.015178626484372737,0.16814308780409926,0.22165528160243708,0.0212307962787166,0.07560994690351175,0.9969135802469136,0.1293322087606551,0.0,0.012748678670538305,0.16157304080193624,0.15961922838413245,0.9969135802469136,0.22283070060650378,0.09916705616627575,0.20612364522143745,0.0,0.24861584020788252,0.17932441713820912,0.014910882124434699,0.30598987127711474,0.0,0.20823813595361973,0.1950170222595281,0.017103519238670817,0.36900900676258985,0.02074419889896928,0.6732338622742478,0.014781392588011144,0.3036633268840454,0.342119414059866,0.35211159170823003,0.2605687881154336
0.0,0.0976370475414684,0.061226873303065754,0.11620993766902488,0.0,0.0,0.0,0.08323033121852008,0.0,0.0,0.06298752492191395,0.011224879154005496,0.0,0.0,0.0,0.1055243367253541,0.0,0.1034248134882435,0.07322135364116833,0.0,0.06737942775792238,0.0,0.0,0.10235947805374868,0.0,0.019899626246351998,0.14676101643664752,0.0,0.13581750771131518,0.02740197506585662,0.0850621382078488,0.0556947120772332,0.10345325243696091,0.012928043652260968,0.12506220603330098,0.0,0.17566059538416623,0.09000691035366293,0.0,0.15792711591441178,0.0,0.10783638513276128,0.16702002646116532,0.017610463112689212,1.0,0.0,0.0,0.0,0.15207400776061242,0.0,0.0,0.07492729471530135,0.09879237565869159,0.1732892421974762,0.07834653886880727,0.010569684048360894,0.14520511796024915,0.0,0.008890667998371238,0.0701912730065486,0.014597504192458532,0.09155261595075803,0.01033604655150111,0.006865221949295952,0.021803532355865518,0.04989315629133673,0.11799369676607163,0.09596369727313092,0.09205744588654952,0.11063186660601843,0.11517058319870199,0.18038700712239308,0.1643869656681498,0.07290187883879973,0.1452719500149492,0.046578457491754266,0.06210460998900569,0.09361250865157567,0.006719215377150478,0.0,0.07814564069908814,0.06992577290118607,0.06130781831556409,0.0987381798508492,0.3602802315890963,0.010293583450601052,0.044855452882356706,0.0,0.09443011254163924,0.2133413944080078,0.15927737231096772,0.0,0.01032815925874675,0.0,0.21429011638669004,0.0,0.004285957958246711,0.1415453259894488,0.0,0.0,0.06737942775792238,0.015389046968058095,0.06961209626579534,0.0,0.18822087912841723,0.07981672919913418,0.017610463112689212,0.2447921986601056,0.0,0.052441003789499896,0.043700204393219755,0.04855578265913307,0.017610463112689212,0.018758459564452434,0.16572151724167228,0.0,0.0,0.009501064029839745,0.007923955006406636,0.1601449839577439,0.0,0.0,0.034942425333061244,0.038384974645545245,0.017199622769605516,0.0090496305565827,0.08477757980268996,0.019641292302419955,0.15340521157122033,0.0,0.009820646151209922,0.15161120913892112,0.011964321689924007
0.13434795734938743,0.14884703738569816,0.0,0.0,0.0,0.19314598498061897,0.0,0.36410086853026913,0.2746782519542259,0.0,0.26365116562293456,0.16695115651011294,0.0,0.0886485749974647,0.12654289364362514,0.0,0.0,0.09490717023271888,0.0,0.34838576142143585,0.1410417508869829,0.0,0.0,0.0,0.31836861409643646,0.0,0.20220226579673806,0.44533069925738666,0.05771488555639648,0.19938617111154244,0.2890118010624929,0.20935958795832832,0.11501854301046022,0.1623004153566141,0.2054568509075333,0.0,0.0,0.22390378311124148,0.0,0.09400051950437505,0.19897979729516846,0.09939399571624796,0.08983172806698991,0.10199662375903817,0.0,1.0,0.23643797081320517,0.0,0.22159011878988388,0.0,0.0,0.10731219200848752,0.16732591898039995,0.0,0.07778233689398939,0.35147897954545004,0.0,0.0,0.3525977462729568,0.291397355482917,0.14025012191261843,0.12155870339269759,0.4704085822500288,0.22649355399413162,0.2912769052339621,0.14735108093186988,0.12292612657872659,0.15026201717142484,0.17976489618096325,0.18441630725858227,0.18128022006248312,0.0,0.2950585003112207,0.0,0.10846533740882158,0.27430600254603665,0.09295934291155727,0.10000586172084358,0.27866937899099264,0.1166735053409842,0.23754279911788312,0.23946340548704503,0.28991517542341083,0.1442426479688136,0.1796349911775279,0.23106027612345914,0.3166985974412847,0.17301248587880913,0.26594503767632005,0.18926135943648525,0.13158365782769443,0.36681730175516203,0.24773395597635794,0.37453780228536016,0.1269351125618431,0.0,0.3580713566113425,0.11528734402288965,0.0,0.18871275040110325,0.10000586172084358,0.07041694754527428,0.4340280999052273,0.231179332075657,0.0,0.2634186619997072,0.10199662375903817,0.2478397009191411,0.0,0.0,0.19905466826583007,0.19822086653970794,0.10199662375903817,0.08634821106086954,0.17830901608679384,0.18222008292994685,0.0,0.17817267498882294,0.37036617756049206,0.0,0.32689986282578876,0.0,0.31234686724082406,0.37408237716224724,0.0,0.24773175322150143,0.0,0.15271891792739312,0.0,0.39693243411607426,0.2620402600085159,0.26602208617451795,0.2333558947967589
0.0,0.0,0.0,0.0,0.0,0.5055875308770695,0.0,0.36247056056243776,0.47623637465529356,0.0,0.15998361215212253,0.3808581860434572,0.0,0.5956088012844495,0.30595898388474896,0.0,0.0,0.20397265592316605,0.0,0.46307438619642194,0.2901854907302557,0.0,0.0,0.0,0.6077372826024231,0.0,0.12651058045360075,0.19198033458254704,0.0,0.44853957251847865,0.41486966075891085,0.46146135682409295,0.184887059356575,0.4818466586555744,0.3438385468160359,0.0,0.0,0.29764888157398794,0.0,0.26280001640401074,0.47279240963369296,0.43569383846884735,0.0613843809188197,0.5859397779320474,0.0,0.23643797081320517,1.0,0.0,0.0,0.0,0.0,0.497843592910693,0.23118418371513338,0.0,0.16265646058320105,0.316136272861969,0.0,0.0,0.13091091971197244,0.3813888035857791,0.5891098984637836,0.39707253418963306,0.2789952544452734,0.26107765739169464,0.5205223882227741,0.311428250528092,0.35715472917347957,0.21370362902420847,0.3194300112977406,0.2744792881283078,0.25565961759870937,0.0,0.3850156690944124,0.0,0.2447671871077992,0.46526418264792657,0.46317478780058363,0.22771904481648142,0.40245615657667244,0.28464880602060183,0.4053254796649759,0.2572945562196163,0.34685368650028947,0.39007143594923044,0.0,0.48740369472578515,0.6588244794235516,0.40192260848357353,0.0,0.4074100002135208,0.3970069609719288,0.518082524080699,0.19296725117666447,0.23553035113973653,0.11683514642354242,0.0,0.42980516318963136,0.08237679364950401,0.0,0.404866775074354,0.22771904481648142,0.0,0.3118457882930663,0.39081134839470244,0.0,0.16117931147239395,0.5859397779320474,0.1989293343959898,0.0,0.0,0.3275076791020878,0.2984824798328476,0.5859397779320474,0.11913847039143821,0.21016708516729343,0.5836555192738754,0.0,0.42235571149828743,0.18714996242642035,0.0,0.4728759416264102,0.0,0.23726868079070607,0.29315108145554714,0.0,0.6342853593471839,0.0,0.2835796633932066,0.0,0.4528298504122217,0.3470875457640894,0.3663255784935242,0.291307828265567
0.0,0.0,0.0,0.0,0.0,0.0,0.0,0.0,0.0,0.0,0.0,0.0,0.0,0.0,0.0,0.0,0.0,0.0,0.0,0.0,0.0,0.0,0.0,0.0,0.0,0.0,0.0,0.0,0.0,0.0,0.0,0.0,0.0,0.0,0.0,0.0,0.0,0.0,0.0,0.0,0.0,0.0,0.0,0.0,0.0,0.0,0.0,1.0,0.0,0.0,0.0,0.0,0.0,0.0,0.0,0.0,0.0,0.0,0.0,0.0,0.0,0.0,0.0,0.0,0.0,0.0,0.0,0.0,0.0,0.0,0.0,0.0,0.0,0.0,0.0,0.0,0.0,0.0,0.0,0.0,0.0,0.0,0.0,0.0,0.0,0.0,0.0,0.0,0.0,0.0,0.0,0.0,0.0,0.0,0.0,0.0,0.0,0.0,0.0,0.0,0.0,0.0,0.0,0.0,0.0,0.0,0.0,0.0,0.0,0.0,0.0,0.0,0.0,0.0,0.0,0.0,0.0,0.0,0.0,0.0,0.0,0.0,0.0,0.0,0.0,0.0,0.0,0.0,0.0,0.0,0.0,0.0,0.0
0.0,0.2016623601198001,0.011071061670279048,0.009779845104916252,0.0,0.0,0.0,0.1623756729230017,0.0,0.0,0.05734378068702983,0.007722798077630211,0.0,0.0,0.0,0.014878959647177004,0.0,0.007749019290279158,0.013578827253542314,0.0,0.008067253225255366,0.0,0.0,0.014208001486290533,0.0,0.016835551727282128,0.15207088626023968,0.40982266552935487,0.011867065657154341,0.004184364236040183,0.00745957391435037,0.012941681675314176,0.010800252627789608,0.010205513613804174,0.08742784480041321,0.0,0.01452941116927342,0.006651570441349675,0.0,0.011887402005371528,0.0,0.012551408899787786,0.015536520858918434,0.01326336567104791,0.15207400776061242,0.22159011878988388,0.0,0.0,1.0,0.0,0.0,0.009097930210026695,0.016124138167616597,0.017757145849418232,0.010257496084367101,0.00846885323535096,0.015569431054134664,0.0,0.2041938870489053,0.005949276507202006,0.010756337633673896,0.006743496320965048,0.008540407812226869,0.004294490826814212,0.00910257007572779,0.009117144584081083,0.011559431335504411,0.0905716241360719,0.00798439371222881,0.046989736928139236,0.06495799284349779,0.01628740094180836,0.13782094292946234,0.014177270272269782,0.010844443676927829,0.008386584010023457,0.011741217614032795,0.011779416610570248,0.004793643678560611,0.0,0.007179480945391781,0.09481288215177697,0.08552765364433934,0.009230106453627984,0.12713018579433144,0.13407901262456634,0.008712538896107125,0.0,0.38338778152507236,0.06939413112757897,0.012134257526673409,0.0,0.10419661674671754,0.0,0.04970180556473247,0.0,0.0036038479464204354,0.15073255815837316,0.0,0.0,0.008067253225255366,0.012705054053465004,0.0027936301745649095,0.0,0.01987644996409832,0.13942908630666206,0.01326336567104791,0.14352762486831638,0.0,0.009312100581883032,0.008204350409229622,0.009229894210383338,0.01326336567104791,0.01524179021282901,0.014660500145703748,0.0,0.0,0.0062852483263940995,0.006185751516398996,0.012454944379063915,0.0,0.0,0.0478914778871522,0.09324049404944612,0.012915032150465189,0.006803675742536153,0.016119340846850183,0.015016363272045141,0.013070636022756155,0.0,0.006435584259447902,0.08170346647967963,0.008129891547316026
0.0,0.0,0.0,0.0,0.0,0.0,0.0,0.0,0.0,0.0,0.0,0.0,0.0,0.0,0.0,0.0,0.0,0.0,0.0,0.0,0.0,0.0,0.0,0.0,0.0,0.0,0.0,0.0,0.0,0.0,0.0,0.0,0.0,0.0,0.0,0.0,0.0,0.0,0.0,0.0,0.0,0.0,0.0,0.0,0.0,0.0,0.0,0.0,0.0,1.0,0.0,0.0,0.0,0.0,0.0,0.0,0.0,0.0,0.0,0.0,0.0,0.0,0.0,0.0,0.0,0.0,0.0,0.0,0.0,0.0,0.0,0.0,0.0,0.0,0.0,0.0,0.0,0.0,0.0,0.0,0.0,0.0,0.0,0.0,0.0,0.0,0.0,0.0,0.0,0.0,0.0,0.0,0.0,0.0,0.0,0.0,0.0,0.0,0.0,0.0,0.0,0.0,0.0,0.0,0.0,0.0,0.0,0.0,0.0,0.0,0.0,0.0,0.0,0.0,0.0,0.0,0.0,0.0,0.0,0.0,0.0,0.0,0.0,0.0,0.0,0.0,0.0,0.0,0.0,0.0,0.0,0.0,0.0
0.0,0.0,0.0,0.0,0.0,0.0,0.0,0.0,0.0,0.0,0.0,0.0,0.0,0.0,0.0,0.0,0.0,0.0,0.0,0.0,0.0,0.0,0.0,0.0,0.0,0.0,0.0,0.0,0.0,0.0,0.0,0.0,0.0,0.0,0.0,0.0,0.0,0.0,0.0,0.0,0.0,0.0,0.0,0.0,0.0,0.0,0.0,0.0,0.0,0.0,1.0,0.0,0.0,0.0,0.0,0.0,0.0,0.0,0.0,0.0,0.0,0.0,0.0,0.0,0.0,0.0,0.0,0.0,0.0,0.0,0.0,0.0,0.0,0.0,0.0,0.0,0.0,0.0,0.0,0.0,0.0,0.0,0.0,0.0,0.0,0.0,0.0,0.0,0.0,0.0,0.0,0.0,0.0,0.0,0.0,0.0,0.0,0.0,0.0,0.0,0.0,0.0,0.0,0.0,0.0,0.0,0.0,0.0,0.0,0.0,0.0,0.0,0.0,0.0,0.0,0.0,0.0,0.0,0.0,0.0,0.0,0.0,0.0,0.0,0.0,0.0,0.0,0.0,0.0,0.0,0.0,0.0,0.0
0.0,0.34698206635593987,0.04839779603023686,0.0626826974727075,0.0,0.43617233490244234,0.0,0.39054649268773767,0.4076562303081688,0.0,0.32416669715690616,0.3223695945850782,0.0,0.6245547826753957,0.25211141798927716,0.5383417498458931,0.0,0.1842583187290121,0.0572739656772574,0.24876890520956685,0.17205049753313606,0.0,0.0,0.588867617672079,0.622664242316767,0.013394307126272986,0.39211211697103776,0.057851117618005876,0.07226610800154576,0.167467008330063,0.5629931860320463,0.3085784359070134,0.19352904916545843,0.46168186328947436,0.22714287315057402,0.0,0.061859002378960914,0.1704479025192831,0.0,0.2982526541680548,0.4933316986746221,0.5373613986146547,0.2312006384073475,0.2087530040606519,0.07492729471530135,0.10731219200848752,0.497843592910693,0.0,0.009097930210026695,0.0,0.0,1.0,0.25935665183117673,0.4436368862943414,0.3469646196670828,0.20423314355459543,0.06540811875022501,0.0,0.10902792087587554,0.49136740290959335,0.16813488887069483,0.4041406409670161,0.2282588101847225,0.2470026609488707,0.2880681671773153,0.3080062793249594,0.28578149525714247,0.5429561010930016,0.4545194551813948,0.2811938488229029,0.23951750094450164,0.0819547849458302,0.3954276885582413,0.06058636304065945,0.43034718534501737,0.3074104487353544,0.3123208538885365,0.4320065485943192,0.4029346507706363,0.2325184525487457,0.486546554134349,0.312758630995442,0.3826545225477689,0.34013096477426163,0.34716573088766767,0.4651727626852571,0.4653830429362573,0.34420615314179304,0.005351345877727565,0.42806813024088053,0.19323698407222567,0.36969082015469223,0.12326477393339264,0.12705282359498127,0.11289115560594754,0.0,0.38308289491936576,0.07515325000730766,0.0,0.36374879803486226,0.22535798833290077,0.010626646382382865,0.2783081221447974,0.3234764512542595,0.1157516667090337,0.14518040487926864,0.2087530040606519,0.09632121844710284,0.0,0.1893678432275795,0.36389594707486816,0.3381574506004993,0.2087530040606519,0.08721883884365123,0.17053318113077254,0.5798767228684623,0.0,0.2609017174793685,0.09417529018485304,0.4656100049401922,0.2503951146864707,0.0,0.2691578127169699,0.2279243226618407,0.010554987884054623,0.6830295786047433,0.35001187511615495,0.23750264413261413,0.07525359743981197,0.2856859479674816,0.3138496248669247,0.2884313402081934,0.4891916001417238
0.0,0.07086824790329793,0.03713775075678616,0.05487677129616053,0.0,0.23307690453519458,0.0,0.29908421316285594,0.31959005375792116,0.0,0.13257933403261601,0.2186551736182949,0.0,0.1763481119453184,0.25252221614180415,0.06799458511863465,0.0,0.2586057534862318,0.04469512575177126,0.24843635595274272,0.4127620072085638,0.0,0.0,0.061076372629422004,0.22950683301565866,0.019472458029418216,0.3132076968032197,0.09922478759892017,0.2937498264033048,0.18345931253540815,0.2341745124503376,0.3660837015899491,0.1952164799150622,0.34483756082853867,0.3359628276066068,0.0,0.09707697889670952,0.4387035392417846,0.0,0.3863831213007396,0.25208984079223384,0.33709240961435816,0.1891499362738791,0.3429686731828824,0.09879237565869159,0.16732591898039995,0.23118418371513338,0.0,0.016124138167616597,0.0,0.0,0.25935665183117673,1.0,0.1685944869629159,0.33817715151812067,0.2189677063581985,0.08432592624922097,0.0,0.12122062617633311,0.23517541394230945,0.2815931206055373,0.1915151293186521,0.37738842151360075,0.38586477490210314,0.309125403894534,0.3374337765948181,0.2761405067368523,0.2917871759061499,0.37953585508612175,0.31543549935721427,0.18068419677531877,0.11682983791621859,0.2779757279636512,0.048101226185177426,0.29849326114160624,0.29779929655210224,0.30057303297009896,0.40279553852028904,0.23646920840350294,0.4006048262234788,0.3298847569501425,0.4207006928300556,0.3847783811895005,0.38731300102450583,0.1945418875510715,0.43092460535611776,0.3671597556859967,0.33163426335320456,0.01144672647684808,0.30669666251713856,0.27372932554651985,0.2700336577686384,0.13083591381092796,0.1640741370926111,0.26432737019493835,0.0,0.2319327983281827,0.10304848728628546,0.0,0.3764861453845276,0.38925183452303347,0.014062726440026485,0.32022431856976263,0.19251281546759902,0.23602352123963188,0.128597850833293,0.3429686731828824,0.14150843735401353,0.0,0.09303101300300631,0.2660881961135768,0.2714819928058074,0.3429686731828824,0.21143506040478321,0.2628872860159627,0.2247358034701329,0.0,0.18883942802832543,0.19803088880816644,0.08939386457987752,0.2509888784705998,0.0,0.3015572008299001,0.22023186127142824,0.015495580320446956,0.37003967744088495,0.05208122847968677,0.3850045615179133,0.17515889130428453,0.2245243424956932,0.3227501836176394,0.31812502537263543,0.2716993965557094
0.0,0.4006533929331637,0.07867108766280917,0.10098568008481856,0.0,0.0,0.0,0.2558992985863108,0.0,0.0,0.36263540322639165,0.012363683738754294,0.0,0.0,0.0,0.4880282198984216,0.0,0.20691842075750821,0.09469542410046616,0.0,0.09645026886945507,0.0,0.0,0.47783296410416365,0.0,0.021282132262722686,0.4022677890269921,0.0,0.17619331514568481,0.04622222944265819,0.15752439184933464,0.17284119067441073,0.2163662404289627,0.014708362999037994,0.18497755592941245,0.0,0.268462225697762,0.14938861437715,0.0,0.20005700530465975,0.0,0.30019350533036415,0.4099189410161803,0.0177965011985719,0.1732892421974762,0.0,0.0,0.0,0.017757145849418232,0.0,0.0,0.4436368862943414,0.1685944869629159,1.0,0.5752877438295808,0.012687071917564352,0.24617043786711046,0.0,0.012458510216489582,0.14107866995554874,0.014707798343426837,0.1823532170691946,0.012158786389804721,0.009085892769254866,0.03280595063376934,0.07232037934236124,0.199141622606114,0.3933754178291541,0.33099310687647765,0.14968528591088248,0.16728470425710917,0.22184956352678342,0.12952380863444046,0.09157746968269831,0.5524895121596922,0.15546987950706648,0.19001874161974786,0.5039683535228544,0.009120616048466035,0.0,0.29160765599968896,0.4116137358886547,0.14906001130564117,0.18487640352147905,0.4366257125589831,0.012748378668225535,0.07132235471336368,0.0,0.012350256228722545,0.13184863604992925,0.21814277914174496,0.0,0.01216825578007008,0.0,0.22009958795392415,0.0,0.0056447993621361325,0.05435159314611471,0.0,0.0,0.09645026886945507,0.015620388476696445,0.09859333721213315,0.0,0.1672379276352427,0.00688371176206759,0.0177965011985719,0.13713568018008682,0.0,0.12277911916376072,0.20059402045907482,0.21731018883066444,0.0177965011985719,0.019517039433541328,0.2181019127119782,0.0,0.0,0.011164835413959073,0.010199902714902898,0.6686055190724647,0.0,0.0,0.07930706769726215,0.08368070413966389,0.01737378602277706,0.011314125383875329,0.214572566094692,0.019893831760124936,0.1488669681310334,0.0,0.012659711120079575,0.011419128555848479,0.014110924397487734
0.0,0.4207603129930011,0.04768660979974715,0.061183179596083326,0.0,0.17126041387516733,0.0,0.40448651791823476,0.26834188625102495,0.0,0.3160051022693916,0.11882930838440009,0.0,0.09850870582391968,0.14090211979443157,0.340182487947174,0.0,0.13984860738642602,0.057430686683689114,0.15467620130929838,0.12961545656076678,0.0,0.0,0.3190950212400513,0.17359679542944795,0.014076263332026051,0.43859697294509925,0.15003427941068503,0.07794175616355692,0.13686615078474884,0.1541356494453363,0.16698606535840899,0.1183073211840655,0.17622427531563167,0.21161645471548896,0.0,0.06098436727396084,0.23141066906704788,0.0,0.31828402221904284,0.16271705154648108,0.26194993983970105,0.25811323253611784,0.12237668577246175,0.07834653886880727,0.07778233689398939,0.16265646058320105,0.0,0.010257496084367101,0.0,0.0,0.3469646196670828,0.33817715151812067,0.5752877438295808,1.0,0.15835988630923192,0.06539147071598539,0.0,0.08860185813602472,0.15671600335162084,0.09963124903665599,0.10489977344018608,0.2949774793231994,0.3969792485175857,0.19669171096911398,0.3139070353251603,0.12156530173344471,0.5143020480983448,0.4606359812981211,0.30158824211725865,0.1696774651752353,0.08596923769161602,0.17776848929512534,0.060275214728589654,0.38782333655513,0.17929917579885446,0.15164194448281554,0.6209532546802307,0.19690271211382138,0.3958024691358024,0.43114418711334124,0.4595122124243367,0.34913223487172995,0.32646688771669985,0.18536213385357891,0.4100638829835317,0.22777751241688526,0.18767532213453386,0.18823140126335647,0.24258411941830127,0.160023101948906,0.2138596403401538,0.0977013265145722,0.10011316565241035,0.10960165616965623,0.0,0.2036155685293204,0.06758906408501186,0.0,0.35846890347134963,0.38550912668635684,0.010391360036499875,0.18962042009140323,0.14423196255436044,0.11781510747093271,0.12617897404007783,0.12237668577246175,0.08802744279200936,0.0,0.040635102608093,0.12888176934763884,0.12217306237094494,0.12237668577246175,0.06009258313628463,0.1544938240977235,0.13483244602943367,0.0,0.11700361161256456,0.07829120829019376,0.2829244709101435,0.140008206409181,0.0,0.2703504679924734,0.232632186269222,0.010535820953301078,0.25428513796213803,0.06694912591878499,0.1381787013657072,0.21913350081353822,0.19241963736193335,0.1648732464552114,0.19849855487532608,0.1781070212362873
0.08793553042356683,0.007653047736890239,0.007198473831854679,0.006454354342010915,0.0,0.2919208669272897,0.0,0.351648074367224,0.37653432293802314,0.0,0.3706417963837485,0.3570395079031099,0.0,0.16811944841393167,0.373380374669933,0.009987924602988807,0.0,0.30528512908851735,0.0085863893923388,0.47069115628618774,0.2083682389808189,0.0,0.0,0.009144806152973084,0.283724259368934,0.1890547719305642,0.17010733251851984,0.2552257151135867,0.04441135333218316,0.2814676159651932,0.2296787461928369,0.2944327552054965,0.2137190937473873,0.21629224324556173,0.25622444093584673,0.0,0.00932575467837815,0.3216690463426233,0.0,0.15377744266243332,0.29240800760845675,0.17181257702009545,0.14643164573702427,0.22454602637076493,0.010569684048360894,0.35147897954545004,0.316136272861969,0.0,0.00846885323535096,0.0,0.0,0.20423314355459543,0.2189677063581985,0.012687071917564352,0.15835988630923192,1.0,0.00999002385697545,0.0,0.38036894162629786,0.22615507581708372,0.22598812260550938,0.14033061534364055,0.5978834477321581,0.43632620169183123,0.38456934740704396,0.22621428448350167,0.2162930260595315,0.13965641823452857,0.25643683065717515,0.20714550003312882,0.19788046849615237,0.011440219043102662,0.23972479998869967,0.009243953098983515,0.3399442622162494,0.3647512864136593,0.18428079428676858,0.19237781230258622,0.37516390410082767,0.2067158066209267,0.2980682921924096,0.26539023652725513,0.2814042355415953,0.22149035737131162,0.038164838472417584,0.21095601741328007,0.3997334614596939,0.30791383471497413,0.061546353326766945,0.258886979584503,0.16862732760766364,0.6288655481710298,0.26862231989053587,0.4808106984443723,0.2334024860300088,0.0,0.3511087907296029,0.16689599671641975,0.0,0.25793743432359173,0.18998651971322023,0.4863560546839598,0.36394456019464694,0.28725213740572353,0.012729336508007894,0.19678535990538992,0.22454602637076493,0.32603776147238284,0.0,0.0061795186254394174,0.3040056484573901,0.31115067321249934,0.22454602637076493,0.16105569742092385,0.28030774024855176,0.24312746260483498,0.0,0.26682748240603715,0.4386740763445892,0.008140890534697354,0.4374355217459529,0.0,0.5698359508719817,0.43172094952036244,0.07735467849667266,0.30234421735681605,0.00992209418683132,0.2834901152345761,0.009408551904994789,0.5264713214738446,0.41494606341835594,0.5078201791102327,0.4210584329058913
0.0,0.09582050599330272,0.0801446432939319,0.07140163057081617,0.0,0.0,0.0,0.052725032058433374,0.0,0.0,0.050431269271186574,0.01078634820824731,0.0,0.0,0.0,0.09092590699394487,0.0,0.4180680555189752,0.0967167731165004,0.0,0.05852029558612826,0.0,0.0,0.09114057125426156,0.0,0.020080603554552878,0.09775161781714736,0.0,0.07704034206876187,0.030273797822675808,0.05352469086058542,0.28358450359171994,0.11623433000245431,0.012493952933253172,0.4444548809332374,0.0,0.7719986496456326,0.156870008228418,0.0,0.1666706509336583,0.0,0.36410073982446867,0.5232845147142035,0.018170975929174937,0.14520511796024915,0.0,0.0,0.0,0.015569431054134664,0.0,0.0,0.06540811875022501,0.08432592624922097,0.24617043786711046,0.06539147071598539,0.00999002385697545,1.0,0.0,0.007668091487461837,0.04229251782452492,0.01497795762447407,0.10738053621988475,0.009897692291442772,0.005952833800930146,0.023067452214872386,0.4052486684179438,0.1353479429493969,0.08695134004209437,0.09359386416457205,0.1138770415570527,0.12060802126453207,0.19783702201350128,0.08107543947729334,0.09182575934411241,0.16738764267002992,0.2405207678719501,0.33672907502073013,0.08277683269853031,0.0059412547613427735,0.0,0.07444579478752034,0.06041798003143806,0.2304168948141938,0.26597207179705884,0.11299868206240882,0.009300606228020536,0.03606416652098621,0.0,0.009006144497877844,0.10987388649261876,0.17691403241233594,0.0,0.009878832715121466,0.0,0.3436057516965906,0.0,0.003963882628611026,0.04009823454868677,0.0,0.0,0.05852029558612826,0.015815813301592874,0.04534521795824631,0.0,0.11773805047440766,0.004476785030571473,0.018170975929174937,0.0735900888494373,0.0,0.0681980243640502,0.049636966300075636,0.05584158708758513,0.018170975929174937,0.019108599379890734,0.17394420999546212,0.0,0.0,0.00876823558856843,0.007269642061100368,0.18838731541357345,0.0,0.0,0.020603078336769554,0.07289131521663506,0.017733397145122676,0.008329301955502189,0.11298136241145396,0.0203443166550743,0.09087014372469149,0.0,0.0087189928521747,0.008115818243202177,0.011117630493624464
0.0,0.0,0.0,0.0,0.0,0.0,0.0,0.0,0.0,0.0,0.0,0.0,0.0,0.0,0.0,0.0,0.0,0.0,0.0,0.0,0.0,0.0,0.0,0.0,0.0,0.0,0.0,0.0,0.0,0.0,0.0,0.0,0.0,0.0,0.0,0.0,0.0,0.0,0.0,0.0,0.0,0.0,0.0,0.0,0.0,0.0,0.0,0.0,0.0,0.0,0.0,0.0,0.0,0.0,0.0,0.0,0.0,1.0,0.0,0.0,0.0,0.0,0.0,0.0,0.0,0.0,0.0,0.0,0.0,0.0,0.0,0.0,0.0,0.0,0.0,0.0,0.0,0.0,0.0,0.0,0.0,0.0,0.0,0.0,0.0,0.0,0.0,0.0,0.0,0.0,0.0,0.0,0.0,0.0,0.0,0.0,0.0,0.0,0.0,0.0,0.0,0.0,0.0,0.0,0.0,0.0,0.0,0.0,0.0,0.0,0.0,0.0,0.0,0.0,0.0,0.0,0.0,0.0,0.0,0.0,0.0,0.0,0.0,0.0,0.0,0.0,0.0,0.0,0.0,0.0,0.0,0.0,0.0
0.23961280400964446,0.11633136344722872,0.004340831676459711,0.003757319213477328,0.0,0.1325247527314104,0.0,0.20816470087826588,0.1481215282160595,0.0,0.21386433517925318,0.20213713443977133,0.0,0.1199968973214276,0.22631535349141185,0.008143431614666241,0.0,0.18943555538464762,0.005545510005913523,0.2230253083427527,0.10552028681768888,0.0,0.0,0.006855015985364532,0.28424296443117547,0.15816070931630322,0.1253536978995059,0.3821740350002031,0.0696569933599519,0.24715620344421063,0.16163110938562186,0.15932752107190473,0.26513772178378137,0.12348711282782288,0.18791386447063252,0.0,0.00704293917126253,0.28428713919267,0.0,0.09637543670671922,0.32630833699011585,0.11074122380628704,0.19792565255373418,0.10074938699603753,0.008890667998371238,0.3525977462729568,0.13091091971197244,0.0,0.2041938870489053,0.0,0.0,0.10902792087587554,0.12122062617633311,0.012458510216489582,0.08860185813602472,0.38036894162629786,0.007668091487461837,0.0,1.0,0.15942308828731167,0.08337778597245138,0.12831505207768923,0.4090889974297369,0.287092364726394,0.25463657873695134,0.2580805020730168,0.10479260363347687,0.14046706708229784,0.12130286998235673,0.18038496833041884,0.1943196863603145,0.010611673622788587,0.46069454063956106,0.006844964597945591,0.20907712823417746,0.19134950486392832,0.10086020258604267,0.10475344086593785,0.2374512499141651,0.10974399852551553,0.1651728335327829,0.2175857054540018,0.2755612099116681,0.11949596814487351,0.04506304813751949,0.1876635666966301,0.22160480239358848,0.15029399806865662,0.2549883169482384,0.3759555212709982,0.11808632750124115,0.2476622388210501,0.5099126494777901,0.36691664218195996,0.1792601167967549,0.0,0.2781860212483961,0.2406026579175784,0.0,0.27986230343059837,0.10254636305848874,0.179662455529917,0.21292211587436527,0.31088249698811066,0.01164908778791085,0.25281661760005636,0.10074938699603753,0.22909690769273983,0.0,0.00355169954975898,0.1472414141173889,0.1450037800540861,0.10074938699603753,0.13876043865855614,0.1549346696185958,0.18655510623484184,0.0,0.1591800243071868,0.4378019208082147,0.0058601227632205655,0.22505075071306913,0.0,0.320188686554022,0.36845054230429874,0.0886360339098593,0.1602022473808966,0.006872582663279281,0.21409490078886761,0.006842261217806067,0.3053848995404489,0.3160318678852372,0.2494694591584562,0.2561116415183605
0.10180428893417237,0.04711315667322269,0.026786717984895625,0.14950663538439946,0.0,0.35786844516113303,0.0,0.29322947538086563,0.3553221646732433,0.0,0.3465824111616791,0.3072677257426648,0.0,0.4059261353598258,0.1780106110317453,0.0641520935831339,0.0,0.15666984688375507,0.03233355973703678,0.1864362288620829,0.1253414180122031,0.0,0.0,0.05596100283289873,0.6218390733894505,0.009537048572470841,0.23239458504600308,0.09385601159552437,0.16995373386968837,0.14546128197128638,0.5856275479829836,0.17974541694559687,0.1799883490329035,0.3608833439584409,0.16080846632368906,0.0,0.039706094759907495,0.19151772551044788,0.0,0.2806473538577765,0.40080935122089534,0.3657854834301877,0.17160916813776128,0.14809918288683743,0.0701912730065486,0.291397355482917,0.3813888035857791,0.0,0.005949276507202006,0.0,0.0,0.49136740290959335,0.23517541394230945,0.14107866995554874,0.15671600335162084,0.22615507581708372,0.04229251782452492,0.0,0.15942308828731167,1.0,0.12023437112642144,0.3547040078388216,0.35830141446728914,0.20896781152584076,0.3179759276041989,0.27355266779764476,0.25381510035852795,0.24126603257728252,0.3220052296704463,0.30011255949821813,0.2721675291451351,0.06450611979793475,0.3729548862117431,0.03880749833504493,0.19480219923027642,0.19216326933848804,0.16598030081387183,0.18679650047876994,0.41725837400642696,0.16483971239243633,0.34811375802408007,0.1823561063610094,0.3059850045779613,0.3101512879276689,0.2562320968211256,0.3727850579648859,0.3822958905987087,0.23875906166772798,0.15544781345801628,0.37538128719011177,0.19489090964029365,0.31133138483770795,0.1081508477226567,0.24624799861778035,0.2445532452172765,0.0,0.5171636893182597,0.1487267967114042,0.0,0.2930277621835682,0.17344863681073186,0.058839618781427405,0.39934348922992235,0.313566493364414,0.2802807781786021,0.2071503173330448,0.14809918288683743,0.13848640027065084,0.0,0.022788300855691945,0.3835521493500855,0.3644137617433897,0.14809918288683743,0.07035750068318014,0.15940496781066105,0.47532056028598535,0.0,0.21979660541996482,0.36507025061130116,0.1836121288748026,0.17686055420928748,0.0,0.32558876447293006,0.32545149176071275,0.005928161890296324,0.5663913881518899,0.2796524017595615,0.16758297327598837,0.12548146120440795,0.2948444182957459,0.2603565455289444,0.2533284059482531,0.4396062300635093
0.0,0.007958401987162467,0.012693526318324655,0.011529946539981628,0.0,0.22125012421004198,0.0,0.20341876192675445,0.2932105854113276,0.0,0.09125325743673196,0.1630288051990716,0.0,0.17143911213080532,0.24711809406498386,0.013802631230672935,0.0,0.12712117839797044,0.01477993262895072,0.3860474033860861,0.19444583635546475,0.0,0.0,0.01401533403089228,0.16945170187472314,0.014915185914819995,0.07447859677148327,0.1063613632730962,0.010822129835951766,0.2957700935799886,0.1261640624709498,0.39972890590578836,0.0765823722441844,0.30454195469778966,0.2693939649286783,0.0,0.014248525461913908,0.1996080290661143,0.0,0.09563125017061724,0.17735390426255182,0.194423175924758,0.03760162837861225,0.8272267037360349,0.014597504192458532,0.14025012191261843,0.5891098984637836,0.0,0.010756337633673896,0.0,0.0,0.16813488887069483,0.2815931206055373,0.014707798343426837,0.09963124903665599,0.22598812260550938,0.01497795762447407,0.0,0.08337778597245138,0.12023437112642144,1.0,0.08892963616358662,0.2787907536464964,0.2218835250820903,0.43899539186590264,0.1365661813866773,0.2739751518771466,0.08385590154456957,0.16475281584079926,0.09924489162893113,0.08210857756634848,0.014018210622463556,0.1532168442315145,0.013980190469956355,0.1698997833837329,0.34019255827297723,0.3337360382117567,0.16161094879741533,0.173539969614794,0.23422107083015864,0.17387113641127305,0.24931072826111367,0.23511547897272356,0.26412617508311387,0.011267817068208896,0.23605718301375056,0.4221330358657107,0.29947844003459423,0.005771086783847412,0.1672744715019705,0.2693864233011899,0.32893442065623457,0.13143749293291118,0.15198933318282504,0.0748014252402519,0.0,0.17791397971397416,0.04943816566540127,0.0,0.21408052530571764,0.16028599620691597,0.012886518062704244,0.1800296496510343,0.18388592358036826,0.017000402003304993,0.06278481723573781,0.8272267037360349,0.13482007273001806,0.0,0.011092044746638718,0.15520704736038204,0.15660108383602855,0.8272267037360349,0.19168900554968116,0.13003347035889368,0.16556054738123127,0.0,0.24780052139099462,0.1537659409572587,0.012693526318324655,0.42075036573785507,0.0,0.17586238415110655,0.16465910528176442,0.014248525461913908,0.30025643273563685,0.01668851481000788,0.5479612976912579,0.011733587499459519,0.28904439700514084,0.2799021524040777,0.2956264007895819,0.2050240368478975
0.07790248659698562,0.261008097770943,0.034219735310085264,0.17410828252981236,0.0,0.3944865628182078,0.0,0.30554499124099643,0.2848920678436505,0.0,0.22768910248448915,0.2670178625613513,0.0,0.48738683127572013,0.13392018032693143,0.34770271563098953,0.0,0.16487537210240577,0.4197304840587561,0.15696938906037539,0.23682411095126188,0.0,0.0,0.3178800811413479,0.5883506710874191,0.010371657683534208,0.3300895437647344,0.07491617895063685,0.057058133960813606,0.27316782994557554,0.3632483940812492,0.3319318533791117,0.3085416594503976,0.40828313267474103,0.1816990205077912,0.0,0.13607145339201265,0.2759020928136753,0.0,0.5104855224403247,0.3643287004562801,0.5190235197870033,0.31141914913338087,0.11098612636104721,0.09155261595075803,0.12155870339269759,0.39707253418963306,0.0,0.006743496320965048,0.0,0.0,0.4041406409670161,0.1915151293186521,0.1823532170691946,0.10489977344018608,0.14033061534364055,0.10738053621988475,0.0,0.12831505207768923,0.3547040078388216,0.08892963616358662,1.0,0.1537892511236345,0.1630011387328386,0.3360739471465384,0.2617258676310201,0.31066380376095937,0.46442957852621114,0.4594760692309159,0.5458977272824276,0.5633397763849574,0.5082586997280432,0.519578485339846,0.04539175844258725,0.400472655010389,0.3257505144981665,0.3533486510414596,0.3479847404949242,0.3574080745611756,0.12313588227989958,0.46534199426718625,0.20417735448121466,0.23293936652904867,0.2764968490338645,0.20120432010686362,0.3973119931394139,0.4239323391140346,0.185507366652217,0.0354053590874126,0.5070099437271005,0.5108836340955144,0.29164065631356584,0.11385931987340758,0.15944466668808255,0.25725711072414903,0.0,0.3934026441554743,0.08159596633568866,0.0,0.2949568424354867,0.24886326537869818,0.00800669421222533,0.2154354740633042,0.31946010761799293,0.061842311752084655,0.17286707367699328,0.11098612636104721,0.25325119212426284,0.0,0.13267821135516034,0.3615559824396736,0.3363139279857207,0.11098612636104721,0.07071377354497876,0.24057448783276114,0.5115418712172551,0.0,0.22386706670139322,0.1427857094629763,0.12070198102027196,0.132972862496197,0.0,0.1575115013075864,0.23213429376063144,0.007405197082334669,0.5599017413088159,0.04549039220281714,0.12674721490051466,0.038478568833974824,0.27313970168894186,0.26867132151774353,0.2269151151753367,0.158411732408545
0.08420526257136796,0.007488706448231519,0.0072629668888750665,0.006511008458117251,0.0,0.2539777201637501,0.0,0.3218272078835903,0.3794922520941645,0.0,0.29553871965537315,0.32082900455668883,0.0,0.18669714152672734,0.4292173990730711,0.009808177877776325,0.0,0.3483739514906562,0.008662377380940223,0.39543528759732083,0.18555705754137697,0.0,0.0,0.009053584001337489,0.40757873181970417,0.011401178754506858,0.4087289183954368,0.23319848184668646,0.04354365319551823,0.3552056739583537,0.3510608837102671,0.3542279008752929,0.274178967786603,0.2754883149549223,0.2604922236710563,0.0,0.00922922075995758,0.3520136194058028,0.0,0.2866379410183101,0.3767667014509486,0.2179233236111051,0.1832345745799806,0.2857682343557699,0.01033604655150111,0.4704085822500288,0.2789952544452734,0.0,0.008540407812226869,0.0,0.0,0.2282588101847225,0.37738842151360075,0.012158786389804721,0.2949774793231994,0.5978834477321581,0.009897692291442772,0.0,0.4090889974297369,0.35830141446728914,0.2787907536464964,0.1537892511236345,1.0,0.6381406663401621,0.47257593543058163,0.39744939921231515,0.23920992999379398,0.22750965497894382,0.34265332985323216,0.27581918476613376,0.16242003218284862,0.011044973957200721,0.36817269729911173,0.009181424653716297,0.38764427352092545,0.3300842537683598,0.20553591482916445,0.3593060045620293,0.3977970471202046,0.39684130150148555,0.3497616398626523,0.3861013268994107,0.38126160744669946,0.3333453999062961,0.16189972652335005,0.3748677763902032,0.3865205116013881,0.3403907756876041,0.059256235236967325,0.2919393477045302,0.187927112474373,0.5368767126540742,0.3389874591701936,0.47578355502509695,0.23712685761255958,0.0,0.4889775252126598,0.259483751948691,0.0,0.528493324948002,0.35748542158170316,0.12049168400924437,0.5165319934688751,0.32188942504091067,0.012355663094171132,0.18966171750465644,0.2857682343557699,0.24294289037785022,0.0,0.006233080869190388,0.22308396122742424,0.22404563435440783,0.2857682343557699,0.25202971109061467,0.25442261167580804,0.33730098753268023,0.0,0.23296478730916204,0.47038817671122035,0.008075731534972874,0.3983566968249842,0.0,0.6114597715876877,0.4512251752639407,0.008299526591535877,0.3464369899608061,0.010003494762604204,0.3591942685649472,0.009480916259595684,0.5625135939716841,0.5409214003530417,0.500543364380354,0.39529027146752804
0.0,0.2492545335257722,0.003808738218950558,0.0034437587221679555,0.0,0.2583803703912584,0.0,0.32008317630036953,0.35117738704234824,0.0,0.23242549594650874,0.23707927685544217,0.0,0.20764538178727798,0.49527831362516506,0.006472584647393753,0.0,0.38688937640097054,0.004471659641516301,0.3432992976246201,0.16740004959773336,0.0,0.0,0.005548521114120186,0.2556227526998167,0.0070402262579800645,0.26500651959337596,0.20187500243653167,0.0050883675786532745,0.33371062032016696,0.21958900441272478,0.26201906660439833,0.276756966499484,0.28722989726738046,0.3395261040802229,0.0,0.0056460720872173464,0.3102523076833955,0.0,0.2997724077267181,0.3957173775640155,0.22635318997656872,0.15822106077084064,0.2685022337158194,0.006865221949295952,0.22649355399413162,0.26107765739169464,0.0,0.004294490826814212,0.0,0.0,0.2470026609488707,0.38586477490210314,0.009085892769254866,0.3969792485175857,0.43632620169183123,0.005952833800930146,0.0,0.287092364726394,0.20896781152584076,0.2218835250820903,0.1630011387328386,0.6381406663401621,1.0,0.38533305919990424,0.4175935462923175,0.18721206826171444,0.29376397126040743,0.3383385538241449,0.2903750367434076,0.16959338508237787,0.008075179409624211,0.28102198965066405,0.005534685566733422,0.43542090172048076,0.2842839907000827,0.21927645476991786,0.3927298796204637,0.4903306047776532,0.4463386239121153,0.3141736999000422,0.36265687696861715,0.42679523596209434,0.3541039642092585,0.005949870384276745,0.4731082259997269,0.3506994380300299,0.3788285202406594,0.15273754258100047,0.3299857574729902,0.19860298843856372,0.4815272087677722,0.3576118431427373,0.276845682890153,0.2047421579378763,0.0,0.30219253056937645,0.2599506147869075,0.0,0.6049461606377964,0.39217437951535095,0.0050789109285164225,0.2919202803399753,0.29534151394719266,0.008072623690423386,0.22039470862187382,0.2685022337158194,0.10988637514817534,0.0,0.003307266540690801,0.16142332845752017,0.1569127958667037,0.2685022337158194,0.20474026965055514,0.2136642745253715,0.24957441697387217,0.0,0.20530724927896904,0.17432427333651224,0.004998968912372614,0.35591844199077827,0.0,0.5173241147206633,0.3650814913726196,0.00430176920930847,0.3632884272487926,0.005087812720572793,0.34732578213120857,0.10708856334377459,0.4633084522462496,0.5504005048452328,0.4945893235352854,0.3008367329779076
0.04518769752679508,0.02077640812426229,0.016495690566142085,0.0149350317343655,0.0,0.3267846391617766,0.0,0.3417722728798682,0.3638568851179196,0.0,0.23749768571872476,0.24842735672245997,0.0,0.2518306376598347,0.24486599199691872,0.024090395729758574,0.0,0.23187930815808633,0.01932141262852949,0.3329312823642172,0.301738410781214,0.0,0.0,0.021286418860727796,0.41212664651875053,0.011035011136940498,0.19640563802457311,0.231915245967504,0.0660289830131775,0.6863936451131473,0.29014727580505617,0.5077532724582985,0.25710952489190975,0.3339165892735152,0.5137647533008765,0.0,0.021654501448688412,0.43042564206589407,0.0,0.24495849919505508,0.3760656242211272,0.33340660951808543,0.23429508701211144,0.4931877931059818,0.021803532355865518,0.2912769052339621,0.5205223882227741,0.0,0.00910257007572779,0.0,0.0,0.2880681671773153,0.309125403894534,0.03280595063376934,0.19669171096911398,0.38456934740704396,0.023067452214872386,0.0,0.25463657873695134,0.3179759276041989,0.43899539186590264,0.3360739471465384,0.47257593543058163,0.38533305919990424,1.0,0.3180829137581027,0.3339755881156131,0.2197239321856247,0.32423707731053386,0.29739123687965874,0.2758728831638235,0.1471533351004155,0.3920155415320914,0.02158759819917,0.2451523069479824,0.5011859924781444,0.3761619051722149,0.2145371477662531,0.35291215168891554,0.2116841740589439,0.36336374404327954,0.3553827869472461,0.46744597383051345,0.40840425112483203,0.0314481393855045,0.34387992241015763,0.5553932754624052,0.2946580945141618,0.1290301896124597,0.38544809866479646,0.36846038594005737,0.3718891136149043,0.28372084309580714,0.40043579602104995,0.30156755912652655,0.0,0.45473974556931274,0.21296182142574493,0.0,0.3225096505100482,0.21104668766207157,0.021940741593228452,0.34684530125485935,0.43663119273949924,0.029480750263329747,0.2410785927491732,0.4931877931059818,0.23351951711384444,0.0,0.014350438502991114,0.2991509677751987,0.28738344816238903,0.4931877931059818,0.24291831935431918,0.278318356298053,0.33035801159053024,0.0,0.2802761329120059,0.4430317065441468,0.0192093477291585,0.3249997360756909,0.0,0.4202167810566608,0.4311043314212938,0.008406003185018052,0.45387309841085743,0.02193830365610938,0.38192504813572625,0.021978774411877677,0.5166991327710143,0.4368600071188393,0.385453237575035,0.3227956475900001
0.0,0.041734957048835675,0.04082101348383971,0.036298347022677646,0.0,0.4222620479285327,0.0,0.2999760706039216,0.35016198483775685,0.0,0.1108361373436264,0.3541970853780426,0.0,0.30756238487698795,0.24711989569624293,0.05746509728309801,0.0,0.5269622756208108,0.049437297254224966,0.24527818526925393,0.1614702194761095,0.0,0.0,0.05280072398730129,0.3683220347066747,0.012777125545036627,0.2638609162824981,0.08252791123198255,0.048967335756239905,0.24076190749976667,0.2702841503468434,0.4606398705907344,0.32659466747751065,0.3640840270477097,0.5336699408589639,0.0,0.5205673963407673,0.4475408750863049,0.0,0.3788510383879484,0.4058051499755986,0.5836933162623414,0.6156543058207842,0.16792740693973462,0.04989315629133673,0.14735108093186988,0.311428250528092,0.0,0.009117144584081083,0.0,0.0,0.3080062793249594,0.3374337765948181,0.07232037934236124,0.3139070353251603,0.22621428448350167,0.4052486684179438,0.0,0.2580805020730168,0.27355266779764476,0.1365661813866773,0.2617258676310201,0.39744939921231515,0.4175935462923175,0.3180829137581027,1.0,0.3266190807278163,0.36048240964885103,0.4591615341733766,0.32631622389400095,0.18657505159820076,0.05829170469528078,0.3931937737694682,0.0532764624669515,0.2567408469975069,0.4542043210379213,0.4598889687168519,0.39521067807421817,0.3881251589574719,0.40450182587297756,0.447573954639817,0.33837229234277555,0.6184328077857769,0.5768493875800318,0.043324261288227195,0.46303606719462787,0.3520334326250183,0.26419441886537043,0.0061342990841349865,0.4050206104302947,0.17914672827027767,0.4170304222397514,0.2500499785653323,0.15620575088988053,0.28050207050586695,0.0,0.3751438080876456,0.15910994573859327,0.0,0.6244871352518038,0.38076510506855776,0.009154908772101789,0.23569197978026746,0.41310695085717963,0.07450712866451303,0.1562612417540452,0.16792740693973462,0.11695634201913152,0.0,0.03464522323549635,0.23206998429113646,0.20145341016736418,0.16792740693973462,0.13222976925032937,0.19637613588297365,0.3257405818810679,0.0,0.2253420396476764,0.12197832535562902,0.046652586838674015,0.24558513488644984,0.0,0.31495711881395483,0.3526943509351843,0.009056176944681749,0.5028684589153949,0.057947674210479305,0.23555455571023487,0.05335441550405173,0.32798159697930274,0.370492660062429,0.3023356251372773,0.22433671600946492
0.0,0.08500966257434972,0.04517135768770619,0.04076810217562232,0.0,0.4500380588754471,0.0,0.35870169337996494,0.4408329381725027,0.0,0.14062780581256473,0.3478841865004585,0.0,0.3081215899216829,0.1369334446615329,0.058253775167179,0.0,0.19915268592789293,0.0532109897235411,0.23773299632007194,0.1818965910193352,0.0,0.0,0.05503958170111667,0.3647811038693878,0.014703832597729116,0.14842838988031515,0.12364788585044084,0.049598836685256,0.19263328718035932,0.24561132464059543,0.26979186992321624,0.277151482712127,0.39190939835374616,0.2584435752289267,0.0,0.16004208065317194,0.3756606454292901,0.0,0.29732931754702663,0.26580723494897485,0.3809339223346673,0.18143976947398288,0.2502548309004339,0.11799369676607163,0.12292612657872659,0.35715472917347957,0.0,0.011559431335504411,0.0,0.0,0.28578149525714247,0.2761405067368523,0.199141622606114,0.12156530173344471,0.2162930260595315,0.1353479429493969,0.0,0.10479260363347687,0.25381510035852795,0.2739751518771466,0.31066380376095937,0.23920992999379398,0.18721206826171444,0.3339755881156131,0.3266190807278163,1.0,0.2814443457706145,0.535821487576112,0.27543432966554715,0.25699895878338486,0.1607130468700423,0.38312425280551243,0.05550238096465543,0.24334708739257216,0.21908714026038278,0.14244584587057174,0.1528255786607281,0.3284089467471272,0.12715654333892146,0.4472651225836255,0.23567538038110203,0.22207674035904001,0.21485273430757534,0.09542277889380835,0.3177260522751668,0.3674415872403072,0.18172721028128724,0.007690800532133779,0.42384857031981893,0.22508627116344215,0.43096227887018945,0.13542556707143172,0.15727467537505113,0.19467010413805852,0.0,0.35649336290315015,0.08032713877274722,0.0,0.3560576562994944,0.14064022062073345,0.011453356043134577,0.2516803163918153,0.29509605793971605,0.0723671846104259,0.14672209835095396,0.2502548309004339,0.27675791429009355,0.0,0.039125576834242226,0.27838057365981084,0.2493334010605287,0.2502548309004339,0.12872544075584214,0.6394875554460795,0.3140931973045302,0.0,0.2668569378538105,0.15207785913856697,0.14130098431405091,0.22126702784170782,0.0,0.178382967220595,0.17880542989089077,0.012142330700309234,0.5115787838822284,0.06073250113636297,0.275707311177265,0.05365339885406628,0.3105831680581551,0.33013697095277816,0.3033639586753558,0.15877390769505273
0.0,0.7004583264496,0.04729237928205232,0.2386109876193092,0.0,0.2996089115500815,0.0,0.670688525771374,0.2742547156524705,0.0,0.48773702433628674,0.23339806309725686,0.0,0.19382686203199095,0.11362884377518323,0.6855558412579683,0.0,0.16605141596593076,0.05625055083675545,0.12380324410363819,0.3028806586315005,0.0,0.0,0.5707807569951889,0.27685797585706284,0.013528800708357491,0.6990002608238117,0.20878468194177124,0.07984310261409833,0.13403912034354337,0.23038988424034912,0.23759991708373085,0.3805400814298676,0.25641581826026905,0.32292410831348717,0.0,0.0960382391217558,0.30557993049074494,0.0,0.5927161367567053,0.2309137937704019,0.48113088395550707,0.4468775083005112,0.10237305351947146,0.09596369727313092,0.15026201717142484,0.21370362902420847,0.0,0.0905716241360719,0.0,0.0,0.5429561010930016,0.2917871759061499,0.3933754178291541,0.5143020480983448,0.13965641823452857,0.08695134004209437,0.0,0.14046706708229784,0.24126603257728252,0.08385590154456957,0.46442957852621114,0.22750965497894382,0.29376397126040743,0.2197239321856247,0.36048240964885103,0.2814443457706145,1.0,0.7676027750393027,0.522778623056633,0.42167541903276917,0.35727248516196997,0.515686806361896,0.05701803218947632,0.5475200800803041,0.2414805162119048,0.23476953289882063,0.6633519628503067,0.2877424079192016,0.22609773236882003,0.7613131246100195,0.5238800887809081,0.5943065534669019,0.5350129011867278,0.3342596550656065,0.40077271897514233,0.46543556617558135,0.15011884451710178,0.1711362129777394,0.5421067299617139,0.4472292621386754,0.2652703559122147,0.14463707635629153,0.09834385077594943,0.17092090926150827,0.0,0.3282320007788184,0.08127761024391889,0.0,0.3505616485523,0.5264750615899157,0.009799070945996524,0.23603431142425912,0.20675217807939728,0.10587513269830051,0.2218931504302437,0.10237305351947146,0.15487489388122433,0.0,0.2707113500141418,0.44616338118630305,0.4384953237821575,0.10237305351947146,0.060359836395850075,0.31198645823089177,0.22251121754911662,0.0,0.1597428477204148,0.08586085796650811,0.2794052041590924,0.11292749469796182,0.0,0.27674000110792396,0.30982714537402045,0.01035259979673031,0.3902222764583718,0.06480185390107096,0.11513574504226276,0.1656454302875674,0.2256920778257464,0.19794223544871448,0.2005632368126149,0.19915079526239343
0.0,0.37538356152347463,0.03485838194997337,0.17695893962809162,0.0,0.44520112527833766,0.0,0.7230925389599444,0.5563453436417317,0.0,0.39443341519667086,0.35716550971385663,0.0,0.25443333065806595,0.20180467833280014,0.43260748528631177,0.0,0.2527079325186179,0.040999372061018224,0.27062743523770894,0.3132069401780999,0.0,0.0,0.316701157672312,0.3753172741005405,0.010143825080014324,0.6207232614731087,0.1428672391461665,0.057390639582493796,0.2125763201563139,0.31771302537600654,0.24058495747776265,0.3899946528469036,0.34137237678162125,0.27328445636840293,0.0,0.10461251220754109,0.4736189687138227,0.0,0.629384467030438,0.36028311722894635,0.48673941595745096,0.3892595538589074,0.1853876269896496,0.09205744588654952,0.17976489618096325,0.3194300112977406,0.0,0.00798439371222881,0.0,0.0,0.4545194551813948,0.37953585508612175,0.33099310687647765,0.4606359812981211,0.25643683065717515,0.09359386416457205,0.0,0.12130286998235673,0.3220052296704463,0.16475281584079926,0.4594760692309159,0.34265332985323216,0.3383385538241449,0.32423707731053386,0.4591615341733766,0.535821487576112,0.7676027750393027,1.0,0.5477514207451335,0.41625178016078246,0.3080714657657102,0.5504673949682867,0.04278514890961471,0.5244569381956585,0.26453272994989374,0.20964650575926125,0.6359081355523101,0.3857892414141577,0.3457249817874346,0.8068338109337488,0.5950862609283805,0.5391564743395928,0.5619937659066222,0.24826721813714492,0.44102497390410744,0.48969576538422377,0.27766396568902474,0.0061354751814850506,0.5838856856228197,0.46072618418141875,0.43824770296506077,0.16301015881975633,0.20270033705936197,0.2443627303252508,0.0,0.4323227244844242,0.10437543253851167,0.0,0.5069330349932933,0.4957578642898448,0.007416879533306275,0.3643985380873864,0.29679375258858043,0.07720807383184025,0.2015891687309621,0.1853876269896496,0.27908258839415945,0.0,0.13474028824757656,0.4392585189523498,0.4298208089683999,0.1853876269896496,0.09192742048509239,0.4755365724761301,0.32573692571737434,0.0,0.2805319659772567,0.18157822659821854,0.20618782945663283,0.23968652824128434,0.0,0.3385588833913067,0.30096331236051044,0.007567459251326625,0.5358725600847318,0.046739145840213325,0.2098644188302201,0.06257548813823433,0.3601666816645064,0.2687919753178478,0.3181754573252673,0.36009119923041255
0.07716982338434208,0.33278750437684423,0.034462033046856355,0.22429123265637574,0.0,0.32842721453218493,0.0,0.5697818950999683,0.36734082240046284,0.0,0.35665457326836525,0.20476759645181264,0.0,0.2430949905589771,0.12110558216876421,0.22631883722494095,0.0,0.2086432120663606,0.37379896621113473,0.17888467515263984,0.3174543392233562,0.0,0.0,0.2084108769701778,0.41231399869466556,0.010173372206637943,0.4329659818390723,0.31021107605659115,0.0912016906531512,0.15827396666826543,0.2936486395350144,0.16307949838906488,0.3018148235609577,0.2392524863155695,0.26872187343410436,0.0,0.12362644300613512,0.46564652057944445,0.0,0.7101269333549051,0.2589371025881302,0.39479423167153826,0.31149894070550666,0.12180073351839504,0.11063186660601843,0.18441630725858227,0.2744792881283078,0.0,0.046989736928139236,0.0,0.0,0.2811938488229029,0.31543549935721427,0.14968528591088248,0.30158824211725865,0.20714550003312882,0.1138770415570527,0.0,0.18038496833041884,0.30011255949821813,0.09924489162893113,0.5458977272824276,0.27581918476613376,0.2903750367434076,0.29739123687965874,0.32631622389400095,0.27543432966554715,0.522778623056633,0.5477514207451335,1.0,0.9296328641216789,0.429279725477028,0.6532966625717443,0.042225885608417446,0.37400019322463474,0.18389945104153516,0.14497442406849204,0.44394332108806434,0.30106897048202685,0.24465959108889734,0.5617126828448191,0.4012788173987827,0.39011804476106127,0.46373999124302967,0.20293140663350284,0.4170138218629936,0.4602785846729516,0.16278068845825944,0.1442195345081474,0.6755284598001222,0.6539878375331062,0.2639597381472456,0.16515076687154573,0.23146251193061174,0.4052196653583304,0.0,0.4337148453226266,0.11587818100850222,0.0,0.315354871636106,0.4576639126327645,0.02998593496075519,0.27894773829131614,0.25355895469692025,0.07644794871367133,0.25374027382871334,0.12180073351839504,0.5347710640621074,0.0,0.11773343211639675,0.3828934170895424,0.3708482957344319,0.12180073351839504,0.06576696908770041,0.40302843689865586,0.3185563754236811,0.0,0.18011214723117042,0.2795317661713437,0.10855582759639115,0.14005619314190465,0.0,0.3028237163455876,0.46508408704082904,0.007533447413839545,0.3693974280996408,0.04703700324779936,0.13747216230292536,0.1137437964496073,0.3124361906601374,0.20743300934400388,0.2469140495038593,0.17561698811417448
0.11575473507651302,0.36844992293726353,0.03689843322953301,0.22648312994142072,0.0,0.3510578233707192,0.0,0.47751679458422713,0.3312914373158342,0.0,0.3519878646969532,0.17493541384956957,0.0,0.21791076667136178,0.07598178340732265,0.24002290893286438,0.0,0.16623535630557518,0.37668581519955824,0.17237891321853982,0.3015551050576559,0.0,0.0,0.21865021789500205,0.43664155952439354,0.010921113963689999,0.30411999165233305,0.3599439100818781,0.10729361477639665,0.1494916848166693,0.26023384679380634,0.1328385702935604,0.28073781118700736,0.23866062932593823,0.25957958531731373,0.0,0.13478896882683378,0.3916720063914174,0.0,0.557804974650068,0.21545718720426077,0.36725362995862376,0.30234339291590895,0.1003614044656217,0.11517058319870199,0.18128022006248312,0.25565961759870937,0.0,0.06495799284349779,0.0,0.0,0.23951750094450164,0.18068419677531877,0.16728470425710917,0.1696774651752353,0.19788046849615237,0.12060802126453207,0.0,0.1943196863603145,0.2721675291451351,0.08210857756634848,0.5633397763849574,0.16242003218284862,0.16959338508237787,0.2758728831638235,0.18657505159820076,0.25699895878338486,0.42167541903276917,0.41625178016078246,0.9296328641216789,1.0,0.4502956918137003,0.6350578302325368,0.0458080987441285,0.3297628018932781,0.16234290311518584,0.1046696376647902,0.27478463946742093,0.2768269066419603,0.07013753478149409,0.451284976683071,0.28171284620505066,0.27832306248538996,0.32520829513122207,0.2074571966051002,0.29041880570865963,0.4174069779257944,0.10341454108648862,0.1971646329035961,0.6606097738799892,0.6721767110498911,0.24976638207397106,0.17597387073144855,0.23661455696454192,0.378264821374653,0.0,0.38944419191307267,0.11012365054198514,0.0,0.1653034644026351,0.28730037027989985,0.04095855237789292,0.2552617155742498,0.26210195151460536,0.08319377669972039,0.23644834878374676,0.1003614044656217,0.5510224748159658,0.0,0.11983451999483974,0.3796182644346573,0.3656771838952845,0.1003614044656217,0.05053331645214698,0.37455625608016696,0.31192744683374163,0.0,0.16048385494057427,0.30151545076004294,0.118365679595417,0.11348561400902712,0.0,0.2052610469730527,0.3575246393616056,0.008065291465600644,0.3688486976805436,0.05035003850216291,0.11295796755997056,0.13732661313551398,0.3118354982272755,0.19799724200997115,0.2328333686982168,0.1391189854780035
0.0,0.35443849869367705,0.06521041542727912,0.3188608904261361,0.0,0.0,0.0,0.17671127053019853,0.0,0.0,0.25929863993342583,0.011564830215554989,0.0,0.0,0.0,0.42668475608698,0.0,0.1605652400519717,0.07783259268587428,0.0,0.377578455606952,0.0,0.0,0.4132329178536249,0.0,0.019601879049921944,0.3561046355958326,0.0,0.0965836096724163,0.19875321841299554,0.0732711464448359,0.06250980010353913,0.28071993198211953,0.013464074947084903,0.15397698057266063,0.0,0.2214662928295592,0.17043073142586118,0.0,0.6580961568954505,0.0,0.25022790235529735,0.3522775940081846,0.01679612659273988,0.18038700712239308,0.0,0.0,0.0,0.01628740094180836,0.0,0.0,0.0819547849458302,0.11682983791621859,0.22184956352678342,0.08596923769161602,0.011440219043102662,0.19783702201350128,0.0,0.010611673622788587,0.06450611979793475,0.014018210622463556,0.5082586997280432,0.011044973957200721,0.008075179409624211,0.1471533351004155,0.05829170469528078,0.1607130468700423,0.35727248516196997,0.3080714657657102,0.429279725477028,0.4502956918137003,1.0,0.3248986947707132,0.07668674458278957,0.4797281716502455,0.054557844079804574,0.06819730509975575,0.412021100941671,0.00793364242596395,0.0,0.22765907316718448,0.21258241291104985,0.1570948028341994,0.40497235849613133,0.3027166896090827,0.011443716611832078,0.20832968557903575,0.0,0.011106383691131816,0.46665995725537357,0.6316841707761495,0.0,0.011048979341344634,0.0,0.174291961190834,0.0,0.004935906549672464,0.043366587342722585,0.0,0.0,0.4866704707017543,0.014830065973122641,0.07412357423721228,0.0,0.13501647940752493,0.0059725194069120136,0.01679612659273988,0.10487710448503451,0.0,0.242473664214914,0.26475799892413465,0.28882690791723764,0.01679612659273988,0.018204126448057245,0.44594395911914786,0.0,0.0,0.010272883641171848,0.008992385901568478,0.19350824139701484,0.0,0.0,0.03563953377790696,0.04947592052854921,0.016419213022974777,0.010098056210313677,0.08998130038510843,0.0186510194160312,0.11179550659205117,0.0,0.011190611649618765,0.010073566263059663,0.012827980121320248
0.025967495532328577,0.2617922887668823,0.024784355517363243,0.14916904472729964,0.0,0.42238512718262766,0.0,0.508587731827106,0.4548670252634627,0.0,0.2957891306711615,0.3477533697720978,0.0,0.36500708624580547,0.22422919229519533,0.2145088538677533,0.0,0.2597629298447821,0.29360870165354847,0.24941069311657205,0.27575078777341044,0.0,0.0,0.19016360615104322,0.5218387855751244,0.05695943346271548,0.33986702964040605,0.27818886483159677,0.04702689844914287,0.2520547976666184,0.378865942797343,0.29312583916599433,0.42212684068343476,0.3869729772398174,0.29929813907989433,0.0,0.09297936439970977,0.3573555716392557,0.0,0.56956336955423,0.4839133673914727,0.4875978215926754,0.3463301317147802,0.18418357679088337,0.1643869656681498,0.2950585003112207,0.3850156690944124,0.0,0.13782094292946234,0.0,0.0,0.3954276885582413,0.2779757279636512,0.12952380863444046,0.17776848929512534,0.23972479998869967,0.08107543947729334,0.0,0.46069454063956106,0.3729548862117431,0.1532168442315145,0.519578485339846,0.36817269729911173,0.28102198965066405,0.3920155415320914,0.3931937737694682,0.38312425280551243,0.515686806361896,0.5504673949682867,0.6532966625717443,0.6350578302325368,0.3248986947707132,1.0,0.03221726278742554,0.4041014276994854,0.31165690329355145,0.26068462453348773,0.3386100859332979,0.4371214641090827,0.17708920885852364,0.5272435330636682,0.33914317602760935,0.47031630996988594,0.452066257183649,0.2200400545787795,0.4301609213109362,0.5194060250906809,0.24840994782744252,0.13133297058526894,0.7863901304402661,0.5088685797031814,0.408291324614811,0.34194294863801855,0.23211687595254438,0.3807324508577643,0.0,0.4878951478453524,0.20144730174053527,0.0,0.42861778488558366,0.3116052569176171,0.006454305905559621,0.41080751411893357,0.39841180786323693,0.057071858195814396,0.3558857887304212,0.18418357679088337,0.4048246634660757,0.0,0.09227364224232892,0.5094876653117396,0.44240964998803745,0.18418357679088337,0.13454034583785224,0.3812876954354605,0.4240467651034949,0.0,0.2620296286810373,0.27771779063321167,0.08197547096847291,0.24193813667535857,0.0,0.27267863838560036,0.4096056229190319,0.006408620311167623,0.5768095990001691,0.03337636271739253,0.23416596782367927,0.03993004068851491,0.3925485421381041,0.3444686432492443,0.36111823949340727,0.36065413101064836
0.0,0.05279227558964883,0.07467353147935629,0.06701715059360025,0.0,0.0,0.0,0.0298045562914927,0.0,0.0,0.04624857256892734,0.010094050829568602,0.0,0.0,0.0,0.08438076732630706,0.0,0.05112437533241132,0.08888959184118572,0.0,0.05462192504239716,0.0,0.0,0.08446894356504075,0.0,0.018340744288918853,0.05469708060102163,0.0,0.07099958807320117,0.028193372879114054,0.04949725101783553,0.06082366184750865,0.0592868750535227,0.011520538010314052,0.058087965208504566,0.0,0.08610392875896189,0.03624527592290405,0.0,0.062004468966980975,0.0,0.05743650817880919,0.07811514622657356,0.01672854117070366,0.07290187883879973,0.0,0.0,0.0,0.014177270272269782,0.0,0.0,0.06058636304065945,0.048101226185177426,0.09157746968269831,0.060275214728589654,0.009243953098983515,0.09182575934411241,0.0,0.006844964597945591,0.03880749833504493,0.013980190469956355,0.04539175844258725,0.009181424653716297,0.005534685566733422,0.02158759819917,0.0532764624669515,0.05550238096465543,0.05701803218947632,0.04278514890961471,0.042225885608417446,0.0458080987441285,0.07668674458278957,0.03221726278742554,1.0,0.07026591399175997,0.04974712403784731,0.06964597365298619,0.07524030690619588,0.005457988797545443,0.0,0.037468383209008915,0.054747233271125406,0.034171525886768084,0.052773605120497336,0.05937362765872756,0.008546622712428675,0.033659757718756844,0.0,0.008296846713509165,0.043460897632057405,0.06864075840831874,0.0,0.009164188169318521,0.0,0.059864295946701285,0.0,0.0036771768736327815,0.03733937203017479,0.0,0.0,0.05462192504239716,0.014757381359382538,0.019255163300611278,0.0,0.10715680808860384,0.004141635567912583,0.01672854117070366,0.03986029277063263,0.0,0.06418387766870415,0.04616982861600827,0.05194105719300934,0.01672854117070366,0.017537823003618835,0.07849561748732703,0.0,0.0,0.008197150269230846,0.006701413869563133,0.07536634107929752,0.0,0.0,0.018950763010072147,0.01774002876098968,0.016356264088319028,0.007680358673542664,0.1024796025843927,0.018557563265356514,0.08188732008828725,0.0,0.007953241399438538,0.007435036239490378,0.010219469319891483
0.0,0.39541378478302525,0.05520725150805195,0.27542221311854664,0.0,0.23642680480245104,0.0,0.3551480455573801,0.25152616808933126,0.0,0.3403977328314314,0.18847395339380812,0.0,0.17856024043590857,0.6530864197530865,0.5786866833239672,0.0,0.5046305218320432,0.0670627639054856,0.25141093095358813,0.33201265016010795,0.0,0.0,0.5523150115855548,0.2295261591150265,0.015876072930292917,0.48619783779127834,0.05848353843555365,0.08439221993744395,0.21797983385416442,0.2045018553434259,0.22191808547111735,0.3985797585555487,0.24806060060036816,0.3213832748856992,0.0,0.21146000621285865,0.30145696259477095,0.0,0.5344918072440665,0.30073657807746446,0.3947805392150232,0.4685394260003857,0.2114256313680115,0.1452719500149492,0.10846533740882158,0.2447671871077992,0.0,0.010844443676927829,0.0,0.0,0.43034718534501737,0.29849326114160624,0.5524895121596922,0.38782333655513,0.3399442622162494,0.16738764267002992,0.0,0.20907712823417746,0.19480219923027642,0.1698997833837329,0.400472655010389,0.38764427352092545,0.43542090172048076,0.2451523069479824,0.2567408469975069,0.24334708739257216,0.5475200800803041,0.5244569381956585,0.37400019322463474,0.3297628018932781,0.4797281716502455,0.4041014276994854,0.07026591399175997,1.0,0.23364273774331812,0.20784883287086386,0.6286877675369287,0.4065697303233845,0.23483686632405265,0.45218087309927024,0.39630384941715746,0.34640113300294173,0.40721091607596027,0.32002905634362944,0.2179666976141743,0.393906729409915,0.3493111839635943,0.006237684670299726,0.4851709245143173,0.5858749645210424,0.538132723509649,0.21249184094565943,0.12843298839177664,0.225059228341964,0.0,0.21568113488563734,0.12568121300302915,0.0,0.3037468323390802,0.4024612656415256,0.012150962865463466,0.211476318802034,0.23175429500880285,0.13962409294411138,0.09806389393656578,0.2114256313680115,0.1358608475148424,0.0,0.20836371600907466,0.3358320867736182,0.3516378258861227,0.2114256313680115,0.1625389422074669,0.34896510660745617,0.2048349229243389,0.0,0.17183824446618812,0.09567980227325135,0.3914113222158625,0.2530857872872503,0.0,0.3890935069939834,0.2431300495527443,0.012275143052685511,0.334727709193823,0.0788433165324145,0.24092168450952134,0.0915211888618156,0.38576514272561413,0.46824987497165593,0.49621691390587486,0.26920112913772765
0.0,0.1195793882303211,0.03835655105137825,0.23720216962485907,0.0,0.26506851661628583,0.0,0.3083848921533321,0.34672964610416335,0.0,0.21831687659989796,0.18831218940624994,0.0,0.16836974120256987,0.2241626434868469,0.15857657605792597,0.0,0.36539012662338866,0.04587053874004787,0.46005159692224074,0.4181968779603781,0.0,0.0,0.17583106136574078,0.21989041302342371,0.011778943664460417,0.20719426109135952,0.16542439743749138,0.1601441865759774,0.4873371211550598,0.19825476194630198,0.8664107539445239,0.20481129488064265,0.22106808331991046,0.5971355162368055,0.0,0.33182416965917216,0.3900642531865417,0.0,0.1834779030057887,0.27235238816918816,0.3411961493823221,0.4139251566637665,0.3843300762639983,0.046578457491754266,0.27430600254603665,0.46526418264792657,0.0,0.008386584010023457,0.0,0.0,0.3074104487353544,0.29779929655210224,0.15546987950706648,0.17929917579885446,0.3647512864136593,0.2405207678719501,0.0,0.19134950486392832,0.19216326933848804,0.34019255827297723,0.3257505144981665,0.3300842537683598,0.2842839907000827,0.5011859924781444,0.4542043210379213,0.21908714026038278,0.2414805162119048,0.26453272994989374,0.18389945104153516,0.16234290311518584,0.054557844079804574,0.31165690329355145,0.04974712403784731,0.23364273774331812,1.0,0.8168991957174596,0.2221446312248322,0.24142918623420484,0.20721220668652884,0.30728911672883785,0.28140043604875653,0.5188459696707398,0.523094577207231,0.10806097524865088,0.20856223025605747,0.5902009468083598,0.3030155305647544,0.005704186835008951,0.27394018800713615,0.3293894076044461,0.4458106556159471,0.22270346940234143,0.2794569696652315,0.24434942918141211,0.0,0.2375646215974545,0.1263468039255552,0.0,0.25836956007798106,0.28324790054503945,0.008612426659734385,0.31574408922555863,0.3564252078911716,0.20881225488579236,0.09153615826995631,0.3843300762639983,0.20692352296124605,0.0,0.10853092272251896,0.45267329992823613,0.4748957374441507,0.3843300762639983,0.13660345123283957,0.3075215625610891,0.20046750390240886,0.0,0.2662910809512212,0.18960875007951028,0.043951800297778454,0.4571766709100611,0.0,0.36122031326236004,0.3451134335570756,0.008430490243644395,0.30568304503480737,0.0531104118113741,0.28044884751562815,0.158760642169806,0.4512602179825689,0.3386782177614569,0.3294865792048376,0.25128799709375604
0.0,0.14615258561483702,0.05753482657706743,0.35580325443728866,0.0,0.20316135362450438,0.0,0.18638494839376718,0.2191752373535747,0.0,0.13222579385507527,0.15029232931340597,0.0,0.1310765593697114,0.18718021526804351,0.21143543474390125,0.0,0.3878110021897003,0.06880580811007175,0.1970480540331513,0.14610138283433105,0.0,0.0,0.24616348591203696,0.20246992819181442,0.015705258219280482,0.19188198902166365,0.05153660231122292,0.21352558210130312,0.2623902225597654,0.16596153731093644,0.8918828706176012,0.13447855292724253,0.21129385224197028,0.6138163130769477,0.0,0.4645538375228411,0.31230220573385115,0.0,0.16581140654809978,0.19888565970311078,0.36183985918069217,0.4167623069916049,0.4138953783285493,0.06210460998900569,0.09295934291155727,0.46317478780058363,0.0,0.011741217614032795,0.0,0.0,0.3123208538885365,0.30057303297009896,0.19001874161974786,0.15164194448281554,0.18428079428676858,0.33672907502073013,0.0,0.10086020258604267,0.16598030081387183,0.3337360382117567,0.3533486510414596,0.20553591482916445,0.21927645476991786,0.3761619051722149,0.4598889687168519,0.14244584587057174,0.23476953289882063,0.20964650575926125,0.14497442406849204,0.1046696376647902,0.06819730509975575,0.26068462453348773,0.06964597365298619,0.20784883287086386,0.8168991957174596,1.0,0.2005626895527688,0.222886223420674,0.17276856732729784,0.1970751394637379,0.18765980033971452,0.47560124313469154,0.5639511341586398,0.1389355396054084,0.18556713756629595,0.47292647078969474,0.2546197203282565,0.0073339545021543495,0.20048886798326016,0.34069523689369907,0.25514728610805293,0.11221162082529457,0.11528819430098369,0.19678190646200389,0.0,0.17979691916162688,0.07659877325510955,0.0,0.21010261412422582,0.2861072666010589,0.012057397323628205,0.16951151868720093,0.16833178122708758,0.27841633984772307,0.06786816347713354,0.4138953783285493,0.09767138084505145,0.0,0.1627963840837785,0.39570053111803927,0.41679011624355367,0.4138953783285493,0.07383511887656491,0.15370576733378571,0.16717054768198925,0.0,0.14286052996523058,0.08826027042228646,0.061532520416889835,0.18591868582311444,0.0,0.21319680726793444,0.29483070634128816,0.012645735365466537,0.29669465821639185,0.07966561771706104,0.18158519757027847,0.2222648990377284,0.2641391985300372,0.19516560794332793,0.2287535516818121,0.22158091582633332
0.0,0.3908333846535539,0.05861728311174086,0.29042170422570535,0.0,0.22019196069664382,0.0,0.41913785029667827,0.3354273578137812,0.0,0.36150511426035303,0.17538087655321488,0.0,0.1641811763731994,0.23483686632405265,0.6191328958238833,0.0,0.18204242692453898,0.07216227141461595,0.23201430196394757,0.3387575540788974,0.0,0.0,0.5913218710047111,0.21217386108043645,0.017211770815869998,0.6423601378104505,0.05384950557378232,0.09069938051542914,0.16322048244311205,0.19644612346424417,0.2128680598752345,0.2983777601921631,0.23229994281642707,0.17229972893560264,0.0,0.07713807586895138,0.2958120827995153,0.0,0.646719484480191,0.21695606872864137,0.365505469612585,0.379225944624213,0.19873121737426713,0.09361250865157567,0.10000586172084358,0.22771904481648142,0.0,0.011779416610570248,0.0,0.0,0.4320065485943192,0.40279553852028904,0.5039683535228544,0.6209532546802307,0.19237781230258622,0.08277683269853031,0.0,0.10475344086593785,0.18679650047876994,0.16161094879741533,0.3479847404949242,0.3593060045620293,0.3927298796204637,0.2145371477662531,0.39521067807421817,0.1528255786607281,0.6633519628503067,0.6359081355523101,0.44394332108806434,0.27478463946742093,0.412021100941671,0.3386100859332979,0.07524030690619588,0.6286877675369287,0.2221446312248322,0.2005626895527688,1.0,0.22624482046729888,0.6596707818930041,0.535923328590617,0.5724996718207517,0.4074432362413096,0.5339703629264576,0.3278457107554342,0.42356806287427795,0.38107176251731056,0.31279220355755655,0.006696264846574929,0.39074627548374363,0.5083996712355159,0.27496239472305495,0.1184079536777185,0.11831555940739402,0.12270494288147771,0.0,0.21609688832978158,0.07841980678038984,0.0,0.5018564648598896,0.7346631037893143,0.012917123468998981,0.17173658673785563,0.1802899531929505,0.15264286602278565,0.06707075846529653,0.19873121737426713,0.09988597311384906,0.0,0.2191610364599328,0.3432425415525787,0.36165175435732877,0.19873121737426713,0.08653974049935331,0.2608137801305853,0.18876542444120725,0.0,0.16148805405754896,0.08929508530249919,0.3521233146731402,0.23334701068196828,0.0,0.2979456788088932,0.19815111214626224,0.01316205281178251,0.309015774661892,0.08598721655137642,0.22456647911736805,0.10050429499389946,0.2137995970688148,0.20952359266006715,0.23674584590544556,0.24663995558805096
0.031229823715612448,0.005196866699108682,0.0038416433061287947,0.0034213831821172658,0.0,0.5142554282375297,0.0,0.328380254118148,0.4175303496118328,0.0,0.14299700069452181,0.41067031225288486,0.0,0.39653155001334306,0.4355349459643272,0.006301362008293787,0.0,0.37711376250652107,0.004640362943802656,0.26568750385134854,0.15330040329433237,0.0,0.0,0.005424561434137276,0.5282451496239192,0.007236989602803612,0.19074582423394137,0.13603239573711257,0.05580182703886771,0.22552406791270496,0.3934390983476629,0.2310523473025471,0.3057586305604574,0.5181109254172239,0.3125905078435218,0.0,0.005539320255607771,0.2321605194966505,0.0,0.29593594774066534,0.48880793999706373,0.40240929677890613,0.1783125236853067,0.21388921649545822,0.006719215377150478,0.27866937899099264,0.40245615657667244,0.0,0.004793643678560611,0.0,0.0,0.4029346507706363,0.23646920840350294,0.009120616048466035,0.19690271211382138,0.37516390410082767,0.0059412547613427735,0.0,0.2374512499141651,0.41725837400642696,0.173539969614794,0.3574080745611756,0.3977970471202046,0.4903306047776532,0.35291215168891554,0.3881251589574719,0.3284089467471272,0.2877424079192016,0.3857892414141577,0.30106897048202685,0.2768269066419603,0.00793364242596395,0.4371214641090827,0.005457988797545443,0.4065697303233845,0.24142918623420484,0.222886223420674,0.22624482046729888,1.0,0.2397976197152788,0.3732683754939722,0.2150708509808924,0.34688833769719873,0.3406519593968864,0.020866407619270055,0.43169753570654446,0.40578921999766115,0.3474897332935858,0.08894737990710955,0.43148208864524173,0.22213780056322796,0.5618334652700351,0.2120103429081196,0.32901812743748426,0.19287297497711087,0.0,0.5450644333719846,0.17970581863276847,0.0,0.42847016270882243,0.22480376466945207,0.021542115481495205,0.37070220969278456,0.46240193528366014,0.008211047248238956,0.38630628903211117,0.21388921649545822,0.14419119795570368,0.0,0.0032675521391276607,0.26621015486219046,0.24315352373042975,0.21388921649545822,0.16224814314498992,0.19661878506096753,0.4571741980301425,0.0,0.3451748616264334,0.2949696947076519,0.004793218247148512,0.26750393944072304,0.0,0.37106496928140387,0.3813193541979474,0.004431110293280804,0.6416257693716603,0.0054276364839837,0.25206968793911977,0.005376947653386366,0.5462256323278272,0.4761523396363847,0.5022188218532168,0.435154654585588
0.0,0.0,0.0,0.0,0.0,0.25689062081275105,0.0,0.2593507212371957,0.38334555178717844,0.0,0.04846455501640412,0.22338768596599423,0.0,0.24627176455979916,0.3522552994860789,0.0,0.0,0.17612764974303952,0.0,0.30935240261859676,0.18499926546839396,0.0,0.0,0.0,0.23869559371549098,0.0,0.2827160493827161,0.06058069377050512,0.0,0.1612147728399549,0.17438883941155925,0.19309383615935094,0.0980238654575335,0.27459537732554073,0.12192605364624975,0.0,0.0,0.243736918536416,0.0,0.3214790283078317,0.26034728247436967,0.16737495160635896,0.036396248692808664,0.2879538070384273,0.0,0.1166735053409842,0.28464880602060183,0.0,0.0,0.0,0.0,0.2325184525487457,0.4006048262234788,0.0,0.3958024691358024,0.2067158066209267,0.0,0.0,0.10974399852551553,0.16483971239243633,0.23422107083015864,0.12313588227989958,0.39684130150148555,0.4463386239121153,0.2116841740589439,0.40450182587297756,0.12715654333892146,0.22609773236882003,0.3457249817874346,0.24465959108889734,0.07013753478149409,0.0,0.17708920885852364,0.0,0.23483686632405265,0.20721220668652884,0.17276856732729784,0.6596707818930041,0.2397976197152788,1.0,0.2856005403442319,0.35919742033184743,0.3239829371871268,0.38882772826073775,0.0,0.5041171213949618,0.2866153421571258,0.4691883053363347,0.0,0.18706395392663056,0.1382148538618383,0.32078946051023083,0.12345391098967595,0.1301471153481335,0.06478306598801131,0.0,0.21981094040045668,0.055164380958079184,0.0,0.6273205810748619,0.6596707818930041,0.0,0.17442627480088535,0.20604566079194342,0.0,0.0674631334117044,0.2879538070384273,0.07020498419383536,0.0,0.0,0.12249208839191583,0.11199540971724975,0.2879538070384273,0.09975469349276878,0.10000586172084358,0.23595678055150904,0.0,0.1938820621533719,0.09181891738463632,0.0,0.35002051602295237,0.0,0.2941641449087502,0.184623779701251,0.0,0.34503990021077113,0.0,0.3253362074191364,0.0,0.2263760439552157,0.24060635435110644,0.258051525708619,0.2979334631186672
0.0,0.38109782464821096,0.030187965689144947,0.11740249470522135,0.0,0.4893606072955584,0.0,0.763585823298191,0.493563798903464,0.0,0.41242254796363853,0.32054583557492333,0.0,0.33309521642283624,0.18367539206605366,0.4194459263560222,0.0,0.22864819773177192,0.035821523179712655,0.31495159673154527,0.2832413687460933,0.0,0.0,0.35024176861833856,0.41258910170201046,0.009099189113625394,0.6039334312116721,0.18661925222403508,0.05379953970634799,0.23636257178622655,0.34798145311179196,0.2668294754249392,0.36967005414737497,0.32681479955789594,0.2753191903685904,0.0,0.08141899084509663,0.43866139411607663,0.0,0.6016511976893308,0.36332442491205086,0.5512440481799347,0.3833361639477454,0.17954577488057866,0.07814564069908814,0.23754279911788312,0.4053254796649759,0.0,0.007179480945391781,0.0,0.0,0.486546554134349,0.3298847569501425,0.29160765599968896,0.43114418711334124,0.2980682921924096,0.07444579478752034,0.0,0.1651728335327829,0.34811375802408007,0.17387113641127305,0.46534199426718625,0.3497616398626523,0.3141736999000422,0.36336374404327954,0.447573954639817,0.4472651225836255,0.7613131246100195,0.8068338109337488,0.5617126828448191,0.451284976683071,0.22765907316718448,0.5272435330636682,0.037468383209008915,0.45218087309927024,0.30728911672883785,0.1970751394637379,0.535923328590617,0.3732683754939722,0.2856005403442319,1.0,0.5097688647732344,0.421961162213109,0.4045358067595104,0.20944916025348226,0.44763352792305255,0.5255272487163193,0.24721170844582685,0.0056870761788849755,0.539436938238924,0.372949983145471,0.45267556878600945,0.2065929257417376,0.2529897582711943,0.2502141576081809,0.0,0.4678461388217099,0.12858173715550314,0.0,0.44293453862107246,0.3898364103223849,0.0064493653384428695,0.36165882660160475,0.31784498364667124,0.07128241948751946,0.22073867091419908,0.17954577488057866,0.30613070505346884,0.0,0.0882206464029559,0.4325964959471089,0.41765809066353987,0.17954577488057866,0.11471936337086452,0.3815571011647295,0.36390050677711905,0.0,0.3090090442418256,0.20778732848116488,0.1921041027357283,0.29343522243973785,0.0,0.33738278993306703,0.3531540194929905,0.006596747476059983,0.46622484788277974,0.04117630657452209,0.2119862388233924,0.05952146446457651,0.3869064530111973,0.31896637042245835,0.3329641432628314,0.21489891542738138
0.0,0.329686790518707,0.039989975207808226,0.11801865083089547,0.0,0.2299561251596055,0.0,0.5175775556411196,0.36410036644982124,0.0,0.3879477390498042,0.1582478423321262,0.0,0.13839410704122945,0.18297090046324171,0.31561235518422204,0.0,0.1767423202147934,0.04954235674577112,0.2970327129341581,0.2764576752358613,0.0,0.0,0.28295932455806017,0.19137641093132374,0.01607051056158415,0.44833280398180375,0.28662752542662173,0.06897305018471334,0.24723790521204292,0.18489893673871238,0.28535105054642673,0.2604979309969728,0.25858836396782725,0.29495916836336256,0.0,0.05572113638290732,0.333028658198844,0.0,0.4571049158590703,0.22953272647240996,0.3230530427519148,0.3194358444032279,0.2908510740271577,0.06992577290118607,0.23946340548704503,0.2572945562196163,0.0,0.09481288215177697,0.0,0.0,0.312758630995442,0.4207006928300556,0.4116137358886547,0.4595122124243367,0.26539023652725513,0.06041798003143806,0.0,0.2175857054540018,0.1823561063610094,0.24931072826111367,0.20417735448121466,0.3861013268994107,0.36265687696861715,0.3553827869472461,0.33837229234277555,0.23567538038110203,0.5238800887809081,0.5950862609283805,0.4012788173987827,0.28171284620505066,0.21258241291104985,0.33914317602760935,0.054747233271125406,0.39630384941715746,0.28140043604875653,0.18765980033971452,0.5724996718207517,0.2150708509808924,0.35919742033184743,0.5097688647732344,1.0,0.40266383215882307,0.3956316344800741,0.2011752256680317,0.4098108220133787,0.4563619578153091,0.24277072570750313,0.12121142253246431,0.3517480887199904,0.30491960878053936,0.3188754215842693,0.26174948059416936,0.19959190505675628,0.17784253053024524,0.0,0.341743905467522,0.11576040179822933,0.0,0.364409239397516,0.4242488990301265,0.010991944807522191,0.23066173991133443,0.2136841651800636,0.11335578503868626,0.16280501231518596,0.2908510740271577,0.22149455367632265,0.0,0.08854207334941833,0.3109152556381627,0.32049412368179486,0.2908510740271577,0.1337616570365755,0.28405544533550264,0.1691284127321463,0.0,0.3343455602079344,0.23155419524697118,0.20668135348978767,0.2762058795241342,0.0,0.34965680276039235,0.2774905414396729,0.011213782343587053,0.31014552398437045,0.05954852364079177,0.3937471199064142,0.07505139730653487,0.3186335135727596,0.389119854889328,0.3683821350368399,0.21133918032754284
0.0,0.3671486016255313,0.025757386918305203,0.0708883549397804,0.0,0.3253686005444121,0.0,0.493892418720723,0.4194208750252736,0.0,0.30663183149174755,0.29104710296956804,0.0,0.16608576942299325,0.24599610120875326,0.24057472528072965,0.0,0.41262818514861355,0.0304624763192205,0.3056600014387374,0.2073007456092364,0.0,0.0,0.22624204983572171,0.35942251769184863,0.008336492771715664,0.4160018598219508,0.28220496125408445,0.1076022358765627,0.3001897575990512,0.3010172441164083,0.5114721201257423,0.3127985542635069,0.325844236959433,0.669447664670504,0.0,0.29928368486931767,0.5110848790691715,0.0,0.41900625218465815,0.40970865755780816,0.48208323142991727,0.5918525414609703,0.27617833211235543,0.06130781831556409,0.28991517542341083,0.34685368650028947,0.0,0.08552765364433934,0.0,0.0,0.3826545225477689,0.3847783811895005,0.14906001130564117,0.34913223487172995,0.2814042355415953,0.2304168948141938,0.0,0.2755612099116681,0.3059850045779613,0.23511547897272356,0.23293936652904867,0.38126160744669946,0.42679523596209434,0.46744597383051345,0.6184328077857769,0.22207674035904001,0.5943065534669019,0.5391564743395928,0.39011804476106127,0.27832306248538996,0.1570948028341994,0.47031630996988594,0.034171525886768084,0.34640113300294173,0.5188459696707398,0.47560124313469154,0.4074432362413096,0.34688833769719873,0.3239829371871268,0.421961162213109,0.40266383215882307,1.0,0.7293712501050782,0.12968418721054675,0.4433273554976588,0.5562493748756107,0.31462608742216247,0.16735729889601736,0.47548079694322776,0.40269032815980643,0.40050394609227347,0.27420142387055546,0.22369546341314206,0.36649388531724325,0.0,0.3408927020249559,0.14852417021711528,0.0,0.4618503588132712,0.42056808955530767,0.00593526233987407,0.40317948321288977,0.3671099886891007,0.13384129762527663,0.2597853419948669,0.27617833211235543,0.2115700986649276,0.0,0.11367470681174141,0.32564412587732194,0.3314756960138938,0.27617833211235543,0.12400200188779975,0.32541538332657405,0.30113760207653373,0.0,0.2688774186066434,0.1677641138888828,0.06921054260160164,0.3033636195870336,0.0,0.3577927692624294,0.4792183961861972,0.005614207537836369,0.5121141463232294,0.03493331768267627,0.23729005327468544,0.18041747708786038,0.3810809111622049,0.2919395876350296,0.28689318777589023,0.39963857569621053
0.0,0.27725156167495046,0.0418234345297952,0.22312738610277016,0.0,0.3219221861495687,0.0,0.4156772470044079,0.39742080679501535,0.0,0.21680411045872972,0.28429238113395183,0.0,0.16022729821279058,0.22832263446691237,0.34449129622402364,0.0,0.4014558353426778,0.049669673504861844,0.23318308961114775,0.31249985358754395,0.0,0.0,0.34494459184346526,0.371529084928922,0.012424385076383104,0.4840466420863614,0.08469075537778992,0.06002568724644497,0.2574334687083799,0.303189308816876,0.5398135602505597,0.29944142352990355,0.34949519978180743,0.646258285771281,0.0,0.36850487520147956,0.45057522076663203,0.0,0.6150187092652809,0.3353029585211057,0.513026773159666,0.5600112054161913,0.3282813607516306,0.0987381798508492,0.1442426479688136,0.39007143594923044,0.0,0.009230106453627984,0.0,0.0,0.34013096477426163,0.38731300102450583,0.18487640352147905,0.32646688771669985,0.22149035737131162,0.26597207179705884,0.0,0.11949596814487351,0.3101512879276689,0.26412617508311387,0.2764968490338645,0.3333453999062961,0.3541039642092585,0.40840425112483203,0.5768493875800318,0.21485273430757534,0.5350129011867278,0.5619937659066222,0.46373999124302967,0.32520829513122207,0.40497235849613133,0.452066257183649,0.052773605120497336,0.40721091607596027,0.523094577207231,0.5639511341586398,0.5339703629264576,0.3406519593968864,0.38882772826073775,0.4045358067595104,0.3956316344800741,0.7293712501050782,1.0,0.1773502300158133,0.39941600019184975,0.6313720572674115,0.31980864315592283,0.006492945364619973,0.5256659862347223,0.5762618711419271,0.3431881970179915,0.12943796073387726,0.15620980649674565,0.27868244725134594,0.0,0.31810975272283737,0.09564614242320879,0.0,0.45518911482320235,0.724883081564182,0.009140630686207407,0.31770297752018606,0.26192004149288306,0.08404288957741946,0.1444204833858156,0.3282813607516306,0.14345825147611757,0.0,0.2185620021554433,0.3301041673519247,0.33825126432357044,0.3282813607516306,0.08980430705876408,0.41574094606349976,0.29272045892327747,0.0,0.23714091431896955,0.12329754001755522,0.11224649518287233,0.22666701823670699,0.0,0.313524918308729,0.32936322530185747,0.009144669334749223,0.5569976205807071,0.05715983895113719,0.21603904709120503,0.06462764472146543,0.31505949967903546,0.22372532689668234,0.2595857240469931,0.4144795516165052
0.06385029884545701,0.28871228690674755,0.26095739329423573,0.1753907002898668,0.0,0.0,0.0,0.21264650970362553,0.0,0.0,0.3621428623383812,0.039025535648393506,0.0,0.0,0.0,0.40271154452212976,0.0,0.08175433488404049,0.05680784436469477,0.0,0.1590412647601389,0.0,0.0,0.3734441993132396,0.08835495825869966,0.01624416266662798,0.4182958354918316,0.01961441890231519,0.37193609436745056,0.02402479835685256,0.26927330690314943,0.12364271117862302,0.1951768109497669,0.010835467960186973,0.1628005262969865,0.0,0.13433319653918097,0.11749533497475895,0.0,0.27740855241662654,0.0,0.20035378934296333,0.33125202676309173,0.013498853520491183,0.3602802315890963,0.1796349911775279,0.0,0.0,0.12713018579433144,0.0,0.0,0.34716573088766767,0.1945418875510715,0.4366257125589831,0.18536213385357891,0.038164838472417584,0.11299868206240882,0.0,0.04506304813751949,0.2562320968211256,0.011267817068208896,0.20120432010686362,0.16189972652335005,0.005949870384276745,0.0314481393855045,0.043324261288227195,0.09542277889380835,0.3342596550656065,0.24826721813714492,0.20293140663350284,0.2074571966051002,0.3027166896090827,0.2200400545787795,0.05937362765872756,0.32002905634362944,0.10806097524865088,0.1389355396054084,0.3278457107554342,0.020866407619270055,0.0,0.20944916025348226,0.2011752256680317,0.12968418721054675,0.1773502300158133,1.0,0.008622007667057674,0.10759131076182538,0.0,0.11349133243060305,0.22528590058070141,0.29791060214787224,0.0,0.00901619810473453,0.06643559436194346,0.16047797946062192,0.0,0.12179460038740664,0.2815899501023973,0.0,0.0,0.1590412647601389,0.04488858695972975,0.15099621600554247,0.02129151439973742,0.1125072681922229,0.07592649128984974,0.013498853520491183,0.13548595762575277,0.0,0.1319383366297302,0.24625493989611913,0.270880433885731,0.013498853520491183,0.01493658363516881,0.18531367485222416,0.027214095773272384,0.0,0.007864089948692587,0.18509787943795208,0.2921700357289767,0.0,0.0,0.08115083921185029,0.11431980476528436,0.0131964110878654,0.007880340334681435,0.2497206067126334,0.01498577447047822,0.08204011033755432,0.017287257038170023,0.008325430261376776,0.061671056604930774,0.041391556084156456
0.0,0.20740775586826476,0.006079537823889369,0.005424108961074148,0.0,0.4983747760323085,0.0,0.4348849088911908,0.4584912227909781,0.0,0.15718002857041113,0.3653523442728126,0.0,0.5531548336235373,0.25769036659008604,0.009622008584174724,0.0,0.1865621871222516,0.007316163026265254,0.2555403950970512,0.1636929253359808,0.0,0.0,0.008566839327254883,0.6055053188686932,0.010690524615761032,0.2584604775782401,0.2812547613023395,0.0076254568843997506,0.16828721128332969,0.3987727361878719,0.23561383842079064,0.19257731404246792,0.6232485220061231,0.24800564949767656,0.0,0.008741738452665238,0.243301853298854,0.0,0.429859010062108,0.4944698035799555,0.5335359519108659,0.0691026063712431,0.2879014925266502,0.010293583450601052,0.23106027612345914,0.48740369472578515,0.0,0.13407901262456634,0.0,0.0,0.4651727626852571,0.43092460535611776,0.012748378668225535,0.4100638829835317,0.21095601741328007,0.009300606228020536,0.0,0.1876635666966301,0.3727850579648859,0.23605718301375056,0.3973119931394139,0.3748677763902032,0.4731082259997269,0.34387992241015763,0.46303606719462787,0.3177260522751668,0.40077271897514233,0.44102497390410744,0.4170138218629936,0.29041880570865963,0.011443716611832078,0.4301609213109362,0.008546622712428675,0.2179666976141743,0.20856223025605747,0.18556713756629595,0.42356806287427795,0.43169753570654446,0.5041171213949618,0.44763352792305255,0.4098108220133787,0.4433273554976588,0.39941600019184975,0.008622007667057674,1.0,0.44550471859272744,0.3433102536769186,0.25891264715284823,0.4295076092666983,0.16413768321749234,0.38453654863449094,0.2040619991801217,0.14757507869708042,0.09799672592652142,0.0,0.48700924391913647,0.08053552787564022,0.0,0.5764292352358475,0.42256467594784564,0.007738612659196065,0.4432018354430536,0.4172874920477375,0.012468443681754593,0.27155078261821375,0.2879014925266502,0.1450870547912274,0.0,0.005183437763247367,0.2437413124644615,0.20675951141281546,0.2879014925266502,0.16501793882482718,0.13642669845367905,0.5435874651991571,0.0,0.29594261952790735,0.14504206815630227,0.007599422279861767,0.2560573750530435,0.0,0.31638774406040704,0.32240609295107103,0.006993390762132234,0.7591332036418748,0.008522313885601429,0.3235425900468898,0.12878840183504625,0.33667203768910425,0.3622327403082598,0.32397709337916414,0.38489672105200734
0.0,0.21772749844897077,0.024554548782893204,0.1665682784685214,0.0,0.4460770682206482,0.0,0.4516073087845349,0.504825670202342,0.0,0.27455699813629464,0.3341261652348364,0.0,0.44116088288896194,0.31042479599085127,0.2917438112873574,0.0,0.25117619636692357,0.028707766794793477,0.5206124467725951,0.3775240490167979,0.0,0.0,0.2855938424723222,0.5581101178622422,0.012493552615170489,0.35083192646911154,0.19169464379910117,0.04272558606736243,0.3675494955117863,0.40767183842943056,0.580167700875584,0.3644969647793779,0.4351974547034835,0.39707509938304586,0.0,0.03418609852634247,0.3706910996783428,0.0,0.45729113937003085,0.5219060713862304,0.48139932815608977,0.25272250895974,0.4866528598652644,0.044855452882356706,0.3166985974412847,0.6588244794235516,0.0,0.008712538896107125,0.0,0.0,0.4653830429362573,0.3671597556859967,0.07132235471336368,0.22777751241688526,0.3997334614596939,0.03606416652098621,0.0,0.22160480239358848,0.3822958905987087,0.4221330358657107,0.4239323391140346,0.3865205116013881,0.3506994380300299,0.5553932754624052,0.3520334326250183,0.3674415872403072,0.46543556617558135,0.48969576538422377,0.4602785846729516,0.4174069779257944,0.20832968557903575,0.5194060250906809,0.033659757718756844,0.393906729409915,0.5902009468083598,0.47292647078969474,0.38107176251731056,0.40578921999766115,0.2866153421571258,0.5255272487163193,0.4563619578153091,0.5562493748756107,0.6313720572674115,0.10759131076182538,0.44550471859272744,1.0,0.42169493808640635,0.005881627490569086,0.5880899599731338,0.577340053132316,0.5416523089104053,0.24240584499176365,0.31058140582061167,0.18902307356712977,0.0,0.46298233562051494,0.15063272888573753,0.0,0.3929302968864171,0.4471888441904194,0.008983784717903176,0.420892478053994,0.3705545045855858,0.06597565634235403,0.18590156961991855,0.4866528598652644,0.21667486992993057,0.0,0.16334131295597232,0.4308509836186132,0.41821889859577643,0.4866528598652644,0.1939359477314282,0.46545609168930047,0.4990908559797894,0.0,0.3640139437244322,0.27924493049175036,0.04271522700677566,0.5278309957354745,0.0,0.3207165850397895,0.3324552204163521,0.008686430571401171,0.6272467607889548,0.032552259864882194,0.5241701189418043,0.040830615744333776,0.4478907237846905,0.515222773895848,0.45813327999036935,0.4626114402536877
0.0,0.0,0.0,0.0,0.0,0.3605015729986658,0.0,0.254372321787278,0.38882255289803114,0.0,0.07242484794336856,0.3245673913685896,0.0,0.371014733304434,0.5239667759453914,0.0,0.0,0.2619833879726957,0.0,0.45638527595735723,0.24854476605144427,0.0,0.0,0.0,0.3491986395324165,0.0,0.13405380152466706,0.09053105992921073,0.0,0.21819461054365008,0.2581546148563447,0.27738637852373826,0.14607519429634852,0.37770490455087746,0.17326749082370185,0.0,0.0,0.20576333009422898,0.0,0.17785796493134387,0.40733492270964855,0.23706691642388278,0.05008384870838922,0.3933218570459064,0.0,0.17301248587880913,0.40192260848357353,0.0,0.0,0.0,0.0,0.34420615314179304,0.33163426335320456,0.0,0.18767532213453386,0.30791383471497413,0.0,0.0,0.15029399806865662,0.23875906166772798,0.29947844003459423,0.185507366652217,0.3403907756876041,0.3788285202406594,0.2946580945141618,0.26419441886537043,0.18172721028128724,0.15011884451710178,0.27766396568902474,0.16278068845825944,0.10341454108648862,0.0,0.24840994782744252,0.0,0.3493111839635943,0.3030155305647544,0.2546197203282565,0.31279220355755655,0.3474897332935858,0.4691883053363347,0.24721170844582685,0.24277072570750313,0.31462608742216247,0.31980864315592283,0.0,0.3433102536769186,0.42169493808640635,1.0,0.0,0.2663579771955704,0.20369577626260515,0.4697280804294681,0.1690567657424652,0.19393439017744019,0.09555700009434143,0.0,0.25531924672737927,0.07126615026771532,0.0,0.4272471916984353,0.31279220355755655,0.0,0.2599121148418122,0.280817787253133,0.0,0.09704301646908209,0.3933218570459064,0.09853895574009486,0.0,0.0,0.1692299608405683,0.1551841273178982,0.3933218570459064,0.12536473496233014,0.14829641646755065,0.35090829818245317,0.0,0.2654540907972033,0.132277689143802,0.0,0.5190374576364273,0.0,0.30461894756725083,0.1892964513910883,0.0,0.5121108050490546,0.0,0.46654604287638135,0.0,0.32330673616149785,0.33967539637654953,0.3739139611730177,0.4725872835369793
0.25130766682809447,0.3810042867047593,0.0059216167158133715,0.005298049983439301,0.0,0.0,0.0,0.1569662905892002,0.0,0.0,0.20725754713381805,0.06463081924989833,0.0,0.0,0.0,0.009344035894067737,0.0,0.004846598562433302,0.007088665244620929,0.0,0.00480923898653951,0.0,0.0,0.008316806780365504,0.12868237812078553,0.010332413937463203,0.08454158343845686,0.37202377878868675,0.19904113080502872,0.0029815900004596108,0.07352148976166162,0.008496411884476474,0.007667443580026689,0.006657766495385631,0.19208765994690502,0.0,0.008481547484258334,0.05769560379195571,0.0,0.008838170973233028,0.0,0.008259658061340658,0.10969291084911126,0.006944946766576088,0.09443011254163924,0.26594503767632005,0.0,0.0,0.38338778152507236,0.0,0.0,0.005351345877727565,0.01144672647684808,0.012350256228722545,0.18823140126335647,0.061546353326766945,0.009006144497877844,0.0,0.2549883169482384,0.15544781345801628,0.005771086783847412,0.0354053590874126,0.059256235236967325,0.15273754258100047,0.1290301896124597,0.0061342990841349865,0.007690800532133779,0.1711362129777394,0.0061354751814850506,0.1442195345081474,0.1971646329035961,0.011106383691131816,0.13133297058526894,0.008296846713509165,0.006237684670299726,0.005704186835008951,0.0073339545021543495,0.006696264846574929,0.08894737990710955,0.0,0.0056870761788849755,0.12121142253246431,0.16735729889601736,0.006492945364619973,0.11349133243060305,0.25891264715284823,0.005881627490569086,0.0,1.0,0.1713732063969179,0.03525631388315098,0.0,0.1258187695123023,0.19886066497159194,0.08145163394610988,0.0,0.09130186944051089,0.3002030537279152,0.0,0.0,0.00480923898653951,0.07366745547258369,0.1853429849082715,0.07236681297692582,0.01200841503953054,0.23916110436788263,0.006944946766576088,0.19630262917765517,0.0,0.005068198407762403,0.05066580715542679,0.05573238787096946,0.006944946766576088,0.008810116055087747,0.010222156568185481,0.08446867161542992,0.0,0.004025667119404774,0.35795139049989744,0.007402020894766714,0.0,0.0,0.0970297402121082,0.1764732225798914,0.0067852379874067115,0.0048420119966441355,0.008215196224912402,0.007732743322463098,0.2511640294148063,0.0366752558294966,0.004295968512479487,0.05880064773470095,0.07104187765304515
0.0,0.3901383341776201,0.03436442291878683,0.24568600347231606,0.0,0.43658816592715677,0.0,0.5095482972957384,0.4079409572005437,0.0,0.31553107585812246,0.3844258846515829,0.0,0.38570840777518023,0.25022405561371663,0.25553093192604326,0.0,0.29479139659358444,0.41066466382233235,0.2799479043085442,0.367979397000048,0.0,0.0,0.23384202686302635,0.5006266947314891,0.07292787522692223,0.3635841536379649,0.2385732605587486,0.0589589895309508,0.26543148211566236,0.3900276892721898,0.2466788028433431,0.45083579135298235,0.36698658765702974,0.31596463519920215,0.0,0.12534898889176005,0.41693596420228884,0.0,0.6676916678882354,0.4923934771344973,0.5026902021156694,0.35995719097068246,0.20163402431800925,0.2133413944080078,0.18926135943648525,0.4074100002135208,0.0,0.06939413112757897,0.0,0.0,0.42806813024088053,0.30669666251713856,0.13184863604992925,0.24258411941830127,0.258886979584503,0.10987388649261876,0.0,0.3759555212709982,0.37538128719011177,0.1672744715019705,0.5070099437271005,0.2919393477045302,0.3299857574729902,0.38544809866479646,0.4050206104302947,0.42384857031981893,0.5421067299617139,0.5838856856228197,0.6755284598001222,0.6606097738799892,0.46665995725537357,0.7863901304402661,0.043460897632057405,0.4851709245143173,0.27394018800713615,0.20048886798326016,0.39074627548374363,0.43148208864524173,0.18706395392663056,0.539436938238924,0.3517480887199904,0.47548079694322776,0.5256659862347223,0.22528590058070141,0.4295076092666983,0.5880899599731338,0.2663579771955704,0.1713732063969179,1.0,0.6080979029828234,0.4368381970420614,0.2902300322915976,0.19792695683145922,0.4088766142492808,0.0,0.42698841342996563,0.20599498910146785,0.0,0.4550566570820669,0.40711756063933036,0.008631370013660766,0.36710019517580394,0.35538354660794624,0.0830800050831888,0.28143132060071163,0.20163402431800925,0.41327889141948204,0.0,0.1274367635795991,0.41848430751072585,0.40377358309551115,0.20163402431800925,0.2412290274764537,0.47981377907370326,0.43680053222397697,0.0,0.2788038920495257,0.1689975621590707,0.1100564394435729,0.27337751918603437,0.0,0.27006535058686887,0.3895496384555479,0.00886960050147756,0.5883245700021147,0.04689092712488896,0.2660553807181423,0.14313264106194779,0.36289478110517215,0.41213560358091916,0.38478023138297657,0.38770065460195335
0.062321989277588474,0.3478074123416419,0.05807174314628849,0.3995044701413535,0.0,0.18058786988844833,0.0,0.30609706992192376,0.1972577136182172,0.0,0.29702192540521843,0.12707873022098082,0.0,0.10486124749576908,0.1497441722144348,0.43619451705936596,0.0,0.24550332331857339,0.7199300959749335,0.1642067116942928,0.4195644243131884,0.0,0.0,0.41980367339742686,0.22239879848139832,0.015462884222261053,0.4299133502882986,0.06574171283545005,0.09880190784805776,0.24220439074181022,0.18914494065384835,0.33406139962794335,0.32425421939942733,0.18664855855870732,0.37438375908936283,0.0,0.20291243627655575,0.4090927573399423,0.0,0.6191246709357507,0.17402495224022196,0.3480856150230962,0.3751833042930971,0.3338942954553372,0.15927737231096772,0.13158365782769443,0.3970069609719288,0.0,0.012134257526673409,0.0,0.0,0.19323698407222567,0.27372932554651985,0.21814277914174496,0.160023101948906,0.16862732760766364,0.17691403241233594,0.0,0.11808632750124115,0.19489090964029365,0.2693864233011899,0.5108836340955144,0.187927112474373,0.19860298843856372,0.36846038594005737,0.17914672827027767,0.22508627116344215,0.4472292621386754,0.46072618418141875,0.6539878375331062,0.6721767110498911,0.6316841707761495,0.5088685797031814,0.06864075840831874,0.5858749645210424,0.3293894076044461,0.34069523689369907,0.5083996712355159,0.22213780056322796,0.1382148538618383,0.372949983145471,0.30491960878053936,0.40269032815980643,0.5762618711419271,0.29791060214787224,0.16413768321749234,0.577340053132316,0.20369577626260515,0.03525631388315098,0.6080979029828234,1.0,0.22679758765160263,0.10301584994672852,0.17074454655470794,0.3569348745623463,0.0,0.20135039022523893,0.08892719956057649,0.0,0.18008795496362207,0.4762767806643933,0.011905748322991516,0.21838571910822457,0.17199654485914595,0.11981190408295717,0.10508638484842425,0.3338942954553372,0.4411381272655701,0.0,0.2233681690813305,0.3388802042666965,0.35217879819452524,0.3338942954553372,0.06387319407770842,0.4716387936141009,0.16941357346849895,0.0,0.12404329949412662,0.1458585749236091,0.1784852500587435,0.14873494865849157,0.0,0.211661076051898,0.3308596366675044,0.012666717798409777,0.2710070986308897,0.07881255598973513,0.1482833464111305,0.0933597366899217,0.2676222960010033,0.1751556450356847,0.2108584345061707,0.191801520948495
0.0,0.0,0.0,0.0,0.0,0.585055380956079,0.0,0.45370463756878854,0.5799978348232202,0.0,0.23852918547641666,0.4634592375624397,0.0,0.3888542084180877,0.6278215107612573,0.0,0.0,0.47086613307094294,0.0,0.6292727500228124,0.28619664045667625,0.0,0.0,0.0,0.4185577029152332,0.0,0.17497606936921684,0.2782840497224861,0.0,0.3452190264978532,0.3234794676353556,0.3808710421591456,0.33384740030853144,0.4194300436393692,0.31385038080163197,0.0,0.0,0.311585474805088,0.0,0.23432580187697838,0.5086017069661077,0.33458649415769515,0.1338573908964844,0.3323366615598651,0.0,0.36681730175516203,0.518082524080699,0.0,0.0,0.0,0.0,0.36969082015469223,0.2700336577686384,0.0,0.2138596403401538,0.6288655481710298,0.0,0.0,0.2476622388210501,0.31133138483770795,0.32893442065623457,0.29164065631356584,0.5368767126540742,0.4815272087677722,0.3718891136149043,0.4170304222397514,0.43096227887018945,0.2652703559122147,0.43824770296506077,0.2639597381472456,0.24976638207397106,0.0,0.408291324614811,0.0,0.538132723509649,0.4458106556159471,0.25514728610805293,0.27496239472305495,0.5618334652700351,0.32078946051023083,0.45267556878600945,0.3188754215842693,0.40050394609227347,0.3431881970179915,0.0,0.38453654863449094,0.5416523089104053,0.4697280804294681,0.0,0.4368381970420614,0.22679758765160263,1.0,0.315965122798713,0.3988214563460267,0.1842905003064036,0.0,0.4349095145788231,0.16497307646440795,0.0,0.5151518845457569,0.27496239472305495,0.0,0.46145553518331717,0.4098871713158069,0.0,0.2135851289159758,0.3323366615598651,0.2394122349433161,0.0,0.0,0.3892643835798608,0.3747311430082585,0.3323366615598651,0.21250670490839552,0.33347027432287457,0.409606085987983,0.0,0.41028902527595457,0.29321527261223745,0.0,0.6113621695919368,0.0,0.4866456691933623,0.3212670994722232,0.0,0.6003958015301604,0.0,0.39589908356534154,0.0,0.6137059376405088,0.571408044970202,0.6471456174892294,0.47677080678379813
0.0,0.10833887590358571,0.007242961781878221,0.006494776434652572,0.0,0.19830385332548528,0.0,0.27521311526019454,0.25980630714578434,0.0,0.164248455061774,0.11829528256141975,0.0,0.13498541479838688,0.2299486671874853,0.00979881196352328,0.0,0.19057793229504738,0.008634426241460602,0.30590381808908007,0.15731151071586214,0.0,0.0,0.00903931311053996,0.1346474775906863,0.01137702552070674,0.08447127619547024,0.3063280747927579,0.008655346044955103,0.33595600838177275,0.1110724779644161,0.17535324250316686,0.24990998518093632,0.13713326167873852,0.21923690277933294,0.0,0.009214439621322734,0.2491001470177514,0.0,0.10175154996810276,0.31419756523973175,0.12224550966175551,0.15079927932783488,0.15850885932389713,0.01032815925874675,0.24773395597635794,0.19296725117666447,0.0,0.10419661674671754,0.0,0.0,0.12326477393339264,0.13083591381092796,0.01216825578007008,0.0977013265145722,0.26862231989053587,0.009878832715121466,0.0,0.5099126494777901,0.1081508477226567,0.13143749293291118,0.11385931987340758,0.3389874591701936,0.3576118431427373,0.28372084309580714,0.2500499785653323,0.13542556707143172,0.14463707635629153,0.16301015881975633,0.16515076687154573,0.17597387073144855,0.011048979341344634,0.34194294863801855,0.009164188169318521,0.21249184094565943,0.22270346940234143,0.11221162082529457,0.1184079536777185,0.2120103429081196,0.12345391098967595,0.2065929257417376,0.26174948059416936,0.27420142387055546,0.12943796073387726,0.00901619810473453,0.2040619991801217,0.24240584499176365,0.1690567657424652,0.1258187695123023,0.2902300322915976,0.10301584994672852,0.315965122798713,1.0,0.20285951500825938,0.1259733515816135,0.0,0.17409355019953088,0.24038866881596532,0.0,0.36683504071818507,0.11601472211600761,0.008244317370713738,0.18365514427698348,0.262688919726798,0.012345917397231343,0.2128276763838769,0.15850885932389713,0.1932255019758854,0.0,0.006218152346938122,0.16251867431182765,0.16128408841245845,0.15850885932389713,0.1419530347149991,0.16693984882384771,0.12924348700185795,0.0,0.15250439877056432,0.18481046241347687,0.00806416786261721,0.2537228134863685,0.0,0.3367645080316767,0.22306379126857812,0.008273748181323981,0.17354179612478016,0.009966858059824668,0.24488198707901454,0.00944421031641407,0.37745861166628725,0.38176773947668075,0.3229781622758743,0.14802458693131837
0.31687017208205237,0.0,0.0,0.0,0.0,0.2243522685135504,0.0,0.2946068431945754,0.29727498950474607,0.0,0.31601727311025174,0.20355861218544136,0.0,0.10771152266575912,0.1412762872309543,0.0,0.0,0.11773023935912852,0.0,0.35059924778589213,0.1475511388502987,0.0,0.0,0.0,0.38235588592460956,0.0,0.2378196527104215,0.30633620973274867,0.13638113421337672,0.21040758952452676,0.21527618488834366,0.21380082276958312,0.14125695566963448,0.15487145641375488,0.16425063983064703,0.0,0.0,0.30544136537620326,0.0,0.10861562672311897,0.20508532366147048,0.11473741816336436,0.1579363539708163,0.14399258415751226,0.0,0.37453780228536016,0.23553035113973653,0.0,0.0,0.0,0.0,0.12705282359498127,0.1640741370926111,0.0,0.10011316565241035,0.4808106984443723,0.0,0.0,0.36691664218195996,0.24624799861778035,0.15198933318282504,0.15944466668808255,0.47578355502509695,0.276845682890153,0.40043579602104995,0.15620575088988053,0.15727467537505113,0.09834385077594943,0.20270033705936197,0.23146251193061174,0.23661455696454192,0.0,0.23211687595254438,0.0,0.12843298839177664,0.2794569696652315,0.11528819430098369,0.11831555940739402,0.32901812743748426,0.1301471153481335,0.2529897582711943,0.19959190505675628,0.22369546341314206,0.15620980649674565,0.06643559436194346,0.14757507869708042,0.31058140582061167,0.19393439017744019,0.19886066497159194,0.19792695683145922,0.17074454655470794,0.3988214563460267,0.20285951500825938,1.0,0.24595184391936953,0.0,0.36870235379080885,0.2036325185779715,0.0,0.18143285284167854,0.11831555940739402,0.09096090307310889,0.396672368541096,0.300511047072179,0.0,0.2804399075691446,0.14399258415751226,0.25433523456751206,0.0,0.0,0.28849301686705675,0.29365119621546243,0.14399258415751226,0.09728126697542527,0.20799036620244982,0.4131496799319392,0.0,0.19263777522202152,0.5734991529125636,0.0,0.3119855493036747,0.0,0.3766505192322541,0.33020480201297797,0.0,0.23420080114839747,0.0,0.18632073032349028,0.0,0.4638675433169974,0.26164687495968364,0.2903923399811672,0.26951329234531807
0.07987820791138622,0.10878194924413875,0.047113991962998814,0.04176843453639667,0.0,0.11877177550881202,0.0,0.24770083961129008,0.15797876504092256,0.0,0.21747789692627195,0.09381213412541167,0.0,0.05353826680243978,0.08797531534869996,0.06365100450626604,0.0,0.4047284024399196,0.20052949886159466,0.12421095051148323,0.10389057584484152,0.0,0.0,0.058674137284971395,0.17993610740221033,0.016094464099336014,0.2011973905507427,0.0978118840812785,0.09239722083319024,0.26016601313572163,0.13822167509883765,0.2207350551313938,0.19551041688020632,0.10707109214366717,0.4048649593728726,0.0,0.28357805373666123,0.493135344179918,0.0,0.24350691245445444,0.12270160751432524,0.2633414196435566,0.3964617458074262,0.07750018558504179,0.21429011638669004,0.1269351125618431,0.11683514642354242,0.0,0.04970180556473247,0.0,0.0,0.11289115560594754,0.26432737019493835,0.22009958795392415,0.10960165616965623,0.2334024860300088,0.3436057516965906,0.0,0.1792601167967549,0.2445532452172765,0.0748014252402519,0.25725711072414903,0.23712685761255958,0.2047421579378763,0.30156755912652655,0.28050207050586695,0.19467010413805852,0.17092090926150827,0.2443627303252508,0.4052196653583304,0.378264821374653,0.174291961190834,0.3807324508577643,0.059864295946701285,0.225059228341964,0.24434942918141211,0.19678190646200389,0.12270494288147771,0.19287297497711087,0.06478306598801131,0.2502141576081809,0.17784253053024524,0.36649388531724325,0.27868244725134594,0.16047797946062192,0.09799672592652142,0.18902307356712977,0.09555700009434143,0.08145163394610988,0.4088766142492808,0.3569348745623463,0.1842905003064036,0.1259733515816135,0.24595184391936953,1.0,0.0,0.23281972236856396,0.15698841159278554,0.0,0.10932146529931985,0.10321957147887428,0.0361548204380272,0.21440938624325023,0.23554682463163734,0.08573665582238377,0.12446056717758547,0.07750018558504179,0.3067310837563376,0.0,0.03983469100327708,0.23830635609252815,0.23950407380543393,0.07750018558504179,0.062459365785342835,0.2354201629006517,0.11803072791159896,0.0,0.10041724501530336,0.21541307261688825,0.13041755732448745,0.10772561637413713,0.0,0.29822579531588966,0.3076407413178657,0.01139269701007195,0.17256595447560874,0.06848554744044566,0.10384609254256205,0.06931273355378442,0.2604434029608077,0.1791623615763116,0.22787356890832544,0.13584286429813652
0.0,0.0,0.0,0.0,0.0,0.0,0.0,0.0,0.0,0.0,0.0,0.0,0.0,0.0,0.0,0.0,0.0,0.0,0.0,0.0,0.0,0.0,0.0,0.0,0.0,0.0,0.0,0.0,0.0,0.0,0.0,0.0,0.0,0.0,0.0,0.0,0.0,0.0,0.0,0.0,0.0,0.0,0.0,0.0,0.0,0.0,0.0,0.0,0.0,0.0,0.0,0.0,0.0,0.0,0.0,0.0,0.0,0.0,0.0,0.0,0.0,0.0,0.0,0.0,0.0,0.0,0.0,0.0,0.0,0.0,0.0,0.0,0.0,0.0,0.0,0.0,0.0,0.0,0.0,0.0,0.0,0.0,0.0,0.0,0.0,0.0,0.0,0.0,0.0,0.0,0.0,0.0,0.0,0.0,0.0,1.0,0.0,0.0,0.0,0.0,0.0,0.0,0.0,0.0,0.0,0.0,0.0,0.0,0.0,0.0,0.0,0.0,0.0,0.0,0.0,0.0,0.0,0.0,0.0,0.0,0.0,0.0,0.0,0.0,0.0,0.0,0.0,0.0,0.0,0.0,0.0,0.0,0.0
0.10619437819162003,0.003688455641254973,0.0028074597262326417,0.002515995673242011,0.0,0.4285722321786781,0.0,0.43618297965739683,0.43346167104002253,0.0,0.3285538242821986,0.40337860481817656,0.0,0.38727334103240674,0.21960683148584437,0.004077038225315355,0.0,0.20887700099769568,0.0033513143509822374,0.24663599197549724,0.15487530574106,0.0,0.0,0.0036088127824117633,0.6440953005131361,0.004837548044559936,0.32970655151378203,0.22214873533511414,0.0643961805809683,0.20468063188115482,0.5112516375365185,0.2289772005481453,0.25059854089030553,0.3867311358935417,0.23487999857220743,0.0,0.003680173230285244,0.2946541648826706,0.0,0.3862674758821767,0.42547296580210325,0.43653416780937904,0.1705309575463645,0.19423187465377179,0.004285957958246711,0.3580713566113425,0.42980516318963136,0.0,0.0036038479464204354,0.0,0.0,0.38308289491936576,0.2319327983281827,0.0056447993621361325,0.2036155685293204,0.3511087907296029,0.003963882628611026,0.0,0.2781860212483961,0.5171636893182597,0.17791397971397416,0.3934026441554743,0.4889775252126598,0.30219253056937645,0.45473974556931274,0.3751438080876456,0.35649336290315015,0.3282320007788184,0.4323227244844242,0.4337148453226266,0.38944419191307267,0.004935906549672464,0.4878951478453524,0.0036771768736327815,0.21568113488563734,0.2375646215974545,0.17979691916162688,0.21609688832978158,0.5450644333719846,0.21981094040045668,0.4678461388217099,0.341743905467522,0.3408927020249559,0.31810975272283737,0.12179460038740664,0.48700924391913647,0.46298233562051494,0.25531924672737927,0.09130186944051089,0.42698841342996563,0.20135039022523893,0.4349095145788231,0.17409355019953088,0.36870235379080885,0.23281972236856396,0.0,1.0,0.16423410746567635,0.0,0.3877581702087305,0.21520227489837862,0.08233016835969043,0.5227042182516096,0.42377317906670653,0.005151264351776708,0.37485596881266847,0.19423187465377179,0.24020101266711058,0.0,0.002408380392169729,0.36532690174939375,0.3227193963398106,0.19423187465377179,0.11359728620728993,0.21228773946354684,0.4539679886876484,0.0,0.3581674942360884,0.4787901081758892,0.0032127500608771786,0.2410763115786756,0.0,0.3569317599214845,0.5051446914046724,0.0032100958020978565,0.550180765425813,0.0038747292238823228,0.25251598793085683,0.0040050743216687446,0.4720466698978778,0.35601990735617806,0.3844076546427291,0.39446979508238633
0.14559635343888588,0.030454676821782378,0.18689976200793568,0.025020218392298732,0.0,0.09370701169425888,0.0,0.13224401541670228,0.10345343475131841,0.0,0.09283845826867032,0.08586101011888181,0.0,0.059416041060053826,0.11249777387679938,0.041691991352134083,0.0,0.10783572533047536,0.03252502862470119,0.1200492478553351,0.07509487855989838,0.0,0.0,0.03724602566461965,0.154031131109731,0.013600691988511882,0.14426866000648197,0.06342021479411564,0.15453077468866272,0.19499371483416028,0.10094232862113661,0.11106480006542985,0.14974272959249435,0.09055331904411923,0.10475393340748651,0.0,0.037901111555433964,0.1647426679913755,0.0,0.08917988452561476,0.16667060324420668,0.08475849535779079,0.14845237060633265,0.05822635965808742,0.1415453259894488,0.11528734402288965,0.08237679364950401,0.0,0.15073255815837316,0.0,0.0,0.07515325000730766,0.10304848728628546,0.05435159314611471,0.06758906408501186,0.16689599671641975,0.04009823454868677,0.0,0.2406026579175784,0.1487267967114042,0.04943816566540127,0.08159596633568866,0.259483751948691,0.2599506147869075,0.21296182142574493,0.15910994573859327,0.08032713877274722,0.08127761024391889,0.10437543253851167,0.11587818100850222,0.11012365054198514,0.043366587342722585,0.20144730174053527,0.03733937203017479,0.12568121300302915,0.1263468039255552,0.07659877325510955,0.07841980678038984,0.17970581863276847,0.055164380958079184,0.12858173715550314,0.11576040179822933,0.14852417021711528,0.09564614242320879,0.2815899501023973,0.08053552787564022,0.15063272888573753,0.07126615026771532,0.3002030537279152,0.20599498910146785,0.08892719956057649,0.16497307646440795,0.24038866881596532,0.2036325185779715,0.15698841159278554,0.0,0.16423410746567635,1.0,0.0,0.25669787998392124,0.07046502315366943,0.06050558526411354,0.12607048974185142,0.17412032244570363,0.05176159814098735,0.12736587233773944,0.05822635965808742,0.15910043640180438,0.0,0.024025178287543913,0.1049313359770363,0.10080505229317471,0.05822635965808742,0.0773609936693479,0.10703058112403119,0.10916902322323851,0.0,0.06483667497084844,0.27106210951827103,0.033556084387963425,0.11197666854938704,0.0,0.17694579903058028,0.1479612771164045,0.010603418201270531,0.11876060054911064,0.03703407825732152,0.1150145404871068,0.03361366703609625,0.2378770429591045,0.26737806042484036,0.24977127181113246,0.11236155604290854
0.0,0.0,0.0,0.0,0.0,0.0,0.0,0.0,0.0,0.0,0.0,0.0,0.0,0.0,0.0,0.0,0.0,0.0,0.0,0.0,0.0,0.0,0.0,0.0,0.0,0.0,0.0,0.0,0.0,0.0,0.0,0.0,0.0,0.0,0.0,0.0,0.0,0.0,0.0,0.0,0.0,0.0,0.0,0.0,0.0,0.0,0.0,0.0,0.0,0.0,0.0,0.0,0.0,0.0,0.0,0.0,0.0,0.0,0.0,0.0,0.0,0.0,0.0,0.0,0.0,0.0,0.0,0.0,0.0,0.0,0.0,0.0,0.0,0.0,0.0,0.0,0.0,0.0,0.0,0.0,0.0,0.0,0.0,0.0,0.0,0.0,0.0,0.0,0.0,0.0,0.0,0.0,0.0,0.0,0.0,0.0,0.0,0.0,1.0,0.0,0.0,0.0,0.0,0.0,0.0,0.0,0.0,0.0,0.0,0.0,0.0,0.0,0.0,0.0,0.0,0.0,0.0,0.0,0.0,0.0,0.0,0.0,0.0,0.0,0.0,0.0,0.0,0.0,0.0,0.0,0.0,0.0,0.0
0.0,0.0,0.0,0.0,0.0,0.5296510323914454,0.0,0.3314500995042402,0.48739301685444236,0.0,0.07924051644781005,0.5016542508036912,0.0,0.44243526365322994,0.3796835404238502,0.0,0.0,0.25312236028256674,0.0,0.34875488625714046,0.18810002319847907,0.0,0.0,0.0,0.4249721207614374,0.0,0.278809147144383,0.09508861973737204,0.0,0.3349520066665791,0.30312399836238524,0.2429852546567397,0.3242774239166726,0.44750742981373803,0.15930379003459327,0.0,0.0,0.30475734689964884,0.0,0.37433231738096984,0.5639894946861,0.3358991139582741,0.11438066325156382,0.2629004648458756,0.0,0.18871275040110325,0.404866775074354,0.0,0.0,0.0,0.0,0.36374879803486226,0.3764861453845276,0.0,0.35846890347134963,0.25793743432359173,0.0,0.0,0.27986230343059837,0.2930277621835682,0.21408052530571764,0.2949568424354867,0.528493324948002,0.6049461606377964,0.3225096505100482,0.6244871352518038,0.3560576562994944,0.3505616485523,0.5069330349932933,0.315354871636106,0.1653034644026351,0.0,0.42861778488558366,0.0,0.3037468323390802,0.25836956007798106,0.21010261412422582,0.5018564648598896,0.42847016270882243,0.6273205810748619,0.44293453862107246,0.364409239397516,0.4618503588132712,0.45518911482320235,0.0,0.5764292352358475,0.3929302968864171,0.4272471916984353,0.0,0.4550566570820669,0.18008795496362207,0.5151518845457569,0.36683504071818507,0.18143285284167854,0.10932146529931985,0.0,0.3877581702087305,0.25669787998392124,0.0,1.0,0.5018564648598896,0.0,0.3073370362826935,0.4060897855194714,0.0,0.1688427942467443,0.2629004648458756,0.09489653464693104,0.0,0.0,0.22542126301836973,0.1894536222573565,0.2629004648458756,0.1658730744206226,0.1677446670232028,0.4173129100892399,0.0,0.2836905505670244,0.13375504756694,0.0,0.3774255008022064,0.0,0.32393451043535737,0.2519071391907366,0.0,0.6316206709906285,0.0,0.35237396891152284,0.0,0.3777121935974219,0.5106034043181076,0.3326512764037126,0.48760392430245747
0.0,0.3002074375986514,0.0440842725647792,0.3311985109321387,0.0,0.22019196069664382,0.0,0.310560989001716,0.3354273578137812,0.0,0.18557296561134717,0.17354268708377818,0.0,0.1641811763731994,0.23483686632405265,0.4677026894013808,0.0,0.17059296523912515,0.05133030508339731,0.23201430196394757,0.35665245773646903,0.0,0.0,0.500423890244142,0.21217386108043645,0.011932148731855996,0.5173002576019594,0.05384950557378232,0.06488591748101757,0.15769392061149134,0.18104059578377651,0.2841552074154763,0.24309453432367922,0.23129655588999476,0.20929055696040066,0.0,0.05567033520880038,0.27927120710660547,0.0,0.6706616497773829,0.21695606872864137,0.2670188543963674,0.21559302044824802,0.19681226331577695,0.06737942775792238,0.10000586172084358,0.22771904481648142,0.0,0.008067253225255366,0.0,0.0,0.22535798833290077,0.38925183452303347,0.09645026886945507,0.38550912668635684,0.18998651971322023,0.05852029558612826,0.0,0.10254636305848874,0.17344863681073186,0.16028599620691597,0.24886326537869818,0.35748542158170316,0.39217437951535095,0.21104668766207157,0.38076510506855776,0.14064022062073345,0.5264750615899157,0.4957578642898448,0.4576639126327645,0.28730037027989985,0.4866704707017543,0.3116052569176171,0.05462192504239716,0.4024612656415256,0.28324790054503945,0.2861072666010589,0.7346631037893143,0.22480376466945207,0.6596707818930041,0.3898364103223849,0.4242488990301265,0.42056808955530767,0.724883081564182,0.1590412647601389,0.42256467594784564,0.4471888441904194,0.31279220355755655,0.00480923898653951,0.40711756063933036,0.4762767806643933,0.27496239472305495,0.11601472211600761,0.11831555940739402,0.10321957147887428,0.0,0.21520227489837862,0.07046502315366943,0.0,0.5018564648598896,1.0,0.009664888547028183,0.16854035847376403,0.1802899531929505,0.10192879758899676,0.066227367462391,0.19681226331577695,0.08925077170309836,0.0,0.3248099530681152,0.2803080787497372,0.290850483704132,0.19681226331577695,0.08285711096600001,0.3344621683229122,0.18876542444120725,0.0,0.1599715724530939,0.08802584895590049,0.0713495558740822,0.23334701068196828,0.0,0.29151698806068094,0.19188994748810773,0.009499016974609309,0.3083468500442703,0.05795875922387861,0.22218523236666043,0.06595379691201664,0.2137995970688148,0.20850305833833538,0.23537189982427154,0.2442495737089606
0.12928114161763482,0.0091319242976583,0.013185975368762537,0.011934564130825276,0.0,0.0,0.0,0.005767016067086184,0.0,0.0,0.10085444620153883,0.2349374372209907,0.0,0.0,0.0,0.014606963220955893,0.0,0.00892349771977985,0.015452603241064566,0.0,0.009664888547028183,0.0,0.0,0.014662919716062595,0.058212814619266195,0.37324223415679736,0.04368218872958307,0.028513930024841927,0.05610798218484403,0.0049756378668429635,0.06287190160557465,0.012513840487076933,0.010301176024856251,0.010351289108125883,0.01082450302603577,0.0,0.014918420207869598,0.064729987744499,0.0,0.010660390431745603,0.0,0.012306534188636697,0.03391524200061036,0.015178626484372737,0.015389046968058095,0.07041694754527428,0.0,0.0,0.012705054053465004,0.0,0.0,0.010626646382382865,0.014062726440026485,0.015620388476696445,0.010391360036499875,0.4863560546839598,0.015815813301592874,0.0,0.179662455529917,0.058839618781427405,0.012886518062704244,0.00800669421222533,0.12049168400924437,0.0050789109285164225,0.021940741593228452,0.009154908772101789,0.011453356043134577,0.009799070945996524,0.007416879533306275,0.02998593496075519,0.04095855237789292,0.014830065973122641,0.006454305905559621,0.014757381359382538,0.012150962865463466,0.008612426659734385,0.012057397323628205,0.012917123468998981,0.021542115481495205,0.0,0.0064493653384428695,0.010991944807522191,0.00593526233987407,0.009140630686207407,0.04488858695972975,0.007738612659196065,0.008983784717903176,0.0,0.07366745547258369,0.008631370013660766,0.011905748322991516,0.0,0.008244317370713738,0.09096090307310889,0.0361548204380272,0.0,0.08233016835969043,0.06050558526411354,0.0,0.0,0.009664888547028183,1.0,0.03984789593973037,0.03163721150756693,0.018047814081265212,0.0814954982406666,0.015178626484372737,0.09384077214597597,0.0,0.011465927747370208,0.03868836864923486,0.04352441473038926,0.015178626484372737,0.015749618237627105,0.013451869567070562,0.04508572878520667,0.0,0.007569738857028274,0.15461457070681295,0.013222127468153655,0.0,0.0,0.09920700454695897,0.1039479289575923,0.2002379764645622,0.006900859405417292,0.017552090352120908,0.016663244817229694,0.01392308171596568,0.02087369207793055,0.007141390635955536,0.006630599220234457,0.14939852281051458
0.06848309299002342,0.14495793429945514,0.013096742964075592,0.026369313452506926,0.0,0.4255345378943389,0.0,0.3934098833108406,0.4354353999930498,0.0,0.31536862943910027,0.2896487457425376,0.0,0.20036163999689194,0.18916463558439367,0.02307241556944961,0.0,0.1896617781723723,0.014981635227517054,0.3549450245058211,0.22352164543620856,0.0,0.0,0.019303136167763246,0.5005726382057808,0.004723771805717036,0.2834528971234902,0.28155711654246063,0.07145756060039332,0.22735635202550553,0.40222031854735685,0.2649047597081662,0.212832042000916,0.4377449126006865,0.2907161913648807,0.0,0.0575696759454829,0.28927598091885565,0.0,0.24009126212452525,0.3588250706680063,0.36547697170139903,0.1752485447745845,0.16814308780409926,0.06961209626579534,0.4340280999052273,0.3118457882930663,0.0,0.0027936301745649095,0.0,0.0,0.2783081221447974,0.32022431856976263,0.09859333721213315,0.18962042009140323,0.36394456019464694,0.04534521795824631,0.0,0.21292211587436527,0.39934348922992235,0.1800296496510343,0.2154354740633042,0.5165319934688751,0.2919202803399753,0.34684530125485935,0.23569197978026746,0.2516803163918153,0.23603431142425912,0.3643985380873864,0.27894773829131614,0.2552617155742498,0.07412357423721228,0.41080751411893357,0.019255163300611278,0.211476318802034,0.31574408922555863,0.16951151868720093,0.17173658673785563,0.37070220969278456,0.17442627480088535,0.36165882660160475,0.23066173991133443,0.40317948321288977,0.31770297752018606,0.15099621600554247,0.4432018354430536,0.420892478053994,0.2599121148418122,0.1853429849082715,0.36710019517580394,0.21838571910822457,0.46145553518331717,0.18365514427698348,0.396672368541096,0.21440938624325023,0.0,0.5227042182516096,0.12607048974185142,0.0,0.3073370362826935,0.16854035847376403,0.03984789593973037,1.0,0.42449142352282854,0.060744028653480386,0.23807431539046398,0.16814308780409926,0.21997660037890765,0.0,0.011603592171798627,0.30942669114029875,0.2983386274313107,0.16814308780409926,0.10470393190845029,0.28822636726740913,0.3710603789770499,0.0,0.28929720384348756,0.4189176465996509,0.05197010313337369,0.3413498991180992,0.0,0.3017401956206851,0.39197040407955275,0.0027849080478768995,0.5835873683059163,0.016648817983169195,0.2096784424372966,0.07447338888880994,0.4487047158067674,0.28807576467845475,0.30160403891422116,0.40930265935925225
0.1021295692074714,0.0,0.0,0.0,0.0,0.6261367203490757,0.0,0.2880591636013563,0.43184995863515785,0.0,0.1511526251862414,0.3412183633204796,0.0,0.381451650144895,0.26486205143863184,0.0,0.0,0.2060038177856025,0.0,0.3046467075874635,0.356353054020616,0.0,0.0,0.0,0.48024841294331,0.0,0.1437986457568623,0.1652524530395293,0.0411592052284645,0.4053446886840413,0.3197271193491362,0.2085824311222504,0.2654163932894349,0.6366334054286777,0.16849191331151403,0.0,0.0,0.3887621925294711,0.0,0.21534944640491216,0.4650160984803585,0.3892834847947667,0.1859066671862717,0.22165528160243708,0.0,0.231179332075657,0.39081134839470244,0.0,0.0,0.0,0.0,0.3234764512542595,0.19251281546759902,0.0,0.14423196255436044,0.28725213740572353,0.0,0.0,0.31088249698811066,0.313566493364414,0.18388592358036826,0.31946010761799293,0.32188942504091067,0.29534151394719266,0.43663119273949924,0.41310695085717963,0.29509605793971605,0.20675217807939728,0.29679375258858043,0.25355895469692025,0.26210195151460536,0.0,0.39841180786323693,0.0,0.23175429500880285,0.3564252078911716,0.16833178122708758,0.1802899531929505,0.46240193528366014,0.20604566079194342,0.31784498364667124,0.2136841651800636,0.3671099886891007,0.26192004149288306,0.02129151439973742,0.4172874920477375,0.3705545045855858,0.280817787253133,0.07236681297692582,0.35538354660794624,0.17199654485914595,0.4098871713158069,0.262688919726798,0.300511047072179,0.23554682463163734,0.0,0.42377317906670653,0.17412032244570363,0.0,0.4060897855194714,0.1802899531929505,0.03163721150756693,0.42449142352282854,1.0,0.0,0.1924160283091394,0.22165528160243708,0.1712013010924378,0.0,0.0,0.2777010775862355,0.2557946029041591,0.22165528160243708,0.13564733022575237,0.17027784165020998,0.4048238721365762,0.0,0.40872629674606464,0.2975231671766134,0.0,0.29190487140036003,0.0,0.33253750041465324,0.2830722245086503,0.0,0.5567121142963566,0.0,0.2736386487361019,0.0,0.5043008122004778,0.3869753952914856,0.33983003962427083,0.38619218741284755
0.0,0.10055112638489538,0.09129866998203462,0.3895443771241658,0.0,0.0,0.0,0.05959372955665321,0.0,0.0,0.09395095916205232,0.012989637170323531,0.0,0.0,0.0,0.15236320007094484,0.0,0.07166999343759106,0.11341439380114138,0.0,0.10192879758899676,0.0,0.0,0.15146006405901935,0.0,0.02487824669358496,0.10303914467246422,0.0,0.4465907524947359,0.04091492656568274,0.333067587899037,0.2415631062695095,0.07517215859203075,0.015634548953692984,0.1701095558480099,0.0,0.10782504598397735,0.0493390353333365,0.0,0.10454791702193322,0.0,0.08672082587038732,0.12675063547837184,0.0212307962787166,0.18822087912841723,0.0,0.0,0.0,0.01987644996409832,0.0,0.0,0.1157516667090337,0.23602352123963188,0.1672379276352427,0.11781510747093271,0.012729336508007894,0.11773805047440766,0.0,0.01164908778791085,0.2802807781786021,0.017000402003304993,0.061842311752084655,0.012355663094171132,0.008072623690423386,0.029480750263329747,0.07450712866451303,0.0723671846104259,0.10587513269830051,0.07720807383184025,0.07644794871367133,0.08319377669972039,0.13501647940752493,0.057071858195814396,0.10715680808860384,0.13962409294411138,0.20881225488579236,0.27841633984772307,0.15264286602278565,0.008211047248238956,0.0,0.07128241948751946,0.11335578503868626,0.13384129762527663,0.08404288957741946,0.1125072681922229,0.012468443681754593,0.06597565634235403,0.0,0.01200841503953054,0.0830800050831888,0.11981190408295717,0.0,0.012345917397231343,0.0,0.08573665582238377,0.0,0.005151264351776708,0.05176159814098735,0.0,0.0,0.10192879758899676,0.018047814081265212,0.060744028653480386,0.0,1.0,0.006054995110733152,0.0212307962787166,0.0569305932791071,0.0,0.2797707528704395,0.24438105851730008,0.27153450946366675,0.0212307962787166,0.02298796148371507,0.13470961929670655,0.0,0.0,0.011022039754050805,0.009641623255072784,0.13168007832482742,0.0,0.0,0.13413987547141626,0.09917268037813387,0.02063649675964141,0.010944184267585033,0.13641114939781873,0.024254351828367327,0.6575750875312041,0.0,0.012127175914183663,0.010952889221200302,0.01448074847412184
0.09436813263890487,0.15486829123639734,0.0030101903048331824,0.002700017934230803,0.0,0.20213971731976388,0.0,0.27325100685416104,0.17980084069750568,0.0,0.1774462825767099,0.19354896843350722,0.0,0.14273952772037635,0.10030434259374577,0.0047452335919258015,0.0,0.09314563019960276,0.0035887590520731205,0.08499763198368016,0.048539496034343044,0.0,0.0,0.00409963928964352,0.33904418156868577,0.05957738672292745,0.12790162823274354,0.30934595353940963,0.05238926987763559,0.08002496823706318,0.19819213518538015,0.0881590789864074,0.10715668599579498,0.16991256085186457,0.2049068780596799,0.0,0.004180774922882158,0.15381127961394347,0.0,0.1338245420405323,0.19007217037520752,0.16169127130017202,0.08457741626141146,0.07560994690351175,0.07981672919913418,0.2634186619997072,0.16117931147239395,0.0,0.13942908630666206,0.0,0.0,0.14518040487926864,0.128597850833293,0.00688371176206759,0.12617897404007783,0.19678535990538992,0.004476785030571473,0.0,0.25281661760005636,0.2071503173330448,0.06278481723573781,0.17286707367699328,0.18966171750465644,0.22039470862187382,0.2410785927491732,0.1562612417540452,0.14672209835095396,0.2218931504302437,0.2015891687309621,0.25374027382871334,0.23644834878374676,0.0059725194069120136,0.3558857887304212,0.004141635567912583,0.09806389393656578,0.09153615826995631,0.06786816347713354,0.06707075846529653,0.38630628903211117,0.0674631334117044,0.22073867091419908,0.16280501231518596,0.2597853419948669,0.1444204833858156,0.07592649128984974,0.27155078261821375,0.18590156961991855,0.09704301646908209,0.23916110436788263,0.28143132060071163,0.10508638484842425,0.2135851289159758,0.2128276763838769,0.2804399075691446,0.12446056717758547,0.0,0.37485596881266847,0.12736587233773944,0.0,0.1688427942467443,0.066227367462391,0.0814954982406666,0.23807431539046398,0.1924160283091394,0.006054995110733152,1.0,0.07560994690351175,0.25121984246470186,0.0,0.0025854461710449472,0.1574802544823778,0.13901479809011497,0.07560994690351175,0.04758673491744014,0.06593971529897724,0.22775114749157033,0.0,0.11826786803932798,0.1781673445862354,0.003649676363014165,0.07663486120498675,0.0,0.2419867086634102,0.3177275887034663,0.032430078999250544,0.3166517687023045,0.004145888020841593,0.08428312894583978,0.040339560687038256,0.29594817242733473,0.16505191644080153,0.2651889822154716,0.22644572261713347
0.0,0.009510329494086145,0.014910882124434699,0.013330583766327009,0.0,0.26859126523366594,0.0,0.21169522898394477,0.3129668555924652,0.0,0.08998113563444943,0.20099694509923938,0.0,0.21441532736318836,0.3076964010921348,0.016483400375627344,0.0,0.1581240803557351,0.017874984146798445,0.3625596193706402,0.2781356874653712,0.0,0.0,0.016768614061108522,0.2095155938089598,0.018250163874039993,0.09123366569849323,0.10305994014663311,0.013046521417918955,0.308718299929186,0.15665406546559868,0.4468172185064203,0.0945325750435454,0.3681826838502509,0.29919818345852334,0.0,0.017103519238670817,0.23774704361190457,0.0,0.11763271992826707,0.2245693462813647,0.23647069047359914,0.04546389478584112,0.9969135802469136,0.017610463112689212,0.10199662375903817,0.5859397779320474,0.0,0.01326336567104791,0.0,0.0,0.2087530040606519,0.3429686731828824,0.0177965011985719,0.12237668577246175,0.22454602637076493,0.018170975929174937,0.0,0.10074938699603753,0.14809918288683743,0.8272267037360349,0.11098612636104721,0.2857682343557699,0.2685022337158194,0.4931877931059818,0.16792740693973462,0.2502548309004339,0.10237305351947146,0.1853876269896496,0.12180073351839504,0.1003614044656217,0.01679612659273988,0.18418357679088337,0.01672854117070366,0.2114256313680115,0.3843300762639983,0.4138953783285493,0.19873121737426713,0.21388921649545822,0.2879538070384273,0.17954577488057866,0.2908510740271577,0.27617833211235543,0.3282813607516306,0.013498853520491183,0.2879014925266502,0.4866528598652644,0.3933218570459064,0.006944946766576088,0.20163402431800925,0.3338942954553372,0.3323366615598651,0.15850885932389713,0.14399258415751226,0.07750018558504179,0.0,0.19423187465377179,0.05822635965808742,0.0,0.2629004648458756,0.19681226331577695,0.015178626484372737,0.16814308780409926,0.22165528160243708,0.0212307962787166,0.07560994690351175,1.0,0.1293322087606551,0.0,0.012748678670538305,0.16157304080193624,0.15961922838413245,0.9969135802469136,0.22283070060650378,0.09916705616627575,0.20612364522143745,0.0,0.24861584020788252,0.17932441713820912,0.014910882124434699,0.30598987127711474,0.0,0.20823813595361973,0.1950170222595281,0.017103519238670817,0.36900900676258985,0.02074419889896928,0.6732338622742478,0.014781392588011144,0.3036633268840454,0.342119414059866,0.35211159170823003,0.2605687881154336
0.10032373808505057,0.13115086470082882,0.029739243330837217,0.026529550331933494,0.0,0.1866918126583984,0.0,0.3846745510028584,0.3662413850146884,0.0,0.2793590006602156,0.18248029174825176,0.0,0.07723895235290468,0.0753974942702127,0.0441730701497457,0.0,0.11792218431483381,0.03580292120081374,0.23736150742918827,0.14351220583726576,0.0,0.0,0.03947396030614281,0.17361914025509972,0.013225815101116534,0.16617748734513338,0.27964215933062886,0.07396832935267694,0.17791960578423915,0.1364379649049563,0.16449238550083178,0.1305189632285073,0.10179682154696557,0.2567648436063239,0.0,0.08628841586189528,0.3625028924519066,0.0,0.17112108577224783,0.10300430019949924,0.1318205120441086,0.2487726844605599,0.1293322087606551,0.2447921986601056,0.2478397009191411,0.1989293343959898,0.0,0.14352762486831638,0.0,0.0,0.09632121844710284,0.14150843735401353,0.13713568018008682,0.08802744279200936,0.32603776147238284,0.0735900888494373,0.0,0.22909690769273983,0.13848640027065084,0.13482007273001806,0.25325119212426284,0.24294289037785022,0.10988637514817534,0.23351951711384444,0.11695634201913152,0.27675791429009355,0.15487489388122433,0.27908258839415945,0.5347710640621074,0.5510224748159658,0.10487710448503451,0.4048246634660757,0.03986029277063263,0.1358608475148424,0.20692352296124605,0.09767138084505145,0.09988597311384906,0.14419119795570368,0.07020498419383536,0.30613070505346884,0.22149455367632265,0.2115700986649276,0.14345825147611757,0.13548595762575277,0.1450870547912274,0.21667486992993057,0.09853895574009486,0.19630262917765517,0.41327889141948204,0.4411381272655701,0.2394122349433161,0.1932255019758854,0.25433523456751206,0.3067310837563376,0.0,0.24020101266711058,0.15910043640180438,0.0,0.09489653464693104,0.08925077170309836,0.09384077214597597,0.21997660037890765,0.1712013010924378,0.0569305932791071,0.25121984246470186,0.1293322087606551,1.0,0.0,0.025351540026975594,0.22000400196880943,0.22238714692592065,0.1293322087606551,0.053405953570671016,0.2199511192667415,0.12724609122779018,0.0,0.15971356412991766,0.3783263217243612,0.07570321328491847,0.1880983460666238,0.0,0.2345099435095429,0.2703940696878395,0.009711880983862553,0.13994843857501893,0.04172978802981031,0.145172175443269,0.040231428584194706,0.27897290235295613,0.15848563387593417,0.3278500330867131,0.29341802073080236
0.0,0.0,0.0,0.0,0.0,0.0,0.0,0.0,0.0,0.0,0.0,0.0,0.0,0.0,0.0,0.0,0.0,0.0,0.0,0.0,0.0,0.0,0.0,0.0,0.0,0.0,0.0,0.0,0.0,0.0,0.0,0.0,0.0,0.0,0.0,0.0,0.0,0.0,0.0,0.0,0.0,0.0,0.0,0.0,0.0,0.0,0.0,0.0,0.0,0.0,0.0,0.0,0.0,0.0,0.0,0.0,0.0,0.0,0.0,0.0,0.0,0.0,0.0,0.0,0.0,0.0,0.0,0.0,0.0,0.0,0.0,0.0,0.0,0.0,0.0,0.0,0.0,0.0,0.0,0.0,0.0,0.0,0.0,0.0,0.0,0.0,0.0,0.0,0.0,0.0,0.0,0.0,0.0,0.0,0.0,0.0,0.0,0.0,0.0,0.0,0.0,0.0,0.0,0.0,0.0,0.0,0.0,0.0,1.0,0.0,0.0,0.0,0.0,0.0,0.0,0.0,0.0,0.0,0.0,0.0,0.0,0.0,0.0,0.0,0.0,0.0,0.0,0.0,0.0,0.0,0.0,0.0,0.0
0.0,0.27256681168980146,0.05893534333833994,0.24097826664661193,0.0,0.0,0.0,0.05020845735959467,0.0,0.0,0.12835833282379783,0.007174699062878154,0.0,0.0,0.0,0.4647960258848681,0.0,0.032642696600165055,0.06741735852382669,0.0,0.17167973938967718,0.0,0.0,0.5425289833525715,0.0,0.012990372465721767,0.23777497709726625,0.0,0.22425173122294284,0.016928839510903515,0.03184339877176445,0.1327073746558356,0.3562735314905887,0.00777515664487094,0.09225759033773284,0.0,0.06528539320033,0.05107473112999461,0.0,0.19847818904081482,0.0,0.11408658111831305,0.14366926009483527,0.012748678670538305,0.052441003789499896,0.0,0.0,0.0,0.009312100581883032,0.0,0.0,0.1893678432275795,0.09303101300300631,0.12277911916376072,0.040635102608093,0.0061795186254394174,0.0681980243640502,0.0,0.00355169954975898,0.022788300855691945,0.011092044746638718,0.13267821135516034,0.006233080869190388,0.003307266540690801,0.014350438502991114,0.03464522323549635,0.039125576834242226,0.2707113500141418,0.13474028824757656,0.11773343211639675,0.11983451999483974,0.242473664214914,0.09227364224232892,0.06418387766870415,0.20836371600907466,0.10853092272251896,0.1627963840837785,0.2191610364599328,0.0032675521391276607,0.0,0.0882206464029559,0.08854207334941833,0.11367470681174141,0.2185620021554433,0.1319383366297302,0.005183437763247367,0.16334131295597232,0.0,0.005068198407762403,0.1274367635795991,0.2233681690813305,0.0,0.006218152346938122,0.0,0.03983469100327708,0.0,0.002408380392169729,0.024025178287543913,0.0,0.0,0.3248099530681152,0.011465927747370208,0.011603592171798627,0.0,0.2797707528704395,0.0025854461710449472,0.012748678670538305,0.025351540026975594,0.0,1.0,0.14096719670369906,0.1611053676613704,0.012748678670538305,0.012819255759014214,0.10849810404552518,0.0,0.0,0.005445625321206848,0.004263662672800983,0.05893534333833994,0.0,0.0,0.010693268089927987,0.010719749275392432,0.012532086215446103,0.004859472903044337,0.07491968092426149,0.01377946611352443,0.23698493123678366,0.0,0.004593155371174773,0.004550214456512047,0.00646187794956532
0.06194828195349822,0.20281460928672645,0.0367002108400033,0.17773265953850126,0.0,0.3430668341955436,0.0,0.4320353336681021,0.4704603666776386,0.0,0.48085717942838524,0.23069288606662797,0.0,0.23708030207800657,0.13112400698620796,0.2655644088413134,0.0,0.13830627155904296,0.043519403940697865,0.28261294956568483,0.3019465020405039,0.0,0.0,0.2452797098620788,0.3277381471993537,0.01093248243311884,0.3059423258098313,0.19033393372145146,0.2244806829860163,0.20937375366465139,0.25014494866510173,0.4278988552006622,0.30472933625115406,0.2752572998324627,0.2703264195682924,0.0,0.04639870273621749,0.2803920462280953,0.0,0.40134158720620516,0.2621225404007328,0.35477497622626997,0.26729874142885124,0.16157304080193624,0.043700204393219755,0.19905466826583007,0.3275076791020878,0.0,0.008204350409229622,0.0,0.0,0.36389594707486816,0.2660881961135768,0.20059402045907482,0.12888176934763884,0.3040056484573901,0.049636966300075636,0.0,0.1472414141173889,0.3835521493500855,0.15520704736038204,0.3615559824396736,0.22308396122742424,0.16142332845752017,0.2991509677751987,0.23206998429113646,0.27838057365981084,0.44616338118630305,0.4392585189523498,0.3828934170895424,0.3796182644346573,0.26475799892413465,0.5094876653117396,0.04616982861600827,0.3358320867736182,0.45267329992823613,0.39570053111803927,0.3432425415525787,0.26621015486219046,0.12249208839191583,0.4325964959471089,0.3109152556381627,0.32564412587732194,0.3301041673519247,0.24625493989611913,0.2437413124644615,0.4308509836186132,0.1692299608405683,0.05066580715542679,0.41848430751072585,0.3388802042666965,0.3892643835798608,0.16251867431182765,0.28849301686705675,0.23830635609252815,0.0,0.36532690174939375,0.1049313359770363,0.0,0.22542126301836973,0.2803080787497372,0.03868836864923486,0.30942669114029875,0.2777010775862355,0.24438105851730008,0.1574802544823778,0.16157304080193624,0.22000400196880943,0.0,0.14096719670369906,1.0,0.9510332428114702,0.16157304080193624,0.07319173564126435,0.2789220347106872,0.2691462283446022,0.0,0.25104082634997915,0.29809591590911244,0.040778012044448086,0.22584753918538714,0.0,0.21605999234238948,0.2824385630050589,0.008015962882719885,0.3658360090997964,0.04998110495173502,0.18257476361249603,0.21414460249050193,0.3909058716136773,0.2519946908896413,0.303355369811771,0.27027448242695806
0.07079803651828365,0.21971582672728696,0.0419430981028609,0.20312303947257282,0.0,0.3181376533076641,0.0,0.4247843554995907,0.37780404867755246,0.0,0.4988396362808796,0.19088824309152042,0.0,0.18684399201411472,0.11994369743086886,0.29507156537923707,0.0,0.13040850463520526,0.0497364616465118,0.29191125735474877,0.31763697048877015,0.0,0.0,0.2759396735948386,0.29842754395671567,0.012147202703465365,0.31510678303443573,0.18873498041994996,0.2494229810955737,0.21101427119020133,0.2146272853090221,0.45009931422188754,0.2965099306260024,0.24598544292060798,0.27415932073241145,0.0,0.05219854057824469,0.2845308118525224,0.0,0.38884872818493554,0.22946134718828115,0.32889654155080483,0.27285500574642274,0.15961922838413245,0.04855578265913307,0.19822086653970794,0.2984824798328476,0.0,0.009229894210383338,0.0,0.0,0.3381574506004993,0.2714819928058074,0.21731018883066444,0.12217306237094494,0.31115067321249934,0.05584158708758513,0.0,0.1450037800540861,0.3644137617433897,0.15660108383602855,0.3363139279857207,0.22404563435440783,0.1569127958667037,0.28738344816238903,0.20145341016736418,0.2493334010605287,0.4384953237821575,0.4298208089683999,0.3708482957344319,0.3656771838952845,0.28882690791723764,0.44240964998803745,0.05194105719300934,0.3516378258861227,0.4748957374441507,0.41679011624355367,0.36165175435732877,0.24315352373042975,0.11199540971724975,0.41765809066353987,0.32049412368179486,0.3314756960138938,0.33825126432357044,0.270880433885731,0.20675951141281546,0.41821889859577643,0.1551841273178982,0.05573238787096946,0.40377358309551115,0.35217879819452524,0.3747311430082585,0.16128408841245845,0.29365119621546243,0.23950407380543393,0.0,0.3227193963398106,0.10080505229317471,0.0,0.1894536222573565,0.290850483704132,0.04352441473038926,0.2983386274313107,0.2557946029041591,0.27153450946366675,0.13901479809011497,0.15961922838413245,0.22238714692592065,0.0,0.1611053676613704,0.9510332428114702,1.0,0.15961922838413245,0.0652009060971277,0.2848133303321466,0.2299676575900933,0.0,0.2268379482565015,0.30321212704253253,0.04587526355000404,0.22836483231856042,0.0,0.21608550598214304,0.2718766350905696,0.009161100437394154,0.3389501855048087,0.05712126280198293,0.18075816933566324,0.2409126778018147,0.38291324396327175,0.23532546784234565,0.295078128671197,0.2744895356197118
0.0,0.009510329494086145,0.014910882124434699,0.013330583766327009,0.0,0.26859126523366594,0.0,0.21169522898394477,0.3129668555924652,0.0,0.08998113563444943,0.20099694509923938,0.0,0.21441532736318836,0.3076964010921348,0.016483400375627344,0.0,0.1581240803557351,0.017874984146798445,0.3625596193706402,0.2781356874653712,0.0,0.0,0.016768614061108522,0.2095155938089598,0.018250163874039993,0.09123366569849323,0.10305994014663311,0.013046521417918955,0.308718299929186,0.15665406546559868,0.4468172185064203,0.0945325750435454,0.3681826838502509,0.29919818345852334,0.0,0.017103519238670817,0.23774704361190457,0.0,0.11763271992826707,0.2245693462813647,0.23647069047359914,0.04546389478584112,0.9969135802469136,0.017610463112689212,0.10199662375903817,0.5859397779320474,0.0,0.01326336567104791,0.0,0.0,0.2087530040606519,0.3429686731828824,0.0177965011985719,0.12237668577246175,0.22454602637076493,0.018170975929174937,0.0,0.10074938699603753,0.14809918288683743,0.8272267037360349,0.11098612636104721,0.2857682343557699,0.2685022337158194,0.4931877931059818,0.16792740693973462,0.2502548309004339,0.10237305351947146,0.1853876269896496,0.12180073351839504,0.1003614044656217,0.01679612659273988,0.18418357679088337,0.01672854117070366,0.2114256313680115,0.3843300762639983,0.4138953783285493,0.19873121737426713,0.21388921649545822,0.2879538070384273,0.17954577488057866,0.2908510740271577,0.27617833211235543,0.3282813607516306,0.013498853520491183,0.2879014925266502,0.4866528598652644,0.3933218570459064,0.006944946766576088,0.20163402431800925,0.3338942954553372,0.3323366615598651,0.15850885932389713,0.14399258415751226,0.07750018558504179,0.0,0.19423187465377179,0.05822635965808742,0.0,0.2629004648458756,0.19681226331577695,0.015178626484372737,0.16814308780409926,0.22165528160243708,0.0212307962787166,0.07560994690351175,0.9969135802469136,0.1293322087606551,0.0,0.012748678670538305,0.16157304080193624,0.15961922838413245,1.0,0.22283070060650378,0.09916705616627575,0.20612364522143745,0.0,0.24861584020788252,0.17932441713820912,0.014910882124434699,0.30598987127711474,0.0,0.20823813595361973,0.1950170222595281,0.017103519238670817,0.36900900676258985,0.02074419889896928,0.6732338622742478,0.014781392588011144,0.3036633268840454,0.342119414059866,0.35211159170823003,0.2605687881154336
0.0,0.011011590983941333,0.015051829328324051,0.013417380236805498,0.0,0.12164733325846455,0.0,0.08945592977598538,0.12866783007426386,0.0,0.038753016493128456,0.08380708274591464,0.0,0.10665520824266761,0.20232229569933913,0.017559669030721814,0.0,0.12911224258137033,0.018162912063788283,0.18912772832233038,0.07702172065362745,0.0,0.0,0.017463614696853536,0.10215596831135754,0.020077172669209387,0.048561574429389465,0.03517931197060864,0.014694715525365165,0.1241846051875033,0.06995496176986404,0.23083023128552105,0.10594117498237232,0.21453848625341332,0.09917341254212741,0.0,0.01783452354112769,0.17446976275541448,0.0,0.06813599130474435,0.16176289678184586,0.14580678046781625,0.060212680389945095,0.22283070060650378,0.018758459564452434,0.08634821106086954,0.11913847039143821,0.0,0.01524179021282901,0.0,0.0,0.08721883884365123,0.21143506040478321,0.019517039433541328,0.06009258313628463,0.16105569742092385,0.019108599379890734,0.0,0.13876043865855614,0.07035750068318014,0.19168900554968116,0.07071377354497876,0.25202971109061467,0.20474026965055514,0.24291831935431918,0.13222976925032937,0.12872544075584214,0.060359836395850075,0.09192742048509239,0.06576696908770041,0.05053331645214698,0.018204126448057245,0.13454034583785224,0.017537823003618835,0.1625389422074669,0.13660345123283957,0.07383511887656491,0.08653974049935331,0.16224814314498992,0.09975469349276878,0.11471936337086452,0.1337616570365755,0.12400200188779975,0.08980430705876408,0.01493658363516881,0.16501793882482718,0.1939359477314282,0.12536473496233014,0.008810116055087747,0.2412290274764537,0.06387319407770842,0.21250670490839552,0.1419530347149991,0.09728126697542527,0.062459365785342835,0.0,0.11359728620728993,0.0773609936693479,0.0,0.1658730744206226,0.08285711096600001,0.015749618237627105,0.10470393190845029,0.13564733022575237,0.02298796148371507,0.04758673491744014,0.22283070060650378,0.053405953570671016,0.0,0.012819255759014214,0.07319173564126435,0.0652009060971277,0.22283070060650378,1.0,0.09015577403396713,0.09525479267180448,0.0,0.09090845274529447,0.08189443819118403,0.015426663553416042,0.20147915914202885,0.0,0.1619042965916362,0.09862776122115302,0.017346977086697968,0.19998077125777536,0.021240771048283036,0.2425955886244544,0.017100290880769697,0.18018684312217403,0.2553975330463607,0.21899459064689808,0.11006357617498796
0.0,0.215031240570991,0.0653170424727646,0.25798424672168085,0.0,0.1755872590732901,0.0,0.33559949943711653,0.25178839762470706,0.0,0.22149573177332926,0.10021832066742686,0.0,0.07598449285496978,0.10846533740882158,0.21769364260108037,0.0,0.22454802698086618,0.07833392625587032,0.3048375412437564,0.34941290853202545,0.0,0.0,0.1963524592203364,0.15785199954720164,0.018361591523972542,0.2750038177303604,0.10091051150938601,0.0931240371317783,0.2211412675518587,0.1531163037956209,0.2523913454336568,0.29046802242208325,0.15446838474810998,0.26982478942888233,0.0,0.18726775921190508,0.4094268348462623,0.0,0.47538507841186894,0.17908181756565167,0.2627171714747931,0.2938743118456597,0.09916705616627575,0.16572151724167228,0.17830901608679384,0.21016708516729343,0.0,0.014660500145703748,0.0,0.0,0.17053318113077254,0.2628872860159627,0.2181019127119782,0.1544938240977235,0.28030774024855176,0.17394420999546212,0.0,0.1549346696185958,0.15940496781066105,0.13003347035889368,0.24057448783276114,0.25442261167580804,0.2136642745253715,0.278318356298053,0.19637613588297365,0.6394875554460795,0.31198645823089177,0.4755365724761301,0.40302843689865586,0.37455625608016696,0.44594395911914786,0.3812876954354605,0.07849561748732703,0.34896510660745617,0.3075215625610891,0.15370576733378571,0.2608137801305853,0.19661878506096753,0.10000586172084358,0.3815571011647295,0.28405544533550264,0.32541538332657405,0.41574094606349976,0.18531367485222416,0.13642669845367905,0.46545609168930047,0.14829641646755065,0.010222156568185481,0.47981377907370326,0.4716387936141009,0.33347027432287457,0.16693984882384771,0.20799036620244982,0.2354201629006517,0.0,0.21228773946354684,0.10703058112403119,0.0,0.1677446670232028,0.3344621683229122,0.013451869567070562,0.28822636726740913,0.17027784165020998,0.13470961929670655,0.06593971529897724,0.09916705616627575,0.2199511192667415,0.0,0.10849810404552518,0.2789220347106872,0.2848133303321466,0.09916705616627575,0.09015577403396713,1.0,0.11301456322797854,0.0,0.1676549824739617,0.13721075162581542,0.1701521296894195,0.2801998824221046,0.0,0.26545458112782105,0.2111840076119057,0.014384335294330253,0.23513547291766068,0.09107043433661022,0.14392835691422146,0.10603014272338507,0.3080123804357875,0.246507962810941,0.25515464728449666,0.15580846371442325
0.1499694220221639,0.0,0.0,0.0,0.0,0.4734403742756079,0.0,0.31608175697306173,0.4295704193569627,0.0,0.15628973138597335,0.4301050222868166,0.0,0.7215948747789935,0.2560436536554236,0.0,0.0,0.17069576910361572,0.0,0.25401731287377904,0.16266109608697277,0.0,0.0,0.0,0.7338221633027544,0.0,0.19530009890472222,0.12190281735311537,0.055346775674940174,0.1611067485226807,0.5255703661719843,0.1846985188701905,0.18376820662382531,0.48623762493531053,0.12962676725769307,0.0,0.0,0.18636508308973454,0.0,0.29866123806351763,0.5692705868527687,0.4937620825101402,0.06833265313819714,0.20612364522143745,0.0,0.18222008292994685,0.5836555192738754,0.0,0.0,0.0,0.0,0.5798767228684623,0.2247358034701329,0.0,0.13483244602943367,0.24312746260483498,0.0,0.0,0.18655510623484184,0.47532056028598535,0.16556054738123127,0.5115418712172551,0.33730098753268023,0.24957441697387217,0.33035801159053024,0.3257405818810679,0.3140931973045302,0.22251121754911662,0.32573692571737434,0.3185563754236811,0.31192744683374163,0.0,0.4240467651034949,0.0,0.2048349229243389,0.20046750390240886,0.16717054768198925,0.18876542444120725,0.4571741980301425,0.23595678055150904,0.36390050677711905,0.1691284127321463,0.30113760207653373,0.29272045892327747,0.027214095773272384,0.5435874651991571,0.4990908559797894,0.35090829818245317,0.08446867161542992,0.43680053222397697,0.16941357346849895,0.409606085987983,0.12924348700185795,0.4131496799319392,0.11803072791159896,0.0,0.4539679886876484,0.10916902322323851,0.0,0.4173129100892399,0.18876542444120725,0.04508572878520667,0.3710603789770499,0.4048238721365762,0.0,0.22775114749157033,0.20612364522143745,0.12724609122779018,0.0,0.0,0.2691462283446022,0.2299676575900933,0.20612364522143745,0.09525479267180448,0.11301456322797854,1.0,0.0,0.30754956365225494,0.2803284791733589,0.0,0.2542827672629516,0.0,0.2340838102539856,0.25042590526997643,0.0,0.7151531472459915,0.0,0.23495826528896246,0.0,0.33163197403568834,0.3379059117829465,0.30547182900431946,0.4955471625732668
0.0,0.0,0.0,0.0,0.0,0.0,0.0,0.0,0.0,0.0,0.0,0.0,0.0,0.0,0.0,0.0,0.0,0.0,0.0,0.0,0.0,0.0,0.0,0.0,0.0,0.0,0.0,0.0,0.0,0.0,0.0,0.0,0.0,0.0,0.0,0.0,0.0,0.0,0.0,0.0,0.0,0.0,0.0,0.0,0.0,0.0,0.0,0.0,0.0,0.0,0.0,0.0,0.0,0.0,0.0,0.0,0.0,0.0,0.0,0.0,0.0,0.0,0.0,0.0,0.0,0.0,0.0,0.0,0.0,0.0,0.0,0.0,0.0,0.0,0.0,0.0,0.0,0.0,0.0,0.0,0.0,0.0,0.0,0.0,0.0,0.0,0.0,0.0,0.0,0.0,0.0,0.0,0.0,0.0,0.0,0.0,0.0,0.0,0.0,0.0,0.0,0.0,0.0,0.0,0.0,0.0,0.0,0.0,0.0,0.0,0.0,0.0,0.0,0.0,0.0,0.0,1.0,0.0,0.0,0.0,0.0,0.0,0.0,0.0,0.0,0.0,0.0,0.0,0.0,0.0,0.0,0.0,0.0
0.0,0.0060498069515506625,0.0062156251180469635,0.005656570081355228,0.0,0.5013635231915081,0.0,0.30244516836629065,0.4402452605759273,0.0,0.11878927716827736,0.25149106865225024,0.0,0.32951459646588377,0.2072599591683506,0.00899441545122659,0.0,0.1428129355709482,0.007212777389094316,0.3688734968375098,0.2142241919917578,0.0,0.0,0.00821776652070072,0.33189479326564,0.009694187511512742,0.09345574541137747,0.1349421147621066,0.007044602828096824,0.22680017163215138,0.21749825925677346,0.21849088319900167,0.1459855636788836,0.5797738939883115,0.1712742312302704,0.0,0.008351333025685914,0.21721212313858917,0.0,0.16485684976047943,0.3269334717220933,0.25919217546708007,0.052834831399635296,0.24861584020788252,0.009501064029839745,0.17817267498882294,0.42235571149828743,0.0,0.0062852483263940995,0.0,0.0,0.2609017174793685,0.18883942802832543,0.011164835413959073,0.11700361161256456,0.26682748240603715,0.00876823558856843,0.0,0.1591800243071868,0.21979660541996482,0.24780052139099462,0.22386706670139322,0.23296478730916204,0.20530724927896904,0.2802761329120059,0.2253420396476764,0.2668569378538105,0.1597428477204148,0.2805319659772567,0.18011214723117042,0.16048385494057427,0.010272883641171848,0.2620296286810373,0.008197150269230846,0.17183824446618812,0.2662910809512212,0.14286052996523058,0.16148805405754896,0.3451748616264334,0.1938820621533719,0.3090090442418256,0.3343455602079344,0.2688774186066434,0.23714091431896955,0.007864089948692587,0.29594261952790735,0.3640139437244322,0.2654540907972033,0.004025667119404774,0.2788038920495257,0.12404329949412662,0.41028902527595457,0.15250439877056432,0.19263777522202152,0.10041724501530336,0.0,0.3581674942360884,0.06483667497084844,0.0,0.2836905505670244,0.1599715724530939,0.007569738857028274,0.28929720384348756,0.40872629674606464,0.011022039754050805,0.11826786803932798,0.24861584020788252,0.15971356412991766,0.0,0.005445625321206848,0.25104082634997915,0.2268379482565015,0.24861584020788252,0.09090845274529447,0.1676549824739617,0.30754956365225494,0.0,1.0,0.1613613123277986,0.007458750141656312,0.3563453499776459,0.0,0.20876180199239314,0.16679535713796656,0.006959444188071595,0.451129677268846,0.008119049077014107,0.2783283079401455,0.006840054284447783,0.33529068342610246,0.2997018854328156,0.31467821874854396,0.3590469994184744
0.41148419572388106,0.006124524537763798,0.004995535862313938,0.004460225785184457,0.0,0.253196274277224,0.0,0.2701881612214314,0.303565840760866,0.0,0.37805708312830255,0.2600341939333771,0.0,0.0846776182179293,0.0990700624043499,0.007468897942277231,0.0,0.08848125283695507,0.0060063864226360675,0.2388163994187359,0.1365870185743565,0.0,0.0,0.006625694667795168,0.524647160078006,0.008702309920625706,0.27547766639336546,0.336793565737036,0.2312639975853964,0.17685051239091565,0.34947831809897334,0.16975198888527532,0.10612239320831607,0.16794178436625584,0.17265747408596777,0.0,0.006763060404855636,0.30859121548154134,0.0,0.09437285679358032,0.1479569200494394,0.12561330002995819,0.21683891846432612,0.17932441713820912,0.007923955006406636,0.37036617756049206,0.18714996242642035,0.0,0.006185751516398996,0.0,0.0,0.09417529018485304,0.19803088880816644,0.010199902714902898,0.07829120829019376,0.4386740763445892,0.007269642061100368,0.0,0.4378019208082147,0.36507025061130116,0.1537659409572587,0.1427857094629763,0.47038817671122035,0.17432427333651224,0.4430317065441468,0.12197832535562902,0.15207785913856697,0.08586085796650811,0.18157822659821854,0.2795317661713437,0.30151545076004294,0.008992385901568478,0.27771779063321167,0.006701413869563133,0.09567980227325135,0.18960875007951028,0.08826027042228646,0.08929508530249919,0.2949696947076519,0.09181891738463632,0.20778732848116488,0.23155419524697118,0.1677641138888828,0.12329754001755522,0.18509787943795208,0.14504206815630227,0.27924493049175036,0.132277689143802,0.35795139049989744,0.1689975621590707,0.1458585749236091,0.29321527261223745,0.18481046241347687,0.5734991529125636,0.21541307261688825,0.0,0.4787901081758892,0.27106210951827103,0.0,0.13375504756694,0.08802584895590049,0.15461457070681295,0.4189176465996509,0.2975231671766134,0.009641623255072784,0.1781673445862354,0.17932441713820912,0.3783263217243612,0.0,0.004263662672800983,0.29809591590911244,0.30321212704253253,0.17932441713820912,0.08189443819118403,0.13721075162581542,0.2803284791733589,0.0,0.1613613123277986,1.0,0.005868231034050875,0.18370405091276132,0.0,0.28876259093612355,0.31000152070130294,0.005742357338679005,0.21772072875249115,0.0069949408767575605,0.24089191040286662,0.006914944602497086,0.46036531365577504,0.27592446807950677,0.3155611954808236,0.39746467745070924
0.0,0.272291575154858,0.06763915272662158,0.08820403706985913,0.0,0.0,0.0,0.1476441914843949,0.0,0.0,0.25610143179211353,0.009197406816445874,0.0,0.0,0.0,0.39772594387946003,0.0,0.13428031417695707,0.07905410439489524,0.0,0.0713495558740822,0.0,0.0,0.3997345656604321,0.0,0.015948039591288765,0.27415364639544926,0.0,0.09015628413040755,0.025520691248795413,0.23662594058992836,0.05367213184736408,0.11660561696601579,0.01013256303981569,0.12600024762358408,0.0,0.22380052362826175,0.0935904207543995,0.0,0.15933185580279707,0.0,0.2074741299619457,0.28156352362908454,0.014910882124434699,0.1601449839577439,0.0,0.0,0.0,0.012454944379063915,0.0,0.0,0.4656100049401922,0.08939386457987752,0.6686055190724647,0.2829244709101435,0.008140890534697354,0.18838731541357345,0.0,0.0058601227632205655,0.1836121288748026,0.012693526318324655,0.12070198102027196,0.008075731534972874,0.004998968912372614,0.0192093477291585,0.046652586838674015,0.14130098431405091,0.2794052041590924,0.20618782945663283,0.10855582759639115,0.118365679595417,0.19350824139701484,0.08197547096847291,0.07536634107929752,0.3914113222158625,0.043951800297778454,0.061532520416889835,0.3521233146731402,0.004793218247148512,0.0,0.1921041027357283,0.20668135348978767,0.06921054260160164,0.11224649518287233,0.2921700357289767,0.007599422279861767,0.04271522700677566,0.0,0.007402020894766714,0.1100564394435729,0.1784852500587435,0.0,0.00806416786261721,0.0,0.13041755732448745,0.0,0.0032127500608771786,0.033556084387963425,0.0,0.0,0.0713495558740822,0.013222127468153655,0.05197010313337369,0.0,0.13168007832482742,0.003649676363014165,0.014910882124434699,0.07570321328491847,0.0,0.05893534333833994,0.040778012044448086,0.04587526355000404,0.014910882124434699,0.015426663553416042,0.1701521296894195,0.0,0.0,0.007458750141656312,0.005868231034050875,1.0,0.0,0.0,0.08203974195707309,0.06440000032198401,0.014615441607630397,0.006755042026543756,0.4775393000371462,0.01634057309489334,0.10209675410935393,0.0,0.0070031027549543046,0.006482163075313463,0.009090564909439935
0.0,0.0,0.0,0.0,0.0,0.32190997496769835,0.0,0.30388313277709367,0.4316372530709265,0.0,0.1311836649622018,0.2398382516214077,0.0,0.2659457249923941,0.37962868093087554,0.0,0.0,0.18981434046543777,0.0,0.8129001099833504,0.3290974187362935,0.0,0.0,0.0,0.2565094992642025,0.0,0.10000586172084358,0.16397958120275224,0.0,0.3133211260324238,0.18779633601485313,0.3768472583249911,0.18074342473072325,0.29214074764190545,0.1827822358865031,0.0,0.0,0.2431123482262716,0.0,0.13160072730612515,0.3581636351313032,0.1789091922892463,0.07469877966162208,0.30598987127711474,0.0,0.32689986282578876,0.4728759416264102,0.0,0.0,0.0,0.0,0.2503951146864707,0.2509888784705998,0.0,0.140008206409181,0.4374355217459529,0.0,0.0,0.22505075071306913,0.17686055420928748,0.42075036573785507,0.132972862496197,0.3983566968249842,0.35591844199077827,0.3249997360756909,0.24558513488644984,0.22126702784170782,0.11292749469796182,0.23968652824128434,0.14005619314190465,0.11348561400902712,0.0,0.24193813667535857,0.0,0.2530857872872503,0.4571766709100611,0.18591868582311444,0.23334701068196828,0.26750393944072304,0.35002051602295237,0.29343522243973785,0.2762058795241342,0.3033636195870336,0.22666701823670699,0.0,0.2560573750530435,0.5278309957354745,0.5190374576364273,0.0,0.27337751918603437,0.14873494865849157,0.6113621695919368,0.2537228134863685,0.3119855493036747,0.10772561637413713,0.0,0.2410763115786756,0.11197666854938704,0.0,0.3774255008022064,0.23334701068196828,0.0,0.3413498991180992,0.29190487140036003,0.0,0.07663486120498675,0.30598987127711474,0.1880983460666238,0.0,0.0,0.22584753918538714,0.22836483231856042,0.30598987127711474,0.20147915914202885,0.2801998824221046,0.2542827672629516,0.0,0.3563453499776459,0.18370405091276132,0.0,1.0,0.0,0.30531290601203565,0.192957942945169,0.0,0.3715976298322521,0.0,0.45815675378217935,0.0,0.3986042570345485,0.4367337666808597,0.3842541244743036,0.32430421499541295
0.0,0.0,0.0,0.0,0.0,0.0,0.0,0.0,0.0,0.0,0.0,0.0,0.0,0.0,0.0,0.0,0.0,0.0,0.0,0.0,0.0,0.0,0.0,0.0,0.0,0.0,0.0,0.0,0.0,0.0,0.0,0.0,0.0,0.0,0.0,0.0,0.0,0.0,0.0,0.0,0.0,0.0,0.0,0.0,0.0,0.0,0.0,0.0,0.0,0.0,0.0,0.0,0.0,0.0,0.0,0.0,0.0,0.0,0.0,0.0,0.0,0.0,0.0,0.0,0.0,0.0,0.0,0.0,0.0,0.0,0.0,0.0,0.0,0.0,0.0,0.0,0.0,0.0,0.0,0.0,0.0,0.0,0.0,0.0,0.0,0.0,0.0,0.0,0.0,0.0,0.0,0.0,0.0,0.0,0.0,0.0,0.0,0.0,0.0,0.0,0.0,0.0,0.0,0.0,0.0,0.0,0.0,0.0,0.0,0.0,0.0,0.0,0.0,0.0,0.0,0.0,0.0,0.0,0.0,0.0,0.0,1.0,0.0,0.0,0.0,0.0,0.0,0.0,0.0,0.0,0.0,0.0,0.0
0.040408921769720996,0.11493410841608964,0.012538085139928268,0.061447244102081244,0.0,0.24173078551444904,0.0,0.3458871005615942,0.32775048234057613,0.0,0.26843587393526835,0.2904927533713475,0.0,0.16580125418567293,0.3930702387906033,0.032049648018974475,0.0,0.35954964579783744,0.015083873307089046,0.31084582194235755,0.2519508767303138,0.0,0.0,0.026385709913020694,0.2598225202940492,0.006820465874681325,0.26891046030398447,0.2846509835674844,0.0542476407171717,0.34583652936912146,0.2886581901001828,0.2570995348456657,0.25510856431804163,0.20734671129690763,0.3137136689549729,0.0,0.019308621946498072,0.31658478635100273,0.0,0.28424802837506213,0.29770500678843237,0.19375089143852542,0.20284091186865882,0.20823813595361973,0.034942425333061244,0.31234686724082406,0.23726868079070607,0.0,0.0478914778871522,0.0,0.0,0.2691578127169699,0.3015572008299001,0.07930706769726215,0.2703504679924734,0.5698359508719817,0.020603078336769554,0.0,0.320188686554022,0.32558876447293006,0.17586238415110655,0.1575115013075864,0.6114597715876877,0.5173241147206633,0.4202167810566608,0.31495711881395483,0.178382967220595,0.27674000110792396,0.3385588833913067,0.3028237163455876,0.2052610469730527,0.03563953377790696,0.27267863838560036,0.018950763010072147,0.3890935069939834,0.36122031326236004,0.21319680726793444,0.2979456788088932,0.37106496928140387,0.2941641449087502,0.33738278993306703,0.34965680276039235,0.3577927692624294,0.313524918308729,0.08115083921185029,0.31638774406040704,0.3207165850397895,0.30461894756725083,0.0970297402121082,0.27006535058686887,0.211661076051898,0.4866456691933623,0.3367645080316767,0.3766505192322541,0.29822579531588966,0.0,0.3569317599214845,0.17694579903058028,0.0,0.32393451043535737,0.29151698806068094,0.09920700454695897,0.3017401956206851,0.33253750041465324,0.13413987547141626,0.2419867086634102,0.20823813595361973,0.2345099435095429,0.0,0.010693268089927987,0.21605999234238948,0.21608550598214304,0.20823813595361973,0.1619042965916362,0.26545458112782105,0.2340838102539856,0.0,0.20876180199239314,0.28876259093612355,0.08203974195707309,0.30531290601203565,0.0,1.0,0.5926279769772876,0.004437617277759709,0.2893700785773201,0.11431805283497831,0.2636269505085167,0.05734144540985342,0.46753374141042336,0.40873254577487583,0.44604236303296485,0.31975434316127616
0.07884119357134767,0.1773844290788702,0.012619525823165056,0.04384052144219042,0.0,0.21901668549477527,0.0,0.3698817321481426,0.25162798600478986,0.0,0.34536476214676837,0.255874734771256,0.0,0.16833861398764216,0.2223077811840396,0.026807355014390022,0.0,0.2704536552513114,0.07842889273482712,0.19939191236800058,0.11730314853404611,0.0,0.0,0.022526451666318725,0.3574791357629017,0.008572219023807004,0.24180976174712532,0.3087927676428126,0.05712825646640485,0.23516315204994231,0.29159981062779716,0.3278327140953068,0.2060631912102755,0.19478378413606312,0.46732094708467387,0.0,0.09829277943793224,0.38892747951068884,0.0,0.2798104768955624,0.3316478119453474,0.24902596192408766,0.3255371026869365,0.1950170222595281,0.038384974645545245,0.37408237716224724,0.29315108145554714,0.0,0.09324049404944612,0.0,0.0,0.2279243226618407,0.22023186127142824,0.08368070413966389,0.232632186269222,0.43172094952036244,0.07289131521663506,0.0,0.36845054230429874,0.32545149176071275,0.16465910528176442,0.23213429376063144,0.4512251752639407,0.3650814913726196,0.4311043314212938,0.3526943509351843,0.17880542989089077,0.30982714537402045,0.30096331236051044,0.46508408704082904,0.3575246393616056,0.04947592052854921,0.4096056229190319,0.01774002876098968,0.2431300495527443,0.3451134335570756,0.29483070634128816,0.19815111214626224,0.3813193541979474,0.184623779701251,0.3531540194929905,0.2774905414396729,0.4792183961861972,0.32936322530185747,0.11431980476528436,0.32240609295107103,0.3324552204163521,0.1892964513910883,0.1764732225798914,0.3895496384555479,0.3308596366675044,0.3212670994722232,0.22306379126857812,0.33020480201297797,0.3076407413178657,0.0,0.5051446914046724,0.1479612771164045,0.0,0.2519071391907366,0.19188994748810773,0.1039479289575923,0.39197040407955275,0.2830722245086503,0.09917268037813387,0.3177275887034663,0.1950170222595281,0.2703940696878395,0.0,0.010719749275392432,0.2824385630050589,0.2718766350905696,0.1950170222595281,0.09862776122115302,0.2111840076119057,0.25042590526997643,0.0,0.16679535713796656,0.31000152070130294,0.06440000032198401,0.192957942945169,0.0,0.5926279769772876,1.0,0.005601330534417581,0.2972943710588367,0.08213191264300723,0.16617375930108835,0.09563224986857899,0.435739320147676,0.2764279603549632,0.30961512444930894,0.2755605206097952
0.0,0.009300452432727702,0.014615441607630397,0.013093951120955682,0.0,0.0,0.0,0.00567137116148464,0.0,0.0,0.009318521805879776,0.0091390415208914,0.0,0.0,0.0,0.016120766824791244,0.0,0.008357965397279288,0.01745207458841913,0.0,0.009499016974609309,0.0,0.0,0.016395890410294323,0.0,0.3590723026205982,0.011138725558324514,0.0,0.01274301042917969,0.004204774312784876,0.008087199137896572,0.013395766374432183,0.01080884250810965,0.01049008614319824,0.011645655380153164,0.0,0.016715930794558687,0.05783106404070315,0.0,0.011326418876417277,0.0,0.013025898011295833,0.014476277223787304,0.017103519238670817,0.017199622769605516,0.0,0.0,0.0,0.012915032150465189,0.0,0.0,0.010554987884054623,0.015495580320446956,0.01737378602277706,0.010535820953301078,0.07735467849667266,0.017733397145122676,0.0,0.0886360339098593,0.005928161890296324,0.014248525461913908,0.007405197082334669,0.008299526591535877,0.00430176920930847,0.008406003185018052,0.009056176944681749,0.012142330700309234,0.01035259979673031,0.007567459251326625,0.007533447413839545,0.008065291465600644,0.016419213022974777,0.006408620311167623,0.016356264088319028,0.012275143052685511,0.008430490243644395,0.012645735365466537,0.01316205281178251,0.004431110293280804,0.0,0.006596747476059983,0.011213782343587053,0.005614207537836369,0.009144669334749223,0.0131964110878654,0.006993390762132234,0.008686430571401171,0.0,0.0067852379874067115,0.00886960050147756,0.012666717798409777,0.0,0.008273748181323981,0.0,0.01139269701007195,0.0,0.0032100958020978565,0.010603418201270531,0.0,0.0,0.009499016974609309,0.2002379764645622,0.0027849080478768995,0.0,0.02063649675964141,0.032430078999250544,0.017103519238670817,0.009711880983862553,0.0,0.012532086215446103,0.008015962882719885,0.009161100437394154,0.017103519238670817,0.017346977086697968,0.014384335294330253,0.0,0.0,0.006959444188071595,0.005742357338679005,0.014615441607630397,0.0,0.0,0.004437617277759709,0.005601330534417581,1.0,0.0065563038394989,0.020176780629033053,0.019011497198975325,0.014350057269520988,0.0,0.006337165732991812,0.006256286190280624,0.008710060152128385
0.0,0.006549575594821722,0.005699566709896353,0.005085102151006993,0.0,0.7020886616750327,0.0,0.463740988023541,0.6434435330375143,0.0,0.13361008768564475,0.6335488621219592,0.0,0.6979509536537435,0.3741501287512239,0.008524074916259061,0.0,0.3010684506915122,0.006858902837123648,0.3612862919878055,0.20459156708177573,0.0,0.0,0.007614968290893254,0.7422888155404318,0.009802996474333026,0.21725679773028927,0.14718337403501613,0.007246787500633567,0.22794358420620364,0.6147638784646251,0.3355015912051198,0.3179934438732053,0.7574668019459728,0.2380943378721323,0.0,0.00777043418014689,0.2321737905652823,0.0,0.4105565367712787,0.7183114454704319,0.7258766322828878,0.10745095877426558,0.36900900676258985,0.0090496305565827,0.24773175322150143,0.6342853593471839,0.0,0.006803675742536153,0.0,0.0,0.6830295786047433,0.37003967744088495,0.011314125383875329,0.25428513796213803,0.30234421735681605,0.008329301955502189,0.0,0.1602022473808966,0.5663913881518899,0.30025643273563685,0.5599017413088159,0.3464369899608061,0.3632884272487926,0.45387309841085743,0.5028684589153949,0.5115787838822284,0.3902222764583718,0.5358725600847318,0.3693974280996408,0.3688486976805436,0.010098056210313677,0.5768095990001691,0.007680358673542664,0.334727709193823,0.30568304503480737,0.29669465821639185,0.309015774661892,0.6416257693716603,0.34503990021077113,0.46622484788277974,0.31014552398437045,0.5121141463232294,0.5569976205807071,0.007880340334681435,0.7591332036418748,0.6272467607889548,0.5121108050490546,0.0048420119966441355,0.5883245700021147,0.2710070986308897,0.6003958015301604,0.17354179612478016,0.23420080114839747,0.17256595447560874,0.0,0.550180765425813,0.11876060054911064,0.0,0.6316206709906285,0.3083468500442703,0.006900859405417292,0.5835873683059163,0.5567121142963566,0.010944184267585033,0.3166517687023045,0.36900900676258985,0.13994843857501893,0.0,0.004859472903044337,0.3658360090997964,0.3389501855048087,0.36900900676258985,0.19998077125777536,0.23513547291766068,0.7151531472459915,0.0,0.451129677268846,0.21772072875249115,0.006755042026543756,0.3715976298322521,0.0,0.2893700785773201,0.2972943710588367,0.0065563038394989,1.0,0.007989669267751354,0.4169565882250469,0.0076049482529695345,0.4576485699681673,0.43752136821002985,0.4091464288389377,0.7335119187145628
0.0,0.05816663714956982,0.08957188777443725,0.07879999873026056,0.0,0.0,0.0,0.03106625704865651,0.0,0.0,0.13302611884827398,0.010635040818929964,0.0,0.0,0.0,0.10077939737435038,0.0,0.052555058840070834,0.11074877680093598,0.0,0.05795875922387861,0.0,0.0,0.10269063823367452,0.0,0.02207055549596515,0.060583138558536476,0.0,0.08060001048075327,0.025800832343301994,0.2693061547204001,0.06767496236991022,0.06667539136340628,0.012783470828402144,0.06663149075905195,0.0,0.10511011768014178,0.038828440696611066,0.0,0.07086963097037924,0.0,0.06255760242262076,0.09225148831142294,0.02074419889896928,0.08477757980268996,0.0,0.0,0.0,0.016119340846850183,0.0,0.0,0.35001187511615495,0.05208122847968677,0.214572566094692,0.06694912591878499,0.00992209418683132,0.11298136241145396,0.0,0.006872582663279281,0.2796524017595615,0.01668851481000788,0.04549039220281714,0.010003494762604204,0.005087812720572793,0.02193830365610938,0.057947674210479305,0.06073250113636297,0.06480185390107096,0.046739145840213325,0.04703700324779936,0.05035003850216291,0.08998130038510843,0.03337636271739253,0.1024796025843927,0.0788433165324145,0.0531104118113741,0.07966561771706104,0.08598721655137642,0.0054276364839837,0.0,0.04117630657452209,0.05954852364079177,0.03493331768267627,0.05715983895113719,0.2497206067126334,0.008522313885601429,0.032552259864882194,0.0,0.008215196224912402,0.04689092712488896,0.07881255598973513,0.0,0.009966858059824668,0.0,0.06848554744044566,0.0,0.0038747292238823228,0.03703407825732152,0.0,0.0,0.05795875922387861,0.017552090352120908,0.016648817983169195,0.0,0.13641114939781873,0.004145888020841593,0.02074419889896928,0.04172978802981031,0.0,0.07491968092426149,0.04998110495173502,0.05712126280198293,0.02074419889896928,0.021240771048283036,0.09107043433661022,0.0,0.0,0.008119049077014107,0.0069949408767575605,0.4775393000371462,0.0,0.0,0.11431805283497831,0.08213191264300723,0.020176780629033053,0.007989669267751354,1.0,0.02361916524899732,0.09594862641171109,0.0,0.00787305508299907,0.007749368202309981,0.010605885912645663
0.0,0.010539814803241843,0.01634057309489334,0.014461792776869431,0.0,0.3008737249873672,0.0,0.24058876403744112,0.35201165899804243,0.0,0.10257566000425278,0.2275595309261732,0.0,0.24520210557576805,0.3507638565633532,0.018262955149186744,0.0,0.18013480258142045,0.019969504083203415,0.4530446847895617,0.261388233944432,0.0,0.0,0.018598605720681616,0.23772261732958955,0.020590160005426017,0.10283547666684001,0.11762150878251387,0.014548191195588922,0.26287380425586315,0.17823626871128728,0.3331029398558021,0.1761961559327374,0.41122715458254455,0.18734791803177164,0.0,0.019011497198975325,0.21657295693595313,0.0,0.13297578704790824,0.32854837470100784,0.2652562856678573,0.08447522881663472,0.6732338622742478,0.019641292302419955,0.15271891792739312,0.2835796633932066,0.0,0.015016363272045141,0.0,0.0,0.23750264413261413,0.3850045615179133,0.019893831760124936,0.1381787013657072,0.2834901152345761,0.0203443166550743,0.0,0.21409490078886761,0.16758297327598837,0.5479612976912579,0.12674721490051466,0.3591942685649472,0.34732578213120857,0.38192504813572625,0.23555455571023487,0.275707311177265,0.11513574504226276,0.2098644188302201,0.13747216230292536,0.11295796755997056,0.0186510194160312,0.23416596782367927,0.018557563265356514,0.24092168450952134,0.28044884751562815,0.18158519757027847,0.22456647911736805,0.25206968793911977,0.3253362074191364,0.2119862388233924,0.3937471199064142,0.23729005327468544,0.21603904709120503,0.01498577447047822,0.3235425900468898,0.5241701189418043,0.46654604287638135,0.007732743322463098,0.2660553807181423,0.1482833464111305,0.39589908356534154,0.24488198707901454,0.18632073032349028,0.10384609254256205,0.0,0.25251598793085683,0.1150145404871068,0.0,0.35237396891152284,0.22218523236666043,0.016663244817229694,0.2096784424372966,0.2736386487361019,0.024254351828367327,0.08428312894583978,0.6732338622742478,0.145172175443269,0.0,0.01377946611352443,0.18257476361249603,0.18075816933566324,0.6732338622742478,0.2425955886244544,0.14392835691422146,0.23495826528896246,0.0,0.2783283079401455,0.24089191040286662,0.01634057309489334,0.45815675378217935,0.0,0.2636269505085167,0.16617375930108835,0.019011497198975325,0.4169565882250469,0.02361916524899732,1.0,0.016992064610442115,0.335195551977858,0.5839736084762436,0.46740375602230655,0.3014935969074919
0.0,0.30820530877376806,0.06308183815578505,0.19918725304155027,0.0,0.0,0.0,0.09645944730977707,0.0,0.0,0.14513270017707058,0.008391886299002227,0.0,0.0,0.0,0.12347561551643904,0.0,0.04485362365923917,0.0790497255188185,0.0,0.06595379691201664,0.0,0.0,0.11802464162832049,0.0,0.01907028679335021,0.08035017640234676,0.13029471235590484,0.3804789982988639,0.023859731578831256,0.15538315820008441,0.18872030121906103,0.06178366558629078,0.011407422379454246,0.21457935783248017,0.0,0.08410054436107339,0.038405886908373876,0.0,0.08738623308369009,0.0,0.06344386019669612,0.10932317571738115,0.014781392588011144,0.15340521157122033,0.0,0.0,0.0,0.013070636022756155,0.0,0.0,0.07525359743981197,0.17515889130428453,0.1488669681310334,0.21913350081353822,0.009408551904994789,0.09087014372469149,0.0,0.006842261217806067,0.12548146120440795,0.011733587499459519,0.038478568833974824,0.009480916259595684,0.10708856334377459,0.021978774411877677,0.05335441550405173,0.05365339885406628,0.1656454302875674,0.06257548813823433,0.1137437964496073,0.13732661313551398,0.11179550659205117,0.03993004068851491,0.08188732008828725,0.0915211888618156,0.158760642169806,0.2222648990377284,0.10050429499389946,0.005376947653386366,0.0,0.05952146446457651,0.07505139730653487,0.18041747708786038,0.06462764472146543,0.08204011033755432,0.12878840183504625,0.040830615744333776,0.0,0.2511640294148063,0.14313264106194779,0.0933597366899217,0.0,0.00944421031641407,0.0,0.06931273355378442,0.0,0.0040050743216687446,0.03361366703609625,0.0,0.0,0.06595379691201664,0.01392308171596568,0.07447338888880994,0.0,0.6575750875312041,0.040339560687038256,0.014781392588011144,0.040231428584194706,0.0,0.23698493123678366,0.21414460249050193,0.2409126778018147,0.014781392588011144,0.017100290880769697,0.10603014272338507,0.0,0.0,0.006840054284447783,0.006914944602497086,0.10209675410935393,0.0,0.0,0.05734144540985342,0.09563224986857899,0.014350057269520988,0.0076049482529695345,0.09594862641171109,0.016992064610442115,1.0,0.0,0.00728231340447516,0.007517278821149498,0.00908283052187342
0.043018875977087534,0.0,0.0,0.0,0.0,0.4360561148948999,0.0,0.425233216415696,0.4628381936166118,0.0,0.30373992061127775,0.2939293114051301,0.0,0.2856384225965021,0.40845720994476786,0.0,0.0,0.36546171416110806,0.0,0.4640943660783132,0.315361003453859,0.0,0.0,0.0,0.3910258631302579,0.0,0.19427935320401235,0.31802781609977715,0.023582275452902035,0.4904963926662884,0.29363293792990186,0.34242586244041706,0.306074667814479,0.3571272133290979,0.40588667332637574,0.0,0.0,0.4166648228323053,0.0,0.23530414625622065,0.415204022558641,0.3126882275444538,0.2000334318550322,0.3036633268840454,0.0,0.39693243411607426,0.4528298504122217,0.0,0.0,0.0,0.0,0.2856859479674816,0.2245243424956932,0.0,0.19241963736193335,0.5264713214738446,0.0,0.0,0.3053848995404489,0.2948444182957459,0.28904439700514084,0.27313970168894186,0.5625135939716841,0.4633084522462496,0.5166991327710143,0.32798159697930274,0.3105831680581551,0.2256920778257464,0.3601666816645064,0.3124361906601374,0.3118354982272755,0.0,0.3925485421381041,0.0,0.38576514272561413,0.4512602179825689,0.2641391985300372,0.2137995970688148,0.5462256323278272,0.2263760439552157,0.3869064530111973,0.3186335135727596,0.3810809111622049,0.31505949967903546,0.017287257038170023,0.33667203768910425,0.4478907237846905,0.32330673616149785,0.0366752558294966,0.36289478110517215,0.2676222960010033,0.6137059376405088,0.37745861166628725,0.4638675433169974,0.2604434029608077,0.0,0.4720466698978778,0.2378770429591045,0.0,0.3777121935974219,0.2137995970688148,0.02087369207793055,0.4487047158067674,0.5043008122004778,0.0,0.29594817242733473,0.3036633268840454,0.27897290235295613,0.0,0.0,0.3909058716136773,0.38291324396327175,0.3036633268840454,0.18018684312217403,0.3080123804357875,0.33163197403568834,0.0,0.33529068342610246,0.46036531365577504,0.0,0.3986042570345485,0.0,0.46753374141042336,0.435739320147676,0.0,0.4576485699681673,0.0,0.335195551977858,0.0,1.0,0.6320710322363061,0.6570424413798047,0.3397188042411201
0.0,0.006707154874790233,0.00544685769829778,0.00482059759228981,0.0,0.37548450846886494,0.0,0.2734313883158408,0.3709550736237799,0.0,0.13450014614262673,0.30278770207261785,0.0,0.3554643206152377,0.5427519640666222,0.009131477574593316,0.0,0.40944041019983857,0.006656501361067768,0.4376033066984979,0.23642585421278006,0.0,0.0,0.007970831023149216,0.33472441790970864,0.010295080002713064,0.13752854981238605,0.14985145968452973,0.007274095597794461,0.39437880023775507,0.2746730645644725,0.3298448167179384,0.32744271255526525,0.39719681840613297,0.28682133306704927,0.0,0.008147784513846568,0.2722438781109222,0.0,0.21229568450135516,0.469410862144755,0.32985146009768607,0.17756316657394478,0.342119414059866,0.009820646151209922,0.2620402600085159,0.3470875457640894,0.0,0.006435584259447902,0.0,0.0,0.3138496248669247,0.3227501836176394,0.012659711120079575,0.1648732464552114,0.41494606341835594,0.0087189928521747,0.0,0.3160318678852372,0.2603565455289444,0.2799021524040777,0.26867132151774353,0.5409214003530417,0.5504005048452328,0.4368600071188393,0.370492660062429,0.33013697095277816,0.19794223544871448,0.2687919753178478,0.20743300934400388,0.19799724200997115,0.011190611649618765,0.3444686432492443,0.007953241399438538,0.46824987497165593,0.3386782177614569,0.19516560794332793,0.20952359266006715,0.4761523396363847,0.24060635435110644,0.31896637042245835,0.389119854889328,0.2919395876350296,0.22372532689668234,0.008325430261376776,0.3622327403082598,0.515222773895848,0.33967539637654953,0.004295968512479487,0.41213560358091916,0.1751556450356847,0.571408044970202,0.38176773947668075,0.26164687495968364,0.1791623615763116,0.0,0.35601990735617806,0.26737806042484036,0.0,0.5106034043181076,0.20850305833833538,0.007141390635955536,0.28807576467845475,0.3869753952914856,0.012127175914183663,0.16505191644080153,0.342119414059866,0.15848563387593417,0.0,0.004593155371174773,0.2519946908896413,0.23532546784234565,0.342119414059866,0.2553975330463607,0.246507962810941,0.3379059117829465,0.0,0.2997018854328156,0.27592446807950677,0.0070031027549543046,0.4367337666808597,0.0,0.40873254577487583,0.2764279603549632,0.006337165732991812,0.43752136821002985,0.00787305508299907,0.5839736084762436,0.00728231340447516,0.6320710322363061,1.0,0.7446729505331923,0.2693349567318797
0.0,0.006548577720762561,0.005386784184248983,0.004773364318823026,0.0,0.4048295404075921,0.0,0.37657221967906307,0.4424826218912187,0.0,0.20730785203474744,0.27721260128043734,0.0,0.2737170698495668,0.5467331939285267,0.00834334810756987,0.0,0.4507176203518446,0.006567437094402218,0.4992322270095344,0.24864240781401192,0.0,0.0,0.0073697201630027465,0.3115757226466964,0.0097260654364687,0.2051825620218981,0.2278320833096824,0.007112757880843756,0.32193488667296777,0.26228694080765025,0.32605495226133185,0.2851606068877318,0.34461718846322253,0.36305777555091034,0.0,0.0075318072911501055,0.3405862406660154,0.0,0.21332550380682236,0.3817710680555655,0.2886551871710157,0.16142965110814034,0.35211159170823003,0.15161120913892112,0.26602208617451795,0.3663255784935242,0.0,0.08170346647967963,0.0,0.0,0.2884313402081934,0.31812502537263543,0.011419128555848479,0.19849855487532608,0.5078201791102327,0.008115818243202177,0.0,0.2494694591584562,0.2533284059482531,0.2956264007895819,0.2269151151753367,0.500543364380354,0.4945893235352854,0.385453237575035,0.3023356251372773,0.3033639586753558,0.2005632368126149,0.3181754573252673,0.2469140495038593,0.2328333686982168,0.010073566263059663,0.36111823949340727,0.007435036239490378,0.49621691390587486,0.3294865792048376,0.2287535516818121,0.23674584590544556,0.5022188218532168,0.258051525708619,0.3329641432628314,0.3683821350368399,0.28689318777589023,0.2595857240469931,0.061671056604930774,0.32397709337916414,0.45813327999036935,0.3739139611730177,0.05880064773470095,0.38478023138297657,0.2108584345061707,0.6471456174892294,0.3229781622758743,0.2903923399811672,0.22787356890832544,0.0,0.3844076546427291,0.24977127181113246,0.0,0.3326512764037126,0.23537189982427154,0.006630599220234457,0.30160403891422116,0.33983003962427083,0.010952889221200302,0.2651889822154716,0.35211159170823003,0.3278500330867131,0.0,0.004550214456512047,0.303355369811771,0.295078128671197,0.35211159170823003,0.21899459064689808,0.25515464728449666,0.30547182900431946,0.0,0.31467821874854396,0.3155611954808236,0.006482163075313463,0.3842541244743036,0.0,0.44604236303296485,0.30961512444930894,0.006256286190280624,0.4091464288389377,0.007749368202309981,0.46740375602230655,0.007517278821149498,0.6570424413798047,0.7446729505331923,1.0,0.3009807320742588
0.11993080388114319,0.007530117517150714,0.007575470757866576,0.006761064194689248,0.0,0.45209396991120554,0.0,0.32702927112806157,0.4831663456428952,0.0,0.21949322402761795,0.6603183727021488,0.0,0.22993732657136712,0.32686601671733284,0.011186217831164247,0.0,0.22371738457964074,0.009110539645106108,0.3152024898427769,0.18039908319449616,0.0,0.0,0.010243696486298526,0.5551930640347003,0.012421166487813662,0.17551149975135072,0.11953275155039289,0.050084597311799706,0.1863679432966936,0.46040410001454113,0.23600869857654838,0.13963050677719313,0.5023417169068171,0.1646405422207271,0.0,0.010452072182554062,0.21190559510520024,0.0,0.16778943484147424,0.4967365430777897,0.332621586483275,0.08966429621171745,0.2605687881154336,0.011964321689924007,0.2333558947967589,0.291307828265567,0.0,0.008129891547316026,0.0,0.0,0.4891916001417238,0.2716993965557094,0.014110924397487734,0.1781070212362873,0.4210584329058913,0.011117630493624464,0.0,0.2561116415183605,0.4396062300635093,0.2050240368478975,0.158411732408545,0.39529027146752804,0.3008367329779076,0.3227956475900001,0.22433671600946492,0.15877390769505273,0.19915079526239343,0.36009119923041255,0.17561698811417448,0.1391189854780035,0.012827980121320248,0.36065413101064836,0.010219469319891483,0.26920112913772765,0.25128799709375604,0.22158091582633332,0.24663995558805096,0.435154654585588,0.2979334631186672,0.21489891542738138,0.21133918032754284,0.39963857569621053,0.4144795516165052,0.041391556084156456,0.38489672105200734,0.4626114402536877,0.4725872835369793,0.07104187765304515,0.38770065460195335,0.191801520948495,0.47677080678379813,0.14802458693131837,0.26951329234531807,0.13584286429813652,0.0,0.39446979508238633,0.11236155604290854,0.0,0.48760392430245747,0.2442495737089606,0.14939852281051458,0.40930265935925225,0.38619218741284755,0.01448074847412184,0.22644572261713347,0.2605687881154336,0.29341802073080236,0.0,0.00646187794956532,0.27027448242695806,0.2744895356197118,0.2605687881154336,0.11006357617498796,0.15580846371442325,0.4955471625732668,0.0,0.3590469994184744,0.39746467745070924,0.009090564909439935,0.32430421499541295,0.0,0.31975434316127616,0.2755605206097952,0.008710060152128385,0.7335119187145628,0.010605885912645663,0.3014935969074919,0.00908283052187342,0.3397188042411201,0.2693349567318797,0.3009807320742588,1.0
