23576,5202,10111,81848,9217,79677,128338,51060,10579,9949,10274,8935,57646,1072,79039,55740,55602,55247,11180,83464,56616,29844,23235,79884,9736,57568,55333,9373,23481,65084,79745,9197,4214,285237,493856,8502,91319,140809,30061,10827,10059,9928,196528,10152,79056,56937,27032,65979,55605,26578,8325,57153,2824,441027,9060,55298,58513,57531,137970,51192,10735,2936,55366,134492,124491,221184,55114,80777,84343,5641,84557,2562,84131,55193,146057,92610,3209,121506,9204,91860,4815,51768,80005,1954,27436,64839,197370,659,55759,131034,7750,50807,57606,81631,51065,118813,146760,84561,57619,2012,2188,5519,80315,79109,58517,4739,3916,80023,57446,4674,51174,5584,84498,59277,54602,59345,3507,10205,8879,55198,27295,57620,5058,134218,54510,57111,55619,29110,57534,821,8800,4034,6801,8428,207063,10254,7357,4683,59349,253260,11262,55601,55161,84275,2177,55612,9538,1457,7088,6478,55775,5170,26156,27101,2923,51441,64121,9209,29767,54806,5985,153364,57590,7532,8284,56947,116442,152330,127262,3106,27293,63916,55109,7837,81617,8315,5583,91801,51735,54733,55379,64782,90806,54892,84152,51643,81542,221935,2052,9236,2673,57019,9392,57530,7259,92344,84879,728498,7818,140689,116841,7402,283131,4763,246175,5289,3955,3964,1520,5727,57463,29990,23286,51657,71,56259,4077,54964,440498,4065,598,54206,54431,129531
1.0,0.237,0.233,0.197,0.163,0.221,0.224,0.407,0.116,0.247,0.095,0.795,0.322,0.192,0.235,0.108,0.3,0.18,0.318,0.324,0.264,0.292,0.324,0.129,0.302,0.247,0.252,0.308,0.259,0.147,0.133,0.147,0.228,0.231,0.185,0.227,0.239,0.143,0.12,0.247,0.137,0.239,0.281,0.194,0.201,0.193,0.144,0.228,0.148,0.316,0.187,0.203,0.159,0.129,0.24,0.259,0.126,0.253,0.108,0.133,0.095,0.317,0.229,0.273,0.08,0.201,0.207,0.297,0.116,0.29,0.201,0.294,0.138,0.283,0.268,0.215,0.152,0.217,0.115,0.117,0.17,0.186,0.159,0.153,0.179,0.25,0.208,0.275,0.233,0.201,0.21,0.123,0.096,0.222,0.249,0.175,0.157,0.139,0.155,0.107,0.202,0.191,0.261,0.247,0.175,0.264,0.225,0.183,0.296,0.078,0.189,0.264,0.223,0.112,0.24,0.242,0.151,0.134,0.358,0.299,0.117,0.089,0.297,0.273,0.164,0.223,0.173,0.271,0.278,0.183,0.283,0.146,0.317,0.354,0.287,0.294,0.232,0.263,0.214,0.289,0.164,0.12,0.197,0.295,0.192,0.189,0.246,0.326,0.298,0.341,0.174,0.29,0.21,0.104,0.207,0.234,0.268,0.247,0.128,0.197,0.209,0.247,0.135,0.284,0.193,0.116,0.185,0.17,0.206,0.148,0.273,0.148,0.193,0.188,0.826,0.346,0.327,0.192,0.193,0.247,0.826,0.222,0.204,0.187,0.346,0.254,0.2,0.09,0.254,0.245,0.229,0.214,0.32,0.186,0.247,0.093,0.212,0.136,0.266,0.094,0.112,0.193,0.199,0.248,0.244,0.25,0.171,0.11,0.245,0.222,0.118,0.217,0.362,0.287,0.167,0.162,0.254,0.771,0.279,0.116,0.292,0.173,0.25,0.1
0.237,1.0,0.225,0.119,0.176,0.233,0.185,0.124,0.242,0.467,0.188,0.28,0.356,0.263,0.163,0.23,0.421,0.137,0.248,0.249,0.252,0.282,0.212,0.222,0.323,0.467,0.135,0.249,0.299,0.344,0.365,0.228,0.183,0.22,0.172,0.271,0.163,0.145,0.157,0.467,0.262,0.211,0.224,0.267,0.3,0.129,0.207,0.218,0.305,0.233,0.175,0.209,0.224,0.123,0.248,0.192,0.217,0.238,0.186,0.18,0.188,0.244,0.206,1.0,0.204,0.205,0.27,0.174,0.279,0.22,0.192,0.263,0.265,0.254,0.236,0.17,0.139,0.503,0.284,0.272,0.27,0.169,0.179,0.133,0.354,0.181,0.229,0.18,0.243,0.205,0.338,0.263,0.295,0.205,0.184,0.237,0.163,0.205,0.225,0.208,0.19,0.185,0.216,0.268,0.199,0.273,0.296,0.285,0.284,0.163,0.31,0.259,0.232,0.182,0.198,0.194,0.138,0.237,0.193,0.204,0.242,0.118,0.274,1.0,0.256,0.245,0.167,0.174,0.241,0.419,0.278,0.152,0.215,0.244,0.195,0.237,0.204,0.222,0.183,0.294,0.164,0.109,0.285,0.255,0.148,0.311,0.259,0.411,0.208,0.26,0.131,0.214,0.202,0.108,0.497,0.211,0.206,0.467,0.215,0.19,0.163,0.467,0.12,0.229,0.217,0.275,0.267,0.215,0.294,0.145,0.262,0.263,0.251,0.253,0.266,0.208,0.244,0.182,0.182,0.467,0.266,0.148,0.206,0.287,0.239,0.154,0.196,0.17,0.175,0.267,0.201,0.18,0.243,0.375,0.467,0.192,0.215,0.321,0.194,0.176,0.168,0.193,0.189,0.2,0.313,0.217,0.134,0.115,0.206,0.156,0.214,0.213,0.247,0.238,0.216,0.154,0.174,0.323,0.213,0.132,0.196,0.165,0.355,0.175
0.233,0.225,1.0,0.083,0.181,0.6,0.163,0.215,0.152,0.269,0.201,0.383,0.338,0.195,0.434,0.127,0.282,0.549,0.32,0.314,0.207,0.555,0.269,0.149,0.221,0.269,0.11,0.233,0.304,0.425,0.307,0.134,0.249,0.145,0.181,0.17,0.23,0.148,0.088,0.269,0.2,0.248,0.406,0.234,0.143,0.094,0.145,0.195,0.146,0.179,0.104,0.168,0.129,0.09,0.199,0.356,0.109,0.246,0.091,0.113,0.201,0.262,0.176,0.306,0.138,0.245,0.142,0.235,0.211,0.255,0.219,0.182,0.213,0.418,0.235,0.133,0.245,0.235,0.159,0.162,0.147,0.151,0.1,0.15,0.217,0.212,0.585,0.184,0.276,0.245,0.248,0.133,0.146,0.226,0.288,0.164,0.132,0.145,0.171,0.101,0.514,0.221,0.223,0.206,0.237,0.253,0.139,0.136,0.196,0.273,0.185,0.285,0.134,0.103,0.227,0.147,0.153,0.115,0.24,0.199,0.151,0.066,0.357,0.306,0.145,0.151,0.117,0.279,0.223,0.201,0.239,0.106,0.158,0.3,0.288,0.212,0.218,0.852,0.193,0.255,0.277,0.08,0.26,0.326,0.542,0.159,0.172,0.458,0.248,0.254,0.551,0.276,0.14,0.059,0.231,0.287,0.33,0.269,0.129,0.213,0.542,0.269,0.075,0.214,0.302,0.188,0.188,0.139,0.139,0.157,0.182,0.165,0.149,0.182,0.341,0.222,0.297,0.374,0.129,0.269,0.341,0.379,0.258,0.209,0.188,0.143,0.233,0.088,0.287,0.15,0.31,0.176,0.285,0.182,0.269,0.227,0.201,0.381,0.246,0.157,0.106,0.106,0.251,0.182,0.28,0.252,0.103,0.109,0.23,0.202,0.11,0.213,0.268,0.17,0.173,0.253,0.161,0.243,0.498,0.106,0.22,0.178,0.303,0.126
0.197,0.119,0.083,1.0,0.133,0.114,0.147,0.454,0.225,0.265,0.063,0.516,0.149,0.213,0.154,0.132,0.278,0.076,0.178,0.16,0.195,0.208,0.323,0.092,0.193,0.265,0.444,0.212,0.139,0.073,0.063,0.096,0.168,0.101,0.102,0.197,0.207,0.122,0.072,0.265,0.098,0.321,0.184,0.213,0.152,0.429,0.172,0.416,0.139,0.396,0.298,0.197,0.287,0.113,0.077,0.129,0.083,0.172,0.152,0.103,0.063,0.166,0.368,0.133,0.052,0.143,0.485,0.122,0.073,0.191,0.095,0.319,0.078,0.185,0.333,0.245,0.264,0.143,0.197,0.078,0.308,0.179,0.211,0.435,0.105,0.315,0.1,0.383,0.146,0.143,0.147,0.084,0.064,0.099,0.151,0.261,0.226,0.072,0.283,0.152,0.121,0.242,0.192,0.442,0.109,0.256,0.171,0.306,0.353,0.036,0.237,0.186,0.274,0.347,0.191,0.427,0.177,0.224,0.202,0.244,0.316,0.057,0.231,0.133,0.321,0.186,0.319,0.187,0.198,0.103,0.274,0.36,0.384,0.27,0.097,0.247,0.352,0.114,0.247,0.302,0.088,0.18,0.193,0.17,0.11,0.141,0.184,0.198,0.48,0.275,0.08,0.251,0.202,0.803,0.128,0.32,0.231,0.265,0.248,0.329,0.072,0.265,0.212,0.329,0.227,0.111,0.113,0.347,0.216,0.169,0.355,0.118,0.231,0.152,0.509,0.476,0.253,0.105,0.214,0.265,0.509,0.153,0.167,0.129,0.394,0.326,0.141,0.225,0.112,0.155,0.082,0.133,0.264,0.142,0.265,0.044,0.227,0.066,0.243,0.436,0.083,0.316,0.093,0.381,0.134,0.123,0.468,0.155,0.155,0.408,0.274,0.262,0.331,0.348,0.17,0.178,0.386,0.232,0.113,0.102,0.268,0.497,0.193,0.059
0.163,0.176,0.181,0.133,1.0,0.327,0.108,0.358,0.222,0.252,0.15,0.659,0.204,0.355,0.125,0.151,0.204,0.099,0.14,0.134,0.179,0.234,0.181,0.126,0.163,0.252,0.145,0.216,0.179,0.59,0.421,0.186,0.122,0.17,0.137,0.178,0.24,0.132,0.168,0.252,0.276,0.172,0.196,0.22,0.174,0.151,0.322,0.21,0.16,0.212,0.144,0.234,0.159,0.076,0.114,0.324,0.23,0.249,0.089,0.156,0.15,0.174,0.172,0.274,0.251,0.224,0.17,0.122,0.328,0.156,0.178,0.236,0.175,0.194,0.24,0.19,0.059,0.207,0.194,0.178,0.134,0.195,0.122,0.126,0.202,0.119,0.139,0.149,0.154,0.224,0.169,0.188,0.155,0.175,0.171,0.317,0.107,0.187,0.179,0.107,0.133,0.108,0.166,0.241,0.096,0.266,0.262,0.167,0.214,0.244,0.218,0.296,0.164,0.121,0.152,0.173,0.123,0.115,0.15,0.249,0.162,0.196,0.246,0.274,0.133,0.214,0.137,0.182,0.225,0.308,0.305,0.157,0.208,0.246,0.155,0.297,0.232,0.201,0.277,0.26,0.091,0.124,0.382,0.276,0.141,0.144,0.131,0.219,0.211,0.211,0.092,0.239,0.158,0.051,0.205,0.19,0.22,0.252,0.141,0.217,0.087,0.252,0.104,0.235,0.2,0.247,0.246,0.166,0.192,0.113,0.199,0.194,0.142,0.175,0.574,0.184,0.203,0.121,0.169,0.252,0.574,0.12,0.102,0.164,0.23,0.239,0.171,0.091,0.109,0.134,0.091,0.131,0.321,0.23,0.252,0.312,0.233,0.725,0.156,0.198,0.177,0.125,0.181,0.181,0.148,0.359,0.131,0.098,0.177,0.168,0.104,0.146,0.248,0.209,0.159,0.083,0.14,0.307,0.283,0.097,0.251,0.102,0.273,0.121
0.221,0.233,0.6,0.114,0.327,1.0,0.144,0.215,0.13,0.269,0.138,0.392,0.403,0.212,0.29,0.122,0.378,0.445,0.233,0.291,0.23,0.429,0.286,0.124,0.265,0.269,0.141,0.236,0.251,0.231,0.182,0.137,0.249,0.376,0.148,0.191,0.247,0.227,0.093,0.269,0.173,0.22,0.323,0.209,0.166,0.122,0.135,0.179,0.153,0.213,0.155,0.158,0.149,0.115,0.16,0.293,0.118,0.276,0.108,0.131,0.138,0.305,0.192,0.306,0.108,0.245,0.159,0.225,0.156,0.254,0.224,0.198,0.171,0.317,0.235,0.17,0.172,0.309,0.128,0.132,0.157,0.211,0.153,0.137,0.199,0.27,0.816,0.201,0.214,0.245,0.212,0.145,0.126,0.227,0.26,0.16,0.179,0.133,0.178,0.108,0.474,0.228,0.253,0.219,0.199,0.248,0.164,0.156,0.239,0.146,0.178,0.278,0.189,0.127,0.216,0.182,0.175,0.137,0.217,0.208,0.136,0.094,0.32,0.306,0.154,0.209,0.138,0.259,0.278,0.214,0.225,0.128,0.186,0.337,0.321,0.202,0.217,0.564,0.223,0.272,0.251,0.122,0.295,0.244,0.347,0.183,0.153,0.437,0.232,0.249,0.443,0.257,0.255,0.115,0.286,0.235,0.262,0.269,0.111,0.179,0.359,0.269,0.128,0.255,0.204,0.154,0.174,0.156,0.171,0.186,0.174,0.159,0.192,0.155,0.349,0.281,0.308,0.386,0.136,0.269,0.349,0.298,0.188,0.309,0.231,0.192,0.267,0.093,0.221,0.223,0.224,0.149,0.244,0.179,0.269,0.121,0.2,0.218,0.218,0.115,0.111,0.145,0.202,0.189,0.256,0.278,0.14,0.122,0.221,0.186,0.142,0.187,0.246,0.208,0.173,0.193,0.17,0.447,0.498,0.153,0.231,0.149,0.314,0.092
0.224,0.185,0.163,0.147,0.108,0.144,1.0,0.113,0.125,0.275,0.079,0.306,0.17,0.122,0.117,0.094,0.208,0.112,0.3,0.136,0.162,0.221,0.158,0.117,0.185,0.275,0.138,0.221,0.173,0.1,0.096,0.117,0.111,0.165,0.516,0.168,0.13,0.098,0.194,0.275,0.154,0.168,0.163,0.145,0.25,0.11,0.102,0.174,0.117,0.319,0.149,0.114,0.15,0.254,0.198,0.164,0.111,0.139,0.095,0.087,0.079,0.204,0.213,0.194,0.071,0.073,0.137,0.165,0.096,0.173,0.303,0.176,0.108,0.167,0.161,0.12,0.2,0.152,0.102,0.101,0.173,0.116,0.119,0.153,0.14,0.172,0.136,0.175,0.171,0.073,0.23,0.096,0.082,0.336,0.129,0.118,0.098,0.142,0.165,0.095,0.105,0.103,0.124,0.148,0.157,0.178,0.144,0.238,0.196,0.055,0.13,0.133,0.147,0.12,0.147,0.179,0.112,0.124,0.172,0.167,0.139,0.088,0.147,0.194,0.157,0.158,0.146,0.21,0.158,0.129,0.173,0.152,0.171,0.163,0.78,0.241,0.159,0.171,0.128,0.165,0.151,0.087,0.12,0.18,0.101,0.14,0.3,0.219,0.183,0.171,0.107,0.139,0.195,0.183,0.138,0.179,0.183,0.275,0.179,0.156,0.129,0.275,0.091,0.17,0.133,0.091,0.412,0.144,0.232,0.13,0.232,0.106,0.147,0.152,0.262,0.16,0.167,0.102,0.12,0.275,0.262,0.114,0.191,0.154,0.214,0.139,0.145,0.111,0.165,0.19,0.183,0.142,0.254,0.22,0.275,0.062,0.226,0.093,0.145,0.141,0.088,0.194,0.145,0.182,0.177,0.342,0.152,0.182,0.13,0.159,0.123,0.142,0.178,0.152,0.194,0.14,0.265,0.335,0.081,0.107,0.193,0.152,0.145,0.09
0.407,0.124,0.215,0.454,0.358,0.215,0.113,1.0,0.068,0.07,0.062,0.384,0.363,0.459,0.191,0.062,0.37,0.13,0.238,0.261,0.464,0.437,0.374,0.104,0.247,0.07,0.454,0.384,0.179,0.051,0.054,0.087,0.206,0.273,0.113,0.175,0.358,0.177,0.046,0.07,0.118,0.459,0.238,0.227,0.095,0.436,0.322,0.484,0.136,0.384,0.194,0.322,0.172,0.104,0.061,0.169,0.07,0.227,0.062,0.082,0.062,0.177,0.476,0.094,0.046,0.086,0.527,0.123,0.066,0.474,0.204,0.384,0.107,0.238,0.384,0.322,0.07,0.289,0.068,0.068,0.091,0.41,0.089,0.484,0.094,0.367,0.215,0.287,0.179,0.086,0.093,0.107,0.069,0.204,0.363,0.194,0.256,0.082,0.145,0.2,0.215,0.34,0.362,0.459,0.338,0.384,0.361,0.07,0.384,0.034,0.3,0.459,0.261,0.062,0.322,0.313,0.18,0.072,0.437,0.384,0.068,0.063,0.392,0.094,0.091,0.16,0.288,0.454,0.261,0.169,0.384,0.258,0.461,0.406,0.094,0.384,0.461,0.292,0.22,0.459,0.123,0.256,0.35,0.313,0.201,0.136,0.211,0.733,0.527,0.622,0.145,0.392,0.338,0.023,0.289,0.484,0.392,0.07,0.054,0.459,0.145,0.07,0.224,0.461,0.279,0.092,0.113,0.196,0.179,0.182,0.476,0.107,0.097,0.091,0.374,0.596,0.384,0.215,0.262,0.07,0.374,0.363,0.189,0.146,0.384,0.459,0.289,0.05,0.116,0.146,0.066,0.459,0.384,0.07,0.07,0.035,0.204,0.049,0.437,0.036,0.078,0.129,0.152,0.527,0.146,0.262,0.367,0.09,0.443,0.484,0.076,0.222,0.527,0.628,0.163,0.273,0.41,0.179,0.163,0.098,1.0,0.406,0.554,0.054
0.116,0.242,0.152,0.225,0.222,0.13,0.125,0.068,1.0,0.253,0.281,0.191,0.151,0.33,0.102,0.271,0.159,0.088,0.143,0.094,0.129,0.196,0.116,0.288,0.103,0.253,0.132,0.162,0.197,0.531,0.82,0.282,0.103,0.112,0.167,0.175,0.121,0.11,0.152,0.253,0.303,0.312,0.163,0.284,0.2,0.079,0.25,0.291,0.375,0.191,0.194,0.232,0.315,0.105,0.126,0.078,0.379,0.209,0.165,0.183,0.281,0.137,0.174,0.311,0.277,0.12,0.181,0.126,0.513,0.109,0.192,0.213,0.226,0.169,0.368,0.135,0.237,0.224,0.425,0.509,0.366,0.107,0.14,0.231,0.474,0.202,0.112,0.232,0.163,0.12,0.187,0.21,0.458,0.185,0.111,0.282,0.151,0.168,0.348,0.243,0.128,0.163,0.105,0.344,0.095,0.228,0.23,0.385,0.199,0.229,0.431,0.249,0.166,0.29,0.115,0.312,0.094,0.27,0.114,0.143,0.454,0.136,0.199,0.311,0.457,0.246,0.128,0.088,0.201,0.243,0.313,0.318,0.189,0.153,0.103,0.251,0.214,0.145,0.29,0.296,0.084,0.067,0.241,0.21,0.132,0.184,0.158,0.118,0.182,0.123,0.086,0.155,0.157,0.494,0.22,0.192,0.135,0.253,0.398,0.305,0.093,0.253,0.068,0.139,0.195,0.36,0.31,0.319,0.199,0.109,0.163,0.278,0.232,0.255,0.171,0.12,0.129,0.12,0.144,0.253,0.171,0.089,0.093,0.176,0.153,0.097,0.121,0.246,0.127,0.138,0.124,0.162,0.256,0.527,0.253,0.288,0.257,0.484,0.107,0.332,0.232,0.241,0.182,0.287,0.148,0.206,0.233,0.148,0.131,0.259,0.295,0.109,0.192,0.157,0.186,0.16,0.174,0.199,0.129,0.099,0.14,0.232,0.132,0.14
0.247,0.467,0.269,0.265,0.252,0.269,0.275,0.07,0.253,1.0,0.183,0.204,0.467,0.38,0.172,0.258,0.38,0.146,0.334,0.229,0.329,0.265,0.209,0.135,0.38,1.0,0.15,0.292,0.467,0.296,0.202,0.315,0.184,0.15,0.156,0.34,0.122,0.38,0.194,1.0,0.296,0.317,0.245,0.296,1.0,0.133,0.329,0.277,0.317,0.467,0.196,0.315,0.269,0.228,0.315,0.093,0.292,0.296,0.301,0.253,0.183,0.228,0.38,0.467,0.246,0.186,0.15,0.38,0.329,0.38,0.239,0.38,0.232,0.38,0.253,0.229,0.269,0.467,0.296,0.264,0.383,0.171,0.258,0.274,0.467,0.269,0.269,0.38,0.265,0.186,1.0,0.232,0.202,0.242,0.16,0.315,0.111,0.226,0.334,0.329,0.269,0.225,0.38,0.296,0.199,0.3,0.329,1.0,0.334,0.113,0.38,0.38,0.301,0.38,0.168,0.209,0.334,0.383,0.171,0.63,0.38,0.252,0.329,0.467,0.383,0.275,0.267,0.329,0.292,0.467,0.296,0.269,0.467,0.315,0.119,0.296,0.334,0.265,0.205,0.296,0.38,0.271,0.329,0.329,0.296,0.383,0.239,0.38,0.232,0.306,0.146,0.258,0.248,0.224,0.467,0.334,0.38,1.0,0.329,0.38,0.193,1.0,0.112,0.38,0.245,0.296,0.315,0.301,1.0,0.383,1.0,0.268,0.383,0.383,0.209,0.218,0.209,0.269,0.296,1.0,0.209,0.329,0.171,0.207,0.209,0.15,0.269,0.279,0.203,0.207,0.279,0.199,0.242,1.0,1.0,0.163,0.467,0.252,0.169,0.162,0.214,0.329,0.275,0.63,0.207,0.292,0.232,0.26,0.467,0.296,0.279,0.218,0.38,0.209,0.275,0.185,0.239,0.265,0.185,0.383,0.329,0.205,0.38,0.228
0.095,0.188,0.201,0.063,0.15,0.138,0.079,0.062,0.281,0.183,1.0,0.16,0.13,0.224,0.096,0.206,0.146,0.077,0.225,0.08,0.107,0.195,0.102,0.581,0.084,0.183,0.07,0.103,0.185,0.415,0.373,0.147,0.089,0.095,0.181,0.179,0.075,0.088,0.077,0.183,0.238,0.172,0.211,0.199,0.133,0.071,0.145,0.164,0.221,0.128,0.1,0.113,0.149,0.08,0.102,0.07,0.138,0.202,0.121,0.111,1.0,0.119,0.082,0.237,0.279,0.099,0.164,0.106,0.358,0.097,0.202,0.122,0.197,0.225,0.187,0.138,0.049,0.185,0.301,0.363,0.156,0.086,0.091,0.068,0.493,0.079,0.118,0.079,0.188,0.099,0.131,0.204,0.307,0.193,0.154,0.196,0.114,0.129,0.183,0.152,0.109,0.089,0.085,0.21,0.083,0.171,0.101,0.134,0.149,0.267,0.348,0.159,0.122,0.141,0.059,0.104,0.061,0.134,0.101,0.105,0.23,0.055,0.152,0.237,0.155,0.151,0.084,0.072,0.121,0.141,0.302,0.149,0.138,0.126,0.09,0.223,0.11,0.166,0.123,0.197,0.062,0.053,0.225,0.176,0.284,0.155,0.158,0.126,0.092,0.114,0.075,0.112,0.104,0.054,0.181,0.148,0.099,0.183,0.219,0.122,0.081,0.183,0.061,0.095,0.26,0.298,0.206,0.147,0.14,0.06,0.119,0.229,0.137,0.19,0.142,0.102,0.099,0.102,0.121,0.183,0.142,0.072,0.171,0.52,0.137,0.088,0.082,0.142,0.111,0.19,0.092,0.187,0.164,0.339,0.183,0.283,0.1,0.386,0.097,0.172,0.134,0.098,0.152,0.101,0.172,0.152,0.071,0.072,0.108,0.066,0.115,0.107,0.109,0.155,0.107,0.073,0.092,0.16,0.107,0.073,0.129,0.055,0.111,0.304
0.795,0.28,0.383,0.516,0.659,0.392,0.306,0.384,0.191,0.204,0.16,1.0,0.584,0.756,0.602,0.178,0.635,0.237,0.392,0.847,0.73,0.809,0.915,0.279,0.721,0.204,0.69,1.0,0.49,0.173,0.155,0.237,0.677,0.279,0.306,0.513,0.659,0.303,0.143,0.204,0.224,0.597,0.392,0.756,0.204,0.602,0.545,0.756,0.243,1.0,0.704,0.545,0.321,0.294,0.188,0.189,0.204,0.756,0.188,0.23,0.16,0.454,0.795,0.28,0.15,0.272,0.597,0.318,0.195,0.548,0.357,1.0,0.187,0.392,1.0,0.752,0.182,0.383,0.192,0.191,0.259,0.323,0.221,0.567,0.28,0.69,0.383,0.795,0.49,0.272,0.204,0.278,0.161,0.357,0.636,0.62,0.221,0.217,0.376,0.195,0.383,0.458,0.795,0.795,0.347,1.0,0.831,0.204,1.0,0.097,0.567,0.915,0.847,0.178,0.545,0.915,0.608,0.217,0.809,1.0,0.191,0.182,0.915,0.28,0.259,0.399,0.597,0.847,0.847,0.28,1.0,0.545,0.782,1.0,0.243,1.0,0.782,0.681,0.721,0.795,0.205,0.35,0.444,0.915,0.359,0.259,0.318,1.0,1.0,0.847,0.237,0.915,0.401,0.067,0.383,0.567,0.847,0.204,0.155,0.795,0.234,0.204,0.516,1.0,0.548,0.224,0.306,0.453,0.432,0.246,0.551,0.273,0.279,0.259,0.915,0.847,1.0,0.383,0.795,0.204,0.915,0.584,0.323,0.392,1.0,0.659,0.383,0.168,0.318,0.392,0.172,0.279,1.0,0.204,0.204,0.116,0.357,0.161,0.809,0.117,0.204,0.44,0.323,0.847,0.392,0.795,0.69,0.171,0.847,0.847,0.185,0.795,0.847,0.915,0.25,0.279,0.534,0.49,0.29,0.236,0.695,0.52,0.658,0.155
0.322,0.356,0.338,0.149,0.204,0.403,0.17,0.363,0.151,0.467,0.13,0.584,1.0,0.22,0.206,0.146,0.487,0.317,0.263,0.359,0.343,0.299,0.39,0.131,0.525,0.467,0.192,0.361,0.352,0.311,0.242,0.193,0.331,0.259,0.141,0.237,0.328,0.272,0.137,0.467,0.188,0.265,0.231,0.24,0.268,0.162,0.185,0.23,0.167,0.3,0.185,0.212,0.141,0.194,0.222,0.528,0.174,0.377,0.146,0.164,0.13,0.315,0.207,0.543,0.123,0.245,0.171,0.253,0.177,0.323,0.252,0.318,0.196,0.246,0.295,0.226,0.103,0.384,0.146,0.162,0.228,0.212,0.143,0.143,0.272,0.413,0.438,0.225,0.242,0.245,0.256,0.127,0.117,0.267,0.38,0.207,0.164,0.177,0.21,0.183,0.446,0.266,0.275,0.231,0.166,0.252,0.288,0.253,0.306,0.134,0.233,0.313,0.245,0.152,0.287,0.247,0.177,0.196,0.318,0.253,0.154,0.093,0.341,0.543,0.215,0.215,0.173,0.269,0.42,0.303,0.321,0.143,0.269,0.437,0.152,0.335,0.275,0.376,0.313,0.29,0.226,0.142,0.307,0.279,0.421,0.269,0.194,0.457,0.268,0.384,0.306,0.298,0.237,0.108,0.37,0.221,0.288,0.467,0.121,0.186,0.255,0.467,0.123,0.295,0.177,0.15,0.216,0.196,0.261,0.191,0.29,0.191,0.222,0.246,0.582,0.363,0.313,0.404,0.214,0.467,0.582,0.52,0.197,0.168,0.332,0.238,0.312,0.126,0.205,0.238,0.218,0.173,0.288,0.27,0.467,0.178,0.209,0.274,0.327,0.176,0.137,0.16,0.179,0.234,0.224,0.279,0.166,0.143,0.338,0.201,0.147,0.226,0.282,0.285,0.18,0.15,0.216,0.595,0.498,0.21,0.33,0.16,0.429,0.137
0.192,0.263,0.195,0.213,0.355,0.212,0.122,0.459,0.33,0.38,0.224,0.756,0.22,1.0,0.124,0.357,0.218,0.078,0.219,0.153,0.259,0.337,0.217,0.255,0.154,0.38,0.205,0.261,0.239,0.66,0.642,0.174,0.137,0.591,0.17,0.241,0.14,0.116,0.101,0.38,0.317,0.335,0.274,0.461,0.213,0.132,0.303,0.43,0.304,0.243,0.187,0.187,0.304,0.105,0.135,0.1,0.167,0.288,0.181,0.135,0.224,0.179,0.201,0.428,0.215,0.149,0.304,0.135,0.326,0.205,0.21,0.255,0.204,0.294,0.348,0.263,0.116,0.216,0.463,0.3,0.234,0.193,0.181,0.233,0.371,0.175,0.138,0.261,0.204,0.149,0.209,0.18,0.27,0.21,0.189,0.289,0.192,0.151,0.41,0.215,0.129,0.172,0.217,0.457,0.186,0.398,0.225,0.247,0.263,0.258,0.356,0.428,0.196,0.237,0.124,0.216,0.208,0.228,0.184,0.26,0.392,0.085,0.37,0.428,0.218,0.234,0.244,0.287,0.202,0.245,0.361,0.197,0.268,0.306,0.131,0.288,0.231,0.207,0.217,0.505,0.101,0.238,0.268,0.277,0.169,0.204,0.177,0.265,0.312,0.352,0.076,0.362,0.232,0.292,0.221,0.268,0.245,0.38,0.354,0.312,0.092,0.38,0.099,0.254,0.217,0.323,0.231,0.298,0.219,0.2,0.223,0.33,0.253,0.263,0.769,0.255,0.298,0.127,0.22,0.38,0.769,0.133,0.142,0.223,0.275,0.257,0.138,0.172,0.122,0.174,0.129,0.261,0.275,0.355,0.38,0.337,0.242,0.59,0.187,0.238,0.145,0.175,0.205,0.341,0.175,0.289,0.216,0.227,0.213,0.238,0.228,0.156,0.277,0.307,0.23,0.167,0.204,0.372,0.167,0.121,0.415,0.171,0.205,0.267
0.235,0.163,0.434,0.154,0.125,0.29,0.117,0.191,0.102,0.172,0.096,0.602,0.206,0.124,1.0,0.097,0.186,0.506,0.404,0.351,0.218,0.34,0.338,0.104,0.265,0.172,0.146,0.246,0.615,0.119,0.112,0.128,0.248,0.128,0.15,0.172,0.254,0.128,0.059,0.172,0.105,0.14,0.228,0.15,0.143,0.353,0.095,0.146,0.121,0.272,0.173,0.164,0.102,0.087,0.201,0.216,0.112,0.23,0.095,0.13,0.096,0.281,0.199,0.191,0.089,0.18,0.163,0.222,0.118,0.235,0.166,0.227,0.114,0.27,0.207,0.209,0.268,0.183,0.1,0.139,0.136,0.143,0.091,0.143,0.147,0.231,0.312,0.137,0.604,0.18,0.252,0.094,0.095,0.184,0.219,0.177,0.084,0.081,0.115,0.1,0.4,0.22,0.211,0.173,0.361,0.186,0.141,0.135,0.24,0.104,0.18,0.206,0.234,0.094,0.224,0.22,0.158,0.109,0.341,0.201,0.099,0.051,0.212,0.191,0.14,0.135,0.103,0.224,0.276,0.137,0.236,0.134,0.201,0.297,0.13,0.256,0.201,0.395,0.196,0.213,0.285,0.109,0.171,0.266,0.314,0.126,0.178,0.278,0.305,0.283,0.491,0.22,0.137,0.039,0.167,0.253,0.343,0.172,0.081,0.145,0.384,0.172,0.13,0.217,0.426,0.096,0.147,0.104,0.173,0.129,0.213,0.153,0.133,0.139,0.499,0.318,0.275,0.499,0.14,0.172,0.499,0.588,0.269,0.129,0.342,0.221,0.13,0.085,0.337,0.154,0.326,0.186,0.327,0.151,0.172,0.11,0.109,0.111,0.342,0.11,0.101,0.119,0.2,0.118,0.333,0.184,0.126,0.086,0.231,0.186,0.08,0.212,0.278,0.219,0.127,0.427,0.178,0.279,0.138,0.096,0.173,0.122,0.221,0.079
0.108,0.23,0.127,0.132,0.151,0.122,0.094,0.062,0.271,0.258,0.206,0.178,0.146,0.357,0.097,1.0,0.151,0.083,0.137,0.093,0.121,0.15,0.118,0.155,0.095,0.258,0.142,0.172,0.176,0.421,0.515,0.21,0.112,0.1,0.154,0.165,0.093,0.118,0.101,0.258,0.243,0.182,0.177,0.455,0.183,0.084,0.205,0.283,0.455,0.155,0.221,0.164,0.281,0.108,0.118,0.094,0.203,0.258,0.499,0.307,0.206,0.144,0.121,0.294,0.237,0.114,0.214,0.131,0.332,0.115,0.169,0.15,0.285,0.154,0.259,0.13,0.123,0.223,0.345,0.307,0.249,0.105,0.322,0.216,0.278,0.133,0.108,0.145,0.141,0.114,0.173,0.178,0.313,0.166,0.099,0.336,0.298,0.139,0.388,0.168,0.131,0.13,0.104,0.228,0.089,0.325,0.129,0.261,0.201,0.174,0.27,0.214,0.176,0.515,0.078,0.148,0.085,0.206,0.114,0.142,0.365,0.082,0.278,0.294,0.227,0.262,0.288,0.085,0.158,0.184,0.273,0.192,0.225,0.215,0.093,0.196,0.187,0.119,0.167,0.263,0.085,0.085,0.223,0.173,0.115,0.252,0.158,0.112,0.128,0.131,0.083,0.198,0.171,0.176,0.211,0.169,0.133,0.258,0.425,0.193,0.089,0.258,0.067,0.151,0.181,0.259,0.249,0.413,0.184,0.088,0.158,0.731,0.215,0.224,0.158,0.116,0.119,0.12,0.136,0.258,0.158,0.083,0.089,0.157,0.16,0.104,0.107,0.184,0.134,0.136,0.104,0.158,0.17,0.319,0.258,0.213,0.188,0.385,0.111,0.207,0.149,0.142,0.141,0.195,0.136,0.147,0.143,0.195,0.118,0.131,0.251,0.105,0.215,0.201,0.334,0.099,0.132,0.184,0.115,0.105,0.121,0.114,0.131,0.138
0.3,0.421,0.282,0.278,0.204,0.378,0.208,0.37,0.159,0.38,0.146,0.635,0.487,0.218,0.186,0.151,1.0,0.326,0.244,0.214,0.287,0.297,0.32,0.186,0.479,0.38,0.312,0.3,0.238,0.237,0.212,0.164,0.248,0.307,0.174,0.262,0.254,0.285,0.147,0.38,0.21,0.261,0.276,0.215,0.246,0.317,0.237,0.266,0.215,0.379,0.26,0.282,0.201,0.153,0.207,0.293,0.151,0.22,0.131,0.164,0.146,0.348,0.3,0.306,0.154,0.245,0.359,0.228,0.199,0.223,0.233,0.349,0.148,0.27,0.273,0.37,0.107,0.363,0.19,0.185,0.185,0.324,0.184,0.179,0.216,0.206,0.361,0.246,0.232,0.245,0.228,0.239,0.187,0.235,0.293,0.264,0.265,0.207,0.214,0.147,0.44,0.264,0.312,0.45,0.185,0.304,0.338,0.218,0.532,0.134,0.381,0.306,0.304,0.139,0.286,0.322,0.234,0.162,0.25,0.306,0.165,0.149,0.358,0.306,0.183,0.262,0.265,0.277,0.257,0.19,0.379,0.32,0.371,0.364,0.271,0.308,0.24,0.294,0.185,0.48,0.213,0.283,0.471,0.372,0.287,0.244,0.469,0.468,0.357,0.303,0.306,0.289,0.257,0.082,0.322,0.222,0.323,0.38,0.145,0.195,0.207,0.38,0.406,0.377,0.263,0.214,0.215,0.201,0.301,0.199,0.309,0.203,0.22,0.193,0.553,0.368,0.33,0.338,0.249,0.38,0.553,0.255,0.224,0.299,0.433,0.366,0.299,0.124,0.168,0.332,0.12,0.202,0.308,0.26,0.38,0.146,0.247,0.223,0.289,0.146,0.14,0.192,0.211,0.215,0.297,0.208,0.25,0.127,0.248,0.208,0.179,0.295,0.38,0.433,0.211,0.177,0.275,0.347,0.498,0.2,0.349,0.196,0.34,0.156
0.18,0.137,0.549,0.076,0.099,0.445,0.112,0.13,0.088,0.146,0.077,0.237,0.317,0.078,0.506,0.083,0.326,1.0,0.301,0.293,0.15,0.365,0.251,0.053,0.218,0.146,0.091,0.172,0.272,0.073,0.074,0.123,0.242,0.055,0.137,0.098,0.278,0.259,0.052,0.146,0.074,0.097,0.274,0.126,0.135,0.098,0.064,0.082,0.086,0.204,0.102,0.129,0.051,0.126,0.2,0.32,0.104,0.196,0.085,0.102,0.077,0.255,0.11,0.167,0.058,0.119,0.09,0.274,0.086,0.167,0.206,0.138,0.13,0.288,0.136,0.123,0.238,0.326,0.065,0.095,0.128,0.182,0.067,0.081,0.134,0.204,0.531,0.087,0.262,0.119,0.218,0.053,0.067,0.212,0.201,0.103,0.155,0.066,0.15,0.078,0.821,0.229,0.183,0.119,0.239,0.111,0.104,0.124,0.176,0.041,0.116,0.145,0.144,0.073,0.173,0.163,0.116,0.102,0.256,0.11,0.085,0.033,0.179,0.167,0.132,0.081,0.064,0.159,0.229,0.198,0.173,0.082,0.125,0.235,0.122,0.179,0.145,0.481,0.168,0.144,0.265,0.085,0.235,0.173,0.61,0.112,0.155,0.322,0.17,0.193,0.917,0.138,0.152,0.032,0.272,0.158,0.229,0.146,0.061,0.101,0.697,0.146,0.08,0.14,0.226,0.063,0.131,0.067,0.126,0.121,0.168,0.129,0.115,0.118,0.195,0.22,0.183,0.461,0.093,0.146,0.195,0.418,0.209,0.078,0.222,0.182,0.251,0.062,0.335,0.09,0.308,0.157,0.199,0.134,0.146,0.044,0.101,0.069,0.243,0.046,0.081,0.073,0.168,0.077,0.257,0.164,0.088,0.137,0.161,0.115,0.063,0.154,0.173,0.137,0.087,0.281,0.14,0.104,0.259,0.157,0.127,0.103,0.266,0.065
0.318,0.248,0.32,0.178,0.14,0.233,0.3,0.238,0.143,0.334,0.225,0.392,0.263,0.219,0.404,0.137,0.244,0.301,1.0,0.243,0.207,0.299,0.259,0.202,0.213,0.334,0.259,0.238,0.404,0.208,0.173,0.184,0.211,0.231,0.371,0.244,0.187,0.106,0.097,0.334,0.197,0.237,0.334,0.2,0.195,0.176,0.134,0.21,0.172,0.231,0.167,0.169,0.171,0.096,0.191,0.169,0.17,0.222,0.14,0.14,0.225,0.268,0.202,0.388,0.115,0.139,0.188,0.185,0.16,0.23,0.267,0.196,0.187,0.376,0.222,0.156,0.177,0.244,0.139,0.158,0.209,0.208,0.152,0.132,0.322,0.192,0.216,0.202,0.362,0.139,0.251,0.139,0.12,0.298,0.177,0.178,0.149,0.125,0.132,0.145,0.252,0.195,0.192,0.215,0.247,0.214,0.157,0.193,0.267,0.094,0.251,0.235,0.203,0.13,0.196,0.19,0.131,0.176,0.234,0.235,0.139,0.09,0.237,0.388,0.203,0.259,0.136,0.228,0.243,0.21,0.223,0.118,0.332,0.268,0.618,0.268,0.185,0.305,0.177,0.235,0.187,0.088,0.183,0.267,0.268,0.224,0.334,0.315,0.263,0.26,0.283,0.218,0.196,0.077,0.235,0.254,0.322,0.334,0.107,0.17,0.253,0.334,0.112,0.224,0.216,0.144,0.362,0.174,0.221,0.137,0.253,0.16,0.238,0.204,0.349,0.27,0.247,0.533,0.148,0.334,0.349,0.326,0.333,0.243,0.258,0.21,0.192,0.116,0.24,0.322,0.227,0.231,0.301,0.213,0.334,0.119,0.168,0.186,0.243,0.12,0.127,0.158,0.238,0.203,0.336,0.334,0.137,0.146,0.185,0.168,0.138,0.177,0.354,0.21,0.157,0.248,0.278,0.771,0.149,0.094,0.291,0.159,0.216,0.199
0.324,0.249,0.314,0.16,0.134,0.291,0.136,0.261,0.094,0.229,0.08,0.847,0.359,0.153,0.351,0.093,0.214,0.293,0.243,1.0,0.442,0.306,0.477,0.103,0.466,0.229,0.205,0.343,0.248,0.128,0.117,0.125,0.412,0.196,0.153,0.225,0.348,0.115,0.069,0.229,0.112,0.236,0.212,0.238,0.184,0.192,0.115,0.209,0.122,0.281,0.225,0.217,0.108,0.087,0.201,0.4,0.109,0.387,0.091,0.114,0.08,0.339,0.243,0.254,0.067,0.19,0.175,0.199,0.1,0.403,0.173,0.249,0.195,0.223,0.311,0.192,0.163,0.184,0.089,0.1,0.138,0.119,0.107,0.174,0.156,0.413,0.311,0.183,0.246,0.19,0.201,0.096,0.081,0.192,0.386,0.176,0.083,0.088,0.123,0.09,0.27,0.363,0.281,0.21,0.197,0.272,0.17,0.175,0.257,0.064,0.196,0.264,0.213,0.092,0.348,0.225,0.2,0.119,0.392,0.24,0.096,0.065,0.325,0.254,0.136,0.159,0.166,0.322,0.502,0.226,0.246,0.127,0.24,0.426,0.268,0.289,0.278,0.328,0.342,0.322,0.184,0.114,0.167,0.233,0.226,0.146,0.172,0.376,0.339,0.475,0.283,0.347,0.152,0.051,0.174,0.225,0.287,0.229,0.072,0.175,0.3,0.229,0.139,0.299,0.221,0.095,0.156,0.12,0.213,0.153,0.243,0.125,0.144,0.142,0.736,0.461,0.371,0.253,0.204,0.229,0.736,0.314,0.179,0.152,0.339,0.203,0.222,0.071,0.226,0.171,0.285,0.16,0.303,0.186,0.229,0.075,0.156,0.118,0.422,0.077,0.099,0.143,0.168,0.183,0.224,0.267,0.194,0.091,0.409,0.292,0.094,0.33,0.28,0.246,0.162,0.217,0.188,0.418,0.214,0.114,0.232,0.202,0.341,0.077
0.264,0.252,0.207,0.195,0.179,0.23,0.162,0.464,0.129,0.329,0.107,0.73,0.343,0.259,0.218,0.121,0.287,0.15,0.207,0.442,1.0,0.456,0.386,0.131,0.285,0.329,0.228,0.285,0.252,0.173,0.147,0.172,0.258,1.0,0.174,0.288,0.257,0.228,0.08,0.329,0.221,0.268,0.213,0.207,0.194,0.227,0.164,0.286,0.154,0.399,0.248,0.224,0.138,0.116,0.144,0.197,0.149,0.254,0.124,0.148,0.107,0.314,0.239,0.357,0.091,0.193,0.246,0.199,0.136,0.304,0.168,0.315,0.139,0.226,0.287,0.283,0.116,0.263,0.124,0.138,0.193,0.3,0.14,0.16,0.215,0.241,0.212,0.202,0.234,0.193,0.2,0.153,0.112,0.183,0.525,0.226,0.118,0.116,0.156,0.446,0.208,0.419,0.346,0.383,0.434,0.295,0.301,0.188,0.371,0.075,0.261,0.355,0.302,0.116,0.249,0.329,0.179,0.156,0.47,0.254,0.126,0.088,0.294,0.357,0.191,0.238,0.224,0.269,0.322,0.205,0.358,0.182,0.289,0.556,0.271,0.337,0.237,0.236,0.225,0.366,0.153,0.152,0.216,0.265,0.144,0.196,0.177,0.336,0.429,0.434,0.15,0.349,0.391,0.066,0.249,0.205,0.383,0.329,0.094,0.244,0.183,0.329,0.184,0.325,0.226,0.142,0.213,0.16,0.23,0.141,0.244,0.173,0.195,0.167,0.769,0.367,0.376,0.19,0.3,0.329,0.769,0.366,0.169,0.241,0.466,0.423,0.221,0.098,0.183,0.275,0.157,0.348,0.336,0.201,0.329,0.093,0.166,0.155,0.532,0.094,0.124,0.19,0.186,0.253,0.245,0.226,0.205,0.09,0.299,0.204,0.127,0.304,0.326,0.44,0.166,0.394,0.213,0.348,0.233,0.125,0.48,0.164,0.419,0.103
0.292,0.282,0.555,0.208,0.234,0.429,0.221,0.437,0.196,0.265,0.195,0.809,0.299,0.337,0.34,0.15,0.297,0.365,0.299,0.306,0.456,1.0,0.298,0.232,0.254,0.265,0.26,0.279,0.363,0.525,0.375,0.139,0.227,1.0,0.239,0.281,0.249,0.12,0.098,0.265,0.277,0.353,0.592,0.271,0.155,0.199,0.208,0.362,0.207,0.322,0.222,0.2,0.259,0.101,0.171,0.258,0.119,0.286,0.109,0.122,0.195,0.271,0.281,0.323,0.168,0.197,0.271,0.178,0.24,0.279,0.196,0.313,0.229,0.595,0.34,0.244,0.351,0.206,0.231,0.185,0.193,0.215,0.153,0.285,0.246,0.254,0.392,0.342,0.354,0.197,0.323,0.208,0.18,0.198,0.355,0.224,0.168,0.154,0.225,0.209,0.316,0.263,0.302,0.359,0.383,0.352,0.253,0.178,0.322,0.373,0.284,0.397,0.244,0.159,0.254,0.287,0.203,0.154,0.319,0.296,0.209,0.105,0.37,0.323,0.18,0.266,0.195,0.325,0.26,0.196,0.374,0.229,0.294,0.365,0.277,0.321,0.282,0.605,0.236,0.401,0.318,0.132,0.304,0.363,0.35,0.193,0.207,0.444,0.44,0.356,0.355,0.349,0.309,0.333,0.206,0.384,0.349,0.265,0.184,0.379,0.423,0.265,0.173,0.324,0.495,0.261,0.252,0.232,0.18,0.199,0.211,0.179,0.216,0.215,0.714,0.299,0.434,0.243,0.211,0.265,0.714,0.322,0.314,0.333,0.351,0.285,0.245,0.128,0.204,0.301,0.246,0.249,0.437,0.202,0.265,0.27,0.263,0.475,0.361,0.232,0.115,0.203,0.316,0.329,0.326,0.274,0.26,0.112,0.264,0.371,0.178,0.273,0.436,0.351,0.246,0.344,0.251,0.582,0.217,0.095,0.433,0.253,0.296,0.13
0.324,0.212,0.269,0.323,0.181,0.286,0.158,0.374,0.116,0.209,0.102,0.915,0.39,0.217,0.338,0.118,0.32,0.251,0.259,0.477,0.386,0.298,1.0,0.152,0.499,0.209,0.299,0.35,0.239,0.148,0.134,0.15,0.663,0.233,0.178,0.249,0.414,0.173,0.087,0.209,0.139,0.252,0.208,0.345,0.16,0.362,0.173,0.283,0.165,0.448,0.336,0.294,0.14,0.136,0.172,0.293,0.138,0.449,0.12,0.159,0.102,0.31,0.267,0.266,0.092,0.226,0.362,0.223,0.126,0.293,0.183,0.36,0.2,0.217,0.421,0.365,0.13,0.242,0.121,0.128,0.163,0.187,0.135,0.161,0.181,0.419,0.31,0.183,0.238,0.226,0.159,0.129,0.105,0.197,0.335,0.247,0.135,0.112,0.159,0.112,0.27,0.494,0.342,0.342,0.194,0.331,0.244,0.146,0.39,0.078,0.296,0.371,0.366,0.108,0.338,0.385,0.213,0.137,0.397,0.29,0.11,0.088,0.438,0.266,0.16,0.204,0.233,0.424,0.517,0.199,0.379,0.225,0.351,0.661,0.203,0.365,0.326,0.303,0.351,0.495,0.16,0.203,0.261,0.334,0.212,0.174,0.204,0.455,0.388,0.447,0.24,0.511,0.222,0.059,0.219,0.216,0.373,0.209,0.086,0.179,0.226,0.209,0.282,0.428,0.307,0.121,0.189,0.16,0.252,0.142,0.289,0.174,0.17,0.152,1.0,0.676,0.489,0.266,0.281,0.209,1.0,0.336,0.183,0.201,0.611,0.39,0.203,0.09,0.231,0.237,0.289,0.186,0.369,0.164,0.209,0.093,0.156,0.137,0.48,0.094,0.135,0.19,0.158,0.229,0.229,0.309,0.247,0.108,0.302,0.224,0.117,0.509,0.389,0.441,0.141,0.176,0.289,0.45,0.248,0.142,0.302,0.311,0.433,0.098
0.129,0.222,0.149,0.092,0.126,0.124,0.117,0.104,0.288,0.135,0.581,0.279,0.131,0.255,0.104,0.155,0.186,0.053,0.202,0.103,0.131,0.232,0.152,1.0,0.112,0.135,0.121,0.127,0.265,0.252,0.373,0.118,0.103,0.145,0.16,0.287,0.112,0.065,0.063,0.135,0.189,0.204,0.246,0.181,0.115,0.114,0.124,0.23,0.285,0.205,0.122,0.099,0.19,0.06,0.086,0.048,0.105,0.161,0.088,0.084,0.581,0.186,0.107,0.163,0.185,0.062,0.249,0.082,0.251,0.117,0.148,0.155,0.143,0.264,0.235,0.156,0.071,0.143,0.267,0.366,0.122,0.127,0.1,0.069,0.381,0.09,0.108,0.092,0.299,0.062,0.116,0.199,0.315,0.145,0.198,0.166,0.125,0.111,0.146,0.117,0.081,0.087,0.105,0.215,0.142,0.203,0.13,0.11,0.2,0.202,0.375,0.155,0.156,0.109,0.092,0.168,0.074,0.1,0.134,0.154,0.19,0.066,0.165,0.163,0.125,0.176,0.112,0.095,0.134,0.107,0.256,0.134,0.175,0.159,0.133,0.227,0.116,0.168,0.116,0.218,0.075,0.067,0.205,0.167,0.219,0.132,0.19,0.181,0.155,0.138,0.054,0.132,0.148,0.036,0.142,0.179,0.104,0.135,0.18,0.124,0.064,0.135,0.095,0.157,0.166,0.225,0.166,0.118,0.136,0.082,0.113,0.182,0.125,0.146,0.235,0.153,0.15,0.075,0.134,0.135,0.235,0.087,0.278,0.38,0.233,0.147,0.085,0.112,0.085,0.31,0.078,0.171,0.184,0.344,0.135,0.283,0.102,0.238,0.154,0.172,0.11,0.103,0.14,0.106,0.211,0.212,0.1,0.053,0.097,0.082,0.102,0.148,0.151,0.199,0.122,0.098,0.121,0.302,0.07,0.056,0.205,0.077,0.114,0.414
0.302,0.323,0.221,0.193,0.163,0.265,0.185,0.247,0.103,0.38,0.084,0.721,0.525,0.154,0.265,0.095,0.479,0.218,0.213,0.466,0.285,0.254,0.499,0.112,1.0,0.38,0.229,0.32,0.209,0.101,0.097,0.134,0.401,0.169,0.145,0.253,0.326,0.129,0.13,0.38,0.108,0.192,0.17,0.209,0.239,0.246,0.178,0.216,0.126,0.364,0.465,0.243,0.114,0.108,0.236,0.327,0.117,0.357,0.097,0.114,0.084,0.286,0.326,0.208,0.069,0.146,0.217,0.183,0.101,0.288,0.152,0.344,0.166,0.18,0.305,0.27,0.116,0.199,0.115,0.107,0.15,0.155,0.119,0.154,0.156,0.397,0.281,0.183,0.206,0.146,0.218,0.109,0.089,0.167,0.227,0.187,0.097,0.169,0.148,0.099,0.214,0.389,0.245,0.22,0.157,0.252,0.307,0.212,0.312,0.052,0.297,0.249,0.265,0.099,0.318,0.296,0.173,0.129,0.333,0.24,0.113,0.1,0.288,0.208,0.151,0.172,0.196,0.288,0.463,0.179,0.34,0.215,0.377,0.415,0.155,0.301,0.292,0.246,0.415,0.334,0.14,0.188,0.232,0.246,0.167,0.15,0.171,0.415,0.367,0.468,0.206,0.315,0.181,0.082,0.179,0.179,0.255,0.38,0.085,0.164,0.198,0.38,0.259,0.326,0.212,0.099,0.15,0.144,0.282,0.131,0.282,0.132,0.153,0.128,0.61,0.487,0.343,0.213,0.207,0.38,0.61,0.233,0.145,0.174,0.426,0.26,0.171,0.076,0.189,0.209,0.236,0.151,0.302,0.217,0.38,0.059,0.159,0.094,0.374,0.061,0.129,0.192,0.141,0.174,0.203,0.228,0.207,0.086,0.313,0.221,0.1,0.32,0.28,0.308,0.159,0.158,0.203,0.341,0.169,0.128,0.251,0.197,0.286,0.105
0.247,0.467,0.269,0.265,0.252,0.269,0.275,0.07,0.253,1.0,0.183,0.204,0.467,0.38,0.172,0.258,0.38,0.146,0.334,0.229,0.329,0.265,0.209,0.135,0.38,1.0,0.15,0.292,0.467,0.296,0.202,0.315,0.184,0.15,0.156,0.34,0.122,0.38,0.194,1.0,0.296,0.317,0.245,0.296,1.0,0.133,0.329,0.277,0.317,0.467,0.196,0.315,0.269,0.228,0.315,0.093,0.292,0.296,0.301,0.253,0.183,0.228,0.38,0.467,0.246,0.186,0.15,0.38,0.329,0.38,0.239,0.38,0.232,0.38,0.253,0.229,0.269,0.467,0.296,0.264,0.383,0.171,0.258,0.274,0.467,0.269,0.269,0.38,0.265,0.186,1.0,0.232,0.202,0.242,0.16,0.315,0.111,0.226,0.334,0.329,0.269,0.225,0.38,0.296,0.199,0.3,0.329,1.0,0.334,0.113,0.38,0.38,0.301,0.38,0.168,0.209,0.334,0.383,0.171,0.63,0.38,0.252,0.329,0.467,0.383,0.275,0.267,0.329,0.292,0.467,0.296,0.269,0.467,0.315,0.119,0.296,0.334,0.265,0.205,0.296,0.38,0.271,0.329,0.329,0.296,0.383,0.239,0.38,0.232,0.306,0.146,0.258,0.248,0.224,0.467,0.334,0.38,1.0,0.329,0.38,0.193,1.0,0.112,0.38,0.245,0.296,0.315,0.301,1.0,0.383,1.0,0.268,0.383,0.383,0.209,0.218,0.209,0.269,0.296,1.0,0.209,0.329,0.171,0.207,0.209,0.15,0.269,0.279,0.203,0.207,0.279,0.199,0.242,1.0,1.0,0.163,0.467,0.252,0.169,0.162,0.214,0.329,0.275,0.63,0.207,0.292,0.232,0.26,0.467,0.296,0.279,0.218,0.38,0.209,0.275,0.185,0.239,0.265,0.185,0.383,0.329,0.205,0.38,0.228
0.252,0.135,0.11,0.444,0.145,0.141,0.138,0.454,0.132,0.15,0.07,0.69,0.192,0.205,0.146,0.142,0.312,0.091,0.259,0.205,0.228,0.26,0.299,0.121,0.229,0.15,1.0,0.229,0.187,0.093,0.091,0.107,0.2,0.168,0.127,0.198,0.192,0.105,0.082,0.15,0.127,0.247,0.271,0.203,0.123,0.327,0.149,0.32,0.157,0.345,0.261,0.192,0.197,0.099,0.09,0.117,0.094,0.224,0.104,0.118,0.07,0.201,0.3,0.179,0.057,0.154,0.338,0.112,0.085,0.196,0.107,0.281,0.105,0.225,0.309,0.251,0.159,0.152,0.19,0.084,0.185,0.192,0.256,0.275,0.121,0.25,0.115,0.297,0.184,0.154,0.121,0.106,0.073,0.113,0.169,0.194,0.165,0.086,0.19,0.104,0.124,0.222,0.212,0.287,0.14,0.31,0.197,0.185,0.321,0.052,0.245,0.212,0.246,0.203,0.219,0.317,0.168,0.169,0.218,0.297,0.172,0.077,0.297,0.179,0.171,0.277,0.277,0.217,0.256,0.109,0.29,0.271,0.423,0.357,0.152,0.263,0.252,0.15,0.209,0.303,0.09,0.169,0.213,0.203,0.123,0.213,0.203,0.239,0.397,0.276,0.087,0.373,0.205,0.294,0.141,0.238,0.248,0.15,0.146,0.229,0.078,0.15,0.242,0.342,0.217,0.13,0.133,0.207,0.197,0.152,0.265,0.176,0.434,0.209,0.592,0.382,0.273,0.107,0.178,0.15,0.592,0.152,0.187,0.166,0.399,0.33,0.154,0.149,0.103,0.231,0.101,0.149,0.272,0.122,0.15,0.059,0.154,0.087,0.252,0.165,0.093,0.184,0.14,0.337,0.202,0.151,0.411,0.191,0.16,0.281,0.148,0.254,0.428,0.329,0.248,0.137,0.322,0.525,0.173,0.099,0.281,0.3,0.197,0.07
0.308,0.249,0.233,0.212,0.216,0.236,0.221,0.384,0.162,0.292,0.103,1.0,0.361,0.261,0.246,0.172,0.3,0.172,0.238,0.343,0.285,0.279,0.35,0.127,0.32,0.292,0.229,1.0,0.238,0.19,0.162,0.177,0.279,0.279,0.239,0.259,0.311,0.123,0.132,0.292,0.219,0.348,0.246,0.342,0.168,0.209,0.205,0.295,0.19,0.274,0.262,0.271,0.199,0.105,0.2,0.62,0.183,0.425,0.16,0.167,0.103,0.289,0.251,0.349,0.089,0.272,0.207,0.197,0.169,0.353,0.355,0.312,0.222,0.243,0.335,0.226,0.135,0.211,0.147,0.125,0.206,0.169,0.233,0.234,0.198,0.444,0.205,0.258,0.213,0.272,0.178,0.143,0.107,0.386,0.234,0.315,0.153,0.181,0.173,0.121,0.185,0.244,0.269,0.288,0.154,0.355,0.255,0.201,0.295,0.097,0.207,0.329,0.234,0.186,0.387,0.244,0.208,0.156,0.387,0.34,0.136,0.154,0.398,0.349,0.188,0.27,0.297,0.371,0.438,0.297,0.275,0.178,0.285,0.409,0.468,0.411,0.302,0.275,0.389,0.35,0.124,0.157,0.206,0.309,0.17,0.23,0.317,0.402,0.313,0.451,0.164,0.419,0.201,0.19,0.209,0.251,0.328,0.292,0.135,0.247,0.18,0.292,0.16,0.349,0.195,0.16,0.262,0.252,0.201,0.164,0.279,0.192,0.208,0.214,0.915,0.354,0.36,0.179,0.235,0.292,0.915,0.212,0.161,0.19,0.326,0.224,0.234,0.121,0.27,0.199,0.253,0.168,0.409,0.172,0.292,0.116,0.306,0.171,0.269,0.183,0.163,0.181,0.182,0.294,0.222,0.467,0.201,0.206,0.342,0.28,0.202,0.238,0.351,0.308,0.266,0.155,0.32,0.49,0.29,0.102,0.322,0.217,0.384,0.101
0.259,0.299,0.304,0.139,0.179,0.251,0.173,0.179,0.197,0.467,0.185,0.49,0.352,0.239,0.615,0.176,0.238,0.272,0.404,0.248,0.252,0.363,0.239,0.265,0.209,0.467,0.187,0.238,1.0,0.311,0.242,0.226,0.204,0.304,0.201,0.313,0.163,0.128,0.121,0.467,0.23,0.269,0.315,0.215,0.252,0.15,0.191,0.295,0.213,0.246,0.199,0.205,0.213,0.115,0.211,0.135,0.208,0.245,0.174,0.175,0.185,0.293,0.213,0.543,0.179,0.205,0.2,0.197,0.243,0.255,0.192,0.243,0.186,0.353,0.24,0.216,0.171,0.309,0.207,0.261,0.265,0.171,0.182,0.151,0.327,0.187,0.218,0.21,0.92,0.205,0.278,0.195,0.172,0.211,0.264,0.244,0.127,0.168,0.177,0.209,0.269,0.185,0.2,0.246,0.278,0.268,0.184,0.252,0.272,0.169,0.284,0.269,0.237,0.188,0.185,0.207,0.159,0.224,0.242,0.232,0.193,0.108,0.252,0.543,0.252,0.276,0.158,0.199,0.246,0.267,0.269,0.188,0.267,0.277,0.257,0.258,0.211,0.336,0.193,0.26,0.186,0.099,0.259,0.293,0.265,0.315,0.228,0.324,0.256,0.27,0.265,0.233,0.232,0.108,0.307,0.335,0.312,0.467,0.158,0.2,0.242,0.467,0.122,0.248,0.242,0.208,0.27,0.215,0.281,0.163,0.25,0.2,0.257,0.247,0.45,0.249,0.248,0.353,0.206,0.467,0.45,0.393,0.285,0.255,0.275,0.186,0.166,0.178,0.255,0.363,0.246,0.262,0.278,0.276,0.467,0.199,0.188,0.274,0.244,0.198,0.153,0.198,0.236,0.214,0.318,0.265,0.15,0.113,0.224,0.186,0.179,0.202,0.306,0.228,0.203,0.288,0.21,0.595,0.213,0.117,0.236,0.13,0.234,0.167
0.147,0.344,0.425,0.073,0.59,0.231,0.1,0.051,0.531,0.296,0.415,0.173,0.311,0.66,0.119,0.421,0.237,0.073,0.208,0.128,0.173,0.525,0.148,0.252,0.101,0.296,0.093,0.19,0.311,1.0,0.458,0.24,0.102,0.084,0.331,0.28,0.096,0.107,0.085,0.296,0.746,0.305,0.525,0.66,0.296,0.076,0.531,0.531,0.386,0.173,0.12,0.24,0.319,0.102,0.164,0.056,0.19,0.59,0.164,0.171,0.415,0.158,0.149,0.311,0.508,0.087,0.319,0.145,0.825,0.301,0.337,0.213,0.549,0.525,0.531,0.277,0.062,0.311,0.66,0.531,0.274,0.108,0.153,0.19,0.531,0.093,0.178,0.237,0.228,0.087,0.296,0.345,0.458,0.337,0.278,0.427,0.163,0.307,0.458,0.258,0.151,0.116,0.112,0.66,0.104,0.66,0.239,0.296,0.237,0.258,0.531,0.66,0.164,0.257,0.066,0.148,0.086,0.208,0.125,0.23,0.531,0.062,0.531,0.311,0.274,0.352,0.131,0.139,0.19,0.311,1.0,0.263,0.217,0.24,0.08,0.422,0.248,0.425,0.221,0.66,0.093,0.074,0.527,0.66,0.271,0.274,0.237,0.237,0.173,0.279,0.074,0.531,0.149,0.055,0.311,0.549,0.173,0.296,0.458,0.345,0.098,0.296,0.058,0.173,0.525,0.746,0.422,0.422,0.296,0.113,0.296,0.458,0.274,0.377,0.148,0.128,0.194,0.151,0.235,0.296,0.148,0.077,0.108,0.302,0.173,0.096,0.151,0.217,0.145,0.147,0.133,0.295,0.359,0.531,0.296,0.337,0.312,0.59,0.125,0.213,0.177,0.173,0.55,0.531,0.258,0.337,0.093,0.08,0.328,0.128,0.188,0.112,0.227,0.263,0.235,0.084,0.139,0.177,0.099,0.113,0.447,0.062,0.227,0.251
0.133,0.365,0.307,0.063,0.421,0.182,0.096,0.054,0.82,0.202,0.373,0.155,0.242,0.642,0.112,0.515,0.212,0.074,0.173,0.117,0.147,0.375,0.134,0.373,0.097,0.202,0.091,0.162,0.242,0.458,1.0,0.2,0.098,0.083,0.256,0.235,0.094,0.101,0.084,0.202,0.458,0.311,0.375,0.642,0.202,0.077,0.514,0.514,0.841,0.155,0.111,0.2,0.327,0.098,0.141,0.06,0.162,0.421,0.141,0.15,0.373,0.141,0.133,0.242,0.359,0.086,0.327,0.132,0.573,0.254,0.26,0.187,0.399,0.375,0.82,0.228,0.055,0.242,0.642,0.82,0.221,0.102,0.136,0.169,0.82,0.091,0.15,0.212,0.191,0.086,0.202,0.265,1.0,0.26,0.218,0.32,0.151,0.261,0.574,0.216,0.133,0.108,0.104,0.642,0.099,0.642,0.181,0.202,0.212,0.205,0.82,0.642,0.141,0.219,0.068,0.134,0.074,0.173,0.117,0.195,0.514,0.065,0.514,0.242,0.221,0.279,0.125,0.125,0.162,0.242,0.458,0.224,0.192,0.2,0.08,0.329,0.213,0.291,0.182,0.642,0.076,0.064,0.403,0.458,0.215,0.221,0.212,0.212,0.155,0.364,0.075,0.514,0.133,0.05,0.242,0.399,0.147,0.202,0.574,0.269,0.094,0.202,0.062,0.155,0.375,0.458,0.329,0.329,0.202,0.091,0.202,0.574,0.221,0.416,0.134,0.117,0.176,0.133,0.201,0.202,0.134,0.077,0.102,0.237,0.155,0.094,0.133,0.192,0.132,0.133,0.119,0.249,0.273,0.82,0.202,0.252,0.269,0.421,0.117,0.187,0.148,0.149,0.38,0.514,0.206,0.26,0.091,0.08,0.272,0.117,0.17,0.108,0.185,0.207,0.265,0.083,0.125,0.154,0.095,0.091,0.329,0.065,0.185,0.22
0.147,0.228,0.134,0.096,0.186,0.137,0.117,0.087,0.282,0.315,0.147,0.237,0.193,0.174,0.128,0.21,0.164,0.123,0.184,0.125,0.172,0.139,0.15,0.118,0.134,0.315,0.107,0.177,0.226,0.24,0.2,1.0,0.14,0.152,0.136,0.204,0.133,0.136,0.307,0.315,0.242,0.162,0.136,0.169,0.202,0.105,0.253,0.146,0.167,0.181,0.158,0.459,0.149,0.12,0.156,0.105,0.493,0.18,0.174,0.312,0.147,0.179,0.123,0.403,0.156,0.169,0.126,0.157,0.342,0.124,0.159,0.239,0.19,0.156,0.16,0.134,0.078,0.29,0.153,0.199,0.237,0.157,0.168,0.093,0.279,0.128,0.129,0.12,0.182,0.169,0.198,0.2,0.138,0.172,0.108,0.31,0.091,0.291,0.169,0.179,0.17,0.135,0.136,0.16,0.127,0.175,0.21,0.206,0.196,0.117,0.221,0.252,0.196,0.178,0.186,0.146,0.096,0.211,0.15,0.162,0.159,0.251,0.163,0.403,0.225,0.3,0.128,0.111,0.326,0.325,0.201,0.118,0.166,0.186,0.135,0.207,0.172,0.136,0.232,0.165,0.097,0.078,0.175,0.235,0.116,0.233,0.168,0.148,0.128,0.136,0.119,0.149,0.176,0.088,0.27,0.129,0.176,0.315,0.128,0.18,0.126,0.315,0.093,0.157,0.134,0.212,0.423,0.159,0.218,0.092,0.177,0.25,0.198,0.199,0.221,0.162,0.132,0.16,0.152,0.315,0.221,0.115,0.12,0.155,0.194,0.13,0.167,0.144,0.165,0.18,0.145,0.15,0.272,0.244,0.315,0.149,0.228,0.217,0.137,0.148,0.333,0.203,0.138,0.135,0.146,0.237,0.105,0.124,0.152,0.114,0.179,0.13,0.202,0.136,0.167,0.11,0.137,0.26,0.177,0.113,0.15,0.082,0.169,0.137
0.228,0.183,0.249,0.168,0.122,0.249,0.111,0.206,0.103,0.184,0.089,0.677,0.331,0.137,0.248,0.112,0.248,0.242,0.211,0.412,0.258,0.227,0.663,0.103,0.401,0.184,0.2,0.279,0.204,0.102,0.098,0.14,1.0,0.132,0.135,0.189,0.331,0.163,0.066,0.184,0.099,0.172,0.149,0.224,0.158,0.237,0.1,0.173,0.126,0.37,0.245,0.194,0.094,0.452,0.16,0.293,0.126,0.323,0.118,0.165,0.089,0.264,0.182,0.211,0.074,0.173,0.202,0.199,0.105,0.234,0.195,0.246,0.156,0.163,0.313,0.235,0.102,0.23,0.1,0.115,0.148,0.145,0.095,0.113,0.158,0.363,0.281,0.133,0.194,0.173,0.166,0.088,0.084,0.206,0.203,0.166,0.114,0.083,0.172,0.095,0.26,0.376,0.269,0.236,0.144,0.245,0.18,0.148,0.307,0.052,0.223,0.233,0.269,0.097,0.24,0.3,0.26,0.122,0.322,0.213,0.099,0.055,0.336,0.211,0.152,0.15,0.133,0.318,0.43,0.165,0.293,0.146,0.256,0.497,0.12,0.292,0.24,0.247,0.274,0.333,0.163,0.173,0.187,0.201,0.185,0.138,0.164,0.367,0.29,0.322,0.229,0.342,0.172,0.047,0.197,0.17,0.249,0.184,0.073,0.127,0.215,0.184,0.176,0.322,0.194,0.089,0.154,0.112,0.184,0.177,0.221,0.169,0.141,0.162,0.556,0.445,0.373,0.256,0.161,0.184,0.556,0.255,0.141,0.144,0.463,0.252,0.176,0.076,0.21,0.184,0.266,0.141,0.283,0.164,0.184,0.06,0.13,0.095,0.383,0.061,0.105,0.135,0.124,0.15,0.177,0.233,0.184,0.128,0.263,0.166,0.086,0.394,0.238,0.272,0.104,0.135,0.176,0.324,0.262,0.248,0.194,0.218,0.317,0.081
0.231,0.22,0.145,0.101,0.17,0.376,0.165,0.273,0.112,0.15,0.095,0.279,0.259,0.591,0.128,0.1,0.307,0.055,0.231,0.196,1.0,1.0,0.233,0.145,0.169,0.15,0.168,0.279,0.304,0.084,0.083,0.152,0.132,1.0,0.165,0.291,0.17,0.073,0.069,0.15,0.298,0.591,0.319,0.159,0.15,0.128,0.181,0.304,0.124,0.279,0.138,0.181,0.184,0.071,0.107,0.045,0.12,0.171,0.1,0.112,0.095,0.283,0.169,0.178,0.07,0.059,0.184,0.1,0.106,0.444,0.09,0.279,0.08,0.319,0.279,0.181,0.085,0.178,0.109,0.112,0.165,0.485,0.175,0.132,0.178,0.168,0.111,0.336,0.304,0.059,0.15,0.245,0.131,0.11,0.259,0.152,0.107,0.128,0.102,0.494,0.096,0.519,0.444,0.591,0.762,0.298,0.363,0.15,0.279,0.044,0.205,0.712,0.196,0.1,0.181,0.233,0.138,0.127,0.43,0.279,0.112,0.123,0.376,0.178,0.165,0.376,0.171,0.198,0.196,0.178,0.279,0.181,0.231,0.444,0.198,0.279,0.21,0.304,0.154,0.591,0.085,0.125,0.164,0.376,0.104,0.194,0.189,0.376,0.489,0.591,0.055,0.421,0.762,0.036,0.178,0.291,0.494,0.15,0.083,0.591,0.098,0.15,0.159,0.279,0.122,0.192,0.165,0.174,0.15,0.138,0.15,0.122,0.224,0.165,0.233,0.196,0.489,0.096,0.168,0.15,0.233,0.259,0.174,0.376,0.279,0.591,0.135,0.082,0.1,0.376,0.101,0.591,0.279,0.15,0.15,0.049,0.307,0.078,0.43,0.051,0.103,0.22,0.283,1.0,0.376,0.194,0.168,0.058,0.611,0.196,0.147,0.168,0.231,0.527,0.21,1.0,0.148,0.304,0.068,0.068,1.0,0.117,0.295,0.083
0.185,0.172,0.181,0.102,0.137,0.148,0.516,0.113,0.167,0.156,0.181,0.306,0.141,0.17,0.15,0.154,0.174,0.137,0.371,0.153,0.174,0.239,0.178,0.16,0.145,0.156,0.127,0.239,0.201,0.331,0.256,0.136,0.135,0.165,1.0,0.185,0.16,0.08,0.074,0.156,0.303,0.15,0.201,0.258,0.136,0.126,0.113,0.166,0.163,0.207,0.139,0.116,0.134,0.072,0.211,0.164,0.129,0.211,0.111,0.096,0.181,0.218,0.134,0.194,0.21,0.073,0.177,0.197,0.256,0.141,0.574,0.143,0.178,0.194,0.175,0.148,0.144,0.173,0.228,0.229,0.14,0.13,0.111,0.082,0.197,0.154,0.144,0.1,0.204,0.073,0.162,0.143,0.183,0.532,0.166,0.158,0.113,0.108,0.131,0.115,0.13,0.122,0.119,0.19,0.186,0.197,0.128,0.128,0.195,0.154,0.206,0.162,0.172,0.103,0.172,0.169,0.095,0.12,0.214,0.142,0.161,0.073,0.16,0.194,0.144,0.189,0.114,0.219,0.19,0.131,0.288,0.126,0.176,0.172,0.78,0.368,0.118,0.18,0.137,0.19,0.148,0.071,0.196,0.246,0.133,0.135,0.482,0.218,0.171,0.189,0.141,0.148,0.165,0.042,0.159,0.18,0.199,0.156,0.144,0.124,0.163,0.156,0.108,0.167,0.226,0.303,0.57,0.133,0.164,0.1,0.208,0.173,0.143,0.207,0.262,0.184,0.173,0.119,0.127,0.156,0.262,0.123,0.238,0.202,0.252,0.16,0.16,0.102,0.222,0.224,0.179,0.241,0.349,0.222,0.156,0.181,0.128,0.309,0.172,0.127,0.113,0.113,0.203,0.115,0.214,0.399,0.099,0.226,0.141,0.095,0.099,0.171,0.177,0.173,0.112,0.124,0.355,0.335,0.081,0.068,0.216,0.103,0.153,0.117
0.227,0.271,0.17,0.197,0.178,0.191,0.168,0.175,0.175,0.34,0.179,0.513,0.237,0.241,0.172,0.165,0.262,0.098,0.244,0.225,0.288,0.281,0.249,0.287,0.253,0.34,0.198,0.259,0.313,0.28,0.235,0.204,0.189,0.291,0.185,1.0,0.167,0.122,0.114,0.34,0.22,0.323,0.261,0.262,0.237,0.183,0.235,0.331,0.203,0.298,0.285,0.19,0.236,0.108,0.166,0.093,0.186,0.243,0.34,0.155,0.179,0.249,0.212,0.39,0.178,0.151,0.229,0.146,0.231,0.208,0.19,0.363,0.165,0.278,0.262,0.256,0.105,0.27,0.2,0.262,0.449,0.185,0.204,0.128,0.276,0.165,0.143,0.18,0.293,0.151,0.239,0.207,0.179,0.201,0.248,0.249,0.13,0.156,0.164,0.208,0.15,0.153,0.209,0.278,0.198,0.292,0.204,0.236,0.302,0.253,0.246,0.277,0.267,0.224,0.168,0.26,0.151,0.449,0.214,0.25,0.174,0.12,0.244,0.39,0.397,0.264,0.34,0.192,0.246,0.223,0.309,0.215,0.38,0.282,0.248,0.299,0.207,0.211,0.223,0.275,0.124,0.112,0.245,0.257,0.149,0.373,0.214,0.261,0.27,0.275,0.095,0.266,0.233,0.092,0.272,0.297,0.227,0.34,0.155,0.204,0.132,0.34,0.162,0.333,0.198,0.202,0.297,0.332,0.299,0.147,0.232,0.192,0.373,0.334,0.477,0.269,0.293,0.145,0.453,0.34,0.477,0.157,0.198,0.302,0.336,0.217,0.181,0.361,0.145,0.332,0.147,0.235,0.275,0.262,0.34,0.283,0.18,0.256,0.228,0.472,0.188,0.361,0.193,0.27,0.257,0.274,0.166,0.096,0.189,0.165,0.304,0.25,0.274,0.274,0.284,0.154,0.191,0.549,0.16,0.113,0.261,0.135,0.3,0.213
0.239,0.163,0.23,0.207,0.24,0.247,0.13,0.358,0.121,0.122,0.075,0.659,0.328,0.14,0.254,0.093,0.254,0.278,0.187,0.348,0.257,0.249,0.414,0.112,0.326,0.122,0.192,0.311,0.163,0.096,0.094,0.133,0.331,0.17,0.16,0.167,1.0,0.241,0.073,0.122,0.131,0.208,0.181,0.19,0.117,0.275,0.141,0.169,0.129,0.31,0.221,0.234,0.149,0.106,0.144,1.0,0.141,0.333,0.094,0.152,0.075,0.277,0.183,0.166,0.063,0.224,0.213,0.23,0.134,0.264,0.202,0.256,0.153,0.194,0.267,0.222,0.137,0.319,0.081,0.089,0.109,0.348,0.103,0.122,0.125,0.384,0.27,0.154,0.162,0.224,0.146,0.148,0.079,0.214,0.268,0.196,0.159,0.088,0.128,0.074,0.291,0.291,0.274,0.21,0.137,0.231,0.214,0.092,0.271,0.059,0.184,0.239,0.241,0.083,0.378,0.261,0.152,0.091,0.316,0.24,0.076,0.093,0.257,0.166,0.108,0.158,0.139,0.253,0.411,0.357,0.261,0.145,0.231,0.387,0.155,0.328,0.267,0.247,0.323,0.271,0.184,0.142,0.351,0.222,0.216,0.122,0.181,0.312,0.287,0.384,0.287,0.278,0.217,0.04,0.264,0.178,0.286,0.122,0.061,0.13,0.323,0.122,0.187,0.286,0.235,0.14,0.152,0.113,0.153,0.118,0.222,0.16,0.119,0.121,0.574,0.383,0.302,0.251,0.175,0.122,0.574,0.239,0.163,0.143,0.394,0.454,0.359,0.062,0.21,0.165,0.318,0.14,0.307,0.104,0.122,0.066,0.14,0.091,0.387,0.067,0.112,0.133,0.187,0.142,0.194,0.253,0.162,0.116,0.274,0.172,0.093,0.268,0.283,0.271,0.119,0.129,0.215,0.304,0.283,0.121,0.243,0.16,0.565,0.069
0.143,0.145,0.148,0.122,0.132,0.227,0.098,0.177,0.11,0.38,0.088,0.303,0.272,0.116,0.128,0.118,0.285,0.259,0.106,0.115,0.228,0.12,0.173,0.065,0.129,0.38,0.105,0.123,0.128,0.107,0.101,0.136,0.163,0.073,0.08,0.122,0.241,1.0,0.073,0.38,0.091,0.087,0.102,0.092,0.31,0.176,0.089,0.116,0.103,0.247,0.152,0.115,0.071,0.167,0.111,0.276,0.132,0.11,0.126,0.214,0.088,0.552,0.123,0.221,0.08,0.316,0.124,0.601,0.11,0.135,0.195,0.168,0.076,0.105,0.128,0.206,0.071,0.426,0.096,0.118,0.156,0.265,0.078,0.091,0.16,0.105,0.263,0.112,0.099,0.316,0.246,0.069,0.08,0.2,0.17,0.136,0.187,0.082,0.181,0.11,0.442,0.095,0.315,0.146,0.071,0.122,0.117,0.262,0.19,0.054,0.151,0.171,0.19,0.116,0.082,0.196,0.217,0.145,0.141,0.162,0.125,0.058,0.162,0.221,0.157,0.098,0.099,0.157,0.15,0.162,0.183,0.11,0.155,0.386,0.072,0.163,0.113,0.143,0.102,0.139,0.395,0.179,0.282,0.129,0.221,0.134,0.101,0.158,0.147,0.124,0.276,0.121,0.18,0.082,0.322,0.102,0.185,0.38,0.095,0.094,0.165,0.38,0.118,0.16,0.129,0.083,0.138,0.095,0.256,0.202,0.233,0.22,0.126,0.152,0.262,0.182,0.134,0.319,0.126,0.38,0.262,0.228,0.071,0.091,0.268,0.242,0.264,0.086,0.222,0.112,0.083,0.087,0.164,0.272,0.38,0.062,0.102,0.098,0.168,0.063,0.091,0.099,0.106,0.122,0.086,0.129,0.111,0.184,0.177,0.101,0.08,0.166,0.131,0.153,0.112,0.071,0.148,0.139,0.372,0.404,0.142,0.08,0.302,0.086
0.12,0.157,0.088,0.072,0.168,0.093,0.194,0.046,0.152,0.194,0.077,0.143,0.137,0.101,0.059,0.101,0.147,0.052,0.097,0.069,0.08,0.098,0.087,0.063,0.13,0.194,0.082,0.132,0.121,0.085,0.084,0.307,0.066,0.069,0.074,0.114,0.073,0.073,1.0,0.194,0.112,0.099,0.074,0.085,0.186,0.057,0.366,0.105,0.089,0.171,0.085,0.253,0.106,0.086,0.137,0.049,0.205,0.076,0.084,0.166,0.077,0.176,0.149,0.187,0.063,0.063,0.071,0.087,0.16,0.082,0.072,0.184,0.075,0.082,0.098,0.071,0.075,0.15,0.085,0.096,0.15,0.087,0.105,0.091,0.141,0.079,0.09,0.113,0.102,0.063,0.146,0.093,0.068,0.082,0.053,0.165,0.063,0.427,0.118,0.084,0.079,0.066,0.068,0.084,0.071,0.097,0.16,0.165,0.122,0.049,0.11,0.126,0.095,0.105,0.097,0.105,0.065,0.109,0.083,0.127,0.109,0.362,0.081,0.187,0.146,0.164,0.112,0.073,0.151,0.157,0.128,0.083,0.096,0.104,0.064,0.11,0.128,0.091,0.116,0.091,0.061,0.051,0.08,0.13,0.057,0.118,0.088,0.091,0.094,0.082,0.051,0.096,0.11,0.126,0.136,0.089,0.081,0.194,0.105,0.13,0.056,0.194,0.047,0.107,0.065,0.096,0.205,0.109,0.152,0.085,0.129,0.128,0.128,0.104,0.113,0.082,0.082,0.074,0.087,0.194,0.113,0.057,0.078,0.09,0.126,0.074,0.132,0.084,0.083,0.106,0.094,0.075,0.142,0.159,0.194,0.055,0.179,0.08,0.086,0.095,0.188,0.205,0.073,0.113,0.09,0.112,0.092,0.068,0.102,0.098,0.162,0.071,0.114,0.086,0.144,0.074,0.097,0.139,0.071,0.076,0.092,0.076,0.091,0.082
0.247,0.467,0.269,0.265,0.252,0.269,0.275,0.07,0.253,1.0,0.183,0.204,0.467,0.38,0.172,0.258,0.38,0.146,0.334,0.229,0.329,0.265,0.209,0.135,0.38,1.0,0.15,0.292,0.467,0.296,0.202,0.315,0.184,0.15,0.156,0.34,0.122,0.38,0.194,1.0,0.296,0.317,0.245,0.296,1.0,0.133,0.329,0.277,0.317,0.467,0.196,0.315,0.269,0.228,0.315,0.093,0.292,0.296,0.301,0.253,0.183,0.228,0.38,0.467,0.246,0.186,0.15,0.38,0.329,0.38,0.239,0.38,0.232,0.38,0.253,0.229,0.269,0.467,0.296,0.264,0.383,0.171,0.258,0.274,0.467,0.269,0.269,0.38,0.265,0.186,1.0,0.232,0.202,0.242,0.16,0.315,0.111,0.226,0.334,0.329,0.269,0.225,0.38,0.296,0.199,0.3,0.329,1.0,0.334,0.113,0.38,0.38,0.301,0.38,0.168,0.209,0.334,0.383,0.171,0.63,0.38,0.252,0.329,0.467,0.383,0.275,0.267,0.329,0.292,0.467,0.296,0.269,0.467,0.315,0.119,0.296,0.334,0.265,0.205,0.296,0.38,0.271,0.329,0.329,0.296,0.383,0.239,0.38,0.232,0.306,0.146,0.258,0.248,0.224,0.467,0.334,0.38,1.0,0.329,0.38,0.193,1.0,0.112,0.38,0.245,0.296,0.315,0.301,1.0,0.383,1.0,0.268,0.383,0.383,0.209,0.218,0.209,0.269,0.296,1.0,0.209,0.329,0.171,0.207,0.209,0.15,0.269,0.279,0.203,0.207,0.279,0.199,0.242,1.0,1.0,0.163,0.467,0.252,0.169,0.162,0.214,0.329,0.275,0.63,0.207,0.292,0.232,0.26,0.467,0.296,0.279,0.218,0.38,0.209,0.275,0.185,0.239,0.265,0.185,0.383,0.329,0.205,0.38,0.228
0.137,0.262,0.2,0.098,0.276,0.173,0.154,0.118,0.303,0.296,0.238,0.224,0.188,0.317,0.105,0.243,0.21,0.074,0.197,0.112,0.221,0.277,0.139,0.189,0.108,0.296,0.127,0.219,0.23,0.746,0.458,0.242,0.099,0.298,0.303,0.22,0.131,0.091,0.112,0.296,1.0,0.239,0.269,0.347,0.188,0.085,0.295,0.243,0.268,0.169,0.109,0.242,0.255,0.083,0.122,0.091,0.292,0.305,0.134,0.266,0.238,0.153,0.13,0.349,0.309,0.13,0.195,0.124,0.462,0.2,0.317,0.188,0.352,0.265,0.287,0.242,0.074,0.218,0.346,0.324,0.196,0.209,0.2,0.147,0.298,0.106,0.142,0.177,0.189,0.13,0.19,0.33,0.282,0.295,0.172,0.364,0.135,0.194,0.277,0.228,0.116,0.139,0.12,0.311,0.134,0.36,0.251,0.195,0.199,0.414,0.299,0.362,0.142,0.21,0.157,0.141,0.098,0.175,0.15,0.223,0.27,0.123,0.283,0.349,0.193,0.313,0.144,0.157,0.251,0.318,0.427,0.191,0.181,0.228,0.46,0.335,0.186,0.214,0.215,0.306,0.084,0.101,0.324,0.386,0.159,0.257,0.211,0.199,0.167,0.178,0.071,0.231,0.207,0.134,0.243,0.239,0.258,0.296,0.232,0.278,0.092,0.296,0.08,0.212,0.26,0.667,0.385,0.218,0.195,0.111,0.197,0.307,0.22,0.326,0.187,0.127,0.202,0.114,0.201,0.296,0.187,0.09,0.111,0.249,0.172,0.134,0.143,0.161,0.126,0.174,0.109,0.218,0.302,0.3,0.296,0.337,0.25,0.59,0.149,0.299,0.224,0.149,0.283,0.199,0.218,0.335,0.129,0.112,0.176,0.16,0.188,0.129,0.194,0.201,0.23,0.12,0.166,0.233,0.139,0.089,0.308,0.095,0.165,0.158
0.239,0.211,0.248,0.321,0.172,0.22,0.168,0.459,0.312,0.317,0.172,0.597,0.265,0.335,0.14,0.182,0.261,0.097,0.237,0.236,0.268,0.353,0.252,0.204,0.192,0.317,0.247,0.348,0.269,0.305,0.311,0.162,0.172,0.591,0.15,0.323,0.208,0.087,0.099,0.317,0.239,1.0,0.355,0.297,0.17,0.136,0.229,0.358,0.24,0.255,0.215,0.196,0.324,0.082,0.122,0.62,0.141,0.307,0.16,0.147,0.172,0.22,0.256,0.373,0.109,0.136,0.209,0.116,0.156,0.372,0.13,0.289,0.18,0.335,0.442,0.178,0.213,0.174,0.182,0.147,0.331,0.213,0.252,0.262,0.28,0.411,0.144,0.356,0.241,0.136,0.173,0.184,0.131,0.146,0.217,0.236,0.167,0.131,0.271,0.216,0.116,0.237,0.25,0.424,0.22,0.373,0.234,0.288,0.311,0.28,0.202,0.389,0.209,0.329,0.25,0.31,0.148,0.249,0.22,0.331,0.241,0.104,0.394,0.373,0.362,0.327,0.268,0.238,0.274,0.237,0.237,0.282,0.3,0.331,0.321,0.26,0.303,0.3,0.313,0.4,0.104,0.102,0.188,0.289,0.161,0.27,0.216,0.391,0.386,0.391,0.09,0.38,0.297,0.494,0.184,0.351,0.276,0.317,0.252,0.423,0.117,0.317,0.109,0.362,0.155,0.188,0.197,0.365,0.189,0.174,0.206,0.181,0.28,0.266,0.586,0.229,0.362,0.115,0.189,0.317,0.586,0.143,0.191,0.271,0.238,0.253,0.163,0.201,0.114,0.268,0.147,0.233,0.264,0.191,0.317,0.199,0.377,0.284,0.213,0.346,0.126,0.266,0.207,0.447,0.254,0.255,0.279,0.144,0.254,0.361,0.34,0.201,0.306,0.271,0.299,0.241,0.233,0.771,0.146,0.084,0.353,0.275,0.244,0.137
0.281,0.224,0.406,0.184,0.196,0.323,0.163,0.238,0.163,0.245,0.211,0.392,0.231,0.274,0.228,0.177,0.276,0.274,0.334,0.212,0.213,0.592,0.208,0.246,0.17,0.245,0.271,0.246,0.315,0.525,0.375,0.136,0.149,0.319,0.201,0.261,0.181,0.102,0.074,0.245,0.269,0.355,1.0,0.261,0.134,0.153,0.174,0.296,0.197,0.241,0.18,0.168,0.221,0.076,0.131,0.24,0.115,0.274,0.115,0.141,0.211,0.232,0.223,0.268,0.149,0.107,0.197,0.142,0.214,0.261,0.175,0.223,0.202,0.91,0.308,0.192,0.257,0.187,0.203,0.167,0.157,0.186,0.266,0.205,0.255,0.18,0.263,0.307,0.295,0.107,0.25,0.188,0.158,0.177,0.282,0.21,0.177,0.128,0.167,0.123,0.228,0.148,0.198,0.269,0.228,0.393,0.195,0.144,0.301,0.489,0.248,0.317,0.22,0.197,0.204,0.207,0.155,0.142,0.19,0.325,0.19,0.097,0.341,0.268,0.155,0.312,0.222,0.232,0.184,0.173,0.308,0.17,0.3,0.308,0.28,0.262,0.244,0.45,0.18,0.273,0.247,0.109,0.246,0.314,0.291,0.224,0.207,0.378,0.316,0.226,0.262,0.284,0.247,0.164,0.187,0.346,0.229,0.245,0.149,0.291,0.271,0.245,0.134,0.313,0.39,0.26,0.214,0.234,0.151,0.195,0.173,0.211,0.216,0.19,0.349,0.207,0.384,0.172,0.161,0.245,0.349,0.184,0.278,0.331,0.256,0.195,0.202,0.107,0.15,0.313,0.182,0.181,0.329,0.176,0.245,0.27,0.213,0.475,0.212,0.195,0.106,0.166,0.288,0.285,0.301,0.241,0.206,0.106,0.185,0.258,0.18,0.187,0.407,0.244,0.237,0.187,0.234,0.771,0.173,0.078,0.276,0.197,0.187,0.144
0.194,0.267,0.234,0.213,0.22,0.209,0.145,0.227,0.284,0.296,0.199,0.756,0.24,0.461,0.15,0.455,0.215,0.126,0.2,0.238,0.207,0.271,0.345,0.181,0.209,0.296,0.203,0.342,0.215,0.66,0.642,0.169,0.224,0.159,0.258,0.262,0.19,0.092,0.085,0.296,0.347,0.297,0.261,1.0,0.168,0.125,0.25,0.409,0.333,0.237,0.245,0.199,0.298,0.083,0.135,0.245,0.146,0.434,0.197,0.221,0.199,0.189,0.201,0.311,0.23,0.14,0.307,0.135,0.325,0.237,0.354,0.258,0.283,0.232,0.446,0.214,0.135,0.197,0.345,0.299,0.234,0.108,0.306,0.264,0.284,0.273,0.19,0.236,0.186,0.14,0.167,0.25,0.312,0.345,0.191,0.322,0.226,0.153,0.349,0.195,0.137,0.218,0.151,0.371,0.108,0.516,0.178,0.238,0.291,0.258,0.29,0.376,0.22,0.372,0.155,0.22,0.117,0.177,0.2,0.246,0.319,0.068,0.491,0.311,0.21,0.304,0.311,0.291,0.251,0.19,0.355,0.237,0.319,0.421,0.329,0.335,0.304,0.239,0.261,0.449,0.091,0.092,0.272,0.29,0.143,0.29,0.236,0.323,0.268,0.271,0.111,0.426,0.185,0.283,0.204,0.276,0.245,0.296,0.348,0.295,0.124,0.296,0.096,0.292,0.221,0.309,0.266,0.332,0.178,0.127,0.196,0.453,0.227,0.263,0.769,0.299,0.338,0.14,0.243,0.296,0.769,0.13,0.111,0.194,0.277,0.159,0.127,0.228,0.139,0.164,0.171,0.179,0.323,0.29,0.296,0.337,0.273,0.59,0.199,0.315,0.146,0.176,0.189,0.341,0.209,0.323,0.212,0.205,0.222,0.229,0.253,0.187,0.324,0.329,0.346,0.127,0.232,0.372,0.167,0.092,0.221,0.217,0.228,0.128
0.201,0.3,0.143,0.152,0.174,0.166,0.25,0.095,0.2,1.0,0.133,0.204,0.268,0.213,0.143,0.183,0.246,0.135,0.195,0.184,0.194,0.155,0.16,0.115,0.239,1.0,0.123,0.168,0.252,0.296,0.202,0.202,0.158,0.15,0.136,0.237,0.117,0.31,0.186,1.0,0.188,0.17,0.134,0.168,1.0,0.108,0.209,0.19,0.17,0.346,0.177,0.182,0.156,0.19,0.244,0.095,0.216,0.209,0.198,0.169,0.133,0.199,0.213,0.467,0.178,0.186,0.13,0.281,0.224,0.189,0.17,0.255,0.174,0.162,0.181,0.183,0.192,0.352,0.225,0.212,0.296,0.139,0.155,0.161,0.29,0.178,0.166,0.192,0.203,0.186,0.561,0.141,0.134,0.18,0.123,0.183,0.154,0.187,0.276,0.252,0.222,0.15,0.211,0.19,0.145,0.173,0.174,0.615,0.23,0.113,0.243,0.198,0.238,0.228,0.13,0.188,0.201,0.294,0.155,0.188,0.272,0.159,0.186,0.467,0.265,0.191,0.178,0.157,0.211,0.258,0.239,0.196,0.245,0.191,0.119,0.206,0.192,0.145,0.153,0.189,0.282,0.166,0.218,0.194,0.176,0.27,0.176,0.172,0.151,0.168,0.137,0.148,0.207,0.224,0.324,0.154,0.196,1.0,0.23,0.191,0.144,1.0,0.104,0.182,0.153,0.19,0.233,0.199,0.586,0.216,0.434,0.193,0.213,0.254,0.209,0.183,0.129,0.205,0.217,1.0,0.209,0.218,0.124,0.152,0.199,0.149,0.224,0.19,0.167,0.18,0.186,0.154,0.169,0.611,1.0,0.163,0.192,0.252,0.144,0.162,0.135,0.228,0.145,0.222,0.147,0.182,0.156,0.188,0.254,0.175,0.178,0.157,0.183,0.139,0.26,0.154,0.163,0.265,0.185,0.33,0.155,0.138,0.211,0.18
0.193,0.129,0.094,0.429,0.151,0.122,0.11,0.436,0.079,0.133,0.071,0.602,0.162,0.132,0.353,0.084,0.317,0.098,0.176,0.192,0.227,0.199,0.362,0.114,0.246,0.133,0.327,0.209,0.15,0.076,0.077,0.105,0.237,0.128,0.126,0.183,0.275,0.176,0.057,0.133,0.085,0.136,0.153,0.125,0.108,1.0,0.123,0.262,0.126,0.447,0.268,0.192,0.112,0.113,0.078,0.147,0.096,0.158,0.088,0.134,0.071,0.205,0.264,0.161,0.058,0.18,0.403,0.166,0.08,0.172,0.116,0.291,0.079,0.151,0.231,0.302,0.07,0.172,0.088,0.088,0.108,0.222,0.094,0.18,0.117,0.199,0.118,0.147,0.164,0.18,0.109,0.096,0.074,0.119,0.177,0.223,0.156,0.075,0.125,0.07,0.161,0.215,0.246,0.282,0.136,0.216,0.201,0.097,0.368,0.043,0.301,0.183,0.359,0.073,0.197,0.366,0.154,0.09,0.258,0.258,0.075,0.062,0.208,0.161,0.111,0.153,0.179,0.19,0.264,0.106,0.344,0.234,0.345,0.306,0.119,0.302,0.22,0.123,0.166,0.253,0.097,0.194,0.225,0.206,0.122,0.109,0.194,0.224,0.413,0.302,0.106,0.272,0.181,0.033,0.147,0.191,0.234,0.133,0.057,0.125,0.087,0.133,0.3,0.319,0.431,0.083,0.13,0.124,0.215,0.105,0.354,0.163,0.111,0.087,0.499,0.497,0.242,0.131,0.189,0.133,0.499,0.181,0.18,0.154,0.534,0.394,0.15,0.058,0.158,0.197,0.07,0.144,0.357,0.11,0.133,0.046,0.085,0.072,0.335,0.048,0.099,0.139,0.106,0.142,0.16,0.135,0.272,0.069,0.17,0.188,0.075,0.367,0.306,0.347,0.087,0.092,0.235,0.279,0.138,0.118,0.284,0.24,0.237,0.065
0.144,0.207,0.145,0.172,0.322,0.135,0.102,0.322,0.25,0.329,0.145,0.545,0.185,0.303,0.095,0.205,0.237,0.064,0.134,0.115,0.164,0.208,0.173,0.124,0.178,0.329,0.149,0.205,0.191,0.531,0.514,0.253,0.1,0.181,0.113,0.235,0.141,0.089,0.366,0.329,0.295,0.229,0.174,0.25,0.209,0.123,1.0,0.276,0.179,0.195,0.132,0.358,0.234,0.073,0.123,0.09,0.197,0.213,0.194,0.161,0.145,0.165,0.193,0.311,0.168,0.12,0.216,0.108,0.289,0.147,0.148,0.263,0.143,0.18,0.257,0.237,0.09,0.186,0.209,0.196,0.261,0.138,0.132,0.177,0.232,0.157,0.106,0.212,0.15,0.12,0.207,0.219,0.17,0.151,0.121,0.27,0.088,0.294,0.26,0.235,0.101,0.155,0.117,0.249,0.081,0.282,0.206,0.226,0.208,0.229,0.267,0.34,0.152,0.232,0.242,0.171,0.101,0.282,0.131,0.207,0.286,0.492,0.277,0.311,0.229,0.249,0.14,0.194,0.209,0.207,0.262,0.212,0.217,0.209,0.165,0.272,0.309,0.158,0.196,0.368,0.077,0.141,0.279,0.243,0.099,0.221,0.121,0.186,0.227,0.18,0.061,0.305,0.156,0.293,0.19,0.199,0.22,0.329,0.225,0.263,0.076,0.329,0.133,0.25,0.167,0.236,0.27,0.259,0.231,0.1,0.235,0.235,0.221,0.246,0.55,0.176,0.225,0.1,0.157,0.329,0.55,0.094,0.085,0.161,0.208,0.153,0.241,0.184,0.102,0.147,0.092,0.116,0.237,0.272,0.329,0.288,0.227,0.484,0.131,0.213,0.16,0.198,0.179,0.247,0.143,0.2,0.179,0.079,0.192,0.229,0.259,0.114,0.262,0.223,0.224,0.101,0.153,0.245,0.129,0.092,0.229,0.157,0.16,0.12
0.228,0.218,0.195,0.416,0.21,0.179,0.174,0.484,0.291,0.277,0.164,0.756,0.23,0.43,0.146,0.283,0.266,0.082,0.21,0.209,0.286,0.362,0.283,0.23,0.216,0.277,0.32,0.295,0.295,0.531,0.514,0.146,0.173,0.304,0.166,0.331,0.169,0.116,0.105,0.277,0.243,0.358,0.296,0.409,0.19,0.262,0.276,1.0,0.218,0.345,0.302,0.183,0.364,0.11,0.127,0.103,0.13,0.296,0.162,0.149,0.164,0.209,0.329,0.323,0.167,0.14,0.349,0.129,0.23,0.23,0.172,0.34,0.172,0.3,0.411,0.243,0.251,0.196,0.269,0.208,0.338,0.155,0.21,0.384,0.277,0.356,0.126,0.335,0.289,0.14,0.191,0.154,0.183,0.171,0.229,0.263,0.186,0.129,0.356,0.2,0.132,0.212,0.199,0.421,0.158,0.393,0.217,0.357,0.349,0.229,0.319,0.309,0.274,0.305,0.178,0.367,0.168,0.237,0.208,0.289,0.392,0.096,0.375,0.323,0.291,0.279,0.354,0.227,0.229,0.165,0.366,0.368,0.356,0.322,0.257,0.304,0.312,0.254,0.341,0.452,0.11,0.132,0.257,0.278,0.167,0.219,0.169,0.315,0.456,0.332,0.081,0.383,0.25,0.509,0.199,0.343,0.254,0.277,0.396,0.369,0.113,0.277,0.163,0.345,0.222,0.237,0.205,0.354,0.228,0.173,0.285,0.306,0.26,0.262,0.769,0.393,0.31,0.127,0.359,0.277,0.769,0.15,0.203,0.233,0.358,0.232,0.144,0.257,0.12,0.27,0.127,0.16,0.292,0.265,0.277,0.288,0.257,0.484,0.221,0.455,0.114,0.282,0.179,0.444,0.194,0.232,0.392,0.176,0.199,0.366,0.253,0.223,0.356,0.338,0.272,0.2,0.254,0.582,0.167,0.116,0.337,0.345,0.277,0.152
0.148,0.305,0.146,0.139,0.16,0.153,0.117,0.136,0.375,0.317,0.221,0.243,0.167,0.304,0.121,0.455,0.215,0.086,0.172,0.122,0.154,0.207,0.165,0.285,0.126,0.317,0.157,0.19,0.213,0.386,0.841,0.167,0.126,0.124,0.163,0.203,0.129,0.103,0.089,0.317,0.268,0.24,0.197,0.333,0.17,0.126,0.179,0.218,1.0,0.202,0.181,0.146,0.27,0.095,0.12,0.084,0.155,0.24,0.326,0.188,0.221,0.183,0.137,0.373,0.248,0.136,0.262,0.125,0.291,0.15,0.19,0.171,0.248,0.191,0.36,0.173,0.102,0.213,0.331,0.423,0.218,0.13,0.209,0.174,0.434,0.143,0.152,0.149,0.185,0.136,0.163,0.204,0.599,0.192,0.148,0.281,0.252,0.141,0.264,0.161,0.123,0.123,0.125,0.255,0.127,0.291,0.179,0.207,0.227,0.27,0.403,0.223,0.174,0.32,0.107,0.17,0.1,0.179,0.15,0.17,0.252,0.09,0.297,0.373,0.197,0.227,0.21,0.117,0.168,0.181,0.269,0.175,0.215,0.228,0.115,0.215,0.181,0.148,0.165,0.27,0.09,0.109,0.263,0.199,0.126,0.281,0.218,0.16,0.166,0.165,0.082,0.178,0.178,0.139,0.238,0.194,0.148,0.317,0.285,0.173,0.096,0.317,0.104,0.182,0.2,0.257,0.211,0.327,0.185,0.115,0.191,0.38,0.197,0.233,0.206,0.16,0.172,0.119,0.137,0.317,0.206,0.104,0.125,0.198,0.209,0.146,0.132,0.166,0.128,0.174,0.121,0.163,0.246,0.433,0.317,0.204,0.181,0.356,0.151,0.163,0.164,0.146,0.172,0.182,0.211,0.17,0.147,0.117,0.139,0.132,0.239,0.168,0.194,0.249,0.265,0.107,0.16,0.228,0.146,0.09,0.156,0.119,0.158,0.136
0.316,0.233,0.179,0.396,0.212,0.213,0.319,0.384,0.191,0.467,0.128,1.0,0.3,0.243,0.272,0.155,0.379,0.204,0.231,0.281,0.399,0.322,0.448,0.205,0.364,0.467,0.345,0.274,0.246,0.173,0.155,0.181,0.37,0.279,0.207,0.298,0.31,0.247,0.171,0.467,0.169,0.255,0.241,0.237,0.346,0.447,0.195,0.345,0.202,1.0,0.504,0.249,0.232,0.273,0.155,0.189,0.181,0.293,0.164,0.205,0.128,0.293,0.458,0.28,0.133,0.272,0.427,0.228,0.165,0.242,0.202,0.414,0.148,0.245,0.351,0.405,0.244,0.318,0.171,0.168,0.264,0.241,0.178,0.252,0.214,0.269,0.203,0.285,0.249,0.272,0.318,0.17,0.141,0.209,0.328,0.274,0.198,0.137,0.289,0.163,0.282,0.259,0.354,0.409,0.245,0.352,0.286,0.361,0.491,0.097,0.346,0.274,0.505,0.181,0.24,0.555,0.256,0.198,0.347,0.328,0.211,0.14,0.331,0.28,0.235,0.25,0.266,0.298,0.378,0.192,0.443,0.366,0.426,0.442,0.243,0.38,0.269,0.228,0.263,0.413,0.192,0.237,0.312,0.284,0.217,0.222,0.23,0.308,0.463,0.384,0.203,0.332,0.418,0.248,0.268,0.248,0.347,0.467,0.236,0.249,0.159,0.467,0.4,0.412,0.307,0.161,0.238,0.232,0.45,0.185,0.392,0.209,0.218,0.179,0.915,0.559,0.356,0.22,0.316,0.467,0.915,0.321,0.224,0.255,0.758,0.462,0.228,0.168,0.201,0.321,0.167,0.202,0.397,0.332,0.467,0.116,0.215,0.161,0.45,0.182,0.178,0.333,0.178,0.291,0.255,0.244,0.326,0.16,0.26,0.292,0.187,0.517,0.403,0.48,0.195,0.213,0.355,0.49,0.29,0.209,0.345,0.276,0.355,0.131
0.187,0.175,0.104,0.298,0.144,0.155,0.149,0.194,0.194,0.196,0.1,0.704,0.185,0.187,0.173,0.221,0.26,0.102,0.167,0.225,0.248,0.222,0.336,0.122,0.465,0.196,0.261,0.262,0.199,0.12,0.111,0.158,0.245,0.138,0.139,0.285,0.221,0.152,0.085,0.196,0.109,0.215,0.18,0.245,0.177,0.268,0.132,0.302,0.181,0.504,1.0,0.167,0.291,0.134,0.114,0.097,0.144,0.18,0.247,0.124,0.1,0.222,0.337,0.235,0.086,0.131,0.226,0.155,0.12,0.13,0.139,0.362,0.088,0.188,0.315,0.262,0.222,0.235,0.138,0.131,0.317,0.151,0.161,0.283,0.18,0.29,0.138,0.248,0.2,0.131,0.167,0.108,0.095,0.146,0.17,0.349,0.332,0.097,0.25,0.152,0.189,0.227,0.237,0.28,0.147,0.254,0.208,0.35,0.526,0.061,0.269,0.217,0.492,0.257,0.144,0.475,0.188,0.202,0.271,0.237,0.23,0.066,0.242,0.235,0.273,0.23,0.242,0.172,0.319,0.15,0.371,0.345,0.559,0.349,0.125,0.329,0.357,0.126,0.418,0.257,0.119,0.131,0.187,0.199,0.11,0.157,0.166,0.225,0.415,0.381,0.111,0.21,0.293,0.346,0.203,0.241,0.21,0.196,0.256,0.28,0.099,0.196,0.199,0.362,0.19,0.11,0.171,0.434,0.24,0.145,0.215,0.152,0.267,0.151,0.584,0.351,0.286,0.16,0.204,0.196,0.584,0.179,0.141,0.174,0.57,0.297,0.148,0.21,0.147,0.224,0.1,0.127,0.314,0.185,0.196,0.071,0.218,0.11,0.34,0.342,0.138,0.288,0.112,0.273,0.174,0.16,0.333,0.139,0.164,0.275,0.273,0.36,0.253,0.413,0.168,0.159,0.248,0.336,0.156,0.151,0.204,0.258,0.225,0.092
0.203,0.209,0.168,0.197,0.234,0.158,0.114,0.322,0.232,0.315,0.113,0.545,0.212,0.187,0.164,0.164,0.282,0.129,0.169,0.217,0.224,0.2,0.294,0.099,0.243,0.315,0.192,0.271,0.205,0.24,0.2,0.459,0.194,0.181,0.116,0.19,0.234,0.115,0.253,0.315,0.242,0.196,0.168,0.199,0.182,0.192,0.358,0.183,0.146,0.249,0.167,1.0,0.175,0.099,0.183,0.167,0.356,0.207,0.124,0.263,0.113,0.19,0.202,0.403,0.113,0.169,0.222,0.167,0.287,0.192,0.148,0.284,0.167,0.189,0.215,0.335,0.105,0.215,0.112,0.142,0.184,0.162,0.157,0.13,0.226,0.201,0.138,0.157,0.166,0.169,0.202,0.214,0.115,0.16,0.172,0.311,0.086,0.245,0.161,0.134,0.153,0.242,0.176,0.207,0.116,0.226,0.238,0.184,0.238,0.117,0.3,0.316,0.204,0.154,0.378,0.194,0.131,0.164,0.26,0.227,0.127,0.246,0.248,0.403,0.17,0.286,0.17,0.25,0.347,0.311,0.241,0.211,0.25,0.283,0.165,0.271,0.322,0.179,0.257,0.318,0.124,0.215,0.248,0.285,0.118,0.211,0.142,0.244,0.268,0.233,0.123,0.266,0.179,0.088,0.219,0.171,0.288,0.315,0.104,0.205,0.171,0.315,0.237,0.273,0.205,0.211,0.347,0.16,0.226,0.104,0.264,0.202,0.176,0.181,0.55,0.28,0.244,0.147,0.177,0.315,0.55,0.162,0.108,0.163,0.297,0.236,0.255,0.109,0.163,0.184,0.208,0.125,0.33,0.206,0.315,0.149,0.329,0.217,0.251,0.148,0.265,0.196,0.176,0.168,0.164,0.328,0.179,0.105,0.23,0.186,0.176,0.175,0.353,0.29,0.186,0.12,0.195,0.26,0.177,0.105,0.229,0.141,0.214,0.104
0.159,0.224,0.129,0.287,0.159,0.149,0.15,0.172,0.315,0.269,0.149,0.321,0.141,0.304,0.102,0.281,0.201,0.051,0.171,0.108,0.138,0.259,0.14,0.19,0.114,0.269,0.197,0.199,0.213,0.319,0.327,0.149,0.094,0.184,0.134,0.236,0.149,0.071,0.106,0.269,0.255,0.324,0.221,0.298,0.156,0.112,0.234,0.364,0.27,0.232,0.291,0.175,1.0,0.078,0.097,0.053,0.137,0.174,0.224,0.102,0.149,0.164,0.26,0.219,0.168,0.071,0.28,0.088,0.252,0.145,0.144,0.258,0.211,0.216,0.362,0.173,0.261,0.148,0.234,0.25,0.373,0.146,0.164,0.321,0.19,0.268,0.113,0.346,0.204,0.071,0.153,0.246,0.191,0.144,0.137,0.391,0.328,0.142,0.331,0.223,0.08,0.143,0.116,0.299,0.119,0.324,0.172,0.369,0.282,0.296,0.186,0.272,0.204,0.401,0.16,0.28,0.12,0.218,0.123,0.23,0.356,0.113,0.294,0.219,0.312,0.263,0.224,0.128,0.138,0.15,0.224,0.387,0.356,0.218,0.165,0.227,0.319,0.161,0.229,0.339,0.077,0.072,0.225,0.206,0.107,0.194,0.187,0.166,0.263,0.169,0.05,0.22,0.274,0.583,0.165,0.288,0.162,0.269,0.4,0.37,0.064,0.269,0.081,0.275,0.151,0.231,0.198,0.484,0.166,0.156,0.16,0.2,0.274,0.372,0.28,0.15,0.256,0.077,0.194,0.269,0.28,0.084,0.139,0.186,0.19,0.136,0.132,0.278,0.084,0.168,0.102,0.197,0.202,0.215,0.269,0.337,0.303,0.299,0.13,0.565,0.141,0.292,0.169,0.389,0.193,0.16,0.267,0.138,0.176,0.315,0.396,0.133,0.211,0.292,0.373,0.181,0.279,0.353,0.079,0.071,0.205,0.267,0.126,0.11
0.129,0.123,0.09,0.113,0.076,0.115,0.254,0.104,0.105,0.228,0.08,0.294,0.194,0.105,0.087,0.108,0.153,0.126,0.096,0.087,0.116,0.101,0.136,0.06,0.108,0.228,0.099,0.105,0.115,0.102,0.098,0.12,0.452,0.071,0.072,0.108,0.106,0.167,0.086,0.228,0.083,0.082,0.076,0.083,0.19,0.113,0.073,0.11,0.095,0.273,0.134,0.099,0.078,1.0,0.089,0.125,0.116,0.094,0.114,0.162,0.08,0.137,0.144,0.211,0.07,0.173,0.105,0.155,0.098,0.131,0.157,0.134,0.069,0.086,0.115,0.138,0.086,0.217,0.074,0.105,0.153,0.105,0.084,0.09,0.145,0.115,0.12,0.111,0.089,0.173,0.168,0.062,0.072,0.163,0.087,0.106,0.102,0.067,0.197,0.087,0.189,0.086,0.176,0.172,0.061,0.134,0.098,0.192,0.169,0.052,0.135,0.105,0.155,0.106,0.066,0.166,0.127,0.118,0.119,0.116,0.109,0.041,0.119,0.211,0.143,0.094,0.077,0.113,0.128,0.122,0.154,0.12,0.134,0.181,0.07,0.138,0.106,0.09,0.091,0.16,0.114,0.145,0.138,0.102,0.134,0.119,0.089,0.107,0.134,0.109,0.128,0.103,0.125,0.102,0.181,0.088,0.165,0.228,0.151,0.092,0.088,0.228,0.097,0.132,0.089,0.074,0.125,0.099,0.177,0.105,0.168,0.166,0.116,0.113,0.254,0.154,0.115,0.142,0.095,0.228,0.254,0.154,0.063,0.083,0.226,0.125,0.122,0.082,0.133,0.101,0.095,0.077,0.134,0.193,0.228,0.06,0.119,0.095,0.135,0.069,0.082,0.143,0.074,0.115,0.078,0.112,0.111,0.133,0.118,0.102,0.081,0.13,0.124,0.13,0.079,0.074,0.1,0.134,0.262,0.161,0.102,0.084,0.147,0.07
0.24,0.248,0.199,0.077,0.114,0.16,0.198,0.061,0.126,0.315,0.102,0.188,0.222,0.135,0.201,0.118,0.207,0.2,0.191,0.201,0.144,0.171,0.172,0.086,0.236,0.315,0.09,0.2,0.211,0.164,0.141,0.156,0.16,0.107,0.211,0.166,0.144,0.111,0.137,0.315,0.122,0.122,0.131,0.135,0.244,0.078,0.123,0.127,0.12,0.155,0.114,0.183,0.097,0.089,1.0,0.144,0.152,0.172,0.122,0.116,0.102,0.297,0.153,0.334,0.099,0.107,0.096,0.271,0.138,0.15,0.214,0.179,0.12,0.164,0.133,0.1,0.16,0.217,0.134,0.138,0.183,0.105,0.109,0.099,0.204,0.164,0.166,0.128,0.176,0.107,0.27,0.09,0.095,0.237,0.13,0.135,0.066,0.16,0.128,0.129,0.184,0.155,0.125,0.117,0.134,0.121,0.145,0.218,0.156,0.073,0.162,0.143,0.143,0.118,0.153,0.123,0.111,0.162,0.227,0.134,0.132,0.092,0.14,0.334,0.178,0.132,0.127,0.151,0.184,0.178,0.181,0.088,0.129,0.164,0.206,0.195,0.165,0.184,0.141,0.134,0.169,0.073,0.124,0.186,0.148,0.166,0.228,0.175,0.152,0.154,0.2,0.126,0.142,0.088,0.203,0.126,0.158,0.315,0.102,0.13,0.238,0.315,0.068,0.14,0.16,0.109,0.205,0.135,0.221,0.117,0.212,0.139,0.159,0.175,0.166,0.16,0.139,0.172,0.128,0.315,0.166,0.171,0.13,0.119,0.155,0.097,0.129,0.101,0.297,0.14,0.326,0.294,0.214,0.236,0.315,0.09,0.151,0.147,0.178,0.091,0.121,0.118,0.11,0.122,0.141,0.219,0.088,0.132,0.154,0.114,0.108,0.119,0.166,0.107,0.136,0.156,0.186,0.197,0.118,0.112,0.127,0.091,0.153,0.123
0.259,0.192,0.356,0.129,0.324,0.293,0.164,0.169,0.078,0.093,0.07,0.189,0.528,0.1,0.216,0.094,0.293,0.32,0.169,0.4,0.197,0.258,0.293,0.048,0.327,0.093,0.117,0.62,0.135,0.056,0.06,0.105,0.293,0.045,0.164,0.093,1.0,0.276,0.049,0.093,0.091,0.62,0.24,0.245,0.095,0.147,0.09,0.103,0.084,0.189,0.097,0.167,0.053,0.125,0.144,1.0,0.082,0.563,0.094,0.125,0.07,0.276,0.114,0.117,0.05,0.137,0.09,0.267,0.076,0.709,0.236,0.269,0.185,0.24,0.245,0.122,0.128,0.406,0.056,0.078,0.111,0.287,0.07,0.152,0.117,0.63,0.293,0.245,0.12,0.137,0.115,0.05,0.06,0.242,0.197,0.161,0.174,0.072,0.178,0.069,0.32,0.293,0.262,0.14,0.111,0.189,0.147,0.093,0.189,0.034,0.103,0.323,0.132,0.094,0.563,0.157,0.109,0.085,0.326,0.214,0.078,0.033,0.293,0.117,0.111,0.074,0.081,0.293,0.563,1.0,0.189,0.09,0.144,0.293,0.145,0.294,0.275,0.32,0.62,0.245,0.163,0.082,0.406,0.231,0.32,0.111,0.193,0.398,0.189,0.62,0.356,0.293,0.186,0.025,0.406,0.262,0.311,0.093,0.06,0.141,0.356,0.093,0.079,0.207,0.137,0.056,0.164,0.094,0.093,0.163,0.242,0.17,0.111,0.223,0.157,0.248,0.293,0.293,0.114,0.093,0.157,0.195,0.175,0.073,0.189,0.324,0.626,0.056,0.267,0.073,0.242,0.126,0.242,0.093,0.093,0.035,0.236,0.054,0.263,0.037,0.074,0.074,0.206,0.157,0.227,0.275,0.117,0.175,0.709,0.309,0.064,0.168,0.137,0.157,0.119,0.135,0.193,0.08,0.217,0.128,0.211,0.17,1.0,0.06
0.126,0.217,0.109,0.083,0.23,0.118,0.111,0.07,0.379,0.292,0.138,0.204,0.174,0.167,0.112,0.203,0.151,0.104,0.17,0.109,0.149,0.119,0.138,0.105,0.117,0.292,0.094,0.183,0.208,0.19,0.162,0.493,0.126,0.12,0.129,0.186,0.141,0.132,0.205,0.292,0.292,0.141,0.115,0.146,0.216,0.096,0.197,0.13,0.155,0.181,0.144,0.356,0.137,0.116,0.152,0.082,1.0,0.152,0.171,0.298,0.138,0.168,0.11,0.349,0.139,0.13,0.114,0.149,0.448,0.103,0.138,0.173,0.19,0.135,0.14,0.12,0.074,0.29,0.15,0.192,0.232,0.13,0.156,0.08,0.273,0.105,0.118,0.099,0.165,0.13,0.211,0.205,0.13,0.151,0.092,0.386,0.083,0.19,0.155,0.168,0.164,0.126,0.118,0.139,0.121,0.151,0.277,0.219,0.186,0.09,0.213,0.252,0.19,0.165,0.156,0.146,0.083,0.202,0.136,0.159,0.156,0.205,0.14,0.349,0.232,0.348,0.114,0.092,0.497,0.409,0.181,0.108,0.148,0.165,0.109,0.238,0.142,0.114,0.332,0.141,0.094,0.072,0.156,0.158,0.1,0.209,0.163,0.126,0.115,0.116,0.105,0.125,0.161,0.072,0.256,0.109,0.158,0.292,0.119,0.198,0.112,0.292,0.086,0.139,0.126,0.215,0.552,0.136,0.227,0.08,0.177,0.244,0.193,0.175,0.185,0.145,0.115,0.149,0.154,0.292,0.185,0.104,0.117,0.143,0.192,0.118,0.148,0.136,0.155,0.176,0.129,0.143,0.366,0.251,0.292,0.112,0.191,0.171,0.134,0.112,0.463,0.154,0.134,0.113,0.139,0.293,0.092,0.114,0.119,0.099,0.137,0.125,0.217,0.124,0.147,0.101,0.128,0.217,0.139,0.112,0.129,0.07,0.154,0.128
0.253,0.238,0.246,0.172,0.249,0.276,0.139,0.227,0.209,0.296,0.202,0.756,0.377,0.288,0.23,0.258,0.22,0.196,0.222,0.387,0.254,0.286,0.449,0.161,0.357,0.296,0.224,0.425,0.245,0.59,0.421,0.18,0.323,0.171,0.211,0.243,0.333,0.11,0.076,0.296,0.305,0.307,0.274,0.434,0.209,0.158,0.213,0.296,0.24,0.293,0.18,0.207,0.174,0.094,0.172,0.563,0.152,1.0,0.127,0.199,0.202,0.261,0.182,0.311,0.298,0.14,0.3,0.182,0.336,0.313,0.234,0.255,0.333,0.222,0.433,0.251,0.1,0.241,0.246,0.257,0.192,0.128,0.27,0.151,0.27,0.542,0.292,0.161,0.216,0.14,0.21,0.181,0.205,0.249,0.232,0.253,0.111,0.145,0.2,0.151,0.202,0.295,0.196,0.308,0.141,0.406,0.204,0.203,0.287,0.244,0.276,0.333,0.225,0.218,0.392,0.237,0.127,0.15,0.311,0.252,0.205,0.08,0.356,0.311,0.193,0.287,0.291,0.267,0.602,0.251,0.417,0.195,0.25,0.473,0.177,0.464,0.283,0.288,0.439,0.376,0.126,0.106,0.369,0.284,0.194,0.258,0.221,0.34,0.267,0.471,0.185,0.365,0.187,0.055,0.234,0.226,0.26,0.296,0.175,0.179,0.19,0.296,0.116,0.28,0.261,0.284,0.261,0.19,0.225,0.117,0.25,0.33,0.185,0.259,0.769,0.58,0.323,0.197,0.258,0.296,0.769,0.206,0.155,0.208,0.366,0.201,0.189,0.12,0.191,0.181,0.224,0.207,0.367,0.284,0.296,0.312,0.154,1.0,0.309,0.213,0.15,0.159,0.224,0.231,0.226,0.273,0.139,0.134,0.329,0.175,0.126,0.216,0.318,0.293,0.232,0.134,0.202,0.372,0.167,0.114,0.234,0.145,0.309,0.162
0.108,0.186,0.091,0.152,0.089,0.108,0.095,0.062,0.165,0.301,0.121,0.188,0.146,0.181,0.095,0.499,0.131,0.085,0.14,0.091,0.124,0.109,0.12,0.088,0.097,0.301,0.104,0.16,0.174,0.164,0.141,0.174,0.118,0.1,0.111,0.34,0.094,0.126,0.084,0.301,0.134,0.16,0.115,0.197,0.198,0.088,0.194,0.162,0.326,0.164,0.247,0.124,0.224,0.114,0.122,0.094,0.171,0.127,1.0,0.232,0.121,0.151,0.122,0.334,0.121,0.114,0.096,0.137,0.164,0.105,0.119,0.148,0.146,0.133,0.142,0.108,0.14,0.243,0.176,0.168,0.539,0.105,0.148,0.188,0.218,0.138,0.098,0.137,0.134,0.114,0.185,0.123,0.118,0.13,0.075,0.3,0.332,0.102,0.19,0.169,0.138,0.136,0.107,0.133,0.091,0.142,0.096,0.296,0.198,0.082,0.184,0.154,0.192,0.416,0.064,0.158,0.087,0.605,0.117,0.112,0.176,0.057,0.166,0.334,0.457,0.207,0.217,0.084,0.141,0.174,0.158,0.174,0.229,0.184,0.093,0.141,0.178,0.09,0.144,0.128,0.088,0.088,0.143,0.113,0.084,0.308,0.139,0.108,0.127,0.099,0.086,0.112,0.163,0.176,0.218,0.166,0.119,0.301,0.196,0.171,0.091,0.301,0.07,0.184,0.112,0.134,0.188,0.544,0.199,0.087,0.163,0.255,0.366,0.231,0.166,0.121,0.113,0.124,0.117,0.301,0.166,0.086,0.09,0.118,0.171,0.108,0.113,0.465,0.14,0.144,0.106,0.124,0.134,0.233,0.301,0.14,0.166,0.147,0.114,0.207,0.114,0.167,0.089,0.157,0.111,0.122,0.151,0.146,0.099,0.127,0.465,0.107,0.133,0.193,0.225,0.103,0.138,0.197,0.118,0.111,0.093,0.119,0.132,0.112
0.133,0.18,0.113,0.103,0.156,0.131,0.087,0.082,0.183,0.253,0.111,0.23,0.164,0.135,0.13,0.307,0.164,0.102,0.14,0.114,0.148,0.122,0.159,0.084,0.114,0.253,0.118,0.167,0.175,0.171,0.15,0.312,0.165,0.112,0.096,0.155,0.152,0.214,0.166,0.253,0.266,0.147,0.141,0.221,0.169,0.134,0.161,0.149,0.188,0.205,0.124,0.263,0.102,0.162,0.116,0.125,0.298,0.199,0.232,1.0,0.111,0.217,0.107,0.311,0.102,0.213,0.105,0.213,0.231,0.163,0.149,0.18,0.185,0.121,0.177,0.152,0.056,0.235,0.105,0.142,0.183,0.208,0.283,0.113,0.212,0.112,0.136,0.109,0.133,0.213,0.165,0.125,0.101,0.156,0.09,0.233,0.097,0.143,0.195,0.126,0.179,0.101,0.172,0.154,0.088,0.247,0.179,0.169,0.196,0.085,0.166,0.225,0.168,0.289,0.126,0.164,0.145,0.155,0.146,0.151,0.123,0.134,0.172,0.311,0.179,0.322,0.181,0.114,0.224,0.272,0.195,0.101,0.149,0.209,0.103,0.189,0.14,0.106,0.165,0.148,0.108,0.128,0.169,0.158,0.098,0.219,0.119,0.132,0.14,0.119,0.109,0.169,0.139,0.066,0.219,0.119,0.161,0.253,0.095,0.141,0.109,0.253,0.084,0.153,0.131,0.131,0.285,0.158,0.175,0.127,0.159,0.555,0.161,0.184,0.191,0.148,0.13,0.164,0.124,0.253,0.191,0.101,0.089,0.117,0.216,0.16,0.157,0.102,0.214,0.132,0.104,0.106,0.232,0.189,0.253,0.104,0.16,0.156,0.15,0.105,0.387,0.125,0.103,0.116,0.112,0.177,0.1,0.148,0.153,0.098,0.115,0.124,0.243,0.141,0.206,0.102,0.107,0.199,0.14,0.202,0.13,0.073,0.165,0.1
0.095,0.188,0.201,0.063,0.15,0.138,0.079,0.062,0.281,0.183,1.0,0.16,0.13,0.224,0.096,0.206,0.146,0.077,0.225,0.08,0.107,0.195,0.102,0.581,0.084,0.183,0.07,0.103,0.185,0.415,0.373,0.147,0.089,0.095,0.181,0.179,0.075,0.088,0.077,0.183,0.238,0.172,0.211,0.199,0.133,0.071,0.145,0.164,0.221,0.128,0.1,0.113,0.149,0.08,0.102,0.07,0.138,0.202,0.121,0.111,1.0,0.119,0.082,0.237,0.279,0.099,0.164,0.106,0.358,0.097,0.202,0.122,0.197,0.225,0.187,0.138,0.049,0.185,0.301,0.363,0.156,0.086,0.091,0.068,0.493,0.079,0.118,0.079,0.188,0.099,0.131,0.204,0.307,0.193,0.154,0.196,0.114,0.129,0.183,0.152,0.109,0.089,0.085,0.21,0.083,0.171,0.101,0.134,0.149,0.267,0.348,0.159,0.122,0.141,0.059,0.104,0.061,0.134,0.101,0.105,0.23,0.055,0.152,0.237,0.155,0.151,0.084,0.072,0.121,0.141,0.302,0.149,0.138,0.126,0.09,0.223,0.11,0.166,0.123,0.197,0.062,0.053,0.225,0.176,0.284,0.155,0.158,0.126,0.092,0.114,0.075,0.112,0.104,0.054,0.181,0.148,0.099,0.183,0.219,0.122,0.081,0.183,0.061,0.095,0.26,0.298,0.206,0.147,0.14,0.06,0.119,0.229,0.137,0.19,0.142,0.102,0.099,0.102,0.121,0.183,0.142,0.072,0.171,0.52,0.137,0.088,0.082,0.142,0.111,0.19,0.092,0.187,0.164,0.339,0.183,0.283,0.1,0.386,0.097,0.172,0.134,0.098,0.152,0.101,0.172,0.152,0.071,0.072,0.108,0.066,0.115,0.107,0.109,0.155,0.107,0.073,0.092,0.16,0.107,0.073,0.129,0.055,0.111,0.304
0.317,0.244,0.262,0.166,0.174,0.305,0.204,0.177,0.137,0.228,0.119,0.454,0.315,0.179,0.281,0.144,0.348,0.255,0.268,0.339,0.314,0.271,0.31,0.186,0.286,0.228,0.201,0.289,0.293,0.158,0.141,0.179,0.264,0.283,0.218,0.249,0.277,0.552,0.176,0.228,0.153,0.22,0.232,0.189,0.199,0.205,0.165,0.209,0.183,0.293,0.222,0.19,0.164,0.137,0.297,0.276,0.168,0.261,0.151,0.217,0.119,1.0,0.191,0.285,0.111,0.316,0.229,0.373,0.148,0.234,0.24,0.24,0.144,0.243,0.231,0.215,0.131,0.366,0.156,0.156,0.193,0.306,0.167,0.112,0.209,0.234,0.302,0.176,0.292,0.316,0.191,0.151,0.128,0.254,0.227,0.186,0.196,0.233,0.159,0.136,0.356,0.201,0.309,0.233,0.237,0.237,0.208,0.177,0.28,0.081,0.202,0.268,0.258,0.125,0.198,0.253,0.184,0.164,0.37,0.23,0.13,0.149,0.255,0.285,0.193,0.236,0.183,0.217,0.291,0.198,0.274,0.143,0.24,0.447,0.242,0.262,0.207,0.261,0.204,0.253,0.238,0.129,0.293,0.24,0.219,0.198,0.249,0.295,0.24,0.279,0.256,0.242,0.261,0.062,0.307,0.209,0.258,0.228,0.1,0.146,0.23,0.228,0.167,0.277,0.194,0.143,0.232,0.167,0.234,0.178,0.214,0.229,0.206,0.173,0.414,0.316,0.278,0.324,0.184,0.228,0.414,0.257,0.218,0.241,0.353,0.284,0.252,0.111,0.294,0.294,0.235,0.277,0.268,0.199,0.228,0.098,0.184,0.145,0.342,0.099,0.14,0.169,0.175,0.175,0.263,0.242,0.152,0.136,0.216,0.156,0.142,0.245,0.253,0.259,0.166,0.206,0.236,0.528,0.372,0.185,0.237,0.137,0.302,0.118
0.229,0.206,0.176,0.368,0.172,0.192,0.213,0.476,0.174,0.38,0.082,0.795,0.207,0.201,0.199,0.121,0.3,0.11,0.202,0.243,0.239,0.281,0.267,0.107,0.326,0.38,0.3,0.251,0.213,0.149,0.133,0.123,0.182,0.169,0.134,0.212,0.183,0.123,0.149,0.38,0.13,0.256,0.223,0.201,0.213,0.264,0.193,0.329,0.137,0.458,0.337,0.202,0.26,0.144,0.153,0.114,0.11,0.182,0.122,0.107,0.082,0.191,1.0,0.284,0.074,0.161,0.241,0.139,0.105,0.289,0.13,0.322,0.14,0.232,0.308,0.24,0.246,0.176,0.132,0.101,0.227,0.155,0.185,0.375,0.157,0.305,0.165,0.388,0.192,0.161,0.233,0.111,0.087,0.139,0.186,0.211,0.172,0.115,0.255,0.149,0.148,0.219,0.234,0.29,0.171,0.267,0.207,0.256,0.511,0.073,0.251,0.246,0.317,0.233,0.318,0.348,0.247,0.171,0.218,0.352,0.212,0.084,0.26,0.284,0.21,0.214,0.217,0.313,0.233,0.146,0.281,0.328,0.348,0.303,0.161,0.265,0.345,0.189,0.265,0.31,0.164,0.169,0.218,0.222,0.133,0.163,0.155,0.31,0.491,0.345,0.107,0.263,0.336,0.512,0.172,0.386,0.267,0.38,0.212,0.297,0.123,0.38,0.234,0.338,0.233,0.117,0.166,0.287,0.243,0.271,0.352,0.126,0.218,0.162,0.674,0.337,0.324,0.159,0.18,0.38,0.674,0.192,0.184,0.159,0.349,0.238,0.166,0.155,0.14,0.175,0.279,0.125,0.295,0.204,0.38,0.088,0.249,0.136,0.245,0.278,0.1,0.252,0.138,0.343,0.224,0.183,0.36,0.128,0.237,0.383,0.206,0.214,0.355,0.301,0.243,0.196,0.352,0.392,0.187,0.124,0.282,0.34,0.227,0.087
0.273,1.0,0.306,0.133,0.274,0.306,0.194,0.094,0.311,0.467,0.237,0.28,0.543,0.428,0.191,0.294,0.306,0.167,0.388,0.254,0.357,0.323,0.266,0.163,0.208,0.467,0.179,0.349,0.543,0.311,0.242,0.403,0.211,0.178,0.194,0.39,0.166,0.221,0.187,0.467,0.349,0.373,0.268,0.311,0.467,0.161,0.311,0.323,0.373,0.28,0.235,0.403,0.219,0.211,0.334,0.117,0.349,0.311,0.334,0.311,0.237,0.285,0.284,1.0,0.257,0.205,0.186,0.259,0.357,0.263,0.278,0.28,0.253,0.428,0.311,0.235,0.126,1.0,0.311,0.311,0.469,0.21,0.294,0.178,0.543,0.206,0.306,0.357,0.323,0.205,0.467,0.246,0.242,0.3,0.18,0.403,0.137,0.256,0.266,0.357,0.306,0.238,0.244,0.311,0.226,0.311,0.23,0.467,0.388,0.134,0.428,0.428,0.334,0.294,0.153,0.266,0.177,0.388,0.221,0.306,0.311,0.153,0.311,1.0,0.469,0.281,0.184,0.278,0.349,1.0,0.311,0.203,0.263,0.403,0.152,0.311,0.388,0.323,0.227,0.311,0.176,0.136,0.357,0.311,0.167,0.469,0.278,0.788,0.28,0.254,0.167,0.311,0.284,0.108,1.0,0.3,0.357,0.467,0.242,0.403,0.211,0.467,0.132,0.28,0.268,0.311,0.403,0.334,0.467,0.193,0.467,0.321,0.469,0.469,0.266,0.254,0.28,0.306,0.244,0.467,0.266,0.177,0.21,0.263,0.28,0.178,0.306,0.298,0.259,0.263,0.298,0.239,0.3,0.467,0.467,0.178,0.403,0.274,0.221,0.176,0.271,0.338,0.281,0.543,0.263,0.349,0.179,0.168,0.254,0.254,0.298,0.244,0.428,0.266,0.321,0.178,0.278,0.323,0.213,0.193,0.231,0.13,0.788,0.242
0.08,0.204,0.138,0.052,0.251,0.108,0.071,0.046,0.277,0.246,0.279,0.15,0.123,0.215,0.089,0.237,0.154,0.058,0.115,0.067,0.091,0.168,0.092,0.185,0.069,0.246,0.057,0.089,0.179,0.508,0.359,0.156,0.074,0.07,0.21,0.178,0.063,0.08,0.063,0.246,0.309,0.109,0.149,0.23,0.178,0.058,0.168,0.167,0.248,0.133,0.086,0.113,0.168,0.07,0.099,0.05,0.139,0.298,0.121,0.102,0.279,0.111,0.074,0.257,1.0,0.071,0.175,0.101,0.468,0.082,0.21,0.121,0.228,0.152,0.176,0.214,0.044,0.207,0.374,0.404,0.167,0.074,0.08,0.063,0.286,0.06,0.098,0.068,0.159,0.071,0.175,0.24,0.369,0.198,0.174,0.326,0.124,0.139,0.208,0.181,0.101,0.076,0.071,0.237,0.07,0.181,0.1,0.179,0.161,0.433,0.295,0.176,0.116,0.157,0.046,0.101,0.051,0.136,0.089,0.1,0.274,0.04,0.143,0.257,0.173,0.163,0.077,0.057,0.112,0.144,0.376,0.208,0.149,0.118,0.069,0.3,0.144,0.122,0.151,0.216,0.062,0.049,0.492,0.221,0.141,0.183,0.174,0.091,0.082,0.11,0.059,0.104,0.095,0.044,0.262,0.14,0.082,0.246,0.238,0.12,0.065,0.246,0.047,0.083,0.26,0.368,0.247,0.157,0.182,0.054,0.144,0.26,0.143,0.26,0.125,0.088,0.09,0.092,0.134,0.246,0.125,0.057,0.074,0.187,0.137,0.076,0.073,0.163,0.102,0.117,0.078,0.227,0.232,0.354,0.246,0.278,0.107,0.624,0.09,0.218,0.212,0.091,0.238,0.095,0.174,0.132,0.058,0.059,0.111,0.054,0.113,0.17,0.099,0.155,0.111,0.059,0.082,0.147,0.081,0.079,0.128,0.043,0.104,0.192
0.201,0.205,0.245,0.143,0.224,0.245,0.073,0.086,0.12,0.186,0.099,0.272,0.245,0.149,0.18,0.114,0.245,0.119,0.139,0.19,0.193,0.197,0.226,0.062,0.146,0.186,0.154,0.272,0.205,0.087,0.086,0.169,0.173,0.059,0.073,0.151,0.224,0.316,0.063,0.186,0.13,0.136,0.107,0.14,0.186,0.18,0.12,0.14,0.136,0.272,0.131,0.169,0.071,0.173,0.107,0.137,0.13,0.14,0.114,0.213,0.099,0.316,0.161,0.205,0.071,1.0,0.11,0.332,0.113,1.0,0.172,0.272,0.076,0.149,0.272,0.166,0.042,0.245,0.087,0.12,0.187,0.256,0.106,0.186,0.205,0.154,0.245,0.319,0.123,1.0,0.186,0.066,0.086,0.172,0.115,0.202,0.116,0.104,0.261,0.112,0.245,0.088,0.308,0.199,0.07,0.272,0.203,0.186,0.272,0.041,0.149,0.396,0.19,0.114,0.11,0.226,0.139,0.139,0.197,0.272,0.12,0.041,0.245,0.205,0.187,0.109,0.101,0.19,0.19,0.205,0.272,0.11,0.194,0.316,0.06,0.272,0.194,0.162,0.146,0.199,0.149,0.097,0.245,0.226,0.119,0.187,0.095,0.272,0.272,0.19,0.129,0.248,0.133,0.037,0.245,0.139,0.213,0.186,0.086,0.169,0.129,0.186,0.094,0.272,0.159,0.087,0.169,0.114,0.186,0.187,0.186,0.308,0.187,0.187,0.226,0.19,0.272,0.245,0.161,0.186,0.226,0.113,0.077,0.107,0.272,0.224,0.245,0.085,0.332,0.107,0.085,0.085,0.272,0.186,0.186,0.046,0.172,0.08,0.197,0.048,0.109,0.116,0.077,0.205,0.107,0.161,0.154,0.09,0.244,0.19,0.097,0.161,0.19,0.226,0.132,0.059,0.104,0.123,0.164,0.187,0.206,0.105,0.245,0.086
0.207,0.27,0.142,0.485,0.17,0.159,0.137,0.527,0.181,0.15,0.164,0.597,0.171,0.304,0.163,0.214,0.359,0.09,0.188,0.175,0.246,0.271,0.362,0.249,0.217,0.15,0.338,0.207,0.2,0.319,0.327,0.126,0.202,0.184,0.177,0.229,0.213,0.124,0.071,0.15,0.195,0.209,0.197,0.307,0.13,0.403,0.216,0.349,0.262,0.427,0.226,0.222,0.28,0.105,0.096,0.09,0.114,0.3,0.096,0.105,0.164,0.229,0.241,0.186,0.175,0.11,1.0,0.128,0.221,0.156,0.164,0.262,0.134,0.193,0.272,0.316,0.084,0.185,0.25,0.232,0.131,0.179,0.115,0.15,0.207,0.193,0.157,0.124,0.219,0.11,0.13,0.187,0.228,0.157,0.203,0.193,0.179,0.112,0.228,0.102,0.152,0.187,0.192,0.448,0.176,0.329,0.206,0.121,0.373,0.151,0.352,0.226,0.301,0.095,0.223,0.345,0.138,0.109,0.246,0.223,0.258,0.08,0.303,0.186,0.134,0.201,0.306,0.204,0.235,0.119,0.409,0.231,0.361,0.301,0.165,0.328,0.216,0.166,0.159,0.465,0.116,0.207,0.318,0.232,0.134,0.151,0.243,0.236,0.414,0.316,0.096,0.258,0.204,0.04,0.169,0.212,0.253,0.15,0.223,0.136,0.091,0.15,0.268,0.334,0.295,0.223,0.181,0.152,0.219,0.118,0.32,0.262,0.14,0.148,0.586,0.518,0.259,0.129,0.29,0.15,0.586,0.187,0.186,0.246,0.53,0.403,0.145,0.088,0.122,0.246,0.087,0.167,0.312,0.235,0.15,0.176,0.122,0.299,0.311,0.124,0.114,0.154,0.153,0.192,0.239,0.167,0.256,0.07,0.159,0.169,0.115,0.267,0.354,0.438,0.172,0.115,0.269,0.353,0.128,0.119,0.302,0.207,0.207,0.104
0.297,0.174,0.235,0.122,0.122,0.225,0.165,0.123,0.126,0.38,0.106,0.318,0.253,0.135,0.222,0.131,0.228,0.274,0.185,0.199,0.199,0.178,0.223,0.082,0.183,0.38,0.112,0.197,0.197,0.145,0.132,0.157,0.199,0.1,0.197,0.146,0.23,0.601,0.087,0.38,0.124,0.116,0.142,0.135,0.281,0.166,0.108,0.129,0.125,0.228,0.155,0.167,0.088,0.155,0.271,0.267,0.149,0.182,0.137,0.213,0.106,0.373,0.139,0.259,0.101,0.332,0.128,1.0,0.134,0.178,0.256,0.181,0.12,0.165,0.153,0.2,0.168,0.319,0.11,0.138,0.176,0.193,0.099,0.1,0.188,0.181,0.249,0.13,0.171,0.332,0.274,0.089,0.099,0.274,0.182,0.156,0.131,0.099,0.18,0.128,0.335,0.157,0.323,0.156,0.129,0.145,0.127,0.242,0.195,0.077,0.169,0.181,0.188,0.128,0.133,0.185,0.211,0.161,0.251,0.179,0.134,0.067,0.189,0.259,0.173,0.121,0.104,0.21,0.209,0.178,0.194,0.112,0.164,0.284,0.212,0.217,0.178,0.215,0.154,0.165,0.378,0.154,0.224,0.202,0.224,0.162,0.213,0.196,0.182,0.172,0.277,0.159,0.15,0.082,0.27,0.145,0.219,0.38,0.105,0.121,0.279,0.38,0.113,0.166,0.193,0.107,0.194,0.116,0.242,0.192,0.258,0.218,0.15,0.208,0.279,0.214,0.186,0.291,0.133,0.38,0.279,0.241,0.111,0.111,0.249,0.186,0.228,0.103,0.492,0.128,0.257,0.204,0.232,0.257,0.38,0.092,0.13,0.134,0.261,0.093,0.109,0.116,0.13,0.137,0.134,0.228,0.114,0.191,0.202,0.131,0.101,0.175,0.182,0.16,0.125,0.142,0.194,0.172,0.292,0.327,0.149,0.101,0.247,0.101
0.116,0.279,0.211,0.073,0.328,0.156,0.096,0.066,0.513,0.329,0.358,0.195,0.177,0.326,0.118,0.332,0.199,0.086,0.16,0.1,0.136,0.24,0.126,0.251,0.101,0.329,0.085,0.169,0.243,0.825,0.573,0.342,0.105,0.106,0.256,0.231,0.134,0.11,0.16,0.329,0.462,0.156,0.214,0.325,0.224,0.08,0.289,0.23,0.291,0.165,0.12,0.287,0.252,0.098,0.138,0.076,0.448,0.336,0.164,0.231,0.358,0.148,0.105,0.357,0.468,0.113,0.221,0.134,1.0,0.119,0.294,0.191,0.358,0.216,0.264,0.205,0.062,0.27,0.451,0.469,0.222,0.114,0.14,0.095,0.385,0.092,0.138,0.099,0.21,0.113,0.22,0.343,0.364,0.275,0.179,0.389,0.15,0.239,0.289,0.234,0.141,0.108,0.104,0.314,0.1,0.276,0.289,0.225,0.206,0.334,0.373,0.308,0.16,0.216,0.123,0.132,0.074,0.184,0.12,0.159,0.341,0.16,0.215,0.357,0.223,0.302,0.118,0.086,0.235,0.304,0.492,0.208,0.196,0.166,0.099,0.405,0.176,0.198,0.299,0.303,0.084,0.066,0.372,0.312,0.186,0.224,0.21,0.131,0.114,0.15,0.085,0.166,0.145,0.066,0.269,0.199,0.154,0.329,0.306,0.21,0.095,0.329,0.068,0.132,0.328,0.545,0.42,0.22,0.23,0.077,0.19,0.361,0.192,0.306,0.173,0.124,0.129,0.132,0.211,0.329,0.173,0.085,0.101,0.246,0.169,0.1,0.141,0.194,0.137,0.15,0.115,0.256,0.356,0.431,0.329,0.443,0.2,0.735,0.118,0.279,0.299,0.15,0.294,0.144,0.231,0.274,0.083,0.095,0.164,0.097,0.167,0.134,0.215,0.213,0.189,0.085,0.116,0.207,0.123,0.102,0.186,0.062,0.15,0.19
0.29,0.22,0.255,0.191,0.156,0.254,0.173,0.474,0.109,0.38,0.097,0.548,0.323,0.205,0.235,0.115,0.223,0.167,0.23,0.403,0.304,0.279,0.293,0.117,0.288,0.38,0.196,0.353,0.255,0.301,0.254,0.124,0.234,0.444,0.141,0.208,0.264,0.135,0.082,0.38,0.2,0.372,0.261,0.237,0.189,0.172,0.147,0.23,0.15,0.242,0.13,0.192,0.145,0.131,0.15,0.709,0.103,0.313,0.105,0.163,0.097,0.234,0.289,0.263,0.082,1.0,0.156,0.178,0.119,1.0,0.168,0.25,0.176,0.273,0.281,0.162,0.143,0.162,0.1,0.109,0.145,0.186,0.174,0.273,0.18,0.35,0.213,0.314,0.224,1.0,0.208,0.131,0.101,0.184,0.235,0.185,0.109,0.099,0.16,0.124,0.181,0.23,0.303,0.239,0.18,0.377,0.161,0.189,0.209,0.149,0.198,0.367,0.151,0.131,0.326,0.171,0.194,0.117,0.254,0.321,0.116,0.079,0.334,0.263,0.138,0.26,0.189,0.305,0.299,0.226,0.212,0.153,0.263,0.313,0.321,0.265,0.26,0.282,0.256,0.313,0.159,0.127,0.184,0.306,0.195,0.19,0.167,0.378,0.341,0.402,0.16,0.373,0.174,0.186,0.169,0.277,0.286,0.38,0.134,0.243,0.184,0.38,0.116,0.285,0.199,0.13,0.189,0.211,0.228,0.212,0.271,0.181,0.178,0.196,0.463,0.289,0.331,0.186,0.156,0.38,0.463,0.224,0.194,0.186,0.209,0.202,0.193,0.094,0.191,0.234,0.222,0.172,0.272,0.194,0.38,0.299,0.24,0.277,0.247,0.317,0.103,0.184,0.213,0.292,0.279,0.251,0.169,0.113,0.496,0.313,0.127,0.188,0.278,0.195,0.238,0.201,0.172,0.771,0.213,0.124,0.301,0.217,0.271,0.093
0.201,0.192,0.219,0.095,0.178,0.224,0.303,0.204,0.192,0.239,0.202,0.357,0.252,0.21,0.166,0.169,0.233,0.206,0.267,0.173,0.168,0.196,0.183,0.148,0.152,0.239,0.107,0.355,0.192,0.337,0.26,0.159,0.195,0.09,0.574,0.19,0.202,0.195,0.072,0.239,0.317,0.13,0.175,0.354,0.17,0.116,0.148,0.172,0.19,0.202,0.139,0.148,0.144,0.157,0.214,0.236,0.138,0.234,0.119,0.149,0.202,0.24,0.13,0.278,0.21,0.172,0.164,0.256,0.294,0.168,1.0,0.186,0.171,0.167,0.22,0.205,0.072,0.296,0.212,0.252,0.173,0.153,0.096,0.091,0.233,0.186,0.225,0.142,0.152,0.172,0.163,0.187,0.198,0.981,0.219,0.212,0.156,0.128,0.213,0.156,0.255,0.131,0.29,0.331,0.086,0.212,0.143,0.161,0.207,0.263,0.232,0.199,0.167,0.147,0.154,0.167,0.129,0.141,0.236,0.158,0.19,0.05,0.255,0.278,0.173,0.144,0.102,0.283,0.213,0.181,0.293,0.167,0.183,0.348,0.468,0.526,0.16,0.206,0.179,0.3,0.142,0.11,0.3,0.238,0.19,0.178,0.533,0.231,0.169,0.199,0.205,0.163,0.152,0.055,0.282,0.188,0.377,0.239,0.183,0.155,0.196,0.239,0.094,0.25,0.2,0.276,0.353,0.144,0.166,0.11,0.242,0.223,0.158,0.274,0.309,0.184,0.241,0.226,0.157,0.239,0.309,0.181,0.109,0.145,0.224,0.168,0.194,0.139,0.243,0.118,0.181,0.242,0.435,0.237,0.239,0.394,0.185,0.315,0.16,0.23,0.132,0.121,0.174,0.13,0.185,0.585,0.106,0.314,0.199,0.1,0.114,0.164,0.162,0.21,0.131,0.094,0.484,0.172,0.353,0.13,0.218,0.086,0.244,0.127
0.294,0.263,0.182,0.319,0.236,0.198,0.176,0.384,0.213,0.38,0.122,1.0,0.318,0.255,0.227,0.15,0.349,0.138,0.196,0.249,0.315,0.313,0.36,0.155,0.344,0.38,0.281,0.312,0.243,0.213,0.187,0.239,0.246,0.279,0.143,0.363,0.256,0.168,0.184,0.38,0.188,0.289,0.223,0.258,0.255,0.291,0.263,0.34,0.171,0.414,0.362,0.284,0.258,0.134,0.179,0.269,0.173,0.255,0.148,0.18,0.122,0.24,0.322,0.28,0.121,0.272,0.262,0.181,0.191,0.25,0.186,1.0,0.124,0.229,0.385,0.312,0.182,0.251,0.177,0.183,0.284,0.19,0.169,0.281,0.21,0.287,0.176,0.32,0.219,0.272,0.242,0.163,0.126,0.193,0.255,0.312,0.153,0.315,0.279,0.213,0.191,0.227,0.336,0.351,0.155,0.343,0.311,0.321,0.41,0.198,0.254,0.327,0.349,0.252,0.2,0.423,0.208,0.253,0.28,0.36,0.256,0.12,0.334,0.28,0.248,0.237,0.27,0.279,0.315,0.217,0.4,0.312,0.386,0.396,0.243,0.366,0.338,0.229,0.283,0.364,0.129,0.157,0.255,0.412,0.157,0.198,0.163,0.328,0.427,0.335,0.127,0.351,0.229,0.368,0.244,0.259,0.354,0.38,0.216,0.324,0.118,0.38,0.214,0.415,0.237,0.159,0.279,0.346,0.36,0.164,0.302,0.191,0.223,0.219,0.915,0.376,0.353,0.172,0.287,0.38,0.915,0.206,0.148,0.195,0.468,0.306,0.191,0.272,0.167,0.206,0.12,0.169,0.378,0.251,0.38,0.21,0.268,0.198,0.305,1.0,0.209,0.35,0.153,0.335,0.196,0.254,0.306,0.137,0.268,0.341,0.236,0.314,0.344,0.386,0.234,0.163,0.227,0.49,0.29,0.15,0.365,0.259,0.301,0.125
0.138,0.265,0.213,0.078,0.175,0.171,0.108,0.107,0.226,0.232,0.197,0.187,0.196,0.204,0.114,0.285,0.148,0.13,0.187,0.195,0.139,0.229,0.2,0.143,0.166,0.232,0.105,0.222,0.186,0.549,0.399,0.19,0.156,0.08,0.178,0.165,0.153,0.076,0.075,0.232,0.352,0.18,0.202,0.283,0.174,0.079,0.143,0.172,0.248,0.148,0.088,0.167,0.211,0.069,0.12,0.185,0.19,0.333,0.146,0.185,0.197,0.144,0.14,0.253,0.228,0.076,0.134,0.12,0.358,0.176,0.171,0.124,1.0,0.189,0.3,0.116,0.095,0.199,0.215,0.251,0.167,0.104,0.19,0.121,0.263,0.201,0.185,0.095,0.151,0.076,0.229,0.486,0.203,0.167,0.149,0.303,0.159,0.118,0.239,0.192,0.128,0.16,0.135,0.181,0.113,0.305,0.245,0.174,0.182,0.235,0.224,0.248,0.12,0.204,0.223,0.114,0.076,0.133,0.138,0.155,0.185,0.057,0.263,0.253,0.17,0.245,0.145,0.132,0.261,0.187,0.289,0.103,0.188,0.213,0.164,0.238,0.15,0.243,0.214,0.215,0.112,0.055,0.212,0.2,0.138,0.192,0.15,0.21,0.151,0.168,0.117,0.207,0.185,0.047,0.193,0.193,0.236,0.232,0.161,0.227,0.129,0.232,0.05,0.237,0.211,0.316,0.262,0.187,0.179,0.086,0.17,0.34,0.15,0.204,0.147,0.209,0.208,0.13,0.26,0.232,0.147,0.087,0.14,0.167,0.154,0.097,0.139,0.106,0.13,0.128,0.154,0.148,0.209,0.271,0.232,0.631,0.161,0.5,0.142,0.188,0.143,0.099,0.182,0.136,0.168,0.196,0.074,0.1,0.143,0.136,0.132,0.134,0.203,0.159,0.206,0.078,0.108,0.191,0.087,0.077,0.162,0.146,0.21,0.114
0.283,0.254,0.418,0.185,0.194,0.317,0.167,0.238,0.169,0.38,0.225,0.392,0.246,0.294,0.27,0.154,0.27,0.288,0.376,0.223,0.226,0.595,0.217,0.264,0.18,0.38,0.225,0.243,0.353,0.525,0.375,0.156,0.163,0.319,0.194,0.278,0.194,0.105,0.082,0.38,0.265,0.335,0.91,0.232,0.162,0.151,0.18,0.3,0.191,0.245,0.188,0.189,0.216,0.086,0.164,0.24,0.135,0.222,0.133,0.121,0.225,0.243,0.232,0.428,0.152,0.149,0.193,0.165,0.216,0.273,0.167,0.229,0.189,1.0,0.259,0.186,0.297,0.215,0.204,0.172,0.188,0.184,0.216,0.196,0.354,0.187,0.257,0.31,0.333,0.149,0.302,0.19,0.158,0.175,0.291,0.226,0.17,0.134,0.172,0.141,0.243,0.162,0.211,0.265,0.239,0.32,0.193,0.174,0.304,0.373,0.337,0.341,0.23,0.168,0.202,0.208,0.164,0.169,0.2,0.31,0.196,0.099,0.316,0.428,0.183,0.289,0.165,0.247,0.202,0.208,0.3,0.166,0.299,0.262,0.28,0.262,0.264,0.448,0.187,0.275,0.288,0.11,0.245,0.345,0.305,0.222,0.212,0.384,0.336,0.23,0.273,0.264,0.241,0.164,0.219,0.349,0.28,0.38,0.154,0.309,0.295,0.38,0.134,0.314,0.411,0.261,0.226,0.241,0.18,0.206,0.195,0.166,0.242,0.212,0.349,0.213,0.401,0.204,0.164,0.38,0.349,0.219,0.307,0.341,0.257,0.19,0.204,0.121,0.167,0.331,0.219,0.183,0.356,0.2,0.38,0.27,0.224,0.475,0.242,0.195,0.115,0.181,0.284,0.265,0.316,0.257,0.207,0.096,0.198,0.274,0.196,0.186,0.416,0.244,0.203,0.211,0.243,0.771,0.173,0.087,0.277,0.199,0.204,0.194
0.268,0.236,0.235,0.333,0.24,0.235,0.161,0.384,0.368,0.253,0.187,1.0,0.295,0.348,0.207,0.259,0.273,0.136,0.222,0.311,0.287,0.34,0.421,0.235,0.305,0.253,0.309,0.335,0.24,0.531,0.82,0.16,0.313,0.279,0.175,0.262,0.267,0.128,0.098,0.253,0.287,0.442,0.308,0.446,0.181,0.231,0.257,0.411,0.36,0.351,0.315,0.215,0.362,0.115,0.133,0.245,0.14,0.433,0.142,0.177,0.187,0.231,0.308,0.311,0.176,0.272,0.272,0.153,0.264,0.281,0.22,0.385,0.3,0.259,1.0,0.273,0.208,0.21,0.266,0.294,0.294,0.167,0.276,0.313,0.315,0.384,0.205,0.337,0.226,0.272,0.178,0.312,0.275,0.221,0.26,0.307,0.17,0.137,0.324,0.244,0.164,0.278,0.262,0.449,0.155,0.513,0.269,0.296,0.353,0.267,0.361,0.377,0.285,0.316,0.227,0.411,0.197,0.213,0.266,0.346,0.314,0.095,0.495,0.311,0.345,0.304,0.319,0.355,0.322,0.184,0.387,0.341,0.35,0.502,0.243,0.361,0.334,0.283,0.313,0.503,0.116,0.136,0.274,0.314,0.177,0.24,0.189,0.389,0.409,0.342,0.122,0.48,0.256,0.505,0.213,0.311,0.327,0.253,0.311,0.449,0.129,0.253,0.177,0.396,0.239,0.244,0.21,0.351,0.226,0.16,0.248,0.312,0.212,0.244,0.915,0.365,0.4,0.165,0.309,0.253,0.915,0.194,0.16,0.212,0.377,0.251,0.171,0.197,0.148,0.197,0.18,0.184,0.335,0.322,0.253,0.918,0.272,0.484,0.281,0.342,0.135,0.27,0.202,0.417,0.218,0.292,0.316,0.164,0.276,0.404,0.285,0.285,0.385,0.358,0.29,0.181,0.246,0.49,0.29,0.116,0.337,0.315,0.293,0.212
0.215,0.17,0.133,0.245,0.19,0.17,0.12,0.322,0.135,0.229,0.138,0.752,0.226,0.263,0.209,0.13,0.37,0.123,0.156,0.192,0.283,0.244,0.365,0.156,0.27,0.229,0.251,0.226,0.216,0.277,0.228,0.134,0.235,0.181,0.148,0.256,0.222,0.206,0.071,0.229,0.242,0.178,0.192,0.214,0.183,0.302,0.237,0.243,0.173,0.405,0.262,0.335,0.173,0.138,0.1,0.122,0.12,0.251,0.108,0.152,0.138,0.215,0.24,0.235,0.214,0.166,0.316,0.2,0.205,0.162,0.205,0.312,0.116,0.186,0.273,1.0,0.076,0.234,0.161,0.259,0.146,0.179,0.116,0.13,0.177,0.181,0.151,0.144,0.221,0.166,0.168,0.166,0.2,0.203,0.284,0.244,0.131,0.11,0.181,0.153,0.198,0.212,0.253,0.319,0.137,0.281,0.263,0.165,0.35,0.35,0.347,0.25,0.353,0.14,0.302,0.339,0.463,0.122,0.25,0.328,0.134,0.075,0.288,0.235,0.148,0.204,0.227,0.434,0.254,0.148,0.398,0.335,0.341,0.345,0.165,0.36,0.224,0.169,0.213,0.379,0.232,0.471,0.332,0.255,0.147,0.186,0.158,0.246,0.342,0.288,0.127,0.279,0.191,0.054,0.252,0.23,0.287,0.229,0.127,0.164,0.108,0.229,0.327,0.32,0.27,0.175,0.196,0.162,0.24,0.244,0.29,0.179,0.155,0.397,0.793,0.408,0.291,0.166,0.279,0.229,0.793,0.225,0.132,0.193,0.529,0.353,0.174,0.133,0.141,0.226,0.087,0.205,0.336,0.201,0.229,0.255,0.133,0.251,0.303,0.251,0.15,0.16,0.184,0.187,0.207,0.209,0.231,0.272,0.293,0.159,0.11,0.314,0.351,0.441,0.149,0.131,0.235,0.361,0.188,0.311,0.293,0.146,0.26,0.107
0.152,0.139,0.245,0.264,0.059,0.172,0.2,0.07,0.237,0.269,0.049,0.182,0.103,0.116,0.268,0.123,0.107,0.238,0.177,0.163,0.116,0.351,0.13,0.071,0.116,0.269,0.159,0.135,0.171,0.062,0.055,0.078,0.102,0.085,0.144,0.105,0.137,0.071,0.075,0.269,0.074,0.213,0.257,0.135,0.192,0.07,0.09,0.251,0.102,0.244,0.222,0.105,0.261,0.086,0.16,0.128,0.074,0.1,0.14,0.056,0.049,0.131,0.246,0.126,0.044,0.042,0.084,0.168,0.062,0.143,0.072,0.182,0.095,0.297,0.208,0.076,1.0,0.104,0.151,0.068,0.344,0.072,0.101,0.346,0.09,0.259,0.182,0.325,0.151,0.042,0.508,0.059,0.053,0.081,0.17,0.145,0.199,0.053,0.269,0.168,0.163,0.192,0.145,0.168,0.237,0.113,0.071,0.45,0.186,0.029,0.088,0.149,0.146,0.274,0.161,0.298,0.133,0.226,0.138,0.112,0.346,0.045,0.123,0.126,0.306,0.129,0.148,0.167,0.116,0.09,0.102,0.327,0.187,0.13,0.173,0.103,0.244,0.229,0.182,0.154,0.547,0.063,0.074,0.16,0.132,0.09,0.105,0.167,0.35,0.122,0.232,0.116,0.157,0.583,0.092,0.26,0.157,0.269,0.308,0.336,0.332,0.269,0.054,0.14,0.414,0.079,0.14,0.294,0.178,0.17,0.153,0.07,0.226,0.133,0.146,0.11,0.248,0.175,0.063,0.269,0.146,0.202,0.2,0.093,0.146,0.09,0.136,0.258,0.16,0.125,0.238,0.091,0.28,0.174,0.269,0.035,0.221,0.056,0.22,0.409,0.057,0.239,0.13,0.25,0.183,0.119,0.3,0.183,0.105,0.36,0.242,0.117,0.292,0.139,0.175,0.283,0.185,0.186,0.046,0.085,0.084,0.328,0.115,0.05
0.217,0.503,0.235,0.143,0.207,0.309,0.152,0.289,0.224,0.467,0.185,0.383,0.384,0.216,0.183,0.223,0.363,0.326,0.244,0.184,0.263,0.206,0.242,0.143,0.199,0.467,0.152,0.211,0.309,0.311,0.242,0.29,0.23,0.178,0.173,0.27,0.319,0.426,0.15,0.467,0.218,0.174,0.187,0.197,0.352,0.172,0.186,0.196,0.213,0.318,0.235,0.215,0.148,0.217,0.217,0.406,0.29,0.241,0.243,0.235,0.185,0.366,0.176,1.0,0.207,0.245,0.185,0.319,0.27,0.162,0.296,0.251,0.199,0.215,0.21,0.234,0.104,1.0,0.219,0.271,0.334,0.28,0.17,0.115,0.369,0.178,0.337,0.162,0.24,0.245,0.318,0.166,0.178,0.31,0.232,0.24,0.225,0.169,0.249,0.252,0.532,0.184,0.281,0.238,0.169,0.211,0.179,0.332,0.306,0.134,0.318,0.255,0.32,0.198,0.124,0.26,0.182,0.296,0.225,0.183,0.217,0.11,0.236,1.0,0.326,0.224,0.152,0.173,0.278,0.483,0.316,0.177,0.24,0.342,0.152,0.277,0.196,0.232,0.191,0.232,0.281,0.15,0.474,0.211,0.26,0.304,0.225,0.277,0.199,0.194,0.336,0.183,0.274,0.108,0.825,0.164,0.264,0.467,0.167,0.16,0.243,0.467,0.155,0.223,0.195,0.215,0.311,0.202,0.344,0.169,0.29,0.278,0.272,0.27,0.341,0.262,0.203,0.411,0.205,0.467,0.341,0.25,0.156,0.195,0.347,0.314,0.401,0.198,0.252,0.236,0.188,0.197,0.246,0.378,0.467,0.178,0.17,0.274,0.232,0.176,0.186,0.201,0.158,0.18,0.188,0.241,0.153,0.179,0.193,0.139,0.186,0.228,0.233,0.217,0.161,0.14,0.232,0.323,0.498,0.284,0.197,0.113,0.581,0.179
0.115,0.284,0.159,0.197,0.194,0.128,0.102,0.068,0.425,0.296,0.301,0.192,0.146,0.463,0.1,0.345,0.19,0.065,0.139,0.089,0.124,0.231,0.121,0.267,0.115,0.296,0.19,0.147,0.207,0.66,0.642,0.153,0.1,0.109,0.228,0.2,0.081,0.096,0.085,0.296,0.346,0.182,0.203,0.345,0.225,0.088,0.209,0.269,0.331,0.171,0.138,0.112,0.234,0.074,0.134,0.056,0.15,0.246,0.176,0.105,0.301,0.156,0.132,0.311,0.374,0.087,0.25,0.11,0.451,0.1,0.212,0.177,0.215,0.204,0.266,0.161,0.151,0.219,1.0,0.496,0.236,0.102,0.197,0.189,0.367,0.119,0.104,0.178,0.19,0.087,0.214,0.198,0.411,0.195,0.131,0.239,0.157,0.143,0.438,0.242,0.108,0.192,0.097,0.34,0.116,0.281,0.129,0.265,0.199,0.258,0.39,0.218,0.158,0.279,0.103,0.174,0.094,0.331,0.114,0.123,0.481,0.076,0.211,0.311,0.231,0.244,0.128,0.089,0.137,0.152,0.426,0.217,0.178,0.148,0.094,0.255,0.155,0.149,0.157,0.329,0.084,0.064,0.296,0.226,0.148,0.178,0.186,0.121,0.161,0.154,0.065,0.168,0.188,0.212,0.215,0.206,0.106,0.296,0.358,0.221,0.076,0.296,0.076,0.15,0.263,0.47,0.266,0.227,0.231,0.117,0.182,0.328,0.26,0.268,0.17,0.126,0.131,0.096,0.148,0.296,0.17,0.083,0.109,0.22,0.182,0.111,0.102,0.214,0.107,0.163,0.11,0.202,0.2,0.509,0.296,0.337,0.176,0.59,0.119,0.213,0.141,0.148,0.199,0.196,0.185,0.143,0.224,0.133,0.125,0.166,0.173,0.125,0.149,0.17,0.184,0.11,0.186,0.223,0.099,0.098,0.148,0.159,0.126,0.164
0.117,0.272,0.162,0.078,0.178,0.132,0.101,0.068,0.509,0.264,0.363,0.191,0.162,0.3,0.139,0.307,0.185,0.095,0.158,0.1,0.138,0.185,0.128,0.366,0.107,0.264,0.084,0.125,0.261,0.531,0.82,0.199,0.115,0.112,0.229,0.262,0.089,0.118,0.096,0.264,0.324,0.147,0.167,0.299,0.212,0.088,0.196,0.208,0.423,0.168,0.131,0.142,0.25,0.105,0.138,0.078,0.192,0.257,0.168,0.142,0.363,0.156,0.101,0.311,0.404,0.12,0.232,0.138,0.469,0.109,0.252,0.183,0.251,0.172,0.294,0.259,0.068,0.271,0.496,1.0,0.216,0.108,0.113,0.083,0.508,0.097,0.122,0.095,0.251,0.12,0.207,0.257,0.591,0.241,0.165,0.281,0.144,0.167,0.256,0.294,0.15,0.115,0.108,0.299,0.109,0.24,0.128,0.214,0.194,0.336,0.537,0.213,0.172,0.227,0.07,0.135,0.077,0.186,0.126,0.125,0.344,0.068,0.188,0.311,0.218,0.207,0.103,0.086,0.16,0.187,0.397,0.276,0.217,0.155,0.103,0.296,0.161,0.154,0.159,0.285,0.088,0.067,0.311,0.22,0.157,0.223,0.212,0.123,0.108,0.14,0.095,0.14,0.134,0.066,0.286,0.177,0.123,0.264,0.296,0.149,0.102,0.264,0.077,0.113,0.272,0.382,0.305,0.191,0.222,0.075,0.173,0.332,0.181,0.318,0.171,0.133,0.13,0.136,0.212,0.264,0.171,0.093,0.106,0.208,0.179,0.109,0.103,0.246,0.143,0.162,0.118,0.351,0.212,0.652,0.264,0.4,0.127,0.484,0.124,0.392,0.196,0.128,0.188,0.127,0.22,0.172,0.085,0.091,0.137,0.079,0.152,0.175,0.137,0.193,0.164,0.091,0.118,0.199,0.129,0.105,0.142,0.065,0.143,0.185
0.17,0.27,0.147,0.308,0.134,0.157,0.173,0.091,0.366,0.383,0.156,0.259,0.228,0.234,0.136,0.249,0.185,0.128,0.209,0.138,0.193,0.193,0.163,0.122,0.15,0.383,0.185,0.206,0.265,0.274,0.221,0.237,0.148,0.165,0.14,0.449,0.109,0.156,0.15,0.383,0.196,0.331,0.157,0.234,0.296,0.108,0.261,0.338,0.218,0.264,0.317,0.184,0.373,0.153,0.183,0.111,0.232,0.192,0.539,0.183,0.156,0.193,0.227,0.469,0.167,0.187,0.131,0.176,0.222,0.145,0.173,0.284,0.167,0.188,0.294,0.146,0.344,0.334,0.236,0.216,1.0,0.134,0.18,0.298,0.308,0.309,0.148,0.309,0.201,0.187,0.281,0.142,0.149,0.188,0.115,0.288,0.237,0.146,0.329,0.282,0.188,0.194,0.153,0.277,0.137,0.191,0.136,0.613,0.253,0.126,0.251,0.219,0.236,0.397,0.096,0.363,0.139,0.676,0.159,0.161,0.391,0.094,0.194,0.469,0.811,0.205,0.183,0.128,0.21,0.256,0.217,0.434,0.268,0.226,0.144,0.196,0.27,0.148,0.223,0.238,0.12,0.091,0.197,0.17,0.124,0.459,0.181,0.167,0.233,0.152,0.122,0.179,0.202,0.583,0.314,0.259,0.179,0.383,0.412,0.336,0.135,0.383,0.094,0.252,0.149,0.193,0.256,0.586,0.299,0.158,0.243,0.211,0.564,0.404,0.243,0.174,0.172,0.178,0.151,0.383,0.243,0.128,0.129,0.167,0.205,0.132,0.15,0.56,0.176,0.19,0.181,0.159,0.182,0.323,0.383,0.163,0.259,0.245,0.145,0.565,0.158,0.348,0.123,0.338,0.159,0.189,0.292,0.206,0.15,0.301,0.498,0.142,0.201,0.204,0.239,0.234,0.23,0.291,0.195,0.141,0.134,0.287,0.196,0.149
0.186,0.169,0.151,0.179,0.195,0.211,0.116,0.41,0.107,0.171,0.086,0.323,0.212,0.193,0.143,0.105,0.324,0.182,0.208,0.119,0.3,0.215,0.187,0.127,0.155,0.171,0.192,0.169,0.171,0.108,0.102,0.157,0.145,0.485,0.13,0.185,0.348,0.265,0.087,0.171,0.209,0.213,0.186,0.108,0.139,0.222,0.138,0.155,0.13,0.241,0.151,0.162,0.146,0.105,0.105,0.287,0.13,0.128,0.105,0.208,0.086,0.306,0.155,0.21,0.074,0.256,0.179,0.193,0.114,0.186,0.153,0.19,0.104,0.184,0.167,0.179,0.072,0.28,0.102,0.108,0.134,1.0,0.119,0.102,0.148,0.108,0.192,0.148,0.171,0.256,0.138,0.148,0.093,0.16,0.164,0.161,0.185,0.097,0.135,0.178,0.262,0.193,0.324,0.299,0.301,0.173,0.186,0.122,0.246,0.057,0.18,0.292,0.188,0.092,0.204,0.198,0.126,0.113,0.199,0.209,0.091,0.128,0.175,0.21,0.134,0.191,0.118,0.145,0.155,0.236,0.207,0.134,0.221,0.283,0.156,0.199,0.139,0.161,0.111,0.257,0.159,0.13,0.295,0.186,0.163,0.138,0.206,0.235,0.286,0.308,0.183,0.203,0.33,0.044,0.232,0.153,0.216,0.171,0.07,0.16,0.129,0.171,0.154,0.215,0.16,0.131,0.166,0.129,0.171,0.131,0.168,0.18,0.144,0.113,0.278,0.214,0.24,0.198,0.127,0.171,0.278,0.168,0.2,0.177,0.28,0.567,0.233,0.074,0.164,0.222,0.085,0.378,0.203,0.139,0.171,0.066,0.128,0.1,0.242,0.067,0.166,0.122,0.144,0.145,0.182,0.149,0.126,0.091,0.16,0.13,0.115,0.162,0.218,0.256,0.114,0.208,0.19,0.359,0.319,0.139,0.379,0.114,0.322,0.081
0.159,0.179,0.1,0.211,0.122,0.153,0.119,0.089,0.14,0.258,0.091,0.221,0.143,0.181,0.091,0.322,0.184,0.067,0.152,0.107,0.14,0.153,0.135,0.1,0.119,0.258,0.256,0.233,0.182,0.153,0.136,0.168,0.095,0.175,0.111,0.204,0.103,0.078,0.105,0.258,0.2,0.252,0.266,0.306,0.155,0.094,0.132,0.21,0.209,0.178,0.161,0.157,0.164,0.084,0.109,0.07,0.156,0.27,0.148,0.283,0.091,0.167,0.185,0.294,0.08,0.106,0.115,0.099,0.14,0.174,0.096,0.169,0.19,0.216,0.276,0.116,0.101,0.17,0.197,0.113,0.18,0.119,1.0,0.204,0.173,0.13,0.097,0.242,0.162,0.106,0.142,0.144,0.105,0.107,0.088,0.207,0.135,0.107,0.185,0.125,0.094,0.155,0.104,0.16,0.111,0.412,0.143,0.159,0.241,0.074,0.165,0.174,0.2,0.429,0.119,0.153,0.094,0.204,0.127,0.195,0.182,0.106,0.247,0.294,0.175,0.412,0.295,0.118,0.151,0.159,0.169,0.131,0.174,0.242,0.161,0.159,0.182,0.114,0.169,0.159,0.074,0.085,0.134,0.155,0.08,0.327,0.14,0.15,0.159,0.12,0.063,0.239,0.212,0.157,0.167,0.185,0.132,0.258,0.2,0.185,0.087,0.258,0.098,0.2,0.1,0.163,0.176,0.187,0.154,0.133,0.141,0.4,0.226,0.161,0.184,0.13,0.18,0.092,0.11,0.258,0.184,0.082,0.116,0.188,0.182,0.118,0.122,0.14,0.099,0.217,0.114,0.11,0.165,0.157,0.258,0.09,0.182,0.14,0.128,0.133,0.121,0.253,0.132,0.205,0.186,0.136,0.181,0.218,0.11,0.154,0.189,0.109,0.29,0.158,0.329,0.124,0.168,0.23,0.115,0.074,0.117,0.134,0.125,0.084
0.153,0.133,0.15,0.435,0.126,0.137,0.153,0.484,0.231,0.274,0.068,0.567,0.143,0.233,0.143,0.216,0.179,0.081,0.132,0.174,0.16,0.285,0.161,0.069,0.154,0.274,0.275,0.234,0.151,0.19,0.169,0.093,0.113,0.132,0.082,0.128,0.122,0.091,0.091,0.274,0.147,0.262,0.205,0.264,0.161,0.18,0.177,0.384,0.174,0.252,0.283,0.13,0.321,0.09,0.099,0.152,0.08,0.151,0.188,0.113,0.068,0.112,0.375,0.178,0.063,0.186,0.15,0.1,0.095,0.273,0.091,0.281,0.121,0.196,0.313,0.13,0.346,0.115,0.189,0.083,0.298,0.102,0.204,1.0,0.111,0.339,0.106,0.43,0.124,0.186,0.174,0.092,0.073,0.097,0.122,0.329,0.219,0.077,0.357,0.19,0.09,0.247,0.16,0.291,0.104,0.264,0.128,0.32,0.248,0.094,0.161,0.231,0.185,0.403,0.178,0.284,0.19,0.295,0.129,0.276,0.329,0.051,0.311,0.178,0.261,0.213,0.228,0.234,0.152,0.107,0.169,0.331,0.321,0.244,0.186,0.161,0.321,0.163,0.281,0.325,0.109,0.1,0.141,0.179,0.087,0.153,0.101,0.213,0.496,0.216,0.072,0.286,0.201,0.736,0.114,0.376,0.194,0.274,0.291,0.419,0.089,0.274,0.098,0.275,0.155,0.144,0.122,0.406,0.18,0.213,0.229,0.162,0.246,0.221,0.48,0.197,0.27,0.105,0.116,0.274,0.48,0.118,0.105,0.098,0.182,0.146,0.102,0.231,0.101,0.099,0.177,0.081,0.211,0.164,0.274,0.177,0.266,0.177,0.136,0.267,0.072,0.272,0.1,0.319,0.128,0.132,0.415,0.22,0.175,0.517,0.338,0.132,0.281,0.253,0.33,0.204,0.224,0.255,0.143,0.086,0.223,0.386,0.149,0.064
0.179,0.354,0.217,0.105,0.202,0.199,0.14,0.094,0.474,0.467,0.493,0.28,0.272,0.371,0.147,0.278,0.216,0.134,0.322,0.156,0.215,0.246,0.181,0.381,0.156,0.467,0.121,0.198,0.327,0.531,0.82,0.279,0.158,0.178,0.197,0.276,0.125,0.16,0.141,0.467,0.298,0.28,0.255,0.284,0.29,0.117,0.232,0.277,0.434,0.214,0.18,0.226,0.19,0.145,0.204,0.117,0.273,0.27,0.218,0.212,0.493,0.209,0.157,0.543,0.286,0.205,0.207,0.188,0.385,0.18,0.233,0.21,0.263,0.354,0.315,0.177,0.09,0.369,0.367,0.508,0.308,0.148,0.173,0.111,1.0,0.149,0.182,0.15,0.289,0.205,0.286,0.206,0.444,0.24,0.179,0.272,0.123,0.185,0.26,0.238,0.207,0.161,0.163,0.297,0.152,0.262,0.178,0.294,0.251,0.229,0.679,0.267,0.235,0.203,0.107,0.181,0.115,0.266,0.171,0.172,0.306,0.105,0.235,0.543,0.3,0.228,0.137,0.137,0.241,0.304,0.337,0.166,0.204,0.231,0.152,0.262,0.192,0.217,0.192,0.3,0.119,0.092,0.289,0.241,0.269,0.295,0.216,0.22,0.161,0.178,0.13,0.193,0.192,0.108,0.355,0.19,0.201,0.467,0.26,0.186,0.147,0.467,0.101,0.17,0.244,0.323,0.315,0.221,0.301,0.116,0.258,0.312,0.27,0.283,0.266,0.188,0.16,0.199,0.18,0.467,0.266,0.132,0.261,0.422,0.22,0.141,0.161,0.197,0.192,0.272,0.18,0.203,0.238,0.554,0.467,0.288,0.17,0.484,0.16,0.202,0.207,0.197,0.197,0.189,0.2,0.236,0.124,0.127,0.178,0.128,0.188,0.162,0.225,0.189,0.172,0.127,0.172,0.323,0.213,0.139,0.19,0.094,0.227,0.335
0.25,0.181,0.212,0.315,0.119,0.27,0.172,0.367,0.202,0.269,0.079,0.69,0.413,0.175,0.231,0.133,0.206,0.204,0.192,0.413,0.241,0.254,0.419,0.09,0.397,0.269,0.25,0.444,0.187,0.093,0.091,0.128,0.363,0.168,0.154,0.165,0.384,0.105,0.079,0.269,0.106,0.411,0.18,0.273,0.178,0.199,0.157,0.356,0.143,0.269,0.29,0.201,0.268,0.115,0.164,0.63,0.105,0.542,0.138,0.112,0.079,0.234,0.305,0.206,0.06,0.154,0.193,0.181,0.092,0.35,0.186,0.287,0.201,0.187,0.384,0.181,0.259,0.178,0.119,0.097,0.309,0.108,0.13,0.339,0.149,1.0,0.28,0.342,0.16,0.154,0.177,0.081,0.076,0.214,0.199,0.226,0.161,0.086,0.237,0.147,0.193,0.381,0.205,0.257,0.125,0.23,0.15,0.343,0.294,0.052,0.234,0.255,0.237,0.229,0.445,0.299,0.194,0.183,0.311,0.23,0.234,0.058,0.315,0.206,0.265,0.171,0.194,0.292,0.618,0.26,0.205,0.318,0.312,0.38,0.181,0.297,0.407,0.266,0.623,0.359,0.132,0.145,0.175,0.183,0.189,0.142,0.185,0.356,0.355,0.533,0.195,0.325,0.21,0.583,0.167,0.288,0.252,0.269,0.257,0.319,0.195,0.269,0.158,0.325,0.194,0.09,0.163,0.335,0.219,0.164,0.293,0.124,0.223,0.2,0.592,0.494,0.343,0.185,0.129,0.269,0.592,0.241,0.147,0.128,0.269,0.204,0.203,0.193,0.181,0.139,0.254,0.142,0.274,0.176,0.269,0.059,0.247,0.087,0.296,0.565,0.096,0.225,0.154,0.344,0.193,0.244,0.325,0.174,0.353,0.42,0.242,0.219,0.262,0.269,0.185,0.2,0.282,0.328,0.173,0.109,0.237,0.348,0.334,0.075
0.208,0.229,0.585,0.1,0.139,0.816,0.136,0.215,0.112,0.269,0.118,0.383,0.438,0.138,0.312,0.108,0.361,0.531,0.216,0.311,0.212,0.392,0.31,0.108,0.281,0.269,0.115,0.205,0.218,0.178,0.15,0.129,0.281,0.111,0.144,0.143,0.27,0.263,0.09,0.269,0.142,0.144,0.263,0.19,0.166,0.118,0.106,0.126,0.152,0.203,0.138,0.138,0.113,0.12,0.166,0.293,0.118,0.292,0.098,0.136,0.118,0.302,0.165,0.306,0.098,0.245,0.157,0.249,0.138,0.213,0.225,0.176,0.185,0.257,0.205,0.151,0.182,0.337,0.104,0.122,0.148,0.192,0.097,0.106,0.182,0.28,1.0,0.139,0.176,0.245,0.224,0.113,0.11,0.23,0.284,0.142,0.173,0.121,0.162,0.098,0.573,0.235,0.256,0.172,0.195,0.181,0.136,0.141,0.202,0.134,0.153,0.225,0.165,0.098,0.212,0.166,0.167,0.122,0.22,0.169,0.108,0.061,0.278,0.306,0.142,0.122,0.105,0.245,0.311,0.182,0.203,0.093,0.154,0.343,0.201,0.189,0.181,0.547,0.223,0.233,0.284,0.107,0.298,0.193,0.385,0.163,0.151,0.375,0.211,0.232,0.547,0.216,0.17,0.059,0.297,0.193,0.248,0.269,0.091,0.136,0.406,0.269,0.096,0.204,0.218,0.126,0.175,0.114,0.152,0.166,0.17,0.155,0.138,0.145,0.341,0.315,0.263,0.44,0.118,0.269,0.341,0.326,0.183,0.155,0.233,0.184,0.274,0.079,0.238,0.118,0.247,0.128,0.238,0.169,0.269,0.107,0.163,0.171,0.226,0.086,0.111,0.099,0.165,0.134,0.197,0.212,0.11,0.119,0.206,0.152,0.111,0.194,0.218,0.186,0.14,0.155,0.154,0.201,0.498,0.172,0.191,0.131,0.33,0.082
0.275,0.18,0.184,0.383,0.149,0.201,0.175,0.287,0.232,0.38,0.079,0.795,0.225,0.261,0.137,0.145,0.246,0.087,0.202,0.183,0.202,0.342,0.183,0.092,0.183,0.38,0.297,0.258,0.21,0.237,0.212,0.12,0.133,0.336,0.1,0.18,0.154,0.112,0.113,0.38,0.177,0.356,0.307,0.236,0.192,0.147,0.212,0.335,0.149,0.285,0.248,0.157,0.346,0.111,0.128,0.245,0.099,0.161,0.137,0.109,0.079,0.176,0.388,0.357,0.068,0.319,0.124,0.13,0.099,0.314,0.142,0.32,0.095,0.31,0.337,0.144,0.325,0.162,0.178,0.095,0.309,0.148,0.242,0.43,0.15,0.342,0.139,1.0,0.164,0.319,0.215,0.105,0.083,0.152,0.14,0.244,0.167,0.102,0.319,0.211,0.12,0.224,0.215,0.312,0.125,0.297,0.165,0.32,0.299,0.134,0.156,0.282,0.208,0.335,0.154,0.285,0.189,0.266,0.159,0.332,0.348,0.075,0.359,0.357,0.276,0.272,0.203,0.266,0.173,0.151,0.194,0.314,0.32,0.293,0.257,0.189,0.341,0.217,0.272,0.343,0.136,0.104,0.164,0.255,0.11,0.189,0.15,0.286,0.447,0.209,0.082,0.361,0.256,0.812,0.164,0.343,0.278,0.38,0.289,0.401,0.124,0.38,0.1,0.305,0.156,0.153,0.14,0.332,0.2,0.223,0.213,0.134,0.313,0.27,0.674,0.171,0.342,0.122,0.129,0.38,0.674,0.126,0.13,0.148,0.199,0.153,0.136,0.213,0.114,0.176,0.188,0.111,0.244,0.191,0.38,0.146,0.351,0.223,0.171,0.363,0.086,0.308,0.15,0.446,0.182,0.197,0.375,0.215,0.207,0.442,0.272,0.151,0.314,0.228,0.33,0.213,0.283,1.0,0.353,0.102,0.217,0.378,0.174,0.078
0.233,0.243,0.276,0.146,0.154,0.214,0.171,0.179,0.163,0.265,0.188,0.49,0.242,0.204,0.604,0.141,0.232,0.262,0.362,0.246,0.234,0.354,0.238,0.299,0.206,0.265,0.184,0.213,0.92,0.228,0.191,0.182,0.194,0.304,0.204,0.293,0.162,0.099,0.102,0.265,0.189,0.241,0.295,0.186,0.203,0.164,0.15,0.289,0.185,0.249,0.2,0.166,0.204,0.089,0.176,0.12,0.165,0.216,0.134,0.133,0.188,0.292,0.192,0.323,0.159,0.123,0.219,0.171,0.21,0.224,0.152,0.219,0.151,0.333,0.226,0.221,0.151,0.24,0.19,0.251,0.201,0.171,0.162,0.124,0.289,0.16,0.176,0.164,1.0,0.123,0.218,0.182,0.162,0.166,0.272,0.209,0.129,0.146,0.139,0.17,0.23,0.164,0.177,0.233,0.272,0.254,0.175,0.195,0.255,0.169,0.274,0.226,0.224,0.15,0.183,0.212,0.142,0.167,0.245,0.218,0.157,0.103,0.221,0.323,0.199,0.244,0.158,0.182,0.217,0.19,0.259,0.186,0.244,0.252,0.257,0.242,0.176,0.311,0.167,0.244,0.16,0.092,0.233,0.255,0.257,0.209,0.217,0.298,0.25,0.266,0.257,0.219,0.231,0.068,0.233,0.287,0.258,0.265,0.134,0.168,0.215,0.265,0.135,0.246,0.221,0.177,0.238,0.171,0.242,0.144,0.205,0.164,0.212,0.197,0.45,0.252,0.242,0.297,0.202,0.265,0.45,0.375,0.303,0.276,0.302,0.204,0.145,0.147,0.237,0.384,0.214,0.27,0.253,0.22,0.265,0.199,0.156,0.206,0.249,0.198,0.131,0.169,0.204,0.178,0.287,0.224,0.139,0.087,0.189,0.158,0.139,0.208,0.271,0.239,0.179,0.275,0.197,0.582,0.133,0.092,0.235,0.123,0.198,0.167
0.201,0.205,0.245,0.143,0.224,0.245,0.073,0.086,0.12,0.186,0.099,0.272,0.245,0.149,0.18,0.114,0.245,0.119,0.139,0.19,0.193,0.197,0.226,0.062,0.146,0.186,0.154,0.272,0.205,0.087,0.086,0.169,0.173,0.059,0.073,0.151,0.224,0.316,0.063,0.186,0.13,0.136,0.107,0.14,0.186,0.18,0.12,0.14,0.136,0.272,0.131,0.169,0.071,0.173,0.107,0.137,0.13,0.14,0.114,0.213,0.099,0.316,0.161,0.205,0.071,1.0,0.11,0.332,0.113,1.0,0.172,0.272,0.076,0.149,0.272,0.166,0.042,0.245,0.087,0.12,0.187,0.256,0.106,0.186,0.205,0.154,0.245,0.319,0.123,1.0,0.186,0.066,0.086,0.172,0.115,0.202,0.116,0.104,0.261,0.112,0.245,0.088,0.308,0.199,0.07,0.272,0.203,0.186,0.272,0.041,0.149,0.396,0.19,0.114,0.11,0.226,0.139,0.139,0.197,0.272,0.12,0.041,0.245,0.205,0.187,0.109,0.101,0.19,0.19,0.205,0.272,0.11,0.194,0.316,0.06,0.272,0.194,0.162,0.146,0.199,0.149,0.097,0.245,0.226,0.119,0.187,0.095,0.272,0.272,0.19,0.129,0.248,0.133,0.037,0.245,0.139,0.213,0.186,0.086,0.169,0.129,0.186,0.094,0.272,0.159,0.087,0.169,0.114,0.186,0.187,0.186,0.308,0.187,0.187,0.226,0.19,0.272,0.245,0.161,0.186,0.226,0.113,0.077,0.107,0.272,0.224,0.245,0.085,0.332,0.107,0.085,0.085,0.272,0.186,0.186,0.046,0.172,0.08,0.197,0.048,0.109,0.116,0.077,0.205,0.107,0.161,0.154,0.09,0.244,0.19,0.097,0.161,0.19,0.226,0.132,0.059,0.104,0.123,0.164,0.187,0.206,0.105,0.245,0.086
0.21,0.338,0.248,0.147,0.169,0.212,0.23,0.093,0.187,1.0,0.131,0.204,0.256,0.209,0.252,0.173,0.228,0.218,0.251,0.201,0.2,0.323,0.159,0.116,0.218,1.0,0.121,0.178,0.278,0.296,0.202,0.198,0.166,0.15,0.162,0.239,0.146,0.246,0.146,1.0,0.19,0.173,0.25,0.167,0.561,0.109,0.207,0.191,0.163,0.318,0.167,0.202,0.153,0.168,0.27,0.115,0.211,0.21,0.185,0.165,0.131,0.191,0.233,0.467,0.175,0.186,0.13,0.274,0.22,0.208,0.163,0.242,0.229,0.302,0.178,0.168,0.508,0.318,0.214,0.207,0.281,0.138,0.142,0.174,0.286,0.177,0.224,0.215,0.218,0.186,1.0,0.142,0.133,0.175,0.206,0.177,0.096,0.173,0.253,0.247,0.244,0.164,0.294,0.188,0.266,0.175,0.16,0.581,0.229,0.113,0.238,0.239,0.226,0.217,0.196,0.178,0.22,0.286,0.156,0.194,0.257,0.151,0.175,0.467,0.254,0.191,0.169,0.202,0.209,0.261,0.233,0.179,0.248,0.18,0.137,0.202,0.203,0.238,0.155,0.186,0.563,0.147,0.197,0.249,0.21,0.243,0.197,0.243,0.338,0.186,0.218,0.16,0.191,0.224,0.301,0.24,0.261,1.0,0.209,0.246,0.314,1.0,0.096,0.195,0.447,0.19,0.252,0.193,0.555,0.217,0.416,0.187,0.206,0.245,0.209,0.186,0.246,0.239,0.21,1.0,0.209,0.288,0.277,0.153,0.19,0.133,0.236,0.177,0.183,0.182,0.253,0.163,0.323,0.577,1.0,0.163,0.21,0.252,0.238,0.162,0.128,0.214,0.192,0.216,0.233,0.197,0.146,0.172,0.253,0.268,0.167,0.18,0.367,0.133,0.195,0.19,0.16,0.265,0.185,0.281,0.159,0.181,0.24,0.168
0.123,0.263,0.133,0.084,0.188,0.145,0.096,0.107,0.21,0.232,0.204,0.278,0.127,0.18,0.094,0.178,0.239,0.053,0.139,0.096,0.153,0.208,0.129,0.199,0.109,0.232,0.106,0.143,0.195,0.345,0.265,0.2,0.088,0.245,0.143,0.207,0.148,0.069,0.093,0.232,0.33,0.184,0.188,0.25,0.141,0.096,0.219,0.154,0.204,0.17,0.108,0.214,0.246,0.062,0.09,0.05,0.205,0.181,0.123,0.125,0.204,0.151,0.111,0.246,0.24,0.066,0.187,0.089,0.343,0.131,0.187,0.163,0.486,0.19,0.312,0.166,0.059,0.166,0.198,0.257,0.142,0.148,0.144,0.092,0.206,0.081,0.113,0.105,0.182,0.066,0.142,1.0,0.243,0.185,0.165,0.348,0.181,0.147,0.217,0.272,0.085,0.101,0.095,0.221,0.111,0.276,0.253,0.138,0.199,0.267,0.208,0.273,0.134,0.16,0.176,0.135,0.078,0.115,0.114,0.192,0.166,0.105,0.233,0.246,0.143,0.27,0.119,0.112,0.169,0.215,0.242,0.168,0.185,0.159,0.218,0.332,0.163,0.178,0.172,0.226,0.07,0.084,0.246,0.237,0.103,0.218,0.19,0.167,0.143,0.131,0.053,0.161,0.195,0.043,0.177,0.188,0.224,0.232,0.177,0.291,0.077,0.232,0.111,0.231,0.166,0.342,0.247,0.158,0.159,0.087,0.136,0.2,0.169,0.193,0.237,0.13,0.196,0.08,0.351,0.232,0.237,0.073,0.114,0.253,0.189,0.123,0.117,0.139,0.09,0.239,0.078,0.187,0.228,0.222,0.232,0.918,0.173,0.322,0.123,0.234,0.178,0.132,0.216,0.117,0.32,0.205,0.088,0.058,0.112,0.13,0.18,0.141,0.165,0.262,0.181,0.112,0.112,0.3,0.076,0.065,0.174,0.069,0.121,0.133
0.096,0.295,0.146,0.064,0.155,0.126,0.082,0.069,0.458,0.202,0.307,0.161,0.117,0.27,0.095,0.313,0.187,0.067,0.12,0.081,0.112,0.18,0.105,0.315,0.089,0.202,0.073,0.107,0.172,0.458,1.0,0.138,0.084,0.131,0.183,0.179,0.079,0.08,0.068,0.202,0.282,0.131,0.158,0.312,0.134,0.074,0.17,0.183,0.599,0.141,0.095,0.115,0.191,0.072,0.095,0.06,0.13,0.205,0.118,0.101,0.307,0.128,0.087,0.242,0.369,0.086,0.228,0.099,0.364,0.101,0.198,0.126,0.203,0.158,0.275,0.2,0.053,0.178,0.411,0.591,0.149,0.093,0.105,0.073,0.444,0.076,0.11,0.083,0.162,0.086,0.133,0.243,1.0,0.187,0.169,0.218,0.133,0.132,0.27,0.168,0.099,0.095,0.083,0.27,0.086,0.226,0.115,0.135,0.167,0.348,0.485,0.188,0.123,0.152,0.074,0.111,0.061,0.126,0.103,0.112,0.292,0.064,0.247,0.242,0.148,0.184,0.087,0.078,0.117,0.134,0.316,0.174,0.148,0.126,0.124,0.221,0.113,0.132,0.146,0.261,0.065,0.071,0.26,0.205,0.131,0.227,0.182,0.116,0.098,0.143,0.066,0.13,0.108,0.05,0.228,0.141,0.094,0.202,0.322,0.125,0.082,0.202,0.082,0.107,0.218,0.339,0.217,0.153,0.144,0.067,0.121,0.345,0.147,0.254,0.134,0.103,0.123,0.092,0.13,0.202,0.134,0.069,0.09,0.226,0.148,0.093,0.09,0.156,0.102,0.175,0.085,0.208,0.217,0.559,0.202,0.256,0.112,0.421,0.104,0.201,0.188,0.107,0.175,0.111,0.246,0.133,0.074,0.064,0.114,0.065,0.153,0.179,0.112,0.18,0.147,0.088,0.095,0.162,0.095,0.07,0.126,0.055,0.106,0.144
0.222,0.205,0.226,0.099,0.175,0.227,0.336,0.204,0.185,0.242,0.193,0.357,0.267,0.21,0.184,0.166,0.235,0.212,0.298,0.192,0.183,0.198,0.197,0.145,0.167,0.242,0.113,0.386,0.211,0.337,0.26,0.172,0.206,0.11,0.532,0.201,0.214,0.2,0.082,0.242,0.295,0.146,0.177,0.345,0.18,0.119,0.151,0.171,0.192,0.209,0.146,0.16,0.144,0.163,0.237,0.242,0.151,0.249,0.13,0.156,0.193,0.254,0.139,0.3,0.198,0.172,0.157,0.274,0.275,0.184,0.981,0.193,0.167,0.175,0.221,0.203,0.081,0.31,0.195,0.241,0.188,0.16,0.107,0.097,0.24,0.214,0.23,0.152,0.166,0.172,0.175,0.185,0.187,1.0,0.224,0.216,0.154,0.13,0.208,0.165,0.263,0.144,0.296,0.321,0.097,0.208,0.149,0.171,0.215,0.263,0.229,0.206,0.178,0.153,0.172,0.174,0.134,0.154,0.258,0.165,0.182,0.058,0.264,0.3,0.187,0.149,0.107,0.302,0.236,0.197,0.28,0.164,0.187,0.359,0.553,0.555,0.174,0.214,0.198,0.296,0.15,0.112,0.293,0.228,0.194,0.193,0.568,0.248,0.177,0.216,0.212,0.17,0.162,0.064,0.296,0.197,0.395,0.242,0.175,0.163,0.214,0.242,0.097,0.258,0.19,0.235,0.386,0.147,0.176,0.117,0.261,0.219,0.172,0.291,0.309,0.197,0.253,0.24,0.161,0.242,0.309,0.193,0.123,0.147,0.23,0.173,0.201,0.144,0.265,0.128,0.206,0.247,0.47,0.232,0.242,0.394,0.196,0.315,0.169,0.23,0.14,0.131,0.175,0.139,0.202,0.621,0.111,0.334,0.209,0.11,0.124,0.167,0.175,0.211,0.139,0.108,0.515,0.193,0.353,0.134,0.226,0.093,0.254,0.128
0.249,0.184,0.288,0.151,0.171,0.26,0.129,0.363,0.111,0.16,0.154,0.636,0.38,0.189,0.219,0.099,0.293,0.201,0.177,0.386,0.525,0.355,0.335,0.198,0.227,0.16,0.169,0.234,0.264,0.278,0.218,0.108,0.203,0.259,0.166,0.248,0.268,0.17,0.053,0.16,0.172,0.217,0.282,0.191,0.123,0.177,0.121,0.229,0.148,0.328,0.17,0.172,0.137,0.087,0.13,0.197,0.092,0.232,0.075,0.09,0.154,0.227,0.186,0.18,0.174,0.115,0.203,0.182,0.179,0.235,0.219,0.255,0.149,0.291,0.26,0.284,0.17,0.232,0.131,0.165,0.115,0.164,0.088,0.122,0.179,0.199,0.284,0.14,0.272,0.115,0.206,0.165,0.169,0.224,1.0,0.183,0.129,0.086,0.139,0.161,0.308,0.205,0.282,0.255,0.202,0.255,0.19,0.11,0.294,0.36,0.222,0.234,0.224,0.097,0.238,0.262,0.144,0.091,0.302,0.238,0.109,0.056,0.269,0.18,0.117,0.177,0.169,0.256,0.243,0.131,0.338,0.171,0.243,0.352,0.265,0.329,0.219,0.333,0.204,0.26,0.242,0.126,0.238,0.257,0.262,0.139,0.151,0.326,0.341,0.305,0.215,0.253,0.194,0.034,0.247,0.274,0.245,0.16,0.113,0.201,0.29,0.16,0.137,0.266,0.279,0.158,0.169,0.121,0.141,0.13,0.176,0.137,0.12,0.177,0.638,0.315,0.383,0.277,0.254,0.16,0.638,0.376,0.257,0.202,0.399,0.27,0.255,0.09,0.143,0.215,0.164,0.188,0.358,0.151,0.16,0.315,0.15,0.261,0.414,0.192,0.123,0.127,0.182,0.163,0.229,0.224,0.146,0.078,0.218,0.169,0.085,0.289,0.301,0.347,0.153,0.142,0.179,0.3,0.248,0.111,0.297,0.142,0.335,0.12
0.175,0.237,0.164,0.261,0.317,0.16,0.118,0.194,0.282,0.315,0.196,0.62,0.207,0.289,0.177,0.336,0.264,0.103,0.178,0.176,0.226,0.224,0.247,0.166,0.187,0.315,0.194,0.315,0.244,0.427,0.32,0.31,0.166,0.152,0.158,0.249,0.196,0.136,0.165,0.315,0.364,0.236,0.21,0.322,0.183,0.223,0.27,0.263,0.281,0.274,0.349,0.311,0.391,0.106,0.135,0.161,0.386,0.253,0.3,0.233,0.196,0.186,0.211,0.403,0.326,0.202,0.193,0.156,0.389,0.185,0.212,0.312,0.303,0.226,0.307,0.244,0.145,0.24,0.239,0.281,0.288,0.161,0.207,0.329,0.272,0.226,0.142,0.244,0.209,0.202,0.177,0.348,0.218,0.216,0.183,1.0,0.366,0.206,0.277,0.236,0.147,0.173,0.185,0.294,0.118,0.341,0.286,0.277,0.339,0.333,0.285,0.444,0.268,0.341,0.166,0.256,0.134,0.212,0.196,0.29,0.233,0.161,0.335,0.403,0.249,0.366,0.257,0.167,0.361,0.313,0.344,0.29,0.405,0.328,0.135,0.351,0.352,0.192,0.334,0.29,0.088,0.106,0.36,0.295,0.132,0.241,0.202,0.22,0.259,0.218,0.097,0.283,0.246,0.27,0.259,0.27,0.296,0.315,0.248,0.391,0.113,0.315,0.128,0.318,0.228,0.292,0.385,0.457,0.206,0.126,0.208,0.262,0.263,0.266,0.515,0.234,0.305,0.144,0.387,0.315,0.515,0.129,0.116,0.186,0.314,0.214,0.159,0.227,0.16,0.172,0.132,0.207,0.395,0.249,0.315,0.394,0.336,0.511,0.201,0.329,0.297,0.198,0.177,0.25,0.2,0.292,0.227,0.125,0.188,0.293,0.384,0.294,0.261,0.398,0.288,0.131,0.196,0.289,0.177,0.101,0.252,0.204,0.226,0.143
0.157,0.163,0.132,0.226,0.107,0.179,0.098,0.256,0.151,0.111,0.114,0.221,0.164,0.192,0.084,0.298,0.265,0.155,0.149,0.083,0.118,0.168,0.135,0.125,0.097,0.111,0.165,0.153,0.127,0.163,0.151,0.091,0.114,0.107,0.113,0.13,0.159,0.187,0.063,0.111,0.135,0.167,0.177,0.226,0.154,0.156,0.088,0.186,0.252,0.198,0.332,0.086,0.328,0.102,0.066,0.174,0.083,0.111,0.332,0.097,0.114,0.196,0.172,0.137,0.124,0.116,0.179,0.131,0.15,0.109,0.156,0.153,0.159,0.17,0.17,0.131,0.199,0.225,0.157,0.144,0.237,0.185,0.135,0.219,0.123,0.161,0.173,0.167,0.129,0.116,0.096,0.181,0.133,0.154,0.129,0.366,1.0,0.09,0.186,0.166,0.226,0.126,0.158,0.184,0.097,0.167,0.116,0.265,0.268,0.095,0.145,0.198,0.204,0.271,0.099,0.18,0.112,0.149,0.117,0.164,0.184,0.047,0.199,0.137,0.192,0.199,0.229,0.102,0.11,0.102,0.191,0.243,0.336,0.335,0.101,0.156,0.229,0.137,0.146,0.169,0.127,0.12,0.228,0.13,0.147,0.134,0.223,0.15,0.182,0.136,0.162,0.112,0.249,0.215,0.188,0.2,0.129,0.111,0.235,0.203,0.108,0.111,0.101,0.203,0.133,0.161,0.137,0.391,0.104,0.138,0.188,0.135,0.194,0.129,0.18,0.174,0.167,0.168,0.128,0.111,0.18,0.122,0.148,0.137,0.21,0.19,0.214,0.207,0.101,0.146,0.075,0.145,0.152,0.135,0.111,0.193,0.206,0.155,0.14,0.245,0.087,0.136,0.123,0.182,0.133,0.105,0.185,0.126,0.092,0.166,0.314,0.123,0.158,0.385,0.197,0.112,0.217,0.223,0.247,0.113,0.167,0.178,0.182,0.093
0.139,0.205,0.145,0.072,0.187,0.133,0.142,0.082,0.168,0.226,0.129,0.217,0.177,0.151,0.081,0.139,0.207,0.066,0.125,0.088,0.116,0.154,0.112,0.111,0.169,0.226,0.086,0.181,0.168,0.307,0.261,0.291,0.083,0.128,0.108,0.156,0.088,0.082,0.427,0.226,0.194,0.131,0.128,0.153,0.187,0.075,0.294,0.129,0.141,0.137,0.097,0.245,0.142,0.067,0.16,0.072,0.19,0.145,0.102,0.143,0.129,0.233,0.115,0.256,0.139,0.104,0.112,0.099,0.239,0.099,0.128,0.315,0.118,0.134,0.137,0.11,0.053,0.169,0.143,0.167,0.146,0.097,0.107,0.077,0.185,0.086,0.121,0.102,0.146,0.104,0.173,0.147,0.132,0.13,0.086,0.206,0.09,1.0,0.126,0.115,0.092,0.082,0.093,0.14,0.089,0.152,0.179,0.174,0.152,0.157,0.157,0.187,0.116,0.123,0.112,0.111,0.071,0.127,0.105,0.153,0.13,0.269,0.134,0.256,0.143,0.18,0.135,0.088,0.162,0.163,0.272,0.096,0.138,0.139,0.117,0.172,0.146,0.147,0.126,0.152,0.067,0.058,0.167,0.207,0.087,0.151,0.129,0.134,0.114,0.128,0.062,0.125,0.122,0.057,0.172,0.12,0.112,0.226,0.116,0.141,0.071,0.226,0.06,0.139,0.119,0.182,0.243,0.155,0.183,0.077,0.159,0.159,0.138,0.178,0.193,0.112,0.117,0.09,0.116,0.226,0.193,0.071,0.093,0.134,0.15,0.096,0.118,0.096,0.098,0.131,0.095,0.118,0.166,0.217,0.226,0.178,0.183,0.284,0.101,0.177,0.164,0.159,0.113,0.118,0.123,0.15,0.08,0.066,0.128,0.082,0.175,0.096,0.136,0.126,0.147,0.072,0.095,0.23,0.113,0.079,0.145,0.062,0.118,0.117
0.155,0.225,0.171,0.283,0.179,0.178,0.165,0.145,0.348,0.334,0.183,0.376,0.21,0.41,0.115,0.388,0.214,0.15,0.132,0.123,0.156,0.225,0.159,0.146,0.148,0.334,0.19,0.173,0.177,0.458,0.574,0.169,0.172,0.102,0.131,0.164,0.128,0.181,0.118,0.334,0.277,0.271,0.167,0.349,0.276,0.125,0.26,0.356,0.264,0.289,0.25,0.161,0.331,0.197,0.128,0.178,0.155,0.2,0.19,0.195,0.183,0.159,0.255,0.266,0.208,0.261,0.228,0.18,0.289,0.16,0.213,0.279,0.239,0.172,0.324,0.181,0.269,0.249,0.438,0.256,0.329,0.135,0.185,0.357,0.26,0.237,0.162,0.319,0.139,0.261,0.253,0.217,0.27,0.208,0.139,0.277,0.186,0.126,1.0,0.258,0.198,0.239,0.186,0.338,0.085,0.294,0.187,0.386,0.261,0.205,0.253,0.243,0.217,0.351,0.12,0.289,0.177,0.374,0.137,0.183,0.501,0.085,0.288,0.266,0.291,0.236,0.186,0.155,0.173,0.191,0.286,0.318,0.252,0.216,0.095,0.232,0.261,0.177,0.226,0.385,0.132,0.147,0.257,0.204,0.166,0.181,0.137,0.154,0.259,0.184,0.14,0.22,0.289,0.53,0.236,0.249,0.285,0.334,0.506,0.378,0.11,0.334,0.104,0.3,0.178,0.277,0.211,0.311,0.26,0.18,0.245,0.414,0.254,0.284,0.341,0.177,0.185,0.166,0.207,0.334,0.341,0.134,0.084,0.149,0.216,0.134,0.158,0.251,0.152,0.119,0.128,0.135,0.199,0.364,0.334,0.252,0.254,0.421,0.142,0.38,0.133,0.241,0.154,0.311,0.128,0.168,0.332,0.227,0.177,0.355,0.237,0.147,0.183,0.212,0.282,0.18,0.192,0.176,0.282,0.167,0.169,0.277,0.192,0.126
0.107,0.208,0.101,0.152,0.107,0.108,0.095,0.2,0.243,0.329,0.152,0.195,0.183,0.215,0.1,0.168,0.147,0.078,0.145,0.09,0.446,0.209,0.112,0.117,0.099,0.329,0.104,0.121,0.209,0.258,0.216,0.179,0.095,0.494,0.115,0.208,0.074,0.11,0.084,0.329,0.228,0.216,0.123,0.195,0.252,0.07,0.235,0.2,0.161,0.163,0.152,0.134,0.223,0.087,0.129,0.069,0.168,0.151,0.169,0.126,0.152,0.136,0.149,0.357,0.181,0.112,0.102,0.128,0.234,0.124,0.156,0.213,0.192,0.141,0.244,0.153,0.168,0.252,0.242,0.294,0.282,0.178,0.125,0.19,0.238,0.147,0.098,0.211,0.17,0.112,0.247,0.272,0.168,0.165,0.161,0.236,0.166,0.115,0.258,1.0,0.127,0.308,0.149,0.252,0.282,0.163,0.14,0.308,0.202,0.221,0.201,0.214,0.171,0.366,0.062,0.191,0.082,0.307,0.219,0.11,0.325,0.057,0.143,0.357,0.265,0.256,0.118,0.08,0.143,0.185,0.199,0.248,0.2,0.26,0.096,0.191,0.295,0.104,0.18,0.219,0.089,0.067,0.181,0.138,0.092,0.205,0.146,0.132,0.193,0.2,0.076,0.142,0.267,0.293,0.246,0.166,0.2,0.329,0.219,0.299,0.085,0.329,0.058,0.116,0.135,0.182,0.216,0.229,0.259,0.09,0.204,0.178,0.209,0.244,0.173,0.115,0.16,0.117,0.249,0.329,0.173,0.172,0.086,0.127,0.155,0.22,0.092,0.217,0.124,0.138,0.106,0.345,0.151,0.293,0.329,0.591,0.155,0.235,0.256,0.239,0.137,0.171,0.098,0.197,0.147,0.143,0.186,0.117,0.132,0.199,0.186,0.12,0.134,0.227,0.178,0.254,0.156,0.207,0.123,0.111,0.269,0.185,0.177,0.124
0.202,0.19,0.514,0.121,0.133,0.474,0.105,0.215,0.128,0.269,0.109,0.383,0.446,0.129,0.4,0.131,0.44,0.821,0.252,0.27,0.208,0.316,0.27,0.081,0.214,0.269,0.124,0.185,0.269,0.151,0.133,0.17,0.26,0.096,0.13,0.15,0.291,0.442,0.079,0.269,0.116,0.116,0.228,0.137,0.222,0.161,0.101,0.132,0.123,0.282,0.189,0.153,0.08,0.189,0.184,0.32,0.164,0.202,0.138,0.179,0.109,0.356,0.148,0.306,0.101,0.245,0.152,0.335,0.141,0.181,0.255,0.191,0.128,0.243,0.164,0.198,0.163,0.532,0.108,0.15,0.188,0.262,0.094,0.09,0.207,0.193,0.573,0.12,0.23,0.245,0.244,0.085,0.099,0.263,0.308,0.147,0.226,0.092,0.198,0.127,1.0,0.187,0.283,0.183,0.187,0.153,0.136,0.188,0.233,0.07,0.191,0.191,0.237,0.114,0.152,0.232,0.176,0.16,0.263,0.151,0.123,0.054,0.233,0.306,0.188,0.126,0.106,0.185,0.252,0.209,0.234,0.124,0.18,0.328,0.116,0.219,0.154,0.456,0.168,0.188,0.342,0.143,0.337,0.177,0.538,0.172,0.153,0.309,0.205,0.207,0.818,0.167,0.214,0.059,0.407,0.155,0.267,0.269,0.091,0.115,0.529,0.269,0.143,0.194,0.202,0.106,0.183,0.11,0.194,0.16,0.212,0.196,0.156,0.16,0.341,0.266,0.206,0.642,0.143,0.269,0.341,0.433,0.168,0.113,0.336,0.257,0.324,0.1,0.307,0.14,0.241,0.146,0.224,0.216,0.269,0.085,0.124,0.137,0.27,0.086,0.111,0.107,0.144,0.12,0.2,0.186,0.123,0.165,0.189,0.126,0.098,0.215,0.202,0.189,0.111,0.196,0.181,0.185,0.498,0.279,0.181,0.101,0.373,0.097
0.191,0.185,0.221,0.242,0.108,0.228,0.103,0.34,0.163,0.225,0.089,0.458,0.266,0.172,0.22,0.13,0.264,0.229,0.195,0.363,0.419,0.263,0.494,0.087,0.389,0.225,0.222,0.244,0.185,0.116,0.108,0.135,0.376,0.519,0.122,0.153,0.291,0.095,0.066,0.225,0.139,0.237,0.148,0.218,0.15,0.215,0.155,0.212,0.123,0.259,0.227,0.242,0.143,0.086,0.155,0.293,0.126,0.295,0.136,0.101,0.089,0.201,0.219,0.238,0.076,0.088,0.187,0.157,0.108,0.23,0.131,0.227,0.16,0.162,0.278,0.212,0.192,0.184,0.192,0.115,0.194,0.193,0.155,0.247,0.161,0.381,0.235,0.224,0.164,0.088,0.164,0.101,0.095,0.144,0.205,0.173,0.126,0.082,0.239,0.308,0.187,1.0,0.191,0.223,0.288,0.199,0.165,0.203,0.271,0.058,0.29,0.246,0.236,0.233,0.263,0.257,0.13,0.288,0.347,0.159,0.222,0.064,0.273,0.238,0.184,0.192,0.15,0.251,0.368,0.168,0.212,0.263,0.26,0.41,0.137,0.222,0.297,0.226,0.299,0.325,0.119,0.174,0.207,0.159,0.142,0.151,0.146,0.315,0.307,0.343,0.21,0.306,0.251,0.252,0.166,0.203,0.24,0.225,0.154,0.218,0.201,0.225,0.246,0.257,0.197,0.127,0.15,0.194,0.201,0.108,0.228,0.126,0.212,0.15,0.374,0.384,0.302,0.195,0.119,0.225,0.374,0.227,0.123,0.153,0.31,0.279,0.131,0.171,0.182,0.192,0.264,0.255,0.218,0.165,0.225,0.067,0.172,0.107,0.418,0.196,0.101,0.153,0.124,0.209,0.185,0.196,0.29,0.15,0.251,0.25,0.156,0.272,0.23,0.339,0.158,0.314,0.189,0.203,0.103,0.09,0.308,0.285,0.267,0.08
0.261,0.216,0.223,0.192,0.166,0.253,0.124,0.362,0.105,0.38,0.085,0.795,0.275,0.217,0.211,0.104,0.312,0.183,0.192,0.281,0.346,0.302,0.342,0.105,0.245,0.38,0.212,0.269,0.2,0.112,0.104,0.136,0.269,0.444,0.119,0.209,0.274,0.315,0.068,0.38,0.12,0.25,0.198,0.151,0.211,0.246,0.117,0.199,0.125,0.354,0.237,0.176,0.116,0.176,0.125,0.262,0.118,0.196,0.107,0.172,0.085,0.309,0.234,0.244,0.071,0.308,0.192,0.323,0.104,0.303,0.29,0.336,0.135,0.211,0.262,0.253,0.145,0.281,0.097,0.108,0.153,0.324,0.104,0.16,0.163,0.205,0.256,0.215,0.177,0.308,0.294,0.095,0.083,0.296,0.282,0.185,0.158,0.093,0.186,0.149,0.283,0.191,1.0,0.38,0.233,0.255,0.204,0.19,0.324,0.052,0.194,0.359,0.258,0.106,0.207,0.292,0.236,0.129,0.273,0.285,0.112,0.065,0.298,0.244,0.152,0.158,0.143,0.27,0.276,0.174,0.305,0.145,0.276,0.435,0.148,0.285,0.229,0.224,0.19,0.355,0.313,0.158,0.247,0.288,0.181,0.147,0.153,0.371,0.424,0.373,0.186,0.309,0.253,0.082,0.252,0.251,0.467,0.38,0.085,0.218,0.212,0.38,0.156,0.386,0.249,0.094,0.161,0.131,0.215,0.213,0.23,0.191,0.148,0.152,0.674,0.313,0.464,0.259,0.184,0.38,0.674,0.237,0.179,0.15,0.41,0.396,0.273,0.078,0.204,0.172,0.144,0.244,0.343,0.195,0.38,0.061,0.184,0.102,0.367,0.063,0.102,0.153,0.147,0.222,0.183,0.254,0.191,0.13,0.264,0.236,0.093,0.277,0.317,0.294,0.142,0.168,0.18,0.392,0.321,0.242,0.363,0.18,0.332,0.079
0.247,0.268,0.206,0.442,0.241,0.219,0.148,0.459,0.344,0.296,0.21,0.795,0.231,0.457,0.173,0.228,0.45,0.119,0.215,0.21,0.383,0.359,0.342,0.215,0.22,0.296,0.287,0.288,0.246,0.66,0.642,0.16,0.236,0.591,0.19,0.278,0.21,0.146,0.084,0.296,0.311,0.424,0.269,0.371,0.19,0.282,0.249,0.421,0.255,0.409,0.28,0.207,0.299,0.172,0.117,0.14,0.139,0.308,0.133,0.154,0.21,0.233,0.29,0.311,0.237,0.199,0.448,0.156,0.314,0.239,0.331,0.351,0.181,0.265,0.449,0.319,0.168,0.238,0.34,0.299,0.277,0.299,0.16,0.291,0.297,0.257,0.172,0.312,0.233,0.199,0.188,0.221,0.27,0.321,0.255,0.294,0.184,0.14,0.338,0.252,0.183,0.223,0.38,1.0,0.276,0.402,0.256,0.285,0.444,0.258,0.354,0.429,0.302,0.219,0.199,0.532,0.18,0.194,0.271,0.282,0.348,0.095,0.36,0.311,0.337,0.268,0.255,0.253,0.259,0.172,0.486,0.321,0.362,0.43,0.271,0.383,0.28,0.225,0.237,0.73,0.124,0.178,0.322,0.384,0.173,0.208,0.29,0.35,0.512,0.445,0.117,0.354,0.307,0.465,0.232,0.28,0.408,0.296,0.314,0.384,0.116,0.296,0.189,0.392,0.276,0.318,0.229,0.315,0.228,0.154,0.283,0.272,0.233,0.252,0.826,0.415,0.406,0.161,0.27,0.296,0.826,0.202,0.177,0.277,0.468,0.453,0.176,0.181,0.148,0.264,0.106,0.362,0.351,0.323,0.296,0.337,0.297,0.59,0.309,0.309,0.128,0.267,0.228,0.376,0.25,0.257,0.305,0.135,0.228,0.323,0.266,0.259,0.353,0.424,0.191,0.25,0.254,0.392,0.22,0.137,0.441,0.288,0.258,0.128
0.175,0.199,0.237,0.109,0.096,0.199,0.157,0.338,0.095,0.199,0.083,0.347,0.166,0.186,0.361,0.089,0.185,0.239,0.247,0.197,0.434,0.383,0.194,0.142,0.157,0.199,0.14,0.154,0.278,0.104,0.099,0.127,0.144,0.762,0.186,0.198,0.137,0.071,0.071,0.199,0.134,0.22,0.228,0.108,0.145,0.136,0.081,0.158,0.127,0.245,0.147,0.116,0.119,0.061,0.134,0.111,0.121,0.141,0.091,0.088,0.083,0.237,0.171,0.226,0.07,0.07,0.176,0.129,0.1,0.18,0.086,0.155,0.113,0.239,0.155,0.137,0.237,0.169,0.116,0.109,0.137,0.301,0.111,0.104,0.152,0.125,0.195,0.125,0.272,0.07,0.266,0.111,0.086,0.097,0.202,0.118,0.097,0.089,0.085,0.282,0.187,0.288,0.233,0.276,1.0,0.165,0.165,0.136,0.221,0.05,0.144,0.25,0.19,0.08,0.187,0.196,0.127,0.115,0.286,0.146,0.09,0.074,0.147,0.226,0.138,0.189,0.117,0.152,0.168,0.125,0.202,0.097,0.178,0.25,0.168,0.176,0.118,0.237,0.113,0.238,0.242,0.073,0.136,0.169,0.154,0.136,0.176,0.232,0.312,0.321,0.235,0.177,0.436,0.043,0.15,0.215,0.226,0.199,0.066,0.174,0.197,0.199,0.113,0.186,0.252,0.098,0.188,0.106,0.17,0.129,0.15,0.11,0.142,0.104,0.298,0.195,0.257,0.215,0.121,0.199,0.298,0.346,0.296,0.191,0.296,0.406,0.128,0.069,0.182,0.259,0.2,0.44,0.243,0.157,0.199,0.058,0.12,0.096,0.349,0.06,0.092,0.114,0.176,0.142,0.282,0.134,0.107,0.06,0.152,0.128,0.091,0.184,0.24,0.312,0.13,0.59,0.141,0.394,0.08,0.066,0.362,0.104,0.195,0.08
0.264,0.273,0.253,0.256,0.266,0.248,0.178,0.384,0.228,0.3,0.171,1.0,0.252,0.398,0.186,0.325,0.304,0.111,0.214,0.272,0.295,0.352,0.331,0.203,0.252,0.3,0.31,0.355,0.268,0.66,0.642,0.175,0.245,0.298,0.197,0.292,0.231,0.122,0.097,0.3,0.36,0.373,0.393,0.516,0.173,0.216,0.282,0.393,0.291,0.352,0.254,0.226,0.324,0.134,0.121,0.189,0.151,0.406,0.142,0.247,0.171,0.237,0.267,0.311,0.181,0.272,0.329,0.145,0.276,0.377,0.212,0.343,0.305,0.32,0.513,0.281,0.113,0.211,0.281,0.24,0.191,0.173,0.412,0.264,0.262,0.23,0.181,0.297,0.254,0.272,0.175,0.276,0.226,0.208,0.255,0.341,0.167,0.152,0.294,0.163,0.153,0.199,0.255,0.402,0.165,1.0,0.285,0.182,0.351,0.306,0.322,0.421,0.273,0.332,0.216,0.293,0.202,0.155,0.249,0.374,0.251,0.117,0.565,0.311,0.189,0.37,0.339,0.311,0.288,0.19,0.408,0.236,0.343,0.469,0.264,0.365,0.286,0.304,0.252,0.479,0.115,0.154,0.295,0.364,0.167,0.306,0.2,0.357,0.353,0.307,0.104,0.531,0.246,0.225,0.217,0.312,0.316,0.3,0.252,0.331,0.13,0.3,0.184,0.415,0.248,0.278,0.237,0.252,0.212,0.189,0.228,0.404,0.222,0.236,0.915,0.307,0.409,0.147,0.281,0.3,0.915,0.171,0.165,0.275,0.371,0.242,0.179,0.14,0.14,0.257,0.131,0.184,0.353,0.257,0.3,0.459,0.273,0.59,0.263,0.309,0.14,0.25,0.256,0.383,0.268,0.273,0.246,0.148,0.278,0.267,0.202,0.326,0.417,0.364,0.371,0.165,0.212,0.49,0.29,0.124,0.334,0.226,0.274,0.121
0.225,0.296,0.139,0.171,0.262,0.164,0.144,0.361,0.23,0.329,0.101,0.831,0.288,0.225,0.141,0.129,0.338,0.104,0.157,0.17,0.301,0.253,0.244,0.13,0.307,0.329,0.197,0.255,0.184,0.239,0.181,0.21,0.18,0.363,0.128,0.204,0.214,0.117,0.16,0.329,0.251,0.234,0.195,0.178,0.174,0.201,0.206,0.217,0.179,0.286,0.208,0.238,0.172,0.098,0.145,0.147,0.277,0.204,0.096,0.179,0.101,0.208,0.207,0.23,0.1,0.203,0.206,0.127,0.289,0.161,0.143,0.311,0.245,0.193,0.269,0.263,0.071,0.179,0.129,0.128,0.136,0.186,0.143,0.128,0.178,0.15,0.136,0.165,0.175,0.203,0.16,0.253,0.115,0.149,0.19,0.286,0.116,0.179,0.187,0.14,0.136,0.165,0.204,0.256,0.165,0.285,1.0,0.157,0.27,0.098,0.213,0.297,0.224,0.117,0.204,0.24,0.214,0.117,0.223,0.316,0.115,0.17,0.285,0.23,0.134,0.25,0.199,0.26,0.268,0.216,0.302,0.152,0.243,0.314,0.188,0.309,0.196,0.203,0.268,0.27,0.108,0.208,0.206,0.251,0.123,0.158,0.142,0.293,0.284,0.259,0.097,0.268,0.24,0.066,0.171,0.19,0.316,0.329,0.097,0.216,0.09,0.329,0.166,0.366,0.171,0.227,0.248,0.144,0.203,0.208,0.233,0.17,0.147,0.139,0.735,0.276,0.273,0.121,0.248,0.329,0.735,0.163,0.126,0.177,0.345,0.238,0.169,0.078,0.114,0.19,0.093,0.148,0.362,0.183,0.329,0.111,0.19,0.223,0.246,0.085,0.2,0.161,0.221,0.19,0.172,0.264,0.173,0.122,0.187,0.187,0.119,0.212,0.33,0.278,0.183,0.132,0.164,0.4,0.223,0.12,0.343,0.126,0.228,0.097
0.183,0.285,0.136,0.306,0.167,0.156,0.238,0.07,0.385,1.0,0.134,0.204,0.253,0.247,0.135,0.261,0.218,0.124,0.193,0.175,0.188,0.178,0.146,0.11,0.212,1.0,0.185,0.201,0.252,0.296,0.202,0.206,0.148,0.15,0.128,0.236,0.092,0.262,0.165,1.0,0.195,0.288,0.144,0.238,0.615,0.097,0.226,0.357,0.207,0.361,0.35,0.184,0.369,0.192,0.218,0.093,0.219,0.203,0.296,0.169,0.134,0.177,0.256,0.467,0.179,0.186,0.121,0.242,0.225,0.189,0.161,0.321,0.174,0.174,0.296,0.165,0.45,0.332,0.265,0.214,0.613,0.122,0.159,0.32,0.294,0.343,0.141,0.32,0.195,0.186,0.581,0.138,0.135,0.171,0.11,0.277,0.265,0.174,0.386,0.308,0.188,0.203,0.19,0.285,0.136,0.182,0.157,1.0,0.238,0.113,0.243,0.22,0.247,0.364,0.124,0.395,0.224,0.382,0.142,0.197,0.445,0.152,0.192,0.467,0.526,0.202,0.237,0.152,0.202,0.26,0.223,0.513,0.334,0.202,0.119,0.191,0.269,0.137,0.229,0.231,0.234,0.151,0.197,0.185,0.167,0.249,0.171,0.166,0.229,0.163,0.12,0.166,0.223,0.583,0.31,0.216,0.193,1.0,0.496,0.355,0.132,1.0,0.091,0.221,0.146,0.206,0.236,0.452,0.606,0.244,0.443,0.194,0.331,0.295,0.209,0.17,0.154,0.177,0.208,1.0,0.209,0.206,0.116,0.146,0.174,0.121,0.138,0.414,0.159,0.171,0.184,0.15,0.158,0.631,1.0,0.163,0.29,0.252,0.124,0.565,0.132,0.34,0.129,0.359,0.139,0.179,0.317,0.278,0.25,0.314,0.382,0.14,0.186,0.193,0.229,0.262,0.235,0.265,0.185,0.302,0.146,0.313,0.196,0.172
0.296,0.284,0.196,0.353,0.214,0.239,0.196,0.384,0.199,0.334,0.149,1.0,0.306,0.263,0.24,0.201,0.532,0.176,0.267,0.257,0.371,0.322,0.39,0.2,0.312,0.334,0.321,0.295,0.272,0.237,0.212,0.196,0.307,0.279,0.195,0.302,0.271,0.19,0.122,0.334,0.199,0.311,0.301,0.291,0.23,0.368,0.208,0.349,0.227,0.491,0.526,0.238,0.282,0.169,0.156,0.189,0.186,0.287,0.198,0.196,0.149,0.28,0.511,0.388,0.161,0.272,0.373,0.195,0.206,0.209,0.207,0.41,0.182,0.304,0.353,0.35,0.186,0.306,0.199,0.194,0.253,0.246,0.241,0.248,0.251,0.294,0.202,0.299,0.255,0.272,0.229,0.199,0.167,0.215,0.294,0.339,0.268,0.152,0.261,0.202,0.233,0.271,0.324,0.444,0.221,0.351,0.27,0.238,1.0,0.134,0.324,0.294,0.628,0.268,0.222,0.435,0.259,0.25,0.31,0.324,0.232,0.121,0.347,0.388,0.24,0.312,0.302,0.286,0.344,0.215,0.411,0.294,0.452,0.424,0.243,0.363,0.4,0.237,0.322,0.432,0.154,0.195,0.322,0.32,0.213,0.243,0.461,0.335,0.425,0.366,0.168,0.329,0.404,0.187,0.284,0.369,0.337,0.334,0.21,0.264,0.146,0.334,0.304,0.413,0.278,0.195,0.253,0.326,0.319,0.185,0.318,0.218,0.294,0.216,0.915,0.476,0.375,0.195,0.287,0.334,0.915,0.259,0.237,0.251,0.586,0.392,0.217,0.171,0.184,0.285,0.147,0.218,0.38,0.252,0.334,0.146,0.242,0.223,0.364,0.193,0.171,0.253,0.181,0.301,0.247,0.25,0.354,0.151,0.242,0.282,0.227,0.402,0.418,0.466,0.206,0.182,0.334,0.49,0.29,0.159,0.341,0.266,0.335,0.146
0.078,0.163,0.273,0.036,0.244,0.146,0.055,0.034,0.229,0.113,0.267,0.097,0.134,0.258,0.104,0.174,0.134,0.041,0.094,0.064,0.075,0.373,0.078,0.202,0.052,0.113,0.052,0.097,0.169,0.258,0.205,0.117,0.052,0.044,0.154,0.253,0.059,0.054,0.049,0.113,0.414,0.28,0.489,0.258,0.113,0.043,0.229,0.229,0.27,0.097,0.061,0.117,0.296,0.052,0.073,0.034,0.09,0.244,0.082,0.085,0.267,0.081,0.073,0.134,0.433,0.041,0.151,0.077,0.334,0.149,0.263,0.198,0.235,0.373,0.267,0.35,0.029,0.134,0.258,0.336,0.126,0.057,0.074,0.094,0.229,0.052,0.134,0.134,0.169,0.041,0.113,0.267,0.348,0.263,0.36,0.333,0.095,0.157,0.205,0.221,0.07,0.058,0.052,0.258,0.05,0.306,0.098,0.113,0.134,1.0,0.229,0.258,0.073,0.241,0.038,0.078,0.039,0.094,0.071,0.289,0.229,0.031,0.373,0.134,0.126,0.146,0.081,0.067,0.09,0.134,0.258,0.244,0.181,0.117,0.047,0.283,0.236,0.273,0.288,0.258,0.04,0.036,0.227,0.378,0.18,0.276,0.134,0.134,0.097,0.145,0.041,0.229,0.073,0.027,0.315,0.39,0.075,0.113,0.212,0.267,0.049,0.113,0.032,0.097,0.373,0.258,0.179,0.179,0.113,0.052,0.113,0.205,0.126,0.35,0.078,0.064,0.194,0.07,0.21,0.113,0.078,0.038,0.057,0.273,0.097,0.059,0.07,0.218,0.077,0.078,0.058,0.263,0.336,0.229,0.113,0.24,0.268,0.244,0.071,0.198,0.265,0.079,0.207,0.229,0.212,0.263,0.052,0.043,0.156,0.064,0.139,0.244,0.098,0.206,0.21,0.044,0.067,0.087,0.049,0.052,0.191,0.037,0.098,0.133
0.189,0.31,0.185,0.237,0.218,0.178,0.13,0.3,0.431,0.38,0.348,0.567,0.233,0.356,0.18,0.27,0.381,0.116,0.251,0.196,0.261,0.284,0.296,0.375,0.297,0.38,0.245,0.207,0.284,0.531,0.82,0.221,0.223,0.205,0.206,0.246,0.184,0.151,0.11,0.38,0.299,0.202,0.248,0.29,0.243,0.301,0.267,0.319,0.403,0.346,0.269,0.3,0.186,0.135,0.162,0.103,0.213,0.276,0.184,0.166,0.348,0.202,0.251,0.428,0.295,0.149,0.352,0.169,0.373,0.198,0.232,0.254,0.224,0.337,0.361,0.347,0.088,0.318,0.39,0.537,0.251,0.18,0.165,0.161,0.679,0.234,0.153,0.156,0.274,0.149,0.238,0.208,0.485,0.229,0.222,0.285,0.145,0.157,0.253,0.201,0.191,0.29,0.194,0.354,0.144,0.322,0.213,0.243,0.324,0.229,1.0,0.294,0.303,0.171,0.22,0.282,0.165,0.217,0.23,0.223,0.294,0.105,0.297,0.428,0.246,0.246,0.181,0.213,0.283,0.23,0.45,0.338,0.331,0.285,0.187,0.337,0.236,0.208,0.204,0.427,0.114,0.244,0.42,0.261,0.212,0.257,0.209,0.258,0.294,0.254,0.119,0.262,0.201,0.082,0.299,0.206,0.255,0.38,0.253,0.18,0.134,0.38,0.385,0.282,0.335,0.337,0.281,0.214,0.316,0.119,0.31,0.306,0.239,0.251,0.48,0.334,0.241,0.175,0.208,0.38,0.48,0.17,0.274,0.304,0.407,0.288,0.171,0.164,0.173,0.315,0.141,0.198,0.302,0.574,0.38,0.288,0.147,0.484,0.258,0.202,0.169,0.178,0.226,0.181,0.232,0.207,0.233,0.109,0.218,0.191,0.168,0.287,0.311,0.352,0.169,0.14,0.228,0.255,0.159,0.133,0.257,0.159,0.237,0.298
0.264,0.259,0.285,0.186,0.296,0.278,0.133,0.459,0.249,0.38,0.159,0.915,0.313,0.428,0.206,0.214,0.306,0.145,0.235,0.264,0.355,0.397,0.371,0.155,0.249,0.38,0.212,0.329,0.269,0.66,0.642,0.252,0.233,0.712,0.162,0.277,0.239,0.171,0.126,0.38,0.362,0.389,0.317,0.376,0.198,0.183,0.34,0.309,0.223,0.274,0.217,0.316,0.272,0.105,0.143,0.323,0.252,0.333,0.154,0.225,0.159,0.268,0.246,0.428,0.176,0.396,0.226,0.181,0.308,0.367,0.199,0.327,0.248,0.341,0.377,0.25,0.149,0.255,0.218,0.213,0.219,0.292,0.174,0.231,0.267,0.255,0.225,0.282,0.226,0.396,0.239,0.273,0.188,0.206,0.234,0.444,0.198,0.187,0.243,0.214,0.191,0.246,0.359,0.429,0.25,0.421,0.297,0.22,0.294,0.258,0.294,1.0,0.225,0.188,0.259,0.233,0.167,0.165,0.249,0.37,0.204,0.144,0.468,0.428,0.206,0.326,0.205,0.351,0.339,0.297,0.343,0.227,0.324,0.466,0.203,0.366,0.333,0.333,0.29,0.503,0.171,0.139,0.336,0.426,0.168,0.256,0.19,0.432,0.388,0.396,0.133,0.54,0.312,0.19,0.258,0.316,0.44,0.38,0.186,0.415,0.169,0.38,0.157,0.37,0.279,0.284,0.331,0.308,0.221,0.17,0.238,0.244,0.228,0.246,1.0,0.296,0.583,0.189,0.306,0.38,1.0,0.195,0.159,0.22,0.308,0.333,0.218,0.143,0.173,0.221,0.184,0.293,0.402,0.25,0.38,0.337,0.329,0.59,0.261,0.331,0.206,0.188,0.25,0.351,0.236,0.351,0.204,0.098,0.318,0.332,0.23,0.209,0.445,0.364,0.261,0.223,0.207,0.45,0.439,0.115,0.454,0.189,0.306,0.142
0.223,0.232,0.134,0.274,0.164,0.189,0.147,0.261,0.166,0.301,0.122,0.847,0.245,0.196,0.234,0.176,0.304,0.144,0.203,0.213,0.302,0.244,0.366,0.156,0.265,0.301,0.246,0.234,0.237,0.164,0.141,0.196,0.269,0.196,0.172,0.267,0.241,0.19,0.095,0.301,0.142,0.209,0.22,0.22,0.238,0.359,0.152,0.274,0.174,0.505,0.492,0.204,0.204,0.155,0.143,0.132,0.19,0.225,0.192,0.168,0.122,0.258,0.317,0.334,0.116,0.19,0.301,0.188,0.16,0.151,0.167,0.349,0.12,0.23,0.285,0.353,0.146,0.32,0.158,0.172,0.236,0.188,0.2,0.185,0.235,0.237,0.165,0.208,0.224,0.19,0.226,0.134,0.123,0.178,0.224,0.268,0.204,0.116,0.217,0.171,0.237,0.236,0.258,0.302,0.19,0.273,0.224,0.247,0.628,0.073,0.303,0.225,1.0,0.228,0.171,0.442,0.202,0.232,0.288,0.246,0.2,0.089,0.258,0.334,0.238,0.27,0.236,0.22,0.314,0.191,0.388,0.241,0.377,0.366,0.172,0.336,0.335,0.165,0.265,0.299,0.145,0.182,0.244,0.226,0.149,0.202,0.204,0.246,0.354,0.285,0.15,0.245,0.368,0.152,0.27,0.219,0.261,0.301,0.16,0.201,0.127,0.301,0.272,0.344,0.262,0.138,0.227,0.261,0.303,0.15,0.274,0.193,0.272,0.171,0.736,0.433,0.299,0.188,0.239,0.301,0.736,0.222,0.177,0.21,0.654,0.355,0.181,0.143,0.176,0.277,0.119,0.168,0.333,0.252,0.301,0.09,0.169,0.147,0.372,0.147,0.151,0.213,0.14,0.229,0.209,0.196,0.291,0.128,0.191,0.21,0.178,0.381,0.313,0.394,0.152,0.14,0.276,0.418,0.214,0.174,0.248,0.2,0.281,0.118
0.112,0.182,0.103,0.347,0.121,0.127,0.12,0.062,0.29,0.38,0.141,0.178,0.152,0.237,0.094,0.515,0.139,0.073,0.13,0.092,0.116,0.159,0.108,0.109,0.099,0.38,0.203,0.186,0.188,0.257,0.219,0.178,0.097,0.1,0.103,0.224,0.083,0.116,0.105,0.38,0.21,0.329,0.197,0.372,0.228,0.073,0.232,0.305,0.32,0.181,0.257,0.154,0.401,0.106,0.118,0.094,0.165,0.218,0.416,0.289,0.141,0.125,0.233,0.294,0.157,0.114,0.095,0.128,0.216,0.131,0.147,0.252,0.204,0.168,0.316,0.14,0.274,0.198,0.279,0.227,0.397,0.092,0.429,0.403,0.203,0.229,0.098,0.335,0.15,0.114,0.217,0.16,0.152,0.153,0.097,0.341,0.271,0.123,0.351,0.366,0.114,0.233,0.106,0.219,0.08,0.332,0.117,0.364,0.268,0.241,0.171,0.188,0.228,1.0,0.075,0.249,0.128,0.395,0.102,0.173,0.397,0.074,0.262,0.294,0.376,0.334,0.328,0.092,0.142,0.179,0.174,0.326,0.273,0.219,0.093,0.174,0.348,0.107,0.257,0.197,0.093,0.082,0.168,0.142,0.093,0.326,0.127,0.114,0.273,0.112,0.072,0.198,0.212,0.636,0.205,0.277,0.13,0.38,0.316,0.355,0.08,0.38,0.057,0.177,0.124,0.189,0.202,0.468,0.224,0.145,0.197,0.391,0.316,0.459,0.158,0.104,0.155,0.109,0.146,0.38,0.158,0.085,0.08,0.118,0.136,0.089,0.104,0.324,0.117,0.116,0.111,0.161,0.152,0.254,0.38,0.265,0.27,0.237,0.097,0.343,0.14,0.28,0.103,0.34,0.131,0.146,0.36,0.247,0.172,0.336,0.34,0.109,0.235,0.208,0.401,0.172,0.211,0.184,0.115,0.114,0.105,0.329,0.129,0.116
0.24,0.198,0.227,0.191,0.152,0.216,0.147,0.322,0.115,0.168,0.059,0.545,0.287,0.124,0.224,0.078,0.286,0.173,0.196,0.348,0.249,0.254,0.338,0.092,0.318,0.168,0.219,0.387,0.185,0.066,0.068,0.186,0.24,0.181,0.172,0.168,0.378,0.082,0.097,0.168,0.157,0.25,0.204,0.155,0.13,0.197,0.242,0.178,0.107,0.24,0.144,0.378,0.16,0.066,0.153,0.563,0.156,0.392,0.064,0.126,0.059,0.198,0.318,0.153,0.046,0.11,0.223,0.133,0.123,0.326,0.154,0.2,0.223,0.202,0.227,0.302,0.161,0.124,0.103,0.07,0.096,0.204,0.119,0.178,0.107,0.445,0.212,0.154,0.183,0.11,0.196,0.176,0.074,0.172,0.238,0.166,0.099,0.112,0.12,0.062,0.152,0.263,0.207,0.199,0.187,0.216,0.204,0.124,0.222,0.038,0.22,0.259,0.171,0.075,1.0,0.196,0.196,0.083,0.263,0.26,0.072,0.174,0.256,0.153,0.097,0.235,0.17,0.341,0.472,0.259,0.205,0.178,0.237,0.298,0.269,0.289,0.228,0.24,0.332,0.306,0.171,0.193,0.195,0.205,0.139,0.116,0.186,0.313,0.357,0.421,0.164,0.288,0.217,0.05,0.115,0.217,0.269,0.168,0.055,0.166,0.189,0.168,0.224,0.317,0.228,0.146,0.207,0.104,0.166,0.182,0.229,0.105,0.119,0.108,0.55,0.371,0.307,0.161,0.168,0.168,0.55,0.204,0.236,0.17,0.298,0.244,0.257,0.05,0.148,0.202,0.255,0.138,0.295,0.129,0.168,0.041,0.179,0.063,0.262,0.042,0.131,0.172,0.222,0.149,0.294,0.242,0.163,0.08,0.294,0.203,0.109,0.238,0.363,0.287,0.223,0.174,0.219,0.245,0.128,0.082,0.222,0.183,0.292,0.11
0.242,0.194,0.147,0.427,0.173,0.182,0.179,0.313,0.312,0.209,0.104,0.915,0.247,0.216,0.22,0.148,0.322,0.163,0.19,0.225,0.329,0.287,0.385,0.168,0.296,0.209,0.317,0.244,0.207,0.148,0.134,0.146,0.3,0.233,0.169,0.26,0.261,0.196,0.105,0.209,0.141,0.31,0.207,0.22,0.188,0.366,0.171,0.367,0.17,0.555,0.475,0.194,0.28,0.166,0.123,0.157,0.146,0.237,0.158,0.164,0.104,0.253,0.348,0.266,0.101,0.226,0.345,0.185,0.132,0.171,0.167,0.423,0.114,0.208,0.411,0.339,0.298,0.26,0.174,0.135,0.363,0.198,0.153,0.284,0.181,0.299,0.166,0.285,0.212,0.226,0.178,0.135,0.111,0.174,0.262,0.256,0.18,0.111,0.289,0.191,0.232,0.257,0.292,0.532,0.196,0.293,0.24,0.395,0.435,0.078,0.282,0.233,0.442,0.249,0.196,1.0,0.218,0.245,0.298,0.277,0.317,0.098,0.287,0.266,0.517,0.23,0.244,0.244,0.317,0.155,0.39,0.434,0.39,0.389,0.203,0.334,0.28,0.187,0.267,0.359,0.15,0.187,0.254,0.241,0.17,0.173,0.188,0.264,0.454,0.321,0.163,0.288,0.262,0.465,0.223,0.223,0.287,0.209,0.274,0.315,0.126,0.209,0.318,0.362,0.245,0.137,0.194,0.33,0.279,0.158,0.265,0.172,0.235,0.176,0.815,0.474,0.316,0.18,0.259,0.209,0.815,0.252,0.18,0.214,0.676,0.391,0.187,0.246,0.166,0.275,0.119,0.161,0.345,0.193,0.209,0.093,0.223,0.137,0.387,0.309,0.141,0.32,0.144,0.327,0.212,0.203,0.363,0.173,0.203,0.34,0.302,0.422,0.34,0.423,0.173,0.212,0.297,0.45,0.248,0.173,0.286,0.332,0.294,0.103
0.151,0.138,0.153,0.177,0.123,0.175,0.112,0.18,0.094,0.334,0.061,0.608,0.177,0.208,0.158,0.085,0.234,0.116,0.131,0.2,0.179,0.203,0.213,0.074,0.173,0.334,0.168,0.208,0.159,0.086,0.074,0.096,0.26,0.138,0.095,0.151,0.152,0.217,0.065,0.334,0.098,0.148,0.155,0.117,0.201,0.154,0.101,0.168,0.1,0.256,0.188,0.131,0.12,0.127,0.111,0.109,0.083,0.127,0.087,0.145,0.061,0.184,0.247,0.177,0.051,0.139,0.138,0.211,0.074,0.194,0.129,0.208,0.076,0.164,0.197,0.463,0.133,0.182,0.094,0.077,0.139,0.126,0.094,0.19,0.115,0.194,0.167,0.189,0.142,0.139,0.22,0.078,0.061,0.134,0.144,0.134,0.112,0.071,0.177,0.082,0.176,0.13,0.236,0.18,0.127,0.202,0.214,0.224,0.259,0.039,0.165,0.167,0.202,0.128,0.196,0.218,1.0,0.118,0.175,0.265,0.129,0.064,0.227,0.177,0.14,0.134,0.184,0.387,0.183,0.117,0.217,0.16,0.216,0.24,0.15,0.204,0.193,0.149,0.153,0.192,0.327,0.375,0.176,0.166,0.123,0.113,0.098,0.213,0.293,0.194,0.116,0.178,0.167,0.26,0.172,0.277,0.194,0.334,0.107,0.168,0.126,0.334,0.131,0.263,0.16,0.082,0.119,0.145,0.203,0.43,0.232,0.114,0.143,0.264,0.489,0.212,0.266,0.18,0.127,0.334,0.489,0.191,0.114,0.125,0.292,0.182,0.16,0.085,0.13,0.147,0.163,0.078,0.229,0.194,0.334,0.049,0.147,0.077,0.197,0.129,0.073,0.14,0.17,0.187,0.16,0.141,0.262,0.316,0.338,0.198,0.11,0.177,0.212,0.208,0.166,0.173,0.15,0.288,0.167,0.468,0.237,0.159,0.186,0.059
0.134,0.237,0.115,0.224,0.115,0.137,0.124,0.072,0.27,0.383,0.134,0.217,0.196,0.228,0.109,0.206,0.162,0.102,0.176,0.119,0.156,0.154,0.137,0.1,0.129,0.383,0.169,0.156,0.224,0.208,0.173,0.211,0.122,0.127,0.12,0.449,0.091,0.145,0.109,0.383,0.175,0.249,0.142,0.177,0.294,0.09,0.282,0.237,0.179,0.198,0.202,0.164,0.218,0.118,0.162,0.085,0.202,0.15,0.605,0.155,0.134,0.164,0.171,0.388,0.136,0.139,0.109,0.161,0.184,0.117,0.141,0.253,0.133,0.169,0.213,0.122,0.226,0.296,0.331,0.186,0.676,0.113,0.204,0.295,0.266,0.183,0.122,0.266,0.167,0.139,0.286,0.115,0.126,0.154,0.091,0.212,0.149,0.127,0.374,0.307,0.16,0.288,0.129,0.194,0.115,0.155,0.117,0.382,0.25,0.094,0.217,0.165,0.232,0.395,0.083,0.245,0.118,1.0,0.133,0.125,0.38,0.084,0.163,0.388,0.598,0.227,0.152,0.104,0.176,0.22,0.181,0.229,0.204,0.177,0.114,0.164,0.229,0.115,0.196,0.191,0.118,0.088,0.162,0.139,0.107,0.396,0.155,0.138,0.219,0.125,0.099,0.15,0.183,0.398,0.27,0.233,0.145,0.383,0.252,0.276,0.11,0.383,0.077,0.221,0.124,0.195,0.222,0.454,0.3,0.128,0.239,0.182,0.506,0.35,0.197,0.143,0.128,0.149,0.129,0.383,0.197,0.114,0.11,0.141,0.181,0.111,0.136,0.643,0.15,0.166,0.134,0.136,0.153,0.321,0.383,0.119,0.196,0.186,0.126,0.275,0.138,0.255,0.102,0.242,0.136,0.153,0.301,0.206,0.135,0.261,0.465,0.12,0.164,0.146,0.254,0.169,0.173,0.235,0.149,0.144,0.11,0.238,0.166,0.13
0.358,0.193,0.24,0.202,0.15,0.217,0.172,0.437,0.114,0.171,0.101,0.809,0.318,0.184,0.341,0.114,0.25,0.256,0.234,0.392,0.47,0.319,0.397,0.134,0.333,0.171,0.218,0.387,0.242,0.125,0.117,0.15,0.322,0.43,0.214,0.214,0.316,0.141,0.083,0.171,0.15,0.22,0.19,0.2,0.155,0.258,0.131,0.208,0.15,0.347,0.271,0.26,0.123,0.119,0.227,0.326,0.136,0.311,0.117,0.146,0.101,0.37,0.218,0.221,0.089,0.197,0.246,0.251,0.12,0.254,0.236,0.28,0.138,0.2,0.266,0.25,0.138,0.225,0.114,0.126,0.159,0.199,0.127,0.129,0.171,0.311,0.22,0.159,0.245,0.197,0.156,0.114,0.103,0.258,0.302,0.196,0.117,0.105,0.137,0.219,0.263,0.347,0.273,0.271,0.286,0.249,0.223,0.142,0.31,0.071,0.23,0.249,0.288,0.102,0.263,0.298,0.175,0.133,1.0,0.268,0.109,0.08,0.268,0.221,0.16,0.177,0.162,0.254,0.379,0.186,0.297,0.164,0.266,0.41,0.197,0.339,0.295,0.25,0.268,0.312,0.16,0.142,0.209,0.226,0.211,0.161,0.252,0.307,0.327,0.411,0.254,0.298,0.246,0.051,0.2,0.195,0.301,0.171,0.084,0.154,0.232,0.171,0.211,0.298,0.224,0.111,0.196,0.135,0.211,0.125,0.451,0.153,0.164,0.168,0.714,0.428,0.317,0.242,0.195,0.171,0.714,0.371,0.188,0.175,0.451,0.311,0.21,0.09,0.418,0.205,0.254,0.288,0.347,0.157,0.171,0.082,0.169,0.117,0.516,0.083,0.131,0.165,0.158,0.176,0.232,0.273,0.182,0.131,0.27,0.183,0.109,0.306,0.29,0.357,0.125,0.263,0.266,0.388,0.217,0.121,0.383,0.166,0.341,0.096
0.299,0.204,0.199,0.244,0.249,0.208,0.167,0.384,0.143,0.63,0.105,1.0,0.253,0.26,0.201,0.142,0.306,0.11,0.235,0.24,0.254,0.296,0.29,0.154,0.24,0.63,0.297,0.34,0.232,0.23,0.195,0.162,0.213,0.279,0.142,0.25,0.24,0.162,0.127,0.63,0.223,0.331,0.325,0.246,0.188,0.258,0.207,0.289,0.17,0.328,0.237,0.227,0.23,0.116,0.134,0.214,0.159,0.252,0.112,0.151,0.105,0.23,0.352,0.306,0.1,0.272,0.223,0.179,0.159,0.321,0.158,0.36,0.155,0.31,0.346,0.328,0.112,0.183,0.123,0.125,0.161,0.209,0.195,0.276,0.172,0.23,0.169,0.332,0.218,0.272,0.194,0.192,0.112,0.165,0.238,0.29,0.164,0.153,0.183,0.11,0.151,0.159,0.285,0.282,0.146,0.374,0.316,0.197,0.324,0.289,0.223,0.37,0.246,0.173,0.26,0.277,0.265,0.125,0.268,1.0,0.13,0.129,0.389,0.306,0.15,0.277,0.252,0.368,0.269,0.197,0.314,0.221,0.347,0.37,0.255,0.339,0.317,0.257,0.241,0.302,0.151,0.188,0.232,0.346,0.159,0.2,0.181,0.334,0.35,0.282,0.106,0.374,0.214,0.223,0.191,0.314,0.324,0.63,0.126,0.285,0.111,0.63,0.199,0.372,0.215,0.176,0.201,0.252,0.218,0.257,0.299,0.185,0.181,0.229,0.915,0.296,0.356,0.144,0.228,0.63,0.915,0.181,0.18,0.198,0.344,0.257,0.204,0.104,0.166,0.209,0.143,0.15,0.373,0.186,0.63,0.204,0.288,0.21,0.242,0.232,0.131,0.198,0.213,0.352,0.214,0.283,0.242,0.137,0.294,0.291,0.178,0.24,0.378,0.31,0.254,0.134,0.225,0.619,0.364,0.152,0.326,0.208,0.25,0.11
0.117,0.242,0.151,0.316,0.162,0.136,0.139,0.068,0.454,0.38,0.23,0.191,0.154,0.392,0.099,0.365,0.165,0.085,0.139,0.096,0.126,0.209,0.11,0.19,0.113,0.38,0.172,0.136,0.193,0.531,0.514,0.159,0.099,0.112,0.161,0.174,0.076,0.125,0.109,0.38,0.27,0.241,0.19,0.319,0.272,0.075,0.286,0.392,0.252,0.211,0.23,0.127,0.356,0.109,0.132,0.078,0.156,0.205,0.176,0.123,0.23,0.13,0.212,0.311,0.274,0.12,0.258,0.134,0.341,0.116,0.19,0.256,0.185,0.196,0.314,0.134,0.346,0.217,0.481,0.344,0.391,0.091,0.182,0.329,0.306,0.234,0.108,0.348,0.157,0.12,0.257,0.166,0.292,0.182,0.109,0.233,0.184,0.13,0.501,0.325,0.123,0.222,0.112,0.348,0.09,0.251,0.115,0.445,0.232,0.229,0.294,0.204,0.2,0.397,0.072,0.317,0.129,0.38,0.109,0.13,1.0,0.069,0.226,0.311,0.397,0.208,0.162,0.093,0.138,0.17,0.305,0.361,0.222,0.152,0.103,0.205,0.26,0.14,0.222,0.376,0.103,0.078,0.238,0.192,0.137,0.182,0.152,0.119,0.229,0.127,0.081,0.187,0.171,1.0,0.215,0.218,0.122,0.38,0.543,0.305,0.09,0.38,0.064,0.142,0.191,0.325,0.222,0.317,0.269,0.141,0.214,0.36,0.291,0.287,0.171,0.115,0.134,0.116,0.127,0.38,0.171,0.099,0.087,0.17,0.143,0.091,0.093,0.284,0.12,0.131,0.126,0.156,0.169,0.439,0.38,0.288,0.209,0.484,0.1,0.328,0.133,0.324,0.146,0.318,0.141,0.147,0.311,0.214,0.141,0.27,0.267,0.104,0.138,0.166,0.218,0.208,0.208,0.199,0.129,0.126,0.135,0.329,0.131,0.138
0.089,0.118,0.066,0.057,0.196,0.094,0.088,0.063,0.136,0.252,0.055,0.182,0.093,0.085,0.051,0.082,0.149,0.033,0.09,0.065,0.088,0.105,0.088,0.066,0.1,0.252,0.077,0.154,0.108,0.062,0.065,0.251,0.055,0.123,0.073,0.12,0.093,0.058,0.362,0.252,0.123,0.104,0.097,0.068,0.159,0.062,0.492,0.096,0.09,0.14,0.066,0.246,0.113,0.041,0.092,0.033,0.205,0.08,0.057,0.134,0.055,0.149,0.084,0.153,0.04,0.041,0.08,0.067,0.16,0.079,0.05,0.12,0.057,0.099,0.095,0.075,0.045,0.11,0.076,0.068,0.094,0.128,0.106,0.051,0.105,0.058,0.061,0.075,0.103,0.041,0.151,0.105,0.064,0.058,0.056,0.161,0.047,0.269,0.085,0.057,0.054,0.064,0.065,0.095,0.074,0.117,0.17,0.152,0.121,0.031,0.105,0.144,0.089,0.074,0.174,0.098,0.064,0.084,0.08,0.129,0.069,1.0,0.092,0.153,0.095,0.209,0.095,0.073,0.147,0.13,0.115,0.068,0.101,0.103,0.115,0.111,0.097,0.076,0.1,0.096,0.056,0.062,0.078,0.122,0.045,0.1,0.089,0.101,0.099,0.089,0.033,0.132,0.15,0.038,0.1,0.078,0.08,0.252,0.05,0.11,0.054,0.252,0.066,0.141,0.059,0.097,0.21,0.072,0.158,0.071,0.134,0.105,0.111,0.072,0.142,0.084,0.1,0.049,0.071,0.252,0.142,0.052,0.078,0.133,0.139,0.082,0.328,0.044,0.06,0.169,0.062,0.065,0.142,0.16,0.252,0.032,0.13,0.058,0.088,0.034,0.151,0.202,0.114,0.075,0.135,0.104,0.066,0.043,0.156,0.081,0.178,0.073,0.141,0.097,0.139,0.075,0.076,0.186,0.05,0.066,0.095,0.049,0.079,0.059
0.297,0.274,0.357,0.231,0.246,0.32,0.147,0.392,0.199,0.329,0.152,0.915,0.341,0.37,0.212,0.278,0.358,0.179,0.237,0.325,0.294,0.37,0.438,0.165,0.288,0.329,0.297,0.398,0.252,0.531,0.514,0.163,0.336,0.376,0.16,0.244,0.257,0.162,0.081,0.329,0.283,0.394,0.341,0.491,0.186,0.208,0.277,0.375,0.297,0.331,0.242,0.248,0.294,0.119,0.14,0.293,0.14,0.356,0.166,0.172,0.152,0.255,0.26,0.311,0.143,0.245,0.303,0.189,0.215,0.334,0.255,0.334,0.263,0.316,0.495,0.288,0.123,0.236,0.211,0.188,0.194,0.175,0.247,0.311,0.235,0.315,0.278,0.359,0.221,0.245,0.175,0.233,0.247,0.264,0.269,0.335,0.199,0.134,0.288,0.143,0.233,0.273,0.298,0.36,0.147,0.565,0.285,0.192,0.347,0.373,0.297,0.468,0.258,0.262,0.256,0.287,0.227,0.163,0.268,0.389,0.226,0.092,1.0,0.311,0.181,0.323,0.281,0.441,0.316,0.2,0.362,0.23,0.367,0.554,0.321,0.354,0.355,0.396,0.289,0.525,0.159,0.176,0.309,0.375,0.196,0.275,0.189,0.49,0.361,0.316,0.167,0.554,0.216,0.269,0.242,0.308,0.396,0.329,0.209,0.362,0.175,0.329,0.167,0.457,0.28,0.223,0.207,0.301,0.198,0.19,0.237,0.29,0.238,0.238,1.0,0.344,0.475,0.225,0.252,0.329,1.0,0.2,0.152,0.241,0.355,0.25,0.222,0.131,0.165,0.256,0.191,0.159,0.366,0.227,0.329,0.288,0.323,0.484,0.274,0.259,0.131,0.198,0.254,0.421,0.277,0.345,0.258,0.149,0.296,0.32,0.214,0.34,0.404,0.367,0.399,0.152,0.243,0.771,0.498,0.143,0.303,0.279,0.338,0.105
0.273,1.0,0.306,0.133,0.274,0.306,0.194,0.094,0.311,0.467,0.237,0.28,0.543,0.428,0.191,0.294,0.306,0.167,0.388,0.254,0.357,0.323,0.266,0.163,0.208,0.467,0.179,0.349,0.543,0.311,0.242,0.403,0.211,0.178,0.194,0.39,0.166,0.221,0.187,0.467,0.349,0.373,0.268,0.311,0.467,0.161,0.311,0.323,0.373,0.28,0.235,0.403,0.219,0.211,0.334,0.117,0.349,0.311,0.334,0.311,0.237,0.285,0.284,1.0,0.257,0.205,0.186,0.259,0.357,0.263,0.278,0.28,0.253,0.428,0.311,0.235,0.126,1.0,0.311,0.311,0.469,0.21,0.294,0.178,0.543,0.206,0.306,0.357,0.323,0.205,0.467,0.246,0.242,0.3,0.18,0.403,0.137,0.256,0.266,0.357,0.306,0.238,0.244,0.311,0.226,0.311,0.23,0.467,0.388,0.134,0.428,0.428,0.334,0.294,0.153,0.266,0.177,0.388,0.221,0.306,0.311,0.153,0.311,1.0,0.469,0.281,0.184,0.278,0.349,1.0,0.311,0.203,0.263,0.403,0.152,0.311,0.388,0.323,0.227,0.311,0.176,0.136,0.357,0.311,0.167,0.469,0.278,0.788,0.28,0.254,0.167,0.311,0.284,0.108,1.0,0.3,0.357,0.467,0.242,0.403,0.211,0.467,0.132,0.28,0.268,0.311,0.403,0.334,0.467,0.193,0.467,0.321,0.469,0.469,0.266,0.254,0.28,0.306,0.244,0.467,0.266,0.177,0.21,0.263,0.28,0.178,0.306,0.298,0.259,0.263,0.298,0.239,0.3,0.467,0.467,0.178,0.403,0.274,0.221,0.176,0.271,0.338,0.281,0.543,0.263,0.349,0.179,0.168,0.254,0.254,0.298,0.244,0.428,0.266,0.321,0.178,0.278,0.323,0.213,0.193,0.231,0.13,0.788,0.242
0.164,0.256,0.145,0.321,0.133,0.154,0.157,0.091,0.457,0.383,0.155,0.259,0.215,0.218,0.14,0.227,0.183,0.132,0.203,0.136,0.191,0.18,0.16,0.125,0.151,0.383,0.171,0.188,0.252,0.274,0.221,0.225,0.152,0.165,0.144,0.397,0.108,0.157,0.146,0.383,0.193,0.362,0.155,0.21,0.265,0.111,0.229,0.291,0.197,0.235,0.273,0.17,0.312,0.143,0.178,0.111,0.232,0.193,0.457,0.179,0.155,0.193,0.21,0.469,0.173,0.187,0.134,0.173,0.223,0.138,0.173,0.248,0.17,0.183,0.345,0.148,0.306,0.326,0.231,0.218,0.811,0.134,0.175,0.261,0.3,0.265,0.142,0.276,0.199,0.187,0.254,0.143,0.148,0.187,0.117,0.249,0.192,0.143,0.291,0.265,0.188,0.184,0.152,0.337,0.138,0.189,0.134,0.526,0.24,0.126,0.246,0.206,0.238,0.376,0.097,0.517,0.14,0.598,0.16,0.15,0.397,0.095,0.181,0.469,1.0,0.204,0.176,0.123,0.207,0.243,0.22,0.367,0.24,0.212,0.144,0.196,0.241,0.145,0.226,0.22,0.118,0.089,0.195,0.169,0.127,0.427,0.182,0.162,0.231,0.15,0.128,0.17,0.196,0.554,0.304,0.229,0.176,0.383,0.336,0.325,0.137,0.383,0.099,0.218,0.147,0.193,0.25,0.481,0.277,0.144,0.219,0.209,0.495,0.359,0.243,0.177,0.164,0.176,0.151,0.383,0.243,0.132,0.128,0.165,0.206,0.136,0.144,0.483,0.176,0.194,0.175,0.161,0.18,0.308,0.383,0.163,0.257,0.245,0.144,0.378,0.153,0.348,0.119,0.325,0.155,0.187,0.285,0.192,0.148,0.295,0.507,0.142,0.192,0.181,0.205,0.216,0.239,0.291,0.195,0.138,0.134,0.295,0.187,0.148
0.223,0.245,0.151,0.186,0.214,0.209,0.158,0.16,0.246,0.275,0.151,0.399,0.215,0.234,0.135,0.262,0.262,0.081,0.259,0.159,0.238,0.266,0.204,0.176,0.172,0.275,0.277,0.27,0.276,0.352,0.279,0.3,0.15,0.376,0.189,0.264,0.158,0.098,0.164,0.275,0.313,0.327,0.312,0.304,0.191,0.153,0.249,0.279,0.227,0.25,0.23,0.286,0.263,0.094,0.132,0.074,0.348,0.287,0.207,0.322,0.151,0.236,0.214,0.281,0.163,0.109,0.201,0.121,0.302,0.26,0.144,0.237,0.245,0.289,0.304,0.204,0.129,0.224,0.244,0.207,0.205,0.191,0.412,0.213,0.228,0.171,0.122,0.272,0.244,0.109,0.191,0.27,0.184,0.149,0.177,0.366,0.199,0.18,0.236,0.256,0.126,0.192,0.158,0.268,0.189,0.37,0.25,0.202,0.312,0.146,0.246,0.326,0.27,0.334,0.235,0.23,0.134,0.227,0.177,0.277,0.208,0.209,0.323,0.281,0.204,1.0,0.29,0.176,0.298,0.278,0.297,0.207,0.322,0.262,0.321,0.27,0.252,0.181,0.27,0.271,0.108,0.114,0.256,0.312,0.13,0.305,0.201,0.267,0.246,0.208,0.079,0.28,0.283,0.166,0.215,0.246,0.179,0.275,0.18,0.312,0.112,0.275,0.168,0.264,0.192,0.249,0.397,0.275,0.224,0.145,0.189,0.269,0.337,0.219,0.36,0.212,0.257,0.12,0.228,0.275,0.36,0.125,0.182,0.304,0.278,0.187,0.203,0.155,0.125,0.449,0.124,0.195,0.304,0.219,0.275,0.374,0.268,0.315,0.191,0.169,0.421,0.237,0.297,0.249,0.386,0.239,0.211,0.168,0.167,0.203,0.23,0.191,0.334,0.261,0.331,0.185,0.189,0.771,0.117,0.086,0.221,0.181,0.181,0.133
0.173,0.167,0.117,0.319,0.137,0.138,0.146,0.288,0.128,0.267,0.084,0.597,0.173,0.244,0.103,0.288,0.265,0.064,0.136,0.166,0.224,0.195,0.233,0.112,0.196,0.267,0.277,0.297,0.158,0.131,0.125,0.128,0.133,0.171,0.114,0.34,0.139,0.099,0.112,0.267,0.144,0.268,0.222,0.311,0.178,0.179,0.14,0.354,0.21,0.266,0.242,0.17,0.224,0.077,0.127,0.081,0.114,0.291,0.217,0.181,0.084,0.183,0.217,0.184,0.077,0.101,0.306,0.104,0.118,0.189,0.102,0.27,0.145,0.165,0.319,0.227,0.148,0.152,0.128,0.103,0.183,0.118,0.295,0.228,0.137,0.194,0.105,0.203,0.158,0.101,0.169,0.119,0.087,0.107,0.169,0.257,0.229,0.135,0.186,0.118,0.106,0.15,0.143,0.255,0.117,0.339,0.199,0.237,0.302,0.081,0.181,0.205,0.236,0.328,0.17,0.244,0.184,0.152,0.162,0.252,0.162,0.095,0.281,0.184,0.176,0.29,1.0,0.176,0.162,0.124,0.246,0.208,0.344,0.325,0.154,0.218,0.257,0.137,0.164,0.247,0.095,0.154,0.173,0.181,0.086,0.202,0.129,0.198,0.288,0.22,0.066,0.271,0.236,0.287,0.145,0.213,0.208,0.267,0.158,0.211,0.084,0.267,0.14,0.289,0.156,0.106,0.178,0.338,0.206,0.167,0.209,0.25,0.179,0.165,0.586,0.283,0.221,0.096,0.433,0.267,0.586,0.115,0.114,0.151,0.318,0.234,0.122,0.15,0.094,0.168,0.086,0.107,0.218,0.182,0.267,0.153,0.206,0.126,0.183,0.292,0.095,0.178,0.114,0.302,0.147,0.138,0.387,0.131,0.196,0.203,0.218,0.163,0.305,0.328,0.293,0.143,0.186,0.344,0.124,0.179,0.214,0.188,0.243,0.102
0.271,0.174,0.279,0.187,0.182,0.259,0.21,0.454,0.088,0.329,0.072,0.847,0.269,0.287,0.224,0.085,0.277,0.159,0.228,0.322,0.269,0.325,0.424,0.095,0.288,0.329,0.217,0.371,0.199,0.139,0.125,0.111,0.318,0.198,0.219,0.192,0.253,0.157,0.073,0.329,0.157,0.238,0.232,0.291,0.157,0.19,0.194,0.227,0.117,0.298,0.172,0.25,0.128,0.113,0.151,0.293,0.092,0.267,0.084,0.114,0.072,0.217,0.313,0.278,0.057,0.19,0.204,0.21,0.086,0.305,0.283,0.279,0.132,0.247,0.355,0.434,0.167,0.173,0.089,0.086,0.128,0.145,0.118,0.234,0.137,0.292,0.245,0.266,0.182,0.19,0.202,0.112,0.078,0.302,0.256,0.167,0.102,0.088,0.155,0.08,0.185,0.251,0.27,0.253,0.152,0.311,0.26,0.152,0.286,0.067,0.213,0.351,0.22,0.092,0.341,0.244,0.387,0.104,0.254,0.368,0.093,0.073,0.441,0.278,0.123,0.176,0.176,1.0,0.286,0.159,0.28,0.181,0.252,0.435,1.0,0.353,0.286,0.304,0.228,0.397,0.286,0.35,0.203,0.279,0.15,0.14,0.217,0.477,0.412,0.315,0.152,0.419,0.16,0.096,0.172,0.29,0.386,0.329,0.078,0.241,0.192,0.329,0.179,0.375,0.247,0.104,0.213,0.142,0.183,0.332,0.28,0.123,0.153,0.21,0.902,0.346,0.432,0.19,0.191,0.329,0.902,0.227,0.162,0.169,0.322,0.229,0.203,0.068,0.169,0.176,0.245,0.121,0.399,0.154,0.329,0.08,0.195,0.127,0.268,0.081,0.083,0.148,0.234,0.254,0.193,0.411,0.22,0.248,0.345,0.268,0.105,0.262,0.367,0.291,0.216,0.151,0.279,0.418,0.226,0.226,0.364,0.221,0.292,0.069
0.278,0.241,0.223,0.198,0.225,0.278,0.158,0.261,0.201,0.292,0.121,0.847,0.42,0.202,0.276,0.158,0.257,0.229,0.243,0.502,0.322,0.26,0.517,0.134,0.463,0.292,0.256,0.438,0.246,0.19,0.162,0.326,0.43,0.196,0.19,0.246,0.411,0.15,0.151,0.292,0.251,0.274,0.184,0.251,0.211,0.264,0.209,0.229,0.168,0.378,0.319,0.347,0.138,0.128,0.184,0.563,0.497,0.602,0.141,0.224,0.121,0.291,0.233,0.349,0.112,0.19,0.235,0.209,0.235,0.299,0.213,0.315,0.261,0.202,0.322,0.254,0.116,0.278,0.137,0.16,0.21,0.155,0.151,0.152,0.241,0.618,0.311,0.173,0.217,0.19,0.209,0.169,0.117,0.236,0.243,0.361,0.11,0.162,0.173,0.143,0.252,0.368,0.276,0.259,0.168,0.288,0.268,0.202,0.344,0.09,0.283,0.339,0.314,0.142,0.472,0.317,0.183,0.176,0.379,0.269,0.138,0.147,0.316,0.349,0.207,0.298,0.162,0.286,1.0,0.426,0.329,0.168,0.295,0.449,0.177,0.394,0.289,0.266,0.577,0.331,0.148,0.134,0.221,0.257,0.183,0.21,0.229,0.366,0.33,0.517,0.221,0.332,0.201,0.072,0.256,0.22,0.29,0.292,0.104,0.233,0.217,0.292,0.195,0.326,0.22,0.155,0.392,0.159,0.255,0.13,0.29,0.204,0.198,0.2,0.736,0.603,0.34,0.238,0.216,0.292,0.736,0.254,0.187,0.185,0.477,0.274,0.233,0.113,0.218,0.218,0.238,0.179,0.451,0.224,0.292,0.112,0.215,0.171,0.397,0.112,0.285,0.186,0.168,0.185,0.237,0.364,0.238,0.122,0.329,0.22,0.133,0.364,0.313,0.312,0.164,0.154,0.239,0.418,0.214,0.139,0.267,0.188,0.368,0.113
0.183,0.419,0.201,0.103,0.308,0.214,0.129,0.169,0.243,0.467,0.141,0.28,0.303,0.245,0.137,0.184,0.19,0.198,0.21,0.226,0.205,0.196,0.199,0.107,0.179,0.467,0.109,0.297,0.267,0.311,0.242,0.325,0.165,0.178,0.131,0.223,0.357,0.162,0.157,0.467,0.318,0.237,0.173,0.19,0.258,0.106,0.207,0.165,0.181,0.192,0.15,0.311,0.15,0.122,0.178,1.0,0.409,0.251,0.174,0.272,0.141,0.198,0.146,1.0,0.144,0.205,0.119,0.178,0.304,0.226,0.181,0.217,0.187,0.208,0.184,0.148,0.09,0.483,0.152,0.187,0.256,0.236,0.159,0.107,0.304,0.26,0.182,0.151,0.19,0.205,0.261,0.215,0.134,0.197,0.131,0.313,0.102,0.163,0.191,0.185,0.209,0.168,0.174,0.172,0.125,0.19,0.216,0.26,0.215,0.134,0.23,0.297,0.191,0.179,0.259,0.155,0.117,0.22,0.186,0.197,0.17,0.13,0.2,1.0,0.243,0.278,0.124,0.159,0.426,1.0,0.209,0.118,0.18,0.242,0.152,0.252,0.214,0.208,0.305,0.196,0.118,0.104,0.239,0.219,0.155,0.257,0.169,0.28,0.157,0.245,0.186,0.185,0.195,0.108,0.52,0.176,0.233,0.467,0.134,0.219,0.171,0.467,0.083,0.191,0.147,0.232,0.374,0.18,0.265,0.118,0.257,0.218,0.229,0.245,0.266,0.177,0.18,0.186,0.161,0.467,0.266,0.127,0.137,0.154,0.191,0.159,0.255,0.146,0.178,0.163,0.176,0.144,0.272,0.281,0.467,0.178,0.222,0.274,0.166,0.176,0.305,0.173,0.182,0.174,0.172,0.32,0.114,0.134,0.233,0.147,0.165,0.145,0.231,0.15,0.171,0.113,0.155,0.323,0.217,0.129,0.166,0.103,0.471,0.134
0.283,0.278,0.239,0.274,0.305,0.225,0.173,0.384,0.313,0.296,0.302,1.0,0.321,0.361,0.236,0.273,0.379,0.173,0.223,0.246,0.358,0.374,0.379,0.256,0.34,0.296,0.29,0.275,0.269,1.0,0.458,0.201,0.293,0.279,0.288,0.309,0.261,0.183,0.128,0.296,0.427,0.237,0.308,0.355,0.239,0.344,0.262,0.366,0.269,0.443,0.371,0.241,0.224,0.154,0.181,0.189,0.181,0.417,0.158,0.195,0.302,0.274,0.281,0.311,0.376,0.272,0.409,0.194,0.492,0.212,0.293,0.4,0.289,0.3,0.387,0.398,0.102,0.316,0.426,0.397,0.217,0.207,0.169,0.169,0.337,0.205,0.203,0.194,0.259,0.272,0.233,0.242,0.316,0.28,0.338,0.344,0.191,0.272,0.286,0.199,0.234,0.212,0.305,0.486,0.202,0.408,0.302,0.223,0.411,0.258,0.45,0.343,0.388,0.174,0.205,0.39,0.217,0.181,0.297,0.314,0.305,0.115,0.362,0.311,0.22,0.297,0.246,0.28,0.329,0.209,1.0,0.303,0.381,0.413,0.243,0.459,0.251,0.263,0.254,0.473,0.139,0.185,0.448,0.394,0.254,0.22,0.248,0.308,0.394,0.381,0.164,0.358,0.245,0.067,0.288,0.278,0.323,0.296,0.263,0.227,0.141,0.296,0.288,0.38,0.433,0.557,0.338,0.251,0.321,0.156,0.31,0.329,0.225,0.27,0.915,0.455,0.341,0.196,0.312,0.296,0.915,0.241,0.19,0.308,0.574,0.362,0.208,0.17,0.184,0.271,0.131,0.272,0.411,0.381,0.296,0.337,0.177,0.59,0.349,0.213,0.182,0.22,0.295,0.249,0.262,0.267,0.24,0.115,0.264,0.204,0.162,0.384,0.375,0.436,0.181,0.141,0.252,0.49,0.29,0.157,0.377,0.181,0.328,0.193
0.146,0.152,0.106,0.36,0.157,0.128,0.152,0.258,0.318,0.269,0.149,0.545,0.143,0.197,0.134,0.192,0.32,0.082,0.118,0.127,0.182,0.229,0.225,0.134,0.215,0.269,0.271,0.178,0.188,0.263,0.224,0.118,0.146,0.181,0.126,0.215,0.145,0.11,0.083,0.269,0.191,0.282,0.17,0.237,0.196,0.234,0.212,0.368,0.175,0.366,0.345,0.211,0.387,0.12,0.088,0.09,0.108,0.195,0.174,0.101,0.149,0.143,0.328,0.203,0.208,0.11,0.231,0.112,0.208,0.153,0.167,0.312,0.103,0.166,0.341,0.335,0.327,0.177,0.217,0.276,0.434,0.134,0.131,0.331,0.166,0.318,0.093,0.314,0.186,0.11,0.179,0.168,0.174,0.164,0.171,0.29,0.243,0.096,0.318,0.248,0.124,0.263,0.145,0.321,0.097,0.236,0.152,0.513,0.294,0.244,0.338,0.227,0.241,0.326,0.178,0.434,0.16,0.229,0.164,0.221,0.361,0.068,0.23,0.203,0.367,0.207,0.208,0.181,0.168,0.118,0.303,1.0,0.383,0.241,0.165,0.303,0.362,0.123,0.236,0.335,0.088,0.252,0.343,0.186,0.106,0.16,0.132,0.187,0.34,0.197,0.084,0.211,0.193,0.583,0.183,0.252,0.19,0.269,0.416,0.341,0.077,0.269,0.535,0.29,0.228,0.187,0.179,0.417,0.246,0.146,0.309,0.157,0.257,0.255,0.45,0.269,0.239,0.1,0.181,0.269,0.45,0.12,0.099,0.184,0.349,0.24,0.122,0.324,0.102,0.216,0.091,0.201,0.244,0.227,0.269,0.27,0.242,0.242,0.2,0.565,0.126,0.267,0.148,0.329,0.196,0.139,0.371,0.166,0.185,0.331,0.316,0.206,0.25,0.352,0.214,0.215,0.242,0.245,0.128,0.106,0.197,0.334,0.165,0.135
0.317,0.215,0.158,0.384,0.208,0.186,0.171,0.461,0.189,0.467,0.138,0.782,0.269,0.268,0.201,0.225,0.371,0.125,0.332,0.24,0.289,0.294,0.351,0.175,0.377,0.467,0.423,0.285,0.267,0.217,0.192,0.166,0.256,0.231,0.176,0.38,0.231,0.155,0.096,0.467,0.181,0.3,0.3,0.319,0.245,0.345,0.217,0.356,0.215,0.426,0.559,0.25,0.356,0.134,0.129,0.144,0.148,0.25,0.229,0.149,0.138,0.24,0.348,0.263,0.149,0.194,0.361,0.164,0.196,0.263,0.183,0.386,0.188,0.299,0.35,0.341,0.187,0.24,0.178,0.217,0.268,0.221,0.174,0.321,0.204,0.312,0.154,0.32,0.244,0.194,0.248,0.185,0.148,0.187,0.243,0.405,0.336,0.138,0.252,0.2,0.18,0.26,0.276,0.362,0.178,0.343,0.243,0.334,0.452,0.181,0.331,0.324,0.377,0.273,0.237,0.39,0.216,0.204,0.266,0.347,0.222,0.101,0.367,0.263,0.24,0.322,0.344,0.252,0.295,0.18,0.381,0.383,1.0,0.386,0.202,0.355,0.389,0.202,0.349,0.39,0.134,0.206,0.316,0.289,0.177,0.205,0.239,0.31,0.439,0.393,0.121,0.312,0.276,0.334,0.228,0.31,0.317,0.467,0.232,0.331,0.114,0.467,0.3,0.426,0.3,0.172,0.243,0.463,0.342,0.171,0.359,0.184,0.277,0.21,0.693,0.401,0.387,0.16,0.279,0.467,0.693,0.205,0.221,0.215,0.466,0.386,0.188,0.223,0.15,0.302,0.115,0.241,0.331,0.26,0.467,0.233,0.273,0.203,0.303,0.364,0.145,0.262,0.209,0.34,0.278,0.216,0.364,0.135,0.244,0.322,0.279,0.318,0.45,0.49,0.291,0.171,0.31,0.771,0.212,0.144,0.345,0.304,0.268,0.125
0.354,0.244,0.3,0.27,0.246,0.337,0.163,0.406,0.153,0.315,0.126,1.0,0.437,0.306,0.297,0.215,0.364,0.235,0.268,0.426,0.556,0.365,0.661,0.159,0.415,0.315,0.357,0.409,0.277,0.24,0.2,0.186,0.497,0.444,0.172,0.282,0.387,0.386,0.104,0.315,0.228,0.331,0.308,0.421,0.191,0.306,0.209,0.322,0.228,0.442,0.349,0.283,0.218,0.181,0.164,0.293,0.165,0.473,0.184,0.209,0.126,0.447,0.303,0.403,0.118,0.316,0.301,0.284,0.166,0.313,0.348,0.396,0.213,0.262,0.502,0.345,0.13,0.342,0.148,0.155,0.226,0.283,0.242,0.244,0.231,0.38,0.343,0.293,0.252,0.316,0.18,0.159,0.126,0.359,0.352,0.328,0.335,0.139,0.216,0.26,0.328,0.41,0.435,0.43,0.25,0.469,0.314,0.202,0.424,0.117,0.285,0.466,0.366,0.219,0.298,0.389,0.24,0.177,0.41,0.37,0.152,0.103,0.554,0.403,0.212,0.262,0.325,0.435,0.449,0.242,0.413,0.241,0.386,1.0,0.243,0.403,0.361,0.33,0.343,0.52,0.197,0.193,0.323,0.324,0.235,0.264,0.214,0.49,0.432,0.454,0.229,0.526,0.326,0.155,0.326,0.257,0.511,0.315,0.139,0.263,0.222,0.315,0.242,0.504,0.264,0.161,0.218,0.281,0.245,0.188,0.298,0.271,0.219,0.204,1.0,0.532,0.546,0.32,0.302,0.315,1.0,0.345,0.187,0.215,0.519,0.408,0.287,0.138,0.239,0.228,0.237,0.229,0.406,0.191,0.315,0.149,0.27,0.217,0.454,0.176,0.15,0.223,0.198,0.336,0.224,0.389,0.269,0.161,0.329,0.28,0.205,0.395,0.421,0.466,0.243,0.209,0.301,0.49,0.372,0.169,0.396,0.29,0.467,0.119
0.287,0.195,0.288,0.097,0.155,0.321,0.78,0.094,0.103,0.119,0.09,0.243,0.152,0.131,0.13,0.093,0.271,0.122,0.618,0.268,0.271,0.277,0.203,0.133,0.155,0.119,0.152,0.468,0.257,0.08,0.08,0.135,0.12,0.198,0.78,0.248,0.155,0.072,0.064,0.119,0.46,0.321,0.28,0.329,0.119,0.119,0.165,0.257,0.115,0.243,0.125,0.165,0.165,0.07,0.206,0.145,0.109,0.177,0.093,0.103,0.09,0.242,0.161,0.152,0.069,0.06,0.165,0.212,0.099,0.321,0.468,0.243,0.164,0.28,0.243,0.165,0.173,0.152,0.094,0.103,0.144,0.156,0.161,0.186,0.152,0.181,0.201,0.257,0.257,0.06,0.137,0.218,0.124,0.553,0.265,0.135,0.101,0.117,0.095,0.096,0.116,0.137,0.148,0.271,0.168,0.264,0.188,0.119,0.243,0.047,0.187,0.203,0.172,0.093,0.269,0.203,0.15,0.114,0.197,0.255,0.103,0.115,0.321,0.152,0.144,0.321,0.154,1.0,0.177,0.152,0.243,0.165,0.202,0.243,1.0,0.468,0.188,0.288,0.156,0.271,0.173,0.12,0.147,0.322,0.116,0.175,0.468,0.755,0.243,0.177,0.123,0.246,0.158,0.034,0.152,0.288,0.618,0.119,0.08,0.344,0.209,0.119,0.146,0.243,0.179,0.176,0.78,0.156,0.13,0.14,0.242,0.112,0.198,0.324,0.203,0.172,0.243,0.108,0.148,0.119,0.203,0.119,0.279,0.321,0.243,0.155,0.347,0.079,0.212,0.321,0.171,0.176,0.553,0.119,0.119,0.052,0.277,0.076,0.184,0.053,0.096,0.195,0.47,0.198,0.321,0.78,0.152,0.291,0.189,0.185,0.138,0.208,0.202,0.203,0.234,0.198,0.468,0.257,0.067,0.059,0.618,0.149,0.154,0.08
0.294,0.237,0.212,0.247,0.297,0.202,0.241,0.384,0.251,0.296,0.223,1.0,0.335,0.288,0.256,0.196,0.308,0.179,0.268,0.289,0.337,0.321,0.365,0.227,0.301,0.296,0.263,0.411,0.258,0.422,0.329,0.207,0.292,0.279,0.368,0.299,0.328,0.163,0.11,0.296,0.335,0.26,0.262,0.335,0.206,0.302,0.272,0.304,0.215,0.38,0.329,0.271,0.227,0.138,0.195,0.294,0.238,0.464,0.141,0.189,0.223,0.262,0.265,0.311,0.3,0.272,0.328,0.217,0.405,0.265,0.526,0.366,0.238,0.262,0.361,0.36,0.103,0.277,0.255,0.296,0.196,0.199,0.159,0.161,0.262,0.297,0.189,0.189,0.242,0.272,0.202,0.332,0.221,0.555,0.329,0.351,0.156,0.172,0.232,0.191,0.219,0.222,0.285,0.383,0.176,0.365,0.309,0.191,0.363,0.283,0.337,0.366,0.336,0.174,0.289,0.334,0.204,0.164,0.339,0.339,0.205,0.111,0.354,0.311,0.196,0.27,0.218,0.353,0.394,0.252,0.459,0.303,0.355,0.403,0.468,1.0,0.288,0.254,0.334,0.4,0.132,0.167,0.422,0.338,0.211,0.21,0.453,0.333,0.365,0.429,0.173,0.339,0.232,0.067,0.267,0.287,0.367,0.296,0.201,0.246,0.172,0.296,0.248,0.368,0.316,0.341,0.382,0.223,0.275,0.149,0.325,0.246,0.206,0.306,0.915,0.424,0.339,0.196,0.315,0.296,0.915,0.243,0.177,0.234,0.493,0.319,0.205,0.166,0.221,0.232,0.184,0.27,0.541,0.266,0.296,0.431,0.188,0.462,0.328,0.251,0.185,0.205,0.26,0.237,0.274,0.512,0.22,0.217,0.314,0.21,0.155,0.345,0.365,0.409,0.182,0.142,0.426,0.49,0.29,0.138,0.367,0.175,0.332,0.194
0.232,0.204,0.218,0.352,0.232,0.217,0.159,0.461,0.214,0.334,0.11,0.782,0.275,0.231,0.201,0.187,0.24,0.145,0.185,0.278,0.237,0.282,0.326,0.116,0.292,0.334,0.252,0.302,0.211,0.248,0.213,0.172,0.24,0.21,0.118,0.207,0.267,0.113,0.128,0.334,0.186,0.303,0.244,0.304,0.192,0.22,0.309,0.312,0.181,0.269,0.357,0.322,0.319,0.106,0.165,0.275,0.142,0.283,0.178,0.14,0.11,0.207,0.345,0.388,0.144,0.194,0.216,0.178,0.176,0.26,0.16,0.338,0.15,0.264,0.334,0.224,0.244,0.196,0.155,0.161,0.27,0.139,0.182,0.321,0.192,0.407,0.181,0.341,0.176,0.194,0.203,0.163,0.113,0.174,0.219,0.352,0.229,0.146,0.261,0.295,0.154,0.297,0.229,0.28,0.118,0.286,0.196,0.269,0.4,0.236,0.236,0.333,0.335,0.348,0.228,0.28,0.193,0.229,0.295,0.317,0.26,0.097,0.355,0.388,0.241,0.252,0.257,0.286,0.289,0.214,0.251,0.362,0.389,0.361,0.188,0.288,1.0,0.245,0.345,0.358,0.131,0.136,0.251,0.286,0.137,0.187,0.141,0.318,0.378,0.3,0.131,0.337,0.277,0.43,0.205,0.333,0.315,0.334,0.245,0.351,0.203,0.334,0.173,0.384,0.243,0.16,0.189,0.402,0.229,0.164,0.29,0.158,0.247,0.224,0.693,0.316,0.393,0.157,0.181,0.334,0.693,0.165,0.113,0.143,0.279,0.226,0.181,0.184,0.157,0.144,0.231,0.151,0.292,0.19,0.334,0.258,0.382,0.358,0.286,0.322,0.13,0.238,0.142,0.343,0.158,0.291,0.348,0.139,0.255,0.37,0.265,0.204,0.324,0.33,0.252,0.167,0.277,0.377,0.212,0.1,0.28,0.367,0.247,0.11
0.263,0.222,0.852,0.114,0.201,0.564,0.171,0.292,0.145,0.265,0.166,0.681,0.376,0.207,0.395,0.119,0.294,0.481,0.305,0.328,0.236,0.605,0.303,0.168,0.246,0.265,0.15,0.275,0.336,0.425,0.291,0.136,0.247,0.304,0.18,0.211,0.247,0.143,0.091,0.265,0.214,0.3,0.45,0.239,0.145,0.123,0.158,0.254,0.148,0.228,0.126,0.179,0.161,0.09,0.184,0.32,0.114,0.288,0.09,0.106,0.166,0.261,0.189,0.323,0.122,0.162,0.166,0.215,0.198,0.282,0.206,0.229,0.243,0.448,0.283,0.169,0.229,0.232,0.149,0.154,0.148,0.161,0.114,0.163,0.217,0.266,0.547,0.217,0.311,0.162,0.238,0.178,0.132,0.214,0.333,0.192,0.137,0.147,0.177,0.104,0.456,0.226,0.224,0.225,0.237,0.304,0.203,0.137,0.237,0.273,0.208,0.333,0.165,0.107,0.24,0.187,0.149,0.115,0.25,0.257,0.14,0.076,0.396,0.323,0.145,0.181,0.137,0.304,0.266,0.208,0.263,0.123,0.202,0.33,0.288,0.254,0.245,1.0,0.226,0.281,0.252,0.092,0.252,0.324,0.473,0.167,0.18,0.504,0.295,0.29,0.497,0.324,0.184,0.068,0.232,0.302,0.365,0.265,0.118,0.249,0.506,0.265,0.094,0.293,0.283,0.18,0.188,0.151,0.151,0.16,0.19,0.155,0.157,0.176,0.699,0.288,0.351,0.338,0.179,0.265,0.699,0.354,0.278,0.215,0.248,0.185,0.24,0.09,0.26,0.203,0.275,0.187,0.318,0.174,0.265,0.226,0.221,0.381,0.257,0.191,0.11,0.125,0.245,0.223,0.271,0.285,0.134,0.103,0.241,0.247,0.113,0.228,0.319,0.221,0.192,0.235,0.181,0.582,0.324,0.099,0.27,0.189,0.299,0.118
0.214,0.183,0.193,0.247,0.277,0.223,0.128,0.22,0.29,0.205,0.123,0.721,0.313,0.217,0.196,0.167,0.185,0.168,0.177,0.342,0.225,0.236,0.351,0.116,0.415,0.205,0.209,0.389,0.193,0.221,0.182,0.232,0.274,0.154,0.137,0.223,0.323,0.102,0.116,0.205,0.215,0.313,0.18,0.261,0.153,0.166,0.196,0.341,0.165,0.263,0.418,0.257,0.229,0.091,0.141,0.62,0.332,0.439,0.144,0.165,0.123,0.204,0.265,0.227,0.151,0.146,0.159,0.154,0.299,0.256,0.179,0.283,0.214,0.187,0.313,0.213,0.182,0.191,0.157,0.159,0.223,0.111,0.169,0.281,0.192,0.623,0.223,0.272,0.167,0.146,0.155,0.172,0.146,0.198,0.204,0.334,0.146,0.126,0.226,0.18,0.168,0.299,0.19,0.237,0.113,0.252,0.268,0.229,0.322,0.288,0.204,0.29,0.265,0.257,0.332,0.267,0.153,0.196,0.268,0.241,0.222,0.1,0.289,0.227,0.226,0.27,0.164,0.228,0.577,0.305,0.254,0.236,0.349,0.343,0.156,0.334,0.345,0.226,1.0,0.309,0.101,0.094,0.185,0.222,0.139,0.172,0.159,0.316,0.35,0.467,0.155,0.286,0.208,0.378,0.206,0.268,0.229,0.205,0.196,0.311,0.16,0.205,0.117,0.274,0.168,0.184,0.275,0.246,0.189,0.132,0.21,0.162,0.241,0.237,0.61,0.391,0.299,0.165,0.173,0.205,0.61,0.166,0.128,0.142,0.304,0.18,0.183,0.186,0.163,0.148,0.187,0.148,0.394,0.175,0.205,0.211,0.251,0.211,0.257,0.234,0.24,0.233,0.156,0.254,0.185,0.29,0.318,0.141,0.265,0.325,0.188,0.23,0.273,0.261,0.199,0.15,0.216,0.341,0.169,0.098,0.215,0.263,0.28,0.103
0.289,0.294,0.255,0.302,0.26,0.272,0.165,0.459,0.296,0.296,0.197,0.795,0.29,0.505,0.213,0.263,0.48,0.144,0.235,0.322,0.366,0.401,0.495,0.218,0.334,0.296,0.303,0.35,0.26,0.66,0.642,0.165,0.333,0.591,0.19,0.275,0.271,0.139,0.091,0.296,0.306,0.4,0.273,0.449,0.189,0.253,0.368,0.452,0.27,0.413,0.257,0.318,0.339,0.16,0.134,0.245,0.141,0.376,0.128,0.148,0.197,0.253,0.31,0.311,0.216,0.199,0.465,0.165,0.303,0.313,0.3,0.364,0.215,0.275,0.503,0.379,0.154,0.232,0.329,0.285,0.238,0.257,0.159,0.325,0.3,0.359,0.233,0.343,0.244,0.199,0.186,0.226,0.261,0.296,0.26,0.29,0.169,0.152,0.385,0.219,0.188,0.325,0.355,0.73,0.238,0.479,0.27,0.231,0.432,0.258,0.427,0.503,0.299,0.197,0.306,0.359,0.192,0.191,0.312,0.302,0.376,0.096,0.525,0.311,0.22,0.271,0.247,0.397,0.331,0.196,0.473,0.335,0.39,0.52,0.271,0.4,0.358,0.281,0.309,1.0,0.125,0.238,0.381,0.401,0.18,0.219,0.261,0.478,0.459,0.451,0.134,0.528,0.285,0.419,0.229,0.309,0.46,0.296,0.327,0.354,0.146,0.296,0.25,0.433,0.312,0.3,0.225,0.278,0.243,0.156,0.28,0.312,0.229,0.246,0.826,0.41,0.477,0.188,0.265,0.296,0.826,0.223,0.167,0.276,0.436,0.433,0.179,0.153,0.166,0.256,0.182,0.293,0.372,0.313,0.296,0.337,0.288,0.59,0.333,0.28,0.129,0.242,0.244,0.377,0.262,0.312,0.34,0.124,0.308,0.37,0.197,0.278,0.401,0.451,0.24,0.233,0.283,0.392,0.22,0.129,0.419,0.287,0.304,0.129
0.164,0.164,0.277,0.088,0.091,0.251,0.151,0.123,0.084,0.38,0.062,0.205,0.226,0.101,0.285,0.085,0.213,0.265,0.187,0.184,0.153,0.318,0.16,0.075,0.14,0.38,0.09,0.124,0.186,0.093,0.076,0.097,0.163,0.085,0.148,0.124,0.184,0.395,0.061,0.38,0.084,0.104,0.247,0.091,0.282,0.097,0.077,0.11,0.09,0.192,0.119,0.124,0.077,0.114,0.169,0.163,0.094,0.126,0.088,0.108,0.062,0.238,0.164,0.176,0.062,0.149,0.116,0.378,0.084,0.159,0.142,0.129,0.112,0.288,0.116,0.232,0.547,0.281,0.084,0.088,0.12,0.159,0.074,0.109,0.119,0.132,0.284,0.136,0.16,0.149,0.563,0.07,0.065,0.15,0.242,0.088,0.127,0.067,0.132,0.089,0.342,0.119,0.313,0.124,0.242,0.115,0.108,0.234,0.154,0.04,0.114,0.171,0.145,0.093,0.171,0.15,0.327,0.118,0.16,0.151,0.103,0.056,0.159,0.176,0.118,0.108,0.095,0.286,0.148,0.118,0.139,0.088,0.134,0.197,0.173,0.132,0.131,0.252,0.101,0.125,1.0,0.224,0.188,0.188,0.202,0.111,0.111,0.203,0.27,0.144,0.27,0.116,0.137,0.082,0.219,0.199,0.225,0.38,0.079,0.164,0.36,0.38,0.088,0.146,0.433,0.076,0.16,0.084,0.234,0.298,0.244,0.109,0.098,0.135,0.191,0.154,0.247,0.319,0.102,0.38,0.191,0.307,0.205,0.099,0.196,0.148,0.246,0.068,0.187,0.13,0.228,0.096,0.307,0.236,0.38,0.052,0.127,0.083,0.252,0.055,0.065,0.094,0.209,0.121,0.187,0.148,0.094,0.22,0.175,0.183,0.072,0.165,0.304,0.121,0.141,0.156,0.119,0.186,0.292,0.509,0.137,0.107,0.231,0.066
0.12,0.109,0.08,0.18,0.124,0.122,0.087,0.256,0.067,0.271,0.053,0.35,0.142,0.238,0.109,0.085,0.283,0.085,0.088,0.114,0.152,0.132,0.203,0.067,0.188,0.271,0.169,0.157,0.099,0.074,0.064,0.078,0.173,0.125,0.071,0.112,0.142,0.179,0.051,0.271,0.101,0.102,0.109,0.092,0.166,0.194,0.141,0.132,0.109,0.237,0.131,0.215,0.072,0.145,0.073,0.082,0.072,0.106,0.088,0.128,0.053,0.129,0.169,0.136,0.049,0.097,0.207,0.154,0.066,0.127,0.11,0.157,0.055,0.11,0.136,0.471,0.063,0.15,0.064,0.067,0.091,0.13,0.085,0.1,0.092,0.145,0.107,0.104,0.092,0.097,0.147,0.084,0.071,0.112,0.126,0.106,0.12,0.058,0.147,0.067,0.143,0.174,0.158,0.178,0.073,0.154,0.208,0.151,0.195,0.036,0.244,0.139,0.182,0.082,0.193,0.187,0.375,0.088,0.142,0.188,0.078,0.062,0.176,0.136,0.089,0.114,0.154,0.35,0.134,0.104,0.185,0.252,0.206,0.193,0.12,0.167,0.136,0.092,0.094,0.238,0.224,1.0,0.216,0.12,0.1,0.111,0.087,0.158,0.199,0.147,0.093,0.161,0.121,0.069,0.137,0.131,0.192,0.271,0.062,0.089,0.08,0.271,0.312,0.215,0.157,0.079,0.093,0.092,0.2,0.246,0.253,0.12,0.102,0.12,0.346,0.226,0.17,0.12,0.125,0.271,0.346,0.157,0.075,0.123,0.272,0.231,0.14,0.054,0.091,0.149,0.059,0.068,0.162,0.152,0.271,0.044,0.086,0.067,0.169,0.047,0.069,0.096,0.166,0.113,0.122,0.104,0.175,0.477,0.192,0.112,0.077,0.152,0.218,0.268,0.095,0.104,0.162,0.152,0.124,0.232,0.257,0.113,0.156,0.053
0.197,0.285,0.26,0.193,0.382,0.295,0.12,0.35,0.241,0.329,0.225,0.444,0.307,0.268,0.171,0.223,0.471,0.235,0.183,0.167,0.216,0.304,0.261,0.205,0.232,0.329,0.213,0.206,0.259,0.527,0.403,0.175,0.187,0.164,0.196,0.245,0.351,0.282,0.08,0.329,0.324,0.188,0.246,0.272,0.218,0.225,0.279,0.257,0.263,0.312,0.187,0.248,0.225,0.138,0.124,0.406,0.156,0.369,0.143,0.169,0.225,0.293,0.218,0.357,0.492,0.245,0.318,0.224,0.372,0.184,0.3,0.255,0.212,0.245,0.274,0.332,0.074,0.474,0.296,0.311,0.197,0.295,0.134,0.141,0.289,0.175,0.298,0.164,0.233,0.245,0.197,0.246,0.26,0.293,0.238,0.36,0.228,0.167,0.257,0.181,0.337,0.207,0.247,0.322,0.136,0.295,0.206,0.197,0.322,0.227,0.42,0.336,0.244,0.168,0.195,0.254,0.176,0.162,0.209,0.232,0.238,0.078,0.309,0.357,0.195,0.256,0.173,0.203,0.221,0.239,0.448,0.343,0.316,0.323,0.147,0.422,0.251,0.252,0.185,0.381,0.188,0.216,1.0,0.287,0.242,0.229,0.224,0.275,0.26,0.235,0.225,0.23,0.244,0.066,0.43,0.215,0.259,0.329,0.206,0.175,0.164,0.329,0.256,0.282,0.33,0.338,0.284,0.231,0.244,0.161,0.26,0.281,0.196,0.285,0.362,0.273,0.249,0.276,0.21,0.329,0.362,0.196,0.132,0.261,0.339,0.371,0.34,0.148,0.177,0.218,0.111,0.205,0.324,0.301,0.329,0.283,0.18,0.624,0.229,0.279,0.156,0.149,0.237,0.181,0.239,0.214,0.198,0.118,0.242,0.151,0.159,0.206,0.271,0.332,0.192,0.115,0.234,0.352,0.498,0.181,0.266,0.136,0.451,0.2
0.295,0.255,0.326,0.17,0.276,0.244,0.18,0.313,0.21,0.329,0.176,0.915,0.279,0.277,0.266,0.173,0.372,0.173,0.267,0.233,0.265,0.363,0.334,0.167,0.246,0.329,0.203,0.309,0.293,0.66,0.458,0.235,0.201,0.376,0.246,0.257,0.222,0.129,0.13,0.329,0.386,0.289,0.314,0.29,0.194,0.206,0.243,0.278,0.199,0.284,0.199,0.285,0.206,0.102,0.186,0.231,0.158,0.284,0.113,0.158,0.176,0.24,0.222,0.311,0.221,0.226,0.232,0.202,0.312,0.306,0.238,0.412,0.2,0.345,0.314,0.255,0.16,0.211,0.226,0.22,0.17,0.186,0.155,0.179,0.241,0.183,0.193,0.255,0.255,0.226,0.249,0.237,0.205,0.228,0.257,0.295,0.13,0.207,0.204,0.138,0.177,0.159,0.288,0.384,0.169,0.364,0.251,0.185,0.32,0.378,0.261,0.426,0.226,0.142,0.205,0.241,0.166,0.139,0.226,0.346,0.192,0.122,0.375,0.311,0.169,0.312,0.181,0.279,0.257,0.219,0.394,0.186,0.289,0.324,0.322,0.338,0.286,0.324,0.222,0.401,0.188,0.12,0.287,1.0,0.185,0.21,0.221,0.38,0.325,0.281,0.154,0.404,0.182,0.066,0.227,0.278,0.372,0.329,0.165,0.252,0.2,0.329,0.153,0.319,0.326,0.375,0.28,0.199,0.22,0.15,0.224,0.221,0.229,0.243,0.815,0.271,0.356,0.187,0.215,0.329,0.815,0.196,0.158,0.258,0.324,0.218,0.194,0.116,0.179,0.295,0.192,0.177,0.386,0.251,0.329,0.337,0.295,0.59,0.268,0.213,0.156,0.186,0.296,0.242,0.319,0.286,0.17,0.088,0.281,0.238,0.154,0.23,0.354,0.294,0.197,0.174,0.17,0.771,0.248,0.111,0.38,0.155,0.259,0.128
0.192,0.148,0.542,0.11,0.141,0.347,0.101,0.201,0.132,0.296,0.284,0.359,0.421,0.169,0.314,0.115,0.287,0.61,0.268,0.226,0.144,0.35,0.212,0.219,0.167,0.296,0.123,0.17,0.265,0.271,0.215,0.116,0.185,0.104,0.133,0.149,0.216,0.221,0.057,0.296,0.159,0.161,0.291,0.143,0.176,0.122,0.099,0.167,0.126,0.217,0.11,0.118,0.107,0.134,0.148,0.32,0.1,0.194,0.084,0.098,0.284,0.219,0.133,0.167,0.141,0.119,0.134,0.224,0.186,0.195,0.19,0.157,0.138,0.305,0.177,0.147,0.132,0.26,0.148,0.157,0.124,0.163,0.08,0.087,0.269,0.189,0.385,0.11,0.257,0.119,0.21,0.103,0.131,0.194,0.262,0.132,0.147,0.087,0.166,0.092,0.538,0.142,0.181,0.173,0.154,0.167,0.123,0.167,0.213,0.18,0.212,0.168,0.149,0.093,0.139,0.17,0.123,0.107,0.211,0.159,0.137,0.045,0.196,0.167,0.127,0.13,0.086,0.15,0.183,0.155,0.254,0.106,0.177,0.235,0.116,0.211,0.137,0.473,0.139,0.18,0.202,0.1,0.242,0.185,1.0,0.114,0.166,0.286,0.193,0.194,0.57,0.15,0.157,0.055,0.226,0.197,0.192,0.296,0.119,0.12,0.406,0.296,0.085,0.173,0.209,0.18,0.145,0.11,0.174,0.135,0.201,0.153,0.118,0.16,0.288,0.199,0.186,0.347,0.11,0.296,0.288,0.443,0.282,0.242,0.24,0.181,0.206,0.08,0.231,0.186,0.207,0.15,0.207,0.219,0.296,0.151,0.114,0.255,0.198,0.104,0.09,0.087,0.153,0.122,0.192,0.163,0.104,0.116,0.19,0.119,0.077,0.14,0.185,0.165,0.101,0.166,0.141,0.263,0.259,0.174,0.18,0.095,0.229,0.172
0.189,0.311,0.159,0.141,0.144,0.183,0.14,0.136,0.184,0.383,0.155,0.259,0.269,0.204,0.126,0.252,0.244,0.112,0.224,0.146,0.196,0.193,0.174,0.132,0.15,0.383,0.213,0.23,0.315,0.274,0.221,0.233,0.138,0.194,0.135,0.373,0.122,0.134,0.118,0.383,0.257,0.27,0.224,0.29,0.27,0.109,0.221,0.219,0.281,0.222,0.157,0.211,0.194,0.119,0.166,0.111,0.209,0.258,0.308,0.219,0.155,0.198,0.163,0.469,0.183,0.187,0.151,0.162,0.224,0.19,0.178,0.198,0.192,0.222,0.24,0.186,0.09,0.304,0.178,0.223,0.459,0.138,0.327,0.153,0.295,0.142,0.163,0.189,0.209,0.187,0.243,0.218,0.227,0.193,0.139,0.241,0.134,0.151,0.181,0.205,0.172,0.151,0.147,0.208,0.136,0.306,0.158,0.249,0.243,0.276,0.257,0.256,0.202,0.326,0.116,0.173,0.113,0.396,0.161,0.2,0.182,0.1,0.275,0.469,0.427,0.305,0.202,0.14,0.21,0.257,0.22,0.16,0.205,0.264,0.175,0.21,0.187,0.167,0.172,0.219,0.111,0.111,0.229,0.21,0.114,1.0,0.197,0.203,0.166,0.153,0.107,0.217,0.199,0.098,0.317,0.212,0.184,0.383,0.153,0.189,0.128,0.383,0.11,0.213,0.152,0.204,0.251,0.26,0.255,0.116,0.24,0.323,0.406,0.357,0.243,0.173,0.186,0.167,0.156,0.383,0.243,0.115,0.132,0.216,0.213,0.136,0.169,0.271,0.16,0.242,0.157,0.167,0.237,0.274,0.383,0.198,0.179,0.245,0.154,0.197,0.181,0.246,0.17,0.207,0.259,0.197,0.137,0.2,0.156,0.126,0.299,0.175,0.322,0.205,0.316,0.13,0.164,0.381,0.195,0.121,0.146,0.096,0.202,0.141
0.246,0.259,0.172,0.184,0.131,0.153,0.3,0.211,0.158,0.239,0.158,0.318,0.194,0.177,0.178,0.158,0.469,0.155,0.334,0.172,0.177,0.207,0.204,0.19,0.171,0.239,0.203,0.317,0.228,0.237,0.212,0.168,0.164,0.189,0.482,0.214,0.181,0.101,0.088,0.239,0.211,0.216,0.207,0.236,0.176,0.194,0.121,0.169,0.218,0.23,0.166,0.142,0.187,0.089,0.228,0.193,0.163,0.221,0.139,0.119,0.158,0.249,0.155,0.278,0.174,0.095,0.243,0.213,0.21,0.167,0.533,0.163,0.15,0.212,0.189,0.158,0.105,0.225,0.186,0.212,0.181,0.206,0.14,0.101,0.216,0.185,0.151,0.15,0.217,0.095,0.197,0.19,0.182,0.568,0.151,0.202,0.223,0.129,0.137,0.146,0.153,0.146,0.153,0.29,0.176,0.2,0.142,0.171,0.461,0.134,0.209,0.19,0.204,0.127,0.186,0.188,0.098,0.155,0.252,0.181,0.152,0.089,0.189,0.278,0.182,0.201,0.129,0.217,0.229,0.169,0.248,0.132,0.239,0.214,0.468,0.453,0.141,0.18,0.159,0.261,0.111,0.087,0.224,0.221,0.166,0.197,1.0,0.249,0.215,0.238,0.154,0.165,0.189,0.055,0.207,0.176,0.178,0.239,0.135,0.136,0.169,0.239,0.128,0.19,0.171,0.196,0.368,0.161,0.216,0.11,0.273,0.176,0.177,0.23,0.279,0.242,0.192,0.143,0.14,0.239,0.279,0.152,0.261,0.218,0.271,0.223,0.154,0.124,0.242,0.244,0.196,0.29,0.364,0.232,0.239,0.146,0.159,0.223,0.192,0.146,0.137,0.14,0.151,0.145,0.244,0.411,0.123,0.265,0.159,0.125,0.146,0.181,0.244,0.243,0.139,0.149,0.483,0.347,0.104,0.088,0.234,0.127,0.177,0.136
0.326,0.411,0.458,0.198,0.219,0.437,0.219,0.733,0.118,0.38,0.126,1.0,0.457,0.265,0.278,0.112,0.468,0.322,0.315,0.376,0.336,0.444,0.455,0.181,0.415,0.38,0.239,0.402,0.324,0.237,0.212,0.148,0.367,0.376,0.218,0.261,0.312,0.158,0.091,0.38,0.199,0.391,0.378,0.323,0.172,0.224,0.186,0.315,0.16,0.308,0.225,0.244,0.166,0.107,0.175,0.398,0.126,0.34,0.108,0.132,0.126,0.295,0.31,0.788,0.091,0.272,0.236,0.196,0.131,0.378,0.231,0.328,0.21,0.384,0.389,0.246,0.167,0.277,0.121,0.123,0.167,0.235,0.15,0.213,0.22,0.356,0.375,0.286,0.298,0.272,0.243,0.167,0.116,0.248,0.326,0.22,0.15,0.134,0.154,0.132,0.309,0.315,0.371,0.35,0.232,0.357,0.293,0.166,0.335,0.134,0.258,0.432,0.246,0.114,0.313,0.264,0.213,0.138,0.307,0.334,0.119,0.101,0.49,0.788,0.162,0.267,0.198,0.477,0.366,0.28,0.308,0.187,0.31,0.49,0.755,0.333,0.318,0.504,0.316,0.478,0.203,0.158,0.275,0.38,0.286,0.203,0.249,1.0,0.411,0.488,0.304,0.469,0.237,0.082,0.284,0.327,0.362,0.38,0.096,0.266,0.272,0.38,0.187,0.403,0.256,0.149,0.238,0.187,0.214,0.185,0.265,0.148,0.214,0.189,0.915,0.393,0.523,0.267,0.212,0.38,0.915,0.26,0.253,0.277,0.339,0.284,0.282,0.094,0.188,0.308,0.237,0.214,0.363,0.176,0.38,0.146,0.26,0.223,0.332,0.146,0.117,0.181,0.261,0.283,0.313,0.385,0.212,0.121,0.33,0.282,0.14,0.295,0.384,0.318,0.207,0.211,0.242,0.771,0.498,0.12,0.455,0.265,0.404,0.117
0.298,0.208,0.248,0.48,0.211,0.232,0.183,0.527,0.182,0.232,0.092,1.0,0.268,0.312,0.305,0.128,0.357,0.17,0.263,0.339,0.429,0.44,0.388,0.155,0.367,0.232,0.397,0.313,0.256,0.173,0.155,0.128,0.29,0.489,0.171,0.27,0.287,0.147,0.094,0.232,0.167,0.386,0.316,0.268,0.151,0.413,0.227,0.456,0.166,0.463,0.415,0.268,0.263,0.134,0.152,0.189,0.115,0.267,0.127,0.14,0.092,0.24,0.491,0.28,0.082,0.272,0.414,0.182,0.114,0.341,0.169,0.427,0.151,0.336,0.409,0.342,0.35,0.199,0.161,0.108,0.233,0.286,0.159,0.496,0.161,0.355,0.211,0.447,0.25,0.272,0.338,0.143,0.098,0.177,0.341,0.259,0.182,0.114,0.259,0.193,0.205,0.307,0.424,0.512,0.312,0.353,0.284,0.229,0.425,0.097,0.294,0.388,0.354,0.273,0.357,0.454,0.293,0.219,0.327,0.35,0.229,0.099,0.361,0.28,0.231,0.246,0.288,0.412,0.33,0.157,0.394,0.34,0.439,0.432,0.243,0.365,0.378,0.295,0.35,0.459,0.27,0.199,0.26,0.325,0.193,0.166,0.215,0.411,1.0,0.548,0.163,0.401,0.311,0.636,0.194,0.39,0.407,0.232,0.183,0.452,0.216,0.232,0.274,0.428,0.413,0.141,0.185,0.306,0.25,0.241,0.364,0.147,0.224,0.19,0.915,0.535,0.485,0.213,0.268,0.232,0.915,0.303,0.287,0.213,0.512,0.48,0.227,0.194,0.173,0.231,0.228,0.289,0.477,0.153,0.232,0.116,0.246,0.161,0.407,0.343,0.124,0.293,0.189,0.402,0.26,0.254,0.476,0.154,0.276,0.515,0.208,0.359,0.543,0.419,0.292,0.274,0.317,0.49,0.29,0.129,0.467,0.468,0.323,0.09
0.341,0.26,0.254,0.275,0.211,0.249,0.171,0.622,0.123,0.306,0.114,0.847,0.384,0.352,0.283,0.131,0.303,0.193,0.26,0.475,0.434,0.356,0.447,0.138,0.468,0.306,0.276,0.451,0.27,0.279,0.364,0.136,0.322,0.591,0.189,0.275,0.384,0.124,0.082,0.306,0.178,0.391,0.226,0.271,0.168,0.302,0.18,0.332,0.165,0.384,0.381,0.233,0.169,0.109,0.154,0.62,0.116,0.471,0.099,0.119,0.114,0.279,0.345,0.254,0.11,0.19,0.316,0.172,0.15,0.402,0.199,0.335,0.168,0.23,0.342,0.288,0.122,0.194,0.154,0.14,0.152,0.308,0.12,0.216,0.178,0.533,0.232,0.209,0.266,0.19,0.186,0.131,0.143,0.216,0.305,0.218,0.136,0.128,0.184,0.2,0.207,0.343,0.373,0.445,0.321,0.307,0.259,0.163,0.366,0.145,0.254,0.396,0.285,0.112,0.421,0.321,0.194,0.125,0.411,0.282,0.127,0.089,0.316,0.254,0.15,0.208,0.22,0.315,0.517,0.245,0.381,0.197,0.393,0.454,0.177,0.429,0.3,0.29,0.467,0.451,0.144,0.147,0.235,0.281,0.194,0.153,0.238,0.488,0.548,1.0,0.184,0.39,0.322,0.087,0.19,0.273,0.358,0.306,0.131,0.289,0.179,0.306,0.186,0.375,0.249,0.15,0.2,0.189,0.218,0.16,0.335,0.171,0.159,0.21,0.902,0.529,0.429,0.201,0.282,0.306,0.902,0.277,0.213,0.194,0.45,0.46,0.238,0.091,0.178,0.204,0.23,0.392,0.371,0.184,0.306,0.162,0.173,0.259,0.412,0.162,0.111,0.19,0.184,0.264,0.234,0.275,0.245,0.095,0.397,0.279,0.106,0.31,0.36,0.397,0.163,0.27,0.262,0.418,0.214,0.119,0.506,0.253,0.386,0.114
0.174,0.131,0.551,0.08,0.092,0.443,0.107,0.145,0.086,0.146,0.075,0.237,0.306,0.076,0.491,0.083,0.306,0.917,0.283,0.283,0.15,0.355,0.24,0.054,0.206,0.146,0.087,0.164,0.265,0.074,0.075,0.119,0.229,0.055,0.141,0.095,0.287,0.276,0.051,0.146,0.071,0.09,0.262,0.111,0.137,0.106,0.061,0.081,0.082,0.203,0.111,0.123,0.05,0.128,0.2,0.356,0.105,0.185,0.086,0.109,0.075,0.256,0.107,0.167,0.059,0.129,0.096,0.277,0.085,0.16,0.205,0.127,0.117,0.273,0.122,0.127,0.232,0.336,0.065,0.095,0.122,0.183,0.063,0.072,0.13,0.195,0.547,0.082,0.257,0.129,0.218,0.053,0.066,0.212,0.215,0.097,0.162,0.062,0.14,0.076,0.818,0.21,0.186,0.117,0.235,0.104,0.097,0.12,0.168,0.041,0.119,0.133,0.15,0.072,0.164,0.163,0.116,0.099,0.254,0.106,0.081,0.033,0.167,0.167,0.128,0.079,0.066,0.152,0.221,0.186,0.164,0.084,0.121,0.229,0.123,0.173,0.131,0.497,0.155,0.134,0.27,0.093,0.225,0.154,0.57,0.107,0.154,0.304,0.163,0.184,1.0,0.129,0.151,0.032,0.264,0.145,0.213,0.146,0.059,0.091,0.675,0.146,0.091,0.135,0.218,0.062,0.131,0.066,0.124,0.113,0.165,0.132,0.107,0.11,0.197,0.212,0.174,0.479,0.09,0.146,0.197,0.404,0.206,0.076,0.228,0.185,0.244,0.061,0.33,0.092,0.295,0.154,0.188,0.134,0.146,0.044,0.095,0.07,0.245,0.046,0.079,0.069,0.153,0.074,0.243,0.156,0.085,0.137,0.15,0.105,0.061,0.161,0.164,0.133,0.08,0.268,0.138,0.104,0.273,0.167,0.124,0.094,0.265,0.063
0.29,0.214,0.276,0.251,0.239,0.257,0.139,0.392,0.155,0.258,0.112,0.915,0.298,0.362,0.22,0.198,0.289,0.138,0.218,0.347,0.349,0.349,0.511,0.132,0.315,0.258,0.373,0.419,0.233,0.531,0.514,0.149,0.342,0.421,0.148,0.266,0.278,0.121,0.096,0.258,0.231,0.38,0.284,0.426,0.148,0.272,0.305,0.383,0.178,0.332,0.21,0.266,0.22,0.103,0.126,0.293,0.125,0.365,0.112,0.169,0.112,0.242,0.263,0.311,0.104,0.248,0.258,0.159,0.166,0.373,0.163,0.351,0.207,0.264,0.48,0.279,0.116,0.183,0.168,0.14,0.179,0.203,0.239,0.286,0.193,0.325,0.216,0.361,0.219,0.248,0.16,0.161,0.13,0.17,0.253,0.283,0.112,0.125,0.22,0.142,0.167,0.306,0.309,0.354,0.177,0.531,0.268,0.166,0.329,0.229,0.262,0.54,0.245,0.198,0.288,0.288,0.178,0.15,0.298,0.374,0.187,0.132,0.554,0.311,0.17,0.28,0.271,0.419,0.332,0.185,0.358,0.211,0.312,0.526,0.246,0.339,0.337,0.324,0.286,0.528,0.116,0.161,0.23,0.404,0.15,0.217,0.165,0.469,0.401,0.39,0.129,1.0,0.223,0.305,0.185,0.275,0.377,0.258,0.159,0.319,0.156,0.258,0.173,0.486,0.231,0.184,0.179,0.207,0.184,0.153,0.231,0.261,0.311,0.231,1.0,0.386,0.536,0.17,0.293,0.258,1.0,0.204,0.151,0.208,0.368,0.308,0.194,0.109,0.16,0.224,0.184,0.184,0.368,0.178,0.258,0.288,0.224,0.484,0.314,0.202,0.109,0.2,0.198,0.429,0.229,0.294,0.273,0.13,0.33,0.321,0.166,0.326,0.413,0.338,0.279,0.168,0.232,0.464,0.248,0.11,0.374,0.323,0.37,0.093
0.21,0.202,0.14,0.202,0.158,0.255,0.195,0.338,0.157,0.248,0.104,0.401,0.237,0.232,0.137,0.171,0.257,0.152,0.196,0.152,0.391,0.309,0.222,0.148,0.181,0.248,0.205,0.201,0.232,0.149,0.133,0.176,0.172,0.762,0.165,0.233,0.217,0.18,0.11,0.248,0.207,0.297,0.247,0.185,0.207,0.181,0.156,0.25,0.178,0.418,0.293,0.179,0.274,0.125,0.142,0.186,0.161,0.187,0.163,0.139,0.104,0.261,0.336,0.284,0.095,0.133,0.204,0.15,0.145,0.174,0.152,0.229,0.185,0.241,0.256,0.191,0.157,0.274,0.188,0.134,0.202,0.33,0.212,0.201,0.192,0.21,0.17,0.256,0.231,0.133,0.191,0.195,0.108,0.162,0.194,0.246,0.249,0.122,0.289,0.267,0.214,0.251,0.253,0.307,0.436,0.246,0.24,0.223,0.404,0.073,0.201,0.312,0.368,0.212,0.217,0.262,0.167,0.183,0.246,0.214,0.171,0.15,0.216,0.284,0.196,0.283,0.236,0.16,0.201,0.195,0.245,0.193,0.276,0.326,0.158,0.232,0.277,0.184,0.208,0.285,0.137,0.121,0.244,0.182,0.157,0.199,0.189,0.237,0.311,0.322,0.151,0.223,1.0,0.223,0.244,0.223,0.298,0.248,0.17,0.288,0.125,0.248,0.156,0.384,0.163,0.167,0.203,0.258,0.215,0.17,0.222,0.168,0.246,0.153,0.345,0.232,0.29,0.176,0.208,0.248,0.345,0.189,0.171,0.204,0.316,0.393,0.242,0.14,0.129,0.249,0.13,0.349,0.222,0.206,0.248,0.088,0.213,0.136,0.289,0.203,0.125,0.195,0.176,0.271,0.207,0.167,0.251,0.126,0.165,0.24,0.198,0.201,0.239,0.334,0.228,0.322,0.343,0.394,0.267,0.129,0.378,0.189,0.25,0.114
0.104,0.108,0.059,0.803,0.051,0.115,0.183,0.023,0.494,0.224,0.054,0.067,0.108,0.292,0.039,0.176,0.082,0.032,0.077,0.051,0.066,0.333,0.059,0.036,0.082,0.224,0.294,0.19,0.108,0.055,0.05,0.088,0.047,0.036,0.042,0.092,0.04,0.082,0.126,0.224,0.134,0.494,0.164,0.283,0.224,0.033,0.293,0.509,0.139,0.248,0.346,0.088,0.583,0.102,0.088,0.025,0.072,0.055,0.176,0.066,0.054,0.062,0.512,0.108,0.044,0.037,0.04,0.082,0.066,0.186,0.055,0.368,0.047,0.164,0.505,0.054,0.583,0.108,0.212,0.066,0.583,0.044,0.157,0.736,0.108,0.583,0.059,0.812,0.068,0.037,0.224,0.043,0.05,0.064,0.034,0.27,0.215,0.057,0.53,0.293,0.059,0.252,0.082,0.465,0.043,0.225,0.066,0.583,0.187,0.027,0.082,0.19,0.152,0.636,0.05,0.465,0.26,0.398,0.051,0.223,1.0,0.038,0.269,0.108,0.554,0.166,0.287,0.096,0.072,0.108,0.067,0.583,0.334,0.155,0.034,0.067,0.43,0.068,0.378,0.419,0.082,0.069,0.066,0.066,0.055,0.098,0.055,0.082,0.636,0.087,0.032,0.305,0.223,1.0,0.108,0.421,0.082,0.224,0.583,0.543,0.041,0.224,0.026,0.272,0.049,0.134,0.088,0.583,0.224,0.294,0.224,0.08,0.402,0.44,0.059,0.051,0.263,0.059,0.055,0.224,0.059,0.066,0.044,0.058,0.067,0.04,0.059,0.357,0.057,0.058,0.149,0.049,0.067,0.224,0.224,0.032,0.554,0.05,0.051,0.328,0.059,0.626,0.047,1.0,0.058,0.072,0.636,0.371,0.108,0.636,0.554,0.046,0.142,0.19,0.44,0.338,0.353,0.068,0.041,0.098,0.066,0.573,0.082,0.05
0.207,0.497,0.231,0.128,0.205,0.286,0.138,0.289,0.22,0.467,0.181,0.383,0.37,0.221,0.167,0.211,0.322,0.272,0.235,0.174,0.249,0.206,0.219,0.142,0.179,0.467,0.141,0.209,0.307,0.311,0.242,0.27,0.197,0.178,0.159,0.272,0.264,0.322,0.136,0.467,0.243,0.184,0.187,0.204,0.324,0.147,0.19,0.199,0.238,0.268,0.203,0.219,0.165,0.181,0.203,0.406,0.256,0.234,0.218,0.219,0.181,0.307,0.172,1.0,0.262,0.245,0.169,0.27,0.269,0.169,0.282,0.244,0.193,0.219,0.213,0.252,0.092,0.825,0.215,0.286,0.314,0.232,0.167,0.114,0.355,0.167,0.297,0.164,0.233,0.245,0.301,0.177,0.228,0.296,0.247,0.259,0.188,0.172,0.236,0.246,0.407,0.166,0.252,0.232,0.15,0.217,0.171,0.31,0.284,0.315,0.299,0.258,0.27,0.205,0.115,0.223,0.172,0.27,0.2,0.191,0.215,0.1,0.242,1.0,0.304,0.215,0.145,0.172,0.256,0.52,0.288,0.183,0.228,0.326,0.152,0.267,0.205,0.232,0.206,0.229,0.219,0.137,0.43,0.227,0.226,0.317,0.207,0.284,0.194,0.19,0.264,0.185,0.244,0.108,1.0,0.175,0.255,0.467,0.175,0.17,0.208,0.467,0.125,0.217,0.192,0.213,0.294,0.204,0.318,0.196,0.284,0.259,0.27,0.296,0.341,0.23,0.204,0.338,0.2,0.467,0.341,0.203,0.141,0.185,0.288,0.253,0.347,0.205,0.222,0.207,0.178,0.204,0.265,0.345,0.467,0.178,0.179,0.274,0.197,0.176,0.218,0.195,0.161,0.185,0.189,0.242,0.145,0.153,0.227,0.139,0.186,0.24,0.231,0.209,0.169,0.133,0.21,0.323,0.498,0.243,0.193,0.106,0.596,0.173
0.234,0.211,0.287,0.32,0.19,0.235,0.179,0.484,0.192,0.334,0.148,0.567,0.221,0.268,0.253,0.169,0.222,0.158,0.254,0.225,0.205,0.384,0.216,0.179,0.179,0.334,0.238,0.251,0.335,0.549,0.399,0.129,0.17,0.291,0.18,0.297,0.178,0.102,0.089,0.334,0.239,0.351,0.346,0.276,0.154,0.191,0.199,0.343,0.194,0.248,0.241,0.171,0.288,0.088,0.126,0.262,0.109,0.226,0.166,0.119,0.148,0.209,0.386,0.3,0.14,0.139,0.212,0.145,0.199,0.277,0.188,0.259,0.193,0.349,0.311,0.23,0.26,0.164,0.206,0.177,0.259,0.153,0.185,0.376,0.19,0.288,0.193,0.343,0.287,0.139,0.24,0.188,0.141,0.197,0.274,0.27,0.2,0.12,0.249,0.166,0.155,0.203,0.251,0.28,0.215,0.312,0.19,0.216,0.369,0.39,0.206,0.316,0.219,0.277,0.217,0.223,0.277,0.233,0.195,0.314,0.218,0.078,0.308,0.3,0.229,0.246,0.213,0.29,0.22,0.176,0.278,0.252,0.31,0.257,0.288,0.287,0.333,0.302,0.268,0.309,0.199,0.131,0.215,0.278,0.197,0.212,0.176,0.327,0.39,0.273,0.145,0.275,0.223,0.421,0.175,1.0,0.251,0.334,0.224,0.368,0.174,0.334,0.12,0.348,0.272,0.21,0.206,0.335,0.179,0.298,0.249,0.148,0.249,0.316,0.48,0.244,0.385,0.176,0.174,0.334,0.48,0.204,0.278,0.197,0.236,0.178,0.184,0.194,0.138,0.19,0.178,0.18,0.31,0.183,0.334,0.631,0.28,0.5,0.224,0.365,0.111,0.217,0.26,0.36,0.321,0.248,0.313,0.154,0.281,0.395,0.247,0.187,0.334,0.28,0.274,0.212,0.259,0.549,0.149,0.155,0.304,0.303,0.21,0.103
0.268,0.206,0.33,0.231,0.22,0.262,0.183,0.392,0.135,0.38,0.099,0.847,0.288,0.245,0.343,0.133,0.323,0.229,0.322,0.287,0.383,0.349,0.373,0.104,0.255,0.38,0.248,0.328,0.312,0.173,0.147,0.176,0.249,0.494,0.199,0.227,0.286,0.185,0.081,0.38,0.258,0.276,0.229,0.245,0.196,0.234,0.22,0.254,0.148,0.347,0.21,0.288,0.162,0.165,0.158,0.311,0.158,0.26,0.119,0.161,0.099,0.258,0.267,0.357,0.082,0.213,0.253,0.219,0.154,0.286,0.377,0.354,0.236,0.28,0.327,0.287,0.157,0.264,0.106,0.123,0.179,0.216,0.132,0.194,0.201,0.252,0.248,0.278,0.258,0.213,0.261,0.224,0.094,0.395,0.245,0.296,0.129,0.112,0.285,0.2,0.267,0.24,0.467,0.408,0.226,0.316,0.316,0.193,0.337,0.075,0.255,0.44,0.261,0.13,0.269,0.287,0.194,0.145,0.301,0.324,0.122,0.08,0.396,0.357,0.176,0.179,0.208,0.386,0.29,0.233,0.323,0.19,0.317,0.511,0.618,0.367,0.315,0.365,0.229,0.46,0.225,0.192,0.259,0.372,0.192,0.184,0.178,0.362,0.407,0.358,0.213,0.377,0.298,0.082,0.255,0.251,1.0,0.38,0.092,0.3,0.245,0.38,0.183,0.532,0.289,0.148,0.25,0.163,0.235,0.166,0.28,0.194,0.176,0.186,0.902,0.361,0.478,0.293,0.344,0.38,0.902,0.32,0.169,0.16,0.387,0.343,0.231,0.091,0.218,0.169,0.196,0.163,0.423,0.199,0.38,0.093,0.264,0.155,0.335,0.094,0.124,0.172,0.18,0.244,0.205,0.447,0.226,0.131,0.281,0.338,0.109,0.232,0.423,0.35,0.199,0.227,0.265,0.418,0.353,0.15,0.398,0.176,0.317,0.09
0.247,0.467,0.269,0.265,0.252,0.269,0.275,0.07,0.253,1.0,0.183,0.204,0.467,0.38,0.172,0.258,0.38,0.146,0.334,0.229,0.329,0.265,0.209,0.135,0.38,1.0,0.15,0.292,0.467,0.296,0.202,0.315,0.184,0.15,0.156,0.34,0.122,0.38,0.194,1.0,0.296,0.317,0.245,0.296,1.0,0.133,0.329,0.277,0.317,0.467,0.196,0.315,0.269,0.228,0.315,0.093,0.292,0.296,0.301,0.253,0.183,0.228,0.38,0.467,0.246,0.186,0.15,0.38,0.329,0.38,0.239,0.38,0.232,0.38,0.253,0.229,0.269,0.467,0.296,0.264,0.383,0.171,0.258,0.274,0.467,0.269,0.269,0.38,0.265,0.186,1.0,0.232,0.202,0.242,0.16,0.315,0.111,0.226,0.334,0.329,0.269,0.225,0.38,0.296,0.199,0.3,0.329,1.0,0.334,0.113,0.38,0.38,0.301,0.38,0.168,0.209,0.334,0.383,0.171,0.63,0.38,0.252,0.329,0.467,0.383,0.275,0.267,0.329,0.292,0.467,0.296,0.269,0.467,0.315,0.119,0.296,0.334,0.265,0.205,0.296,0.38,0.271,0.329,0.329,0.296,0.383,0.239,0.38,0.232,0.306,0.146,0.258,0.248,0.224,0.467,0.334,0.38,1.0,0.329,0.38,0.193,1.0,0.112,0.38,0.245,0.296,0.315,0.301,1.0,0.383,1.0,0.268,0.383,0.383,0.209,0.218,0.209,0.269,0.296,1.0,0.209,0.329,0.171,0.207,0.209,0.15,0.269,0.279,0.203,0.207,0.279,0.199,0.242,1.0,1.0,0.163,0.467,0.252,0.169,0.162,0.214,0.329,0.275,0.63,0.207,0.292,0.232,0.26,0.467,0.296,0.279,0.218,0.38,0.209,0.275,0.185,0.239,0.265,0.185,0.383,0.329,0.205,0.38,0.228
0.128,0.215,0.129,0.248,0.141,0.111,0.179,0.054,0.398,0.329,0.219,0.155,0.121,0.354,0.081,0.425,0.145,0.061,0.107,0.072,0.094,0.184,0.086,0.18,0.085,0.329,0.146,0.135,0.158,0.458,0.574,0.128,0.073,0.083,0.144,0.155,0.061,0.095,0.105,0.329,0.232,0.252,0.149,0.348,0.23,0.057,0.225,0.396,0.285,0.236,0.256,0.104,0.4,0.151,0.102,0.06,0.119,0.175,0.196,0.095,0.219,0.1,0.212,0.242,0.238,0.086,0.223,0.105,0.306,0.134,0.183,0.216,0.161,0.154,0.311,0.127,0.308,0.167,0.358,0.296,0.412,0.07,0.2,0.291,0.26,0.257,0.091,0.289,0.134,0.086,0.209,0.177,0.322,0.175,0.113,0.248,0.235,0.116,0.506,0.219,0.091,0.154,0.085,0.314,0.066,0.252,0.097,0.496,0.21,0.212,0.253,0.186,0.16,0.316,0.055,0.274,0.107,0.252,0.084,0.126,0.543,0.05,0.209,0.242,0.336,0.18,0.158,0.078,0.104,0.134,0.263,0.416,0.232,0.139,0.08,0.201,0.245,0.118,0.196,0.327,0.079,0.062,0.206,0.165,0.119,0.153,0.135,0.096,0.183,0.131,0.059,0.159,0.17,0.583,0.175,0.224,0.092,0.329,1.0,0.322,0.066,0.329,0.047,0.141,0.169,0.274,0.19,0.404,0.216,0.135,0.177,0.411,0.246,0.266,0.134,0.085,0.126,0.086,0.115,0.329,0.134,0.073,0.067,0.149,0.114,0.071,0.073,0.311,0.093,0.101,0.115,0.154,0.149,0.372,0.329,0.292,0.253,0.421,0.079,0.565,0.123,0.419,0.131,0.335,0.149,0.131,0.273,0.17,0.121,0.272,0.311,0.095,0.111,0.186,0.218,0.181,0.174,0.154,0.095,0.099,0.116,0.264,0.101,0.123
0.197,0.19,0.213,0.329,0.217,0.179,0.156,0.459,0.305,0.38,0.122,0.795,0.186,0.312,0.145,0.193,0.195,0.101,0.17,0.175,0.244,0.379,0.179,0.124,0.164,0.38,0.229,0.247,0.2,0.345,0.269,0.18,0.127,0.591,0.124,0.204,0.13,0.094,0.13,0.38,0.278,0.423,0.291,0.295,0.191,0.125,0.263,0.369,0.173,0.249,0.28,0.205,0.37,0.092,0.13,0.141,0.198,0.179,0.171,0.141,0.122,0.146,0.297,0.403,0.12,0.169,0.136,0.121,0.21,0.243,0.155,0.324,0.227,0.309,0.449,0.164,0.336,0.16,0.221,0.149,0.336,0.16,0.185,0.419,0.186,0.319,0.136,0.401,0.168,0.169,0.246,0.291,0.125,0.163,0.201,0.391,0.203,0.141,0.378,0.299,0.115,0.218,0.218,0.384,0.174,0.331,0.216,0.355,0.264,0.267,0.18,0.415,0.201,0.355,0.166,0.315,0.168,0.276,0.154,0.285,0.305,0.11,0.362,0.403,0.325,0.312,0.211,0.241,0.233,0.219,0.227,0.341,0.331,0.263,0.344,0.246,0.351,0.249,0.311,0.354,0.164,0.089,0.175,0.252,0.12,0.189,0.136,0.266,0.452,0.289,0.091,0.319,0.288,0.543,0.17,0.368,0.3,0.38,0.322,1.0,0.142,0.38,0.087,0.345,0.205,0.212,0.234,0.41,0.2,0.189,0.21,0.154,0.272,0.28,0.674,0.172,0.372,0.118,0.228,0.38,0.674,0.134,0.129,0.154,0.209,0.201,0.147,0.31,0.107,0.143,0.161,0.208,0.315,0.218,0.38,0.918,0.436,0.322,0.168,0.497,0.163,0.279,0.172,0.411,0.175,0.256,0.335,0.176,0.192,0.445,0.336,0.202,0.301,0.28,0.375,0.236,0.224,0.392,0.187,0.097,0.333,0.339,0.179,0.102
0.209,0.163,0.542,0.072,0.087,0.359,0.129,0.145,0.093,0.193,0.081,0.234,0.255,0.092,0.384,0.089,0.207,0.697,0.253,0.3,0.183,0.423,0.226,0.064,0.198,0.193,0.078,0.18,0.242,0.098,0.094,0.126,0.215,0.098,0.163,0.132,0.323,0.165,0.056,0.193,0.092,0.117,0.271,0.124,0.144,0.087,0.076,0.113,0.096,0.159,0.099,0.171,0.064,0.088,0.238,0.356,0.112,0.19,0.091,0.109,0.081,0.23,0.123,0.211,0.065,0.129,0.091,0.279,0.095,0.184,0.196,0.118,0.129,0.295,0.129,0.108,0.332,0.243,0.076,0.102,0.135,0.129,0.087,0.089,0.147,0.195,0.406,0.124,0.215,0.129,0.314,0.077,0.082,0.214,0.29,0.113,0.108,0.071,0.11,0.085,0.529,0.201,0.212,0.116,0.197,0.13,0.09,0.132,0.146,0.049,0.134,0.169,0.127,0.08,0.189,0.126,0.126,0.11,0.232,0.111,0.09,0.054,0.175,0.211,0.137,0.112,0.084,0.192,0.217,0.171,0.141,0.077,0.114,0.222,0.209,0.172,0.203,0.506,0.16,0.146,0.36,0.08,0.164,0.2,0.406,0.128,0.169,0.272,0.216,0.179,0.675,0.156,0.125,0.041,0.208,0.174,0.245,0.193,0.066,0.142,1.0,0.193,0.075,0.138,0.319,0.084,0.156,0.08,0.138,0.11,0.165,0.124,0.131,0.127,0.197,0.205,0.239,0.355,0.104,0.193,0.197,0.31,0.188,0.112,0.177,0.131,0.216,0.068,0.282,0.134,0.347,0.165,0.263,0.146,0.193,0.055,0.125,0.09,0.359,0.057,0.085,0.091,0.17,0.094,0.218,0.219,0.078,0.113,0.154,0.143,0.083,0.191,0.23,0.117,0.106,0.218,0.151,0.131,0.273,0.111,0.118,0.104,0.234,0.074
0.247,0.467,0.269,0.265,0.252,0.269,0.275,0.07,0.253,1.0,0.183,0.204,0.467,0.38,0.172,0.258,0.38,0.146,0.334,0.229,0.329,0.265,0.209,0.135,0.38,1.0,0.15,0.292,0.467,0.296,0.202,0.315,0.184,0.15,0.156,0.34,0.122,0.38,0.194,1.0,0.296,0.317,0.245,0.296,1.0,0.133,0.329,0.277,0.317,0.467,0.196,0.315,0.269,0.228,0.315,0.093,0.292,0.296,0.301,0.253,0.183,0.228,0.38,0.467,0.246,0.186,0.15,0.38,0.329,0.38,0.239,0.38,0.232,0.38,0.253,0.229,0.269,0.467,0.296,0.264,0.383,0.171,0.258,0.274,0.467,0.269,0.269,0.38,0.265,0.186,1.0,0.232,0.202,0.242,0.16,0.315,0.111,0.226,0.334,0.329,0.269,0.225,0.38,0.296,0.199,0.3,0.329,1.0,0.334,0.113,0.38,0.38,0.301,0.38,0.168,0.209,0.334,0.383,0.171,0.63,0.38,0.252,0.329,0.467,0.383,0.275,0.267,0.329,0.292,0.467,0.296,0.269,0.467,0.315,0.119,0.296,0.334,0.265,0.205,0.296,0.38,0.271,0.329,0.329,0.296,0.383,0.239,0.38,0.232,0.306,0.146,0.258,0.248,0.224,0.467,0.334,0.38,1.0,0.329,0.38,0.193,1.0,0.112,0.38,0.245,0.296,0.315,0.301,1.0,0.383,1.0,0.268,0.383,0.383,0.209,0.218,0.209,0.269,0.296,1.0,0.209,0.329,0.171,0.207,0.209,0.15,0.269,0.279,0.203,0.207,0.279,0.199,0.242,1.0,1.0,0.163,0.467,0.252,0.169,0.162,0.214,0.329,0.275,0.63,0.207,0.292,0.232,0.26,0.467,0.296,0.279,0.218,0.38,0.209,0.275,0.185,0.239,0.265,0.185,0.383,0.329,0.205,0.38,0.228
0.135,0.12,0.075,0.212,0.104,0.128,0.091,0.224,0.068,0.112,0.061,0.516,0.123,0.099,0.13,0.067,0.406,0.08,0.112,0.139,0.184,0.173,0.282,0.095,0.259,0.112,0.242,0.16,0.122,0.058,0.062,0.093,0.176,0.159,0.108,0.162,0.187,0.118,0.047,0.112,0.08,0.109,0.134,0.096,0.104,0.3,0.133,0.163,0.104,0.4,0.199,0.237,0.081,0.097,0.068,0.079,0.086,0.116,0.07,0.084,0.061,0.167,0.234,0.132,0.047,0.094,0.268,0.113,0.068,0.116,0.094,0.214,0.05,0.134,0.177,0.327,0.054,0.155,0.076,0.077,0.094,0.154,0.098,0.098,0.101,0.158,0.096,0.1,0.135,0.094,0.096,0.111,0.082,0.097,0.137,0.128,0.101,0.06,0.104,0.058,0.143,0.246,0.156,0.189,0.113,0.184,0.166,0.091,0.304,0.032,0.385,0.157,0.272,0.057,0.224,0.318,0.131,0.077,0.211,0.199,0.064,0.066,0.167,0.132,0.099,0.168,0.14,0.179,0.195,0.083,0.288,0.535,0.3,0.242,0.146,0.248,0.173,0.094,0.117,0.25,0.088,0.312,0.256,0.153,0.085,0.11,0.128,0.187,0.274,0.186,0.091,0.173,0.156,0.026,0.125,0.12,0.183,0.112,0.047,0.087,0.075,0.112,1.0,0.266,0.225,0.088,0.11,0.095,0.195,0.086,0.323,0.105,0.121,0.071,0.416,0.337,0.211,0.109,0.143,0.112,0.416,0.141,0.114,0.198,0.491,0.312,0.128,0.047,0.104,0.283,0.058,0.091,0.235,0.105,0.112,0.033,0.075,0.055,0.29,0.035,0.083,0.121,0.128,0.098,0.206,0.103,0.208,0.059,0.161,0.12,0.079,0.248,0.245,0.313,0.092,0.107,0.189,0.232,0.113,0.112,0.17,0.129,0.166,0.055
0.284,0.229,0.214,0.329,0.235,0.255,0.17,0.461,0.139,0.38,0.095,1.0,0.295,0.254,0.217,0.151,0.377,0.14,0.224,0.299,0.325,0.324,0.428,0.157,0.326,0.38,0.342,0.349,0.248,0.173,0.155,0.157,0.322,0.279,0.167,0.333,0.286,0.16,0.107,0.38,0.212,0.362,0.313,0.292,0.182,0.319,0.25,0.345,0.182,0.412,0.362,0.273,0.275,0.132,0.14,0.207,0.139,0.28,0.184,0.153,0.095,0.277,0.338,0.28,0.083,0.272,0.334,0.166,0.132,0.285,0.25,0.415,0.237,0.314,0.396,0.32,0.14,0.223,0.15,0.113,0.252,0.215,0.2,0.275,0.17,0.325,0.204,0.305,0.246,0.272,0.195,0.231,0.107,0.258,0.266,0.318,0.203,0.139,0.3,0.116,0.194,0.257,0.386,0.392,0.186,0.415,0.366,0.221,0.413,0.097,0.282,0.37,0.344,0.177,0.317,0.362,0.263,0.221,0.298,0.372,0.142,0.141,0.457,0.28,0.218,0.264,0.289,0.375,0.326,0.191,0.38,0.29,0.426,0.504,0.243,0.368,0.384,0.293,0.274,0.433,0.146,0.215,0.282,0.319,0.173,0.213,0.19,0.403,0.428,0.375,0.135,0.486,0.384,0.272,0.217,0.348,0.532,0.38,0.141,0.345,0.138,0.38,0.266,1.0,0.262,0.171,0.199,0.412,0.313,0.239,0.306,0.169,0.239,0.195,0.915,0.429,0.521,0.182,0.316,0.38,0.915,0.227,0.188,0.237,0.459,0.349,0.247,0.16,0.146,0.256,0.147,0.154,0.375,0.181,0.38,0.116,0.309,0.161,0.326,0.268,0.157,0.276,0.204,0.37,0.24,0.316,0.335,0.117,0.276,0.352,0.23,0.335,0.403,0.41,0.265,0.159,0.303,0.49,0.321,0.146,0.365,0.355,0.367,0.1
0.193,0.217,0.302,0.227,0.2,0.204,0.133,0.279,0.195,0.245,0.26,0.548,0.177,0.217,0.426,0.181,0.263,0.226,0.216,0.221,0.226,0.495,0.307,0.166,0.212,0.245,0.217,0.195,0.242,0.525,0.375,0.134,0.194,0.122,0.226,0.198,0.235,0.129,0.065,0.245,0.26,0.155,0.39,0.221,0.153,0.431,0.167,0.222,0.2,0.307,0.19,0.205,0.151,0.089,0.16,0.137,0.126,0.261,0.112,0.131,0.26,0.194,0.233,0.268,0.26,0.159,0.295,0.193,0.328,0.199,0.2,0.237,0.211,0.411,0.239,0.27,0.414,0.195,0.263,0.272,0.149,0.16,0.1,0.155,0.244,0.194,0.218,0.156,0.221,0.159,0.447,0.166,0.218,0.19,0.279,0.228,0.133,0.119,0.178,0.135,0.202,0.197,0.249,0.276,0.252,0.248,0.171,0.146,0.278,0.373,0.335,0.279,0.262,0.124,0.228,0.245,0.16,0.124,0.224,0.215,0.191,0.059,0.28,0.268,0.147,0.192,0.156,0.247,0.22,0.147,0.433,0.228,0.3,0.264,0.179,0.316,0.243,0.283,0.168,0.312,0.433,0.157,0.33,0.326,0.209,0.152,0.171,0.256,0.413,0.249,0.218,0.231,0.163,0.049,0.192,0.272,0.289,0.245,0.169,0.205,0.319,0.245,0.225,0.262,1.0,0.301,0.256,0.178,0.224,0.132,0.245,0.235,0.138,0.209,0.454,0.309,0.332,0.212,0.171,0.245,0.454,0.234,0.225,0.234,0.376,0.278,0.179,0.111,0.188,0.173,0.22,0.177,0.452,0.258,0.245,0.27,0.14,0.475,0.331,0.195,0.121,0.121,0.237,0.143,0.253,0.19,0.191,0.07,0.199,0.236,0.109,0.226,0.418,0.293,0.149,0.16,0.186,0.252,0.127,0.095,0.227,0.157,0.224,0.124
0.116,0.275,0.188,0.111,0.247,0.154,0.091,0.092,0.36,0.296,0.298,0.224,0.15,0.323,0.096,0.259,0.214,0.063,0.144,0.095,0.142,0.261,0.121,0.225,0.099,0.296,0.13,0.16,0.208,0.746,0.458,0.212,0.089,0.192,0.303,0.202,0.14,0.083,0.096,0.296,0.667,0.188,0.26,0.309,0.19,0.083,0.236,0.237,0.257,0.161,0.11,0.211,0.231,0.074,0.109,0.056,0.215,0.284,0.134,0.131,0.298,0.143,0.117,0.311,0.368,0.087,0.223,0.107,0.545,0.13,0.276,0.159,0.316,0.261,0.244,0.175,0.079,0.215,0.47,0.382,0.193,0.131,0.163,0.144,0.323,0.09,0.126,0.153,0.177,0.087,0.19,0.342,0.339,0.235,0.158,0.292,0.161,0.182,0.277,0.182,0.106,0.127,0.094,0.318,0.098,0.278,0.227,0.206,0.195,0.258,0.337,0.284,0.138,0.189,0.146,0.137,0.082,0.195,0.111,0.176,0.325,0.097,0.223,0.311,0.193,0.249,0.106,0.104,0.155,0.232,0.557,0.187,0.172,0.161,0.176,0.341,0.16,0.18,0.184,0.3,0.076,0.079,0.338,0.375,0.18,0.204,0.196,0.149,0.141,0.15,0.062,0.184,0.167,0.134,0.213,0.21,0.148,0.296,0.274,0.212,0.084,0.296,0.088,0.171,0.301,1.0,0.289,0.212,0.201,0.102,0.173,0.284,0.234,0.249,0.187,0.118,0.171,0.099,0.17,0.296,0.187,0.073,0.103,0.295,0.17,0.107,0.123,0.167,0.108,0.194,0.094,0.202,0.247,0.368,0.296,0.337,0.189,0.59,0.113,0.213,0.176,0.143,0.294,0.171,0.239,0.207,0.143,0.09,0.145,0.135,0.19,0.109,0.176,0.211,0.163,0.1,0.142,0.233,0.099,0.083,0.226,0.105,0.134,0.164
0.185,0.267,0.188,0.113,0.246,0.174,0.412,0.113,0.31,0.315,0.206,0.306,0.216,0.231,0.147,0.249,0.215,0.131,0.362,0.156,0.213,0.252,0.189,0.166,0.15,0.315,0.133,0.262,0.27,0.422,0.329,0.423,0.154,0.165,0.57,0.297,0.152,0.138,0.205,0.315,0.385,0.197,0.214,0.266,0.233,0.13,0.27,0.205,0.211,0.238,0.171,0.347,0.198,0.125,0.205,0.164,0.552,0.261,0.188,0.285,0.206,0.232,0.166,0.403,0.247,0.169,0.181,0.194,0.42,0.189,0.353,0.279,0.262,0.226,0.21,0.196,0.14,0.311,0.266,0.305,0.256,0.166,0.176,0.122,0.315,0.163,0.175,0.14,0.238,0.169,0.252,0.247,0.217,0.386,0.169,0.385,0.137,0.243,0.211,0.216,0.183,0.15,0.161,0.229,0.188,0.237,0.248,0.236,0.253,0.179,0.281,0.331,0.227,0.202,0.207,0.194,0.119,0.222,0.196,0.201,0.222,0.21,0.207,0.403,0.25,0.397,0.178,0.213,0.392,0.374,0.338,0.179,0.243,0.218,0.78,0.382,0.189,0.188,0.275,0.225,0.16,0.093,0.284,0.28,0.145,0.251,0.368,0.238,0.185,0.2,0.131,0.179,0.203,0.088,0.294,0.206,0.25,0.315,0.19,0.234,0.156,0.315,0.11,0.199,0.256,0.289,1.0,0.292,0.254,0.126,0.247,0.288,0.225,0.3,0.262,0.191,0.197,0.171,0.19,0.315,0.262,0.128,0.222,0.215,0.257,0.16,0.224,0.274,0.203,0.229,0.178,0.233,0.442,0.304,0.315,0.216,0.262,0.377,0.178,0.5,0.381,0.184,0.23,0.16,0.219,0.468,0.13,0.2,0.184,0.135,0.193,0.176,0.24,0.188,0.214,0.13,0.274,0.335,0.177,0.119,0.225,0.116,0.208,0.18
0.17,0.215,0.139,0.347,0.166,0.156,0.144,0.196,0.319,0.301,0.147,0.453,0.196,0.298,0.104,0.413,0.201,0.067,0.174,0.12,0.16,0.232,0.16,0.118,0.144,0.301,0.207,0.252,0.215,0.422,0.329,0.159,0.112,0.174,0.133,0.332,0.113,0.095,0.109,0.301,0.218,0.365,0.234,0.332,0.199,0.124,0.259,0.354,0.327,0.232,0.434,0.16,0.484,0.099,0.135,0.094,0.136,0.19,0.544,0.158,0.147,0.167,0.287,0.334,0.157,0.114,0.152,0.116,0.22,0.211,0.144,0.346,0.187,0.241,0.351,0.162,0.294,0.202,0.227,0.191,0.586,0.129,0.187,0.406,0.221,0.335,0.114,0.332,0.171,0.114,0.193,0.158,0.153,0.147,0.121,0.457,0.391,0.155,0.311,0.229,0.11,0.194,0.131,0.315,0.106,0.252,0.144,0.452,0.326,0.179,0.214,0.308,0.261,0.468,0.104,0.33,0.145,0.454,0.135,0.252,0.317,0.072,0.301,0.334,0.481,0.275,0.338,0.142,0.159,0.18,0.251,0.417,0.463,0.281,0.156,0.223,0.402,0.151,0.246,0.278,0.084,0.092,0.231,0.199,0.11,0.26,0.161,0.187,0.306,0.189,0.066,0.207,0.258,0.583,0.204,0.335,0.163,0.301,0.404,0.41,0.08,0.301,0.095,0.412,0.178,0.212,0.292,1.0,0.282,0.179,0.207,0.202,0.375,0.319,0.387,0.166,0.246,0.107,0.172,0.301,0.387,0.092,0.122,0.156,0.203,0.148,0.121,0.458,0.113,0.148,0.122,0.16,0.191,0.23,0.301,0.264,0.35,0.377,0.137,0.565,0.151,0.305,0.146,0.395,0.142,0.158,0.305,0.176,0.156,0.362,0.65,0.124,0.225,0.358,0.369,0.186,0.273,0.344,0.118,0.091,0.192,0.289,0.167,0.128
0.206,0.294,0.139,0.216,0.192,0.171,0.232,0.179,0.199,1.0,0.14,0.432,0.261,0.219,0.173,0.184,0.301,0.126,0.221,0.213,0.23,0.18,0.252,0.136,0.282,1.0,0.197,0.201,0.281,0.296,0.202,0.218,0.184,0.15,0.164,0.299,0.153,0.256,0.152,1.0,0.195,0.189,0.151,0.178,0.586,0.215,0.231,0.228,0.185,0.45,0.24,0.226,0.166,0.177,0.221,0.093,0.227,0.225,0.199,0.175,0.14,0.234,0.243,0.467,0.182,0.186,0.219,0.242,0.23,0.228,0.166,0.36,0.179,0.18,0.226,0.24,0.178,0.344,0.231,0.222,0.299,0.171,0.154,0.18,0.301,0.219,0.152,0.2,0.242,0.186,0.555,0.159,0.144,0.176,0.141,0.206,0.104,0.183,0.26,0.259,0.194,0.201,0.215,0.228,0.17,0.212,0.203,0.606,0.319,0.113,0.316,0.221,0.303,0.224,0.166,0.279,0.203,0.3,0.211,0.218,0.269,0.158,0.198,0.467,0.277,0.224,0.206,0.183,0.255,0.265,0.321,0.246,0.342,0.245,0.13,0.275,0.229,0.151,0.189,0.243,0.234,0.2,0.244,0.22,0.174,0.255,0.216,0.214,0.25,0.218,0.124,0.184,0.215,0.224,0.318,0.179,0.235,1.0,0.216,0.2,0.138,1.0,0.195,0.313,0.224,0.201,0.254,0.282,1.0,0.207,0.473,0.2,0.221,0.251,0.361,0.279,0.179,0.181,0.243,1.0,0.361,0.235,0.152,0.184,0.358,0.238,0.149,0.186,0.166,0.23,0.176,0.173,0.232,0.602,1.0,0.163,0.194,0.252,0.228,0.162,0.232,0.294,0.151,0.222,0.182,0.194,0.217,0.173,0.274,0.206,0.176,0.215,0.246,0.233,0.183,0.161,0.21,0.313,0.185,0.291,0.201,0.175,0.231,0.177
0.148,0.145,0.157,0.169,0.113,0.186,0.13,0.182,0.109,0.383,0.06,0.246,0.191,0.2,0.129,0.088,0.199,0.121,0.137,0.153,0.141,0.199,0.142,0.082,0.131,0.383,0.152,0.164,0.163,0.113,0.091,0.092,0.177,0.138,0.1,0.147,0.118,0.202,0.085,0.383,0.111,0.174,0.195,0.127,0.216,0.105,0.1,0.173,0.115,0.185,0.145,0.104,0.156,0.105,0.117,0.163,0.08,0.117,0.087,0.127,0.06,0.178,0.271,0.193,0.054,0.187,0.118,0.192,0.077,0.212,0.11,0.164,0.086,0.206,0.16,0.244,0.17,0.169,0.117,0.075,0.158,0.131,0.133,0.213,0.116,0.164,0.166,0.223,0.144,0.187,0.217,0.087,0.067,0.117,0.13,0.126,0.138,0.077,0.18,0.09,0.16,0.108,0.213,0.154,0.129,0.189,0.208,0.244,0.185,0.052,0.119,0.17,0.15,0.145,0.182,0.158,0.43,0.128,0.125,0.257,0.141,0.071,0.19,0.193,0.144,0.145,0.167,0.332,0.13,0.118,0.156,0.146,0.171,0.188,0.14,0.149,0.164,0.16,0.132,0.156,0.298,0.246,0.161,0.15,0.135,0.116,0.11,0.185,0.241,0.16,0.113,0.153,0.17,0.294,0.196,0.298,0.166,0.383,0.135,0.189,0.11,0.383,0.086,0.239,0.132,0.102,0.126,0.179,0.207,1.0,0.236,0.1,0.167,0.234,0.226,0.152,0.214,0.156,0.112,0.383,0.226,0.172,0.121,0.124,0.174,0.123,0.162,0.101,0.112,0.135,0.18,0.086,0.173,0.202,0.383,0.067,0.182,0.101,0.136,0.178,0.065,0.14,0.153,0.222,0.155,0.129,0.224,0.21,0.324,0.196,0.147,0.12,0.183,0.151,0.19,0.168,0.179,0.261,0.292,0.391,0.174,0.179,0.173,0.067
0.273,0.262,0.182,0.355,0.199,0.174,0.232,0.476,0.163,1.0,0.119,0.551,0.29,0.223,0.213,0.158,0.309,0.168,0.253,0.243,0.244,0.211,0.289,0.113,0.282,1.0,0.265,0.279,0.25,0.296,0.202,0.177,0.221,0.15,0.208,0.232,0.222,0.233,0.129,1.0,0.197,0.206,0.173,0.196,0.434,0.354,0.235,0.285,0.191,0.392,0.215,0.264,0.16,0.168,0.212,0.242,0.177,0.25,0.163,0.159,0.119,0.214,0.352,0.467,0.144,0.186,0.32,0.258,0.19,0.271,0.242,0.302,0.17,0.195,0.248,0.29,0.153,0.29,0.182,0.173,0.243,0.168,0.141,0.229,0.258,0.293,0.17,0.213,0.205,0.186,0.416,0.136,0.121,0.261,0.176,0.208,0.188,0.159,0.245,0.204,0.212,0.228,0.23,0.283,0.15,0.228,0.233,0.443,0.318,0.113,0.31,0.238,0.274,0.197,0.229,0.265,0.232,0.239,0.451,0.299,0.214,0.134,0.237,0.467,0.219,0.189,0.209,0.28,0.29,0.257,0.31,0.309,0.359,0.298,0.242,0.325,0.29,0.19,0.21,0.28,0.244,0.253,0.26,0.224,0.201,0.24,0.273,0.265,0.364,0.335,0.165,0.231,0.222,0.224,0.284,0.249,0.28,1.0,0.177,0.21,0.165,1.0,0.323,0.306,0.245,0.173,0.247,0.207,0.473,0.236,1.0,0.183,0.193,0.265,0.465,0.414,0.214,0.198,0.231,1.0,0.465,0.251,0.191,0.154,0.348,0.27,0.215,0.149,0.227,0.172,0.201,0.187,0.294,0.441,1.0,0.163,0.223,0.252,0.248,0.162,0.127,0.203,0.262,0.251,0.187,0.264,0.262,0.199,0.316,0.249,0.159,0.221,0.316,0.268,0.19,0.149,0.284,0.265,0.185,0.304,0.316,0.255,0.269,0.147
0.148,0.263,0.165,0.118,0.194,0.159,0.106,0.107,0.278,0.268,0.229,0.273,0.191,0.33,0.153,0.731,0.203,0.129,0.16,0.125,0.173,0.179,0.174,0.182,0.132,0.268,0.176,0.192,0.2,0.458,0.574,0.25,0.169,0.122,0.173,0.192,0.16,0.22,0.128,0.268,0.307,0.181,0.211,0.453,0.193,0.163,0.235,0.306,0.38,0.209,0.152,0.202,0.2,0.166,0.139,0.17,0.244,0.33,0.255,0.555,0.229,0.229,0.126,0.321,0.26,0.308,0.262,0.218,0.361,0.181,0.223,0.191,0.34,0.166,0.312,0.179,0.07,0.278,0.328,0.332,0.211,0.18,0.4,0.162,0.312,0.124,0.155,0.134,0.164,0.308,0.187,0.2,0.345,0.219,0.137,0.262,0.135,0.159,0.414,0.178,0.196,0.126,0.191,0.272,0.11,0.404,0.17,0.194,0.218,0.205,0.306,0.244,0.193,0.391,0.105,0.172,0.114,0.182,0.153,0.185,0.36,0.105,0.29,0.321,0.209,0.269,0.25,0.123,0.204,0.218,0.329,0.157,0.184,0.271,0.112,0.246,0.158,0.155,0.162,0.312,0.109,0.12,0.281,0.221,0.153,0.323,0.176,0.148,0.147,0.171,0.132,0.261,0.168,0.08,0.259,0.148,0.194,0.268,0.411,0.154,0.124,0.268,0.105,0.169,0.235,0.284,0.288,0.202,0.2,0.1,0.183,1.0,0.182,0.246,0.237,0.17,0.144,0.172,0.169,0.268,0.237,0.118,0.108,0.182,0.227,0.171,0.152,0.15,0.218,0.156,0.123,0.174,0.227,0.342,0.268,0.252,0.149,0.421,0.157,0.187,0.182,0.139,0.164,0.174,0.16,0.184,0.11,0.254,0.162,0.113,0.142,0.149,0.288,0.183,0.311,0.095,0.13,0.21,0.187,0.134,0.158,0.084,0.193,0.155
0.193,0.251,0.149,0.231,0.142,0.192,0.147,0.097,0.232,0.383,0.137,0.279,0.222,0.253,0.133,0.215,0.22,0.115,0.238,0.144,0.195,0.216,0.17,0.125,0.153,0.383,0.434,0.208,0.257,0.274,0.221,0.198,0.141,0.224,0.143,0.373,0.119,0.126,0.128,0.383,0.22,0.28,0.216,0.227,0.213,0.111,0.221,0.26,0.197,0.218,0.267,0.176,0.274,0.116,0.159,0.111,0.193,0.185,0.366,0.161,0.137,0.206,0.218,0.469,0.143,0.187,0.14,0.15,0.192,0.178,0.158,0.223,0.15,0.242,0.212,0.155,0.226,0.272,0.26,0.181,0.564,0.144,0.226,0.246,0.27,0.223,0.138,0.313,0.212,0.187,0.206,0.169,0.147,0.172,0.12,0.263,0.194,0.138,0.254,0.209,0.156,0.212,0.148,0.233,0.142,0.222,0.147,0.331,0.294,0.126,0.239,0.228,0.272,0.316,0.119,0.235,0.143,0.506,0.164,0.181,0.291,0.111,0.238,0.469,0.495,0.337,0.179,0.153,0.198,0.229,0.225,0.257,0.277,0.219,0.198,0.206,0.247,0.157,0.241,0.229,0.098,0.102,0.196,0.229,0.118,0.406,0.177,0.214,0.224,0.159,0.107,0.311,0.246,0.402,0.27,0.249,0.176,0.383,0.246,0.272,0.131,0.383,0.121,0.239,0.138,0.234,0.225,0.375,0.221,0.167,0.193,0.182,1.0,0.42,0.243,0.175,0.208,0.152,0.149,0.383,0.243,0.119,0.135,0.227,0.217,0.14,0.149,0.35,0.154,0.367,0.163,0.149,0.191,0.242,0.383,0.163,0.219,0.245,0.154,0.256,0.138,0.27,0.202,0.303,0.304,0.186,0.288,0.215,0.153,0.228,0.364,0.146,0.23,0.2,0.288,0.199,0.248,0.525,0.195,0.11,0.141,0.249,0.18,0.133
0.188,0.253,0.182,0.152,0.175,0.155,0.152,0.091,0.255,0.383,0.19,0.259,0.246,0.263,0.139,0.224,0.193,0.118,0.204,0.142,0.167,0.215,0.152,0.146,0.128,0.383,0.209,0.214,0.247,0.377,0.416,0.199,0.162,0.165,0.207,0.334,0.121,0.152,0.104,0.383,0.326,0.266,0.19,0.263,0.254,0.087,0.246,0.262,0.233,0.179,0.151,0.181,0.372,0.113,0.175,0.223,0.175,0.259,0.231,0.184,0.19,0.173,0.162,0.469,0.26,0.187,0.148,0.208,0.306,0.196,0.274,0.219,0.204,0.212,0.244,0.397,0.133,0.27,0.268,0.318,0.404,0.113,0.161,0.221,0.283,0.2,0.145,0.27,0.197,0.187,0.245,0.193,0.254,0.291,0.177,0.266,0.129,0.178,0.284,0.244,0.16,0.15,0.152,0.252,0.104,0.236,0.139,0.295,0.216,0.35,0.251,0.246,0.171,0.459,0.108,0.176,0.264,0.35,0.168,0.229,0.287,0.072,0.238,0.469,0.359,0.219,0.165,0.21,0.2,0.245,0.27,0.255,0.21,0.204,0.324,0.306,0.224,0.176,0.237,0.246,0.135,0.12,0.285,0.243,0.16,0.357,0.23,0.189,0.19,0.21,0.11,0.231,0.153,0.44,0.296,0.316,0.186,0.383,0.266,0.28,0.127,0.383,0.071,0.195,0.209,0.249,0.3,0.319,0.251,0.234,0.265,0.246,0.42,1.0,0.243,0.148,0.181,0.157,0.19,0.383,0.243,0.132,0.114,0.159,0.172,0.109,0.147,0.301,0.178,0.143,0.161,0.243,0.263,0.292,0.383,0.265,0.216,0.341,0.129,0.262,0.17,0.207,0.19,0.339,0.184,0.275,0.211,0.182,0.422,0.206,0.255,0.158,0.189,0.175,0.28,0.135,0.196,0.291,0.195,0.266,0.183,0.175,0.196,0.167
0.826,0.266,0.341,0.509,0.574,0.349,0.262,0.374,0.171,0.209,0.142,0.915,0.582,0.769,0.499,0.158,0.553,0.195,0.349,0.736,0.769,0.714,1.0,0.235,0.61,0.209,0.592,0.915,0.45,0.148,0.134,0.221,0.556,0.233,0.262,0.477,0.574,0.262,0.113,0.209,0.187,0.586,0.349,0.769,0.209,0.499,0.55,0.769,0.206,0.915,0.584,0.55,0.28,0.254,0.166,0.157,0.185,0.769,0.166,0.191,0.142,0.414,0.674,0.266,0.125,0.226,0.586,0.279,0.173,0.463,0.309,0.915,0.147,0.349,0.915,0.793,0.146,0.341,0.17,0.171,0.243,0.278,0.184,0.48,0.266,0.592,0.341,0.674,0.45,0.226,0.209,0.237,0.134,0.309,0.638,0.515,0.18,0.193,0.341,0.173,0.341,0.374,0.674,0.826,0.298,0.915,0.735,0.209,0.915,0.078,0.48,1.0,0.736,0.158,0.55,0.815,0.489,0.197,0.714,0.915,0.171,0.142,1.0,0.266,0.243,0.36,0.586,0.902,0.736,0.266,0.915,0.45,0.693,1.0,0.203,0.915,0.693,0.699,0.61,0.826,0.191,0.346,0.362,0.815,0.288,0.243,0.279,0.915,0.915,0.902,0.197,1.0,0.345,0.059,0.341,0.48,0.902,0.209,0.134,0.674,0.197,0.209,0.416,0.915,0.454,0.187,0.262,0.387,0.361,0.226,0.465,0.237,0.243,0.243,1.0,0.902,1.0,0.341,0.826,0.209,1.0,0.582,0.278,0.349,1.0,0.652,0.341,0.144,0.279,0.349,0.151,0.233,0.915,0.209,0.209,0.093,0.309,0.137,0.714,0.094,0.169,0.396,0.278,0.902,0.349,0.826,0.592,0.143,0.736,0.736,0.152,0.674,0.902,1.0,0.209,0.233,0.529,0.45,0.248,0.226,0.648,0.428,0.648,0.134
0.346,0.208,0.222,0.476,0.184,0.281,0.16,0.596,0.12,0.218,0.102,0.847,0.363,0.255,0.318,0.116,0.368,0.22,0.27,0.461,0.367,0.299,0.676,0.153,0.487,0.218,0.382,0.354,0.249,0.128,0.117,0.162,0.445,0.196,0.184,0.269,0.383,0.182,0.082,0.218,0.127,0.229,0.207,0.299,0.183,0.497,0.176,0.393,0.16,0.559,0.351,0.28,0.15,0.154,0.16,0.248,0.145,0.58,0.121,0.148,0.102,0.316,0.337,0.254,0.088,0.19,0.518,0.214,0.124,0.289,0.184,0.376,0.209,0.213,0.365,0.408,0.11,0.262,0.126,0.133,0.174,0.214,0.13,0.197,0.188,0.494,0.315,0.171,0.252,0.19,0.186,0.13,0.103,0.197,0.315,0.234,0.174,0.112,0.177,0.115,0.266,0.384,0.313,0.415,0.195,0.307,0.276,0.17,0.476,0.064,0.334,0.296,0.433,0.104,0.371,0.474,0.212,0.143,0.428,0.296,0.115,0.084,0.344,0.254,0.177,0.212,0.283,0.346,0.603,0.177,0.455,0.269,0.401,0.532,0.172,0.424,0.316,0.288,0.391,0.41,0.154,0.226,0.273,0.271,0.199,0.173,0.242,0.393,0.535,0.529,0.212,0.386,0.232,0.051,0.23,0.244,0.361,0.218,0.085,0.172,0.205,0.218,0.337,0.429,0.309,0.118,0.191,0.166,0.279,0.152,0.414,0.17,0.175,0.148,0.902,1.0,0.406,0.254,0.396,0.218,0.902,0.335,0.216,0.213,0.706,0.432,0.216,0.092,0.223,0.261,0.214,0.205,0.408,0.186,0.218,0.075,0.133,0.118,0.501,0.077,0.132,0.206,0.153,0.243,0.229,0.278,0.309,0.103,0.295,0.247,0.109,0.42,0.439,0.507,0.13,0.163,0.333,0.418,0.214,0.168,0.378,0.295,0.351,0.097
0.327,0.244,0.297,0.253,0.203,0.308,0.167,0.384,0.129,0.209,0.099,1.0,0.313,0.298,0.275,0.119,0.33,0.183,0.247,0.371,0.376,0.434,0.489,0.15,0.343,0.209,0.273,0.36,0.248,0.194,0.176,0.132,0.373,0.489,0.173,0.293,0.302,0.134,0.082,0.209,0.202,0.362,0.384,0.338,0.129,0.242,0.225,0.31,0.172,0.356,0.286,0.244,0.256,0.115,0.139,0.293,0.115,0.323,0.113,0.13,0.099,0.278,0.324,0.28,0.09,0.272,0.259,0.186,0.129,0.331,0.241,0.353,0.208,0.401,0.4,0.291,0.248,0.203,0.131,0.13,0.172,0.24,0.18,0.27,0.16,0.343,0.263,0.342,0.242,0.272,0.246,0.196,0.123,0.253,0.383,0.305,0.167,0.117,0.185,0.16,0.206,0.302,0.464,0.406,0.257,0.409,0.273,0.154,0.375,0.194,0.241,0.583,0.299,0.155,0.307,0.316,0.266,0.128,0.317,0.356,0.134,0.1,0.475,0.28,0.164,0.257,0.221,0.432,0.34,0.18,0.341,0.239,0.387,0.546,0.243,0.339,0.393,0.351,0.299,0.477,0.247,0.17,0.249,0.356,0.186,0.186,0.192,0.523,0.485,0.429,0.174,0.536,0.29,0.263,0.204,0.385,0.478,0.209,0.126,0.372,0.239,0.209,0.211,0.521,0.332,0.171,0.197,0.246,0.179,0.214,0.214,0.144,0.208,0.181,1.0,0.406,1.0,0.205,0.289,0.209,1.0,0.263,0.218,0.233,0.413,0.35,0.244,0.129,0.171,0.264,0.23,0.233,0.442,0.131,0.209,0.202,0.266,0.183,0.387,0.316,0.114,0.2,0.225,0.354,0.294,0.334,0.264,0.107,0.293,0.377,0.208,0.328,0.454,0.381,0.252,0.211,0.274,0.49,0.302,0.114,0.398,0.384,0.381,0.094
0.192,0.182,0.374,0.105,0.121,0.386,0.102,0.215,0.12,0.269,0.102,0.383,0.404,0.127,0.499,0.12,0.338,0.461,0.533,0.253,0.19,0.243,0.266,0.075,0.213,0.269,0.107,0.179,0.353,0.151,0.133,0.16,0.256,0.096,0.119,0.145,0.251,0.319,0.074,0.269,0.114,0.115,0.172,0.14,0.205,0.131,0.1,0.127,0.119,0.22,0.16,0.147,0.077,0.142,0.172,0.293,0.149,0.197,0.124,0.164,0.102,0.324,0.159,0.306,0.092,0.245,0.129,0.291,0.132,0.186,0.226,0.172,0.13,0.204,0.165,0.166,0.175,0.411,0.096,0.136,0.178,0.198,0.092,0.105,0.199,0.185,0.44,0.122,0.297,0.245,0.239,0.08,0.092,0.24,0.277,0.144,0.168,0.09,0.166,0.117,0.642,0.195,0.259,0.161,0.215,0.147,0.121,0.177,0.195,0.07,0.175,0.189,0.188,0.109,0.161,0.18,0.18,0.149,0.242,0.144,0.116,0.049,0.225,0.306,0.176,0.12,0.096,0.19,0.238,0.186,0.196,0.1,0.16,0.32,0.108,0.196,0.157,0.338,0.165,0.188,0.319,0.12,0.276,0.187,0.347,0.167,0.143,0.267,0.213,0.201,0.479,0.17,0.176,0.059,0.338,0.176,0.293,0.269,0.086,0.118,0.355,0.269,0.109,0.182,0.212,0.099,0.171,0.107,0.181,0.156,0.198,0.172,0.152,0.157,0.341,0.254,0.205,1.0,0.122,0.269,0.341,0.523,0.172,0.107,0.263,0.197,0.258,0.091,0.297,0.127,0.234,0.139,0.225,0.199,0.269,0.085,0.119,0.137,0.26,0.086,0.105,0.103,0.158,0.119,0.209,0.181,0.108,0.137,0.191,0.133,0.095,0.178,0.207,0.162,0.123,0.252,0.17,0.185,0.498,0.213,0.169,0.102,0.326,0.091
0.193,0.182,0.129,0.214,0.169,0.136,0.12,0.262,0.144,0.296,0.121,0.795,0.214,0.22,0.14,0.136,0.249,0.093,0.148,0.204,0.3,0.211,0.281,0.134,0.207,0.296,0.178,0.235,0.206,0.235,0.201,0.152,0.161,0.168,0.127,0.453,0.175,0.126,0.087,0.296,0.201,0.189,0.161,0.243,0.217,0.189,0.157,0.359,0.137,0.316,0.204,0.177,0.194,0.095,0.128,0.114,0.154,0.258,0.117,0.124,0.121,0.184,0.18,0.244,0.134,0.161,0.29,0.133,0.211,0.156,0.157,0.287,0.26,0.164,0.309,0.279,0.063,0.205,0.148,0.212,0.151,0.127,0.11,0.116,0.18,0.129,0.118,0.129,0.202,0.161,0.21,0.351,0.13,0.161,0.254,0.387,0.128,0.116,0.207,0.249,0.143,0.119,0.184,0.27,0.121,0.281,0.248,0.208,0.287,0.21,0.208,0.306,0.239,0.146,0.168,0.259,0.127,0.129,0.195,0.228,0.127,0.071,0.252,0.244,0.151,0.228,0.433,0.191,0.216,0.161,0.312,0.181,0.279,0.302,0.148,0.315,0.181,0.179,0.173,0.265,0.102,0.125,0.21,0.215,0.11,0.156,0.14,0.212,0.268,0.282,0.09,0.293,0.208,0.055,0.2,0.174,0.344,0.296,0.115,0.228,0.104,0.296,0.143,0.316,0.171,0.17,0.19,0.172,0.243,0.112,0.231,0.169,0.149,0.19,0.826,0.396,0.289,0.122,1.0,0.296,0.826,0.151,0.116,0.161,0.421,0.232,0.129,0.117,0.116,0.183,0.09,0.168,0.277,0.236,0.296,0.552,0.134,0.216,0.225,0.224,0.121,0.148,0.136,0.257,0.169,0.196,0.149,0.075,0.17,0.205,0.116,0.231,0.271,0.328,0.152,0.084,0.16,0.392,0.187,0.129,0.252,0.108,0.335,0.148
0.247,0.467,0.269,0.265,0.252,0.269,0.275,0.07,0.253,1.0,0.183,0.204,0.467,0.38,0.172,0.258,0.38,0.146,0.334,0.229,0.329,0.265,0.209,0.135,0.38,1.0,0.15,0.292,0.467,0.296,0.202,0.315,0.184,0.15,0.156,0.34,0.122,0.38,0.194,1.0,0.296,0.317,0.245,0.296,1.0,0.133,0.329,0.277,0.317,0.467,0.196,0.315,0.269,0.228,0.315,0.093,0.292,0.296,0.301,0.253,0.183,0.228,0.38,0.467,0.246,0.186,0.15,0.38,0.329,0.38,0.239,0.38,0.232,0.38,0.253,0.229,0.269,0.467,0.296,0.264,0.383,0.171,0.258,0.274,0.467,0.269,0.269,0.38,0.265,0.186,1.0,0.232,0.202,0.242,0.16,0.315,0.111,0.226,0.334,0.329,0.269,0.225,0.38,0.296,0.199,0.3,0.329,1.0,0.334,0.113,0.38,0.38,0.301,0.38,0.168,0.209,0.334,0.383,0.171,0.63,0.38,0.252,0.329,0.467,0.383,0.275,0.267,0.329,0.292,0.467,0.296,0.269,0.467,0.315,0.119,0.296,0.334,0.265,0.205,0.296,0.38,0.271,0.329,0.329,0.296,0.383,0.239,0.38,0.232,0.306,0.146,0.258,0.248,0.224,0.467,0.334,0.38,1.0,0.329,0.38,0.193,1.0,0.112,0.38,0.245,0.296,0.315,0.301,1.0,0.383,1.0,0.268,0.383,0.383,0.209,0.218,0.209,0.269,0.296,1.0,0.209,0.329,0.171,0.207,0.209,0.15,0.269,0.279,0.203,0.207,0.279,0.199,0.242,1.0,1.0,0.163,0.467,0.252,0.169,0.162,0.214,0.329,0.275,0.63,0.207,0.292,0.232,0.26,0.467,0.296,0.279,0.218,0.38,0.209,0.275,0.185,0.239,0.265,0.185,0.383,0.329,0.205,0.38,0.228
0.826,0.266,0.341,0.509,0.574,0.349,0.262,0.374,0.171,0.209,0.142,0.915,0.582,0.769,0.499,0.158,0.553,0.195,0.349,0.736,0.769,0.714,1.0,0.235,0.61,0.209,0.592,0.915,0.45,0.148,0.134,0.221,0.556,0.233,0.262,0.477,0.574,0.262,0.113,0.209,0.187,0.586,0.349,0.769,0.209,0.499,0.55,0.769,0.206,0.915,0.584,0.55,0.28,0.254,0.166,0.157,0.185,0.769,0.166,0.191,0.142,0.414,0.674,0.266,0.125,0.226,0.586,0.279,0.173,0.463,0.309,0.915,0.147,0.349,0.915,0.793,0.146,0.341,0.17,0.171,0.243,0.278,0.184,0.48,0.266,0.592,0.341,0.674,0.45,0.226,0.209,0.237,0.134,0.309,0.638,0.515,0.18,0.193,0.341,0.173,0.341,0.374,0.674,0.826,0.298,0.915,0.735,0.209,0.915,0.078,0.48,1.0,0.736,0.158,0.55,0.815,0.489,0.197,0.714,0.915,0.171,0.142,1.0,0.266,0.243,0.36,0.586,0.902,0.736,0.266,0.915,0.45,0.693,1.0,0.203,0.915,0.693,0.699,0.61,0.826,0.191,0.346,0.362,0.815,0.288,0.243,0.279,0.915,0.915,0.902,0.197,1.0,0.345,0.059,0.341,0.48,0.902,0.209,0.134,0.674,0.197,0.209,0.416,0.915,0.454,0.187,0.262,0.387,0.361,0.226,0.465,0.237,0.243,0.243,1.0,0.902,1.0,0.341,0.826,0.209,1.0,0.582,0.278,0.349,1.0,0.652,0.341,0.144,0.279,0.349,0.151,0.233,0.915,0.209,0.209,0.093,0.309,0.137,0.714,0.094,0.169,0.396,0.278,0.902,0.349,0.826,0.592,0.143,0.736,0.736,0.152,0.674,0.902,1.0,0.209,0.233,0.529,0.45,0.248,0.226,0.648,0.428,0.648,0.134
0.222,0.148,0.379,0.153,0.12,0.298,0.114,0.363,0.089,0.329,0.072,0.584,0.52,0.133,0.588,0.083,0.255,0.418,0.326,0.314,0.366,0.322,0.336,0.087,0.233,0.329,0.152,0.212,0.393,0.077,0.077,0.115,0.255,0.259,0.123,0.157,0.239,0.228,0.057,0.329,0.09,0.143,0.184,0.13,0.218,0.181,0.094,0.15,0.104,0.321,0.179,0.162,0.084,0.154,0.171,0.195,0.104,0.206,0.086,0.101,0.072,0.257,0.192,0.177,0.057,0.113,0.187,0.241,0.085,0.224,0.181,0.206,0.087,0.219,0.194,0.225,0.202,0.25,0.083,0.093,0.128,0.168,0.082,0.118,0.132,0.241,0.326,0.126,0.375,0.113,0.288,0.073,0.069,0.193,0.376,0.129,0.122,0.071,0.134,0.172,0.433,0.227,0.237,0.202,0.346,0.171,0.163,0.206,0.259,0.038,0.17,0.195,0.222,0.085,0.204,0.252,0.191,0.114,0.371,0.181,0.099,0.052,0.2,0.177,0.132,0.125,0.115,0.227,0.254,0.127,0.241,0.12,0.205,0.345,0.119,0.243,0.165,0.354,0.166,0.223,0.307,0.157,0.196,0.196,0.443,0.115,0.152,0.26,0.303,0.277,0.404,0.204,0.189,0.066,0.203,0.204,0.32,0.329,0.073,0.134,0.31,0.329,0.141,0.227,0.234,0.073,0.128,0.092,0.235,0.172,0.251,0.118,0.119,0.132,0.582,0.335,0.263,0.523,0.151,0.329,0.582,1.0,0.207,0.12,0.408,0.271,0.18,0.064,0.262,0.153,0.256,0.19,0.282,0.213,0.329,0.041,0.114,0.071,0.422,0.043,0.09,0.122,0.154,0.146,0.253,0.175,0.136,0.114,0.244,0.163,0.072,0.21,0.269,0.307,0.118,0.376,0.186,0.266,0.246,0.214,0.291,0.115,0.295,0.066
0.204,0.206,0.258,0.167,0.102,0.188,0.191,0.189,0.093,0.171,0.171,0.323,0.197,0.142,0.269,0.089,0.224,0.209,0.333,0.179,0.169,0.314,0.183,0.278,0.145,0.171,0.187,0.161,0.285,0.108,0.102,0.12,0.141,0.174,0.238,0.198,0.163,0.071,0.078,0.171,0.111,0.191,0.278,0.111,0.124,0.18,0.085,0.203,0.125,0.224,0.141,0.108,0.139,0.063,0.13,0.175,0.117,0.155,0.09,0.089,0.171,0.218,0.184,0.21,0.074,0.077,0.186,0.111,0.101,0.194,0.109,0.148,0.14,0.307,0.16,0.132,0.2,0.156,0.109,0.106,0.129,0.2,0.116,0.105,0.261,0.147,0.183,0.13,0.303,0.077,0.277,0.114,0.09,0.123,0.257,0.116,0.148,0.093,0.084,0.086,0.168,0.123,0.179,0.177,0.296,0.165,0.126,0.116,0.237,0.057,0.274,0.159,0.177,0.08,0.236,0.18,0.114,0.11,0.188,0.18,0.087,0.078,0.152,0.21,0.128,0.182,0.114,0.162,0.187,0.137,0.19,0.099,0.221,0.187,0.279,0.177,0.113,0.278,0.128,0.167,0.205,0.075,0.132,0.158,0.282,0.132,0.261,0.253,0.287,0.213,0.206,0.151,0.171,0.044,0.141,0.278,0.169,0.171,0.067,0.129,0.188,0.171,0.114,0.188,0.225,0.103,0.222,0.122,0.152,0.121,0.191,0.108,0.135,0.114,0.278,0.216,0.218,0.172,0.116,0.171,0.278,0.207,1.0,0.233,0.271,0.21,0.171,0.071,0.151,0.348,0.166,0.194,0.229,0.138,0.171,0.066,0.121,0.1,0.206,0.067,0.093,0.113,0.213,0.125,0.349,0.169,0.112,0.071,0.127,0.135,0.096,0.18,0.263,0.187,0.142,0.187,0.189,0.359,0.086,0.062,0.206,0.132,0.173,0.178
0.187,0.287,0.209,0.129,0.164,0.309,0.154,0.146,0.176,0.207,0.52,0.392,0.168,0.223,0.129,0.157,0.299,0.078,0.243,0.152,0.241,0.333,0.201,0.38,0.174,0.207,0.166,0.19,0.255,0.302,0.237,0.155,0.144,0.376,0.202,0.302,0.143,0.091,0.09,0.207,0.249,0.271,0.331,0.194,0.152,0.154,0.161,0.233,0.198,0.255,0.174,0.163,0.186,0.083,0.119,0.073,0.143,0.208,0.118,0.117,0.52,0.241,0.159,0.263,0.187,0.107,0.246,0.111,0.246,0.186,0.145,0.195,0.167,0.341,0.212,0.193,0.093,0.195,0.22,0.208,0.167,0.177,0.188,0.098,0.422,0.128,0.155,0.148,0.276,0.107,0.153,0.253,0.226,0.147,0.202,0.186,0.137,0.134,0.149,0.127,0.113,0.153,0.15,0.277,0.191,0.275,0.177,0.146,0.251,0.273,0.304,0.22,0.21,0.118,0.17,0.214,0.125,0.141,0.175,0.198,0.17,0.133,0.241,0.263,0.165,0.304,0.151,0.169,0.185,0.154,0.308,0.184,0.215,0.215,0.321,0.234,0.143,0.215,0.142,0.276,0.099,0.123,0.261,0.258,0.242,0.216,0.218,0.277,0.213,0.194,0.076,0.208,0.204,0.058,0.185,0.197,0.16,0.207,0.149,0.154,0.112,0.207,0.198,0.237,0.234,0.295,0.215,0.156,0.184,0.124,0.154,0.182,0.227,0.159,0.349,0.213,0.233,0.107,0.161,0.207,0.349,0.12,0.233,1.0,0.295,0.194,0.143,0.112,0.116,0.479,0.11,0.18,0.231,0.219,0.207,0.169,0.152,0.283,0.194,0.118,0.121,0.192,0.24,0.155,0.365,0.187,0.134,0.074,0.144,0.121,0.165,0.193,0.221,0.257,0.166,0.194,0.163,0.447,0.115,0.076,0.217,0.107,0.161,0.251
0.346,0.239,0.188,0.394,0.23,0.231,0.214,0.384,0.153,0.209,0.137,1.0,0.332,0.275,0.342,0.16,0.433,0.222,0.258,0.339,0.466,0.351,0.611,0.233,0.426,0.209,0.399,0.326,0.275,0.173,0.155,0.194,0.463,0.279,0.252,0.336,0.394,0.268,0.126,0.209,0.172,0.238,0.256,0.277,0.199,0.534,0.208,0.358,0.209,0.758,0.57,0.297,0.19,0.226,0.155,0.189,0.192,0.366,0.171,0.216,0.137,0.353,0.349,0.28,0.137,0.272,0.53,0.249,0.169,0.209,0.224,0.468,0.154,0.257,0.377,0.529,0.146,0.347,0.182,0.179,0.205,0.28,0.182,0.182,0.22,0.269,0.233,0.199,0.302,0.272,0.19,0.189,0.148,0.23,0.399,0.314,0.21,0.15,0.216,0.155,0.336,0.31,0.41,0.468,0.296,0.371,0.345,0.174,0.586,0.097,0.407,0.308,0.654,0.136,0.298,0.676,0.292,0.181,0.451,0.344,0.143,0.139,0.355,0.28,0.206,0.278,0.318,0.322,0.477,0.191,0.574,0.349,0.466,0.519,0.243,0.493,0.279,0.248,0.304,0.436,0.196,0.272,0.339,0.324,0.24,0.213,0.271,0.339,0.512,0.45,0.228,0.368,0.316,0.067,0.288,0.236,0.387,0.209,0.114,0.209,0.177,0.209,0.491,0.459,0.376,0.17,0.257,0.203,0.358,0.174,0.348,0.227,0.217,0.172,1.0,0.706,0.413,0.263,0.421,0.209,1.0,0.408,0.271,0.295,1.0,0.58,0.259,0.131,0.235,0.381,0.139,0.236,0.485,0.203,0.209,0.116,0.159,0.161,0.606,0.117,0.189,0.274,0.198,0.239,0.303,0.28,0.326,0.146,0.268,0.236,0.152,0.66,0.462,0.62,0.164,0.192,0.363,0.49,0.29,0.217,0.367,0.24,0.408,0.137
0.254,0.154,0.143,0.326,0.239,0.192,0.139,0.459,0.097,0.15,0.088,0.659,0.238,0.257,0.221,0.104,0.366,0.182,0.21,0.203,0.423,0.285,0.39,0.147,0.26,0.15,0.33,0.224,0.186,0.096,0.094,0.13,0.252,0.591,0.16,0.217,0.454,0.242,0.074,0.15,0.134,0.253,0.195,0.159,0.149,0.394,0.153,0.232,0.146,0.462,0.297,0.236,0.136,0.125,0.097,0.324,0.118,0.201,0.108,0.16,0.088,0.284,0.238,0.178,0.076,0.224,0.403,0.186,0.1,0.202,0.168,0.306,0.097,0.19,0.251,0.353,0.09,0.314,0.111,0.109,0.132,0.567,0.118,0.146,0.141,0.204,0.184,0.153,0.204,0.224,0.133,0.123,0.093,0.173,0.27,0.214,0.19,0.096,0.134,0.22,0.257,0.279,0.396,0.453,0.406,0.242,0.238,0.121,0.392,0.059,0.288,0.333,0.355,0.089,0.244,0.391,0.182,0.111,0.311,0.257,0.091,0.082,0.25,0.178,0.136,0.187,0.234,0.229,0.274,0.159,0.362,0.24,0.386,0.408,0.155,0.319,0.226,0.185,0.18,0.433,0.148,0.231,0.371,0.218,0.181,0.136,0.223,0.284,0.48,0.46,0.185,0.308,0.393,0.04,0.253,0.178,0.343,0.15,0.071,0.201,0.131,0.15,0.312,0.349,0.278,0.107,0.16,0.148,0.238,0.123,0.27,0.171,0.14,0.109,0.652,0.432,0.35,0.197,0.232,0.15,0.652,0.271,0.21,0.194,0.58,1.0,0.246,0.076,0.166,0.241,0.089,0.481,0.326,0.136,0.15,0.066,0.111,0.091,0.402,0.067,0.121,0.161,0.135,0.184,0.199,0.173,0.254,0.097,0.188,0.178,0.095,0.344,0.37,0.457,0.112,0.266,0.309,0.304,0.283,0.142,0.453,0.18,0.428,0.082
0.2,0.196,0.233,0.141,0.171,0.267,0.145,0.289,0.121,0.269,0.082,0.383,0.312,0.138,0.13,0.107,0.299,0.251,0.192,0.222,0.221,0.245,0.203,0.085,0.171,0.269,0.154,0.234,0.166,0.151,0.133,0.167,0.176,0.135,0.16,0.181,0.359,0.264,0.132,0.269,0.143,0.163,0.202,0.127,0.224,0.15,0.241,0.144,0.132,0.228,0.148,0.255,0.132,0.122,0.129,0.626,0.148,0.189,0.113,0.157,0.082,0.252,0.166,0.306,0.073,0.245,0.145,0.228,0.141,0.193,0.194,0.191,0.139,0.204,0.171,0.174,0.136,0.401,0.102,0.103,0.15,0.233,0.122,0.102,0.161,0.203,0.274,0.136,0.145,0.245,0.236,0.117,0.09,0.201,0.255,0.159,0.214,0.118,0.158,0.092,0.324,0.131,0.273,0.176,0.128,0.179,0.169,0.138,0.217,0.07,0.171,0.218,0.181,0.104,0.257,0.187,0.16,0.136,0.21,0.204,0.093,0.328,0.222,0.306,0.144,0.203,0.122,0.203,0.233,0.255,0.208,0.122,0.188,0.287,0.347,0.205,0.181,0.24,0.183,0.179,0.246,0.14,0.34,0.194,0.206,0.169,0.154,0.282,0.227,0.238,0.244,0.194,0.242,0.059,0.347,0.184,0.231,0.269,0.073,0.147,0.216,0.269,0.128,0.247,0.179,0.123,0.224,0.121,0.149,0.162,0.215,0.152,0.149,0.147,0.341,0.216,0.244,0.258,0.129,0.269,0.341,0.18,0.171,0.143,0.259,0.246,1.0,0.085,0.173,0.162,0.144,0.115,0.228,0.154,0.269,0.085,0.21,0.137,0.193,0.086,0.116,0.161,0.194,0.137,0.156,0.206,0.131,0.122,0.21,0.156,0.14,0.198,0.256,0.183,0.205,0.094,0.181,0.185,0.498,0.172,0.19,0.128,0.438,0.079
0.09,0.17,0.088,0.225,0.091,0.093,0.111,0.05,0.246,0.279,0.142,0.168,0.126,0.172,0.085,0.184,0.124,0.062,0.116,0.071,0.098,0.128,0.09,0.112,0.076,0.279,0.149,0.121,0.178,0.217,0.192,0.144,0.076,0.082,0.102,0.361,0.062,0.086,0.084,0.279,0.161,0.201,0.107,0.228,0.19,0.058,0.184,0.257,0.166,0.168,0.21,0.109,0.278,0.082,0.101,0.056,0.136,0.12,0.465,0.102,0.142,0.111,0.155,0.298,0.163,0.085,0.088,0.103,0.194,0.094,0.139,0.272,0.106,0.121,0.197,0.133,0.258,0.198,0.214,0.246,0.56,0.074,0.14,0.231,0.197,0.193,0.079,0.213,0.147,0.085,0.177,0.139,0.156,0.144,0.09,0.227,0.207,0.096,0.251,0.217,0.1,0.171,0.078,0.181,0.069,0.14,0.078,0.414,0.171,0.218,0.164,0.143,0.143,0.324,0.05,0.246,0.085,0.643,0.09,0.104,0.284,0.044,0.131,0.298,0.483,0.155,0.15,0.068,0.113,0.146,0.17,0.324,0.223,0.138,0.079,0.166,0.184,0.09,0.186,0.153,0.068,0.054,0.148,0.116,0.08,0.271,0.124,0.094,0.194,0.091,0.061,0.109,0.14,0.357,0.205,0.194,0.091,0.279,0.311,0.31,0.068,0.279,0.047,0.16,0.111,0.167,0.274,0.458,0.186,0.101,0.149,0.15,0.35,0.301,0.144,0.092,0.129,0.091,0.117,0.279,0.144,0.064,0.071,0.112,0.131,0.076,0.085,1.0,0.102,0.115,0.1,0.172,0.133,0.224,0.279,0.233,0.218,0.203,0.085,0.922,0.127,0.221,0.081,0.231,0.132,0.119,0.281,0.16,0.094,0.211,0.5,0.108,0.113,0.16,0.217,0.155,0.158,0.171,0.096,0.086,0.083,0.221,0.107,0.106
0.254,0.175,0.287,0.112,0.109,0.221,0.165,0.116,0.127,0.203,0.111,0.318,0.205,0.122,0.337,0.134,0.168,0.335,0.24,0.226,0.183,0.204,0.231,0.085,0.189,0.203,0.103,0.27,0.255,0.145,0.132,0.165,0.21,0.1,0.222,0.145,0.21,0.222,0.083,0.203,0.126,0.114,0.15,0.139,0.167,0.158,0.102,0.12,0.128,0.201,0.147,0.163,0.084,0.133,0.297,0.267,0.155,0.191,0.14,0.214,0.111,0.294,0.14,0.259,0.102,0.332,0.122,0.492,0.137,0.191,0.243,0.167,0.13,0.167,0.148,0.141,0.16,0.252,0.107,0.143,0.176,0.164,0.099,0.101,0.192,0.181,0.238,0.114,0.237,0.332,0.183,0.09,0.102,0.265,0.143,0.16,0.101,0.098,0.152,0.124,0.307,0.182,0.204,0.148,0.182,0.14,0.114,0.159,0.184,0.077,0.173,0.173,0.176,0.117,0.148,0.166,0.13,0.15,0.418,0.166,0.12,0.06,0.165,0.259,0.176,0.125,0.094,0.169,0.218,0.178,0.184,0.102,0.15,0.239,0.212,0.221,0.157,0.26,0.163,0.166,0.187,0.091,0.177,0.179,0.231,0.16,0.242,0.188,0.173,0.178,0.33,0.16,0.129,0.057,0.222,0.138,0.218,0.203,0.093,0.107,0.282,0.203,0.104,0.146,0.188,0.108,0.203,0.113,0.166,0.112,0.227,0.218,0.154,0.178,0.279,0.223,0.171,0.297,0.116,0.203,0.279,0.262,0.151,0.116,0.235,0.166,0.173,0.102,1.0,0.134,0.324,0.236,0.236,0.18,0.203,0.092,0.124,0.134,0.204,0.093,0.114,0.109,0.12,0.106,0.181,0.226,0.103,0.16,0.172,0.12,0.101,0.166,0.172,0.151,0.102,0.209,0.197,0.172,0.22,0.142,0.133,0.098,0.204,0.1
0.245,0.267,0.15,0.155,0.134,0.223,0.19,0.146,0.138,0.207,0.19,0.392,0.238,0.174,0.154,0.136,0.332,0.09,0.322,0.171,0.275,0.301,0.237,0.31,0.209,0.207,0.231,0.199,0.363,0.147,0.133,0.18,0.184,0.376,0.224,0.332,0.165,0.112,0.106,0.207,0.174,0.268,0.313,0.164,0.18,0.197,0.147,0.27,0.174,0.321,0.224,0.184,0.168,0.101,0.14,0.073,0.176,0.181,0.144,0.132,0.19,0.294,0.175,0.263,0.117,0.107,0.246,0.128,0.15,0.234,0.118,0.206,0.128,0.331,0.197,0.226,0.125,0.236,0.163,0.162,0.19,0.222,0.217,0.099,0.272,0.139,0.118,0.176,0.384,0.107,0.182,0.239,0.175,0.128,0.215,0.172,0.146,0.131,0.119,0.138,0.14,0.192,0.172,0.264,0.259,0.257,0.19,0.171,0.285,0.078,0.315,0.221,0.277,0.116,0.202,0.275,0.147,0.166,0.205,0.209,0.131,0.169,0.256,0.263,0.194,0.449,0.168,0.176,0.218,0.163,0.271,0.216,0.302,0.228,0.321,0.232,0.144,0.203,0.148,0.256,0.13,0.149,0.218,0.295,0.186,0.242,0.244,0.308,0.231,0.204,0.092,0.224,0.249,0.058,0.207,0.19,0.169,0.207,0.101,0.143,0.134,0.207,0.283,0.256,0.173,0.194,0.229,0.148,0.23,0.135,0.172,0.156,0.367,0.143,0.349,0.261,0.264,0.127,0.183,0.207,0.349,0.153,0.348,0.479,0.381,0.241,0.162,0.115,0.134,1.0,0.121,0.206,0.237,0.198,0.207,0.093,0.147,0.136,0.248,0.094,0.132,0.226,0.334,0.161,0.598,0.184,0.149,0.088,0.142,0.125,0.172,0.265,0.278,0.28,0.168,0.253,0.193,0.771,0.115,0.092,0.21,0.119,0.177,0.175
0.229,0.201,0.31,0.082,0.091,0.224,0.183,0.066,0.124,0.279,0.092,0.172,0.218,0.129,0.326,0.104,0.12,0.308,0.227,0.285,0.157,0.246,0.289,0.078,0.236,0.279,0.101,0.253,0.246,0.133,0.119,0.145,0.266,0.101,0.179,0.147,0.318,0.083,0.094,0.279,0.109,0.147,0.182,0.171,0.186,0.07,0.092,0.127,0.121,0.167,0.1,0.208,0.102,0.095,0.326,0.242,0.129,0.224,0.106,0.104,0.092,0.235,0.279,0.298,0.078,0.085,0.087,0.257,0.115,0.222,0.181,0.12,0.154,0.219,0.18,0.087,0.238,0.188,0.11,0.118,0.181,0.085,0.114,0.177,0.18,0.254,0.247,0.188,0.214,0.085,0.253,0.078,0.085,0.206,0.164,0.132,0.075,0.095,0.128,0.106,0.241,0.264,0.144,0.106,0.2,0.131,0.093,0.184,0.147,0.058,0.141,0.184,0.119,0.111,0.255,0.119,0.163,0.134,0.254,0.143,0.126,0.062,0.191,0.298,0.175,0.124,0.086,0.245,0.238,0.176,0.131,0.091,0.115,0.237,0.171,0.184,0.231,0.275,0.187,0.182,0.228,0.059,0.111,0.192,0.207,0.157,0.196,0.237,0.228,0.23,0.295,0.184,0.13,0.149,0.178,0.178,0.196,0.279,0.115,0.161,0.347,0.279,0.058,0.147,0.22,0.094,0.178,0.122,0.176,0.18,0.201,0.123,0.163,0.161,0.151,0.214,0.23,0.234,0.09,0.279,0.151,0.256,0.166,0.11,0.139,0.089,0.144,0.1,0.324,0.121,1.0,0.192,0.238,0.183,0.279,0.069,0.186,0.12,0.26,0.118,0.097,0.131,0.139,0.143,0.202,0.263,0.109,0.119,0.171,0.172,0.11,0.156,0.202,0.108,0.166,0.229,0.193,0.194,0.096,0.082,0.102,0.16,0.185,0.092
0.214,0.18,0.176,0.133,0.131,0.149,0.142,0.459,0.162,0.199,0.187,0.279,0.173,0.261,0.186,0.158,0.202,0.157,0.231,0.16,0.348,0.249,0.186,0.171,0.151,0.199,0.149,0.168,0.262,0.295,0.249,0.15,0.141,0.591,0.241,0.235,0.14,0.087,0.075,0.199,0.218,0.233,0.181,0.179,0.154,0.144,0.116,0.16,0.163,0.202,0.127,0.125,0.197,0.077,0.294,0.126,0.143,0.207,0.124,0.106,0.187,0.277,0.125,0.239,0.227,0.085,0.167,0.204,0.256,0.172,0.242,0.169,0.148,0.183,0.184,0.205,0.091,0.197,0.202,0.351,0.159,0.378,0.11,0.081,0.203,0.142,0.128,0.111,0.27,0.085,0.163,0.187,0.208,0.247,0.188,0.207,0.145,0.118,0.135,0.345,0.146,0.255,0.244,0.362,0.44,0.184,0.148,0.15,0.218,0.263,0.198,0.293,0.168,0.161,0.138,0.161,0.078,0.136,0.288,0.15,0.156,0.065,0.159,0.239,0.161,0.195,0.107,0.121,0.179,0.144,0.272,0.201,0.241,0.229,0.176,0.27,0.151,0.187,0.148,0.293,0.096,0.068,0.205,0.177,0.15,0.167,0.29,0.214,0.289,0.392,0.154,0.184,0.349,0.049,0.204,0.18,0.163,0.199,0.154,0.208,0.165,0.199,0.091,0.154,0.177,0.202,0.233,0.16,0.173,0.086,0.187,0.174,0.149,0.243,0.233,0.205,0.233,0.139,0.168,0.199,0.233,0.19,0.194,0.18,0.236,0.481,0.115,0.172,0.236,0.206,0.192,1.0,0.217,0.223,0.199,0.294,0.115,0.271,0.285,0.29,0.146,0.112,0.138,0.143,0.216,0.203,0.1,0.103,0.154,0.096,0.118,0.192,0.186,0.285,0.135,0.313,0.206,0.304,0.094,0.077,0.418,0.096,0.171,0.131
0.32,0.243,0.285,0.264,0.321,0.244,0.254,0.384,0.256,0.242,0.164,1.0,0.288,0.275,0.327,0.17,0.308,0.199,0.301,0.303,0.336,0.437,0.369,0.184,0.302,0.242,0.272,0.409,0.278,0.359,0.273,0.272,0.283,0.279,0.349,0.275,0.307,0.164,0.142,0.242,0.302,0.264,0.329,0.323,0.169,0.357,0.237,0.292,0.246,0.397,0.314,0.33,0.202,0.134,0.214,0.242,0.366,0.367,0.134,0.232,0.164,0.268,0.295,0.3,0.232,0.272,0.312,0.232,0.356,0.272,0.435,0.378,0.209,0.356,0.335,0.336,0.28,0.246,0.2,0.212,0.182,0.203,0.165,0.211,0.238,0.274,0.238,0.244,0.253,0.272,0.323,0.228,0.217,0.47,0.358,0.395,0.152,0.166,0.199,0.151,0.224,0.218,0.343,0.351,0.243,0.353,0.362,0.158,0.38,0.336,0.302,0.402,0.333,0.152,0.295,0.345,0.229,0.153,0.347,0.373,0.169,0.142,0.366,0.3,0.18,0.304,0.218,0.399,0.451,0.272,0.411,0.244,0.331,0.406,0.553,0.541,0.292,0.318,0.394,0.372,0.307,0.162,0.324,0.386,0.207,0.237,0.364,0.363,0.477,0.371,0.188,0.368,0.222,0.067,0.265,0.31,0.423,0.242,0.149,0.315,0.263,0.242,0.235,0.375,0.452,0.247,0.442,0.191,0.232,0.173,0.294,0.227,0.191,0.263,0.915,0.408,0.442,0.225,0.277,0.242,0.915,0.282,0.229,0.231,0.485,0.326,0.228,0.133,0.236,0.237,0.238,0.217,1.0,0.211,0.242,0.22,0.233,0.333,0.368,0.182,0.303,0.204,0.24,0.233,0.292,0.535,0.234,0.186,0.283,0.292,0.153,0.362,0.518,0.397,0.211,0.178,0.359,0.49,0.29,0.129,0.376,0.193,0.322,0.148
0.186,0.375,0.182,0.142,0.23,0.179,0.22,0.07,0.527,1.0,0.339,0.204,0.27,0.355,0.151,0.319,0.26,0.134,0.213,0.186,0.201,0.202,0.164,0.344,0.217,1.0,0.122,0.172,0.276,0.531,0.82,0.244,0.164,0.15,0.222,0.262,0.104,0.272,0.159,1.0,0.3,0.191,0.176,0.29,0.611,0.11,0.272,0.265,0.433,0.332,0.185,0.206,0.215,0.193,0.236,0.093,0.251,0.284,0.233,0.189,0.339,0.199,0.204,0.467,0.354,0.186,0.235,0.257,0.431,0.194,0.237,0.251,0.271,0.2,0.322,0.201,0.174,0.378,0.509,0.652,0.323,0.139,0.157,0.164,0.554,0.176,0.169,0.191,0.22,0.186,0.577,0.222,0.559,0.232,0.151,0.249,0.135,0.217,0.364,0.293,0.216,0.165,0.195,0.323,0.157,0.257,0.183,0.631,0.252,0.229,0.574,0.25,0.252,0.254,0.129,0.193,0.194,0.321,0.157,0.186,0.439,0.16,0.227,0.467,0.308,0.219,0.182,0.154,0.224,0.281,0.381,0.227,0.26,0.191,0.119,0.266,0.19,0.174,0.175,0.313,0.236,0.152,0.301,0.251,0.219,0.274,0.232,0.176,0.153,0.184,0.134,0.178,0.206,0.224,0.345,0.183,0.199,1.0,0.372,0.218,0.146,1.0,0.105,0.181,0.258,0.368,0.304,0.23,0.602,0.202,0.441,0.342,0.242,0.292,0.209,0.186,0.131,0.199,0.236,1.0,0.209,0.213,0.138,0.219,0.203,0.136,0.154,0.224,0.18,0.198,0.183,0.223,0.211,1.0,1.0,0.288,0.202,0.484,0.147,0.202,0.181,0.233,0.198,0.228,0.196,0.202,0.15,0.183,0.268,0.175,0.194,0.173,0.19,0.176,0.204,0.154,0.168,0.265,0.185,0.303,0.182,0.136,0.213,0.226
0.247,0.467,0.269,0.265,0.252,0.269,0.275,0.07,0.253,1.0,0.183,0.204,0.467,0.38,0.172,0.258,0.38,0.146,0.334,0.229,0.329,0.265,0.209,0.135,0.38,1.0,0.15,0.292,0.467,0.296,0.202,0.315,0.184,0.15,0.156,0.34,0.122,0.38,0.194,1.0,0.296,0.317,0.245,0.296,1.0,0.133,0.329,0.277,0.317,0.467,0.196,0.315,0.269,0.228,0.315,0.093,0.292,0.296,0.301,0.253,0.183,0.228,0.38,0.467,0.246,0.186,0.15,0.38,0.329,0.38,0.239,0.38,0.232,0.38,0.253,0.229,0.269,0.467,0.296,0.264,0.383,0.171,0.258,0.274,0.467,0.269,0.269,0.38,0.265,0.186,1.0,0.232,0.202,0.242,0.16,0.315,0.111,0.226,0.334,0.329,0.269,0.225,0.38,0.296,0.199,0.3,0.329,1.0,0.334,0.113,0.38,0.38,0.301,0.38,0.168,0.209,0.334,0.383,0.171,0.63,0.38,0.252,0.329,0.467,0.383,0.275,0.267,0.329,0.292,0.467,0.296,0.269,0.467,0.315,0.119,0.296,0.334,0.265,0.205,0.296,0.38,0.271,0.329,0.329,0.296,0.383,0.239,0.38,0.232,0.306,0.146,0.258,0.248,0.224,0.467,0.334,0.38,1.0,0.329,0.38,0.193,1.0,0.112,0.38,0.245,0.296,0.315,0.301,1.0,0.383,1.0,0.268,0.383,0.383,0.209,0.218,0.209,0.269,0.296,1.0,0.209,0.329,0.171,0.207,0.209,0.15,0.269,0.279,0.203,0.207,0.279,0.199,0.242,1.0,1.0,0.163,0.467,0.252,0.169,0.162,0.214,0.329,0.275,0.63,0.207,0.292,0.232,0.26,0.467,0.296,0.279,0.218,0.38,0.209,0.275,0.185,0.239,0.265,0.185,0.383,0.329,0.205,0.38,0.228
0.093,0.192,0.227,0.044,0.312,0.121,0.062,0.035,0.288,0.163,0.283,0.116,0.178,0.337,0.11,0.213,0.146,0.044,0.119,0.075,0.093,0.27,0.093,0.283,0.059,0.163,0.059,0.116,0.199,0.337,0.252,0.149,0.06,0.049,0.181,0.283,0.066,0.062,0.055,0.163,0.337,0.199,0.27,0.337,0.163,0.046,0.288,0.288,0.204,0.116,0.071,0.149,0.337,0.06,0.09,0.035,0.112,0.312,0.14,0.104,0.283,0.098,0.088,0.178,0.278,0.046,0.176,0.092,0.443,0.299,0.394,0.21,0.631,0.27,0.918,0.255,0.035,0.178,0.337,0.4,0.163,0.066,0.09,0.177,0.288,0.059,0.107,0.146,0.199,0.046,0.163,0.918,0.256,0.394,0.315,0.394,0.193,0.178,0.252,0.591,0.085,0.067,0.061,0.337,0.058,0.459,0.111,0.163,0.146,0.24,0.288,0.337,0.09,0.265,0.041,0.093,0.049,0.119,0.082,0.204,0.288,0.032,0.288,0.178,0.163,0.374,0.153,0.08,0.112,0.178,0.337,0.27,0.233,0.149,0.052,0.431,0.258,0.226,0.211,0.337,0.052,0.044,0.283,0.337,0.151,0.198,0.146,0.146,0.116,0.162,0.044,0.288,0.088,0.032,0.178,0.631,0.093,0.163,0.292,0.918,0.055,0.163,0.033,0.116,0.27,0.337,0.216,0.264,0.163,0.067,0.163,0.252,0.163,0.265,0.093,0.075,0.202,0.085,0.552,0.163,0.093,0.041,0.066,0.169,0.116,0.066,0.085,0.233,0.092,0.093,0.069,0.294,0.22,0.288,0.163,1.0,0.193,0.312,0.082,0.21,0.149,0.098,0.266,0.288,0.296,0.394,0.059,0.047,0.18,0.075,0.19,0.123,0.127,0.295,0.226,0.049,0.08,0.107,0.056,0.067,0.235,0.039,0.127,0.147
0.212,0.215,0.201,0.227,0.233,0.2,0.226,0.204,0.257,0.467,0.1,0.357,0.209,0.242,0.109,0.188,0.247,0.101,0.168,0.156,0.166,0.263,0.156,0.102,0.159,0.467,0.154,0.306,0.188,0.312,0.269,0.228,0.13,0.307,0.128,0.18,0.14,0.102,0.179,0.467,0.25,0.377,0.213,0.273,0.192,0.085,0.227,0.257,0.181,0.215,0.218,0.329,0.303,0.119,0.151,0.236,0.191,0.154,0.166,0.16,0.1,0.184,0.249,0.403,0.107,0.172,0.122,0.13,0.2,0.24,0.185,0.268,0.161,0.224,0.272,0.133,0.221,0.17,0.176,0.127,0.259,0.128,0.182,0.266,0.17,0.247,0.163,0.351,0.156,0.172,0.21,0.173,0.112,0.196,0.15,0.336,0.206,0.183,0.254,0.155,0.124,0.172,0.184,0.297,0.12,0.273,0.19,0.29,0.242,0.268,0.147,0.329,0.169,0.27,0.179,0.223,0.147,0.196,0.169,0.288,0.209,0.13,0.323,0.403,0.257,0.268,0.206,0.195,0.215,0.222,0.177,0.242,0.273,0.27,0.277,0.188,0.382,0.221,0.251,0.288,0.127,0.086,0.18,0.295,0.114,0.179,0.159,0.26,0.246,0.173,0.095,0.224,0.213,0.554,0.179,0.28,0.264,0.467,0.253,0.436,0.125,0.467,0.075,0.309,0.14,0.189,0.262,0.35,0.194,0.182,0.223,0.149,0.219,0.216,0.309,0.133,0.266,0.119,0.134,0.467,0.309,0.114,0.121,0.152,0.159,0.111,0.21,0.218,0.124,0.147,0.186,0.115,0.233,0.202,0.467,0.193,1.0,0.291,0.136,0.397,0.162,0.243,0.159,0.399,0.153,0.307,0.236,0.141,0.178,0.345,0.301,0.132,0.234,0.221,0.319,0.155,0.189,0.347,0.353,0.093,0.208,0.247,0.19,0.098
0.136,0.321,0.381,0.066,0.725,0.218,0.093,0.049,0.484,0.252,0.386,0.161,0.274,0.59,0.111,0.385,0.223,0.069,0.186,0.118,0.155,0.475,0.137,0.238,0.094,0.252,0.087,0.171,0.274,0.59,0.421,0.217,0.095,0.078,0.309,0.256,0.091,0.098,0.08,0.252,0.59,0.284,0.475,0.59,0.252,0.072,0.484,0.484,0.356,0.161,0.11,0.217,0.299,0.095,0.147,0.054,0.171,1.0,0.147,0.156,0.386,0.145,0.136,0.274,0.624,0.08,0.299,0.134,0.735,0.277,0.315,0.198,0.5,0.475,0.484,0.251,0.056,0.274,0.59,0.484,0.245,0.1,0.14,0.177,0.484,0.087,0.171,0.223,0.206,0.08,0.252,0.322,0.421,0.315,0.261,0.511,0.155,0.284,0.421,0.235,0.137,0.107,0.102,0.59,0.096,0.59,0.223,0.252,0.223,0.244,0.484,0.59,0.147,0.237,0.063,0.137,0.077,0.186,0.117,0.21,0.484,0.058,0.484,0.274,0.245,0.315,0.126,0.127,0.171,0.274,0.59,0.242,0.203,0.217,0.076,0.462,0.358,0.381,0.211,0.59,0.083,0.067,0.624,0.59,0.255,0.245,0.223,0.223,0.161,0.259,0.07,0.484,0.136,0.05,0.274,0.5,0.155,0.252,0.421,0.322,0.09,0.252,0.055,0.161,0.475,0.59,0.377,0.377,0.252,0.101,0.252,0.421,0.245,0.341,0.137,0.118,0.183,0.137,0.216,0.252,0.137,0.071,0.1,0.283,0.161,0.091,0.137,0.203,0.134,0.136,0.12,0.271,0.333,0.484,0.252,0.312,0.291,1.0,0.117,0.198,0.17,0.156,0.493,0.484,0.244,0.315,0.087,0.075,0.3,0.118,0.177,0.107,0.201,0.247,0.216,0.078,0.127,0.161,0.091,0.101,0.41,0.059,0.201,0.234
0.266,0.194,0.246,0.243,0.156,0.218,0.145,0.437,0.107,0.169,0.097,0.809,0.327,0.187,0.342,0.111,0.289,0.243,0.243,0.422,0.532,0.361,0.48,0.154,0.374,0.169,0.252,0.269,0.244,0.125,0.117,0.137,0.383,0.43,0.172,0.228,0.387,0.168,0.086,0.169,0.149,0.213,0.212,0.199,0.144,0.335,0.131,0.221,0.151,0.45,0.34,0.251,0.13,0.135,0.178,0.263,0.134,0.309,0.114,0.15,0.097,0.342,0.245,0.221,0.09,0.197,0.311,0.261,0.118,0.247,0.16,0.305,0.142,0.242,0.281,0.303,0.22,0.232,0.119,0.124,0.145,0.242,0.128,0.136,0.16,0.296,0.226,0.171,0.249,0.197,0.238,0.123,0.104,0.169,0.414,0.201,0.14,0.101,0.142,0.256,0.27,0.418,0.367,0.309,0.349,0.263,0.246,0.124,0.364,0.071,0.258,0.261,0.372,0.097,0.262,0.387,0.197,0.126,0.516,0.242,0.1,0.088,0.274,0.221,0.144,0.191,0.183,0.268,0.397,0.166,0.349,0.2,0.303,0.454,0.184,0.328,0.286,0.257,0.257,0.333,0.252,0.169,0.229,0.268,0.198,0.154,0.192,0.332,0.407,0.412,0.245,0.314,0.289,0.051,0.197,0.224,0.335,0.169,0.079,0.168,0.359,0.169,0.29,0.326,0.331,0.113,0.178,0.137,0.228,0.136,0.248,0.157,0.154,0.129,0.714,0.501,0.387,0.26,0.225,0.169,0.714,0.422,0.206,0.194,0.606,0.402,0.193,0.085,0.204,0.248,0.26,0.285,0.368,0.147,0.169,0.082,0.136,0.117,1.0,0.083,0.134,0.175,0.148,0.177,0.244,0.241,0.204,0.103,0.257,0.197,0.109,0.402,0.352,0.425,0.134,0.295,0.23,0.388,0.217,0.14,0.397,0.178,0.363,0.094
0.094,0.176,0.157,0.436,0.198,0.115,0.141,0.036,0.332,0.162,0.172,0.117,0.176,0.238,0.11,0.207,0.146,0.046,0.12,0.077,0.094,0.232,0.094,0.172,0.061,0.162,0.165,0.183,0.198,0.213,0.187,0.148,0.061,0.051,0.127,0.472,0.067,0.063,0.095,0.162,0.299,0.346,0.195,0.315,0.162,0.048,0.213,0.455,0.163,0.182,0.342,0.148,0.565,0.069,0.091,0.037,0.112,0.213,0.207,0.105,0.172,0.099,0.278,0.176,0.218,0.048,0.124,0.093,0.279,0.317,0.23,1.0,0.188,0.195,0.342,0.251,0.409,0.176,0.213,0.392,0.565,0.067,0.133,0.267,0.202,0.565,0.086,0.363,0.198,0.048,0.162,0.234,0.201,0.23,0.192,0.329,0.245,0.177,0.38,0.239,0.086,0.196,0.063,0.309,0.06,0.309,0.085,0.565,0.193,0.198,0.202,0.331,0.147,0.343,0.042,0.309,0.129,0.275,0.083,0.232,0.328,0.034,0.259,0.176,0.378,0.169,0.292,0.081,0.112,0.176,0.213,0.565,0.364,0.176,0.053,0.251,0.322,0.191,0.234,0.28,0.055,0.047,0.279,0.213,0.104,0.197,0.146,0.146,0.343,0.162,0.046,0.202,0.203,0.328,0.176,0.365,0.094,0.162,0.565,0.497,0.057,0.162,0.035,0.268,0.195,0.213,0.5,0.565,0.162,0.178,0.162,0.187,0.256,0.262,0.094,0.077,0.316,0.086,0.224,0.162,0.094,0.043,0.067,0.118,0.117,0.067,0.086,0.922,0.093,0.094,0.118,0.29,0.182,0.202,0.162,0.21,0.397,0.198,0.083,1.0,0.149,0.328,0.169,0.497,0.184,0.23,0.343,0.217,0.179,0.378,0.489,0.123,0.127,0.239,0.378,0.229,0.194,0.107,0.057,0.069,0.154,0.304,0.127,0.147
0.112,0.168,0.106,0.083,0.177,0.111,0.088,0.078,0.232,0.214,0.134,0.204,0.137,0.145,0.101,0.149,0.14,0.081,0.127,0.099,0.124,0.115,0.135,0.11,0.129,0.214,0.093,0.163,0.153,0.177,0.148,0.333,0.105,0.103,0.113,0.188,0.112,0.091,0.188,0.214,0.224,0.126,0.106,0.146,0.135,0.099,0.16,0.114,0.164,0.178,0.138,0.265,0.141,0.082,0.121,0.074,0.463,0.15,0.114,0.387,0.134,0.14,0.1,0.271,0.212,0.109,0.114,0.109,0.299,0.103,0.132,0.209,0.143,0.115,0.135,0.15,0.057,0.186,0.141,0.196,0.158,0.166,0.121,0.072,0.207,0.096,0.111,0.086,0.131,0.109,0.128,0.178,0.188,0.14,0.123,0.297,0.087,0.164,0.133,0.137,0.111,0.101,0.102,0.128,0.092,0.14,0.2,0.132,0.171,0.265,0.169,0.206,0.151,0.14,0.131,0.141,0.073,0.138,0.131,0.131,0.133,0.151,0.131,0.271,0.153,0.421,0.095,0.083,0.285,0.305,0.182,0.126,0.145,0.15,0.096,0.185,0.13,0.11,0.24,0.129,0.065,0.069,0.156,0.156,0.09,0.181,0.137,0.117,0.124,0.111,0.079,0.109,0.125,0.059,0.218,0.111,0.124,0.214,0.123,0.163,0.085,0.214,0.083,0.157,0.121,0.176,0.381,0.151,0.232,0.065,0.127,0.182,0.138,0.17,0.169,0.132,0.114,0.105,0.121,0.214,0.169,0.09,0.093,0.121,0.189,0.121,0.116,0.127,0.114,0.132,0.097,0.146,0.303,0.181,0.214,0.149,0.162,0.17,0.134,0.149,1.0,0.178,0.101,0.097,0.133,0.2,0.091,0.085,0.103,0.083,0.124,0.172,0.162,0.135,0.132,0.08,0.102,0.178,0.117,0.073,0.131,0.069,0.123,0.12
0.193,0.193,0.106,0.316,0.125,0.145,0.194,0.129,0.241,0.329,0.098,0.44,0.16,0.175,0.119,0.142,0.192,0.073,0.158,0.143,0.19,0.203,0.19,0.103,0.192,0.329,0.184,0.181,0.198,0.173,0.149,0.203,0.135,0.22,0.113,0.361,0.133,0.099,0.205,0.329,0.149,0.266,0.166,0.176,0.228,0.139,0.198,0.282,0.146,0.333,0.288,0.196,0.292,0.143,0.118,0.074,0.154,0.159,0.167,0.125,0.098,0.169,0.252,0.338,0.091,0.116,0.154,0.116,0.15,0.184,0.121,0.35,0.099,0.181,0.27,0.16,0.239,0.201,0.148,0.128,0.348,0.122,0.253,0.272,0.197,0.225,0.099,0.308,0.169,0.116,0.214,0.132,0.107,0.131,0.127,0.198,0.136,0.159,0.241,0.171,0.107,0.153,0.153,0.267,0.114,0.25,0.161,0.34,0.253,0.079,0.178,0.188,0.213,0.28,0.172,0.32,0.14,0.255,0.165,0.198,0.324,0.202,0.198,0.338,0.348,0.237,0.178,0.148,0.186,0.173,0.22,0.267,0.262,0.223,0.195,0.205,0.238,0.125,0.233,0.242,0.094,0.096,0.149,0.186,0.087,0.246,0.14,0.181,0.293,0.19,0.069,0.2,0.195,0.626,0.195,0.217,0.172,0.329,0.419,0.279,0.091,0.329,0.121,0.276,0.121,0.143,0.184,0.305,0.294,0.14,0.203,0.139,0.27,0.207,0.396,0.206,0.2,0.103,0.148,0.329,0.396,0.122,0.113,0.192,0.274,0.161,0.161,0.221,0.109,0.226,0.131,0.112,0.204,0.233,0.329,0.098,0.243,0.156,0.175,0.328,0.178,1.0,0.142,0.318,0.184,0.155,0.29,0.134,0.183,0.278,0.301,0.169,0.216,0.211,0.226,0.192,0.195,0.298,0.126,0.1,0.155,0.286,0.157,0.097
0.199,0.189,0.251,0.093,0.181,0.202,0.145,0.152,0.182,0.275,0.152,0.323,0.179,0.205,0.2,0.141,0.211,0.168,0.238,0.168,0.186,0.316,0.158,0.14,0.141,0.275,0.14,0.182,0.236,0.55,0.38,0.138,0.124,0.283,0.203,0.193,0.187,0.106,0.073,0.275,0.283,0.207,0.288,0.189,0.145,0.106,0.179,0.179,0.172,0.178,0.112,0.176,0.169,0.074,0.11,0.206,0.134,0.224,0.089,0.103,0.152,0.175,0.138,0.281,0.238,0.077,0.153,0.13,0.294,0.213,0.174,0.153,0.182,0.284,0.202,0.184,0.13,0.158,0.199,0.188,0.123,0.144,0.132,0.1,0.197,0.154,0.165,0.15,0.204,0.077,0.192,0.216,0.175,0.175,0.182,0.177,0.123,0.113,0.154,0.098,0.144,0.124,0.147,0.228,0.176,0.256,0.221,0.129,0.181,0.207,0.226,0.25,0.14,0.103,0.222,0.144,0.17,0.102,0.158,0.213,0.146,0.114,0.254,0.281,0.119,0.297,0.114,0.234,0.168,0.182,0.295,0.148,0.209,0.198,0.47,0.26,0.142,0.245,0.156,0.244,0.209,0.166,0.237,0.296,0.153,0.17,0.151,0.261,0.189,0.184,0.153,0.198,0.176,0.047,0.161,0.26,0.18,0.275,0.131,0.172,0.17,0.275,0.128,0.204,0.237,0.294,0.23,0.146,0.151,0.153,0.262,0.164,0.202,0.19,0.278,0.153,0.225,0.158,0.136,0.275,0.278,0.154,0.213,0.24,0.198,0.135,0.194,0.081,0.12,0.334,0.139,0.138,0.24,0.198,0.275,0.266,0.159,0.493,0.148,0.169,0.101,0.142,1.0,0.151,0.354,0.198,0.102,0.104,0.166,0.125,0.124,0.151,0.264,0.177,0.178,0.157,0.141,0.619,0.121,0.157,0.195,0.097,0.157,0.096
0.248,0.2,0.182,0.381,0.181,0.189,0.182,0.527,0.287,0.63,0.101,0.847,0.234,0.341,0.118,0.195,0.215,0.077,0.203,0.183,0.253,0.329,0.229,0.106,0.174,0.63,0.337,0.294,0.214,0.531,0.514,0.135,0.15,1.0,0.115,0.27,0.142,0.122,0.113,0.63,0.199,0.447,0.285,0.341,0.222,0.142,0.247,0.444,0.182,0.291,0.273,0.168,0.389,0.115,0.122,0.157,0.113,0.231,0.157,0.116,0.101,0.175,0.343,0.543,0.095,0.205,0.192,0.137,0.144,0.292,0.13,0.335,0.136,0.265,0.417,0.187,0.25,0.18,0.196,0.127,0.338,0.145,0.205,0.319,0.189,0.344,0.134,0.446,0.178,0.205,0.216,0.117,0.111,0.139,0.163,0.25,0.182,0.118,0.311,0.197,0.12,0.209,0.222,0.376,0.142,0.383,0.19,0.359,0.301,0.229,0.181,0.351,0.229,0.34,0.149,0.327,0.187,0.242,0.176,0.352,0.318,0.075,0.421,0.543,0.325,0.249,0.302,0.254,0.185,0.174,0.249,0.329,0.34,0.336,0.198,0.237,0.343,0.223,0.254,0.377,0.121,0.113,0.181,0.242,0.122,0.207,0.145,0.283,0.402,0.264,0.074,0.429,0.271,1.0,0.185,0.36,0.244,0.63,0.335,0.411,0.094,0.63,0.098,0.37,0.143,0.171,0.16,0.395,0.222,0.222,0.251,0.174,0.303,0.339,0.902,0.243,0.354,0.119,0.257,0.63,0.902,0.146,0.125,0.155,0.239,0.184,0.137,0.231,0.106,0.161,0.143,0.143,0.233,0.228,0.63,0.288,0.399,0.484,0.177,0.497,0.097,0.318,0.151,1.0,0.162,0.205,0.332,0.178,0.261,0.425,0.309,0.166,0.31,0.284,0.32,0.225,0.273,0.619,0.306,0.121,0.287,0.337,0.257,0.099
0.244,0.313,0.28,0.134,0.148,0.256,0.177,0.146,0.148,0.207,0.172,0.392,0.224,0.175,0.333,0.136,0.297,0.257,0.336,0.224,0.245,0.326,0.229,0.211,0.203,0.207,0.202,0.222,0.318,0.258,0.206,0.146,0.177,0.376,0.214,0.257,0.194,0.086,0.09,0.207,0.218,0.254,0.301,0.209,0.147,0.16,0.143,0.194,0.211,0.255,0.174,0.164,0.193,0.078,0.141,0.227,0.139,0.226,0.111,0.112,0.172,0.263,0.224,0.263,0.174,0.107,0.239,0.134,0.231,0.279,0.185,0.196,0.168,0.316,0.218,0.207,0.183,0.188,0.185,0.22,0.159,0.182,0.186,0.128,0.2,0.193,0.197,0.182,0.287,0.107,0.233,0.32,0.246,0.202,0.229,0.2,0.133,0.123,0.128,0.147,0.2,0.185,0.183,0.25,0.282,0.268,0.172,0.139,0.247,0.212,0.232,0.236,0.209,0.131,0.294,0.212,0.16,0.136,0.232,0.214,0.141,0.135,0.277,0.263,0.155,0.386,0.147,0.193,0.237,0.172,0.262,0.196,0.278,0.224,0.321,0.274,0.158,0.271,0.185,0.262,0.187,0.122,0.239,0.319,0.192,0.259,0.244,0.313,0.26,0.234,0.243,0.229,0.207,0.058,0.189,0.321,0.205,0.207,0.149,0.175,0.218,0.207,0.206,0.24,0.253,0.239,0.219,0.142,0.182,0.155,0.187,0.16,0.304,0.184,0.349,0.229,0.294,0.209,0.169,0.207,0.349,0.253,0.349,0.365,0.303,0.199,0.156,0.132,0.181,0.598,0.202,0.216,0.292,0.196,0.207,0.296,0.153,0.244,0.244,0.184,0.133,0.184,0.354,0.162,1.0,0.2,0.132,0.085,0.18,0.145,0.183,0.213,0.3,0.31,0.205,0.293,0.187,0.771,0.115,0.074,0.203,0.122,0.194,0.114
0.25,0.217,0.252,0.123,0.359,0.278,0.342,0.262,0.206,0.292,0.152,0.795,0.279,0.289,0.184,0.147,0.208,0.164,0.334,0.267,0.226,0.274,0.309,0.212,0.228,0.292,0.151,0.467,0.265,0.337,0.26,0.237,0.233,0.194,0.399,0.274,0.253,0.129,0.112,0.292,0.335,0.255,0.241,0.323,0.182,0.135,0.2,0.232,0.17,0.244,0.16,0.328,0.16,0.112,0.219,0.275,0.293,0.273,0.122,0.177,0.152,0.242,0.183,0.349,0.132,0.161,0.167,0.228,0.274,0.251,0.585,0.254,0.196,0.257,0.292,0.209,0.119,0.241,0.143,0.172,0.189,0.149,0.136,0.132,0.236,0.244,0.212,0.197,0.224,0.161,0.197,0.205,0.133,0.621,0.224,0.292,0.105,0.15,0.168,0.143,0.186,0.196,0.254,0.257,0.134,0.273,0.264,0.179,0.25,0.263,0.207,0.351,0.196,0.146,0.242,0.203,0.141,0.153,0.273,0.283,0.147,0.104,0.345,0.349,0.187,0.239,0.138,0.411,0.364,0.32,0.267,0.139,0.216,0.389,0.78,0.512,0.291,0.285,0.29,0.312,0.148,0.104,0.214,0.286,0.163,0.197,0.411,0.385,0.254,0.275,0.156,0.294,0.167,0.072,0.242,0.248,0.447,0.292,0.131,0.256,0.219,0.292,0.103,0.316,0.19,0.207,0.468,0.158,0.194,0.129,0.264,0.184,0.186,0.275,0.826,0.278,0.334,0.181,0.196,0.292,0.826,0.175,0.169,0.187,0.28,0.173,0.206,0.119,0.226,0.184,0.263,0.203,0.535,0.202,0.292,0.394,0.307,0.315,0.241,0.23,0.2,0.155,0.198,0.205,0.2,1.0,0.139,0.235,0.251,0.183,0.125,0.189,0.298,0.251,0.171,0.125,0.404,0.392,0.321,0.106,0.338,0.14,0.249,0.145
0.171,0.134,0.103,0.468,0.131,0.14,0.152,0.367,0.233,0.232,0.071,0.69,0.166,0.216,0.126,0.143,0.25,0.088,0.137,0.194,0.205,0.26,0.247,0.1,0.207,0.232,0.411,0.201,0.15,0.093,0.091,0.105,0.184,0.168,0.099,0.166,0.162,0.111,0.092,0.232,0.129,0.279,0.206,0.212,0.156,0.272,0.179,0.392,0.147,0.326,0.333,0.179,0.267,0.111,0.088,0.117,0.092,0.139,0.151,0.1,0.071,0.152,0.36,0.179,0.058,0.154,0.256,0.114,0.083,0.169,0.106,0.306,0.074,0.207,0.316,0.231,0.3,0.153,0.224,0.085,0.292,0.126,0.181,0.415,0.124,0.325,0.11,0.375,0.139,0.154,0.146,0.088,0.074,0.111,0.146,0.227,0.185,0.08,0.332,0.186,0.123,0.29,0.191,0.305,0.107,0.246,0.173,0.317,0.354,0.052,0.233,0.204,0.291,0.36,0.163,0.363,0.262,0.301,0.182,0.242,0.311,0.066,0.258,0.179,0.285,0.211,0.387,0.22,0.238,0.114,0.24,0.371,0.364,0.269,0.152,0.22,0.348,0.134,0.318,0.34,0.094,0.175,0.198,0.17,0.104,0.137,0.123,0.212,0.476,0.245,0.085,0.273,0.251,0.636,0.145,0.313,0.226,0.232,0.273,0.335,0.078,0.232,0.208,0.335,0.191,0.143,0.13,0.305,0.217,0.224,0.262,0.11,0.288,0.211,0.592,0.309,0.264,0.108,0.149,0.232,0.592,0.136,0.112,0.134,0.326,0.254,0.131,0.281,0.103,0.149,0.109,0.1,0.234,0.15,0.232,0.059,0.236,0.087,0.204,0.343,0.091,0.29,0.102,0.332,0.132,0.139,1.0,0.199,0.194,0.442,0.254,0.218,0.294,0.299,0.208,0.205,0.297,0.328,0.173,0.167,0.248,0.44,0.185,0.069
0.11,0.115,0.109,0.155,0.098,0.122,0.182,0.09,0.148,0.26,0.072,0.171,0.143,0.227,0.086,0.195,0.127,0.137,0.146,0.091,0.09,0.112,0.108,0.053,0.086,0.26,0.191,0.206,0.113,0.08,0.08,0.124,0.128,0.058,0.226,0.096,0.116,0.184,0.068,0.26,0.112,0.144,0.106,0.205,0.188,0.069,0.079,0.176,0.117,0.16,0.139,0.105,0.138,0.133,0.132,0.175,0.114,0.134,0.146,0.148,0.072,0.136,0.128,0.168,0.059,0.09,0.07,0.191,0.095,0.113,0.314,0.137,0.1,0.096,0.164,0.272,0.183,0.179,0.133,0.091,0.206,0.091,0.218,0.22,0.127,0.174,0.119,0.215,0.087,0.09,0.172,0.058,0.064,0.334,0.078,0.125,0.126,0.066,0.227,0.117,0.165,0.15,0.13,0.135,0.06,0.148,0.122,0.278,0.151,0.043,0.109,0.098,0.128,0.247,0.08,0.173,0.316,0.206,0.131,0.137,0.214,0.043,0.149,0.168,0.192,0.168,0.131,0.248,0.122,0.134,0.115,0.166,0.135,0.161,0.291,0.217,0.139,0.103,0.141,0.124,0.22,0.477,0.118,0.088,0.116,0.2,0.265,0.121,0.154,0.095,0.137,0.13,0.126,0.371,0.153,0.154,0.131,0.26,0.17,0.176,0.113,0.26,0.059,0.117,0.07,0.09,0.2,0.176,0.173,0.21,0.199,0.254,0.215,0.182,0.143,0.103,0.107,0.137,0.075,0.26,0.143,0.114,0.071,0.074,0.146,0.097,0.122,0.16,0.16,0.088,0.119,0.103,0.186,0.183,0.26,0.047,0.141,0.075,0.103,0.217,0.085,0.134,0.104,0.178,0.085,0.235,0.199,1.0,0.121,0.171,0.145,0.086,0.145,0.108,0.163,0.115,0.254,0.109,0.157,0.232,0.138,0.184,0.136,0.066
0.245,0.206,0.23,0.155,0.177,0.221,0.13,0.443,0.131,0.467,0.108,0.847,0.338,0.213,0.231,0.118,0.248,0.161,0.185,0.409,0.299,0.264,0.302,0.097,0.313,0.467,0.16,0.342,0.224,0.328,0.272,0.152,0.263,0.611,0.141,0.189,0.274,0.177,0.102,0.467,0.176,0.254,0.185,0.222,0.254,0.17,0.192,0.199,0.139,0.26,0.164,0.23,0.176,0.118,0.154,0.709,0.119,0.329,0.099,0.153,0.108,0.216,0.237,0.254,0.111,0.244,0.159,0.202,0.164,0.496,0.199,0.268,0.143,0.198,0.276,0.293,0.105,0.193,0.125,0.137,0.15,0.16,0.11,0.175,0.178,0.353,0.206,0.207,0.189,0.244,0.253,0.112,0.114,0.209,0.218,0.188,0.092,0.128,0.177,0.132,0.189,0.251,0.264,0.228,0.152,0.278,0.187,0.25,0.242,0.156,0.218,0.318,0.191,0.172,0.294,0.203,0.338,0.135,0.27,0.294,0.141,0.156,0.296,0.254,0.148,0.167,0.196,0.345,0.329,0.233,0.264,0.185,0.244,0.329,0.189,0.314,0.255,0.241,0.265,0.308,0.175,0.192,0.242,0.281,0.19,0.156,0.159,0.33,0.276,0.397,0.15,0.33,0.165,0.108,0.227,0.281,0.281,0.467,0.121,0.192,0.154,0.467,0.161,0.276,0.199,0.145,0.184,0.156,0.274,0.324,0.316,0.162,0.153,0.422,0.736,0.295,0.293,0.191,0.17,0.467,0.736,0.244,0.127,0.144,0.268,0.188,0.21,0.094,0.172,0.142,0.171,0.154,0.283,0.268,0.467,0.18,0.178,0.3,0.257,0.179,0.103,0.183,0.166,0.261,0.18,0.251,0.194,0.121,1.0,0.26,0.147,0.193,0.26,0.278,0.17,0.219,0.173,0.418,0.214,0.311,0.314,0.151,0.293,0.097
0.222,0.156,0.202,0.408,0.168,0.186,0.159,0.484,0.259,0.296,0.066,0.847,0.201,0.238,0.186,0.131,0.208,0.115,0.168,0.292,0.204,0.371,0.224,0.082,0.221,0.296,0.281,0.28,0.186,0.128,0.117,0.114,0.166,0.196,0.095,0.165,0.172,0.101,0.098,0.296,0.16,0.361,0.258,0.229,0.175,0.188,0.229,0.366,0.132,0.292,0.275,0.186,0.315,0.102,0.114,0.309,0.099,0.175,0.127,0.098,0.066,0.156,0.383,0.254,0.054,0.19,0.169,0.131,0.097,0.313,0.1,0.341,0.136,0.274,0.404,0.159,0.36,0.139,0.166,0.079,0.301,0.13,0.154,0.517,0.128,0.42,0.152,0.442,0.158,0.19,0.268,0.13,0.065,0.11,0.169,0.293,0.166,0.082,0.355,0.199,0.126,0.25,0.236,0.323,0.128,0.267,0.187,0.314,0.282,0.064,0.191,0.332,0.21,0.336,0.203,0.34,0.198,0.261,0.183,0.291,0.27,0.081,0.32,0.254,0.295,0.203,0.203,0.268,0.22,0.147,0.204,0.331,0.322,0.28,0.185,0.21,0.37,0.247,0.325,0.37,0.183,0.112,0.151,0.238,0.119,0.126,0.125,0.282,0.515,0.279,0.105,0.321,0.24,0.636,0.139,0.395,0.338,0.296,0.272,0.445,0.143,0.296,0.12,0.352,0.236,0.135,0.135,0.362,0.206,0.196,0.249,0.113,0.228,0.206,0.736,0.247,0.377,0.133,0.205,0.296,0.736,0.163,0.135,0.121,0.236,0.178,0.156,0.211,0.12,0.125,0.172,0.096,0.292,0.175,0.296,0.075,0.345,0.118,0.197,0.378,0.083,0.278,0.125,0.425,0.145,0.183,0.442,0.171,0.26,1.0,0.275,0.171,0.399,0.247,0.261,0.211,0.304,0.418,0.214,0.101,0.267,0.389,0.194,0.073
0.118,0.214,0.11,0.274,0.104,0.142,0.123,0.076,0.295,0.279,0.115,0.185,0.147,0.228,0.08,0.251,0.179,0.063,0.138,0.094,0.127,0.178,0.117,0.102,0.1,0.279,0.148,0.202,0.179,0.188,0.17,0.179,0.086,0.147,0.099,0.304,0.093,0.08,0.162,0.279,0.188,0.34,0.18,0.253,0.178,0.075,0.259,0.253,0.239,0.187,0.273,0.176,0.396,0.081,0.108,0.064,0.137,0.126,0.465,0.115,0.115,0.142,0.206,0.298,0.113,0.097,0.115,0.101,0.167,0.127,0.114,0.236,0.132,0.196,0.285,0.11,0.242,0.186,0.173,0.152,0.498,0.115,0.189,0.338,0.188,0.242,0.111,0.272,0.139,0.097,0.167,0.18,0.153,0.124,0.085,0.384,0.314,0.175,0.237,0.186,0.098,0.156,0.093,0.266,0.091,0.202,0.119,0.382,0.227,0.139,0.168,0.23,0.178,0.34,0.109,0.302,0.11,0.465,0.109,0.178,0.267,0.178,0.214,0.298,0.507,0.23,0.218,0.105,0.133,0.165,0.162,0.316,0.279,0.205,0.138,0.155,0.265,0.113,0.188,0.197,0.072,0.077,0.159,0.154,0.077,0.299,0.146,0.14,0.208,0.106,0.061,0.166,0.198,0.554,0.186,0.247,0.109,0.279,0.311,0.336,0.083,0.279,0.079,0.23,0.109,0.19,0.193,0.65,0.176,0.147,0.159,0.142,0.364,0.255,0.152,0.109,0.208,0.095,0.116,0.279,0.152,0.072,0.096,0.165,0.152,0.095,0.14,0.5,0.101,0.172,0.11,0.118,0.153,0.194,0.279,0.19,0.301,0.177,0.109,0.489,0.124,0.301,0.124,0.309,0.183,0.125,0.254,0.145,0.147,0.275,1.0,0.109,0.162,0.271,0.278,0.164,0.196,0.189,0.107,0.076,0.105,0.251,0.125,0.1
0.217,0.213,0.213,0.262,0.146,0.187,0.142,0.222,0.109,0.218,0.107,0.795,0.226,0.156,0.212,0.105,0.295,0.154,0.177,0.33,0.304,0.273,0.509,0.148,0.32,0.218,0.254,0.238,0.202,0.112,0.108,0.13,0.394,0.168,0.171,0.25,0.268,0.166,0.071,0.218,0.129,0.201,0.187,0.187,0.157,0.367,0.114,0.223,0.168,0.517,0.36,0.175,0.133,0.13,0.119,0.168,0.125,0.216,0.107,0.124,0.107,0.245,0.214,0.244,0.17,0.161,0.267,0.175,0.134,0.188,0.164,0.314,0.134,0.186,0.285,0.314,0.117,0.228,0.125,0.175,0.142,0.162,0.109,0.132,0.162,0.219,0.194,0.151,0.208,0.161,0.18,0.141,0.179,0.167,0.289,0.294,0.123,0.096,0.147,0.12,0.215,0.272,0.277,0.259,0.184,0.326,0.212,0.14,0.402,0.244,0.287,0.209,0.381,0.109,0.238,0.422,0.177,0.12,0.306,0.24,0.104,0.073,0.34,0.244,0.142,0.191,0.163,0.262,0.364,0.145,0.384,0.206,0.318,0.395,0.208,0.345,0.204,0.228,0.23,0.278,0.165,0.152,0.206,0.23,0.14,0.175,0.181,0.295,0.359,0.31,0.161,0.326,0.201,0.046,0.24,0.187,0.232,0.218,0.095,0.202,0.191,0.218,0.248,0.335,0.226,0.109,0.176,0.124,0.215,0.12,0.221,0.149,0.146,0.158,0.674,0.42,0.328,0.178,0.231,0.218,0.674,0.21,0.18,0.193,0.66,0.344,0.198,0.108,0.166,0.265,0.156,0.192,0.362,0.173,0.218,0.123,0.132,0.107,0.402,0.123,0.172,0.169,0.151,0.166,0.213,0.189,0.218,0.086,0.193,0.171,0.109,1.0,0.282,0.356,0.127,0.115,0.193,0.392,0.187,0.158,0.231,0.244,0.319,0.094
0.362,0.247,0.268,0.331,0.248,0.246,0.178,0.527,0.192,0.38,0.109,0.847,0.282,0.277,0.278,0.215,0.38,0.173,0.354,0.28,0.326,0.436,0.389,0.151,0.28,0.38,0.428,0.351,0.306,0.227,0.185,0.202,0.238,0.231,0.177,0.274,0.283,0.131,0.114,0.38,0.194,0.306,0.407,0.324,0.183,0.306,0.262,0.356,0.194,0.403,0.253,0.353,0.211,0.124,0.166,0.137,0.217,0.318,0.133,0.243,0.109,0.253,0.355,0.428,0.099,0.19,0.354,0.182,0.215,0.278,0.162,0.344,0.203,0.416,0.385,0.351,0.292,0.233,0.149,0.137,0.201,0.218,0.29,0.281,0.225,0.262,0.218,0.314,0.271,0.19,0.367,0.165,0.112,0.175,0.301,0.261,0.158,0.136,0.183,0.134,0.202,0.23,0.317,0.353,0.24,0.417,0.33,0.186,0.418,0.098,0.311,0.445,0.313,0.235,0.363,0.34,0.212,0.164,0.29,0.378,0.138,0.141,0.404,0.428,0.192,0.334,0.305,0.367,0.313,0.231,0.375,0.25,0.45,0.421,0.202,0.365,0.324,0.319,0.273,0.401,0.304,0.218,0.271,0.354,0.185,0.322,0.244,0.384,0.543,0.36,0.164,0.413,0.239,0.142,0.231,0.334,0.423,0.38,0.111,0.301,0.23,0.38,0.245,0.403,0.418,0.176,0.24,0.225,0.246,0.183,0.316,0.288,0.23,0.189,0.902,0.439,0.454,0.207,0.271,0.38,0.902,0.269,0.263,0.221,0.462,0.37,0.256,0.113,0.172,0.278,0.202,0.186,0.518,0.19,0.38,0.127,0.234,0.201,0.352,0.127,0.162,0.216,0.264,0.31,0.3,0.298,0.294,0.145,0.26,0.399,0.162,0.282,1.0,0.42,0.283,0.177,0.326,0.771,0.214,0.121,0.347,0.25,0.296,0.104
0.287,0.238,0.17,0.348,0.209,0.208,0.152,0.628,0.157,0.209,0.155,0.915,0.285,0.307,0.219,0.201,0.433,0.137,0.21,0.246,0.44,0.351,0.441,0.199,0.308,0.209,0.329,0.308,0.228,0.263,0.207,0.136,0.272,0.527,0.173,0.274,0.271,0.153,0.086,0.209,0.201,0.271,0.244,0.329,0.139,0.347,0.223,0.338,0.249,0.48,0.413,0.29,0.292,0.13,0.107,0.157,0.124,0.293,0.193,0.141,0.155,0.259,0.301,0.266,0.155,0.226,0.438,0.16,0.213,0.195,0.21,0.386,0.159,0.244,0.358,0.441,0.139,0.217,0.17,0.193,0.204,0.256,0.158,0.253,0.189,0.269,0.186,0.228,0.239,0.226,0.133,0.262,0.18,0.211,0.347,0.398,0.385,0.126,0.212,0.227,0.189,0.339,0.294,0.424,0.312,0.364,0.278,0.193,0.466,0.206,0.352,0.364,0.394,0.208,0.287,0.423,0.208,0.146,0.357,0.31,0.166,0.097,0.367,0.266,0.181,0.261,0.328,0.291,0.312,0.15,0.436,0.352,0.49,0.466,0.203,0.409,0.33,0.221,0.261,0.451,0.121,0.268,0.332,0.294,0.165,0.205,0.243,0.318,0.419,0.397,0.133,0.338,0.334,0.19,0.209,0.28,0.35,0.209,0.186,0.28,0.117,0.209,0.313,0.41,0.293,0.211,0.188,0.358,0.233,0.151,0.268,0.183,0.2,0.175,1.0,0.507,0.381,0.162,0.328,0.209,1.0,0.307,0.187,0.257,0.62,0.457,0.183,0.16,0.151,0.28,0.108,0.285,0.397,0.176,0.209,0.295,0.221,0.247,0.425,0.239,0.135,0.211,0.177,0.284,0.31,0.251,0.299,0.108,0.278,0.247,0.271,0.356,0.42,1.0,0.212,0.275,0.318,0.45,0.248,0.133,0.421,0.236,0.337,0.109
0.167,0.216,0.173,0.17,0.159,0.173,0.194,0.163,0.186,0.275,0.107,0.25,0.18,0.23,0.127,0.334,0.211,0.087,0.157,0.162,0.166,0.246,0.141,0.122,0.159,0.275,0.248,0.266,0.203,0.235,0.265,0.167,0.104,0.21,0.112,0.284,0.119,0.112,0.144,0.275,0.23,0.299,0.237,0.346,0.26,0.087,0.224,0.272,0.265,0.195,0.168,0.186,0.373,0.079,0.136,0.119,0.147,0.232,0.225,0.206,0.107,0.166,0.243,0.321,0.111,0.132,0.172,0.125,0.189,0.238,0.131,0.234,0.206,0.203,0.29,0.149,0.175,0.161,0.184,0.164,0.239,0.114,0.329,0.33,0.172,0.185,0.14,0.33,0.179,0.132,0.195,0.181,0.147,0.139,0.153,0.288,0.197,0.147,0.282,0.178,0.111,0.158,0.142,0.191,0.13,0.371,0.183,0.229,0.206,0.21,0.169,0.261,0.152,0.401,0.223,0.173,0.166,0.254,0.125,0.254,0.218,0.139,0.399,0.321,0.205,0.331,0.293,0.216,0.164,0.171,0.181,0.214,0.291,0.243,0.234,0.182,0.252,0.192,0.199,0.24,0.141,0.095,0.192,0.197,0.101,0.316,0.139,0.207,0.292,0.163,0.08,0.279,0.228,0.44,0.169,0.274,0.199,0.275,0.218,0.375,0.106,0.275,0.092,0.265,0.149,0.163,0.214,0.369,0.183,0.19,0.19,0.311,0.288,0.28,0.209,0.13,0.252,0.123,0.152,0.275,0.209,0.118,0.142,0.166,0.164,0.112,0.205,0.217,0.102,0.168,0.166,0.135,0.211,0.204,0.275,0.226,0.319,0.216,0.134,0.378,0.132,0.226,0.178,0.32,0.205,0.171,0.208,0.163,0.17,0.261,0.278,0.127,0.283,0.212,1.0,0.151,0.15,0.266,0.147,0.107,0.162,0.196,0.146,0.101
0.162,0.154,0.253,0.178,0.083,0.193,0.14,0.273,0.16,0.185,0.073,0.279,0.15,0.167,0.427,0.099,0.177,0.281,0.248,0.217,0.394,0.344,0.176,0.098,0.158,0.185,0.137,0.155,0.288,0.084,0.083,0.11,0.135,1.0,0.124,0.154,0.129,0.071,0.074,0.185,0.12,0.241,0.187,0.127,0.154,0.092,0.101,0.2,0.107,0.213,0.159,0.12,0.181,0.074,0.156,0.135,0.101,0.134,0.103,0.102,0.073,0.206,0.196,0.178,0.059,0.059,0.115,0.142,0.085,0.201,0.094,0.163,0.078,0.211,0.181,0.131,0.283,0.14,0.11,0.091,0.234,0.208,0.124,0.204,0.127,0.2,0.155,0.213,0.275,0.059,0.19,0.112,0.088,0.108,0.142,0.131,0.112,0.072,0.18,0.254,0.196,0.314,0.168,0.25,0.59,0.165,0.132,0.262,0.182,0.044,0.14,0.223,0.14,0.172,0.174,0.212,0.173,0.169,0.263,0.134,0.208,0.075,0.152,0.178,0.216,0.185,0.143,0.151,0.154,0.113,0.141,0.215,0.171,0.209,0.198,0.142,0.167,0.235,0.15,0.233,0.156,0.104,0.115,0.174,0.166,0.13,0.149,0.211,0.274,0.27,0.268,0.168,0.322,0.338,0.133,0.212,0.227,0.185,0.181,0.236,0.218,0.185,0.107,0.159,0.16,0.1,0.13,0.186,0.161,0.168,0.149,0.095,0.199,0.135,0.233,0.163,0.211,0.252,0.084,0.185,0.233,0.376,0.187,0.194,0.192,0.266,0.094,0.155,0.209,0.253,0.229,0.313,0.178,0.154,0.185,0.049,0.155,0.078,0.295,0.229,0.08,0.192,0.157,0.225,0.293,0.125,0.205,0.115,0.219,0.211,0.164,0.115,0.177,0.275,0.151,1.0,0.159,0.304,0.068,0.127,0.316,0.189,0.149,0.067
0.254,0.174,0.161,0.386,0.14,0.17,0.265,0.41,0.174,0.239,0.092,0.534,0.216,0.204,0.178,0.132,0.275,0.14,0.278,0.188,0.213,0.251,0.289,0.121,0.203,0.239,0.322,0.32,0.21,0.139,0.125,0.137,0.176,0.148,0.355,0.191,0.215,0.148,0.097,0.239,0.166,0.233,0.234,0.232,0.163,0.235,0.153,0.254,0.16,0.355,0.248,0.195,0.279,0.1,0.186,0.193,0.128,0.202,0.138,0.107,0.092,0.236,0.352,0.278,0.082,0.104,0.269,0.194,0.116,0.172,0.484,0.227,0.108,0.243,0.246,0.235,0.185,0.232,0.186,0.118,0.23,0.19,0.168,0.224,0.172,0.282,0.154,0.283,0.197,0.104,0.16,0.112,0.095,0.515,0.179,0.196,0.217,0.095,0.192,0.156,0.181,0.189,0.18,0.254,0.141,0.212,0.164,0.235,0.334,0.067,0.228,0.207,0.276,0.211,0.219,0.297,0.15,0.173,0.266,0.225,0.208,0.076,0.243,0.278,0.239,0.189,0.186,0.279,0.239,0.155,0.252,0.242,0.31,0.301,0.468,0.426,0.277,0.181,0.216,0.283,0.119,0.162,0.234,0.17,0.141,0.164,0.483,0.242,0.317,0.262,0.138,0.232,0.343,0.353,0.21,0.259,0.265,0.239,0.174,0.224,0.151,0.239,0.189,0.303,0.186,0.142,0.274,0.273,0.21,0.179,0.284,0.13,0.248,0.196,0.529,0.333,0.274,0.17,0.16,0.239,0.529,0.186,0.189,0.163,0.363,0.309,0.181,0.158,0.197,0.193,0.193,0.206,0.359,0.168,0.239,0.08,0.189,0.127,0.23,0.194,0.102,0.195,0.141,0.273,0.187,0.404,0.297,0.254,0.173,0.304,0.196,0.193,0.326,0.318,0.15,0.159,1.0,0.292,0.217,0.103,0.255,0.285,0.23,0.089
0.771,0.323,0.243,0.232,0.307,0.447,0.335,0.179,0.199,0.265,0.16,0.49,0.595,0.372,0.279,0.184,0.347,0.104,0.771,0.418,0.348,0.582,0.45,0.302,0.341,0.265,0.525,0.49,0.595,0.177,0.154,0.26,0.324,0.304,0.335,0.549,0.304,0.139,0.139,0.265,0.233,0.771,0.771,0.372,0.265,0.279,0.245,0.582,0.228,0.49,0.336,0.26,0.353,0.134,0.197,0.08,0.217,0.372,0.197,0.199,0.16,0.528,0.392,0.323,0.147,0.123,0.353,0.172,0.207,0.771,0.172,0.49,0.191,0.771,0.49,0.361,0.186,0.323,0.223,0.199,0.291,0.359,0.23,0.255,0.323,0.328,0.201,1.0,0.582,0.123,0.265,0.3,0.162,0.193,0.3,0.289,0.223,0.23,0.176,0.207,0.185,0.203,0.392,0.392,0.394,0.49,0.4,0.265,0.49,0.087,0.255,0.45,0.418,0.184,0.245,0.45,0.288,0.235,0.388,0.619,0.199,0.186,0.771,0.323,0.291,0.771,0.344,0.418,0.418,0.323,0.49,0.245,0.771,0.49,0.257,0.49,0.377,0.582,0.341,0.392,0.186,0.152,0.352,0.771,0.263,0.381,0.347,0.771,0.49,0.418,0.104,0.464,0.394,0.068,0.323,0.549,0.418,0.265,0.154,0.392,0.131,0.265,0.232,0.49,0.252,0.233,0.335,0.344,0.313,0.261,0.265,0.21,0.525,0.291,0.45,0.418,0.49,0.185,0.392,0.265,0.45,0.266,0.359,0.447,0.49,0.304,0.185,0.171,0.172,0.771,0.194,0.304,0.49,0.265,0.265,0.107,0.347,0.161,0.388,0.107,0.178,0.298,0.619,0.619,0.771,0.392,0.328,0.109,0.418,0.418,0.189,0.392,0.771,0.45,0.266,0.304,0.292,1.0,0.133,0.12,0.378,0.244,0.307,0.154
0.279,0.213,0.498,0.113,0.283,0.498,0.081,0.163,0.129,0.185,0.107,0.29,0.498,0.167,0.138,0.115,0.498,0.259,0.149,0.214,0.233,0.217,0.248,0.07,0.169,0.185,0.173,0.29,0.213,0.099,0.095,0.177,0.262,0.068,0.081,0.16,0.283,0.372,0.071,0.185,0.139,0.146,0.173,0.167,0.185,0.138,0.129,0.167,0.146,0.29,0.156,0.177,0.079,0.262,0.118,0.217,0.139,0.167,0.118,0.14,0.107,0.372,0.187,0.213,0.081,0.164,0.128,0.292,0.123,0.213,0.353,0.29,0.087,0.173,0.29,0.188,0.046,0.498,0.099,0.129,0.195,0.319,0.115,0.143,0.213,0.173,0.498,0.353,0.133,0.164,0.185,0.076,0.095,0.353,0.248,0.177,0.247,0.113,0.282,0.123,0.498,0.103,0.321,0.22,0.08,0.29,0.223,0.185,0.29,0.049,0.159,0.439,0.214,0.115,0.128,0.248,0.167,0.149,0.217,0.364,0.129,0.05,0.498,0.213,0.195,0.117,0.124,0.226,0.214,0.217,0.29,0.128,0.212,0.372,0.067,0.29,0.212,0.324,0.169,0.22,0.292,0.124,0.498,0.248,0.259,0.195,0.104,0.498,0.29,0.214,0.273,0.248,0.267,0.041,0.498,0.149,0.353,0.185,0.095,0.187,0.273,0.185,0.113,0.321,0.127,0.099,0.177,0.118,0.185,0.292,0.185,0.187,0.195,0.195,0.248,0.214,0.302,0.498,0.187,0.185,0.248,0.246,0.086,0.115,0.29,0.283,0.498,0.096,0.22,0.115,0.096,0.094,0.29,0.185,0.185,0.056,0.353,0.091,0.217,0.057,0.117,0.126,0.121,0.306,0.115,0.321,0.173,0.157,0.214,0.214,0.107,0.187,0.214,0.248,0.147,0.068,0.217,0.133,1.0,0.226,0.29,0.122,0.498,0.095
0.116,0.132,0.106,0.102,0.097,0.153,0.107,0.098,0.099,0.383,0.073,0.236,0.21,0.121,0.096,0.105,0.2,0.157,0.094,0.114,0.125,0.095,0.142,0.056,0.128,0.383,0.099,0.102,0.117,0.113,0.091,0.113,0.248,0.068,0.068,0.113,0.121,0.404,0.076,0.383,0.089,0.084,0.078,0.092,0.33,0.118,0.092,0.116,0.09,0.209,0.151,0.105,0.071,0.161,0.112,0.128,0.112,0.114,0.111,0.202,0.073,0.185,0.124,0.193,0.079,0.187,0.119,0.327,0.102,0.124,0.13,0.15,0.077,0.087,0.116,0.311,0.085,0.284,0.098,0.105,0.141,0.139,0.074,0.086,0.139,0.109,0.172,0.102,0.092,0.187,0.281,0.065,0.07,0.134,0.111,0.101,0.113,0.079,0.167,0.111,0.279,0.09,0.242,0.137,0.066,0.124,0.12,0.302,0.159,0.052,0.133,0.115,0.174,0.114,0.082,0.173,0.468,0.144,0.121,0.152,0.126,0.066,0.143,0.193,0.138,0.086,0.179,0.226,0.139,0.129,0.157,0.106,0.144,0.169,0.059,0.138,0.1,0.099,0.098,0.129,0.509,0.232,0.181,0.111,0.174,0.121,0.088,0.12,0.129,0.119,0.167,0.11,0.129,0.098,0.243,0.155,0.15,0.383,0.099,0.097,0.111,0.383,0.112,0.146,0.095,0.083,0.119,0.091,0.291,0.391,0.304,0.134,0.11,0.266,0.226,0.168,0.114,0.213,0.129,0.383,0.226,0.214,0.062,0.076,0.217,0.142,0.172,0.086,0.142,0.092,0.082,0.077,0.129,0.303,0.383,0.067,0.093,0.101,0.14,0.069,0.073,0.1,0.157,0.121,0.074,0.106,0.167,0.232,0.311,0.101,0.076,0.158,0.121,0.133,0.107,0.127,0.103,0.12,0.226,1.0,0.13,0.081,0.188,0.081
0.292,0.196,0.22,0.268,0.251,0.231,0.193,1.0,0.14,0.329,0.129,0.695,0.33,0.415,0.173,0.121,0.349,0.127,0.291,0.232,0.48,0.433,0.302,0.205,0.251,0.329,0.281,0.322,0.236,0.447,0.329,0.15,0.194,1.0,0.216,0.261,0.243,0.142,0.092,0.329,0.308,0.353,0.276,0.221,0.155,0.284,0.229,0.337,0.156,0.345,0.204,0.229,0.205,0.102,0.127,0.211,0.129,0.234,0.093,0.13,0.129,0.237,0.282,0.231,0.128,0.206,0.302,0.149,0.186,0.301,0.218,0.365,0.162,0.277,0.337,0.293,0.084,0.197,0.148,0.142,0.134,0.379,0.117,0.223,0.19,0.237,0.191,0.217,0.235,0.206,0.159,0.174,0.126,0.226,0.297,0.252,0.167,0.145,0.169,0.269,0.181,0.308,0.363,0.441,0.362,0.334,0.343,0.146,0.341,0.191,0.257,0.454,0.248,0.105,0.222,0.286,0.237,0.11,0.383,0.326,0.135,0.095,0.303,0.231,0.134,0.221,0.214,0.364,0.267,0.166,0.377,0.197,0.345,0.396,0.618,0.367,0.28,0.27,0.215,0.419,0.137,0.257,0.266,0.38,0.18,0.146,0.234,0.455,0.467,0.506,0.124,0.374,0.378,0.066,0.193,0.304,0.398,0.329,0.116,0.333,0.118,0.329,0.17,0.365,0.227,0.226,0.225,0.192,0.201,0.174,0.316,0.158,0.141,0.183,0.648,0.378,0.398,0.169,0.252,0.329,0.648,0.291,0.206,0.217,0.367,0.453,0.19,0.083,0.133,0.21,0.102,0.418,0.376,0.182,0.329,0.235,0.208,0.41,0.397,0.154,0.131,0.155,0.195,0.287,0.203,0.338,0.248,0.138,0.314,0.267,0.105,0.231,0.347,0.421,0.162,0.316,0.255,0.378,0.29,0.13,1.0,0.224,0.328,0.13
0.173,0.165,0.178,0.497,0.102,0.149,0.152,0.406,0.232,0.205,0.055,0.52,0.16,0.171,0.122,0.114,0.196,0.103,0.159,0.202,0.164,0.253,0.311,0.077,0.197,0.205,0.3,0.217,0.13,0.062,0.065,0.082,0.218,0.117,0.103,0.135,0.16,0.08,0.076,0.205,0.095,0.275,0.197,0.217,0.138,0.24,0.157,0.345,0.119,0.276,0.258,0.141,0.267,0.084,0.091,0.17,0.07,0.145,0.119,0.073,0.055,0.137,0.34,0.13,0.043,0.105,0.207,0.101,0.062,0.217,0.086,0.259,0.146,0.199,0.315,0.146,0.328,0.113,0.159,0.065,0.287,0.114,0.134,0.386,0.094,0.348,0.131,0.378,0.123,0.105,0.181,0.069,0.055,0.093,0.142,0.204,0.178,0.062,0.277,0.185,0.101,0.285,0.18,0.288,0.104,0.226,0.126,0.313,0.266,0.037,0.159,0.189,0.2,0.329,0.183,0.332,0.159,0.238,0.166,0.208,0.329,0.049,0.279,0.13,0.295,0.181,0.188,0.221,0.188,0.103,0.181,0.334,0.304,0.29,0.149,0.175,0.367,0.189,0.263,0.287,0.107,0.113,0.136,0.155,0.095,0.096,0.127,0.265,0.468,0.253,0.094,0.323,0.189,0.573,0.106,0.303,0.176,0.205,0.264,0.339,0.104,0.205,0.129,0.355,0.157,0.105,0.116,0.289,0.175,0.179,0.255,0.084,0.249,0.175,0.428,0.295,0.384,0.102,0.108,0.205,0.428,0.115,0.132,0.107,0.24,0.18,0.128,0.221,0.098,0.119,0.16,0.096,0.193,0.136,0.205,0.039,0.247,0.059,0.178,0.304,0.069,0.286,0.097,0.337,0.122,0.14,0.44,0.184,0.151,0.389,0.251,0.244,0.25,0.236,0.196,0.189,0.285,0.244,0.122,0.081,0.224,1.0,0.278,0.059
0.25,0.355,0.303,0.193,0.273,0.314,0.145,0.554,0.132,0.38,0.111,0.658,0.429,0.205,0.221,0.131,0.34,0.266,0.216,0.341,0.419,0.296,0.433,0.114,0.286,0.38,0.197,0.384,0.234,0.227,0.185,0.169,0.317,0.295,0.153,0.3,0.565,0.302,0.091,0.38,0.165,0.244,0.187,0.228,0.211,0.237,0.16,0.277,0.158,0.355,0.225,0.214,0.126,0.147,0.153,1.0,0.154,0.309,0.132,0.165,0.111,0.302,0.227,0.788,0.104,0.245,0.207,0.247,0.15,0.271,0.244,0.301,0.21,0.204,0.293,0.26,0.115,0.581,0.126,0.143,0.196,0.322,0.125,0.149,0.227,0.334,0.33,0.174,0.198,0.245,0.24,0.121,0.106,0.254,0.335,0.226,0.182,0.118,0.192,0.177,0.373,0.267,0.332,0.258,0.195,0.274,0.228,0.196,0.335,0.098,0.237,0.306,0.281,0.129,0.292,0.294,0.186,0.166,0.341,0.25,0.131,0.079,0.338,0.788,0.187,0.181,0.243,0.292,0.368,0.471,0.328,0.165,0.268,0.467,0.154,0.332,0.247,0.299,0.28,0.304,0.231,0.156,0.451,0.259,0.229,0.202,0.177,0.404,0.323,0.386,0.265,0.37,0.25,0.082,0.596,0.21,0.317,0.38,0.101,0.179,0.234,0.38,0.166,0.367,0.224,0.134,0.208,0.167,0.231,0.173,0.269,0.193,0.18,0.196,0.648,0.351,0.381,0.326,0.335,0.38,0.648,0.295,0.173,0.161,0.408,0.428,0.438,0.107,0.204,0.177,0.185,0.171,0.322,0.213,0.38,0.127,0.19,0.201,0.363,0.127,0.123,0.157,0.157,0.257,0.194,0.249,0.185,0.136,0.293,0.194,0.125,0.319,0.296,0.337,0.146,0.149,0.23,0.307,0.498,0.188,0.328,0.278,1.0,0.12
0.1,0.175,0.126,0.059,0.121,0.092,0.09,0.054,0.14,0.228,0.304,0.155,0.137,0.267,0.079,0.138,0.156,0.065,0.199,0.077,0.103,0.13,0.098,0.414,0.105,0.228,0.07,0.101,0.167,0.251,0.22,0.137,0.081,0.083,0.117,0.213,0.069,0.086,0.082,0.228,0.158,0.137,0.144,0.128,0.18,0.065,0.12,0.152,0.136,0.131,0.092,0.104,0.11,0.07,0.123,0.06,0.128,0.162,0.112,0.1,0.304,0.118,0.087,0.242,0.192,0.086,0.104,0.101,0.19,0.093,0.127,0.125,0.114,0.194,0.212,0.107,0.05,0.179,0.164,0.185,0.149,0.081,0.084,0.064,0.335,0.075,0.082,0.078,0.167,0.086,0.168,0.133,0.144,0.128,0.12,0.143,0.093,0.117,0.126,0.124,0.097,0.08,0.079,0.128,0.08,0.121,0.097,0.172,0.146,0.133,0.298,0.142,0.118,0.116,0.11,0.103,0.059,0.13,0.096,0.11,0.138,0.059,0.105,0.242,0.148,0.133,0.102,0.069,0.113,0.134,0.193,0.135,0.125,0.119,0.08,0.194,0.11,0.118,0.103,0.129,0.066,0.053,0.2,0.128,0.172,0.141,0.136,0.117,0.09,0.114,0.063,0.093,0.114,0.05,0.173,0.103,0.09,0.228,0.123,0.102,0.074,0.228,0.055,0.1,0.124,0.164,0.18,0.128,0.177,0.067,0.147,0.155,0.133,0.167,0.134,0.097,0.094,0.091,0.148,0.228,0.134,0.066,0.178,0.251,0.137,0.082,0.079,0.106,0.1,0.175,0.092,0.131,0.148,0.226,0.228,0.147,0.098,0.234,0.094,0.147,0.12,0.097,0.096,0.099,0.114,0.145,0.069,0.066,0.097,0.073,0.1,0.094,0.104,0.109,0.101,0.067,0.089,0.154,0.095,0.081,0.13,0.059,0.12,1.0
